index,ood_subset,current_branch,absent_assets,routed_skill,original_demo_ids,grounded_tier,grounded_demo_ids,grounded_top_similarity,graded_tier,graded_demo_ids,train_similarity_bar
0,bowl_missing,some_absent,"[""bowl""]",single_move_asset_to_target,"[3458,228,2781,1880,4735]",grounded,"[3458,228,2781,1880,4735]",0.7524831295013428,abstract,[],0.9034629464149475
1,plate_missing,some_absent,"[""plate""]",ensure_all_fruits_on_table,"[940,1197,398,1287,352]",grounded,"[940,1197,398,1287,352]",0.5748868584632874,abstract,[],0.9034629464149475
2,bowl_missing,some_absent,"[""bowl""]",ensure_all_fruits_on_table,"[38,416,548,2909,161]",grounded,"[38,416,548,2909,161]",0.6202490329742432,abstract,[],0.9034629464149475
3,plate_missing,some_absent,"[""plate""]",single_move_asset_to_target,"[3458,2781,1228,228,4064]",grounded,"[3458,2781,1228,228,4064]",0.7544512748718262,abstract,[],0.9034629464149475
4,plate_missing,some_absent,"[""plate""]",sequential_pick_two_and_place,"[583,2873,766,460,5685]",grounded,"[583,2873,766,460,5685]",0.5971207618713379,abstract,[],0.9034629464149475
5,bowl_missing,some_absent,"[""bowl""]",single_move_asset_to_target,"[3458,228,2781,1880,4735]",grounded,"[3458,228,2781,1880,4735]",0.7524831295013428,abstract,[],0.9034629464149475
6,bowl_missing,some_absent,"[""bowl""]",ensure_all_fruits_on_table,"[73,2780,57,1222,1428]",grounded,"[73,2780,57,1222,1428]",0.5554057359695435,abstract,[],0.9034629464149475
7,bowl_missing,some_absent,"[""bowl""]",ensure_all_fruits_on_table,"[1428,2075,56,383,1401]",grounded,"[1428,2075,56,383,1401]",0.5903847217559814,abstract,[],0.9034629464149475
8,plate_missing,some_absent,"[""plate""]",ensure_all_fruits_on_table,"[73,2780,57,1222,1428]",grounded,"[73,2780,57,1222,1428]",0.5554057359695435,abstract,[],0.9034629464149475
9,both_missing,some_absent,"[""bowl"",""plate""]",ensure_all_fruits_on_table,"[1401,2069,129,316,1428]",grounded,"[1401,2069,129,316,1428]",0.550321638584137,abstract,[],0.9034629464149475
10,bowl_missing,some_absent,"[""bowl""]",single_move_asset_to_target,"[3458,2781,228,225,6705]",grounded,"[3458,2781,228,225,6705]",0.7081499099731445,abstract,[],0.9034629464149475
11,plate_missing,some_absent,"[""plate""]",ensure_all_fruits_on_table,"[1401,2069,129,316,1428]",grounded,"[1401,2069,129,316,1428]",0.550321638584137,abstract,[],0.9034629464149475
12,bowl_missing,some_absent,"[""bowl""]",single_move_asset_to_target,"[3458,2781,228,225,6705]",grounded,"[3458,2781,228,225,6705]",0.7081499099731445,abstract,[],0.9034629464149475
13,both_missing,some_absent,"[""bowl"",""plate""]",sequential_pick_two_and_place,"[2700,2742,3597,2873,3152]",grounded,"[2700,2742,3597,2873,3152]",0.5883311033248901,abstract,[],0.9034629464149475
14,plate_missing,some_absent,"[""plate""]",ensure_all_fruits_on_table,"[73,2780,57,1222,1428]",grounded,"[73,2780,57,1222,1428]",0.5554057359695435,abstract,[],0.9034629464149475
15,bowl_missing,some_absent,"[""bowl""]",sequential_pick_two_and_place,"[2700,2742,3597,2873,3152]",grounded,"[2700,2742,3597,2873,3152]",0.5883311033248901,abstract,[],0.9034629464149475
16,bowl_missing,some_absent,"[""bowl""]",ensure_all_fruits_on_table,"[940,1197,398,1287,352]",grounded,"[940,1197,398,1287,352]",0.5748868584632874,abstract,[],0.9034629464149475
17,both_missing,some_absent,"[""bowl"",""plate""]",ensure_all_fruits_on_table,"[1401,2069,129,316,1428]",grounded,"[1401,2069,129,316,1428]",0.550321638584137,abstract,[],0.9034629464149475
18,plate_missing,some_absent,"[""plate""]",sequential_pick_two_and_place,"[583,2873,766,460,5685]",grounded,"[583,2873,766,460,5685]",0.5971207618713379,abstract,[],0.9034629464149475
19,both_missing,some_absent,"[""bowl"",""plate""]",sequential_pick_two_and_place,"[583,2873,766,460,5685]",grounded,"[583,2873,766,460,5685]",0.5971207618713379,abstract,[],0.9034629464149475
20,bowl_missing,some_absent,"[""bowl""]",sequential_pick_two_and_place,"[583,2873,766,460,5685]",grounded,"[583,2873,766,460,5685]",0.5971207618713379,abstract,[],0.9034629464149475
21,bowl_missing,some_absent,"[""bowl""]",ensure_all_fruits_on_table,"[1401,2069,129,316,1428]",grounded,"[1401,2069,129,316,1428]",0.550321638584137,abstract,[],0.9034629464149475
22,both_missing,some_absent,"[""bowl"",""plate""]",sequential_pick_two_and_place,"[2700,2742,3597,2873,3152]",grounded,"[2700,2742,3597,2873,3152]",0.5883311033248901,abstract,[],0.9034629464149475
23,plate_missing,some_absent,"[""plate""]",ensure_all_fruits_on_table,"[73,2780,57,1222,1428]",grounded,"[73,2780,57,1222,1428]",0.5554057359695435,abstract,[],0.9034629464149475
24,plate_missing,some_absent,"[""plate""]",ensure_all_fruits_on_table,"[1428,2075,56,383,1401]",grounded,"[1428,2075,56,383,1401]",0.5903847217559814,abstract,[],0.9034629464149475
25,both_missing,some_absent,"[""bowl"",""plate""]",single_move_asset_to_target,"[3458,228,2781,1880,4735]",grounded,"[3458,228,2781,1880,4735]",0.7524831295013428,abstract,[],0.9034629464149475
26,plate_missing,some_absent,"[""plate""]",ensure_all_fruits_on_table,"[1428,2075,56,383,1401]",grounded,"[1428,2075,56,383,1401]",0.5903847217559814,abstract,[],0.9034629464149475
27,plate_missing,some_absent,"[""plate""]",ensure_all_fruits_on_table,"[73,2780,57,1222,1428]",grounded,"[73,2780,57,1222,1428]",0.5554057359695435,abstract,[],0.9034629464149475
28,bowl_missing,some_absent,"[""bowl""]",ensure_all_fruits_on_table,"[1401,2069,129,316,1428]",grounded,"[1401,2069,129,316,1428]",0.550321638584137,abstract,[],0.9034629464149475
29,plate_missing,some_absent,"[""plate""]",ensure_all_fruits_on_table,"[940,1197,398,1287,352]",grounded,"[940,1197,398,1287,352]",0.5748868584632874,abstract,[],0.9034629464149475
30,plate_missing,some_absent,"[""plate""]",ensure_all_fruits_on_table,"[1401,2069,129,316,1428]",grounded,"[1401,2069,129,316,1428]",0.550321638584137,abstract,[],0.9034629464149475
31,bowl_missing,some_absent,"[""bowl""]",ensure_all_fruits_on_table,"[1401,2069,129,316,1428]",grounded,"[1401,2069,129,316,1428]",0.550321638584137,abstract,[],0.9034629464149475
32,both_missing,some_absent,"[""bowl"",""plate""]",sequential_pick_two_and_place,"[2700,2742,3597,2873,3152]",grounded,"[2700,2742,3597,2873,3152]",0.5883311033248901,abstract,[],0.9034629464149475
33,plate_missing,some_absent,"[""plate""]",ensure_all_fruits_on_table,"[38,416,548,2909,161]",grounded,"[38,416,548,2909,161]",0.6202490329742432,abstract,[],0.9034629464149475
34,bowl_missing,some_absent,"[""bowl""]",ensure_all_fruits_on_table,"[1401,2069,129,316,1428]",grounded,"[1401,2069,129,316,1428]",0.550321638584137,abstract,[],0.9034629464149475
35,bowl_missing,some_absent,"[""bowl""]",ensure_all_fruits_on_table,"[38,416,548,2909,161]",grounded,"[38,416,548,2909,161]",0.6202490329742432,abstract,[],0.9034629464149475
36,bowl_missing,some_absent,"[""bowl""]",ensure_all_fruits_on_table,"[940,1197,398,1287,352]",grounded,"[940,1197,398,1287,352]",0.5748868584632874,abstract,[],0.9034629464149475
37,plate_missing,some_absent,"[""plate""]",single_move_asset_to_target,"[3458,228,2781,1880,4735]",grounded,"[3458,228,2781,1880,4735]",0.7524831295013428,abstract,[],0.9034629464149475
38,both_missing,some_absent,"[""bowl"",""plate""]",sequential_pick_two_and_place,"[583,2873,766,460,5685]",grounded,"[583,2873,766,460,5685]",0.5971207618713379,abstract,[],0.9034629464149475
39,bowl_missing,some_absent,"[""bowl""]",ensure_all_fruits_on_table,"[1428,2075,56,383,1401]",grounded,"[1428,2075,56,383,1401]",0.5903847217559814,abstract,[],0.9034629464149475
40,bowl_missing,some_absent,"[""bowl""]",ensure_all_fruits_on_table,"[1428,2075,56,383,1401]",grounded,"[1428,2075,56,383,1401]",0.5903847217559814,abstract,[],0.9034629464149475
41,both_missing,some_absent,"[""bowl"",""plate""]",serve_bread_after_checking_cabinet,"[2767,3266,143,2943,245]",grounded,"[2767,3266,143,2943,245]",0.6213803291320801,abstract,[],0.9034629464149475
42,both_missing,some_absent,"[""bowl"",""plate""]",sequential_pick_two_and_place,"[2700,2742,3597,2873,3152]",grounded,"[2700,2742,3597,2873,3152]",0.5883311033248901,abstract,[],0.9034629464149475
43,both_missing,some_absent,"[""bowl"",""plate""]",sequential_pick_two_and_place,"[2700,2742,3597,2873,3152]",grounded,"[2700,2742,3597,2873,3152]",0.5883311033248901,abstract,[],0.9034629464149475
44,both_missing,some_absent,"[""bowl"",""plate""]",ensure_all_fruits_on_table,"[73,2780,57,1222,1428]",grounded,"[73,2780,57,1222,1428]",0.5554057359695435,abstract,[],0.9034629464149475
45,bowl_missing,some_absent,"[""bowl""]",ensure_all_fruits_on_table,"[1401,2069,129,316,1428]",grounded,"[1401,2069,129,316,1428]",0.550321638584137,abstract,[],0.9034629464149475
46,both_missing,some_absent,"[""bowl"",""plate""]",ensure_all_fruits_on_table,"[202,3660,398,1287,855]",grounded,"[202,3660,398,1287,855]",0.49803799390792847,abstract,[],0.9034629464149475
47,bowl_missing,some_absent,"[""bowl""]",ensure_all_fruits_on_table,"[1401,2069,129,316,1428]",grounded,"[1401,2069,129,316,1428]",0.550321638584137,abstract,[],0.9034629464149475
48,plate_missing,some_absent,"[""plate""]",ensure_all_fruits_on_table,"[38,416,548,2909,161]",grounded,"[38,416,548,2909,161]",0.6202490329742432,abstract,[],0.9034629464149475
49,bowl_missing,some_absent,"[""bowl""]",ensure_all_fruits_on_table,"[940,1197,398,1287,352]",grounded,"[940,1197,398,1287,352]",0.5748868584632874,abstract,[],0.9034629464149475
50,both_missing,some_absent,"[""bowl"",""plate""]",sequential_pick_two_and_place,"[2700,2742,3597,2873,3152]",grounded,"[2700,2742,3597,2873,3152]",0.5883311033248901,abstract,[],0.9034629464149475
51,bowl_missing,some_absent,"[""bowl""]",serve_bread_after_checking_cabinet,"[2767,3266,143,2943,245]",grounded,"[2767,3266,143,2943,245]",0.6213803291320801,abstract,[],0.9034629464149475
52,both_missing,some_absent,"[""bowl"",""plate""]",ensure_all_fruits_on_table,"[1428,2075,56,383,1401]",grounded,"[1428,2075,56,383,1401]",0.5903847217559814,abstract,[],0.9034629464149475
53,both_missing,some_absent,"[""bowl"",""plate""]",ensure_all_fruits_on_table,"[73,2780,57,1222,1428]",grounded,"[73,2780,57,1222,1428]",0.5554057359695435,abstract,[],0.9034629464149475
54,both_missing,some_absent,"[""bowl"",""plate""]",ensure_all_fruits_on_table,"[38,416,548,2909,161]",grounded,"[38,416,548,2909,161]",0.6202490329742432,abstract,[],0.9034629464149475
55,plate_missing,some_absent,"[""plate""]",ensure_all_fruits_on_table,"[1401,2069,129,316,1428]",grounded,"[1401,2069,129,316,1428]",0.550321638584137,abstract,[],0.9034629464149475
56,both_missing,some_absent,"[""bowl"",""plate""]",single_move_asset_to_target,"[3458,228,2781,1880,4735]",grounded,"[3458,228,2781,1880,4735]",0.7524831295013428,abstract,[],0.9034629464149475
57,both_missing,some_absent,"[""bowl"",""plate""]",single_move_asset_to_target,"[1571,3755,3365,1228,4735]",grounded,"[1571,3755,3365,1228,4735]",0.6041235327720642,abstract,[],0.9034629464149475
58,plate_missing,some_absent,"[""plate""]",ensure_all_fruits_on_table,"[73,2780,57,1222,1428]",grounded,"[73,2780,57,1222,1428]",0.5554057359695435,abstract,[],0.9034629464149475
59,both_missing,some_absent,"[""bowl"",""plate""]",ensure_all_fruits_on_table,"[1401,2069,129,316,1428]",grounded,"[1401,2069,129,316,1428]",0.550321638584137,abstract,[],0.9034629464149475
60,both_missing,some_absent,"[""bowl"",""plate""]",sequential_pick_two_and_place,"[2700,2742,3597,2873,3152]",grounded,"[2700,2742,3597,2873,3152]",0.5883311033248901,abstract,[],0.9034629464149475
61,plate_missing,some_absent,"[""plate""]",single_move_asset_to_target,"[1571,3755,3365,1228,4735]",grounded,"[1571,3755,3365,1228,4735]",0.6041235327720642,abstract,[],0.9034629464149475
62,both_missing,some_absent,"[""bowl"",""plate""]",ensure_all_fruits_on_table,"[73,2780,57,1222,1428]",grounded,"[73,2780,57,1222,1428]",0.5554057359695435,abstract,[],0.9034629464149475
63,plate_missing,some_absent,"[""plate""]",ensure_all_fruits_on_table,"[1401,2069,129,316,1428]",grounded,"[1401,2069,129,316,1428]",0.550321638584137,abstract,[],0.9034629464149475
64,bowl_missing,some_absent,"[""bowl""]",ensure_all_fruits_on_table,"[38,416,548,2909,161]",grounded,"[38,416,548,2909,161]",0.6202490329742432,abstract,[],0.9034629464149475
65,plate_missing,some_absent,"[""plate""]",ensure_all_fruits_on_table,"[1401,2069,129,316,1428]",grounded,"[1401,2069,129,316,1428]",0.550321638584137,abstract,[],0.9034629464149475
66,plate_missing,some_absent,"[""plate""]",serve_bread_after_checking_cabinet,"[2767,3266,143,2943,245]",grounded,"[2767,3266,143,2943,245]",0.6213803291320801,abstract,[],0.9034629464149475
67,bowl_missing,some_absent,"[""bowl""]",ensure_all_fruits_on_table,"[1428,2075,56,383,1401]",grounded,"[1428,2075,56,383,1401]",0.5903847217559814,abstract,[],0.9034629464149475
68,bowl_missing,some_absent,"[""bowl""]",sequential_pick_two_and_place,"[583,2873,766,460,5685]",grounded,"[583,2873,766,460,5685]",0.5971207618713379,abstract,[],0.9034629464149475
69,bowl_missing,some_absent,"[""bowl""]",single_move_asset_to_target,"[1571,3755,3365,1228,4735]",grounded,"[1571,3755,3365,1228,4735]",0.6041235327720642,abstract,[],0.9034629464149475
70,bowl_missing,some_absent,"[""bowl""]",ensure_all_fruits_on_table,"[73,2780,57,1222,1428]",grounded,"[73,2780,57,1222,1428]",0.5554057359695435,abstract,[],0.9034629464149475
71,bowl_missing,some_absent,"[""bowl""]",sequential_pick_two_and_place,"[583,2873,766,460,5685]",grounded,"[583,2873,766,460,5685]",0.5971207618713379,abstract,[],0.9034629464149475
72,both_missing,some_absent,"[""bowl"",""plate""]",single_move_asset_to_target,"[1571,3755,3365,1228,4735]",grounded,"[1571,3755,3365,1228,4735]",0.6041235327720642,abstract,[],0.9034629464149475
73,plate_missing,some_absent,"[""plate""]",ensure_all_fruits_on_table,"[940,1197,398,1287,352]",grounded,"[940,1197,398,1287,352]",0.5748868584632874,abstract,[],0.9034629464149475
74,plate_missing,some_absent,"[""plate""]",ensure_all_fruits_on_table,"[1401,2069,129,316,1428]",grounded,"[1401,2069,129,316,1428]",0.550321638584137,abstract,[],0.9034629464149475
75,plate_missing,some_absent,"[""plate""]",ensure_all_fruits_on_table,"[1401,2069,129,316,1428]",grounded,"[1401,2069,129,316,1428]",0.550321638584137,abstract,[],0.9034629464149475
76,both_missing,some_absent,"[""bowl"",""plate""]",single_move_asset_to_target,"[3458,228,2781,1880,4735]",grounded,"[3458,228,2781,1880,4735]",0.7524831295013428,abstract,[],0.9034629464149475
77,bowl_missing,some_absent,"[""bowl""]",single_move_asset_to_target,"[3458,2781,1228,228,4064]",grounded,"[3458,2781,1228,228,4064]",0.7544512748718262,abstract,[],0.9034629464149475
78,plate_missing,some_absent,"[""plate""]",ensure_all_fruits_on_table,"[1401,2069,129,316,1428]",grounded,"[1401,2069,129,316,1428]",0.550321638584137,abstract,[],0.9034629464149475
79,both_missing,some_absent,"[""bowl"",""plate""]",sequential_pick_two_and_place,"[2700,2742,3597,2873,3152]",grounded,"[2700,2742,3597,2873,3152]",0.5883311033248901,abstract,[],0.9034629464149475
80,plate_missing,some_absent,"[""plate""]",ensure_all_fruits_on_table,"[1401,2069,129,316,1428]",grounded,"[1401,2069,129,316,1428]",0.550321638584137,abstract,[],0.9034629464149475
81,bowl_missing,some_absent,"[""bowl""]",sequential_pick_two_and_place,"[2700,2742,3597,2873,3152]",grounded,"[2700,2742,3597,2873,3152]",0.5883311033248901,abstract,[],0.9034629464149475
82,plate_missing,some_absent,"[""plate""]",sequential_pick_two_and_place,"[583,2873,766,460,5685]",grounded,"[583,2873,766,460,5685]",0.5971207618713379,abstract,[],0.9034629464149475
83,plate_missing,some_absent,"[""plate""]",ensure_all_fruits_on_table,"[38,416,548,2909,161]",grounded,"[38,416,548,2909,161]",0.6202490329742432,abstract,[],0.9034629464149475
84,both_missing,some_absent,"[""bowl"",""plate""]",ensure_all_fruits_on_table,"[1428,2075,56,383,1401]",grounded,"[1428,2075,56,383,1401]",0.5903847217559814,abstract,[],0.9034629464149475
85,bowl_missing,some_absent,"[""bowl""]",ensure_all_fruits_on_table,"[38,416,548,2909,161]",grounded,"[38,416,548,2909,161]",0.6202490329742432,abstract,[],0.9034629464149475
86,both_missing,some_absent,"[""bowl"",""plate""]",sequential_pick_two_and_place,"[583,2873,766,460,5685]",grounded,"[583,2873,766,460,5685]",0.5971207618713379,abstract,[],0.9034629464149475
87,plate_missing,some_absent,"[""plate""]",ensure_all_fruits_on_table,"[1401,2069,129,316,1428]",grounded,"[1401,2069,129,316,1428]",0.550321638584137,abstract,[],0.9034629464149475
88,plate_missing,some_absent,"[""plate""]",serve_bread_after_checking_cabinet,"[2767,3266,143,2943,245]",grounded,"[2767,3266,143,2943,245]",0.6213803291320801,abstract,[],0.9034629464149475
89,both_missing,some_absent,"[""bowl"",""plate""]",serve_bread_after_checking_cabinet,"[2767,3266,143,2943,245]",grounded,"[2767,3266,143,2943,245]",0.6213803291320801,abstract,[],0.9034629464149475
90,both_missing,some_absent,"[""bowl"",""plate""]",serve_bread_after_checking_cabinet,"[2767,3266,143,2943,245]",grounded,"[2767,3266,143,2943,245]",0.6213803291320801,abstract,[],0.9034629464149475
91,plate_missing,some_absent,"[""plate""]",ensure_all_fruits_on_table,"[38,416,548,2909,161]",grounded,"[38,416,548,2909,161]",0.6202490329742432,abstract,[],0.9034629464149475
92,plate_missing,some_absent,"[""plate""]",ensure_all_fruits_on_table,"[940,1197,398,1287,352]",grounded,"[940,1197,398,1287,352]",0.5748868584632874,abstract,[],0.9034629464149475
93,plate_missing,some_absent,"[""plate""]",ensure_all_fruits_on_table,"[1401,2069,129,316,1428]",grounded,"[1401,2069,129,316,1428]",0.550321638584137,abstract,[],0.9034629464149475
94,both_missing,some_absent,"[""bowl"",""plate""]",single_move_asset_to_target,"[3458,228,2781,1880,4735]",grounded,"[3458,228,2781,1880,4735]",0.7524831295013428,abstract,[],0.9034629464149475
95,plate_missing,some_absent,"[""plate""]",ensure_all_fruits_on_table,"[38,416,548,2909,161]",grounded,"[38,416,548,2909,161]",0.6202490329742432,abstract,[],0.9034629464149475
96,plate_missing,some_absent,"[""plate""]",sequential_pick_two_and_place,"[583,2873,766,460,5685]",grounded,"[583,2873,766,460,5685]",0.5971207618713379,abstract,[],0.9034629464149475
97,both_missing,some_absent,"[""bowl"",""plate""]",ensure_all_fruits_on_table,"[1401,2069,129,316,1428]",grounded,"[1401,2069,129,316,1428]",0.550321638584137,abstract,[],0.9034629464149475
98,plate_missing,some_absent,"[""plate""]",ensure_all_fruits_on_table,"[940,1197,398,1287,352]",grounded,"[940,1197,398,1287,352]",0.5748868584632874,abstract,[],0.9034629464149475
99,bowl_missing,some_absent,"[""bowl""]",sequential_pick_two_and_place,"[2700,2742,3597,2873,3152]",grounded,"[2700,2742,3597,2873,3152]",0.5883311033248901,abstract,[],0.9034629464149475
100,bowl_missing,some_absent,"[""bowl""]",sequential_pick_two_and_place,"[2700,2742,3597,2873,3152]",grounded,"[2700,2742,3597,2873,3152]",0.5883311033248901,abstract,[],0.9034629464149475
101,bowl_missing,some_absent,"[""bowl""]",ensure_all_fruits_on_table,"[73,2780,57,1222,1428]",grounded,"[73,2780,57,1222,1428]",0.5554057359695435,abstract,[],0.9034629464149475
102,both_missing,some_absent,"[""bowl"",""plate""]",ensure_all_fruits_on_table,"[38,416,548,2909,161]",grounded,"[38,416,548,2909,161]",0.6202490329742432,abstract,[],0.9034629464149475
103,both_missing,some_absent,"[""bowl"",""plate""]",ensure_all_fruits_on_table,"[1401,2069,129,316,1428]",grounded,"[1401,2069,129,316,1428]",0.550321638584137,abstract,[],0.9034629464149475
104,bowl_missing,some_absent,"[""bowl""]",single_move_asset_to_target,"[1571,3755,3365,1228,4735]",grounded,"[1571,3755,3365,1228,4735]",0.6041235327720642,abstract,[],0.9034629464149475
105,plate_missing,some_absent,"[""plate""]",single_move_asset_to_target,"[1571,3755,3365,1228,4735]",grounded,"[1571,3755,3365,1228,4735]",0.6041235327720642,abstract,[],0.9034629464149475
106,plate_missing,some_absent,"[""plate""]",serve_bread_after_checking_cabinet,"[2767,3266,143,2943,245]",grounded,"[2767,3266,143,2943,245]",0.6213803291320801,abstract,[],0.9034629464149475
107,both_missing,some_absent,"[""bowl"",""plate""]",ensure_all_fruits_on_table,"[38,416,548,2909,161]",grounded,"[38,416,548,2909,161]",0.6202490329742432,abstract,[],0.9034629464149475
108,plate_missing,some_absent,"[""plate""]",ensure_all_fruits_on_table,"[940,1197,398,1287,352]",grounded,"[940,1197,398,1287,352]",0.5748868584632874,abstract,[],0.9034629464149475
109,bowl_missing,some_absent,"[""bowl""]",ensure_all_fruits_on_table,"[202,3660,398,1287,855]",grounded,"[202,3660,398,1287,855]",0.49803799390792847,abstract,[],0.9034629464149475
110,plate_missing,some_absent,"[""plate""]",ensure_all_fruits_on_table,"[1401,2069,129,316,1428]",grounded,"[1401,2069,129,316,1428]",0.550321638584137,abstract,[],0.9034629464149475
111,plate_missing,some_absent,"[""plate""]",dog_check_environment,"[1856,95,1959,659,1099]",abstract,[],,abstract,[],0.9034629464149475
112,bowl_missing,some_absent,"[""bowl""]",single_move_asset_to_target,"[3458,2781,228,225,6705]",grounded,"[3458,2781,228,225,6705]",0.7081499099731445,abstract,[],0.9034629464149475
113,plate_missing,some_absent,"[""plate""]",single_move_asset_to_target,"[1571,3755,3365,1228,4735]",grounded,"[1571,3755,3365,1228,4735]",0.6041235327720642,abstract,[],0.9034629464149475
114,both_missing,some_absent,"[""bowl"",""plate""]",dog_check_environment,"[1856,95,1959,659,1099]",abstract,[],,abstract,[],0.9034629464149475
115,plate_missing,some_absent,"[""plate""]",single_move_asset_to_target,"[1571,3755,3365,1228,4735]",grounded,"[1571,3755,3365,1228,4735]",0.6041235327720642,abstract,[],0.9034629464149475
116,both_missing,some_absent,"[""bowl"",""plate""]",ensure_all_fruits_on_table,"[1401,2069,129,316,1428]",grounded,"[1401,2069,129,316,1428]",0.550321638584137,abstract,[],0.9034629464149475
117,plate_missing,some_absent,"[""plate""]",serve_bread_after_checking_cabinet,"[2767,3266,143,2943,245]",grounded,"[2767,3266,143,2943,245]",0.6213803291320801,abstract,[],0.9034629464149475
118,both_missing,some_absent,"[""bowl"",""plate""]",single_move_asset_to_target,"[1571,3755,3365,1228,4735]",grounded,"[1571,3755,3365,1228,4735]",0.6041235327720642,abstract,[],0.9034629464149475
119,bowl_missing,some_absent,"[""bowl""]",single_move_asset_to_target,"[1571,3755,3365,1228,4735]",grounded,"[1571,3755,3365,1228,4735]",0.6041235327720642,abstract,[],0.9034629464149475
120,plate_missing,some_absent,"[""plate""]",serve_bread_after_checking_cabinet,"[2767,3266,143,2943,245]",grounded,"[2767,3266,143,2943,245]",0.6213803291320801,abstract,[],0.9034629464149475
121,both_missing,some_absent,"[""bowl"",""plate""]",single_move_asset_to_target,"[1571,3755,3365,1228,4735]",grounded,"[1571,3755,3365,1228,4735]",0.6041235327720642,abstract,[],0.9034629464149475
122,both_missing,some_absent,"[""bowl"",""plate""]",ensure_all_fruits_on_table,"[1401,2069,129,316,1428]",grounded,"[1401,2069,129,316,1428]",0.550321638584137,abstract,[],0.9034629464149475
123,both_missing,some_absent,"[""bowl"",""plate""]",serve_bread_after_checking_cabinet,"[2767,3266,143,2943,245]",grounded,"[2767,3266,143,2943,245]",0.6213803291320801,abstract,[],0.9034629464149475
124,plate_missing,some_absent,"[""plate""]",single_move_asset_to_target,"[3458,2781,228,225,6705]",grounded,"[3458,2781,228,225,6705]",0.7081499099731445,abstract,[],0.9034629464149475
125,plate_missing,some_absent,"[""plate""]",ensure_all_fruits_on_table,"[1428,2075,56,383,1401]",grounded,"[1428,2075,56,383,1401]",0.5903847217559814,abstract,[],0.9034629464149475
126,plate_missing,some_absent,"[""plate""]",dog_check_environment,"[1856,95,1959,659,1099]",abstract,[],,abstract,[],0.9034629464149475
127,bowl_missing,some_absent,"[""bowl""]",ensure_all_fruits_on_table,"[73,2780,57,1222,1428]",grounded,"[73,2780,57,1222,1428]",0.5554057359695435,abstract,[],0.9034629464149475
128,plate_missing,some_absent,"[""plate""]",serve_bread_after_checking_cabinet,"[2767,3266,143,2943,245]",grounded,"[2767,3266,143,2943,245]",0.6213803291320801,abstract,[],0.9034629464149475
129,plate_missing,some_absent,"[""plate""]",ensure_all_fruits_on_table,"[1401,2069,129,316,1428]",grounded,"[1401,2069,129,316,1428]",0.550321638584137,abstract,[],0.9034629464149475
130,both_missing,some_absent,"[""bowl"",""plate""]",ensure_all_fruits_on_table,"[1401,2069,129,316,1428]",grounded,"[1401,2069,129,316,1428]",0.550321638584137,abstract,[],0.9034629464149475
131,plate_missing,some_absent,"[""plate""]",single_move_asset_to_target,"[1571,3755,3365,1228,4735]",grounded,"[1571,3755,3365,1228,4735]",0.6041235327720642,abstract,[],0.9034629464149475
132,both_missing,some_absent,"[""bowl"",""plate""]",sequential_pick_two_and_place,"[583,2873,766,460,5685]",grounded,"[583,2873,766,460,5685]",0.5971207618713379,abstract,[],0.9034629464149475
133,bowl_missing,some_absent,"[""bowl""]",serve_bread_after_checking_cabinet,"[2767,3266,143,2943,245]",grounded,"[2767,3266,143,2943,245]",0.6213803291320801,abstract,[],0.9034629464149475
134,plate_missing,some_absent,"[""plate""]",ensure_all_fruits_on_table,"[73,2780,57,1222,1428]",grounded,"[73,2780,57,1222,1428]",0.5554057359695435,abstract,[],0.9034629464149475
135,both_missing,some_absent,"[""bowl"",""plate""]",sequential_pick_two_and_place,"[583,2873,766,460,5685]",grounded,"[583,2873,766,460,5685]",0.5971207618713379,abstract,[],0.9034629464149475
136,plate_missing,some_absent,"[""plate""]",single_move_asset_to_target,"[3458,2781,228,225,6705]",grounded,"[3458,2781,228,225,6705]",0.7081499099731445,abstract,[],0.9034629464149475
137,both_missing,some_absent,"[""bowl"",""plate""]",ensure_all_fruits_on_table,"[1428,2075,56,383,1401]",grounded,"[1428,2075,56,383,1401]",0.5903847217559814,abstract,[],0.9034629464149475
138,plate_missing,some_absent,"[""plate""]",ensure_all_fruits_on_table,"[38,416,548,2909,161]",grounded,"[38,416,548,2909,161]",0.6202490329742432,abstract,[],0.9034629464149475
139,plate_missing,some_absent,"[""plate""]",ensure_all_fruits_on_table,"[38,416,548,2909,161]",grounded,"[38,416,548,2909,161]",0.6202490329742432,abstract,[],0.9034629464149475
140,plate_missing,some_absent,"[""plate""]",ensure_all_fruits_on_table,"[73,2780,57,1222,1428]",grounded,"[73,2780,57,1222,1428]",0.5554057359695435,abstract,[],0.9034629464149475
141,both_missing,some_absent,"[""bowl"",""plate""]",single_move_asset_to_target,"[3458,2781,228,225,6705]",grounded,"[3458,2781,228,225,6705]",0.7081499099731445,abstract,[],0.9034629464149475
142,bowl_missing,some_absent,"[""bowl""]",single_move_asset_to_target,"[1571,3755,3365,1228,4735]",grounded,"[1571,3755,3365,1228,4735]",0.6041235327720642,abstract,[],0.9034629464149475
143,both_missing,some_absent,"[""bowl"",""plate""]",serve_bread_after_checking_cabinet,"[2767,3266,143,2943,245]",grounded,"[2767,3266,143,2943,245]",0.6213803291320801,abstract,[],0.9034629464149475
144,plate_missing,some_absent,"[""plate""]",ensure_all_fruits_on_table,"[1428,2075,56,383,1401]",grounded,"[1428,2075,56,383,1401]",0.5903847217559814,abstract,[],0.9034629464149475
145,both_missing,some_absent,"[""bowl"",""plate""]",ensure_all_fruits_on_table,"[73,2780,57,1222,1428]",grounded,"[73,2780,57,1222,1428]",0.5554057359695435,abstract,[],0.9034629464149475
146,both_missing,some_absent,"[""bowl"",""plate""]",single_move_asset_to_target,"[3458,2781,228,225,6705]",grounded,"[3458,2781,228,225,6705]",0.7081499099731445,abstract,[],0.9034629464149475
147,both_missing,some_absent,"[""bowl"",""plate""]",serve_bread_after_checking_cabinet,"[2767,3266,143,2943,245]",grounded,"[2767,3266,143,2943,245]",0.6213803291320801,abstract,[],0.9034629464149475
148,plate_missing,some_absent,"[""plate""]",dog_check_environment,"[1856,95,1959,659,1099]",abstract,[],,abstract,[],0.9034629464149475
149,bowl_missing,some_absent,"[""bowl""]",single_move_asset_to_target,"[3458,228,2781,1880,4735]",grounded,"[3458,228,2781,1880,4735]",0.7524831295013428,abstract,[],0.9034629464149475
150,both_missing,some_absent,"[""bowl"",""plate""]",single_move_asset_to_target,"[3458,2781,228,225,6705]",grounded,"[3458,2781,228,225,6705]",0.7081499099731445,abstract,[],0.9034629464149475
151,plate_missing,some_absent,"[""plate""]",ensure_all_fruits_on_table,"[1401,2069,129,316,1428]",grounded,"[1401,2069,129,316,1428]",0.550321638584137,abstract,[],0.9034629464149475
152,bowl_missing,some_absent,"[""bowl""]",dog_check_environment,"[1856,95,1959,659,1099]",abstract,[],,abstract,[],0.9034629464149475
153,plate_missing,some_absent,"[""plate""]",sequential_pick_two_and_place,"[583,2873,766,460,5685]",grounded,"[583,2873,766,460,5685]",0.5971207618713379,abstract,[],0.9034629464149475
154,both_missing,some_absent,"[""bowl"",""plate""]",single_move_asset_to_target,"[3458,228,2781,1880,4735]",grounded,"[3458,228,2781,1880,4735]",0.7524831295013428,abstract,[],0.9034629464149475
155,bowl_missing,some_absent,"[""bowl""]",single_move_asset_to_target,"[3458,228,2781,1880,4735]",grounded,"[3458,228,2781,1880,4735]",0.7524831295013428,abstract,[],0.9034629464149475
156,both_missing,some_absent,"[""bowl"",""plate""]",single_move_asset_to_target,"[3458,2781,228,225,6705]",grounded,"[3458,2781,228,225,6705]",0.7081499099731445,abstract,[],0.9034629464149475
157,bowl_missing,some_absent,"[""bowl""]",serve_bread_after_checking_cabinet,"[2767,3266,143,2943,245]",grounded,"[2767,3266,143,2943,245]",0.6213803291320801,abstract,[],0.9034629464149475
158,plate_missing,some_absent,"[""plate""]",serve_bread_after_checking_cabinet,"[2767,3266,143,2943,245]",grounded,"[2767,3266,143,2943,245]",0.6213803291320801,abstract,[],0.9034629464149475
159,plate_missing,some_absent,"[""plate""]",serve_bread_after_checking_cabinet,"[2767,3266,143,2943,245]",grounded,"[2767,3266,143,2943,245]",0.6213803291320801,abstract,[],0.9034629464149475
160,bowl_missing,some_absent,"[""bowl""]",single_move_asset_to_target,"[3458,228,2781,1880,4735]",grounded,"[3458,228,2781,1880,4735]",0.7524831295013428,abstract,[],0.9034629464149475
161,plate_missing,some_absent,"[""plate""]",dog_check_environment,"[1856,95,1959,659,1099]",abstract,[],,abstract,[],0.9034629464149475
162,plate_missing,some_absent,"[""plate""]",serve_bread_after_checking_cabinet,"[2767,3266,143,2943,245]",grounded,"[2767,3266,143,2943,245]",0.6213803291320801,abstract,[],0.9034629464149475
163,both_missing,some_absent,"[""bowl"",""plate""]",single_move_asset_to_target,"[3458,2781,228,225,6705]",grounded,"[3458,2781,228,225,6705]",0.7081499099731445,abstract,[],0.9034629464149475
164,plate_missing,some_absent,"[""plate""]",serve_bread_after_checking_cabinet,"[2767,3266,143,2943,245]",grounded,"[2767,3266,143,2943,245]",0.6213803291320801,abstract,[],0.9034629464149475
165,both_missing,some_absent,"[""bowl"",""plate""]",ensure_all_fruits_on_table,"[73,2780,57,1222,1428]",grounded,"[73,2780,57,1222,1428]",0.5554057359695435,abstract,[],0.9034629464149475
166,plate_missing,some_absent,"[""plate""]",single_move_asset_to_target,"[3458,228,2781,1880,4735]",grounded,"[3458,228,2781,1880,4735]",0.7524831295013428,abstract,[],0.9034629464149475
167,both_missing,some_absent,"[""bowl"",""plate""]",single_move_asset_to_target,"[3458,2781,228,225,6705]",grounded,"[3458,2781,228,225,6705]",0.7081499099731445,abstract,[],0.9034629464149475
168,plate_missing,some_absent,"[""plate""]",serve_bread_after_checking_cabinet,"[2767,3266,143,2943,245]",grounded,"[2767,3266,143,2943,245]",0.6213803291320801,abstract,[],0.9034629464149475
169,bowl_missing,some_absent,"[""bowl""]",single_move_asset_to_target,"[3458,2781,228,225,6705]",grounded,"[3458,2781,228,225,6705]",0.7081499099731445,abstract,[],0.9034629464149475
170,both_missing,some_absent,"[""bowl"",""plate""]",single_move_asset_to_target,"[3458,2781,228,225,6705]",grounded,"[3458,2781,228,225,6705]",0.7081499099731445,abstract,[],0.9034629464149475
171,both_missing,some_absent,"[""bowl"",""plate""]",single_move_asset_to_target,"[1571,3755,3365,1228,4735]",grounded,"[1571,3755,3365,1228,4735]",0.6041235327720642,abstract,[],0.9034629464149475
172,plate_missing,some_absent,"[""plate""]",ensure_all_fruits_on_table,"[38,416,548,2909,161]",grounded,"[38,416,548,2909,161]",0.6202490329742432,abstract,[],0.9034629464149475
173,plate_missing,some_absent,"[""plate""]",single_move_asset_to_target,"[3458,2781,228,225,6705]",grounded,"[3458,2781,228,225,6705]",0.7081499099731445,abstract,[],0.9034629464149475
174,both_missing,some_absent,"[""bowl"",""plate""]",ensure_all_fruits_on_table,"[1428,2075,56,383,1401]",grounded,"[1428,2075,56,383,1401]",0.5903847217559814,abstract,[],0.9034629464149475
175,bowl_missing,some_absent,"[""bowl""]",ensure_all_fruits_on_table,"[1401,2069,129,316,1428]",grounded,"[1401,2069,129,316,1428]",0.550321638584137,abstract,[],0.9034629464149475
176,both_missing,some_absent,"[""bowl"",""plate""]",serve_bread_after_checking_cabinet,"[2767,3266,143,2943,245]",grounded,"[2767,3266,143,2943,245]",0.6213803291320801,abstract,[],0.9034629464149475
177,plate_missing,some_absent,"[""plate""]",serve_bread_after_checking_cabinet,"[2767,3266,143,2943,245]",grounded,"[2767,3266,143,2943,245]",0.6213803291320801,abstract,[],0.9034629464149475
178,bowl_missing,some_absent,"[""bowl""]",single_move_asset_to_target,"[3458,228,2781,1880,4735]",grounded,"[3458,228,2781,1880,4735]",0.7524831295013428,abstract,[],0.9034629464149475
179,bowl_missing,some_absent,"[""bowl""]",ensure_all_fruits_on_table,"[38,416,548,2909,161]",grounded,"[38,416,548,2909,161]",0.6202490329742432,abstract,[],0.9034629464149475
180,bowl_missing,some_absent,"[""bowl""]",ensure_all_fruits_on_table,"[1428,2075,56,383,1401]",grounded,"[1428,2075,56,383,1401]",0.5903847217559814,abstract,[],0.9034629464149475
181,both_missing,some_absent,"[""bowl"",""plate""]",ensure_all_fruits_on_table,"[1401,2069,129,316,1428]",grounded,"[1401,2069,129,316,1428]",0.550321638584137,abstract,[],0.9034629464149475
182,plate_missing,some_absent,"[""plate""]",serve_bread_after_checking_cabinet,"[2767,3266,143,2943,245]",grounded,"[2767,3266,143,2943,245]",0.6213803291320801,abstract,[],0.9034629464149475
183,bowl_missing,some_absent,"[""bowl""]",single_move_asset_to_target,"[1571,3755,3365,1228,4735]",grounded,"[1571,3755,3365,1228,4735]",0.6041235327720642,abstract,[],0.9034629464149475
184,both_missing,some_absent,"[""bowl"",""plate""]",single_move_asset_to_target,"[1571,3755,3365,1228,4735]",grounded,"[1571,3755,3365,1228,4735]",0.6041235327720642,abstract,[],0.9034629464149475
185,both_missing,some_absent,"[""bowl"",""plate""]",serve_bread_after_checking_cabinet,"[2767,3266,143,2943,245]",grounded,"[2767,3266,143,2943,245]",0.6213803291320801,abstract,[],0.9034629464149475
186,bowl_missing,some_absent,"[""bowl""]",ensure_all_fruits_on_table,"[38,416,548,2909,161]",grounded,"[38,416,548,2909,161]",0.6202490329742432,abstract,[],0.9034629464149475
187,plate_missing,some_absent,"[""plate""]",single_move_asset_to_target,"[3458,228,2781,1880,4735]",grounded,"[3458,228,2781,1880,4735]",0.7524831295013428,abstract,[],0.9034629464149475
188,both_missing,some_absent,"[""bowl"",""plate""]",serve_bread_after_checking_cabinet,"[2767,3266,143,2943,245]",grounded,"[2767,3266,143,2943,245]",0.6213803291320801,abstract,[],0.9034629464149475
189,bowl_missing,some_absent,"[""bowl""]",ensure_all_fruits_on_table,"[1428,2075,56,383,1401]",grounded,"[1428,2075,56,383,1401]",0.5903847217559814,abstract,[],0.9034629464149475
190,both_missing,some_absent,"[""bowl"",""plate""]",serve_bread_after_checking_cabinet,"[2767,3266,143,2943,245]",grounded,"[2767,3266,143,2943,245]",0.6213803291320801,abstract,[],0.9034629464149475
191,both_missing,some_absent,"[""bowl"",""plate""]",sequential_pick_two_and_place,"[583,2873,766,460,5685]",grounded,"[583,2873,766,460,5685]",0.5971207618713379,abstract,[],0.9034629464149475
192,bowl_missing,some_absent,"[""bowl""]",ensure_all_fruits_on_table,"[38,416,548,2909,161]",grounded,"[38,416,548,2909,161]",0.6202490329742432,abstract,[],0.9034629464149475
193,both_missing,some_absent,"[""bowl"",""plate""]",serve_bread_after_checking_cabinet,"[2767,3266,143,2943,245]",grounded,"[2767,3266,143,2943,245]",0.6213803291320801,abstract,[],0.9034629464149475
194,plate_missing,some_absent,"[""plate""]",ensure_all_fruits_on_table,"[1428,2075,56,383,1401]",grounded,"[1428,2075,56,383,1401]",0.5903847217559814,abstract,[],0.9034629464149475
195,plate_missing,some_absent,"[""plate""]",dog_check_environment,"[1856,95,1959,659,1099]",abstract,[],,abstract,[],0.9034629464149475
196,plate_missing,some_absent,"[""plate""]",single_move_asset_to_target,"[3458,2781,228,225,6705]",grounded,"[3458,2781,228,225,6705]",0.7081499099731445,abstract,[],0.9034629464149475
197,bowl_missing,some_absent,"[""bowl""]",ensure_all_fruits_on_table,"[1428,2075,56,383,1401]",grounded,"[1428,2075,56,383,1401]",0.5903847217559814,abstract,[],0.9034629464149475
198,plate_missing,some_absent,"[""plate""]",ensure_all_fruits_on_table,"[38,416,548,2909,161]",grounded,"[38,416,548,2909,161]",0.6202490329742432,abstract,[],0.9034629464149475
199,both_missing,some_absent,"[""bowl"",""plate""]",dog_check_environment,"[1856,95,1959,659,1099]",abstract,[],,abstract,[],0.9034629464149475
200,both_missing,some_absent,"[""bowl"",""plate""]",single_move_asset_to_target,"[3458,2781,228,225,6705]",grounded,"[3458,2781,228,225,6705]",0.7081499099731445,abstract,[],0.9034629464149475
201,bowl_missing,some_absent,"[""bowl""]",single_move_asset_to_target,"[1571,3755,3365,1228,4735]",grounded,"[1571,3755,3365,1228,4735]",0.6041235327720642,abstract,[],0.9034629464149475
202,both_missing,some_absent,"[""bowl"",""plate""]",single_move_asset_to_target,"[3458,2781,228,225,6705]",grounded,"[3458,2781,228,225,6705]",0.7081499099731445,abstract,[],0.9034629464149475
203,bowl_missing,some_absent,"[""bowl""]",dog_check_environment,"[1856,95,1959,659,1099]",abstract,[],,abstract,[],0.9034629464149475
204,plate_missing,some_absent,"[""plate""]",ensure_all_fruits_on_table,"[73,2780,57,1222,1428]",grounded,"[73,2780,57,1222,1428]",0.5554057359695435,abstract,[],0.9034629464149475
205,bowl_missing,some_absent,"[""bowl""]",ensure_all_fruits_on_table,"[1401,2069,129,316,1428]",grounded,"[1401,2069,129,316,1428]",0.550321638584137,abstract,[],0.9034629464149475
206,both_missing,some_absent,"[""bowl"",""plate""]",serve_bread_after_checking_cabinet,"[2767,3266,143,2943,245]",grounded,"[2767,3266,143,2943,245]",0.6213803291320801,abstract,[],0.9034629464149475
207,bowl_missing,some_absent,"[""bowl""]",single_move_asset_to_target,"[3458,2781,228,225,6705]",grounded,"[3458,2781,228,225,6705]",0.7081499099731445,abstract,[],0.9034629464149475
208,bowl_missing,some_absent,"[""bowl""]",ensure_all_fruits_on_table,"[38,416,548,2909,161]",grounded,"[38,416,548,2909,161]",0.6202490329742432,abstract,[],0.9034629464149475
209,both_missing,some_absent,"[""bowl"",""plate""]",ensure_all_fruits_on_table,"[38,416,548,2909,161]",grounded,"[38,416,548,2909,161]",0.6202490329742432,abstract,[],0.9034629464149475
210,bowl_missing,some_absent,"[""bowl""]",single_move_asset_to_target,"[3458,2781,228,225,6705]",grounded,"[3458,2781,228,225,6705]",0.7081499099731445,abstract,[],0.9034629464149475
211,both_missing,some_absent,"[""bowl"",""plate""]",sequential_pick_two_and_place,"[583,2873,766,460,5685]",grounded,"[583,2873,766,460,5685]",0.5971207618713379,abstract,[],0.9034629464149475
212,both_missing,some_absent,"[""bowl"",""plate""]",ensure_all_fruits_on_table,"[1428,2075,56,383,1401]",grounded,"[1428,2075,56,383,1401]",0.5903847217559814,abstract,[],0.9034629464149475
213,plate_missing,some_absent,"[""plate""]",single_move_asset_to_target,"[3458,228,2781,1880,4735]",grounded,"[3458,228,2781,1880,4735]",0.7524831295013428,abstract,[],0.9034629464149475
214,bowl_missing,some_absent,"[""bowl""]",single_move_asset_to_target,"[3458,2781,228,225,6705]",grounded,"[3458,2781,228,225,6705]",0.7081499099731445,abstract,[],0.9034629464149475
215,bowl_missing,some_absent,"[""bowl""]",single_move_asset_to_target,"[3458,2781,228,225,6705]",grounded,"[3458,2781,228,225,6705]",0.7081499099731445,abstract,[],0.9034629464149475
216,both_missing,some_absent,"[""bowl"",""plate""]",single_move_asset_to_target,"[3458,2781,228,225,6705]",grounded,"[3458,2781,228,225,6705]",0.7081499099731445,abstract,[],0.9034629464149475
217,bowl_missing,some_absent,"[""bowl""]",single_move_asset_to_target,"[3458,228,2781,1880,4735]",grounded,"[3458,228,2781,1880,4735]",0.7524831295013428,abstract,[],0.9034629464149475
218,plate_missing,some_absent,"[""plate""]",sequential_pick_two_and_place,"[583,2873,766,460,5685]",grounded,"[583,2873,766,460,5685]",0.5971207618713379,abstract,[],0.9034629464149475
219,plate_missing,some_absent,"[""plate""]",sequential_pick_two_and_place,"[583,2873,766,460,5685]",grounded,"[583,2873,766,460,5685]",0.5971207618713379,abstract,[],0.9034629464149475
220,bowl_missing,some_absent,"[""bowl""]",ensure_all_fruits_on_table,"[38,416,548,2909,161]",grounded,"[38,416,548,2909,161]",0.6202490329742432,abstract,[],0.9034629464149475
221,plate_missing,some_absent,"[""plate""]",single_move_asset_to_target,"[3458,228,2781,1880,4735]",grounded,"[3458,228,2781,1880,4735]",0.7524831295013428,abstract,[],0.9034629464149475
222,plate_missing,some_absent,"[""plate""]",dog_check_environment,"[1856,95,1959,659,1099]",abstract,[],,abstract,[],0.9034629464149475
223,bowl_missing,some_absent,"[""bowl""]",dog_check_environment,"[1856,95,1959,659,1099]",abstract,[],,abstract,[],0.9034629464149475
224,bowl_missing,some_absent,"[""bowl""]",serve_bread_after_checking_cabinet,"[2767,3266,143,2943,245]",grounded,"[2767,3266,143,2943,245]",0.6213803291320801,abstract,[],0.9034629464149475
225,both_missing,some_absent,"[""bowl"",""plate""]",ensure_all_fruits_on_table,"[1428,2075,56,383,1401]",grounded,"[1428,2075,56,383,1401]",0.5903847217559814,abstract,[],0.9034629464149475
226,bowl_missing,some_absent,"[""bowl""]",single_move_asset_to_target,"[3458,228,2781,1880,4735]",grounded,"[3458,228,2781,1880,4735]",0.7524831295013428,abstract,[],0.9034629464149475
227,both_missing,some_absent,"[""bowl"",""plate""]",dog_check_environment,"[1856,95,1959,659,1099]",abstract,[],,abstract,[],0.9034629464149475
228,plate_missing,some_absent,"[""plate""]",single_move_asset_to_target,"[3458,2781,228,225,6705]",grounded,"[3458,2781,228,225,6705]",0.7081499099731445,abstract,[],0.9034629464149475
229,bowl_missing,some_absent,"[""bowl""]",ensure_all_fruits_on_table,"[1401,2069,129,316,1428]",grounded,"[1401,2069,129,316,1428]",0.550321638584137,abstract,[],0.9034629464149475
230,bowl_missing,some_absent,"[""bowl""]",serve_bread_after_checking_cabinet,"[2767,3266,143,2943,245]",grounded,"[2767,3266,143,2943,245]",0.6213803291320801,abstract,[],0.9034629464149475
231,plate_missing,some_absent,"[""plate""]",single_move_asset_to_target,"[1571,3755,3365,1228,4735]",grounded,"[1571,3755,3365,1228,4735]",0.6041235327720642,abstract,[],0.9034629464149475
232,bowl_missing,some_absent,"[""bowl""]",serve_bread_after_checking_cabinet,"[2767,3266,143,2943,245]",grounded,"[2767,3266,143,2943,245]",0.6213803291320801,abstract,[],0.9034629464149475
233,bowl_missing,some_absent,"[""bowl""]",ensure_all_fruits_on_table,"[1401,2069,129,316,1428]",grounded,"[1401,2069,129,316,1428]",0.550321638584137,abstract,[],0.9034629464149475
234,plate_missing,some_absent,"[""plate""]",single_move_asset_to_target,"[3458,2781,228,225,6705]",grounded,"[3458,2781,228,225,6705]",0.7081499099731445,abstract,[],0.9034629464149475
235,plate_missing,some_absent,"[""plate""]",sequential_pick_two_and_place,"[583,2873,766,460,5685]",grounded,"[583,2873,766,460,5685]",0.5971207618713379,abstract,[],0.9034629464149475
236,bowl_missing,some_absent,"[""bowl""]",ensure_all_fruits_on_table,"[1428,2075,56,383,1401]",grounded,"[1428,2075,56,383,1401]",0.5903847217559814,abstract,[],0.9034629464149475
237,plate_missing,some_absent,"[""plate""]",ensure_all_fruits_on_table,"[38,416,548,2909,161]",grounded,"[38,416,548,2909,161]",0.6202490329742432,abstract,[],0.9034629464149475
238,bowl_missing,some_absent,"[""bowl""]",ensure_all_fruits_on_table,"[73,2780,57,1222,1428]",grounded,"[73,2780,57,1222,1428]",0.5554057359695435,abstract,[],0.9034629464149475
239,plate_missing,some_absent,"[""plate""]",ensure_all_fruits_on_table,"[1428,2075,56,383,1401]",grounded,"[1428,2075,56,383,1401]",0.5903847217559814,abstract,[],0.9034629464149475
240,plate_missing,some_absent,"[""plate""]",sequential_pick_two_and_place,"[583,2873,766,460,5685]",grounded,"[583,2873,766,460,5685]",0.5971207618713379,abstract,[],0.9034629464149475
241,both_missing,some_absent,"[""bowl"",""plate""]",ensure_all_fruits_on_table,"[38,416,548,2909,161]",grounded,"[38,416,548,2909,161]",0.6202490329742432,abstract,[],0.9034629464149475
242,both_missing,some_absent,"[""bowl"",""plate""]",single_move_asset_to_target,"[3458,2781,228,225,6705]",grounded,"[3458,2781,228,225,6705]",0.7081499099731445,abstract,[],0.9034629464149475
243,both_missing,some_absent,"[""bowl"",""plate""]",dog_check_environment,"[1856,95,1959,659,1099]",abstract,[],,abstract,[],0.9034629464149475
244,both_missing,some_absent,"[""bowl"",""plate""]",single_move_asset_to_target,"[3458,2781,228,225,6705]",grounded,"[3458,2781,228,225,6705]",0.7081499099731445,abstract,[],0.9034629464149475
245,plate_missing,some_absent,"[""plate""]",ensure_all_fruits_on_table,"[1401,2069,129,316,1428]",grounded,"[1401,2069,129,316,1428]",0.550321638584137,abstract,[],0.9034629464149475
246,bowl_missing,some_absent,"[""bowl""]",dog_check_environment,"[1856,95,1959,659,1099]",abstract,[],,abstract,[],0.9034629464149475
247,bowl_missing,some_absent,"[""bowl""]",serve_bread_after_checking_cabinet,"[2767,3266,143,2943,245]",grounded,"[2767,3266,143,2943,245]",0.6213803291320801,abstract,[],0.9034629464149475
248,both_missing,some_absent,"[""bowl"",""plate""]",ensure_all_fruits_on_table,"[73,2780,57,1222,1428]",grounded,"[73,2780,57,1222,1428]",0.5554057359695435,abstract,[],0.9034629464149475
249,bowl_missing,some_absent,"[""bowl""]",ensure_all_fruits_on_table,"[1401,2069,129,316,1428]",grounded,"[1401,2069,129,316,1428]",0.550321638584137,abstract,[],0.9034629464149475
250,both_missing,some_absent,"[""bowl"",""plate""]",single_move_asset_to_target,"[3458,2781,228,225,6705]",grounded,"[3458,2781,228,225,6705]",0.7081499099731445,abstract,[],0.9034629464149475
251,bowl_missing,some_absent,"[""bowl""]",dog_check_environment,"[1856,95,1959,659,1099]",abstract,[],,abstract,[],0.9034629464149475
252,plate_missing,some_absent,"[""plate""]",single_move_asset_to_target,"[3458,228,2781,1880,4735]",grounded,"[3458,228,2781,1880,4735]",0.7524831295013428,abstract,[],0.9034629464149475
253,bowl_missing,some_absent,"[""bowl""]",ensure_all_fruits_on_table,"[1428,2075,56,383,1401]",grounded,"[1428,2075,56,383,1401]",0.5903847217559814,abstract,[],0.9034629464149475
254,both_missing,some_absent,"[""bowl"",""plate""]",ensure_all_fruits_on_table,"[1401,2069,129,316,1428]",grounded,"[1401,2069,129,316,1428]",0.550321638584137,abstract,[],0.9034629464149475
255,plate_missing,some_absent,"[""plate""]",single_move_asset_to_target,"[3458,2781,228,225,6705]",grounded,"[3458,2781,228,225,6705]",0.7081499099731445,abstract,[],0.9034629464149475
256,plate_missing,some_absent,"[""plate""]",single_move_asset_to_target,"[3458,2781,228,225,6705]",grounded,"[3458,2781,228,225,6705]",0.7081499099731445,abstract,[],0.9034629464149475
257,plate_missing,some_absent,"[""plate""]",serve_bread_after_checking_cabinet,"[2767,3266,143,2943,245]",grounded,"[2767,3266,143,2943,245]",0.6213803291320801,abstract,[],0.9034629464149475
258,both_missing,some_absent,"[""bowl"",""plate""]",ensure_all_fruits_on_table,"[1401,2069,129,316,1428]",grounded,"[1401,2069,129,316,1428]",0.550321638584137,abstract,[],0.9034629464149475
259,both_missing,some_absent,"[""bowl"",""plate""]",ensure_all_fruits_on_table,"[73,2780,57,1222,1428]",grounded,"[73,2780,57,1222,1428]",0.5554057359695435,abstract,[],0.9034629464149475
260,both_missing,some_absent,"[""bowl"",""plate""]",ensure_all_fruits_on_table,"[38,416,548,2909,161]",grounded,"[38,416,548,2909,161]",0.6202490329742432,abstract,[],0.9034629464149475
261,plate_missing,some_absent,"[""plate""]",ensure_all_fruits_on_table,"[38,416,548,2909,161]",grounded,"[38,416,548,2909,161]",0.6202490329742432,abstract,[],0.9034629464149475
262,plate_missing,some_absent,"[""plate""]",ensure_all_fruits_on_table,"[1428,2075,56,383,1401]",grounded,"[1428,2075,56,383,1401]",0.5903847217559814,abstract,[],0.9034629464149475
263,both_missing,some_absent,"[""bowl"",""plate""]",ensure_all_fruits_on_table,"[1428,2075,56,383,1401]",grounded,"[1428,2075,56,383,1401]",0.5903847217559814,abstract,[],0.9034629464149475
264,bowl_missing,some_absent,"[""bowl""]",single_move_asset_to_target,"[1571,3755,3365,1228,4735]",grounded,"[1571,3755,3365,1228,4735]",0.6041235327720642,abstract,[],0.9034629464149475
265,bowl_missing,some_absent,"[""bowl""]",serve_bread_after_checking_cabinet,"[2767,3266,143,2943,245]",grounded,"[2767,3266,143,2943,245]",0.6213803291320801,abstract,[],0.9034629464149475
266,bowl_missing,some_absent,"[""bowl""]",single_move_asset_to_target,"[3458,228,2781,1880,4735]",grounded,"[3458,228,2781,1880,4735]",0.7524831295013428,abstract,[],0.9034629464149475
267,both_missing,some_absent,"[""bowl"",""plate""]",ensure_all_fruits_on_table,"[1401,2069,129,316,1428]",grounded,"[1401,2069,129,316,1428]",0.550321638584137,abstract,[],0.9034629464149475
268,plate_missing,some_absent,"[""plate""]",single_move_asset_to_target,"[3458,228,2781,1880,4735]",grounded,"[3458,228,2781,1880,4735]",0.7524831295013428,abstract,[],0.9034629464149475
269,plate_missing,some_absent,"[""plate""]",ensure_all_fruits_on_table,"[1428,2075,56,383,1401]",grounded,"[1428,2075,56,383,1401]",0.5903847217559814,abstract,[],0.9034629464149475
270,plate_missing,some_absent,"[""plate""]",serve_bread_after_checking_cabinet,"[2767,3266,143,2943,245]",grounded,"[2767,3266,143,2943,245]",0.6213803291320801,abstract,[],0.9034629464149475
271,bowl_missing,some_absent,"[""bowl""]",single_move_asset_to_target,"[1571,3755,3365,1228,4735]",grounded,"[1571,3755,3365,1228,4735]",0.6041235327720642,abstract,[],0.9034629464149475
272,bowl_missing,some_absent,"[""bowl""]",dog_check_environment,"[1856,95,1959,659,1099]",abstract,[],,abstract,[],0.9034629464149475
273,bowl_missing,some_absent,"[""bowl""]",ensure_all_fruits_on_table,"[38,416,548,2909,161]",grounded,"[38,416,548,2909,161]",0.6202490329742432,abstract,[],0.9034629464149475
274,both_missing,some_absent,"[""bowl"",""plate""]",ensure_all_fruits_on_table,"[38,416,548,2909,161]",grounded,"[38,416,548,2909,161]",0.6202490329742432,abstract,[],0.9034629464149475
275,plate_missing,some_absent,"[""plate""]",ensure_all_fruits_on_table,"[73,2780,57,1222,1428]",grounded,"[73,2780,57,1222,1428]",0.5554057359695435,abstract,[],0.9034629464149475
276,both_missing,some_absent,"[""bowl"",""plate""]",single_move_asset_to_target,"[1571,3755,3365,1228,4735]",grounded,"[1571,3755,3365,1228,4735]",0.6041235327720642,abstract,[],0.9034629464149475
277,bowl_missing,some_absent,"[""bowl""]",single_move_asset_to_target,"[1571,3755,3365,1228,4735]",grounded,"[1571,3755,3365,1228,4735]",0.6041235327720642,abstract,[],0.9034629464149475
278,both_missing,some_absent,"[""bowl"",""plate""]",single_move_asset_to_target,"[1571,3755,3365,1228,4735]",grounded,"[1571,3755,3365,1228,4735]",0.6041235327720642,abstract,[],0.9034629464149475
279,plate_missing,some_absent,"[""plate""]",ensure_all_fruits_on_table,"[38,416,548,2909,161]",grounded,"[38,416,548,2909,161]",0.6202490329742432,abstract,[],0.9034629464149475
280,plate_missing,some_absent,"[""plate""]",ensure_all_fruits_on_table,"[1428,2075,56,383,1401]",grounded,"[1428,2075,56,383,1401]",0.5903847217559814,abstract,[],0.9034629464149475
281,bowl_missing,some_absent,"[""bowl""]",serve_bread_after_checking_cabinet,"[2767,3266,143,2943,245]",grounded,"[2767,3266,143,2943,245]",0.6213803291320801,abstract,[],0.9034629464149475
282,bowl_missing,some_absent,"[""bowl""]",ensure_all_fruits_on_table,"[1428,2075,56,383,1401]",grounded,"[1428,2075,56,383,1401]",0.5903847217559814,abstract,[],0.9034629464149475
283,plate_missing,some_absent,"[""plate""]",sequential_pick_two_and_place,"[583,2873,766,460,5685]",grounded,"[583,2873,766,460,5685]",0.5971207618713379,abstract,[],0.9034629464149475
284,both_missing,some_absent,"[""bowl"",""plate""]",ensure_all_fruits_on_table,"[1428,2075,56,383,1401]",grounded,"[1428,2075,56,383,1401]",0.5903847217559814,abstract,[],0.9034629464149475
285,bowl_missing,some_absent,"[""bowl""]",ensure_all_fruits_on_table,"[1428,2075,56,383,1401]",grounded,"[1428,2075,56,383,1401]",0.5903847217559814,abstract,[],0.9034629464149475
286,both_missing,some_absent,"[""bowl"",""plate""]",sequential_pick_two_and_place,"[583,2873,766,460,5685]",grounded,"[583,2873,766,460,5685]",0.5971207618713379,abstract,[],0.9034629464149475
287,plate_missing,some_absent,"[""plate""]",ensure_all_fruits_on_table,"[1428,2075,56,383,1401]",grounded,"[1428,2075,56,383,1401]",0.5903847217559814,abstract,[],0.9034629464149475
288,plate_missing,some_absent,"[""plate""]",ensure_all_fruits_on_table,"[38,416,548,2909,161]",grounded,"[38,416,548,2909,161]",0.6202490329742432,abstract,[],0.9034629464149475
289,plate_missing,some_absent,"[""plate""]",dog_check_environment,"[1856,95,1959,659,1099]",abstract,[],,abstract,[],0.9034629464149475
290,both_missing,some_absent,"[""bowl"",""plate""]",single_move_asset_to_target,"[3458,228,2781,1880,4735]",grounded,"[3458,228,2781,1880,4735]",0.7524831295013428,abstract,[],0.9034629464149475
291,plate_missing,some_absent,"[""plate""]",single_move_asset_to_target,"[3458,2781,228,225,6705]",grounded,"[3458,2781,228,225,6705]",0.7081499099731445,abstract,[],0.9034629464149475
292,both_missing,some_absent,"[""bowl"",""plate""]",single_move_asset_to_target,"[3458,2781,228,225,6705]",grounded,"[3458,2781,228,225,6705]",0.7081499099731445,abstract,[],0.9034629464149475
293,bowl_missing,some_absent,"[""bowl""]",ensure_all_fruits_on_table,"[73,2780,57,1222,1428]",grounded,"[73,2780,57,1222,1428]",0.5554057359695435,abstract,[],0.9034629464149475
294,plate_missing,some_absent,"[""plate""]",serve_bread_after_checking_cabinet,"[2767,3266,143,2943,245]",grounded,"[2767,3266,143,2943,245]",0.6213803291320801,abstract,[],0.9034629464149475
295,plate_missing,some_absent,"[""plate""]",ensure_all_fruits_on_table,"[38,416,548,2909,161]",grounded,"[38,416,548,2909,161]",0.6202490329742432,abstract,[],0.9034629464149475
296,plate_missing,some_absent,"[""plate""]",single_move_asset_to_target,"[3458,2781,228,225,6705]",grounded,"[3458,2781,228,225,6705]",0.7081499099731445,abstract,[],0.9034629464149475
297,bowl_missing,some_absent,"[""bowl""]",dog_check_environment,"[1856,95,1959,659,1099]",abstract,[],,abstract,[],0.9034629464149475
298,plate_missing,some_absent,"[""plate""]",dog_check_environment,"[1856,95,1959,659,1099]",abstract,[],,abstract,[],0.9034629464149475
299,plate_missing,some_absent,"[""plate""]",single_move_asset_to_target,"[3458,2781,228,225,6705]",grounded,"[3458,2781,228,225,6705]",0.7081499099731445,abstract,[],0.9034629464149475
300,bowl_missing,some_absent,"[""bowl""]",ensure_all_fruits_on_table,"[73,2780,57,1222,1428]",grounded,"[73,2780,57,1222,1428]",0.5554057359695435,abstract,[],0.9034629464149475
301,plate_missing,some_absent,"[""plate""]",ensure_all_fruits_on_table,"[73,2780,57,1222,1428]",grounded,"[73,2780,57,1222,1428]",0.5554057359695435,abstract,[],0.9034629464149475
302,both_missing,some_absent,"[""bowl"",""plate""]",single_move_asset_to_target,"[1571,3755,3365,1228,4735]",grounded,"[1571,3755,3365,1228,4735]",0.6041235327720642,abstract,[],0.9034629464149475
303,both_missing,some_absent,"[""bowl"",""plate""]",ensure_all_fruits_on_table,"[1428,2075,56,383,1401]",grounded,"[1428,2075,56,383,1401]",0.5903847217559814,abstract,[],0.9034629464149475
304,both_missing,some_absent,"[""bowl"",""plate""]",single_move_asset_to_target,"[3458,2781,228,225,6705]",grounded,"[3458,2781,228,225,6705]",0.7081499099731445,abstract,[],0.9034629464149475
305,both_missing,some_absent,"[""bowl"",""plate""]",ensure_all_fruits_on_table,"[73,2780,57,1222,1428]",grounded,"[73,2780,57,1222,1428]",0.5554057359695435,abstract,[],0.9034629464149475
306,plate_missing,some_absent,"[""plate""]",dog_check_environment,"[1856,95,1959,659,1099]",abstract,[],,abstract,[],0.9034629464149475
307,bowl_missing,some_absent,"[""bowl""]",dog_check_environment,"[1856,95,1959,659,1099]",abstract,[],,abstract,[],0.9034629464149475
308,bowl_missing,some_absent,"[""bowl""]",single_move_asset_to_target,"[3458,228,2781,1880,4735]",grounded,"[3458,228,2781,1880,4735]",0.7524831295013428,abstract,[],0.9034629464149475
309,plate_missing,some_absent,"[""plate""]",single_move_asset_to_target,"[3458,2781,228,225,6705]",grounded,"[3458,2781,228,225,6705]",0.7081499099731445,abstract,[],0.9034629464149475
310,plate_missing,some_absent,"[""plate""]",dog_check_environment,"[1856,95,1959,659,1099]",abstract,[],,abstract,[],0.9034629464149475
311,bowl_missing,some_absent,"[""bowl""]",ensure_all_fruits_on_table,"[1401,2069,129,316,1428]",grounded,"[1401,2069,129,316,1428]",0.550321638584137,abstract,[],0.9034629464149475
312,both_missing,some_absent,"[""bowl"",""plate""]",dog_check_environment,"[1856,95,1959,659,1099]",abstract,[],,abstract,[],0.9034629464149475
313,plate_missing,some_absent,"[""plate""]",single_move_asset_to_target,"[1571,3755,3365,1228,4735]",grounded,"[1571,3755,3365,1228,4735]",0.6041235327720642,abstract,[],0.9034629464149475
314,bowl_missing,some_absent,"[""bowl""]",sequential_pick_two_and_place,"[583,2873,766,460,5685]",grounded,"[583,2873,766,460,5685]",0.5971207618713379,abstract,[],0.9034629464149475
315,bowl_missing,some_absent,"[""bowl""]",ensure_all_fruits_on_table,"[1401,2069,129,316,1428]",grounded,"[1401,2069,129,316,1428]",0.550321638584137,abstract,[],0.9034629464149475
316,plate_missing,some_absent,"[""plate""]",ensure_all_fruits_on_table,"[1428,2075,56,383,1401]",grounded,"[1428,2075,56,383,1401]",0.5903847217559814,abstract,[],0.9034629464149475
317,bowl_missing,some_absent,"[""bowl""]",serve_bread_after_checking_cabinet,"[2767,3266,143,2943,245]",grounded,"[2767,3266,143,2943,245]",0.6213803291320801,abstract,[],0.9034629464149475
318,plate_missing,some_absent,"[""plate""]",ensure_all_fruits_on_table,"[38,416,548,2909,161]",grounded,"[38,416,548,2909,161]",0.6202490329742432,abstract,[],0.9034629464149475
319,bowl_missing,some_absent,"[""bowl""]",sequential_pick_two_and_place,"[583,2873,766,460,5685]",grounded,"[583,2873,766,460,5685]",0.5971207618713379,abstract,[],0.9034629464149475
320,both_missing,some_absent,"[""bowl"",""plate""]",single_move_asset_to_target,"[3458,228,2781,1880,4735]",grounded,"[3458,228,2781,1880,4735]",0.7524831295013428,abstract,[],0.9034629464149475
321,bowl_missing,some_absent,"[""bowl""]",single_move_asset_to_target,"[3458,2781,228,225,6705]",grounded,"[3458,2781,228,225,6705]",0.7081499099731445,abstract,[],0.9034629464149475
322,plate_missing,some_absent,"[""plate""]",ensure_all_fruits_on_table,"[38,416,548,2909,161]",grounded,"[38,416,548,2909,161]",0.6202490329742432,abstract,[],0.9034629464149475
323,both_missing,some_absent,"[""bowl"",""plate""]",single_move_asset_to_target,"[3458,228,2781,1880,4735]",grounded,"[3458,228,2781,1880,4735]",0.7524831295013428,abstract,[],0.9034629464149475
324,bowl_missing,some_absent,"[""bowl""]",ensure_all_fruits_on_table,"[38,416,548,2909,161]",grounded,"[38,416,548,2909,161]",0.6202490329742432,abstract,[],0.9034629464149475
325,both_missing,some_absent,"[""bowl"",""plate""]",ensure_all_fruits_on_table,"[73,2780,57,1222,1428]",grounded,"[73,2780,57,1222,1428]",0.5554057359695435,abstract,[],0.9034629464149475
326,bowl_missing,some_absent,"[""bowl""]",ensure_all_fruits_on_table,"[73,2780,57,1222,1428]",grounded,"[73,2780,57,1222,1428]",0.5554057359695435,abstract,[],0.9034629464149475
327,both_missing,some_absent,"[""bowl"",""plate""]",serve_bread_after_checking_cabinet,"[2767,3266,143,2943,245]",grounded,"[2767,3266,143,2943,245]",0.6213803291320801,abstract,[],0.9034629464149475
328,bowl_missing,some_absent,"[""bowl""]",ensure_all_fruits_on_table,"[1401,2069,129,316,1428]",grounded,"[1401,2069,129,316,1428]",0.550321638584137,abstract,[],0.9034629464149475
329,bowl_missing,some_absent,"[""bowl""]",sequential_pick_two_and_place,"[583,2873,766,460,5685]",grounded,"[583,2873,766,460,5685]",0.5971207618713379,abstract,[],0.9034629464149475
330,plate_missing,some_absent,"[""plate""]",sequential_pick_two_and_place,"[583,2873,766,460,5685]",grounded,"[583,2873,766,460,5685]",0.5971207618713379,abstract,[],0.9034629464149475
331,plate_missing,some_absent,"[""plate""]",serve_bread_after_checking_cabinet,"[2767,3266,143,2943,245]",grounded,"[2767,3266,143,2943,245]",0.6213803291320801,abstract,[],0.9034629464149475
332,bowl_missing,some_absent,"[""bowl""]",ensure_all_fruits_on_table,"[1401,2069,129,316,1428]",grounded,"[1401,2069,129,316,1428]",0.550321638584137,abstract,[],0.9034629464149475
333,plate_missing,some_absent,"[""plate""]",ensure_all_fruits_on_table,"[1401,2069,129,316,1428]",grounded,"[1401,2069,129,316,1428]",0.550321638584137,abstract,[],0.9034629464149475
334,bowl_missing,some_absent,"[""bowl""]",sequential_pick_two_and_place,"[583,2873,766,460,5685]",grounded,"[583,2873,766,460,5685]",0.5971207618713379,abstract,[],0.9034629464149475
335,plate_missing,some_absent,"[""plate""]",ensure_all_fruits_on_table,"[38,416,548,2909,161]",grounded,"[38,416,548,2909,161]",0.6202490329742432,abstract,[],0.9034629464149475
336,plate_missing,some_absent,"[""plate""]",ensure_all_fruits_on_table,"[1428,2075,56,383,1401]",grounded,"[1428,2075,56,383,1401]",0.5903847217559814,abstract,[],0.9034629464149475
337,bowl_missing,some_absent,"[""bowl""]",single_move_asset_to_target,"[3458,228,2781,1880,4735]",grounded,"[3458,228,2781,1880,4735]",0.7524831295013428,abstract,[],0.9034629464149475
338,bowl_missing,some_absent,"[""bowl""]",sequential_pick_two_and_place,"[583,2873,766,460,5685]",grounded,"[583,2873,766,460,5685]",0.5971207618713379,abstract,[],0.9034629464149475
339,bowl_missing,some_absent,"[""bowl""]",ensure_all_fruits_on_table,"[1428,2075,56,383,1401]",grounded,"[1428,2075,56,383,1401]",0.5903847217559814,abstract,[],0.9034629464149475
340,both_missing,some_absent,"[""bowl"",""plate""]",single_move_asset_to_target,"[3458,2781,228,225,6705]",grounded,"[3458,2781,228,225,6705]",0.7081499099731445,abstract,[],0.9034629464149475
341,plate_missing,some_absent,"[""plate""]",single_move_asset_to_target,"[3458,228,2781,1880,4735]",grounded,"[3458,228,2781,1880,4735]",0.7524831295013428,abstract,[],0.9034629464149475
342,bowl_missing,some_absent,"[""bowl""]",single_move_asset_to_target,"[3458,228,2781,1880,4735]",grounded,"[3458,228,2781,1880,4735]",0.7524831295013428,abstract,[],0.9034629464149475
343,bowl_missing,some_absent,"[""bowl""]",single_move_asset_to_target,"[1571,3755,3365,1228,4735]",grounded,"[1571,3755,3365,1228,4735]",0.6041235327720642,abstract,[],0.9034629464149475
344,plate_missing,some_absent,"[""plate""]",sequential_pick_two_and_place,"[583,2873,766,460,5685]",grounded,"[583,2873,766,460,5685]",0.5971207618713379,abstract,[],0.9034629464149475
345,bowl_missing,some_absent,"[""bowl""]",single_move_asset_to_target,"[3458,2781,228,225,6705]",grounded,"[3458,2781,228,225,6705]",0.7081499099731445,abstract,[],0.9034629464149475
346,plate_missing,some_absent,"[""plate""]",ensure_all_fruits_on_table,"[73,2780,57,1222,1428]",grounded,"[73,2780,57,1222,1428]",0.5554057359695435,abstract,[],0.9034629464149475
347,both_missing,some_absent,"[""bowl"",""plate""]",single_move_asset_to_target,"[3458,2781,228,225,6705]",grounded,"[3458,2781,228,225,6705]",0.7081499099731445,abstract,[],0.9034629464149475
348,plate_missing,some_absent,"[""plate""]",ensure_all_fruits_on_table,"[38,416,548,2909,161]",grounded,"[38,416,548,2909,161]",0.6202490329742432,abstract,[],0.9034629464149475
349,plate_missing,some_absent,"[""plate""]",ensure_all_fruits_on_table,"[1428,2075,56,383,1401]",grounded,"[1428,2075,56,383,1401]",0.5903847217559814,abstract,[],0.9034629464149475
350,bowl_missing,some_absent,"[""bowl""]",ensure_all_fruits_on_table,"[1401,2069,129,316,1428]",grounded,"[1401,2069,129,316,1428]",0.550321638584137,abstract,[],0.9034629464149475
351,plate_missing,some_absent,"[""plate""]",serve_bread_after_checking_cabinet,"[2767,3266,143,2943,245]",grounded,"[2767,3266,143,2943,245]",0.6213803291320801,abstract,[],0.9034629464149475
352,both_missing,some_absent,"[""bowl"",""plate""]",ensure_all_fruits_on_table,"[73,2780,57,1222,1428]",grounded,"[73,2780,57,1222,1428]",0.5554057359695435,abstract,[],0.9034629464149475
353,bowl_missing,some_absent,"[""bowl""]",serve_bread_after_checking_cabinet,"[2767,3266,143,2943,245]",grounded,"[2767,3266,143,2943,245]",0.6213803291320801,abstract,[],0.9034629464149475
354,both_missing,some_absent,"[""bowl"",""plate""]",ensure_all_fruits_on_table,"[1401,2069,129,316,1428]",grounded,"[1401,2069,129,316,1428]",0.550321638584137,abstract,[],0.9034629464149475
355,bowl_missing,some_absent,"[""bowl""]",sequential_pick_two_and_place,"[583,2873,766,460,5685]",grounded,"[583,2873,766,460,5685]",0.5971207618713379,abstract,[],0.9034629464149475
356,both_missing,some_absent,"[""bowl"",""plate""]",ensure_all_fruits_on_table,"[1401,2069,129,316,1428]",grounded,"[1401,2069,129,316,1428]",0.550321638584137,abstract,[],0.9034629464149475
357,bowl_missing,some_absent,"[""bowl""]",ensure_all_fruits_on_table,"[1401,2069,129,316,1428]",grounded,"[1401,2069,129,316,1428]",0.550321638584137,abstract,[],0.9034629464149475
358,both_missing,some_absent,"[""bowl"",""plate""]",single_move_asset_to_target,"[3458,2781,228,225,6705]",grounded,"[3458,2781,228,225,6705]",0.7081499099731445,abstract,[],0.9034629464149475
359,both_missing,some_absent,"[""bowl"",""plate""]",dog_check_environment,"[1856,95,1959,659,1099]",abstract,[],,abstract,[],0.9034629464149475
360,bowl_missing,some_absent,"[""bowl""]",sequential_pick_two_and_place,"[583,2873,766,460,5685]",grounded,"[583,2873,766,460,5685]",0.5971207618713379,abstract,[],0.9034629464149475
361,bowl_missing,some_absent,"[""bowl""]",sequential_pick_two_and_place,"[583,2873,766,460,5685]",grounded,"[583,2873,766,460,5685]",0.5971207618713379,abstract,[],0.9034629464149475
362,both_missing,some_absent,"[""bowl"",""plate""]",serve_bread_after_checking_cabinet,"[2767,3266,143,2943,245]",grounded,"[2767,3266,143,2943,245]",0.6213803291320801,abstract,[],0.9034629464149475
363,bowl_missing,some_absent,"[""bowl""]",sequential_pick_two_and_place,"[583,2873,766,460,5685]",grounded,"[583,2873,766,460,5685]",0.5971207618713379,abstract,[],0.9034629464149475
364,plate_missing,some_absent,"[""plate""]",ensure_all_fruits_on_table,"[73,2780,57,1222,1428]",grounded,"[73,2780,57,1222,1428]",0.5554057359695435,abstract,[],0.9034629464149475
365,both_missing,some_absent,"[""bowl"",""plate""]",ensure_all_fruits_on_table,"[1401,2069,129,316,1428]",grounded,"[1401,2069,129,316,1428]",0.550321638584137,abstract,[],0.9034629464149475
366,bowl_missing,some_absent,"[""bowl""]",sequential_pick_two_and_place,"[583,2873,766,460,5685]",grounded,"[583,2873,766,460,5685]",0.5971207618713379,abstract,[],0.9034629464149475
367,plate_missing,some_absent,"[""plate""]",ensure_all_fruits_on_table,"[1401,2069,129,316,1428]",grounded,"[1401,2069,129,316,1428]",0.550321638584137,abstract,[],0.9034629464149475
368,both_missing,some_absent,"[""bowl"",""plate""]",ensure_all_fruits_on_table,"[38,416,548,2909,161]",grounded,"[38,416,548,2909,161]",0.6202490329742432,abstract,[],0.9034629464149475
369,bowl_missing,some_absent,"[""bowl""]",ensure_all_fruits_on_table,"[1401,2069,129,316,1428]",grounded,"[1401,2069,129,316,1428]",0.550321638584137,abstract,[],0.9034629464149475
370,both_missing,some_absent,"[""bowl"",""plate""]",ensure_all_fruits_on_table,"[1428,2075,56,383,1401]",grounded,"[1428,2075,56,383,1401]",0.5903847217559814,abstract,[],0.9034629464149475
371,both_missing,some_absent,"[""bowl"",""plate""]",ensure_all_fruits_on_table,"[1428,2075,56,383,1401]",grounded,"[1428,2075,56,383,1401]",0.5903847217559814,abstract,[],0.9034629464149475
372,both_missing,some_absent,"[""bowl"",""plate""]",single_move_asset_to_target,"[3458,2781,228,225,6705]",grounded,"[3458,2781,228,225,6705]",0.7081499099731445,abstract,[],0.9034629464149475
373,plate_missing,some_absent,"[""plate""]",ensure_all_fruits_on_table,"[38,416,548,2909,161]",grounded,"[38,416,548,2909,161]",0.6202490329742432,abstract,[],0.9034629464149475
374,bowl_missing,some_absent,"[""bowl""]",ensure_all_fruits_on_table,"[1401,2069,129,316,1428]",grounded,"[1401,2069,129,316,1428]",0.550321638584137,abstract,[],0.9034629464149475
375,plate_missing,some_absent,"[""plate""]",sequential_pick_two_and_place,"[583,2873,766,460,5685]",grounded,"[583,2873,766,460,5685]",0.5971207618713379,abstract,[],0.9034629464149475
376,both_missing,some_absent,"[""bowl"",""plate""]",ensure_all_fruits_on_table,"[1428,2075,56,383,1401]",grounded,"[1428,2075,56,383,1401]",0.5903847217559814,abstract,[],0.9034629464149475
377,plate_missing,some_absent,"[""plate""]",single_move_asset_to_target,"[3458,2781,228,225,6705]",grounded,"[3458,2781,228,225,6705]",0.7081499099731445,abstract,[],0.9034629464149475
378,both_missing,some_absent,"[""bowl"",""plate""]",serve_bread_after_checking_cabinet,"[2767,3266,143,2943,245]",grounded,"[2767,3266,143,2943,245]",0.6213803291320801,abstract,[],0.9034629464149475
379,bowl_missing,some_absent,"[""bowl""]",ensure_all_fruits_on_table,"[73,2780,57,1222,1428]",grounded,"[73,2780,57,1222,1428]",0.5554057359695435,abstract,[],0.9034629464149475
380,plate_missing,some_absent,"[""plate""]",dog_check_environment,"[1856,95,1959,659,1099]",abstract,[],,abstract,[],0.9034629464149475
381,plate_missing,some_absent,"[""plate""]",single_move_asset_to_target,"[1571,3755,3365,1228,4735]",grounded,"[1571,3755,3365,1228,4735]",0.6041235327720642,abstract,[],0.9034629464149475
382,bowl_missing,some_absent,"[""bowl""]",single_move_asset_to_target,"[3458,2781,228,225,6705]",grounded,"[3458,2781,228,225,6705]",0.7081499099731445,abstract,[],0.9034629464149475
383,bowl_missing,some_absent,"[""bowl""]",single_move_asset_to_target,"[1571,3755,3365,1228,4735]",grounded,"[1571,3755,3365,1228,4735]",0.6041235327720642,abstract,[],0.9034629464149475
384,bowl_missing,some_absent,"[""bowl""]",ensure_all_fruits_on_table,"[1428,2075,56,383,1401]",grounded,"[1428,2075,56,383,1401]",0.5903847217559814,abstract,[],0.9034629464149475
385,bowl_missing,some_absent,"[""bowl""]",single_move_asset_to_target,"[3458,228,2781,1880,4735]",grounded,"[3458,228,2781,1880,4735]",0.7524831295013428,abstract,[],0.9034629464149475
386,bowl_missing,some_absent,"[""bowl""]",sequential_pick_two_and_place,"[583,2873,766,460,5685]",grounded,"[583,2873,766,460,5685]",0.5971207618713379,abstract,[],0.9034629464149475
387,bowl_missing,some_absent,"[""bowl""]",ensure_all_fruits_on_table,"[38,416,548,2909,161]",grounded,"[38,416,548,2909,161]",0.6202490329742432,abstract,[],0.9034629464149475
388,both_missing,some_absent,"[""bowl"",""plate""]",ensure_all_fruits_on_table,"[1401,2069,129,316,1428]",grounded,"[1401,2069,129,316,1428]",0.550321638584137,abstract,[],0.9034629464149475
389,bowl_missing,some_absent,"[""bowl""]",single_move_asset_to_target,"[3458,2781,1228,228,4064]",grounded,"[3458,2781,1228,228,4064]",0.7544512748718262,abstract,[],0.9034629464149475
390,both_missing,some_absent,"[""bowl"",""plate""]",single_move_asset_to_target,"[3458,228,2781,1880,4735]",grounded,"[3458,228,2781,1880,4735]",0.7524831295013428,abstract,[],0.9034629464149475
391,bowl_missing,some_absent,"[""bowl""]",ensure_all_fruits_on_table,"[1401,2069,129,316,1428]",grounded,"[1401,2069,129,316,1428]",0.550321638584137,abstract,[],0.9034629464149475
392,both_missing,some_absent,"[""bowl"",""plate""]",sequential_pick_two_and_place,"[2700,2742,3597,2873,3152]",grounded,"[2700,2742,3597,2873,3152]",0.5883311033248901,abstract,[],0.9034629464149475
393,both_missing,some_absent,"[""bowl"",""plate""]",single_move_asset_to_target,"[1571,3755,3365,1228,4735]",grounded,"[1571,3755,3365,1228,4735]",0.6041235327720642,abstract,[],0.9034629464149475
394,both_missing,some_absent,"[""bowl"",""plate""]",sequential_pick_two_and_place,"[583,2873,766,460,5685]",grounded,"[583,2873,766,460,5685]",0.5971207618713379,abstract,[],0.9034629464149475
395,plate_missing,some_absent,"[""plate""]",ensure_all_fruits_on_table,"[1428,2075,56,383,1401]",grounded,"[1428,2075,56,383,1401]",0.5903847217559814,abstract,[],0.9034629464149475
396,bowl_missing,some_absent,"[""bowl""]",single_move_asset_to_target,"[3458,2781,1228,228,4064]",grounded,"[3458,2781,1228,228,4064]",0.7544512748718262,abstract,[],0.9034629464149475
397,bowl_missing,some_absent,"[""bowl""]",single_move_asset_to_target,"[1571,3755,3365,1228,4735]",grounded,"[1571,3755,3365,1228,4735]",0.6041235327720642,abstract,[],0.9034629464149475
398,plate_missing,some_absent,"[""plate""]",ensure_all_fruits_on_table,"[940,1197,398,1287,352]",grounded,"[940,1197,398,1287,352]",0.5748868584632874,abstract,[],0.9034629464149475
399,bowl_missing,some_absent,"[""bowl""]",ensure_all_fruits_on_table,"[940,1197,398,1287,352]",grounded,"[940,1197,398,1287,352]",0.5748868584632874,abstract,[],0.9034629464149475
400,plate_missing,some_absent,"[""plate""]",ensure_all_fruits_on_table,"[1428,2075,56,383,1401]",grounded,"[1428,2075,56,383,1401]",0.5903847217559814,abstract,[],0.9034629464149475
401,both_missing,some_absent,"[""bowl"",""plate""]",ensure_all_fruits_on_table,"[73,2780,57,1222,1428]",grounded,"[73,2780,57,1222,1428]",0.5554057359695435,abstract,[],0.9034629464149475
402,bowl_missing,some_absent,"[""bowl""]",single_move_asset_to_target,"[3458,228,2781,1880,4735]",grounded,"[3458,228,2781,1880,4735]",0.7524831295013428,abstract,[],0.9034629464149475
403,bowl_missing,some_absent,"[""bowl""]",ensure_all_fruits_on_table,"[73,2780,57,1222,1428]",grounded,"[73,2780,57,1222,1428]",0.5554057359695435,abstract,[],0.9034629464149475
404,both_missing,some_absent,"[""bowl"",""plate""]",single_move_asset_to_target,"[3458,228,2781,1880,4735]",grounded,"[3458,228,2781,1880,4735]",0.7524831295013428,abstract,[],0.9034629464149475
405,plate_missing,some_absent,"[""plate""]",ensure_all_fruits_on_table,"[73,2780,57,1222,1428]",grounded,"[73,2780,57,1222,1428]",0.5554057359695435,abstract,[],0.9034629464149475
406,plate_missing,some_absent,"[""plate""]",sequential_pick_two_and_place,"[583,2873,766,460,5685]",grounded,"[583,2873,766,460,5685]",0.5971207618713379,abstract,[],0.9034629464149475
407,both_missing,some_absent,"[""bowl"",""plate""]",sequential_pick_two_and_place,"[2700,2742,3597,2873,3152]",grounded,"[2700,2742,3597,2873,3152]",0.5883311033248901,abstract,[],0.9034629464149475
408,plate_missing,some_absent,"[""plate""]",ensure_all_fruits_on_table,"[1428,2075,56,383,1401]",grounded,"[1428,2075,56,383,1401]",0.5903847217559814,abstract,[],0.9034629464149475
409,bowl_missing,some_absent,"[""bowl""]",sequential_pick_two_and_place,"[583,2873,766,460,5685]",grounded,"[583,2873,766,460,5685]",0.5971207618713379,abstract,[],0.9034629464149475
410,plate_missing,some_absent,"[""plate""]",sequential_pick_two_and_place,"[583,2873,766,460,5685]",grounded,"[583,2873,766,460,5685]",0.5971207618713379,abstract,[],0.9034629464149475
411,both_missing,some_absent,"[""bowl"",""plate""]",single_move_asset_to_target,"[1571,3755,3365,1228,4735]",grounded,"[1571,3755,3365,1228,4735]",0.6041235327720642,abstract,[],0.9034629464149475
412,both_missing,some_absent,"[""bowl"",""plate""]",single_move_asset_to_target,"[3458,228,2781,1880,4735]",grounded,"[3458,228,2781,1880,4735]",0.7524831295013428,abstract,[],0.9034629464149475
413,bowl_missing,some_absent,"[""bowl""]",single_move_asset_to_target,"[3458,2781,1228,228,4064]",grounded,"[3458,2781,1228,228,4064]",0.7544512748718262,abstract,[],0.9034629464149475
414,both_missing,some_absent,"[""bowl"",""plate""]",single_move_asset_to_target,"[3458,2781,1228,228,4064]",grounded,"[3458,2781,1228,228,4064]",0.7544512748718262,abstract,[],0.9034629464149475
415,both_missing,some_absent,"[""bowl"",""plate""]",ensure_all_fruits_on_table,"[1428,2075,56,383,1401]",grounded,"[1428,2075,56,383,1401]",0.5903847217559814,abstract,[],0.9034629464149475
416,bowl_missing,some_absent,"[""bowl""]",ensure_all_fruits_on_table,"[73,2780,57,1222,1428]",grounded,"[73,2780,57,1222,1428]",0.5554057359695435,abstract,[],0.9034629464149475
417,bowl_missing,some_absent,"[""bowl""]",sequential_pick_two_and_place,"[583,2873,766,460,5685]",grounded,"[583,2873,766,460,5685]",0.5971207618713379,abstract,[],0.9034629464149475
418,both_missing,some_absent,"[""bowl"",""plate""]",ensure_all_fruits_on_table,"[1428,2075,56,383,1401]",grounded,"[1428,2075,56,383,1401]",0.5903847217559814,abstract,[],0.9034629464149475
419,bowl_missing,some_absent,"[""bowl""]",ensure_all_fruits_on_table,"[73,2780,57,1222,1428]",grounded,"[73,2780,57,1222,1428]",0.5554057359695435,abstract,[],0.9034629464149475
420,both_missing,some_absent,"[""bowl"",""plate""]",sequential_pick_two_and_place,"[583,2873,766,460,5685]",grounded,"[583,2873,766,460,5685]",0.5971207618713379,abstract,[],0.9034629464149475
421,both_missing,some_absent,"[""bowl"",""plate""]",single_move_asset_to_target,"[3458,2781,1228,228,4064]",grounded,"[3458,2781,1228,228,4064]",0.7544512748718262,abstract,[],0.9034629464149475
422,bowl_missing,some_absent,"[""bowl""]",sequential_pick_two_and_place,"[583,2873,766,460,5685]",grounded,"[583,2873,766,460,5685]",0.5971207618713379,abstract,[],0.9034629464149475
423,both_missing,some_absent,"[""bowl"",""plate""]",ensure_all_fruits_on_table,"[1428,2075,56,383,1401]",grounded,"[1428,2075,56,383,1401]",0.5903847217559814,abstract,[],0.9034629464149475
424,both_missing,some_absent,"[""bowl"",""plate""]",ensure_all_fruits_on_table,"[1428,2075,56,383,1401]",grounded,"[1428,2075,56,383,1401]",0.5903847217559814,abstract,[],0.9034629464149475
425,plate_missing,some_absent,"[""plate""]",sequential_pick_two_and_place,"[583,2873,766,460,5685]",grounded,"[583,2873,766,460,5685]",0.5971207618713379,abstract,[],0.9034629464149475
426,plate_missing,some_absent,"[""plate""]",ensure_all_fruits_on_table,"[73,2780,57,1222,1428]",grounded,"[73,2780,57,1222,1428]",0.5554057359695435,abstract,[],0.9034629464149475
427,plate_missing,some_absent,"[""plate""]",ensure_all_fruits_on_table,"[1428,2075,56,383,1401]",grounded,"[1428,2075,56,383,1401]",0.5903847217559814,abstract,[],0.9034629464149475
428,bowl_missing,some_absent,"[""bowl""]",single_move_asset_to_target,"[3458,228,2781,1880,4735]",grounded,"[3458,228,2781,1880,4735]",0.7524831295013428,abstract,[],0.9034629464149475
429,bowl_missing,some_absent,"[""bowl""]",ensure_all_fruits_on_table,"[1428,2075,56,383,1401]",grounded,"[1428,2075,56,383,1401]",0.5903847217559814,abstract,[],0.9034629464149475
430,plate_missing,some_absent,"[""plate""]",ensure_all_fruits_on_table,"[1401,2069,129,316,1428]",grounded,"[1401,2069,129,316,1428]",0.550321638584137,abstract,[],0.9034629464149475
431,both_missing,some_absent,"[""bowl"",""plate""]",ensure_all_fruits_on_table,"[940,1197,398,1287,352]",grounded,"[940,1197,398,1287,352]",0.5748868584632874,abstract,[],0.9034629464149475
432,both_missing,some_absent,"[""bowl"",""plate""]",single_move_asset_to_target,"[1571,3755,3365,1228,4735]",grounded,"[1571,3755,3365,1228,4735]",0.6041235327720642,abstract,[],0.9034629464149475
433,bowl_missing,some_absent,"[""bowl""]",sequential_pick_two_and_place,"[2700,2742,3597,2873,3152]",grounded,"[2700,2742,3597,2873,3152]",0.5883311033248901,abstract,[],0.9034629464149475
434,both_missing,some_absent,"[""bowl"",""plate""]",ensure_all_fruits_on_table,"[38,416,548,2909,161]",grounded,"[38,416,548,2909,161]",0.6202490329742432,abstract,[],0.9034629464149475
435,both_missing,some_absent,"[""bowl"",""plate""]",sequential_pick_two_and_place,"[2700,2742,3597,2873,3152]",grounded,"[2700,2742,3597,2873,3152]",0.5883311033248901,abstract,[],0.9034629464149475
436,bowl_missing,some_absent,"[""bowl""]",single_move_asset_to_target,"[1571,3755,3365,1228,4735]",grounded,"[1571,3755,3365,1228,4735]",0.6041235327720642,abstract,[],0.9034629464149475
437,both_missing,some_absent,"[""bowl"",""plate""]",sequential_pick_two_and_place,"[2700,2742,3597,2873,3152]",grounded,"[2700,2742,3597,2873,3152]",0.5883311033248901,abstract,[],0.9034629464149475
438,plate_missing,some_absent,"[""plate""]",sequential_pick_two_and_place,"[2700,2742,3597,2873,3152]",grounded,"[2700,2742,3597,2873,3152]",0.5883311033248901,abstract,[],0.9034629464149475
439,bowl_missing,some_absent,"[""bowl""]",ensure_all_fruits_on_table,"[73,2780,57,1222,1428]",grounded,"[73,2780,57,1222,1428]",0.5554057359695435,abstract,[],0.9034629464149475
440,plate_missing,some_absent,"[""plate""]",ensure_all_fruits_on_table,"[1428,2075,56,383,1401]",grounded,"[1428,2075,56,383,1401]",0.5903847217559814,abstract,[],0.9034629464149475
441,both_missing,some_absent,"[""bowl"",""plate""]",ensure_all_fruits_on_table,"[73,2780,57,1222,1428]",grounded,"[73,2780,57,1222,1428]",0.5554057359695435,abstract,[],0.9034629464149475
442,plate_missing,some_absent,"[""plate""]",ensure_all_fruits_on_table,"[38,416,548,2909,161]",grounded,"[38,416,548,2909,161]",0.6202490329742432,abstract,[],0.9034629464149475
443,both_missing,some_absent,"[""bowl"",""plate""]",single_move_asset_to_target,"[3458,228,2781,1880,4735]",grounded,"[3458,228,2781,1880,4735]",0.7524831295013428,abstract,[],0.9034629464149475
444,plate_missing,some_absent,"[""plate""]",single_move_asset_to_target,"[3458,2781,1228,228,4064]",grounded,"[3458,2781,1228,228,4064]",0.7544512748718262,abstract,[],0.9034629464149475
445,plate_missing,some_absent,"[""plate""]",ensure_all_fruits_on_table,"[940,1197,398,1287,352]",grounded,"[940,1197,398,1287,352]",0.5748868584632874,abstract,[],0.9034629464149475
446,plate_missing,some_absent,"[""plate""]",single_move_asset_to_target,"[3458,2781,1228,228,4064]",grounded,"[3458,2781,1228,228,4064]",0.7544512748718262,abstract,[],0.9034629464149475
447,plate_missing,some_absent,"[""plate""]",sequential_pick_two_and_place,"[583,2873,766,460,5685]",grounded,"[583,2873,766,460,5685]",0.5971207618713379,abstract,[],0.9034629464149475
448,bowl_missing,some_absent,"[""bowl""]",single_move_asset_to_target,"[3458,2781,1228,228,4064]",grounded,"[3458,2781,1228,228,4064]",0.7544512748718262,abstract,[],0.9034629464149475
449,plate_missing,some_absent,"[""plate""]",sequential_pick_two_and_place,"[2700,2742,3597,2873,3152]",grounded,"[2700,2742,3597,2873,3152]",0.5883311033248901,abstract,[],0.9034629464149475
450,bowl_missing,some_absent,"[""bowl""]",single_move_asset_to_target,"[3458,2781,1228,228,4064]",grounded,"[3458,2781,1228,228,4064]",0.7544512748718262,abstract,[],0.9034629464149475
451,plate_missing,some_absent,"[""plate""]",single_move_asset_to_target,"[1571,3755,3365,1228,4735]",grounded,"[1571,3755,3365,1228,4735]",0.6041235327720642,abstract,[],0.9034629464149475
452,plate_missing,some_absent,"[""plate""]",ensure_all_fruits_on_table,"[1401,2069,129,316,1428]",grounded,"[1401,2069,129,316,1428]",0.550321638584137,abstract,[],0.9034629464149475
453,bowl_missing,some_absent,"[""bowl""]",ensure_all_fruits_on_table,"[1428,2075,56,383,1401]",grounded,"[1428,2075,56,383,1401]",0.5903847217559814,abstract,[],0.9034629464149475
454,both_missing,some_absent,"[""bowl"",""plate""]",sequential_pick_two_and_place,"[583,2873,766,460,5685]",grounded,"[583,2873,766,460,5685]",0.5971207618713379,abstract,[],0.9034629464149475
455,plate_missing,some_absent,"[""plate""]",ensure_all_fruits_on_table,"[1401,2069,129,316,1428]",grounded,"[1401,2069,129,316,1428]",0.550321638584137,abstract,[],0.9034629464149475
456,bowl_missing,some_absent,"[""bowl""]",ensure_all_fruits_on_table,"[940,1197,398,1287,352]",grounded,"[940,1197,398,1287,352]",0.5748868584632874,abstract,[],0.9034629464149475
457,both_missing,some_absent,"[""bowl"",""plate""]",single_move_asset_to_target,"[1571,3755,3365,1228,4735]",grounded,"[1571,3755,3365,1228,4735]",0.6041235327720642,abstract,[],0.9034629464149475
458,both_missing,some_absent,"[""bowl"",""plate""]",ensure_all_fruits_on_table,"[1401,2069,129,316,1428]",grounded,"[1401,2069,129,316,1428]",0.550321638584137,abstract,[],0.9034629464149475
459,plate_missing,some_absent,"[""plate""]",ensure_all_fruits_on_table,"[38,416,548,2909,161]",grounded,"[38,416,548,2909,161]",0.6202490329742432,abstract,[],0.9034629464149475
460,plate_missing,some_absent,"[""plate""]",ensure_all_fruits_on_table,"[38,416,548,2909,161]",grounded,"[38,416,548,2909,161]",0.6202490329742432,abstract,[],0.9034629464149475
461,plate_missing,some_absent,"[""plate""]",single_move_asset_to_target,"[3458,228,2781,1880,4735]",grounded,"[3458,228,2781,1880,4735]",0.7524831295013428,abstract,[],0.9034629464149475
462,both_missing,some_absent,"[""bowl"",""plate""]",ensure_all_fruits_on_table,"[940,1197,398,1287,352]",grounded,"[940,1197,398,1287,352]",0.5748868584632874,abstract,[],0.9034629464149475
463,bowl_missing,some_absent,"[""bowl""]",sequential_pick_two_and_place,"[2700,2742,3597,2873,3152]",grounded,"[2700,2742,3597,2873,3152]",0.5883311033248901,abstract,[],0.9034629464149475
464,both_missing,some_absent,"[""bowl"",""plate""]",sequential_pick_two_and_place,"[583,2873,766,460,5685]",grounded,"[583,2873,766,460,5685]",0.5971207618713379,abstract,[],0.9034629464149475
465,plate_missing,some_absent,"[""plate""]",ensure_all_fruits_on_table,"[940,1197,398,1287,352]",grounded,"[940,1197,398,1287,352]",0.5748868584632874,abstract,[],0.9034629464149475
466,bowl_missing,some_absent,"[""bowl""]",single_move_asset_to_target,"[3458,228,2781,1880,4735]",grounded,"[3458,228,2781,1880,4735]",0.7524831295013428,abstract,[],0.9034629464149475
467,bowl_missing,some_absent,"[""bowl""]",single_move_asset_to_target,"[1571,3755,3365,1228,4735]",grounded,"[1571,3755,3365,1228,4735]",0.6041235327720642,abstract,[],0.9034629464149475
468,both_missing,some_absent,"[""bowl"",""plate""]",sequential_pick_two_and_place,"[2700,2742,3597,2873,3152]",grounded,"[2700,2742,3597,2873,3152]",0.5883311033248901,abstract,[],0.9034629464149475
469,both_missing,some_absent,"[""bowl"",""plate""]",sequential_pick_two_and_place,"[2700,2742,3597,2873,3152]",grounded,"[2700,2742,3597,2873,3152]",0.5883311033248901,abstract,[],0.9034629464149475
470,both_missing,some_absent,"[""bowl"",""plate""]",ensure_all_fruits_on_table,"[73,2780,57,1222,1428]",grounded,"[73,2780,57,1222,1428]",0.5554057359695435,abstract,[],0.9034629464149475
471,both_missing,some_absent,"[""bowl"",""plate""]",sequential_pick_two_and_place,"[583,2873,766,460,5685]",grounded,"[583,2873,766,460,5685]",0.5971207618713379,abstract,[],0.9034629464149475
472,plate_missing,some_absent,"[""plate""]",ensure_all_fruits_on_table,"[1428,2075,56,383,1401]",grounded,"[1428,2075,56,383,1401]",0.5903847217559814,abstract,[],0.9034629464149475
473,plate_missing,some_absent,"[""plate""]",ensure_all_fruits_on_table,"[940,1197,398,1287,352]",grounded,"[940,1197,398,1287,352]",0.5748868584632874,abstract,[],0.9034629464149475
474,both_missing,some_absent,"[""bowl"",""plate""]",single_move_asset_to_target,"[3458,2781,1228,228,4064]",grounded,"[3458,2781,1228,228,4064]",0.7544512748718262,abstract,[],0.9034629464149475
475,both_missing,some_absent,"[""bowl"",""plate""]",ensure_all_fruits_on_table,"[1428,2075,56,383,1401]",grounded,"[1428,2075,56,383,1401]",0.5903847217559814,abstract,[],0.9034629464149475
476,both_missing,some_absent,"[""bowl"",""plate""]",single_move_asset_to_target,"[1571,3755,3365,1228,4735]",grounded,"[1571,3755,3365,1228,4735]",0.6041235327720642,abstract,[],0.9034629464149475
477,plate_missing,some_absent,"[""plate""]",sequential_pick_two_and_place,"[2700,2742,3597,2873,3152]",grounded,"[2700,2742,3597,2873,3152]",0.5883311033248901,abstract,[],0.9034629464149475
478,plate_missing,some_absent,"[""plate""]",single_move_asset_to_target,"[3458,228,2781,1880,4735]",grounded,"[3458,228,2781,1880,4735]",0.7524831295013428,abstract,[],0.9034629464149475
479,plate_missing,some_absent,"[""plate""]",ensure_all_fruits_on_table,"[1401,2069,129,316,1428]",grounded,"[1401,2069,129,316,1428]",0.550321638584137,abstract,[],0.9034629464149475
480,both_missing,some_absent,"[""bowl"",""plate""]",single_move_asset_to_target,"[3458,2781,1228,228,4064]",grounded,"[3458,2781,1228,228,4064]",0.7544512748718262,abstract,[],0.9034629464149475
481,both_missing,some_absent,"[""bowl"",""plate""]",sequential_pick_two_and_place,"[2700,2742,3597,2873,3152]",grounded,"[2700,2742,3597,2873,3152]",0.5883311033248901,abstract,[],0.9034629464149475
482,bowl_missing,some_absent,"[""bowl""]",ensure_all_fruits_on_table,"[1401,2069,129,316,1428]",grounded,"[1401,2069,129,316,1428]",0.550321638584137,abstract,[],0.9034629464149475
483,both_missing,some_absent,"[""bowl"",""plate""]",single_move_asset_to_target,"[3458,228,2781,1880,4735]",grounded,"[3458,228,2781,1880,4735]",0.7524831295013428,abstract,[],0.9034629464149475
484,plate_missing,some_absent,"[""plate""]",single_move_asset_to_target,"[3458,2781,1228,228,4064]",grounded,"[3458,2781,1228,228,4064]",0.7544512748718262,abstract,[],0.9034629464149475
485,bowl_missing,some_absent,"[""bowl""]",single_move_asset_to_target,"[3458,2781,1228,228,4064]",grounded,"[3458,2781,1228,228,4064]",0.7544512748718262,abstract,[],0.9034629464149475
486,plate_missing,some_absent,"[""plate""]",single_move_asset_to_target,"[1571,3755,3365,1228,4735]",grounded,"[1571,3755,3365,1228,4735]",0.6041235327720642,abstract,[],0.9034629464149475
487,bowl_missing,some_absent,"[""bowl""]",single_move_asset_to_target,"[1571,3755,3365,1228,4735]",grounded,"[1571,3755,3365,1228,4735]",0.6041235327720642,abstract,[],0.9034629464149475
488,plate_missing,some_absent,"[""plate""]",single_move_asset_to_target,"[3458,228,2781,1880,4735]",grounded,"[3458,228,2781,1880,4735]",0.7524831295013428,abstract,[],0.9034629464149475
489,bowl_missing,some_absent,"[""bowl""]",sequential_pick_two_and_place,"[583,2873,766,460,5685]",grounded,"[583,2873,766,460,5685]",0.5971207618713379,abstract,[],0.9034629464149475
490,bowl_missing,some_absent,"[""bowl""]",ensure_all_fruits_on_table,"[1401,2069,129,316,1428]",grounded,"[1401,2069,129,316,1428]",0.550321638584137,abstract,[],0.9034629464149475
491,both_missing,some_absent,"[""bowl"",""plate""]",sequential_pick_two_and_place,"[2700,2742,3597,2873,3152]",grounded,"[2700,2742,3597,2873,3152]",0.5883311033248901,abstract,[],0.9034629464149475
492,plate_missing,some_absent,"[""plate""]",sequential_pick_two_and_place,"[2700,2742,3597,2873,3152]",grounded,"[2700,2742,3597,2873,3152]",0.5883311033248901,abstract,[],0.9034629464149475
493,bowl_missing,some_absent,"[""bowl""]",ensure_all_fruits_on_table,"[73,2780,57,1222,1428]",grounded,"[73,2780,57,1222,1428]",0.5554057359695435,abstract,[],0.9034629464149475
494,both_missing,some_absent,"[""bowl"",""plate""]",ensure_all_fruits_on_table,"[38,416,548,2909,161]",grounded,"[38,416,548,2909,161]",0.6202490329742432,abstract,[],0.9034629464149475
495,plate_missing,some_absent,"[""plate""]",ensure_all_fruits_on_table,"[38,416,548,2909,161]",grounded,"[38,416,548,2909,161]",0.6202490329742432,abstract,[],0.9034629464149475
496,bowl_missing,some_absent,"[""bowl""]",ensure_all_fruits_on_table,"[1428,2075,56,383,1401]",grounded,"[1428,2075,56,383,1401]",0.5903847217559814,abstract,[],0.9034629464149475
497,plate_missing,some_absent,"[""plate""]",ensure_all_fruits_on_table,"[38,416,548,2909,161]",grounded,"[38,416,548,2909,161]",0.6202490329742432,abstract,[],0.9034629464149475
498,bowl_missing,some_absent,"[""bowl""]",ensure_all_fruits_on_table,"[38,416,548,2909,161]",grounded,"[38,416,548,2909,161]",0.6202490329742432,abstract,[],0.9034629464149475
499,plate_missing,some_absent,"[""plate""]",sequential_pick_two_and_place,"[583,2873,766,460,5685]",grounded,"[583,2873,766,460,5685]",0.5971207618713379,abstract,[],0.9034629464149475
500,bowl_missing,some_absent,"[""bowl""]",single_move_asset_to_target,"[3458,228,2781,1880,4735]",grounded,"[3458,228,2781,1880,4735]",0.7524831295013428,abstract,[],0.9034629464149475
501,plate_missing,some_absent,"[""plate""]",single_move_asset_to_target,"[3458,2781,1228,228,4064]",grounded,"[3458,2781,1228,228,4064]",0.7544512748718262,abstract,[],0.9034629464149475
502,plate_missing,some_absent,"[""plate""]",single_move_asset_to_target,"[1571,3755,3365,1228,4735]",grounded,"[1571,3755,3365,1228,4735]",0.6041235327720642,abstract,[],0.9034629464149475
503,both_missing,some_absent,"[""bowl"",""plate""]",ensure_all_fruits_on_table,"[38,416,548,2909,161]",grounded,"[38,416,548,2909,161]",0.6202490329742432,abstract,[],0.9034629464149475
504,plate_missing,some_absent,"[""plate""]",ensure_all_fruits_on_table,"[1401,2069,129,316,1428]",grounded,"[1401,2069,129,316,1428]",0.550321638584137,abstract,[],0.9034629464149475
505,plate_missing,some_absent,"[""plate""]",ensure_all_fruits_on_table,"[38,416,548,2909,161]",grounded,"[38,416,548,2909,161]",0.6202490329742432,abstract,[],0.9034629464149475
506,both_missing,some_absent,"[""bowl"",""plate""]",ensure_all_fruits_on_table,"[38,416,548,2909,161]",grounded,"[38,416,548,2909,161]",0.6202490329742432,abstract,[],0.9034629464149475
507,both_missing,some_absent,"[""bowl"",""plate""]",sequential_pick_two_and_place,"[2700,2742,3597,2873,3152]",grounded,"[2700,2742,3597,2873,3152]",0.5883311033248901,abstract,[],0.9034629464149475
508,bowl_missing,some_absent,"[""bowl""]",sequential_pick_two_and_place,"[583,2873,766,460,5685]",grounded,"[583,2873,766,460,5685]",0.5971207618713379,abstract,[],0.9034629464149475
509,plate_missing,some_absent,"[""plate""]",ensure_all_fruits_on_table,"[38,416,548,2909,161]",grounded,"[38,416,548,2909,161]",0.6202490329742432,abstract,[],0.9034629464149475
510,bowl_missing,some_absent,"[""bowl""]",ensure_all_fruits_on_table,"[940,1197,398,1287,352]",grounded,"[940,1197,398,1287,352]",0.5748868584632874,abstract,[],0.9034629464149475
511,bowl_missing,some_absent,"[""bowl""]",sequential_pick_two_and_place,"[2700,2742,3597,2873,3152]",grounded,"[2700,2742,3597,2873,3152]",0.5883311033248901,abstract,[],0.9034629464149475
512,plate_missing,some_absent,"[""plate""]",single_move_asset_to_target,"[1571,3755,3365,1228,4735]",grounded,"[1571,3755,3365,1228,4735]",0.6041235327720642,abstract,[],0.9034629464149475
513,both_missing,some_absent,"[""bowl"",""plate""]",ensure_all_fruits_on_table,"[38,416,548,2909,161]",grounded,"[38,416,548,2909,161]",0.6202490329742432,abstract,[],0.9034629464149475
514,both_missing,some_absent,"[""bowl"",""plate""]",ensure_all_fruits_on_table,"[73,2780,57,1222,1428]",grounded,"[73,2780,57,1222,1428]",0.5554057359695435,abstract,[],0.9034629464149475
515,plate_missing,some_absent,"[""plate""]",ensure_all_fruits_on_table,"[1401,2069,129,316,1428]",grounded,"[1401,2069,129,316,1428]",0.550321638584137,abstract,[],0.9034629464149475
516,plate_missing,some_absent,"[""plate""]",ensure_all_fruits_on_table,"[1401,2069,129,316,1428]",grounded,"[1401,2069,129,316,1428]",0.550321638584137,abstract,[],0.9034629464149475
517,bowl_missing,some_absent,"[""bowl""]",single_move_asset_to_target,"[3458,2781,1228,228,4064]",grounded,"[3458,2781,1228,228,4064]",0.7544512748718262,abstract,[],0.9034629464149475
518,bowl_missing,some_absent,"[""bowl""]",single_move_asset_to_target,"[3458,228,2781,1880,4735]",grounded,"[3458,228,2781,1880,4735]",0.7524831295013428,abstract,[],0.9034629464149475
519,plate_missing,some_absent,"[""plate""]",sequential_pick_two_and_place,"[2700,2742,3597,2873,3152]",grounded,"[2700,2742,3597,2873,3152]",0.5883311033248901,abstract,[],0.9034629464149475
520,plate_missing,some_absent,"[""plate""]",single_move_asset_to_target,"[3458,228,2781,1880,4735]",grounded,"[3458,228,2781,1880,4735]",0.7524831295013428,abstract,[],0.9034629464149475
521,bowl_missing,some_absent,"[""bowl""]",sequential_pick_two_and_place,"[2700,2742,3597,2873,3152]",grounded,"[2700,2742,3597,2873,3152]",0.5883311033248901,abstract,[],0.9034629464149475
522,bowl_missing,some_absent,"[""bowl""]",sequential_pick_two_and_place,"[2700,2742,3597,2873,3152]",grounded,"[2700,2742,3597,2873,3152]",0.5883311033248901,abstract,[],0.9034629464149475
523,bowl_missing,some_absent,"[""bowl""]",ensure_all_fruits_on_table,"[940,1197,398,1287,352]",grounded,"[940,1197,398,1287,352]",0.5748868584632874,abstract,[],0.9034629464149475
524,bowl_missing,some_absent,"[""bowl""]",sequential_pick_two_and_place,"[583,2873,766,460,5685]",grounded,"[583,2873,766,460,5685]",0.5971207618713379,abstract,[],0.9034629464149475
525,bowl_missing,some_absent,"[""bowl""]",sequential_pick_two_and_place,"[583,2873,766,460,5685]",grounded,"[583,2873,766,460,5685]",0.5971207618713379,abstract,[],0.9034629464149475
526,bowl_missing,some_absent,"[""bowl""]",single_move_asset_to_target,"[3458,2781,1228,228,4064]",grounded,"[3458,2781,1228,228,4064]",0.7544512748718262,abstract,[],0.9034629464149475
527,both_missing,some_absent,"[""bowl"",""plate""]",single_move_asset_to_target,"[3458,2781,1228,228,4064]",grounded,"[3458,2781,1228,228,4064]",0.7544512748718262,abstract,[],0.9034629464149475
528,both_missing,some_absent,"[""bowl"",""plate""]",single_move_asset_to_target,"[1571,3755,3365,1228,4735]",grounded,"[1571,3755,3365,1228,4735]",0.6041235327720642,abstract,[],0.9034629464149475
529,plate_missing,some_absent,"[""plate""]",ensure_all_fruits_on_table,"[940,1197,398,1287,352]",grounded,"[940,1197,398,1287,352]",0.5748868584632874,abstract,[],0.9034629464149475
530,plate_missing,some_absent,"[""plate""]",ensure_all_fruits_on_table,"[1428,2075,56,383,1401]",grounded,"[1428,2075,56,383,1401]",0.5903847217559814,abstract,[],0.9034629464149475
531,bowl_missing,some_absent,"[""bowl""]",ensure_all_fruits_on_table,"[73,2780,57,1222,1428]",grounded,"[73,2780,57,1222,1428]",0.5554057359695435,abstract,[],0.9034629464149475
532,bowl_missing,some_absent,"[""bowl""]",ensure_all_fruits_on_table,"[940,1197,398,1287,352]",grounded,"[940,1197,398,1287,352]",0.5748868584632874,abstract,[],0.9034629464149475
533,bowl_missing,some_absent,"[""bowl""]",ensure_all_fruits_on_table,"[73,2780,57,1222,1428]",grounded,"[73,2780,57,1222,1428]",0.5554057359695435,abstract,[],0.9034629464149475
534,bowl_missing,some_absent,"[""bowl""]",single_move_asset_to_target,"[1571,3755,3365,1228,4735]",grounded,"[1571,3755,3365,1228,4735]",0.6041235327720642,abstract,[],0.9034629464149475
535,bowl_missing,some_absent,"[""bowl""]",sequential_pick_two_and_place,"[583,2873,766,460,5685]",grounded,"[583,2873,766,460,5685]",0.5971207618713379,abstract,[],0.9034629464149475
536,bowl_missing,some_absent,"[""bowl""]",single_move_asset_to_target,"[3458,2781,1228,228,4064]",grounded,"[3458,2781,1228,228,4064]",0.7544512748718262,abstract,[],0.9034629464149475
537,both_missing,some_absent,"[""bowl"",""plate""]",ensure_all_fruits_on_table,"[38,416,548,2909,161]",grounded,"[38,416,548,2909,161]",0.6202490329742432,abstract,[],0.9034629464149475
538,both_missing,some_absent,"[""bowl"",""plate""]",ensure_all_fruits_on_table,"[73,2780,57,1222,1428]",grounded,"[73,2780,57,1222,1428]",0.5554057359695435,abstract,[],0.9034629464149475
539,both_missing,some_absent,"[""bowl"",""plate""]",single_move_asset_to_target,"[3458,228,2781,1880,4735]",grounded,"[3458,228,2781,1880,4735]",0.7524831295013428,abstract,[],0.9034629464149475
540,plate_missing,some_absent,"[""plate""]",single_move_asset_to_target,"[1571,3755,3365,1228,4735]",grounded,"[1571,3755,3365,1228,4735]",0.6041235327720642,abstract,[],0.9034629464149475
541,bowl_missing,some_absent,"[""bowl""]",sequential_pick_two_and_place,"[2700,2742,3597,2873,3152]",grounded,"[2700,2742,3597,2873,3152]",0.5883311033248901,abstract,[],0.9034629464149475
542,plate_missing,some_absent,"[""plate""]",single_move_asset_to_target,"[3458,228,2781,1880,4735]",grounded,"[3458,228,2781,1880,4735]",0.7524831295013428,abstract,[],0.9034629464149475
543,bowl_missing,some_absent,"[""bowl""]",ensure_all_fruits_on_table,"[940,1197,398,1287,352]",grounded,"[940,1197,398,1287,352]",0.5748868584632874,abstract,[],0.9034629464149475
544,both_missing,some_absent,"[""bowl"",""plate""]",ensure_all_fruits_on_table,"[1401,2069,129,316,1428]",grounded,"[1401,2069,129,316,1428]",0.550321638584137,abstract,[],0.9034629464149475
545,plate_missing,some_absent,"[""plate""]",ensure_all_fruits_on_table,"[1428,2075,56,383,1401]",grounded,"[1428,2075,56,383,1401]",0.5903847217559814,abstract,[],0.9034629464149475
546,both_missing,some_absent,"[""bowl"",""plate""]",sequential_pick_two_and_place,"[583,2873,766,460,5685]",grounded,"[583,2873,766,460,5685]",0.5971207618713379,abstract,[],0.9034629464149475
547,both_missing,some_absent,"[""bowl"",""plate""]",ensure_all_fruits_on_table,"[1401,2069,129,316,1428]",grounded,"[1401,2069,129,316,1428]",0.550321638584137,abstract,[],0.9034629464149475
548,both_missing,some_absent,"[""bowl"",""plate""]",sequential_pick_two_and_place,"[583,2873,766,460,5685]",grounded,"[583,2873,766,460,5685]",0.5971207618713379,abstract,[],0.9034629464149475
549,both_missing,some_absent,"[""bowl"",""plate""]",ensure_all_fruits_on_table,"[73,2780,57,1222,1428]",grounded,"[73,2780,57,1222,1428]",0.5554057359695435,abstract,[],0.9034629464149475
550,plate_missing,some_absent,"[""plate""]",ensure_all_fruits_on_table,"[1401,2069,129,316,1428]",grounded,"[1401,2069,129,316,1428]",0.550321638584137,abstract,[],0.9034629464149475
551,bowl_missing,some_absent,"[""bowl""]",ensure_all_fruits_on_table,"[38,416,548,2909,161]",grounded,"[38,416,548,2909,161]",0.6202490329742432,abstract,[],0.9034629464149475
552,plate_missing,some_absent,"[""plate""]",ensure_all_fruits_on_table,"[940,1197,398,1287,352]",grounded,"[940,1197,398,1287,352]",0.5748868584632874,abstract,[],0.9034629464149475
553,bowl_missing,some_absent,"[""bowl""]",ensure_all_fruits_on_table,"[73,2780,57,1222,1428]",grounded,"[73,2780,57,1222,1428]",0.5554057359695435,abstract,[],0.9034629464149475
554,plate_missing,some_absent,"[""plate""]",sequential_pick_two_and_place,"[2700,2742,3597,2873,3152]",grounded,"[2700,2742,3597,2873,3152]",0.5883311033248901,abstract,[],0.9034629464149475
555,bowl_missing,some_absent,"[""bowl""]",ensure_all_fruits_on_table,"[38,416,548,2909,161]",grounded,"[38,416,548,2909,161]",0.6202490329742432,abstract,[],0.9034629464149475
556,bowl_missing,some_absent,"[""bowl""]",single_move_asset_to_target,"[3458,228,2781,1880,4735]",grounded,"[3458,228,2781,1880,4735]",0.7524831295013428,abstract,[],0.9034629464149475
557,bowl_missing,some_absent,"[""bowl""]",ensure_all_fruits_on_table,"[73,2780,57,1222,1428]",grounded,"[73,2780,57,1222,1428]",0.5554057359695435,abstract,[],0.9034629464149475
558,plate_missing,some_absent,"[""plate""]",single_move_asset_to_target,"[3458,2781,1228,228,4064]",grounded,"[3458,2781,1228,228,4064]",0.7544512748718262,abstract,[],0.9034629464149475
559,plate_missing,some_absent,"[""plate""]",single_move_asset_to_target,"[3458,2781,1228,228,4064]",grounded,"[3458,2781,1228,228,4064]",0.7544512748718262,abstract,[],0.9034629464149475
560,bowl_missing,some_absent,"[""bowl""]",single_move_asset_to_target,"[1571,3755,3365,1228,4735]",grounded,"[1571,3755,3365,1228,4735]",0.6041235327720642,abstract,[],0.9034629464149475
561,both_missing,some_absent,"[""bowl"",""plate""]",single_move_asset_to_target,"[1571,3755,3365,1228,4735]",grounded,"[1571,3755,3365,1228,4735]",0.6041235327720642,abstract,[],0.9034629464149475
562,both_missing,some_absent,"[""bowl"",""plate""]",ensure_all_fruits_on_table,"[73,2780,57,1222,1428]",grounded,"[73,2780,57,1222,1428]",0.5554057359695435,abstract,[],0.9034629464149475
563,plate_missing,some_absent,"[""plate""]",ensure_all_fruits_on_table,"[38,416,548,2909,161]",grounded,"[38,416,548,2909,161]",0.6202490329742432,abstract,[],0.9034629464149475
564,both_missing,some_absent,"[""bowl"",""plate""]",sequential_pick_two_and_place,"[583,2873,766,460,5685]",grounded,"[583,2873,766,460,5685]",0.5971207618713379,abstract,[],0.9034629464149475
565,plate_missing,some_absent,"[""plate""]",single_move_asset_to_target,"[3458,228,2781,1880,4735]",grounded,"[3458,228,2781,1880,4735]",0.7524831295013428,abstract,[],0.9034629464149475
566,plate_missing,some_absent,"[""plate""]",sequential_pick_two_and_place,"[2700,2742,3597,2873,3152]",grounded,"[2700,2742,3597,2873,3152]",0.5883311033248901,abstract,[],0.9034629464149475
567,plate_missing,some_absent,"[""plate""]",single_move_asset_to_target,"[1571,3755,3365,1228,4735]",grounded,"[1571,3755,3365,1228,4735]",0.6041235327720642,abstract,[],0.9034629464149475
568,both_missing,some_absent,"[""bowl"",""plate""]",ensure_all_fruits_on_table,"[73,2780,57,1222,1428]",grounded,"[73,2780,57,1222,1428]",0.5554057359695435,abstract,[],0.9034629464149475
569,plate_missing,some_absent,"[""plate""]",single_move_asset_to_target,"[3458,228,2781,1880,4735]",grounded,"[3458,228,2781,1880,4735]",0.7524831295013428,abstract,[],0.9034629464149475
570,both_missing,some_absent,"[""bowl"",""plate""]",sequential_pick_two_and_place,"[583,2873,766,460,5685]",grounded,"[583,2873,766,460,5685]",0.5971207618713379,abstract,[],0.9034629464149475
571,bowl_missing,some_absent,"[""bowl""]",ensure_all_fruits_on_table,"[940,1197,398,1287,352]",grounded,"[940,1197,398,1287,352]",0.5748868584632874,abstract,[],0.9034629464149475
572,plate_missing,some_absent,"[""plate""]",ensure_all_fruits_on_table,"[940,1197,398,1287,352]",grounded,"[940,1197,398,1287,352]",0.5748868584632874,abstract,[],0.9034629464149475
573,bowl_missing,some_absent,"[""bowl""]",ensure_all_fruits_on_table,"[1428,2075,56,383,1401]",grounded,"[1428,2075,56,383,1401]",0.5903847217559814,abstract,[],0.9034629464149475
574,plate_missing,some_absent,"[""plate""]",ensure_all_fruits_on_table,"[73,2780,57,1222,1428]",grounded,"[73,2780,57,1222,1428]",0.5554057359695435,abstract,[],0.9034629464149475
575,both_missing,some_absent,"[""bowl"",""plate""]",ensure_all_fruits_on_table,"[73,2780,57,1222,1428]",grounded,"[73,2780,57,1222,1428]",0.5554057359695435,abstract,[],0.9034629464149475
576,plate_missing,some_absent,"[""plate""]",single_move_asset_to_target,"[3458,228,2781,1880,4735]",grounded,"[3458,228,2781,1880,4735]",0.7524831295013428,abstract,[],0.9034629464149475
577,plate_missing,some_absent,"[""plate""]",ensure_all_fruits_on_table,"[38,416,548,2909,161]",grounded,"[38,416,548,2909,161]",0.6202490329742432,abstract,[],0.9034629464149475
578,bowl_missing,some_absent,"[""bowl""]",ensure_all_fruits_on_table,"[940,1197,398,1287,352]",grounded,"[940,1197,398,1287,352]",0.5748868584632874,abstract,[],0.9034629464149475
579,both_missing,some_absent,"[""bowl"",""plate""]",ensure_all_fruits_on_table,"[73,2780,57,1222,1428]",grounded,"[73,2780,57,1222,1428]",0.5554057359695435,abstract,[],0.9034629464149475
580,both_missing,some_absent,"[""bowl"",""plate""]",sequential_pick_two_and_place,"[2700,2742,3597,2873,3152]",grounded,"[2700,2742,3597,2873,3152]",0.5883311033248901,abstract,[],0.9034629464149475
581,plate_missing,some_absent,"[""plate""]",single_move_asset_to_target,"[3458,228,2781,1880,4735]",grounded,"[3458,228,2781,1880,4735]",0.7524831295013428,abstract,[],0.9034629464149475
582,both_missing,some_absent,"[""bowl"",""plate""]",ensure_all_fruits_on_table,"[73,2780,57,1222,1428]",grounded,"[73,2780,57,1222,1428]",0.5554057359695435,abstract,[],0.9034629464149475
583,both_missing,some_absent,"[""bowl"",""plate""]",ensure_all_fruits_on_table,"[940,1197,398,1287,352]",grounded,"[940,1197,398,1287,352]",0.5748868584632874,abstract,[],0.9034629464149475
584,both_missing,some_absent,"[""bowl"",""plate""]",sequential_pick_two_and_place,"[2700,2742,3597,2873,3152]",grounded,"[2700,2742,3597,2873,3152]",0.5883311033248901,abstract,[],0.9034629464149475
585,plate_missing,some_absent,"[""plate""]",ensure_all_fruits_on_table,"[73,2780,57,1222,1428]",grounded,"[73,2780,57,1222,1428]",0.5554057359695435,abstract,[],0.9034629464149475
586,plate_missing,some_absent,"[""plate""]",ensure_all_fruits_on_table,"[1428,2075,56,383,1401]",grounded,"[1428,2075,56,383,1401]",0.5903847217559814,abstract,[],0.9034629464149475
587,both_missing,some_absent,"[""bowl"",""plate""]",single_move_asset_to_target,"[3458,2781,1228,228,4064]",grounded,"[3458,2781,1228,228,4064]",0.7544512748718262,abstract,[],0.9034629464149475
588,bowl_missing,some_absent,"[""bowl""]",single_move_asset_to_target,"[3458,228,2781,1880,4735]",grounded,"[3458,228,2781,1880,4735]",0.7524831295013428,abstract,[],0.9034629464149475
589,plate_missing,some_absent,"[""plate""]",single_move_asset_to_target,"[1571,3755,3365,1228,4735]",grounded,"[1571,3755,3365,1228,4735]",0.6041235327720642,abstract,[],0.9034629464149475
590,bowl_missing,some_absent,"[""bowl""]",ensure_all_fruits_on_table,"[1401,2069,129,316,1428]",grounded,"[1401,2069,129,316,1428]",0.550321638584137,abstract,[],0.9034629464149475
591,plate_missing,some_absent,"[""plate""]",single_move_asset_to_target,"[3458,2781,1228,228,4064]",grounded,"[3458,2781,1228,228,4064]",0.7544512748718262,abstract,[],0.9034629464149475
592,plate_missing,some_absent,"[""plate""]",ensure_all_fruits_on_table,"[38,416,548,2909,161]",grounded,"[38,416,548,2909,161]",0.6202490329742432,abstract,[],0.9034629464149475
593,bowl_missing,some_absent,"[""bowl""]",ensure_all_fruits_on_table,"[1428,2075,56,383,1401]",grounded,"[1428,2075,56,383,1401]",0.5903847217559814,abstract,[],0.9034629464149475
594,bowl_missing,some_absent,"[""bowl""]",ensure_all_fruits_on_table,"[1428,2075,56,383,1401]",grounded,"[1428,2075,56,383,1401]",0.5903847217559814,abstract,[],0.9034629464149475
595,bowl_missing,some_absent,"[""bowl""]",sequential_pick_two_and_place,"[2700,2742,3597,2873,3152]",grounded,"[2700,2742,3597,2873,3152]",0.5883311033248901,abstract,[],0.9034629464149475
596,both_missing,some_absent,"[""bowl"",""plate""]",sequential_pick_two_and_place,"[583,2873,766,460,5685]",grounded,"[583,2873,766,460,5685]",0.5971207618713379,abstract,[],0.9034629464149475
597,bowl_missing,some_absent,"[""bowl""]",ensure_all_fruits_on_table,"[1401,2069,129,316,1428]",grounded,"[1401,2069,129,316,1428]",0.550321638584137,abstract,[],0.9034629464149475
598,both_missing,some_absent,"[""bowl"",""plate""]",ensure_all_fruits_on_table,"[940,1197,398,1287,352]",grounded,"[940,1197,398,1287,352]",0.5748868584632874,abstract,[],0.9034629464149475
599,both_missing,some_absent,"[""bowl"",""plate""]",ensure_all_fruits_on_table,"[1428,2075,56,383,1401]",grounded,"[1428,2075,56,383,1401]",0.5903847217559814,abstract,[],0.9034629464149475
600,both_missing,some_absent,"[""bowl"",""plate""]",ensure_all_fruits_on_table,"[940,1197,398,1287,352]",grounded,"[940,1197,398,1287,352]",0.5748868584632874,abstract,[],0.9034629464149475
601,bowl_missing,some_absent,"[""bowl""]",sequential_pick_two_and_place,"[583,2873,766,460,5685]",grounded,"[583,2873,766,460,5685]",0.5971207618713379,abstract,[],0.9034629464149475
602,plate_missing,some_absent,"[""plate""]",sequential_pick_two_and_place,"[583,2873,766,460,5685]",grounded,"[583,2873,766,460,5685]",0.5971207618713379,abstract,[],0.9034629464149475
603,bowl_missing,some_absent,"[""bowl""]",ensure_all_fruits_on_table,"[38,416,548,2909,161]",grounded,"[38,416,548,2909,161]",0.6202490329742432,abstract,[],0.9034629464149475
604,both_missing,some_absent,"[""bowl"",""plate""]",ensure_all_fruits_on_table,"[1401,2069,129,316,1428]",grounded,"[1401,2069,129,316,1428]",0.550321638584137,abstract,[],0.9034629464149475
605,plate_missing,some_absent,"[""plate""]",ensure_all_fruits_on_table,"[1428,2075,56,383,1401]",grounded,"[1428,2075,56,383,1401]",0.5903847217559814,abstract,[],0.9034629464149475
606,plate_missing,some_absent,"[""plate""]",sequential_pick_two_and_place,"[583,2873,766,460,5685]",grounded,"[583,2873,766,460,5685]",0.5971207618713379,abstract,[],0.9034629464149475
607,bowl_missing,some_absent,"[""bowl""]",single_move_asset_to_target,"[3458,228,2781,1880,4735]",grounded,"[3458,228,2781,1880,4735]",0.7524831295013428,abstract,[],0.9034629464149475
608,both_missing,some_absent,"[""bowl"",""plate""]",sequential_pick_two_and_place,"[583,2873,766,460,5685]",grounded,"[583,2873,766,460,5685]",0.5971207618713379,abstract,[],0.9034629464149475
609,bowl_missing,some_absent,"[""bowl""]",ensure_all_fruits_on_table,"[73,2780,57,1222,1428]",grounded,"[73,2780,57,1222,1428]",0.5554057359695435,abstract,[],0.9034629464149475
610,plate_missing,some_absent,"[""plate""]",ensure_all_fruits_on_table,"[73,2780,57,1222,1428]",grounded,"[73,2780,57,1222,1428]",0.5554057359695435,abstract,[],0.9034629464149475
611,plate_missing,some_absent,"[""plate""]",ensure_all_fruits_on_table,"[38,416,548,2909,161]",grounded,"[38,416,548,2909,161]",0.6202490329742432,abstract,[],0.9034629464149475
612,bowl_missing,some_absent,"[""bowl""]",ensure_all_fruits_on_table,"[940,1197,398,1287,352]",grounded,"[940,1197,398,1287,352]",0.5748868584632874,abstract,[],0.9034629464149475
613,both_missing,some_absent,"[""bowl"",""plate""]",ensure_all_fruits_on_table,"[940,1197,398,1287,352]",grounded,"[940,1197,398,1287,352]",0.5748868584632874,abstract,[],0.9034629464149475
614,plate_missing,some_absent,"[""plate""]",single_move_asset_to_target,"[3458,2781,1228,228,4064]",grounded,"[3458,2781,1228,228,4064]",0.7544512748718262,abstract,[],0.9034629464149475
615,bowl_missing,some_absent,"[""bowl""]",ensure_all_fruits_on_table,"[1428,2075,56,383,1401]",grounded,"[1428,2075,56,383,1401]",0.5903847217559814,abstract,[],0.9034629464149475
616,plate_missing,some_absent,"[""plate""]",ensure_all_fruits_on_table,"[940,1197,398,1287,352]",grounded,"[940,1197,398,1287,352]",0.5748868584632874,abstract,[],0.9034629464149475
617,bowl_missing,some_absent,"[""bowl""]",ensure_all_fruits_on_table,"[1428,2075,56,383,1401]",grounded,"[1428,2075,56,383,1401]",0.5903847217559814,abstract,[],0.9034629464149475
618,both_missing,some_absent,"[""bowl"",""plate""]",ensure_all_fruits_on_table,"[38,416,548,2909,161]",grounded,"[38,416,548,2909,161]",0.6202490329742432,abstract,[],0.9034629464149475
619,plate_missing,some_absent,"[""plate""]",ensure_all_fruits_on_table,"[38,416,548,2909,161]",grounded,"[38,416,548,2909,161]",0.6202490329742432,abstract,[],0.9034629464149475
620,both_missing,some_absent,"[""bowl"",""plate""]",ensure_all_fruits_on_table,"[1401,2069,129,316,1428]",grounded,"[1401,2069,129,316,1428]",0.550321638584137,abstract,[],0.9034629464149475
621,bowl_missing,some_absent,"[""bowl""]",single_move_asset_to_target,"[3458,228,2781,1880,4735]",grounded,"[3458,228,2781,1880,4735]",0.7524831295013428,abstract,[],0.9034629464149475
622,bowl_missing,some_absent,"[""bowl""]",ensure_all_fruits_on_table,"[1428,2075,56,383,1401]",grounded,"[1428,2075,56,383,1401]",0.5903847217559814,abstract,[],0.9034629464149475
623,bowl_missing,some_absent,"[""bowl""]",ensure_all_fruits_on_table,"[1401,2069,129,316,1428]",grounded,"[1401,2069,129,316,1428]",0.550321638584137,abstract,[],0.9034629464149475
624,bowl_missing,some_absent,"[""bowl""]",ensure_all_fruits_on_table,"[1428,2075,56,383,1401]",grounded,"[1428,2075,56,383,1401]",0.5903847217559814,abstract,[],0.9034629464149475
625,bowl_missing,some_absent,"[""bowl""]",sequential_pick_two_and_place,"[2700,2742,3597,2873,3152]",grounded,"[2700,2742,3597,2873,3152]",0.5883311033248901,abstract,[],0.9034629464149475
626,bowl_missing,some_absent,"[""bowl""]",sequential_pick_two_and_place,"[583,2873,766,460,5685]",grounded,"[583,2873,766,460,5685]",0.5971207618713379,abstract,[],0.9034629464149475
627,both_missing,some_absent,"[""bowl"",""plate""]",sequential_pick_two_and_place,"[2700,2742,3597,2873,3152]",grounded,"[2700,2742,3597,2873,3152]",0.5883311033248901,abstract,[],0.9034629464149475
628,both_missing,some_absent,"[""bowl"",""plate""]",single_move_asset_to_target,"[3458,2781,1228,228,4064]",grounded,"[3458,2781,1228,228,4064]",0.7544512748718262,abstract,[],0.9034629464149475
629,bowl_missing,some_absent,"[""bowl""]",ensure_all_fruits_on_table,"[940,1197,398,1287,352]",grounded,"[940,1197,398,1287,352]",0.5748868584632874,abstract,[],0.9034629464149475
630,bowl_missing,some_absent,"[""bowl""]",sequential_pick_two_and_place,"[583,2873,766,460,5685]",grounded,"[583,2873,766,460,5685]",0.5971207618713379,abstract,[],0.9034629464149475
631,bowl_missing,some_absent,"[""bowl""]",sequential_pick_two_and_place,"[2700,2742,3597,2873,3152]",grounded,"[2700,2742,3597,2873,3152]",0.5883311033248901,abstract,[],0.9034629464149475
632,bowl_missing,some_absent,"[""bowl""]",single_move_asset_to_target,"[3458,228,2781,1880,4735]",grounded,"[3458,228,2781,1880,4735]",0.7524831295013428,abstract,[],0.9034629464149475
633,both_missing,some_absent,"[""bowl"",""plate""]",sequential_pick_two_and_place,"[2700,2742,3597,2873,3152]",grounded,"[2700,2742,3597,2873,3152]",0.5883311033248901,abstract,[],0.9034629464149475
634,bowl_missing,some_absent,"[""bowl""]",single_move_asset_to_target,"[1571,3755,3365,1228,4735]",grounded,"[1571,3755,3365,1228,4735]",0.6041235327720642,abstract,[],0.9034629464149475
635,both_missing,some_absent,"[""bowl"",""plate""]",ensure_all_fruits_on_table,"[73,2780,57,1222,1428]",grounded,"[73,2780,57,1222,1428]",0.5554057359695435,abstract,[],0.9034629464149475
636,both_missing,some_absent,"[""bowl"",""plate""]",ensure_all_fruits_on_table,"[1428,2075,56,383,1401]",grounded,"[1428,2075,56,383,1401]",0.5903847217559814,abstract,[],0.9034629464149475
637,both_missing,some_absent,"[""bowl"",""plate""]",ensure_all_fruits_on_table,"[73,2780,57,1222,1428]",grounded,"[73,2780,57,1222,1428]",0.5554057359695435,abstract,[],0.9034629464149475
638,bowl_missing,some_absent,"[""bowl""]",single_move_asset_to_target,"[3458,228,2781,1880,4735]",grounded,"[3458,228,2781,1880,4735]",0.7524831295013428,abstract,[],0.9034629464149475
639,both_missing,some_absent,"[""bowl"",""plate""]",single_move_asset_to_target,"[1571,3755,3365,1228,4735]",grounded,"[1571,3755,3365,1228,4735]",0.6041235327720642,abstract,[],0.9034629464149475
640,plate_missing,some_absent,"[""plate""]",ensure_all_fruits_on_table,"[940,1197,398,1287,352]",grounded,"[940,1197,398,1287,352]",0.5748868584632874,abstract,[],0.9034629464149475
641,bowl_missing,some_absent,"[""bowl""]",ensure_all_fruits_on_table,"[73,2780,57,1222,1428]",grounded,"[73,2780,57,1222,1428]",0.5554057359695435,abstract,[],0.9034629464149475
642,bowl_missing,some_absent,"[""bowl""]",single_move_asset_to_target,"[1571,3755,3365,1228,4735]",grounded,"[1571,3755,3365,1228,4735]",0.6041235327720642,abstract,[],0.9034629464149475
643,both_missing,some_absent,"[""bowl"",""plate""]",ensure_all_fruits_on_table,"[73,2780,57,1222,1428]",grounded,"[73,2780,57,1222,1428]",0.5554057359695435,abstract,[],0.9034629464149475
644,bowl_missing,some_absent,"[""bowl""]",ensure_all_fruits_on_table,"[38,416,548,2909,161]",grounded,"[38,416,548,2909,161]",0.6202490329742432,abstract,[],0.9034629464149475
645,both_missing,some_absent,"[""bowl"",""plate""]",sequential_pick_two_and_place,"[2700,2742,3597,2873,3152]",grounded,"[2700,2742,3597,2873,3152]",0.5883311033248901,abstract,[],0.9034629464149475
646,bowl_missing,some_absent,"[""bowl""]",ensure_all_fruits_on_table,"[1401,2069,129,316,1428]",grounded,"[1401,2069,129,316,1428]",0.550321638584137,abstract,[],0.9034629464149475
647,plate_missing,some_absent,"[""plate""]",sequential_pick_two_and_place,"[583,2873,766,460,5685]",grounded,"[583,2873,766,460,5685]",0.5971207618713379,abstract,[],0.9034629464149475
648,plate_missing,some_absent,"[""plate""]",single_move_asset_to_target,"[3458,2781,1228,228,4064]",grounded,"[3458,2781,1228,228,4064]",0.7544512748718262,abstract,[],0.9034629464149475
649,plate_missing,some_absent,"[""plate""]",sequential_pick_two_and_place,"[583,2873,766,460,5685]",grounded,"[583,2873,766,460,5685]",0.5971207618713379,abstract,[],0.9034629464149475
650,plate_missing,some_absent,"[""plate""]",ensure_all_fruits_on_table,"[1428,2075,56,383,1401]",grounded,"[1428,2075,56,383,1401]",0.5903847217559814,abstract,[],0.9034629464149475
651,both_missing,some_absent,"[""bowl"",""plate""]",sequential_pick_two_and_place,"[583,2873,766,460,5685]",grounded,"[583,2873,766,460,5685]",0.5971207618713379,abstract,[],0.9034629464149475
652,both_missing,some_absent,"[""bowl"",""plate""]",ensure_all_fruits_on_table,"[73,2780,57,1222,1428]",grounded,"[73,2780,57,1222,1428]",0.5554057359695435,abstract,[],0.9034629464149475
653,bowl_missing,some_absent,"[""bowl""]",single_move_asset_to_target,"[3458,228,2781,1880,4735]",grounded,"[3458,228,2781,1880,4735]",0.7524831295013428,abstract,[],0.9034629464149475
654,bowl_missing,some_absent,"[""bowl""]",ensure_all_fruits_on_table,"[940,1197,398,1287,352]",grounded,"[940,1197,398,1287,352]",0.5748868584632874,abstract,[],0.9034629464149475
655,plate_missing,some_absent,"[""plate""]",single_move_asset_to_target,"[3458,2781,1228,228,4064]",grounded,"[3458,2781,1228,228,4064]",0.7544512748718262,abstract,[],0.9034629464149475
656,plate_missing,some_absent,"[""plate""]",sequential_pick_two_and_place,"[2700,2742,3597,2873,3152]",grounded,"[2700,2742,3597,2873,3152]",0.5883311033248901,abstract,[],0.9034629464149475
657,plate_missing,some_absent,"[""plate""]",ensure_all_fruits_on_table,"[1428,2075,56,383,1401]",grounded,"[1428,2075,56,383,1401]",0.5903847217559814,abstract,[],0.9034629464149475
658,both_missing,some_absent,"[""bowl"",""plate""]",ensure_all_fruits_on_table,"[940,1197,398,1287,352]",grounded,"[940,1197,398,1287,352]",0.5748868584632874,abstract,[],0.9034629464149475
659,plate_missing,some_absent,"[""plate""]",single_move_asset_to_target,"[1571,3755,3365,1228,4735]",grounded,"[1571,3755,3365,1228,4735]",0.6041235327720642,abstract,[],0.9034629464149475
660,bowl_missing,some_absent,"[""bowl""]",single_move_asset_to_target,"[3458,2781,1228,228,4064]",grounded,"[3458,2781,1228,228,4064]",0.7544512748718262,abstract,[],0.9034629464149475
661,bowl_missing,some_absent,"[""bowl""]",ensure_all_fruits_on_table,"[38,416,548,2909,161]",grounded,"[38,416,548,2909,161]",0.6202490329742432,abstract,[],0.9034629464149475
662,plate_missing,some_absent,"[""plate""]",ensure_all_fruits_on_table,"[940,1197,398,1287,352]",grounded,"[940,1197,398,1287,352]",0.5748868584632874,abstract,[],0.9034629464149475
663,both_missing,some_absent,"[""bowl"",""plate""]",ensure_all_fruits_on_table,"[73,2780,57,1222,1428]",grounded,"[73,2780,57,1222,1428]",0.5554057359695435,abstract,[],0.9034629464149475
664,plate_missing,some_absent,"[""plate""]",ensure_all_fruits_on_table,"[202,3660,398,1287,855]",grounded,"[202,3660,398,1287,855]",0.49803799390792847,abstract,[],0.9034629464149475
665,plate_missing,some_absent,"[""plate""]",single_move_asset_to_target,"[3458,228,2781,1880,4735]",grounded,"[3458,228,2781,1880,4735]",0.7524831295013428,abstract,[],0.9034629464149475
666,plate_missing,some_absent,"[""plate""]",ensure_all_fruits_on_table,"[1401,2069,129,316,1428]",grounded,"[1401,2069,129,316,1428]",0.550321638584137,abstract,[],0.9034629464149475
667,plate_missing,some_absent,"[""plate""]",single_move_asset_to_target,"[3458,228,2781,1880,4735]",grounded,"[3458,228,2781,1880,4735]",0.7524831295013428,abstract,[],0.9034629464149475
668,bowl_missing,some_absent,"[""bowl""]",sequential_pick_two_and_place,"[583,2873,766,460,5685]",grounded,"[583,2873,766,460,5685]",0.5971207618713379,abstract,[],0.9034629464149475
669,bowl_missing,some_absent,"[""bowl""]",ensure_all_fruits_on_table,"[202,3660,398,1287,855]",grounded,"[202,3660,398,1287,855]",0.49803799390792847,abstract,[],0.9034629464149475
670,bowl_missing,some_absent,"[""bowl""]",sequential_pick_two_and_place,"[583,2873,766,460,5685]",grounded,"[583,2873,766,460,5685]",0.5971207618713379,abstract,[],0.9034629464149475
671,bowl_missing,some_absent,"[""bowl""]",sequential_pick_two_and_place,"[583,2873,766,460,5685]",grounded,"[583,2873,766,460,5685]",0.5971207618713379,abstract,[],0.9034629464149475
672,both_missing,some_absent,"[""bowl"",""plate""]",ensure_all_fruits_on_table,"[940,1197,398,1287,352]",grounded,"[940,1197,398,1287,352]",0.5748868584632874,abstract,[],0.9034629464149475
673,bowl_missing,some_absent,"[""bowl""]",serve_bread_after_checking_cabinet,"[2767,3266,143,2943,245]",grounded,"[2767,3266,143,2943,245]",0.6213803291320801,abstract,[],0.9034629464149475
674,plate_missing,some_absent,"[""plate""]",sequential_pick_two_and_place,"[583,2873,766,460,5685]",grounded,"[583,2873,766,460,5685]",0.5971207618713379,abstract,[],0.9034629464149475
675,bowl_missing,some_absent,"[""bowl""]",serve_bread_after_checking_cabinet,"[2767,3266,143,2943,245]",grounded,"[2767,3266,143,2943,245]",0.6213803291320801,abstract,[],0.9034629464149475
676,both_missing,some_absent,"[""bowl"",""plate""]",ensure_all_fruits_on_table,"[73,2780,57,1222,1428]",grounded,"[73,2780,57,1222,1428]",0.5554057359695435,abstract,[],0.9034629464149475
677,plate_missing,some_absent,"[""plate""]",sequential_pick_two_and_place,"[2700,2742,3597,2873,3152]",grounded,"[2700,2742,3597,2873,3152]",0.5883311033248901,abstract,[],0.9034629464149475
678,bowl_missing,some_absent,"[""bowl""]",sequential_pick_two_and_place,"[583,2873,766,460,5685]",grounded,"[583,2873,766,460,5685]",0.5971207618713379,abstract,[],0.9034629464149475
679,both_missing,some_absent,"[""bowl"",""plate""]",single_move_asset_to_target,"[3458,228,2781,1880,4735]",grounded,"[3458,228,2781,1880,4735]",0.7524831295013428,abstract,[],0.9034629464149475
680,both_missing,some_absent,"[""bowl"",""plate""]",ensure_all_fruits_on_table,"[202,3660,398,1287,855]",grounded,"[202,3660,398,1287,855]",0.49803799390792847,abstract,[],0.9034629464149475
681,both_missing,some_absent,"[""bowl"",""plate""]",ensure_all_fruits_on_table,"[202,3660,398,1287,855]",grounded,"[202,3660,398,1287,855]",0.49803799390792847,abstract,[],0.9034629464149475
682,bowl_missing,some_absent,"[""bowl""]",sequential_pick_two_and_place,"[583,2873,766,460,5685]",grounded,"[583,2873,766,460,5685]",0.5971207618713379,abstract,[],0.9034629464149475
683,both_missing,some_absent,"[""bowl"",""plate""]",ensure_all_fruits_on_table,"[1401,2069,129,316,1428]",grounded,"[1401,2069,129,316,1428]",0.550321638584137,abstract,[],0.9034629464149475
684,plate_missing,some_absent,"[""plate""]",serve_bread_after_checking_cabinet,"[2767,3266,143,2943,245]",grounded,"[2767,3266,143,2943,245]",0.6213803291320801,abstract,[],0.9034629464149475
685,bowl_missing,some_absent,"[""bowl""]",ensure_all_fruits_on_table,"[1401,2069,129,316,1428]",grounded,"[1401,2069,129,316,1428]",0.550321638584137,abstract,[],0.9034629464149475
686,both_missing,some_absent,"[""bowl"",""plate""]",sequential_pick_two_and_place,"[2700,2742,3597,2873,3152]",grounded,"[2700,2742,3597,2873,3152]",0.5883311033248901,abstract,[],0.9034629464149475
687,both_missing,some_absent,"[""bowl"",""plate""]",ensure_all_fruits_on_table,"[1401,2069,129,316,1428]",grounded,"[1401,2069,129,316,1428]",0.550321638584137,abstract,[],0.9034629464149475
688,bowl_missing,some_absent,"[""bowl""]",ensure_all_fruits_on_table,"[202,3660,398,1287,855]",grounded,"[202,3660,398,1287,855]",0.49803799390792847,abstract,[],0.9034629464149475
689,both_missing,some_absent,"[""bowl"",""plate""]",sequential_pick_two_and_place,"[583,2873,766,460,5685]",grounded,"[583,2873,766,460,5685]",0.5971207618713379,abstract,[],0.9034629464149475
690,both_missing,some_absent,"[""bowl"",""plate""]",ensure_all_fruits_on_table,"[940,1197,398,1287,352]",grounded,"[940,1197,398,1287,352]",0.5748868584632874,abstract,[],0.9034629464149475
691,bowl_missing,some_absent,"[""bowl""]",single_move_asset_to_target,"[3458,228,2781,1880,4735]",grounded,"[3458,228,2781,1880,4735]",0.7524831295013428,abstract,[],0.9034629464149475
692,plate_missing,some_absent,"[""plate""]",serve_bread_after_checking_cabinet,"[2767,3266,143,2943,245]",grounded,"[2767,3266,143,2943,245]",0.6213803291320801,abstract,[],0.9034629464149475
693,bowl_missing,some_absent,"[""bowl""]",sequential_pick_two_and_place,"[2700,2742,3597,2873,3152]",grounded,"[2700,2742,3597,2873,3152]",0.5883311033248901,abstract,[],0.9034629464149475
694,bowl_missing,some_absent,"[""bowl""]",ensure_all_fruits_on_table,"[202,3660,398,1287,855]",grounded,"[202,3660,398,1287,855]",0.49803799390792847,abstract,[],0.9034629464149475
695,both_missing,some_absent,"[""bowl"",""plate""]",ensure_all_fruits_on_table,"[1401,2069,129,316,1428]",grounded,"[1401,2069,129,316,1428]",0.550321638584137,abstract,[],0.9034629464149475
696,both_missing,some_absent,"[""bowl"",""plate""]",ensure_all_fruits_on_table,"[1428,2075,56,383,1401]",grounded,"[1428,2075,56,383,1401]",0.5903847217559814,abstract,[],0.9034629464149475
697,both_missing,some_absent,"[""bowl"",""plate""]",ensure_all_fruits_on_table,"[202,3660,398,1287,855]",grounded,"[202,3660,398,1287,855]",0.49803799390792847,abstract,[],0.9034629464149475
698,bowl_missing,some_absent,"[""bowl""]",ensure_all_fruits_on_table,"[73,2780,57,1222,1428]",grounded,"[73,2780,57,1222,1428]",0.5554057359695435,abstract,[],0.9034629464149475
699,both_missing,some_absent,"[""bowl"",""plate""]",ensure_all_fruits_on_table,"[1401,2069,129,316,1428]",grounded,"[1401,2069,129,316,1428]",0.550321638584137,abstract,[],0.9034629464149475
700,both_missing,some_absent,"[""bowl"",""plate""]",ensure_all_fruits_on_table,"[202,3660,398,1287,855]",grounded,"[202,3660,398,1287,855]",0.49803799390792847,abstract,[],0.9034629464149475
701,both_missing,some_absent,"[""bowl"",""plate""]",sequential_pick_two_and_place,"[2700,2742,3597,2873,3152]",grounded,"[2700,2742,3597,2873,3152]",0.5883311033248901,abstract,[],0.9034629464149475
702,bowl_missing,some_absent,"[""bowl""]",sequential_pick_two_and_place,"[2700,2742,3597,2873,3152]",grounded,"[2700,2742,3597,2873,3152]",0.5883311033248901,abstract,[],0.9034629464149475
703,bowl_missing,some_absent,"[""bowl""]",ensure_all_fruits_on_table,"[202,3660,398,1287,855]",grounded,"[202,3660,398,1287,855]",0.49803799390792847,abstract,[],0.9034629464149475
704,bowl_missing,some_absent,"[""bowl""]",single_move_asset_to_target,"[3458,228,2781,1880,4735]",grounded,"[3458,228,2781,1880,4735]",0.7524831295013428,abstract,[],0.9034629464149475
705,both_missing,some_absent,"[""bowl"",""plate""]",ensure_all_fruits_on_table,"[202,3660,398,1287,855]",grounded,"[202,3660,398,1287,855]",0.49803799390792847,abstract,[],0.9034629464149475
706,plate_missing,some_absent,"[""plate""]",sequential_pick_two_and_place,"[583,2873,766,460,5685]",grounded,"[583,2873,766,460,5685]",0.5971207618713379,abstract,[],0.9034629464149475
707,bowl_missing,some_absent,"[""bowl""]",ensure_all_fruits_on_table,"[73,2780,57,1222,1428]",grounded,"[73,2780,57,1222,1428]",0.5554057359695435,abstract,[],0.9034629464149475
708,plate_missing,some_absent,"[""plate""]",ensure_all_fruits_on_table,"[202,3660,398,1287,855]",grounded,"[202,3660,398,1287,855]",0.49803799390792847,abstract,[],0.9034629464149475
709,bowl_missing,some_absent,"[""bowl""]",ensure_all_fruits_on_table,"[202,3660,398,1287,855]",grounded,"[202,3660,398,1287,855]",0.49803799390792847,abstract,[],0.9034629464149475
710,bowl_missing,some_absent,"[""bowl""]",ensure_all_fruits_on_table,"[202,3660,398,1287,855]",grounded,"[202,3660,398,1287,855]",0.49803799390792847,abstract,[],0.9034629464149475
711,bowl_missing,some_absent,"[""bowl""]",ensure_all_fruits_on_table,"[1401,2069,129,316,1428]",grounded,"[1401,2069,129,316,1428]",0.550321638584137,abstract,[],0.9034629464149475
712,bowl_missing,some_absent,"[""bowl""]",ensure_all_fruits_on_table,"[940,1197,398,1287,352]",grounded,"[940,1197,398,1287,352]",0.5748868584632874,abstract,[],0.9034629464149475
713,bowl_missing,some_absent,"[""bowl""]",single_move_asset_to_target,"[3458,228,2781,1880,4735]",grounded,"[3458,228,2781,1880,4735]",0.7524831295013428,abstract,[],0.9034629464149475
714,bowl_missing,some_absent,"[""bowl""]",ensure_all_fruits_on_table,"[1428,2075,56,383,1401]",grounded,"[1428,2075,56,383,1401]",0.5903847217559814,abstract,[],0.9034629464149475
715,plate_missing,some_absent,"[""plate""]",ensure_all_fruits_on_table,"[202,3660,398,1287,855]",grounded,"[202,3660,398,1287,855]",0.49803799390792847,abstract,[],0.9034629464149475
716,both_missing,some_absent,"[""bowl"",""plate""]",single_move_asset_to_target,"[3458,228,2781,1880,4735]",grounded,"[3458,228,2781,1880,4735]",0.7524831295013428,abstract,[],0.9034629464149475
717,both_missing,some_absent,"[""bowl"",""plate""]",ensure_all_fruits_on_table,"[202,3660,398,1287,855]",grounded,"[202,3660,398,1287,855]",0.49803799390792847,abstract,[],0.9034629464149475
718,bowl_missing,some_absent,"[""bowl""]",ensure_all_fruits_on_table,"[1401,2069,129,316,1428]",grounded,"[1401,2069,129,316,1428]",0.550321638584137,abstract,[],0.9034629464149475
719,bowl_missing,some_absent,"[""bowl""]",single_move_asset_to_target,"[3458,228,2781,1880,4735]",grounded,"[3458,228,2781,1880,4735]",0.7524831295013428,abstract,[],0.9034629464149475
720,both_missing,some_absent,"[""bowl"",""plate""]",ensure_all_fruits_on_table,"[73,2780,57,1222,1428]",grounded,"[73,2780,57,1222,1428]",0.5554057359695435,abstract,[],0.9034629464149475
721,both_missing,some_absent,"[""bowl"",""plate""]",sequential_pick_two_and_place,"[583,2873,766,460,5685]",grounded,"[583,2873,766,460,5685]",0.5971207618713379,abstract,[],0.9034629464149475
722,both_missing,some_absent,"[""bowl"",""plate""]",serve_bread_after_checking_cabinet,"[2767,3266,143,2943,245]",grounded,"[2767,3266,143,2943,245]",0.6213803291320801,abstract,[],0.9034629464149475
723,bowl_missing,some_absent,"[""bowl""]",ensure_all_fruits_on_table,"[940,1197,398,1287,352]",grounded,"[940,1197,398,1287,352]",0.5748868584632874,abstract,[],0.9034629464149475
724,bowl_missing,some_absent,"[""bowl""]",serve_bread_after_checking_cabinet,"[2767,3266,143,2943,245]",grounded,"[2767,3266,143,2943,245]",0.6213803291320801,abstract,[],0.9034629464149475
725,plate_missing,some_absent,"[""plate""]",sequential_pick_two_and_place,"[2700,2742,3597,2873,3152]",grounded,"[2700,2742,3597,2873,3152]",0.5883311033248901,abstract,[],0.9034629464149475
726,plate_missing,some_absent,"[""plate""]",ensure_all_fruits_on_table,"[202,3660,398,1287,855]",grounded,"[202,3660,398,1287,855]",0.49803799390792847,abstract,[],0.9034629464149475
727,both_missing,some_absent,"[""bowl"",""plate""]",ensure_all_fruits_on_table,"[73,2780,57,1222,1428]",grounded,"[73,2780,57,1222,1428]",0.5554057359695435,abstract,[],0.9034629464149475
728,plate_missing,some_absent,"[""plate""]",ensure_all_fruits_on_table,"[940,1197,398,1287,352]",grounded,"[940,1197,398,1287,352]",0.5748868584632874,abstract,[],0.9034629464149475
729,bowl_missing,some_absent,"[""bowl""]",ensure_all_fruits_on_table,"[940,1197,398,1287,352]",grounded,"[940,1197,398,1287,352]",0.5748868584632874,abstract,[],0.9034629464149475
730,both_missing,some_absent,"[""bowl"",""plate""]",ensure_all_fruits_on_table,"[73,2780,57,1222,1428]",grounded,"[73,2780,57,1222,1428]",0.5554057359695435,abstract,[],0.9034629464149475
731,both_missing,some_absent,"[""bowl"",""plate""]",ensure_all_fruits_on_table,"[38,416,548,2909,161]",grounded,"[38,416,548,2909,161]",0.6202490329742432,abstract,[],0.9034629464149475
732,both_missing,some_absent,"[""bowl"",""plate""]",sequential_pick_two_and_place,"[2700,2742,3597,2873,3152]",grounded,"[2700,2742,3597,2873,3152]",0.5883311033248901,abstract,[],0.9034629464149475
733,plate_missing,some_absent,"[""plate""]",sequential_pick_two_and_place,"[2700,2742,3597,2873,3152]",grounded,"[2700,2742,3597,2873,3152]",0.5883311033248901,abstract,[],0.9034629464149475
734,plate_missing,some_absent,"[""plate""]",ensure_all_fruits_on_table,"[1428,2075,56,383,1401]",grounded,"[1428,2075,56,383,1401]",0.5903847217559814,abstract,[],0.9034629464149475
735,plate_missing,some_absent,"[""plate""]",sequential_pick_two_and_place,"[583,2873,766,460,5685]",grounded,"[583,2873,766,460,5685]",0.5971207618713379,abstract,[],0.9034629464149475
736,both_missing,some_absent,"[""bowl"",""plate""]",ensure_all_fruits_on_table,"[940,1197,398,1287,352]",grounded,"[940,1197,398,1287,352]",0.5748868584632874,abstract,[],0.9034629464149475
737,bowl_missing,some_absent,"[""bowl""]",ensure_all_fruits_on_table,"[1401,2069,129,316,1428]",grounded,"[1401,2069,129,316,1428]",0.550321638584137,abstract,[],0.9034629464149475
738,both_missing,some_absent,"[""bowl"",""plate""]",ensure_all_fruits_on_table,"[73,2780,57,1222,1428]",grounded,"[73,2780,57,1222,1428]",0.5554057359695435,abstract,[],0.9034629464149475
739,both_missing,some_absent,"[""bowl"",""plate""]",ensure_all_fruits_on_table,"[1428,2075,56,383,1401]",grounded,"[1428,2075,56,383,1401]",0.5903847217559814,abstract,[],0.9034629464149475
740,both_missing,some_absent,"[""bowl"",""plate""]",sequential_pick_two_and_place,"[583,2873,766,460,5685]",grounded,"[583,2873,766,460,5685]",0.5971207618713379,abstract,[],0.9034629464149475
741,bowl_missing,some_absent,"[""bowl""]",ensure_all_fruits_on_table,"[73,2780,57,1222,1428]",grounded,"[73,2780,57,1222,1428]",0.5554057359695435,abstract,[],0.9034629464149475
742,bowl_missing,some_absent,"[""bowl""]",sequential_pick_two_and_place,"[2700,2742,3597,2873,3152]",grounded,"[2700,2742,3597,2873,3152]",0.5883311033248901,abstract,[],0.9034629464149475
743,plate_missing,some_absent,"[""plate""]",ensure_all_fruits_on_table,"[1401,2069,129,316,1428]",grounded,"[1401,2069,129,316,1428]",0.550321638584137,abstract,[],0.9034629464149475
744,both_missing,some_absent,"[""bowl"",""plate""]",ensure_all_fruits_on_table,"[38,416,548,2909,161]",grounded,"[38,416,548,2909,161]",0.6202490329742432,abstract,[],0.9034629464149475
745,plate_missing,some_absent,"[""plate""]",ensure_all_fruits_on_table,"[202,3660,398,1287,855]",grounded,"[202,3660,398,1287,855]",0.49803799390792847,abstract,[],0.9034629464149475
746,bowl_missing,some_absent,"[""bowl""]",ensure_all_fruits_on_table,"[1401,2069,129,316,1428]",grounded,"[1401,2069,129,316,1428]",0.550321638584137,abstract,[],0.9034629464149475
747,plate_missing,some_absent,"[""plate""]",sequential_pick_two_and_place,"[2700,2742,3597,2873,3152]",grounded,"[2700,2742,3597,2873,3152]",0.5883311033248901,abstract,[],0.9034629464149475
748,plate_missing,some_absent,"[""plate""]",ensure_all_fruits_on_table,"[1401,2069,129,316,1428]",grounded,"[1401,2069,129,316,1428]",0.550321638584137,abstract,[],0.9034629464149475
749,both_missing,some_absent,"[""bowl"",""plate""]",sequential_pick_two_and_place,"[583,2873,766,460,5685]",grounded,"[583,2873,766,460,5685]",0.5971207618713379,abstract,[],0.9034629464149475
750,plate_missing,some_absent,"[""plate""]",ensure_all_fruits_on_table,"[1428,2075,56,383,1401]",grounded,"[1428,2075,56,383,1401]",0.5903847217559814,abstract,[],0.9034629464149475
751,both_missing,some_absent,"[""bowl"",""plate""]",ensure_all_fruits_on_table,"[73,2780,57,1222,1428]",grounded,"[73,2780,57,1222,1428]",0.5554057359695435,abstract,[],0.9034629464149475
752,both_missing,some_absent,"[""bowl"",""plate""]",sequential_pick_two_and_place,"[2700,2742,3597,2873,3152]",grounded,"[2700,2742,3597,2873,3152]",0.5883311033248901,abstract,[],0.9034629464149475
753,bowl_missing,some_absent,"[""bowl""]",ensure_all_fruits_on_table,"[1401,2069,129,316,1428]",grounded,"[1401,2069,129,316,1428]",0.550321638584137,abstract,[],0.9034629464149475
754,bowl_missing,some_absent,"[""bowl""]",ensure_all_fruits_on_table,"[73,2780,57,1222,1428]",grounded,"[73,2780,57,1222,1428]",0.5554057359695435,abstract,[],0.9034629464149475
755,both_missing,some_absent,"[""bowl"",""plate""]",ensure_all_fruits_on_table,"[202,3660,398,1287,855]",grounded,"[202,3660,398,1287,855]",0.49803799390792847,abstract,[],0.9034629464149475
756,plate_missing,some_absent,"[""plate""]",ensure_all_fruits_on_table,"[1401,2069,129,316,1428]",grounded,"[1401,2069,129,316,1428]",0.550321638584137,abstract,[],0.9034629464149475
757,plate_missing,some_absent,"[""plate""]",serve_bread_after_checking_cabinet,"[2767,3266,143,2943,245]",grounded,"[2767,3266,143,2943,245]",0.6213803291320801,abstract,[],0.9034629464149475
758,plate_missing,some_absent,"[""plate""]",ensure_all_fruits_on_table,"[1428,2075,56,383,1401]",grounded,"[1428,2075,56,383,1401]",0.5903847217559814,abstract,[],0.9034629464149475
759,plate_missing,some_absent,"[""plate""]",single_move_asset_to_target,"[3458,228,2781,1880,4735]",grounded,"[3458,228,2781,1880,4735]",0.7524831295013428,abstract,[],0.9034629464149475
760,bowl_missing,some_absent,"[""bowl""]",sequential_pick_two_and_place,"[583,2873,766,460,5685]",grounded,"[583,2873,766,460,5685]",0.5971207618713379,abstract,[],0.9034629464149475
761,plate_missing,some_absent,"[""plate""]",ensure_all_fruits_on_table,"[202,3660,398,1287,855]",grounded,"[202,3660,398,1287,855]",0.49803799390792847,abstract,[],0.9034629464149475
762,both_missing,some_absent,"[""bowl"",""plate""]",ensure_all_fruits_on_table,"[202,3660,398,1287,855]",grounded,"[202,3660,398,1287,855]",0.49803799390792847,abstract,[],0.9034629464149475
763,plate_missing,some_absent,"[""plate""]",serve_bread_after_checking_cabinet,"[2767,3266,143,2943,245]",grounded,"[2767,3266,143,2943,245]",0.6213803291320801,abstract,[],0.9034629464149475
764,plate_missing,some_absent,"[""plate""]",ensure_all_fruits_on_table,"[73,2780,57,1222,1428]",grounded,"[73,2780,57,1222,1428]",0.5554057359695435,abstract,[],0.9034629464149475
765,bowl_missing,some_absent,"[""bowl""]",ensure_all_fruits_on_table,"[1401,2069,129,316,1428]",grounded,"[1401,2069,129,316,1428]",0.550321638584137,abstract,[],0.9034629464149475
766,plate_missing,some_absent,"[""plate""]",ensure_all_fruits_on_table,"[202,3660,398,1287,855]",grounded,"[202,3660,398,1287,855]",0.49803799390792847,abstract,[],0.9034629464149475
767,plate_missing,some_absent,"[""plate""]",single_move_asset_to_target,"[3458,228,2781,1880,4735]",grounded,"[3458,228,2781,1880,4735]",0.7524831295013428,abstract,[],0.9034629464149475
768,both_missing,some_absent,"[""bowl"",""plate""]",ensure_all_fruits_on_table,"[1428,2075,56,383,1401]",grounded,"[1428,2075,56,383,1401]",0.5903847217559814,abstract,[],0.9034629464149475
769,bowl_missing,some_absent,"[""bowl""]",ensure_all_fruits_on_table,"[1428,2075,56,383,1401]",grounded,"[1428,2075,56,383,1401]",0.5903847217559814,abstract,[],0.9034629464149475
770,bowl_missing,some_absent,"[""bowl""]",sequential_pick_two_and_place,"[583,2873,766,460,5685]",grounded,"[583,2873,766,460,5685]",0.5971207618713379,abstract,[],0.9034629464149475
771,bowl_missing,some_absent,"[""bowl""]",ensure_all_fruits_on_table,"[940,1197,398,1287,352]",grounded,"[940,1197,398,1287,352]",0.5748868584632874,abstract,[],0.9034629464149475
772,both_missing,some_absent,"[""bowl"",""plate""]",ensure_all_fruits_on_table,"[940,1197,398,1287,352]",grounded,"[940,1197,398,1287,352]",0.5748868584632874,abstract,[],0.9034629464149475
773,both_missing,some_absent,"[""bowl"",""plate""]",ensure_all_fruits_on_table,"[38,416,548,2909,161]",grounded,"[38,416,548,2909,161]",0.6202490329742432,abstract,[],0.9034629464149475
774,both_missing,some_absent,"[""bowl"",""plate""]",ensure_all_fruits_on_table,"[73,2780,57,1222,1428]",grounded,"[73,2780,57,1222,1428]",0.5554057359695435,abstract,[],0.9034629464149475
775,both_missing,some_absent,"[""bowl"",""plate""]",ensure_all_fruits_on_table,"[38,416,548,2909,161]",grounded,"[38,416,548,2909,161]",0.6202490329742432,abstract,[],0.9034629464149475
776,bowl_missing,some_absent,"[""bowl""]",ensure_all_fruits_on_table,"[940,1197,398,1287,352]",grounded,"[940,1197,398,1287,352]",0.5748868584632874,abstract,[],0.9034629464149475
777,bowl_missing,some_absent,"[""bowl""]",sequential_pick_two_and_place,"[583,2873,766,460,5685]",grounded,"[583,2873,766,460,5685]",0.5971207618713379,abstract,[],0.9034629464149475
778,both_missing,some_absent,"[""bowl"",""plate""]",sequential_pick_two_and_place,"[583,2873,766,460,5685]",grounded,"[583,2873,766,460,5685]",0.5971207618713379,abstract,[],0.9034629464149475
779,plate_missing,some_absent,"[""plate""]",ensure_all_fruits_on_table,"[73,2780,57,1222,1428]",grounded,"[73,2780,57,1222,1428]",0.5554057359695435,abstract,[],0.9034629464149475
780,plate_missing,some_absent,"[""plate""]",sequential_pick_two_and_place,"[583,2873,766,460,5685]",grounded,"[583,2873,766,460,5685]",0.5971207618713379,abstract,[],0.9034629464149475
781,plate_missing,some_absent,"[""plate""]",ensure_all_fruits_on_table,"[940,1197,398,1287,352]",grounded,"[940,1197,398,1287,352]",0.5748868584632874,abstract,[],0.9034629464149475
782,plate_missing,some_absent,"[""plate""]",sequential_pick_two_and_place,"[2700,2742,3597,2873,3152]",grounded,"[2700,2742,3597,2873,3152]",0.5883311033248901,abstract,[],0.9034629464149475
783,bowl_missing,some_absent,"[""bowl""]",single_move_asset_to_target,"[3458,228,2781,1880,4735]",grounded,"[3458,228,2781,1880,4735]",0.7524831295013428,abstract,[],0.9034629464149475
784,both_missing,some_absent,"[""bowl"",""plate""]",ensure_all_fruits_on_table,"[940,1197,398,1287,352]",grounded,"[940,1197,398,1287,352]",0.5748868584632874,abstract,[],0.9034629464149475
785,plate_missing,some_absent,"[""plate""]",single_move_asset_to_target,"[3458,228,2781,1880,4735]",grounded,"[3458,228,2781,1880,4735]",0.7524831295013428,abstract,[],0.9034629464149475
786,both_missing,some_absent,"[""bowl"",""plate""]",ensure_all_fruits_on_table,"[940,1197,398,1287,352]",grounded,"[940,1197,398,1287,352]",0.5748868584632874,abstract,[],0.9034629464149475
787,plate_missing,some_absent,"[""plate""]",ensure_all_fruits_on_table,"[73,2780,57,1222,1428]",grounded,"[73,2780,57,1222,1428]",0.5554057359695435,abstract,[],0.9034629464149475
788,bowl_missing,some_absent,"[""bowl""]",ensure_all_fruits_on_table,"[1428,2075,56,383,1401]",grounded,"[1428,2075,56,383,1401]",0.5903847217559814,abstract,[],0.9034629464149475
789,bowl_missing,some_absent,"[""bowl""]",ensure_all_fruits_on_table,"[940,1197,398,1287,352]",grounded,"[940,1197,398,1287,352]",0.5748868584632874,abstract,[],0.9034629464149475
790,bowl_missing,some_absent,"[""bowl""]",sequential_pick_two_and_place,"[2700,2742,3597,2873,3152]",grounded,"[2700,2742,3597,2873,3152]",0.5883311033248901,abstract,[],0.9034629464149475
791,both_missing,some_absent,"[""bowl"",""plate""]",ensure_all_fruits_on_table,"[38,416,548,2909,161]",grounded,"[38,416,548,2909,161]",0.6202490329742432,abstract,[],0.9034629464149475
792,both_missing,some_absent,"[""bowl"",""plate""]",ensure_all_fruits_on_table,"[73,2780,57,1222,1428]",grounded,"[73,2780,57,1222,1428]",0.5554057359695435,abstract,[],0.9034629464149475
793,bowl_missing,some_absent,"[""bowl""]",sequential_pick_two_and_place,"[2700,2742,3597,2873,3152]",grounded,"[2700,2742,3597,2873,3152]",0.5883311033248901,abstract,[],0.9034629464149475
794,both_missing,some_absent,"[""bowl"",""plate""]",ensure_all_fruits_on_table,"[202,3660,398,1287,855]",grounded,"[202,3660,398,1287,855]",0.49803799390792847,abstract,[],0.9034629464149475
795,plate_missing,some_absent,"[""plate""]",ensure_all_fruits_on_table,"[73,2780,57,1222,1428]",grounded,"[73,2780,57,1222,1428]",0.5554057359695435,abstract,[],0.9034629464149475
796,both_missing,some_absent,"[""bowl"",""plate""]",ensure_all_fruits_on_table,"[73,2780,57,1222,1428]",grounded,"[73,2780,57,1222,1428]",0.5554057359695435,abstract,[],0.9034629464149475
797,plate_missing,some_absent,"[""plate""]",ensure_all_fruits_on_table,"[940,1197,398,1287,352]",grounded,"[940,1197,398,1287,352]",0.5748868584632874,abstract,[],0.9034629464149475
798,plate_missing,some_absent,"[""plate""]",ensure_all_fruits_on_table,"[940,1197,398,1287,352]",grounded,"[940,1197,398,1287,352]",0.5748868584632874,abstract,[],0.9034629464149475
799,bowl_missing,some_absent,"[""bowl""]",ensure_all_fruits_on_table,"[38,416,548,2909,161]",grounded,"[38,416,548,2909,161]",0.6202490329742432,abstract,[],0.9034629464149475
800,bowl_missing,some_absent,"[""bowl""]",sequential_pick_two_and_place,"[583,2873,766,460,5685]",grounded,"[583,2873,766,460,5685]",0.5971207618713379,abstract,[],0.9034629464149475
801,both_missing,some_absent,"[""bowl"",""plate""]",ensure_all_fruits_on_table,"[202,3660,398,1287,855]",grounded,"[202,3660,398,1287,855]",0.49803799390792847,abstract,[],0.9034629464149475
802,bowl_missing,some_absent,"[""bowl""]",single_move_asset_to_target,"[3458,228,2781,1880,4735]",grounded,"[3458,228,2781,1880,4735]",0.7524831295013428,abstract,[],0.9034629464149475
803,both_missing,some_absent,"[""bowl"",""plate""]",ensure_all_fruits_on_table,"[202,3660,398,1287,855]",grounded,"[202,3660,398,1287,855]",0.49803799390792847,abstract,[],0.9034629464149475
804,bowl_missing,some_absent,"[""bowl""]",single_move_asset_to_target,"[3458,228,2781,1880,4735]",grounded,"[3458,228,2781,1880,4735]",0.7524831295013428,abstract,[],0.9034629464149475
805,bowl_missing,some_absent,"[""bowl""]",serve_bread_after_checking_cabinet,"[2767,3266,143,2943,245]",grounded,"[2767,3266,143,2943,245]",0.6213803291320801,abstract,[],0.9034629464149475
806,both_missing,some_absent,"[""bowl"",""plate""]",ensure_all_fruits_on_table,"[940,1197,398,1287,352]",grounded,"[940,1197,398,1287,352]",0.5748868584632874,abstract,[],0.9034629464149475
807,plate_missing,some_absent,"[""plate""]",ensure_all_fruits_on_table,"[1428,2075,56,383,1401]",grounded,"[1428,2075,56,383,1401]",0.5903847217559814,abstract,[],0.9034629464149475
808,plate_missing,some_absent,"[""plate""]",sequential_pick_two_and_place,"[2700,2742,3597,2873,3152]",grounded,"[2700,2742,3597,2873,3152]",0.5883311033248901,abstract,[],0.9034629464149475
809,plate_missing,some_absent,"[""plate""]",ensure_all_fruits_on_table,"[73,2780,57,1222,1428]",grounded,"[73,2780,57,1222,1428]",0.5554057359695435,abstract,[],0.9034629464149475
810,both_missing,some_absent,"[""bowl"",""plate""]",ensure_all_fruits_on_table,"[1428,2075,56,383,1401]",grounded,"[1428,2075,56,383,1401]",0.5903847217559814,abstract,[],0.9034629464149475
811,plate_missing,some_absent,"[""plate""]",ensure_all_fruits_on_table,"[202,3660,398,1287,855]",grounded,"[202,3660,398,1287,855]",0.49803799390792847,abstract,[],0.9034629464149475
812,plate_missing,some_absent,"[""plate""]",ensure_all_fruits_on_table,"[73,2780,57,1222,1428]",grounded,"[73,2780,57,1222,1428]",0.5554057359695435,abstract,[],0.9034629464149475
813,both_missing,some_absent,"[""bowl"",""plate""]",ensure_all_fruits_on_table,"[1428,2075,56,383,1401]",grounded,"[1428,2075,56,383,1401]",0.5903847217559814,abstract,[],0.9034629464149475
814,both_missing,some_absent,"[""bowl"",""plate""]",ensure_all_fruits_on_table,"[73,2780,57,1222,1428]",grounded,"[73,2780,57,1222,1428]",0.5554057359695435,abstract,[],0.9034629464149475
815,both_missing,some_absent,"[""bowl"",""plate""]",serve_bread_after_checking_cabinet,"[2767,3266,143,2943,245]",grounded,"[2767,3266,143,2943,245]",0.6213803291320801,abstract,[],0.9034629464149475
816,bowl_missing,some_absent,"[""bowl""]",serve_bread_after_checking_cabinet,"[2767,3266,143,2943,245]",grounded,"[2767,3266,143,2943,245]",0.6213803291320801,abstract,[],0.9034629464149475
817,bowl_missing,some_absent,"[""bowl""]",sequential_pick_two_and_place,"[583,2873,766,460,5685]",grounded,"[583,2873,766,460,5685]",0.5971207618713379,abstract,[],0.9034629464149475
818,plate_missing,some_absent,"[""plate""]",single_move_asset_to_target,"[3458,228,2781,1880,4735]",grounded,"[3458,228,2781,1880,4735]",0.7524831295013428,abstract,[],0.9034629464149475
819,both_missing,some_absent,"[""bowl"",""plate""]",ensure_all_fruits_on_table,"[940,1197,398,1287,352]",grounded,"[940,1197,398,1287,352]",0.5748868584632874,abstract,[],0.9034629464149475
820,bowl_missing,some_absent,"[""bowl""]",ensure_all_fruits_on_table,"[38,416,548,2909,161]",grounded,"[38,416,548,2909,161]",0.6202490329742432,abstract,[],0.9034629464149475
821,plate_missing,some_absent,"[""plate""]",sequential_pick_two_and_place,"[583,2873,766,460,5685]",grounded,"[583,2873,766,460,5685]",0.5971207618713379,abstract,[],0.9034629464149475
822,plate_missing,some_absent,"[""plate""]",ensure_all_fruits_on_table,"[1401,2069,129,316,1428]",grounded,"[1401,2069,129,316,1428]",0.550321638584137,abstract,[],0.9034629464149475
823,bowl_missing,some_absent,"[""bowl""]",ensure_all_fruits_on_table,"[38,416,548,2909,161]",grounded,"[38,416,548,2909,161]",0.6202490329742432,abstract,[],0.9034629464149475
824,both_missing,some_absent,"[""bowl"",""plate""]",ensure_all_fruits_on_table,"[38,416,548,2909,161]",grounded,"[38,416,548,2909,161]",0.6202490329742432,abstract,[],0.9034629464149475
825,bowl_missing,some_absent,"[""bowl""]",serve_bread_after_checking_cabinet,"[2767,3266,143,2943,245]",grounded,"[2767,3266,143,2943,245]",0.6213803291320801,abstract,[],0.9034629464149475
826,plate_missing,some_absent,"[""plate""]",sequential_pick_two_and_place,"[2700,2742,3597,2873,3152]",grounded,"[2700,2742,3597,2873,3152]",0.5883311033248901,abstract,[],0.9034629464149475
827,plate_missing,some_absent,"[""plate""]",serve_bread_after_checking_cabinet,"[2767,3266,143,2943,245]",grounded,"[2767,3266,143,2943,245]",0.6213803291320801,abstract,[],0.9034629464149475
828,plate_missing,some_absent,"[""plate""]",ensure_all_fruits_on_table,"[38,416,548,2909,161]",grounded,"[38,416,548,2909,161]",0.6202490329742432,abstract,[],0.9034629464149475
829,bowl_missing,some_absent,"[""bowl""]",sequential_pick_two_and_place,"[2700,2742,3597,2873,3152]",grounded,"[2700,2742,3597,2873,3152]",0.5883311033248901,abstract,[],0.9034629464149475
830,both_missing,some_absent,"[""bowl"",""plate""]",ensure_all_fruits_on_table,"[38,416,548,2909,161]",grounded,"[38,416,548,2909,161]",0.6202490329742432,abstract,[],0.9034629464149475
831,plate_missing,some_absent,"[""plate""]",ensure_all_fruits_on_table,"[73,2780,57,1222,1428]",grounded,"[73,2780,57,1222,1428]",0.5554057359695435,abstract,[],0.9034629464149475
832,both_missing,some_absent,"[""bowl"",""plate""]",ensure_all_fruits_on_table,"[73,2780,57,1222,1428]",grounded,"[73,2780,57,1222,1428]",0.5554057359695435,abstract,[],0.9034629464149475
833,plate_missing,some_absent,"[""plate""]",ensure_all_fruits_on_table,"[1401,2069,129,316,1428]",grounded,"[1401,2069,129,316,1428]",0.550321638584137,abstract,[],0.9034629464149475
834,both_missing,some_absent,"[""bowl"",""plate""]",ensure_all_fruits_on_table,"[1428,2075,56,383,1401]",grounded,"[1428,2075,56,383,1401]",0.5903847217559814,abstract,[],0.9034629464149475
835,both_missing,some_absent,"[""bowl"",""plate""]",serve_bread_after_checking_cabinet,"[2767,3266,143,2943,245]",grounded,"[2767,3266,143,2943,245]",0.6213803291320801,abstract,[],0.9034629464149475
836,plate_missing,some_absent,"[""plate""]",ensure_all_fruits_on_table,"[73,2780,57,1222,1428]",grounded,"[73,2780,57,1222,1428]",0.5554057359695435,abstract,[],0.9034629464149475
837,bowl_missing,some_absent,"[""bowl""]",ensure_all_fruits_on_table,"[38,416,548,2909,161]",grounded,"[38,416,548,2909,161]",0.6202490329742432,abstract,[],0.9034629464149475
838,plate_missing,some_absent,"[""plate""]",ensure_all_fruits_on_table,"[38,416,548,2909,161]",grounded,"[38,416,548,2909,161]",0.6202490329742432,abstract,[],0.9034629464149475
839,bowl_missing,some_absent,"[""bowl""]",ensure_all_fruits_on_table,"[1401,2069,129,316,1428]",grounded,"[1401,2069,129,316,1428]",0.550321638584137,abstract,[],0.9034629464149475
840,plate_missing,some_absent,"[""plate""]",sequential_pick_two_and_place,"[2700,2742,3597,2873,3152]",grounded,"[2700,2742,3597,2873,3152]",0.5883311033248901,abstract,[],0.9034629464149475
841,plate_missing,some_absent,"[""plate""]",ensure_all_fruits_on_table,"[1428,2075,56,383,1401]",grounded,"[1428,2075,56,383,1401]",0.5903847217559814,abstract,[],0.9034629464149475
842,bowl_missing,some_absent,"[""bowl""]",ensure_all_fruits_on_table,"[202,3660,398,1287,855]",grounded,"[202,3660,398,1287,855]",0.49803799390792847,abstract,[],0.9034629464149475
843,plate_missing,some_absent,"[""plate""]",ensure_all_fruits_on_table,"[1401,2069,129,316,1428]",grounded,"[1401,2069,129,316,1428]",0.550321638584137,abstract,[],0.9034629464149475
844,plate_missing,some_absent,"[""plate""]",serve_bread_after_checking_cabinet,"[2767,3266,143,2943,245]",grounded,"[2767,3266,143,2943,245]",0.6213803291320801,abstract,[],0.9034629464149475
845,plate_missing,some_absent,"[""plate""]",single_move_asset_to_target,"[3458,228,2781,1880,4735]",grounded,"[3458,228,2781,1880,4735]",0.7524831295013428,abstract,[],0.9034629464149475
846,bowl_missing,some_absent,"[""bowl""]",sequential_pick_two_and_place,"[2700,2742,3597,2873,3152]",grounded,"[2700,2742,3597,2873,3152]",0.5883311033248901,abstract,[],0.9034629464149475
847,both_missing,some_absent,"[""bowl"",""plate""]",sequential_pick_two_and_place,"[583,2873,766,460,5685]",grounded,"[583,2873,766,460,5685]",0.5971207618713379,abstract,[],0.9034629464149475
848,both_missing,some_absent,"[""bowl"",""plate""]",ensure_all_fruits_on_table,"[202,3660,398,1287,855]",grounded,"[202,3660,398,1287,855]",0.49803799390792847,abstract,[],0.9034629464149475
849,plate_missing,some_absent,"[""plate""]",sequential_pick_two_and_place,"[2700,2742,3597,2873,3152]",grounded,"[2700,2742,3597,2873,3152]",0.5883311033248901,abstract,[],0.9034629464149475
850,both_missing,some_absent,"[""bowl"",""plate""]",sequential_pick_two_and_place,"[583,2873,766,460,5685]",grounded,"[583,2873,766,460,5685]",0.5971207618713379,abstract,[],0.9034629464149475
851,bowl_missing,some_absent,"[""bowl""]",sequential_pick_two_and_place,"[583,2873,766,460,5685]",grounded,"[583,2873,766,460,5685]",0.5971207618713379,abstract,[],0.9034629464149475
852,bowl_missing,some_absent,"[""bowl""]",ensure_all_fruits_on_table,"[940,1197,398,1287,352]",grounded,"[940,1197,398,1287,352]",0.5748868584632874,abstract,[],0.9034629464149475
853,plate_missing,some_absent,"[""plate""]",serve_bread_after_checking_cabinet,"[2767,3266,143,2943,245]",grounded,"[2767,3266,143,2943,245]",0.6213803291320801,abstract,[],0.9034629464149475
854,both_missing,some_absent,"[""bowl"",""plate""]",sequential_pick_two_and_place,"[583,2873,766,460,5685]",grounded,"[583,2873,766,460,5685]",0.5971207618713379,abstract,[],0.9034629464149475
855,both_missing,some_absent,"[""bowl"",""plate""]",ensure_all_fruits_on_table,"[73,2780,57,1222,1428]",grounded,"[73,2780,57,1222,1428]",0.5554057359695435,abstract,[],0.9034629464149475
856,plate_missing,some_absent,"[""plate""]",ensure_all_fruits_on_table,"[1401,2069,129,316,1428]",grounded,"[1401,2069,129,316,1428]",0.550321638584137,abstract,[],0.9034629464149475
857,bowl_missing,some_absent,"[""bowl""]",single_move_asset_to_target,"[3458,228,2781,1880,4735]",grounded,"[3458,228,2781,1880,4735]",0.7524831295013428,abstract,[],0.9034629464149475
858,both_missing,some_absent,"[""bowl"",""plate""]",ensure_all_fruits_on_table,"[1401,2069,129,316,1428]",grounded,"[1401,2069,129,316,1428]",0.550321638584137,abstract,[],0.9034629464149475
859,both_missing,some_absent,"[""bowl"",""plate""]",ensure_all_fruits_on_table,"[38,416,548,2909,161]",grounded,"[38,416,548,2909,161]",0.6202490329742432,abstract,[],0.9034629464149475
860,bowl_missing,some_absent,"[""bowl""]",ensure_all_fruits_on_table,"[73,2780,57,1222,1428]",grounded,"[73,2780,57,1222,1428]",0.5554057359695435,abstract,[],0.9034629464149475
861,plate_missing,some_absent,"[""plate""]",serve_bread_after_checking_cabinet,"[2767,3266,143,2943,245]",grounded,"[2767,3266,143,2943,245]",0.6213803291320801,abstract,[],0.9034629464149475
862,both_missing,some_absent,"[""bowl"",""plate""]",single_move_asset_to_target,"[3458,228,2781,1880,4735]",grounded,"[3458,228,2781,1880,4735]",0.7524831295013428,abstract,[],0.9034629464149475
863,plate_missing,some_absent,"[""plate""]",ensure_all_fruits_on_table,"[38,416,548,2909,161]",grounded,"[38,416,548,2909,161]",0.6202490329742432,abstract,[],0.9034629464149475
864,plate_missing,some_absent,"[""plate""]",sequential_pick_two_and_place,"[2700,2742,3597,2873,3152]",grounded,"[2700,2742,3597,2873,3152]",0.5883311033248901,abstract,[],0.9034629464149475
865,both_missing,some_absent,"[""bowl"",""plate""]",ensure_all_fruits_on_table,"[1401,2069,129,316,1428]",grounded,"[1401,2069,129,316,1428]",0.550321638584137,abstract,[],0.9034629464149475
866,both_missing,some_absent,"[""bowl"",""plate""]",ensure_all_fruits_on_table,"[73,2780,57,1222,1428]",grounded,"[73,2780,57,1222,1428]",0.5554057359695435,abstract,[],0.9034629464149475
867,plate_missing,some_absent,"[""plate""]",ensure_all_fruits_on_table,"[940,1197,398,1287,352]",grounded,"[940,1197,398,1287,352]",0.5748868584632874,abstract,[],0.9034629464149475
868,both_missing,some_absent,"[""bowl"",""plate""]",ensure_all_fruits_on_table,"[202,3660,398,1287,855]",grounded,"[202,3660,398,1287,855]",0.49803799390792847,abstract,[],0.9034629464149475
869,both_missing,some_absent,"[""bowl"",""plate""]",ensure_all_fruits_on_table,"[73,2780,57,1222,1428]",grounded,"[73,2780,57,1222,1428]",0.5554057359695435,abstract,[],0.9034629464149475
870,plate_missing,some_absent,"[""plate""]",ensure_all_fruits_on_table,"[73,2780,57,1222,1428]",grounded,"[73,2780,57,1222,1428]",0.5554057359695435,abstract,[],0.9034629464149475
871,both_missing,some_absent,"[""bowl"",""plate""]",ensure_all_fruits_on_table,"[1428,2075,56,383,1401]",grounded,"[1428,2075,56,383,1401]",0.5903847217559814,abstract,[],0.9034629464149475
872,bowl_missing,some_absent,"[""bowl""]",sequential_pick_two_and_place,"[2700,2742,3597,2873,3152]",grounded,"[2700,2742,3597,2873,3152]",0.5883311033248901,abstract,[],0.9034629464149475
873,bowl_missing,some_absent,"[""bowl""]",ensure_all_fruits_on_table,"[1428,2075,56,383,1401]",grounded,"[1428,2075,56,383,1401]",0.5903847217559814,abstract,[],0.9034629464149475
874,plate_missing,some_absent,"[""plate""]",serve_bread_after_checking_cabinet,"[2767,3266,143,2943,245]",grounded,"[2767,3266,143,2943,245]",0.6213803291320801,abstract,[],0.9034629464149475
875,both_missing,some_absent,"[""bowl"",""plate""]",sequential_pick_two_and_place,"[583,2873,766,460,5685]",grounded,"[583,2873,766,460,5685]",0.5971207618713379,abstract,[],0.9034629464149475
876,plate_missing,some_absent,"[""plate""]",ensure_all_fruits_on_table,"[940,1197,398,1287,352]",grounded,"[940,1197,398,1287,352]",0.5748868584632874,abstract,[],0.9034629464149475
877,both_missing,some_absent,"[""bowl"",""plate""]",sequential_pick_two_and_place,"[583,2873,766,460,5685]",grounded,"[583,2873,766,460,5685]",0.5971207618713379,abstract,[],0.9034629464149475
878,both_missing,some_absent,"[""bowl"",""plate""]",sequential_pick_two_and_place,"[583,2873,766,460,5685]",grounded,"[583,2873,766,460,5685]",0.5971207618713379,abstract,[],0.9034629464149475
879,both_missing,some_absent,"[""bowl"",""plate""]",sequential_pick_two_and_place,"[583,2873,766,460,5685]",grounded,"[583,2873,766,460,5685]",0.5971207618713379,abstract,[],0.9034629464149475
880,bowl_missing,some_absent,"[""bowl""]",ensure_all_fruits_on_table,"[38,416,548,2909,161]",grounded,"[38,416,548,2909,161]",0.6202490329742432,abstract,[],0.9034629464149475
881,plate_missing,some_absent,"[""plate""]",ensure_all_fruits_on_table,"[940,1197,398,1287,352]",grounded,"[940,1197,398,1287,352]",0.5748868584632874,abstract,[],0.9034629464149475
882,bowl_missing,some_absent,"[""bowl""]",sequential_pick_two_and_place,"[2700,2742,3597,2873,3152]",grounded,"[2700,2742,3597,2873,3152]",0.5883311033248901,abstract,[],0.9034629464149475
883,bowl_missing,some_absent,"[""bowl""]",ensure_all_fruits_on_table,"[940,1197,398,1287,352]",grounded,"[940,1197,398,1287,352]",0.5748868584632874,abstract,[],0.9034629464149475
884,both_missing,some_absent,"[""bowl"",""plate""]",ensure_all_fruits_on_table,"[73,2780,57,1222,1428]",grounded,"[73,2780,57,1222,1428]",0.5554057359695435,abstract,[],0.9034629464149475
885,plate_missing,some_absent,"[""plate""]",ensure_all_fruits_on_table,"[38,416,548,2909,161]",grounded,"[38,416,548,2909,161]",0.6202490329742432,abstract,[],0.9034629464149475
886,plate_missing,some_absent,"[""plate""]",ensure_all_fruits_on_table,"[1428,2075,56,383,1401]",grounded,"[1428,2075,56,383,1401]",0.5903847217559814,abstract,[],0.9034629464149475
887,bowl_missing,some_absent,"[""bowl""]",ensure_all_fruits_on_table,"[1401,2069,129,316,1428]",grounded,"[1401,2069,129,316,1428]",0.550321638584137,abstract,[],0.9034629464149475
888,plate_missing,some_absent,"[""plate""]",serve_bread_after_checking_cabinet,"[2767,3266,143,2943,245]",grounded,"[2767,3266,143,2943,245]",0.6213803291320801,abstract,[],0.9034629464149475
889,plate_missing,some_absent,"[""plate""]",sequential_pick_two_and_place,"[583,2873,766,460,5685]",grounded,"[583,2873,766,460,5685]",0.5971207618713379,abstract,[],0.9034629464149475
890,bowl_missing,some_absent,"[""bowl""]",ensure_all_fruits_on_table,"[1401,2069,129,316,1428]",grounded,"[1401,2069,129,316,1428]",0.550321638584137,abstract,[],0.9034629464149475
891,bowl_missing,some_absent,"[""bowl""]",single_move_asset_to_target,"[3458,228,2781,1880,4735]",grounded,"[3458,228,2781,1880,4735]",0.7524831295013428,abstract,[],0.9034629464149475
892,both_missing,some_absent,"[""bowl"",""plate""]",serve_bread_after_checking_cabinet,"[2767,3266,143,2943,245]",grounded,"[2767,3266,143,2943,245]",0.6213803291320801,abstract,[],0.9034629464149475
893,bowl_missing,some_absent,"[""bowl""]",ensure_all_fruits_on_table,"[73,2780,57,1222,1428]",grounded,"[73,2780,57,1222,1428]",0.5554057359695435,abstract,[],0.9034629464149475
894,plate_missing,some_absent,"[""plate""]",ensure_all_fruits_on_table,"[940,1197,398,1287,352]",grounded,"[940,1197,398,1287,352]",0.5748868584632874,abstract,[],0.9034629464149475
895,bowl_missing,some_absent,"[""bowl""]",sequential_pick_two_and_place,"[583,2873,766,460,5685]",grounded,"[583,2873,766,460,5685]",0.5971207618713379,abstract,[],0.9034629464149475
896,both_missing,some_absent,"[""bowl"",""plate""]",ensure_all_fruits_on_table,"[202,3660,398,1287,855]",grounded,"[202,3660,398,1287,855]",0.49803799390792847,abstract,[],0.9034629464149475
897,both_missing,some_absent,"[""bowl"",""plate""]",ensure_all_fruits_on_table,"[940,1197,398,1287,352]",grounded,"[940,1197,398,1287,352]",0.5748868584632874,abstract,[],0.9034629464149475
898,plate_missing,some_absent,"[""plate""]",ensure_all_fruits_on_table,"[1428,2075,56,383,1401]",grounded,"[1428,2075,56,383,1401]",0.5903847217559814,abstract,[],0.9034629464149475
899,both_missing,some_absent,"[""bowl"",""plate""]",ensure_all_fruits_on_table,"[38,416,548,2909,161]",grounded,"[38,416,548,2909,161]",0.6202490329742432,abstract,[],0.9034629464149475
900,both_missing,some_absent,"[""bowl"",""plate""]",serve_bread_after_checking_cabinet,"[2767,3266,143,2943,245]",grounded,"[2767,3266,143,2943,245]",0.6213803291320801,abstract,[],0.9034629464149475
901,plate_missing,some_absent,"[""plate""]",ensure_all_fruits_on_table,"[1428,2075,56,383,1401]",grounded,"[1428,2075,56,383,1401]",0.5903847217559814,abstract,[],0.9034629464149475
902,plate_missing,some_absent,"[""plate""]",ensure_all_fruits_on_table,"[202,3660,398,1287,855]",grounded,"[202,3660,398,1287,855]",0.49803799390792847,abstract,[],0.9034629464149475
903,bowl_missing,some_absent,"[""bowl""]",sequential_pick_two_and_place,"[583,2873,766,460,5685]",grounded,"[583,2873,766,460,5685]",0.5971207618713379,abstract,[],0.9034629464149475
904,plate_missing,some_absent,"[""plate""]",ensure_all_fruits_on_table,"[202,3660,398,1287,855]",grounded,"[202,3660,398,1287,855]",0.49803799390792847,abstract,[],0.9034629464149475
905,both_missing,some_absent,"[""bowl"",""plate""]",ensure_all_fruits_on_table,"[38,416,548,2909,161]",grounded,"[38,416,548,2909,161]",0.6202490329742432,abstract,[],0.9034629464149475
906,plate_missing,some_absent,"[""plate""]",ensure_all_fruits_on_table,"[940,1197,398,1287,352]",grounded,"[940,1197,398,1287,352]",0.5748868584632874,abstract,[],0.9034629464149475
907,bowl_missing,some_absent,"[""bowl""]",serve_bread_after_checking_cabinet,"[2767,3266,143,2943,245]",grounded,"[2767,3266,143,2943,245]",0.6213803291320801,abstract,[],0.9034629464149475
908,bowl_missing,some_absent,"[""bowl""]",ensure_all_fruits_on_table,"[202,3660,398,1287,855]",grounded,"[202,3660,398,1287,855]",0.49803799390792847,abstract,[],0.9034629464149475
909,plate_missing,some_absent,"[""plate""]",ensure_all_fruits_on_table,"[202,3660,398,1287,855]",grounded,"[202,3660,398,1287,855]",0.49803799390792847,abstract,[],0.9034629464149475
910,bowl_missing,some_absent,"[""bowl""]",ensure_all_fruits_on_table,"[73,2780,57,1222,1428]",grounded,"[73,2780,57,1222,1428]",0.5554057359695435,abstract,[],0.9034629464149475
911,bowl_missing,some_absent,"[""bowl""]",ensure_all_fruits_on_table,"[202,3660,398,1287,855]",grounded,"[202,3660,398,1287,855]",0.49803799390792847,abstract,[],0.9034629464149475
912,both_missing,some_absent,"[""bowl"",""plate""]",ensure_all_fruits_on_table,"[73,2780,57,1222,1428]",grounded,"[73,2780,57,1222,1428]",0.5554057359695435,abstract,[],0.9034629464149475
913,plate_missing,some_absent,"[""plate""]",ensure_all_fruits_on_table,"[1401,2069,129,316,1428]",grounded,"[1401,2069,129,316,1428]",0.550321638584137,abstract,[],0.9034629464149475
914,plate_missing,some_absent,"[""plate""]",ensure_all_fruits_on_table,"[202,3660,398,1287,855]",grounded,"[202,3660,398,1287,855]",0.49803799390792847,abstract,[],0.9034629464149475
915,plate_missing,some_absent,"[""plate""]",ensure_all_fruits_on_table,"[38,416,548,2909,161]",grounded,"[38,416,548,2909,161]",0.6202490329742432,abstract,[],0.9034629464149475
916,bowl_missing,some_absent,"[""bowl""]",ensure_all_fruits_on_table,"[73,2780,57,1222,1428]",grounded,"[73,2780,57,1222,1428]",0.5554057359695435,abstract,[],0.9034629464149475
917,both_missing,some_absent,"[""bowl"",""plate""]",sequential_pick_two_and_place,"[583,2873,766,460,5685]",grounded,"[583,2873,766,460,5685]",0.5971207618713379,abstract,[],0.9034629464149475
918,plate_missing,some_absent,"[""plate""]",serve_bread_after_checking_cabinet,"[2767,3266,143,2943,245]",grounded,"[2767,3266,143,2943,245]",0.6213803291320801,abstract,[],0.9034629464149475
919,both_missing,some_absent,"[""bowl"",""plate""]",ensure_all_fruits_on_table,"[73,2780,57,1222,1428]",grounded,"[73,2780,57,1222,1428]",0.5554057359695435,abstract,[],0.9034629464149475
920,plate_missing,some_absent,"[""plate""]",ensure_all_fruits_on_table,"[1428,2075,56,383,1401]",grounded,"[1428,2075,56,383,1401]",0.5903847217559814,abstract,[],0.9034629464149475
921,plate_missing,some_absent,"[""plate""]",sequential_pick_two_and_place,"[583,2873,766,460,5685]",grounded,"[583,2873,766,460,5685]",0.5971207618713379,abstract,[],0.9034629464149475
922,plate_missing,some_absent,"[""plate""]",single_move_asset_to_target,"[3458,228,2781,1880,4735]",grounded,"[3458,228,2781,1880,4735]",0.7524831295013428,abstract,[],0.9034629464149475
923,both_missing,some_absent,"[""bowl"",""plate""]",single_move_asset_to_target,"[3458,228,2781,1880,4735]",grounded,"[3458,228,2781,1880,4735]",0.7524831295013428,abstract,[],0.9034629464149475
924,plate_missing,some_absent,"[""plate""]",ensure_all_fruits_on_table,"[202,3660,398,1287,855]",grounded,"[202,3660,398,1287,855]",0.49803799390792847,abstract,[],0.9034629464149475
925,bowl_missing,some_absent,"[""bowl""]",ensure_all_fruits_on_table,"[202,3660,398,1287,855]",grounded,"[202,3660,398,1287,855]",0.49803799390792847,abstract,[],0.9034629464149475
926,plate_missing,some_absent,"[""plate""]",ensure_all_fruits_on_table,"[1401,2069,129,316,1428]",grounded,"[1401,2069,129,316,1428]",0.550321638584137,abstract,[],0.9034629464149475
927,plate_missing,some_absent,"[""plate""]",ensure_all_fruits_on_table,"[38,416,548,2909,161]",grounded,"[38,416,548,2909,161]",0.6202490329742432,abstract,[],0.9034629464149475
928,bowl_missing,some_absent,"[""bowl""]",ensure_all_fruits_on_table,"[1401,2069,129,316,1428]",grounded,"[1401,2069,129,316,1428]",0.550321638584137,abstract,[],0.9034629464149475
929,bowl_missing,some_absent,"[""bowl""]",ensure_all_fruits_on_table,"[940,1197,398,1287,352]",grounded,"[940,1197,398,1287,352]",0.5748868584632874,abstract,[],0.9034629464149475
930,both_missing,some_absent,"[""bowl"",""plate""]",ensure_all_fruits_on_table,"[940,1197,398,1287,352]",grounded,"[940,1197,398,1287,352]",0.5748868584632874,abstract,[],0.9034629464149475
931,bowl_missing,some_absent,"[""bowl""]",ensure_all_fruits_on_table,"[1428,2075,56,383,1401]",grounded,"[1428,2075,56,383,1401]",0.5903847217559814,abstract,[],0.9034629464149475
932,bowl_missing,some_absent,"[""bowl""]",sequential_pick_two_and_place,"[583,2873,766,460,5685]",grounded,"[583,2873,766,460,5685]",0.5971207618713379,abstract,[],0.9034629464149475
933,plate_missing,some_absent,"[""plate""]",serve_bread_after_checking_cabinet,"[2767,3266,143,2943,245]",grounded,"[2767,3266,143,2943,245]",0.6213803291320801,abstract,[],0.9034629464149475
934,plate_missing,some_absent,"[""plate""]",sequential_pick_two_and_place,"[583,2873,766,460,5685]",grounded,"[583,2873,766,460,5685]",0.5971207618713379,abstract,[],0.9034629464149475
935,bowl_missing,some_absent,"[""bowl""]",sequential_pick_two_and_place,"[2700,2742,3597,2873,3152]",grounded,"[2700,2742,3597,2873,3152]",0.5883311033248901,abstract,[],0.9034629464149475
936,plate_missing,some_absent,"[""plate""]",ensure_all_fruits_on_table,"[38,416,548,2909,161]",grounded,"[38,416,548,2909,161]",0.6202490329742432,abstract,[],0.9034629464149475
937,bowl_missing,some_absent,"[""bowl""]",ensure_all_fruits_on_table,"[202,3660,398,1287,855]",grounded,"[202,3660,398,1287,855]",0.49803799390792847,abstract,[],0.9034629464149475
938,plate_missing,some_absent,"[""plate""]",ensure_all_fruits_on_table,"[1428,2075,56,383,1401]",grounded,"[1428,2075,56,383,1401]",0.5903847217559814,abstract,[],0.9034629464149475
939,both_missing,some_absent,"[""bowl"",""plate""]",serve_bread_after_checking_cabinet,"[2767,3266,143,2943,245]",grounded,"[2767,3266,143,2943,245]",0.6213803291320801,abstract,[],0.9034629464149475
940,bowl_missing,some_absent,"[""bowl""]",ensure_all_fruits_on_table,"[38,416,548,2909,161]",grounded,"[38,416,548,2909,161]",0.6202490329742432,abstract,[],0.9034629464149475
941,plate_missing,some_absent,"[""plate""]",ensure_all_fruits_on_table,"[38,416,548,2909,161]",grounded,"[38,416,548,2909,161]",0.6202490329742432,abstract,[],0.9034629464149475
942,plate_missing,some_absent,"[""plate""]",sequential_pick_two_and_place,"[2700,2742,3597,2873,3152]",grounded,"[2700,2742,3597,2873,3152]",0.5883311033248901,abstract,[],0.9034629464149475
943,bowl_missing,some_absent,"[""bowl""]",ensure_all_fruits_on_table,"[1401,2069,129,316,1428]",grounded,"[1401,2069,129,316,1428]",0.550321638584137,abstract,[],0.9034629464149475
944,bowl_missing,some_absent,"[""bowl""]",ensure_all_fruits_on_table,"[38,416,548,2909,161]",grounded,"[38,416,548,2909,161]",0.6202490329742432,abstract,[],0.9034629464149475
945,plate_missing,some_absent,"[""plate""]",ensure_all_fruits_on_table,"[38,416,548,2909,161]",grounded,"[38,416,548,2909,161]",0.6202490329742432,abstract,[],0.9034629464149475
946,both_missing,some_absent,"[""bowl"",""plate""]",sequential_pick_two_and_place,"[2700,2742,3597,2873,3152]",grounded,"[2700,2742,3597,2873,3152]",0.5883311033248901,abstract,[],0.9034629464149475
947,plate_missing,some_absent,"[""plate""]",single_move_asset_to_target,"[3458,228,2781,1880,4735]",grounded,"[3458,228,2781,1880,4735]",0.7524831295013428,abstract,[],0.9034629464149475
948,plate_missing,some_absent,"[""plate""]",single_move_asset_to_target,"[1571,3755,3365,1228,4735]",grounded,"[1571,3755,3365,1228,4735]",0.6041235327720642,abstract,[],0.9034629464149475
949,bowl_missing,some_absent,"[""bowl""]",single_move_asset_to_target,"[1571,3755,3365,1228,4735]",grounded,"[1571,3755,3365,1228,4735]",0.6041235327720642,abstract,[],0.9034629464149475
950,bowl_missing,some_absent,"[""bowl""]",ensure_all_fruits_on_table,"[1401,2069,129,316,1428]",grounded,"[1401,2069,129,316,1428]",0.550321638584137,abstract,[],0.9034629464149475
951,plate_missing,some_absent,"[""plate""]",sequential_pick_two_and_place,"[583,2873,766,460,5685]",grounded,"[583,2873,766,460,5685]",0.5971207618713379,abstract,[],0.9034629464149475
952,bowl_missing,some_absent,"[""bowl""]",single_move_asset_to_target,"[3458,228,2781,1880,4735]",grounded,"[3458,228,2781,1880,4735]",0.7524831295013428,abstract,[],0.9034629464149475
953,plate_missing,some_absent,"[""plate""]",ensure_all_fruits_on_table,"[1428,2075,56,383,1401]",grounded,"[1428,2075,56,383,1401]",0.5903847217559814,abstract,[],0.9034629464149475
954,bowl_missing,some_absent,"[""bowl""]",ensure_all_fruits_on_table,"[73,2780,57,1222,1428]",grounded,"[73,2780,57,1222,1428]",0.5554057359695435,abstract,[],0.9034629464149475
955,plate_missing,some_absent,"[""plate""]",single_move_asset_to_target,"[3458,228,2781,1880,4735]",grounded,"[3458,228,2781,1880,4735]",0.7524831295013428,abstract,[],0.9034629464149475
956,both_missing,some_absent,"[""bowl"",""plate""]",sequential_pick_two_and_place,"[2700,2742,3597,2873,3152]",grounded,"[2700,2742,3597,2873,3152]",0.5883311033248901,abstract,[],0.9034629464149475
957,plate_missing,some_absent,"[""plate""]",serve_bread_after_checking_cabinet,"[2767,3266,143,2943,245]",grounded,"[2767,3266,143,2943,245]",0.6213803291320801,abstract,[],0.9034629464149475
958,both_missing,some_absent,"[""bowl"",""plate""]",sequential_pick_two_and_place,"[583,2873,766,460,5685]",grounded,"[583,2873,766,460,5685]",0.5971207618713379,abstract,[],0.9034629464149475
959,bowl_missing,some_absent,"[""bowl""]",ensure_all_fruits_on_table,"[1401,2069,129,316,1428]",grounded,"[1401,2069,129,316,1428]",0.550321638584137,abstract,[],0.9034629464149475
960,bowl_missing,some_absent,"[""bowl""]",sequential_pick_two_and_place,"[2700,2742,3597,2873,3152]",grounded,"[2700,2742,3597,2873,3152]",0.5883311033248901,abstract,[],0.9034629464149475
961,plate_missing,some_absent,"[""plate""]",single_move_asset_to_target,"[1571,3755,3365,1228,4735]",grounded,"[1571,3755,3365,1228,4735]",0.6041235327720642,abstract,[],0.9034629464149475
962,both_missing,some_absent,"[""bowl"",""plate""]",ensure_all_fruits_on_table,"[1428,2075,56,383,1401]",grounded,"[1428,2075,56,383,1401]",0.5903847217559814,abstract,[],0.9034629464149475
963,bowl_missing,some_absent,"[""bowl""]",single_move_asset_to_target,"[3458,228,2781,1880,4735]",grounded,"[3458,228,2781,1880,4735]",0.7524831295013428,abstract,[],0.9034629464149475
964,bowl_missing,some_absent,"[""bowl""]",ensure_all_fruits_on_table,"[1428,2075,56,383,1401]",grounded,"[1428,2075,56,383,1401]",0.5903847217559814,abstract,[],0.9034629464149475
965,bowl_missing,some_absent,"[""bowl""]",single_move_asset_to_target,"[1571,3755,3365,1228,4735]",grounded,"[1571,3755,3365,1228,4735]",0.6041235327720642,abstract,[],0.9034629464149475
966,both_missing,some_absent,"[""bowl"",""plate""]",sequential_pick_two_and_place,"[2700,2742,3597,2873,3152]",grounded,"[2700,2742,3597,2873,3152]",0.5883311033248901,abstract,[],0.9034629464149475
967,bowl_missing,some_absent,"[""bowl""]",sequential_pick_two_and_place,"[2700,2742,3597,2873,3152]",grounded,"[2700,2742,3597,2873,3152]",0.5883311033248901,abstract,[],0.9034629464149475
968,plate_missing,some_absent,"[""plate""]",sequential_pick_two_and_place,"[2700,2742,3597,2873,3152]",grounded,"[2700,2742,3597,2873,3152]",0.5883311033248901,abstract,[],0.9034629464149475
969,both_missing,some_absent,"[""bowl"",""plate""]",single_move_asset_to_target,"[1571,3755,3365,1228,4735]",grounded,"[1571,3755,3365,1228,4735]",0.6041235327720642,abstract,[],0.9034629464149475
970,both_missing,some_absent,"[""bowl"",""plate""]",serve_bread_after_checking_cabinet,"[2767,3266,143,2943,245]",grounded,"[2767,3266,143,2943,245]",0.6213803291320801,abstract,[],0.9034629464149475
971,bowl_missing,some_absent,"[""bowl""]",ensure_all_fruits_on_table,"[1428,2075,56,383,1401]",grounded,"[1428,2075,56,383,1401]",0.5903847217559814,abstract,[],0.9034629464149475
972,bowl_missing,some_absent,"[""bowl""]",single_move_asset_to_target,"[1571,3755,3365,1228,4735]",grounded,"[1571,3755,3365,1228,4735]",0.6041235327720642,abstract,[],0.9034629464149475
973,plate_missing,some_absent,"[""plate""]",single_move_asset_to_target,"[3458,228,2781,1880,4735]",grounded,"[3458,228,2781,1880,4735]",0.7524831295013428,abstract,[],0.9034629464149475
974,both_missing,some_absent,"[""bowl"",""plate""]",ensure_all_fruits_on_table,"[940,1197,398,1287,352]",grounded,"[940,1197,398,1287,352]",0.5748868584632874,abstract,[],0.9034629464149475
975,bowl_missing,some_absent,"[""bowl""]",ensure_all_fruits_on_table,"[1401,2069,129,316,1428]",grounded,"[1401,2069,129,316,1428]",0.550321638584137,abstract,[],0.9034629464149475
976,both_missing,some_absent,"[""bowl"",""plate""]",ensure_all_fruits_on_table,"[38,416,548,2909,161]",grounded,"[38,416,548,2909,161]",0.6202490329742432,abstract,[],0.9034629464149475
977,plate_missing,some_absent,"[""plate""]",sequential_pick_two_and_place,"[583,2873,766,460,5685]",grounded,"[583,2873,766,460,5685]",0.5971207618713379,abstract,[],0.9034629464149475
978,bowl_missing,some_absent,"[""bowl""]",sequential_pick_two_and_place,"[583,2873,766,460,5685]",grounded,"[583,2873,766,460,5685]",0.5971207618713379,abstract,[],0.9034629464149475
979,both_missing,some_absent,"[""bowl"",""plate""]",serve_bread_after_checking_cabinet,"[2767,3266,143,2943,245]",grounded,"[2767,3266,143,2943,245]",0.6213803291320801,abstract,[],0.9034629464149475
980,bowl_missing,some_absent,"[""bowl""]",ensure_all_fruits_on_table,"[38,416,548,2909,161]",grounded,"[38,416,548,2909,161]",0.6202490329742432,abstract,[],0.9034629464149475
981,bowl_missing,some_absent,"[""bowl""]",ensure_all_fruits_on_table,"[940,1197,398,1287,352]",grounded,"[940,1197,398,1287,352]",0.5748868584632874,abstract,[],0.9034629464149475
982,bowl_missing,some_absent,"[""bowl""]",sequential_pick_two_and_place,"[583,2873,766,460,5685]",grounded,"[583,2873,766,460,5685]",0.5971207618713379,abstract,[],0.9034629464149475
983,bowl_missing,some_absent,"[""bowl""]",ensure_all_fruits_on_table,"[73,2780,57,1222,1428]",grounded,"[73,2780,57,1222,1428]",0.5554057359695435,abstract,[],0.9034629464149475
984,bowl_missing,some_absent,"[""bowl""]",single_move_asset_to_target,"[1571,3755,3365,1228,4735]",grounded,"[1571,3755,3365,1228,4735]",0.6041235327720642,abstract,[],0.9034629464149475
985,plate_missing,some_absent,"[""plate""]",ensure_all_fruits_on_table,"[1401,2069,129,316,1428]",grounded,"[1401,2069,129,316,1428]",0.550321638584137,abstract,[],0.9034629464149475
986,bowl_missing,some_absent,"[""bowl""]",ensure_all_fruits_on_table,"[73,2780,57,1222,1428]",grounded,"[73,2780,57,1222,1428]",0.5554057359695435,abstract,[],0.9034629464149475
987,both_missing,some_absent,"[""bowl"",""plate""]",single_move_asset_to_target,"[1571,3755,3365,1228,4735]",grounded,"[1571,3755,3365,1228,4735]",0.6041235327720642,abstract,[],0.9034629464149475
988,bowl_missing,some_absent,"[""bowl""]",ensure_all_fruits_on_table,"[38,416,548,2909,161]",grounded,"[38,416,548,2909,161]",0.6202490329742432,abstract,[],0.9034629464149475
989,both_missing,some_absent,"[""bowl"",""plate""]",ensure_all_fruits_on_table,"[1401,2069,129,316,1428]",grounded,"[1401,2069,129,316,1428]",0.550321638584137,abstract,[],0.9034629464149475
990,plate_missing,some_absent,"[""plate""]",sequential_pick_two_and_place,"[2700,2742,3597,2873,3152]",grounded,"[2700,2742,3597,2873,3152]",0.5883311033248901,abstract,[],0.9034629464149475
991,both_missing,some_absent,"[""bowl"",""plate""]",sequential_pick_two_and_place,"[583,2873,766,460,5685]",grounded,"[583,2873,766,460,5685]",0.5971207618713379,abstract,[],0.9034629464149475
992,bowl_missing,some_absent,"[""bowl""]",sequential_pick_two_and_place,"[2700,2742,3597,2873,3152]",grounded,"[2700,2742,3597,2873,3152]",0.5883311033248901,abstract,[],0.9034629464149475
993,bowl_missing,some_absent,"[""bowl""]",ensure_all_fruits_on_table,"[1401,2069,129,316,1428]",grounded,"[1401,2069,129,316,1428]",0.550321638584137,abstract,[],0.9034629464149475
994,plate_missing,some_absent,"[""plate""]",single_move_asset_to_target,"[3458,228,2781,1880,4735]",grounded,"[3458,228,2781,1880,4735]",0.7524831295013428,abstract,[],0.9034629464149475
995,both_missing,some_absent,"[""bowl"",""plate""]",sequential_pick_two_and_place,"[2700,2742,3597,2873,3152]",grounded,"[2700,2742,3597,2873,3152]",0.5883311033248901,abstract,[],0.9034629464149475
996,bowl_missing,some_absent,"[""bowl""]",ensure_all_fruits_on_table,"[940,1197,398,1287,352]",grounded,"[940,1197,398,1287,352]",0.5748868584632874,abstract,[],0.9034629464149475
997,plate_missing,some_absent,"[""plate""]",ensure_all_fruits_on_table,"[940,1197,398,1287,352]",grounded,"[940,1197,398,1287,352]",0.5748868584632874,abstract,[],0.9034629464149475
998,bowl_missing,some_absent,"[""bowl""]",single_move_asset_to_target,"[1571,3755,3365,1228,4735]",grounded,"[1571,3755,3365,1228,4735]",0.6041235327720642,abstract,[],0.9034629464149475
999,bowl_missing,some_absent,"[""bowl""]",serve_bread_after_checking_cabinet,"[2767,3266,143,2943,245]",grounded,"[2767,3266,143,2943,245]",0.6213803291320801,abstract,[],0.9034629464149475
1000,plate_missing,some_absent,"[""plate""]",ensure_all_fruits_on_table,"[1401,2069,129,316,1428]",grounded,"[1401,2069,129,316,1428]",0.550321638584137,abstract,[],0.9034629464149475
1001,plate_missing,some_absent,"[""plate""]",single_move_asset_to_target,"[1571,3755,3365,1228,4735]",grounded,"[1571,3755,3365,1228,4735]",0.6041235327720642,abstract,[],0.9034629464149475
1002,bowl_missing,some_absent,"[""bowl""]",sequential_pick_two_and_place,"[2700,2742,3597,2873,3152]",grounded,"[2700,2742,3597,2873,3152]",0.5883311033248901,abstract,[],0.9034629464149475
1003,both_missing,some_absent,"[""bowl"",""plate""]",ensure_all_fruits_on_table,"[1428,2075,56,383,1401]",grounded,"[1428,2075,56,383,1401]",0.5903847217559814,abstract,[],0.9034629464149475
1004,plate_missing,some_absent,"[""plate""]",single_move_asset_to_target,"[1571,3755,3365,1228,4735]",grounded,"[1571,3755,3365,1228,4735]",0.6041235327720642,abstract,[],0.9034629464149475
1005,both_missing,some_absent,"[""bowl"",""plate""]",ensure_all_fruits_on_table,"[73,2780,57,1222,1428]",grounded,"[73,2780,57,1222,1428]",0.5554057359695435,abstract,[],0.9034629464149475
1006,plate_missing,some_absent,"[""plate""]",ensure_all_fruits_on_table,"[73,2780,57,1222,1428]",grounded,"[73,2780,57,1222,1428]",0.5554057359695435,abstract,[],0.9034629464149475
1007,both_missing,some_absent,"[""bowl"",""plate""]",ensure_all_fruits_on_table,"[38,416,548,2909,161]",grounded,"[38,416,548,2909,161]",0.6202490329742432,abstract,[],0.9034629464149475
1008,both_missing,some_absent,"[""bowl"",""plate""]",single_move_asset_to_target,"[1571,3755,3365,1228,4735]",grounded,"[1571,3755,3365,1228,4735]",0.6041235327720642,abstract,[],0.9034629464149475
1009,both_missing,some_absent,"[""bowl"",""plate""]",single_move_asset_to_target,"[1571,3755,3365,1228,4735]",grounded,"[1571,3755,3365,1228,4735]",0.6041235327720642,abstract,[],0.9034629464149475
1010,bowl_missing,some_absent,"[""bowl""]",ensure_all_fruits_on_table,"[940,1197,398,1287,352]",grounded,"[940,1197,398,1287,352]",0.5748868584632874,abstract,[],0.9034629464149475
1011,bowl_missing,some_absent,"[""bowl""]",single_move_asset_to_target,"[1571,3755,3365,1228,4735]",grounded,"[1571,3755,3365,1228,4735]",0.6041235327720642,abstract,[],0.9034629464149475
1012,both_missing,some_absent,"[""bowl"",""plate""]",single_move_asset_to_target,"[3458,228,2781,1880,4735]",grounded,"[3458,228,2781,1880,4735]",0.7524831295013428,abstract,[],0.9034629464149475
1013,both_missing,some_absent,"[""bowl"",""plate""]",single_move_asset_to_target,"[1571,3755,3365,1228,4735]",grounded,"[1571,3755,3365,1228,4735]",0.6041235327720642,abstract,[],0.9034629464149475
1014,bowl_missing,some_absent,"[""bowl""]",ensure_all_fruits_on_table,"[1428,2075,56,383,1401]",grounded,"[1428,2075,56,383,1401]",0.5903847217559814,abstract,[],0.9034629464149475
1015,both_missing,some_absent,"[""bowl"",""plate""]",sequential_pick_two_and_place,"[2700,2742,3597,2873,3152]",grounded,"[2700,2742,3597,2873,3152]",0.5883311033248901,abstract,[],0.9034629464149475
1016,bowl_missing,some_absent,"[""bowl""]",ensure_all_fruits_on_table,"[1428,2075,56,383,1401]",grounded,"[1428,2075,56,383,1401]",0.5903847217559814,abstract,[],0.9034629464149475
1017,both_missing,some_absent,"[""bowl"",""plate""]",ensure_all_fruits_on_table,"[38,416,548,2909,161]",grounded,"[38,416,548,2909,161]",0.6202490329742432,abstract,[],0.9034629464149475
1018,both_missing,some_absent,"[""bowl"",""plate""]",single_move_asset_to_target,"[3458,228,2781,1880,4735]",grounded,"[3458,228,2781,1880,4735]",0.7524831295013428,abstract,[],0.9034629464149475
1019,plate_missing,some_absent,"[""plate""]",ensure_all_fruits_on_table,"[1428,2075,56,383,1401]",grounded,"[1428,2075,56,383,1401]",0.5903847217559814,abstract,[],0.9034629464149475
1020,both_missing,some_absent,"[""bowl"",""plate""]",ensure_all_fruits_on_table,"[73,2780,57,1222,1428]",grounded,"[73,2780,57,1222,1428]",0.5554057359695435,abstract,[],0.9034629464149475
1021,both_missing,some_absent,"[""bowl"",""plate""]",ensure_all_fruits_on_table,"[38,416,548,2909,161]",grounded,"[38,416,548,2909,161]",0.6202490329742432,abstract,[],0.9034629464149475
1022,bowl_missing,some_absent,"[""bowl""]",sequential_pick_two_and_place,"[583,2873,766,460,5685]",grounded,"[583,2873,766,460,5685]",0.5971207618713379,abstract,[],0.9034629464149475
1023,bowl_missing,some_absent,"[""bowl""]",single_move_asset_to_target,"[1571,3755,3365,1228,4735]",grounded,"[1571,3755,3365,1228,4735]",0.6041235327720642,abstract,[],0.9034629464149475
1024,bowl_missing,some_absent,"[""bowl""]",sequential_pick_two_and_place,"[2700,2742,3597,2873,3152]",grounded,"[2700,2742,3597,2873,3152]",0.5883311033248901,abstract,[],0.9034629464149475
1025,plate_missing,some_absent,"[""plate""]",sequential_pick_two_and_place,"[2700,2742,3597,2873,3152]",grounded,"[2700,2742,3597,2873,3152]",0.5883311033248901,abstract,[],0.9034629464149475
1026,both_missing,some_absent,"[""bowl"",""plate""]",ensure_all_fruits_on_table,"[940,1197,398,1287,352]",grounded,"[940,1197,398,1287,352]",0.5748868584632874,abstract,[],0.9034629464149475
1027,both_missing,some_absent,"[""bowl"",""plate""]",ensure_all_fruits_on_table,"[940,1197,398,1287,352]",grounded,"[940,1197,398,1287,352]",0.5748868584632874,abstract,[],0.9034629464149475
1028,bowl_missing,some_absent,"[""bowl""]",ensure_all_fruits_on_table,"[73,2780,57,1222,1428]",grounded,"[73,2780,57,1222,1428]",0.5554057359695435,abstract,[],0.9034629464149475
1029,plate_missing,some_absent,"[""plate""]",ensure_all_fruits_on_table,"[73,2780,57,1222,1428]",grounded,"[73,2780,57,1222,1428]",0.5554057359695435,abstract,[],0.9034629464149475
1030,plate_missing,some_absent,"[""plate""]",sequential_pick_two_and_place,"[2700,2742,3597,2873,3152]",grounded,"[2700,2742,3597,2873,3152]",0.5883311033248901,abstract,[],0.9034629464149475
1031,bowl_missing,some_absent,"[""bowl""]",serve_bread_after_checking_cabinet,"[2767,3266,143,2943,245]",grounded,"[2767,3266,143,2943,245]",0.6213803291320801,abstract,[],0.9034629464149475
1032,bowl_missing,some_absent,"[""bowl""]",single_move_asset_to_target,"[3458,228,2781,1880,4735]",grounded,"[3458,228,2781,1880,4735]",0.7524831295013428,abstract,[],0.9034629464149475
1033,plate_missing,some_absent,"[""plate""]",ensure_all_fruits_on_table,"[1401,2069,129,316,1428]",grounded,"[1401,2069,129,316,1428]",0.550321638584137,abstract,[],0.9034629464149475
1034,both_missing,some_absent,"[""bowl"",""plate""]",ensure_all_fruits_on_table,"[1401,2069,129,316,1428]",grounded,"[1401,2069,129,316,1428]",0.550321638584137,abstract,[],0.9034629464149475
1035,plate_missing,some_absent,"[""plate""]",ensure_all_fruits_on_table,"[1401,2069,129,316,1428]",grounded,"[1401,2069,129,316,1428]",0.550321638584137,abstract,[],0.9034629464149475
1036,both_missing,some_absent,"[""bowl"",""plate""]",single_move_asset_to_target,"[3458,228,2781,1880,4735]",grounded,"[3458,228,2781,1880,4735]",0.7524831295013428,abstract,[],0.9034629464149475
1037,both_missing,some_absent,"[""bowl"",""plate""]",ensure_all_fruits_on_table,"[940,1197,398,1287,352]",grounded,"[940,1197,398,1287,352]",0.5748868584632874,abstract,[],0.9034629464149475
1038,plate_missing,some_absent,"[""plate""]",ensure_all_fruits_on_table,"[1401,2069,129,316,1428]",grounded,"[1401,2069,129,316,1428]",0.550321638584137,abstract,[],0.9034629464149475
1039,plate_missing,some_absent,"[""plate""]",ensure_all_fruits_on_table,"[1428,2075,56,383,1401]",grounded,"[1428,2075,56,383,1401]",0.5903847217559814,abstract,[],0.9034629464149475
1040,plate_missing,some_absent,"[""plate""]",sequential_pick_two_and_place,"[583,2873,766,460,5685]",grounded,"[583,2873,766,460,5685]",0.5971207618713379,abstract,[],0.9034629464149475
1041,bowl_missing,some_absent,"[""bowl""]",single_move_asset_to_target,"[1571,3755,3365,1228,4735]",grounded,"[1571,3755,3365,1228,4735]",0.6041235327720642,abstract,[],0.9034629464149475
1042,plate_missing,some_absent,"[""plate""]",single_move_asset_to_target,"[3458,228,2781,1880,4735]",grounded,"[3458,228,2781,1880,4735]",0.7524831295013428,abstract,[],0.9034629464149475
1043,both_missing,some_absent,"[""bowl"",""plate""]",ensure_all_fruits_on_table,"[1401,2069,129,316,1428]",grounded,"[1401,2069,129,316,1428]",0.550321638584137,abstract,[],0.9034629464149475
1044,plate_missing,some_absent,"[""plate""]",ensure_all_fruits_on_table,"[73,2780,57,1222,1428]",grounded,"[73,2780,57,1222,1428]",0.5554057359695435,abstract,[],0.9034629464149475
1045,bowl_missing,some_absent,"[""bowl""]",serve_bread_after_checking_cabinet,"[2767,3266,143,2943,245]",grounded,"[2767,3266,143,2943,245]",0.6213803291320801,abstract,[],0.9034629464149475
1046,both_missing,some_absent,"[""bowl"",""plate""]",sequential_pick_two_and_place,"[2700,2742,3597,2873,3152]",grounded,"[2700,2742,3597,2873,3152]",0.5883311033248901,abstract,[],0.9034629464149475
1047,both_missing,some_absent,"[""bowl"",""plate""]",single_move_asset_to_target,"[3458,228,2781,1880,4735]",grounded,"[3458,228,2781,1880,4735]",0.7524831295013428,abstract,[],0.9034629464149475
1048,bowl_missing,some_absent,"[""bowl""]",ensure_all_fruits_on_table,"[1401,2069,129,316,1428]",grounded,"[1401,2069,129,316,1428]",0.550321638584137,abstract,[],0.9034629464149475
1049,bowl_missing,some_absent,"[""bowl""]",serve_bread_after_checking_cabinet,"[2767,3266,143,2943,245]",grounded,"[2767,3266,143,2943,245]",0.6213803291320801,abstract,[],0.9034629464149475
1050,plate_missing,some_absent,"[""plate""]",ensure_all_fruits_on_table,"[73,2780,57,1222,1428]",grounded,"[73,2780,57,1222,1428]",0.5554057359695435,abstract,[],0.9034629464149475
1051,both_missing,some_absent,"[""bowl"",""plate""]",ensure_all_fruits_on_table,"[73,2780,57,1222,1428]",grounded,"[73,2780,57,1222,1428]",0.5554057359695435,abstract,[],0.9034629464149475
1052,bowl_missing,some_absent,"[""bowl""]",sequential_pick_two_and_place,"[583,2873,766,460,5685]",grounded,"[583,2873,766,460,5685]",0.5971207618713379,abstract,[],0.9034629464149475
1053,bowl_missing,some_absent,"[""bowl""]",ensure_all_fruits_on_table,"[1428,2075,56,383,1401]",grounded,"[1428,2075,56,383,1401]",0.5903847217559814,abstract,[],0.9034629464149475
1054,both_missing,some_absent,"[""bowl"",""plate""]",ensure_all_fruits_on_table,"[940,1197,398,1287,352]",grounded,"[940,1197,398,1287,352]",0.5748868584632874,abstract,[],0.9034629464149475
1055,plate_missing,some_absent,"[""plate""]",sequential_pick_two_and_place,"[583,2873,766,460,5685]",grounded,"[583,2873,766,460,5685]",0.5971207618713379,abstract,[],0.9034629464149475
1056,bowl_missing,some_absent,"[""bowl""]",ensure_all_fruits_on_table,"[73,2780,57,1222,1428]",grounded,"[73,2780,57,1222,1428]",0.5554057359695435,abstract,[],0.9034629464149475
1057,plate_missing,some_absent,"[""plate""]",ensure_all_fruits_on_table,"[1401,2069,129,316,1428]",grounded,"[1401,2069,129,316,1428]",0.550321638584137,abstract,[],0.9034629464149475
1058,bowl_missing,some_absent,"[""bowl""]",ensure_all_fruits_on_table,"[940,1197,398,1287,352]",grounded,"[940,1197,398,1287,352]",0.5748868584632874,abstract,[],0.9034629464149475
1059,bowl_missing,some_absent,"[""bowl""]",ensure_all_fruits_on_table,"[940,1197,398,1287,352]",grounded,"[940,1197,398,1287,352]",0.5748868584632874,abstract,[],0.9034629464149475
1060,plate_missing,some_absent,"[""plate""]",serve_bread_after_checking_cabinet,"[2767,3266,143,2943,245]",grounded,"[2767,3266,143,2943,245]",0.6213803291320801,abstract,[],0.9034629464149475
1061,plate_missing,some_absent,"[""plate""]",serve_bread_after_checking_cabinet,"[2767,3266,143,2943,245]",grounded,"[2767,3266,143,2943,245]",0.6213803291320801,abstract,[],0.9034629464149475
1062,both_missing,some_absent,"[""bowl"",""plate""]",sequential_pick_two_and_place,"[2700,2742,3597,2873,3152]",grounded,"[2700,2742,3597,2873,3152]",0.5883311033248901,abstract,[],0.9034629464149475
1063,both_missing,some_absent,"[""bowl"",""plate""]",ensure_all_fruits_on_table,"[73,2780,57,1222,1428]",grounded,"[73,2780,57,1222,1428]",0.5554057359695435,abstract,[],0.9034629464149475
1064,bowl_missing,some_absent,"[""bowl""]",sequential_pick_two_and_place,"[2700,2742,3597,2873,3152]",grounded,"[2700,2742,3597,2873,3152]",0.5883311033248901,abstract,[],0.9034629464149475
1065,both_missing,some_absent,"[""bowl"",""plate""]",sequential_pick_two_and_place,"[2700,2742,3597,2873,3152]",grounded,"[2700,2742,3597,2873,3152]",0.5883311033248901,abstract,[],0.9034629464149475
1066,plate_missing,some_absent,"[""plate""]",sequential_pick_two_and_place,"[2700,2742,3597,2873,3152]",grounded,"[2700,2742,3597,2873,3152]",0.5883311033248901,abstract,[],0.9034629464149475
1067,plate_missing,some_absent,"[""plate""]",ensure_all_fruits_on_table,"[940,1197,398,1287,352]",grounded,"[940,1197,398,1287,352]",0.5748868584632874,abstract,[],0.9034629464149475
1068,both_missing,some_absent,"[""bowl"",""plate""]",ensure_all_fruits_on_table,"[38,416,548,2909,161]",grounded,"[38,416,548,2909,161]",0.6202490329742432,abstract,[],0.9034629464149475
1069,plate_missing,some_absent,"[""plate""]",ensure_all_fruits_on_table,"[1401,2069,129,316,1428]",grounded,"[1401,2069,129,316,1428]",0.550321638584137,abstract,[],0.9034629464149475
1070,plate_missing,some_absent,"[""plate""]",ensure_all_fruits_on_table,"[940,1197,398,1287,352]",grounded,"[940,1197,398,1287,352]",0.5748868584632874,abstract,[],0.9034629464149475
1071,plate_missing,some_absent,"[""plate""]",ensure_all_fruits_on_table,"[73,2780,57,1222,1428]",grounded,"[73,2780,57,1222,1428]",0.5554057359695435,abstract,[],0.9034629464149475
1072,bowl_missing,some_absent,"[""bowl""]",ensure_all_fruits_on_table,"[38,416,548,2909,161]",grounded,"[38,416,548,2909,161]",0.6202490329742432,abstract,[],0.9034629464149475
1073,both_missing,some_absent,"[""bowl"",""plate""]",single_move_asset_to_target,"[3458,228,2781,1880,4735]",grounded,"[3458,228,2781,1880,4735]",0.7524831295013428,abstract,[],0.9034629464149475
1074,both_missing,some_absent,"[""bowl"",""plate""]",sequential_pick_two_and_place,"[583,2873,766,460,5685]",grounded,"[583,2873,766,460,5685]",0.5971207618713379,abstract,[],0.9034629464149475
1075,bowl_missing,some_absent,"[""bowl""]",serve_bread_after_checking_cabinet,"[2767,3266,143,2943,245]",grounded,"[2767,3266,143,2943,245]",0.6213803291320801,abstract,[],0.9034629464149475
1076,both_missing,some_absent,"[""bowl"",""plate""]",ensure_all_fruits_on_table,"[38,416,548,2909,161]",grounded,"[38,416,548,2909,161]",0.6202490329742432,abstract,[],0.9034629464149475
1077,bowl_missing,some_absent,"[""bowl""]",ensure_all_fruits_on_table,"[1401,2069,129,316,1428]",grounded,"[1401,2069,129,316,1428]",0.550321638584137,abstract,[],0.9034629464149475
1078,bowl_missing,some_absent,"[""bowl""]",sequential_pick_two_and_place,"[583,2873,766,460,5685]",grounded,"[583,2873,766,460,5685]",0.5971207618713379,abstract,[],0.9034629464149475
1079,both_missing,some_absent,"[""bowl"",""plate""]",ensure_all_fruits_on_table,"[1428,2075,56,383,1401]",grounded,"[1428,2075,56,383,1401]",0.5903847217559814,abstract,[],0.9034629464149475
1080,bowl_missing,some_absent,"[""bowl""]",ensure_all_fruits_on_table,"[38,416,548,2909,161]",grounded,"[38,416,548,2909,161]",0.6202490329742432,abstract,[],0.9034629464149475
1081,plate_missing,some_absent,"[""plate""]",single_move_asset_to_target,"[1571,3755,3365,1228,4735]",grounded,"[1571,3755,3365,1228,4735]",0.6041235327720642,abstract,[],0.9034629464149475
1082,plate_missing,some_absent,"[""plate""]",single_move_asset_to_target,"[1571,3755,3365,1228,4735]",grounded,"[1571,3755,3365,1228,4735]",0.6041235327720642,abstract,[],0.9034629464149475
1083,bowl_missing,some_absent,"[""bowl""]",ensure_all_fruits_on_table,"[1428,2075,56,383,1401]",grounded,"[1428,2075,56,383,1401]",0.5903847217559814,abstract,[],0.9034629464149475
1084,plate_missing,some_absent,"[""plate""]",ensure_all_fruits_on_table,"[940,1197,398,1287,352]",grounded,"[940,1197,398,1287,352]",0.5748868584632874,abstract,[],0.9034629464149475
1085,both_missing,some_absent,"[""bowl"",""plate""]",ensure_all_fruits_on_table,"[1401,2069,129,316,1428]",grounded,"[1401,2069,129,316,1428]",0.550321638584137,abstract,[],0.9034629464149475
1086,bowl_missing,some_absent,"[""bowl""]",single_move_asset_to_target,"[3458,228,2781,1880,4735]",grounded,"[3458,228,2781,1880,4735]",0.7524831295013428,abstract,[],0.9034629464149475
1087,plate_missing,some_absent,"[""plate""]",ensure_all_fruits_on_table,"[38,416,548,2909,161]",grounded,"[38,416,548,2909,161]",0.6202490329742432,abstract,[],0.9034629464149475
1088,plate_missing,some_absent,"[""plate""]",single_move_asset_to_target,"[1571,3755,3365,1228,4735]",grounded,"[1571,3755,3365,1228,4735]",0.6041235327720642,abstract,[],0.9034629464149475
1089,bowl_missing,some_absent,"[""bowl""]",single_move_asset_to_target,"[3458,228,2781,1880,4735]",grounded,"[3458,228,2781,1880,4735]",0.7524831295013428,abstract,[],0.9034629464149475
1090,plate_missing,some_absent,"[""plate""]",ensure_all_fruits_on_table,"[1428,2075,56,383,1401]",grounded,"[1428,2075,56,383,1401]",0.5903847217559814,abstract,[],0.9034629464149475
1091,plate_missing,some_absent,"[""plate""]",ensure_all_fruits_on_table,"[1428,2075,56,383,1401]",grounded,"[1428,2075,56,383,1401]",0.5903847217559814,abstract,[],0.9034629464149475
1092,plate_missing,some_absent,"[""plate""]",sequential_pick_two_and_place,"[2700,2742,3597,2873,3152]",grounded,"[2700,2742,3597,2873,3152]",0.5883311033248901,abstract,[],0.9034629464149475
1093,both_missing,some_absent,"[""bowl"",""plate""]",ensure_all_fruits_on_table,"[1428,2075,56,383,1401]",grounded,"[1428,2075,56,383,1401]",0.5903847217559814,abstract,[],0.9034629464149475
1094,both_missing,some_absent,"[""bowl"",""plate""]",ensure_all_fruits_on_table,"[73,2780,57,1222,1428]",grounded,"[73,2780,57,1222,1428]",0.5554057359695435,abstract,[],0.9034629464149475
1095,both_missing,some_absent,"[""bowl"",""plate""]",sequential_pick_two_and_place,"[583,2873,766,460,5685]",grounded,"[583,2873,766,460,5685]",0.5971207618713379,abstract,[],0.9034629464149475
1096,plate_missing,some_absent,"[""plate""]",sequential_pick_two_and_place,"[583,2873,766,460,5685]",grounded,"[583,2873,766,460,5685]",0.5971207618713379,abstract,[],0.9034629464149475
1097,both_missing,some_absent,"[""bowl"",""plate""]",ensure_all_fruits_on_table,"[940,1197,398,1287,352]",grounded,"[940,1197,398,1287,352]",0.5748868584632874,abstract,[],0.9034629464149475
1098,bowl_missing,some_absent,"[""bowl""]",ensure_all_fruits_on_table,"[38,416,548,2909,161]",grounded,"[38,416,548,2909,161]",0.6202490329742432,abstract,[],0.9034629464149475
1099,bowl_missing,some_absent,"[""bowl""]",sequential_pick_two_and_place,"[2700,2742,3597,2873,3152]",grounded,"[2700,2742,3597,2873,3152]",0.5883311033248901,abstract,[],0.9034629464149475
1100,bowl_missing,some_absent,"[""bowl""]",ensure_all_fruits_on_table,"[38,416,548,2909,161]",grounded,"[38,416,548,2909,161]",0.6202490329742432,abstract,[],0.9034629464149475
1101,plate_missing,some_absent,"[""plate""]",ensure_all_fruits_on_table,"[1428,2075,56,383,1401]",grounded,"[1428,2075,56,383,1401]",0.5903847217559814,abstract,[],0.9034629464149475
1102,bowl_missing,some_absent,"[""bowl""]",single_move_asset_to_target,"[3458,228,2781,1880,4735]",grounded,"[3458,228,2781,1880,4735]",0.7524831295013428,abstract,[],0.9034629464149475
1103,plate_missing,some_absent,"[""plate""]",ensure_all_fruits_on_table,"[1401,2069,129,316,1428]",grounded,"[1401,2069,129,316,1428]",0.550321638584137,abstract,[],0.9034629464149475
1104,both_missing,some_absent,"[""bowl"",""plate""]",ensure_all_fruits_on_table,"[73,2780,57,1222,1428]",grounded,"[73,2780,57,1222,1428]",0.5554057359695435,abstract,[],0.9034629464149475
1105,bowl_missing,some_absent,"[""bowl""]",serve_bread_after_checking_cabinet,"[2767,3266,143,2943,245]",grounded,"[2767,3266,143,2943,245]",0.6213803291320801,abstract,[],0.9034629464149475
1106,plate_missing,some_absent,"[""plate""]",serve_bread_after_checking_cabinet,"[2767,3266,143,2943,245]",grounded,"[2767,3266,143,2943,245]",0.6213803291320801,abstract,[],0.9034629464149475
1107,plate_missing,some_absent,"[""plate""]",ensure_all_fruits_on_table,"[1401,2069,129,316,1428]",grounded,"[1401,2069,129,316,1428]",0.550321638584137,abstract,[],0.9034629464149475
1108,plate_missing,some_absent,"[""plate""]",ensure_all_fruits_on_table,"[1428,2075,56,383,1401]",grounded,"[1428,2075,56,383,1401]",0.5903847217559814,abstract,[],0.9034629464149475
1109,plate_missing,some_absent,"[""plate""]",single_move_asset_to_target,"[3458,228,2781,1880,4735]",grounded,"[3458,228,2781,1880,4735]",0.7524831295013428,abstract,[],0.9034629464149475
1110,both_missing,some_absent,"[""bowl"",""plate""]",ensure_all_fruits_on_table,"[940,1197,398,1287,352]",grounded,"[940,1197,398,1287,352]",0.5748868584632874,abstract,[],0.9034629464149475
1111,plate_missing,some_absent,"[""plate""]",serve_bread_after_checking_cabinet,"[2767,3266,143,2943,245]",grounded,"[2767,3266,143,2943,245]",0.6213803291320801,abstract,[],0.9034629464149475
1112,both_missing,some_absent,"[""bowl"",""plate""]",single_move_asset_to_target,"[3458,228,2781,1880,4735]",grounded,"[3458,228,2781,1880,4735]",0.7524831295013428,abstract,[],0.9034629464149475
1113,plate_missing,some_absent,"[""plate""]",ensure_all_fruits_on_table,"[38,416,548,2909,161]",grounded,"[38,416,548,2909,161]",0.6202490329742432,abstract,[],0.9034629464149475
1114,both_missing,some_absent,"[""bowl"",""plate""]",serve_bread_after_checking_cabinet,"[2767,3266,143,2943,245]",grounded,"[2767,3266,143,2943,245]",0.6213803291320801,abstract,[],0.9034629464149475
1115,both_missing,some_absent,"[""bowl"",""plate""]",single_move_asset_to_target,"[3458,228,2781,1880,4735]",grounded,"[3458,228,2781,1880,4735]",0.7524831295013428,abstract,[],0.9034629464149475
1116,plate_missing,some_absent,"[""plate""]",serve_bread_after_checking_cabinet,"[2767,3266,143,2943,245]",grounded,"[2767,3266,143,2943,245]",0.6213803291320801,abstract,[],0.9034629464149475
1117,plate_missing,some_absent,"[""plate""]",ensure_all_fruits_on_table,"[1401,2069,129,316,1428]",grounded,"[1401,2069,129,316,1428]",0.550321638584137,abstract,[],0.9034629464149475
1118,plate_missing,some_absent,"[""plate""]",serve_bread_after_checking_cabinet,"[2767,3266,143,2943,245]",grounded,"[2767,3266,143,2943,245]",0.6213803291320801,abstract,[],0.9034629464149475
1119,both_missing,some_absent,"[""bowl"",""plate""]",sequential_pick_two_and_place,"[583,2873,766,460,5685]",grounded,"[583,2873,766,460,5685]",0.5971207618713379,abstract,[],0.9034629464149475
1120,bowl_missing,some_absent,"[""bowl""]",ensure_all_fruits_on_table,"[1401,2069,129,316,1428]",grounded,"[1401,2069,129,316,1428]",0.550321638584137,abstract,[],0.9034629464149475
1121,plate_missing,some_absent,"[""plate""]",sequential_pick_two_and_place,"[583,2873,766,460,5685]",grounded,"[583,2873,766,460,5685]",0.5971207618713379,abstract,[],0.9034629464149475
1122,both_missing,some_absent,"[""bowl"",""plate""]",sequential_pick_two_and_place,"[583,2873,766,460,5685]",grounded,"[583,2873,766,460,5685]",0.5971207618713379,abstract,[],0.9034629464149475
1123,plate_missing,some_absent,"[""plate""]",sequential_pick_two_and_place,"[583,2873,766,460,5685]",grounded,"[583,2873,766,460,5685]",0.5971207618713379,abstract,[],0.9034629464149475
1124,plate_missing,some_absent,"[""plate""]",sequential_pick_two_and_place,"[2700,2742,3597,2873,3152]",grounded,"[2700,2742,3597,2873,3152]",0.5883311033248901,abstract,[],0.9034629464149475
1125,bowl_missing,some_absent,"[""bowl""]",ensure_all_fruits_on_table,"[73,2780,57,1222,1428]",grounded,"[73,2780,57,1222,1428]",0.5554057359695435,abstract,[],0.9034629464149475
1126,plate_missing,some_absent,"[""plate""]",sequential_pick_two_and_place,"[583,2873,766,460,5685]",grounded,"[583,2873,766,460,5685]",0.5971207618713379,abstract,[],0.9034629464149475
1127,plate_missing,some_absent,"[""plate""]",ensure_all_fruits_on_table,"[1401,2069,129,316,1428]",grounded,"[1401,2069,129,316,1428]",0.550321638584137,abstract,[],0.9034629464149475
1128,both_missing,some_absent,"[""bowl"",""plate""]",sequential_pick_two_and_place,"[583,2873,766,460,5685]",grounded,"[583,2873,766,460,5685]",0.5971207618713379,abstract,[],0.9034629464149475
1129,both_missing,some_absent,"[""bowl"",""plate""]",single_move_asset_to_target,"[1571,3755,3365,1228,4735]",grounded,"[1571,3755,3365,1228,4735]",0.6041235327720642,abstract,[],0.9034629464149475
1130,plate_missing,some_absent,"[""plate""]",single_move_asset_to_target,"[1571,3755,3365,1228,4735]",grounded,"[1571,3755,3365,1228,4735]",0.6041235327720642,abstract,[],0.9034629464149475
1131,both_missing,some_absent,"[""bowl"",""plate""]",ensure_all_fruits_on_table,"[940,1197,398,1287,352]",grounded,"[940,1197,398,1287,352]",0.5748868584632874,abstract,[],0.9034629464149475
1132,both_missing,some_absent,"[""bowl"",""plate""]",ensure_all_fruits_on_table,"[73,2780,57,1222,1428]",grounded,"[73,2780,57,1222,1428]",0.5554057359695435,abstract,[],0.9034629464149475
1133,bowl_missing,some_absent,"[""bowl""]",ensure_all_fruits_on_table,"[940,1197,398,1287,352]",grounded,"[940,1197,398,1287,352]",0.5748868584632874,abstract,[],0.9034629464149475
1134,plate_missing,some_absent,"[""plate""]",ensure_all_fruits_on_table,"[940,1197,398,1287,352]",grounded,"[940,1197,398,1287,352]",0.5748868584632874,abstract,[],0.9034629464149475
1135,bowl_missing,some_absent,"[""bowl""]",serve_bread_after_checking_cabinet,"[2767,3266,143,2943,245]",grounded,"[2767,3266,143,2943,245]",0.6213803291320801,abstract,[],0.9034629464149475
1136,bowl_missing,some_absent,"[""bowl""]",ensure_all_fruits_on_table,"[38,416,548,2909,161]",grounded,"[38,416,548,2909,161]",0.6202490329742432,abstract,[],0.9034629464149475
1137,plate_missing,some_absent,"[""plate""]",ensure_all_fruits_on_table,"[1428,2075,56,383,1401]",grounded,"[1428,2075,56,383,1401]",0.5903847217559814,abstract,[],0.9034629464149475
1138,plate_missing,some_absent,"[""plate""]",ensure_all_fruits_on_table,"[940,1197,398,1287,352]",grounded,"[940,1197,398,1287,352]",0.5748868584632874,abstract,[],0.9034629464149475
1139,both_missing,some_absent,"[""bowl"",""plate""]",ensure_all_fruits_on_table,"[38,416,548,2909,161]",grounded,"[38,416,548,2909,161]",0.6202490329742432,abstract,[],0.9034629464149475
1140,plate_missing,some_absent,"[""plate""]",single_move_asset_to_target,"[1571,3755,3365,1228,4735]",grounded,"[1571,3755,3365,1228,4735]",0.6041235327720642,abstract,[],0.9034629464149475
1141,plate_missing,some_absent,"[""plate""]",ensure_all_fruits_on_table,"[38,416,548,2909,161]",grounded,"[38,416,548,2909,161]",0.6202490329742432,abstract,[],0.9034629464149475
1142,both_missing,some_absent,"[""bowl"",""plate""]",ensure_all_fruits_on_table,"[1428,2075,56,383,1401]",grounded,"[1428,2075,56,383,1401]",0.5903847217559814,abstract,[],0.9034629464149475
1143,both_missing,some_absent,"[""bowl"",""plate""]",sequential_pick_two_and_place,"[2700,2742,3597,2873,3152]",grounded,"[2700,2742,3597,2873,3152]",0.5883311033248901,abstract,[],0.9034629464149475
1144,both_missing,some_absent,"[""bowl"",""plate""]",sequential_pick_two_and_place,"[2700,2742,3597,2873,3152]",grounded,"[2700,2742,3597,2873,3152]",0.5883311033248901,abstract,[],0.9034629464149475
1145,both_missing,some_absent,"[""bowl"",""plate""]",ensure_all_fruits_on_table,"[73,2780,57,1222,1428]",grounded,"[73,2780,57,1222,1428]",0.5554057359695435,abstract,[],0.9034629464149475
1146,plate_missing,some_absent,"[""plate""]",ensure_all_fruits_on_table,"[1428,2075,56,383,1401]",grounded,"[1428,2075,56,383,1401]",0.5903847217559814,abstract,[],0.9034629464149475
1147,bowl_missing,some_absent,"[""bowl""]",single_move_asset_to_target,"[3458,228,2781,1880,4735]",grounded,"[3458,228,2781,1880,4735]",0.7524831295013428,abstract,[],0.9034629464149475
1148,bowl_missing,some_absent,"[""bowl""]",single_move_asset_to_target,"[3458,228,2781,1880,4735]",grounded,"[3458,228,2781,1880,4735]",0.7524831295013428,abstract,[],0.9034629464149475
1149,plate_missing,some_absent,"[""plate""]",ensure_all_fruits_on_table,"[73,2780,57,1222,1428]",grounded,"[73,2780,57,1222,1428]",0.5554057359695435,abstract,[],0.9034629464149475
1150,plate_missing,some_absent,"[""plate""]",ensure_all_fruits_on_table,"[73,2780,57,1222,1428]",grounded,"[73,2780,57,1222,1428]",0.5554057359695435,abstract,[],0.9034629464149475
1151,bowl_missing,some_absent,"[""bowl""]",sequential_pick_two_and_place,"[2700,2742,3597,2873,3152]",grounded,"[2700,2742,3597,2873,3152]",0.5883311033248901,abstract,[],0.9034629464149475
1152,bowl_missing,some_absent,"[""bowl""]",single_move_asset_to_target,"[1571,3755,3365,1228,4735]",grounded,"[1571,3755,3365,1228,4735]",0.6041235327720642,abstract,[],0.9034629464149475
1153,both_missing,some_absent,"[""bowl"",""plate""]",sequential_pick_two_and_place,"[583,2873,766,460,5685]",grounded,"[583,2873,766,460,5685]",0.5971207618713379,abstract,[],0.9034629464149475
1154,bowl_missing,some_absent,"[""bowl""]",ensure_all_fruits_on_table,"[38,416,548,2909,161]",grounded,"[38,416,548,2909,161]",0.6202490329742432,abstract,[],0.9034629464149475
1155,bowl_missing,some_absent,"[""bowl""]",sequential_pick_two_and_place,"[583,2873,766,460,5685]",grounded,"[583,2873,766,460,5685]",0.5971207618713379,abstract,[],0.9034629464149475
1156,bowl_missing,some_absent,"[""bowl""]",single_move_asset_to_target,"[1571,3755,3365,1228,4735]",grounded,"[1571,3755,3365,1228,4735]",0.6041235327720642,abstract,[],0.9034629464149475
1157,bowl_missing,some_absent,"[""bowl""]",ensure_all_fruits_on_table,"[73,2780,57,1222,1428]",grounded,"[73,2780,57,1222,1428]",0.5554057359695435,abstract,[],0.9034629464149475
1158,plate_missing,some_absent,"[""plate""]",ensure_all_fruits_on_table,"[940,1197,398,1287,352]",grounded,"[940,1197,398,1287,352]",0.5748868584632874,abstract,[],0.9034629464149475
1159,both_missing,some_absent,"[""bowl"",""plate""]",single_move_asset_to_target,"[3458,228,2781,1880,4735]",grounded,"[3458,228,2781,1880,4735]",0.7524831295013428,abstract,[],0.9034629464149475
1160,both_missing,some_absent,"[""bowl"",""plate""]",ensure_all_fruits_on_table,"[940,1197,398,1287,352]",grounded,"[940,1197,398,1287,352]",0.5748868584632874,abstract,[],0.9034629464149475
1161,both_missing,some_absent,"[""bowl"",""plate""]",ensure_all_fruits_on_table,"[940,1197,398,1287,352]",grounded,"[940,1197,398,1287,352]",0.5748868584632874,abstract,[],0.9034629464149475
1162,plate_missing,some_absent,"[""plate""]",serve_bread_after_checking_cabinet,"[2767,3266,143,2943,245]",grounded,"[2767,3266,143,2943,245]",0.6213803291320801,abstract,[],0.9034629464149475
1163,both_missing,some_absent,"[""bowl"",""plate""]",serve_bread_after_checking_cabinet,"[2767,3266,143,2943,245]",grounded,"[2767,3266,143,2943,245]",0.6213803291320801,abstract,[],0.9034629464149475
1164,plate_missing,some_absent,"[""plate""]",sequential_pick_two_and_place,"[583,2873,766,460,5685]",grounded,"[583,2873,766,460,5685]",0.5971207618713379,abstract,[],0.9034629464149475
1165,plate_missing,some_absent,"[""plate""]",sequential_pick_two_and_place,"[583,2873,766,460,5685]",grounded,"[583,2873,766,460,5685]",0.5971207618713379,abstract,[],0.9034629464149475
1166,bowl_missing,some_absent,"[""bowl""]",ensure_all_fruits_on_table,"[38,416,548,2909,161]",grounded,"[38,416,548,2909,161]",0.6202490329742432,abstract,[],0.9034629464149475
1167,bowl_missing,some_absent,"[""bowl""]",sequential_pick_two_and_place,"[583,2873,766,460,5685]",grounded,"[583,2873,766,460,5685]",0.5971207618713379,abstract,[],0.9034629464149475
1168,bowl_missing,some_absent,"[""bowl""]",serve_bread_after_checking_cabinet,"[2767,3266,143,2943,245]",grounded,"[2767,3266,143,2943,245]",0.6213803291320801,abstract,[],0.9034629464149475
1169,both_missing,some_absent,"[""bowl"",""plate""]",ensure_all_fruits_on_table,"[1401,2069,129,316,1428]",grounded,"[1401,2069,129,316,1428]",0.550321638584137,abstract,[],0.9034629464149475
1170,both_missing,some_absent,"[""bowl"",""plate""]",single_move_asset_to_target,"[3458,228,2781,1880,4735]",grounded,"[3458,228,2781,1880,4735]",0.7524831295013428,abstract,[],0.9034629464149475
1171,both_missing,some_absent,"[""bowl"",""plate""]",ensure_all_fruits_on_table,"[38,416,548,2909,161]",grounded,"[38,416,548,2909,161]",0.6202490329742432,abstract,[],0.9034629464149475
1172,both_missing,some_absent,"[""bowl"",""plate""]",single_move_asset_to_target,"[3458,228,2781,1880,4735]",grounded,"[3458,228,2781,1880,4735]",0.7524831295013428,abstract,[],0.9034629464149475
1173,bowl_missing,some_absent,"[""bowl""]",serve_bread_after_checking_cabinet,"[2767,3266,143,2943,245]",grounded,"[2767,3266,143,2943,245]",0.6213803291320801,abstract,[],0.9034629464149475
1174,bowl_missing,some_absent,"[""bowl""]",ensure_all_fruits_on_table,"[1401,2069,129,316,1428]",grounded,"[1401,2069,129,316,1428]",0.550321638584137,abstract,[],0.9034629464149475
1175,plate_missing,some_absent,"[""plate""]",single_move_asset_to_target,"[3458,228,2781,1880,4735]",grounded,"[3458,228,2781,1880,4735]",0.7524831295013428,abstract,[],0.9034629464149475
1176,plate_missing,some_absent,"[""plate""]",sequential_pick_two_and_place,"[583,2873,766,460,5685]",grounded,"[583,2873,766,460,5685]",0.5971207618713379,abstract,[],0.9034629464149475
1177,plate_missing,some_absent,"[""plate""]",serve_bread_after_checking_cabinet,"[2767,3266,143,2943,245]",grounded,"[2767,3266,143,2943,245]",0.6213803291320801,abstract,[],0.9034629464149475
1178,both_missing,some_absent,"[""bowl"",""plate""]",ensure_all_fruits_on_table,"[38,416,548,2909,161]",grounded,"[38,416,548,2909,161]",0.6202490329742432,abstract,[],0.9034629464149475
1179,bowl_missing,some_absent,"[""bowl""]",ensure_all_fruits_on_table,"[1428,2075,56,383,1401]",grounded,"[1428,2075,56,383,1401]",0.5903847217559814,abstract,[],0.9034629464149475
1180,plate_missing,some_absent,"[""plate""]",serve_bread_after_checking_cabinet,"[2767,3266,143,2943,245]",grounded,"[2767,3266,143,2943,245]",0.6213803291320801,abstract,[],0.9034629464149475
1181,bowl_missing,some_absent,"[""bowl""]",sequential_pick_two_and_place,"[583,2873,766,460,5685]",grounded,"[583,2873,766,460,5685]",0.5971207618713379,abstract,[],0.9034629464149475
1182,both_missing,some_absent,"[""bowl"",""plate""]",serve_bread_after_checking_cabinet,"[2767,3266,143,2943,245]",grounded,"[2767,3266,143,2943,245]",0.6213803291320801,abstract,[],0.9034629464149475
1183,plate_missing,some_absent,"[""plate""]",ensure_all_fruits_on_table,"[73,2780,57,1222,1428]",grounded,"[73,2780,57,1222,1428]",0.5554057359695435,abstract,[],0.9034629464149475
1184,both_missing,some_absent,"[""bowl"",""plate""]",serve_bread_after_checking_cabinet,"[2767,3266,143,2943,245]",grounded,"[2767,3266,143,2943,245]",0.6213803291320801,abstract,[],0.9034629464149475
1185,bowl_missing,some_absent,"[""bowl""]",serve_bread_after_checking_cabinet,"[2767,3266,143,2943,245]",grounded,"[2767,3266,143,2943,245]",0.6213803291320801,abstract,[],0.9034629464149475
1186,plate_missing,some_absent,"[""plate""]",ensure_all_fruits_on_table,"[1401,2069,129,316,1428]",grounded,"[1401,2069,129,316,1428]",0.550321638584137,abstract,[],0.9034629464149475
1187,both_missing,some_absent,"[""bowl"",""plate""]",single_move_asset_to_target,"[3458,228,2781,1880,4735]",grounded,"[3458,228,2781,1880,4735]",0.7524831295013428,abstract,[],0.9034629464149475
1188,bowl_missing,some_absent,"[""bowl""]",ensure_all_fruits_on_table,"[1428,2075,56,383,1401]",grounded,"[1428,2075,56,383,1401]",0.5903847217559814,abstract,[],0.9034629464149475
1189,both_missing,some_absent,"[""bowl"",""plate""]",ensure_all_fruits_on_table,"[73,2780,57,1222,1428]",grounded,"[73,2780,57,1222,1428]",0.5554057359695435,abstract,[],0.9034629464149475
1190,plate_missing,some_absent,"[""plate""]",ensure_all_fruits_on_table,"[1401,2069,129,316,1428]",grounded,"[1401,2069,129,316,1428]",0.550321638584137,abstract,[],0.9034629464149475
1191,plate_missing,some_absent,"[""plate""]",ensure_all_fruits_on_table,"[940,1197,398,1287,352]",grounded,"[940,1197,398,1287,352]",0.5748868584632874,abstract,[],0.9034629464149475
1192,bowl_missing,some_absent,"[""bowl""]",ensure_all_fruits_on_table,"[38,416,548,2909,161]",grounded,"[38,416,548,2909,161]",0.6202490329742432,abstract,[],0.9034629464149475
1193,both_missing,some_absent,"[""bowl"",""plate""]",ensure_all_fruits_on_table,"[1401,2069,129,316,1428]",grounded,"[1401,2069,129,316,1428]",0.550321638584137,abstract,[],0.9034629464149475
1194,bowl_missing,some_absent,"[""bowl""]",ensure_all_fruits_on_table,"[1428,2075,56,383,1401]",grounded,"[1428,2075,56,383,1401]",0.5903847217559814,abstract,[],0.9034629464149475
1195,both_missing,some_absent,"[""bowl"",""plate""]",single_move_asset_to_target,"[3458,228,2781,1880,4735]",grounded,"[3458,228,2781,1880,4735]",0.7524831295013428,abstract,[],0.9034629464149475
1196,bowl_missing,some_absent,"[""bowl""]",single_move_asset_to_target,"[1571,3755,3365,1228,4735]",grounded,"[1571,3755,3365,1228,4735]",0.6041235327720642,abstract,[],0.9034629464149475
1197,both_missing,some_absent,"[""bowl"",""plate""]",sequential_pick_two_and_place,"[2700,2742,3597,2873,3152]",grounded,"[2700,2742,3597,2873,3152]",0.5883311033248901,abstract,[],0.9034629464149475
1198,plate_missing,some_absent,"[""plate""]",single_move_asset_to_target,"[3458,228,2781,1880,4735]",grounded,"[3458,228,2781,1880,4735]",0.7524831295013428,abstract,[],0.9034629464149475
1199,both_missing,some_absent,"[""bowl"",""plate""]",ensure_all_fruits_on_table,"[940,1197,398,1287,352]",grounded,"[940,1197,398,1287,352]",0.5748868584632874,abstract,[],0.9034629464149475
1200,both_missing,some_absent,"[""bowl"",""plate""]",ensure_all_fruits_on_table,"[38,416,548,2909,161]",grounded,"[38,416,548,2909,161]",0.6202490329742432,abstract,[],0.9034629464149475
1201,both_missing,some_absent,"[""bowl"",""plate""]",ensure_all_fruits_on_table,"[38,416,548,2909,161]",grounded,"[38,416,548,2909,161]",0.6202490329742432,abstract,[],0.9034629464149475
1202,both_missing,some_absent,"[""bowl"",""plate""]",sequential_pick_two_and_place,"[583,2873,766,460,5685]",grounded,"[583,2873,766,460,5685]",0.5971207618713379,abstract,[],0.9034629464149475
1203,both_missing,some_absent,"[""bowl"",""plate""]",ensure_all_fruits_on_table,"[940,1197,398,1287,352]",grounded,"[940,1197,398,1287,352]",0.5748868584632874,abstract,[],0.9034629464149475
1204,bowl_missing,some_absent,"[""bowl""]",ensure_all_fruits_on_table,"[1401,2069,129,316,1428]",grounded,"[1401,2069,129,316,1428]",0.550321638584137,abstract,[],0.9034629464149475
1205,both_missing,some_absent,"[""bowl"",""plate""]",sequential_pick_two_and_place,"[2700,2742,3597,2873,3152]",grounded,"[2700,2742,3597,2873,3152]",0.5883311033248901,abstract,[],0.9034629464149475
1206,bowl_missing,some_absent,"[""bowl""]",ensure_all_fruits_on_table,"[73,2780,57,1222,1428]",grounded,"[73,2780,57,1222,1428]",0.5554057359695435,abstract,[],0.9034629464149475
1207,both_missing,some_absent,"[""bowl"",""plate""]",ensure_all_fruits_on_table,"[38,416,548,2909,161]",grounded,"[38,416,548,2909,161]",0.6202490329742432,abstract,[],0.9034629464149475
1208,bowl_missing,some_absent,"[""bowl""]",sequential_pick_two_and_place,"[583,2873,766,460,5685]",grounded,"[583,2873,766,460,5685]",0.5971207618713379,abstract,[],0.9034629464149475
1209,bowl_missing,some_absent,"[""bowl""]",single_move_asset_to_target,"[1571,3755,3365,1228,4735]",grounded,"[1571,3755,3365,1228,4735]",0.6041235327720642,abstract,[],0.9034629464149475
1210,both_missing,some_absent,"[""bowl"",""plate""]",ensure_all_fruits_on_table,"[940,1197,398,1287,352]",grounded,"[940,1197,398,1287,352]",0.5748868584632874,abstract,[],0.9034629464149475
1211,both_missing,some_absent,"[""bowl"",""plate""]",serve_bread_after_checking_cabinet,"[2767,3266,143,2943,245]",grounded,"[2767,3266,143,2943,245]",0.6213803291320801,abstract,[],0.9034629464149475
1212,plate_missing,some_absent,"[""plate""]",ensure_all_fruits_on_table,"[1401,2069,129,316,1428]",grounded,"[1401,2069,129,316,1428]",0.550321638584137,abstract,[],0.9034629464149475
1213,bowl_missing,some_absent,"[""bowl""]",ensure_all_fruits_on_table,"[73,2780,57,1222,1428]",grounded,"[73,2780,57,1222,1428]",0.5554057359695435,abstract,[],0.9034629464149475
1214,plate_missing,some_absent,"[""plate""]",single_move_asset_to_target,"[1571,3755,3365,1228,4735]",grounded,"[1571,3755,3365,1228,4735]",0.6041235327720642,abstract,[],0.9034629464149475
1215,plate_missing,some_absent,"[""plate""]",ensure_all_fruits_on_table,"[38,416,548,2909,161]",grounded,"[38,416,548,2909,161]",0.6202490329742432,abstract,[],0.9034629464149475
1216,bowl_missing,some_absent,"[""bowl""]",single_move_asset_to_target,"[1571,3755,3365,1228,4735]",grounded,"[1571,3755,3365,1228,4735]",0.6041235327720642,abstract,[],0.9034629464149475
1217,bowl_missing,some_absent,"[""bowl""]",sequential_pick_two_and_place,"[583,2873,766,460,5685]",grounded,"[583,2873,766,460,5685]",0.5971207618713379,abstract,[],0.9034629464149475
