audit,channel,test_split,test_index,memory_pool_size,max_instruction_similarity,nearest_instruction_memory_index,min_plan_edit_distance,nearest_edit_memory_index,max_plan_trigram_jaccard,nearest_ngram_memory_index,full_signature_overlap,published_routed_skill
strict_split,episode_heldout,test,41,402,1.0,2586,0,79,1.0,79,True,
strict_split,episode_heldout,test,49,402,0.9094291925430298,1201,0,758,1.0,758,True,
strict_split,episode_heldout,test,250,402,1.0,209,0,209,1.0,209,True,
strict_split,episode_heldout,test,337,402,0.9130734205245972,6582,0,1723,1.0,1723,True,
strict_split,episode_heldout,test,400,402,0.9999999403953552,5331,0,135,1.0,135,True,
strict_split,episode_heldout,test,684,402,0.9999998807907104,4943,0,1793,1.0,1793,True,
strict_split,episode_heldout,test,817,402,0.8702542185783386,4401,0,651,1.0,651,True,
strict_split,episode_heldout,test,852,402,0.9999998211860657,3748,0,349,1.0,349,True,
strict_split,episode_heldout,test,885,402,0.9183802604675293,4194,0,549,1.0,549,True,
strict_split,episode_heldout,test,921,402,0.9999998807907104,4758,0,426,1.0,426,True,
strict_split,episode_heldout,test,1093,402,0.9169827699661255,651,0,79,1.0,79,True,
strict_split,episode_heldout,test,1100,402,1.0,6931,0,595,1.0,595,True,
strict_split,episode_heldout,test,1121,402,0.9999997615814209,651,0,651,1.0,651,True,
strict_split,episode_heldout,test,1183,402,1.0,2850,0,79,1.0,79,True,
strict_split,episode_heldout,test,1270,402,0.9999998807907104,462,0,41,1.0,41,True,
strict_split,episode_heldout,test,1421,402,0.9999998807907104,1900,0,897,1.0,897,True,
strict_split,episode_heldout,test,1478,402,0.9999997615814209,651,0,651,1.0,651,True,
strict_split,episode_heldout,test,1500,402,1.0,5308,0,426,1.0,426,True,
strict_split,episode_heldout,test,1575,402,0.9999998807907104,500,0,173,1.0,173,True,
strict_split,episode_heldout,test,1673,402,0.9999999403953552,3670,0,1116,1.0,1116,True,
strict_split,episode_heldout,test,1746,402,0.9107714891433716,273,0,104,1.0,104,True,
strict_split,episode_heldout,test,40,391,0.9999998211860657,100,0,75,1.0,75,True,
strict_split,episode_heldout,test,47,391,1.000000238418579,2529,0,539,1.0,539,True,
strict_split,episode_heldout,test,78,391,0.9999999403953552,4941,0,75,1.0,75,True,
strict_split,episode_heldout,test,95,391,0.9999997615814209,3153,0,71,1.0,71,True,
strict_split,episode_heldout,test,176,391,0.9999998807907104,950,0,487,1.0,487,True,
strict_split,episode_heldout,test,222,391,1.0000001192092896,2888,0,182,1.0,182,True,
strict_split,episode_heldout,test,352,391,1.0,5196,0,487,1.0,487,True,
strict_split,episode_heldout,test,401,391,1.0,6949,0,1003,1.0,1003,True,
strict_split,episode_heldout,test,436,391,1.0,4265,0,425,1.0,425,True,
strict_split,episode_heldout,test,552,391,1.0,6331,0,836,1.0,836,True,
strict_split,episode_heldout,test,600,391,0.9267752170562744,785,0,836,1.0,836,True,
strict_split,episode_heldout,test,654,391,1.0000001192092896,2070,0,487,1.0,487,True,
strict_split,episode_heldout,test,655,391,1.0,4524,0,182,1.0,182,True,
strict_split,episode_heldout,test,677,391,0.9999999403953552,7180,0,836,1.0,836,True,
strict_split,episode_heldout,test,801,391,0.9999998807907104,3864,0,71,1.0,71,True,
strict_split,episode_heldout,test,960,391,0.9999999403953552,3332,0,487,1.0,487,True,
strict_split,episode_heldout,test,1027,391,1.0,683,0,327,1.0,327,True,
strict_split,episode_heldout,test,1114,391,1.0,6949,0,1003,1.0,1003,True,
strict_split,episode_heldout,test,1127,391,0.9999998807907104,1398,0,61,1.0,61,True,
strict_split,episode_heldout,test,1155,391,0.9367852807044983,2847,0,633,1.0,633,True,
strict_split,episode_heldout,test,1193,391,1.0,4265,0,48,1.0,48,True,
strict_split,episode_heldout,test,1200,391,0.9999998807907104,4772,0,611,1.0,611,True,
strict_split,episode_heldout,test,1294,391,1.0000001192092896,2070,0,836,1.0,836,True,
strict_split,episode_heldout,test,1357,391,0.9999999403953552,1881,0,487,1.0,487,True,
strict_split,episode_heldout,test,1398,391,0.9999998211860657,1133,0,61,1.0,61,True,
strict_split,episode_heldout,test,1484,391,1.0,5179,0,327,1.0,327,True,
strict_split,episode_heldout,test,1579,391,0.9999998211860657,100,0,182,1.0,182,True,
strict_split,episode_heldout,test,1635,391,1.0,4770,0,425,1.0,425,True,
strict_split,episode_heldout,test,1643,391,0.9999998807907104,396,0,65,1.0,65,True,
strict_split,episode_heldout,test,1671,391,0.9999999403953552,2373,0,487,1.0,487,True,
strict_split,episode_heldout,test,33,304,0.9999998807907104,997,0,705,1.0,705,True,
strict_split,episode_heldout,test,291,304,0.9999998807907104,113,0,113,1.0,113,True,
strict_split,episode_heldout,test,301,304,0.9999998807907104,912,0,751,1.0,751,True,
strict_split,episode_heldout,test,314,304,0.9999997615814209,2341,0,751,1.0,751,True,
strict_split,episode_heldout,test,405,304,0.9999998807907104,787,0,144,1.0,144,True,
strict_split,episode_heldout,test,465,304,0.9999997615814209,245,0,14,1.0,14,True,
strict_split,episode_heldout,test,597,304,0.9999999403953552,647,0,14,1.0,14,True,
strict_split,episode_heldout,test,953,304,0.9999998807907104,14,0,14,1.0,14,True,
strict_split,episode_heldout,test,1057,304,0.9999998807907104,705,0,705,1.0,705,True,
strict_split,episode_heldout,test,1118,304,0.9999997615814209,3400,0,751,1.0,751,True,
strict_split,episode_heldout,test,1237,304,0.9999998807907104,1787,0,751,1.0,751,True,
strict_split,episode_heldout,test,1246,304,0.9999998807907104,6835,0,705,1.0,705,True,
strict_split,episode_heldout,test,1262,304,0.9999999403953552,1093,0,144,1.0,144,True,
strict_split,episode_heldout,test,1381,304,0.9999997615814209,465,0,260,1.0,260,True,
strict_split,episode_heldout,test,1544,304,0.9999999403953552,158,0,14,1.0,14,True,
strict_split,episode_heldout,test,1558,304,1.0,180,0,14,1.0,14,True,
strict_split,episode_heldout,test,1582,304,0.9999999403953552,158,0,14,1.0,14,True,
strict_split,episode_heldout,test,1595,304,0.9999998807907104,4308,0,751,1.0,751,True,
strict_split,episode_heldout,test,1606,304,0.9999998807907104,1323,0,260,1.0,260,True,
strict_split,episode_heldout,test,20,1232,0.9999998211860657,537,0,184,1.0,184,True,
strict_split,episode_heldout,test,76,1232,0.9999999403953552,491,0,56,1.0,56,True,
strict_split,episode_heldout,test,82,1232,1.0,123,0,57,1.0,57,True,
strict_split,episode_heldout,test,88,1232,1.0,5712,0,56,1.0,56,True,
strict_split,episode_heldout,test,118,1232,0.9999998807907104,58,0,347,1.0,347,True,
strict_split,episode_heldout,test,121,1232,0.9999999403953552,184,0,145,1.0,145,True,
strict_split,episode_heldout,test,136,1232,1.0,352,0,57,1.0,57,True,
strict_split,episode_heldout,test,161,1232,0.9999999403953552,208,0,82,1.0,82,True,
strict_split,episode_heldout,test,202,1232,0.9999999403953552,2674,0,56,1.0,56,True,
strict_split,episode_heldout,test,235,1232,0.9999998807907104,646,0,184,1.0,184,True,
strict_split,episode_heldout,test,276,1232,0.9999998807907104,170,0,56,1.0,56,True,
strict_split,episode_heldout,test,294,1232,0.9999999403953552,3033,0,57,1.0,57,True,
strict_split,episode_heldout,test,427,1232,0.9999997615814209,145,0,82,1.0,82,True,
strict_split,episode_heldout,test,537,1232,1.0,15,0,15,1.0,15,True,
strict_split,episode_heldout,test,547,1232,0.9999999403953552,2543,0,57,1.0,57,True,
strict_split,episode_heldout,test,559,1232,1.0,581,0,102,1.0,102,True,
strict_split,episode_heldout,test,578,1232,0.9999999403953552,2348,0,145,1.0,145,True,
strict_split,episode_heldout,test,580,1232,0.9999999403953552,491,0,82,1.0,82,True,
strict_split,episode_heldout,test,583,1232,1.0,252,0,82,1.0,82,True,
strict_split,episode_heldout,test,588,1232,1.0,29,0,56,1.0,56,True,
strict_split,episode_heldout,test,604,1232,0.9999999403953552,3033,0,38,1.0,38,True,
strict_split,episode_heldout,test,629,1232,0.9999997615814209,217,0,82,1.0,82,True,
strict_split,episode_heldout,test,631,1232,0.9999999403953552,491,0,15,1.0,15,True,
strict_split,episode_heldout,test,637,1232,1.0,581,0,57,1.0,57,True,
strict_split,episode_heldout,test,659,1232,0.9999999403953552,3033,0,57,1.0,57,True,
strict_split,episode_heldout,test,681,1232,0.9999998807907104,2075,0,38,1.0,38,True,
strict_split,episode_heldout,test,719,1232,0.9999997019767761,202,0,73,1.0,73,True,
strict_split,episode_heldout,test,742,1232,0.9999999403953552,129,0,29,1.0,29,True,
strict_split,episode_heldout,test,757,1232,0.9999998807907104,70,0,249,1.0,249,True,
strict_split,episode_heldout,test,764,1232,0.9999999403953552,2661,0,82,1.0,82,True,
strict_split,episode_heldout,test,776,1232,1.0000001192092896,20,0,20,1.0,20,True,
strict_split,episode_heldout,test,790,1232,0.9999998211860657,672,0,468,1.0,468,True,
strict_split,episode_heldout,test,825,1232,0.9999999403953552,4769,0,145,1.0,145,True,
strict_split,episode_heldout,test,859,1232,0.9999997615814209,38,0,73,1.0,73,True,
strict_split,episode_heldout,test,864,1232,0.9999998807907104,170,0,186,1.0,186,True,
strict_split,episode_heldout,test,872,1232,0.9999998211860657,57,0,57,1.0,57,True,
strict_split,episode_heldout,test,935,1232,0.9999998807907104,315,0,38,1.0,38,True,
strict_split,episode_heldout,test,937,1232,0.9999997615814209,145,0,82,1.0,82,True,
strict_split,episode_heldout,test,965,1232,0.9999997615814209,1039,0,249,1.0,249,True,
strict_split,episode_heldout,test,1016,1232,0.9999999403953552,4769,0,38,1.0,38,True,
strict_split,episode_heldout,test,1025,1232,1.0,5712,0,57,1.0,57,True,
strict_split,episode_heldout,test,1035,1232,1.0,3984,0,82,1.0,82,True,
strict_split,episode_heldout,test,1081,1232,0.9999999403953552,2348,0,184,1.0,184,True,
strict_split,episode_heldout,test,1099,1232,1.0,29,0,73,1.0,73,True,
strict_split,episode_heldout,test,1144,1232,1.0,3984,0,38,1.0,38,True,
strict_split,episode_heldout,test,1160,1232,0.9999998211860657,233,0,73,1.0,73,True,
strict_split,episode_heldout,test,1170,1232,1.0,252,0,82,1.0,82,True,
strict_split,episode_heldout,test,1182,1232,0.9999998807907104,82,0,38,1.0,38,True,
strict_split,episode_heldout,test,1243,1232,1.0,3912,0,57,1.0,57,True,
strict_split,episode_heldout,test,1251,1232,1.0,662,0,38,1.0,38,True,
strict_split,episode_heldout,test,1284,1232,0.9999998807907104,58,0,73,1.0,73,True,
strict_split,episode_heldout,test,1296,1232,0.9999998807907104,263,0,82,1.0,82,True,
strict_split,episode_heldout,test,1346,1232,0.9999999403953552,2661,0,82,1.0,82,True,
strict_split,episode_heldout,test,1353,1232,1.0,252,0,15,1.0,15,True,
strict_split,episode_heldout,test,1408,1232,0.9999999403953552,4769,0,82,1.0,82,True,
strict_split,episode_heldout,test,1429,1232,0.9999998807907104,362,0,347,1.0,347,True,
strict_split,episode_heldout,test,1445,1232,0.9999998211860657,233,0,73,1.0,73,True,
strict_split,episode_heldout,test,1460,1232,0.9999998807907104,82,0,184,1.0,184,True,
strict_split,episode_heldout,test,1482,1232,0.9999999403953552,2348,0,38,1.0,38,True,
strict_split,episode_heldout,test,1531,1232,0.9999998211860657,57,0,56,1.0,56,True,
strict_split,episode_heldout,test,1615,1232,0.9999998807907104,170,0,57,1.0,57,True,
strict_split,episode_heldout,test,1627,1232,0.9999998211860657,57,0,186,1.0,186,True,
strict_split,episode_heldout,test,1718,1232,1.0,662,0,38,1.0,38,True,
strict_split,episode_heldout,test,1729,1232,0.9999997019767761,482,0,263,1.0,263,True,
strict_split,episode_heldout,test,13,415,0.9999999403953552,788,0,54,1.0,54,True,
strict_split,episode_heldout,test,53,415,0.9999998807907104,3699,0,453,1.0,453,True,
strict_split,episode_heldout,test,94,415,1.0000001192092896,1460,0,17,1.0,17,True,
strict_split,episode_heldout,test,115,415,1.0,2859,0,928,1.0,928,True,
strict_split,episode_heldout,test,145,415,1.0,2892,0,374,1.0,374,True,
strict_split,episode_heldout,test,334,415,1.0000001192092896,3441,0,911,1.0,911,True,
strict_split,episode_heldout,test,340,415,0.9999998807907104,224,0,138,1.0,138,True,
strict_split,episode_heldout,test,564,415,1.0,3432,0,1543,1.0,1543,True,
strict_split,episode_heldout,test,584,415,0.9803332090377808,2257,0,165,1.0,165,True,
strict_split,episode_heldout,test,783,415,0.9999999403953552,2240,0,711,1.0,711,True,
strict_split,episode_heldout,test,897,415,1.0000001192092896,1824,0,711,1.0,711,True,
strict_split,episode_heldout,test,923,415,0.9999997615814209,867,0,138,1.0,138,True,
strict_split,episode_heldout,test,1037,415,0.9999999403953552,2903,0,42,1.0,42,True,
strict_split,episode_heldout,test,1236,415,1.000000238418579,457,0,369,1.0,369,True,
strict_split,episode_heldout,test,1304,415,1.0,3747,0,374,1.0,374,True,
strict_split,episode_heldout,test,1313,415,1.0000001192092896,571,0,571,1.0,571,True,
strict_split,episode_heldout,test,1345,415,0.9999999403953552,2240,0,292,1.0,292,True,
strict_split,episode_heldout,test,1359,415,0.9999999403953552,649,0,649,1.0,649,True,
strict_split,episode_heldout,test,1509,415,0.9999999403953552,649,0,649,1.0,649,True,
strict_split,episode_heldout,test,1685,415,1.0,3063,0,232,1.0,232,True,
strict_split,episode_heldout,test,1797,415,1.0,994,0,219,1.0,219,True,
strict_split,episode_heldout,test,1,627,0.9999998807907104,6896,0,63,1.0,63,True,
strict_split,episode_heldout,test,18,627,0.9999997615814209,3494,0,279,1.0,279,True,
strict_split,episode_heldout,test,29,627,1.0,1819,0,36,1.0,36,True,
strict_split,episode_heldout,test,45,627,0.9999998807907104,444,0,36,1.0,36,True,
strict_split,episode_heldout,test,59,627,1.0,5982,0,156,1.0,156,True,
strict_split,episode_heldout,test,62,627,0.9999997615814209,494,0,63,1.0,63,True,
strict_split,episode_heldout,test,85,627,0.9999999403953552,1009,0,36,1.0,36,True,
strict_split,episode_heldout,test,133,627,0.9999999403953552,5989,0,77,1.0,77,True,
strict_split,episode_heldout,test,192,627,1.0,871,0,690,1.0,690,True,
strict_split,episode_heldout,test,234,627,0.9999998807907104,2790,0,76,1.0,76,True,
strict_split,episode_heldout,test,247,627,0.9999998807907104,781,0,690,1.0,690,True,
strict_split,episode_heldout,test,265,627,0.9999998807907104,190,0,77,1.0,77,True,
strict_split,episode_heldout,test,335,627,0.9999999403953552,4587,0,21,1.0,21,True,
strict_split,episode_heldout,test,467,627,0.9999999403953552,140,0,21,1.0,21,True,
strict_split,episode_heldout,test,595,627,0.9999998807907104,1037,0,76,1.0,76,True,
strict_split,episode_heldout,test,706,627,0.9999998807907104,1905,0,200,1.0,200,True,
strict_split,episode_heldout,test,730,627,0.9999998807907104,712,0,76,1.0,76,True,
strict_split,episode_heldout,test,738,627,0.9999998807907104,2665,0,690,1.0,690,True,
strict_split,episode_heldout,test,829,627,0.9999998807907104,744,0,279,1.0,279,True,
strict_split,episode_heldout,test,924,627,1.0,832,0,18,1.0,18,True,
strict_split,episode_heldout,test,946,627,1.0000001192092896,955,0,76,1.0,76,True,
strict_split,episode_heldout,test,990,627,1.0,1526,0,18,1.0,18,True,
strict_split,episode_heldout,test,1003,627,0.9999998807907104,376,0,76,1.0,76,True,
strict_split,episode_heldout,test,1052,627,1.0,147,0,18,1.0,18,True,
strict_split,episode_heldout,test,1102,627,0.9999998211860657,116,0,76,1.0,76,True,
strict_split,episode_heldout,test,1150,627,0.9999999403953552,1388,0,156,1.0,156,True,
strict_split,episode_heldout,test,1302,627,0.9999999403953552,1669,0,63,1.0,63,True,
strict_split,episode_heldout,test,1319,627,1.0000001192092896,955,0,76,1.0,76,True,
strict_split,episode_heldout,test,1341,627,0.9999998807907104,1037,0,76,1.0,76,True,
strict_split,episode_heldout,test,1344,627,0.9999998807907104,2325,0,18,1.0,18,True,
strict_split,episode_heldout,test,1367,627,0.9999999403953552,431,0,279,1.0,279,True,
strict_split,episode_heldout,test,1430,627,0.9999998807907104,358,0,21,1.0,21,True,
strict_split,episode_heldout,test,1469,627,1.0,569,0,200,1.0,200,True,
strict_split,episode_heldout,test,1501,627,0.9999998807907104,1132,0,200,1.0,200,True,
strict_split,episode_heldout,test,1581,627,1.0,319,0,200,1.0,200,True,
strict_split,episode_heldout,test,1623,627,0.9999998807907104,764,0,200,1.0,200,True,
strict_split,episode_heldout,test,1713,627,1.0000001192092896,955,0,76,1.0,76,True,
strict_split,episode_heldout,test,1790,627,0.9999999403953552,2751,0,76,1.0,76,True,
strict_split,episode_heldout,test,1793,627,1.0,832,0,18,1.0,18,True,
strict_split,episode_heldout,test,84,283,0.9999999403953552,314,0,2,1.0,2,True,
strict_split,episode_heldout,test,153,283,0.9999999403953552,495,0,84,1.0,84,True,
strict_split,episode_heldout,test,187,283,0.9999998807907104,160,0,160,1.0,160,True,
strict_split,episode_heldout,test,282,283,1.0,291,0,2,1.0,2,True,
strict_split,episode_heldout,test,370,283,1.0,1453,0,11,1.0,11,True,
strict_split,episode_heldout,test,396,283,0.9999998807907104,160,0,160,1.0,160,True,
strict_split,episode_heldout,test,482,283,0.9999997019767761,181,0,84,1.0,84,True,
strict_split,episode_heldout,test,633,283,0.9999997615814209,11,0,11,1.0,11,True,
strict_split,episode_heldout,test,658,283,0.9999998807907104,1407,0,160,1.0,160,True,
strict_split,episode_heldout,test,721,283,0.9999998807907104,1340,0,153,1.0,153,True,
strict_split,episode_heldout,test,722,283,0.9999999403953552,1191,0,160,1.0,160,True,
strict_split,episode_heldout,test,994,283,0.9999998807907104,241,0,3,1.0,3,True,
strict_split,episode_heldout,test,1062,283,0.9999998807907104,84,0,84,1.0,84,True,
strict_split,episode_heldout,test,1071,283,0.9999998807907104,160,0,160,1.0,160,True,
strict_split,episode_heldout,test,1222,283,0.9999998807907104,1340,0,153,1.0,153,True,
strict_split,episode_heldout,test,1318,283,0.9999998807907104,493,0,11,1.0,11,True,
strict_split,episode_heldout,test,1438,283,0.9999998807907104,846,0,84,1.0,84,True,
strict_split,episode_heldout,test,1480,283,0.9999999403953552,3,0,3,1.0,3,True,
strict_split,episode_heldout,test,1608,283,1.0,1453,0,11,1.0,11,True,
strict_split,episode_heldout,test,1619,283,0.9999998807907104,3025,0,11,1.0,11,True,
strict_split,episode_heldout,test,1625,283,0.9999998807907104,3025,0,11,1.0,11,True,
strict_split,episode_heldout,test,1653,283,0.9999998211860657,1145,0,3,1.0,3,True,
strict_split,episode_heldout,test,1789,283,0.9999998211860657,1145,0,3,1.0,3,True,
strict_split,episode_heldout,test,164,400,0.9999998211860657,538,0,60,1.0,60,True,
strict_split,episode_heldout,test,230,400,0.9556992650032043,3783,0,131,1.0,131,True,
strict_split,episode_heldout,test,253,400,0.9594326615333557,4804,0,60,1.0,60,True,
strict_split,episode_heldout,test,279,400,0.9999998807907104,7022,0,2803,1.0,2803,True,
strict_split,episode_heldout,test,395,400,0.9293725490570068,2281,0,485,1.0,485,True,
strict_split,episode_heldout,test,472,400,0.9999999403953552,4699,0,1644,1.0,1644,True,
strict_split,episode_heldout,test,503,400,0.9999997615814209,632,0,3018,1.0,3018,True,
strict_split,episode_heldout,test,576,400,0.9999999403953552,1954,0,32,1.0,32,True,
strict_split,episode_heldout,test,635,400,0.9999997615814209,5834,0,557,1.0,557,True,
strict_split,episode_heldout,test,751,400,0.9999996423721313,6401,0,1644,1.0,1644,True,
strict_split,episode_heldout,test,769,400,0.9999998807907104,470,0,1756,1.0,1756,True,
strict_split,episode_heldout,test,807,400,0.9999998807907104,3943,0,234,1.0,234,True,
strict_split,episode_heldout,test,862,400,0.9999998807907104,2168,0,1293,1.0,1293,True,
strict_split,episode_heldout,test,995,400,0.9999998807907104,4259,0,47,1.0,47,True,
strict_split,episode_heldout,test,1539,400,0.9999998807907104,4348,0,1644,1.0,1644,True,
strict_split,episode_heldout,test,1689,400,1.0,847,0,2803,1.0,2803,True,
strict_split,episode_heldout,test,1763,400,1.0,847,0,2803,1.0,2803,True,
strict_split,episode_heldout,test,42,184,0.9999998807907104,3563,0,1920,1.0,1920,True,
strict_split,episode_heldout,test,122,184,0.9999998807907104,526,0,1376,1.0,1376,True,
strict_split,episode_heldout,test,228,184,0.9999997615814209,691,0,323,1.0,323,True,
strict_split,episode_heldout,test,692,184,0.9999997615814209,2017,0,2435,1.0,2435,True,
strict_split,episode_heldout,test,1467,184,0.9999999403953552,2021,0,5,1.0,5,True,
strict_split,episode_heldout,test,1569,184,0.9999998807907104,4669,0,798,1.0,798,True,
strict_split,episode_heldout,test,1634,184,0.9999999403953552,107,0,4009,1.0,4009,True,
strict_split,episode_heldout,test,1740,184,0.9999999403953552,1680,0,543,1.0,543,True,
strict_split,episode_heldout,test,52,801,1.0000001192092896,4514,0,149,1.0,149,True,
strict_split,episode_heldout,test,61,801,0.9999998807907104,1080,0,45,1.0,45,True,
strict_split,episode_heldout,test,71,801,0.9999997615814209,2317,0,285,1.0,285,True,
strict_split,episode_heldout,test,138,801,1.0,178,0,2215,1.0,2215,True,
strict_split,episode_heldout,test,197,801,0.9999998807907104,2941,0,1202,1.0,1202,True,
strict_split,episode_heldout,test,209,801,0.9999998807907104,136,0,166,1.0,166,True,
strict_split,episode_heldout,test,318,801,0.9999999403953552,285,0,579,1.0,579,True,
strict_split,episode_heldout,test,329,801,0.9999997615814209,2092,0,550,1.0,550,True,
strict_split,episode_heldout,test,397,801,1.0,2554,0,2217,1.0,2217,True,
strict_split,episode_heldout,test,440,801,0.9999999403953552,2350,0,154,1.0,154,True,
strict_split,episode_heldout,test,475,801,0.9999997615814209,467,0,1196,1.0,1196,True,
strict_split,episode_heldout,test,502,801,0.9999997615814209,791,0,565,1.0,565,True,
strict_split,episode_heldout,test,512,801,1.0,3076,0,872,1.0,872,True,
strict_split,episode_heldout,test,602,801,0.9999999403953552,733,0,471,1.0,471,True,
strict_split,episode_heldout,test,657,801,0.9999998807907104,3328,0,2311,1.0,2311,True,
strict_split,episode_heldout,test,726,801,0.9999998807907104,968,0,1330,1.0,1330,True,
strict_split,episode_heldout,test,737,801,0.9999997615814209,687,0,168,1.0,168,True,
strict_split,episode_heldout,test,849,801,1.0,1275,0,1036,1.0,1036,True,
strict_split,episode_heldout,test,869,801,0.9999998807907104,114,0,1007,1.0,1007,True,
strict_split,episode_heldout,test,903,801,0.9999997615814209,237,0,840,1.0,840,True,
strict_split,episode_heldout,test,910,801,0.9999998211860657,4039,0,114,1.0,114,True,
strict_split,episode_heldout,test,984,801,0.9999998807907104,1244,0,735,1.0,735,True,
strict_split,episode_heldout,test,1020,801,1.0,1330,0,237,1.0,237,True,
strict_split,episode_heldout,test,1053,801,0.9999998211860657,59,0,166,1.0,166,True,
strict_split,episode_heldout,test,1067,801,0.9999998211860657,2103,0,2104,1.0,2104,True,
strict_split,episode_heldout,test,1082,801,0.9999997615814209,2317,0,579,1.0,579,True,
strict_split,episode_heldout,test,1307,801,1.0,3180,0,166,1.0,166,True,
strict_split,episode_heldout,test,1342,801,0.9999997615814209,791,0,565,1.0,565,True,
strict_split,episode_heldout,test,1444,801,0.9999998807907104,3319,0,168,1.0,168,True,
strict_split,episode_heldout,test,1447,801,0.9999998807907104,2286,0,3968,1.0,3968,True,
strict_split,episode_heldout,test,1510,801,1.0,4420,0,149,1.0,149,True,
strict_split,episode_heldout,test,1554,801,0.9999998807907104,2095,0,178,1.0,178,True,
strict_split,episode_heldout,test,1570,801,0.9999998807907104,2081,0,559,1.0,559,True,
strict_split,episode_heldout,test,1578,801,0.9999997615814209,2311,0,114,1.0,114,True,
strict_split,episode_heldout,test,1594,801,1.0,699,0,1955,1.0,1955,True,
strict_split,episode_heldout,test,1677,801,0.9999997615814209,650,0,237,1.0,237,True,
strict_split,episode_heldout,test,1693,801,0.9999997615814209,791,0,809,1.0,809,True,
strict_split,episode_heldout,test,1736,801,0.9999997615814209,2028,0,237,1.0,237,True,
strict_split,episode_heldout,test,1751,801,0.9999998211860657,3124,0,731,1.0,731,True,
strict_split,episode_heldout,test,1753,801,0.9999998807907104,1007,0,2311,1.0,2311,True,
strict_split,episode_heldout,test,93,172,1.0,172,0,92,1.0,92,True,
strict_split,episode_heldout,test,304,172,0.9999999403953552,528,0,51,1.0,51,True,
strict_split,episode_heldout,test,441,172,0.9999998807907104,1959,0,51,1.0,51,True,
strict_split,episode_heldout,test,758,172,1.0,860,0,95,1.0,95,True,
strict_split,episode_heldout,test,836,172,0.9999998807907104,399,0,92,1.0,92,True,
strict_split,episode_heldout,test,1245,172,1.0,172,0,92,1.0,92,True,
strict_split,episode_heldout,test,1371,172,0.9999998807907104,399,0,92,1.0,92,True,
strict_split,episode_heldout,test,51,824,1.0,4728,0,6,1.0,6,True,
strict_split,episode_heldout,test,73,824,0.8815412521362305,4498,0,762,1.0,762,True,
strict_split,episode_heldout,test,91,824,0.9669325351715088,6374,0,2507,1.0,2507,True,
strict_split,episode_heldout,test,193,824,1.0,2247,0,1162,1.0,1162,True,
strict_split,episode_heldout,test,225,824,0.9338126182556152,930,0,171,1.0,171,True,
strict_split,episode_heldout,test,257,824,0.9999997019767761,1162,0,1162,1.0,1162,True,
strict_split,episode_heldout,test,477,824,0.9999998807907104,270,0,270,1.0,270,True,
strict_split,episode_heldout,test,527,824,0.9008991122245789,3998,0,2835,1.0,2835,True,
strict_split,episode_heldout,test,556,824,0.9166340827941895,3574,0,185,1.0,185,True,
strict_split,episode_heldout,test,591,824,0.9685907363891602,1909,0,35,1.0,35,True,
strict_split,episode_heldout,test,702,824,1.0,4341,0,351,1.0,351,True,
strict_split,episode_heldout,test,768,824,0.9166340827941895,3574,0,185,1.0,185,True,
strict_split,episode_heldout,test,802,824,0.9999998807907104,930,0,150,1.0,150,True,
strict_split,episode_heldout,test,851,824,0.9999998807907104,558,0,502,1.0,502,True,
strict_split,episode_heldout,test,887,824,0.9999998807907104,3265,0,270,1.0,270,True,
strict_split,episode_heldout,test,899,824,1.0,2549,0,1228,1.0,1228,True,
strict_split,episode_heldout,test,907,824,0.9999999403953552,3321,0,40,1.0,40,True,
strict_split,episode_heldout,test,1023,824,0.9999998807907104,2446,0,98,1.0,98,True,
strict_split,episode_heldout,test,1038,824,0.9148006439208984,4050,0,132,1.0,132,True,
strict_split,episode_heldout,test,1131,824,0.9383491277694702,1698,0,69,1.0,69,True,
strict_split,episode_heldout,test,1169,824,0.9999997019767761,2302,0,819,1.0,819,True,
strict_split,episode_heldout,test,1179,824,0.9342970848083496,5307,0,2507,1.0,2507,True,
strict_split,episode_heldout,test,1184,824,0.9334951639175415,346,0,1618,1.0,1618,True,
strict_split,episode_heldout,test,1199,824,0.9999998807907104,5467,0,1230,1.0,1230,True,
strict_split,episode_heldout,test,1217,824,1.0,3030,0,126,1.0,126,True,
strict_split,episode_heldout,test,1240,824,0.9999998807907104,648,0,97,1.0,97,True,
strict_split,episode_heldout,test,1259,824,0.9999997615814209,3044,0,502,1.0,502,True,
strict_split,episode_heldout,test,1266,824,0.9999998807907104,6613,0,115,1.0,115,True,
strict_split,episode_heldout,test,1298,824,0.9613205194473267,5307,0,2507,1.0,2507,True,
strict_split,episode_heldout,test,1310,824,0.9999998807907104,1768,0,346,1.0,346,True,
strict_split,episode_heldout,test,1326,824,0.9999998211860657,37,0,37,1.0,37,True,
strict_split,episode_heldout,test,1329,824,1.0,929,0,10,1.0,10,True,
strict_split,episode_heldout,test,1360,824,1.0000001192092896,6139,0,1095,1.0,1095,True,
strict_split,episode_heldout,test,1454,824,0.9999999403953552,819,0,819,1.0,819,True,
strict_split,episode_heldout,test,1462,824,0.9177883863449097,1004,0,37,1.0,37,True,
strict_split,episode_heldout,test,1474,824,0.9999997615814209,553,0,115,1.0,115,True,
strict_split,episode_heldout,test,1513,824,1.0,944,0,133,1.0,133,True,
strict_split,episode_heldout,test,1540,824,0.9999997615814209,1252,0,124,1.0,124,True,
strict_split,episode_heldout,test,1564,824,0.9437041878700256,819,0,22,1.0,22,True,
strict_split,episode_heldout,test,1621,824,0.923930287361145,819,0,819,1.0,819,True,
strict_split,episode_heldout,test,1652,824,0.9073866009712219,3163,0,989,1.0,989,True,
strict_split,episode_heldout,test,1691,824,0.9613940715789795,3998,0,262,1.0,262,True,
strict_split,episode_heldout,test,1756,824,0.9281935095787048,3687,0,624,1.0,624,True,
strict_split,episode_heldout,test,1788,824,0.9177883863449097,1004,0,37,1.0,37,True,
strict_split,episode_heldout,test,68,755,1.0,198,0,105,1.0,105,True,
strict_split,episode_heldout,test,171,755,1.0,105,0,81,1.0,81,True,
strict_split,episode_heldout,test,323,755,0.9999999403953552,9,0,7,1.0,7,True,
strict_split,episode_heldout,test,393,755,0.9999999403953552,420,0,12,1.0,12,True,
strict_split,episode_heldout,test,458,755,1.0,44,0,24,1.0,24,True,
strict_split,episode_heldout,test,498,755,0.9999999403953552,9,0,7,1.0,7,True,
strict_split,episode_heldout,test,541,755,0.9999998807907104,142,0,105,1.0,105,True,
strict_split,episode_heldout,test,571,755,0.9999999403953552,261,0,7,1.0,7,True,
strict_split,episode_heldout,test,617,755,0.9999999403953552,420,0,24,1.0,24,True,
strict_split,episode_heldout,test,642,755,1.0,198,0,105,1.0,105,True,
strict_split,episode_heldout,test,663,755,0.9999998807907104,12,0,12,1.0,12,True,
strict_split,episode_heldout,test,697,755,0.9999998807907104,222,0,105,1.0,105,True,
strict_split,episode_heldout,test,718,755,1.0,6785,0,9,1.0,9,True,
strict_split,episode_heldout,test,725,755,0.9999998807907104,12,0,24,1.0,24,True,
strict_split,episode_heldout,test,797,755,1.0,7186,0,7,1.0,7,True,
strict_split,episode_heldout,test,813,755,1.0,6785,0,7,1.0,7,True,
strict_split,episode_heldout,test,874,755,0.9999997615814209,26,0,24,1.0,24,True,
strict_split,episode_heldout,test,879,755,1.0,105,0,81,1.0,81,True,
strict_split,episode_heldout,test,881,755,1.0,518,0,12,1.0,12,True,
strict_split,episode_heldout,test,890,755,0.9999999403953552,196,0,24,1.0,24,True,
strict_split,episode_heldout,test,901,755,0.9999998807907104,12,0,24,1.0,24,True,
strict_split,episode_heldout,test,977,755,0.9999998211860657,81,0,81,1.0,81,True,
strict_split,episode_heldout,test,979,755,0.9999998807907104,222,0,105,1.0,105,True,
strict_split,episode_heldout,test,1051,755,0.9999999403953552,299,0,81,1.0,81,True,
strict_split,episode_heldout,test,1063,755,1.0,44,0,12,1.0,12,True,
strict_split,episode_heldout,test,1079,755,0.9999998807907104,222,0,105,1.0,105,True,
strict_split,episode_heldout,test,1227,755,0.9999999403953552,299,0,81,1.0,81,True,
strict_split,episode_heldout,test,1247,755,0.9999999403953552,9,0,7,1.0,7,True,
strict_split,episode_heldout,test,1265,755,0.9999998807907104,142,0,81,1.0,81,True,
strict_split,episode_heldout,test,1365,755,0.9999999403953552,652,0,7,1.0,7,True,
strict_split,episode_heldout,test,1383,755,0.9999999403953552,299,0,105,1.0,105,True,
strict_split,episode_heldout,test,1387,755,1.0000001192092896,6343,0,105,1.0,105,True,
strict_split,episode_heldout,test,1403,755,1.0,105,0,81,1.0,81,True,
strict_split,episode_heldout,test,1470,755,1.0,105,0,81,1.0,81,True,
strict_split,episode_heldout,test,1477,755,1.0,518,0,24,1.0,24,True,
strict_split,episode_heldout,test,1507,755,0.9999997615814209,26,0,24,1.0,24,True,
strict_split,episode_heldout,test,1583,755,0.9999998807907104,12,0,12,1.0,12,True,
strict_split,episode_heldout,test,1630,755,0.9999998807907104,24,0,24,1.0,24,True,
strict_split,episode_heldout,test,1644,755,0.9999997615814209,26,0,12,1.0,12,True,
strict_split,episode_heldout,test,1654,755,0.9999999403953552,7059,0,105,1.0,105,True,
strict_split,episode_heldout,test,1741,755,0.9999999403953552,261,0,7,1.0,7,True,
strict_split,episode_heldout,test,1743,755,0.9999999403953552,299,0,81,1.0,81,True,
strict_split,episode_heldout,test,1750,755,0.9999998211860657,7,0,9,1.0,9,True,
strict_split,episode_heldout,test,1755,755,1.0,5999,0,24,1.0,24,True,
strict_split,episode_heldout,test,54,406,1.0,340,0,49,1.0,49,True,
strict_split,episode_heldout,test,129,406,1.0,3844,0,250,1.0,250,True,
strict_split,episode_heldout,test,134,406,1.0,521,0,13,1.0,13,True,
strict_split,episode_heldout,test,147,406,1.0,670,0,13,1.0,13,True,
strict_split,episode_heldout,test,177,406,1.0,670,0,13,1.0,13,True,
strict_split,episode_heldout,test,179,406,1.0,670,0,67,1.0,67,True,
strict_split,episode_heldout,test,270,406,1.0,286,0,183,1.0,183,True,
strict_split,episode_heldout,test,324,406,1.0,183,0,34,1.0,34,True,
strict_split,episode_heldout,test,349,406,0.9999999403953552,803,0,99,1.0,99,True,
strict_split,episode_heldout,test,572,406,1.0000001192092896,288,0,250,1.0,250,True,
strict_split,episode_heldout,test,607,406,0.9999998807907104,418,0,99,1.0,99,True,
strict_split,episode_heldout,test,820,406,1.0,286,0,183,1.0,183,True,
strict_split,episode_heldout,test,827,406,1.0,78,0,67,1.0,67,True,
strict_split,episode_heldout,test,1128,406,1.0,231,0,250,1.0,250,True,
strict_split,episode_heldout,test,1130,406,1.0,340,0,49,1.0,49,True,
strict_split,episode_heldout,test,1134,406,0.9999999403953552,959,0,8,1.0,8,True,
strict_split,episode_heldout,test,1176,406,0.9999999403953552,959,0,99,1.0,99,True,
strict_split,episode_heldout,test,1225,406,0.9999998807907104,418,0,99,1.0,99,True,
strict_split,episode_heldout,test,1401,406,1.0,670,0,13,1.0,13,True,
strict_split,episode_heldout,test,1549,406,1.0,521,0,67,1.0,67,True,
strict_split,episode_heldout,test,1589,406,1.0,3844,0,49,1.0,49,True,
strict_split,episode_heldout,test,1600,406,0.9999999403953552,959,0,99,1.0,99,True,
strict_split,episode_heldout,test,1784,406,1.0,1149,0,13,1.0,13,True,
strict_split,task_heldout_productivity,test,0,172,0.35268524289131165,95,5,51,0.0,51,False,
strict_split,task_heldout_productivity,test,1,172,0.22453269362449646,92,11,51,0.0,51,False,
strict_split,task_heldout_productivity,test,5,172,0.433607816696167,3507,11,51,0.0,51,False,
strict_split,task_heldout_productivity,test,20,172,0.306954026222229,1856,13,51,0.0,51,False,
strict_split,task_heldout_productivity,test,27,172,0.2839103043079376,51,13,51,0.0,51,False,
strict_split,task_heldout_productivity,test,32,172,0.43047237396240234,51,5,51,0.0,51,False,
strict_split,task_heldout_productivity,test,37,172,0.34217727184295654,95,12,51,0.0,51,False,
strict_split,task_heldout_productivity,test,43,172,0.280264675617218,399,9,51,0.0,51,False,
strict_split,task_heldout_productivity,test,44,172,0.5002653002738953,94,5,51,0.0,51,False,
strict_split,task_heldout_productivity,test,55,172,0.3918718695640564,1654,12,51,0.0,51,False,
strict_split,task_heldout_productivity,test,62,172,0.32613956928253174,267,11,51,0.0,51,False,
strict_split,task_heldout_productivity,test,64,172,0.47126948833465576,1856,5,51,0.0,51,False,
strict_split,task_heldout_productivity,test,65,172,0.5002653002738953,94,5,51,0.0,51,False,
strict_split,task_heldout_productivity,test,74,172,0.5309168100357056,1959,5,51,0.0,51,False,
strict_split,task_heldout_productivity,test,77,172,0.2911079525947571,267,11,51,0.0,51,False,
strict_split,task_heldout_productivity,test,85,172,0.22311075031757355,94,11,51,0.0,51,False,
strict_split,task_heldout_productivity,test,97,172,0.3593369126319885,94,12,51,0.0,51,False,
strict_split,task_heldout_productivity,test,103,172,0.17510750889778137,1099,13,51,0.0,51,False,
strict_split,task_heldout_productivity,test,105,172,0.20180563628673553,3507,11,51,0.0,51,False,
strict_split,task_heldout_productivity,test,108,172,0.4174914062023163,94,8,51,0.0,51,False,
strict_split,task_heldout_productivity,test,111,172,0.3674847483634949,399,12,51,0.0,51,False,
strict_split,task_heldout_productivity,test,119,172,0.25680574774742126,528,11,51,0.0,51,False,
strict_split,task_heldout_productivity,test,127,172,0.5002653002738953,94,13,51,0.0,51,False,
strict_split,task_heldout_productivity,test,129,172,0.39361345767974854,3507,11,51,0.0,51,False,
strict_split,task_heldout_productivity,test,133,172,0.27339011430740356,95,11,51,0.0,51,False,
strict_split,task_heldout_productivity,test,134,172,0.3736920654773712,3507,11,51,0.0,51,False,
strict_split,task_heldout_productivity,test,135,172,0.2846055030822754,267,11,51,0.0,51,False,
strict_split,task_heldout_productivity,test,142,172,0.2549005448818207,1654,13,51,0.0,51,False,
strict_split,task_heldout_productivity,test,143,172,0.3670654296875,1856,5,51,0.0,51,False,
strict_split,task_heldout_productivity,test,149,172,0.14913609623908997,1654,13,51,0.0,51,False,
strict_split,task_heldout_productivity,test,157,172,0.48312613368034363,1959,5,51,0.0,51,False,
strict_split,task_heldout_productivity,test,158,172,0.22977572679519653,112,11,51,0.0,51,False,
strict_split,task_heldout_productivity,test,166,172,0.41831398010253906,95,12,51,0.0,51,False,
strict_split,task_heldout_productivity,test,171,172,0.2791599631309509,3507,11,51,0.0,51,False,
strict_split,task_heldout_productivity,test,177,172,0.44916439056396484,3507,11,51,0.0,51,False,
strict_split,task_heldout_productivity,test,179,172,0.44916439056396484,3507,11,51,0.0,51,False,
strict_split,task_heldout_productivity,test,180,172,0.30913496017456055,51,10,51,0.0,51,False,
strict_split,task_heldout_productivity,test,181,172,0.3871307373046875,399,12,51,0.0,51,False,
strict_split,task_heldout_productivity,test,183,172,0.16778139770030975,95,11,51,0.0,51,False,
strict_split,task_heldout_productivity,test,188,172,0.26560044288635254,528,11,51,0.0,51,False,
strict_split,task_heldout_productivity,test,192,172,0.21107125282287598,94,11,51,0.0,51,False,
strict_split,task_heldout_productivity,test,198,172,0.1830008625984192,577,13,51,0.0,51,False,
strict_split,task_heldout_productivity,test,215,172,0.47261086106300354,1099,13,51,0.0,51,False,
strict_split,task_heldout_productivity,test,219,172,0.2685313820838928,1959,11,51,0.0,51,False,
strict_split,task_heldout_productivity,test,231,172,0.22080004215240479,112,11,51,0.0,51,False,
strict_split,task_heldout_productivity,test,239,172,0.5135560035705566,659,8,51,0.0,51,False,
strict_split,task_heldout_productivity,test,243,172,0.3685770630836487,659,8,51,0.0,51,False,
strict_split,task_heldout_productivity,test,248,172,0.2114526629447937,1654,11,51,0.0,51,False,
strict_split,task_heldout_productivity,test,250,172,0.30442965030670166,51,8,51,0.0,51,False,
strict_split,task_heldout_productivity,test,251,172,0.335090309381485,51,10,51,0.0,51,False,
strict_split,task_heldout_productivity,test,264,172,0.5002653002738953,94,5,51,0.0,51,False,
strict_split,task_heldout_productivity,test,266,172,0.47385576367378235,1099,5,51,0.0,51,False,
strict_split,task_heldout_productivity,test,273,172,0.269494891166687,1959,11,51,0.0,51,False,
strict_split,task_heldout_productivity,test,275,172,0.19078890979290009,1654,11,51,0.0,51,False,
strict_split,task_heldout_productivity,test,284,172,0.29976820945739746,1099,9,51,0.0,51,False,
strict_split,task_heldout_productivity,test,285,172,0.30168765783309937,399,8,51,0.0,51,False,
strict_split,task_heldout_productivity,test,291,172,0.46303778886795044,1959,8,51,0.0,51,False,
strict_split,task_heldout_productivity,test,292,172,0.41182875633239746,94,5,51,0.0,51,False,
strict_split,task_heldout_productivity,test,294,172,0.38712480664253235,95,5,51,0.0,51,False,
strict_split,task_heldout_productivity,test,301,172,0.342380166053772,94,8,51,0.0,51,False,
strict_split,task_heldout_productivity,test,306,172,0.41182875633239746,94,5,51,0.0,51,False,
strict_split,task_heldout_productivity,test,310,172,0.48023489117622375,95,8,51,0.0,51,False,
strict_split,task_heldout_productivity,test,312,172,0.41182875633239746,94,5,51,0.0,51,False,
strict_split,task_heldout_productivity,test,315,172,0.39361345767974854,3507,11,51,0.0,51,False,
strict_split,task_heldout_productivity,test,317,172,0.4793507754802704,94,13,51,0.0,51,False,
strict_split,task_heldout_productivity,test,318,172,0.34727442264556885,94,12,51,0.0,51,False,
strict_split,task_heldout_productivity,test,323,172,0.25680574774742126,528,11,51,0.0,51,False,
strict_split,task_heldout_productivity,test,324,172,0.3953174352645874,3507,11,51,0.0,51,False,
strict_split,task_heldout_productivity,test,325,172,0.4066154658794403,399,12,51,0.0,51,False,
strict_split,task_heldout_productivity,test,326,172,0.4123103618621826,1099,8,51,0.0,51,False,
strict_split,task_heldout_productivity,test,327,172,0.38843533396720886,399,5,51,0.0,51,False,
strict_split,task_heldout_productivity,test,336,172,0.4311046004295349,1959,5,51,0.0,51,False,
strict_split,task_heldout_productivity,test,337,172,0.2555198669433594,51,8,51,0.0,51,False,
strict_split,task_heldout_productivity,test,348,172,0.2023768424987793,3507,11,51,0.0,51,False,
strict_split,task_heldout_productivity,test,357,172,0.3096177577972412,94,5,51,0.0,51,False,
strict_split,task_heldout_productivity,test,363,172,0.2883943021297455,1959,11,51,0.0,51,False,
strict_split,task_heldout_productivity,test,367,172,0.24721449613571167,399,13,51,0.0,51,False,
strict_split,task_heldout_productivity,test,369,172,0.4298456609249115,1099,5,51,0.0,51,False,
strict_split,task_heldout_productivity,test,376,172,0.1693817675113678,1654,11,51,0.0,51,False,
strict_split,task_heldout_productivity,test,378,172,0.33840179443359375,94,12,51,0.0,51,False,
strict_split,task_heldout_productivity,test,381,172,0.3698091506958008,399,12,51,0.0,51,False,
strict_split,task_heldout_productivity,test,382,172,0.3953174352645874,3507,11,51,0.0,51,False,
strict_split,task_heldout_productivity,test,402,172,0.3829164505004883,112,11,51,0.0,51,False,
strict_split,task_heldout_productivity,test,403,172,0.36357972025871277,51,5,51,0.0,51,False,
strict_split,task_heldout_productivity,test,404,172,0.40554100275039673,3507,11,51,0.0,51,False,
strict_split,task_heldout_productivity,test,405,172,0.300020694732666,94,8,51,0.0,51,False,
strict_split,task_heldout_productivity,test,414,172,0.457757830619812,1959,5,51,0.0,51,False,
strict_split,task_heldout_productivity,test,423,172,0.3654954433441162,95,12,51,0.0,51,False,
strict_split,task_heldout_productivity,test,425,172,0.34575068950653076,1099,5,51,0.0,51,False,
strict_split,task_heldout_productivity,test,439,172,0.25616762042045593,1654,13,51,0.0,51,False,
strict_split,task_heldout_productivity,test,443,172,0.3829164505004883,112,11,51,0.0,51,False,
strict_split,task_heldout_productivity,test,447,172,0.4392010271549225,399,9,51,0.0,51,False,
strict_split,task_heldout_productivity,test,448,172,0.42430180311203003,95,5,51,0.0,51,False,
strict_split,task_heldout_productivity,test,452,172,0.23564442992210388,3507,11,51,0.0,51,False,
strict_split,task_heldout_productivity,test,455,172,0.4800414741039276,1959,8,51,0.0,51,False,
strict_split,task_heldout_productivity,test,456,172,0.3803001940250397,94,5,51,0.0,51,False,
strict_split,task_heldout_productivity,test,467,172,0.28183239698410034,94,11,51,0.0,51,False,
strict_split,task_heldout_productivity,test,469,172,0.3451630771160126,51,5,51,0.0,51,False,
strict_split,task_heldout_productivity,test,471,172,0.18063852190971375,92,11,51,0.0,51,False,
strict_split,task_heldout_productivity,test,477,172,0.512902021408081,94,5,51,0.0,51,False,
strict_split,task_heldout_productivity,test,478,172,0.42719316482543945,3507,11,51,0.0,51,False,
strict_split,task_heldout_productivity,test,482,172,0.4442012310028076,94,5,51,0.0,51,False,
strict_split,task_heldout_productivity,test,484,172,0.2023768424987793,3507,11,51,0.0,51,False,
strict_split,task_heldout_productivity,test,485,172,0.30323928594589233,94,9,51,0.0,51,False,
strict_split,task_heldout_productivity,test,492,172,0.4652646481990814,94,5,51,0.0,51,False,
strict_split,task_heldout_productivity,test,496,172,0.2663065195083618,3507,10,51,0.0,51,False,
strict_split,task_heldout_productivity,test,498,172,0.25680574774742126,528,11,51,0.0,51,False,
strict_split,task_heldout_productivity,test,503,172,0.4116961359977722,51,10,51,0.0,51,False,
strict_split,task_heldout_productivity,test,504,172,0.39361345767974854,3507,11,51,0.0,51,False,
strict_split,task_heldout_productivity,test,506,172,0.2790783643722534,267,11,51,0.0,51,False,
strict_split,task_heldout_productivity,test,507,172,0.17374509572982788,399,13,51,0.0,51,False,
strict_split,task_heldout_productivity,test,517,172,0.3555601239204407,3507,11,51,0.0,51,False,
strict_split,task_heldout_productivity,test,523,172,0.3208048641681671,1959,5,51,0.0,51,False,
strict_split,task_heldout_productivity,test,525,172,0.480946809053421,1654,12,51,0.0,51,False,
strict_split,task_heldout_productivity,test,527,172,0.3407685160636902,1959,5,51,0.0,51,False,
strict_split,task_heldout_productivity,test,530,172,0.41182875633239746,94,5,51,0.0,51,False,
strict_split,task_heldout_productivity,test,533,172,0.4735572934150696,1099,5,51,0.0,51,False,
strict_split,task_heldout_productivity,test,534,172,0.3793027400970459,1099,5,51,0.0,51,False,
strict_split,task_heldout_productivity,test,535,172,0.3554266095161438,95,8,51,0.0,51,False,
strict_split,task_heldout_productivity,test,547,172,0.42542704939842224,1099,5,51,0.0,51,False,
strict_split,task_heldout_productivity,test,548,172,0.27673766016960144,3507,10,51,0.0,51,False,
strict_split,task_heldout_productivity,test,549,172,0.22923965752124786,1654,13,51,0.0,51,False,
strict_split,task_heldout_productivity,test,555,172,0.26143762469291687,51,10,51,0.0,51,False,
strict_split,task_heldout_productivity,test,575,172,0.23343126475811005,51,8,51,0.0,51,False,
strict_split,task_heldout_productivity,test,577,172,0.24891017377376556,267,11,51,0.0,51,False,
strict_split,task_heldout_productivity,test,582,172,0.41641902923583984,95,13,51,0.0,51,False,
strict_split,task_heldout_productivity,test,594,172,0.38828617334365845,399,12,51,0.0,51,False,
strict_split,task_heldout_productivity,test,598,172,0.34924131631851196,94,12,51,0.0,51,False,
strict_split,task_heldout_productivity,test,601,172,0.27952495217323303,3507,13,51,0.0,51,False,
strict_split,task_heldout_productivity,test,602,172,0.3990727365016937,51,12,51,0.0,51,False,
strict_split,task_heldout_productivity,test,603,172,0.38575130701065063,1959,5,51,0.0,51,False,
strict_split,task_heldout_productivity,test,604,172,0.38712480664253235,95,5,51,0.0,51,False,
strict_split,task_heldout_productivity,test,609,172,0.4137720465660095,94,5,51,0.0,51,False,
strict_split,task_heldout_productivity,test,610,172,0.2530502378940582,399,8,51,0.0,51,False,
strict_split,task_heldout_productivity,test,611,172,0.3342666029930115,51,8,51,0.0,51,False,
strict_split,task_heldout_productivity,test,619,172,0.3332318663597107,1856,5,51,0.0,51,False,
strict_split,task_heldout_productivity,test,620,172,0.3829164505004883,112,11,51,0.0,51,False,
strict_split,task_heldout_productivity,test,622,172,0.3038003742694855,399,10,51,0.0,51,False,
strict_split,task_heldout_productivity,test,626,172,0.30293500423431396,659,8,51,0.0,51,False,
strict_split,task_heldout_productivity,test,640,172,0.4393356740474701,1654,12,51,0.0,51,False,
strict_split,task_heldout_productivity,test,645,172,0.20489910244941711,1654,13,51,0.0,51,False,
strict_split,task_heldout_productivity,test,652,172,0.3214467763900757,399,9,51,0.0,51,False,
strict_split,task_heldout_productivity,test,657,172,0.480946809053421,1654,12,51,0.0,51,False,
strict_split,task_heldout_productivity,test,659,172,0.38712480664253235,95,5,51,0.0,51,False,
strict_split,task_heldout_productivity,test,661,172,0.35961928963661194,95,12,51,0.0,51,False,
strict_split,task_heldout_productivity,test,663,172,0.2114526629447937,1654,11,51,0.0,51,False,
strict_split,task_heldout_productivity,test,681,172,0.36901187896728516,1099,5,51,0.0,51,False,
strict_split,task_heldout_productivity,test,682,172,0.3101038336753845,267,11,51,0.0,51,False,
strict_split,task_heldout_productivity,test,687,172,0.44505172967910767,1099,12,51,0.0,51,False,
strict_split,task_heldout_productivity,test,690,172,0.23468032479286194,3507,11,51,0.0,51,False,
strict_split,task_heldout_productivity,test,691,172,0.4840603768825531,1654,12,51,0.0,51,False,
strict_split,task_heldout_productivity,test,692,172,0.26599809527397156,399,9,51,0.0,51,False,
strict_split,task_heldout_productivity,test,696,172,0.461847722530365,1099,5,51,0.0,51,False,
strict_split,task_heldout_productivity,test,705,172,0.3726971745491028,94,5,51,0.0,51,False,
strict_split,task_heldout_productivity,test,707,172,0.35216206312179565,94,12,51,0.0,51,False,
strict_split,task_heldout_productivity,test,710,172,0.39109349250793457,1099,5,51,0.0,51,False,
strict_split,task_heldout_productivity,test,712,172,0.2551534175872803,51,10,51,0.0,51,False,
strict_split,task_heldout_productivity,test,713,172,0.3793027400970459,1099,13,51,0.0,51,False,
strict_split,task_heldout_productivity,test,716,172,0.19078890979290009,1654,11,51,0.0,51,False,
strict_split,task_heldout_productivity,test,722,172,0.4983140528202057,1959,5,51,0.0,51,False,
strict_split,task_heldout_productivity,test,723,172,0.33055323362350464,1959,8,51,0.0,51,False,
strict_split,task_heldout_productivity,test,730,172,0.3459794521331787,1959,11,51,0.0,51,False,
strict_split,task_heldout_productivity,test,731,172,0.306954026222229,1856,13,51,0.0,51,False,
strict_split,task_heldout_productivity,test,732,172,0.378907710313797,1099,5,51,0.0,51,False,
strict_split,task_heldout_productivity,test,748,172,0.23597413301467896,94,11,51,0.0,51,False,
strict_split,task_heldout_productivity,test,750,172,0.20565631985664368,3507,11,51,0.0,51,False,
strict_split,task_heldout_productivity,test,752,172,0.5002653002738953,94,5,51,0.0,51,False,
strict_split,task_heldout_productivity,test,754,172,0.3588716387748718,94,5,51,0.0,51,False,
strict_split,task_heldout_productivity,test,756,172,0.3726971745491028,94,5,51,0.0,51,False,
strict_split,task_heldout_productivity,test,757,172,0.49693334102630615,1099,13,51,0.0,51,False,
strict_split,task_heldout_productivity,test,760,172,0.3428555727005005,1856,13,51,0.0,51,False,
strict_split,task_heldout_productivity,test,761,172,0.3661564588546753,95,12,51,0.0,51,False,
strict_split,task_heldout_productivity,test,768,172,0.4260820746421814,95,5,51,0.0,51,False,
strict_split,task_heldout_productivity,test,775,172,0.2663065195083618,3507,10,51,0.0,51,False,
strict_split,task_heldout_productivity,test,777,172,0.47687864303588867,1654,12,51,0.0,51,False,
strict_split,task_heldout_productivity,test,781,172,0.5013691782951355,1654,12,51,0.0,51,False,
strict_split,task_heldout_productivity,test,784,172,0.31801944971084595,51,8,51,0.0,51,False,
strict_split,task_heldout_productivity,test,786,172,0.30729568004608154,51,10,51,0.0,51,False,
strict_split,task_heldout_productivity,test,789,172,0.2669791877269745,1959,11,51,0.0,51,False,
strict_split,task_heldout_productivity,test,795,172,0.26976555585861206,51,8,51,0.0,51,False,
strict_split,task_heldout_productivity,test,796,172,0.2360454499721527,3507,11,51,0.0,51,False,
strict_split,task_heldout_productivity,test,797,172,0.2669791877269745,1959,11,51,0.0,51,False,
strict_split,task_heldout_productivity,test,800,172,0.24670810997486115,92,11,51,0.0,51,False,
strict_split,task_heldout_productivity,test,805,172,0.33162128925323486,1959,11,51,0.0,51,False,
strict_split,task_heldout_productivity,test,815,172,0.27952495217323303,3507,13,51,0.0,51,False,
strict_split,task_heldout_productivity,test,829,172,0.20547188818454742,3507,11,51,0.0,51,False,
strict_split,task_heldout_productivity,test,831,172,0.2663155198097229,1959,10,51,0.0,51,False,
strict_split,task_heldout_productivity,test,832,172,0.3386499285697937,51,5,51,0.0,51,False,
strict_split,task_heldout_productivity,test,834,172,0.3415767550468445,1099,8,51,0.0,51,False,
strict_split,task_heldout_productivity,test,835,172,0.3796212673187256,399,5,51,0.0,51,False,
strict_split,task_heldout_productivity,test,838,172,0.4590641260147095,1654,12,51,0.0,51,False,
strict_split,task_heldout_productivity,test,839,172,0.38548436760902405,1099,5,51,0.0,51,False,
strict_split,task_heldout_productivity,test,844,172,0.19611023366451263,3507,11,51,0.0,51,False,
strict_split,task_heldout_productivity,test,849,172,0.42812657356262207,399,12,51,0.0,51,False,
strict_split,task_heldout_productivity,test,851,172,0.5027245283126831,1959,5,51,0.0,51,False,
strict_split,task_heldout_productivity,test,852,172,0.3789461851119995,1959,8,51,0.0,51,False,
strict_split,task_heldout_productivity,test,854,172,0.43195638060569763,1099,5,51,0.0,51,False,
strict_split,task_heldout_productivity,test,858,172,0.38548436760902405,1099,5,51,0.0,51,False,
strict_split,task_heldout_productivity,test,862,172,0.31002503633499146,3507,10,51,0.0,51,False,
strict_split,task_heldout_productivity,test,865,172,0.4229332208633423,51,10,51,0.0,51,False,
strict_split,task_heldout_productivity,test,868,172,0.2529386579990387,94,11,51,0.0,51,False,
strict_split,task_heldout_productivity,test,872,172,0.4418267011642456,95,5,51,0.0,51,False,
strict_split,task_heldout_productivity,test,874,172,0.1700492650270462,1099,11,51,0.0,51,False,
strict_split,task_heldout_productivity,test,881,172,0.19893571734428406,1959,11,51,0.0,51,False,
strict_split,task_heldout_productivity,test,886,172,0.3654954433441162,95,12,51,0.0,51,False,
strict_split,task_heldout_productivity,test,887,172,0.4863210916519165,94,5,51,0.0,51,False,
strict_split,task_heldout_productivity,test,888,172,0.4098697304725647,51,13,51,0.0,51,False,
strict_split,task_heldout_productivity,test,908,172,0.42719316482543945,3507,11,51,0.0,51,False,
strict_split,task_heldout_productivity,test,920,172,0.43317022919654846,95,5,51,0.0,51,False,
strict_split,task_heldout_productivity,test,921,172,0.2684820294380188,455,8,51,0.0,51,False,
strict_split,task_heldout_productivity,test,923,172,0.2828975319862366,1654,13,51,0.0,51,False,
strict_split,task_heldout_productivity,test,953,172,0.36942023038864136,95,8,51,0.0,51,False,
strict_split,task_heldout_productivity,test,962,172,0.39746665954589844,3507,11,51,0.0,51,False,
strict_split,task_heldout_productivity,test,965,172,0.5025534629821777,1856,13,51,0.0,51,False,
strict_split,task_heldout_productivity,test,967,172,0.2375621199607849,3507,13,51,0.0,51,False,
strict_split,task_heldout_productivity,test,976,172,0.17644518613815308,1654,13,51,0.0,51,False,
strict_split,task_heldout_productivity,test,977,172,0.2360454499721527,3507,11,51,0.0,51,False,
strict_split,task_heldout_productivity,test,980,172,0.2360454499721527,3507,11,51,0.0,51,False,
strict_split,task_heldout_productivity,test,985,172,0.45772016048431396,1099,13,51,0.0,51,False,
strict_split,task_heldout_productivity,test,987,172,0.34654349088668823,3507,13,51,0.0,51,False,
strict_split,task_heldout_productivity,test,988,172,0.3142932653427124,1959,11,51,0.0,51,False,
strict_split,task_heldout_productivity,test,997,172,0.299888014793396,94,12,51,0.0,51,False,
strict_split,task_heldout_productivity,test,1009,172,0.3144366145133972,51,8,51,0.0,51,False,
strict_split,task_heldout_productivity,test,1016,172,0.3393230438232422,1099,5,51,0.0,51,False,
strict_split,task_heldout_productivity,test,1018,172,0.37163522839546204,1099,5,51,0.0,51,False,
strict_split,task_heldout_productivity,test,1019,172,0.41676175594329834,3507,11,51,0.0,51,False,
strict_split,task_heldout_productivity,test,1020,172,0.39257872104644775,1099,12,51,0.0,51,False,
strict_split,task_heldout_productivity,test,1023,172,0.3221532106399536,399,5,51,0.0,51,False,
strict_split,task_heldout_productivity,test,1029,172,0.1885729432106018,1654,13,51,0.0,51,False,
strict_split,task_heldout_productivity,test,1035,172,0.4381309151649475,94,5,51,0.0,51,False,
strict_split,task_heldout_productivity,test,1041,172,0.42542704939842224,1099,5,51,0.0,51,False,
strict_split,task_heldout_productivity,test,1042,172,0.2509184777736664,51,13,51,0.0,51,False,
strict_split,task_heldout_productivity,test,1044,172,0.2518829107284546,51,13,51,0.0,51,False,
strict_split,task_heldout_productivity,test,1047,172,0.5025534629821777,1856,5,51,0.0,51,False,
strict_split,task_heldout_productivity,test,1050,172,0.4712560772895813,1654,12,51,0.0,51,False,
strict_split,task_heldout_productivity,test,1052,172,0.2977621555328369,267,11,51,0.0,51,False,
strict_split,task_heldout_productivity,test,1053,172,0.48750388622283936,1654,12,51,0.0,51,False,
strict_split,task_heldout_productivity,test,1056,172,0.424641877412796,51,5,51,0.0,51,False,
strict_split,task_heldout_productivity,test,1061,172,0.4229332208633423,51,10,51,0.0,51,False,
strict_split,task_heldout_productivity,test,1064,172,0.3493681252002716,399,9,51,0.0,51,False,
strict_split,task_heldout_productivity,test,1066,172,0.433607816696167,3507,11,51,0.0,51,False,
strict_split,task_heldout_productivity,test,1084,172,0.34690967202186584,267,11,51,0.0,51,False,
strict_split,task_heldout_productivity,test,1087,172,0.21107125282287598,94,11,51,0.0,51,False,
strict_split,task_heldout_productivity,test,1090,172,0.4531713128089905,95,5,51,0.0,51,False,
strict_split,task_heldout_productivity,test,1098,172,0.26871931552886963,399,13,51,0.0,51,False,
strict_split,task_heldout_productivity,test,1102,172,0.3047996163368225,1959,11,51,0.0,51,False,
strict_split,task_heldout_productivity,test,1105,172,0.22070708870887756,3507,13,51,0.0,51,False,
strict_split,task_heldout_productivity,test,1109,172,0.39071041345596313,399,12,51,0.0,51,False,
strict_split,task_heldout_productivity,test,1110,172,0.45679306983947754,1654,12,51,0.0,51,False,
strict_split,task_heldout_productivity,test,1111,172,0.38514477014541626,399,5,51,0.0,51,False,
strict_split,task_heldout_productivity,test,1113,172,0.4652646481990814,94,13,51,0.0,51,False,
strict_split,task_heldout_productivity,test,1115,172,0.48312613368034363,1959,5,51,0.0,51,False,
strict_split,task_heldout_productivity,test,1116,172,0.47046416997909546,51,5,51,0.0,51,False,
strict_split,task_heldout_productivity,test,1119,172,0.34812140464782715,94,8,51,0.0,51,False,
strict_split,task_heldout_productivity,test,1121,172,0.23405252397060394,399,8,51,0.0,51,False,
strict_split,task_heldout_productivity,test,1124,172,0.26160097122192383,1654,13,51,0.0,51,False,
strict_split,task_heldout_productivity,test,1134,172,0.37638363242149353,3507,11,51,0.0,51,False,
strict_split,task_heldout_productivity,test,1149,172,0.46723151206970215,399,12,51,0.0,51,False,
strict_split,task_heldout_productivity,test,1152,172,0.22923965752124786,1654,13,51,0.0,51,False,
strict_split,task_heldout_productivity,test,1154,172,0.3789461851119995,1959,8,51,0.0,51,False,
strict_split,task_heldout_productivity,test,1155,172,0.20489910244941711,1654,13,51,0.0,51,False,
strict_split,task_heldout_productivity,test,1164,172,0.5092479586601257,1099,12,51,0.0,51,False,
strict_split,task_heldout_productivity,test,1171,172,0.36077430844306946,94,5,51,0.0,51,False,
strict_split,task_heldout_productivity,test,1175,172,0.3332318663597107,1856,5,51,0.0,51,False,
strict_split,task_heldout_productivity,test,1181,172,0.37609583139419556,94,12,51,0.0,51,False,
strict_split,task_heldout_productivity,test,1195,172,0.2525571584701538,399,13,51,0.0,51,False,
strict_split,task_heldout_productivity,test,1197,172,0.26193031668663025,399,9,51,0.0,51,False,
strict_split,task_heldout_productivity,test,1199,172,0.40953677892684937,94,5,51,0.0,51,False,
strict_split,task_heldout_productivity,test,1200,172,0.2372352033853531,3507,13,51,0.0,51,False,
strict_split,task_heldout_productivity,test,1205,172,0.44766879081726074,1654,12,51,0.0,51,False,
strict_split,task_heldout_productivity,test,1209,172,0.28124290704727173,51,8,51,0.0,51,False,
strict_split,task_heldout_productivity,test,1212,172,0.42334654927253723,1099,5,51,0.0,51,False,
strict_split,task_heldout_productivity,test,1215,172,0.4913771450519562,1099,5,51,0.0,51,False,
strict_split,task_heldout_productivity,test,1218,172,0.42385703325271606,51,10,51,0.0,51,False,
strict_split,task_heldout_productivity,test,1223,172,0.2223387360572815,659,8,51,0.0,51,False,
strict_split,task_heldout_productivity,test,1230,172,0.36901187896728516,1099,5,51,0.0,51,False,
strict_split,task_heldout_productivity,test,1231,172,0.29492342472076416,1654,13,51,0.0,51,False,
strict_split,task_heldout_productivity,test,1233,172,0.2669791877269745,1959,11,51,0.0,51,False,
strict_split,task_heldout_productivity,test,1246,172,0.4225727319717407,1959,8,51,0.0,51,False,
strict_split,task_heldout_productivity,test,1247,172,0.25680574774742126,528,11,51,0.0,51,False,
strict_split,task_heldout_productivity,test,1249,172,0.35302335023880005,94,5,51,0.0,51,False,
strict_split,task_heldout_productivity,test,1256,172,0.3486643433570862,112,5,51,0.0,51,False,
strict_split,task_heldout_productivity,test,1262,172,0.3111709952354431,1099,8,51,0.0,51,False,
strict_split,task_heldout_productivity,test,1266,172,0.3282763957977295,1959,5,51,0.0,51,False,
strict_split,task_heldout_productivity,test,1268,172,0.2285342663526535,95,13,51,0.0,51,False,
strict_split,task_heldout_productivity,test,1272,172,0.5242275595664978,1654,12,51,0.0,51,False,
strict_split,task_heldout_productivity,test,1281,172,0.44766879081726074,1654,12,51,0.0,51,False,
strict_split,task_heldout_productivity,test,1283,172,0.37008753418922424,94,8,51,0.0,51,False,
strict_split,task_heldout_productivity,test,1285,172,0.36077430844306946,94,13,51,0.0,51,False,
strict_split,task_heldout_productivity,test,1295,172,0.2804241180419922,1654,13,51,0.0,51,False,
strict_split,task_heldout_productivity,test,1298,172,0.35032522678375244,94,5,51,0.0,51,False,
strict_split,task_heldout_productivity,test,1303,172,0.3793027400970459,1099,13,51,0.0,51,False,
strict_split,task_heldout_productivity,test,1310,172,0.4979516863822937,1099,5,51,0.0,51,False,
strict_split,task_heldout_productivity,test,1314,172,0.2644611895084381,51,13,51,0.0,51,False,
strict_split,task_heldout_productivity,test,1318,172,0.39347386360168457,95,5,51,0.0,51,False,
strict_split,task_heldout_productivity,test,1320,172,0.4961601793766022,1099,13,51,0.0,51,False,
strict_split,task_heldout_productivity,test,1321,172,0.1935330033302307,3507,11,51,0.0,51,False,
strict_split,task_heldout_productivity,test,1324,172,0.2222737967967987,92,11,51,0.0,51,False,
strict_split,task_heldout_productivity,test,1328,172,0.19078890979290009,1654,11,51,0.0,51,False,
strict_split,task_heldout_productivity,test,1333,172,0.3685004711151123,399,9,51,0.0,51,False,
strict_split,task_heldout_productivity,test,1336,172,0.3261784315109253,1959,8,51,0.0,51,False,
strict_split,task_heldout_productivity,test,1340,172,0.4652646481990814,94,5,51,0.0,51,False,
strict_split,task_heldout_productivity,test,1342,172,0.35216206312179565,94,12,51,0.0,51,False,
strict_split,task_heldout_productivity,test,1356,172,0.3756805658340454,1856,13,51,0.0,51,False,
strict_split,task_heldout_productivity,test,1362,172,0.4637261629104614,399,5,51,0.0,51,False,
strict_split,task_heldout_productivity,test,1368,172,0.4081772565841675,1099,5,51,0.0,51,False,
strict_split,task_heldout_productivity,test,1372,172,0.3451630771160126,51,5,51,0.0,51,False,
strict_split,task_heldout_productivity,test,1373,172,0.44481033086776733,1099,12,51,0.0,51,False,
strict_split,task_heldout_productivity,test,1375,172,0.4251304268836975,94,8,51,0.0,51,False,
strict_split,task_heldout_productivity,test,1382,172,0.4735572934150696,1099,5,51,0.0,51,False,
strict_split,task_heldout_productivity,test,1384,172,0.29498976469039917,95,13,51,0.0,51,False,
strict_split,task_heldout_productivity,test,1401,172,0.44916439056396484,3507,11,51,0.0,51,False,
strict_split,task_heldout_productivity,test,1407,172,0.3819929361343384,1099,8,51,0.0,51,False,
strict_split,task_heldout_productivity,test,1409,172,0.32728689908981323,659,8,51,0.0,51,False,
strict_split,task_heldout_productivity,test,1411,172,0.19893571734428406,1959,11,51,0.0,51,False,
strict_split,task_heldout_productivity,test,1413,172,0.480946809053421,1654,12,51,0.0,51,False,
strict_split,task_heldout_productivity,test,1421,172,0.20930054783821106,399,8,51,0.0,51,False,
strict_split,task_heldout_productivity,test,1425,172,0.33198314905166626,399,9,51,0.0,51,False,
strict_split,task_heldout_productivity,test,1437,172,0.3486683666706085,1099,5,51,0.0,51,False,
strict_split,task_heldout_productivity,test,1438,172,0.38196033239364624,399,5,51,0.0,51,False,
strict_split,task_heldout_productivity,test,1442,172,0.2431338131427765,3507,11,51,0.0,51,False,
strict_split,task_heldout_productivity,test,1443,172,0.1700492650270462,1099,11,51,0.0,51,False,
strict_split,task_heldout_productivity,test,1449,172,0.45936766266822815,1959,8,51,0.0,51,False,
strict_split,task_heldout_productivity,test,1452,172,0.3855062425136566,95,5,51,0.0,51,False,
strict_split,task_heldout_productivity,test,1453,172,0.3461589515209198,51,8,51,0.0,51,False,
strict_split,task_heldout_productivity,test,1454,172,0.39102089405059814,94,5,51,0.0,51,False,
strict_split,task_heldout_productivity,test,1460,172,0.4793507754802704,94,13,51,0.0,51,False,
strict_split,task_heldout_productivity,test,1463,172,0.2790783643722534,267,11,51,0.0,51,False,
strict_split,task_heldout_productivity,test,1471,172,0.3450086712837219,94,5,51,0.0,51,False,
strict_split,task_heldout_productivity,test,1474,172,0.35389789938926697,399,5,51,0.0,51,False,
strict_split,task_heldout_productivity,test,1485,172,0.22285187244415283,1959,10,51,0.0,51,False,
strict_split,task_heldout_productivity,test,1500,172,0.2736740708351135,399,8,51,0.0,51,False,
strict_split,task_heldout_productivity,test,1501,172,0.33162128925323486,1959,11,51,0.0,51,False,
strict_split,task_heldout_productivity,test,1504,172,0.39107072353363037,95,5,51,0.0,51,False,
strict_split,task_heldout_productivity,test,1506,172,0.41641902923583984,95,13,51,0.0,51,False,
strict_split,task_heldout_productivity,test,1510,172,0.4741484224796295,1654,12,51,0.0,51,False,
strict_split,task_heldout_productivity,test,1512,172,0.3555601239204407,3507,11,51,0.0,51,False,
strict_split,task_heldout_productivity,test,1513,172,0.45363396406173706,51,5,51,0.0,51,False,
strict_split,task_heldout_productivity,test,1521,172,0.3119354248046875,51,10,51,0.0,51,False,
strict_split,task_heldout_productivity,test,1525,172,0.27952495217323303,3507,13,51,0.0,51,False,
strict_split,task_heldout_productivity,test,1527,172,0.2779984474182129,399,9,51,0.0,51,False,
strict_split,task_heldout_productivity,test,1530,172,0.4646429419517517,399,12,51,0.0,51,False,
strict_split,task_heldout_productivity,test,1531,172,0.4418267011642456,95,5,51,0.0,51,False,
strict_split,task_heldout_productivity,test,1537,172,0.36163389682769775,95,12,51,0.0,51,False,
strict_split,task_heldout_productivity,test,1538,172,0.22424639761447906,3507,10,51,0.0,51,False,
strict_split,task_heldout_productivity,test,1539,172,0.2681702971458435,528,10,51,0.0,51,False,
strict_split,task_heldout_productivity,test,1540,172,0.3803904950618744,1099,5,51,0.0,51,False,
strict_split,task_heldout_productivity,test,1544,172,0.4026294946670532,95,8,51,0.0,51,False,
strict_split,task_heldout_productivity,test,1559,172,0.19078890979290009,1654,11,51,0.0,51,False,
strict_split,task_heldout_productivity,test,1561,172,0.44920191168785095,1856,5,51,0.0,51,False,
strict_split,task_heldout_productivity,test,1564,172,0.37192243337631226,94,5,51,0.0,51,False,
strict_split,task_heldout_productivity,test,1568,172,0.43207937479019165,1099,5,51,0.0,51,False,
strict_split,task_heldout_productivity,test,1569,172,0.24635568261146545,94,9,51,0.0,51,False,
strict_split,task_heldout_productivity,test,1573,172,0.23405252397060394,399,8,51,0.0,51,False,
strict_split,task_heldout_productivity,test,1574,172,0.16772902011871338,3507,11,51,0.0,51,False,
strict_split,task_heldout_productivity,test,1578,172,0.5083273649215698,1654,12,51,0.0,51,False,
strict_split,task_heldout_productivity,test,1579,172,0.1346093714237213,172,13,51,0.0,51,False,
strict_split,task_heldout_productivity,test,1586,172,0.5208675861358643,95,12,51,0.0,51,False,
strict_split,task_heldout_productivity,test,1591,172,0.1693817675113678,1654,11,51,0.0,51,False,
strict_split,task_heldout_productivity,test,1596,172,0.33100566267967224,95,5,51,0.0,51,False,
strict_split,task_heldout_productivity,test,1600,172,0.37638363242149353,3507,11,51,0.0,51,False,
strict_split,task_heldout_productivity,test,1605,172,0.47261086106300354,1099,13,51,0.0,51,False,
strict_split,task_heldout_productivity,test,1611,172,0.36318546533584595,3507,11,51,0.0,51,False,
strict_split,task_heldout_productivity,test,1628,172,0.24089539051055908,399,13,51,0.0,51,False,
strict_split,task_heldout_productivity,test,1639,172,0.44454896450042725,1099,12,51,0.0,51,False,
strict_split,task_heldout_productivity,test,1657,172,0.45267993211746216,1099,5,51,0.0,51,False,
strict_split,task_heldout_productivity,test,1666,172,0.5025534629821777,1856,13,51,0.0,51,False,
strict_split,task_heldout_productivity,test,1667,172,0.45936766266822815,1959,8,51,0.0,51,False,
strict_split,task_heldout_productivity,test,1670,172,0.36447054147720337,51,13,51,0.0,51,False,
strict_split,task_heldout_productivity,test,1678,172,0.20180563628673553,3507,11,51,0.0,51,False,
strict_split,task_heldout_productivity,test,1681,172,0.2519533634185791,1959,8,51,0.0,51,False,
strict_split,task_heldout_productivity,test,1683,172,0.48085731267929077,1099,5,51,0.0,51,False,
strict_split,task_heldout_productivity,test,1684,172,0.2861015498638153,51,10,51,0.0,51,False,
strict_split,task_heldout_productivity,test,1687,172,0.24304509162902832,51,8,51,0.0,51,False,
strict_split,task_heldout_productivity,test,1690,172,0.24721449613571167,399,13,51,0.0,51,False,
strict_split,task_heldout_productivity,test,1694,172,0.39257872104644775,1099,12,51,0.0,51,False,
strict_split,task_heldout_productivity,test,1717,172,0.4866536855697632,1959,5,51,0.0,51,False,
strict_split,task_heldout_productivity,test,1719,172,0.39361345767974854,3507,11,51,0.0,51,False,
strict_split,task_heldout_productivity,test,1730,172,0.17884153127670288,1654,11,51,0.0,51,False,
strict_split,task_heldout_productivity,test,1734,172,0.19078890979290009,1654,11,51,0.0,51,False,
strict_split,task_heldout_productivity,test,1735,172,0.4705115258693695,1099,13,51,0.0,51,False,
strict_split,task_heldout_productivity,test,1736,172,0.5208675861358643,95,12,51,0.0,51,False,
strict_split,task_heldout_productivity,test,1740,172,0.280264675617218,399,9,51,0.0,51,False,
strict_split,task_heldout_productivity,test,1745,172,0.19078890979290009,1654,11,51,0.0,51,False,
strict_split,task_heldout_productivity,test,1746,172,0.2863720655441284,1959,8,51,0.0,51,False,
strict_split,task_heldout_productivity,test,1752,172,0.2846055030822754,267,11,51,0.0,51,False,
strict_split,task_heldout_productivity,test,1757,172,0.3047996163368225,1959,11,51,0.0,51,False,
strict_split,task_heldout_productivity,test,1761,172,0.3636658787727356,95,8,51,0.0,51,False,
strict_split,task_heldout_productivity,test,1765,172,0.41543543338775635,95,5,51,0.0,51,False,
strict_split,task_heldout_productivity,test,1766,172,0.20180563628673553,3507,11,51,0.0,51,False,
strict_split,task_heldout_productivity,test,1769,172,0.25680574774742126,528,11,51,0.0,51,False,
strict_split,task_heldout_productivity,test,1773,172,0.1972454935312271,92,11,51,0.0,51,False,
strict_split,task_heldout_productivity,test,1777,172,0.3931039273738861,1959,5,51,0.0,51,False,
strict_split,task_heldout_productivity,test,1780,172,0.36263829469680786,399,9,51,0.0,51,False,
strict_split,task_heldout_productivity,test,1782,172,0.36318546533584595,3507,11,51,0.0,51,False,
strict_split,task_heldout_productivity,test,1785,172,0.4388304054737091,1099,12,51,0.0,51,False,
strict_split,task_heldout_productivity,test,1788,172,0.31394827365875244,51,5,51,0.0,51,False,
strict_split,task_heldout_productivity,test,1791,172,0.2308635115623474,95,11,51,0.0,51,False,
strict_split,task_heldout_productivity,test,1796,172,0.24070364236831665,1654,13,51,0.0,51,False,
strict_split,task_heldout_productivity,test,1798,172,0.45946693420410156,95,12,51,0.0,51,False,
strict_split,task_heldout_systematicity,test,16,172,0.378907710313797,1099,5,51,0.0,51,False,
strict_split,task_heldout_systematicity,test,21,172,0.40554100275039673,3507,11,51,0.0,51,False,
strict_split,task_heldout_systematicity,test,25,172,0.39109349250793457,1099,5,51,0.0,51,False,
strict_split,task_heldout_systematicity,test,43,172,0.280264675617218,399,9,51,0.0,51,False,
strict_split,task_heldout_systematicity,test,57,172,0.3191872239112854,267,11,51,0.0,51,False,
strict_split,task_heldout_systematicity,test,60,172,0.3447442054748535,94,5,51,0.0,51,False,
strict_split,task_heldout_systematicity,test,70,172,0.2742473781108856,399,5,51,0.0,51,False,
strict_split,task_heldout_systematicity,test,71,172,0.35527700185775757,399,12,51,0.0,51,False,
strict_split,task_heldout_systematicity,test,78,172,0.18369552493095398,399,13,51,0.0,51,False,
strict_split,task_heldout_systematicity,test,80,172,0.34812140464782715,94,8,51,0.0,51,False,
strict_split,task_heldout_systematicity,test,81,172,0.5098816156387329,1099,12,51,0.0,51,False,
strict_split,task_heldout_systematicity,test,82,172,0.38548436760902405,1099,5,51,0.0,51,False,
strict_split,task_heldout_systematicity,test,85,172,0.22311075031757355,94,11,51,0.0,51,False,
strict_split,task_heldout_systematicity,test,97,172,0.3593369126319885,94,12,51,0.0,51,False,
strict_split,task_heldout_systematicity,test,101,172,0.4696519374847412,1959,5,51,0.0,51,False,
strict_split,task_heldout_systematicity,test,105,172,0.20180563628673553,3507,11,51,0.0,51,False,
strict_split,task_heldout_systematicity,test,106,172,0.44685864448547363,1856,5,51,0.0,51,False,
strict_split,task_heldout_systematicity,test,117,172,0.34939807653427124,95,12,51,0.0,51,False,
strict_split,task_heldout_systematicity,test,122,172,0.3084285259246826,399,9,51,0.0,51,False,
strict_split,task_heldout_systematicity,test,123,172,0.2425699084997177,94,11,51,0.0,51,False,
strict_split,task_heldout_systematicity,test,124,172,0.3191872239112854,267,11,51,0.0,51,False,
strict_split,task_heldout_systematicity,test,125,172,0.5151727795600891,95,12,51,0.0,51,False,
strict_split,task_heldout_systematicity,test,129,172,0.39361345767974854,3507,11,51,0.0,51,False,
strict_split,task_heldout_systematicity,test,132,172,0.4221224784851074,1959,10,51,0.0,51,False,
strict_split,task_heldout_systematicity,test,134,172,0.3736920654773712,3507,11,51,0.0,51,False,
strict_split,task_heldout_systematicity,test,139,172,0.397259384393692,1099,5,51,0.0,51,False,
strict_split,task_heldout_systematicity,test,143,172,0.3670654296875,1856,5,51,0.0,51,False,
strict_split,task_heldout_systematicity,test,145,172,0.2532910406589508,3507,13,51,0.0,51,False,
strict_split,task_heldout_systematicity,test,148,172,0.3422171175479889,94,12,51,0.0,51,False,
strict_split,task_heldout_systematicity,test,151,172,0.39627963304519653,1856,13,51,0.0,51,False,
strict_split,task_heldout_systematicity,test,157,172,0.48312613368034363,1959,5,51,0.0,51,False,
strict_split,task_heldout_systematicity,test,165,172,0.5080914497375488,1654,12,51,0.0,51,False,
strict_split,task_heldout_systematicity,test,166,172,0.41831398010253906,95,12,51,0.0,51,False,
strict_split,task_heldout_systematicity,test,177,172,0.44916439056396484,3507,11,51,0.0,51,False,
strict_split,task_heldout_systematicity,test,180,172,0.30913496017456055,51,10,51,0.0,51,False,
strict_split,task_heldout_systematicity,test,181,172,0.3871307373046875,399,12,51,0.0,51,False,
strict_split,task_heldout_systematicity,test,183,172,0.16778139770030975,95,11,51,0.0,51,False,
strict_split,task_heldout_systematicity,test,186,172,0.3736920654773712,3507,11,51,0.0,51,False,
strict_split,task_heldout_systematicity,test,204,172,0.1693817675113678,1654,11,51,0.0,51,False,
strict_split,task_heldout_systematicity,test,211,172,0.28423964977264404,51,10,51,0.0,51,False,
strict_split,task_heldout_systematicity,test,213,172,0.3986969292163849,51,13,51,0.0,51,False,
strict_split,task_heldout_systematicity,test,214,172,0.48900389671325684,94,13,51,0.0,51,False,
strict_split,task_heldout_systematicity,test,222,172,0.16951030492782593,399,13,51,0.0,51,False,
strict_split,task_heldout_systematicity,test,226,172,0.39347386360168457,95,5,51,0.0,51,False,
strict_split,task_heldout_systematicity,test,227,172,0.42281484603881836,112,11,51,0.0,51,False,
strict_split,task_heldout_systematicity,test,232,172,0.3393230438232422,1099,5,51,0.0,51,False,
strict_split,task_heldout_systematicity,test,233,172,0.21603073179721832,3507,11,51,0.0,51,False,
strict_split,task_heldout_systematicity,test,247,172,0.25386667251586914,267,11,51,0.0,51,False,
strict_split,task_heldout_systematicity,test,264,172,0.5002653002738953,94,5,51,0.0,51,False,
strict_split,task_heldout_systematicity,test,266,172,0.47385576367378235,1099,5,51,0.0,51,False,
strict_split,task_heldout_systematicity,test,279,172,0.3731363117694855,1959,10,51,0.0,51,False,
strict_split,task_heldout_systematicity,test,287,172,0.40215757489204407,51,13,51,0.0,51,False,
strict_split,task_heldout_systematicity,test,289,172,0.25720375776290894,94,11,51,0.0,51,False,
strict_split,task_heldout_systematicity,test,290,172,0.4308653771877289,51,5,51,0.0,51,False,
strict_split,task_heldout_systematicity,test,305,172,0.2268213927745819,172,11,51,0.0,51,False,
strict_split,task_heldout_systematicity,test,306,172,0.41182875633239746,94,5,51,0.0,51,False,
strict_split,task_heldout_systematicity,test,307,172,0.4961601793766022,1099,5,51,0.0,51,False,
strict_split,task_heldout_systematicity,test,309,172,0.40935081243515015,95,5,51,0.0,51,False,
strict_split,task_heldout_systematicity,test,310,172,0.48023489117622375,95,8,51,0.0,51,False,
strict_split,task_heldout_systematicity,test,312,172,0.41182875633239746,94,5,51,0.0,51,False,
strict_split,task_heldout_systematicity,test,314,172,0.4446401000022888,94,8,51,0.0,51,False,
strict_split,task_heldout_systematicity,test,317,172,0.4793507754802704,94,13,51,0.0,51,False,
strict_split,task_heldout_systematicity,test,320,172,0.39107072353363037,95,5,51,0.0,51,False,
strict_split,task_heldout_systematicity,test,322,172,0.15039806067943573,51,8,51,0.0,51,False,
strict_split,task_heldout_systematicity,test,325,172,0.4066154658794403,399,12,51,0.0,51,False,
strict_split,task_heldout_systematicity,test,327,172,0.38843533396720886,399,5,51,0.0,51,False,
strict_split,task_heldout_systematicity,test,329,172,0.3657720685005188,95,12,51,0.0,51,False,
strict_split,task_heldout_systematicity,test,335,172,0.2529386579990387,94,11,51,0.0,51,False,
strict_split,task_heldout_systematicity,test,345,172,0.5284329652786255,1099,12,51,0.0,51,False,
strict_split,task_heldout_systematicity,test,346,172,0.25680574774742126,528,11,51,0.0,51,False,
strict_split,task_heldout_systematicity,test,349,172,0.3400847315788269,3507,11,51,0.0,51,False,
strict_split,task_heldout_systematicity,test,351,172,0.2741686701774597,659,8,51,0.0,51,False,
strict_split,task_heldout_systematicity,test,354,172,0.47261086106300354,1099,5,51,0.0,51,False,
strict_split,task_heldout_systematicity,test,365,172,0.2360454499721527,3507,11,51,0.0,51,False,
strict_split,task_heldout_systematicity,test,368,172,0.2506687343120575,51,13,51,0.0,51,False,
strict_split,task_heldout_systematicity,test,369,172,0.4298456609249115,1099,5,51,0.0,51,False,
strict_split,task_heldout_systematicity,test,370,172,0.47126948833465576,1856,5,51,0.0,51,False,
strict_split,task_heldout_systematicity,test,372,172,0.2518829107284546,51,13,51,0.0,51,False,
strict_split,task_heldout_systematicity,test,375,172,0.2023768424987793,3507,11,51,0.0,51,False,
strict_split,task_heldout_systematicity,test,376,172,0.1693817675113678,1654,11,51,0.0,51,False,
strict_split,task_heldout_systematicity,test,378,172,0.33840179443359375,94,12,51,0.0,51,False,
strict_split,task_heldout_systematicity,test,384,172,0.3915405869483948,1099,5,51,0.0,51,False,
strict_split,task_heldout_systematicity,test,389,172,0.4433364272117615,1099,8,51,0.0,51,False,
strict_split,task_heldout_systematicity,test,400,172,0.2858717739582062,51,8,51,0.0,51,False,
strict_split,task_heldout_systematicity,test,403,172,0.36357972025871277,51,5,51,0.0,51,False,
strict_split,task_heldout_systematicity,test,407,172,0.17543470859527588,3507,13,51,0.0,51,False,
strict_split,task_heldout_systematicity,test,412,172,0.3387530446052551,95,12,51,0.0,51,False,
strict_split,task_heldout_systematicity,test,417,172,0.3756805658340454,1856,5,51,0.0,51,False,
strict_split,task_heldout_systematicity,test,422,172,0.46313613653182983,95,12,51,0.0,51,False,
strict_split,task_heldout_systematicity,test,423,172,0.3654954433441162,95,12,51,0.0,51,False,
strict_split,task_heldout_systematicity,test,430,172,0.2791599631309509,3507,11,51,0.0,51,False,
strict_split,task_heldout_systematicity,test,449,172,0.48312613368034363,1959,5,51,0.0,51,False,
strict_split,task_heldout_systematicity,test,453,172,0.4137720465660095,94,5,51,0.0,51,False,
strict_split,task_heldout_systematicity,test,458,172,0.19078890979290009,1654,11,51,0.0,51,False,
strict_split,task_heldout_systematicity,test,460,172,0.2675206661224365,1959,11,51,0.0,51,False,
strict_split,task_heldout_systematicity,test,467,172,0.28183239698410034,94,11,51,0.0,51,False,
strict_split,task_heldout_systematicity,test,469,172,0.3451630771160126,51,5,51,0.0,51,False,
strict_split,task_heldout_systematicity,test,473,172,0.4381309151649475,94,5,51,0.0,51,False,
strict_split,task_heldout_systematicity,test,474,172,0.16772902011871338,3507,11,51,0.0,51,False,
strict_split,task_heldout_systematicity,test,477,172,0.512902021408081,94,5,51,0.0,51,False,
strict_split,task_heldout_systematicity,test,479,172,0.2431338131427765,3507,11,51,0.0,51,False,
strict_split,task_heldout_systematicity,test,487,172,0.36945655941963196,399,9,51,0.0,51,False,
strict_split,task_heldout_systematicity,test,500,172,0.38712480664253235,95,5,51,0.0,51,False,
strict_split,task_heldout_systematicity,test,506,172,0.2790783643722534,267,11,51,0.0,51,False,
strict_split,task_heldout_systematicity,test,508,172,0.5368846654891968,1959,5,51,0.0,51,False,
strict_split,task_heldout_systematicity,test,511,172,0.5135560035705566,659,8,51,0.0,51,False,
strict_split,task_heldout_systematicity,test,517,172,0.3555601239204407,3507,11,51,0.0,51,False,
strict_split,task_heldout_systematicity,test,523,172,0.3208048641681671,1959,5,51,0.0,51,False,
strict_split,task_heldout_systematicity,test,529,172,0.43751469254493713,51,5,51,0.0,51,False,
strict_split,task_heldout_systematicity,test,537,172,0.47385576367378235,1099,13,51,0.0,51,False,
strict_split,task_heldout_systematicity,test,543,172,0.26179370284080505,94,11,51,0.0,51,False,
strict_split,task_heldout_systematicity,test,547,172,0.42542704939842224,1099,5,51,0.0,51,False,
strict_split,task_heldout_systematicity,test,555,172,0.26143762469291687,51,10,51,0.0,51,False,
strict_split,task_heldout_systematicity,test,556,172,0.4260820746421814,95,5,51,0.0,51,False,
strict_split,task_heldout_systematicity,test,561,172,0.26871931552886963,399,13,51,0.0,51,False,
strict_split,task_heldout_systematicity,test,562,172,0.4418267011642456,95,13,51,0.0,51,False,
strict_split,task_heldout_systematicity,test,566,172,0.26728761196136475,95,13,51,0.0,51,False,
strict_split,task_heldout_systematicity,test,573,172,0.42119550704956055,3507,11,51,0.0,51,False,
strict_split,task_heldout_systematicity,test,584,172,0.28117668628692627,1654,13,51,0.0,51,False,
strict_split,task_heldout_systematicity,test,586,172,0.4652646481990814,94,13,51,0.0,51,False,
strict_split,task_heldout_systematicity,test,592,172,0.35730254650115967,51,10,51,0.0,51,False,
strict_split,task_heldout_systematicity,test,599,172,0.4735572934150696,1099,5,51,0.0,51,False,
strict_split,task_heldout_systematicity,test,600,172,0.22906357049942017,1654,13,51,0.0,51,False,
strict_split,task_heldout_systematicity,test,601,172,0.27952495217323303,3507,13,51,0.0,51,False,
strict_split,task_heldout_systematicity,test,605,172,0.42119550704956055,3507,11,51,0.0,51,False,
strict_split,task_heldout_systematicity,test,610,172,0.2530502378940582,399,8,51,0.0,51,False,
strict_split,task_heldout_systematicity,test,613,172,0.40300846099853516,3507,11,51,0.0,51,False,
strict_split,task_heldout_systematicity,test,614,172,0.49693334102630615,1099,5,51,0.0,51,False,
strict_split,task_heldout_systematicity,test,618,172,0.17966914176940918,92,11,51,0.0,51,False,
strict_split,task_heldout_systematicity,test,623,172,0.16772902011871338,3507,11,51,0.0,51,False,
strict_split,task_heldout_systematicity,test,633,172,0.4491986036300659,1099,5,51,0.0,51,False,
strict_split,task_heldout_systematicity,test,641,172,0.43095555901527405,1099,12,51,0.0,51,False,
strict_split,task_heldout_systematicity,test,642,172,0.23468032479286194,3507,11,51,0.0,51,False,
strict_split,task_heldout_systematicity,test,648,172,0.36904075741767883,94,5,51,0.0,51,False,
strict_split,task_heldout_systematicity,test,650,172,0.42219477891921997,1099,12,51,0.0,51,False,
strict_split,task_heldout_systematicity,test,660,172,0.3216778039932251,51,8,51,0.0,51,False,
strict_split,task_heldout_systematicity,test,664,172,0.2669791877269745,1959,11,51,0.0,51,False,
strict_split,task_heldout_systematicity,test,671,172,0.17957597970962524,172,13,51,0.0,51,False,
strict_split,task_heldout_systematicity,test,685,172,0.26924848556518555,267,11,51,0.0,51,False,
strict_split,task_heldout_systematicity,test,687,172,0.44505172967910767,1099,12,51,0.0,51,False,
strict_split,task_heldout_systematicity,test,695,172,0.4775817096233368,1959,8,51,0.0,51,False,
strict_split,task_heldout_systematicity,test,696,172,0.461847722530365,1099,5,51,0.0,51,False,
strict_split,task_heldout_systematicity,test,697,172,0.20565631985664368,3507,11,51,0.0,51,False,
strict_split,task_heldout_systematicity,test,698,172,0.20565631985664368,3507,11,51,0.0,51,False,
strict_split,task_heldout_systematicity,test,700,172,0.3237842619419098,1654,5,51,0.0,51,False,
strict_split,task_heldout_systematicity,test,708,172,0.465157151222229,1099,12,51,0.0,51,False,
strict_split,task_heldout_systematicity,test,711,172,0.3918718695640564,1654,12,51,0.0,51,False,
strict_split,task_heldout_systematicity,test,718,172,0.1935330033302307,3507,11,51,0.0,51,False,
strict_split,task_heldout_systematicity,test,724,172,0.36664023995399475,94,8,51,0.0,51,False,
strict_split,task_heldout_systematicity,test,733,172,0.27740687131881714,1099,13,51,0.0,51,False,
strict_split,task_heldout_systematicity,test,736,172,0.24491137266159058,1654,13,51,0.0,51,False,
strict_split,task_heldout_systematicity,test,738,172,0.2787955701351166,267,11,51,0.0,51,False,
strict_split,task_heldout_systematicity,test,742,172,0.4321063756942749,1099,13,51,0.0,51,False,
strict_split,task_heldout_systematicity,test,744,172,0.3469032347202301,94,12,51,0.0,51,False,
strict_split,task_heldout_systematicity,test,753,172,0.33058732748031616,94,12,51,0.0,51,False,
strict_split,task_heldout_systematicity,test,756,172,0.3726971745491028,94,5,51,0.0,51,False,
strict_split,task_heldout_systematicity,test,770,172,0.3731363117694855,1959,10,51,0.0,51,False,
strict_split,task_heldout_systematicity,test,774,172,0.31767797470092773,51,8,51,0.0,51,False,
strict_split,task_heldout_systematicity,test,782,172,0.31118929386138916,112,11,51,0.0,51,False,
strict_split,task_heldout_systematicity,test,793,172,0.40900176763534546,399,5,51,0.0,51,False,
strict_split,task_heldout_systematicity,test,794,172,0.37465906143188477,95,5,51,0.0,51,False,
strict_split,task_heldout_systematicity,test,796,172,0.2360454499721527,3507,11,51,0.0,51,False,
strict_split,task_heldout_systematicity,test,809,172,0.4247400164604187,95,12,51,0.0,51,False,
strict_split,task_heldout_systematicity,test,824,172,0.3798843026161194,95,5,51,0.0,51,False,
strict_split,task_heldout_systematicity,test,827,172,0.433607816696167,3507,11,51,0.0,51,False,
strict_split,task_heldout_systematicity,test,828,172,0.42334654927253723,1099,13,51,0.0,51,False,
strict_split,task_heldout_systematicity,test,833,172,0.4137720465660095,94,5,51,0.0,51,False,
strict_split,task_heldout_systematicity,test,838,172,0.4590641260147095,1654,12,51,0.0,51,False,
strict_split,task_heldout_systematicity,test,839,172,0.38548436760902405,1099,5,51,0.0,51,False,
strict_split,task_heldout_systematicity,test,840,172,0.19010430574417114,1654,11,51,0.0,51,False,
strict_split,task_heldout_systematicity,test,842,172,0.3400847315788269,3507,11,51,0.0,51,False,
strict_split,task_heldout_systematicity,test,845,172,0.3569003939628601,1959,11,51,0.0,51,False,
strict_split,task_heldout_systematicity,test,850,172,0.20180563628673553,3507,11,51,0.0,51,False,
strict_split,task_heldout_systematicity,test,851,172,0.5027245283126831,1959,5,51,0.0,51,False,
strict_split,task_heldout_systematicity,test,865,172,0.4229332208633423,51,10,51,0.0,51,False,
strict_split,task_heldout_systematicity,test,866,172,0.30908775329589844,267,11,51,0.0,51,False,
strict_split,task_heldout_systematicity,test,867,172,0.2910032272338867,95,13,51,0.0,51,False,
strict_split,task_heldout_systematicity,test,872,172,0.4418267011642456,95,5,51,0.0,51,False,
strict_split,task_heldout_systematicity,test,877,172,0.5428670644760132,94,5,51,0.0,51,False,
strict_split,task_heldout_systematicity,test,879,172,0.2791599631309509,3507,11,51,0.0,51,False,
strict_split,task_heldout_systematicity,test,881,172,0.19893571734428406,1959,11,51,0.0,51,False,
strict_split,task_heldout_systematicity,test,882,172,0.4381309151649475,94,5,51,0.0,51,False,
strict_split,task_heldout_systematicity,test,883,172,0.1935330033302307,3507,11,51,0.0,51,False,
strict_split,task_heldout_systematicity,test,888,172,0.4098697304725647,51,13,51,0.0,51,False,
strict_split,task_heldout_systematicity,test,890,172,0.17884153127670288,1654,11,51,0.0,51,False,
strict_split,task_heldout_systematicity,test,893,172,0.4356091022491455,1099,5,51,0.0,51,False,
strict_split,task_heldout_systematicity,test,907,172,0.426780104637146,94,5,51,0.0,51,False,
strict_split,task_heldout_systematicity,test,910,172,0.3754032552242279,1654,12,51,0.0,51,False,
strict_split,task_heldout_systematicity,test,911,172,0.22244450449943542,95,11,51,0.0,51,False,
strict_split,task_heldout_systematicity,test,912,172,0.3391079306602478,399,12,51,0.0,51,False,
strict_split,task_heldout_systematicity,test,923,172,0.2828975319862366,1654,13,51,0.0,51,False,
strict_split,task_heldout_systematicity,test,925,172,0.3223554193973541,3507,8,51,0.0,51,False,
strict_split,task_heldout_systematicity,test,935,172,0.3670654296875,1856,5,51,0.0,51,False,
strict_split,task_heldout_systematicity,test,944,172,0.4898933172225952,1959,5,51,0.0,51,False,
strict_split,task_heldout_systematicity,test,946,172,0.30908775329589844,267,11,51,0.0,51,False,
strict_split,task_heldout_systematicity,test,947,172,0.2663920819759369,3507,13,51,0.0,51,False,
strict_split,task_heldout_systematicity,test,953,172,0.36942023038864136,95,8,51,0.0,51,False,
strict_split,task_heldout_systematicity,test,957,172,0.25680574774742126,528,11,51,0.0,51,False,
strict_split,task_heldout_systematicity,test,979,172,0.20565631985664368,3507,11,51,0.0,51,False,
strict_split,task_heldout_systematicity,test,980,172,0.2360454499721527,3507,11,51,0.0,51,False,
strict_split,task_heldout_systematicity,test,985,172,0.45772016048431396,1099,13,51,0.0,51,False,
strict_split,task_heldout_systematicity,test,992,172,0.39627963304519653,1856,5,51,0.0,51,False,
strict_split,task_heldout_systematicity,test,995,172,0.33076655864715576,51,10,51,0.0,51,False,
strict_split,task_heldout_systematicity,test,998,172,0.41174444556236267,51,8,51,0.0,51,False,
strict_split,task_heldout_systematicity,test,1001,172,0.4081772565841675,1099,5,51,0.0,51,False,
strict_split,task_heldout_systematicity,test,1005,172,0.3633121848106384,51,11,51,0.0,51,False,
strict_split,task_heldout_systematicity,test,1012,172,0.22244450449943542,95,11,51,0.0,51,False,
strict_split,task_heldout_systematicity,test,1014,172,0.4694482684135437,95,12,51,0.0,51,False,
strict_split,task_heldout_systematicity,test,1015,172,0.36942023038864136,95,8,51,0.0,51,False,
strict_split,task_heldout_systematicity,test,1017,172,0.31547844409942627,1959,11,51,0.0,51,False,
strict_split,task_heldout_systematicity,test,1019,172,0.41676175594329834,3507,11,51,0.0,51,False,
strict_split,task_heldout_systematicity,test,1020,172,0.39257872104644775,1099,12,51,0.0,51,False,
strict_split,task_heldout_systematicity,test,1027,172,0.20241715013980865,1654,13,51,0.0,51,False,
strict_split,task_heldout_systematicity,test,1032,172,0.3803001940250397,94,13,51,0.0,51,False,
strict_split,task_heldout_systematicity,test,1036,172,0.39347386360168457,95,5,51,0.0,51,False,
strict_split,task_heldout_systematicity,test,1041,172,0.42542704939842224,1099,5,51,0.0,51,False,
strict_split,task_heldout_systematicity,test,1046,172,0.3466072380542755,51,8,51,0.0,51,False,
strict_split,task_heldout_systematicity,test,1048,172,0.44916439056396484,3507,11,51,0.0,51,False,
strict_split,task_heldout_systematicity,test,1049,172,0.37497615814208984,399,5,51,0.0,51,False,
strict_split,task_heldout_systematicity,test,1050,172,0.4712560772895813,1654,12,51,0.0,51,False,
strict_split,task_heldout_systematicity,test,1056,172,0.424641877412796,51,5,51,0.0,51,False,
strict_split,task_heldout_systematicity,test,1059,172,0.3216778039932251,51,8,51,0.0,51,False,
strict_split,task_heldout_systematicity,test,1063,172,0.19078890979290009,1654,11,51,0.0,51,False,
strict_split,task_heldout_systematicity,test,1073,172,0.368979275226593,1959,5,51,0.0,51,False,
strict_split,task_heldout_systematicity,test,1076,172,0.44920191168785095,1856,13,51,0.0,51,False,
strict_split,task_heldout_systematicity,test,1079,172,0.20565631985664368,3507,11,51,0.0,51,False,
strict_split,task_heldout_systematicity,test,1080,172,0.3555601239204407,3507,11,51,0.0,51,False,
strict_split,task_heldout_systematicity,test,1092,172,0.3486683666706085,1099,5,51,0.0,51,False,
strict_split,task_heldout_systematicity,test,1096,172,0.5151727795600891,95,12,51,0.0,51,False,
strict_split,task_heldout_systematicity,test,1100,172,0.26854208111763,95,8,51,0.0,51,False,
strict_split,task_heldout_systematicity,test,1101,172,0.1804473102092743,399,8,51,0.0,51,False,
strict_split,task_heldout_systematicity,test,1106,172,0.1935330033302307,3507,11,51,0.0,51,False,
strict_split,task_heldout_systematicity,test,1110,172,0.45679306983947754,1654,12,51,0.0,51,False,
strict_split,task_heldout_systematicity,test,1113,172,0.4652646481990814,94,13,51,0.0,51,False,
strict_split,task_heldout_systematicity,test,1114,172,0.14815813302993774,51,13,51,0.0,51,False,
strict_split,task_heldout_systematicity,test,1117,172,0.28886914253234863,399,9,51,0.0,51,False,
strict_split,task_heldout_systematicity,test,1124,172,0.26160097122192383,1654,13,51,0.0,51,False,
strict_split,task_heldout_systematicity,test,1128,172,0.42119550704956055,3507,11,51,0.0,51,False,
strict_split,task_heldout_systematicity,test,1135,172,0.19010430574417114,1654,11,51,0.0,51,False,
strict_split,task_heldout_systematicity,test,1136,172,0.4998384714126587,399,12,51,0.0,51,False,
strict_split,task_heldout_systematicity,test,1140,172,0.19397690892219543,3507,8,51,0.0,51,False,
strict_split,task_heldout_systematicity,test,1141,172,0.33429187536239624,1959,8,51,0.0,51,False,
strict_split,task_heldout_systematicity,test,1142,172,0.4434531033039093,95,5,51,0.0,51,False,
strict_split,task_heldout_systematicity,test,1144,172,0.4381309151649475,94,5,51,0.0,51,False,
strict_split,task_heldout_systematicity,test,1151,172,0.4735572934150696,1099,5,51,0.0,51,False,
strict_split,task_heldout_systematicity,test,1155,172,0.20489910244941711,1654,13,51,0.0,51,False,
strict_split,task_heldout_systematicity,test,1157,172,0.3249199390411377,399,9,51,0.0,51,False,
strict_split,task_heldout_systematicity,test,1160,172,0.34830227494239807,1099,5,51,0.0,51,False,
strict_split,task_heldout_systematicity,test,1163,172,0.2791599631309509,3507,11,51,0.0,51,False,
strict_split,task_heldout_systematicity,test,1165,172,0.42334654927253723,1099,13,51,0.0,51,False,
strict_split,task_heldout_systematicity,test,1166,172,0.37668702006340027,95,5,51,0.0,51,False,
strict_split,task_heldout_systematicity,test,1167,172,0.5092479586601257,1099,12,51,0.0,51,False,
strict_split,task_heldout_systematicity,test,1178,172,0.24304509162902832,51,8,51,0.0,51,False,
strict_split,task_heldout_systematicity,test,1186,172,0.38532471656799316,3507,5,51,0.0,51,False,
strict_split,task_heldout_systematicity,test,1192,172,0.24491137266159058,1654,13,51,0.0,51,False,
strict_split,task_heldout_systematicity,test,1200,172,0.2372352033853531,3507,13,51,0.0,51,False,
strict_split,task_heldout_systematicity,test,1208,172,0.4442012310028076,94,5,51,0.0,51,False,
strict_split,task_heldout_systematicity,test,1209,172,0.28124290704727173,51,8,51,0.0,51,False,
strict_split,task_heldout_systematicity,test,1217,172,0.4696519374847412,1959,5,51,0.0,51,False,
strict_split,task_heldout_systematicity,test,1220,172,0.2308635115623474,95,11,51,0.0,51,False,
strict_split,task_heldout_systematicity,test,1224,172,0.2023768424987793,3507,11,51,0.0,51,False,
strict_split,task_heldout_systematicity,test,1225,172,0.41676175594329834,3507,11,51,0.0,51,False,
strict_split,task_heldout_systematicity,test,1228,172,0.2360454499721527,3507,11,51,0.0,51,False,
strict_split,task_heldout_systematicity,test,1230,172,0.36901187896728516,1099,5,51,0.0,51,False,
strict_split,task_heldout_systematicity,test,1235,172,0.42281484603881836,112,11,51,0.0,51,False,
strict_split,task_heldout_systematicity,test,1240,172,0.33306682109832764,1959,5,51,0.0,51,False,
strict_split,task_heldout_systematicity,test,1241,172,0.44456297159194946,95,12,51,0.0,51,False,
strict_split,task_heldout_systematicity,test,1244,172,0.35216206312179565,94,12,51,0.0,51,False,
strict_split,task_heldout_systematicity,test,1254,172,0.21969184279441833,3507,8,51,0.0,51,False,
strict_split,task_heldout_systematicity,test,1256,172,0.3486643433570862,112,5,51,0.0,51,False,
strict_split,task_heldout_systematicity,test,1260,172,0.3588412404060364,95,12,51,0.0,51,False,
strict_split,task_heldout_systematicity,test,1263,172,0.4745330214500427,94,13,51,0.0,51,False,
strict_split,task_heldout_systematicity,test,1264,172,0.3469032347202301,94,12,51,0.0,51,False,
strict_split,task_heldout_systematicity,test,1265,172,0.2710525691509247,1959,11,51,0.0,51,False,
strict_split,task_heldout_systematicity,test,1272,172,0.5242275595664978,1654,12,51,0.0,51,False,
strict_split,task_heldout_systematicity,test,1273,172,0.44920191168785095,1856,5,51,0.0,51,False,
strict_split,task_heldout_systematicity,test,1277,172,0.34939807653427124,95,12,51,0.0,51,False,
strict_split,task_heldout_systematicity,test,1281,172,0.44766879081726074,1654,12,51,0.0,51,False,
strict_split,task_heldout_systematicity,test,1290,172,0.1972454935312271,92,11,51,0.0,51,False,
strict_split,task_heldout_systematicity,test,1296,172,0.48807138204574585,1099,5,51,0.0,51,False,
strict_split,task_heldout_systematicity,test,1310,172,0.4979516863822937,1099,5,51,0.0,51,False,
strict_split,task_heldout_systematicity,test,1317,172,0.23560605943202972,51,10,51,0.0,51,False,
strict_split,task_heldout_systematicity,test,1318,172,0.39347386360168457,95,5,51,0.0,51,False,
strict_split,task_heldout_systematicity,test,1319,172,0.30908775329589844,267,11,51,0.0,51,False,
strict_split,task_heldout_systematicity,test,1323,172,0.38452738523483276,1099,8,51,0.0,51,False,
strict_split,task_heldout_systematicity,test,1337,172,0.4961601793766022,1099,5,51,0.0,51,False,
strict_split,task_heldout_systematicity,test,1339,172,0.2355002462863922,267,11,51,0.0,51,False,
strict_split,task_heldout_systematicity,test,1340,172,0.4652646481990814,94,5,51,0.0,51,False,
strict_split,task_heldout_systematicity,test,1341,172,0.3285526931285858,1959,11,51,0.0,51,False,
strict_split,task_heldout_systematicity,test,1344,172,0.3191872239112854,267,11,51,0.0,51,False,
strict_split,task_heldout_systematicity,test,1352,172,0.41182875633239746,94,13,51,0.0,51,False,
strict_split,task_heldout_systematicity,test,1355,172,0.5284329652786255,1099,12,51,0.0,51,False,
strict_split,task_heldout_systematicity,test,1356,172,0.3756805658340454,1856,13,51,0.0,51,False,
strict_split,task_heldout_systematicity,test,1359,172,0.2555156648159027,3507,13,51,0.0,51,False,
strict_split,task_heldout_systematicity,test,1364,172,0.4128715395927429,95,5,51,0.0,51,False,
strict_split,task_heldout_systematicity,test,1366,172,0.2669791877269745,1959,11,51,0.0,51,False,
strict_split,task_heldout_systematicity,test,1370,172,0.40167516469955444,399,5,51,0.0,51,False,
strict_split,task_heldout_systematicity,test,1377,172,0.4137720465660095,94,5,51,0.0,51,False,
strict_split,task_heldout_systematicity,test,1380,172,0.41182875633239746,94,13,51,0.0,51,False,
strict_split,task_heldout_systematicity,test,1384,172,0.29498976469039917,95,13,51,0.0,51,False,
strict_split,task_heldout_systematicity,test,1386,172,0.4174914062023163,94,8,51,0.0,51,False,
strict_split,task_heldout_systematicity,test,1388,172,0.32521697878837585,3507,11,51,0.0,51,False,
strict_split,task_heldout_systematicity,test,1389,172,0.17322272062301636,1654,13,51,0.0,51,False,
strict_split,task_heldout_systematicity,test,1394,172,0.3621167540550232,1099,5,51,0.0,51,False,
strict_split,task_heldout_systematicity,test,1401,172,0.44916439056396484,3507,11,51,0.0,51,False,
strict_split,task_heldout_systematicity,test,1409,172,0.32728689908981323,659,8,51,0.0,51,False,
strict_split,task_heldout_systematicity,test,1410,172,0.19893571734428406,1959,11,51,0.0,51,False,
strict_split,task_heldout_systematicity,test,1411,172,0.19893571734428406,1959,11,51,0.0,51,False,
strict_split,task_heldout_systematicity,test,1412,172,0.4019676446914673,1099,5,51,0.0,51,False,
strict_split,task_heldout_systematicity,test,1416,172,0.42281484603881836,112,11,51,0.0,51,False,
strict_split,task_heldout_systematicity,test,1418,172,0.398540735244751,94,5,51,0.0,51,False,
strict_split,task_heldout_systematicity,test,1419,172,0.336128294467926,1099,9,51,0.0,51,False,
strict_split,task_heldout_systematicity,test,1425,172,0.33198314905166626,399,9,51,0.0,51,False,
strict_split,task_heldout_systematicity,test,1437,172,0.3486683666706085,1099,5,51,0.0,51,False,
strict_split,task_heldout_systematicity,test,1438,172,0.38196033239364624,399,5,51,0.0,51,False,
strict_split,task_heldout_systematicity,test,1445,172,0.34830227494239807,1099,5,51,0.0,51,False,
strict_split,task_heldout_systematicity,test,1451,172,0.3635820150375366,94,12,51,0.0,51,False,
strict_split,task_heldout_systematicity,test,1460,172,0.4793507754802704,94,13,51,0.0,51,False,
strict_split,task_heldout_systematicity,test,1465,172,0.2360454499721527,3507,11,51,0.0,51,False,
strict_split,task_heldout_systematicity,test,1466,172,0.4433364272117615,1099,8,51,0.0,51,False,
strict_split,task_heldout_systematicity,test,1467,172,0.2779984474182129,399,9,51,0.0,51,False,
strict_split,task_heldout_systematicity,test,1469,172,0.2752978205680847,112,11,51,0.0,51,False,
strict_split,task_heldout_systematicity,test,1471,172,0.3450086712837219,94,5,51,0.0,51,False,
strict_split,task_heldout_systematicity,test,1473,172,0.2431338131427765,3507,11,51,0.0,51,False,
strict_split,task_heldout_systematicity,test,1476,172,0.378907710313797,1099,5,51,0.0,51,False,
strict_split,task_heldout_systematicity,test,1479,172,0.4297920763492584,1959,5,51,0.0,51,False,
strict_split,task_heldout_systematicity,test,1481,172,0.40953677892684937,94,5,51,0.0,51,False,
strict_split,task_heldout_systematicity,test,1482,172,0.398540735244751,94,5,51,0.0,51,False,
strict_split,task_heldout_systematicity,test,1484,172,0.17644518613815308,1654,13,51,0.0,51,False,
strict_split,task_heldout_systematicity,test,1486,172,0.5738000869750977,95,5,51,0.0,51,False,
strict_split,task_heldout_systematicity,test,1490,172,0.22551116347312927,777,11,51,0.0,51,False,
strict_split,task_heldout_systematicity,test,1492,172,0.3474910855293274,1099,12,51,0.0,51,False,
strict_split,task_heldout_systematicity,test,1493,172,0.3310146927833557,94,12,51,0.0,51,False,
strict_split,task_heldout_systematicity,test,1502,172,0.37163522839546204,1099,5,51,0.0,51,False,
strict_split,task_heldout_systematicity,test,1504,172,0.39107072353363037,95,5,51,0.0,51,False,
strict_split,task_heldout_systematicity,test,1506,172,0.41641902923583984,95,13,51,0.0,51,False,
strict_split,task_heldout_systematicity,test,1512,172,0.3555601239204407,3507,11,51,0.0,51,False,
strict_split,task_heldout_systematicity,test,1515,172,0.2509184777736664,51,13,51,0.0,51,False,
strict_split,task_heldout_systematicity,test,1516,172,0.45180827379226685,399,12,51,0.0,51,False,
strict_split,task_heldout_systematicity,test,1519,172,0.48900389671325684,94,5,51,0.0,51,False,
strict_split,task_heldout_systematicity,test,1520,172,0.17025481164455414,1654,13,51,0.0,51,False,
strict_split,task_heldout_systematicity,test,1523,172,0.28428027033805847,3507,13,51,0.0,51,False,
strict_split,task_heldout_systematicity,test,1525,172,0.27952495217323303,3507,13,51,0.0,51,False,
strict_split,task_heldout_systematicity,test,1527,172,0.2779984474182129,399,9,51,0.0,51,False,
strict_split,task_heldout_systematicity,test,1532,172,0.3020514249801636,1099,9,51,0.0,51,False,
strict_split,task_heldout_systematicity,test,1545,172,0.4321146011352539,95,5,51,0.0,51,False,
strict_split,task_heldout_systematicity,test,1558,172,0.33409231901168823,1959,8,51,0.0,51,False,
strict_split,task_heldout_systematicity,test,1560,172,0.4188126027584076,1959,10,51,0.0,51,False,
strict_split,task_heldout_systematicity,test,1562,172,0.254782497882843,94,11,51,0.0,51,False,
strict_split,task_heldout_systematicity,test,1570,172,0.4590641260147095,1654,12,51,0.0,51,False,
strict_split,task_heldout_systematicity,test,1585,172,0.16772902011871338,3507,11,51,0.0,51,False,
strict_split,task_heldout_systematicity,test,1595,172,0.3936256766319275,1959,8,51,0.0,51,False,
strict_split,task_heldout_systematicity,test,1600,172,0.37638363242149353,3507,11,51,0.0,51,False,
strict_split,task_heldout_systematicity,test,1601,172,0.360454797744751,94,5,51,0.0,51,False,
strict_split,task_heldout_systematicity,test,1603,172,0.37650033831596375,1959,5,51,0.0,51,False,
strict_split,task_heldout_systematicity,test,1611,172,0.36318546533584595,3507,11,51,0.0,51,False,
strict_split,task_heldout_systematicity,test,1616,172,0.41182875633239746,94,5,51,0.0,51,False,
strict_split,task_heldout_systematicity,test,1619,172,0.3915405869483948,1099,5,51,0.0,51,False,
strict_split,task_heldout_systematicity,test,1621,172,0.4057055115699768,95,5,51,0.0,51,False,
strict_split,task_heldout_systematicity,test,1622,172,0.3601664900779724,399,5,51,0.0,51,False,
strict_split,task_heldout_systematicity,test,1624,172,0.454447865486145,94,5,51,0.0,51,False,
strict_split,task_heldout_systematicity,test,1625,172,0.3915405869483948,1099,5,51,0.0,51,False,
strict_split,task_heldout_systematicity,test,1626,172,0.4137720465660095,94,5,51,0.0,51,False,
strict_split,task_heldout_systematicity,test,1634,172,0.3214467763900757,399,9,51,0.0,51,False,
strict_split,task_heldout_systematicity,test,1635,172,0.2606998085975647,3507,13,51,0.0,51,False,
strict_split,task_heldout_systematicity,test,1636,172,0.2726476490497589,51,8,51,0.0,51,False,
strict_split,task_heldout_systematicity,test,1638,172,0.5151727795600891,95,12,51,0.0,51,False,
strict_split,task_heldout_systematicity,test,1646,172,0.25945156812667847,399,13,51,0.0,51,False,
strict_split,task_heldout_systematicity,test,1651,172,0.3584870398044586,399,9,51,0.0,51,False,
strict_split,task_heldout_systematicity,test,1658,172,0.5020115375518799,94,5,51,0.0,51,False,
strict_split,task_heldout_systematicity,test,1659,172,0.3314476013183594,95,5,51,0.0,51,False,
strict_split,task_heldout_systematicity,test,1666,172,0.5025534629821777,1856,13,51,0.0,51,False,
strict_split,task_heldout_systematicity,test,1668,172,0.3670654296875,1856,13,51,0.0,51,False,
strict_split,task_heldout_systematicity,test,1670,172,0.36447054147720337,51,13,51,0.0,51,False,
strict_split,task_heldout_systematicity,test,1671,172,0.1865745484828949,399,13,51,0.0,51,False,
strict_split,task_heldout_systematicity,test,1672,172,0.4793894588947296,1959,10,51,0.0,51,False,
strict_split,task_heldout_systematicity,test,1678,172,0.20180563628673553,3507,11,51,0.0,51,False,
strict_split,task_heldout_systematicity,test,1684,172,0.2861015498638153,51,10,51,0.0,51,False,
strict_split,task_heldout_systematicity,test,1685,172,0.40985777974128723,51,13,51,0.0,51,False,
strict_split,task_heldout_systematicity,test,1691,172,0.34177055954933167,1959,5,51,0.0,51,False,
strict_split,task_heldout_systematicity,test,1692,172,0.4381309151649475,94,5,51,0.0,51,False,
strict_split,task_heldout_systematicity,test,1699,172,0.3928797245025635,1959,5,51,0.0,51,False,
strict_split,task_heldout_systematicity,test,1701,172,0.196044921875,94,11,51,0.0,51,False,
strict_split,task_heldout_systematicity,test,1720,172,0.21603073179721832,3507,11,51,0.0,51,False,
strict_split,task_heldout_systematicity,test,1721,172,0.40763384103775024,95,5,51,0.0,51,False,
strict_split,task_heldout_systematicity,test,1740,172,0.280264675617218,399,9,51,0.0,51,False,
strict_split,task_heldout_systematicity,test,1747,172,0.3530285954475403,51,5,51,0.0,51,False,
strict_split,task_heldout_systematicity,test,1751,172,0.49089741706848145,1099,12,51,0.0,51,False,
strict_split,task_heldout_systematicity,test,1754,172,0.4137720465660095,94,5,51,0.0,51,False,
strict_split,task_heldout_systematicity,test,1755,172,0.19010430574417114,1654,11,51,0.0,51,False,
strict_split,task_heldout_systematicity,test,1756,172,0.3746381103992462,1099,5,51,0.0,51,False,
strict_split,task_heldout_systematicity,test,1764,172,0.4440836012363434,399,12,51,0.0,51,False,
strict_split,task_heldout_systematicity,test,1766,172,0.20180563628673553,3507,11,51,0.0,51,False,
strict_split,task_heldout_systematicity,test,1769,172,0.25680574774742126,528,11,51,0.0,51,False,
strict_split,task_heldout_systematicity,test,1773,172,0.1972454935312271,92,11,51,0.0,51,False,
strict_split,task_heldout_systematicity,test,1774,172,0.3428555727005005,1856,5,51,0.0,51,False,
strict_split,task_heldout_systematicity,test,1775,172,0.28729093074798584,3507,8,51,0.0,51,False,
strict_split,task_heldout_systematicity,test,1778,172,0.41037413477897644,51,10,51,0.0,51,False,
strict_split,task_heldout_systematicity,test,1784,172,0.40300846099853516,3507,11,51,0.0,51,False,
strict_split,task_heldout_systematicity,test,1791,172,0.2308635115623474,95,11,51,0.0,51,False,
published_ood_memory,published_ood_unconditional,val,0,5,0.7524831891059875,3458,5,3458,0.0,3458,False,single_move_asset_to_target
published_ood_memory,published_ood_unconditional,val,1,5,0.5748867988586426,940,3,940,0.0,940,False,ensure_all_fruits_on_table
published_ood_memory,published_ood_unconditional,val,2,5,0.6202489733695984,38,3,38,0.0,38,False,ensure_all_fruits_on_table
published_ood_memory,published_ood_unconditional,val,3,5,0.7544512748718262,3458,2,3458,0.2,3458,False,single_move_asset_to_target
published_ood_memory,published_ood_unconditional,val,4,5,0.5971207618713379,583,8,583,0.0,583,False,sequential_pick_two_and_place
published_ood_memory,published_ood_unconditional,val,5,5,0.7524831891059875,3458,5,3458,0.0,3458,False,single_move_asset_to_target
published_ood_memory,published_ood_unconditional,val,6,5,0.5554057359695435,73,3,73,0.0,73,False,ensure_all_fruits_on_table
published_ood_memory,published_ood_unconditional,val,7,5,0.5903846025466919,1428,3,1428,0.0,1428,False,ensure_all_fruits_on_table
published_ood_memory,published_ood_unconditional,val,8,5,0.5554057359695435,73,3,73,0.0,73,False,ensure_all_fruits_on_table
published_ood_memory,published_ood_unconditional,val,9,5,0.550321638584137,1401,6,1401,0.0,1401,False,ensure_all_fruits_on_table
published_ood_memory,published_ood_unconditional,val,10,5,0.7081500291824341,3458,5,3458,0.0,3458,False,single_move_asset_to_target
published_ood_memory,published_ood_unconditional,val,11,5,0.550321638584137,1401,3,1401,0.0,1401,False,ensure_all_fruits_on_table
published_ood_memory,published_ood_unconditional,val,12,5,0.7081500291824341,3458,5,3458,0.0,3458,False,single_move_asset_to_target
published_ood_memory,published_ood_unconditional,val,13,5,0.5883312225341797,2700,8,2700,0.0,2700,False,sequential_pick_two_and_place
published_ood_memory,published_ood_unconditional,val,14,5,0.5554057359695435,73,3,73,0.0,73,False,ensure_all_fruits_on_table
published_ood_memory,published_ood_unconditional,val,15,5,0.5883312225341797,2700,8,2700,0.0,2700,False,sequential_pick_two_and_place
published_ood_memory,published_ood_unconditional,val,16,5,0.5748867988586426,940,3,940,0.0,940,False,ensure_all_fruits_on_table
published_ood_memory,published_ood_unconditional,val,17,5,0.550321638584137,1401,6,1401,0.0,1401,False,ensure_all_fruits_on_table
published_ood_memory,published_ood_unconditional,val,18,5,0.5971207618713379,583,8,583,0.0,583,False,sequential_pick_two_and_place
published_ood_memory,published_ood_unconditional,val,19,5,0.5971207618713379,583,8,583,0.0,583,False,sequential_pick_two_and_place
published_ood_memory,published_ood_unconditional,val,20,5,0.5971207618713379,583,8,583,0.0,583,False,sequential_pick_two_and_place
published_ood_memory,published_ood_unconditional,val,21,5,0.550321638584137,1401,3,1401,0.0,1401,False,ensure_all_fruits_on_table
published_ood_memory,published_ood_unconditional,val,22,5,0.5883312225341797,2700,8,2700,0.0,2700,False,sequential_pick_two_and_place
published_ood_memory,published_ood_unconditional,val,23,5,0.5554057359695435,73,3,73,0.0,73,False,ensure_all_fruits_on_table
published_ood_memory,published_ood_unconditional,val,24,5,0.5903846025466919,1428,3,1428,0.0,1428,False,ensure_all_fruits_on_table
published_ood_memory,published_ood_unconditional,val,25,5,0.7524831891059875,3458,5,3458,0.125,3458,False,single_move_asset_to_target
published_ood_memory,published_ood_unconditional,val,26,5,0.5903846025466919,1428,3,1428,0.0,1428,False,ensure_all_fruits_on_table
published_ood_memory,published_ood_unconditional,val,27,5,0.5554057359695435,73,3,73,0.0,73,False,ensure_all_fruits_on_table
published_ood_memory,published_ood_unconditional,val,28,5,0.550321638584137,1401,3,1401,0.0,1401,False,ensure_all_fruits_on_table
published_ood_memory,published_ood_unconditional,val,29,5,0.5748867988586426,940,3,940,0.0,940,False,ensure_all_fruits_on_table
published_ood_memory,published_ood_unconditional,val,30,5,0.550321638584137,1401,3,1401,0.0,1401,False,ensure_all_fruits_on_table
published_ood_memory,published_ood_unconditional,val,31,5,0.550321638584137,1401,3,1401,0.0,1401,False,ensure_all_fruits_on_table
published_ood_memory,published_ood_unconditional,val,32,5,0.5883312225341797,2700,8,2700,0.0,2700,False,sequential_pick_two_and_place
published_ood_memory,published_ood_unconditional,val,33,5,0.6202489733695984,38,3,38,0.0,38,False,ensure_all_fruits_on_table
published_ood_memory,published_ood_unconditional,val,34,5,0.550321638584137,1401,3,1401,0.0,1401,False,ensure_all_fruits_on_table
published_ood_memory,published_ood_unconditional,val,35,5,0.6202489733695984,38,3,38,0.0,38,False,ensure_all_fruits_on_table
published_ood_memory,published_ood_unconditional,val,36,5,0.5748867988586426,940,3,940,0.0,940,False,ensure_all_fruits_on_table
published_ood_memory,published_ood_unconditional,val,37,5,0.7524831891059875,3458,2,3458,0.2,3458,False,single_move_asset_to_target
published_ood_memory,published_ood_unconditional,val,38,5,0.5971207618713379,583,8,583,0.0,583,False,sequential_pick_two_and_place
published_ood_memory,published_ood_unconditional,val,39,5,0.5903846025466919,1428,3,1428,0.0,1428,False,ensure_all_fruits_on_table
published_ood_memory,published_ood_unconditional,val,40,5,0.5903846025466919,1428,3,1428,0.0,1428,False,ensure_all_fruits_on_table
published_ood_memory,published_ood_unconditional,val,41,5,0.6213803291320801,2767,8,2767,0.0,2767,False,serve_bread_after_checking_cabinet
published_ood_memory,published_ood_unconditional,val,42,5,0.5883312225341797,2700,8,2700,0.0,2700,False,sequential_pick_two_and_place
published_ood_memory,published_ood_unconditional,val,43,5,0.5883312225341797,2700,8,2700,0.0,2700,False,sequential_pick_two_and_place
published_ood_memory,published_ood_unconditional,val,44,5,0.5554057359695435,73,6,73,0.0,73,False,ensure_all_fruits_on_table
published_ood_memory,published_ood_unconditional,val,45,5,0.550321638584137,1401,3,1401,0.0,1401,False,ensure_all_fruits_on_table
published_ood_memory,published_ood_unconditional,val,46,5,0.4980379641056061,202,6,202,0.0,202,False,ensure_all_fruits_on_table
published_ood_memory,published_ood_unconditional,val,47,5,0.550321638584137,1401,3,1401,0.0,1401,False,ensure_all_fruits_on_table
published_ood_memory,published_ood_unconditional,val,48,5,0.6202489733695984,38,3,38,0.0,38,False,ensure_all_fruits_on_table
published_ood_memory,published_ood_unconditional,val,49,5,0.5748867988586426,940,3,940,0.0,940,False,ensure_all_fruits_on_table
published_ood_memory,published_ood_unconditional,val,50,5,0.5883312225341797,2700,8,2700,0.0,2700,False,sequential_pick_two_and_place
published_ood_memory,published_ood_unconditional,val,51,5,0.6213803291320801,2767,8,2767,0.0,2767,False,serve_bread_after_checking_cabinet
published_ood_memory,published_ood_unconditional,val,52,5,0.5903846025466919,1428,6,1428,0.0,1428,False,ensure_all_fruits_on_table
published_ood_memory,published_ood_unconditional,val,53,5,0.5554057359695435,73,6,73,0.0,73,False,ensure_all_fruits_on_table
published_ood_memory,published_ood_unconditional,val,54,5,0.6202489733695984,38,6,38,0.0,38,False,ensure_all_fruits_on_table
published_ood_memory,published_ood_unconditional,val,55,5,0.550321638584137,1401,3,1401,0.0,1401,False,ensure_all_fruits_on_table
published_ood_memory,published_ood_unconditional,val,56,5,0.7524831891059875,3458,5,3458,0.125,3458,False,single_move_asset_to_target
published_ood_memory,published_ood_unconditional,val,57,5,0.6041234731674194,1571,5,1571,0.125,1571,False,single_move_asset_to_target
published_ood_memory,published_ood_unconditional,val,58,5,0.5554057359695435,73,3,73,0.0,73,False,ensure_all_fruits_on_table
published_ood_memory,published_ood_unconditional,val,59,5,0.550321638584137,1401,6,1401,0.0,1401,False,ensure_all_fruits_on_table
published_ood_memory,published_ood_unconditional,val,60,5,0.5883312225341797,2700,8,2700,0.0,2700,False,sequential_pick_two_and_place
published_ood_memory,published_ood_unconditional,val,61,5,0.6041234731674194,1571,2,1571,0.2,1571,False,single_move_asset_to_target
published_ood_memory,published_ood_unconditional,val,62,5,0.5554057359695435,73,6,73,0.0,73,False,ensure_all_fruits_on_table
published_ood_memory,published_ood_unconditional,val,63,5,0.550321638584137,1401,3,1401,0.0,1401,False,ensure_all_fruits_on_table
published_ood_memory,published_ood_unconditional,val,64,5,0.6202489733695984,38,3,38,0.0,38,False,ensure_all_fruits_on_table
published_ood_memory,published_ood_unconditional,val,65,5,0.550321638584137,1401,3,1401,0.0,1401,False,ensure_all_fruits_on_table
published_ood_memory,published_ood_unconditional,val,66,5,0.6213803291320801,2767,8,2767,0.0,2767,False,serve_bread_after_checking_cabinet
published_ood_memory,published_ood_unconditional,val,67,5,0.5903846025466919,1428,3,1428,0.0,1428,False,ensure_all_fruits_on_table
published_ood_memory,published_ood_unconditional,val,68,5,0.5971207618713379,583,8,583,0.0,583,False,sequential_pick_two_and_place
published_ood_memory,published_ood_unconditional,val,69,5,0.6041234731674194,1571,5,1571,0.0,1571,False,single_move_asset_to_target
published_ood_memory,published_ood_unconditional,val,70,5,0.5554057359695435,73,3,73,0.0,73,False,ensure_all_fruits_on_table
published_ood_memory,published_ood_unconditional,val,71,5,0.5971207618713379,583,8,583,0.0,583,False,sequential_pick_two_and_place
published_ood_memory,published_ood_unconditional,val,72,5,0.6041234731674194,1571,5,1571,0.125,1571,False,single_move_asset_to_target
published_ood_memory,published_ood_unconditional,val,73,5,0.5748867988586426,940,3,940,0.0,940,False,ensure_all_fruits_on_table
published_ood_memory,published_ood_unconditional,val,74,5,0.550321638584137,1401,3,1401,0.0,1401,False,ensure_all_fruits_on_table
published_ood_memory,published_ood_unconditional,val,75,5,0.550321638584137,1401,3,1401,0.0,1401,False,ensure_all_fruits_on_table
published_ood_memory,published_ood_unconditional,val,76,5,0.7524831891059875,3458,5,3458,0.125,3458,False,single_move_asset_to_target
published_ood_memory,published_ood_unconditional,val,77,5,0.7544512748718262,3458,5,3458,0.0,3458,False,single_move_asset_to_target
published_ood_memory,published_ood_unconditional,val,78,5,0.550321638584137,1401,3,1401,0.0,1401,False,ensure_all_fruits_on_table
published_ood_memory,published_ood_unconditional,val,79,5,0.5883312225341797,2700,8,2700,0.0,2700,False,sequential_pick_two_and_place
published_ood_memory,published_ood_unconditional,val,80,5,0.550321638584137,1401,3,1401,0.0,1401,False,ensure_all_fruits_on_table
published_ood_memory,published_ood_unconditional,val,81,5,0.5883312225341797,2700,8,2700,0.0,2700,False,sequential_pick_two_and_place
published_ood_memory,published_ood_unconditional,val,82,5,0.5971207618713379,583,8,583,0.0,583,False,sequential_pick_two_and_place
published_ood_memory,published_ood_unconditional,val,83,5,0.6202489733695984,38,3,38,0.0,38,False,ensure_all_fruits_on_table
published_ood_memory,published_ood_unconditional,val,84,5,0.5903846025466919,1428,6,1428,0.0,1428,False,ensure_all_fruits_on_table
published_ood_memory,published_ood_unconditional,val,85,5,0.6202489733695984,38,3,38,0.0,38,False,ensure_all_fruits_on_table
published_ood_memory,published_ood_unconditional,val,86,5,0.5971207618713379,583,8,583,0.0,583,False,sequential_pick_two_and_place
published_ood_memory,published_ood_unconditional,val,87,5,0.550321638584137,1401,3,1401,0.0,1401,False,ensure_all_fruits_on_table
published_ood_memory,published_ood_unconditional,val,88,5,0.6213803291320801,2767,8,2767,0.0,2767,False,serve_bread_after_checking_cabinet
published_ood_memory,published_ood_unconditional,val,89,5,0.6213803291320801,2767,8,2767,0.0,2767,False,serve_bread_after_checking_cabinet
published_ood_memory,published_ood_unconditional,val,90,5,0.6213803291320801,2767,8,2767,0.0,2767,False,serve_bread_after_checking_cabinet
published_ood_memory,published_ood_unconditional,val,91,5,0.6202489733695984,38,3,38,0.0,38,False,ensure_all_fruits_on_table
published_ood_memory,published_ood_unconditional,val,92,5,0.5748867988586426,940,3,940,0.0,940,False,ensure_all_fruits_on_table
published_ood_memory,published_ood_unconditional,val,93,5,0.550321638584137,1401,3,1401,0.0,1401,False,ensure_all_fruits_on_table
published_ood_memory,published_ood_unconditional,val,94,5,0.7524831891059875,3458,5,3458,0.125,3458,False,single_move_asset_to_target
published_ood_memory,published_ood_unconditional,val,95,5,0.6202489733695984,38,3,38,0.0,38,False,ensure_all_fruits_on_table
published_ood_memory,published_ood_unconditional,val,96,5,0.5971207618713379,583,8,583,0.0,583,False,sequential_pick_two_and_place
published_ood_memory,published_ood_unconditional,val,97,5,0.550321638584137,1401,6,1401,0.0,1401,False,ensure_all_fruits_on_table
published_ood_memory,published_ood_unconditional,val,98,5,0.5748867988586426,940,3,940,0.0,940,False,ensure_all_fruits_on_table
published_ood_memory,published_ood_unconditional,val,99,5,0.5883312225341797,2700,8,2700,0.0,2700,False,sequential_pick_two_and_place
published_ood_memory,published_ood_unconditional,val,100,5,0.5883312225341797,2700,8,2700,0.0,2700,False,sequential_pick_two_and_place
published_ood_memory,published_ood_unconditional,val,101,5,0.5554057359695435,73,3,73,0.0,73,False,ensure_all_fruits_on_table
published_ood_memory,published_ood_unconditional,val,102,5,0.6202489733695984,38,6,38,0.0,38,False,ensure_all_fruits_on_table
published_ood_memory,published_ood_unconditional,val,103,5,0.550321638584137,1401,6,1401,0.0,1401,False,ensure_all_fruits_on_table
published_ood_memory,published_ood_unconditional,val,104,5,0.6041234731674194,1571,5,1571,0.0,1571,False,single_move_asset_to_target
published_ood_memory,published_ood_unconditional,val,105,5,0.6041234731674194,1571,2,1571,0.2,1571,False,single_move_asset_to_target
published_ood_memory,published_ood_unconditional,val,106,5,0.6213803291320801,2767,8,2767,0.0,2767,False,serve_bread_after_checking_cabinet
published_ood_memory,published_ood_unconditional,val,107,5,0.6202489733695984,38,6,38,0.0,38,False,ensure_all_fruits_on_table
published_ood_memory,published_ood_unconditional,val,108,5,0.5748867988586426,940,3,940,0.0,940,False,ensure_all_fruits_on_table
published_ood_memory,published_ood_unconditional,val,109,5,0.4980379641056061,202,3,202,0.0,202,False,ensure_all_fruits_on_table
published_ood_memory,published_ood_unconditional,val,110,5,0.550321638584137,1401,3,1401,0.0,1401,False,ensure_all_fruits_on_table
published_ood_memory,published_ood_unconditional,val,111,5,0.38205617666244507,1856,5,1856,0.0,1856,False,dog_check_environment
published_ood_memory,published_ood_unconditional,val,112,5,0.7081500291824341,3458,5,3458,0.0,3458,False,single_move_asset_to_target
published_ood_memory,published_ood_unconditional,val,113,5,0.6041234731674194,1571,2,1571,0.2,1571,False,single_move_asset_to_target
published_ood_memory,published_ood_unconditional,val,114,5,0.38205617666244507,1856,8,1856,0.0,1856,False,dog_check_environment
published_ood_memory,published_ood_unconditional,val,115,5,0.6041234731674194,1571,2,1571,0.2,1571,False,single_move_asset_to_target
published_ood_memory,published_ood_unconditional,val,116,5,0.550321638584137,1401,6,1401,0.0,1401,False,ensure_all_fruits_on_table
published_ood_memory,published_ood_unconditional,val,117,5,0.6213803291320801,2767,8,2767,0.0,2767,False,serve_bread_after_checking_cabinet
published_ood_memory,published_ood_unconditional,val,118,5,0.6041234731674194,1571,5,1571,0.125,1571,False,single_move_asset_to_target
published_ood_memory,published_ood_unconditional,val,119,5,0.6041234731674194,1571,5,1571,0.0,1571,False,single_move_asset_to_target
published_ood_memory,published_ood_unconditional,val,120,5,0.6213803291320801,2767,8,2767,0.0,2767,False,serve_bread_after_checking_cabinet
published_ood_memory,published_ood_unconditional,val,121,5,0.6041234731674194,1571,5,1571,0.125,1571,False,single_move_asset_to_target
published_ood_memory,published_ood_unconditional,val,122,5,0.550321638584137,1401,6,1401,0.0,1401,False,ensure_all_fruits_on_table
published_ood_memory,published_ood_unconditional,val,123,5,0.6213803291320801,2767,8,2767,0.0,2767,False,serve_bread_after_checking_cabinet
published_ood_memory,published_ood_unconditional,val,124,5,0.7081500291824341,3458,2,3458,0.2,3458,False,single_move_asset_to_target
published_ood_memory,published_ood_unconditional,val,125,5,0.5903846025466919,1428,3,1428,0.0,1428,False,ensure_all_fruits_on_table
published_ood_memory,published_ood_unconditional,val,126,5,0.38205617666244507,1856,5,1856,0.0,1856,False,dog_check_environment
published_ood_memory,published_ood_unconditional,val,127,5,0.5554057359695435,73,3,73,0.0,73,False,ensure_all_fruits_on_table
published_ood_memory,published_ood_unconditional,val,128,5,0.6213803291320801,2767,8,2767,0.0,2767,False,serve_bread_after_checking_cabinet
published_ood_memory,published_ood_unconditional,val,129,5,0.550321638584137,1401,3,1401,0.0,1401,False,ensure_all_fruits_on_table
published_ood_memory,published_ood_unconditional,val,130,5,0.550321638584137,1401,6,1401,0.0,1401,False,ensure_all_fruits_on_table
published_ood_memory,published_ood_unconditional,val,131,5,0.6041234731674194,1571,2,1571,0.2,1571,False,single_move_asset_to_target
published_ood_memory,published_ood_unconditional,val,132,5,0.5971207618713379,583,8,583,0.0,583,False,sequential_pick_two_and_place
published_ood_memory,published_ood_unconditional,val,133,5,0.6213803291320801,2767,8,2767,0.0,2767,False,serve_bread_after_checking_cabinet
published_ood_memory,published_ood_unconditional,val,134,5,0.5554057359695435,73,3,73,0.0,73,False,ensure_all_fruits_on_table
published_ood_memory,published_ood_unconditional,val,135,5,0.5971207618713379,583,8,583,0.0,583,False,sequential_pick_two_and_place
published_ood_memory,published_ood_unconditional,val,136,5,0.7081500291824341,3458,2,3458,0.2,3458,False,single_move_asset_to_target
published_ood_memory,published_ood_unconditional,val,137,5,0.5903846025466919,1428,6,1428,0.0,1428,False,ensure_all_fruits_on_table
published_ood_memory,published_ood_unconditional,val,138,5,0.6202489733695984,38,3,38,0.0,38,False,ensure_all_fruits_on_table
published_ood_memory,published_ood_unconditional,val,139,5,0.6202489733695984,38,3,38,0.0,38,False,ensure_all_fruits_on_table
published_ood_memory,published_ood_unconditional,val,140,5,0.5554057359695435,73,3,73,0.0,73,False,ensure_all_fruits_on_table
published_ood_memory,published_ood_unconditional,val,141,5,0.7081500291824341,3458,5,3458,0.125,3458,False,single_move_asset_to_target
published_ood_memory,published_ood_unconditional,val,142,5,0.6041234731674194,1571,5,1571,0.0,1571,False,single_move_asset_to_target
published_ood_memory,published_ood_unconditional,val,143,5,0.6213803291320801,2767,8,2767,0.0,2767,False,serve_bread_after_checking_cabinet
published_ood_memory,published_ood_unconditional,val,144,5,0.5903846025466919,1428,3,1428,0.0,1428,False,ensure_all_fruits_on_table
published_ood_memory,published_ood_unconditional,val,145,5,0.5554057359695435,73,6,73,0.0,73,False,ensure_all_fruits_on_table
published_ood_memory,published_ood_unconditional,val,146,5,0.7081500291824341,3458,5,3458,0.125,3458,False,single_move_asset_to_target
published_ood_memory,published_ood_unconditional,val,147,5,0.6213803291320801,2767,8,2767,0.0,2767,False,serve_bread_after_checking_cabinet
published_ood_memory,published_ood_unconditional,val,148,5,0.38205617666244507,1856,5,1856,0.0,1856,False,dog_check_environment
published_ood_memory,published_ood_unconditional,val,149,5,0.7524831891059875,3458,5,3458,0.0,3458,False,single_move_asset_to_target
published_ood_memory,published_ood_unconditional,val,150,5,0.7081500291824341,3458,5,3458,0.125,3458,False,single_move_asset_to_target
published_ood_memory,published_ood_unconditional,val,151,5,0.550321638584137,1401,3,1401,0.0,1401,False,ensure_all_fruits_on_table
published_ood_memory,published_ood_unconditional,val,152,5,0.38205617666244507,1856,5,1856,0.0,1856,False,dog_check_environment
published_ood_memory,published_ood_unconditional,val,153,5,0.5971207618713379,583,8,583,0.0,583,False,sequential_pick_two_and_place
published_ood_memory,published_ood_unconditional,val,154,5,0.7524831891059875,3458,5,3458,0.125,3458,False,single_move_asset_to_target
published_ood_memory,published_ood_unconditional,val,155,5,0.7524831891059875,3458,5,3458,0.0,3458,False,single_move_asset_to_target
published_ood_memory,published_ood_unconditional,val,156,5,0.7081500291824341,3458,5,3458,0.125,3458,False,single_move_asset_to_target
published_ood_memory,published_ood_unconditional,val,157,5,0.6213803291320801,2767,8,2767,0.0,2767,False,serve_bread_after_checking_cabinet
published_ood_memory,published_ood_unconditional,val,158,5,0.6213803291320801,2767,8,2767,0.0,2767,False,serve_bread_after_checking_cabinet
published_ood_memory,published_ood_unconditional,val,159,5,0.6213803291320801,2767,8,2767,0.0,2767,False,serve_bread_after_checking_cabinet
published_ood_memory,published_ood_unconditional,val,160,5,0.7524831891059875,3458,5,3458,0.0,3458,False,single_move_asset_to_target
published_ood_memory,published_ood_unconditional,val,161,5,0.38205617666244507,1856,5,1856,0.0,1856,False,dog_check_environment
published_ood_memory,published_ood_unconditional,val,162,5,0.6213803291320801,2767,8,2767,0.0,2767,False,serve_bread_after_checking_cabinet
published_ood_memory,published_ood_unconditional,val,163,5,0.7081500291824341,3458,5,3458,0.125,3458,False,single_move_asset_to_target
published_ood_memory,published_ood_unconditional,val,164,5,0.6213803291320801,2767,8,2767,0.0,2767,False,serve_bread_after_checking_cabinet
published_ood_memory,published_ood_unconditional,val,165,5,0.5554057359695435,73,6,73,0.0,73,False,ensure_all_fruits_on_table
published_ood_memory,published_ood_unconditional,val,166,5,0.7524831891059875,3458,2,3458,0.2,3458,False,single_move_asset_to_target
published_ood_memory,published_ood_unconditional,val,167,5,0.7081500291824341,3458,5,3458,0.125,3458,False,single_move_asset_to_target
published_ood_memory,published_ood_unconditional,val,168,5,0.6213803291320801,2767,8,2767,0.0,2767,False,serve_bread_after_checking_cabinet
published_ood_memory,published_ood_unconditional,val,169,5,0.7081500291824341,3458,5,3458,0.0,3458,False,single_move_asset_to_target
published_ood_memory,published_ood_unconditional,val,170,5,0.7081500291824341,3458,5,3458,0.125,3458,False,single_move_asset_to_target
published_ood_memory,published_ood_unconditional,val,171,5,0.6041234731674194,1571,5,1571,0.125,1571,False,single_move_asset_to_target
published_ood_memory,published_ood_unconditional,val,172,5,0.6202489733695984,38,3,38,0.0,38,False,ensure_all_fruits_on_table
published_ood_memory,published_ood_unconditional,val,173,5,0.7081500291824341,3458,2,3458,0.2,3458,False,single_move_asset_to_target
published_ood_memory,published_ood_unconditional,val,174,5,0.5903846025466919,1428,6,1428,0.0,1428,False,ensure_all_fruits_on_table
published_ood_memory,published_ood_unconditional,val,175,5,0.550321638584137,1401,3,1401,0.0,1401,False,ensure_all_fruits_on_table
published_ood_memory,published_ood_unconditional,val,176,5,0.6213803291320801,2767,8,2767,0.0,2767,False,serve_bread_after_checking_cabinet
published_ood_memory,published_ood_unconditional,val,177,5,0.6213803291320801,2767,8,2767,0.0,2767,False,serve_bread_after_checking_cabinet
published_ood_memory,published_ood_unconditional,val,178,5,0.7524831891059875,3458,5,3458,0.0,3458,False,single_move_asset_to_target
published_ood_memory,published_ood_unconditional,val,179,5,0.6202489733695984,38,3,38,0.0,38,False,ensure_all_fruits_on_table
published_ood_memory,published_ood_unconditional,val,180,5,0.5903846025466919,1428,3,1428,0.0,1428,False,ensure_all_fruits_on_table
published_ood_memory,published_ood_unconditional,val,181,5,0.550321638584137,1401,6,1401,0.0,1401,False,ensure_all_fruits_on_table
published_ood_memory,published_ood_unconditional,val,182,5,0.6213803291320801,2767,8,2767,0.0,2767,False,serve_bread_after_checking_cabinet
published_ood_memory,published_ood_unconditional,val,183,5,0.6041234731674194,1571,5,1571,0.0,1571,False,single_move_asset_to_target
published_ood_memory,published_ood_unconditional,val,184,5,0.6041234731674194,1571,5,1571,0.125,1571,False,single_move_asset_to_target
published_ood_memory,published_ood_unconditional,val,185,5,0.6213803291320801,2767,8,2767,0.0,2767,False,serve_bread_after_checking_cabinet
published_ood_memory,published_ood_unconditional,val,186,5,0.6202489733695984,38,3,38,0.0,38,False,ensure_all_fruits_on_table
published_ood_memory,published_ood_unconditional,val,187,5,0.7524831891059875,3458,2,3458,0.2,3458,False,single_move_asset_to_target
published_ood_memory,published_ood_unconditional,val,188,5,0.6213803291320801,2767,8,2767,0.0,2767,False,serve_bread_after_checking_cabinet
published_ood_memory,published_ood_unconditional,val,189,5,0.5903846025466919,1428,3,1428,0.0,1428,False,ensure_all_fruits_on_table
published_ood_memory,published_ood_unconditional,val,190,5,0.6213803291320801,2767,8,2767,0.0,2767,False,serve_bread_after_checking_cabinet
published_ood_memory,published_ood_unconditional,val,191,5,0.5971207618713379,583,8,583,0.0,583,False,sequential_pick_two_and_place
published_ood_memory,published_ood_unconditional,val,192,5,0.6202489733695984,38,3,38,0.0,38,False,ensure_all_fruits_on_table
published_ood_memory,published_ood_unconditional,val,193,5,0.6213803291320801,2767,8,2767,0.0,2767,False,serve_bread_after_checking_cabinet
published_ood_memory,published_ood_unconditional,val,194,5,0.5903846025466919,1428,3,1428,0.0,1428,False,ensure_all_fruits_on_table
published_ood_memory,published_ood_unconditional,val,195,5,0.38205617666244507,1856,5,1856,0.0,1856,False,dog_check_environment
published_ood_memory,published_ood_unconditional,val,196,5,0.7081500291824341,3458,2,3458,0.2,3458,False,single_move_asset_to_target
published_ood_memory,published_ood_unconditional,val,197,5,0.5903846025466919,1428,3,1428,0.0,1428,False,ensure_all_fruits_on_table
published_ood_memory,published_ood_unconditional,val,198,5,0.6202489733695984,38,3,38,0.0,38,False,ensure_all_fruits_on_table
published_ood_memory,published_ood_unconditional,val,199,5,0.38205617666244507,1856,8,1856,0.0,1856,False,dog_check_environment
published_ood_memory,published_ood_unconditional,val,200,5,0.7081500291824341,3458,5,3458,0.125,3458,False,single_move_asset_to_target
published_ood_memory,published_ood_unconditional,val,201,5,0.6041234731674194,1571,5,1571,0.0,1571,False,single_move_asset_to_target
published_ood_memory,published_ood_unconditional,val,202,5,0.7081500291824341,3458,5,3458,0.125,3458,False,single_move_asset_to_target
published_ood_memory,published_ood_unconditional,val,203,5,0.38205617666244507,1856,5,1856,0.0,1856,False,dog_check_environment
published_ood_memory,published_ood_unconditional,val,204,5,0.5554057359695435,73,3,73,0.0,73,False,ensure_all_fruits_on_table
published_ood_memory,published_ood_unconditional,val,205,5,0.550321638584137,1401,3,1401,0.0,1401,False,ensure_all_fruits_on_table
published_ood_memory,published_ood_unconditional,val,206,5,0.6213803291320801,2767,8,2767,0.0,2767,False,serve_bread_after_checking_cabinet
published_ood_memory,published_ood_unconditional,val,207,5,0.7081500291824341,3458,5,3458,0.0,3458,False,single_move_asset_to_target
published_ood_memory,published_ood_unconditional,val,208,5,0.6202489733695984,38,3,38,0.0,38,False,ensure_all_fruits_on_table
published_ood_memory,published_ood_unconditional,val,209,5,0.6202489733695984,38,6,38,0.0,38,False,ensure_all_fruits_on_table
published_ood_memory,published_ood_unconditional,val,210,5,0.7081500291824341,3458,5,3458,0.0,3458,False,single_move_asset_to_target
published_ood_memory,published_ood_unconditional,val,211,5,0.5971207618713379,583,8,583,0.0,583,False,sequential_pick_two_and_place
published_ood_memory,published_ood_unconditional,val,212,5,0.5903846025466919,1428,6,1428,0.0,1428,False,ensure_all_fruits_on_table
published_ood_memory,published_ood_unconditional,val,213,5,0.7524831891059875,3458,2,3458,0.2,3458,False,single_move_asset_to_target
published_ood_memory,published_ood_unconditional,val,214,5,0.7081500291824341,3458,5,3458,0.0,3458,False,single_move_asset_to_target
published_ood_memory,published_ood_unconditional,val,215,5,0.7081500291824341,3458,5,3458,0.0,3458,False,single_move_asset_to_target
published_ood_memory,published_ood_unconditional,val,216,5,0.7081500291824341,3458,5,3458,0.125,3458,False,single_move_asset_to_target
published_ood_memory,published_ood_unconditional,val,217,5,0.7524831891059875,3458,5,3458,0.0,3458,False,single_move_asset_to_target
published_ood_memory,published_ood_unconditional,val,218,5,0.5971207618713379,583,8,583,0.0,583,False,sequential_pick_two_and_place
published_ood_memory,published_ood_unconditional,val,219,5,0.5971207618713379,583,8,583,0.0,583,False,sequential_pick_two_and_place
published_ood_memory,published_ood_unconditional,val,220,5,0.6202489733695984,38,3,38,0.0,38,False,ensure_all_fruits_on_table
published_ood_memory,published_ood_unconditional,val,221,5,0.7524831891059875,3458,2,3458,0.2,3458,False,single_move_asset_to_target
published_ood_memory,published_ood_unconditional,val,222,5,0.38205617666244507,1856,5,1856,0.0,1856,False,dog_check_environment
published_ood_memory,published_ood_unconditional,val,223,5,0.38205617666244507,1856,5,1856,0.0,1856,False,dog_check_environment
published_ood_memory,published_ood_unconditional,val,224,5,0.6213803291320801,2767,8,2767,0.0,2767,False,serve_bread_after_checking_cabinet
published_ood_memory,published_ood_unconditional,val,225,5,0.5903846025466919,1428,6,1428,0.0,1428,False,ensure_all_fruits_on_table
published_ood_memory,published_ood_unconditional,val,226,5,0.7524831891059875,3458,5,3458,0.0,3458,False,single_move_asset_to_target
published_ood_memory,published_ood_unconditional,val,227,5,0.38205617666244507,1856,8,1856,0.0,1856,False,dog_check_environment
published_ood_memory,published_ood_unconditional,val,228,5,0.7081500291824341,3458,2,3458,0.2,3458,False,single_move_asset_to_target
published_ood_memory,published_ood_unconditional,val,229,5,0.550321638584137,1401,3,1401,0.0,1401,False,ensure_all_fruits_on_table
published_ood_memory,published_ood_unconditional,val,230,5,0.6213803291320801,2767,8,2767,0.0,2767,False,serve_bread_after_checking_cabinet
published_ood_memory,published_ood_unconditional,val,231,5,0.6041234731674194,1571,2,1571,0.2,1571,False,single_move_asset_to_target
published_ood_memory,published_ood_unconditional,val,232,5,0.6213803291320801,2767,8,2767,0.0,2767,False,serve_bread_after_checking_cabinet
published_ood_memory,published_ood_unconditional,val,233,5,0.550321638584137,1401,3,1401,0.0,1401,False,ensure_all_fruits_on_table
published_ood_memory,published_ood_unconditional,val,234,5,0.7081500291824341,3458,2,3458,0.2,3458,False,single_move_asset_to_target
published_ood_memory,published_ood_unconditional,val,235,5,0.5971207618713379,583,8,583,0.0,583,False,sequential_pick_two_and_place
published_ood_memory,published_ood_unconditional,val,236,5,0.5903846025466919,1428,3,1428,0.0,1428,False,ensure_all_fruits_on_table
published_ood_memory,published_ood_unconditional,val,237,5,0.6202489733695984,38,3,38,0.0,38,False,ensure_all_fruits_on_table
published_ood_memory,published_ood_unconditional,val,238,5,0.5554057359695435,73,3,73,0.0,73,False,ensure_all_fruits_on_table
published_ood_memory,published_ood_unconditional,val,239,5,0.5903846025466919,1428,3,1428,0.0,1428,False,ensure_all_fruits_on_table
published_ood_memory,published_ood_unconditional,val,240,5,0.5971207618713379,583,8,583,0.0,583,False,sequential_pick_two_and_place
published_ood_memory,published_ood_unconditional,val,241,5,0.6202489733695984,38,6,38,0.0,38,False,ensure_all_fruits_on_table
published_ood_memory,published_ood_unconditional,val,242,5,0.7081500291824341,3458,5,3458,0.125,3458,False,single_move_asset_to_target
published_ood_memory,published_ood_unconditional,val,243,5,0.38205617666244507,1856,8,1856,0.0,1856,False,dog_check_environment
published_ood_memory,published_ood_unconditional,val,244,5,0.7081500291824341,3458,5,3458,0.125,3458,False,single_move_asset_to_target
published_ood_memory,published_ood_unconditional,val,245,5,0.550321638584137,1401,3,1401,0.0,1401,False,ensure_all_fruits_on_table
published_ood_memory,published_ood_unconditional,val,246,5,0.38205617666244507,1856,5,1856,0.0,1856,False,dog_check_environment
published_ood_memory,published_ood_unconditional,val,247,5,0.6213803291320801,2767,8,2767,0.0,2767,False,serve_bread_after_checking_cabinet
published_ood_memory,published_ood_unconditional,val,248,5,0.5554057359695435,73,6,73,0.0,73,False,ensure_all_fruits_on_table
published_ood_memory,published_ood_unconditional,val,249,5,0.550321638584137,1401,3,1401,0.0,1401,False,ensure_all_fruits_on_table
published_ood_memory,published_ood_unconditional,val,250,5,0.7081500291824341,3458,5,3458,0.125,3458,False,single_move_asset_to_target
published_ood_memory,published_ood_unconditional,val,251,5,0.38205617666244507,1856,5,1856,0.0,1856,False,dog_check_environment
published_ood_memory,published_ood_unconditional,val,252,5,0.7524831891059875,3458,2,3458,0.2,3458,False,single_move_asset_to_target
published_ood_memory,published_ood_unconditional,val,253,5,0.5903846025466919,1428,3,1428,0.0,1428,False,ensure_all_fruits_on_table
published_ood_memory,published_ood_unconditional,val,254,5,0.550321638584137,1401,6,1401,0.0,1401,False,ensure_all_fruits_on_table
published_ood_memory,published_ood_unconditional,val,255,5,0.7081500291824341,3458,2,3458,0.2,3458,False,single_move_asset_to_target
published_ood_memory,published_ood_unconditional,val,256,5,0.7081500291824341,3458,2,3458,0.2,3458,False,single_move_asset_to_target
published_ood_memory,published_ood_unconditional,val,257,5,0.6213803291320801,2767,8,2767,0.0,2767,False,serve_bread_after_checking_cabinet
published_ood_memory,published_ood_unconditional,val,258,5,0.550321638584137,1401,6,1401,0.0,1401,False,ensure_all_fruits_on_table
published_ood_memory,published_ood_unconditional,val,259,5,0.5554057359695435,73,6,73,0.0,73,False,ensure_all_fruits_on_table
published_ood_memory,published_ood_unconditional,val,260,5,0.6202489733695984,38,6,38,0.0,38,False,ensure_all_fruits_on_table
published_ood_memory,published_ood_unconditional,val,261,5,0.6202489733695984,38,3,38,0.0,38,False,ensure_all_fruits_on_table
published_ood_memory,published_ood_unconditional,val,262,5,0.5903846025466919,1428,3,1428,0.0,1428,False,ensure_all_fruits_on_table
published_ood_memory,published_ood_unconditional,val,263,5,0.5903846025466919,1428,6,1428,0.0,1428,False,ensure_all_fruits_on_table
published_ood_memory,published_ood_unconditional,val,264,5,0.6041234731674194,1571,5,1571,0.0,1571,False,single_move_asset_to_target
published_ood_memory,published_ood_unconditional,val,265,5,0.6213803291320801,2767,8,2767,0.0,2767,False,serve_bread_after_checking_cabinet
published_ood_memory,published_ood_unconditional,val,266,5,0.7524831891059875,3458,5,3458,0.0,3458,False,single_move_asset_to_target
published_ood_memory,published_ood_unconditional,val,267,5,0.550321638584137,1401,6,1401,0.0,1401,False,ensure_all_fruits_on_table
published_ood_memory,published_ood_unconditional,val,268,5,0.7524831891059875,3458,2,3458,0.2,3458,False,single_move_asset_to_target
published_ood_memory,published_ood_unconditional,val,269,5,0.5903846025466919,1428,3,1428,0.0,1428,False,ensure_all_fruits_on_table
published_ood_memory,published_ood_unconditional,val,270,5,0.6213803291320801,2767,8,2767,0.0,2767,False,serve_bread_after_checking_cabinet
published_ood_memory,published_ood_unconditional,val,271,5,0.6041234731674194,1571,5,1571,0.0,1571,False,single_move_asset_to_target
published_ood_memory,published_ood_unconditional,val,272,5,0.38205617666244507,1856,5,1856,0.0,1856,False,dog_check_environment
published_ood_memory,published_ood_unconditional,val,273,5,0.6202489733695984,38,3,38,0.0,38,False,ensure_all_fruits_on_table
published_ood_memory,published_ood_unconditional,val,274,5,0.6202489733695984,38,6,38,0.0,38,False,ensure_all_fruits_on_table
published_ood_memory,published_ood_unconditional,val,275,5,0.5554057359695435,73,3,73,0.0,73,False,ensure_all_fruits_on_table
published_ood_memory,published_ood_unconditional,val,276,5,0.6041234731674194,1571,5,1571,0.125,1571,False,single_move_asset_to_target
published_ood_memory,published_ood_unconditional,val,277,5,0.6041234731674194,1571,5,1571,0.0,1571,False,single_move_asset_to_target
published_ood_memory,published_ood_unconditional,val,278,5,0.6041234731674194,1571,5,1571,0.125,1571,False,single_move_asset_to_target
published_ood_memory,published_ood_unconditional,val,279,5,0.6202489733695984,38,3,38,0.0,38,False,ensure_all_fruits_on_table
published_ood_memory,published_ood_unconditional,val,280,5,0.5903846025466919,1428,3,1428,0.0,1428,False,ensure_all_fruits_on_table
published_ood_memory,published_ood_unconditional,val,281,5,0.6213803291320801,2767,8,2767,0.0,2767,False,serve_bread_after_checking_cabinet
published_ood_memory,published_ood_unconditional,val,282,5,0.5903846025466919,1428,3,1428,0.0,1428,False,ensure_all_fruits_on_table
published_ood_memory,published_ood_unconditional,val,283,5,0.5971207618713379,583,8,583,0.0,583,False,sequential_pick_two_and_place
published_ood_memory,published_ood_unconditional,val,284,5,0.5903846025466919,1428,6,1428,0.0,1428,False,ensure_all_fruits_on_table
published_ood_memory,published_ood_unconditional,val,285,5,0.5903846025466919,1428,3,1428,0.0,1428,False,ensure_all_fruits_on_table
published_ood_memory,published_ood_unconditional,val,286,5,0.5971207618713379,583,8,583,0.0,583,False,sequential_pick_two_and_place
published_ood_memory,published_ood_unconditional,val,287,5,0.5903846025466919,1428,3,1428,0.0,1428,False,ensure_all_fruits_on_table
published_ood_memory,published_ood_unconditional,val,288,5,0.6202489733695984,38,3,38,0.0,38,False,ensure_all_fruits_on_table
published_ood_memory,published_ood_unconditional,val,289,5,0.38205617666244507,1856,5,1856,0.0,1856,False,dog_check_environment
published_ood_memory,published_ood_unconditional,val,290,5,0.7524831891059875,3458,5,3458,0.125,3458,False,single_move_asset_to_target
published_ood_memory,published_ood_unconditional,val,291,5,0.7081500291824341,3458,2,3458,0.2,3458,False,single_move_asset_to_target
published_ood_memory,published_ood_unconditional,val,292,5,0.7081500291824341,3458,5,3458,0.125,3458,False,single_move_asset_to_target
published_ood_memory,published_ood_unconditional,val,293,5,0.5554057359695435,73,3,73,0.0,73,False,ensure_all_fruits_on_table
published_ood_memory,published_ood_unconditional,val,294,5,0.6213803291320801,2767,8,2767,0.0,2767,False,serve_bread_after_checking_cabinet
published_ood_memory,published_ood_unconditional,val,295,5,0.6202489733695984,38,3,38,0.0,38,False,ensure_all_fruits_on_table
published_ood_memory,published_ood_unconditional,val,296,5,0.7081500291824341,3458,2,3458,0.2,3458,False,single_move_asset_to_target
published_ood_memory,published_ood_unconditional,val,297,5,0.38205617666244507,1856,5,1856,0.0,1856,False,dog_check_environment
published_ood_memory,published_ood_unconditional,val,298,5,0.38205617666244507,1856,5,1856,0.0,1856,False,dog_check_environment
published_ood_memory,published_ood_unconditional,val,299,5,0.7081500291824341,3458,2,3458,0.2,3458,False,single_move_asset_to_target
published_ood_memory,published_ood_unconditional,val,300,5,0.5554057359695435,73,3,73,0.0,73,False,ensure_all_fruits_on_table
published_ood_memory,published_ood_unconditional,val,301,5,0.5554057359695435,73,3,73,0.0,73,False,ensure_all_fruits_on_table
published_ood_memory,published_ood_unconditional,val,302,5,0.6041234731674194,1571,5,1571,0.125,1571,False,single_move_asset_to_target
published_ood_memory,published_ood_unconditional,val,303,5,0.5903846025466919,1428,6,1428,0.0,1428,False,ensure_all_fruits_on_table
published_ood_memory,published_ood_unconditional,val,304,5,0.7081500291824341,3458,5,3458,0.125,3458,False,single_move_asset_to_target
published_ood_memory,published_ood_unconditional,val,305,5,0.5554057359695435,73,6,73,0.0,73,False,ensure_all_fruits_on_table
published_ood_memory,published_ood_unconditional,val,306,5,0.38205617666244507,1856,5,1856,0.0,1856,False,dog_check_environment
published_ood_memory,published_ood_unconditional,val,307,5,0.38205617666244507,1856,5,1856,0.0,1856,False,dog_check_environment
published_ood_memory,published_ood_unconditional,val,308,5,0.7524831891059875,3458,5,3458,0.0,3458,False,single_move_asset_to_target
published_ood_memory,published_ood_unconditional,val,309,5,0.7081500291824341,3458,2,3458,0.2,3458,False,single_move_asset_to_target
published_ood_memory,published_ood_unconditional,val,310,5,0.38205617666244507,1856,5,1856,0.0,1856,False,dog_check_environment
published_ood_memory,published_ood_unconditional,val,311,5,0.550321638584137,1401,3,1401,0.0,1401,False,ensure_all_fruits_on_table
published_ood_memory,published_ood_unconditional,val,312,5,0.38205617666244507,1856,8,1856,0.0,1856,False,dog_check_environment
published_ood_memory,published_ood_unconditional,val,313,5,0.6041234731674194,1571,2,1571,0.2,1571,False,single_move_asset_to_target
published_ood_memory,published_ood_unconditional,val,314,5,0.5971207618713379,583,8,583,0.0,583,False,sequential_pick_two_and_place
published_ood_memory,published_ood_unconditional,val,315,5,0.550321638584137,1401,3,1401,0.0,1401,False,ensure_all_fruits_on_table
published_ood_memory,published_ood_unconditional,val,316,5,0.5903846025466919,1428,3,1428,0.0,1428,False,ensure_all_fruits_on_table
published_ood_memory,published_ood_unconditional,val,317,5,0.6213803291320801,2767,8,2767,0.0,2767,False,serve_bread_after_checking_cabinet
published_ood_memory,published_ood_unconditional,val,318,5,0.6202489733695984,38,3,38,0.0,38,False,ensure_all_fruits_on_table
published_ood_memory,published_ood_unconditional,val,319,5,0.5971207618713379,583,8,583,0.0,583,False,sequential_pick_two_and_place
published_ood_memory,published_ood_unconditional,val,320,5,0.7524831891059875,3458,5,3458,0.125,3458,False,single_move_asset_to_target
published_ood_memory,published_ood_unconditional,val,321,5,0.7081500291824341,3458,5,3458,0.0,3458,False,single_move_asset_to_target
published_ood_memory,published_ood_unconditional,val,322,5,0.6202489733695984,38,3,38,0.0,38,False,ensure_all_fruits_on_table
published_ood_memory,published_ood_unconditional,val,323,5,0.7524831891059875,3458,5,3458,0.125,3458,False,single_move_asset_to_target
published_ood_memory,published_ood_unconditional,val,324,5,0.6202489733695984,38,3,38,0.0,38,False,ensure_all_fruits_on_table
published_ood_memory,published_ood_unconditional,val,325,5,0.5554057359695435,73,6,73,0.0,73,False,ensure_all_fruits_on_table
published_ood_memory,published_ood_unconditional,val,326,5,0.5554057359695435,73,3,73,0.0,73,False,ensure_all_fruits_on_table
published_ood_memory,published_ood_unconditional,val,327,5,0.6213803291320801,2767,8,2767,0.0,2767,False,serve_bread_after_checking_cabinet
published_ood_memory,published_ood_unconditional,val,328,5,0.550321638584137,1401,3,1401,0.0,1401,False,ensure_all_fruits_on_table
published_ood_memory,published_ood_unconditional,val,329,5,0.5971207618713379,583,8,583,0.0,583,False,sequential_pick_two_and_place
published_ood_memory,published_ood_unconditional,val,330,5,0.5971207618713379,583,8,583,0.0,583,False,sequential_pick_two_and_place
published_ood_memory,published_ood_unconditional,val,331,5,0.6213803291320801,2767,8,2767,0.0,2767,False,serve_bread_after_checking_cabinet
published_ood_memory,published_ood_unconditional,val,332,5,0.550321638584137,1401,3,1401,0.0,1401,False,ensure_all_fruits_on_table
published_ood_memory,published_ood_unconditional,val,333,5,0.550321638584137,1401,3,1401,0.0,1401,False,ensure_all_fruits_on_table
published_ood_memory,published_ood_unconditional,val,334,5,0.5971207618713379,583,8,583,0.0,583,False,sequential_pick_two_and_place
published_ood_memory,published_ood_unconditional,val,335,5,0.6202489733695984,38,3,38,0.0,38,False,ensure_all_fruits_on_table
published_ood_memory,published_ood_unconditional,val,336,5,0.5903846025466919,1428,3,1428,0.0,1428,False,ensure_all_fruits_on_table
published_ood_memory,published_ood_unconditional,val,337,5,0.7524831891059875,3458,5,3458,0.0,3458,False,single_move_asset_to_target
published_ood_memory,published_ood_unconditional,val,338,5,0.5971207618713379,583,8,583,0.0,583,False,sequential_pick_two_and_place
published_ood_memory,published_ood_unconditional,val,339,5,0.5903846025466919,1428,3,1428,0.0,1428,False,ensure_all_fruits_on_table
published_ood_memory,published_ood_unconditional,val,340,5,0.7081500291824341,3458,5,3458,0.125,3458,False,single_move_asset_to_target
published_ood_memory,published_ood_unconditional,val,341,5,0.7524831891059875,3458,2,3458,0.2,3458,False,single_move_asset_to_target
published_ood_memory,published_ood_unconditional,val,342,5,0.7524831891059875,3458,5,3458,0.0,3458,False,single_move_asset_to_target
published_ood_memory,published_ood_unconditional,val,343,5,0.6041234731674194,1571,5,1571,0.0,1571,False,single_move_asset_to_target
published_ood_memory,published_ood_unconditional,val,344,5,0.5971207618713379,583,8,583,0.0,583,False,sequential_pick_two_and_place
published_ood_memory,published_ood_unconditional,val,345,5,0.7081500291824341,3458,5,3458,0.0,3458,False,single_move_asset_to_target
published_ood_memory,published_ood_unconditional,val,346,5,0.5554057359695435,73,3,73,0.0,73,False,ensure_all_fruits_on_table
published_ood_memory,published_ood_unconditional,val,347,5,0.7081500291824341,3458,5,3458,0.125,3458,False,single_move_asset_to_target
published_ood_memory,published_ood_unconditional,val,348,5,0.6202489733695984,38,3,38,0.0,38,False,ensure_all_fruits_on_table
published_ood_memory,published_ood_unconditional,val,349,5,0.5903846025466919,1428,3,1428,0.0,1428,False,ensure_all_fruits_on_table
published_ood_memory,published_ood_unconditional,val,350,5,0.550321638584137,1401,3,1401,0.0,1401,False,ensure_all_fruits_on_table
published_ood_memory,published_ood_unconditional,val,351,5,0.6213803291320801,2767,8,2767,0.0,2767,False,serve_bread_after_checking_cabinet
published_ood_memory,published_ood_unconditional,val,352,5,0.5554057359695435,73,6,73,0.0,73,False,ensure_all_fruits_on_table
published_ood_memory,published_ood_unconditional,val,353,5,0.6213803291320801,2767,8,2767,0.0,2767,False,serve_bread_after_checking_cabinet
published_ood_memory,published_ood_unconditional,val,354,5,0.550321638584137,1401,6,1401,0.0,1401,False,ensure_all_fruits_on_table
published_ood_memory,published_ood_unconditional,val,355,5,0.5971207618713379,583,8,583,0.0,583,False,sequential_pick_two_and_place
published_ood_memory,published_ood_unconditional,val,356,5,0.550321638584137,1401,6,1401,0.0,1401,False,ensure_all_fruits_on_table
published_ood_memory,published_ood_unconditional,val,357,5,0.550321638584137,1401,3,1401,0.0,1401,False,ensure_all_fruits_on_table
published_ood_memory,published_ood_unconditional,val,358,5,0.7081500291824341,3458,5,3458,0.125,3458,False,single_move_asset_to_target
published_ood_memory,published_ood_unconditional,val,359,5,0.38205617666244507,1856,8,1856,0.0,1856,False,dog_check_environment
published_ood_memory,published_ood_unconditional,val,360,5,0.5971207618713379,583,8,583,0.0,583,False,sequential_pick_two_and_place
published_ood_memory,published_ood_unconditional,val,361,5,0.5971207618713379,583,8,583,0.0,583,False,sequential_pick_two_and_place
published_ood_memory,published_ood_unconditional,val,362,5,0.6213803291320801,2767,8,2767,0.0,2767,False,serve_bread_after_checking_cabinet
published_ood_memory,published_ood_unconditional,val,363,5,0.5971207618713379,583,8,583,0.0,583,False,sequential_pick_two_and_place
published_ood_memory,published_ood_unconditional,val,364,5,0.5554057359695435,73,3,73,0.0,73,False,ensure_all_fruits_on_table
published_ood_memory,published_ood_unconditional,val,365,5,0.550321638584137,1401,6,1401,0.0,1401,False,ensure_all_fruits_on_table
published_ood_memory,published_ood_unconditional,val,366,5,0.5971207618713379,583,8,583,0.0,583,False,sequential_pick_two_and_place
published_ood_memory,published_ood_unconditional,val,367,5,0.550321638584137,1401,3,1401,0.0,1401,False,ensure_all_fruits_on_table
published_ood_memory,published_ood_unconditional,val,368,5,0.6202489733695984,38,6,38,0.0,38,False,ensure_all_fruits_on_table
published_ood_memory,published_ood_unconditional,val,369,5,0.550321638584137,1401,3,1401,0.0,1401,False,ensure_all_fruits_on_table
published_ood_memory,published_ood_unconditional,val,370,5,0.5903846025466919,1428,6,1428,0.0,1428,False,ensure_all_fruits_on_table
published_ood_memory,published_ood_unconditional,val,371,5,0.5903846025466919,1428,6,1428,0.0,1428,False,ensure_all_fruits_on_table
published_ood_memory,published_ood_unconditional,val,372,5,0.7081500291824341,3458,5,3458,0.125,3458,False,single_move_asset_to_target
published_ood_memory,published_ood_unconditional,val,373,5,0.6202489733695984,38,3,38,0.0,38,False,ensure_all_fruits_on_table
published_ood_memory,published_ood_unconditional,val,374,5,0.550321638584137,1401,3,1401,0.0,1401,False,ensure_all_fruits_on_table
published_ood_memory,published_ood_unconditional,val,375,5,0.5971207618713379,583,8,583,0.0,583,False,sequential_pick_two_and_place
published_ood_memory,published_ood_unconditional,val,376,5,0.5903846025466919,1428,6,1428,0.0,1428,False,ensure_all_fruits_on_table
published_ood_memory,published_ood_unconditional,val,377,5,0.7081500291824341,3458,2,3458,0.2,3458,False,single_move_asset_to_target
published_ood_memory,published_ood_unconditional,val,378,5,0.6213803291320801,2767,8,2767,0.0,2767,False,serve_bread_after_checking_cabinet
published_ood_memory,published_ood_unconditional,val,379,5,0.5554057359695435,73,3,73,0.0,73,False,ensure_all_fruits_on_table
published_ood_memory,published_ood_unconditional,val,380,5,0.38205617666244507,1856,5,1856,0.0,1856,False,dog_check_environment
published_ood_memory,published_ood_unconditional,val,381,5,0.6041234731674194,1571,2,1571,0.2,1571,False,single_move_asset_to_target
published_ood_memory,published_ood_unconditional,val,382,5,0.7081500291824341,3458,5,3458,0.0,3458,False,single_move_asset_to_target
published_ood_memory,published_ood_unconditional,val,383,5,0.6041234731674194,1571,5,1571,0.0,1571,False,single_move_asset_to_target
published_ood_memory,published_ood_unconditional,val,384,5,0.5903846025466919,1428,3,1428,0.0,1428,False,ensure_all_fruits_on_table
published_ood_memory,published_ood_unconditional,val,385,5,0.7524831891059875,3458,5,3458,0.0,3458,False,single_move_asset_to_target
published_ood_memory,published_ood_unconditional,val,386,5,0.5971207618713379,583,8,583,0.0,583,False,sequential_pick_two_and_place
published_ood_memory,published_ood_unconditional,val,387,5,0.6202489733695984,38,3,38,0.0,38,False,ensure_all_fruits_on_table
published_ood_memory,published_ood_unconditional,val,388,5,0.550321638584137,1401,6,1401,0.0,1401,False,ensure_all_fruits_on_table
published_ood_memory,published_ood_unconditional,val,389,5,0.7544512748718262,3458,5,3458,0.0,3458,False,single_move_asset_to_target
published_ood_memory,published_ood_unconditional,val,390,5,0.7524831891059875,3458,5,3458,0.125,3458,False,single_move_asset_to_target
published_ood_memory,published_ood_unconditional,val,391,5,0.550321638584137,1401,3,1401,0.0,1401,False,ensure_all_fruits_on_table
published_ood_memory,published_ood_unconditional,val,392,5,0.5883312225341797,2700,8,2700,0.0,2700,False,sequential_pick_two_and_place
published_ood_memory,published_ood_unconditional,val,393,5,0.6041234731674194,1571,5,1571,0.125,1571,False,single_move_asset_to_target
published_ood_memory,published_ood_unconditional,val,394,5,0.5971207618713379,583,8,583,0.0,583,False,sequential_pick_two_and_place
published_ood_memory,published_ood_unconditional,val,395,5,0.5903846025466919,1428,3,1428,0.0,1428,False,ensure_all_fruits_on_table
published_ood_memory,published_ood_unconditional,val,396,5,0.7544512748718262,3458,5,3458,0.0,3458,False,single_move_asset_to_target
published_ood_memory,published_ood_unconditional,val,397,5,0.6041234731674194,1571,5,1571,0.0,1571,False,single_move_asset_to_target
published_ood_memory,published_ood_unconditional,val,398,5,0.5748867988586426,940,3,940,0.0,940,False,ensure_all_fruits_on_table
published_ood_memory,published_ood_unconditional,val,399,5,0.5748867988586426,940,3,940,0.0,940,False,ensure_all_fruits_on_table
published_ood_memory,published_ood_unconditional,val,400,5,0.5903846025466919,1428,3,1428,0.0,1428,False,ensure_all_fruits_on_table
published_ood_memory,published_ood_unconditional,val,401,5,0.5554057359695435,73,6,73,0.0,73,False,ensure_all_fruits_on_table
published_ood_memory,published_ood_unconditional,val,402,5,0.7524831891059875,3458,5,3458,0.0,3458,False,single_move_asset_to_target
published_ood_memory,published_ood_unconditional,val,403,5,0.5554057359695435,73,3,73,0.0,73,False,ensure_all_fruits_on_table
published_ood_memory,published_ood_unconditional,val,404,5,0.7524831891059875,3458,5,3458,0.125,3458,False,single_move_asset_to_target
published_ood_memory,published_ood_unconditional,val,405,5,0.5554057359695435,73,3,73,0.0,73,False,ensure_all_fruits_on_table
published_ood_memory,published_ood_unconditional,val,406,5,0.5971207618713379,583,8,583,0.0,583,False,sequential_pick_two_and_place
published_ood_memory,published_ood_unconditional,val,407,5,0.5883312225341797,2700,8,2700,0.0,2700,False,sequential_pick_two_and_place
published_ood_memory,published_ood_unconditional,val,408,5,0.5903846025466919,1428,3,1428,0.0,1428,False,ensure_all_fruits_on_table
published_ood_memory,published_ood_unconditional,val,409,5,0.5971207618713379,583,8,583,0.0,583,False,sequential_pick_two_and_place
published_ood_memory,published_ood_unconditional,val,410,5,0.5971207618713379,583,8,583,0.0,583,False,sequential_pick_two_and_place
published_ood_memory,published_ood_unconditional,val,411,5,0.6041234731674194,1571,5,1571,0.125,1571,False,single_move_asset_to_target
published_ood_memory,published_ood_unconditional,val,412,5,0.7524831891059875,3458,5,3458,0.125,3458,False,single_move_asset_to_target
published_ood_memory,published_ood_unconditional,val,413,5,0.7544512748718262,3458,5,3458,0.0,3458,False,single_move_asset_to_target
published_ood_memory,published_ood_unconditional,val,414,5,0.7544512748718262,3458,5,3458,0.125,3458,False,single_move_asset_to_target
published_ood_memory,published_ood_unconditional,val,415,5,0.5903846025466919,1428,6,1428,0.0,1428,False,ensure_all_fruits_on_table
published_ood_memory,published_ood_unconditional,val,416,5,0.5554057359695435,73,3,73,0.0,73,False,ensure_all_fruits_on_table
published_ood_memory,published_ood_unconditional,val,417,5,0.5971207618713379,583,8,583,0.0,583,False,sequential_pick_two_and_place
published_ood_memory,published_ood_unconditional,val,418,5,0.5903846025466919,1428,6,1428,0.0,1428,False,ensure_all_fruits_on_table
published_ood_memory,published_ood_unconditional,val,419,5,0.5554057359695435,73,3,73,0.0,73,False,ensure_all_fruits_on_table
published_ood_memory,published_ood_unconditional,val,420,5,0.5971207618713379,583,8,583,0.0,583,False,sequential_pick_two_and_place
published_ood_memory,published_ood_unconditional,val,421,5,0.7544512748718262,3458,5,3458,0.125,3458,False,single_move_asset_to_target
published_ood_memory,published_ood_unconditional,val,422,5,0.5971207618713379,583,8,583,0.0,583,False,sequential_pick_two_and_place
published_ood_memory,published_ood_unconditional,val,423,5,0.5903846025466919,1428,6,1428,0.0,1428,False,ensure_all_fruits_on_table
published_ood_memory,published_ood_unconditional,val,424,5,0.5903846025466919,1428,6,1428,0.0,1428,False,ensure_all_fruits_on_table
published_ood_memory,published_ood_unconditional,val,425,5,0.5971207618713379,583,8,583,0.0,583,False,sequential_pick_two_and_place
published_ood_memory,published_ood_unconditional,val,426,5,0.5554057359695435,73,3,73,0.0,73,False,ensure_all_fruits_on_table
published_ood_memory,published_ood_unconditional,val,427,5,0.5903846025466919,1428,3,1428,0.0,1428,False,ensure_all_fruits_on_table
published_ood_memory,published_ood_unconditional,val,428,5,0.7524831891059875,3458,5,3458,0.0,3458,False,single_move_asset_to_target
published_ood_memory,published_ood_unconditional,val,429,5,0.5903846025466919,1428,3,1428,0.0,1428,False,ensure_all_fruits_on_table
published_ood_memory,published_ood_unconditional,val,430,5,0.550321638584137,1401,3,1401,0.0,1401,False,ensure_all_fruits_on_table
published_ood_memory,published_ood_unconditional,val,431,5,0.5748867988586426,940,6,940,0.0,940,False,ensure_all_fruits_on_table
published_ood_memory,published_ood_unconditional,val,432,5,0.6041234731674194,1571,5,1571,0.125,1571,False,single_move_asset_to_target
published_ood_memory,published_ood_unconditional,val,433,5,0.5883312225341797,2700,8,2700,0.0,2700,False,sequential_pick_two_and_place
published_ood_memory,published_ood_unconditional,val,434,5,0.6202489733695984,38,6,38,0.0,38,False,ensure_all_fruits_on_table
published_ood_memory,published_ood_unconditional,val,435,5,0.5883312225341797,2700,8,2700,0.0,2700,False,sequential_pick_two_and_place
published_ood_memory,published_ood_unconditional,val,436,5,0.6041234731674194,1571,5,1571,0.0,1571,False,single_move_asset_to_target
published_ood_memory,published_ood_unconditional,val,437,5,0.5883312225341797,2700,8,2700,0.0,2700,False,sequential_pick_two_and_place
published_ood_memory,published_ood_unconditional,val,438,5,0.5883312225341797,2700,8,2700,0.0,2700,False,sequential_pick_two_and_place
published_ood_memory,published_ood_unconditional,val,439,5,0.5554057359695435,73,3,73,0.0,73,False,ensure_all_fruits_on_table
published_ood_memory,published_ood_unconditional,val,440,5,0.5903846025466919,1428,3,1428,0.0,1428,False,ensure_all_fruits_on_table
published_ood_memory,published_ood_unconditional,val,441,5,0.5554057359695435,73,6,73,0.0,73,False,ensure_all_fruits_on_table
published_ood_memory,published_ood_unconditional,val,442,5,0.6202489733695984,38,3,38,0.0,38,False,ensure_all_fruits_on_table
published_ood_memory,published_ood_unconditional,val,443,5,0.7524831891059875,3458,5,3458,0.125,3458,False,single_move_asset_to_target
published_ood_memory,published_ood_unconditional,val,444,5,0.7544512748718262,3458,2,3458,0.2,3458,False,single_move_asset_to_target
published_ood_memory,published_ood_unconditional,val,445,5,0.5748867988586426,940,3,940,0.0,940,False,ensure_all_fruits_on_table
published_ood_memory,published_ood_unconditional,val,446,5,0.7544512748718262,3458,2,3458,0.2,3458,False,single_move_asset_to_target
published_ood_memory,published_ood_unconditional,val,447,5,0.5971207618713379,583,8,583,0.0,583,False,sequential_pick_two_and_place
published_ood_memory,published_ood_unconditional,val,448,5,0.7544512748718262,3458,5,3458,0.0,3458,False,single_move_asset_to_target
published_ood_memory,published_ood_unconditional,val,449,5,0.5883312225341797,2700,8,2700,0.0,2700,False,sequential_pick_two_and_place
published_ood_memory,published_ood_unconditional,val,450,5,0.7544512748718262,3458,5,3458,0.0,3458,False,single_move_asset_to_target
published_ood_memory,published_ood_unconditional,val,451,5,0.6041234731674194,1571,2,1571,0.2,1571,False,single_move_asset_to_target
published_ood_memory,published_ood_unconditional,val,452,5,0.550321638584137,1401,3,1401,0.0,1401,False,ensure_all_fruits_on_table
published_ood_memory,published_ood_unconditional,val,453,5,0.5903846025466919,1428,3,1428,0.0,1428,False,ensure_all_fruits_on_table
published_ood_memory,published_ood_unconditional,val,454,5,0.5971207618713379,583,8,583,0.0,583,False,sequential_pick_two_and_place
published_ood_memory,published_ood_unconditional,val,455,5,0.550321638584137,1401,3,1401,0.0,1401,False,ensure_all_fruits_on_table
published_ood_memory,published_ood_unconditional,val,456,5,0.5748867988586426,940,3,940,0.0,940,False,ensure_all_fruits_on_table
published_ood_memory,published_ood_unconditional,val,457,5,0.6041234731674194,1571,5,1571,0.125,1571,False,single_move_asset_to_target
published_ood_memory,published_ood_unconditional,val,458,5,0.550321638584137,1401,6,1401,0.0,1401,False,ensure_all_fruits_on_table
published_ood_memory,published_ood_unconditional,val,459,5,0.6202489733695984,38,3,38,0.0,38,False,ensure_all_fruits_on_table
published_ood_memory,published_ood_unconditional,val,460,5,0.6202489733695984,38,3,38,0.0,38,False,ensure_all_fruits_on_table
published_ood_memory,published_ood_unconditional,val,461,5,0.7524831891059875,3458,2,3458,0.2,3458,False,single_move_asset_to_target
published_ood_memory,published_ood_unconditional,val,462,5,0.5748867988586426,940,6,940,0.0,940,False,ensure_all_fruits_on_table
published_ood_memory,published_ood_unconditional,val,463,5,0.5883312225341797,2700,8,2700,0.0,2700,False,sequential_pick_two_and_place
published_ood_memory,published_ood_unconditional,val,464,5,0.5971207618713379,583,8,583,0.0,583,False,sequential_pick_two_and_place
published_ood_memory,published_ood_unconditional,val,465,5,0.5748867988586426,940,3,940,0.0,940,False,ensure_all_fruits_on_table
published_ood_memory,published_ood_unconditional,val,466,5,0.7524831891059875,3458,5,3458,0.0,3458,False,single_move_asset_to_target
published_ood_memory,published_ood_unconditional,val,467,5,0.6041234731674194,1571,5,1571,0.0,1571,False,single_move_asset_to_target
published_ood_memory,published_ood_unconditional,val,468,5,0.5883312225341797,2700,8,2700,0.0,2700,False,sequential_pick_two_and_place
published_ood_memory,published_ood_unconditional,val,469,5,0.5883312225341797,2700,8,2700,0.0,2700,False,sequential_pick_two_and_place
published_ood_memory,published_ood_unconditional,val,470,5,0.5554057359695435,73,6,73,0.0,73,False,ensure_all_fruits_on_table
published_ood_memory,published_ood_unconditional,val,471,5,0.5971207618713379,583,8,583,0.0,583,False,sequential_pick_two_and_place
published_ood_memory,published_ood_unconditional,val,472,5,0.5903846025466919,1428,3,1428,0.0,1428,False,ensure_all_fruits_on_table
published_ood_memory,published_ood_unconditional,val,473,5,0.5748867988586426,940,3,940,0.0,940,False,ensure_all_fruits_on_table
published_ood_memory,published_ood_unconditional,val,474,5,0.7544512748718262,3458,5,3458,0.125,3458,False,single_move_asset_to_target
published_ood_memory,published_ood_unconditional,val,475,5,0.5903846025466919,1428,6,1428,0.0,1428,False,ensure_all_fruits_on_table
published_ood_memory,published_ood_unconditional,val,476,5,0.6041234731674194,1571,5,1571,0.125,1571,False,single_move_asset_to_target
published_ood_memory,published_ood_unconditional,val,477,5,0.5883312225341797,2700,8,2700,0.0,2700,False,sequential_pick_two_and_place
published_ood_memory,published_ood_unconditional,val,478,5,0.7524831891059875,3458,2,3458,0.2,3458,False,single_move_asset_to_target
published_ood_memory,published_ood_unconditional,val,479,5,0.550321638584137,1401,3,1401,0.0,1401,False,ensure_all_fruits_on_table
published_ood_memory,published_ood_unconditional,val,480,5,0.7544512748718262,3458,5,3458,0.125,3458,False,single_move_asset_to_target
published_ood_memory,published_ood_unconditional,val,481,5,0.5883312225341797,2700,8,2700,0.0,2700,False,sequential_pick_two_and_place
published_ood_memory,published_ood_unconditional,val,482,5,0.550321638584137,1401,3,1401,0.0,1401,False,ensure_all_fruits_on_table
published_ood_memory,published_ood_unconditional,val,483,5,0.7524831891059875,3458,5,3458,0.125,3458,False,single_move_asset_to_target
published_ood_memory,published_ood_unconditional,val,484,5,0.7544512748718262,3458,2,3458,0.2,3458,False,single_move_asset_to_target
published_ood_memory,published_ood_unconditional,val,485,5,0.7544512748718262,3458,5,3458,0.0,3458,False,single_move_asset_to_target
published_ood_memory,published_ood_unconditional,val,486,5,0.6041234731674194,1571,2,1571,0.2,1571,False,single_move_asset_to_target
published_ood_memory,published_ood_unconditional,val,487,5,0.6041234731674194,1571,5,1571,0.0,1571,False,single_move_asset_to_target
published_ood_memory,published_ood_unconditional,val,488,5,0.7524831891059875,3458,2,3458,0.2,3458,False,single_move_asset_to_target
published_ood_memory,published_ood_unconditional,val,489,5,0.5971207618713379,583,8,583,0.0,583,False,sequential_pick_two_and_place
published_ood_memory,published_ood_unconditional,val,490,5,0.550321638584137,1401,3,1401,0.0,1401,False,ensure_all_fruits_on_table
published_ood_memory,published_ood_unconditional,val,491,5,0.5883312225341797,2700,8,2700,0.0,2700,False,sequential_pick_two_and_place
published_ood_memory,published_ood_unconditional,val,492,5,0.5883312225341797,2700,8,2700,0.0,2700,False,sequential_pick_two_and_place
published_ood_memory,published_ood_unconditional,val,493,5,0.5554057359695435,73,3,73,0.0,73,False,ensure_all_fruits_on_table
published_ood_memory,published_ood_unconditional,val,494,5,0.6202489733695984,38,6,38,0.0,38,False,ensure_all_fruits_on_table
published_ood_memory,published_ood_unconditional,val,495,5,0.6202489733695984,38,3,38,0.0,38,False,ensure_all_fruits_on_table
published_ood_memory,published_ood_unconditional,val,496,5,0.5903846025466919,1428,3,1428,0.0,1428,False,ensure_all_fruits_on_table
published_ood_memory,published_ood_unconditional,val,497,5,0.6202489733695984,38,3,38,0.0,38,False,ensure_all_fruits_on_table
published_ood_memory,published_ood_unconditional,val,498,5,0.6202489733695984,38,3,38,0.0,38,False,ensure_all_fruits_on_table
published_ood_memory,published_ood_unconditional,val,499,5,0.5971207618713379,583,8,583,0.0,583,False,sequential_pick_two_and_place
published_ood_memory,published_ood_unconditional,val,500,5,0.7524831891059875,3458,5,3458,0.0,3458,False,single_move_asset_to_target
published_ood_memory,published_ood_unconditional,val,501,5,0.7544512748718262,3458,2,3458,0.2,3458,False,single_move_asset_to_target
published_ood_memory,published_ood_unconditional,val,502,5,0.6041234731674194,1571,2,1571,0.2,1571,False,single_move_asset_to_target
published_ood_memory,published_ood_unconditional,val,503,5,0.6202489733695984,38,6,38,0.0,38,False,ensure_all_fruits_on_table
published_ood_memory,published_ood_unconditional,val,504,5,0.550321638584137,1401,3,1401,0.0,1401,False,ensure_all_fruits_on_table
published_ood_memory,published_ood_unconditional,val,505,5,0.6202489733695984,38,3,38,0.0,38,False,ensure_all_fruits_on_table
published_ood_memory,published_ood_unconditional,val,506,5,0.6202489733695984,38,6,38,0.0,38,False,ensure_all_fruits_on_table
published_ood_memory,published_ood_unconditional,val,507,5,0.5883312225341797,2700,8,2700,0.0,2700,False,sequential_pick_two_and_place
published_ood_memory,published_ood_unconditional,val,508,5,0.5971207618713379,583,8,583,0.0,583,False,sequential_pick_two_and_place
published_ood_memory,published_ood_unconditional,val,509,5,0.6202489733695984,38,3,38,0.0,38,False,ensure_all_fruits_on_table
published_ood_memory,published_ood_unconditional,val,510,5,0.5748867988586426,940,3,940,0.0,940,False,ensure_all_fruits_on_table
published_ood_memory,published_ood_unconditional,val,511,5,0.5883312225341797,2700,8,2700,0.0,2700,False,sequential_pick_two_and_place
published_ood_memory,published_ood_unconditional,val,512,5,0.6041234731674194,1571,2,1571,0.2,1571,False,single_move_asset_to_target
published_ood_memory,published_ood_unconditional,val,513,5,0.6202489733695984,38,6,38,0.0,38,False,ensure_all_fruits_on_table
published_ood_memory,published_ood_unconditional,val,514,5,0.5554057359695435,73,6,73,0.0,73,False,ensure_all_fruits_on_table
published_ood_memory,published_ood_unconditional,val,515,5,0.550321638584137,1401,3,1401,0.0,1401,False,ensure_all_fruits_on_table
published_ood_memory,published_ood_unconditional,val,516,5,0.550321638584137,1401,3,1401,0.0,1401,False,ensure_all_fruits_on_table
published_ood_memory,published_ood_unconditional,val,517,5,0.7544512748718262,3458,5,3458,0.0,3458,False,single_move_asset_to_target
published_ood_memory,published_ood_unconditional,val,518,5,0.7524831891059875,3458,5,3458,0.0,3458,False,single_move_asset_to_target
published_ood_memory,published_ood_unconditional,val,519,5,0.5883312225341797,2700,8,2700,0.0,2700,False,sequential_pick_two_and_place
published_ood_memory,published_ood_unconditional,val,520,5,0.7524831891059875,3458,2,3458,0.2,3458,False,single_move_asset_to_target
published_ood_memory,published_ood_unconditional,val,521,5,0.5883312225341797,2700,8,2700,0.0,2700,False,sequential_pick_two_and_place
published_ood_memory,published_ood_unconditional,val,522,5,0.5883312225341797,2700,8,2700,0.0,2700,False,sequential_pick_two_and_place
published_ood_memory,published_ood_unconditional,val,523,5,0.5748867988586426,940,3,940,0.0,940,False,ensure_all_fruits_on_table
published_ood_memory,published_ood_unconditional,val,524,5,0.5971207618713379,583,8,583,0.0,583,False,sequential_pick_two_and_place
published_ood_memory,published_ood_unconditional,val,525,5,0.5971207618713379,583,8,583,0.0,583,False,sequential_pick_two_and_place
published_ood_memory,published_ood_unconditional,val,526,5,0.7544512748718262,3458,5,3458,0.0,3458,False,single_move_asset_to_target
published_ood_memory,published_ood_unconditional,val,527,5,0.7544512748718262,3458,5,3458,0.125,3458,False,single_move_asset_to_target
published_ood_memory,published_ood_unconditional,val,528,5,0.6041234731674194,1571,5,1571,0.125,1571,False,single_move_asset_to_target
published_ood_memory,published_ood_unconditional,val,529,5,0.5748867988586426,940,3,940,0.0,940,False,ensure_all_fruits_on_table
published_ood_memory,published_ood_unconditional,val,530,5,0.5903846025466919,1428,3,1428,0.0,1428,False,ensure_all_fruits_on_table
published_ood_memory,published_ood_unconditional,val,531,5,0.5554057359695435,73,3,73,0.0,73,False,ensure_all_fruits_on_table
published_ood_memory,published_ood_unconditional,val,532,5,0.5748867988586426,940,3,940,0.0,940,False,ensure_all_fruits_on_table
published_ood_memory,published_ood_unconditional,val,533,5,0.5554057359695435,73,3,73,0.0,73,False,ensure_all_fruits_on_table
published_ood_memory,published_ood_unconditional,val,534,5,0.6041234731674194,1571,5,1571,0.0,1571,False,single_move_asset_to_target
published_ood_memory,published_ood_unconditional,val,535,5,0.5971207618713379,583,8,583,0.0,583,False,sequential_pick_two_and_place
published_ood_memory,published_ood_unconditional,val,536,5,0.7544512748718262,3458,5,3458,0.0,3458,False,single_move_asset_to_target
published_ood_memory,published_ood_unconditional,val,537,5,0.6202489733695984,38,6,38,0.0,38,False,ensure_all_fruits_on_table
published_ood_memory,published_ood_unconditional,val,538,5,0.5554057359695435,73,6,73,0.0,73,False,ensure_all_fruits_on_table
published_ood_memory,published_ood_unconditional,val,539,5,0.7524831891059875,3458,5,3458,0.125,3458,False,single_move_asset_to_target
published_ood_memory,published_ood_unconditional,val,540,5,0.6041234731674194,1571,2,1571,0.2,1571,False,single_move_asset_to_target
published_ood_memory,published_ood_unconditional,val,541,5,0.5883312225341797,2700,8,2700,0.0,2700,False,sequential_pick_two_and_place
published_ood_memory,published_ood_unconditional,val,542,5,0.7524831891059875,3458,2,3458,0.2,3458,False,single_move_asset_to_target
published_ood_memory,published_ood_unconditional,val,543,5,0.5748867988586426,940,3,940,0.0,940,False,ensure_all_fruits_on_table
published_ood_memory,published_ood_unconditional,val,544,5,0.550321638584137,1401,6,1401,0.0,1401,False,ensure_all_fruits_on_table
published_ood_memory,published_ood_unconditional,val,545,5,0.5903846025466919,1428,3,1428,0.0,1428,False,ensure_all_fruits_on_table
published_ood_memory,published_ood_unconditional,val,546,5,0.5971207618713379,583,8,583,0.0,583,False,sequential_pick_two_and_place
published_ood_memory,published_ood_unconditional,val,547,5,0.550321638584137,1401,6,1401,0.0,1401,False,ensure_all_fruits_on_table
published_ood_memory,published_ood_unconditional,val,548,5,0.5971207618713379,583,8,583,0.0,583,False,sequential_pick_two_and_place
published_ood_memory,published_ood_unconditional,val,549,5,0.5554057359695435,73,6,73,0.0,73,False,ensure_all_fruits_on_table
published_ood_memory,published_ood_unconditional,val,550,5,0.550321638584137,1401,3,1401,0.0,1401,False,ensure_all_fruits_on_table
published_ood_memory,published_ood_unconditional,val,551,5,0.6202489733695984,38,3,38,0.0,38,False,ensure_all_fruits_on_table
published_ood_memory,published_ood_unconditional,val,552,5,0.5748867988586426,940,3,940,0.0,940,False,ensure_all_fruits_on_table
published_ood_memory,published_ood_unconditional,val,553,5,0.5554057359695435,73,3,73,0.0,73,False,ensure_all_fruits_on_table
published_ood_memory,published_ood_unconditional,val,554,5,0.5883312225341797,2700,8,2700,0.0,2700,False,sequential_pick_two_and_place
published_ood_memory,published_ood_unconditional,val,555,5,0.6202489733695984,38,3,38,0.0,38,False,ensure_all_fruits_on_table
published_ood_memory,published_ood_unconditional,val,556,5,0.7524831891059875,3458,5,3458,0.0,3458,False,single_move_asset_to_target
published_ood_memory,published_ood_unconditional,val,557,5,0.5554057359695435,73,3,73,0.0,73,False,ensure_all_fruits_on_table
published_ood_memory,published_ood_unconditional,val,558,5,0.7544512748718262,3458,2,3458,0.2,3458,False,single_move_asset_to_target
published_ood_memory,published_ood_unconditional,val,559,5,0.7544512748718262,3458,2,3458,0.2,3458,False,single_move_asset_to_target
published_ood_memory,published_ood_unconditional,val,560,5,0.6041234731674194,1571,5,1571,0.0,1571,False,single_move_asset_to_target
published_ood_memory,published_ood_unconditional,val,561,5,0.6041234731674194,1571,5,1571,0.125,1571,False,single_move_asset_to_target
published_ood_memory,published_ood_unconditional,val,562,5,0.5554057359695435,73,6,73,0.0,73,False,ensure_all_fruits_on_table
published_ood_memory,published_ood_unconditional,val,563,5,0.6202489733695984,38,3,38,0.0,38,False,ensure_all_fruits_on_table
published_ood_memory,published_ood_unconditional,val,564,5,0.5971207618713379,583,8,583,0.0,583,False,sequential_pick_two_and_place
published_ood_memory,published_ood_unconditional,val,565,5,0.7524831891059875,3458,2,3458,0.2,3458,False,single_move_asset_to_target
published_ood_memory,published_ood_unconditional,val,566,5,0.5883312225341797,2700,8,2700,0.0,2700,False,sequential_pick_two_and_place
published_ood_memory,published_ood_unconditional,val,567,5,0.6041234731674194,1571,2,1571,0.2,1571,False,single_move_asset_to_target
published_ood_memory,published_ood_unconditional,val,568,5,0.5554057359695435,73,6,73,0.0,73,False,ensure_all_fruits_on_table
published_ood_memory,published_ood_unconditional,val,569,5,0.7524831891059875,3458,2,3458,0.2,3458,False,single_move_asset_to_target
published_ood_memory,published_ood_unconditional,val,570,5,0.5971207618713379,583,8,583,0.0,583,False,sequential_pick_two_and_place
published_ood_memory,published_ood_unconditional,val,571,5,0.5748867988586426,940,3,940,0.0,940,False,ensure_all_fruits_on_table
published_ood_memory,published_ood_unconditional,val,572,5,0.5748867988586426,940,3,940,0.0,940,False,ensure_all_fruits_on_table
published_ood_memory,published_ood_unconditional,val,573,5,0.5903846025466919,1428,3,1428,0.0,1428,False,ensure_all_fruits_on_table
published_ood_memory,published_ood_unconditional,val,574,5,0.5554057359695435,73,3,73,0.0,73,False,ensure_all_fruits_on_table
published_ood_memory,published_ood_unconditional,val,575,5,0.5554057359695435,73,6,73,0.0,73,False,ensure_all_fruits_on_table
published_ood_memory,published_ood_unconditional,val,576,5,0.7524831891059875,3458,2,3458,0.2,3458,False,single_move_asset_to_target
published_ood_memory,published_ood_unconditional,val,577,5,0.6202489733695984,38,3,38,0.0,38,False,ensure_all_fruits_on_table
published_ood_memory,published_ood_unconditional,val,578,5,0.5748867988586426,940,3,940,0.0,940,False,ensure_all_fruits_on_table
published_ood_memory,published_ood_unconditional,val,579,5,0.5554057359695435,73,6,73,0.0,73,False,ensure_all_fruits_on_table
published_ood_memory,published_ood_unconditional,val,580,5,0.5883312225341797,2700,8,2700,0.0,2700,False,sequential_pick_two_and_place
published_ood_memory,published_ood_unconditional,val,581,5,0.7524831891059875,3458,2,3458,0.2,3458,False,single_move_asset_to_target
published_ood_memory,published_ood_unconditional,val,582,5,0.5554057359695435,73,6,73,0.0,73,False,ensure_all_fruits_on_table
published_ood_memory,published_ood_unconditional,val,583,5,0.5748867988586426,940,6,940,0.0,940,False,ensure_all_fruits_on_table
published_ood_memory,published_ood_unconditional,val,584,5,0.5883312225341797,2700,8,2700,0.0,2700,False,sequential_pick_two_and_place
published_ood_memory,published_ood_unconditional,val,585,5,0.5554057359695435,73,3,73,0.0,73,False,ensure_all_fruits_on_table
published_ood_memory,published_ood_unconditional,val,586,5,0.5903846025466919,1428,3,1428,0.0,1428,False,ensure_all_fruits_on_table
published_ood_memory,published_ood_unconditional,val,587,5,0.7544512748718262,3458,5,3458,0.125,3458,False,single_move_asset_to_target
published_ood_memory,published_ood_unconditional,val,588,5,0.7524831891059875,3458,5,3458,0.0,3458,False,single_move_asset_to_target
published_ood_memory,published_ood_unconditional,val,589,5,0.6041234731674194,1571,2,1571,0.2,1571,False,single_move_asset_to_target
published_ood_memory,published_ood_unconditional,val,590,5,0.550321638584137,1401,3,1401,0.0,1401,False,ensure_all_fruits_on_table
published_ood_memory,published_ood_unconditional,val,591,5,0.7544512748718262,3458,2,3458,0.2,3458,False,single_move_asset_to_target
published_ood_memory,published_ood_unconditional,val,592,5,0.6202489733695984,38,3,38,0.0,38,False,ensure_all_fruits_on_table
published_ood_memory,published_ood_unconditional,val,593,5,0.5903846025466919,1428,3,1428,0.0,1428,False,ensure_all_fruits_on_table
published_ood_memory,published_ood_unconditional,val,594,5,0.5903846025466919,1428,3,1428,0.0,1428,False,ensure_all_fruits_on_table
published_ood_memory,published_ood_unconditional,val,595,5,0.5883312225341797,2700,8,2700,0.0,2700,False,sequential_pick_two_and_place
published_ood_memory,published_ood_unconditional,val,596,5,0.5971207618713379,583,8,583,0.0,583,False,sequential_pick_two_and_place
published_ood_memory,published_ood_unconditional,val,597,5,0.550321638584137,1401,3,1401,0.0,1401,False,ensure_all_fruits_on_table
published_ood_memory,published_ood_unconditional,val,598,5,0.5748867988586426,940,6,940,0.0,940,False,ensure_all_fruits_on_table
published_ood_memory,published_ood_unconditional,val,599,5,0.5903846025466919,1428,6,1428,0.0,1428,False,ensure_all_fruits_on_table
published_ood_memory,published_ood_unconditional,val,600,5,0.5748867988586426,940,6,940,0.0,940,False,ensure_all_fruits_on_table
published_ood_memory,published_ood_unconditional,val,601,5,0.5971207618713379,583,8,583,0.0,583,False,sequential_pick_two_and_place
published_ood_memory,published_ood_unconditional,val,602,5,0.5971207618713379,583,8,583,0.0,583,False,sequential_pick_two_and_place
published_ood_memory,published_ood_unconditional,val,603,5,0.6202489733695984,38,3,38,0.0,38,False,ensure_all_fruits_on_table
published_ood_memory,published_ood_unconditional,val,604,5,0.550321638584137,1401,6,1401,0.0,1401,False,ensure_all_fruits_on_table
published_ood_memory,published_ood_unconditional,val,605,5,0.5903846025466919,1428,3,1428,0.0,1428,False,ensure_all_fruits_on_table
published_ood_memory,published_ood_unconditional,val,606,5,0.5971207618713379,583,8,583,0.0,583,False,sequential_pick_two_and_place
published_ood_memory,published_ood_unconditional,val,607,5,0.7524831891059875,3458,5,3458,0.0,3458,False,single_move_asset_to_target
published_ood_memory,published_ood_unconditional,val,608,5,0.5971207618713379,583,8,583,0.0,583,False,sequential_pick_two_and_place
published_ood_memory,published_ood_unconditional,val,609,5,0.5554057359695435,73,3,73,0.0,73,False,ensure_all_fruits_on_table
published_ood_memory,published_ood_unconditional,val,610,5,0.5554057359695435,73,3,73,0.0,73,False,ensure_all_fruits_on_table
published_ood_memory,published_ood_unconditional,val,611,5,0.6202489733695984,38,3,38,0.0,38,False,ensure_all_fruits_on_table
published_ood_memory,published_ood_unconditional,val,612,5,0.5748867988586426,940,3,940,0.0,940,False,ensure_all_fruits_on_table
published_ood_memory,published_ood_unconditional,val,613,5,0.5748867988586426,940,6,940,0.0,940,False,ensure_all_fruits_on_table
published_ood_memory,published_ood_unconditional,val,614,5,0.7544512748718262,3458,2,3458,0.2,3458,False,single_move_asset_to_target
published_ood_memory,published_ood_unconditional,val,615,5,0.5903846025466919,1428,3,1428,0.0,1428,False,ensure_all_fruits_on_table
published_ood_memory,published_ood_unconditional,val,616,5,0.5748867988586426,940,3,940,0.0,940,False,ensure_all_fruits_on_table
published_ood_memory,published_ood_unconditional,val,617,5,0.5903846025466919,1428,3,1428,0.0,1428,False,ensure_all_fruits_on_table
published_ood_memory,published_ood_unconditional,val,618,5,0.6202489733695984,38,6,38,0.0,38,False,ensure_all_fruits_on_table
published_ood_memory,published_ood_unconditional,val,619,5,0.6202489733695984,38,3,38,0.0,38,False,ensure_all_fruits_on_table
published_ood_memory,published_ood_unconditional,val,620,5,0.550321638584137,1401,6,1401,0.0,1401,False,ensure_all_fruits_on_table
published_ood_memory,published_ood_unconditional,val,621,5,0.7524831891059875,3458,5,3458,0.0,3458,False,single_move_asset_to_target
published_ood_memory,published_ood_unconditional,val,622,5,0.5903846025466919,1428,3,1428,0.0,1428,False,ensure_all_fruits_on_table
published_ood_memory,published_ood_unconditional,val,623,5,0.550321638584137,1401,3,1401,0.0,1401,False,ensure_all_fruits_on_table
published_ood_memory,published_ood_unconditional,val,624,5,0.5903846025466919,1428,3,1428,0.0,1428,False,ensure_all_fruits_on_table
published_ood_memory,published_ood_unconditional,val,625,5,0.5883312225341797,2700,8,2700,0.0,2700,False,sequential_pick_two_and_place
published_ood_memory,published_ood_unconditional,val,626,5,0.5971207618713379,583,8,583,0.0,583,False,sequential_pick_two_and_place
published_ood_memory,published_ood_unconditional,val,627,5,0.5883312225341797,2700,8,2700,0.0,2700,False,sequential_pick_two_and_place
published_ood_memory,published_ood_unconditional,val,628,5,0.7544512748718262,3458,5,3458,0.125,3458,False,single_move_asset_to_target
published_ood_memory,published_ood_unconditional,val,629,5,0.5748867988586426,940,3,940,0.0,940,False,ensure_all_fruits_on_table
published_ood_memory,published_ood_unconditional,val,630,5,0.5971207618713379,583,8,583,0.0,583,False,sequential_pick_two_and_place
published_ood_memory,published_ood_unconditional,val,631,5,0.5883312225341797,2700,8,2700,0.0,2700,False,sequential_pick_two_and_place
published_ood_memory,published_ood_unconditional,val,632,5,0.7524831891059875,3458,5,3458,0.0,3458,False,single_move_asset_to_target
published_ood_memory,published_ood_unconditional,val,633,5,0.5883312225341797,2700,8,2700,0.0,2700,False,sequential_pick_two_and_place
published_ood_memory,published_ood_unconditional,val,634,5,0.6041234731674194,1571,5,1571,0.0,1571,False,single_move_asset_to_target
published_ood_memory,published_ood_unconditional,val,635,5,0.5554057359695435,73,6,73,0.0,73,False,ensure_all_fruits_on_table
published_ood_memory,published_ood_unconditional,val,636,5,0.5903846025466919,1428,6,1428,0.0,1428,False,ensure_all_fruits_on_table
published_ood_memory,published_ood_unconditional,val,637,5,0.5554057359695435,73,6,73,0.0,73,False,ensure_all_fruits_on_table
published_ood_memory,published_ood_unconditional,val,638,5,0.7524831891059875,3458,5,3458,0.0,3458,False,single_move_asset_to_target
published_ood_memory,published_ood_unconditional,val,639,5,0.6041234731674194,1571,5,1571,0.125,1571,False,single_move_asset_to_target
published_ood_memory,published_ood_unconditional,val,640,5,0.5748867988586426,940,3,940,0.0,940,False,ensure_all_fruits_on_table
published_ood_memory,published_ood_unconditional,val,641,5,0.5554057359695435,73,3,73,0.0,73,False,ensure_all_fruits_on_table
published_ood_memory,published_ood_unconditional,val,642,5,0.6041234731674194,1571,5,1571,0.0,1571,False,single_move_asset_to_target
published_ood_memory,published_ood_unconditional,val,643,5,0.5554057359695435,73,6,73,0.0,73,False,ensure_all_fruits_on_table
published_ood_memory,published_ood_unconditional,val,644,5,0.6202489733695984,38,3,38,0.0,38,False,ensure_all_fruits_on_table
published_ood_memory,published_ood_unconditional,val,645,5,0.5883312225341797,2700,8,2700,0.0,2700,False,sequential_pick_two_and_place
published_ood_memory,published_ood_unconditional,val,646,5,0.550321638584137,1401,3,1401,0.0,1401,False,ensure_all_fruits_on_table
published_ood_memory,published_ood_unconditional,val,647,5,0.5971207618713379,583,8,583,0.0,583,False,sequential_pick_two_and_place
published_ood_memory,published_ood_unconditional,val,648,5,0.7544512748718262,3458,2,3458,0.2,3458,False,single_move_asset_to_target
published_ood_memory,published_ood_unconditional,val,649,5,0.5971207618713379,583,8,583,0.0,583,False,sequential_pick_two_and_place
published_ood_memory,published_ood_unconditional,val,650,5,0.5903846025466919,1428,3,1428,0.0,1428,False,ensure_all_fruits_on_table
published_ood_memory,published_ood_unconditional,val,651,5,0.5971207618713379,583,8,583,0.0,583,False,sequential_pick_two_and_place
published_ood_memory,published_ood_unconditional,val,652,5,0.5554057359695435,73,6,73,0.0,73,False,ensure_all_fruits_on_table
published_ood_memory,published_ood_unconditional,val,653,5,0.7524831891059875,3458,5,3458,0.0,3458,False,single_move_asset_to_target
published_ood_memory,published_ood_unconditional,val,654,5,0.5748867988586426,940,3,940,0.0,940,False,ensure_all_fruits_on_table
published_ood_memory,published_ood_unconditional,val,655,5,0.7544512748718262,3458,2,3458,0.2,3458,False,single_move_asset_to_target
published_ood_memory,published_ood_unconditional,val,656,5,0.5883312225341797,2700,8,2700,0.0,2700,False,sequential_pick_two_and_place
published_ood_memory,published_ood_unconditional,val,657,5,0.5903846025466919,1428,3,1428,0.0,1428,False,ensure_all_fruits_on_table
published_ood_memory,published_ood_unconditional,val,658,5,0.5748867988586426,940,6,940,0.0,940,False,ensure_all_fruits_on_table
published_ood_memory,published_ood_unconditional,val,659,5,0.6041234731674194,1571,2,1571,0.2,1571,False,single_move_asset_to_target
published_ood_memory,published_ood_unconditional,val,660,5,0.7544512748718262,3458,5,3458,0.0,3458,False,single_move_asset_to_target
published_ood_memory,published_ood_unconditional,val,661,5,0.6202489733695984,38,3,38,0.0,38,False,ensure_all_fruits_on_table
published_ood_memory,published_ood_unconditional,val,662,5,0.5748867988586426,940,3,940,0.0,940,False,ensure_all_fruits_on_table
published_ood_memory,published_ood_unconditional,val,663,5,0.5554057359695435,73,6,73,0.0,73,False,ensure_all_fruits_on_table
published_ood_memory,published_ood_unconditional,val,664,5,0.4980379641056061,202,3,202,0.0,202,False,ensure_all_fruits_on_table
published_ood_memory,published_ood_unconditional,val,665,5,0.7524831891059875,3458,2,3458,0.2,3458,False,single_move_asset_to_target
published_ood_memory,published_ood_unconditional,val,666,5,0.550321638584137,1401,3,1401,0.0,1401,False,ensure_all_fruits_on_table
published_ood_memory,published_ood_unconditional,val,667,5,0.7524831891059875,3458,2,3458,0.2,3458,False,single_move_asset_to_target
published_ood_memory,published_ood_unconditional,val,668,5,0.5971207618713379,583,8,583,0.0,583,False,sequential_pick_two_and_place
published_ood_memory,published_ood_unconditional,val,669,5,0.4980379641056061,202,3,202,0.0,202,False,ensure_all_fruits_on_table
published_ood_memory,published_ood_unconditional,val,670,5,0.5971207618713379,583,8,583,0.0,583,False,sequential_pick_two_and_place
published_ood_memory,published_ood_unconditional,val,671,5,0.5971207618713379,583,8,583,0.0,583,False,sequential_pick_two_and_place
published_ood_memory,published_ood_unconditional,val,672,5,0.5748867988586426,940,6,940,0.0,940,False,ensure_all_fruits_on_table
published_ood_memory,published_ood_unconditional,val,673,5,0.6213803291320801,2767,8,2767,0.0,2767,False,serve_bread_after_checking_cabinet
published_ood_memory,published_ood_unconditional,val,674,5,0.5971207618713379,583,8,583,0.0,583,False,sequential_pick_two_and_place
published_ood_memory,published_ood_unconditional,val,675,5,0.6213803291320801,2767,8,2767,0.0,2767,False,serve_bread_after_checking_cabinet
published_ood_memory,published_ood_unconditional,val,676,5,0.5554057359695435,73,6,73,0.0,73,False,ensure_all_fruits_on_table
published_ood_memory,published_ood_unconditional,val,677,5,0.5883312225341797,2700,8,2700,0.0,2700,False,sequential_pick_two_and_place
published_ood_memory,published_ood_unconditional,val,678,5,0.5971207618713379,583,8,583,0.0,583,False,sequential_pick_two_and_place
published_ood_memory,published_ood_unconditional,val,679,5,0.7524831891059875,3458,5,3458,0.125,3458,False,single_move_asset_to_target
published_ood_memory,published_ood_unconditional,val,680,5,0.4980379641056061,202,6,202,0.0,202,False,ensure_all_fruits_on_table
published_ood_memory,published_ood_unconditional,val,681,5,0.4980379641056061,202,6,202,0.0,202,False,ensure_all_fruits_on_table
published_ood_memory,published_ood_unconditional,val,682,5,0.5971207618713379,583,8,583,0.0,583,False,sequential_pick_two_and_place
published_ood_memory,published_ood_unconditional,val,683,5,0.550321638584137,1401,6,1401,0.0,1401,False,ensure_all_fruits_on_table
published_ood_memory,published_ood_unconditional,val,684,5,0.6213803291320801,2767,8,2767,0.0,2767,False,serve_bread_after_checking_cabinet
published_ood_memory,published_ood_unconditional,val,685,5,0.550321638584137,1401,3,1401,0.0,1401,False,ensure_all_fruits_on_table
published_ood_memory,published_ood_unconditional,val,686,5,0.5883312225341797,2700,8,2700,0.0,2700,False,sequential_pick_two_and_place
published_ood_memory,published_ood_unconditional,val,687,5,0.550321638584137,1401,6,1401,0.0,1401,False,ensure_all_fruits_on_table
published_ood_memory,published_ood_unconditional,val,688,5,0.4980379641056061,202,3,202,0.0,202,False,ensure_all_fruits_on_table
published_ood_memory,published_ood_unconditional,val,689,5,0.5971207618713379,583,8,583,0.0,583,False,sequential_pick_two_and_place
published_ood_memory,published_ood_unconditional,val,690,5,0.5748867988586426,940,6,940,0.0,940,False,ensure_all_fruits_on_table
published_ood_memory,published_ood_unconditional,val,691,5,0.7524831891059875,3458,5,3458,0.0,3458,False,single_move_asset_to_target
published_ood_memory,published_ood_unconditional,val,692,5,0.6213803291320801,2767,8,2767,0.0,2767,False,serve_bread_after_checking_cabinet
published_ood_memory,published_ood_unconditional,val,693,5,0.5883312225341797,2700,8,2700,0.0,2700,False,sequential_pick_two_and_place
published_ood_memory,published_ood_unconditional,val,694,5,0.4980379641056061,202,3,202,0.0,202,False,ensure_all_fruits_on_table
published_ood_memory,published_ood_unconditional,val,695,5,0.550321638584137,1401,6,1401,0.0,1401,False,ensure_all_fruits_on_table
published_ood_memory,published_ood_unconditional,val,696,5,0.5903846025466919,1428,6,1428,0.0,1428,False,ensure_all_fruits_on_table
published_ood_memory,published_ood_unconditional,val,697,5,0.4980379641056061,202,6,202,0.0,202,False,ensure_all_fruits_on_table
published_ood_memory,published_ood_unconditional,val,698,5,0.5554057359695435,73,3,73,0.0,73,False,ensure_all_fruits_on_table
published_ood_memory,published_ood_unconditional,val,699,5,0.550321638584137,1401,6,1401,0.0,1401,False,ensure_all_fruits_on_table
published_ood_memory,published_ood_unconditional,val,700,5,0.4980379641056061,202,6,202,0.0,202,False,ensure_all_fruits_on_table
published_ood_memory,published_ood_unconditional,val,701,5,0.5883312225341797,2700,8,2700,0.0,2700,False,sequential_pick_two_and_place
published_ood_memory,published_ood_unconditional,val,702,5,0.5883312225341797,2700,8,2700,0.0,2700,False,sequential_pick_two_and_place
published_ood_memory,published_ood_unconditional,val,703,5,0.4980379641056061,202,3,202,0.0,202,False,ensure_all_fruits_on_table
published_ood_memory,published_ood_unconditional,val,704,5,0.7524831891059875,3458,5,3458,0.0,3458,False,single_move_asset_to_target
published_ood_memory,published_ood_unconditional,val,705,5,0.4980379641056061,202,6,202,0.0,202,False,ensure_all_fruits_on_table
published_ood_memory,published_ood_unconditional,val,706,5,0.5971207618713379,583,8,583,0.0,583,False,sequential_pick_two_and_place
published_ood_memory,published_ood_unconditional,val,707,5,0.5554057359695435,73,3,73,0.0,73,False,ensure_all_fruits_on_table
published_ood_memory,published_ood_unconditional,val,708,5,0.4980379641056061,202,3,202,0.0,202,False,ensure_all_fruits_on_table
published_ood_memory,published_ood_unconditional,val,709,5,0.4980379641056061,202,3,202,0.0,202,False,ensure_all_fruits_on_table
published_ood_memory,published_ood_unconditional,val,710,5,0.4980379641056061,202,3,202,0.0,202,False,ensure_all_fruits_on_table
published_ood_memory,published_ood_unconditional,val,711,5,0.550321638584137,1401,3,1401,0.0,1401,False,ensure_all_fruits_on_table
published_ood_memory,published_ood_unconditional,val,712,5,0.5748867988586426,940,3,940,0.0,940,False,ensure_all_fruits_on_table
published_ood_memory,published_ood_unconditional,val,713,5,0.7524831891059875,3458,5,3458,0.0,3458,False,single_move_asset_to_target
published_ood_memory,published_ood_unconditional,val,714,5,0.5903846025466919,1428,3,1428,0.0,1428,False,ensure_all_fruits_on_table
published_ood_memory,published_ood_unconditional,val,715,5,0.4980379641056061,202,3,202,0.0,202,False,ensure_all_fruits_on_table
published_ood_memory,published_ood_unconditional,val,716,5,0.7524831891059875,3458,5,3458,0.125,3458,False,single_move_asset_to_target
published_ood_memory,published_ood_unconditional,val,717,5,0.4980379641056061,202,6,202,0.0,202,False,ensure_all_fruits_on_table
published_ood_memory,published_ood_unconditional,val,718,5,0.550321638584137,1401,3,1401,0.0,1401,False,ensure_all_fruits_on_table
published_ood_memory,published_ood_unconditional,val,719,5,0.7524831891059875,3458,5,3458,0.0,3458,False,single_move_asset_to_target
published_ood_memory,published_ood_unconditional,val,720,5,0.5554057359695435,73,6,73,0.0,73,False,ensure_all_fruits_on_table
published_ood_memory,published_ood_unconditional,val,721,5,0.5971207618713379,583,8,583,0.0,583,False,sequential_pick_two_and_place
published_ood_memory,published_ood_unconditional,val,722,5,0.6213803291320801,2767,8,2767,0.0,2767,False,serve_bread_after_checking_cabinet
published_ood_memory,published_ood_unconditional,val,723,5,0.5748867988586426,940,3,940,0.0,940,False,ensure_all_fruits_on_table
published_ood_memory,published_ood_unconditional,val,724,5,0.6213803291320801,2767,8,2767,0.0,2767,False,serve_bread_after_checking_cabinet
published_ood_memory,published_ood_unconditional,val,725,5,0.5883312225341797,2700,8,2700,0.0,2700,False,sequential_pick_two_and_place
published_ood_memory,published_ood_unconditional,val,726,5,0.4980379641056061,202,3,202,0.0,202,False,ensure_all_fruits_on_table
published_ood_memory,published_ood_unconditional,val,727,5,0.5554057359695435,73,6,73,0.0,73,False,ensure_all_fruits_on_table
published_ood_memory,published_ood_unconditional,val,728,5,0.5748867988586426,940,3,940,0.0,940,False,ensure_all_fruits_on_table
published_ood_memory,published_ood_unconditional,val,729,5,0.5748867988586426,940,3,940,0.0,940,False,ensure_all_fruits_on_table
published_ood_memory,published_ood_unconditional,val,730,5,0.5554057359695435,73,6,73,0.0,73,False,ensure_all_fruits_on_table
published_ood_memory,published_ood_unconditional,val,731,5,0.6202489733695984,38,6,38,0.0,38,False,ensure_all_fruits_on_table
published_ood_memory,published_ood_unconditional,val,732,5,0.5883312225341797,2700,8,2700,0.0,2700,False,sequential_pick_two_and_place
published_ood_memory,published_ood_unconditional,val,733,5,0.5883312225341797,2700,8,2700,0.0,2700,False,sequential_pick_two_and_place
published_ood_memory,published_ood_unconditional,val,734,5,0.5903846025466919,1428,3,1428,0.0,1428,False,ensure_all_fruits_on_table
published_ood_memory,published_ood_unconditional,val,735,5,0.5971207618713379,583,8,583,0.0,583,False,sequential_pick_two_and_place
published_ood_memory,published_ood_unconditional,val,736,5,0.5748867988586426,940,6,940,0.0,940,False,ensure_all_fruits_on_table
published_ood_memory,published_ood_unconditional,val,737,5,0.550321638584137,1401,3,1401,0.0,1401,False,ensure_all_fruits_on_table
published_ood_memory,published_ood_unconditional,val,738,5,0.5554057359695435,73,6,73,0.0,73,False,ensure_all_fruits_on_table
published_ood_memory,published_ood_unconditional,val,739,5,0.5903846025466919,1428,6,1428,0.0,1428,False,ensure_all_fruits_on_table
published_ood_memory,published_ood_unconditional,val,740,5,0.5971207618713379,583,8,583,0.0,583,False,sequential_pick_two_and_place
published_ood_memory,published_ood_unconditional,val,741,5,0.5554057359695435,73,3,73,0.0,73,False,ensure_all_fruits_on_table
published_ood_memory,published_ood_unconditional,val,742,5,0.5883312225341797,2700,8,2700,0.0,2700,False,sequential_pick_two_and_place
published_ood_memory,published_ood_unconditional,val,743,5,0.550321638584137,1401,3,1401,0.0,1401,False,ensure_all_fruits_on_table
published_ood_memory,published_ood_unconditional,val,744,5,0.6202489733695984,38,6,38,0.0,38,False,ensure_all_fruits_on_table
published_ood_memory,published_ood_unconditional,val,745,5,0.4980379641056061,202,3,202,0.0,202,False,ensure_all_fruits_on_table
published_ood_memory,published_ood_unconditional,val,746,5,0.550321638584137,1401,3,1401,0.0,1401,False,ensure_all_fruits_on_table
published_ood_memory,published_ood_unconditional,val,747,5,0.5883312225341797,2700,8,2700,0.0,2700,False,sequential_pick_two_and_place
published_ood_memory,published_ood_unconditional,val,748,5,0.550321638584137,1401,3,1401,0.0,1401,False,ensure_all_fruits_on_table
published_ood_memory,published_ood_unconditional,val,749,5,0.5971207618713379,583,8,583,0.0,583,False,sequential_pick_two_and_place
published_ood_memory,published_ood_unconditional,val,750,5,0.5903846025466919,1428,3,1428,0.0,1428,False,ensure_all_fruits_on_table
published_ood_memory,published_ood_unconditional,val,751,5,0.5554057359695435,73,6,73,0.0,73,False,ensure_all_fruits_on_table
published_ood_memory,published_ood_unconditional,val,752,5,0.5883312225341797,2700,8,2700,0.0,2700,False,sequential_pick_two_and_place
published_ood_memory,published_ood_unconditional,val,753,5,0.550321638584137,1401,3,1401,0.0,1401,False,ensure_all_fruits_on_table
published_ood_memory,published_ood_unconditional,val,754,5,0.5554057359695435,73,3,73,0.0,73,False,ensure_all_fruits_on_table
published_ood_memory,published_ood_unconditional,val,755,5,0.4980379641056061,202,6,202,0.0,202,False,ensure_all_fruits_on_table
published_ood_memory,published_ood_unconditional,val,756,5,0.550321638584137,1401,3,1401,0.0,1401,False,ensure_all_fruits_on_table
published_ood_memory,published_ood_unconditional,val,757,5,0.6213803291320801,2767,8,2767,0.0,2767,False,serve_bread_after_checking_cabinet
published_ood_memory,published_ood_unconditional,val,758,5,0.5903846025466919,1428,3,1428,0.0,1428,False,ensure_all_fruits_on_table
published_ood_memory,published_ood_unconditional,val,759,5,0.7524831891059875,3458,2,3458,0.2,3458,False,single_move_asset_to_target
published_ood_memory,published_ood_unconditional,val,760,5,0.5971207618713379,583,8,583,0.0,583,False,sequential_pick_two_and_place
published_ood_memory,published_ood_unconditional,val,761,5,0.4980379641056061,202,3,202,0.0,202,False,ensure_all_fruits_on_table
published_ood_memory,published_ood_unconditional,val,762,5,0.4980379641056061,202,6,202,0.0,202,False,ensure_all_fruits_on_table
published_ood_memory,published_ood_unconditional,val,763,5,0.6213803291320801,2767,8,2767,0.0,2767,False,serve_bread_after_checking_cabinet
published_ood_memory,published_ood_unconditional,val,764,5,0.5554057359695435,73,3,73,0.0,73,False,ensure_all_fruits_on_table
published_ood_memory,published_ood_unconditional,val,765,5,0.550321638584137,1401,3,1401,0.0,1401,False,ensure_all_fruits_on_table
published_ood_memory,published_ood_unconditional,val,766,5,0.4980379641056061,202,3,202,0.0,202,False,ensure_all_fruits_on_table
published_ood_memory,published_ood_unconditional,val,767,5,0.7524831891059875,3458,2,3458,0.2,3458,False,single_move_asset_to_target
published_ood_memory,published_ood_unconditional,val,768,5,0.5903846025466919,1428,6,1428,0.0,1428,False,ensure_all_fruits_on_table
published_ood_memory,published_ood_unconditional,val,769,5,0.5903846025466919,1428,3,1428,0.0,1428,False,ensure_all_fruits_on_table
published_ood_memory,published_ood_unconditional,val,770,5,0.5971207618713379,583,8,583,0.0,583,False,sequential_pick_two_and_place
published_ood_memory,published_ood_unconditional,val,771,5,0.5748867988586426,940,3,940,0.0,940,False,ensure_all_fruits_on_table
published_ood_memory,published_ood_unconditional,val,772,5,0.5748867988586426,940,6,940,0.0,940,False,ensure_all_fruits_on_table
published_ood_memory,published_ood_unconditional,val,773,5,0.6202489733695984,38,6,38,0.0,38,False,ensure_all_fruits_on_table
published_ood_memory,published_ood_unconditional,val,774,5,0.5554057359695435,73,6,73,0.0,73,False,ensure_all_fruits_on_table
published_ood_memory,published_ood_unconditional,val,775,5,0.6202489733695984,38,6,38,0.0,38,False,ensure_all_fruits_on_table
published_ood_memory,published_ood_unconditional,val,776,5,0.5748867988586426,940,3,940,0.0,940,False,ensure_all_fruits_on_table
published_ood_memory,published_ood_unconditional,val,777,5,0.5971207618713379,583,8,583,0.0,583,False,sequential_pick_two_and_place
published_ood_memory,published_ood_unconditional,val,778,5,0.5971207618713379,583,8,583,0.0,583,False,sequential_pick_two_and_place
published_ood_memory,published_ood_unconditional,val,779,5,0.5554057359695435,73,3,73,0.0,73,False,ensure_all_fruits_on_table
published_ood_memory,published_ood_unconditional,val,780,5,0.5971207618713379,583,8,583,0.0,583,False,sequential_pick_two_and_place
published_ood_memory,published_ood_unconditional,val,781,5,0.5748867988586426,940,3,940,0.0,940,False,ensure_all_fruits_on_table
published_ood_memory,published_ood_unconditional,val,782,5,0.5883312225341797,2700,8,2700,0.0,2700,False,sequential_pick_two_and_place
published_ood_memory,published_ood_unconditional,val,783,5,0.7524831891059875,3458,5,3458,0.0,3458,False,single_move_asset_to_target
published_ood_memory,published_ood_unconditional,val,784,5,0.5748867988586426,940,6,940,0.0,940,False,ensure_all_fruits_on_table
published_ood_memory,published_ood_unconditional,val,785,5,0.7524831891059875,3458,2,3458,0.2,3458,False,single_move_asset_to_target
published_ood_memory,published_ood_unconditional,val,786,5,0.5748867988586426,940,6,940,0.0,940,False,ensure_all_fruits_on_table
published_ood_memory,published_ood_unconditional,val,787,5,0.5554057359695435,73,3,73,0.0,73,False,ensure_all_fruits_on_table
published_ood_memory,published_ood_unconditional,val,788,5,0.5903846025466919,1428,3,1428,0.0,1428,False,ensure_all_fruits_on_table
published_ood_memory,published_ood_unconditional,val,789,5,0.5748867988586426,940,3,940,0.0,940,False,ensure_all_fruits_on_table
published_ood_memory,published_ood_unconditional,val,790,5,0.5883312225341797,2700,8,2700,0.0,2700,False,sequential_pick_two_and_place
published_ood_memory,published_ood_unconditional,val,791,5,0.6202489733695984,38,6,38,0.0,38,False,ensure_all_fruits_on_table
published_ood_memory,published_ood_unconditional,val,792,5,0.5554057359695435,73,6,73,0.0,73,False,ensure_all_fruits_on_table
published_ood_memory,published_ood_unconditional,val,793,5,0.5883312225341797,2700,8,2700,0.0,2700,False,sequential_pick_two_and_place
published_ood_memory,published_ood_unconditional,val,794,5,0.4980379641056061,202,6,202,0.0,202,False,ensure_all_fruits_on_table
published_ood_memory,published_ood_unconditional,val,795,5,0.5554057359695435,73,3,73,0.0,73,False,ensure_all_fruits_on_table
published_ood_memory,published_ood_unconditional,val,796,5,0.5554057359695435,73,6,73,0.0,73,False,ensure_all_fruits_on_table
published_ood_memory,published_ood_unconditional,val,797,5,0.5748867988586426,940,3,940,0.0,940,False,ensure_all_fruits_on_table
published_ood_memory,published_ood_unconditional,val,798,5,0.5748867988586426,940,3,940,0.0,940,False,ensure_all_fruits_on_table
published_ood_memory,published_ood_unconditional,val,799,5,0.6202489733695984,38,3,38,0.0,38,False,ensure_all_fruits_on_table
published_ood_memory,published_ood_unconditional,val,800,5,0.5971207618713379,583,8,583,0.0,583,False,sequential_pick_two_and_place
published_ood_memory,published_ood_unconditional,val,801,5,0.4980379641056061,202,6,202,0.0,202,False,ensure_all_fruits_on_table
published_ood_memory,published_ood_unconditional,val,802,5,0.7524831891059875,3458,5,3458,0.0,3458,False,single_move_asset_to_target
published_ood_memory,published_ood_unconditional,val,803,5,0.4980379641056061,202,6,202,0.0,202,False,ensure_all_fruits_on_table
published_ood_memory,published_ood_unconditional,val,804,5,0.7524831891059875,3458,5,3458,0.0,3458,False,single_move_asset_to_target
published_ood_memory,published_ood_unconditional,val,805,5,0.6213803291320801,2767,8,2767,0.0,2767,False,serve_bread_after_checking_cabinet
published_ood_memory,published_ood_unconditional,val,806,5,0.5748867988586426,940,6,940,0.0,940,False,ensure_all_fruits_on_table
published_ood_memory,published_ood_unconditional,val,807,5,0.5903846025466919,1428,3,1428,0.0,1428,False,ensure_all_fruits_on_table
published_ood_memory,published_ood_unconditional,val,808,5,0.5883312225341797,2700,8,2700,0.0,2700,False,sequential_pick_two_and_place
published_ood_memory,published_ood_unconditional,val,809,5,0.5554057359695435,73,3,73,0.0,73,False,ensure_all_fruits_on_table
published_ood_memory,published_ood_unconditional,val,810,5,0.5903846025466919,1428,6,1428,0.0,1428,False,ensure_all_fruits_on_table
published_ood_memory,published_ood_unconditional,val,811,5,0.4980379641056061,202,3,202,0.0,202,False,ensure_all_fruits_on_table
published_ood_memory,published_ood_unconditional,val,812,5,0.5554057359695435,73,3,73,0.0,73,False,ensure_all_fruits_on_table
published_ood_memory,published_ood_unconditional,val,813,5,0.5903846025466919,1428,6,1428,0.0,1428,False,ensure_all_fruits_on_table
published_ood_memory,published_ood_unconditional,val,814,5,0.5554057359695435,73,6,73,0.0,73,False,ensure_all_fruits_on_table
published_ood_memory,published_ood_unconditional,val,815,5,0.6213803291320801,2767,8,2767,0.0,2767,False,serve_bread_after_checking_cabinet
published_ood_memory,published_ood_unconditional,val,816,5,0.6213803291320801,2767,8,2767,0.0,2767,False,serve_bread_after_checking_cabinet
published_ood_memory,published_ood_unconditional,val,817,5,0.5971207618713379,583,8,583,0.0,583,False,sequential_pick_two_and_place
published_ood_memory,published_ood_unconditional,val,818,5,0.7524831891059875,3458,2,3458,0.2,3458,False,single_move_asset_to_target
published_ood_memory,published_ood_unconditional,val,819,5,0.5748867988586426,940,6,940,0.0,940,False,ensure_all_fruits_on_table
published_ood_memory,published_ood_unconditional,val,820,5,0.6202489733695984,38,3,38,0.0,38,False,ensure_all_fruits_on_table
published_ood_memory,published_ood_unconditional,val,821,5,0.5971207618713379,583,8,583,0.0,583,False,sequential_pick_two_and_place
published_ood_memory,published_ood_unconditional,val,822,5,0.550321638584137,1401,3,1401,0.0,1401,False,ensure_all_fruits_on_table
published_ood_memory,published_ood_unconditional,val,823,5,0.6202489733695984,38,3,38,0.0,38,False,ensure_all_fruits_on_table
published_ood_memory,published_ood_unconditional,val,824,5,0.6202489733695984,38,6,38,0.0,38,False,ensure_all_fruits_on_table
published_ood_memory,published_ood_unconditional,val,825,5,0.6213803291320801,2767,8,2767,0.0,2767,False,serve_bread_after_checking_cabinet
published_ood_memory,published_ood_unconditional,val,826,5,0.5883312225341797,2700,8,2700,0.0,2700,False,sequential_pick_two_and_place
published_ood_memory,published_ood_unconditional,val,827,5,0.6213803291320801,2767,8,2767,0.0,2767,False,serve_bread_after_checking_cabinet
published_ood_memory,published_ood_unconditional,val,828,5,0.6202489733695984,38,3,38,0.0,38,False,ensure_all_fruits_on_table
published_ood_memory,published_ood_unconditional,val,829,5,0.5883312225341797,2700,8,2700,0.0,2700,False,sequential_pick_two_and_place
published_ood_memory,published_ood_unconditional,val,830,5,0.6202489733695984,38,6,38,0.0,38,False,ensure_all_fruits_on_table
published_ood_memory,published_ood_unconditional,val,831,5,0.5554057359695435,73,3,73,0.0,73,False,ensure_all_fruits_on_table
published_ood_memory,published_ood_unconditional,val,832,5,0.5554057359695435,73,6,73,0.0,73,False,ensure_all_fruits_on_table
published_ood_memory,published_ood_unconditional,val,833,5,0.550321638584137,1401,3,1401,0.0,1401,False,ensure_all_fruits_on_table
published_ood_memory,published_ood_unconditional,val,834,5,0.5903846025466919,1428,6,1428,0.0,1428,False,ensure_all_fruits_on_table
published_ood_memory,published_ood_unconditional,val,835,5,0.6213803291320801,2767,8,2767,0.0,2767,False,serve_bread_after_checking_cabinet
published_ood_memory,published_ood_unconditional,val,836,5,0.5554057359695435,73,3,73,0.0,73,False,ensure_all_fruits_on_table
published_ood_memory,published_ood_unconditional,val,837,5,0.6202489733695984,38,3,38,0.0,38,False,ensure_all_fruits_on_table
published_ood_memory,published_ood_unconditional,val,838,5,0.6202489733695984,38,3,38,0.0,38,False,ensure_all_fruits_on_table
published_ood_memory,published_ood_unconditional,val,839,5,0.550321638584137,1401,3,1401,0.0,1401,False,ensure_all_fruits_on_table
published_ood_memory,published_ood_unconditional,val,840,5,0.5883312225341797,2700,8,2700,0.0,2700,False,sequential_pick_two_and_place
published_ood_memory,published_ood_unconditional,val,841,5,0.5903846025466919,1428,3,1428,0.0,1428,False,ensure_all_fruits_on_table
published_ood_memory,published_ood_unconditional,val,842,5,0.4980379641056061,202,3,202,0.0,202,False,ensure_all_fruits_on_table
published_ood_memory,published_ood_unconditional,val,843,5,0.550321638584137,1401,3,1401,0.0,1401,False,ensure_all_fruits_on_table
published_ood_memory,published_ood_unconditional,val,844,5,0.6213803291320801,2767,8,2767,0.0,2767,False,serve_bread_after_checking_cabinet
published_ood_memory,published_ood_unconditional,val,845,5,0.7524831891059875,3458,2,3458,0.2,3458,False,single_move_asset_to_target
published_ood_memory,published_ood_unconditional,val,846,5,0.5883312225341797,2700,8,2700,0.0,2700,False,sequential_pick_two_and_place
published_ood_memory,published_ood_unconditional,val,847,5,0.5971207618713379,583,8,583,0.0,583,False,sequential_pick_two_and_place
published_ood_memory,published_ood_unconditional,val,848,5,0.4980379641056061,202,6,202,0.0,202,False,ensure_all_fruits_on_table
published_ood_memory,published_ood_unconditional,val,849,5,0.5883312225341797,2700,8,2700,0.0,2700,False,sequential_pick_two_and_place
published_ood_memory,published_ood_unconditional,val,850,5,0.5971207618713379,583,8,583,0.0,583,False,sequential_pick_two_and_place
published_ood_memory,published_ood_unconditional,val,851,5,0.5971207618713379,583,8,583,0.0,583,False,sequential_pick_two_and_place
published_ood_memory,published_ood_unconditional,val,852,5,0.5748867988586426,940,3,940,0.0,940,False,ensure_all_fruits_on_table
published_ood_memory,published_ood_unconditional,val,853,5,0.6213803291320801,2767,8,2767,0.0,2767,False,serve_bread_after_checking_cabinet
published_ood_memory,published_ood_unconditional,val,854,5,0.5971207618713379,583,8,583,0.0,583,False,sequential_pick_two_and_place
published_ood_memory,published_ood_unconditional,val,855,5,0.5554057359695435,73,6,73,0.0,73,False,ensure_all_fruits_on_table
published_ood_memory,published_ood_unconditional,val,856,5,0.550321638584137,1401,3,1401,0.0,1401,False,ensure_all_fruits_on_table
published_ood_memory,published_ood_unconditional,val,857,5,0.7524831891059875,3458,5,3458,0.0,3458,False,single_move_asset_to_target
published_ood_memory,published_ood_unconditional,val,858,5,0.550321638584137,1401,6,1401,0.0,1401,False,ensure_all_fruits_on_table
published_ood_memory,published_ood_unconditional,val,859,5,0.6202489733695984,38,6,38,0.0,38,False,ensure_all_fruits_on_table
published_ood_memory,published_ood_unconditional,val,860,5,0.5554057359695435,73,3,73,0.0,73,False,ensure_all_fruits_on_table
published_ood_memory,published_ood_unconditional,val,861,5,0.6213803291320801,2767,8,2767,0.0,2767,False,serve_bread_after_checking_cabinet
published_ood_memory,published_ood_unconditional,val,862,5,0.7524831891059875,3458,5,3458,0.125,3458,False,single_move_asset_to_target
published_ood_memory,published_ood_unconditional,val,863,5,0.6202489733695984,38,3,38,0.0,38,False,ensure_all_fruits_on_table
published_ood_memory,published_ood_unconditional,val,864,5,0.5883312225341797,2700,8,2700,0.0,2700,False,sequential_pick_two_and_place
published_ood_memory,published_ood_unconditional,val,865,5,0.550321638584137,1401,6,1401,0.0,1401,False,ensure_all_fruits_on_table
published_ood_memory,published_ood_unconditional,val,866,5,0.5554057359695435,73,6,73,0.0,73,False,ensure_all_fruits_on_table
published_ood_memory,published_ood_unconditional,val,867,5,0.5748867988586426,940,3,940,0.0,940,False,ensure_all_fruits_on_table
published_ood_memory,published_ood_unconditional,val,868,5,0.4980379641056061,202,6,202,0.0,202,False,ensure_all_fruits_on_table
published_ood_memory,published_ood_unconditional,val,869,5,0.5554057359695435,73,6,73,0.0,73,False,ensure_all_fruits_on_table
published_ood_memory,published_ood_unconditional,val,870,5,0.5554057359695435,73,3,73,0.0,73,False,ensure_all_fruits_on_table
published_ood_memory,published_ood_unconditional,val,871,5,0.5903846025466919,1428,6,1428,0.0,1428,False,ensure_all_fruits_on_table
published_ood_memory,published_ood_unconditional,val,872,5,0.5883312225341797,2700,8,2700,0.0,2700,False,sequential_pick_two_and_place
published_ood_memory,published_ood_unconditional,val,873,5,0.5903846025466919,1428,3,1428,0.0,1428,False,ensure_all_fruits_on_table
published_ood_memory,published_ood_unconditional,val,874,5,0.6213803291320801,2767,8,2767,0.0,2767,False,serve_bread_after_checking_cabinet
published_ood_memory,published_ood_unconditional,val,875,5,0.5971207618713379,583,8,583,0.0,583,False,sequential_pick_two_and_place
published_ood_memory,published_ood_unconditional,val,876,5,0.5748867988586426,940,3,940,0.0,940,False,ensure_all_fruits_on_table
published_ood_memory,published_ood_unconditional,val,877,5,0.5971207618713379,583,8,583,0.0,583,False,sequential_pick_two_and_place
published_ood_memory,published_ood_unconditional,val,878,5,0.5971207618713379,583,8,583,0.0,583,False,sequential_pick_two_and_place
published_ood_memory,published_ood_unconditional,val,879,5,0.5971207618713379,583,8,583,0.0,583,False,sequential_pick_two_and_place
published_ood_memory,published_ood_unconditional,val,880,5,0.6202489733695984,38,3,38,0.0,38,False,ensure_all_fruits_on_table
published_ood_memory,published_ood_unconditional,val,881,5,0.5748867988586426,940,3,940,0.0,940,False,ensure_all_fruits_on_table
published_ood_memory,published_ood_unconditional,val,882,5,0.5883312225341797,2700,8,2700,0.0,2700,False,sequential_pick_two_and_place
published_ood_memory,published_ood_unconditional,val,883,5,0.5748867988586426,940,3,940,0.0,940,False,ensure_all_fruits_on_table
published_ood_memory,published_ood_unconditional,val,884,5,0.5554057359695435,73,6,73,0.0,73,False,ensure_all_fruits_on_table
published_ood_memory,published_ood_unconditional,val,885,5,0.6202489733695984,38,3,38,0.0,38,False,ensure_all_fruits_on_table
published_ood_memory,published_ood_unconditional,val,886,5,0.5903846025466919,1428,3,1428,0.0,1428,False,ensure_all_fruits_on_table
published_ood_memory,published_ood_unconditional,val,887,5,0.550321638584137,1401,3,1401,0.0,1401,False,ensure_all_fruits_on_table
published_ood_memory,published_ood_unconditional,val,888,5,0.6213803291320801,2767,8,2767,0.0,2767,False,serve_bread_after_checking_cabinet
published_ood_memory,published_ood_unconditional,val,889,5,0.5971207618713379,583,8,583,0.0,583,False,sequential_pick_two_and_place
published_ood_memory,published_ood_unconditional,val,890,5,0.550321638584137,1401,3,1401,0.0,1401,False,ensure_all_fruits_on_table
published_ood_memory,published_ood_unconditional,val,891,5,0.7524831891059875,3458,5,3458,0.0,3458,False,single_move_asset_to_target
published_ood_memory,published_ood_unconditional,val,892,5,0.6213803291320801,2767,8,2767,0.0,2767,False,serve_bread_after_checking_cabinet
published_ood_memory,published_ood_unconditional,val,893,5,0.5554057359695435,73,3,73,0.0,73,False,ensure_all_fruits_on_table
published_ood_memory,published_ood_unconditional,val,894,5,0.5748867988586426,940,3,940,0.0,940,False,ensure_all_fruits_on_table
published_ood_memory,published_ood_unconditional,val,895,5,0.5971207618713379,583,8,583,0.0,583,False,sequential_pick_two_and_place
published_ood_memory,published_ood_unconditional,val,896,5,0.4980379641056061,202,6,202,0.0,202,False,ensure_all_fruits_on_table
published_ood_memory,published_ood_unconditional,val,897,5,0.5748867988586426,940,6,940,0.0,940,False,ensure_all_fruits_on_table
published_ood_memory,published_ood_unconditional,val,898,5,0.5903846025466919,1428,3,1428,0.0,1428,False,ensure_all_fruits_on_table
published_ood_memory,published_ood_unconditional,val,899,5,0.6202489733695984,38,6,38,0.0,38,False,ensure_all_fruits_on_table
published_ood_memory,published_ood_unconditional,val,900,5,0.6213803291320801,2767,8,2767,0.0,2767,False,serve_bread_after_checking_cabinet
published_ood_memory,published_ood_unconditional,val,901,5,0.5903846025466919,1428,3,1428,0.0,1428,False,ensure_all_fruits_on_table
published_ood_memory,published_ood_unconditional,val,902,5,0.4980379641056061,202,3,202,0.0,202,False,ensure_all_fruits_on_table
published_ood_memory,published_ood_unconditional,val,903,5,0.5971207618713379,583,8,583,0.0,583,False,sequential_pick_two_and_place
published_ood_memory,published_ood_unconditional,val,904,5,0.4980379641056061,202,3,202,0.0,202,False,ensure_all_fruits_on_table
published_ood_memory,published_ood_unconditional,val,905,5,0.6202489733695984,38,6,38,0.0,38,False,ensure_all_fruits_on_table
published_ood_memory,published_ood_unconditional,val,906,5,0.5748867988586426,940,3,940,0.0,940,False,ensure_all_fruits_on_table
published_ood_memory,published_ood_unconditional,val,907,5,0.6213803291320801,2767,8,2767,0.0,2767,False,serve_bread_after_checking_cabinet
published_ood_memory,published_ood_unconditional,val,908,5,0.4980379641056061,202,3,202,0.0,202,False,ensure_all_fruits_on_table
published_ood_memory,published_ood_unconditional,val,909,5,0.4980379641056061,202,3,202,0.0,202,False,ensure_all_fruits_on_table
published_ood_memory,published_ood_unconditional,val,910,5,0.5554057359695435,73,3,73,0.0,73,False,ensure_all_fruits_on_table
published_ood_memory,published_ood_unconditional,val,911,5,0.4980379641056061,202,3,202,0.0,202,False,ensure_all_fruits_on_table
published_ood_memory,published_ood_unconditional,val,912,5,0.5554057359695435,73,6,73,0.0,73,False,ensure_all_fruits_on_table
published_ood_memory,published_ood_unconditional,val,913,5,0.550321638584137,1401,3,1401,0.0,1401,False,ensure_all_fruits_on_table
published_ood_memory,published_ood_unconditional,val,914,5,0.4980379641056061,202,3,202,0.0,202,False,ensure_all_fruits_on_table
published_ood_memory,published_ood_unconditional,val,915,5,0.6202489733695984,38,3,38,0.0,38,False,ensure_all_fruits_on_table
published_ood_memory,published_ood_unconditional,val,916,5,0.5554057359695435,73,3,73,0.0,73,False,ensure_all_fruits_on_table
published_ood_memory,published_ood_unconditional,val,917,5,0.5971207618713379,583,8,583,0.0,583,False,sequential_pick_two_and_place
published_ood_memory,published_ood_unconditional,val,918,5,0.6213803291320801,2767,8,2767,0.0,2767,False,serve_bread_after_checking_cabinet
published_ood_memory,published_ood_unconditional,val,919,5,0.5554057359695435,73,6,73,0.0,73,False,ensure_all_fruits_on_table
published_ood_memory,published_ood_unconditional,val,920,5,0.5903846025466919,1428,3,1428,0.0,1428,False,ensure_all_fruits_on_table
published_ood_memory,published_ood_unconditional,val,921,5,0.5971207618713379,583,8,583,0.0,583,False,sequential_pick_two_and_place
published_ood_memory,published_ood_unconditional,val,922,5,0.7524831891059875,3458,2,3458,0.2,3458,False,single_move_asset_to_target
published_ood_memory,published_ood_unconditional,val,923,5,0.7524831891059875,3458,5,3458,0.125,3458,False,single_move_asset_to_target
published_ood_memory,published_ood_unconditional,val,924,5,0.4980379641056061,202,3,202,0.0,202,False,ensure_all_fruits_on_table
published_ood_memory,published_ood_unconditional,val,925,5,0.4980379641056061,202,3,202,0.0,202,False,ensure_all_fruits_on_table
published_ood_memory,published_ood_unconditional,val,926,5,0.550321638584137,1401,3,1401,0.0,1401,False,ensure_all_fruits_on_table
published_ood_memory,published_ood_unconditional,val,927,5,0.6202489733695984,38,3,38,0.0,38,False,ensure_all_fruits_on_table
published_ood_memory,published_ood_unconditional,val,928,5,0.550321638584137,1401,3,1401,0.0,1401,False,ensure_all_fruits_on_table
published_ood_memory,published_ood_unconditional,val,929,5,0.5748867988586426,940,3,940,0.0,940,False,ensure_all_fruits_on_table
published_ood_memory,published_ood_unconditional,val,930,5,0.5748867988586426,940,6,940,0.0,940,False,ensure_all_fruits_on_table
published_ood_memory,published_ood_unconditional,val,931,5,0.5903846025466919,1428,3,1428,0.0,1428,False,ensure_all_fruits_on_table
published_ood_memory,published_ood_unconditional,val,932,5,0.5971207618713379,583,8,583,0.0,583,False,sequential_pick_two_and_place
published_ood_memory,published_ood_unconditional,val,933,5,0.6213803291320801,2767,8,2767,0.0,2767,False,serve_bread_after_checking_cabinet
published_ood_memory,published_ood_unconditional,val,934,5,0.5971207618713379,583,8,583,0.0,583,False,sequential_pick_two_and_place
published_ood_memory,published_ood_unconditional,val,935,5,0.5883312225341797,2700,8,2700,0.0,2700,False,sequential_pick_two_and_place
published_ood_memory,published_ood_unconditional,val,936,5,0.6202489733695984,38,3,38,0.0,38,False,ensure_all_fruits_on_table
published_ood_memory,published_ood_unconditional,val,937,5,0.4980379641056061,202,3,202,0.0,202,False,ensure_all_fruits_on_table
published_ood_memory,published_ood_unconditional,val,938,5,0.5903846025466919,1428,3,1428,0.0,1428,False,ensure_all_fruits_on_table
published_ood_memory,published_ood_unconditional,val,939,5,0.6213803291320801,2767,8,2767,0.0,2767,False,serve_bread_after_checking_cabinet
published_ood_memory,published_ood_unconditional,val,940,5,0.6202489733695984,38,3,38,0.0,38,False,ensure_all_fruits_on_table
published_ood_memory,published_ood_unconditional,val,941,5,0.6202489733695984,38,3,38,0.0,38,False,ensure_all_fruits_on_table
published_ood_memory,published_ood_unconditional,val,942,5,0.5883312225341797,2700,8,2700,0.0,2700,False,sequential_pick_two_and_place
published_ood_memory,published_ood_unconditional,val,943,5,0.550321638584137,1401,3,1401,0.0,1401,False,ensure_all_fruits_on_table
published_ood_memory,published_ood_unconditional,val,944,5,0.6202489733695984,38,3,38,0.0,38,False,ensure_all_fruits_on_table
published_ood_memory,published_ood_unconditional,val,945,5,0.6202489733695984,38,3,38,0.0,38,False,ensure_all_fruits_on_table
published_ood_memory,published_ood_unconditional,val,946,5,0.5883312225341797,2700,8,2700,0.0,2700,False,sequential_pick_two_and_place
published_ood_memory,published_ood_unconditional,val,947,5,0.7524831891059875,3458,2,3458,0.2,3458,False,single_move_asset_to_target
published_ood_memory,published_ood_unconditional,val,948,5,0.6041234731674194,1571,2,1571,0.2,1571,False,single_move_asset_to_target
published_ood_memory,published_ood_unconditional,val,949,5,0.6041234731674194,1571,5,1571,0.0,1571,False,single_move_asset_to_target
published_ood_memory,published_ood_unconditional,val,950,5,0.550321638584137,1401,3,1401,0.0,1401,False,ensure_all_fruits_on_table
published_ood_memory,published_ood_unconditional,val,951,5,0.5971207618713379,583,8,583,0.0,583,False,sequential_pick_two_and_place
published_ood_memory,published_ood_unconditional,val,952,5,0.7524831891059875,3458,5,3458,0.0,3458,False,single_move_asset_to_target
published_ood_memory,published_ood_unconditional,val,953,5,0.5903846025466919,1428,3,1428,0.0,1428,False,ensure_all_fruits_on_table
published_ood_memory,published_ood_unconditional,val,954,5,0.5554057359695435,73,3,73,0.0,73,False,ensure_all_fruits_on_table
published_ood_memory,published_ood_unconditional,val,955,5,0.7524831891059875,3458,2,3458,0.2,3458,False,single_move_asset_to_target
published_ood_memory,published_ood_unconditional,val,956,5,0.5883312225341797,2700,8,2700,0.0,2700,False,sequential_pick_two_and_place
published_ood_memory,published_ood_unconditional,val,957,5,0.6213803291320801,2767,8,2767,0.0,2767,False,serve_bread_after_checking_cabinet
published_ood_memory,published_ood_unconditional,val,958,5,0.5971207618713379,583,8,583,0.0,583,False,sequential_pick_two_and_place
published_ood_memory,published_ood_unconditional,val,959,5,0.550321638584137,1401,3,1401,0.0,1401,False,ensure_all_fruits_on_table
published_ood_memory,published_ood_unconditional,val,960,5,0.5883312225341797,2700,8,2700,0.0,2700,False,sequential_pick_two_and_place
published_ood_memory,published_ood_unconditional,val,961,5,0.6041234731674194,1571,2,1571,0.2,1571,False,single_move_asset_to_target
published_ood_memory,published_ood_unconditional,val,962,5,0.5903846025466919,1428,6,1428,0.0,1428,False,ensure_all_fruits_on_table
published_ood_memory,published_ood_unconditional,val,963,5,0.7524831891059875,3458,5,3458,0.0,3458,False,single_move_asset_to_target
published_ood_memory,published_ood_unconditional,val,964,5,0.5903846025466919,1428,3,1428,0.0,1428,False,ensure_all_fruits_on_table
published_ood_memory,published_ood_unconditional,val,965,5,0.6041234731674194,1571,5,1571,0.0,1571,False,single_move_asset_to_target
published_ood_memory,published_ood_unconditional,val,966,5,0.5883312225341797,2700,8,2700,0.0,2700,False,sequential_pick_two_and_place
published_ood_memory,published_ood_unconditional,val,967,5,0.5883312225341797,2700,8,2700,0.0,2700,False,sequential_pick_two_and_place
published_ood_memory,published_ood_unconditional,val,968,5,0.5883312225341797,2700,8,2700,0.0,2700,False,sequential_pick_two_and_place
published_ood_memory,published_ood_unconditional,val,969,5,0.6041234731674194,1571,5,1571,0.125,1571,False,single_move_asset_to_target
published_ood_memory,published_ood_unconditional,val,970,5,0.6213803291320801,2767,8,2767,0.0,2767,False,serve_bread_after_checking_cabinet
published_ood_memory,published_ood_unconditional,val,971,5,0.5903846025466919,1428,3,1428,0.0,1428,False,ensure_all_fruits_on_table
published_ood_memory,published_ood_unconditional,val,972,5,0.6041234731674194,1571,5,1571,0.0,1571,False,single_move_asset_to_target
published_ood_memory,published_ood_unconditional,val,973,5,0.7524831891059875,3458,2,3458,0.2,3458,False,single_move_asset_to_target
published_ood_memory,published_ood_unconditional,val,974,5,0.5748867988586426,940,6,940,0.0,940,False,ensure_all_fruits_on_table
published_ood_memory,published_ood_unconditional,val,975,5,0.550321638584137,1401,3,1401,0.0,1401,False,ensure_all_fruits_on_table
published_ood_memory,published_ood_unconditional,val,976,5,0.6202489733695984,38,6,38,0.0,38,False,ensure_all_fruits_on_table
published_ood_memory,published_ood_unconditional,val,977,5,0.5971207618713379,583,8,583,0.0,583,False,sequential_pick_two_and_place
published_ood_memory,published_ood_unconditional,val,978,5,0.5971207618713379,583,8,583,0.0,583,False,sequential_pick_two_and_place
published_ood_memory,published_ood_unconditional,val,979,5,0.6213803291320801,2767,8,2767,0.0,2767,False,serve_bread_after_checking_cabinet
published_ood_memory,published_ood_unconditional,val,980,5,0.6202489733695984,38,3,38,0.0,38,False,ensure_all_fruits_on_table
published_ood_memory,published_ood_unconditional,val,981,5,0.5748867988586426,940,3,940,0.0,940,False,ensure_all_fruits_on_table
published_ood_memory,published_ood_unconditional,val,982,5,0.5971207618713379,583,8,583,0.0,583,False,sequential_pick_two_and_place
published_ood_memory,published_ood_unconditional,val,983,5,0.5554057359695435,73,3,73,0.0,73,False,ensure_all_fruits_on_table
published_ood_memory,published_ood_unconditional,val,984,5,0.6041234731674194,1571,5,1571,0.0,1571,False,single_move_asset_to_target
published_ood_memory,published_ood_unconditional,val,985,5,0.550321638584137,1401,3,1401,0.0,1401,False,ensure_all_fruits_on_table
published_ood_memory,published_ood_unconditional,val,986,5,0.5554057359695435,73,3,73,0.0,73,False,ensure_all_fruits_on_table
published_ood_memory,published_ood_unconditional,val,987,5,0.6041234731674194,1571,5,1571,0.125,1571,False,single_move_asset_to_target
published_ood_memory,published_ood_unconditional,val,988,5,0.6202489733695984,38,3,38,0.0,38,False,ensure_all_fruits_on_table
published_ood_memory,published_ood_unconditional,val,989,5,0.550321638584137,1401,6,1401,0.0,1401,False,ensure_all_fruits_on_table
published_ood_memory,published_ood_unconditional,val,990,5,0.5883312225341797,2700,8,2700,0.0,2700,False,sequential_pick_two_and_place
published_ood_memory,published_ood_unconditional,val,991,5,0.5971207618713379,583,8,583,0.0,583,False,sequential_pick_two_and_place
published_ood_memory,published_ood_unconditional,val,992,5,0.5883312225341797,2700,8,2700,0.0,2700,False,sequential_pick_two_and_place
published_ood_memory,published_ood_unconditional,val,993,5,0.550321638584137,1401,3,1401,0.0,1401,False,ensure_all_fruits_on_table
published_ood_memory,published_ood_unconditional,val,994,5,0.7524831891059875,3458,2,3458,0.2,3458,False,single_move_asset_to_target
published_ood_memory,published_ood_unconditional,val,995,5,0.5883312225341797,2700,8,2700,0.0,2700,False,sequential_pick_two_and_place
published_ood_memory,published_ood_unconditional,val,996,5,0.5748867988586426,940,3,940,0.0,940,False,ensure_all_fruits_on_table
published_ood_memory,published_ood_unconditional,val,997,5,0.5748867988586426,940,3,940,0.0,940,False,ensure_all_fruits_on_table
published_ood_memory,published_ood_unconditional,val,998,5,0.6041234731674194,1571,5,1571,0.0,1571,False,single_move_asset_to_target
published_ood_memory,published_ood_unconditional,val,999,5,0.6213803291320801,2767,8,2767,0.0,2767,False,serve_bread_after_checking_cabinet
published_ood_memory,published_ood_unconditional,val,1000,5,0.550321638584137,1401,3,1401,0.0,1401,False,ensure_all_fruits_on_table
published_ood_memory,published_ood_unconditional,val,1001,5,0.6041234731674194,1571,2,1571,0.2,1571,False,single_move_asset_to_target
published_ood_memory,published_ood_unconditional,val,1002,5,0.5883312225341797,2700,8,2700,0.0,2700,False,sequential_pick_two_and_place
published_ood_memory,published_ood_unconditional,val,1003,5,0.5903846025466919,1428,6,1428,0.0,1428,False,ensure_all_fruits_on_table
published_ood_memory,published_ood_unconditional,val,1004,5,0.6041234731674194,1571,2,1571,0.2,1571,False,single_move_asset_to_target
published_ood_memory,published_ood_unconditional,val,1005,5,0.5554057359695435,73,6,73,0.0,73,False,ensure_all_fruits_on_table
published_ood_memory,published_ood_unconditional,val,1006,5,0.5554057359695435,73,3,73,0.0,73,False,ensure_all_fruits_on_table
published_ood_memory,published_ood_unconditional,val,1007,5,0.6202489733695984,38,6,38,0.0,38,False,ensure_all_fruits_on_table
published_ood_memory,published_ood_unconditional,val,1008,5,0.6041234731674194,1571,5,1571,0.125,1571,False,single_move_asset_to_target
published_ood_memory,published_ood_unconditional,val,1009,5,0.6041234731674194,1571,5,1571,0.125,1571,False,single_move_asset_to_target
published_ood_memory,published_ood_unconditional,val,1010,5,0.5748867988586426,940,3,940,0.0,940,False,ensure_all_fruits_on_table
published_ood_memory,published_ood_unconditional,val,1011,5,0.6041234731674194,1571,5,1571,0.0,1571,False,single_move_asset_to_target
published_ood_memory,published_ood_unconditional,val,1012,5,0.7524831891059875,3458,5,3458,0.125,3458,False,single_move_asset_to_target
published_ood_memory,published_ood_unconditional,val,1013,5,0.6041234731674194,1571,5,1571,0.125,1571,False,single_move_asset_to_target
published_ood_memory,published_ood_unconditional,val,1014,5,0.5903846025466919,1428,3,1428,0.0,1428,False,ensure_all_fruits_on_table
published_ood_memory,published_ood_unconditional,val,1015,5,0.5883312225341797,2700,8,2700,0.0,2700,False,sequential_pick_two_and_place
published_ood_memory,published_ood_unconditional,val,1016,5,0.5903846025466919,1428,3,1428,0.0,1428,False,ensure_all_fruits_on_table
published_ood_memory,published_ood_unconditional,val,1017,5,0.6202489733695984,38,6,38,0.0,38,False,ensure_all_fruits_on_table
published_ood_memory,published_ood_unconditional,val,1018,5,0.7524831891059875,3458,5,3458,0.125,3458,False,single_move_asset_to_target
published_ood_memory,published_ood_unconditional,val,1019,5,0.5903846025466919,1428,3,1428,0.0,1428,False,ensure_all_fruits_on_table
published_ood_memory,published_ood_unconditional,val,1020,5,0.5554057359695435,73,6,73,0.0,73,False,ensure_all_fruits_on_table
published_ood_memory,published_ood_unconditional,val,1021,5,0.6202489733695984,38,6,38,0.0,38,False,ensure_all_fruits_on_table
published_ood_memory,published_ood_unconditional,val,1022,5,0.5971207618713379,583,8,583,0.0,583,False,sequential_pick_two_and_place
published_ood_memory,published_ood_unconditional,val,1023,5,0.6041234731674194,1571,5,1571,0.0,1571,False,single_move_asset_to_target
published_ood_memory,published_ood_unconditional,val,1024,5,0.5883312225341797,2700,8,2700,0.0,2700,False,sequential_pick_two_and_place
published_ood_memory,published_ood_unconditional,val,1025,5,0.5883312225341797,2700,8,2700,0.0,2700,False,sequential_pick_two_and_place
published_ood_memory,published_ood_unconditional,val,1026,5,0.5748867988586426,940,6,940,0.0,940,False,ensure_all_fruits_on_table
published_ood_memory,published_ood_unconditional,val,1027,5,0.5748867988586426,940,6,940,0.0,940,False,ensure_all_fruits_on_table
published_ood_memory,published_ood_unconditional,val,1028,5,0.5554057359695435,73,3,73,0.0,73,False,ensure_all_fruits_on_table
published_ood_memory,published_ood_unconditional,val,1029,5,0.5554057359695435,73,3,73,0.0,73,False,ensure_all_fruits_on_table
published_ood_memory,published_ood_unconditional,val,1030,5,0.5883312225341797,2700,8,2700,0.0,2700,False,sequential_pick_two_and_place
published_ood_memory,published_ood_unconditional,val,1031,5,0.6213803291320801,2767,8,2767,0.0,2767,False,serve_bread_after_checking_cabinet
published_ood_memory,published_ood_unconditional,val,1032,5,0.7524831891059875,3458,5,3458,0.0,3458,False,single_move_asset_to_target
published_ood_memory,published_ood_unconditional,val,1033,5,0.550321638584137,1401,3,1401,0.0,1401,False,ensure_all_fruits_on_table
published_ood_memory,published_ood_unconditional,val,1034,5,0.550321638584137,1401,6,1401,0.0,1401,False,ensure_all_fruits_on_table
published_ood_memory,published_ood_unconditional,val,1035,5,0.550321638584137,1401,3,1401,0.0,1401,False,ensure_all_fruits_on_table
published_ood_memory,published_ood_unconditional,val,1036,5,0.7524831891059875,3458,5,3458,0.125,3458,False,single_move_asset_to_target
published_ood_memory,published_ood_unconditional,val,1037,5,0.5748867988586426,940,6,940,0.0,940,False,ensure_all_fruits_on_table
published_ood_memory,published_ood_unconditional,val,1038,5,0.550321638584137,1401,3,1401,0.0,1401,False,ensure_all_fruits_on_table
published_ood_memory,published_ood_unconditional,val,1039,5,0.5903846025466919,1428,3,1428,0.0,1428,False,ensure_all_fruits_on_table
published_ood_memory,published_ood_unconditional,val,1040,5,0.5971207618713379,583,8,583,0.0,583,False,sequential_pick_two_and_place
published_ood_memory,published_ood_unconditional,val,1041,5,0.6041234731674194,1571,5,1571,0.0,1571,False,single_move_asset_to_target
published_ood_memory,published_ood_unconditional,val,1042,5,0.7524831891059875,3458,2,3458,0.2,3458,False,single_move_asset_to_target
published_ood_memory,published_ood_unconditional,val,1043,5,0.550321638584137,1401,6,1401,0.0,1401,False,ensure_all_fruits_on_table
published_ood_memory,published_ood_unconditional,val,1044,5,0.5554057359695435,73,3,73,0.0,73,False,ensure_all_fruits_on_table
published_ood_memory,published_ood_unconditional,val,1045,5,0.6213803291320801,2767,8,2767,0.0,2767,False,serve_bread_after_checking_cabinet
published_ood_memory,published_ood_unconditional,val,1046,5,0.5883312225341797,2700,8,2700,0.0,2700,False,sequential_pick_two_and_place
published_ood_memory,published_ood_unconditional,val,1047,5,0.7524831891059875,3458,5,3458,0.125,3458,False,single_move_asset_to_target
published_ood_memory,published_ood_unconditional,val,1048,5,0.550321638584137,1401,3,1401,0.0,1401,False,ensure_all_fruits_on_table
published_ood_memory,published_ood_unconditional,val,1049,5,0.6213803291320801,2767,8,2767,0.0,2767,False,serve_bread_after_checking_cabinet
published_ood_memory,published_ood_unconditional,val,1050,5,0.5554057359695435,73,3,73,0.0,73,False,ensure_all_fruits_on_table
published_ood_memory,published_ood_unconditional,val,1051,5,0.5554057359695435,73,6,73,0.0,73,False,ensure_all_fruits_on_table
published_ood_memory,published_ood_unconditional,val,1052,5,0.5971207618713379,583,8,583,0.0,583,False,sequential_pick_two_and_place
published_ood_memory,published_ood_unconditional,val,1053,5,0.5903846025466919,1428,3,1428,0.0,1428,False,ensure_all_fruits_on_table
published_ood_memory,published_ood_unconditional,val,1054,5,0.5748867988586426,940,6,940,0.0,940,False,ensure_all_fruits_on_table
published_ood_memory,published_ood_unconditional,val,1055,5,0.5971207618713379,583,8,583,0.0,583,False,sequential_pick_two_and_place
published_ood_memory,published_ood_unconditional,val,1056,5,0.5554057359695435,73,3,73,0.0,73,False,ensure_all_fruits_on_table
published_ood_memory,published_ood_unconditional,val,1057,5,0.550321638584137,1401,3,1401,0.0,1401,False,ensure_all_fruits_on_table
published_ood_memory,published_ood_unconditional,val,1058,5,0.5748867988586426,940,3,940,0.0,940,False,ensure_all_fruits_on_table
published_ood_memory,published_ood_unconditional,val,1059,5,0.5748867988586426,940,3,940,0.0,940,False,ensure_all_fruits_on_table
published_ood_memory,published_ood_unconditional,val,1060,5,0.6213803291320801,2767,8,2767,0.0,2767,False,serve_bread_after_checking_cabinet
published_ood_memory,published_ood_unconditional,val,1061,5,0.6213803291320801,2767,8,2767,0.0,2767,False,serve_bread_after_checking_cabinet
published_ood_memory,published_ood_unconditional,val,1062,5,0.5883312225341797,2700,8,2700,0.0,2700,False,sequential_pick_two_and_place
published_ood_memory,published_ood_unconditional,val,1063,5,0.5554057359695435,73,6,73,0.0,73,False,ensure_all_fruits_on_table
published_ood_memory,published_ood_unconditional,val,1064,5,0.5883312225341797,2700,8,2700,0.0,2700,False,sequential_pick_two_and_place
published_ood_memory,published_ood_unconditional,val,1065,5,0.5883312225341797,2700,8,2700,0.0,2700,False,sequential_pick_two_and_place
published_ood_memory,published_ood_unconditional,val,1066,5,0.5883312225341797,2700,8,2700,0.0,2700,False,sequential_pick_two_and_place
published_ood_memory,published_ood_unconditional,val,1067,5,0.5748867988586426,940,3,940,0.0,940,False,ensure_all_fruits_on_table
published_ood_memory,published_ood_unconditional,val,1068,5,0.6202489733695984,38,6,38,0.0,38,False,ensure_all_fruits_on_table
published_ood_memory,published_ood_unconditional,val,1069,5,0.550321638584137,1401,3,1401,0.0,1401,False,ensure_all_fruits_on_table
published_ood_memory,published_ood_unconditional,val,1070,5,0.5748867988586426,940,3,940,0.0,940,False,ensure_all_fruits_on_table
published_ood_memory,published_ood_unconditional,val,1071,5,0.5554057359695435,73,3,73,0.0,73,False,ensure_all_fruits_on_table
published_ood_memory,published_ood_unconditional,val,1072,5,0.6202489733695984,38,3,38,0.0,38,False,ensure_all_fruits_on_table
published_ood_memory,published_ood_unconditional,val,1073,5,0.7524831891059875,3458,5,3458,0.125,3458,False,single_move_asset_to_target
published_ood_memory,published_ood_unconditional,val,1074,5,0.5971207618713379,583,8,583,0.0,583,False,sequential_pick_two_and_place
published_ood_memory,published_ood_unconditional,val,1075,5,0.6213803291320801,2767,8,2767,0.0,2767,False,serve_bread_after_checking_cabinet
published_ood_memory,published_ood_unconditional,val,1076,5,0.6202489733695984,38,6,38,0.0,38,False,ensure_all_fruits_on_table
published_ood_memory,published_ood_unconditional,val,1077,5,0.550321638584137,1401,3,1401,0.0,1401,False,ensure_all_fruits_on_table
published_ood_memory,published_ood_unconditional,val,1078,5,0.5971207618713379,583,8,583,0.0,583,False,sequential_pick_two_and_place
published_ood_memory,published_ood_unconditional,val,1079,5,0.5903846025466919,1428,6,1428,0.0,1428,False,ensure_all_fruits_on_table
published_ood_memory,published_ood_unconditional,val,1080,5,0.6202489733695984,38,3,38,0.0,38,False,ensure_all_fruits_on_table
published_ood_memory,published_ood_unconditional,val,1081,5,0.6041234731674194,1571,2,1571,0.2,1571,False,single_move_asset_to_target
published_ood_memory,published_ood_unconditional,val,1082,5,0.6041234731674194,1571,2,1571,0.2,1571,False,single_move_asset_to_target
published_ood_memory,published_ood_unconditional,val,1083,5,0.5903846025466919,1428,3,1428,0.0,1428,False,ensure_all_fruits_on_table
published_ood_memory,published_ood_unconditional,val,1084,5,0.5748867988586426,940,3,940,0.0,940,False,ensure_all_fruits_on_table
published_ood_memory,published_ood_unconditional,val,1085,5,0.550321638584137,1401,6,1401,0.0,1401,False,ensure_all_fruits_on_table
published_ood_memory,published_ood_unconditional,val,1086,5,0.7524831891059875,3458,5,3458,0.0,3458,False,single_move_asset_to_target
published_ood_memory,published_ood_unconditional,val,1087,5,0.6202489733695984,38,3,38,0.0,38,False,ensure_all_fruits_on_table
published_ood_memory,published_ood_unconditional,val,1088,5,0.6041234731674194,1571,2,1571,0.2,1571,False,single_move_asset_to_target
published_ood_memory,published_ood_unconditional,val,1089,5,0.7524831891059875,3458,5,3458,0.0,3458,False,single_move_asset_to_target
published_ood_memory,published_ood_unconditional,val,1090,5,0.5903846025466919,1428,3,1428,0.0,1428,False,ensure_all_fruits_on_table
published_ood_memory,published_ood_unconditional,val,1091,5,0.5903846025466919,1428,3,1428,0.0,1428,False,ensure_all_fruits_on_table
published_ood_memory,published_ood_unconditional,val,1092,5,0.5883312225341797,2700,8,2700,0.0,2700,False,sequential_pick_two_and_place
published_ood_memory,published_ood_unconditional,val,1093,5,0.5903846025466919,1428,6,1428,0.0,1428,False,ensure_all_fruits_on_table
published_ood_memory,published_ood_unconditional,val,1094,5,0.5554057359695435,73,6,73,0.0,73,False,ensure_all_fruits_on_table
published_ood_memory,published_ood_unconditional,val,1095,5,0.5971207618713379,583,8,583,0.0,583,False,sequential_pick_two_and_place
published_ood_memory,published_ood_unconditional,val,1096,5,0.5971207618713379,583,8,583,0.0,583,False,sequential_pick_two_and_place
published_ood_memory,published_ood_unconditional,val,1097,5,0.5748867988586426,940,6,940,0.0,940,False,ensure_all_fruits_on_table
published_ood_memory,published_ood_unconditional,val,1098,5,0.6202489733695984,38,3,38,0.0,38,False,ensure_all_fruits_on_table
published_ood_memory,published_ood_unconditional,val,1099,5,0.5883312225341797,2700,8,2700,0.0,2700,False,sequential_pick_two_and_place
published_ood_memory,published_ood_unconditional,val,1100,5,0.6202489733695984,38,3,38,0.0,38,False,ensure_all_fruits_on_table
published_ood_memory,published_ood_unconditional,val,1101,5,0.5903846025466919,1428,3,1428,0.0,1428,False,ensure_all_fruits_on_table
published_ood_memory,published_ood_unconditional,val,1102,5,0.7524831891059875,3458,5,3458,0.0,3458,False,single_move_asset_to_target
published_ood_memory,published_ood_unconditional,val,1103,5,0.550321638584137,1401,3,1401,0.0,1401,False,ensure_all_fruits_on_table
published_ood_memory,published_ood_unconditional,val,1104,5,0.5554057359695435,73,6,73,0.0,73,False,ensure_all_fruits_on_table
published_ood_memory,published_ood_unconditional,val,1105,5,0.6213803291320801,2767,8,2767,0.0,2767,False,serve_bread_after_checking_cabinet
published_ood_memory,published_ood_unconditional,val,1106,5,0.6213803291320801,2767,8,2767,0.0,2767,False,serve_bread_after_checking_cabinet
published_ood_memory,published_ood_unconditional,val,1107,5,0.550321638584137,1401,3,1401,0.0,1401,False,ensure_all_fruits_on_table
published_ood_memory,published_ood_unconditional,val,1108,5,0.5903846025466919,1428,3,1428,0.0,1428,False,ensure_all_fruits_on_table
published_ood_memory,published_ood_unconditional,val,1109,5,0.7524831891059875,3458,2,3458,0.2,3458,False,single_move_asset_to_target
published_ood_memory,published_ood_unconditional,val,1110,5,0.5748867988586426,940,6,940,0.0,940,False,ensure_all_fruits_on_table
published_ood_memory,published_ood_unconditional,val,1111,5,0.6213803291320801,2767,8,2767,0.0,2767,False,serve_bread_after_checking_cabinet
published_ood_memory,published_ood_unconditional,val,1112,5,0.7524831891059875,3458,5,3458,0.125,3458,False,single_move_asset_to_target
published_ood_memory,published_ood_unconditional,val,1113,5,0.6202489733695984,38,3,38,0.0,38,False,ensure_all_fruits_on_table
published_ood_memory,published_ood_unconditional,val,1114,5,0.6213803291320801,2767,8,2767,0.0,2767,False,serve_bread_after_checking_cabinet
published_ood_memory,published_ood_unconditional,val,1115,5,0.7524831891059875,3458,5,3458,0.125,3458,False,single_move_asset_to_target
published_ood_memory,published_ood_unconditional,val,1116,5,0.6213803291320801,2767,8,2767,0.0,2767,False,serve_bread_after_checking_cabinet
published_ood_memory,published_ood_unconditional,val,1117,5,0.550321638584137,1401,3,1401,0.0,1401,False,ensure_all_fruits_on_table
published_ood_memory,published_ood_unconditional,val,1118,5,0.6213803291320801,2767,8,2767,0.0,2767,False,serve_bread_after_checking_cabinet
published_ood_memory,published_ood_unconditional,val,1119,5,0.5971207618713379,583,8,583,0.0,583,False,sequential_pick_two_and_place
published_ood_memory,published_ood_unconditional,val,1120,5,0.550321638584137,1401,3,1401,0.0,1401,False,ensure_all_fruits_on_table
published_ood_memory,published_ood_unconditional,val,1121,5,0.5971207618713379,583,8,583,0.0,583,False,sequential_pick_two_and_place
published_ood_memory,published_ood_unconditional,val,1122,5,0.5971207618713379,583,8,583,0.0,583,False,sequential_pick_two_and_place
published_ood_memory,published_ood_unconditional,val,1123,5,0.5971207618713379,583,8,583,0.0,583,False,sequential_pick_two_and_place
published_ood_memory,published_ood_unconditional,val,1124,5,0.5883312225341797,2700,8,2700,0.0,2700,False,sequential_pick_two_and_place
published_ood_memory,published_ood_unconditional,val,1125,5,0.5554057359695435,73,3,73,0.0,73,False,ensure_all_fruits_on_table
published_ood_memory,published_ood_unconditional,val,1126,5,0.5971207618713379,583,8,583,0.0,583,False,sequential_pick_two_and_place
published_ood_memory,published_ood_unconditional,val,1127,5,0.550321638584137,1401,3,1401,0.0,1401,False,ensure_all_fruits_on_table
published_ood_memory,published_ood_unconditional,val,1128,5,0.5971207618713379,583,8,583,0.0,583,False,sequential_pick_two_and_place
published_ood_memory,published_ood_unconditional,val,1129,5,0.6041234731674194,1571,5,1571,0.125,1571,False,single_move_asset_to_target
published_ood_memory,published_ood_unconditional,val,1130,5,0.6041234731674194,1571,2,1571,0.2,1571,False,single_move_asset_to_target
published_ood_memory,published_ood_unconditional,val,1131,5,0.5748867988586426,940,6,940,0.0,940,False,ensure_all_fruits_on_table
published_ood_memory,published_ood_unconditional,val,1132,5,0.5554057359695435,73,6,73,0.0,73,False,ensure_all_fruits_on_table
published_ood_memory,published_ood_unconditional,val,1133,5,0.5748867988586426,940,3,940,0.0,940,False,ensure_all_fruits_on_table
published_ood_memory,published_ood_unconditional,val,1134,5,0.5748867988586426,940,3,940,0.0,940,False,ensure_all_fruits_on_table
published_ood_memory,published_ood_unconditional,val,1135,5,0.6213803291320801,2767,8,2767,0.0,2767,False,serve_bread_after_checking_cabinet
published_ood_memory,published_ood_unconditional,val,1136,5,0.6202489733695984,38,3,38,0.0,38,False,ensure_all_fruits_on_table
published_ood_memory,published_ood_unconditional,val,1137,5,0.5903846025466919,1428,3,1428,0.0,1428,False,ensure_all_fruits_on_table
published_ood_memory,published_ood_unconditional,val,1138,5,0.5748867988586426,940,3,940,0.0,940,False,ensure_all_fruits_on_table
published_ood_memory,published_ood_unconditional,val,1139,5,0.6202489733695984,38,6,38,0.0,38,False,ensure_all_fruits_on_table
published_ood_memory,published_ood_unconditional,val,1140,5,0.6041234731674194,1571,2,1571,0.2,1571,False,single_move_asset_to_target
published_ood_memory,published_ood_unconditional,val,1141,5,0.6202489733695984,38,3,38,0.0,38,False,ensure_all_fruits_on_table
published_ood_memory,published_ood_unconditional,val,1142,5,0.5903846025466919,1428,6,1428,0.0,1428,False,ensure_all_fruits_on_table
published_ood_memory,published_ood_unconditional,val,1143,5,0.5883312225341797,2700,8,2700,0.0,2700,False,sequential_pick_two_and_place
published_ood_memory,published_ood_unconditional,val,1144,5,0.5883312225341797,2700,8,2700,0.0,2700,False,sequential_pick_two_and_place
published_ood_memory,published_ood_unconditional,val,1145,5,0.5554057359695435,73,6,73,0.0,73,False,ensure_all_fruits_on_table
published_ood_memory,published_ood_unconditional,val,1146,5,0.5903846025466919,1428,3,1428,0.0,1428,False,ensure_all_fruits_on_table
published_ood_memory,published_ood_unconditional,val,1147,5,0.7524831891059875,3458,5,3458,0.0,3458,False,single_move_asset_to_target
published_ood_memory,published_ood_unconditional,val,1148,5,0.7524831891059875,3458,5,3458,0.0,3458,False,single_move_asset_to_target
published_ood_memory,published_ood_unconditional,val,1149,5,0.5554057359695435,73,3,73,0.0,73,False,ensure_all_fruits_on_table
published_ood_memory,published_ood_unconditional,val,1150,5,0.5554057359695435,73,3,73,0.0,73,False,ensure_all_fruits_on_table
published_ood_memory,published_ood_unconditional,val,1151,5,0.5883312225341797,2700,8,2700,0.0,2700,False,sequential_pick_two_and_place
published_ood_memory,published_ood_unconditional,val,1152,5,0.6041234731674194,1571,5,1571,0.0,1571,False,single_move_asset_to_target
published_ood_memory,published_ood_unconditional,val,1153,5,0.5971207618713379,583,8,583,0.0,583,False,sequential_pick_two_and_place
published_ood_memory,published_ood_unconditional,val,1154,5,0.6202489733695984,38,3,38,0.0,38,False,ensure_all_fruits_on_table
published_ood_memory,published_ood_unconditional,val,1155,5,0.5971207618713379,583,8,583,0.0,583,False,sequential_pick_two_and_place
published_ood_memory,published_ood_unconditional,val,1156,5,0.6041234731674194,1571,5,1571,0.0,1571,False,single_move_asset_to_target
published_ood_memory,published_ood_unconditional,val,1157,5,0.5554057359695435,73,3,73,0.0,73,False,ensure_all_fruits_on_table
published_ood_memory,published_ood_unconditional,val,1158,5,0.5748867988586426,940,3,940,0.0,940,False,ensure_all_fruits_on_table
published_ood_memory,published_ood_unconditional,val,1159,5,0.7524831891059875,3458,5,3458,0.125,3458,False,single_move_asset_to_target
published_ood_memory,published_ood_unconditional,val,1160,5,0.5748867988586426,940,6,940,0.0,940,False,ensure_all_fruits_on_table
published_ood_memory,published_ood_unconditional,val,1161,5,0.5748867988586426,940,6,940,0.0,940,False,ensure_all_fruits_on_table
published_ood_memory,published_ood_unconditional,val,1162,5,0.6213803291320801,2767,8,2767,0.0,2767,False,serve_bread_after_checking_cabinet
published_ood_memory,published_ood_unconditional,val,1163,5,0.6213803291320801,2767,8,2767,0.0,2767,False,serve_bread_after_checking_cabinet
published_ood_memory,published_ood_unconditional,val,1164,5,0.5971207618713379,583,8,583,0.0,583,False,sequential_pick_two_and_place
published_ood_memory,published_ood_unconditional,val,1165,5,0.5971207618713379,583,8,583,0.0,583,False,sequential_pick_two_and_place
published_ood_memory,published_ood_unconditional,val,1166,5,0.6202489733695984,38,3,38,0.0,38,False,ensure_all_fruits_on_table
published_ood_memory,published_ood_unconditional,val,1167,5,0.5971207618713379,583,8,583,0.0,583,False,sequential_pick_two_and_place
published_ood_memory,published_ood_unconditional,val,1168,5,0.6213803291320801,2767,8,2767,0.0,2767,False,serve_bread_after_checking_cabinet
published_ood_memory,published_ood_unconditional,val,1169,5,0.550321638584137,1401,6,1401,0.0,1401,False,ensure_all_fruits_on_table
published_ood_memory,published_ood_unconditional,val,1170,5,0.7524831891059875,3458,5,3458,0.125,3458,False,single_move_asset_to_target
published_ood_memory,published_ood_unconditional,val,1171,5,0.6202489733695984,38,6,38,0.0,38,False,ensure_all_fruits_on_table
published_ood_memory,published_ood_unconditional,val,1172,5,0.7524831891059875,3458,5,3458,0.125,3458,False,single_move_asset_to_target
published_ood_memory,published_ood_unconditional,val,1173,5,0.6213803291320801,2767,8,2767,0.0,2767,False,serve_bread_after_checking_cabinet
published_ood_memory,published_ood_unconditional,val,1174,5,0.550321638584137,1401,3,1401,0.0,1401,False,ensure_all_fruits_on_table
published_ood_memory,published_ood_unconditional,val,1175,5,0.7524831891059875,3458,2,3458,0.2,3458,False,single_move_asset_to_target
published_ood_memory,published_ood_unconditional,val,1176,5,0.5971207618713379,583,8,583,0.0,583,False,sequential_pick_two_and_place
published_ood_memory,published_ood_unconditional,val,1177,5,0.6213803291320801,2767,8,2767,0.0,2767,False,serve_bread_after_checking_cabinet
published_ood_memory,published_ood_unconditional,val,1178,5,0.6202489733695984,38,6,38,0.0,38,False,ensure_all_fruits_on_table
published_ood_memory,published_ood_unconditional,val,1179,5,0.5903846025466919,1428,3,1428,0.0,1428,False,ensure_all_fruits_on_table
published_ood_memory,published_ood_unconditional,val,1180,5,0.6213803291320801,2767,8,2767,0.0,2767,False,serve_bread_after_checking_cabinet
published_ood_memory,published_ood_unconditional,val,1181,5,0.5971207618713379,583,8,583,0.0,583,False,sequential_pick_two_and_place
published_ood_memory,published_ood_unconditional,val,1182,5,0.6213803291320801,2767,8,2767,0.0,2767,False,serve_bread_after_checking_cabinet
published_ood_memory,published_ood_unconditional,val,1183,5,0.5554057359695435,73,3,73,0.0,73,False,ensure_all_fruits_on_table
published_ood_memory,published_ood_unconditional,val,1184,5,0.6213803291320801,2767,8,2767,0.0,2767,False,serve_bread_after_checking_cabinet
published_ood_memory,published_ood_unconditional,val,1185,5,0.6213803291320801,2767,8,2767,0.0,2767,False,serve_bread_after_checking_cabinet
published_ood_memory,published_ood_unconditional,val,1186,5,0.550321638584137,1401,3,1401,0.0,1401,False,ensure_all_fruits_on_table
published_ood_memory,published_ood_unconditional,val,1187,5,0.7524831891059875,3458,5,3458,0.125,3458,False,single_move_asset_to_target
published_ood_memory,published_ood_unconditional,val,1188,5,0.5903846025466919,1428,3,1428,0.0,1428,False,ensure_all_fruits_on_table
published_ood_memory,published_ood_unconditional,val,1189,5,0.5554057359695435,73,6,73,0.0,73,False,ensure_all_fruits_on_table
published_ood_memory,published_ood_unconditional,val,1190,5,0.550321638584137,1401,3,1401,0.0,1401,False,ensure_all_fruits_on_table
published_ood_memory,published_ood_unconditional,val,1191,5,0.5748867988586426,940,3,940,0.0,940,False,ensure_all_fruits_on_table
published_ood_memory,published_ood_unconditional,val,1192,5,0.6202489733695984,38,3,38,0.0,38,False,ensure_all_fruits_on_table
published_ood_memory,published_ood_unconditional,val,1193,5,0.550321638584137,1401,6,1401,0.0,1401,False,ensure_all_fruits_on_table
published_ood_memory,published_ood_unconditional,val,1194,5,0.5903846025466919,1428,3,1428,0.0,1428,False,ensure_all_fruits_on_table
published_ood_memory,published_ood_unconditional,val,1195,5,0.7524831891059875,3458,5,3458,0.125,3458,False,single_move_asset_to_target
published_ood_memory,published_ood_unconditional,val,1196,5,0.6041234731674194,1571,5,1571,0.0,1571,False,single_move_asset_to_target
published_ood_memory,published_ood_unconditional,val,1197,5,0.5883312225341797,2700,8,2700,0.0,2700,False,sequential_pick_two_and_place
published_ood_memory,published_ood_unconditional,val,1198,5,0.7524831891059875,3458,2,3458,0.2,3458,False,single_move_asset_to_target
published_ood_memory,published_ood_unconditional,val,1199,5,0.5748867988586426,940,6,940,0.0,940,False,ensure_all_fruits_on_table
published_ood_memory,published_ood_unconditional,val,1200,5,0.6202489733695984,38,6,38,0.0,38,False,ensure_all_fruits_on_table
published_ood_memory,published_ood_unconditional,val,1201,5,0.6202489733695984,38,6,38,0.0,38,False,ensure_all_fruits_on_table
published_ood_memory,published_ood_unconditional,val,1202,5,0.5971207618713379,583,8,583,0.0,583,False,sequential_pick_two_and_place
published_ood_memory,published_ood_unconditional,val,1203,5,0.5748867988586426,940,6,940,0.0,940,False,ensure_all_fruits_on_table
published_ood_memory,published_ood_unconditional,val,1204,5,0.550321638584137,1401,3,1401,0.0,1401,False,ensure_all_fruits_on_table
published_ood_memory,published_ood_unconditional,val,1205,5,0.5883312225341797,2700,8,2700,0.0,2700,False,sequential_pick_two_and_place
published_ood_memory,published_ood_unconditional,val,1206,5,0.5554057359695435,73,3,73,0.0,73,False,ensure_all_fruits_on_table
published_ood_memory,published_ood_unconditional,val,1207,5,0.6202489733695984,38,6,38,0.0,38,False,ensure_all_fruits_on_table
published_ood_memory,published_ood_unconditional,val,1208,5,0.5971207618713379,583,8,583,0.0,583,False,sequential_pick_two_and_place
published_ood_memory,published_ood_unconditional,val,1209,5,0.6041234731674194,1571,5,1571,0.0,1571,False,single_move_asset_to_target
published_ood_memory,published_ood_unconditional,val,1210,5,0.5748867988586426,940,6,940,0.0,940,False,ensure_all_fruits_on_table
published_ood_memory,published_ood_unconditional,val,1211,5,0.6213803291320801,2767,8,2767,0.0,2767,False,serve_bread_after_checking_cabinet
published_ood_memory,published_ood_unconditional,val,1212,5,0.550321638584137,1401,3,1401,0.0,1401,False,ensure_all_fruits_on_table
published_ood_memory,published_ood_unconditional,val,1213,5,0.5554057359695435,73,3,73,0.0,73,False,ensure_all_fruits_on_table
published_ood_memory,published_ood_unconditional,val,1214,5,0.6041234731674194,1571,2,1571,0.2,1571,False,single_move_asset_to_target
published_ood_memory,published_ood_unconditional,val,1215,5,0.6202489733695984,38,3,38,0.0,38,False,ensure_all_fruits_on_table
published_ood_memory,published_ood_unconditional,val,1216,5,0.6041234731674194,1571,5,1571,0.0,1571,False,single_move_asset_to_target
published_ood_memory,published_ood_unconditional,val,1217,5,0.5971207618713379,583,8,583,0.0,583,False,sequential_pick_two_and_place
