log,episode_id,success,percent_complete
heuristic_all_tasks_167891.log,3,1.0,1.0
heuristic_all_tasks_167891.log,0,1.0,1.0
heuristic_all_tasks_167891.log,807,1.0,1.0
heuristic_all_tasks_167891.log,1191,1.0,1.0
heuristic_all_tasks_167891.log,221,1.0,1.0
heuristic_all_tasks_167891.log,15,1.0,1.0
heuristic_all_tasks_167891.log,34,1.0,1.0
heuristic_all_tasks_167891.log,37,1.0,1.0
heuristic_all_tasks_167891.log,801,1.0,1.0
heuristic_all_tasks_167891.log,36,1.0,1.0
heuristic_all_tasks_167891.log,46,1.0,1.0
heuristic_all_tasks_167891.log,754,1.0,1.0
heuristic_all_tasks_167891.log,747,1.0,1.0
heuristic_all_tasks_167891.log,748,1.0,1.0
heuristic_all_tasks_167891.log,1136,1.0,1.0
heuristic_all_tasks_167891.log,749,1.0,1.0
heuristic_all_tasks_167891.log,745,1.0,1.0
heuristic_all_tasks_167891.log,746,1.0,1.0
heuristic_all_tasks_167891.log,753,1.0,1.0
heuristic_all_tasks_167891.log,752,1.0,1.0
heuristic_all_tasks_167891.log,751,1.0,1.0
heuristic_all_tasks_167891.log,755,1.0,1.0
heuristic_all_tasks_167891.log,750,1.0,1.0
heuristic_all_tasks_167891.log,1137,1.0,1.0
heuristic_all_tasks_167891.log,534,1.0,1.0
heuristic_all_tasks_167891.log,529,1.0,1.0
heuristic_all_tasks_167891.log,528,1.0,1.0
heuristic_all_tasks_167891.log,530,1.0,1.0
heuristic_all_tasks_167891.log,532,1.0,1.0
heuristic_all_tasks_167891.log,527,1.0,1.0
heuristic_all_tasks_167891.log,533,1.0,1.0
heuristic_all_tasks_167891.log,535,1.0,1.0
heuristic_all_tasks_167891.log,531,1.0,1.0
heuristic_all_tasks_167891.log,525,1.0,1.0
heuristic_all_tasks_167891.log,862,1.0,1.0
heuristic_all_tasks_167891.log,601,1.0,1.0
heuristic_all_tasks_167891.log,596,1.0,1.0
heuristic_all_tasks_167891.log,595,1.0,1.0
heuristic_all_tasks_167891.log,600,1.0,1.0
heuristic_all_tasks_167891.log,992,1.0,1.0
heuristic_all_tasks_167891.log,592,1.0,1.0
heuristic_all_tasks_167891.log,599,1.0,1.0
heuristic_all_tasks_167891.log,591,1.0,1.0
heuristic_all_tasks_167891.log,594,1.0,1.0
heuristic_all_tasks_167891.log,593,0.0,0.5
heuristic_all_tasks_167891.log,598,1.0,1.0
heuristic_all_tasks_167891.log,597,1.0,1.0
heuristic_all_tasks_167891.log,989,1.0,1.0
heuristic_all_tasks_167891.log,108,1.0,1.0
heuristic_all_tasks_167891.log,265,1.0,1.0
heuristic_all_tasks_167891.log,119,1.0,1.0
heuristic_all_tasks_167891.log,288,1.0,1.0
heuristic_all_tasks_167891.log,88,1.0,1.0
heuristic_all_tasks_167891.log,822,0.0,0.75
heuristic_all_tasks_167891.log,116,1.0,1.0
heuristic_all_tasks_167891.log,235,1.0,1.0
heuristic_all_tasks_167891.log,98,1.0,1.0
heuristic_all_tasks_167891.log,1211,0.0,0.25
heuristic_all_tasks_167891.log,137,1.0,1.0
heuristic_all_tasks_167891.log,140,1.0,1.0
heuristic_all_tasks_167891.log,93,1.0,1.0
heuristic_all_tasks_167891.log,117,1.0,1.0
heuristic_all_tasks_167891.log,586,1.0,1.0
heuristic_all_tasks_167891.log,588,1.0,1.0
heuristic_all_tasks_167891.log,585,1.0,1.0
heuristic_all_tasks_167891.log,979,1.0,1.0
heuristic_all_tasks_167891.log,587,1.0,1.0
heuristic_all_tasks_167891.log,589,1.0,1.0
heuristic_all_tasks_167891.log,590,0.0,0.75
heuristic_all_tasks_167891.log,580,1.0,1.0
heuristic_all_tasks_167891.log,581,1.0,1.0
heuristic_all_tasks_167891.log,582,1.0,1.0
heuristic_all_tasks_167891.log,584,0.0,0.5
heuristic_all_tasks_167891.log,583,1.0,1.0
heuristic_all_tasks_167891.log,655,1.0,1.0
heuristic_all_tasks_167891.log,653,1.0,1.0
heuristic_all_tasks_167891.log,651,1.0,1.0
heuristic_all_tasks_167891.log,649,0.0,0.5
heuristic_all_tasks_167891.log,650,1.0,1.0
heuristic_all_tasks_167891.log,646,1.0,1.0
heuristic_all_tasks_167891.log,656,1.0,1.0
heuristic_all_tasks_167891.log,647,1.0,1.0
heuristic_all_tasks_167891.log,654,1.0,1.0
heuristic_all_tasks_167891.log,1042,1.0,1.0
heuristic_all_tasks_167891.log,652,1.0,1.0
heuristic_all_tasks_167891.log,548,1.0,1.0
heuristic_all_tasks_167891.log,555,1.0,1.0
heuristic_all_tasks_167891.log,437,1.0,1.0
heuristic_all_tasks_167891.log,550,1.0,1.0
heuristic_all_tasks_167891.log,557,1.0,1.0
heuristic_all_tasks_167891.log,944,1.0,1.0
heuristic_all_tasks_167891.log,554,1.0,1.0
heuristic_all_tasks_167891.log,549,1.0,1.0
heuristic_all_tasks_167891.log,553,1.0,1.0
heuristic_all_tasks_167891.log,556,1.0,1.0
heuristic_all_tasks_167891.log,552,1.0,1.0
heuristic_all_tasks_167891.log,547,1.0,1.0
heuristic_all_tasks_167891.log,551,1.0,1.0
heuristic_all_tasks_167891.log,74,1.0,1.0
heuristic_all_tasks_167891.log,77,1.0,1.0
heuristic_all_tasks_167891.log,70,1.0,1.0
heuristic_all_tasks_167891.log,469,1.0,1.0
heuristic_all_tasks_167891.log,79,1.0,1.0
heuristic_all_tasks_167891.log,62,1.0,1.0
heuristic_all_tasks_167891.log,76,0.0,0.5
heuristic_all_tasks_167891.log,467,1.0,1.0
heuristic_all_tasks_167891.log,64,1.0,1.0
heuristic_all_tasks_167891.log,460,1.0,1.0
heuristic_all_tasks_167891.log,171,1.0,1.0
heuristic_all_tasks_167891.log,176,1.0,1.0
heuristic_all_tasks_167891.log,761,1.0,1.0
heuristic_all_tasks_167891.log,764,1.0,1.0
heuristic_all_tasks_167891.log,757,1.0,1.0
heuristic_all_tasks_167891.log,766,1.0,1.0
heuristic_all_tasks_167891.log,759,1.0,1.0
heuristic_all_tasks_167891.log,756,1.0,1.0
heuristic_all_tasks_167891.log,1149,1.0,1.0
heuristic_all_tasks_167891.log,760,1.0,1.0
heuristic_all_tasks_167891.log,765,1.0,1.0
heuristic_all_tasks_167891.log,762,1.0,1.0
heuristic_all_tasks_167891.log,758,1.0,1.0
heuristic_all_tasks_167891.log,763,1.0,1.0
heuristic_all_tasks_167891.log,793,1.0,1.0
heuristic_all_tasks_167891.log,792,1.0,1.0
heuristic_all_tasks_167891.log,791,1.0,1.0
heuristic_all_tasks_167891.log,799,1.0,1.0
heuristic_all_tasks_167891.log,796,1.0,1.0
heuristic_all_tasks_167891.log,797,1.0,1.0
heuristic_all_tasks_167891.log,794,1.0,1.0
heuristic_all_tasks_167891.log,795,1.0,1.0
heuristic_all_tasks_167891.log,1181,1.0,1.0
heuristic_all_tasks_167891.log,789,1.0,1.0
heuristic_all_tasks_167891.log,790,1.0,1.0
heuristic_all_tasks_167891.log,798,1.0,1.0
heuristic_all_tasks_167891.log,627,1.0,1.0
heuristic_all_tasks_167891.log,624,1.0,1.0
heuristic_all_tasks_167891.log,628,1.0,1.0
heuristic_all_tasks_167891.log,634,1.0,1.0
heuristic_all_tasks_167891.log,1019,1.0,1.0
heuristic_all_tasks_167891.log,626,1.0,1.0
heuristic_all_tasks_167891.log,633,1.0,1.0
heuristic_all_tasks_167891.log,632,1.0,1.0
heuristic_all_tasks_167891.log,629,1.0,1.0
heuristic_all_tasks_167891.log,631,1.0,1.0
heuristic_all_tasks_167891.log,630,1.0,1.0
heuristic_all_tasks_167891.log,625,1.0,1.0
heuristic_all_tasks_167891.log,1024,1.0,1.0
heuristic_all_tasks_167891.log,1026,1.0,1.0
heuristic_all_tasks_167891.log,508,1.0,1.0
heuristic_all_tasks_167891.log,513,1.0,1.0
heuristic_all_tasks_167891.log,1304,0.0,0.5
heuristic_all_tasks_167891.log,507,1.0,1.0
heuristic_all_tasks_167891.log,511,1.0,1.0
heuristic_all_tasks_167891.log,509,1.0,1.0
heuristic_all_tasks_167891.log,506,1.0,1.0
heuristic_all_tasks_167891.log,512,1.0,1.0
heuristic_all_tasks_167891.log,510,1.0,1.0
heuristic_all_tasks_167891.log,504,1.0,1.0
heuristic_all_tasks_167891.log,505,1.0,1.0
heuristic_all_tasks_167891.log,503,1.0,1.0
heuristic_all_tasks_167891.log,567,1.0,1.0
heuristic_all_tasks_167891.log,565,1.0,1.0
heuristic_all_tasks_167891.log,560,1.0,1.0
heuristic_all_tasks_167891.log,563,1.0,1.0
heuristic_all_tasks_167891.log,561,1.0,1.0
heuristic_all_tasks_167891.log,559,1.0,1.0
heuristic_all_tasks_167891.log,564,1.0,1.0
heuristic_all_tasks_167891.log,429,1.0,1.0
heuristic_all_tasks_167891.log,558,1.0,1.0
heuristic_all_tasks_167891.log,568,1.0,1.0
heuristic_all_tasks_167891.log,566,1.0,1.0
heuristic_all_tasks_167891.log,562,1.0,1.0
heuristic_all_tasks_167891.log,743,1.0,1.0
heuristic_all_tasks_167891.log,1130,1.0,1.0
heuristic_all_tasks_167891.log,737,1.0,1.0
heuristic_all_tasks_167891.log,742,1.0,1.0
heuristic_all_tasks_167891.log,734,1.0,1.0
heuristic_all_tasks_167891.log,738,1.0,1.0
heuristic_all_tasks_167891.log,739,1.0,1.0
heuristic_all_tasks_167891.log,1526,0.0,0.6
heuristic_all_tasks_167891.log,744,1.0,1.0
heuristic_all_tasks_167891.log,735,1.0,1.0
heuristic_all_tasks_167891.log,1131,1.0,1.0
heuristic_all_tasks_167891.log,740,1.0,1.0
heuristic_all_tasks_167891.log,736,1.0,1.0
heuristic_all_tasks_167891.log,741,1.0,1.0
heuristic_all_tasks_167891.log,882,1.0,1.0
heuristic_all_tasks_167891.log,487,1.0,1.0
heuristic_all_tasks_167891.log,490,1.0,1.0
heuristic_all_tasks_167891.log,482,1.0,1.0
heuristic_all_tasks_167891.log,483,1.0,1.0
heuristic_all_tasks_167891.log,484,1.0,1.0
heuristic_all_tasks_167891.log,491,1.0,1.0
heuristic_all_tasks_167891.log,488,1.0,1.0
heuristic_all_tasks_167891.log,485,1.0,1.0
heuristic_all_tasks_167891.log,489,1.0,1.0
heuristic_all_tasks_167891.log,486,1.0,1.0
heuristic_all_tasks_167891.log,481,1.0,1.0
heuristic_all_tasks_167891.log,816,1.0,1.0
heuristic_all_tasks_167891.log,812,0.0,0.0
heuristic_all_tasks_167891.log,1201,0.0,0.5
heuristic_all_tasks_167891.log,814,1.0,1.0
heuristic_all_tasks_167891.log,819,1.0,1.0
heuristic_all_tasks_167891.log,820,0.0,0.5
heuristic_all_tasks_167891.log,813,1.0,1.0
heuristic_all_tasks_167891.log,775,1.0,1.0
heuristic_all_tasks_167891.log,772,1.0,1.0
heuristic_all_tasks_167891.log,771,1.0,1.0
heuristic_all_tasks_167891.log,776,1.0,1.0
heuristic_all_tasks_167891.log,1562,1.0,1.0
heuristic_all_tasks_167891.log,773,1.0,1.0
heuristic_all_tasks_167891.log,1949,1.0,1.0
heuristic_all_tasks_167891.log,774,1.0,1.0
heuristic_all_tasks_167891.log,770,1.0,1.0
heuristic_all_tasks_167891.log,1950,1.0,1.0
heuristic_all_tasks_167891.log,768,1.0,1.0
heuristic_all_tasks_167891.log,769,1.0,1.0
heuristic_all_tasks_167891.log,767,1.0,1.0
heuristic_all_tasks_167891.log,569,1.0,1.0
heuristic_all_tasks_167891.log,969,1.0,1.0
heuristic_all_tasks_167891.log,573,1.0,1.0
heuristic_all_tasks_167891.log,577,1.0,1.0
heuristic_all_tasks_167891.log,579,1.0,1.0
heuristic_all_tasks_167891.log,574,1.0,1.0
heuristic_all_tasks_167891.log,575,1.0,1.0
heuristic_all_tasks_167891.log,576,1.0,1.0
heuristic_all_tasks_167891.log,570,1.0,1.0
heuristic_all_tasks_167891.log,578,1.0,1.0
heuristic_all_tasks_167891.log,572,1.0,1.0
heuristic_all_tasks_167891.log,693,1.0,1.0
heuristic_all_tasks_167891.log,696,1.0,1.0
heuristic_all_tasks_167891.log,1091,1.0,1.0
heuristic_all_tasks_167891.log,692,0.0,0.6
heuristic_all_tasks_167891.log,698,1.0,1.0
heuristic_all_tasks_167891.log,695,1.0,1.0
heuristic_all_tasks_167891.log,690,1.0,1.0
heuristic_all_tasks_167891.log,697,1.0,1.0
heuristic_all_tasks_167891.log,700,1.0,1.0
heuristic_all_tasks_167891.log,617,1.0,1.0
heuristic_all_tasks_167891.log,1012,1.0,1.0
heuristic_all_tasks_167891.log,619,1.0,1.0
heuristic_all_tasks_167891.log,615,1.0,1.0
heuristic_all_tasks_167891.log,622,1.0,1.0
heuristic_all_tasks_167891.log,616,1.0,1.0
heuristic_all_tasks_167891.log,618,1.0,1.0
heuristic_all_tasks_167891.log,623,1.0,1.0
heuristic_all_tasks_167891.log,613,1.0,1.0
heuristic_all_tasks_167891.log,614,1.0,1.0
heuristic_all_tasks_167891.log,620,1.0,1.0
heuristic_all_tasks_167891.log,621,1.0,1.0
heuristic_all_tasks_167891.log,665,1.0,1.0
heuristic_all_tasks_167891.log,659,1.0,1.0
heuristic_all_tasks_167891.log,1052,1.0,1.0
heuristic_all_tasks_167891.log,662,1.0,1.0
heuristic_all_tasks_167891.log,666,1.0,1.0
heuristic_all_tasks_167891.log,663,1.0,1.0
heuristic_all_tasks_167891.log,667,1.0,1.0
heuristic_all_tasks_167891.log,661,1.0,1.0
heuristic_all_tasks_167891.log,657,1.0,1.0
heuristic_all_tasks_167891.log,658,1.0,1.0
heuristic_all_tasks_167891.log,660,1.0,1.0
heuristic_all_tasks_167891.log,516,1.0,1.0
heuristic_all_tasks_167891.log,520,1.0,1.0
heuristic_all_tasks_167891.log,518,1.0,1.0
heuristic_all_tasks_167891.log,521,1.0,1.0
heuristic_all_tasks_167891.log,519,1.0,1.0
heuristic_all_tasks_167891.log,515,1.0,1.0
heuristic_all_tasks_167891.log,517,1.0,1.0
heuristic_all_tasks_167891.log,514,1.0,1.0
heuristic_all_tasks_167891.log,522,1.0,1.0
heuristic_all_tasks_167891.log,524,1.0,1.0
heuristic_all_tasks_167891.log,523,1.0,1.0
heuristic_all_tasks_167891.log,780,1.0,1.0
heuristic_all_tasks_167891.log,778,1.0,1.0
heuristic_all_tasks_167891.log,784,1.0,1.0
heuristic_all_tasks_167891.log,782,1.0,1.0
heuristic_all_tasks_167891.log,779,1.0,1.0
heuristic_all_tasks_167891.log,781,1.0,1.0
heuristic_all_tasks_167891.log,787,1.0,1.0
heuristic_all_tasks_167891.log,785,1.0,1.0
heuristic_all_tasks_167891.log,788,1.0,1.0
heuristic_all_tasks_167891.log,783,1.0,1.0
heuristic_all_tasks_167891.log,786,1.0,1.0
heuristic_all_tasks_167891.log,538,1.0,1.0
heuristic_all_tasks_167891.log,539,1.0,1.0
heuristic_all_tasks_167891.log,540,1.0,1.0
heuristic_all_tasks_167891.log,544,1.0,1.0
heuristic_all_tasks_167891.log,541,1.0,1.0
heuristic_all_tasks_167891.log,545,1.0,1.0
heuristic_all_tasks_167891.log,536,1.0,1.0
heuristic_all_tasks_167891.log,546,1.0,1.0
heuristic_all_tasks_167891.log,537,1.0,1.0
heuristic_all_tasks_167891.log,707,1.0,1.0
heuristic_all_tasks_167891.log,701,1.0,1.0
heuristic_all_tasks_167891.log,703,1.0,1.0
heuristic_all_tasks_167891.log,704,1.0,1.0
heuristic_all_tasks_167891.log,711,1.0,1.0
heuristic_all_tasks_167891.log,710,1.0,1.0
heuristic_all_tasks_167891.log,709,1.0,1.0
heuristic_all_tasks_167891.log,708,1.0,1.0
heuristic_all_tasks_167891.log,706,1.0,1.0
heuristic_all_tasks_167891.log,702,1.0,1.0
heuristic_all_tasks_167891.log,705,1.0,1.0
heuristic_all_tasks_167891.log,474,1.0,1.0
heuristic_all_tasks_167891.log,470,1.0,1.0
heuristic_all_tasks_167891.log,478,1.0,1.0
heuristic_all_tasks_167891.log,476,1.0,1.0
heuristic_all_tasks_167891.log,480,1.0,1.0
heuristic_all_tasks_167891.log,475,0.0,0.0
heuristic_all_tasks_167891.log,473,1.0,1.0
heuristic_all_tasks_167891.log,477,1.0,1.0
heuristic_all_tasks_167891.log,479,1.0,1.0
heuristic_all_tasks_167891.log,471,1.0,1.0
heuristic_all_tasks_167891.log,472,1.0,1.0
heuristic_all_tasks_167891.log,501,1.0,1.0
heuristic_all_tasks_167891.log,894,0.0,0.75
heuristic_all_tasks_167891.log,495,1.0,1.0
heuristic_all_tasks_167891.log,1691,1.0,1.0
heuristic_all_tasks_167891.log,1692,1.0,1.0
heuristic_all_tasks_167891.log,498,1.0,1.0
heuristic_all_tasks_167891.log,1690,1.0,1.0
heuristic_all_tasks_167891.log,500,1.0,1.0
heuristic_all_tasks_167891.log,895,0.0,0.75
heuristic_all_tasks_167891.log,728,1.0,1.0
heuristic_all_tasks_167891.log,726,1.0,1.0
heuristic_all_tasks_167891.log,732,1.0,1.0
heuristic_all_tasks_167891.log,1115,1.0,1.0
heuristic_all_tasks_167891.log,725,1.0,1.0
heuristic_all_tasks_167891.log,724,1.0,1.0
heuristic_all_tasks_167891.log,727,1.0,1.0
heuristic_all_tasks_167891.log,733,1.0,1.0
heuristic_all_tasks_167891.log,723,1.0,1.0
heuristic_all_tasks_167891.log,730,1.0,1.0
heuristic_all_tasks_167891.log,731,1.0,1.0
heuristic_all_tasks_167891.log,729,1.0,1.0
heuristic_all_tasks_167891.log,608,1.0,1.0
heuristic_all_tasks_167891.log,611,1.0,1.0
heuristic_all_tasks_167891.log,607,1.0,1.0
heuristic_all_tasks_167891.log,610,1.0,1.0
heuristic_all_tasks_167891.log,604,1.0,1.0
heuristic_all_tasks_167891.log,1000,1.0,1.0
heuristic_all_tasks_167891.log,606,1.0,1.0
heuristic_all_tasks_167891.log,612,1.0,1.0
heuristic_all_tasks_167891.log,602,1.0,1.0
heuristic_all_tasks_167891.log,605,1.0,1.0
heuristic_all_tasks_167891.log,603,1.0,1.0
heuristic_all_tasks_167891.log,1002,1.0,1.0
heuristic_all_tasks_167891.log,722,0.0,0.333
heuristic_all_tasks_167891.log,721,0.0,0.5
heuristic_all_tasks_167891.log,717,0.0,0.5
heuristic_all_tasks_167891.log,1109,0.0,0.25
heuristic_all_tasks_167891.log,714,0.0,0.5
heuristic_all_tasks_167891.log,719,1.0,1.0
heuristic_all_tasks_167891.log,715,0.0,0.5
heuristic_all_tasks_167891.log,716,0.0,0.333
heuristic_all_tasks_167891.log,720,0.0,0.5
heuristic_all_tasks_167891.log,713,1.0,1.0
heuristic_all_tasks_167891.log,718,0.0,0.5
heuristic_all_tasks_167891.log,712,0.0,0.5
heuristic_all_tasks_167891.log,1864,1.0,1.0
heuristic_all_tasks_167891.log,680,1.0,1.0
heuristic_all_tasks_167891.log,689,1.0,1.0
heuristic_all_tasks_167891.log,682,1.0,1.0
heuristic_all_tasks_167891.log,687,1.0,1.0
heuristic_all_tasks_167891.log,679,1.0,1.0
heuristic_all_tasks_167891.log,681,1.0,1.0
heuristic_all_tasks_167891.log,688,1.0,1.0
heuristic_all_tasks_167891.log,686,1.0,1.0
heuristic_all_tasks_167891.log,684,1.0,1.0
heuristic_all_tasks_167891.log,685,1.0,1.0
heuristic_all_tasks_167891.log,683,1.0,1.0
heuristic_all_tasks_167891.log,643,1.0,1.0
heuristic_all_tasks_167891.log,640,1.0,1.0
heuristic_all_tasks_167891.log,642,1.0,1.0
heuristic_all_tasks_167891.log,645,1.0,1.0
heuristic_all_tasks_167891.log,636,1.0,1.0
heuristic_all_tasks_167891.log,1832,1.0,1.0
heuristic_all_tasks_167891.log,644,1.0,1.0
heuristic_all_tasks_167891.log,635,1.0,1.0
heuristic_all_tasks_167891.log,637,1.0,1.0
heuristic_all_tasks_167891.log,639,1.0,1.0
heuristic_all_tasks_167891.log,641,1.0,1.0
heuristic_all_tasks_167891.log,677,1.0,1.0
heuristic_all_tasks_167891.log,675,1.0,1.0
heuristic_all_tasks_167891.log,669,0.0,0.8
heuristic_all_tasks_167891.log,678,1.0,1.0
heuristic_all_tasks_167891.log,672,1.0,1.0
heuristic_all_tasks_167891.log,676,1.0,1.0
heuristic_all_tasks_167891.log,668,1.0,1.0
heuristic_all_tasks_167891.log,673,1.0,1.0
heuristic_all_tasks_167891.log,671,1.0,1.0
heuristic_all_tasks_167891.log,670,1.0,1.0
heuristic_all_tasks_167891.log,674,0.0,0.5
heuristic_all_tasks_167891.log,933,1.0,1.0
heuristic_all_tasks_167891.log,935,1.0,1.0
heuristic_all_tasks_167891.log,939,1.0,1.0
heuristic_all_tasks_167891.log,28,1.0,1.0
heuristic_all_tasks_167891.log,6,1.0,1.0
heuristic_all_tasks_167891.log,800,1.0,1.0
heuristic_all_tasks_167891.log,43,1.0,1.0
heuristic_all_tasks_167891.log,40,1.0,1.0
heuristic_all_tasks_167891.log,808,1.0,1.0
heuristic_all_tasks_167891.log,13,1.0,1.0
heuristic_all_tasks_167891.log,27,1.0,1.0
heuristic_all_tasks_167891.log,22,1.0,1.0
heuristic_all_tasks_167891.log,18,1.0,1.0
heuristic_all_tasks_167891.log,111,1.0,1.0
heuristic_all_tasks_167891.log,280,1.0,1.0
heuristic_all_tasks_167891.log,120,1.0,1.0
heuristic_all_tasks_167891.log,121,1.0,1.0
heuristic_all_tasks_167891.log,91,1.0,1.0
heuristic_all_tasks_167891.log,257,1.0,1.0
heuristic_all_tasks_167891.log,830,1.0,1.0
heuristic_all_tasks_167891.log,134,1.0,1.0
heuristic_all_tasks_167891.log,346,1.0,1.0
heuristic_all_tasks_167891.log,135,1.0,1.0
heuristic_all_tasks_167891.log,821,1.0,1.0
heuristic_all_tasks_167891.log,125,1.0,1.0
heuristic_all_tasks_167891.log,141,1.0,1.0
heuristic_all_tasks_167891.log,75,1.0,1.0
heuristic_all_tasks_167891.log,81,1.0,1.0
heuristic_all_tasks_167891.log,468,1.0,1.0
heuristic_all_tasks_167891.log,462,1.0,1.0
heuristic_all_tasks_167891.log,57,1.0,1.0
heuristic_all_tasks_167891.log,66,1.0,1.0
heuristic_all_tasks_167891.log,82,1.0,1.0
heuristic_all_tasks_167891.log,83,1.0,1.0
heuristic_all_tasks_167891.log,72,1.0,1.0
heuristic_all_tasks_167891.log,61,1.0,1.0
heuristic_all_tasks_167891.log,85,1.0,1.0
heuristic_all_tasks_167891.log,78,1.0,1.0
heuristic_all_tasks_167891.log,461,1.0,1.0
heuristic_all_tasks_167891.log,58,1.0,1.0
heuristic_all_tasks_167891.log,80,1.0,1.0
heuristic_all_tasks_167891.log,853,1.0,1.0
heuristic_all_tasks_167891.log,69,1.0,1.0
heuristic_all_tasks_167891.log,815,1.0,1.0
heuristic_all_tasks_167891.log,818,1.0,1.0
heuristic_all_tasks_167891.log,1207,1.0,1.0
heuristic_all_tasks_167891.log,1985,1.0,1.0
heuristic_all_tasks_167891.log,817,1.0,1.0
heuristic_all_tasks_167891.log,811,1.0,1.0
heuristic_all_tasks_167891.log,691,1.0,1.0
heuristic_all_tasks_167891.log,699,1.0,1.0
heuristic_all_tasks_167891.log,694,1.0,1.0
heuristic_all_tasks_167891.log,502,0.0,0.0
heuristic_all_tasks_167891.log,499,1.0,1.0
heuristic_all_tasks_167891.log,492,1.0,1.0
heuristic_all_tasks_167891.log,493,1.0,1.0
heuristic_all_tasks_167891.log,494,1.0,1.0
heuristic_all_tasks_167891.log,1686,0.0,0.5
heuristic_all_tasks_167891.log,496,1.0,1.0
heuristic_all_tasks_167891.log,497,1.0,1.0
heuristic_all_tasks_167891.log,14,1.0,1.0
heuristic_all_tasks_167891.log,806,1.0,1.0
heuristic_all_tasks_167891.log,17,1.0,1.0
heuristic_all_tasks_167891.log,30,1.0,1.0
heuristic_all_tasks_167891.log,44,1.0,1.0
heuristic_all_tasks_167891.log,49,1.0,1.0
heuristic_all_tasks_167891.log,29,1.0,1.0
heuristic_all_tasks_167891.log,45,1.0,1.0
heuristic_all_tasks_167891.log,12,1.0,1.0
heuristic_all_tasks_167891.log,16,1.0,1.0
heuristic_all_tasks_167891.log,8,1.0,1.0
heuristic_all_tasks_167891.log,828,1.0,1.0
heuristic_all_tasks_167891.log,131,1.0,1.0
heuristic_all_tasks_167891.log,823,1.0,1.0
heuristic_all_tasks_167891.log,95,1.0,1.0
heuristic_all_tasks_167891.log,139,0.0,0.5
heuristic_all_tasks_167891.log,103,1.0,1.0
heuristic_all_tasks_167891.log,1221,1.0,1.0
heuristic_all_tasks_167891.log,361,1.0,1.0
heuristic_all_tasks_167891.log,238,1.0,1.0
heuristic_all_tasks_167891.log,133,1.0,1.0
heuristic_all_tasks_167891.log,115,1.0,1.0
heuristic_all_tasks_167891.log,90,1.0,1.0
heuristic_all_tasks_167891.log,276,1.0,1.0
heuristic_all_tasks_167891.log,825,1.0,1.0
heuristic_all_tasks_167891.log,107,1.0,1.0
heuristic_all_tasks_167891.log,67,1.0,1.0
heuristic_all_tasks_167891.log,55,1.0,1.0
heuristic_all_tasks_167891.log,65,1.0,1.0
heuristic_all_tasks_167891.log,73,1.0,1.0
heuristic_all_tasks_167891.log,68,1.0,1.0
heuristic_all_tasks_167891.log,59,1.0,1.0
heuristic_all_tasks_167891.log,60,1.0,1.0
heuristic_all_tasks_167891.log,71,0.0,0.5
heuristic_all_tasks_167891.log,84,1.0,1.0
heuristic_all_tasks_167891.log,180,1.0,1.0
heuristic_all_tasks_167891.log,54,1.0,1.0
heuristic_all_tasks_167891.log,7,1.0,1.0
heuristic_all_tasks_167891.log,23,1.0,1.0
heuristic_all_tasks_167891.log,51,1.0,1.0
heuristic_all_tasks_167891.log,805,1.0,1.0
heuristic_all_tasks_167891.log,53,1.0,1.0
heuristic_all_tasks_167891.log,187,1.0,1.0
heuristic_all_tasks_167891.log,2,1.0,1.0
heuristic_all_tasks_167891.log,39,1.0,1.0
heuristic_all_tasks_167891.log,809,1.0,1.0
heuristic_all_tasks_167891.log,21,1.0,1.0
heuristic_all_tasks_167891.log,50,1.0,1.0
heuristic_all_tasks_167891.log,20,1.0,1.0
heuristic_all_tasks_167891.log,1972,1.0,1.0
heuristic_all_tasks_167891.log,87,1.0,1.0
heuristic_all_tasks_167891.log,132,1.0,1.0
heuristic_all_tasks_167891.log,245,1.0,1.0
heuristic_all_tasks_167891.log,110,1.0,1.0
heuristic_all_tasks_167891.log,89,1.0,1.0
heuristic_all_tasks_167891.log,118,1.0,1.0
heuristic_all_tasks_167891.log,827,1.0,1.0
heuristic_all_tasks_167891.log,104,1.0,1.0
heuristic_all_tasks_167891.log,126,1.0,1.0
heuristic_all_tasks_167891.log,242,1.0,1.0
heuristic_all_tasks_167891.log,831,1.0,1.0
heuristic_all_tasks_167891.log,113,1.0,1.0
heuristic_all_tasks_167891.log,101,1.0,1.0
heuristic_all_tasks_167891.log,99,1.0,1.0
heuristic_all_tasks_167891.log,106,1.0,1.0
heuristic_all_tasks_167891.log,114,1.0,1.0
heuristic_all_tasks_167891.log,203,1.0,1.0
heuristic_all_tasks_167891.log,1,1.0,1.0
heuristic_all_tasks_167891.log,198,1.0,1.0
heuristic_all_tasks_167891.log,26,1.0,1.0
heuristic_all_tasks_167891.log,41,1.0,1.0
heuristic_all_tasks_167891.log,205,1.0,1.0
heuristic_all_tasks_167891.log,804,1.0,1.0
heuristic_all_tasks_167891.log,31,1.0,1.0
heuristic_all_tasks_167891.log,810,1.0,1.0
heuristic_all_tasks_167891.log,802,1.0,1.0
heuristic_all_tasks_167891.log,32,1.0,1.0
heuristic_all_tasks_167891.log,130,1.0,1.0
heuristic_all_tasks_167891.log,122,1.0,1.0
heuristic_all_tasks_167891.log,97,1.0,1.0
heuristic_all_tasks_167891.log,102,1.0,1.0
heuristic_all_tasks_167891.log,144,1.0,1.0
heuristic_all_tasks_167891.log,271,1.0,1.0
heuristic_all_tasks_167891.log,259,1.0,1.0
heuristic_all_tasks_167891.log,94,1.0,1.0
heuristic_all_tasks_167891.log,129,1.0,1.0
heuristic_all_tasks_167891.log,96,1.0,1.0
heuristic_all_tasks_167891.log,24,1.0,1.0
heuristic_all_tasks_167891.log,33,1.0,1.0
heuristic_all_tasks_167891.log,10,1.0,1.0
heuristic_all_tasks_167891.log,47,1.0,1.0
heuristic_all_tasks_167891.log,48,1.0,1.0
heuristic_all_tasks_167891.log,391,1.0,1.0
heuristic_all_tasks_167891.log,803,1.0,1.0
heuristic_all_tasks_167891.log,35,1.0,1.0
heuristic_all_tasks_167891.log,42,1.0,1.0
heuristic_all_tasks_167891.log,38,1.0,1.0
heuristic_all_tasks_167891.log,11,1.0,1.0
heuristic_all_tasks_167891.log,19,1.0,1.0
heuristic_all_tasks_167891.log,5,1.0,1.0
heuristic_all_tasks_167891.log,826,1.0,1.0
heuristic_all_tasks_167891.log,124,1.0,1.0
heuristic_all_tasks_167891.log,149,1.0,1.0
heuristic_all_tasks_167891.log,148,1.0,1.0
heuristic_all_tasks_167891.log,136,1.0,1.0
heuristic_all_tasks_167891.log,152,0.0,0.667
heuristic_all_tasks_167891.log,109,1.0,1.0
heuristic_all_tasks_167891.log,1214,1.0,1.0
heuristic_all_tasks_167891.log,151,1.0,1.0
heuristic_all_tasks_167891.log,105,1.0,1.0
heuristic_all_tasks_167891.log,100,1.0,1.0
heuristic_all_tasks_167891.log,1219,1.0,1.0
heuristic_all_tasks_167891.log,147,1.0,1.0
heuristic_all_tasks_167891.log,143,1.0,1.0
heuristic_all_tasks_167891.log,142,1.0,1.0
heuristic_all_tasks_167891.log,123,1.0,1.0
heuristic_all_tasks_167891.log,112,1.0,1.0
heuristic_all_tasks_167891.log,52,1.0,1.0
heuristic_all_tasks_167891.log,9,1.0,1.0
heuristic_all_tasks_167891.log,4,1.0,1.0
heuristic_all_tasks_167891.log,128,1.0,1.0
heuristic_all_tasks_167891.log,127,1.0,1.0
heuristic_all_tasks_167891.log,145,1.0,1.0
heuristic_all_tasks_167891.log,92,1.0,1.0
heuristic_all_tasks_167891.log,824,1.0,1.0
heuristic_all_tasks_167891.log,1699,1.0,1.0
heuristic_all_tasks_167891.log,1698,1.0,1.0
heuristic_all_tasks_167891.log,1701,1.0,1.0
heuristic_all_tasks_167891.log,1697,1.0,1.0
heuristic_all_tasks_167891.log,1703,1.0,1.0
heuristic_all_tasks_167891.log,1704,0.0,0.5
heuristic_all_tasks_167891.log,1988,0.0,0.667
heuristic_all_tasks_167891.log,1981,0.0,0.667
heuristic_all_tasks_167891.log,1989,0.0,0.588
heuristic_all_tasks_167891.log,1999,0.0,0.75
heuristic_all_tasks_167891.log,1997,1.0,1.0
heuristic_all_tasks_167891.log,444,1.0,1.0
heuristic_all_tasks_167891.log,1990,1.0,1.0
heuristic_all_tasks_167891.log,445,1.0,1.0
heuristic_all_tasks_167891.log,1993,0.0,0.75
heuristic_all_tasks_167891.log,1998,1.0,1.0
heuristic_all_tasks_167891.log,1994,1.0,1.0
heuristic_all_tasks_167891.log,443,1.0,1.0
heuristic_all_tasks_167891.log,1909,0.0,0.833
heuristic_all_tasks_167891.log,1904,1.0,1.0
heuristic_all_tasks_167891.log,1906,1.0,1.0
heuristic_all_tasks_167891.log,1907,0.0,0.833
heuristic_all_tasks_167891.log,1905,1.0,1.0
heuristic_all_tasks_167891.log,1913,1.0,1.0
heuristic_all_tasks_167891.log,1911,1.0,1.0
heuristic_all_tasks_167891.log,1910,1.0,1.0
heuristic_all_tasks_167891.log,1908,1.0,1.0
heuristic_all_tasks_167891.log,1912,1.0,1.0
heuristic_all_tasks_167891.log,1956,1.0,1.0
heuristic_all_tasks_167891.log,1957,0.0,0.8
heuristic_all_tasks_167891.log,1954,1.0,1.0
heuristic_all_tasks_167891.log,1955,1.0,1.0
heuristic_all_tasks_167891.log,1960,0.0,0.625
heuristic_all_tasks_167891.log,1958,1.0,1.0
heuristic_all_tasks_167891.log,1756,1.0,1.0
heuristic_all_tasks_167891.log,1759,0.0,0.833
heuristic_all_tasks_167891.log,433,0.0,0.833
heuristic_all_tasks_167891.log,1760,0.0,0.875
heuristic_all_tasks_167891.log,1761,0.0,0.833
heuristic_all_tasks_167891.log,1758,0.0,0.857
heuristic_all_tasks_167891.log,1762,1.0,1.0
heuristic_all_tasks_167891.log,1757,0.0,0.75
heuristic_all_tasks_167891.log,1662,0.0,0.8
heuristic_all_tasks_167891.log,1664,1.0,1.0
heuristic_all_tasks_167891.log,1663,0.0,0.0
heuristic_all_tasks_167891.log,1748,1.0,1.0
heuristic_all_tasks_167891.log,1747,1.0,1.0
heuristic_all_tasks_167891.log,1751,1.0,1.0
heuristic_all_tasks_167891.log,1746,0.0,0.75
heuristic_all_tasks_167891.log,1744,1.0,1.0
heuristic_all_tasks_167891.log,1745,1.0,1.0
heuristic_all_tasks_167891.log,439,1.0,1.0
heuristic_all_tasks_167891.log,1753,0.0,0.833
heuristic_all_tasks_167891.log,1752,1.0,1.0
heuristic_all_tasks_167891.log,1750,1.0,1.0
heuristic_all_tasks_167891.log,1749,0.0,0.8
heuristic_all_tasks_167891.log,436,0.0,0.833
heuristic_all_tasks_167891.log,1855,0.0,0.583
heuristic_all_tasks_167891.log,1854,0.0,0.5
heuristic_all_tasks_167891.log,1848,1.0,1.0
heuristic_all_tasks_167891.log,1843,1.0,1.0
heuristic_all_tasks_167891.log,1849,1.0,1.0
heuristic_all_tasks_167891.log,1845,0.0,0.833
heuristic_all_tasks_167891.log,1850,1.0,1.0
heuristic_all_tasks_167891.log,1852,1.0,1.0
heuristic_all_tasks_167891.log,1847,1.0,1.0
heuristic_all_tasks_167891.log,1844,0.0,0.8
heuristic_all_tasks_167891.log,1851,1.0,1.0
heuristic_all_tasks_167891.log,1840,0.0,0.833
heuristic_all_tasks_167891.log,1838,1.0,1.0
heuristic_all_tasks_167891.log,1836,1.0,1.0
heuristic_all_tasks_167891.log,1842,1.0,1.0
heuristic_all_tasks_167891.log,1841,1.0,1.0
heuristic_all_tasks_167891.log,1839,1.0,1.0
heuristic_all_tasks_167891.log,1837,0.0,0.429
heuristic_all_tasks_167891.log,1835,1.0,1.0
heuristic_all_tasks_167891.log,1621,0.0,0.6
heuristic_all_tasks_167891.log,1623,1.0,1.0
heuristic_all_tasks_167891.log,1622,1.0,1.0
heuristic_all_tasks_167891.log,1947,0.0,0.667
heuristic_all_tasks_167891.log,1948,1.0,1.0
heuristic_all_tasks_167891.log,1943,0.0,0.75
heuristic_all_tasks_167891.log,1946,1.0,1.0
heuristic_all_tasks_167891.log,1945,1.0,1.0
heuristic_all_tasks_167891.log,1944,1.0,1.0
heuristic_all_tasks_167891.log,1736,1.0,1.0
heuristic_all_tasks_167891.log,1737,1.0,1.0
heuristic_all_tasks_167891.log,1735,1.0,1.0
heuristic_all_tasks_167891.log,1874,1.0,1.0
heuristic_all_tasks_167891.log,1873,1.0,1.0
heuristic_all_tasks_167891.log,1876,1.0,1.0
heuristic_all_tasks_167891.log,1875,1.0,1.0
heuristic_all_tasks_167891.log,1792,1.0,1.0
heuristic_all_tasks_167891.log,1791,0.0,0.75
heuristic_all_tasks_167891.log,1790,1.0,1.0
heuristic_all_tasks_167891.log,1720,1.0,1.0
heuristic_all_tasks_167891.log,1716,1.0,1.0
heuristic_all_tasks_167891.log,1718,1.0,1.0
heuristic_all_tasks_167891.log,1724,1.0,1.0
heuristic_all_tasks_167891.log,1719,1.0,1.0
heuristic_all_tasks_167891.log,1723,1.0,1.0
heuristic_all_tasks_167891.log,1962,1.0,1.0
heuristic_all_tasks_167891.log,1964,1.0,1.0
heuristic_all_tasks_167891.log,1963,1.0,1.0
heuristic_all_tasks_167891.log,1961,1.0,1.0
heuristic_all_tasks_167891.log,1965,1.0,1.0
heuristic_all_tasks_167891.log,1921,1.0,1.0
heuristic_all_tasks_167891.log,1923,0.0,0.667
heuristic_all_tasks_167891.log,1939,1.0,1.0
heuristic_all_tasks_167891.log,1935,0.0,0.8
heuristic_all_tasks_167891.log,1940,0.0,0.8
heuristic_all_tasks_167891.log,1934,0.0,0.75
heuristic_all_tasks_167891.log,1933,1.0,1.0
heuristic_all_tasks_167891.log,1938,0.0,0.833
heuristic_all_tasks_167891.log,1936,1.0,1.0
heuristic_all_tasks_167891.log,1937,0.0,0.75
heuristic_all_tasks_167891.log,1646,1.0,1.0
heuristic_all_tasks_167891.log,1637,1.0,1.0
heuristic_all_tasks_167891.log,1798,1.0,1.0
heuristic_all_tasks_167891.log,1800,1.0,1.0
heuristic_all_tasks_167891.log,1797,1.0,1.0
heuristic_all_tasks_167891.log,1799,1.0,1.0
heuristic_all_tasks_167891.log,1979,0.0,0.75
heuristic_all_tasks_167891.log,1971,1.0,1.0
heuristic_all_tasks_167891.log,1978,1.0,1.0
heuristic_all_tasks_167891.log,1973,0.0,0.8
heuristic_all_tasks_167891.log,1980,0.0,0.667
heuristic_all_tasks_167891.log,1975,0.0,0.75
heuristic_all_tasks_167891.log,1974,1.0,1.0
heuristic_all_tasks_167891.log,1734,1.0,1.0
heuristic_all_tasks_167891.log,1731,1.0,1.0
heuristic_all_tasks_167891.log,1732,1.0,1.0
heuristic_all_tasks_167891.log,1733,1.0,1.0
heuristic_all_tasks_167891.log,449,0.0,0.833
heuristic_all_tasks_167891.log,1764,0.0,0.8
heuristic_all_tasks_167891.log,452,1.0,1.0
heuristic_all_tasks_167891.log,448,0.0,0.667
heuristic_all_tasks_167891.log,447,0.0,0.5
heuristic_all_tasks_167891.log,450,0.0,0.231
heuristic_all_tasks_167891.log,451,1.0,1.0
heuristic_all_tasks_167891.log,1684,1.0,1.0
heuristic_all_tasks_167891.log,1688,1.0,1.0
heuristic_all_tasks_167891.log,1683,1.0,1.0
heuristic_all_tasks_167891.log,1689,1.0,1.0
heuristic_all_tasks_167891.log,1685,1.0,1.0
heuristic_all_tasks_167891.log,1682,1.0,1.0
heuristic_all_tasks_167891.log,1687,1.0,1.0
heuristic_all_tasks_167891.log,1924,0.0,0.667
heuristic_all_tasks_167891.log,1673,1.0,1.0
heuristic_all_tasks_167891.log,1674,1.0,1.0
heuristic_all_tasks_167891.log,1890,0.0,0.833
heuristic_all_tasks_167891.log,1891,0.0,0.833
heuristic_all_tasks_167891.log,1656,1.0,1.0
heuristic_all_tasks_167891.log,1655,1.0,1.0
heuristic_all_tasks_167891.log,1863,1.0,1.0
heuristic_all_tasks_167891.log,1831,1.0,1.0
heuristic_all_tasks_167891.log,1982,1.0,1.0
heuristic_all_tasks_167891.log,454,0.0,0.5
heuristic_all_tasks_167891.log,455,0.0,0.5
heuristic_all_tasks_167891.log,458,0.0,0.778
heuristic_all_tasks_167891.log,1983,1.0,1.0
heuristic_all_tasks_167891.log,446,1.0,1.0
heuristic_all_tasks_167891.log,1996,1.0,1.0
heuristic_all_tasks_167891.log,442,1.0,1.0
heuristic_all_tasks_167891.log,1995,0.0,0.8
heuristic_all_tasks_167891.log,1991,1.0,1.0
heuristic_all_tasks_167891.log,1779,0.0,0.714
heuristic_all_tasks_167891.log,1778,0.0,0.714
heuristic_all_tasks_167891.log,1774,0.0,0.8
heuristic_all_tasks_167891.log,1780,0.0,0.714
heuristic_all_tasks_167891.log,1773,0.0,0.8
heuristic_all_tasks_167891.log,1777,0.0,0.571
heuristic_all_tasks_167891.log,1776,0.0,0.714
heuristic_all_tasks_167891.log,1805,1.0,1.0
heuristic_all_tasks_167891.log,1807,1.0,1.0
heuristic_all_tasks_167891.log,1808,1.0,1.0
heuristic_all_tasks_167891.log,1806,1.0,1.0
heuristic_all_tasks_167891.log,1812,1.0,1.0
heuristic_all_tasks_167891.log,1810,1.0,1.0
heuristic_all_tasks_167891.log,1809,1.0,1.0
heuristic_all_tasks_167891.log,1804,0.0,0.75
heuristic_all_tasks_167891.log,1803,1.0,1.0
heuristic_all_tasks_167891.log,1811,1.0,1.0
heuristic_all_tasks_167891.log,1834,1.0,1.0
heuristic_all_tasks_167891.log,1833,0.0,0.833
heuristic_all_tasks_167891.log,1932,0.0,0.8
heuristic_all_tasks_167891.log,1977,0.0,0.571
heuristic_all_tasks_167891.log,456,0.0,0.8
heuristic_all_tasks_167891.log,1986,0.0,0.857
heuristic_all_tasks_167891.log,1984,1.0,1.0
heuristic_all_tasks_167891.log,1987,0.0,0.692
heuristic_all_tasks_167891.log,1859,0.0,0.455
heuristic_all_tasks_167891.log,1853,0.0,0.6
heuristic_all_tasks_167891.log,1858,0.0,0.538
heuristic_all_tasks_167891.log,1856,0.0,0.545
heuristic_all_tasks_167891.log,1857,0.0,0.455
heuristic_all_tasks_167891.log,306,1.0,1.0
heuristic_all_tasks_167891.log,441,1.0,1.0
heuristic_all_tasks_167891.log,260,1.0,1.0
heuristic_all_tasks_167891.log,1441,1.0,1.0
heuristic_all_tasks_167891.log,1816,0.0,0.0
heuristic_all_tasks_167891.log,1828,1.0,1.0
heuristic_all_tasks_167891.log,434,0.0,0.143
heuristic_all_tasks_167891.log,431,0.0,0.714
heuristic_all_tasks_167891.log,1771,0.0,0.5
heuristic_all_tasks_167891.log,1870,1.0,1.0
memento_hr_mem_h_167958.log,1656,0.0,0.8
memento_hr_mem_h_167958.log,1980,1.0,1.0
memento_hr_mem_h_167958.log,1655,0.0,0.8
memento_hr_mem_h_167958.log,1908,0.0,0.833
memento_hr_mem_h_167958.log,1698,0.0,0.333
memento_hr_mem_h_167958.log,1974,1.0,1.0
memento_hr_mem_h_167958.log,1982,1.0,1.0
memento_hr_mem_h_167958.log,1701,1.0,1.0
memento_hr_mem_h_167958.log,1910,0.0,0.5
memento_hr_mem_h_167958.log,1905,1.0,1.0
memento_hr_mem_h_167958.log,1983,0.0,0.667
memento_hr_mem_h_167958.log,1663,0.0,0.0
memento_hr_mem_h_167958.log,1891,0.0,0.667
memento_hr_mem_h_167958.log,1963,0.0,0.25
memento_hr_mem_h_167958.log,1622,1.0,1.0
memento_hr_mem_h_167958.log,1965,0.0,0.5
memento_hr_mem_h_167958.log,1697,0.0,0.4
memento_hr_mem_h_167958.log,1964,1.0,1.0
memento_hr_mem_h_167958.log,1890,0.0,0.5
memento_hr_mem_h_167958.log,1621,0.0,0.6
memento_hr_mem_h_167958.log,1981,0.0,0.667
memento_hr_mem_h_167958.log,1876,0.0,0.625
memento_hr_mem_h_167958.log,458,0.0,0.667
memento_hr_mem_h_167958.log,1873,0.0,0.667
memento_hr_mem_h_167958.log,1875,1.0,1.0
memento_hr_mem_h_167958.log,1973,0.0,0.6
memento_hr_mem_h_167958.log,1971,0.0,0.667
memento_hr_mem_h_167958.log,454,0.0,0.5
memento_hr_mem_h_167958.log,1904,1.0,1.0
memento_hr_mem_h_167958.log,1907,0.0,0.5
memento_hr_mem_h_167958.log,1637,0.0,0.667
memento_hr_mem_h_167958.log,1646,1.0,1.0
memento_hr_mem_h_167958.log,1911,1.0,1.0
memento_hr_mem_h_167958.log,1673,0.0,0.75
memento_hr_mem_h_167958.log,1977,0.0,0.429
memento_hr_mem_h_167958.log,1975,0.0,0.5
memento_hr_mem_h_167958.log,1874,0.0,0.75
memento_hr_mem_h_167958.log,1674,1.0,1.0
memento_hr_mem_h_167958.log,1623,0.0,0.25
memento_hr_mem_h_167958.log,1906,0.0,0.833
memento_hr_mem_h_167958.log,1979,0.0,0.5
memento_hr_mem_h_167958.log,1703,1.0,1.0
memento_hr_mem_h_167958.log,1978,0.0,0.25
memento_hr_mem_h_167958.log,1909,1.0,1.0
memento_hr_mem_h_167958.log,1664,0.0,0.6
memento_hr_mem_h_167958.log,456,0.0,0.6
memento_hr_mem_h_167958.log,455,0.0,0.5
memento_hr_mem_h_167958.log,1699,0.0,0.5
memento_hr_mem_h_167958.log,1662,1.0,1.0
memento_hr_mem_h_167958.log,1684,0.0,0.667
memento_hr_mem_h_167958.log,1683,0.0,0.0
memento_hr_mem_h_167958.log,1688,0.0,0.0
memento_hr_mem_h_167958.log,1687,1.0,1.0
memento_hr_mem_h_167958.log,1682,0.0,0.0
memento_hr_mem_h_167958.log,1689,0.0,0.333
memento_hr_mem_r_167959.log,1809,0.0,0.75
memento_hr_mem_r_167959.log,1811,0.0,0.667
memento_hr_mem_r_167959.log,1804,0.0,0.5
memento_hr_mem_r_167959.log,1800,0.0,0.667
memento_hr_mem_r_167959.log,1797,1.0,1.0
memento_hr_mem_r_167959.log,1803,1.0,1.0
memento_hr_mem_r_167959.log,1806,1.0,1.0
memento_hr_mem_r_167959.log,1805,1.0,1.0
memento_hr_mem_r_167959.log,1799,1.0,1.0
memento_hr_mem_r_167959.log,1798,1.0,1.0
memento_hr_mem_r_167959.log,1808,0.0,0.5
memento_hr_mem_r_167959.log,1812,0.0,0.333
memento_hr_mem_r_167959.log,1807,0.0,0.0
memento_hr_mem_r_167959.log,1810,0.0,0.333
memento_hr_mem_rhs_167960.log,452,0.0,0.5
memento_hr_mem_rhs_167960.log,447,0.0,0.5
memento_hr_mem_rhs_167960.log,451,0.0,0.0
memento_hr_mem_rhs_167960.log,448,0.0,0.667
memento_hr_mem_rhs_167960.log,442,1.0,1.0
memento_hr_mem_rhs_167960.log,445,1.0,1.0
memento_hr_mem_rhs_167960.log,444,0.0,0.667
memento_hr_mem_rhs_167960.log,439,0.0,0.25
memento_hr_mem_rhs_167960.log,438,0.0,0.4
memento_hr_mem_rhs_167960.log,433,0.0,0.833
memento_hr_mem_rhs_167960.log,450,0.0,0.385
memento_hr_mem_rhs_167960.log,449,0.0,0.833
memento_hr_mem_rhs_167960.log,443,0.0,0.75
memento_hr_mem_rhs_167960.log,446,0.0,0.75
memento_hr_mem_rhs_167960.log,436,0.0,0.5
memento_rhst_mem_h_167962.log,434,1.0,1.0
memento_rhst_mem_h_167962.log,1870,0.0,0.667
memento_rhst_mem_h_167962.log,431,0.0,0.714
memento_rhst_mem_h_167962.log,1771,0.0,0.5
memento_rhst_mem_h_167962.log,1693,0.0,0.333
memento_rhst_mem_h_168124.log,1870,0.0,0.667
memento_rhst_mem_h_168124.log,434,1.0,1.0
memento_rhst_mem_h_168124.log,431,0.0,0.143
memento_rhst_mem_h_168124.log,1771,0.0,0.167
memento_rhst_mem_r_167963.log,1870,0.0,0.333
memento_rhst_mem_r_167963.log,431,0.0,0.429
memento_rhst_mem_r_167963.log,434,0.0,0.714
memento_rhst_mem_r_167963.log,1771,0.0,0.333
memento_rhst_mem_r_168123.log,431,0.0,0.429
memento_rhst_mem_r_168123.log,434,1.0,1.0
memento_rhst_mem_r_168123.log,1870,0.0,0.833
memento_rhst_mem_r_168123.log,1693,0.0,0.167
memento_rhst_mem_rhst_167964.log,431,0.0,0.857
memento_rhst_mem_rhst_167964.log,434,1.0,1.0
memento_rhst_mem_rhst_167964.log,1771,0.0,0.167
memento_rhst_mem_rhst_167964.log,1693,0.0,0.417
memento_rhst_mem_rhst_168127.log,1870,0.0,0.833
memento_rhst_mem_rhst_168127.log,431,0.0,0.429
memento_rhst_mem_rhst_168127.log,434,1.0,1.0
memento_rhst_mem_rhst_168127.log,1771,0.0,0.333
memento_rhst_mem_s_167965.log,434,1.0,1.0
memento_rhst_mem_s_167965.log,1870,0.0,0.667
memento_rhst_mem_s_167965.log,1771,0.0,0.5
memento_rhst_mem_s_167965.log,431,0.0,0.571
memento_rhst_mem_s_167965.log,1693,0.0,0.25
memento_rhst_mem_s_168125.log,434,1.0,1.0
memento_rhst_mem_s_168125.log,1771,0.0,0.167
memento_rhst_mem_s_168125.log,431,0.0,0.571
memento_rhst_mem_s_168125.log,1693,0.0,0.167
memento_rhst_mem_t_167966.log,1870,0.0,0.5
memento_rhst_mem_t_167966.log,434,1.0,1.0
memento_rhst_mem_t_167966.log,431,0.0,0.429
memento_rhst_mem_t_167966.log,1771,0.0,0.333
memento_rhst_mem_t_168126.log,1870,0.0,0.667
memento_rhst_mem_t_168126.log,431,0.0,0.571
memento_rhst_mem_t_168126.log,434,1.0,1.0
memento_rhst_mem_t_168126.log,1771,0.0,0.333
memento_rhst_mem_t_168126.log,1693,0.0,0.0
memento_rht_mem_h_167967.log,1696,0.0,0.667
memento_rht_mem_h_167967.log,1796,1.0,1.0
memento_rht_mem_h_167967.log,1883,0.0,0.833
memento_rht_mem_h_167967.log,1767,0.0,0.0
memento_rht_mem_h_167967.log,1795,1.0,1.0
memento_rht_mem_h_167967.log,1700,0.0,0.6
memento_rht_mem_h_167967.log,1725,0.0,0.0
memento_rht_mem_h_167967.log,1888,0.0,0.75
memento_rht_mem_h_167967.log,1730,1.0,1.0
memento_rht_mem_h_167967.log,1772,0.0,0.0
memento_rht_mem_h_167967.log,1887,1.0,1.0
memento_rht_mem_h_167967.log,1823,0.0,0.444
memento_rht_mem_h_167967.log,1742,1.0,1.0
memento_rht_mem_h_167967.log,1712,0.0,0.571
memento_rht_mem_h_167967.log,1889,1.0,1.0
memento_rht_mem_h_167967.log,1785,0.0,0.4
memento_rht_mem_h_167967.log,1740,1.0,1.0
memento_rht_mem_h_167967.log,1679,0.0,0.231
memento_rht_mem_h_167967.log,1783,0.0,0.4
memento_rht_mem_h_167967.log,1824,0.0,0.6
memento_rht_mem_h_167967.log,1738,0.0,0.625
memento_rht_mem_h_167967.log,1818,0.0,0.667
memento_rht_mem_h_167967.log,1784,0.0,0.8
memento_rht_mem_h_167967.log,1775,0.0,0.5
memento_rht_mem_h_167967.log,1821,0.0,0.75
memento_rht_mem_h_167967.log,1680,0.0,0.071
memento_rht_mem_h_167967.log,1722,1.0,1.0
memento_rht_mem_h_167967.log,1781,1.0,1.0
memento_rht_mem_h_167967.log,1702,0.0,0.25
memento_rht_mem_h_167967.log,1695,1.0,1.0
memento_rht_mem_h_167967.log,1817,0.0,0.4
memento_rht_mem_h_167967.log,1755,0.0,0.0
memento_rht_mem_h_167967.log,1763,0.0,0.25
memento_rht_mem_h_167967.log,1717,1.0,1.0
memento_rht_mem_h_167967.log,1707,0.0,0.833
memento_rht_mem_h_167967.log,1729,0.0,0.571
memento_rht_mem_h_167967.log,1787,0.0,0.4
memento_rht_mem_h_167967.log,1710,0.0,0.143
memento_rht_mem_h_167967.log,1768,0.0,0.0
memento_rht_mem_h_167967.log,1706,0.0,0.333
memento_rht_mem_h_167967.log,1726,0.0,0.167
memento_rht_mem_h_167967.log,1893,0.0,0.231
memento_rht_mem_h_167967.log,1708,0.0,0.4
memento_rht_mem_h_167967.log,1770,0.0,0.3
memento_rht_mem_h_167967.log,1709,0.0,0.5
memento_rht_mem_h_167967.log,1769,0.0,0.1
memento_rht_mem_h_167967.log,1739,0.0,0.2
memento_rht_mem_h_167967.log,1766,0.0,0.25
memento_rht_mem_h_167967.log,1741,1.0,1.0
memento_rht_mem_h_167967.log,1705,0.0,0.333
memento_rht_mem_h_167967.log,1765,0.0,0.2
memento_rht_mem_h_167967.log,1894,1.0,1.0
memento_rht_mem_h_167967.log,1711,0.0,0.5
memento_rht_mem_h_167967.log,1713,0.0,0.5
memento_rht_mem_h_167967.log,1721,0.0,0.5
memento_rht_mem_h_167967.log,1743,0.0,0.333
memento_rht_mem_h_167967.log,1728,0.0,0.5
memento_rht_mem_h_167967.log,1714,1.0,1.0
memento_rht_mem_h_167967.log,1896,1.0,1.0
memento_rht_mem_h_167967.log,1727,0.0,0.333
memento_rht_mem_h_167967.log,1897,1.0,1.0
memento_rht_mem_h_167967.log,1882,0.0,0.222
memento_rht_mem_h_167967.log,1879,1.0,1.0
memento_rht_mem_h_167967.log,1892,0.0,0.6
memento_rht_mem_h_167967.log,1884,1.0,1.0
memento_rht_mem_h_167967.log,1886,0.0,0.667
memento_rht_mem_h_167967.log,1885,0.0,0.0
memento_rht_mem_h_167967.log,1880,0.0,0.5
memento_rht_mem_h_168094.log,1883,0.0,0.833
memento_rht_mem_h_168094.log,1942,0.0,0.083
memento_rht_mem_h_168094.log,1888,0.0,0.75
memento_rht_mem_h_168094.log,1768,0.0,0.0
memento_rht_mem_h_168094.log,1824,0.0,0.6
memento_rht_mem_h_168094.log,1825,0.0,0.455
memento_rht_mem_h_168094.log,1769,0.0,0.3
memento_rht_mem_h_168094.log,1826,0.0,0.333
memento_rht_mem_h_168094.log,1941,0.0,0.455
memento_rht_mem_h_168094.log,1772,0.0,0.286
memento_rht_mem_h_168094.log,1743,0.0,0.333
memento_rht_mem_r_167968.log,1696,1.0,1.0
memento_rht_mem_r_167968.log,1695,0.0,0.667
memento_rht_mem_r_167968.log,1775,1.0,1.0
memento_rht_mem_r_167968.log,1641,0.0,0.75
memento_rht_mem_r_167968.log,1992,0.0,0.5
memento_rht_mem_r_167968.log,1705,0.0,0.333
memento_rht_mem_r_167968.log,1781,1.0,1.0
memento_rht_mem_r_167968.log,1969,0.0,0.24
memento_rht_mem_r_167968.log,1755,0.0,0.143
memento_rht_mem_r_167968.log,1711,0.0,0.25
memento_rht_mem_r_167968.log,1763,0.0,0.25
memento_rht_mem_r_167968.log,1713,0.0,0.3
memento_rht_mem_r_167968.log,1883,0.0,0.833
memento_rht_mem_r_167968.log,1782,1.0,1.0
memento_rht_mem_r_167968.log,1714,1.0,1.0
memento_rht_mem_r_167968.log,1766,0.0,0.25
memento_rht_mem_r_167968.log,1765,0.0,0.0
memento_rht_mem_r_167968.log,1647,0.0,0.4
memento_rht_mem_r_167968.log,1888,0.0,0.75
memento_rht_mem_r_167968.log,1652,1.0,1.0
memento_rht_mem_r_167968.log,1887,0.0,0.333
memento_rht_mem_r_167968.log,1650,0.0,0.667
memento_rht_mem_r_167968.log,1895,0.0,0.5
memento_rht_mem_r_167968.log,1648,1.0,1.0
memento_rht_mem_r_167968.log,1645,1.0,1.0
memento_rht_mem_r_167968.log,1893,0.0,0.231
memento_rht_mem_r_168093.log,1883,1.0,1.0
memento_rht_mem_r_168093.log,1768,0.0,0.3
memento_rht_mem_r_168093.log,1824,0.0,0.4
memento_rht_mem_r_168093.log,1942,0.0,0.833
memento_rht_mem_r_168093.log,1888,0.0,0.75
memento_rht_mem_r_168093.log,1769,0.0,0.1
memento_rht_mem_r_168093.log,1825,0.0,0.455
memento_rht_mem_r_168093.log,1826,0.0,0.333
memento_rht_mem_r_168093.log,1941,0.0,0.636
memento_rht_mem_r_168093.log,1743,0.0,0.333
memento_rht_mem_r_168093.log,1772,0.0,0.286
memento_rht_mem_rht_167969.log,1641,1.0,1.0
memento_rht_mem_rht_167969.log,1796,1.0,1.0
memento_rht_mem_rht_167969.log,1647,0.0,0.4
memento_rht_mem_rht_167969.log,1795,0.0,0.0
memento_rht_mem_rht_167969.log,1767,0.0,0.143
memento_rht_mem_rht_167969.log,1652,0.0,0.6
memento_rht_mem_rht_167969.log,1650,1.0,1.0
memento_rht_mem_rht_167969.log,1772,0.0,0.286
memento_rht_mem_rht_167969.log,1823,0.0,0.333
memento_rht_mem_rht_167969.log,1941,0.0,0.727
memento_rht_mem_rht_167969.log,1785,0.0,0.8
memento_rht_mem_rht_167969.log,1824,0.0,0.6
memento_rht_mem_rht_167969.log,1645,0.0,0.667
memento_rht_mem_rht_167969.log,1783,0.0,0.8
memento_rht_mem_rht_167969.log,1818,0.0,0.0
memento_rht_mem_rht_167969.log,1642,1.0,1.0
memento_rht_mem_rht_167969.log,1821,0.0,0.5
memento_rht_mem_rht_167969.log,1649,0.0,0.8
memento_rht_mem_rht_167969.log,1784,1.0,1.0
memento_rht_mem_rht_167969.log,1775,0.0,0.833
memento_rht_mem_rht_167969.log,1817,0.0,0.2
memento_rht_mem_rht_167969.log,1651,0.0,0.444
memento_rht_mem_rht_167969.log,1970,0.0,0.043
memento_rht_mem_rht_167969.log,1781,0.0,0.833
memento_rht_mem_rht_167969.log,1644,0.0,0.667
memento_rht_mem_rht_167969.log,1788,0.0,0.875
memento_rht_mem_rht_167969.log,1643,1.0,1.0
memento_rht_mem_rht_167969.log,1782,0.0,0.667
memento_rht_mem_rht_167969.log,1968,0.0,0.214
memento_rht_mem_rht_167969.log,1789,0.0,0.7
memento_rht_mem_rht_167969.log,1794,1.0,1.0
memento_rht_mem_rht_167969.log,1640,0.0,0.667
memento_rht_mem_rht_167969.log,1966,0.0,0.167
memento_rht_mem_rht_167969.log,1768,0.0,0.4
memento_rht_mem_rht_167969.log,1653,0.0,0.4
memento_rht_mem_rht_167969.log,1654,0.0,0.778
memento_rht_mem_rht_167969.log,1825,0.0,0.364
memento_rht_mem_rht_167969.log,1786,0.0,0.0
memento_rht_mem_rht_167969.log,1636,0.0,0.714
memento_rht_mem_rht_167969.log,1787,0.0,0.4
memento_rht_mem_rht_168096.log,1883,0.0,0.833
memento_rht_mem_rht_168096.log,1768,0.0,0.0
memento_rht_mem_rht_168096.log,1888,1.0,1.0
memento_rht_mem_rht_168096.log,1824,0.0,0.4
memento_rht_mem_rht_168096.log,1942,0.0,0.667
memento_rht_mem_rht_168096.log,1769,0.0,0.3
memento_rht_mem_rht_168096.log,1825,0.0,0.364
memento_rht_mem_rht_168096.log,1826,0.0,0.333
memento_rht_mem_rht_168096.log,1941,0.0,0.182
memento_rht_mem_rht_168096.log,1743,0.0,0.333
memento_rht_mem_rht_168096.log,1772,0.0,0.143
memento_rht_mem_t_167970.log,1846,0.0,0.333
memento_rht_mem_t_167970.log,1883,0.0,0.833
memento_rht_mem_t_167970.log,1872,1.0,1.0
memento_rht_mem_t_167970.log,1767,0.0,0.0
memento_rht_mem_t_167970.log,1888,0.0,0.75
memento_rht_mem_t_167970.log,1772,0.0,0.286
memento_rht_mem_t_167970.log,1866,0.0,0.714
memento_rht_mem_t_167970.log,1860,0.0,0.214
memento_rht_mem_t_167970.log,1785,0.0,0.8
memento_rht_mem_t_167970.log,1783,0.0,0.4
memento_rht_mem_t_167970.log,1862,0.0,0.467
memento_rht_mem_t_167970.log,1775,0.0,0.5
memento_rht_mem_t_167970.log,1781,0.0,0.667
memento_rht_mem_t_167970.log,1830,0.0,0.667
memento_rht_mem_t_167970.log,1676,0.0,0.875
memento_rht_mem_t_167970.log,1826,0.0,0.5
memento_rht_mem_t_167970.log,1782,0.0,0.5
memento_rht_mem_t_167970.log,1895,0.0,0.5
memento_rht_mem_t_167970.log,1672,0.0,0.833
memento_rht_mem_t_167970.log,1882,0.0,0.556
memento_rht_mem_t_167970.log,1827,0.0,0.75
memento_rht_mem_t_167970.log,1829,1.0,1.0
memento_rht_mem_t_167970.log,1768,0.0,0.5
memento_rht_mem_t_167970.log,1660,0.0,0.0
memento_rht_mem_t_167970.log,1657,0.0,0.8
memento_rht_mem_t_167970.log,1877,0.0,0.833
memento_rht_mem_t_167970.log,1879,0.0,0.429
memento_rht_mem_t_167970.log,1887,0.0,0.333
memento_rht_mem_t_167970.log,1784,0.0,0.2
memento_rht_mem_t_167970.log,1889,1.0,1.0
memento_rht_mem_t_167970.log,1878,0.0,0.857
memento_rht_mem_t_167970.log,1658,1.0,1.0
memento_rht_mem_t_167970.log,1786,0.0,0.286
memento_rht_mem_t_167970.log,1892,0.0,0.8
memento_rht_mem_t_167970.log,1884,0.0,0.75
memento_rht_mem_t_167970.log,1861,0.0,0.267
memento_rht_mem_t_167970.log,1755,0.0,0.0
memento_rht_mem_t_167970.log,1869,0.0,0.2
memento_rht_mem_t_167970.log,1763,1.0,1.0
memento_rht_mem_t_167970.log,1787,0.0,0.2
memento_rht_mem_t_167970.log,1669,0.0,0.556
memento_rht_mem_t_167970.log,1865,0.0,0.857
memento_rht_mem_t_167970.log,1867,0.0,0.714
memento_rht_mem_t_167970.log,1770,0.0,0.3
memento_rht_mem_t_167970.log,1868,0.0,0.333
memento_rht_mem_t_167970.log,1769,0.0,0.3
memento_rht_mem_t_167970.log,1871,1.0,1.0
memento_rht_mem_t_167970.log,1893,0.0,0.231
memento_rht_mem_t_167970.log,1766,0.0,0.25
memento_rht_mem_t_167970.log,1659,0.0,0.75
memento_rht_mem_t_167970.log,1765,0.0,0.2
memento_rht_mem_t_167970.log,1894,1.0,1.0
memento_rht_mem_t_167970.log,1668,0.0,0.167
memento_rht_mem_t_167970.log,1896,1.0,1.0
memento_rht_mem_t_167970.log,1677,0.0,0.571
memento_rht_mem_t_167970.log,1897,1.0,1.0
memento_rht_mem_t_167970.log,1886,0.0,0.667
memento_rht_mem_t_167970.log,1885,0.0,0.75
memento_rht_mem_t_167970.log,1670,0.0,0.0
memento_rht_mem_t_167970.log,1880,0.0,0.75
memento_rht_mem_t_167970.log,1881,0.0,0.5
memento_rht_mem_t_168095.log,1883,0.0,0.833
memento_rht_mem_t_168095.log,1768,0.0,0.5
memento_rht_mem_t_168095.log,1824,0.0,0.6
memento_rht_mem_t_168095.log,1888,0.0,0.75
memento_rht_mem_t_168095.log,1942,0.0,0.25
memento_rht_mem_t_168095.log,1743,0.0,0.333
memento_rht_mem_t_168095.log,1826,0.0,0.25
memento_rht_mem_t_168095.log,1941,0.0,0.091
memento_rht_mem_t_168095.log,1769,0.0,0.3
memento_rht_mem_t_168095.log,1772,0.0,0.286
memento_rs_mem_r_167971.log,1317,1.0,1.0
memento_rs_mem_r_167971.log,1312,1.0,1.0
memento_rs_mem_r_167971.log,1378,1.0,1.0
memento_rs_mem_r_167971.log,1424,1.0,1.0
memento_rs_mem_r_167971.log,1425,1.0,1.0
memento_rs_mem_r_167971.log,1327,1.0,1.0
memento_rs_mem_r_168086.log,1616,1.0,1.0
memento_rs_mem_r_168086.log,215,1.0,1.0
memento_rs_mem_r_168086.log,1184,1.0,1.0
memento_rs_mem_r_168086.log,1215,1.0,1.0
memento_rs_mem_r_168086.log,860,1.0,1.0
memento_rs_mem_r_168086.log,214,1.0,1.0
memento_rs_mem_r_168086.log,1175,1.0,1.0
memento_rs_mem_r_168086.log,1601,1.0,1.0
memento_rs_mem_r_168086.log,174,1.0,1.0
memento_rs_mem_r_168086.log,252,0.0,0.0
memento_rs_mem_r_168086.log,289,0.0,0.333
memento_rs_mem_r_168086.log,1171,1.0,1.0
memento_rs_mem_r_168086.log,1200,1.0,1.0
memento_rs_mem_r_168086.log,1118,1.0,1.0
memento_rs_mem_r_168086.log,1098,1.0,1.0
memento_rs_mem_r_168086.log,1600,0.0,0.0
memento_rs_mem_r_168086.log,247,0.0,0.0
memento_rs_mem_r_168086.log,1471,0.0,0.333
memento_rs_mem_r_168086.log,193,1.0,1.0
memento_rs_mem_r_168086.log,1317,1.0,1.0
memento_rs_mem_r_168086.log,231,1.0,1.0
memento_rs_mem_r_168086.log,638,1.0,1.0
memento_rs_mem_r_168086.log,1312,1.0,1.0
memento_rs_mem_r_168086.log,858,1.0,1.0
memento_rs_mem_r_168086.log,273,0.0,0.0
memento_rs_mem_r_168086.log,1461,0.0,0.0
memento_rs_mem_r_168086.log,1245,1.0,1.0
memento_rs_mem_r_168086.log,165,0.0,0.714
memento_rs_mem_r_168086.log,1289,1.0,1.0
memento_rs_mem_r_168086.log,283,1.0,1.0
memento_rs_mem_r_168086.log,169,0.0,0.5
memento_rs_mem_r_168086.log,1378,1.0,1.0
memento_rs_mem_r_168086.log,1108,1.0,1.0
memento_rs_mem_r_168086.log,190,1.0,1.0
memento_rs_mem_r_168086.log,1493,1.0,1.0
memento_rs_mem_r_168086.log,1006,0.0,0.0
memento_rs_mem_r_168086.log,1195,1.0,1.0
memento_rs_mem_r_168086.log,1005,1.0,1.0
memento_rs_mem_r_168086.log,219,0.0,0.0
memento_rs_mem_r_168086.log,1222,1.0,1.0
memento_rs_mem_r_168086.log,1010,1.0,1.0
memento_rs_mem_r_168086.log,206,1.0,1.0
memento_rs_mem_r_168086.log,217,1.0,1.0
memento_rs_mem_r_168086.log,209,1.0,1.0
memento_rs_mem_r_168086.log,1007,0.0,0.0
memento_rs_mem_r_168086.log,1240,1.0,1.0
memento_rs_mem_r_168086.log,1080,1.0,1.0
memento_rs_mem_r_168086.log,1327,1.0,1.0
memento_rs_mem_r_168086.log,1126,1.0,1.0
memento_rs_mem_r_168086.log,239,1.0,1.0
memento_rs_mem_r_168086.log,1425,1.0,1.0
memento_rs_mem_r_168086.log,158,1.0,1.0
memento_rs_mem_r_168086.log,237,1.0,1.0
memento_rs_mem_r_168086.log,185,0.0,0.0
memento_rs_mem_r_168086.log,184,1.0,1.0
memento_rs_mem_r_168086.log,905,1.0,1.0
memento_rs_mem_r_168086.log,196,1.0,1.0
memento_rs_mem_r_168086.log,866,1.0,1.0
memento_rs_mem_r_168086.log,976,1.0,1.0
memento_rs_mem_r_168086.log,264,0.0,0.0
memento_rs_mem_r_168086.log,1424,1.0,1.0
memento_rs_mem_r_168086.log,202,1.0,1.0
memento_rs_mem_r_168086.log,929,1.0,1.0
memento_rs_mem_r_168086.log,1022,1.0,1.0
memento_rs_mem_r_168086.log,229,1.0,1.0
memento_rs_mem_r_168086.log,212,1.0,1.0
memento_rs_mem_r_168086.log,1021,1.0,1.0
memento_rs_mem_r_168086.log,25,0.0,0.0
memento_rs_mem_r_168086.log,1065,0.0,0.0
memento_rs_mem_r_168086.log,230,1.0,1.0
memento_rs_mem_r_168086.log,213,0.0,0.0
memento_rs_mem_r_168086.log,267,1.0,1.0
memento_rs_mem_r_168086.log,348,0.0,0.714
memento_rs_mem_r_168086.log,224,1.0,1.0
memento_rs_mem_rs_167972.log,1317,1.0,1.0
memento_rs_mem_rs_167972.log,1312,1.0,1.0
memento_rs_mem_rs_167972.log,1378,1.0,1.0
memento_rs_mem_rs_167972.log,1424,0.0,0.667
memento_rs_mem_rs_167972.log,1425,1.0,1.0
memento_rs_mem_rs_167972.log,1327,1.0,1.0
memento_rs_mem_rs_168088.log,860,1.0,1.0
memento_rs_mem_rs_168088.log,1616,1.0,1.0
memento_rs_mem_rs_168088.log,215,1.0,1.0
memento_rs_mem_rs_168088.log,1184,1.0,1.0
memento_rs_mem_rs_168088.log,858,1.0,1.0
memento_rs_mem_rs_168088.log,1215,1.0,1.0
memento_rs_mem_rs_168088.log,252,0.0,0.0
memento_rs_mem_rs_168088.log,214,1.0,1.0
memento_rs_mem_rs_168088.log,1601,1.0,1.0
memento_rs_mem_rs_168088.log,289,1.0,1.0
memento_rs_mem_rs_168088.log,1175,1.0,1.0
memento_rs_mem_rs_168088.log,193,1.0,1.0
memento_rs_mem_rs_168088.log,1200,1.0,1.0
memento_rs_mem_rs_168088.log,247,0.0,0.0
memento_rs_mem_rs_168088.log,1327,1.0,1.0
memento_rs_mem_rs_168088.log,174,0.0,0.0
memento_rs_mem_rs_168088.log,1022,1.0,1.0
memento_rs_mem_rs_168088.log,1471,1.0,1.0
memento_rs_mem_rs_168088.log,1118,1.0,1.0
memento_rs_mem_rs_168088.log,231,1.0,1.0
memento_rs_mem_rs_168088.log,153,0.0,0.0
memento_rs_mem_rs_168088.log,1098,1.0,1.0
memento_rs_mem_rs_168088.log,1317,1.0,1.0
memento_rs_mem_rs_168088.log,211,0.0,0.571
memento_rs_mem_rs_168088.log,219,0.0,0.0
memento_rs_mem_rs_168088.log,190,1.0,1.0
memento_rs_mem_rs_168088.log,638,0.0,0.667
memento_rs_mem_rs_168088.log,273,0.0,0.0
memento_rs_mem_rs_168088.log,165,0.0,0.429
memento_rs_mem_rs_168088.log,1312,1.0,1.0
memento_rs_mem_rs_168088.log,169,1.0,1.0
memento_rs_mem_rs_168088.log,1461,0.0,0.0
memento_rs_mem_rs_168088.log,283,1.0,1.0
memento_rs_mem_rs_168088.log,1245,1.0,1.0
memento_rs_mem_rs_168088.log,239,1.0,1.0
memento_rs_mem_rs_168088.log,206,1.0,1.0
memento_rs_mem_rs_168088.log,1289,1.0,1.0
memento_rs_mem_rs_168088.log,1378,1.0,1.0
memento_rs_mem_rs_168088.log,1493,1.0,1.0
memento_rs_mem_rs_168088.log,209,1.0,1.0
memento_rs_mem_rs_168088.log,217,1.0,1.0
memento_rs_mem_rs_168088.log,1195,1.0,1.0
memento_rs_mem_rs_168088.log,1108,1.0,1.0
memento_rs_mem_rs_168088.log,229,1.0,1.0
memento_rs_mem_rs_168088.log,1006,1.0,1.0
memento_rs_mem_rs_168088.log,1222,1.0,1.0
memento_rs_mem_rs_168088.log,1005,1.0,1.0
memento_rs_mem_rs_168088.log,158,1.0,1.0
memento_rs_mem_rs_168088.log,1240,1.0,1.0
memento_rs_mem_rs_168088.log,1065,0.0,0.0
memento_rs_mem_rs_168088.log,237,1.0,1.0
memento_rs_mem_rs_168088.log,185,0.0,0.0
memento_rs_mem_rs_168088.log,1600,1.0,1.0
memento_rs_mem_rs_168088.log,184,1.0,1.0
memento_rs_mem_rs_168088.log,1425,1.0,1.0
memento_rs_mem_rs_168088.log,1080,1.0,1.0
memento_rs_mem_rs_168088.log,196,1.0,1.0
memento_rs_mem_rs_168088.log,1126,1.0,1.0
memento_rs_mem_rs_168088.log,264,0.0,0.0
memento_rs_mem_rs_168088.log,905,1.0,1.0
memento_rs_mem_rs_168088.log,230,0.0,0.857
memento_rs_mem_rs_168088.log,866,1.0,1.0
memento_rs_mem_rs_168088.log,1424,1.0,1.0
memento_rs_mem_rs_168088.log,202,1.0,1.0
memento_rs_mem_rs_168088.log,212,1.0,1.0
memento_rs_mem_rs_168088.log,976,1.0,1.0
memento_rs_mem_rs_168088.log,25,0.0,0.5
memento_rs_mem_rs_168088.log,224,1.0,1.0
memento_rs_mem_rs_168088.log,929,1.0,1.0
memento_rs_mem_rs_168088.log,267,1.0,1.0
memento_rs_mem_rs_168088.log,1171,1.0,1.0
memento_rs_mem_rs_168088.log,1021,1.0,1.0
memento_rs_mem_rs_168088.log,348,0.0,0.857
memento_rs_mem_rs_168088.log,213,0.0,0.0
memento_rs_mem_rs_168088.log,1010,1.0,1.0
memento_rs_mem_rs_168088.log,1007,0.0,0.0
memento_rs_mem_s_167973.log,638,1.0,1.0
memento_rs_mem_s_167973.log,976,1.0,1.0
memento_rs_mem_s_167973.log,214,1.0,1.0
memento_rs_mem_s_167973.log,858,1.0,1.0
memento_rs_mem_s_167973.log,1317,1.0,1.0
memento_rs_mem_s_167973.log,213,0.0,0.857
memento_rs_mem_s_167973.log,860,1.0,1.0
memento_rs_mem_s_167973.log,1312,1.0,1.0
memento_rs_mem_s_167973.log,348,0.0,0.714
memento_rs_mem_s_167973.log,1378,1.0,1.0
memento_rs_mem_s_167973.log,219,0.0,0.0
memento_rs_mem_s_167973.log,866,1.0,1.0
memento_rs_mem_s_167973.log,1424,1.0,1.0
memento_rs_mem_s_167973.log,212,1.0,1.0
memento_rs_mem_s_167973.log,1005,1.0,1.0
memento_rs_mem_s_167973.log,905,1.0,1.0
memento_rs_mem_s_167973.log,1425,1.0,1.0
memento_rs_mem_s_167973.log,211,1.0,1.0
memento_rs_mem_s_167973.log,1327,1.0,1.0
memento_rs_mem_s_167973.log,1006,1.0,1.0
memento_rs_mem_s_167973.log,215,1.0,1.0
memento_rs_mem_s_167973.log,1007,1.0,1.0
memento_rs_mem_s_167973.log,1010,0.0,0.667
memento_rs_mem_s_167973.log,217,1.0,1.0
memento_rs_mem_s_167973.log,929,1.0,1.0
memento_rs_mem_s_168087.log,215,1.0,1.0
memento_rs_mem_s_168087.log,1184,0.0,0.0
memento_rs_mem_s_168087.log,860,1.0,1.0
memento_rs_mem_s_168087.log,1175,1.0,1.0
memento_rs_mem_s_168087.log,858,1.0,1.0
memento_rs_mem_s_168087.log,214,1.0,1.0
memento_rs_mem_s_168087.log,231,1.0,1.0
memento_rs_mem_s_168087.log,1171,1.0,1.0
memento_rs_mem_s_168087.log,1616,1.0,1.0
memento_rs_mem_s_168087.log,1118,1.0,1.0
memento_rs_mem_s_168087.log,193,1.0,1.0
memento_rs_mem_s_168087.log,1215,1.0,1.0
memento_rs_mem_s_168087.log,174,1.0,1.0
memento_rs_mem_s_168087.log,1098,1.0,1.0
memento_rs_mem_s_168087.log,219,0.0,0.0
memento_rs_mem_s_168087.log,638,1.0,1.0
memento_rs_mem_s_168087.log,1601,1.0,1.0
memento_rs_mem_s_168087.log,153,1.0,1.0
memento_rs_mem_s_168087.log,252,0.0,0.0
memento_rs_mem_s_168087.log,1200,1.0,1.0
memento_rs_mem_s_168087.log,289,1.0,1.0
memento_rs_mem_s_168087.log,1327,1.0,1.0
memento_rs_mem_s_168087.log,1471,1.0,1.0
memento_rs_mem_s_168087.log,211,0.0,0.571
memento_rs_mem_s_168087.log,247,0.0,0.0
memento_rs_mem_s_168087.log,1108,1.0,1.0
memento_rs_mem_s_168087.log,217,1.0,1.0
memento_rs_mem_s_168087.log,1317,1.0,1.0
memento_rs_mem_s_168087.log,1006,1.0,1.0
memento_rs_mem_s_168087.log,165,0.0,0.857
memento_rs_mem_s_168087.log,229,1.0,1.0
memento_rs_mem_s_168087.log,169,0.0,0.5
memento_rs_mem_s_168087.log,273,1.0,1.0
memento_rs_mem_s_168087.log,1312,1.0,1.0
memento_rs_mem_s_168087.log,1010,1.0,1.0
memento_rs_mem_s_168087.log,283,0.0,0.6
memento_rs_mem_s_168087.log,1007,1.0,1.0
memento_rs_mem_s_168087.log,190,1.0,1.0
memento_rs_mem_s_168087.log,1461,0.0,0.333
memento_rs_mem_s_168087.log,1245,1.0,1.0
memento_rs_mem_s_168087.log,206,1.0,1.0
memento_rs_mem_s_168087.log,239,1.0,1.0
memento_rs_mem_s_168087.log,1289,1.0,1.0
memento_rs_mem_s_168087.log,209,1.0,1.0
memento_rs_mem_s_168087.log,158,1.0,1.0
memento_rs_mem_s_168087.log,230,0.0,0.857
memento_rs_mem_s_168087.log,1065,0.0,0.0
memento_rs_mem_s_168087.log,1378,1.0,1.0
memento_rs_mem_s_168087.log,1126,1.0,1.0
memento_rs_mem_s_168087.log,224,1.0,1.0
memento_rs_mem_s_168087.log,1493,1.0,1.0
memento_rs_mem_s_168087.log,905,1.0,1.0
memento_rs_mem_s_168087.log,1195,1.0,1.0
memento_rs_mem_s_168087.log,185,0.0,0.0
memento_rs_mem_s_168087.log,184,1.0,1.0
memento_rs_mem_s_168087.log,1222,1.0,1.0
memento_rs_mem_s_168087.log,1240,0.0,0.0
memento_rs_mem_s_168087.log,196,0.0,0.5
memento_rs_mem_s_168087.log,237,1.0,1.0
memento_rs_mem_s_168087.log,866,1.0,1.0
memento_rs_mem_s_168087.log,202,1.0,1.0
memento_rs_mem_s_168087.log,976,1.0,1.0
memento_rs_mem_s_168087.log,212,1.0,1.0
memento_rs_mem_s_168087.log,1600,1.0,1.0
memento_rs_mem_s_168087.log,264,0.0,0.5
memento_rs_mem_s_168087.log,1425,1.0,1.0
memento_rs_mem_s_168087.log,267,1.0,1.0
memento_rs_mem_s_168087.log,1424,0.0,0.667
memento_rs_mem_s_168087.log,213,1.0,1.0
memento_rs_mem_s_168087.log,1022,0.0,0.8
memento_rs_mem_s_168087.log,1021,1.0,1.0
memento_rs_mem_s_168087.log,1005,1.0,1.0
memento_rs_mem_s_168087.log,348,1.0,1.0
memento_rs_mem_s_168087.log,1080,1.0,1.0
ours_hr_mem_h_167956.log,451,0.0,0.0
ours_hr_mem_h_167956.log,1764,0.0,0.6
ours_hr_mem_h_167956.log,454,0.0,0.0
ours_hr_mem_h_167956.log,1762,0.0,0.5
ours_hr_mem_h_167956.log,1753,0.0,0.5
ours_hr_mem_h_167956.log,443,0.0,0.0
ours_hr_mem_h_167956.log,1744,0.0,0.6
ours_hr_mem_h_167956.log,446,0.0,0.0
ours_hr_mem_h_167956.log,1746,0.0,0.75
ours_hr_mem_h_167956.log,436,0.0,0.5
ours_hr_mem_h_167956.log,1745,0.0,0.667
ours_hr_mem_h_167956.log,1752,0.0,0.75
ours_hr_mem_h_168238.log,1980,0.0,0.333
ours_hr_mem_h_168238.log,1982,1.0,1.0
ours_hr_mem_h_168238.log,1963,0.0,0.0
ours_hr_mem_h_168238.log,1974,1.0,1.0
ours_hr_mem_h_168238.log,1965,1.0,1.0
ours_hr_mem_h_168238.log,1971,1.0,1.0
ours_hr_mem_h_168238.log,1981,0.0,0.667
ours_hr_mem_h_168238.log,1977,0.0,0.429
ours_hr_mem_h_168238.log,1975,0.0,0.5
ours_hr_mem_h_168238.log,1979,0.0,0.25
ours_hr_mem_h_168238.log,1978,0.0,0.0
ours_hr_mem_r_167954.log,1937,0.0,0.75
ours_hr_mem_r_167954.log,1800,0.0,0.667
ours_hr_mem_r_167954.log,1748,0.0,0.5
ours_hr_mem_r_167954.log,1797,1.0,1.0
ours_hr_mem_r_167954.log,1812,1.0,1.0
ours_hr_mem_r_167954.log,1752,0.0,0.25
ours_hr_mem_r_167954.log,1810,0.0,0.333
ours_hr_mem_r_167954.log,1685,0.0,0.667
ours_hr_mem_r_167954.log,1673,0.0,0.75
ours_hr_mem_r_168239.log,1780,0.0,0.714
ours_hr_mem_r_168239.log,1791,0.0,0.75
ours_hr_mem_r_168239.log,1792,1.0,1.0
ours_hr_mem_r_168239.log,1764,0.0,0.8
ours_hr_mem_r_168239.log,1760,0.0,0.5
ours_hr_mem_r_168239.log,1774,0.0,0.2
ours_hr_mem_r_168239.log,1790,0.0,0.25
ours_hr_mem_r_168239.log,1773,0.0,0.0
ours_hr_mem_r_168239.log,1762,0.0,0.5
ours_hr_mem_r_168239.log,1777,0.0,0.286
ours_hr_mem_r_168239.log,1761,0.0,0.833
ours_hr_mem_r_168239.log,1776,0.0,0.571
ours_hr_mem_r_168239.log,1779,0.0,0.429
ours_hr_mem_r_168239.log,1778,0.0,0.143
ours_hr_mem_s_167939.log,452,0.0,0.5
ours_hr_mem_s_167939.log,1809,0.0,0.0
ours_hr_mem_s_167939.log,1857,0.0,0.182
ours_hr_mem_s_167939.log,1800,0.0,0.667
ours_hr_mem_s_167939.log,1958,0.0,0.0
ours_hr_mem_s_167939.log,447,0.0,0.333
ours_hr_mem_s_167939.log,1797,0.0,0.25
ours_hr_mem_s_167939.log,1955,0.0,0.0
ours_hr_mem_s_167939.log,1859,0.0,0.182
ours_hr_mem_s_167939.log,451,0.0,0.0
ours_hr_mem_s_167939.log,1852,0.0,0.333
ours_hr_mem_s_167939.log,1811,0.0,0.0
ours_hr_mem_s_167939.log,1961,0.0,0.75
ours_hr_mem_s_167939.log,1851,0.0,0.333
ours_hr_mem_s_167939.log,1804,0.0,0.25
ours_hr_mem_s_167939.log,442,0.0,0.5
ours_hr_mem_s_167939.log,1863,0.0,0.25
ours_hr_mem_s_167939.log,1962,0.0,0.75
ours_hr_mem_s_167939.log,445,0.0,0.667
ours_hr_mem_s_167939.log,1799,0.0,0.75
ours_hr_mem_s_167939.log,1854,0.0,0.0
ours_hr_mem_s_167939.log,1803,1.0,1.0
ours_hr_mem_s_167939.log,439,0.0,0.75
ours_hr_mem_s_167939.log,1954,0.0,0.25
ours_hr_mem_s_167939.log,1806,1.0,1.0
ours_hr_mem_s_167939.log,1853,0.0,0.5
ours_hr_mem_s_167939.log,1948,0.0,0.667
ours_hr_mem_s_167939.log,438,0.0,0.4
ours_hr_mem_s_167939.log,1798,0.0,0.5
ours_hr_mem_s_167939.log,436,0.0,0.667
ours_hr_mem_s_167939.log,1947,0.0,0.333
ours_hr_mem_s_167939.log,1850,0.0,0.667
ours_hr_mem_s_167939.log,448,0.0,0.667
ours_hr_mem_s_167939.log,1957,0.0,0.0
ours_hr_mem_s_167939.log,449,0.0,0.667
ours_hr_mem_s_167939.log,1808,0.0,0.75
ours_hr_mem_s_167939.log,1856,0.0,0.091
ours_hr_mem_s_167939.log,1956,1.0,1.0
ours_hr_mem_s_167939.log,1946,0.0,0.75
ours_hr_mem_s_167939.log,1807,1.0,1.0
ours_hr_mem_s_167939.log,1810,0.0,0.667
ours_hr_mem_s_167939.log,1848,1.0,1.0
ours_hr_mem_s_167939.log,444,0.0,0.167
ours_hr_mem_s_167939.log,443,0.0,0.0
ours_hr_mem_s_167939.log,1855,0.0,0.333
ours_hr_mem_s_167939.log,1943,0.0,0.75
ours_hr_mem_s_167939.log,1960,0.0,0.875
ours_hr_mem_s_167939.log,1858,0.0,0.308
ours_hr_mem_s_167939.log,446,0.0,0.5
ours_hr_mem_s_167939.log,1944,0.0,0.75
ours_hr_mem_s_168240.log,1656,0.0,0.6
ours_hr_mem_s_168240.log,1780,0.0,0.429
ours_hr_mem_s_168240.log,1791,0.0,0.75
ours_hr_mem_s_168240.log,1655,0.0,0.8
ours_hr_mem_s_168240.log,1792,1.0,1.0
ours_hr_mem_s_168240.log,1622,0.0,0.25
ours_hr_mem_s_168240.log,458,0.0,0.444
ours_hr_mem_s_168240.log,1764,0.0,0.6
ours_hr_mem_s_168240.log,1774,0.0,0.4
ours_hr_mem_s_168240.log,1790,0.0,0.75
ours_hr_mem_s_168240.log,1637,0.0,0.667
ours_hr_mem_s_168240.log,1777,1.0,1.0
ours_hr_mem_s_168240.log,1663,0.0,0.0
ours_hr_mem_s_168240.log,1621,0.0,0.4
ours_hr_mem_s_168240.log,1760,0.0,0.125
ours_hr_mem_s_168240.log,1762,0.0,0.5
ours_hr_mem_s_168240.log,456,0.0,0.4
ours_hr_mem_s_168240.log,1776,0.0,0.571
ours_hr_mem_s_168240.log,1646,0.0,0.667
ours_hr_mem_s_168240.log,1761,0.0,0.333
ours_hr_mem_s_168240.log,1664,0.0,0.2
ours_hr_mem_s_168240.log,1623,0.0,0.75
ours_hr_mem_s_168240.log,1778,0.0,0.286
ours_hr_mem_s_168240.log,1662,0.0,0.8
ours_hr_mem_s_168240.log,455,0.0,0.5
ours_hrst_mem_h_167931.log,434,0.0,0.286
ours_hrst_mem_h_167931.log,1693,0.0,0.25
ours_hrst_mem_h_167931.log,1870,1.0,1.0
ours_hrst_mem_h_167931.log,431,0.0,0.571
ours_hrst_mem_h_167931.log,1771,0.0,0.333
ours_hrst_mem_h_167950.log,434,0.0,0.429
ours_hrst_mem_h_167950.log,431,0.0,0.0
ours_hrst_mem_h_167950.log,1771,0.0,0.333
ours_hrst_mem_h_167950.log,1870,1.0,1.0
ours_hrst_mem_h_167950.log,1693,0.0,0.0
ours_hrst_mem_h_168083.log,434,1.0,1.0
ours_hrst_mem_h_168083.log,431,0.0,0.571
ours_hrst_mem_h_168083.log,1870,0.0,0.5
ours_hrst_mem_h_168083.log,1771,0.0,0.333
ours_hrst_mem_h_168129.log,434,1.0,1.0
ours_hrst_mem_h_168129.log,431,0.0,0.571
ours_hrst_mem_h_168129.log,1693,0.0,0.25
ours_hrst_mem_h_168129.log,1870,0.0,0.5
ours_hrst_mem_h_168129.log,1771,0.0,0.167
ours_hrst_mem_h_168245.log,1771,0.0,0.5
ours_hrst_mem_h_168245.log,1870,0.0,0.333
ours_hrst_mem_h_168245.log,431,0.0,0.429
ours_hrst_mem_h_168245.log,1693,0.0,0.167
ours_hrst_mem_h_168303.log,1771,0.0,0.5
ours_hrst_mem_h_168316.log,1870,0.0,0.667
ours_hrst_mem_h_168316.log,1771,0.0,0.333
ours_hrst_mem_h_168316.log,431,0.0,0.286
ours_hrst_mem_h_168316.log,1693,0.0,0.0
ours_hrst_mem_h_168375.log,1870,0.0,0.167
ours_hrst_mem_h_168375.log,1771,0.0,0.333
ours_hrst_mem_h_168375.log,431,0.0,0.0
ours_hrst_mem_h_168375.log,1693,0.0,0.167
ours_hrst_mem_h_168382.log,1870,0.0,0.5
ours_hrst_mem_h_168382.log,431,0.0,0.429
ours_hrst_mem_h_168382.log,1771,0.0,0.167
ours_hrst_mem_h_168382.log,1693,0.0,0.25
ours_hrst_mem_h_168382.log,434,0.0,0.714
ours_hrst_mem_h_168394.log,1870,0.0,0.833
ours_hrst_mem_h_168394.log,434,0.0,0.857
ours_hrst_mem_h_168394.log,431,0.0,0.571
ours_hrst_mem_h_168394.log,1771,0.0,0.333
ours_hrst_mem_h_168394.log,1693,0.0,0.167
ours_hrst_mem_h_168400.log,434,0.0,0.714
ours_hrst_mem_h_168400.log,431,0.0,0.143
ours_hrst_mem_h_168400.log,1771,0.0,0.167
ours_hrst_mem_h_168400.log,1870,0.0,0.5
ours_hrst_mem_h_168400.log,1693,0.0,0.25
ours_hrst_mem_r_167932.log,434,0.0,0.143
ours_hrst_mem_r_167932.log,431,0.0,0.143
ours_hrst_mem_r_167932.log,1771,0.0,0.333
ours_hrst_mem_r_167932.log,1693,0.0,0.25
ours_hrst_mem_r_167932.log,1870,0.0,0.333
ours_hrst_mem_r_167945.log,434,0.0,0.143
ours_hrst_mem_r_167945.log,431,0.0,0.286
ours_hrst_mem_r_167945.log,1771,0.0,0.5
ours_hrst_mem_r_167945.log,1870,0.0,0.833
ours_hrst_mem_r_167945.log,1693,0.0,0.333
ours_hrst_mem_r_168081.log,434,0.0,0.429
ours_hrst_mem_r_168081.log,431,0.0,0.429
ours_hrst_mem_r_168081.log,1771,0.0,0.167
ours_hrst_mem_r_168081.log,1870,0.0,0.5
ours_hrst_mem_r_168081.log,1693,0.0,0.167
ours_hrst_mem_r_168128.log,434,0.0,0.429
ours_hrst_mem_r_168128.log,1771,0.0,0.167
ours_hrst_mem_r_168128.log,431,0.0,0.714
ours_hrst_mem_r_168128.log,1870,1.0,1.0
ours_hrst_mem_r_168128.log,1693,0.0,0.333
ours_hrst_mem_r_168246.log,434,0.0,0.429
ours_hrst_mem_r_168246.log,1693,0.0,0.25
ours_hrst_mem_r_168304.log,434,0.0,0.429
ours_hrst_mem_r_168317.log,1771,0.0,0.333
ours_hrst_mem_r_168317.log,1693,0.0,0.0
ours_hrst_mem_r_168317.log,434,1.0,1.0
ours_hrst_mem_r_168317.log,431,0.0,0.429
ours_hrst_mem_r_168317.log,1870,0.0,0.167
ours_hrst_mem_r_168373.log,1771,0.0,0.333
ours_hrst_mem_r_168373.log,1693,0.0,0.25
ours_hrst_mem_r_168373.log,1870,1.0,1.0
ours_hrst_mem_r_168373.log,431,0.0,0.571
ours_hrst_mem_r_168373.log,434,0.0,0.0
ours_hrst_mem_r_168381.log,434,0.0,0.429
ours_hrst_mem_r_168381.log,1693,0.0,0.25
ours_hrst_mem_r_168381.log,1771,0.0,0.333
ours_hrst_mem_r_168381.log,1870,0.0,0.5
ours_hrst_mem_r_168381.log,431,0.0,0.429
ours_hrst_mem_r_168396.log,434,0.0,0.429
ours_hrst_mem_r_168396.log,431,0.0,0.286
ours_hrst_mem_r_168396.log,1693,0.0,0.25
ours_hrst_mem_r_168396.log,1870,0.0,0.167
ours_hrst_mem_r_168396.log,1771,0.0,0.5
ours_hrst_mem_r_168402.log,1870,1.0,1.0
ours_hrst_mem_r_168402.log,431,0.0,0.286
ours_hrst_mem_r_168402.log,1771,0.0,0.333
ours_hrst_mem_r_168402.log,1693,0.0,0.0
ours_hrst_mem_rhst_167933.log,434,0.0,0.714
ours_hrst_mem_rhst_167933.log,431,0.0,0.714
ours_hrst_mem_rhst_167933.log,1693,0.0,0.083
ours_hrst_mem_rhst_167933.log,1771,0.0,0.167
ours_hrst_mem_rhst_167933.log,1870,0.0,0.167
ours_hrst_mem_rhst_167953.log,434,0.0,0.143
ours_hrst_mem_rhst_167953.log,431,0.0,0.429
ours_hrst_mem_rhst_167953.log,1870,0.0,0.667
ours_hrst_mem_rhst_167953.log,1693,0.0,0.167
ours_hrst_mem_rhst_168085.log,434,0.0,0.286
ours_hrst_mem_rhst_168085.log,1771,0.0,0.167
ours_hrst_mem_rhst_168085.log,1870,0.0,0.667
ours_hrst_mem_rhst_168085.log,1693,0.0,0.25
ours_hrst_mem_rhst_168085.log,431,0.0,0.571
ours_hrst_mem_rhst_168132.log,434,0.0,0.429
ours_hrst_mem_rhst_168132.log,431,0.0,0.571
ours_hrst_mem_rhst_168132.log,1693,0.0,0.333
ours_hrst_mem_rhst_168132.log,1870,0.0,0.333
ours_hrst_mem_rhst_168247.log,1771,0.0,0.333
ours_hrst_mem_rhst_168247.log,431,0.0,0.714
ours_hrst_mem_rhst_168247.log,434,0.0,0.429
ours_hrst_mem_rhst_168247.log,1693,0.0,0.0
ours_hrst_mem_rhst_168305.log,1771,0.0,0.167
ours_hrst_mem_rhst_168305.log,1870,0.0,0.5
ours_hrst_mem_rhst_168305.log,431,0.0,0.714
ours_hrst_mem_rhst_168318.log,434,0.0,0.429
ours_hrst_mem_rhst_168318.log,431,0.0,0.714
ours_hrst_mem_rhst_168318.log,1771,0.0,0.0
ours_hrst_mem_rhst_168318.log,1870,0.0,0.5
ours_hrst_mem_rhst_168318.log,1693,0.0,0.0
ours_hrst_mem_rhst_168347.log,1870,1.0,1.0
ours_hrst_mem_rhst_168347.log,434,0.0,0.143
ours_hrst_mem_rhst_168347.log,431,0.0,0.857
ours_hrst_mem_rhst_168347.log,1693,0.0,0.0
ours_hrst_mem_rhst_168385.log,1870,0.0,0.333
ours_hrst_mem_rhst_168385.log,434,0.0,0.143
ours_hrst_mem_rhst_168385.log,431,0.0,0.429
ours_hrst_mem_rhst_168385.log,1771,0.0,0.167
ours_hrst_mem_rhst_168385.log,1693,0.0,0.167
ours_hrst_mem_rhst_168397.log,1870,0.0,0.333
ours_hrst_mem_rhst_168397.log,431,0.0,0.429
ours_hrst_mem_rhst_168397.log,434,0.0,0.286
ours_hrst_mem_rhst_168397.log,1771,0.0,0.0
ours_hrst_mem_rhst_168397.log,1693,0.0,0.25
ours_hrst_mem_rhst_168403.log,434,0.0,0.0
ours_hrst_mem_rhst_168403.log,431,0.0,0.571
ours_hrst_mem_rhst_168403.log,1870,0.0,0.833
ours_hrst_mem_rhst_168403.log,1771,0.0,0.333
ours_hrst_mem_s_167934.log,434,0.0,0.286
ours_hrst_mem_s_167934.log,1693,0.0,0.167
ours_hrst_mem_s_167934.log,1771,0.0,0.333
ours_hrst_mem_s_167934.log,1870,0.0,0.667
ours_hrst_mem_s_167934.log,431,0.0,0.429
ours_hrst_mem_s_167951.log,434,0.0,0.0
ours_hrst_mem_s_167951.log,431,0.0,0.714
ours_hrst_mem_s_167951.log,1771,0.0,0.5
ours_hrst_mem_s_167951.log,1693,0.0,0.25
ours_hrst_mem_s_167951.log,1870,0.0,0.333
ours_hrst_mem_s_168082.log,1870,0.0,0.5
ours_hrst_mem_s_168082.log,1771,0.0,0.333
ours_hrst_mem_s_168082.log,431,0.0,0.286
ours_hrst_mem_s_168082.log,1693,0.0,0.25
ours_hrst_mem_s_168130.log,434,1.0,1.0
ours_hrst_mem_s_168130.log,1870,0.0,0.667
ours_hrst_mem_s_168130.log,1771,0.0,0.333
ours_hrst_mem_s_168130.log,431,0.0,0.286
ours_hrst_mem_s_168130.log,1693,0.0,0.167
ours_hrst_mem_s_168248.log,431,0.0,0.429
ours_hrst_mem_s_168248.log,1771,0.0,0.0
ours_hrst_mem_s_168248.log,434,0.0,0.429
ours_hrst_mem_s_168248.log,1693,0.0,0.083
ours_hrst_mem_s_168306.log,1870,1.0,1.0
ours_hrst_mem_s_168306.log,431,0.0,0.571
ours_hrst_mem_s_168319.log,431,0.0,0.857
ours_hrst_mem_s_168319.log,1870,0.0,0.5
ours_hrst_mem_s_168319.log,434,0.0,0.143
ours_hrst_mem_s_168319.log,1693,0.0,0.0
ours_hrst_mem_s_168319.log,1771,0.0,0.167
ours_hrst_mem_s_168372.log,431,0.0,0.286
ours_hrst_mem_s_168372.log,1870,0.0,0.667
ours_hrst_mem_s_168372.log,434,0.0,0.429
ours_hrst_mem_s_168383.log,1870,0.0,0.333
ours_hrst_mem_s_168383.log,434,0.0,0.286
ours_hrst_mem_s_168383.log,1771,0.0,0.333
ours_hrst_mem_s_168383.log,431,0.0,0.286
ours_hrst_mem_s_168383.log,1693,0.0,0.333
ours_hrst_mem_s_168398.log,1771,0.0,0.167
ours_hrst_mem_s_168398.log,1870,0.0,0.167
ours_hrst_mem_s_168398.log,1693,0.0,0.0
ours_hrst_mem_s_168398.log,431,0.0,0.286
ours_hrst_mem_s_168398.log,434,0.0,0.143
ours_hrst_mem_s_168404.log,1870,0.0,0.833
ours_hrst_mem_s_168404.log,434,0.0,0.0
ours_hrst_mem_s_168404.log,431,0.0,0.857
ours_hrst_mem_s_168404.log,1693,0.0,0.25
ours_hrst_mem_t_167935.log,434,0.0,0.429
ours_hrst_mem_t_167935.log,431,0.0,0.0
ours_hrst_mem_t_167935.log,1771,0.0,0.0
ours_hrst_mem_t_167935.log,1870,0.0,0.833
ours_hrst_mem_t_167935.log,1693,0.0,0.25
ours_hrst_mem_t_167952.log,434,0.0,0.286
ours_hrst_mem_t_167952.log,431,0.0,0.429
ours_hrst_mem_t_167952.log,1771,0.0,0.333
ours_hrst_mem_t_167952.log,1870,0.0,0.0
ours_hrst_mem_t_167952.log,1693,0.0,0.167
ours_hrst_mem_t_168084.log,434,0.0,0.429
ours_hrst_mem_t_168084.log,1771,0.0,0.167
ours_hrst_mem_t_168084.log,1870,0.0,0.167
ours_hrst_mem_t_168084.log,431,0.0,0.571
ours_hrst_mem_t_168084.log,1693,0.0,0.25
ours_hrst_mem_t_168131.log,1771,0.0,0.5
ours_hrst_mem_t_168131.log,431,0.0,0.571
ours_hrst_mem_t_168131.log,1693,0.0,0.167
ours_hrst_mem_t_168131.log,1870,0.0,0.833
ours_hrst_mem_t_168249.log,1771,0.0,0.333
ours_hrst_mem_t_168249.log,431,0.0,0.286
ours_hrst_mem_t_168249.log,1693,0.0,0.167
ours_hrst_mem_t_168249.log,1870,0.0,0.5
ours_hrst_mem_t_168307.log,1771,0.0,0.167
ours_hrst_mem_t_168307.log,434,1.0,1.0
ours_hrst_mem_t_168307.log,431,0.0,0.429
ours_hrst_mem_t_168320.log,1771,0.0,0.167
ours_hrst_mem_t_168320.log,431,0.0,0.143
ours_hrst_mem_t_168320.log,1870,0.0,0.667
ours_hrst_mem_t_168320.log,1693,0.0,0.333
ours_hrst_mem_t_168374.log,1693,0.0,0.083
ours_hrst_mem_t_168374.log,1870,0.0,0.333
ours_hrst_mem_t_168374.log,1771,0.0,0.167
ours_hrst_mem_t_168374.log,431,0.0,0.143
ours_hrst_mem_t_168374.log,434,0.0,0.714
ours_hrst_mem_t_168384.log,1771,0.0,0.167
ours_hrst_mem_t_168384.log,431,0.0,0.286
ours_hrst_mem_t_168384.log,1870,0.0,0.0
ours_hrst_mem_t_168384.log,434,0.0,0.143
ours_hrst_mem_t_168384.log,1693,0.0,0.333
ours_hrst_mem_t_168395.log,1693,0.0,0.167
ours_hrst_mem_t_168395.log,1771,0.0,0.333
ours_hrst_mem_t_168395.log,434,0.0,0.714
ours_hrst_mem_t_168395.log,431,0.0,0.429
ours_hrst_mem_t_168401.log,1771,0.0,0.5
ours_hrst_mem_t_168401.log,434,0.0,0.429
ours_hrst_mem_t_168401.log,431,0.0,0.286
ours_hrst_mem_t_168401.log,1870,0.0,0.167
ours_hrt_mem_h_167924.log,1846,0.0,0.333
ours_hrt_mem_h_167924.log,1767,0.0,0.286
ours_hrt_mem_h_167924.log,1860,0.0,0.0
ours_hrt_mem_h_167924.log,1772,0.0,0.429
ours_hrt_mem_h_167924.log,1796,0.0,0.5
ours_hrt_mem_h_167924.log,1862,0.0,0.333
ours_hrt_mem_h_167924.log,1785,0.0,0.2
ours_hrt_mem_h_167924.log,1830,1.0,1.0
ours_hrt_mem_h_167924.log,1783,0.0,0.4
ours_hrt_mem_h_167924.log,1826,0.0,0.417
ours_hrt_mem_h_167924.log,1941,0.0,0.091
ours_hrt_mem_h_167924.log,1883,0.0,0.0
ours_hrt_mem_h_167924.log,1775,0.0,0.5
ours_hrt_mem_h_167924.log,1877,0.0,0.667
ours_hrt_mem_h_167924.log,1696,0.0,0.667
ours_hrt_mem_h_167924.log,1795,0.0,0.333
ours_hrt_mem_h_167924.log,1781,0.0,0.5
ours_hrt_mem_h_167924.log,1878,0.0,0.571
ours_hrt_mem_h_167924.log,1755,0.0,0.0
ours_hrt_mem_h_167924.log,1861,0.0,0.267
ours_hrt_mem_h_167924.log,1827,0.0,0.75
ours_hrt_mem_h_167924.log,1763,0.0,0.25
ours_hrt_mem_h_167924.log,1784,0.0,0.0
ours_hrt_mem_h_167924.log,1872,0.0,0.75
ours_hrt_mem_h_167924.log,1782,0.0,0.833
ours_hrt_mem_h_167924.log,1770,0.0,0.3
ours_hrt_mem_h_167924.log,1825,0.0,0.364
ours_hrt_mem_h_167924.log,1869,0.0,0.0
ours_hrt_mem_h_168090.log,1824,0.0,0.2
ours_hrt_mem_h_168090.log,1768,0.0,0.3
ours_hrt_mem_h_168090.log,1942,0.0,0.167
ours_hrt_mem_h_168090.log,1883,0.0,0.167
ours_hrt_mem_h_168090.log,1825,0.0,0.909
ours_hrt_mem_h_168090.log,1888,0.0,0.25
ours_hrt_mem_h_168090.log,1769,0.0,0.3
ours_hrt_mem_h_168090.log,1941,0.0,0.091
ours_hrt_mem_h_168090.log,1772,0.0,0.286
ours_hrt_mem_h_168090.log,1826,0.0,0.667
ours_hrt_mem_h_168090.log,1743,0.0,0.333
ours_hrt_mem_h_168242.log,1768,0.0,0.0
ours_hrt_mem_h_168242.log,1883,0.0,0.833
ours_hrt_mem_h_168242.log,1942,0.0,0.167
ours_hrt_mem_h_168242.log,1769,0.0,0.0
ours_hrt_mem_h_168242.log,1824,0.0,0.4
ours_hrt_mem_h_168242.log,1888,0.0,0.5
ours_hrt_mem_h_168242.log,1825,0.0,0.273
ours_hrt_mem_h_168242.log,1743,0.0,0.333
ours_hrt_mem_h_168242.log,1826,0.0,0.417
ours_hrt_mem_h_168242.log,1772,0.0,0.286
ours_hrt_mem_r_167925.log,1743,0.0,0.333
ours_hrt_mem_r_167925.log,1755,0.0,0.0
ours_hrt_mem_r_167925.log,1882,0.0,0.556
ours_hrt_mem_r_167925.log,1648,0.0,0.8
ours_hrt_mem_r_167925.log,1754,1.0,1.0
ours_hrt_mem_r_167925.log,1769,0.0,0.4
ours_hrt_mem_r_167925.log,1880,0.0,0.875
ours_hrt_mem_r_167925.log,1653,0.0,0.4
ours_hrt_mem_r_167925.log,1715,0.0,0.8
ours_hrt_mem_r_167925.log,1654,0.0,0.667
ours_hrt_mem_r_167925.log,1765,0.0,0.2
ours_hrt_mem_r_167925.log,1717,0.0,0.6
ours_hrt_mem_r_167925.log,1942,0.0,0.167
ours_hrt_mem_r_167925.log,1721,0.0,0.25
ours_hrt_mem_r_167948.log,1767,0.0,0.0
ours_hrt_mem_r_167948.log,1785,0.0,0.8
ours_hrt_mem_r_167948.log,1784,0.0,0.2
ours_hrt_mem_r_167948.log,1775,0.0,0.333
ours_hrt_mem_r_167948.log,1781,0.0,0.5
ours_hrt_mem_r_167948.log,1696,0.0,0.667
ours_hrt_mem_r_167948.log,1786,0.0,0.286
ours_hrt_mem_r_167948.log,1787,0.0,0.0
ours_hrt_mem_r_167948.log,1782,0.0,0.5
ours_hrt_mem_r_167948.log,1772,0.0,0.429
ours_hrt_mem_r_167948.log,1768,0.0,0.3
ours_hrt_mem_r_167948.log,1770,0.0,0.3
ours_hrt_mem_r_167948.log,1769,0.0,0.9
ours_hrt_mem_r_167948.log,1941,0.0,0.0
ours_hrt_mem_r_167948.log,1766,0.0,0.0
ours_hrt_mem_r_167948.log,1765,0.0,0.2
ours_hrt_mem_r_168089.log,1883,1.0,1.0
ours_hrt_mem_r_168089.log,1824,0.0,0.3
ours_hrt_mem_r_168089.log,1768,0.0,0.2
ours_hrt_mem_r_168089.log,1942,0.0,0.333
ours_hrt_mem_r_168089.log,1825,0.0,0.545
ours_hrt_mem_r_168089.log,1769,0.0,0.1
ours_hrt_mem_r_168089.log,1888,1.0,1.0
ours_hrt_mem_r_168089.log,1772,0.0,0.286
ours_hrt_mem_r_168089.log,1941,0.0,0.727
ours_hrt_mem_r_168089.log,1826,0.0,0.5
ours_hrt_mem_r_168089.log,1743,0.0,0.222
ours_hrt_mem_r_168244.log,1824,0.0,0.5
ours_hrt_mem_r_168244.log,1883,0.0,0.167
ours_hrt_mem_r_168244.log,1768,0.0,0.0
ours_hrt_mem_r_168244.log,1825,0.0,0.545
ours_hrt_mem_r_168244.log,1942,0.0,0.0
ours_hrt_mem_r_168244.log,1826,0.0,0.5
ours_hrt_mem_r_168244.log,1888,0.0,0.25
ours_hrt_mem_r_168244.log,1941,0.0,0.182
ours_hrt_mem_r_168244.log,1769,0.0,0.1
ours_hrt_mem_rht_167926.log,1781,0.0,0.0
ours_hrt_mem_rht_167926.log,1738,0.0,0.375
ours_hrt_mem_rht_167926.log,1755,0.0,0.429
ours_hrt_mem_rht_167926.log,1861,0.0,0.067
ours_hrt_mem_rht_167926.log,1722,0.0,0.0
ours_hrt_mem_rht_167926.log,1763,0.0,0.0
ours_hrt_mem_rht_167926.log,1830,0.0,0.333
ours_hrt_mem_rht_167926.log,1786,0.0,0.0
ours_hrt_mem_rht_167926.log,1715,0.0,0.4
ours_hrt_mem_rht_167926.log,1826,0.0,0.5
ours_hrt_mem_rht_167926.log,1782,0.0,0.333
ours_hrt_mem_rht_167926.log,1878,0.0,0.571
ours_hrt_mem_rht_167926.log,1717,0.0,0.6
ours_hrt_mem_rht_167926.log,1754,0.0,0.857
ours_hrt_mem_rht_167926.log,1867,0.0,0.143
ours_hrt_mem_rht_167926.log,1768,0.0,0.5
ours_hrt_mem_rht_167926.log,1868,0.0,0.333
ours_hrt_mem_rht_167926.log,1770,0.0,0.3
ours_hrt_mem_rht_167926.log,1726,0.0,0.167
ours_hrt_mem_rht_167926.log,1827,0.0,0.25
ours_hrt_mem_rht_167926.log,1769,0.0,0.3
ours_hrt_mem_rht_167926.log,1829,1.0,1.0
ours_hrt_mem_rht_167926.log,1728,0.0,0.5
ours_hrt_mem_rht_167926.log,1871,0.0,0.25
ours_hrt_mem_rht_167926.log,1766,0.0,0.25
ours_hrt_mem_rht_167926.log,1765,0.0,0.2
ours_hrt_mem_rht_167926.log,1739,0.0,0.4
ours_hrt_mem_rht_167926.log,1721,0.0,0.75
ours_hrt_mem_rht_167926.log,1741,0.0,0.25
ours_hrt_mem_rht_167926.log,1743,0.0,0.333
ours_hrt_mem_rht_168092.log,1824,0.0,0.2
ours_hrt_mem_rht_168092.log,1768,0.0,0.4
ours_hrt_mem_rht_168092.log,1942,0.0,0.25
ours_hrt_mem_rht_168092.log,1883,0.0,0.167
ours_hrt_mem_rht_168092.log,1769,0.0,0.1
ours_hrt_mem_rht_168092.log,1825,0.0,0.909
ours_hrt_mem_rht_168092.log,1888,0.0,0.25
ours_hrt_mem_rht_168092.log,1941,0.0,0.091
ours_hrt_mem_rht_168092.log,1826,0.0,0.167
ours_hrt_mem_rht_168092.log,1772,0.0,0.429
ours_hrt_mem_rht_168092.log,1743,0.0,0.333
ours_hrt_mem_rht_168241.log,1768,0.0,0.0
ours_hrt_mem_rht_168241.log,1883,0.0,0.833
ours_hrt_mem_rht_168241.log,1942,0.0,0.167
ours_hrt_mem_rht_168241.log,1825,0.0,0.273
ours_hrt_mem_rht_168241.log,1941,0.0,0.273
ours_hrt_mem_rht_168241.log,1888,0.0,0.5
ours_hrt_mem_rht_168241.log,1772,0.0,0.286
ours_hrt_mem_rht_168241.log,1743,0.0,0.111
ours_hrt_mem_rht_168241.log,1826,0.0,0.417
ours_hrt_mem_t_167927.log,1725,0.0,0.0
ours_hrt_mem_t_167927.log,1730,0.0,0.4
ours_hrt_mem_t_167927.log,1641,0.0,0.25
ours_hrt_mem_t_167927.log,1742,1.0,1.0
ours_hrt_mem_t_167927.log,1722,0.0,0.5
ours_hrt_mem_t_167927.log,1846,0.0,0.333
ours_hrt_mem_t_167927.log,1647,0.0,0.6
ours_hrt_mem_t_167927.log,1715,0.0,0.6
ours_hrt_mem_t_167927.log,1717,0.0,0.4
ours_hrt_mem_t_167927.log,1645,1.0,1.0
ours_hrt_mem_t_167927.log,1721,0.0,0.25
ours_hrt_mem_t_167927.log,1729,0.0,0.571
ours_hrt_mem_t_167927.log,1652,0.0,0.6
ours_hrt_mem_t_167927.log,1767,0.0,0.143
ours_hrt_mem_t_167927.log,1726,0.0,0.0
ours_hrt_mem_t_167927.log,1860,0.0,0.071
ours_hrt_mem_t_167927.log,1650,0.0,0.0
ours_hrt_mem_t_167927.log,1728,0.0,0.5
ours_hrt_mem_t_167927.log,1740,0.0,0.75
ours_hrt_mem_t_167927.log,1642,1.0,1.0
ours_hrt_mem_t_167927.log,1754,0.0,0.286
ours_hrt_mem_t_167927.log,1727,0.0,0.0
ours_hrt_mem_t_167927.log,1739,0.0,0.4
ours_hrt_mem_t_167927.log,1741,0.0,0.5
ours_hrt_mem_t_167927.log,1644,0.0,0.0
ours_hrt_mem_t_167927.log,1743,0.0,0.222
ours_hrt_mem_t_167927.log,1785,0.0,0.0
ours_hrt_mem_t_167927.log,1648,1.0,1.0
ours_hrt_mem_t_167927.log,1649,1.0,1.0
ours_hrt_mem_t_167927.log,1643,0.0,0.0
ours_hrt_mem_t_167927.log,1640,0.0,0.667
ours_hrt_mem_t_167957.log,1696,0.0,0.333
ours_hrt_mem_t_167957.log,1767,0.0,0.143
ours_hrt_mem_t_167957.log,1846,0.0,0.5
ours_hrt_mem_t_167957.log,1888,0.0,0.25
ours_hrt_mem_t_167957.log,1679,0.0,0.231
ours_hrt_mem_t_167957.log,1866,0.0,0.286
ours_hrt_mem_t_167957.log,1869,0.0,0.5
ours_hrt_mem_t_167957.log,1768,0.0,0.0
ours_hrt_mem_t_167957.log,1882,0.0,0.556
ours_hrt_mem_t_167957.log,1770,0.0,0.4
ours_hrt_mem_t_167957.log,1860,0.0,0.286
ours_hrt_mem_t_167957.log,1784,0.0,0.2
ours_hrt_mem_t_167957.log,1903,0.0,0.6
ours_hrt_mem_t_167957.log,1786,0.0,0.429
ours_hrt_mem_t_167957.log,1862,0.0,0.333
ours_hrt_mem_t_167957.log,1887,1.0,1.0
ours_hrt_mem_t_167957.log,1769,0.0,0.3
ours_hrt_mem_t_167957.log,1889,1.0,1.0
ours_hrt_mem_t_167957.log,1830,1.0,1.0
ours_hrt_mem_t_167957.log,1826,0.0,0.417
ours_hrt_mem_t_167957.log,1766,0.0,0.0
ours_hrt_mem_t_167957.log,1925,0.0,0.333
ours_hrt_mem_t_167957.log,1787,0.0,0.4
ours_hrt_mem_t_167957.log,1877,0.0,0.833
ours_hrt_mem_t_167957.log,1765,0.0,0.2
ours_hrt_mem_t_167957.log,1878,0.0,0.429
ours_hrt_mem_t_167957.log,1896,1.0,1.0
ours_hrt_mem_t_167957.log,1917,1.0,1.0
ours_hrt_mem_t_167957.log,1861,0.0,0.133
ours_hrt_mem_t_167957.log,1827,0.0,0.5
ours_hrt_mem_t_167957.log,1829,1.0,1.0
ours_hrt_mem_t_167957.log,1897,1.0,1.0
ours_hrt_mem_t_167957.log,1865,0.0,0.286
ours_hrt_mem_t_167957.log,1920,0.0,0.667
ours_hrt_mem_t_167957.log,1892,0.0,0.6
ours_hrt_mem_t_167957.log,1884,0.0,0.75
ours_hrt_mem_t_167957.log,1867,0.0,0.714
ours_hrt_mem_t_167957.log,1868,0.0,0.333
ours_hrt_mem_t_167957.log,1886,0.0,0.333
ours_hrt_mem_t_167957.log,1871,1.0,1.0
ours_hrt_mem_t_167957.log,1880,0.0,0.5
ours_hrt_mem_t_167957.log,1881,0.0,0.5
ours_hrt_mem_t_167957.log,1885,0.0,0.5
ours_hrt_mem_t_167957.log,1901,0.0,0.6
ours_hrt_mem_t_167957.log,1898,0.0,0.8
ours_hrt_mem_t_167957.log,1926,0.0,0.667
ours_hrt_mem_t_167957.log,1927,0.0,0.444
ours_hrt_mem_t_167957.log,1899,0.0,0.429
ours_hrt_mem_t_168091.log,1883,0.0,0.667
ours_hrt_mem_t_168091.log,1768,0.0,0.1
ours_hrt_mem_t_168091.log,1824,0.0,0.3
ours_hrt_mem_t_168091.log,1942,0.0,0.25
ours_hrt_mem_t_168091.log,1769,0.0,0.9
ours_hrt_mem_t_168091.log,1888,1.0,1.0
ours_hrt_mem_t_168091.log,1941,0.0,0.545
ours_hrt_mem_t_168091.log,1743,0.0,0.889
ours_hrt_mem_t_168091.log,1772,0.0,0.286
ours_hrt_mem_t_168091.log,1826,0.0,0.5
ours_hrt_mem_t_168243.log,1883,0.0,0.333
ours_hrt_mem_t_168243.log,1768,0.0,0.0
ours_hrt_mem_t_168243.log,1942,0.0,0.083
ours_hrt_mem_t_168243.log,1888,1.0,1.0
ours_hrt_mem_t_168243.log,1772,0.0,0.143
ours_hrt_mem_t_168243.log,1743,0.0,0.222
ours_hrt_mem_t_168243.log,1941,0.0,0.182
ours_hrt_mem_t_168243.log,1825,0.0,0.364
ours_hrt_mem_t_168243.log,1826,0.0,0.333
ours_loc_hrst_mem_hr_168289.log,1870,0.0,0.667
ours_loc_hrst_mem_hr_168289.log,1771,0.0,0.333
ours_loc_hrst_mem_hr_168289.log,431,0.0,0.286
ours_loc_hrst_mem_hr_168289.log,434,0.0,0.143
ours_loc_hrst_mem_hrst_168290.log,1771,0.0,0.0
ours_loc_hrst_mem_hrst_168290.log,1693,0.0,0.25
ours_loc_hrst_mem_hrst_168290.log,434,0.0,0.143
ours_loc_hrst_mem_ht_168291.log,1870,0.0,0.5
ours_loc_hrst_mem_ht_168291.log,1693,0.0,0.25
ours_loc_hrst_mem_ht_168291.log,434,0.0,0.429
ours_loc_hrst_mem_r_168292.log,1771,0.0,0.333
ours_loc_hrst_mem_r_168292.log,1870,0.0,0.5
ours_loc_hrst_mem_r_168292.log,434,0.0,0.429
ours_loc_hrst_mem_r_168292.log,1693,0.0,0.083
ours_loc_hrst_mem_s_168293.log,1771,0.0,0.5
ours_loc_hrst_mem_s_168293.log,434,0.0,0.429
ours_loc_hrst_mem_s_168293.log,1693,0.0,0.0
ours_rs_mem_r_167917.log,1616,1.0,1.0
ours_rs_mem_r_167917.log,1184,0.0,0.5
ours_rs_mem_r_167917.log,860,1.0,1.0
ours_rs_mem_r_167917.log,1215,0.0,0.0
ours_rs_mem_r_167917.log,215,0.0,0.4
ours_rs_mem_r_167917.log,252,0.0,0.0
ours_rs_mem_r_167917.log,174,1.0,1.0
ours_rs_mem_r_167917.log,1175,0.0,0.6
ours_rs_mem_r_167917.log,153,1.0,1.0
ours_rs_mem_r_167917.log,1601,0.0,0.6
ours_rs_mem_r_167917.log,289,0.0,0.0
ours_rs_mem_r_167917.log,1327,1.0,1.0
ours_rs_mem_r_167917.log,1022,1.0,1.0
ours_rs_mem_r_167917.log,231,1.0,1.0
ours_rs_mem_r_167917.log,1471,1.0,1.0
ours_rs_mem_r_167917.log,1118,1.0,1.0
ours_rs_mem_r_167917.log,214,0.0,0.286
ours_rs_mem_r_167917.log,219,0.0,0.0
ours_rs_mem_r_167917.log,1098,0.0,0.0
ours_rs_mem_r_167917.log,638,0.0,0.333
ours_rs_mem_r_167917.log,1317,0.0,0.333
ours_rs_mem_r_167917.log,193,1.0,1.0
ours_rs_mem_r_167917.log,165,0.0,0.0
ours_rs_mem_r_167917.log,858,1.0,1.0
ours_rs_mem_r_167917.log,1312,1.0,1.0
ours_rs_mem_r_167917.log,169,0.0,0.5
ours_rs_mem_r_167917.log,1425,1.0,1.0
ours_rs_mem_r_167917.log,247,0.0,0.0
ours_rs_mem_r_167917.log,273,0.0,0.667
ours_rs_mem_r_167917.log,1424,1.0,1.0
ours_rs_mem_r_167917.log,211,0.0,0.571
ours_rs_mem_r_167917.log,190,1.0,1.0
ours_rs_mem_r_167917.log,158,1.0,1.0
ours_rs_mem_r_167917.log,217,1.0,1.0
ours_rs_mem_r_167917.log,1245,1.0,1.0
ours_rs_mem_r_167917.log,283,0.0,0.6
ours_rs_mem_r_167917.log,1289,0.0,0.0
ours_rs_mem_r_167917.log,206,1.0,1.0
ours_rs_mem_r_167917.log,1378,1.0,1.0
ours_rs_mem_r_167917.log,209,1.0,1.0
ours_rs_mem_r_167917.log,1108,1.0,1.0
ours_rs_mem_r_167917.log,239,1.0,1.0
ours_rs_mem_r_167917.log,229,1.0,1.0
ours_rs_mem_r_167917.log,1493,0.0,0.667
ours_rs_mem_r_167917.log,185,0.0,0.0
ours_rs_mem_r_167917.log,1195,1.0,1.0
ours_rs_mem_r_167917.log,224,1.0,1.0
ours_rs_mem_r_167917.log,184,1.0,1.0
ours_rs_mem_r_167917.log,1010,0.0,0.333
ours_rs_mem_r_167917.log,237,1.0,1.0
ours_rs_mem_r_167917.log,1240,0.0,0.0
ours_rs_mem_r_167917.log,196,1.0,1.0
ours_rs_mem_r_167917.log,1065,0.0,0.0
ours_rs_mem_r_167917.log,1080,0.0,0.667
ours_rs_mem_r_167917.log,1126,1.0,1.0
ours_rs_mem_r_167917.log,25,0.0,0.0
ours_rs_mem_r_167917.log,905,0.0,0.0
ours_rs_mem_r_167917.log,1461,0.0,0.333
ours_rs_mem_r_167917.log,348,1.0,1.0
ours_rs_mem_r_167917.log,866,0.0,0.0
ours_rs_mem_r_167917.log,976,1.0,1.0
ours_rs_mem_r_167917.log,929,1.0,1.0
ours_rs_mem_r_167917.log,1171,1.0,1.0
ours_rs_mem_r_167917.log,1021,1.0,1.0
ours_rs_mem_r_167917.log,1007,0.0,0.333
ours_rs_mem_r_167943.log,860,1.0,1.0
ours_rs_mem_r_167943.log,1616,1.0,1.0
ours_rs_mem_r_167943.log,1184,1.0,1.0
ours_rs_mem_r_167943.log,215,1.0,1.0
ours_rs_mem_r_167943.log,1215,1.0,1.0
ours_rs_mem_r_167943.log,174,0.0,0.0
ours_rs_mem_r_167943.log,858,1.0,1.0
ours_rs_mem_r_167943.log,1327,1.0,1.0
ours_rs_mem_r_167943.log,214,1.0,1.0
ours_rs_mem_r_167943.log,1118,1.0,1.0
ours_rs_mem_r_167943.log,153,1.0,1.0
ours_rs_mem_r_167943.log,638,0.0,0.333
ours_rs_mem_r_167943.log,1471,0.0,0.0
ours_rs_mem_r_167943.log,1098,1.0,1.0
ours_rs_mem_r_167943.log,219,0.0,0.0
ours_rs_mem_r_167943.log,165,1.0,1.0
ours_rs_mem_r_167943.log,1425,0.0,0.0
ours_rs_mem_r_167943.log,1006,1.0,1.0
ours_rs_mem_r_167943.log,1424,0.0,0.333
ours_rs_mem_r_167943.log,252,0.0,0.0
ours_rs_mem_r_167943.log,1245,1.0,1.0
ours_rs_mem_r_167943.log,193,0.0,0.429
ours_rs_mem_r_167943.log,217,1.0,1.0
ours_rs_mem_r_167943.log,1005,1.0,1.0
ours_rs_mem_r_167943.log,1378,1.0,1.0
ours_rs_mem_r_167943.log,229,1.0,1.0
ours_rs_mem_r_167943.log,1065,0.0,0.0
ours_rs_mem_r_167943.log,1493,1.0,1.0
ours_rs_mem_r_167943.log,190,1.0,1.0
ours_rs_mem_r_167943.log,1195,1.0,1.0
ours_rs_mem_r_167943.log,1126,1.0,1.0
ours_rs_mem_r_167943.log,158,1.0,1.0
ours_rs_mem_r_167943.log,247,0.0,0.0
ours_rs_mem_r_167943.log,1222,0.0,0.5
ours_rs_mem_r_167943.log,224,1.0,1.0
ours_rs_mem_r_167943.log,929,0.0,0.0
ours_rs_mem_r_167943.log,1240,1.0,1.0
ours_rs_mem_r_167943.log,209,1.0,1.0
ours_rs_mem_r_167943.log,273,1.0,1.0
ours_rs_mem_r_167943.log,1021,1.0,1.0
ours_rs_mem_r_167943.log,184,1.0,1.0
ours_rs_mem_r_167943.log,1317,1.0,1.0
ours_rs_mem_r_167943.log,239,1.0,1.0
ours_rs_mem_r_167943.log,1010,1.0,1.0
ours_rs_mem_r_167943.log,1461,0.0,0.0
ours_rs_mem_r_167943.log,1289,1.0,1.0
ours_rs_mem_r_167943.log,237,1.0,1.0
ours_rs_mem_r_167943.log,202,0.0,0.714
ours_rs_mem_r_167943.log,1175,1.0,1.0
ours_rs_mem_r_167943.log,212,1.0,1.0
ours_rs_mem_r_167943.log,1312,1.0,1.0
ours_rs_mem_r_167943.log,267,1.0,1.0
ours_rs_mem_r_167943.log,25,1.0,1.0
ours_rs_mem_r_167943.log,866,1.0,1.0
ours_rs_mem_r_167943.log,348,0.0,0.571
ours_rs_mem_r_167943.log,213,1.0,1.0
ours_rs_mem_r_167943.log,1007,1.0,1.0
ours_rs_mem_r_167943.log,1600,0.0,0.0
ours_rs_mem_r_168074.log,1616,1.0,1.0
ours_rs_mem_r_168074.log,1184,1.0,1.0
ours_rs_mem_r_168074.log,215,1.0,1.0
ours_rs_mem_r_168074.log,1215,1.0,1.0
ours_rs_mem_r_168074.log,1175,1.0,1.0
ours_rs_mem_r_168074.log,1601,1.0,1.0
ours_rs_mem_r_168074.log,1171,1.0,1.0
ours_rs_mem_r_168074.log,858,0.0,0.8
ours_rs_mem_r_168074.log,214,0.0,0.857
ours_rs_mem_r_168074.log,1118,1.0,1.0
ours_rs_mem_r_168074.log,252,0.0,0.0
ours_rs_mem_r_168074.log,1200,1.0,1.0
ours_rs_mem_r_168074.log,1098,0.0,0.8
ours_rs_mem_r_168074.log,193,1.0,1.0
ours_rs_mem_r_168074.log,289,1.0,1.0
ours_rs_mem_r_168074.log,1327,1.0,1.0
ours_rs_mem_r_168074.log,174,1.0,1.0
ours_rs_mem_r_168074.log,247,0.0,0.0
ours_rs_mem_r_168074.log,1471,1.0,1.0
ours_rs_mem_r_168074.log,231,1.0,1.0
ours_rs_mem_r_168074.log,1317,1.0,1.0
ours_rs_mem_r_168074.log,153,1.0,1.0
ours_rs_mem_r_168074.log,165,1.0,1.0
ours_rs_mem_r_168074.log,1312,1.0,1.0
ours_rs_mem_r_168074.log,219,0.0,0.0
ours_rs_mem_r_168074.log,638,1.0,1.0
ours_rs_mem_r_168074.log,1108,1.0,1.0
ours_rs_mem_r_168074.log,211,0.0,0.0
ours_rs_mem_r_168074.log,273,0.0,0.333
ours_rs_mem_r_168074.log,190,1.0,1.0
ours_rs_mem_r_168074.log,1424,1.0,1.0
ours_rs_mem_r_168074.log,283,1.0,1.0
ours_rs_mem_r_168074.log,1006,0.0,0.333
ours_rs_mem_r_168074.log,1461,0.0,0.333
ours_rs_mem_r_168074.log,206,1.0,1.0
ours_rs_mem_r_168074.log,239,1.0,1.0
ours_rs_mem_r_168074.log,1245,1.0,1.0
ours_rs_mem_r_168074.log,237,1.0,1.0
ours_rs_mem_r_168074.log,169,0.0,0.5
ours_rs_mem_r_168074.log,1005,1.0,1.0
ours_rs_mem_r_168074.log,1010,1.0,1.0
ours_rs_mem_r_168074.log,264,0.0,0.0
ours_rs_mem_r_168074.log,217,1.0,1.0
ours_rs_mem_r_168074.log,1289,1.0,1.0
ours_rs_mem_r_168074.log,1378,1.0,1.0
ours_rs_mem_r_168074.log,158,1.0,1.0
ours_rs_mem_r_168074.log,1007,0.0,0.667
ours_rs_mem_r_168074.log,1493,1.0,1.0
ours_rs_mem_r_168074.log,209,1.0,1.0
ours_rs_mem_r_168074.log,1195,1.0,1.0
ours_rs_mem_r_168074.log,229,1.0,1.0
ours_rs_mem_r_168074.log,1065,0.0,0.0
ours_rs_mem_r_168074.log,184,1.0,1.0
ours_rs_mem_r_168074.log,1080,1.0,1.0
ours_rs_mem_r_168074.log,1222,1.0,1.0
ours_rs_mem_r_168074.log,1240,1.0,1.0
ours_rs_mem_r_168074.log,905,1.0,1.0
ours_rs_mem_r_168074.log,1600,1.0,1.0
ours_rs_mem_r_168074.log,202,1.0,1.0
ours_rs_mem_r_168074.log,866,0.0,0.667
ours_rs_mem_r_168074.log,976,1.0,1.0
ours_rs_mem_r_168074.log,929,1.0,1.0
ours_rs_mem_r_168074.log,212,1.0,1.0
ours_rs_mem_r_168074.log,25,1.0,1.0
ours_rs_mem_r_168074.log,1022,0.0,0.8
ours_rs_mem_r_168074.log,1021,1.0,1.0
ours_rs_mem_r_168074.log,213,0.0,0.857
ours_rs_mem_r_168252.log,215,1.0,1.0
ours_rs_mem_r_168252.log,1184,0.0,0.25
ours_rs_mem_r_168252.log,214,1.0,1.0
ours_rs_mem_r_168252.log,174,0.0,0.0
ours_rs_mem_r_168252.log,1215,1.0,1.0
ours_rs_mem_r_168252.log,860,0.0,0.2
ours_rs_mem_r_168252.log,153,1.0,1.0
ours_rs_mem_r_168252.log,858,1.0,1.0
ours_rs_mem_r_168252.log,1175,0.0,0.4
ours_rs_mem_r_168252.log,1327,0.0,0.333
ours_rs_mem_r_168252.log,193,1.0,1.0
ours_rs_mem_r_168252.log,1471,1.0,1.0
ours_rs_mem_r_168252.log,231,0.0,0.0
ours_rs_mem_r_168252.log,1171,1.0,1.0
ours_rs_mem_r_168252.log,1317,0.0,0.333
ours_rs_mem_r_168252.log,165,1.0,1.0
ours_rs_mem_r_168252.log,217,1.0,1.0
ours_rs_mem_r_168252.log,1098,1.0,1.0
ours_rs_mem_r_168252.log,1312,1.0,1.0
ours_rs_mem_r_168252.log,169,0.0,0.5
ours_rs_mem_r_168252.log,638,1.0,1.0
ours_rs_mem_r_168252.log,1461,1.0,1.0
ours_rs_mem_r_168252.log,1108,1.0,1.0
ours_rs_mem_r_168252.log,1245,1.0,1.0
ours_rs_mem_r_168252.log,252,0.0,0.0
ours_rs_mem_r_168252.log,190,0.0,0.333
ours_rs_mem_r_168252.log,1378,1.0,1.0
ours_rs_mem_r_168252.log,229,1.0,1.0
ours_rs_mem_r_168252.log,224,1.0,1.0
ours_rs_mem_r_168252.log,209,1.0,1.0
ours_rs_mem_r_168252.log,1493,1.0,1.0
ours_rs_mem_r_168252.log,1010,1.0,1.0
ours_rs_mem_r_168252.log,1195,0.0,0.333
ours_rs_mem_r_168252.log,1007,1.0,1.0
ours_rs_mem_r_168252.log,283,1.0,1.0
ours_rs_mem_r_168252.log,1065,0.0,0.0
ours_rs_mem_r_168252.log,1240,1.0,1.0
ours_rs_mem_r_168252.log,237,1.0,1.0
ours_rs_mem_r_168252.log,1126,1.0,1.0
ours_rs_mem_r_168252.log,25,1.0,1.0
ours_rs_mem_r_168252.log,213,0.0,0.0
ours_rs_mem_r_168252.log,905,1.0,1.0
ours_rs_mem_r_168252.log,866,1.0,1.0
ours_rs_mem_r_168252.log,1424,1.0,1.0
ours_rs_mem_r_168252.log,976,1.0,1.0
ours_rs_mem_r_168252.log,929,0.0,0.333
ours_rs_mem_r_168252.log,1022,1.0,1.0
ours_rs_mem_r_168252.log,1021,1.0,1.0
ours_rs_mem_r_video_168007.log,1425,1.0,1.0
ours_rs_mem_r_video_168007.log,1378,1.0,1.0
ours_rs_mem_r_video_168009.log,1312,1.0,1.0
ours_rs_mem_r_video_168251.log,1425,1.0,1.0
ours_rs_mem_r_video_168251.log,1378,1.0,1.0
ours_rs_mem_r_video_168251.log,866,1.0,1.0
ours_rs_mem_r_video_168251.log,165,0.0,0.0
ours_rs_mem_r_video_168251.log,1312,1.0,1.0
ours_rs_mem_r_video_168251.log,1327,0.0,0.667
ours_rs_mem_r_video_168251.log,1471,1.0,1.0
ours_rs_mem_r_video_168251.log,212,1.0,1.0
ours_rs_mem_r_video_168251.log,214,1.0,1.0
ours_rs_mem_r_video_168251.log,1317,1.0,1.0
ours_rs_mem_r_video_hires_168063.log,1312,1.0,1.0
ours_rs_mem_r_video_hires_168064.log,1312,1.0,1.0
ours_rs_mem_r_video_hires_168250.log,1425,1.0,1.0
ours_rs_mem_r_video_hires_168250.log,1378,1.0,1.0
ours_rs_mem_r_video_hires_168250.log,866,1.0,1.0
ours_rs_mem_r_video_hires_168250.log,165,1.0,1.0
ours_rs_mem_r_video_hires_168250.log,212,1.0,1.0
ours_rs_mem_r_video_hires_168250.log,214,1.0,1.0
ours_rs_mem_r_video_hires_168250.log,1327,1.0,1.0
ours_rs_mem_r_video_hires_168250.log,1471,1.0,1.0
ours_rs_mem_r_video_hires_168250.log,1312,0.0,0.667
ours_rs_mem_r_video_hires_168250.log,1317,1.0,1.0
ours_rs_mem_rs_167918.log,1616,1.0,1.0
ours_rs_mem_rs_167918.log,215,0.0,0.0
ours_rs_mem_rs_167918.log,1184,0.0,0.5
ours_rs_mem_rs_167918.log,860,1.0,1.0
ours_rs_mem_rs_167918.log,1215,0.0,0.333
ours_rs_mem_rs_167918.log,174,1.0,1.0
ours_rs_mem_rs_167918.log,1175,1.0,1.0
ours_rs_mem_rs_167918.log,858,1.0,1.0
ours_rs_mem_rs_167918.log,153,1.0,1.0
ours_rs_mem_rs_167918.log,231,1.0,1.0
ours_rs_mem_rs_167918.log,1327,1.0,1.0
ours_rs_mem_rs_167918.log,1022,0.0,0.6
ours_rs_mem_rs_167918.log,219,0.0,0.0
ours_rs_mem_rs_167918.log,214,1.0,1.0
ours_rs_mem_rs_167918.log,1471,0.0,0.333
ours_rs_mem_rs_167918.log,638,0.0,0.333
ours_rs_mem_rs_167918.log,252,0.0,0.0
ours_rs_mem_rs_167918.log,169,0.0,0.5
ours_rs_mem_rs_167918.log,1118,1.0,1.0
ours_rs_mem_rs_167918.log,289,1.0,1.0
ours_rs_mem_rs_167918.log,1425,1.0,1.0
ours_rs_mem_rs_167918.log,247,0.0,0.0
ours_rs_mem_rs_167918.log,1098,1.0,1.0
ours_rs_mem_rs_167918.log,211,0.0,0.0
ours_rs_mem_rs_167918.log,1424,0.0,0.333
ours_rs_mem_rs_167918.log,190,1.0,1.0
ours_rs_mem_rs_167918.log,1245,1.0,1.0
ours_rs_mem_rs_167918.log,229,1.0,1.0
ours_rs_mem_rs_167918.log,158,1.0,1.0
ours_rs_mem_rs_167918.log,1289,0.0,0.0
ours_rs_mem_rs_167918.log,230,0.0,0.571
ours_rs_mem_rs_167918.log,1378,0.0,0.0
ours_rs_mem_rs_167918.log,206,1.0,1.0
ours_rs_mem_rs_167918.log,1493,1.0,1.0
ours_rs_mem_rs_167918.log,273,1.0,1.0
ours_rs_mem_rs_167918.log,209,1.0,1.0
ours_rs_mem_rs_167918.log,185,0.0,0.0
ours_rs_mem_rs_167918.log,283,1.0,1.0
ours_rs_mem_rs_167918.log,1222,1.0,1.0
ours_rs_mem_rs_167918.log,224,1.0,1.0
ours_rs_mem_rs_167918.log,239,1.0,1.0
ours_rs_mem_rs_167918.log,1240,1.0,1.0
ours_rs_mem_rs_167918.log,184,1.0,1.0
ours_rs_mem_rs_167918.log,237,1.0,1.0
ours_rs_mem_rs_167918.log,196,1.0,1.0
ours_rs_mem_rs_167918.log,1108,0.0,0.8
ours_rs_mem_rs_167918.log,1200,1.0,1.0
ours_rs_mem_rs_167918.log,264,0.0,0.5
ours_rs_mem_rs_167918.log,1010,1.0,1.0
ours_rs_mem_rs_167918.log,267,0.0,0.8
ours_rs_mem_rs_167918.log,212,1.0,1.0
ours_rs_mem_rs_167918.log,1600,1.0,1.0
ours_rs_mem_rs_167918.log,25,0.0,0.5
ours_rs_mem_rs_167918.log,1007,0.0,0.333
ours_rs_mem_rs_167918.log,348,0.0,0.714
ours_rs_mem_rs_167918.log,1080,1.0,1.0
ours_rs_mem_rs_167918.log,1195,0.0,0.333
ours_rs_mem_rs_167918.log,1461,0.0,0.0
ours_rs_mem_rs_167918.log,1126,1.0,1.0
ours_rs_mem_rs_167918.log,905,0.0,0.333
ours_rs_mem_rs_167918.log,866,1.0,1.0
ours_rs_mem_rs_167918.log,976,1.0,1.0
ours_rs_mem_rs_167918.log,929,1.0,1.0
ours_rs_mem_rs_167918.log,1171,1.0,1.0
ours_rs_mem_rs_167918.log,1065,0.0,0.0
ours_rs_mem_rs_167941.log,860,1.0,1.0
ours_rs_mem_rs_167941.log,1616,1.0,1.0
ours_rs_mem_rs_167941.log,1184,1.0,1.0
ours_rs_mem_rs_167941.log,215,1.0,1.0
ours_rs_mem_rs_167941.log,858,0.0,0.8
ours_rs_mem_rs_167941.log,1215,1.0,1.0
ours_rs_mem_rs_167941.log,174,0.0,0.0
ours_rs_mem_rs_167941.log,214,1.0,1.0
ours_rs_mem_rs_167941.log,1118,1.0,1.0
ours_rs_mem_rs_167941.log,638,1.0,1.0
ours_rs_mem_rs_167941.log,1471,1.0,1.0
ours_rs_mem_rs_167941.log,1098,0.0,0.8
ours_rs_mem_rs_167941.log,252,0.0,0.0
ours_rs_mem_rs_167941.log,153,1.0,1.0
ours_rs_mem_rs_167941.log,1006,0.0,0.333
ours_rs_mem_rs_167941.log,1317,1.0,1.0
ours_rs_mem_rs_167941.log,193,1.0,1.0
ours_rs_mem_rs_167941.log,1010,0.0,0.667
ours_rs_mem_rs_167941.log,219,0.0,0.0
ours_rs_mem_rs_167941.log,1007,1.0,1.0
ours_rs_mem_rs_167941.log,1425,1.0,1.0
ours_rs_mem_rs_167941.log,289,0.0,0.0
ours_rs_mem_rs_167941.log,211,0.0,0.0
ours_rs_mem_rs_167941.log,1065,0.0,0.0
ours_rs_mem_rs_167941.log,1245,1.0,1.0
ours_rs_mem_rs_167941.log,165,1.0,1.0
ours_rs_mem_rs_167941.log,1080,1.0,1.0
ours_rs_mem_rs_167941.log,1289,1.0,1.0
ours_rs_mem_rs_167941.log,247,0.0,0.0
ours_rs_mem_rs_167941.log,190,1.0,1.0
ours_rs_mem_rs_167941.log,217,1.0,1.0
ours_rs_mem_rs_167941.log,1493,1.0,1.0
ours_rs_mem_rs_167941.log,1195,1.0,1.0
ours_rs_mem_rs_167941.log,229,0.0,0.667
ours_rs_mem_rs_167941.log,976,1.0,1.0
ours_rs_mem_rs_167941.log,169,0.0,0.5
ours_rs_mem_rs_167941.log,929,1.0,1.0
ours_rs_mem_rs_167941.log,230,1.0,1.0
ours_rs_mem_rs_167941.log,158,1.0,1.0
ours_rs_mem_rs_167941.log,283,1.0,1.0
ours_rs_mem_rs_167941.log,1021,1.0,1.0
ours_rs_mem_rs_167941.log,239,0.0,0.6
ours_rs_mem_rs_167941.log,224,1.0,1.0
ours_rs_mem_rs_167941.log,184,1.0,1.0
ours_rs_mem_rs_167941.log,196,1.0,1.0
ours_rs_mem_rs_167941.log,237,1.0,1.0
ours_rs_mem_rs_167941.log,1312,1.0,1.0
ours_rs_mem_rs_167941.log,1378,1.0,1.0
ours_rs_mem_rs_167941.log,202,0.0,0.143
ours_rs_mem_rs_167941.log,1600,1.0,1.0
ours_rs_mem_rs_167941.log,212,1.0,1.0
ours_rs_mem_rs_167941.log,1108,1.0,1.0
ours_rs_mem_rs_167941.log,267,1.0,1.0
ours_rs_mem_rs_167941.log,25,1.0,1.0
ours_rs_mem_rs_167941.log,1005,1.0,1.0
ours_rs_mem_rs_167941.log,866,1.0,1.0
ours_rs_mem_rs_167941.log,213,0.0,0.143
ours_rs_mem_rs_167941.log,1126,1.0,1.0
ours_rs_mem_rs_168076.log,1616,1.0,1.0
ours_rs_mem_rs_168076.log,1184,1.0,1.0
ours_rs_mem_rs_168076.log,860,1.0,1.0
ours_rs_mem_rs_168076.log,215,1.0,1.0
ours_rs_mem_rs_168076.log,1175,1.0,1.0
ours_rs_mem_rs_168076.log,858,1.0,1.0
ours_rs_mem_rs_168076.log,1215,0.0,0.667
ours_rs_mem_rs_168076.log,1171,1.0,1.0
ours_rs_mem_rs_168076.log,214,1.0,1.0
ours_rs_mem_rs_168076.log,1327,1.0,1.0
ours_rs_mem_rs_168076.log,252,0.0,0.0
ours_rs_mem_rs_168076.log,1471,0.0,0.333
ours_rs_mem_rs_168076.log,1022,0.0,0.6
ours_rs_mem_rs_168076.log,1317,1.0,1.0
ours_rs_mem_rs_168076.log,231,1.0,1.0
ours_rs_mem_rs_168076.log,193,0.0,0.857
ours_rs_mem_rs_168076.log,1021,1.0,1.0
ours_rs_mem_rs_168076.log,1118,1.0,1.0
ours_rs_mem_rs_168076.log,174,1.0,1.0
ours_rs_mem_rs_168076.log,219,0.0,0.0
ours_rs_mem_rs_168076.log,1098,1.0,1.0
ours_rs_mem_rs_168076.log,217,1.0,1.0
ours_rs_mem_rs_168076.log,153,1.0,1.0
ours_rs_mem_rs_168076.log,1312,1.0,1.0
ours_rs_mem_rs_168076.log,165,0.0,0.857
ours_rs_mem_rs_168076.log,229,1.0,1.0
ours_rs_mem_rs_168076.log,1425,1.0,1.0
ours_rs_mem_rs_168076.log,230,1.0,1.0
ours_rs_mem_rs_168076.log,1424,1.0,1.0
ours_rs_mem_rs_168076.log,211,0.0,0.571
ours_rs_mem_rs_168076.log,638,1.0,1.0
ours_rs_mem_rs_168076.log,190,1.0,1.0
ours_rs_mem_rs_168076.log,289,0.0,0.0
ours_rs_mem_rs_168076.log,1108,1.0,1.0
ours_rs_mem_rs_168076.log,1461,0.0,0.333
ours_rs_mem_rs_168076.log,247,0.0,0.0
ours_rs_mem_rs_168076.log,1245,1.0,1.0
ours_rs_mem_rs_168076.log,1289,1.0,1.0
ours_rs_mem_rs_168076.log,273,0.0,0.0
ours_rs_mem_rs_168076.log,169,0.0,0.5
ours_rs_mem_rs_168076.log,283,1.0,1.0
ours_rs_mem_rs_168076.log,1005,0.0,0.0
ours_rs_mem_rs_168076.log,224,1.0,1.0
ours_rs_mem_rs_168076.log,158,1.0,1.0
ours_rs_mem_rs_168076.log,1007,1.0,1.0
ours_rs_mem_rs_168076.log,209,1.0,1.0
ours_rs_mem_rs_168076.log,1493,1.0,1.0
ours_rs_mem_rs_168076.log,1195,1.0,1.0
ours_rs_mem_rs_168076.log,239,1.0,1.0
ours_rs_mem_rs_168076.log,237,1.0,1.0
ours_rs_mem_rs_168076.log,905,1.0,1.0
ours_rs_mem_rs_168076.log,184,0.0,0.667
ours_rs_mem_rs_168076.log,1222,1.0,1.0
ours_rs_mem_rs_168076.log,866,1.0,1.0
ours_rs_mem_rs_168076.log,976,1.0,1.0
ours_rs_mem_rs_168076.log,1240,1.0,1.0
ours_rs_mem_rs_168076.log,929,1.0,1.0
ours_rs_mem_rs_168076.log,1601,1.0,1.0
ours_rs_mem_rs_168076.log,202,1.0,1.0
ours_rs_mem_rs_168076.log,1200,1.0,1.0
ours_rs_mem_rs_168076.log,212,1.0,1.0
ours_rs_mem_rs_168076.log,25,0.0,0.5
ours_rs_mem_rs_168076.log,1600,0.0,0.4
ours_rs_mem_rs_168076.log,213,1.0,1.0
ours_rs_mem_rs_168253.log,215,0.0,0.8
ours_rs_mem_rs_168253.log,1184,0.0,0.25
ours_rs_mem_rs_168253.log,860,0.0,0.2
ours_rs_mem_rs_168253.log,1215,1.0,1.0
ours_rs_mem_rs_168253.log,858,0.0,0.4
ours_rs_mem_rs_168253.log,174,1.0,1.0
ours_rs_mem_rs_168253.log,1175,1.0,1.0
ours_rs_mem_rs_168253.log,153,1.0,1.0
ours_rs_mem_rs_168253.log,231,0.0,0.0
ours_rs_mem_rs_168253.log,1327,0.0,0.333
ours_rs_mem_rs_168253.log,1171,0.0,0.6
ours_rs_mem_rs_168253.log,1471,1.0,1.0
ours_rs_mem_rs_168253.log,165,1.0,1.0
ours_rs_mem_rs_168253.log,1098,1.0,1.0
ours_rs_mem_rs_168253.log,638,1.0,1.0
ours_rs_mem_rs_168253.log,1312,0.0,0.333
ours_rs_mem_rs_168253.log,206,1.0,1.0
ours_rs_mem_rs_168253.log,252,0.0,0.0
ours_rs_mem_rs_168253.log,209,1.0,1.0
ours_rs_mem_rs_168253.log,1425,1.0,1.0
ours_rs_mem_rs_168253.log,1108,1.0,1.0
ours_rs_mem_rs_168253.log,185,1.0,1.0
ours_rs_mem_rs_168253.log,217,1.0,1.0
ours_rs_mem_rs_168253.log,1005,1.0,1.0
ours_rs_mem_rs_168253.log,229,1.0,1.0
ours_rs_mem_rs_168253.log,1424,1.0,1.0
ours_rs_mem_rs_168253.log,1461,1.0,1.0
ours_rs_mem_rs_168253.log,1007,1.0,1.0
ours_rs_mem_rs_168253.log,1289,1.0,1.0
ours_rs_mem_rs_168253.log,1065,0.0,0.0
ours_rs_mem_rs_168253.log,283,1.0,1.0
ours_rs_mem_rs_168253.log,1378,1.0,1.0
ours_rs_mem_rs_168253.log,1126,1.0,1.0
ours_rs_mem_rs_168253.log,1493,0.0,0.0
ours_rs_mem_rs_168253.log,866,1.0,1.0
ours_rs_mem_rs_168253.log,1195,1.0,1.0
ours_rs_mem_rs_168253.log,976,1.0,1.0
ours_rs_mem_rs_168253.log,264,0.0,0.0
ours_rs_mem_rs_168253.log,929,1.0,1.0
ours_rs_mem_rs_168253.log,1222,1.0,1.0
ours_rs_mem_rs_168253.log,224,1.0,1.0
ours_rs_mem_rs_168253.log,267,1.0,1.0
ours_rs_mem_rs_168253.log,1022,0.0,0.6
ours_rs_mem_rs_168253.log,1021,1.0,1.0
ours_rs_mem_rs_168253.log,1240,1.0,1.0
ours_rs_mem_rs_168253.log,1601,1.0,1.0
ours_rs_mem_rs_168253.log,348,1.0,1.0
ours_rs_mem_rs_168253.log,1200,0.0,0.4
ours_rs_mem_rs_168253.log,1600,0.0,0.6
ours_rs_mem_s_167919.log,860,1.0,1.0
ours_rs_mem_s_167919.log,215,0.0,0.8
ours_rs_mem_s_167919.log,1616,1.0,1.0
ours_rs_mem_s_167919.log,1184,0.0,0.0
ours_rs_mem_s_167919.log,174,1.0,1.0
ours_rs_mem_s_167919.log,252,0.0,0.0
ours_rs_mem_s_167919.log,1215,1.0,1.0
ours_rs_mem_s_167919.log,1022,0.0,0.4
ours_rs_mem_s_167919.log,1118,0.0,0.667
ours_rs_mem_s_167919.log,289,0.0,0.0
ours_rs_mem_s_167919.log,153,1.0,1.0
ours_rs_mem_s_167919.log,1098,1.0,1.0
ours_rs_mem_s_167919.log,1327,1.0,1.0
ours_rs_mem_s_167919.log,247,0.0,0.0
ours_rs_mem_s_167919.log,1471,0.0,0.0
ours_rs_mem_s_167919.log,214,1.0,1.0
ours_rs_mem_s_167919.log,231,1.0,1.0
ours_rs_mem_s_167919.log,1317,1.0,1.0
ours_rs_mem_s_167919.log,193,0.0,0.857
ours_rs_mem_s_167919.log,165,1.0,1.0
ours_rs_mem_s_167919.log,638,1.0,1.0
ours_rs_mem_s_167919.log,1312,1.0,1.0
ours_rs_mem_s_167919.log,1108,1.0,1.0
ours_rs_mem_s_167919.log,858,0.0,0.4
ours_rs_mem_s_167919.log,169,0.0,0.0
ours_rs_mem_s_167919.log,1461,0.0,0.0
ours_rs_mem_s_167919.log,1245,1.0,1.0
ours_rs_mem_s_167919.log,273,1.0,1.0
ours_rs_mem_s_167919.log,1010,1.0,1.0
ours_rs_mem_s_167919.log,190,1.0,1.0
ours_rs_mem_s_167919.log,1289,1.0,1.0
ours_rs_mem_s_167919.log,158,1.0,1.0
ours_rs_mem_s_167919.log,1378,1.0,1.0
ours_rs_mem_s_167919.log,283,1.0,1.0
ours_rs_mem_s_167919.log,206,0.0,0.5
ours_rs_mem_s_167919.log,219,0.0,0.0
ours_rs_mem_s_167919.log,1195,1.0,1.0
ours_rs_mem_s_167919.log,196,1.0,1.0
ours_rs_mem_s_167919.log,1126,1.0,1.0
ours_rs_mem_s_167919.log,239,1.0,1.0
ours_rs_mem_s_167919.log,1222,1.0,1.0
ours_rs_mem_s_167919.log,905,0.0,0.0
ours_rs_mem_s_167919.log,237,1.0,1.0
ours_rs_mem_s_167919.log,1240,1.0,1.0
ours_rs_mem_s_167919.log,866,1.0,1.0
ours_rs_mem_s_167919.log,217,0.0,0.8
ours_rs_mem_s_167919.log,202,0.0,0.571
ours_rs_mem_s_167919.log,212,1.0,1.0
ours_rs_mem_s_167919.log,1601,1.0,1.0
ours_rs_mem_s_167919.log,264,0.0,0.167
ours_rs_mem_s_167919.log,25,0.0,0.0
ours_rs_mem_s_167919.log,1175,1.0,1.0
ours_rs_mem_s_167919.log,348,1.0,1.0
ours_rs_mem_s_167919.log,1200,0.0,0.6
ours_rs_mem_s_167919.log,229,1.0,1.0
ours_rs_mem_s_167919.log,1425,1.0,1.0
ours_rs_mem_s_167919.log,1007,1.0,1.0
ours_rs_mem_s_167919.log,1021,1.0,1.0
ours_rs_mem_s_167919.log,230,0.0,0.143
ours_rs_mem_s_167919.log,1424,1.0,1.0
ours_rs_mem_s_167919.log,224,1.0,1.0
ours_rs_mem_s_167919.log,1600,0.0,0.2
ours_rs_mem_s_167942.log,1184,1.0,1.0
ours_rs_mem_s_167942.log,860,0.0,0.0
ours_rs_mem_s_167942.log,215,0.0,0.2
ours_rs_mem_s_167942.log,174,0.0,0.333
ours_rs_mem_s_167942.log,1215,1.0,1.0
ours_rs_mem_s_167942.log,1022,1.0,1.0
ours_rs_mem_s_167942.log,252,0.0,0.0
ours_rs_mem_s_167942.log,1327,1.0,1.0
ours_rs_mem_s_167942.log,1021,1.0,1.0
ours_rs_mem_s_167942.log,153,1.0,1.0
ours_rs_mem_s_167942.log,638,1.0,1.0
ours_rs_mem_s_167942.log,1098,0.0,0.8
ours_rs_mem_s_167942.log,214,1.0,1.0
ours_rs_mem_s_167942.log,858,1.0,1.0
ours_rs_mem_s_167942.log,1317,1.0,1.0
ours_rs_mem_s_167942.log,1425,1.0,1.0
ours_rs_mem_s_167942.log,289,1.0,1.0
ours_rs_mem_s_167942.log,193,0.0,0.0
ours_rs_mem_s_167942.log,219,0.0,0.0
ours_rs_mem_s_167942.log,1461,1.0,1.0
ours_rs_mem_s_167942.log,165,1.0,1.0
ours_rs_mem_s_167942.log,1245,1.0,1.0
ours_rs_mem_s_167942.log,211,1.0,1.0
ours_rs_mem_s_167942.log,247,0.0,0.0
ours_rs_mem_s_167942.log,1289,1.0,1.0
ours_rs_mem_s_167942.log,169,0.0,0.0
ours_rs_mem_s_167942.log,190,1.0,1.0
ours_rs_mem_s_167942.log,229,1.0,1.0
ours_rs_mem_s_167942.log,1493,1.0,1.0
ours_rs_mem_s_167942.log,230,1.0,1.0
ours_rs_mem_s_167942.log,1195,1.0,1.0
ours_rs_mem_s_167942.log,206,1.0,1.0
ours_rs_mem_s_167942.log,158,1.0,1.0
ours_rs_mem_s_167942.log,273,1.0,1.0
ours_rs_mem_s_167942.log,1222,1.0,1.0
ours_rs_mem_s_167942.log,1006,1.0,1.0
ours_rs_mem_s_167942.log,283,1.0,1.0
ours_rs_mem_s_167942.log,185,0.0,0.0
ours_rs_mem_s_167942.log,184,1.0,1.0
ours_rs_mem_s_167942.log,1471,1.0,1.0
ours_rs_mem_s_167942.log,1312,1.0,1.0
ours_rs_mem_s_167942.log,212,1.0,1.0
ours_rs_mem_s_167942.log,1378,1.0,1.0
ours_rs_mem_s_167942.log,866,1.0,1.0
ours_rs_mem_s_167942.log,1240,1.0,1.0
ours_rs_mem_s_167942.log,976,1.0,1.0
ours_rs_mem_s_167942.log,1600,0.0,0.8
ours_rs_mem_s_167942.log,929,1.0,1.0
ours_rs_mem_s_167942.log,1175,1.0,1.0
ours_rs_mem_s_167942.log,1171,1.0,1.0
ours_rs_mem_s_167942.log,1010,1.0,1.0
ours_rs_mem_s_167942.log,1007,0.0,0.667
ours_rs_mem_s_167942.log,1118,1.0,1.0
ours_rs_mem_s_168075.log,1184,0.0,0.0
ours_rs_mem_s_168075.log,860,0.0,0.8
ours_rs_mem_s_168075.log,1616,1.0,1.0
ours_rs_mem_s_168075.log,215,1.0,1.0
ours_rs_mem_s_168075.log,1175,1.0,1.0
ours_rs_mem_s_168075.log,1215,1.0,1.0
ours_rs_mem_s_168075.log,858,1.0,1.0
ours_rs_mem_s_168075.log,1171,1.0,1.0
ours_rs_mem_s_168075.log,214,1.0,1.0
ours_rs_mem_s_168075.log,252,0.0,0.0
ours_rs_mem_s_168075.log,1601,1.0,1.0
ours_rs_mem_s_168075.log,1022,1.0,1.0
ours_rs_mem_s_168075.log,289,0.0,0.0
ours_rs_mem_s_168075.log,1021,1.0,1.0
ours_rs_mem_s_168075.log,1200,1.0,1.0
ours_rs_mem_s_168075.log,193,1.0,1.0
ours_rs_mem_s_168075.log,247,0.0,0.0
ours_rs_mem_s_168075.log,1118,1.0,1.0
ours_rs_mem_s_168075.log,174,0.0,0.0
ours_rs_mem_s_168075.log,1600,1.0,1.0
ours_rs_mem_s_168075.log,1098,1.0,1.0
ours_rs_mem_s_168075.log,1471,0.0,0.0
ours_rs_mem_s_168075.log,231,0.0,0.0
ours_rs_mem_s_168075.log,638,0.0,0.333
ours_rs_mem_s_168075.log,153,0.0,0.667
ours_rs_mem_s_168075.log,1317,1.0,1.0
ours_rs_mem_s_168075.log,273,0.0,0.0
ours_rs_mem_s_168075.log,165,0.0,0.714
ours_rs_mem_s_168075.log,283,1.0,1.0
ours_rs_mem_s_168075.log,1312,1.0,1.0
ours_rs_mem_s_168075.log,239,0.0,0.6
ours_rs_mem_s_168075.log,237,1.0,1.0
ours_rs_mem_s_168075.log,1425,1.0,1.0
ours_rs_mem_s_168075.log,169,0.0,0.0
ours_rs_mem_s_168075.log,264,0.0,0.0
ours_rs_mem_s_168075.log,1108,1.0,1.0
ours_rs_mem_s_168075.log,211,0.0,0.0
ours_rs_mem_s_168075.log,1424,1.0,1.0
ours_rs_mem_s_168075.log,1461,1.0,1.0
ours_rs_mem_s_168075.log,1006,1.0,1.0
ours_rs_mem_s_168075.log,219,0.0,0.0
ours_rs_mem_s_168075.log,190,1.0,1.0
ours_rs_mem_s_168075.log,1005,1.0,1.0
ours_rs_mem_s_168075.log,217,1.0,1.0
ours_rs_mem_s_168075.log,1245,1.0,1.0
ours_rs_mem_s_168075.log,1007,0.0,0.667
ours_rs_mem_s_168075.log,1289,1.0,1.0
ours_rs_mem_s_168075.log,1378,1.0,1.0
ours_rs_mem_s_168075.log,206,1.0,1.0
ours_rs_mem_s_168075.log,1493,1.0,1.0
ours_rs_mem_s_168075.log,229,1.0,1.0
ours_rs_mem_s_168075.log,209,1.0,1.0
ours_rs_mem_s_168075.log,1065,0.0,0.0
ours_rs_mem_s_168075.log,267,1.0,1.0
ours_rs_mem_s_168075.log,1080,1.0,1.0
ours_rs_mem_s_168075.log,158,1.0,1.0
ours_rs_mem_s_168075.log,1195,1.0,1.0
ours_rs_mem_s_168075.log,1126,1.0,1.0
ours_rs_mem_s_168075.log,905,1.0,1.0
ours_rs_mem_s_168075.log,185,0.0,0.0
ours_rs_mem_s_168075.log,184,1.0,1.0
ours_rs_mem_s_168075.log,348,1.0,1.0
ours_rs_mem_s_168075.log,1240,1.0,1.0
ours_rs_mem_s_168075.log,866,1.0,1.0
ours_rs_mem_s_168075.log,1327,1.0,1.0
ours_rs_mem_s_168075.log,976,1.0,1.0
ours_rs_mem_s_168075.log,196,1.0,1.0
ours_rs_mem_s_168075.log,929,1.0,1.0
ours_rs_mem_s_168075.log,230,0.0,0.0
ours_rs_mem_s_168075.log,224,1.0,1.0
ours_rs_mem_s_168075.log,202,1.0,1.0
ours_rs_mem_s_168075.log,212,1.0,1.0
ours_rs_mem_s_168075.log,25,1.0,1.0
ours_rs_mem_s_168075.log,213,1.0,1.0
ours_rs_mem_s_168254.log,860,1.0,1.0
ours_rs_mem_s_168254.log,215,1.0,1.0
ours_rs_mem_s_168254.log,1616,0.0,0.0
ours_rs_mem_s_168254.log,214,0.0,0.286
ours_rs_mem_s_168254.log,1184,0.0,0.0
ours_rs_mem_s_168254.log,858,0.0,0.0
ours_rs_mem_s_168254.log,1601,1.0,1.0
ours_rs_mem_s_168254.log,193,0.0,0.571
ours_rs_mem_s_168254.log,1175,1.0,1.0
ours_rs_mem_s_168254.log,174,1.0,1.0
ours_rs_mem_s_168254.log,1171,1.0,1.0
ours_rs_mem_s_168254.log,153,1.0,1.0
ours_rs_mem_s_168254.log,638,0.0,0.333
ours_rs_mem_s_168254.log,1317,1.0,1.0
ours_rs_mem_s_168254.log,1022,1.0,1.0
ours_rs_mem_s_168254.log,252,0.0,0.0
ours_rs_mem_s_168254.log,1021,1.0,1.0
ours_rs_mem_s_168254.log,211,0.0,0.0
ours_rs_mem_s_168254.log,1312,1.0,1.0
ours_rs_mem_s_168254.log,289,1.0,1.0
ours_rs_mem_s_168254.log,1425,1.0,1.0
ours_rs_mem_s_168254.log,190,0.0,0.333
ours_rs_mem_s_168254.log,1098,1.0,1.0
ours_rs_mem_s_168254.log,247,0.0,0.0
ours_rs_mem_s_168254.log,1424,1.0,1.0
ours_rs_mem_s_168254.log,206,0.0,0.375
ours_rs_mem_s_168254.log,219,0.0,0.0
ours_rs_mem_s_168254.log,1461,1.0,1.0
ours_rs_mem_s_168254.log,1245,1.0,1.0
ours_rs_mem_s_168254.log,169,0.0,0.25
ours_rs_mem_s_168254.log,1108,1.0,1.0
ours_rs_mem_s_168254.log,217,0.0,0.6
ours_rs_mem_s_168254.log,273,0.0,0.0
ours_rs_mem_s_168254.log,1493,1.0,1.0
ours_rs_mem_s_168254.log,158,1.0,1.0
ours_rs_mem_s_168254.log,1195,1.0,1.0
ours_rs_mem_s_168254.log,185,0.0,0.0
ours_rs_mem_s_168254.log,1010,1.0,1.0
ours_rs_mem_s_168254.log,237,1.0,1.0
ours_rs_mem_s_168254.log,229,1.0,1.0
ours_rs_mem_s_168254.log,1600,1.0,1.0
ours_rs_mem_s_168254.log,202,1.0,1.0
ours_rs_mem_s_168254.log,1065,0.0,0.0
ours_rs_mem_s_168254.log,212,1.0,1.0
ours_rs_mem_s_168254.log,25,1.0,1.0
ours_rs_mem_s_168254.log,230,1.0,1.0
ours_rs_mem_s_168254.log,213,1.0,1.0
ours_rs_mem_s_168254.log,1080,0.0,0.333
ours_rs_mem_s_168254.log,264,0.0,0.5
ours_rs_mem_s_168254.log,905,1.0,1.0
ours_rs_mem_s_168254.log,224,1.0,1.0
ours_rs_mem_s_168254.log,866,1.0,1.0
ours_rs_mem_s_168254.log,267,1.0,1.0
ours_rs_mem_s_168254.log,348,1.0,1.0
ours_rs_mem_s_168254.log,976,1.0,1.0
ours_rs_mem_s_168254.log,1118,1.0,1.0
ours_rs_mem_s_168254.log,1126,1.0,1.0
planner_rag_traj_8b_167888.log,434,0.0,0.143
planner_rag_traj_8b_167888.log,431,0.0,0.286
planner_rag_traj_8b_167888.log,1693,0.0,0.0
planner_rag_traj_8b_167888.log,1771,0.0,0.333
planner_rag_traj_8b_167888.log,1870,0.0,0.5
video_recording_single.log,1312,1.0,1.0
