Gym has been unmaintained since 2022 and does not support NumPy 2.0 amongst other critical functionality.
Please upgrade to Gymnasium, the maintained drop-in replacement of Gym, or contact the authors of your software and request that they upgrade.
See the migration guide at https://gymnasium.farama.org/introduction/migration_guide/ for additional information.
PluginManager::Manager: duplicate static plugin StbImageImporter, ignoring
PluginManager::Manager: duplicate static plugin GltfImporter, ignoring
PluginManager::Manager: duplicate static plugin BasisImporter, ignoring
PluginManager::Manager: duplicate static plugin AssimpImporter, ignoring
PluginManager::Manager: duplicate static plugin AnySceneImporter, ignoring
PluginManager::Manager: duplicate static plugin AnyImageImporter, ignoring
72B id                 ours            n= 924 rep= 721 tol= 721 off= 721 repro=True tolmis=0 arch=0/0 rawmis=0
Not Found Entity: table
Not Found Entity: table
Not Found Entity: table
Not Found Entity: table
Not Found Entity: table
Not Found Entity: table
Not Found Entity: R3
Not Found Entity: R3
Not Found Entity: R3
Current command: <>
Current command: <>
Current command: <>
Not Found Entity: fruit
Not Found Entity: fruit
Not Found Entity: fruit
Not Found Entity: table
Not Found Entity: table
Not Found Entity: table
Not Found Entity: kitchen island
Not Found Entity: kitchen island
Not Found Entity: kitchen island
Not Found Entity: kitchen island
Not Found Entity: kitchen island
Not Found Entity: kitchen island
Not Found Entity: kitchen island
Not Found Entity: kitchen island
Not Found Entity: kitchen island
Not Found Entity: table
Not Found Entity: table
Not Found Entity: table
Not Found Entity: table
Not Found Entity: table
Not Found Entity: table
Not Found Entity: table
Not Found Entity: table
Not Found Entity: table
Not Found Entity: table
Not Found Entity: table
Not Found Entity: table
Not Found Entity: table
Not Found Entity: table
Not Found Entity: table
Not Found Entity: table
Not Found Entity: table
Not Found Entity: table
Not Found Entity: table
Not Found Entity: table
Not Found Entity: table
Current command: <>
Current command: <>
Current command: <>
Not Found Entity: table
Not Found Entity: table
Not Found Entity: table
Not Found Entity: table
Not Found Entity: table
Not Found Entity: table
Not Found Entity: table
Not Found Entity: table
Not Found Entity: table
Current command: <>
Current command: <>
Current command: <>
Current command: <>
Current command: <>
Current command: <>
Not Found Entity: pear_or_tomato
Not Found Entity: pear_or_tomato
Not Found Entity: pear_or_tomato
Not Found Entity: table
Not Found Entity: table
Not Found Entity: table
Not Found Entity: cutting_board
Not Found Entity: cutting_board
Not Found Entity: cutting_board
Not Found Entity: table
Not Found Entity: table
Not Found Entity: table
Not Found Entity: countertop
Not Found Entity: countertop
Not Found Entity: countertop
Not Found Entity: cutting_board
Not Found Entity: cutting_board
Not Found Entity: cutting_board
Not Found Entity: countertop
Not Found Entity: countertop
Not Found Entity: countertop
Not Found Entity: table
Not Found Entity: table
Not Found Entity: table
Not Found Entity: cutting_board
Not Found Entity: cutting_board
Not Found Entity: cutting_board
Not Found Entity: cutting_board
Not Found Entity: cutting_board
Not Found Entity: cutting_board
Not Found Entity: table
Not Found Entity: table
Not Found Entity: table
Not Found Entity: table
Not Found Entity: table
Not Found Entity: table
Not Found Entity: table
Not Found Entity: table
Not Found Entity: table
Not Found Entity: table
Not Found Entity: table
Not Found Entity: table
Not Found Entity: table
Not Found Entity: table
Not Found Entity: table
Not Found Entity: cutting_board
Not Found Entity: cutting_board
Not Found Entity: cutting_board
Not Found Entity: table
Not Found Entity: table
Not Found Entity: table
Not Found Entity: countertop
Not Found Entity: countertop
Not Found Entity: countertop
Current command: <>
Current command: <>
Current command: <>
Not Found Entity: table
Not Found Entity: table
Not Found Entity: table
Current command: <>
Current command: <>
Current command: <>
Not Found Entity: table
Not Found Entity: table
Not Found Entity: table
Not Found Entity: cutting_board
Not Found Entity: cutting_board
Not Found Entity: cutting_board
Current command: <>
Current command: <>
Current command: <>
Not Found Entity: table
Not Found Entity: table
Not Found Entity: table
Not Found Entity: cutting_board
Not Found Entity: cutting_board
Not Found Entity: cutting_board
Not Found Entity: table
Not Found Entity: table
Not Found Entity: table
Not Found Entity: table
Not Found Entity: table
Not Found Entity: table
Not Found Entity: cutting_board
Not Found Entity: cutting_board
Not Found Entity: cutting_board
Not Found Entity: table
Not Found Entity: table
Not Found Entity: table
Not Found Entity: fruit
Not Found Entity: fruit
Not Found Entity: fruit
Current command: <>
Current command: <>
Current command: <>
Not Found Entity: table
Not Found Entity: table
Not Found Entity: table
Not Found Entity: table
Not Found Entity: table
Not Found Entity: table
Not Found Entity: table
Not Found Entity: table
Not Found Entity: table
Not Found Entity: kitchen island
Not Found Entity: kitchen island
Not Found Entity: kitchen island
Not Found Entity: kitchen island
Not Found Entity: kitchen island
Not Found Entity: kitchen island
72B id                 tom             n= 924 rep=  23 tol=  23 off=  23 repro=True tolmis=0 arch=924/0 rawmis=0
Not Found Entity: table
Not Found Entity: table
Not Found Entity: table
Not Found Entity: idle
Not Found Entity: idle
Not Found Entity: idle
Current command: <>
Current command: <>
Current command: <>
Current command: <>
Current command: <>
Current command: <>
Not Found Entity: kitchen_island
Not Found Entity: kitchen_island
Not Found Entity: kitchen_island
Not Found Entity: table
Not Found Entity: table
Not Found Entity: table
Current command: <>
Current command: <>
Current command: <>
Not Found Entity: table
Not Found Entity: table
Not Found Entity: table
Not Found Entity: cutting_board
Not Found Entity: cutting_board
Not Found Entity: cutting_board
Current command: <>
Current command: <>
Current command: <>
Not Found Entity: cutting_board
Not Found Entity: cutting_board
Not Found Entity: cutting_board
Not Found Entity: table
Not Found Entity: table
Not Found Entity: table
Current command: <>
Current command: <>
Current command: <>
Not Found Entity: table
Not Found Entity: table
Not Found Entity: table
Not Found Entity: cutting_board
Not Found Entity: cutting_board
Not Found Entity: cutting_board
Current command: <>
Current command: <>
Current command: <>
Not Found Entity: countertop
Not Found Entity: countertop
Not Found Entity: countertop
Not Found Entity: work_area
Not Found Entity: work_area
Not Found Entity: work_area
Current command: <>
Current command: <>
Current command: <>
Current command: <>
Current command: <>
Current command: <>
Current command: <>
Current command: <>
Current command: <>
Not Found Entity: table
Not Found Entity: table
Not Found Entity: table
Not Found Entity: kitchen_island
Not Found Entity: kitchen_island
Not Found Entity: kitchen_island
Not Found Entity: cutting_board
Not Found Entity: cutting_board
Not Found Entity: cutting_board
Current command: <>
Current command: <>
Current command: <>
Not Found Entity: table
Not Found Entity: table
Not Found Entity: table
Current command: <>
Current command: <>
Current command: <>
Current command: <>
Current command: <>
Current command: <>
Not Found Entity: fruit
Not Found Entity: fruit
Not Found Entity: fruit
Not Found Entity: table
Not Found Entity: table
Not Found Entity: table
Not Found Entity: cutting_board
Not Found Entity: cutting_board
Not Found Entity: cutting_board
Not Found Entity: table
Not Found Entity: table
Not Found Entity: table
Current command: <>
Current command: <>
Current command: <>
Not Found Entity: cutting_board
Not Found Entity: cutting_board
Not Found Entity: cutting_board
Not Found Entity: cutting_board
Not Found Entity: cutting_board
Not Found Entity: cutting_board
Current command: <>
Current command: <>
Current command: <>
Current command: <>
Current command: <>
Current command: <>
Not Found Entity: table
Not Found Entity: table
Not Found Entity: table
Not Found Entity: table
Not Found Entity: table
Not Found Entity: table
Current command: <>
Current command: <>
Current command: <>
Current command: <>
Current command: <>
Current command: <>
Current command: <>
Current command: <>
Current command: <>
Current command: <>
Current command: <>
Current command: <>
Not Found Entity: fruit
Not Found Entity: fruit
Not Found Entity: fruit
Current command: <>
Current command: <>
Current command: <>
Not Found Entity: fruit
Not Found Entity: fruit
Not Found Entity: fruit
Not Found Entity: table
Not Found Entity: table
Not Found Entity: table
Current command: <>
Current command: <>
Current command: <>
Current command: <>
Current command: <>
Current command: <>
Current command: <>
Current command: <>
Current command: <>
Not Found Entity: cutting_board
Not Found Entity: cutting_board
Not Found Entity: cutting_board
Not Found Entity: cutting_board
Not Found Entity: cutting_board
Not Found Entity: cutting_board
Not Found Entity: table
Not Found Entity: table
Not Found Entity: table
Not Found Entity: table
Not Found Entity: table
Not Found Entity: table
Not Found Entity: table
Not Found Entity: table
Not Found Entity: table
Current command: <>
Current command: <>
Current command: <>
Not Found Entity: cutting_board
Not Found Entity: cutting_board
Not Found Entity: cutting_board
Not Found Entity: table
Not Found Entity: table
Not Found Entity: table
Not Found Entity: table
Not Found Entity: table
Not Found Entity: table
Current command: <>
Current command: <>
Current command: <>
Not Found Entity: kitchen island
Not Found Entity: kitchen island
Not Found Entity: kitchen island
Not Found Entity: cutting_board
Not Found Entity: cutting_board
Not Found Entity: cutting_board
Not Found Entity: table
Not Found Entity: table
Not Found Entity: table
Not Found Entity: cutting_board
Not Found Entity: cutting_board
Not Found Entity: cutting_board
Not Found Entity: table
Not Found Entity: table
Not Found Entity: table
Not Found Entity: table
Not Found Entity: table
Not Found Entity: table
Not Found Entity: kitchen island
Not Found Entity: kitchen island
Not Found Entity: kitchen island
Current command: <>
Current command: <>
Current command: <>
Not Found Entity: pear_and_banana
Not Found Entity: pear_and_banana
Not Found Entity: pear_and_banana
Not Found Entity: countertop
Not Found Entity: countertop
Not Found Entity: countertop
Not Found Entity: cutting_board
Not Found Entity: cutting_board
Not Found Entity: cutting_board
Current command: <>
Current command: <>
Current command: <>
Current command: <>
Current command: <>
Current command: <>
Current command: <>
Current command: <>
Current command: <>
Current command: <>
Current command: <>
Current command: <>
Not Found Entity: table
Not Found Entity: table
Not Found Entity: table
Not Found Entity: fruit
Not Found Entity: fruit
Not Found Entity: fruit
Not Found Entity: cutting_board
Not Found Entity: cutting_board
Not Found Entity: cutting_board
Current command: <>
Current command: <>
Current command: <>
Not Found Entity: table
Not Found Entity: table
Not Found Entity: table
Not Found Entity: table
Not Found Entity: table
Not Found Entity: table
Not Found Entity: cutting_board
Not Found Entity: cutting_board
Not Found Entity: cutting_board
Current command: <>
Current command: <>
Current command: <>
Not Found Entity: fruit
Not Found Entity: fruit
Not Found Entity: fruit
Not Found Entity: cutting_board
Not Found Entity: cutting_board
Not Found Entity: cutting_board
Not Found Entity: table
Not Found Entity: table
Not Found Entity: table
Not Found Entity: cutting_board
Not Found Entity: cutting_board
Not Found Entity: cutting_board
Not Found Entity: cutting_board
Not Found Entity: cutting_board
Not Found Entity: cutting_board
Not Found Entity: kitchen_island
Not Found Entity: kitchen_island
Not Found Entity: kitchen_island
Not Found Entity: cutting_board
Not Found Entity: cutting_board
Not Found Entity: cutting_board
72B id                 zero_shot       n= 924 rep=  26 tol=  26 off=  26 repro=True tolmis=0 arch=924/0 rawmis=0
Not Found Entity: kitchen island area
Not Found Entity: table
Not Found Entity: table
Not Found Entity: table
Not Found Entity: table
Not Found Entity: table
Not Found Entity: table
Not Found Entity: kitchen island area
Not Found Entity: pear_1
Not Found Entity: bowl_0
Not Found Entity: bowl_0
Not Found Entity: bowl_0
Not Found Entity: table
Not Found Entity: table
Not Found Entity: table
Not Found Entity: kitchen work area
Not Found Entity: table
Not Found Entity: table
Not Found Entity: table
Not Found Entity: table
Not Found Entity: table
Not Found Entity: table
Not Found Entity: peach_0
Not Found Entity: peach_0
Not Found Entity: peach_0
Not Found Entity: pear_1
Not Found Entity: kitchen island area
Not Found Entity: kitchen work area
Not Found Entity: tomato_1
Not Found Entity: tomato_1
Not Found Entity: tomato_1
Not Found Entity: plate_0
Not Found Entity: plate_0
Not Found Entity: plate_0
Not Found Entity: bread_0
Not Found Entity: bread_0
Not Found Entity: bread_0
Not Found Entity: table
Not Found Entity: cardboardbox_1
Not Found Entity: cardboardbox_1
Not Found Entity: cardboardbox_1
Not Found Entity: toaster_1
Not Found Entity: toaster_1
Not Found Entity: toaster_1
Not Found Entity: peach_1
72B id                 trajectory_rag  n= 924 rep=  62 tol=  62 off=  19 repro=True tolmis=0 arch=924/0 rawmis=0
Not Found Entity: table
Not Found Entity: table
Not Found Entity: table
Not Found Entity: table
Not Found Entity: table
Not Found Entity: table
Not Found Entity: table
Not Found Entity: table
Not Found Entity: table
Not Found Entity: table
Not Found Entity: table
Not Found Entity: table
Not Found Entity: Open
Not Found Entity: table
Not Found Entity: table
Not Found Entity: table
Not Found Entity: table
Not Found Entity: table
Not Found Entity: table
Not Found Entity: table
Not Found Entity: table
Not Found Entity: table
Not Found Entity: table
Not Found Entity: table
Not Found Entity: table
Not Found Entity: table
Not Found Entity: table
Not Found Entity: table
Not Found Entity: table
Not Found Entity: table
Not Found Entity: table
Not Found Entity: apple placement
Not Found Entity: apple placement
Not Found Entity: apple placement
Not Found Entity: Open
Not Found Entity: table
Not Found Entity: table
Not Found Entity: table
Not Found Entity: table
Not Found Entity: table
Not Found Entity: table
Not Found Entity: table
Not Found Entity: table
Not Found Entity: table
Not Found Entity: table
Not Found Entity: table
Not Found Entity: table
Not Found Entity: table
Not Found Entity: Open
Not Found Entity: table
Not Found Entity: table
Not Found Entity: table
Not Found Entity: table
Not Found Entity: table
Not Found Entity: table
Not Found Entity: table
Not Found Entity: table
Not Found Entity: table
Not Found Entity: table
Not Found Entity: table
Not Found Entity: table
Not Found Entity: table
Not Found Entity: table
Not Found Entity: table
Not Found Entity: Open
72B id                 g_memory        n= 924 rep= 471 tol= 471 off=  91 repro=True tolmis=0 arch=924/0 rawmis=0
Current command: <>
Current command: <>
Current command: <>
Not Found Entity: table
Not Found Entity: table
Not Found Entity: table
Not Found Entity: table
Not Found Entity: table
Not Found Entity: table
Not Found Entity: table
Not Found Entity: table
Not Found Entity: table
Not Found Entity: kitchen island area
Not Found Entity: kitchen island area
Not Found Entity: kitchen island area
Not Found Entity: kitchen work area
Not Found Entity: kitchen work area
Not Found Entity: kitchen work area
Current command: <>
Current command: <>
Current command: <>
Not Found Entity: table
Not Found Entity: table
Not Found Entity: table
Not Found Entity: table
Not Found Entity: table
Not Found Entity: table
Current command: <>
Current command: <>
Current command: <>
Current command: <>
Current command: <>
Current command: <>
Current command: <>
Current command: <>
Current command: <>
Not Found Entity: table
Not Found Entity: table
Not Found Entity: table
Not Found Entity: kitchen work area
Not Found Entity: kitchen work area
Not Found Entity: kitchen work area
Current command: <>
Current command: <>
Current command: <>
Not Found Entity: table
Not Found Entity: table
Not Found Entity: table
Not Found Entity: kitchen island area
Not Found Entity: kitchen island area
Not Found Entity: kitchen island area
Not Found Entity: table
Not Found Entity: table
Not Found Entity: table
Not Found Entity: wait
Not Found Entity: wait
Not Found Entity: wait
Current command: <>
Current command: <>
Current command: <>
Current command: <>
Current command: <>
Current command: <>
Current command: <>
Current command: <>
Current command: <>
Not Found Entity: table
Not Found Entity: table
Not Found Entity: table
Not Found Entity: table
Not Found Entity: table
Not Found Entity: table
Current command: <>
Current command: <>
Current command: <>
Not Found Entity: potential_pear_location
Not Found Entity: potential_pear_location
Not Found Entity: potential_pear_location
Not Found Entity: table
Not Found Entity: table
Not Found Entity: table
Not Found Entity: table
Not Found Entity: table
Not Found Entity: table
Not Found Entity: table
Not Found Entity: table
Not Found Entity: table
Not Found Entity: kitchen island area
Not Found Entity: kitchen island area
Not Found Entity: kitchen island area
Current command: <>
Current command: <>
Current command: <>
Not Found Entity: wooden cutting board
Not Found Entity: wooden cutting board
Not Found Entity: wooden cutting board
Not Found Entity: table
Not Found Entity: table
Not Found Entity: table
Not Found Entity: table
Not Found Entity: table
Not Found Entity: table
Not Found Entity: table
Not Found Entity: table
Not Found Entity: table
Current command: <>
Current command: <>
Current command: <>
Not Found Entity: table
Not Found Entity: table
Not Found Entity: table
Current command: <>
Current command: <>
Current command: <>
Current command: <>
Current command: <>
Current command: <>
Current command: <>
Current command: <>
Current command: <>
Current command: <>
Current command: <>
Current command: <>
Not Found Entity: table
Not Found Entity: table
Not Found Entity: table
Not Found Entity: table
Not Found Entity: table
Not Found Entity: table
Not Found Entity: table
Not Found Entity: table
Not Found Entity: table
Not Found Entity: kitchen island area
Not Found Entity: kitchen island area
Not Found Entity: kitchen island area
Current command: <>
Current command: <>
Current command: <>
Not Found Entity: table
Not Found Entity: table
Not Found Entity: table
Not Found Entity: table
Not Found Entity: table
Not Found Entity: table
Not Found Entity: table
Not Found Entity: table
Not Found Entity: table
Not Found Entity: cabinet
Not Found Entity: cabinet
Not Found Entity: cabinet
Not Found Entity: delivery_location
Not Found Entity: delivery_location
Not Found Entity: delivery_location
Current command: <>
Current command: <>
Current command: <>
Current command: <>
Current command: <>
Current command: <>
Not Found Entity: table
Not Found Entity: table
Not Found Entity: table
Not Found Entity: kitchen island area
Not Found Entity: kitchen island area
Not Found Entity: kitchen island area
Not Found Entity: table
Not Found Entity: table
Not Found Entity: table
Not Found Entity: kitchen work area
Not Found Entity: kitchen work area
Not Found Entity: kitchen work area
Not Found Entity: table
Not Found Entity: table
Not Found Entity: table
Not Found Entity: table
Not Found Entity: table
Not Found Entity: table
Not Found Entity: table
Not Found Entity: table
Not Found Entity: table
Not Found Entity: wooden_cutting_board
Not Found Entity: wooden_cutting_board
Not Found Entity: wooden_cutting_board
Not Found Entity: table
Not Found Entity: table
Not Found Entity: table
Not Found Entity: table
Not Found Entity: table
Not Found Entity: table
Not Found Entity: table
Not Found Entity: table
Not Found Entity: table
Not Found Entity: kitchen island area
Not Found Entity: kitchen island area
Not Found Entity: kitchen island area
72B id                 memento_style   n= 924 rep= 184 tol= 184 off= 184 repro=True tolmis=0 arch=0/0 rawmis=0
72B ood_single_family  ours            n= 924 rep= 501 tol= 501 off= 501 repro=True tolmis=0 arch=0/0 rawmis=0
Not Found Entity: table
Not Found Entity: table
Not Found Entity: table
Not Found Entity: table
Not Found Entity: table
Not Found Entity: table
Not Found Entity: R3
Not Found Entity: R3
Not Found Entity: R3
Not Found Entity: fruit
Not Found Entity: fruit
Not Found Entity: fruit
Not Found Entity: table
Not Found Entity: table
Not Found Entity: table
Not Found Entity: kitchen island
Not Found Entity: kitchen island
Not Found Entity: kitchen island
Not Found Entity: table
Not Found Entity: table
Not Found Entity: table
Not Found Entity: table
Not Found Entity: table
Not Found Entity: table
Not Found Entity: table
Not Found Entity: table
Not Found Entity: table
Not Found Entity: table
Not Found Entity: table
Not Found Entity: table
Not Found Entity: cutting_board
Not Found Entity: cutting_board
Not Found Entity: cutting_board
Not Found Entity: table
Not Found Entity: table
Not Found Entity: table
Not Found Entity: cutting_board
Not Found Entity: cutting_board
Not Found Entity: cutting_board
Not Found Entity: cutting_board
Not Found Entity: cutting_board
Not Found Entity: cutting_board
Not Found Entity: table
Not Found Entity: table
Not Found Entity: table
Current command: <>
Current command: <>
Current command: <>
Not Found Entity: table
Not Found Entity: table
Not Found Entity: table
Not Found Entity: cutting_board
Not Found Entity: cutting_board
Not Found Entity: cutting_board
Not Found Entity: countertop
Not Found Entity: countertop
Not Found Entity: countertop
Not Found Entity: table
Not Found Entity: table
Not Found Entity: table
Current command: <>
Current command: <>
Current command: <>
Not Found Entity: table
Not Found Entity: table
Not Found Entity: table
Not Found Entity: table
Not Found Entity: table
Not Found Entity: table
Not Found Entity: cutting_board
Not Found Entity: cutting_board
Not Found Entity: cutting_board
Not Found Entity: table
Not Found Entity: table
Not Found Entity: table
Current command: <>
Current command: <>
Current command: <>
Not Found Entity: table
Not Found Entity: table
Not Found Entity: table
Not Found Entity: cutting_board
Not Found Entity: cutting_board
Not Found Entity: cutting_board
Not Found Entity: table
Not Found Entity: table
Not Found Entity: table
Not Found Entity: table
Not Found Entity: table
Not Found Entity: table
Not Found Entity: table
Not Found Entity: table
Not Found Entity: table
Not Found Entity: table
Not Found Entity: table
Not Found Entity: table
Not Found Entity: table
Not Found Entity: table
Not Found Entity: table
Current command: <>
Current command: <>
Current command: <>
Not Found Entity: table
Not Found Entity: table
Not Found Entity: table
Current command: <>
Current command: <>
Current command: <>
Not Found Entity: table
Not Found Entity: table
Not Found Entity: table
Not Found Entity: countertop
Not Found Entity: countertop
Not Found Entity: countertop
Current command: <>
Current command: <>
Current command: <>
Not Found Entity: table
Not Found Entity: table
Not Found Entity: table
Not Found Entity: table
Not Found Entity: table
Not Found Entity: table
Not Found Entity: kitchen work area
Not Found Entity: kitchen work area
Not Found Entity: kitchen work area
Not Found Entity: table
Not Found Entity: table
Not Found Entity: table
Not Found Entity: table
Not Found Entity: table
Not Found Entity: table
Not Found Entity: fruit
Not Found Entity: fruit
Not Found Entity: fruit
Not Found Entity: kitchen island
Not Found Entity: kitchen island
Not Found Entity: kitchen island
Not Found Entity: table
Not Found Entity: table
Not Found Entity: table
Not Found Entity: cutting_board
Not Found Entity: cutting_board
Not Found Entity: cutting_board
Not Found Entity: table
Not Found Entity: table
Not Found Entity: table
Not Found Entity: fruit
Not Found Entity: fruit
Not Found Entity: fruit
Not Found Entity: table
Not Found Entity: table
Not Found Entity: table
Not Found Entity: table
Not Found Entity: table
Not Found Entity: table
Not Found Entity: table
Not Found Entity: table
Not Found Entity: table
72B ood_single_family  tom             n= 924 rep=  25 tol=  25 off=  25 repro=True tolmis=0 arch=924/0 rawmis=0
Current command: <>
Current command: <>
Current command: <>
Not Found Entity: cutting_board
Not Found Entity: cutting_board
Not Found Entity: cutting_board
Not Found Entity: cutting_board
Not Found Entity: cutting_board
Not Found Entity: cutting_board
Not Found Entity: cutting_board
Not Found Entity: cutting_board
Not Found Entity: cutting_board
Current command: <>
Current command: <>
Current command: <>
Not Found Entity: cutting_board
Not Found Entity: cutting_board
Not Found Entity: cutting_board
Current command: <>
Current command: <>
Current command: <>
Current command: <>
Current command: <>
Current command: <>
Current command: <>
Current command: <>
Current command: <>
Current command: <>
Current command: <>
Current command: <>
Not Found Entity: cutting_board
Not Found Entity: cutting_board
Not Found Entity: cutting_board
Not Found Entity: cutting_board
Not Found Entity: cutting_board
Not Found Entity: cutting_board
Not Found Entity: wooden_cutting_board
Not Found Entity: wooden_cutting_board
Not Found Entity: wooden_cutting_board
Current command: <>
Current command: <>
Current command: <>
Not Found Entity: cutting_board
Not Found Entity: cutting_board
Not Found Entity: cutting_board
Not Found Entity: cutting_board
Not Found Entity: cutting_board
Not Found Entity: cutting_board
Current command: <>
Current command: <>
Current command: <>
Current command: <>
Current command: <>
Current command: <>
Not Found Entity: cutting_board
Not Found Entity: cutting_board
Not Found Entity: cutting_board
Current command: <>
Current command: <>
Current command: <>
Not Found Entity: cutting_board
Not Found Entity: cutting_board
Not Found Entity: cutting_board
Not Found Entity: cutting_board
Not Found Entity: cutting_board
Not Found Entity: cutting_board
Current command: <>
Current command: <>
Current command: <>
Current command: <>
Current command: <>
Current command: <>
Current command: <>
Current command: <>
Current command: <>
Current command: <>
Current command: <>
Current command: <>
Current command: <>
Current command: <>
Current command: <>
Not Found Entity: cutting_board
Not Found Entity: cutting_board
Not Found Entity: cutting_board
Not Found Entity: cutting_board
Not Found Entity: cutting_board
Not Found Entity: cutting_board
Not Found Entity: cutting_board
Not Found Entity: cutting_board
Not Found Entity: cutting_board
Current command: <>
Current command: <>
Current command: <>
Not Found Entity: cutting_board
Not Found Entity: cutting_board
Not Found Entity: cutting_board
Not Found Entity: wooden_cutting_board
Not Found Entity: wooden_cutting_board
Not Found Entity: wooden_cutting_board
Current command: <>
Current command: <>
Current command: <>
Current command: <>
Current command: <>
Current command: <>
Current command: <>
Current command: <>
Current command: <>
Current command: <>
Current command: <>
Current command: <>
Not Found Entity: table
Not Found Entity: table
Not Found Entity: table
Current command: <>
Current command: <>
Current command: <>
Not Found Entity: table
Not Found Entity: table
Not Found Entity: table
Not Found Entity: table
Not Found Entity: table
Not Found Entity: table
Not Found Entity: table
Not Found Entity: table
Not Found Entity: table
Not Found Entity: table
Not Found Entity: table
Not Found Entity: table
Not Found Entity: table
Not Found Entity: table
Not Found Entity: table
Current command: <>
Current command: <>
Current command: <>
Not Found Entity: table
Not Found Entity: table
Not Found Entity: table
Current command: <>
Current command: <>
Current command: <>
Not Found Entity: countertop
Not Found Entity: countertop
Not Found Entity: countertop
Not Found Entity: fruit
Not Found Entity: fruit
Not Found Entity: fruit
Not Found Entity: table
Not Found Entity: table
Not Found Entity: table
Not Found Entity: table
Not Found Entity: table
Not Found Entity: table
Not Found Entity: table
Not Found Entity: table
Not Found Entity: table
Current command: <>
Current command: <>
Current command: <>
Not Found Entity: table
Not Found Entity: table
Not Found Entity: table
Not Found Entity: table
Not Found Entity: table
Not Found Entity: table
Not Found Entity: drawer
Not Found Entity: drawer
Not Found Entity: drawer
Not Found Entity: table
Not Found Entity: table
Not Found Entity: table
Not Found Entity: table
Not Found Entity: table
Not Found Entity: table
Not Found Entity: table
Not Found Entity: table
Not Found Entity: table
Not Found Entity: table
Not Found Entity: table
Not Found Entity: table
Not Found Entity: table
Not Found Entity: table
Not Found Entity: table
Not Found Entity: table
Not Found Entity: table
Not Found Entity: table
Not Found Entity: table
Not Found Entity: table
Not Found Entity: table
Not Found Entity: table
Not Found Entity: table
Not Found Entity: table
Not Found Entity: missing_fruit
Not Found Entity: missing_fruit
Not Found Entity: missing_fruit
Current command: <>
Current command: <>
Current command: <>
Not Found Entity: table
Not Found Entity: table
Not Found Entity: table
Not Found Entity: table
Not Found Entity: table
Not Found Entity: table
Not Found Entity: table
Not Found Entity: table
Not Found Entity: table
Not Found Entity: missing_fruit
Not Found Entity: missing_fruit
Not Found Entity: missing_fruit
Not Found Entity: table
Not Found Entity: table
Not Found Entity: table
Not Found Entity: table
Not Found Entity: table
Not Found Entity: table
Not Found Entity: fruit
Not Found Entity: fruit
Not Found Entity: fruit
Not Found Entity: kitchen_island
Not Found Entity: kitchen_island
Not Found Entity: kitchen_island
Current command: <>
Current command: <>
Current command: <>
Current command: <>
Current command: <>
Current command: <>
Current command: <>
Current command: <>
Current command: <>
Not Found Entity: kitchen_island
Not Found Entity: kitchen_island
Not Found Entity: kitchen_island
Current command: <>
Current command: <>
Current command: <>
Current command: <>
Current command: <>
Current command: <>
Current command: <>
Current command: <>
Current command: <>
Current command: <>
Current command: <>
Current command: <>
Current command: <>
Current command: <>
Current command: <>
Current command: <>
Current command: <>
Current command: <>
Not Found Entity: kitchen island
Not Found Entity: kitchen island
Not Found Entity: kitchen island
Not Found Entity: kitchen island
Not Found Entity: kitchen island
Not Found Entity: kitchen island
Current command: <>
Current command: <>
Current command: <>
Current command: <>
Current command: <>
Current command: <>
Not Found Entity: kitchen_island
Not Found Entity: kitchen_island
Not Found Entity: kitchen_island
Current command: <>
Current command: <>
Current command: <>
Current command: <>
Current command: <>
Current command: <>
Current command: <>
Current command: <>
Current command: <>
Not Found Entity: toaster_handle
Not Found Entity: toaster_handle
Not Found Entity: toaster_handle
72B ood_single_family  zero_shot       n= 924 rep=  32 tol=  32 off=  32 repro=True tolmis=0 arch=924/0 rawmis=0
Not Found Entity: knife_0
Not Found Entity: knife_0
Not Found Entity: knife_0
Not Found Entity: bread
Not Found Entity: cardboardbox_0
Not Found Entity: table
Not Found Entity: table
Not Found Entity: table
Not Found Entity: table
Not Found Entity: table
Not Found Entity: table
Not Found Entity: table
Not Found Entity: table
Not Found Entity: table
Not Found Entity: table
Not Found Entity: table
Not Found Entity: table
Not Found Entity: table
Not Found Entity: table
Not Found Entity: table
Not Found Entity: table
Not Found Entity: table
Not Found Entity: table
Not Found Entity: table
Not Found Entity: table
Not Found Entity: table
Not Found Entity: table
Not Found Entity: table
Not Found Entity: table
Not Found Entity: table
Not Found Entity: table
Not Found Entity: table
Not Found Entity: table
Not Found Entity: table
Not Found Entity: table
Not Found Entity: table
Not Found Entity: table
Not Found Entity: table
Not Found Entity: table
Not Found Entity: table
Not Found Entity: table
Not Found Entity: table
Not Found Entity: table
Not Found Entity: table
Not Found Entity: table
Not Found Entity: table
Not Found Entity: table
Not Found Entity: table
Not Found Entity: table
Not Found Entity: tomato_0
Not Found Entity: sink
Not Found Entity: kitchen island area
Not Found Entity: kitchen island area
Not Found Entity: plate_2
Not Found Entity: plate_2
Not Found Entity: plate_2
Not Found Entity: kitchen work area
Not Found Entity: kitchen work area
Not Found Entity: cabinet
Not Found Entity: kitchen work area
Not Found Entity: kitchen island area
Not Found Entity: cabinet
Not Found Entity: kitchen work area
Not Found Entity: kitchen work area
72B ood_single_family  trajectory_rag  n= 924 rep=  30 tol=  30 off=  19 repro=True tolmis=0 arch=924/0 rawmis=0
Not Found Entity: bread
Not Found Entity: cutting_board
Not Found Entity: cutting_board
Not Found Entity: cutting_board
Not Found Entity: cutting_board
Not Found Entity: cutting_board
Not Found Entity: away
Not Found Entity: away
Not Found Entity: away
Not Found Entity: board
Not Found Entity: cutting board
Not Found Entity: table
Not Found Entity: table
Not Found Entity: table
Not Found Entity: table
Not Found Entity: table
Not Found Entity: table
Not Found Entity: table
Not Found Entity: table
Not Found Entity: table
Not Found Entity: table
Not Found Entity: table
Not Found Entity: table
Not Found Entity: table
Not Found Entity: table
Not Found Entity: table
Not Found Entity: table
Not Found Entity: table
Not Found Entity: table
Not Found Entity: table
Not Found Entity: table
Not Found Entity: fruit
Not Found Entity: table
Not Found Entity: table
Not Found Entity: table
Not Found Entity: table
Not Found Entity: table
Not Found Entity: table
Not Found Entity: table
Not Found Entity: table
Not Found Entity: table
Not Found Entity: table
Not Found Entity: table
Not Found Entity: table
Not Found Entity: table
Not Found Entity: table
Not Found Entity: table
Not Found Entity: table
Not Found Entity: table
Not Found Entity: table
Not Found Entity: table
Not Found Entity: table
Not Found Entity: table
Not Found Entity: table
Not Found Entity: table
Not Found Entity: table
Not Found Entity: fruit
Not Found Entity: fruit
Not Found Entity: fruit
Not Found Entity: table
Not Found Entity: table
Not Found Entity: table
Not Found Entity: wait
Not Found Entity: wait
Not Found Entity: wait
Not Found Entity: kitchen_island
Not Found Entity: kitchen_island
Not Found Entity: kitchen_island
Not Found Entity: kitchen island area
Not Found Entity: kitchen_island
Not Found Entity: kitchen_island
Not Found Entity: kitchen_island
Not Found Entity: kitchen island
Not Found Entity: cabinet
Not Found Entity: cabinet
Not Found Entity: cabinet
Not Found Entity: cabinet
Not Found Entity: kitchen work area
Not Found Entity: kitchen work area
Not Found Entity: kitchen work area
Not Found Entity: kitchen work area
Not Found Entity: kitchen work area
Not Found Entity: kitchen work area
72B ood_single_family  g_memory        n= 924 rep= 192 tol= 192 off=  91 repro=True tolmis=0 arch=924/0 rawmis=0
Current command: <>
Current command: <>
Current command: <>
Current command: <>
Current command: <>
Current command: <>
Current command: <>
Current command: <>
Current command: <>
Current command: <>
Current command: <>
Current command: <>
Current command: <>
Current command: <>
Current command: <>
Current command: <>
Current command: <>
Current command: <>
Not Found Entity: bread
Not Found Entity: bread
Not Found Entity: bread
Not Found Entity: bread
Not Found Entity: bread
Not Found Entity: bread
Not Found Entity: wooden_cutting_board
Not Found Entity: wooden_cutting_board
Not Found Entity: wooden_cutting_board
Not Found Entity: cutting_board
Not Found Entity: cutting_board
Not Found Entity: cutting_board
Not Found Entity: cutting_board
Not Found Entity: cutting_board
Not Found Entity: cutting_board
Not Found Entity: cabinet
Not Found Entity: cabinet
Not Found Entity: cabinet
Not Found Entity: pear and bread
Not Found Entity: pear and bread
Not Found Entity: pear and bread
Not Found Entity: location
Not Found Entity: location
Not Found Entity: location
Not Found Entity: carving
Not Found Entity: carving
Not Found Entity: carving
Current command: <>
Current command: <>
Current command: <>
Not Found Entity: wooden_cutting_board
Not Found Entity: wooden_cutting_board
Not Found Entity: wooden_cutting_board
Not Found Entity: table
Not Found Entity: table
Not Found Entity: table
Not Found Entity: table
Not Found Entity: table
Not Found Entity: table
Not Found Entity: table
Not Found Entity: table
Not Found Entity: table
Not Found Entity: table
Not Found Entity: table
Not Found Entity: table
Not Found Entity: table
Not Found Entity: table
Not Found Entity: table
Not Found Entity: table
Not Found Entity: table
Not Found Entity: table
Not Found Entity: table
Not Found Entity: table
Not Found Entity: table
Not Found Entity: table
Not Found Entity: table
Not Found Entity: table
Not Found Entity: table
Not Found Entity: table
Not Found Entity: table
Not Found Entity: table
Not Found Entity: table
Not Found Entity: table
Not Found Entity: table
Not Found Entity: table
Not Found Entity: table
Not Found Entity: fruit
Not Found Entity: fruit
Not Found Entity: fruit
Not Found Entity: table
Not Found Entity: table
Not Found Entity: table
Not Found Entity: table
Not Found Entity: table
Not Found Entity: table
Not Found Entity: table
Not Found Entity: table
Not Found Entity: table
Not Found Entity: table
Not Found Entity: table
Not Found Entity: table
Not Found Entity: table
Not Found Entity: table
Not Found Entity: table
Not Found Entity: table
Not Found Entity: table
Not Found Entity: table
Not Found Entity: table
Not Found Entity: table
Not Found Entity: table
Not Found Entity: table
Not Found Entity: table
Not Found Entity: table
Not Found Entity: table
Not Found Entity: table
Not Found Entity: table
Not Found Entity: table
Not Found Entity: table
Not Found Entity: table
Not Found Entity: table
Not Found Entity: table
Not Found Entity: table
Not Found Entity: table
Not Found Entity: table
Not Found Entity: table
Not Found Entity: table
Not Found Entity: table
Not Found Entity: table
Not Found Entity: table
Not Found Entity: table
Not Found Entity: table
Not Found Entity: table
Not Found Entity: table
Not Found Entity: table
Not Found Entity: table
Not Found Entity: table
Not Found Entity: table
Not Found Entity: table
Not Found Entity: table
Not Found Entity: table
Not Found Entity: fruit
Not Found Entity: fruit
Not Found Entity: fruit
Not Found Entity: table
Not Found Entity: table
Not Found Entity: table
Not Found Entity: table
Not Found Entity: table
Not Found Entity: table
Not Found Entity: table
Not Found Entity: table
Not Found Entity: table
Not Found Entity: table
Not Found Entity: table
Not Found Entity: table
Not Found Entity: fruits
Not Found Entity: fruits
Not Found Entity: fruits
Current command: <>
Current command: <>
Current command: <>
Not Found Entity: kitchen island area
Not Found Entity: kitchen island area
Not Found Entity: kitchen island area
Not Found Entity: kitchen work area
Not Found Entity: kitchen work area
Not Found Entity: kitchen work area
Current command: <>
Current command: <>
Current command: <>
Current command: <>
Current command: <>
Current command: <>
Current command: <>
Current command: <>
Current command: <>
Current command: <>
Current command: <>
Current command: <>
Not Found Entity: kitchen island area
Not Found Entity: kitchen island area
Not Found Entity: kitchen island area
Not Found Entity: kitchen island area
Not Found Entity: kitchen island area
Not Found Entity: kitchen island area
Current command: <>
Current command: <>
Current command: <>
Current command: <>
Current command: <>
Current command: <>
Not Found Entity: wooden cutting board
Not Found Entity: wooden cutting board
Not Found Entity: wooden cutting board
Current command: <>
Current command: <>
Current command: <>
Current command: <>
Current command: <>
Current command: <>
Current command: <>
Current command: <>
Current command: <>
Current command: <>
Current command: <>
Current command: <>
Not Found Entity: kitchen work area
Not Found Entity: kitchen work area
Not Found Entity: kitchen work area
Not Found Entity: kitchen island area
Not Found Entity: kitchen island area
Not Found Entity: kitchen island area
Not Found Entity: kitchen work area
Not Found Entity: kitchen work area
Not Found Entity: kitchen work area
Current command: <>
Current command: <>
Current command: <>
Not Found Entity: kitchen island area
Not Found Entity: kitchen island area
Not Found Entity: kitchen island area
Not Found Entity: kitchen work area
Not Found Entity: kitchen work area
Not Found Entity: kitchen work area
Not Found Entity: kitchen work area
Not Found Entity: kitchen work area
Not Found Entity: kitchen work area
Not Found Entity: kitchen work area
Not Found Entity: kitchen work area
Not Found Entity: kitchen work area
Not Found Entity: kitchen work area
Not Found Entity: kitchen work area
Not Found Entity: kitchen work area
Current command: <>
Current command: <>
Current command: <>
Not Found Entity: kitchen work area
Not Found Entity: kitchen work area
Not Found Entity: kitchen work area
Current command: <>
Current command: <>
Current command: <>
Not Found Entity: kitchen island
Not Found Entity: kitchen island
Not Found Entity: kitchen island
72B ood_single_family  memento_style   n= 924 rep=  58 tol=  58 off=  58 repro=True tolmis=0 arch=0/0 rawmis=0
72B pure_text          ours            n= 297 rep= 256 tol= 256 off= 256 repro=True tolmis=0 arch=0/0 rawmis=0
Current command: <>
Current command: <>
Current command: <>
Current command: <>
Current command: <>
Current command: <>
Current command: <>
Current command: <>
Current command: <>
Current command: <>
Current command: <>
Current command: <>
Not Found Entity: nothing
Not Found Entity: nothing
Not Found Entity: nothing
Current command: <>
Current command: <>
Current command: <>
Current command: <>
Current command: <>
Current command: <>
Current command: <>
Current command: <>
Current command: <>
Current command: <>
Current command: <>
Current command: <>
Current command: <>
Current command: <>
Current command: <>
Current command: <>
Current command: <>
Current command: <>
72B pure_text          tom             n= 297 rep=   1 tol=   1 off=   1 repro=True tolmis=0 arch=297/0 rawmis=0
Current command: <>
Current command: <>
Current command: <>
Current command: <>
Current command: <>
Current command: <>
Current command: <>
Current command: <>
Current command: <>
Current command: <>
Current command: <>
Current command: <>
Current command: <>
Current command: <>
Current command: <>
Current command: <>
Current command: <>
Current command: <>
Current command: <>
Current command: <>
Current command: <>
Current command: <>
Current command: <>
Current command: <>
Current command: <>
Current command: <>
Current command: <>
Current command: <>
Current command: <>
Current command: <>
Current command: <>
Current command: <>
Current command: <>
Current command: <>
Current command: <>
Current command: <>
Current command: <>
Current command: <>
Current command: <>
Current command: <>
Current command: <>
Current command: <>
Current command: <>
Current command: <>
Current command: <>
Current command: <>
Current command: <>
Current command: <>
Not Found Entity: apple and banana
Not Found Entity: apple and banana
Not Found Entity: apple and banana
Current command: <>
Current command: <>
Current command: <>
Current command: <>
Current command: <>
Current command: <>
Current command: <>
Current command: <>
Current command: <>
Current command: <>
Current command: <>
Current command: <>
72B pure_text          zero_shot       n= 297 rep=   1 tol=   1 off=   1 repro=True tolmis=0 arch=297/0 rawmis=0
Not Found Entity: pear_0
Not Found Entity: pear_0
Not Found Entity: pear_0
Not Found Entity: banana
Not Found Entity: banana
Not Found Entity: banana
Not Found Entity: pear_0
Not Found Entity: pear_0
Not Found Entity: pear_0
Not Found Entity: pear_0
Not Found Entity: pear_0
Not Found Entity: pear_0
72B pure_text          trajectory_rag  n= 297 rep=   0 tol=   0 off=   0 repro=True tolmis=0 arch=297/0 rawmis=0
Not Found Entity: pear and banana
Not Found Entity: pear on wooden cutting board
Current command: <>
Current command: <>
Current command: <>
Not Found Entity: apple and banana
Current command: <>
Current command: <>
Current command: <>
Not Found Entity: apple on wooden cutting board
Not Found Entity: peach and banana
72B pure_text          g_memory        n= 297 rep=  10 tol=  10 off=   0 repro=True tolmis=0 arch=297/0 rawmis=0
Not Found Entity: kitchen island area
Not Found Entity: kitchen island area
Not Found Entity: kitchen island area
Not Found Entity: kitchen island area
Not Found Entity: kitchen island area
Not Found Entity: kitchen island area
Not Found Entity: kitchen island area
Not Found Entity: kitchen island area
Not Found Entity: kitchen island area
Not Found Entity: kitchen work area
Not Found Entity: kitchen work area
Not Found Entity: kitchen work area
Not Found Entity: tomato
Not Found Entity: tomato
Not Found Entity: tomato
Not Found Entity: kitchen work area
Not Found Entity: kitchen work area
Not Found Entity: kitchen work area
Not Found Entity: kitchen island area
Not Found Entity: kitchen island area
Not Found Entity: kitchen island area
Not Found Entity: kitchen island area
Not Found Entity: kitchen island area
Not Found Entity: kitchen island area
Not Found Entity: tomato
Not Found Entity: tomato
Not Found Entity: tomato
Current command: <>
Current command: <>
Current command: <>
Not Found Entity: kitchen work area
Not Found Entity: kitchen work area
Not Found Entity: kitchen work area
Not Found Entity: kitchen work area
Not Found Entity: kitchen work area
Not Found Entity: kitchen work area
Not Found Entity: kitchen work area
Not Found Entity: kitchen work area
Not Found Entity: kitchen work area
Not Found Entity: kitchen island area
Not Found Entity: kitchen island area
Not Found Entity: kitchen island area
Not Found Entity: kitchen work area
Not Found Entity: kitchen work area
Not Found Entity: kitchen work area
Not Found Entity: kitchen island area
Not Found Entity: kitchen island area
Not Found Entity: kitchen island area
Not Found Entity: tomato
Not Found Entity: tomato
Not Found Entity: tomato
Not Found Entity: kitchen island area
Not Found Entity: kitchen island area
Not Found Entity: kitchen island area
Not Found Entity: kitchen island area
Not Found Entity: kitchen island area
Not Found Entity: kitchen island area
72B pure_text          memento_style   n= 297 rep=  30 tol=  30 off=  30 repro=True tolmis=0 arch=0/0 rawmis=0
72B cg_image           ours            n= 297 rep= 237 tol= 237 off= 237 repro=True tolmis=0 arch=0/0 rawmis=0
Not Found Entity: cutting_board
Not Found Entity: cutting_board
Not Found Entity: cutting_board
Not Found Entity: cutting_board
Not Found Entity: cutting_board
Not Found Entity: cutting_board
Not Found Entity: cutting_board
Not Found Entity: cutting_board
Not Found Entity: cutting_board
Not Found Entity: cutting_board
Not Found Entity: cutting_board
Not Found Entity: cutting_board
Current command: <>
Current command: <>
Current command: <>
Not Found Entity: cutting_board
Not Found Entity: cutting_board
Not Found Entity: cutting_board
Not Found Entity: kitchen island
Not Found Entity: kitchen island
Not Found Entity: kitchen island
Current command: <>
Current command: <>
Current command: <>
Not Found Entity: cutting_board
Not Found Entity: cutting_board
Not Found Entity: cutting_board
Not Found Entity: cutting_board
Not Found Entity: cutting_board
Not Found Entity: cutting_board
Not Found Entity: cutting_board
Not Found Entity: cutting_board
Not Found Entity: cutting_board
Not Found Entity: cutting_board
Not Found Entity: cutting_board
Not Found Entity: cutting_board
Current command: <>
Current command: <>
Current command: <>
Not Found Entity: cutting_board
Not Found Entity: cutting_board
Not Found Entity: cutting_board
Not Found Entity: cutting_board
Not Found Entity: cutting_board
Not Found Entity: cutting_board
Current command: <>
Current command: <>
Current command: <>
Current command: <>
Current command: <>
Current command: <>
Not Found Entity: cutting_board
Not Found Entity: cutting_board
Not Found Entity: cutting_board
Not Found Entity: apple and banana
Not Found Entity: apple and banana
Not Found Entity: apple and banana
Not Found Entity: cutting_board
Not Found Entity: cutting_board
Not Found Entity: cutting_board
Current command: <>
Current command: <>
Current command: <>
Not Found Entity: cutting_board
Not Found Entity: cutting_board
Not Found Entity: cutting_board
Current command: <>
Current command: <>
Current command: <>
72B cg_image           tom             n= 297 rep=   0 tol=   0 off=   0 repro=True tolmis=0 arch=297/0 rawmis=0
Not Found Entity: wooden_cutting_board
Not Found Entity: wooden_cutting_board
Not Found Entity: wooden_cutting_board
Not Found Entity: work_area
Not Found Entity: work_area
Not Found Entity: work_area
Not Found Entity: wooden_cutting_board
Not Found Entity: wooden_cutting_board
Not Found Entity: wooden_cutting_board
Not Found Entity: cutting_board
Not Found Entity: cutting_board
Not Found Entity: cutting_board
Not Found Entity: cutting_board
Not Found Entity: cutting_board
Not Found Entity: cutting_board
Current command: <>
Current command: <>
Current command: <>
Not Found Entity: wooden_cutting_board
Not Found Entity: wooden_cutting_board
Not Found Entity: wooden_cutting_board
Current command: <>
Current command: <>
Current command: <>
Not Found Entity: wooden_cutting_board
Not Found Entity: wooden_cutting_board
Not Found Entity: wooden_cutting_board
Not Found Entity: cooling_fan
Not Found Entity: cooling_fan
Not Found Entity: cooling_fan
Current command: <>
Current command: <>
Current command: <>
Current command: <>
Current command: <>
Current command: <>
Current command: <>
Current command: <>
Current command: <>
Not Found Entity: cutting_board
Not Found Entity: cutting_board
Not Found Entity: cutting_board
Current command: <>
Current command: <>
Current command: <>
Not Found Entity: cutting_board
Not Found Entity: cutting_board
Not Found Entity: cutting_board
Current command: <>
Current command: <>
Current command: <>
Not Found Entity: cutting_board
Not Found Entity: cutting_board
Not Found Entity: cutting_board
Not Found Entity: wooden_cutting_board
Not Found Entity: wooden_cutting_board
Not Found Entity: wooden_cutting_board
Current command: <>
Current command: <>
Current command: <>
Not Found Entity: cutting_board
Not Found Entity: cutting_board
Not Found Entity: cutting_board
Current command: <>
Current command: <>
Current command: <>
Not Found Entity: cooling_fan
Not Found Entity: cooling_fan
Not Found Entity: cooling_fan
Not Found Entity: wooden_cutting_board
Not Found Entity: wooden_cutting_board
Not Found Entity: wooden_cutting_board
Not Found Entity: wooden_cutting_board
Not Found Entity: wooden_cutting_board
Not Found Entity: wooden_cutting_board
Current command: <>
Current command: <>
Current command: <>
Not Found Entity: wooden_cutting_board
Not Found Entity: wooden_cutting_board
Not Found Entity: wooden_cutting_board
Not Found Entity: wooden_cutting_board
Not Found Entity: wooden_cutting_board
Not Found Entity: wooden_cutting_board
Not Found Entity: cutting_board
Not Found Entity: cutting_board
Not Found Entity: cutting_board
Current command: <>
Current command: <>
Current command: <>
72B cg_image           zero_shot       n= 297 rep=   0 tol=   0 off=   0 repro=True tolmis=0 arch=297/0 rawmis=0
72B cg_image           trajectory_rag  n= 297 rep=   2 tol=   2 off=   0 repro=True tolmis=0 arch=297/0 rawmis=0
Not Found Entity: kitchen island
Not Found Entity: cutting board
Not Found Entity: kitchen island
Not Found Entity: cardboard box
Not Found Entity: cutting board
Not Found Entity: cutting board
Not Found Entity: cutting board
Not Found Entity: kitchen island
Not Found Entity: kitchen work area
Not Found Entity: cardboard box
72B cg_image           g_memory        n= 297 rep=  14 tol=  14 off=   0 repro=True tolmis=0 arch=297/0 rawmis=0
Not Found Entity: kitchen work area
Not Found Entity: kitchen work area
Not Found Entity: kitchen work area
Not Found Entity: kitchen work area
Not Found Entity: kitchen work area
Not Found Entity: kitchen work area
Not Found Entity: kitchen island area
Not Found Entity: kitchen island area
Not Found Entity: kitchen island area
Not Found Entity: kitchen island area
Not Found Entity: kitchen island area
Not Found Entity: kitchen island area
Not Found Entity: wooden_cutting_board
Not Found Entity: wooden_cutting_board
Not Found Entity: wooden_cutting_board
Not Found Entity: cardboard box
Not Found Entity: cardboard box
Not Found Entity: cardboard box
Not Found Entity: tomato
Not Found Entity: tomato
Not Found Entity: tomato
Not Found Entity: kitchen work area
Not Found Entity: kitchen work area
Not Found Entity: kitchen work area
Not Found Entity: kitchen work area
Not Found Entity: kitchen work area
Not Found Entity: kitchen work area
Not Found Entity: tomato
Not Found Entity: tomato
Not Found Entity: tomato
Not Found Entity: kitchen island area
Not Found Entity: kitchen island area
Not Found Entity: kitchen island area
Not Found Entity: kitchen_island
Not Found Entity: kitchen_island
Not Found Entity: kitchen_island
Not Found Entity: peach and banana
Not Found Entity: peach and banana
Not Found Entity: peach and banana
Not Found Entity: kitchen island area
Not Found Entity: kitchen island area
Not Found Entity: kitchen island area
Not Found Entity: kitchen island area
Not Found Entity: kitchen island area
Not Found Entity: kitchen island area
Not Found Entity: kitchen island area
Not Found Entity: kitchen island area
Not Found Entity: kitchen island area
Not Found Entity: kitchen island area
Not Found Entity: kitchen island area
Not Found Entity: kitchen island area
Not Found Entity: tomato
Not Found Entity: tomato
Not Found Entity: tomato
Not Found Entity: cardboard box
Not Found Entity: cardboard box
Not Found Entity: cardboard box
72B cg_image           memento_style   n= 297 rep=   5 tol=   5 off=   5 repro=True tolmis=0 arch=0/0 rawmis=0
30B id                 ours            n= 924 rep= 530 tol= 530 off= 530 repro=True tolmis=0 arch=0/0 rawmis=0
Not Found Entity: table
Not Found Entity: table
Not Found Entity: table
Not Found Entity: cutting_board
Not Found Entity: cutting_board
Not Found Entity: cutting_board
Not Found Entity: cutting_board
Not Found Entity: cutting_board
Not Found Entity: cutting_board
Not Found Entity: table
Not Found Entity: table
Not Found Entity: table
Not Found Entity: table
Not Found Entity: table
Not Found Entity: table
Not Found Entity: table
Not Found Entity: table
Not Found Entity: table
Not Found Entity: table
Not Found Entity: table
Not Found Entity: table
Not Found Entity: table
Not Found Entity: table
Not Found Entity: table
Not Found Entity: table
Not Found Entity: table
Not Found Entity: table
Not Found Entity: cutting_board
Not Found Entity: cutting_board
Not Found Entity: cutting_board
Not Found Entity: table
Not Found Entity: table
Not Found Entity: table
Not Found Entity: table
Not Found Entity: table
Not Found Entity: table
Not Found Entity: cutting_board
Not Found Entity: cutting_board
Not Found Entity: cutting_board
Not Found Entity: table
Not Found Entity: table
Not Found Entity: table
Not Found Entity: table
Not Found Entity: table
Not Found Entity: table
Not Found Entity: table
Not Found Entity: table
Not Found Entity: table
Not Found Entity: table
Not Found Entity: table
Not Found Entity: table
Not Found Entity: table
Not Found Entity: table
Not Found Entity: table
Not Found Entity: table
Not Found Entity: table
Not Found Entity: table
Not Found Entity: table
Not Found Entity: table
Not Found Entity: table
Not Found Entity: table
Not Found Entity: table
Not Found Entity: table
Not Found Entity: table
Not Found Entity: table
Not Found Entity: table
Not Found Entity: table
Not Found Entity: table
Not Found Entity: table
Not Found Entity: table
Not Found Entity: table
Not Found Entity: table
Not Found Entity: table
Not Found Entity: table
Not Found Entity: table
Not Found Entity: cutting_board
Not Found Entity: cutting_board
Not Found Entity: cutting_board
Not Found Entity: table
Not Found Entity: table
Not Found Entity: table
Not Found Entity: table
Not Found Entity: table
Not Found Entity: table
Not Found Entity: table
Not Found Entity: table
Not Found Entity: table
Not Found Entity: table
Not Found Entity: table
Not Found Entity: table
Not Found Entity: table
Not Found Entity: table
Not Found Entity: table
Not Found Entity: table
Not Found Entity: table
Not Found Entity: table
Not Found Entity: table
Not Found Entity: table
Not Found Entity: table
Not Found Entity: table
Not Found Entity: table
Not Found Entity: table
Not Found Entity: cutting_board
Not Found Entity: cutting_board
Not Found Entity: cutting_board
Not Found Entity: table
Not Found Entity: table
Not Found Entity: table
Not Found Entity: cutting_board
Not Found Entity: cutting_board
Not Found Entity: cutting_board
Not Found Entity: table
Not Found Entity: table
Not Found Entity: table
Not Found Entity: cutting_board
Not Found Entity: cutting_board
Not Found Entity: cutting_board
Not Found Entity: table
Not Found Entity: table
Not Found Entity: table
Not Found Entity: table
Not Found Entity: table
Not Found Entity: table
Not Found Entity: table
Not Found Entity: table
Not Found Entity: table
Not Found Entity: table
Not Found Entity: table
Not Found Entity: table
Not Found Entity: cutting_board
Not Found Entity: cutting_board
Not Found Entity: cutting_board
Not Found Entity: cutting_board
Not Found Entity: cutting_board
Not Found Entity: cutting_board
30B id                 tom             n= 924 rep=   2 tol=   2 off=   2 repro=True tolmis=0 arch=924/0 rawmis=0
Not Found Entity: table
Not Found Entity: table
Not Found Entity: table
Not Found Entity: table
Not Found Entity: table
Not Found Entity: table
Not Found Entity: table
Not Found Entity: table
Not Found Entity: table
Not Found Entity: table
Not Found Entity: table
Not Found Entity: table
Not Found Entity: table
Not Found Entity: table
Not Found Entity: table
Not Found Entity: cutting board
Not Found Entity: cutting board
Not Found Entity: cutting board
Not Found Entity: table
Not Found Entity: table
Not Found Entity: table
Not Found Entity: table
Not Found Entity: table
Not Found Entity: table
Not Found Entity: table
Not Found Entity: table
Not Found Entity: table
Not Found Entity: table
Not Found Entity: table
Not Found Entity: table
Not Found Entity: cutting board
Not Found Entity: cutting board
Not Found Entity: cutting board
Not Found Entity: table
Not Found Entity: table
Not Found Entity: table
Not Found Entity: cutting board
Not Found Entity: cutting board
Not Found Entity: cutting board
Not Found Entity: table
Not Found Entity: table
Not Found Entity: table
Not Found Entity: cutting board
Not Found Entity: cutting board
Not Found Entity: cutting board
Not Found Entity: table
Not Found Entity: table
Not Found Entity: table
Not Found Entity: cutting board
Not Found Entity: cutting board
Not Found Entity: cutting board
Not Found Entity: table
Not Found Entity: table
Not Found Entity: table
Not Found Entity: table
Not Found Entity: table
Not Found Entity: table
Not Found Entity: cutting_board
Not Found Entity: cutting_board
Not Found Entity: cutting_board
Not Found Entity: table
Not Found Entity: table
Not Found Entity: table
Not Found Entity: cutting board
Not Found Entity: cutting board
Not Found Entity: cutting board
Not Found Entity: counter
Not Found Entity: counter
Not Found Entity: counter
Not Found Entity: cutting board
Not Found Entity: cutting board
Not Found Entity: cutting board
Not Found Entity: table
Not Found Entity: table
Not Found Entity: table
Not Found Entity: table
Not Found Entity: table
Not Found Entity: table
Not Found Entity: table
Not Found Entity: table
Not Found Entity: table
Not Found Entity: cutting board
Not Found Entity: cutting board
Not Found Entity: cutting board
Not Found Entity: fruit
Not Found Entity: fruit
Not Found Entity: fruit
Not Found Entity: table
Not Found Entity: table
Not Found Entity: table
Not Found Entity: cutting board
Not Found Entity: cutting board
Not Found Entity: cutting board
Not Found Entity: table
Not Found Entity: table
Not Found Entity: table
Not Found Entity: table
Not Found Entity: table
Not Found Entity: table
Not Found Entity: table
Not Found Entity: table
Not Found Entity: table
Not Found Entity: table
Not Found Entity: table
Not Found Entity: table
30B id                 zero_shot       n= 924 rep=   4 tol=   4 off=   4 repro=True tolmis=0 arch=924/0 rawmis=0
Not Found Entity: table
Not Found Entity: table
Not Found Entity: table
Not Found Entity: kitchen work area
Not Found Entity: kitchen work area
Not Found Entity: kitchen work area
Not Found Entity: knife_0
Not Found Entity: knife_0
Not Found Entity: knife_0
Not Found Entity: bread_0
Not Found Entity: bread_0
Not Found Entity: bread_0
Not Found Entity: plate_0
Not Found Entity: plate_0
Not Found Entity: plate_0
Not Found Entity: kitchen island area
Not Found Entity: kitchen island area
Not Found Entity: kitchen island area
Not Found Entity: fork_0
Not Found Entity: fork_0
Not Found Entity: fork_0
Not Found Entity: bread_0
Not Found Entity: bread_0
Not Found Entity: bread_0
Not Found Entity: table
Not Found Entity: table
Not Found Entity: table
Not Found Entity: kitchen work area
Not Found Entity: kitchen work area
Not Found Entity: kitchen work area
Not Found Entity: toaster_1
Not Found Entity: toaster_1
Not Found Entity: toaster_1
Not Found Entity: kitchen island area
Not Found Entity: kitchen island area
Not Found Entity: kitchen island area
Not Found Entity: table
Not Found Entity: table
Not Found Entity: table
Not Found Entity: table
Not Found Entity: table
Not Found Entity: table
Not Found Entity: kitchen work area
Not Found Entity: kitchen work area
Not Found Entity: kitchen work area
Not Found Entity: table
Not Found Entity: table
Not Found Entity: table
Not Found Entity: kitchen island area
Not Found Entity: kitchen island area
Not Found Entity: kitchen island area
Not Found Entity: table
Not Found Entity: table
Not Found Entity: table
Not Found Entity: kitchen island area
Not Found Entity: kitchen island area
Not Found Entity: kitchen island area
Not Found Entity: toaster_1
Not Found Entity: toaster_1
Not Found Entity: toaster_1
Not Found Entity: bowl_0
Not Found Entity: bowl_0
Not Found Entity: bowl_0
Not Found Entity: bowl_0
Not Found Entity: bowl_0
Not Found Entity: bowl_0
Not Found Entity: kitchen work area
Not Found Entity: kitchen work area
Not Found Entity: kitchen work area
Not Found Entity: table
Not Found Entity: table
Not Found Entity: table
Not Found Entity: table
Not Found Entity: table
Not Found Entity: table
Not Found Entity: wooden cutting board_2
Not Found Entity: wooden cutting board_2
Not Found Entity: wooden cutting board_2
Not Found Entity: kitchen work area
Not Found Entity: kitchen work area
Not Found Entity: kitchen work area
Not Found Entity: table
Not Found Entity: table
Not Found Entity: table
Not Found Entity: table
Not Found Entity: table
Not Found Entity: table
Not Found Entity: wooden cutting board_2
Not Found Entity: wooden cutting board_2
Not Found Entity: wooden cutting board_2
Not Found Entity: table
Not Found Entity: table
Not Found Entity: table
Not Found Entity: kitchen work area
Not Found Entity: kitchen work area
Not Found Entity: kitchen work area
Not Found Entity: kitchen island area
Not Found Entity: kitchen island area
Not Found Entity: kitchen island area
Not Found Entity: cabinet_2
Not Found Entity: cabinet_2
Not Found Entity: cabinet_2
Not Found Entity: table
Not Found Entity: table
Not Found Entity: table
Not Found Entity: bread_0
Not Found Entity: bread_0
Not Found Entity: bread_0
Not Found Entity: kitchen island area
Not Found Entity: kitchen island area
Not Found Entity: kitchen island area
Not Found Entity: table
Not Found Entity: table
Not Found Entity: table
Not Found Entity: kitchen work area
Not Found Entity: kitchen work area
Not Found Entity: kitchen work area
Not Found Entity: table
Not Found Entity: table
Not Found Entity: table
Not Found Entity: kitchen island area
Not Found Entity: kitchen island area
Not Found Entity: kitchen island area
Not Found Entity: bread_0
Not Found Entity: bread_0
Not Found Entity: bread_0
Not Found Entity: plate_0
Not Found Entity: plate_0
Not Found Entity: plate_0
Not Found Entity: cabinet_2
Not Found Entity: cabinet_2
Not Found Entity: cabinet_2
Not Found Entity: kitchen island area
Not Found Entity: kitchen island area
Not Found Entity: kitchen island area
Not Found Entity: bread_0
Not Found Entity: bread_0
Not Found Entity: bread_0
30B id                 trajectory_rag  n= 924 rep=  76 tol=  76 off=  76 repro=True tolmis=0 arch=924/0 rawmis=0
Current command: <>
Current command: <>
Current command: <>
Not Found Entity: table
Not Found Entity: table
Not Found Entity: table
Not Found Entity: table
Not Found Entity: table
Not Found Entity: table
Not Found Entity: table
Not Found Entity: table
Not Found Entity: table
Not Found Entity: table
Not Found Entity: table
Not Found Entity: table
Not Found Entity: table
Not Found Entity: table
Not Found Entity: table
Not Found Entity: table
Not Found Entity: table
Not Found Entity: table
Not Found Entity: table
Not Found Entity: fruit
Not Found Entity: fruit
Not Found Entity: fruit
Not Found Entity: table
Not Found Entity: table
Not Found Entity: table
Not Found Entity: table
Not Found Entity: table
Not Found Entity: table
Not Found Entity: kitchen island area
Not Found Entity: kitchen island area
Not Found Entity: kitchen island area
Not Found Entity: table
Not Found Entity: table
Not Found Entity: table
Not Found Entity: table
Not Found Entity: table
Not Found Entity: table
Not Found Entity: table
Not Found Entity: table
Not Found Entity: table
Not Found Entity: table
Not Found Entity: table
Not Found Entity: table
Not Found Entity: table
Not Found Entity: table
Not Found Entity: table
Not Found Entity: table
Not Found Entity: table
Not Found Entity: table
Not Found Entity: table
Not Found Entity: table
Not Found Entity: table
Not Found Entity: table
Not Found Entity: table
Not Found Entity: table
Not Found Entity: table
Not Found Entity: table
Not Found Entity: table
Not Found Entity: table
Not Found Entity: table
Not Found Entity: table
Not Found Entity: table
Not Found Entity: table
Not Found Entity: table
Not Found Entity: table
Not Found Entity: table
Not Found Entity: table
Not Found Entity: table
Not Found Entity: table
Not Found Entity: table
Not Found Entity: table
Not Found Entity: table
Not Found Entity: table
Not Found Entity: table
Not Found Entity: table
Not Found Entity: table
Not Found Entity: table
Not Found Entity: table
Not Found Entity: table
Not Found Entity: table
Not Found Entity: table
Not Found Entity: table
Not Found Entity: table
Not Found Entity: table
Not Found Entity: table
Not Found Entity: table
Not Found Entity: table
Not Found Entity: table
Not Found Entity: table
Not Found Entity: table
Not Found Entity: table
Not Found Entity: table
Not Found Entity: table
Not Found Entity: table
Not Found Entity: table
Not Found Entity: table
Not Found Entity: table
Not Found Entity: table
Not Found Entity: table
Not Found Entity: table
Not Found Entity: table
Not Found Entity: table
Not Found Entity: table
Not Found Entity: table
Not Found Entity: table
Not Found Entity: table
Not Found Entity: table
Not Found Entity: table
Not Found Entity: table
Not Found Entity: kitchen work area
Not Found Entity: kitchen work area
Not Found Entity: kitchen work area
Not Found Entity: table
Not Found Entity: table
Not Found Entity: table
Not Found Entity: table
Not Found Entity: table
Not Found Entity: table
Not Found Entity: table
Not Found Entity: table
Not Found Entity: table
Not Found Entity: table
Not Found Entity: table
Not Found Entity: table
Not Found Entity: table
Not Found Entity: table
Not Found Entity: table
Not Found Entity: table
Not Found Entity: table
Not Found Entity: table
Not Found Entity: table
Not Found Entity: table
Not Found Entity: table
30B id                 g_memory        n= 924 rep= 141 tol= 141 off= 108 repro=True tolmis=0 arch=924/0 rawmis=0
Current command: <>
Current command: <>
Current command: <>
Not Found Entity: kitchen island area
Not Found Entity: kitchen island area
Not Found Entity: kitchen island area
Not Found Entity: kitchen work area
Not Found Entity: kitchen work area
Not Found Entity: kitchen work area
Not Found Entity: cutting board
Not Found Entity: cutting board
Not Found Entity: cutting board
Not Found Entity: kitchen work area
Not Found Entity: kitchen work area
Not Found Entity: kitchen work area
Not Found Entity: kitchen work area
Not Found Entity: kitchen work area
Not Found Entity: kitchen work area
Not Found Entity: cutting board
Not Found Entity: cutting board
Not Found Entity: cutting board
Not Found Entity: table
Not Found Entity: table
Not Found Entity: table
Not Found Entity: kitchen work area
Not Found Entity: kitchen work area
Not Found Entity: kitchen work area
Not Found Entity: table
Not Found Entity: table
Not Found Entity: table
Not Found Entity: table
Not Found Entity: table
Not Found Entity: table
Not Found Entity: table
Not Found Entity: table
Not Found Entity: table
Not Found Entity: table
Not Found Entity: table
Not Found Entity: table
Current command: <>
Current command: <>
Current command: <>
Not Found Entity: kitchen island
Not Found Entity: kitchen island
Not Found Entity: kitchen island
Not Found Entity: table
Not Found Entity: table
Not Found Entity: table
Not Found Entity: table
Not Found Entity: table
Not Found Entity: table
Not Found Entity: table
Not Found Entity: table
Not Found Entity: table
Not Found Entity: kitchen island area
Not Found Entity: kitchen island area
Not Found Entity: kitchen island area
Not Found Entity: table
Not Found Entity: table
Not Found Entity: table
Not Found Entity: table
Not Found Entity: table
Not Found Entity: table
Not Found Entity: cabinet
Not Found Entity: cabinet
Not Found Entity: cabinet
Not Found Entity: kitchen work area
Not Found Entity: kitchen work area
Not Found Entity: kitchen work area
Not Found Entity: table
Not Found Entity: table
Not Found Entity: table
Not Found Entity: table
Not Found Entity: table
Not Found Entity: table
Not Found Entity: kitchen work area
Not Found Entity: kitchen work area
Not Found Entity: kitchen work area
Not Found Entity: kitchen work area
Not Found Entity: kitchen work area
Not Found Entity: kitchen work area
Not Found Entity: table
Not Found Entity: table
Not Found Entity: table
Not Found Entity: kitchen work area
Not Found Entity: kitchen work area
Not Found Entity: kitchen work area
Not Found Entity: cabinet
Not Found Entity: cabinet
Not Found Entity: cabinet
Not Found Entity: cutting board
Not Found Entity: cutting board
Not Found Entity: cutting board
Not Found Entity: kitchen work area
Not Found Entity: kitchen work area
Not Found Entity: kitchen work area
Not Found Entity: kitchen island area
Not Found Entity: kitchen island area
Not Found Entity: kitchen island area
Not Found Entity: table
Not Found Entity: table
Not Found Entity: table
Not Found Entity: kitchen island
Not Found Entity: kitchen island
Not Found Entity: kitchen island
Not Found Entity: table
Not Found Entity: table
Not Found Entity: table
Not Found Entity: table
Not Found Entity: table
Not Found Entity: table
Not Found Entity: kitchen work area
Not Found Entity: kitchen work area
Not Found Entity: kitchen work area
Not Found Entity: table
Not Found Entity: table
Not Found Entity: table
Not Found Entity: table
Not Found Entity: table
Not Found Entity: table
Not Found Entity: table
Not Found Entity: table
Not Found Entity: table
Not Found Entity: table
Not Found Entity: table
Not Found Entity: table
Not Found Entity: table
Not Found Entity: table
Not Found Entity: table
Not Found Entity: cutting board
Not Found Entity: cutting board
Not Found Entity: cutting board
Not Found Entity: table
Not Found Entity: table
Not Found Entity: table
Not Found Entity: table
Not Found Entity: table
Not Found Entity: table
Current command: <>
Current command: <>
Current command: <>
Not Found Entity: table
Not Found Entity: table
Not Found Entity: table
Not Found Entity: cabinet
Not Found Entity: cabinet
Not Found Entity: cabinet
Not Found Entity: cabinet
Not Found Entity: cabinet
Not Found Entity: cabinet
Not Found Entity: table
Not Found Entity: table
Not Found Entity: table
Not Found Entity: kitchen island area
Not Found Entity: kitchen island area
Not Found Entity: kitchen island area
Not Found Entity: table
Not Found Entity: table
Not Found Entity: table
Not Found Entity: table
Not Found Entity: table
Not Found Entity: table
Not Found Entity: kitchen island area
Not Found Entity: kitchen island area
Not Found Entity: kitchen island area
Not Found Entity: table
Not Found Entity: table
Not Found Entity: table
Not Found Entity: kitchen island
Not Found Entity: kitchen island
Not Found Entity: kitchen island
Not Found Entity: kitchen work area
Not Found Entity: kitchen work area
Not Found Entity: kitchen work area
Not Found Entity: table
Not Found Entity: table
Not Found Entity: table
Current command: <>
Current command: <>
Current command: <>
Not Found Entity: kitchen work area
Not Found Entity: kitchen work area
Not Found Entity: kitchen work area
Not Found Entity: kitchen work area
Not Found Entity: kitchen work area
Not Found Entity: kitchen work area
Not Found Entity: kitchen island
Not Found Entity: kitchen island
Not Found Entity: kitchen island
Not Found Entity: table
Not Found Entity: table
Not Found Entity: table
Not Found Entity: board
Not Found Entity: board
Not Found Entity: board
Not Found Entity: bread
Not Found Entity: bread
Not Found Entity: bread
Not Found Entity: cutting board
Not Found Entity: cutting board
Not Found Entity: cutting board
Not Found Entity: kitchen island
Not Found Entity: kitchen island
Not Found Entity: kitchen island
Not Found Entity: table
Not Found Entity: table
Not Found Entity: table
Not Found Entity: table
Not Found Entity: table
Not Found Entity: table
Not Found Entity: cabinet
Not Found Entity: cabinet
Not Found Entity: cabinet
Not Found Entity: table
Not Found Entity: table
Not Found Entity: table
Not Found Entity: bread
Not Found Entity: bread
Not Found Entity: bread
Not Found Entity: table
Not Found Entity: table
Not Found Entity: table
Not Found Entity: kitchen island area
Not Found Entity: kitchen island area
Not Found Entity: kitchen island area
Not Found Entity: kitchen work area
Not Found Entity: kitchen work area
Not Found Entity: kitchen work area
Current command: <>
Current command: <>
Current command: <>
30B id                 memento_style   n= 924 rep= 192 tol= 192 off= 192 repro=True tolmis=0 arch=0/0 rawmis=0
30B ood_single_family  ours            n= 924 rep= 327 tol= 327 off= 327 repro=True tolmis=0 arch=0/0 rawmis=0
Not Found Entity: table
Not Found Entity: table
Not Found Entity: table
Not Found Entity: table
Not Found Entity: table
Not Found Entity: table
Not Found Entity: table
Not Found Entity: table
Not Found Entity: table
Not Found Entity: table
Not Found Entity: table
Not Found Entity: table
Not Found Entity: cutting_board
Not Found Entity: cutting_board
Not Found Entity: cutting_board
Not Found Entity: table
Not Found Entity: table
Not Found Entity: table
Not Found Entity: table
Not Found Entity: table
Not Found Entity: table
Not Found Entity: cutting_board
Not Found Entity: cutting_board
Not Found Entity: cutting_board
Not Found Entity: table
Not Found Entity: table
Not Found Entity: table
Not Found Entity: table
Not Found Entity: table
Not Found Entity: table
Not Found Entity: table
Not Found Entity: table
Not Found Entity: table
Not Found Entity: table
Not Found Entity: table
Not Found Entity: table
Not Found Entity: cutting_board
Not Found Entity: cutting_board
Not Found Entity: cutting_board
Not Found Entity: table
Not Found Entity: table
Not Found Entity: table
Not Found Entity: table
Not Found Entity: table
Not Found Entity: table
Not Found Entity: table
Not Found Entity: table
Not Found Entity: table
Not Found Entity: table
Not Found Entity: table
Not Found Entity: table
Not Found Entity: table
Not Found Entity: table
Not Found Entity: table
Not Found Entity: table
Not Found Entity: table
Not Found Entity: table
Not Found Entity: table
Not Found Entity: table
Not Found Entity: table
Not Found Entity: table
Not Found Entity: table
Not Found Entity: table
Not Found Entity: table
Not Found Entity: table
Not Found Entity: table
Not Found Entity: table
Not Found Entity: table
Not Found Entity: table
Not Found Entity: table
Not Found Entity: table
Not Found Entity: table
Not Found Entity: table
Not Found Entity: table
Not Found Entity: table
Not Found Entity: cutting_board
Not Found Entity: cutting_board
Not Found Entity: cutting_board
Not Found Entity: table
Not Found Entity: table
Not Found Entity: table
Not Found Entity: table
Not Found Entity: table
Not Found Entity: table
Not Found Entity: table
Not Found Entity: table
Not Found Entity: table
Not Found Entity: table
Not Found Entity: table
Not Found Entity: table
Not Found Entity: table
Not Found Entity: table
Not Found Entity: table
Not Found Entity: table
Not Found Entity: table
Not Found Entity: table
Not Found Entity: table
Not Found Entity: table
Not Found Entity: table
Not Found Entity: table
Not Found Entity: table
Not Found Entity: table
Not Found Entity: cutting_board
Not Found Entity: cutting_board
Not Found Entity: cutting_board
30B ood_single_family  tom             n= 924 rep=   3 tol=   3 off=   3 repro=True tolmis=0 arch=924/0 rawmis=0
Not Found Entity: cutting board
Not Found Entity: cutting board
Not Found Entity: cutting board
Not Found Entity: cutting board
Not Found Entity: cutting board
Not Found Entity: cutting board
Not Found Entity: cutting board
Not Found Entity: cutting board
Not Found Entity: cutting board
Not Found Entity: cutting board
Not Found Entity: cutting board
Not Found Entity: cutting board
Not Found Entity: cutting board
Not Found Entity: cutting board
Not Found Entity: cutting board
Not Found Entity: cutting board
Not Found Entity: cutting board
Not Found Entity: cutting board
Not Found Entity: cutting board
Not Found Entity: cutting board
Not Found Entity: cutting board
Not Found Entity: cutting_board
Not Found Entity: cutting_board
Not Found Entity: cutting_board
Not Found Entity: table
Not Found Entity: table
Not Found Entity: table
Not Found Entity: table
Not Found Entity: table
Not Found Entity: table
Not Found Entity: table
Not Found Entity: table
Not Found Entity: table
Not Found Entity: table
Not Found Entity: table
Not Found Entity: table
Not Found Entity: fruit
Not Found Entity: fruit
Not Found Entity: fruit
Not Found Entity: table
Not Found Entity: table
Not Found Entity: table
Not Found Entity: table
Not Found Entity: table
Not Found Entity: table
Not Found Entity: table
Not Found Entity: table
Not Found Entity: table
Not Found Entity: table
Not Found Entity: table
Not Found Entity: table
Not Found Entity: table
Not Found Entity: table
Not Found Entity: table
Not Found Entity: table
Not Found Entity: table
Not Found Entity: table
Not Found Entity: table
Not Found Entity: table
Not Found Entity: table
Not Found Entity: table
Not Found Entity: table
Not Found Entity: table
Not Found Entity: table
Not Found Entity: table
Not Found Entity: table
Not Found Entity: table
Not Found Entity: table
Not Found Entity: table
Not Found Entity: counter
Not Found Entity: counter
Not Found Entity: counter
Not Found Entity: table
Not Found Entity: table
Not Found Entity: table
Not Found Entity: table
Not Found Entity: table
Not Found Entity: table
Not Found Entity: table
Not Found Entity: table
Not Found Entity: table
Not Found Entity: table
Not Found Entity: table
Not Found Entity: table
Not Found Entity: refrigerator
Not Found Entity: refrigerator
Not Found Entity: refrigerator
Not Found Entity: table
Not Found Entity: table
Not Found Entity: table
Not Found Entity: table
Not Found Entity: table
Not Found Entity: table
Not Found Entity: table
Not Found Entity: table
Not Found Entity: table
Not Found Entity: counter
Not Found Entity: counter
Not Found Entity: counter
Not Found Entity: table
Not Found Entity: table
Not Found Entity: table
Not Found Entity: table
Not Found Entity: table
Not Found Entity: table
Not Found Entity: table
Not Found Entity: table
Not Found Entity: table
30B ood_single_family  zero_shot       n= 924 rep=   7 tol=   7 off=   7 repro=True tolmis=0 arch=924/0 rawmis=0
Not Found Entity: peach_0
Not Found Entity: peach_0
Not Found Entity: peach_0
Not Found Entity: peach_0
Not Found Entity: peach_0
Not Found Entity: peach_0
Not Found Entity: spoon_0
Not Found Entity: spoon_0
Not Found Entity: spoon_0
Not Found Entity: pumpkin_0
Not Found Entity: pumpkin_0
Not Found Entity: pumpkin_0
Not Found Entity: tomato_0
Not Found Entity: tomato_0
Not Found Entity: tomato_0
Not Found Entity: cabinet_1
Not Found Entity: cabinet_1
Not Found Entity: cabinet_1
Not Found Entity: spoon_0
Not Found Entity: spoon_0
Not Found Entity: spoon_0
Not Found Entity: spoon_0
Not Found Entity: spoon_0
Not Found Entity: spoon_0
Not Found Entity: spoon_0
Not Found Entity: spoon_0
Not Found Entity: spoon_0
Not Found Entity: knife_0
Not Found Entity: knife_0
Not Found Entity: knife_0
Not Found Entity: peach_0
Not Found Entity: peach_0
Not Found Entity: peach_0
Not Found Entity: pumpkin_0
Not Found Entity: pumpkin_0
Not Found Entity: pumpkin_0
Not Found Entity: pumpkin_0
Not Found Entity: pumpkin_0
Not Found Entity: pumpkin_0
Not Found Entity: tomato_0
Not Found Entity: tomato_0
Not Found Entity: tomato_0
Not Found Entity: bread_0
Not Found Entity: bread_0
Not Found Entity: bread_0
Not Found Entity: peach_1
Not Found Entity: peach_1
Not Found Entity: peach_1
Not Found Entity: wooden cutting board_2
Not Found Entity: wooden cutting board_2
Not Found Entity: wooden cutting board_2
Not Found Entity: bread_0
Not Found Entity: bread_0
Not Found Entity: bread_0
Not Found Entity: knife_0
Not Found Entity: knife_0
Not Found Entity: knife_0
Not Found Entity: knife_0
Not Found Entity: knife_0
Not Found Entity: knife_0
Not Found Entity: cabinet
Not Found Entity: cabinet
Not Found Entity: cabinet
Not Found Entity: knife_0
Not Found Entity: knife_0
Not Found Entity: knife_0
Not Found Entity: bread_0
Not Found Entity: bread_0
Not Found Entity: bread_0
Not Found Entity: spoon_0
Not Found Entity: spoon_0
Not Found Entity: spoon_0
Not Found Entity: cardboardbox_0
Not Found Entity: table
Not Found Entity: table
Not Found Entity: table
Not Found Entity: table
Not Found Entity: table
Not Found Entity: table
Not Found Entity: table
Not Found Entity: table
Not Found Entity: table
Not Found Entity: table
Not Found Entity: table
Not Found Entity: table
Not Found Entity: table
Not Found Entity: table
Not Found Entity: table
Not Found Entity: kitchen work area
Not Found Entity: kitchen work area
Not Found Entity: kitchen work area
Not Found Entity: peach_0
Not Found Entity: peach_0
Not Found Entity: peach_0
Not Found Entity: table
Not Found Entity: table
Not Found Entity: table
Not Found Entity: table
Not Found Entity: table
Not Found Entity: table
Not Found Entity: table
Not Found Entity: table
Not Found Entity: table
Not Found Entity: kitchen work area
Not Found Entity: kitchen work area
Not Found Entity: kitchen work area
Not Found Entity: table
Not Found Entity: table
Not Found Entity: table
Not Found Entity: table
Not Found Entity: table
Not Found Entity: table
Not Found Entity: table
Not Found Entity: table
Not Found Entity: table
Not Found Entity: kitchen island area
Not Found Entity: kitchen island area
Not Found Entity: kitchen island area
Not Found Entity: kitchen island area
Not Found Entity: kitchen island area
Not Found Entity: kitchen island area
Not Found Entity: table
Not Found Entity: table
Not Found Entity: table
Not Found Entity: table
Not Found Entity: table
Not Found Entity: table
Not Found Entity: kitchen island area
Not Found Entity: kitchen island area
Not Found Entity: kitchen island area
Not Found Entity: table
Not Found Entity: table
Not Found Entity: table
Not Found Entity: table
Not Found Entity: table
Not Found Entity: table
Not Found Entity: kitchen island area
Not Found Entity: kitchen island area
Not Found Entity: kitchen island area
Not Found Entity: table
Not Found Entity: table
Not Found Entity: table
Not Found Entity: kitchen work area
Not Found Entity: kitchen work area
Not Found Entity: kitchen work area
Not Found Entity: table
Not Found Entity: table
Not Found Entity: table
Not Found Entity: kitchen island area
Not Found Entity: kitchen island area
Not Found Entity: kitchen island area
Not Found Entity: table
Not Found Entity: table
Not Found Entity: table
Not Found Entity: kitchen island area
Not Found Entity: kitchen island area
Not Found Entity: kitchen island area
Not Found Entity: table
Not Found Entity: table
Not Found Entity: table
Not Found Entity: fridge
Not Found Entity: fridge
Not Found Entity: fridge
Not Found Entity: cabinet
Not Found Entity: cabinet
Not Found Entity: cabinet
Not Found Entity: cabinet_1
Not Found Entity: cabinet_1
Not Found Entity: cabinet_1
Not Found Entity: bread_0
Not Found Entity: bread_0
Not Found Entity: bread_0
Not Found Entity: plate_2
Not Found Entity: plate_2
Not Found Entity: plate_2
Not Found Entity: plate_0
Not Found Entity: plate_0
Not Found Entity: plate_0
Not Found Entity: tomato_0
Not Found Entity: tomato_0
Not Found Entity: tomato_0
Not Found Entity: bowl_0
Not Found Entity: bowl_0
Not Found Entity: bowl_0
Not Found Entity: kitchen island area
Not Found Entity: kitchen island area
Not Found Entity: kitchen island area
Not Found Entity: cabinet
Not Found Entity: cabinet
Not Found Entity: cabinet
Not Found Entity: cabinet
Not Found Entity: cabinet
Not Found Entity: cabinet
Not Found Entity: cabinet
Not Found Entity: cabinet
Not Found Entity: cabinet
Not Found Entity: cabinet
Not Found Entity: cabinet
Not Found Entity: cabinet
Not Found Entity: cabinet
Not Found Entity: cabinet
Not Found Entity: cabinet
Not Found Entity: cabinet
Not Found Entity: cabinet
Not Found Entity: cabinet
Not Found Entity: cabinet
Not Found Entity: cabinet
Not Found Entity: cabinet
Not Found Entity: cabinet
Not Found Entity: cabinet
Not Found Entity: cabinet
Not Found Entity: cabinet
Not Found Entity: cabinet
Not Found Entity: cabinet
Not Found Entity: cabinet
Not Found Entity: cabinet
Not Found Entity: cabinet
Not Found Entity: cabinet
Not Found Entity: cabinet
Not Found Entity: cabinet
Not Found Entity: cabinet
Not Found Entity: cabinet
Not Found Entity: cabinet
Not Found Entity: cabinet
Not Found Entity: cabinet
Not Found Entity: cabinet
Not Found Entity: cabinet
Not Found Entity: cabinet
Not Found Entity: cabinet
Not Found Entity: cabinet
Not Found Entity: cabinet
Not Found Entity: cabinet
Not Found Entity: cabinet
Not Found Entity: cabinet
Not Found Entity: cabinet
Not Found Entity: cabinet
Not Found Entity: cabinet
Not Found Entity: cabinet
Not Found Entity: cabinet
Not Found Entity: cabinet
Not Found Entity: cabinet
Not Found Entity: cabinet
Not Found Entity: cabinet
Not Found Entity: cabinet
Not Found Entity: cabinet
Not Found Entity: cabinet
Not Found Entity: cabinet
Not Found Entity: cabinet
Not Found Entity: cabinet
Not Found Entity: cabinet
Not Found Entity: cabinet
Not Found Entity: cabinet
Not Found Entity: cabinet
Not Found Entity: cabinet
Not Found Entity: cabinet
Not Found Entity: cabinet
Not Found Entity: cabinet
Not Found Entity: cabinet
Not Found Entity: cabinet
Not Found Entity: cabinet
Not Found Entity: cabinet
Not Found Entity: cabinet
30B ood_single_family  trajectory_rag  n= 924 rep=  50 tol=  50 off=  50 repro=True tolmis=0 arch=924/0 rawmis=0
Not Found Entity: cutting board
Not Found Entity: cutting board
Not Found Entity: cutting board
Not Found Entity: cutting board
Not Found Entity: cutting board
Not Found Entity: cutting board
Not Found Entity: cabinet
Not Found Entity: cabinet
Not Found Entity: cabinet
Not Found Entity: table
Not Found Entity: table
Not Found Entity: table
Not Found Entity: table
Not Found Entity: table
Not Found Entity: table
Not Found Entity: table
Not Found Entity: table
Not Found Entity: table
Not Found Entity: table
Not Found Entity: table
Not Found Entity: table
Not Found Entity: table
Not Found Entity: table
Not Found Entity: table
Not Found Entity: table
Not Found Entity: table
Not Found Entity: table
Not Found Entity: table
Not Found Entity: table
Not Found Entity: table
Not Found Entity: table
Not Found Entity: table
Not Found Entity: table
Not Found Entity: table
Not Found Entity: table
Not Found Entity: table
Not Found Entity: table
Not Found Entity: table
Not Found Entity: table
Not Found Entity: table
Not Found Entity: table
Not Found Entity: table
Not Found Entity: table
Not Found Entity: table
Not Found Entity: table
Not Found Entity: table
Not Found Entity: table
Not Found Entity: table
Not Found Entity: table
Not Found Entity: table
Not Found Entity: table
Not Found Entity: table
Not Found Entity: table
Not Found Entity: table
Not Found Entity: table
Not Found Entity: table
Not Found Entity: table
Not Found Entity: table
Not Found Entity: table
Not Found Entity: table
Not Found Entity: table
Not Found Entity: table
Not Found Entity: table
Not Found Entity: table
Not Found Entity: table
Not Found Entity: table
Not Found Entity: table
Not Found Entity: table
Not Found Entity: table
Not Found Entity: table
Not Found Entity: table
Not Found Entity: table
Not Found Entity: table
Not Found Entity: table
Not Found Entity: table
Not Found Entity: table
Not Found Entity: table
Not Found Entity: table
Not Found Entity: kitchen island
Not Found Entity: kitchen island
Not Found Entity: kitchen island
Not Found Entity: bowl
Not Found Entity: bowl
Not Found Entity: bowl
Not Found Entity: table
Not Found Entity: table
Not Found Entity: table
Not Found Entity: table
Not Found Entity: table
Not Found Entity: table
Not Found Entity: table
Not Found Entity: table
Not Found Entity: table
Not Found Entity: table
Not Found Entity: table
Not Found Entity: table
Not Found Entity: table
Not Found Entity: table
Not Found Entity: table
Not Found Entity: table
Not Found Entity: table
Not Found Entity: table
Not Found Entity: table
Not Found Entity: table
Not Found Entity: table
Not Found Entity: table
Not Found Entity: table
Not Found Entity: table
Not Found Entity: table
Not Found Entity: table
Not Found Entity: table
Not Found Entity: table
Not Found Entity: table
Not Found Entity: table
Not Found Entity: table
Not Found Entity: table
Not Found Entity: table
Not Found Entity: kitchen island area
Not Found Entity: kitchen island area
Not Found Entity: kitchen island area
Not Found Entity: table
Not Found Entity: table
Not Found Entity: table
Not Found Entity: table
Not Found Entity: table
Not Found Entity: table
Not Found Entity: table
Not Found Entity: table
Not Found Entity: table
Not Found Entity: table
Not Found Entity: table
Not Found Entity: table
Not Found Entity: table
Not Found Entity: table
Not Found Entity: table
Not Found Entity: table
Not Found Entity: table
Not Found Entity: table
Not Found Entity: table
Not Found Entity: table
Not Found Entity: table
Not Found Entity: table
Not Found Entity: table
Not Found Entity: table
Not Found Entity: table
Not Found Entity: table
Not Found Entity: table
Not Found Entity: table
Not Found Entity: table
Not Found Entity: table
Not Found Entity: table
Not Found Entity: table
Not Found Entity: table
Not Found Entity: table
Not Found Entity: table
Not Found Entity: table
Not Found Entity: work area
Not Found Entity: work area
Not Found Entity: work area
Not Found Entity: refrigerator
Not Found Entity: refrigerator
Not Found Entity: refrigerator
Not Found Entity: cabinet
Not Found Entity: cabinet
Not Found Entity: cabinet
Not Found Entity: cabinet
Not Found Entity: cabinet
Not Found Entity: cabinet
Not Found Entity: cabinet
Not Found Entity: cabinet
Not Found Entity: cabinet
Not Found Entity: cabinet
Not Found Entity: cabinet
Not Found Entity: cabinet
Not Found Entity: cabinet
Not Found Entity: cabinet
Not Found Entity: cabinet
Not Found Entity: cabinet
Not Found Entity: cabinet
Not Found Entity: cabinet
Not Found Entity: cabinet
Not Found Entity: cabinet
Not Found Entity: cabinet
Not Found Entity: cabinet
Not Found Entity: cabinet
Not Found Entity: cabinet
30B ood_single_family  g_memory        n= 924 rep= 138 tol= 138 off= 138 repro=True tolmis=0 arch=924/0 rawmis=0
Not Found Entity: bread
Not Found Entity: bread
Not Found Entity: bread
Not Found Entity: bread
Not Found Entity: bread
Not Found Entity: bread
Not Found Entity: bread
Not Found Entity: bread
Not Found Entity: bread
Not Found Entity: bread
Not Found Entity: bread
Not Found Entity: bread
Not Found Entity: bread
Not Found Entity: bread
Not Found Entity: bread
Not Found Entity: bread
Not Found Entity: bread
Not Found Entity: bread
Not Found Entity: bread
Not Found Entity: bread
Not Found Entity: bread
Not Found Entity: bread
Not Found Entity: bread
Not Found Entity: bread
Not Found Entity: bread
Not Found Entity: bread
Not Found Entity: bread
Not Found Entity: bread
Not Found Entity: bread
Not Found Entity: bread
Not Found Entity: bread
Not Found Entity: bread
Not Found Entity: bread
Not Found Entity: bread
Not Found Entity: bread
Not Found Entity: bread
Not Found Entity: kitchen work area
Not Found Entity: kitchen work area
Not Found Entity: kitchen work area
Not Found Entity: cutting board
Not Found Entity: cutting board
Not Found Entity: cutting board
Not Found Entity: cutting board
Not Found Entity: cutting board
Not Found Entity: cutting board
Not Found Entity: cabinet
Not Found Entity: cabinet
Not Found Entity: cabinet
Not Found Entity: kitchen work area
Not Found Entity: kitchen work area
Not Found Entity: kitchen work area
Not Found Entity: cutting board
Not Found Entity: cutting board
Not Found Entity: cutting board
Not Found Entity: cabinet
Not Found Entity: cabinet
Not Found Entity: cabinet
Not Found Entity: cutting board
Not Found Entity: cutting board
Not Found Entity: cutting board
Not Found Entity: cutting board
Not Found Entity: cutting board
Not Found Entity: cutting board
Not Found Entity: table
Not Found Entity: table
Not Found Entity: table
Not Found Entity: kitchen island area
Not Found Entity: kitchen island area
Not Found Entity: kitchen island area
Not Found Entity: table
Not Found Entity: table
Not Found Entity: table
Not Found Entity: table
Not Found Entity: table
Not Found Entity: table
Not Found Entity: table
Not Found Entity: table
Not Found Entity: table
Not Found Entity: table
Not Found Entity: table
Not Found Entity: table
Not Found Entity: table
Not Found Entity: table
Not Found Entity: table
Not Found Entity: table
Not Found Entity: table
Not Found Entity: table
Not Found Entity: kitchen island area
Not Found Entity: kitchen island area
Not Found Entity: kitchen island area
Not Found Entity: table
Not Found Entity: table
Not Found Entity: table
Not Found Entity: table
Not Found Entity: table
Not Found Entity: table
Not Found Entity: table
Not Found Entity: table
Not Found Entity: table
Not Found Entity: table
Not Found Entity: table
Not Found Entity: table
Not Found Entity: table
Not Found Entity: table
Not Found Entity: table
Not Found Entity: table
Not Found Entity: table
Not Found Entity: table
Not Found Entity: table
Not Found Entity: table
Not Found Entity: table
Not Found Entity: table
Not Found Entity: table
Not Found Entity: table
Not Found Entity: table
Not Found Entity: table
Not Found Entity: table
Not Found Entity: fruit
Not Found Entity: fruit
Not Found Entity: fruit
Not Found Entity: table
Not Found Entity: table
Not Found Entity: table
Not Found Entity: table
Not Found Entity: table
Not Found Entity: table
Not Found Entity: table
Not Found Entity: table
Not Found Entity: table
Not Found Entity: cabinet
Not Found Entity: cabinet
Not Found Entity: cabinet
Not Found Entity: kitchen work area
Not Found Entity: kitchen work area
Not Found Entity: kitchen work area
Not Found Entity: cabinet
Not Found Entity: cabinet
Not Found Entity: cabinet
Not Found Entity: cabinet
Not Found Entity: cabinet
Not Found Entity: cabinet
Not Found Entity: cabinet
Not Found Entity: cabinet
Not Found Entity: cabinet
Not Found Entity: cabinet
Not Found Entity: cabinet
Not Found Entity: cabinet
Not Found Entity: kitchen work area
Not Found Entity: kitchen work area
Not Found Entity: kitchen work area
Not Found Entity: cabinet
Not Found Entity: cabinet
Not Found Entity: cabinet
Not Found Entity: cabinet
Not Found Entity: cabinet
Not Found Entity: cabinet
Not Found Entity: kitchen island area
Not Found Entity: kitchen island area
Not Found Entity: kitchen island area
Not Found Entity: cabinet
Not Found Entity: cabinet
Not Found Entity: cabinet
Not Found Entity: cabinet
Not Found Entity: cabinet
Not Found Entity: cabinet
Not Found Entity: kitchen island area
Not Found Entity: kitchen island area
Not Found Entity: kitchen island area
Not Found Entity: cabinet
Not Found Entity: cabinet
Not Found Entity: cabinet
Not Found Entity: kitchen island
Not Found Entity: kitchen island
Not Found Entity: kitchen island
Not Found Entity: cabinet
Not Found Entity: cabinet
Not Found Entity: cabinet
Not Found Entity: cabinet
Not Found Entity: cabinet
Not Found Entity: cabinet
Not Found Entity: kitchen island area
Not Found Entity: kitchen island area
Not Found Entity: kitchen island area
Not Found Entity: cabinet
Not Found Entity: cabinet
Not Found Entity: cabinet
Not Found Entity: cabinet
Not Found Entity: cabinet
Not Found Entity: cabinet
Not Found Entity: kitchen work area
Not Found Entity: kitchen work area
Not Found Entity: kitchen work area
Not Found Entity: cabinet
Not Found Entity: cabinet
Not Found Entity: cabinet
Not Found Entity: kitchen work area
Not Found Entity: kitchen work area
Not Found Entity: kitchen work area
Not Found Entity: cabinet
Not Found Entity: cabinet
Not Found Entity: cabinet
Not Found Entity: cabinet
Not Found Entity: cabinet
Not Found Entity: cabinet
Not Found Entity: kitchen island area
Not Found Entity: kitchen island area
Not Found Entity: kitchen island area
30B ood_single_family  memento_style   n= 924 rep= 104 tol= 104 off= 104 repro=True tolmis=0 arch=0/0 rawmis=0
30B pure_text          ours            n= 297 rep= 215 tol= 215 off= 215 repro=True tolmis=0 arch=0/0 rawmis=0
Not Found Entity: kitchen island area
Not Found Entity: kitchen island area
Not Found Entity: kitchen island area
30B pure_text          tom             n= 297 rep=   0 tol=   0 off=   0 repro=True tolmis=0 arch=297/0 rawmis=0
Not Found Entity: kitchen work area
Not Found Entity: kitchen work area
Not Found Entity: kitchen work area
30B pure_text          zero_shot       n= 297 rep=   0 tol=   0 off=   0 repro=True tolmis=0 arch=297/0 rawmis=0
Not Found Entity: kitchen island area
Not Found Entity: kitchen island area
Not Found Entity: kitchen island area
Not Found Entity: kitchen island area
Not Found Entity: kitchen island area
Not Found Entity: kitchen island area
Not Found Entity: kitchen work area
Not Found Entity: kitchen work area
Not Found Entity: kitchen work area
Not Found Entity: kitchen island area
Not Found Entity: kitchen island area
Not Found Entity: kitchen island area
Not Found Entity: cut
Not Found Entity: cut
Not Found Entity: cut
Not Found Entity: kitchen island area
Not Found Entity: kitchen island area
Not Found Entity: kitchen island area
Not Found Entity: kitchen island area
Not Found Entity: kitchen island area
Not Found Entity: kitchen island area
Not Found Entity: kitchen island area
Not Found Entity: kitchen island area
Not Found Entity: kitchen island area
Not Found Entity: kitchen island area
Not Found Entity: kitchen island area
Not Found Entity: kitchen island area
Not Found Entity: kitchen island area
Not Found Entity: kitchen island area
Not Found Entity: kitchen island area
Not Found Entity: kitchen island area
Not Found Entity: kitchen island area
Not Found Entity: kitchen island area
Not Found Entity: cut
Not Found Entity: cut
Not Found Entity: cut
Not Found Entity: kitchen island area
Not Found Entity: kitchen island area
Not Found Entity: kitchen island area
Not Found Entity: kitchen island area
Not Found Entity: kitchen island area
Not Found Entity: kitchen island area
Not Found Entity: kitchen island area
Not Found Entity: kitchen island area
Not Found Entity: kitchen island area
Not Found Entity: kitchen island area
Not Found Entity: kitchen island area
Not Found Entity: kitchen island area
Not Found Entity: kitchen work area
Not Found Entity: kitchen work area
Not Found Entity: kitchen work area
30B pure_text          trajectory_rag  n= 297 rep=   0 tol=   0 off=   0 repro=True tolmis=0 arch=297/0 rawmis=0
Not Found Entity: cut
Not Found Entity: cut
Not Found Entity: cut
Not Found Entity: kitchen island area
Not Found Entity: kitchen island area
Not Found Entity: kitchen island area
Not Found Entity: kitchen island area
Not Found Entity: kitchen island area
Not Found Entity: kitchen island area
Not Found Entity: kitchen island area
Not Found Entity: kitchen island area
Not Found Entity: kitchen island area
Not Found Entity: kitchen island area
Not Found Entity: kitchen island area
Not Found Entity: kitchen island area
Not Found Entity: kitchen island area
Not Found Entity: kitchen island area
Not Found Entity: kitchen island area
Not Found Entity: kitchen island area
Not Found Entity: kitchen island area
Not Found Entity: kitchen island area
Not Found Entity: kitchen island area
Not Found Entity: kitchen island area
Not Found Entity: kitchen island area
Not Found Entity: kitchen island area
Not Found Entity: kitchen island area
Not Found Entity: kitchen island area
Not Found Entity: kitchen island area
Not Found Entity: kitchen island area
Not Found Entity: kitchen island area
Not Found Entity: kitchen island area
Not Found Entity: kitchen island area
Not Found Entity: kitchen island area
Not Found Entity: kitchen island area
Not Found Entity: kitchen island area
Not Found Entity: kitchen island area
Not Found Entity: kitchen island area
Not Found Entity: kitchen island area
Not Found Entity: kitchen island area
Not Found Entity: kitchen island area
Not Found Entity: kitchen island area
Not Found Entity: kitchen island area
Not Found Entity: kitchen island area
Not Found Entity: kitchen island area
Not Found Entity: kitchen island area
Not Found Entity: kitchen island area
Not Found Entity: kitchen island area
Not Found Entity: kitchen island area
Not Found Entity: kitchen island area
Not Found Entity: kitchen island area
Not Found Entity: kitchen island area
Not Found Entity: cut
Not Found Entity: cut
Not Found Entity: cut
Not Found Entity: kitchen island area
Not Found Entity: kitchen island area
Not Found Entity: kitchen island area
Not Found Entity: kitchen island area
Not Found Entity: kitchen island area
Not Found Entity: kitchen island area
Not Found Entity: kitchen island area
Not Found Entity: kitchen island area
Not Found Entity: kitchen island area
Not Found Entity: kitchen island area
Not Found Entity: kitchen island area
Not Found Entity: kitchen island area
Not Found Entity: kitchen work area
Not Found Entity: kitchen work area
Not Found Entity: kitchen work area
Not Found Entity: kitchen island area
Not Found Entity: kitchen island area
Not Found Entity: kitchen island area
Not Found Entity: kitchen island area
Not Found Entity: kitchen island area
Not Found Entity: kitchen island area
30B pure_text          g_memory        n= 297 rep=   3 tol=   3 off=   3 repro=True tolmis=0 arch=297/0 rawmis=0
Not Found Entity: kitchen work area
Not Found Entity: kitchen work area
Not Found Entity: kitchen work area
Not Found Entity: kitchen island area
Not Found Entity: kitchen island area
Not Found Entity: kitchen island area
Not Found Entity: kitchen island area
Not Found Entity: kitchen island area
Not Found Entity: kitchen island area
Not Found Entity: kitchen island area
Not Found Entity: kitchen island area
Not Found Entity: kitchen island area
Not Found Entity: kitchen island area
Not Found Entity: kitchen island area
Not Found Entity: kitchen island area
Not Found Entity: kitchen work area
Not Found Entity: kitchen work area
Not Found Entity: kitchen work area
Not Found Entity: kitchen work area
Not Found Entity: kitchen work area
Not Found Entity: kitchen work area
Not Found Entity: kitchen work area
Not Found Entity: kitchen work area
Not Found Entity: kitchen work area
Not Found Entity: kitchen work area
Not Found Entity: kitchen work area
Not Found Entity: kitchen work area
Not Found Entity: kitchen work area
Not Found Entity: kitchen work area
Not Found Entity: kitchen work area
Not Found Entity: kitchen island area
Not Found Entity: kitchen island area
Not Found Entity: kitchen island area
Not Found Entity: kitchen island area
Not Found Entity: kitchen island area
Not Found Entity: kitchen island area
Not Found Entity: kitchen island area
Not Found Entity: kitchen island area
Not Found Entity: kitchen island area
Not Found Entity: kitchen island area
Not Found Entity: kitchen island area
Not Found Entity: kitchen island area
Not Found Entity: kitchen work area
Not Found Entity: kitchen work area
Not Found Entity: kitchen work area
Not Found Entity: kitchen island area
Not Found Entity: kitchen island area
Not Found Entity: kitchen island area
Not Found Entity: kitchen island area
Not Found Entity: kitchen island area
Not Found Entity: kitchen island area
Not Found Entity: kitchen island area
Not Found Entity: kitchen island area
Not Found Entity: kitchen island area
Not Found Entity: kitchen island area
Not Found Entity: kitchen island area
Not Found Entity: kitchen island area
Not Found Entity: kitchen work area
Not Found Entity: kitchen work area
Not Found Entity: kitchen work area
Not Found Entity: kitchen island area
Not Found Entity: kitchen island area
Not Found Entity: kitchen island area
Not Found Entity: kitchen work area
Not Found Entity: kitchen work area
Not Found Entity: kitchen work area
Not Found Entity: kitchen island area
Not Found Entity: kitchen island area
Not Found Entity: kitchen island area
Not Found Entity: kitchen island area
Not Found Entity: kitchen island area
Not Found Entity: kitchen island area
Not Found Entity: kitchen island area
Not Found Entity: kitchen island area
Not Found Entity: kitchen island area
Not Found Entity: kitchen island area
Not Found Entity: kitchen island area
Not Found Entity: kitchen island area
Not Found Entity: kitchen island area
Not Found Entity: kitchen island area
Not Found Entity: kitchen island area
Not Found Entity: kitchen work area
Not Found Entity: kitchen work area
Not Found Entity: kitchen work area
30B pure_text          memento_style   n= 297 rep=  34 tol=  34 off=  34 repro=True tolmis=0 arch=0/0 rawmis=0
30B cg_image           ours            n= 297 rep= 193 tol= 193 off= 193 repro=True tolmis=0 arch=0/0 rawmis=0
Not Found Entity: cutting_board
Not Found Entity: cutting_board
Not Found Entity: cutting_board
Not Found Entity: cutting_board
Not Found Entity: cutting_board
Not Found Entity: cutting_board
Not Found Entity: cutting_board
Not Found Entity: cutting_board
Not Found Entity: cutting_board
Not Found Entity: cutting_board
Not Found Entity: cutting_board
Not Found Entity: cutting_board
30B cg_image           tom             n= 297 rep=   0 tol=   0 off=   0 repro=True tolmis=0 arch=297/0 rawmis=0
Not Found Entity: cutting board
Not Found Entity: cutting board
Not Found Entity: cutting board
Not Found Entity: cutting board
Not Found Entity: cutting board
Not Found Entity: cutting board
Not Found Entity: cutting board
Not Found Entity: cutting board
Not Found Entity: cutting board
Not Found Entity: cutting board
Not Found Entity: cutting board
Not Found Entity: cutting board
Not Found Entity: cutting_board
Not Found Entity: cutting_board
Not Found Entity: cutting_board
Not Found Entity: cutting board
Not Found Entity: cutting board
Not Found Entity: cutting board
Not Found Entity: cutting board
Not Found Entity: cutting board
Not Found Entity: cutting board
Not Found Entity: cutting board
Not Found Entity: cutting board
Not Found Entity: cutting board
Not Found Entity: cutting board
Not Found Entity: cutting board
Not Found Entity: cutting board
30B cg_image           zero_shot       n= 297 rep=   0 tol=   0 off=   0 repro=True tolmis=0 arch=297/0 rawmis=0
Not Found Entity: peach_1
Not Found Entity: peach_1
Not Found Entity: peach_1
Not Found Entity: kitchen island area
Not Found Entity: kitchen island area
Not Found Entity: kitchen island area
Not Found Entity: pumpkin_0
Not Found Entity: pumpkin_0
Not Found Entity: pumpkin_0
Not Found Entity: kitchen island area
Not Found Entity: kitchen island area
Not Found Entity: kitchen island area
Not Found Entity: pumpkin_0
Not Found Entity: pumpkin_0
Not Found Entity: pumpkin_0
30B cg_image           trajectory_rag  n= 297 rep=   2 tol=   2 off=   2 repro=True tolmis=0 arch=297/0 rawmis=0
Not Found Entity: kitchen island
Not Found Entity: kitchen island
Not Found Entity: kitchen island
Not Found Entity: kitchen island
Not Found Entity: kitchen island
Not Found Entity: kitchen island
Not Found Entity: kitchen work area
Not Found Entity: kitchen work area
Not Found Entity: kitchen work area
Not Found Entity: kitchen island
Not Found Entity: kitchen island
Not Found Entity: kitchen island
Not Found Entity: kitchen island
Not Found Entity: kitchen island
Not Found Entity: kitchen island
Not Found Entity: kitchen island
Not Found Entity: kitchen island
Not Found Entity: kitchen island
Not Found Entity: kitchen work area
Not Found Entity: kitchen work area
Not Found Entity: kitchen work area
Not Found Entity: cutting board
Not Found Entity: cutting board
Not Found Entity: cutting board
Not Found Entity: cutting board
Not Found Entity: cutting board
Not Found Entity: cutting board
Not Found Entity: kitchen island area
Not Found Entity: kitchen island area
Not Found Entity: kitchen island area
30B cg_image           g_memory        n= 297 rep=   1 tol=   1 off=   1 repro=True tolmis=0 arch=297/0 rawmis=0
Not Found Entity: kitchen island
Not Found Entity: kitchen island
Not Found Entity: kitchen island
Not Found Entity: kitchen island area
Not Found Entity: kitchen island area
Not Found Entity: kitchen island area
Not Found Entity: kitchen island
Not Found Entity: kitchen island
Not Found Entity: kitchen island
Not Found Entity: kitchen island
Not Found Entity: kitchen island
Not Found Entity: kitchen island
Not Found Entity: kitchen island area
Not Found Entity: kitchen island area
Not Found Entity: kitchen island area
Not Found Entity: cabinet
Not Found Entity: cabinet
Not Found Entity: cabinet
Not Found Entity: cutting
Not Found Entity: cutting
Not Found Entity: cutting
Not Found Entity: kitchen island
Not Found Entity: kitchen island
Not Found Entity: kitchen island
Not Found Entity: kitchen work area
Not Found Entity: kitchen work area
Not Found Entity: kitchen work area
Not Found Entity: kitchen island
Not Found Entity: kitchen island
Not Found Entity: kitchen island
Not Found Entity: kitchen work area
Not Found Entity: kitchen work area
Not Found Entity: kitchen work area
Not Found Entity: kitchen work area
Not Found Entity: kitchen work area
Not Found Entity: kitchen work area
Not Found Entity: kitchen work area
Not Found Entity: kitchen work area
Not Found Entity: kitchen work area
Not Found Entity: kitchen work area
Not Found Entity: kitchen work area
Not Found Entity: kitchen work area
Not Found Entity: kitchen island area
Not Found Entity: kitchen island area
Not Found Entity: kitchen island area
Not Found Entity: kitchen work area
Not Found Entity: kitchen work area
Not Found Entity: kitchen work area
Not Found Entity: kitchen island area
Not Found Entity: kitchen island area
Not Found Entity: kitchen island area
Not Found Entity: kitchen work area
Not Found Entity: kitchen work area
Not Found Entity: kitchen work area
Not Found Entity: kitchen work area
Not Found Entity: kitchen work area
Not Found Entity: kitchen work area
Not Found Entity: kitchen island area
Not Found Entity: kitchen island area
Not Found Entity: kitchen island area
Not Found Entity: kitchen island area
Not Found Entity: kitchen island area
Not Found Entity: kitchen island area
Not Found Entity: cabinet
Not Found Entity: cabinet
Not Found Entity: cabinet
Not Found Entity: kitchen island area
Not Found Entity: kitchen island area
Not Found Entity: kitchen island area
Not Found Entity: kitchen work area
Not Found Entity: kitchen work area
Not Found Entity: kitchen work area
Not Found Entity: kitchen island area
Not Found Entity: kitchen island area
Not Found Entity: kitchen island area
Not Found Entity: kitchen island area
Not Found Entity: kitchen island area
Not Found Entity: kitchen island area
Not Found Entity: kitchen island area
Not Found Entity: kitchen island area
Not Found Entity: kitchen island area
Not Found Entity: kitchen island area
Not Found Entity: kitchen island area
Not Found Entity: kitchen island area
Not Found Entity: kitchen work area
Not Found Entity: kitchen work area
Not Found Entity: kitchen work area
Not Found Entity: kitchen island area
Not Found Entity: kitchen island area
Not Found Entity: kitchen island area
Not Found Entity: kitchen work area
Not Found Entity: kitchen work area
Not Found Entity: kitchen work area
Not Found Entity: cabinet
Not Found Entity: cabinet
Not Found Entity: cabinet
Not Found Entity: kitchen island
Not Found Entity: kitchen island
Not Found Entity: kitchen island
Not Found Entity: kitchen island area
Not Found Entity: kitchen island area
Not Found Entity: kitchen island area
Not Found Entity: kitchen work area
Not Found Entity: kitchen work area
Not Found Entity: kitchen work area
Not Found Entity: kitchen island area
Not Found Entity: kitchen island area
Not Found Entity: kitchen island area
Not Found Entity: kitchen work area
Not Found Entity: kitchen work area
Not Found Entity: kitchen work area
Not Found Entity: kitchen work area
Not Found Entity: kitchen work area
Not Found Entity: kitchen work area
Not Found Entity: kitchen work area
Not Found Entity: kitchen work area
Not Found Entity: kitchen work area
Not Found Entity: kitchen island area
Not Found Entity: kitchen island area
Not Found Entity: kitchen island area
Not Found Entity: kitchen island
Not Found Entity: kitchen island
Not Found Entity: kitchen island
Not Found Entity: kitchen island
Not Found Entity: kitchen island
Not Found Entity: kitchen island
Not Found Entity: kitchen work area
Not Found Entity: kitchen work area
Not Found Entity: kitchen work area
Not Found Entity: kitchen island area
Not Found Entity: kitchen island area
Not Found Entity: kitchen island area
Not Found Entity: kitchen work area
Not Found Entity: kitchen work area
Not Found Entity: kitchen work area
Not Found Entity: kitchen work area
Not Found Entity: kitchen work area
Not Found Entity: kitchen work area
30B cg_image           memento_style   n= 297 rep=  19 tol=  19 off=  19 repro=True tolmis=0 arch=0/0 rawmis=0
7B  id                 ours            n= 924 rep= 128 tol= 128 off= 128 repro=True tolmis=0 arch=0/0 rawmis=0
Not Found Entity: cutting_board
Not Found Entity: cutting_board
Not Found Entity: cutting_board
Not Found Entity: table
Not Found Entity: table
Not Found Entity: table
Current command: <>
Current command: <>
Current command: <>
Current command: <>
Current command: <>
Current command: <>
Current command: <>
Current command: <>
Current command: <>
Current command: <>
Current command: <>
Current command: <>
Not Found Entity: cutting_board
Not Found Entity: cutting_board
Not Found Entity: cutting_board
Not Found Entity: table
Not Found Entity: table
Not Found Entity: table
Not Found Entity: cutting_board
Not Found Entity: cutting_board
Not Found Entity: cutting_board
Not Found Entity: cutting_board
Not Found Entity: cutting_board
Not Found Entity: cutting_board
Not Found Entity: cutting_board
Not Found Entity: cutting_board
Not Found Entity: cutting_board
Current command: <>
Current command: <>
Current command: <>
Current command: <>
Current command: <>
Current command: <>
Not Found Entity: cutting_board
Not Found Entity: cutting_board
Not Found Entity: cutting_board
Not Found Entity: cutting_board
Not Found Entity: cutting_board
Not Found Entity: cutting_board
Not Found Entity: table
Not Found Entity: table
Not Found Entity: table
Current command: <>
Current command: <>
Current command: <>
Current command: <>
Current command: <>
Current command: <>
Current command: <>
Current command: <>
Current command: <>
Current command: <>
Current command: <>
Current command: <>
Not Found Entity: cutting_board
Not Found Entity: cutting_board
Not Found Entity: cutting_board
Not Found Entity: cutting_board
Not Found Entity: cutting_board
Not Found Entity: cutting_board
Not Found Entity: cutting_board
Not Found Entity: cutting_board
Not Found Entity: cutting_board
Current command: <>
Current command: <>
Current command: <>
Current command: <>
Current command: <>
Current command: <>
Current command: <>
Current command: <>
Current command: <>
Not Found Entity: kitchen_counter
Not Found Entity: kitchen_counter
Not Found Entity: kitchen_counter
Current command: <>
Current command: <>
Current command: <>
Not Found Entity: cutting_board
Not Found Entity: cutting_board
Not Found Entity: cutting_board
Current command: <>
Current command: <>
Current command: <>
Not Found Entity: apple
Not Found Entity: apple
Not Found Entity: apple
Not Found Entity: cutting_board
Not Found Entity: cutting_board
Not Found Entity: cutting_board
Current command: <>
Current command: <>
Current command: <>
Not Found Entity: table
Not Found Entity: table
Not Found Entity: table
Not Found Entity: apple
Not Found Entity: apple
Not Found Entity: apple
Current command: <>
Current command: <>
Current command: <>
Current command: <>
Current command: <>
Current command: <>
Current command: <>
Current command: <>
Current command: <>
Not Found Entity: cutting_board
Not Found Entity: cutting_board
Not Found Entity: cutting_board
Current command: <>
Current command: <>
Current command: <>
Not Found Entity: table
Not Found Entity: table
Not Found Entity: table
Not Found Entity: cutting_board
Not Found Entity: cutting_board
Not Found Entity: cutting_board
Current command: <>
Current command: <>
Current command: <>
Not Found Entity: cutting_board
Not Found Entity: cutting_board
Not Found Entity: cutting_board
Current command: <>
Current command: <>
Current command: <>
Current command: <>
Current command: <>
Current command: <>
Not Found Entity: table
Not Found Entity: table
Not Found Entity: table
Not Found Entity: table
Not Found Entity: table
Not Found Entity: table
Current command: <>
Current command: <>
Current command: <>
Not Found Entity: cutting_board
Not Found Entity: cutting_board
Not Found Entity: cutting_board
Current command: <>
Current command: <>
Current command: <>
Not Found Entity: table
Not Found Entity: table
Not Found Entity: table
Current command: <>
Current command: <>
Current command: <>
Not Found Entity: cutting_board
Not Found Entity: cutting_board
Not Found Entity: cutting_board
Current command: <>
Current command: <>
Current command: <>
Current command: <>
Current command: <>
Current command: <>
Not Found Entity: table
Not Found Entity: table
Not Found Entity: table
Not Found Entity: table
Not Found Entity: table
Not Found Entity: table
Not Found Entity: cutting_board
Not Found Entity: cutting_board
Not Found Entity: cutting_board
Not Found Entity: cutting_board
Not Found Entity: cutting_board
Not Found Entity: cutting_board
Current command: <>
Current command: <>
Current command: <>
Current command: <>
Current command: <>
Current command: <>
Not Found Entity: table
Not Found Entity: table
Not Found Entity: table
Not Found Entity: cutting_board
Not Found Entity: cutting_board
Not Found Entity: cutting_board
Not Found Entity: table
Not Found Entity: table
Not Found Entity: table
Current command: <>
Current command: <>
Current command: <>
Current command: <>
Current command: <>
Current command: <>
Not Found Entity: cutting_board
Not Found Entity: cutting_board
Not Found Entity: cutting_board
Not Found Entity: cutting_board
Not Found Entity: cutting_board
Not Found Entity: cutting_board
Current command: <>
Current command: <>
Current command: <>
Not Found Entity: table
Not Found Entity: table
Not Found Entity: table
Current command: <>
Current command: <>
Current command: <>
Current command: <>
Current command: <>
Current command: <>
Not Found Entity: table
Not Found Entity: table
Not Found Entity: table
Current command: <>
Current command: <>
Current command: <>
Not Found Entity: table
Not Found Entity: table
Not Found Entity: table
Not Found Entity: cutting_board
Not Found Entity: cutting_board
Not Found Entity: cutting_board
Current command: <>
Current command: <>
Current command: <>
Current command: <>
Current command: <>
Current command: <>
Not Found Entity: cutting_board
Not Found Entity: cutting_board
Not Found Entity: cutting_board
Not Found Entity: cutting_board
Not Found Entity: cutting_board
Not Found Entity: cutting_board
Current command: <>
Current command: <>
Current command: <>
Not Found Entity: cutting_board
Not Found Entity: cutting_board
Not Found Entity: cutting_board
Current command: <>
Current command: <>
Current command: <>
Current command: <>
Current command: <>
Current command: <>
Current command: <>
Current command: <>
Current command: <>
Current command: <>
Current command: <>
Current command: <>
Current command: <>
Current command: <>
Current command: <>
Not Found Entity: cutting_board
Not Found Entity: cutting_board
Not Found Entity: cutting_board
Not Found Entity: cutting_board
Not Found Entity: cutting_board
Not Found Entity: cutting_board
Current command: <>
Current command: <>
Current command: <>
Current command: <>
Current command: <>
Current command: <>
Not Found Entity: cutting_board
Not Found Entity: cutting_board
Not Found Entity: cutting_board
Not Found Entity: cutting_board
Not Found Entity: cutting_board
Not Found Entity: cutting_board
Not Found Entity: cutting_board
Not Found Entity: cutting_board
Not Found Entity: cutting_board
Current command: <>
Current command: <>
Current command: <>
Current command: <>
Current command: <>
Current command: <>
Not Found Entity: table
Not Found Entity: table
Not Found Entity: table
Current command: <>
Current command: <>
Current command: <>
Not Found Entity: table
Not Found Entity: table
Not Found Entity: table
Not Found Entity: cutting_board
Not Found Entity: cutting_board
Not Found Entity: cutting_board
Current command: <>
Current command: <>
Current command: <>
Not Found Entity: table
Not Found Entity: table
Not Found Entity: table
Not Found Entity: cutting_board
Not Found Entity: cutting_board
Not Found Entity: cutting_board
Current command: <>
Current command: <>
Current command: <>
Not Found Entity: table
Not Found Entity: table
Not Found Entity: table
Not Found Entity: cutting_board
Not Found Entity: cutting_board
Not Found Entity: cutting_board
Not Found Entity: cutting_board
Not Found Entity: cutting_board
Not Found Entity: cutting_board
Current command: <>
Current command: <>
Current command: <>
7B  id                 tom             n= 924 rep=   0 tol=   0 off=   0 repro=True tolmis=0 arch=924/0 rawmis=0
Not Found Entity: cardboard_box
Not Found Entity: cardboard_box
Not Found Entity: cardboard_box
Current command: <>
Current command: <>
Current command: <>
Current command: <>
Current command: <>
Current command: <>
Current command: <>
Current command: <>
Current command: <>
Not Found Entity: table
Not Found Entity: table
Not Found Entity: table
Not Found Entity: cutting_board
Not Found Entity: cutting_board
Not Found Entity: cutting_board
Current command: <>
Current command: <>
Current command: <>
Not Found Entity: cutting_board
Not Found Entity: cutting_board
Not Found Entity: cutting_board
Not Found Entity: cutting_board
Not Found Entity: cutting_board
Not Found Entity: cutting_board
Not Found Entity: cutting_board
Not Found Entity: cutting_board
Not Found Entity: cutting_board
Current command: <>
Current command: <>
Current command: <>
Not Found Entity: cutting_board
Not Found Entity: cutting_board
Not Found Entity: cutting_board
Not Found Entity: table
Not Found Entity: table
Not Found Entity: table
Not Found Entity: cutting_board
Not Found Entity: cutting_board
Not Found Entity: cutting_board
Not Found Entity: cutting_board
Not Found Entity: cutting_board
Not Found Entity: cutting_board
Current command: <>
Current command: <>
Current command: <>
Not Found Entity: cutting_board
Not Found Entity: cutting_board
Not Found Entity: cutting_board
Current command: <>
Current command: <>
Current command: <>
Current command: <>
Current command: <>
Current command: <>
Current command: <>
Current command: <>
Current command: <>
Current command: <>
Current command: <>
Current command: <>
Not Found Entity: cutting_board
Not Found Entity: cutting_board
Not Found Entity: cutting_board
Current command: <>
Current command: <>
Current command: <>
Current command: <>
Current command: <>
Current command: <>
Not Found Entity: cutting_board
Not Found Entity: cutting_board
Not Found Entity: cutting_board
Current command: <>
Current command: <>
Current command: <>
Not Found Entity: fruit
Not Found Entity: fruit
Not Found Entity: fruit
Not Found Entity: cutting_board
Not Found Entity: cutting_board
Not Found Entity: cutting_board
Current command: <>
Current command: <>
Current command: <>
Current command: <>
Current command: <>
Current command: <>
Not Found Entity: table
Not Found Entity: table
Not Found Entity: table
Not Found Entity: cutting_board
Not Found Entity: cutting_board
Not Found Entity: cutting_board
Not Found Entity: cardboard_box
Not Found Entity: cardboard_box
Not Found Entity: cardboard_box
Not Found Entity: cutting_board
Not Found Entity: cutting_board
Not Found Entity: cutting_board
Current command: <>
Current command: <>
Current command: <>
Current command: <>
Current command: <>
Current command: <>
Not Found Entity: fruit
Not Found Entity: fruit
Not Found Entity: fruit
Not Found Entity: cutting_board
Not Found Entity: cutting_board
Not Found Entity: cutting_board
Current command: <>
Current command: <>
Current command: <>
Not Found Entity: cutting_board
Not Found Entity: cutting_board
Not Found Entity: cutting_board
Not Found Entity: table
Not Found Entity: table
Not Found Entity: table
Current command: <>
Current command: <>
Current command: <>
Current command: <>
Current command: <>
Current command: <>
Current command: <>
Current command: <>
Current command: <>
Not Found Entity: cutting_board
Not Found Entity: cutting_board
Not Found Entity: cutting_board
Current command: <>
Current command: <>
Current command: <>
Current command: <>
Current command: <>
Current command: <>
Not Found Entity: table
Not Found Entity: table
Not Found Entity: table
Not Found Entity: cutting_board
Not Found Entity: cutting_board
Not Found Entity: cutting_board
Current command: <>
Current command: <>
Current command: <>
Not Found Entity: cutting_board
Not Found Entity: cutting_board
Not Found Entity: cutting_board
Not Found Entity: table
Not Found Entity: table
Not Found Entity: table
Current command: <>
Current command: <>
Current command: <>
Not Found Entity: cutting_board
Not Found Entity: cutting_board
Not Found Entity: cutting_board
Not Found Entity: cutting_board
Not Found Entity: cutting_board
Not Found Entity: cutting_board
Current command: <>
Current command: <>
Current command: <>
Not Found Entity: cutting_board
Not Found Entity: cutting_board
Not Found Entity: cutting_board
Current command: <>
Current command: <>
Current command: <>
Not Found Entity: board
Not Found Entity: board
Not Found Entity: board
Not Found Entity: table
Not Found Entity: table
Not Found Entity: table
Current command: <>
Current command: <>
Current command: <>
Not Found Entity: cutting_board
Not Found Entity: cutting_board
Not Found Entity: cutting_board
Not Found Entity: cutting_board
Not Found Entity: cutting_board
Not Found Entity: cutting_board
Current command: <>
Current command: <>
Current command: <>
Current command: <>
Current command: <>
Current command: <>
Current command: <>
Current command: <>
Current command: <>
Current command: <>
Current command: <>
Current command: <>
Current command: <>
Current command: <>
Current command: <>
Current command: <>
Current command: <>
Current command: <>
Not Found Entity: cutting_board
Not Found Entity: cutting_board
Not Found Entity: cutting_board
Not Found Entity: cutting_board
Not Found Entity: cutting_board
Not Found Entity: cutting_board
Not Found Entity: cutting_board
Not Found Entity: cutting_board
Not Found Entity: cutting_board
Not Found Entity: cutting_board
Not Found Entity: cutting_board
Not Found Entity: cutting_board
Not Found Entity: cutting_board
Not Found Entity: cutting_board
Not Found Entity: cutting_board
Not Found Entity: cutting_board
Not Found Entity: cutting_board
Not Found Entity: cutting_board
Not Found Entity: cutting_board
Not Found Entity: cutting_board
Not Found Entity: cutting_board
Not Found Entity: cutting_board
Not Found Entity: cutting_board
Not Found Entity: cutting_board
Not Found Entity: cutting_board
Not Found Entity: cutting_board
Not Found Entity: cutting_board
Not Found Entity: cutting_board
Not Found Entity: cutting_board
Not Found Entity: cutting_board
Not Found Entity: table
Not Found Entity: table
Not Found Entity: table
Not Found Entity: cutting_board
Not Found Entity: cutting_board
Not Found Entity: cutting_board
Current command: <>
Current command: <>
Current command: <>
Current command: <>
Current command: <>
Current command: <>
Not Found Entity: cutting_board
Not Found Entity: cutting_board
Not Found Entity: cutting_board
Not Found Entity: cutting_board
Not Found Entity: cutting_board
Not Found Entity: cutting_board
Not Found Entity: table
Not Found Entity: table
Not Found Entity: table
Current command: <>
Current command: <>
Current command: <>
Not Found Entity: table
Not Found Entity: table
Not Found Entity: table
Not Found Entity: cutting_board
Not Found Entity: cutting_board
Not Found Entity: cutting_board
Not Found Entity: cutting_board
Not Found Entity: cutting_board
Not Found Entity: cutting_board
Current command: <>
Current command: <>
Current command: <>
Current command: <>
Current command: <>
Current command: <>
Not Found Entity: cutting_board
Not Found Entity: cutting_board
Not Found Entity: cutting_board
Not Found Entity: cutting_board
Not Found Entity: cutting_board
Not Found Entity: cutting_board
7B  id                 zero_shot       n= 924 rep=   0 tol=   0 off=   0 repro=True tolmis=0 arch=924/0 rawmis=0
Not Found Entity: bread_0
Not Found Entity: bread_0
Not Found Entity: bread_0
Not Found Entity: table
Not Found Entity: table
Not Found Entity: table
Not Found Entity: table
Not Found Entity: table
Not Found Entity: table
Not Found Entity: kitchen island area
Not Found Entity: kitchen island area
Not Found Entity: kitchen island area
Not Found Entity: table
Not Found Entity: table
Not Found Entity: table
Not Found Entity: table
Not Found Entity: table
Not Found Entity: table
Current command: <>
Current command: <>
Current command: <>
Not Found Entity: kitchen work area
Not Found Entity: kitchen work area
Not Found Entity: kitchen work area
Not Found Entity: kitchen island area
Not Found Entity: kitchen island area
Not Found Entity: kitchen island area
Not Found Entity: table
Not Found Entity: table
Not Found Entity: table
Not Found Entity: table
Not Found Entity: table
Not Found Entity: table
Not Found Entity: table
Not Found Entity: table
Not Found Entity: table
Current command: <>
Current command: <>
Current command: <>
Current command: <>
Current command: <>
Current command: <>
Not Found Entity: table
Not Found Entity: table
Not Found Entity: table
Not Found Entity: table
Not Found Entity: table
Not Found Entity: table
Not Found Entity: table
Not Found Entity: table
Not Found Entity: table
Not Found Entity: table
Not Found Entity: table
Not Found Entity: table
Current command: <>
Current command: <>
Current command: <>
Not Found Entity: table
Not Found Entity: table
Not Found Entity: table
Not Found Entity: table
Not Found Entity: table
Not Found Entity: table
Not Found Entity: kitchen work area
Not Found Entity: kitchen work area
Not Found Entity: kitchen work area
Not Found Entity: table
Not Found Entity: table
Not Found Entity: table
Not Found Entity: table
Not Found Entity: table
Not Found Entity: table
Not Found Entity: kitchen work area
Not Found Entity: kitchen work area
Not Found Entity: kitchen work area
Not Found Entity: bread_0
Not Found Entity: bread_0
Not Found Entity: bread_0
Not Found Entity: table
Not Found Entity: table
Not Found Entity: table
Not Found Entity: kitchen island area
Not Found Entity: kitchen island area
Not Found Entity: kitchen island area
Not Found Entity: table
Not Found Entity: table
Not Found Entity: table
Not Found Entity: kitchen work area
Not Found Entity: kitchen work area
Not Found Entity: kitchen work area
Not Found Entity: table
Not Found Entity: table
Not Found Entity: table
Not Found Entity: table
Not Found Entity: table
Not Found Entity: table
Not Found Entity: kitchen island area
Not Found Entity: kitchen island area
Not Found Entity: kitchen island area
Not Found Entity: table
Not Found Entity: table
Not Found Entity: table
Not Found Entity: table
Not Found Entity: table
Not Found Entity: table
7B  id                 trajectory_rag  n= 924 rep=   1 tol=   1 off=   1 repro=True tolmis=0 arch=924/0 rawmis=0
Current command: <>
Current command: <>
Current command: <>
Current command: <>
Current command: <>
Current command: <>
Current command: <>
Current command: <>
Current command: <>
Current command: <>
Current command: <>
Current command: <>
Current command: <>
Current command: <>
Current command: <>
Not Found Entity: table
Not Found Entity: kitchen work area
Not Found Entity: kitchen work area
Not Found Entity: kitchen work area
Not Found Entity: table
Not Found Entity: table
Not Found Entity: table
Current command: <>
Current command: <>
Current command: <>
Current command: <>
Current command: <>
Current command: <>
Not Found Entity: table
Not Found Entity: table
Not Found Entity: table
Current command: <>
Current command: <>
Current command: <>
Current command: <>
Current command: <>
Current command: <>
Current command: <>
Current command: <>
Current command: <>
Current command: <>
Current command: <>
Current command: <>
Current command: <>
Current command: <>
Current command: <>
Current command: <>
Current command: <>
Current command: <>
Current command: <>
Current command: <>
Current command: <>
Not Found Entity: table
Not Found Entity: table
Not Found Entity: table
Current command: <>
Current command: <>
Current command: <>
Not Found Entity: kitchen island area
Not Found Entity: kitchen island area
Not Found Entity: kitchen island area
Not Found Entity: table
Not Found Entity: kitchen island area
Not Found Entity: kitchen island area
Not Found Entity: kitchen island area
Not Found Entity: table
Not Found Entity: table
Not Found Entity: table
Current command: <>
Current command: <>
Current command: <>
Current command: <>
Current command: <>
Current command: <>
Not Found Entity: table
Not Found Entity: table
Not Found Entity: table
Not Found Entity: table
Not Found Entity: table
Not Found Entity: table
Not Found Entity: cutting_board
Not Found Entity: cutting_board
Not Found Entity: cutting_board
Not Found Entity: table
Not Found Entity: table
Not Found Entity: table
Current command: <>
Current command: <>
Current command: <>
Current command: <>
Current command: <>
Current command: <>
Not Found Entity: kitchen island area
Not Found Entity: kitchen island area
Not Found Entity: kitchen island area
Not Found Entity: table
Not Found Entity: table
Not Found Entity: table
Not Found Entity: table
Not Found Entity: table
Not Found Entity: table
Not Found Entity: table
Not Found Entity: table
Not Found Entity: table
Not Found Entity: table
Not Found Entity: table
Not Found Entity: table
Not Found Entity: table
Not Found Entity: table
Not Found Entity: table
Not Found Entity: table
Not Found Entity: table
Not Found Entity: table
Current command: <>
Current command: <>
Current command: <>
Current command: <>
Current command: <>
Current command: <>
Not Found Entity: table
Current command: <>
Current command: <>
Current command: <>
Current command: <>
Current command: <>
Current command: <>
Current command: <>
Current command: <>
Current command: <>
Not Found Entity: table
Not Found Entity: table
Not Found Entity: table
Not Found Entity: table
Not Found Entity: table
Not Found Entity: table
Not Found Entity: cutting_board
Not Found Entity: cutting_board
Not Found Entity: cutting_board
Not Found Entity: table
Not Found Entity: table
Not Found Entity: table
Not Found Entity: kitchen island area
Not Found Entity: kitchen island area
Not Found Entity: kitchen island area
Current command: <>
Current command: <>
Current command: <>
Current command: <>
Current command: <>
Current command: <>
Current command: <>
Current command: <>
Current command: <>
Not Found Entity: cutting board
Not Found Entity: cutting board
Not Found Entity: cutting board
Current command: <>
Current command: <>
Current command: <>
Current command: <>
Current command: <>
Current command: <>
Not Found Entity: table
Not Found Entity: table
Not Found Entity: table
Not Found Entity: table
Not Found Entity: table
Not Found Entity: table
Current command: <>
Current command: <>
Current command: <>
Not Found Entity: table
Not Found Entity: table
Not Found Entity: table
Current command: <>
Current command: <>
Current command: <>
Current command: <>
Current command: <>
Current command: <>
Not Found Entity: table
Not Found Entity: table
Not Found Entity: table
Current command: <>
Current command: <>
Current command: <>
Current command: <>
Current command: <>
Current command: <>
Not Found Entity: table
Not Found Entity: table
Not Found Entity: table
Current command: <>
Current command: <>
Current command: <>
Not Found Entity: table
Not Found Entity: table
Not Found Entity: table
Not Found Entity: table
Current command: <>
Current command: <>
Current command: <>
Not Found Entity: table
Not Found Entity: table
Not Found Entity: table
Not Found Entity: banana
Not Found Entity: banana
Not Found Entity: banana
Not Found Entity: table
Not Found Entity: table
Not Found Entity: table
Not Found Entity: table
Not Found Entity: table
Not Found Entity: table
Current command: <>
Current command: <>
Current command: <>
Not Found Entity: kitchen island area
Not Found Entity: kitchen island area
Not Found Entity: kitchen island area
Not Found Entity: table
Not Found Entity: table
Not Found Entity: table
Current command: <>
Current command: <>
Current command: <>
Current command: <>
Current command: <>
Current command: <>
Current command: <>
Current command: <>
Current command: <>
7B  id                 g_memory        n= 924 rep=  71 tol=  71 off=  69 repro=True tolmis=0 arch=924/0 rawmis=0
Not Found Entity: table
Not Found Entity: table
Not Found Entity: table
Not Found Entity: cutting board
Not Found Entity: cutting board
Not Found Entity: cutting board
Not Found Entity: cutting board
Not Found Entity: cutting board
Not Found Entity: cutting board
Not Found Entity: table
Not Found Entity: table
Not Found Entity: table
Not Found Entity: table
Not Found Entity: table
Not Found Entity: table
Not Found Entity: cutting_board
Not Found Entity: cutting_board
Not Found Entity: cutting_board
Not Found Entity: table
Not Found Entity: table
Not Found Entity: table
Current command: <>
Current command: <>
Current command: <>
Not Found Entity: cutting board
Not Found Entity: cutting board
Not Found Entity: cutting board
Not Found Entity: table
Not Found Entity: table
Not Found Entity: table
Current command: <>
Current command: <>
Current command: <>
Not Found Entity: table
Not Found Entity: table
Not Found Entity: table
Not Found Entity: bread
Not Found Entity: bread
Not Found Entity: bread
Current command: <>
Current command: <>
Current command: <>
Not Found Entity: cutting board
Not Found Entity: cutting board
Not Found Entity: cutting board
Not Found Entity: cutting board
Not Found Entity: cutting board
Not Found Entity: cutting board
Not Found Entity: table
Not Found Entity: table
Not Found Entity: table
Not Found Entity: cutting_board
Not Found Entity: cutting_board
Not Found Entity: cutting_board
Not Found Entity: table
Not Found Entity: table
Not Found Entity: table
Not Found Entity: table
Not Found Entity: table
Not Found Entity: table
Not Found Entity: table
Not Found Entity: table
Not Found Entity: table
Not Found Entity: table
Not Found Entity: table
Not Found Entity: table
Current command: <>
Current command: <>
Current command: <>
Not Found Entity: cutting board
Not Found Entity: cutting board
Not Found Entity: cutting board
Not Found Entity: table
Not Found Entity: table
Not Found Entity: table
Not Found Entity: kitchen work area
Not Found Entity: kitchen work area
Not Found Entity: kitchen work area
Not Found Entity: table
Not Found Entity: table
Not Found Entity: table
Current command: <>
Current command: <>
Current command: <>
Current command: <>
Current command: <>
Current command: <>
Not Found Entity: table
Not Found Entity: table
Not Found Entity: table
Not Found Entity: table
Not Found Entity: table
Not Found Entity: table
Not Found Entity: table
Not Found Entity: table
Not Found Entity: table
Not Found Entity: kitchen work area
Not Found Entity: kitchen work area
Not Found Entity: kitchen work area
Not Found Entity: kitchen island
Not Found Entity: kitchen island
Not Found Entity: kitchen island
Not Found Entity: table
Not Found Entity: table
Not Found Entity: table
Not Found Entity: kitchen work area
Not Found Entity: kitchen work area
Not Found Entity: kitchen work area
Not Found Entity: table
Not Found Entity: table
Not Found Entity: table
Not Found Entity: cutting board
Not Found Entity: cutting board
Not Found Entity: cutting board
Not Found Entity: cutting board
Not Found Entity: cutting board
Not Found Entity: cutting board
Not Found Entity: table
Not Found Entity: table
Not Found Entity: table
Not Found Entity: cutting board
Not Found Entity: cutting board
Not Found Entity: cutting board
Not Found Entity: table
Not Found Entity: table
Not Found Entity: table
Not Found Entity: cutting board
Not Found Entity: cutting board
Not Found Entity: cutting board
7B  id                 memento_style   n= 924 rep=  37 tol=  37 off=  37 repro=True tolmis=0 arch=0/0 rawmis=0
7B  ood_single_family  ours            n= 924 rep= 108 tol= 108 off= 108 repro=True tolmis=0 arch=0/0 rawmis=0
Not Found Entity: cutting_board
Not Found Entity: cutting_board
Not Found Entity: cutting_board
Not Found Entity: cutting_board
Not Found Entity: cutting_board
Not Found Entity: cutting_board
Current command: <>
Current command: <>
Current command: <>
Current command: <>
Current command: <>
Current command: <>
Not Found Entity: cutting_board
Not Found Entity: cutting_board
Not Found Entity: cutting_board
Current command: <>
Current command: <>
Current command: <>
Not Found Entity: table
Not Found Entity: table
Not Found Entity: table
Not Found Entity: cutting_board
Not Found Entity: cutting_board
Not Found Entity: cutting_board
Not Found Entity: cutting_board
Not Found Entity: cutting_board
Not Found Entity: cutting_board
Not Found Entity: table
Not Found Entity: table
Not Found Entity: table
Current command: <>
Current command: <>
Current command: <>
Current command: <>
Current command: <>
Current command: <>
Not Found Entity: cutting_board
Not Found Entity: cutting_board
Not Found Entity: cutting_board
Not Found Entity: banana
Not Found Entity: banana
Not Found Entity: banana
Not Found Entity: cutting_board
Not Found Entity: cutting_board
Not Found Entity: cutting_board
Current command: <>
Current command: <>
Current command: <>
Current command: <>
Current command: <>
Current command: <>
Current command: <>
Current command: <>
Current command: <>
Current command: <>
Current command: <>
Current command: <>
Not Found Entity: table
Not Found Entity: table
Not Found Entity: table
Current command: <>
Current command: <>
Current command: <>
Not Found Entity: cutting_board
Not Found Entity: cutting_board
Not Found Entity: cutting_board
Current command: <>
Current command: <>
Current command: <>
Not Found Entity: cutting_board
Not Found Entity: cutting_board
Not Found Entity: cutting_board
Current command: <>
Current command: <>
Current command: <>
Current command: <>
Current command: <>
Current command: <>
Current command: <>
Current command: <>
Current command: <>
Not Found Entity: cutting_board
Not Found Entity: cutting_board
Not Found Entity: cutting_board
Current command: <>
Current command: <>
Current command: <>
Not Found Entity: kitchen_counter
Not Found Entity: kitchen_counter
Not Found Entity: kitchen_counter
Current command: <>
Current command: <>
Current command: <>
Current command: <>
Current command: <>
Current command: <>
Not Found Entity: cutting_board
Not Found Entity: cutting_board
Not Found Entity: cutting_board
Current command: <>
Current command: <>
Current command: <>
Current command: <>
Current command: <>
Current command: <>
Current command: <>
Current command: <>
Current command: <>
Current command: <>
Current command: <>
Current command: <>
Not Found Entity: table
Not Found Entity: table
Not Found Entity: table
Not Found Entity: cutting_board
Not Found Entity: cutting_board
Not Found Entity: cutting_board
Current command: <>
Current command: <>
Current command: <>
Current command: <>
Current command: <>
Current command: <>
Current command: <>
Current command: <>
Current command: <>
Current command: <>
Current command: <>
Current command: <>
Not Found Entity: cutting_board
Not Found Entity: cutting_board
Not Found Entity: cutting_board
Current command: <>
Current command: <>
Current command: <>
Not Found Entity: table
Not Found Entity: table
Not Found Entity: table
Current command: <>
Current command: <>
Current command: <>
Not Found Entity: cutting_board
Not Found Entity: cutting_board
Not Found Entity: cutting_board
Not Found Entity: cardboard_box
Not Found Entity: cardboard_box
Not Found Entity: cardboard_box
Current command: <>
Current command: <>
Current command: <>
Current command: <>
Current command: <>
Current command: <>
Not Found Entity: table
Not Found Entity: table
Not Found Entity: table
Current command: <>
Current command: <>
Current command: <>
Not Found Entity: table
Not Found Entity: table
Not Found Entity: table
Current command: <>
Current command: <>
Current command: <>
Not Found Entity: table
Not Found Entity: table
Not Found Entity: table
Not Found Entity: cutting_board
Not Found Entity: cutting_board
Not Found Entity: cutting_board
Not Found Entity: cutting_board
Not Found Entity: cutting_board
Not Found Entity: cutting_board
Not Found Entity: cutting_board
Not Found Entity: cutting_board
Not Found Entity: cutting_board
Not Found Entity: cutting_board
Not Found Entity: cutting_board
Not Found Entity: cutting_board
Not Found Entity: cutting_board
Not Found Entity: cutting_board
Not Found Entity: cutting_board
Not Found Entity: table
Not Found Entity: table
Not Found Entity: table
Not Found Entity: cutting_board
Not Found Entity: cutting_board
Not Found Entity: cutting_board
Not Found Entity: cutting_board
Not Found Entity: cutting_board
Not Found Entity: cutting_board
Current command: <>
Current command: <>
Current command: <>
Current command: <>
Current command: <>
Current command: <>
Current command: <>
Current command: <>
Current command: <>
Current command: <>
Current command: <>
Current command: <>
Current command: <>
Current command: <>
Current command: <>
Current command: <>
Current command: <>
Current command: <>
Not Found Entity: table
Not Found Entity: table
Not Found Entity: table
Not Found Entity: cutting_board
Not Found Entity: cutting_board
Not Found Entity: cutting_board
Current command: <>
Current command: <>
Current command: <>
Not Found Entity: cutting_board
Not Found Entity: cutting_board
Not Found Entity: cutting_board
Current command: <>
Current command: <>
Current command: <>
Not Found Entity: table
Not Found Entity: table
Not Found Entity: table
Current command: <>
Current command: <>
Current command: <>
Not Found Entity: cutting_board
Not Found Entity: cutting_board
Not Found Entity: cutting_board
Not Found Entity: table
Not Found Entity: table
Not Found Entity: table
Not Found Entity: cutting_board
Not Found Entity: cutting_board
Not Found Entity: cutting_board
Not Found Entity: table
Not Found Entity: table
Not Found Entity: table
Not Found Entity: cutting_board
Not Found Entity: cutting_board
Not Found Entity: cutting_board
Current command: <>
Current command: <>
Current command: <>
Current command: <>
Current command: <>
Current command: <>
Current command: <>
Current command: <>
Current command: <>
Current command: <>
Current command: <>
Current command: <>
Not Found Entity: table
Not Found Entity: table
Not Found Entity: table
Not Found Entity: cutting_board
Not Found Entity: cutting_board
Not Found Entity: cutting_board
Current command: <>
Current command: <>
Current command: <>
Not Found Entity: cutting_board
Not Found Entity: cutting_board
Not Found Entity: cutting_board
Not Found Entity: table
Not Found Entity: table
Not Found Entity: table
Not Found Entity: table
Not Found Entity: table
Not Found Entity: table
Not Found Entity: cutting_board
Not Found Entity: cutting_board
Not Found Entity: cutting_board
Current command: <>
Current command: <>
Current command: <>
Current command: <>
Current command: <>
Current command: <>
Current command: <>
Current command: <>
Current command: <>
Not Found Entity: cutting_board
Not Found Entity: cutting_board
Not Found Entity: cutting_board
Current command: <>
Current command: <>
Current command: <>
Not Found Entity: table
Not Found Entity: table
Not Found Entity: table
Not Found Entity: cutting_board
Not Found Entity: cutting_board
Not Found Entity: cutting_board
Current command: <>
Current command: <>
Current command: <>
Current command: <>
Current command: <>
Current command: <>
Current command: <>
Current command: <>
Current command: <>
Current command: <>
Current command: <>
Current command: <>
Not Found Entity: cutting_board
Not Found Entity: cutting_board
Not Found Entity: cutting_board
Not Found Entity: table
Not Found Entity: table
Not Found Entity: table
Current command: <>
Current command: <>
Current command: <>
Not Found Entity: cutting_board
Not Found Entity: cutting_board
Not Found Entity: cutting_board
Current command: <>
Current command: <>
Current command: <>
Current command: <>
Current command: <>
Current command: <>
Not Found Entity: table
Not Found Entity: table
Not Found Entity: table
Current command: <>
Current command: <>
Current command: <>
Not Found Entity: cutting_board
Not Found Entity: cutting_board
Not Found Entity: cutting_board
Current command: <>
Current command: <>
Current command: <>
Not Found Entity: table
Not Found Entity: table
Not Found Entity: table
Current command: <>
Current command: <>
Current command: <>
Current command: <>
Current command: <>
Current command: <>
Not Found Entity: cutting_board
Not Found Entity: cutting_board
Not Found Entity: cutting_board
Current command: <>
Current command: <>
Current command: <>
7B  ood_single_family  tom             n= 924 rep=   0 tol=   0 off=   0 repro=True tolmis=0 arch=924/0 rawmis=0
Current command: <>
Current command: <>
Current command: <>
Current command: <>
Current command: <>
Current command: <>
Current command: <>
Current command: <>
Current command: <>
Current command: <>
Current command: <>
Current command: <>
Not Found Entity: stompy
Not Found Entity: stompy
Not Found Entity: stompy
Not Found Entity: cutting_board
Not Found Entity: cutting_board
Not Found Entity: cutting_board
Current command: <>
Current command: <>
Current command: <>
Not Found Entity: cutting_board
Not Found Entity: cutting_board
Not Found Entity: cutting_board
Not Found Entity: cutting_board
Not Found Entity: cutting_board
Not Found Entity: cutting_board
Not Found Entity: cutting_board
Not Found Entity: cutting_board
Not Found Entity: cutting_board
Not Found Entity: cutting_board
Not Found Entity: cutting_board
Not Found Entity: cutting_board
Current command: <>
Current command: <>
Current command: <>
Not Found Entity: cutting_board
Not Found Entity: cutting_board
Not Found Entity: cutting_board
Not Found Entity: cutting_board
Not Found Entity: cutting_board
Not Found Entity: cutting_board
Current command: <>
Current command: <>
Current command: <>
Current command: <>
Current command: <>
Current command: <>
Current command: <>
Current command: <>
Current command: <>
Not Found Entity: cutting_board
Not Found Entity: cutting_board
Not Found Entity: cutting_board
Not Found Entity: cutting_board
Not Found Entity: cutting_board
Not Found Entity: cutting_board
Not Found Entity: cutting_board
Not Found Entity: cutting_board
Not Found Entity: cutting_board
Not Found Entity: cutting_board
Not Found Entity: cutting_board
Not Found Entity: cutting_board
Not Found Entity: cutting_board
Not Found Entity: cutting_board
Not Found Entity: cutting_board
Not Found Entity: cutting_board
Not Found Entity: cutting_board
Not Found Entity: cutting_board
Current command: <>
Current command: <>
Current command: <>
Current command: <>
Current command: <>
Current command: <>
Not Found Entity: cutting_board
Not Found Entity: cutting_board
Not Found Entity: cutting_board
Current command: <>
Current command: <>
Current command: <>
Current command: <>
Current command: <>
Current command: <>
Current command: <>
Current command: <>
Current command: <>
Not Found Entity: cutting_board
Not Found Entity: cutting_board
Not Found Entity: cutting_board
Not Found Entity: cutting_board
Not Found Entity: cutting_board
Not Found Entity: cutting_board
Current command: <>
Current command: <>
Current command: <>
Current command: <>
Current command: <>
Current command: <>
Not Found Entity: cutting_board
Not Found Entity: cutting_board
Not Found Entity: cutting_board
Not Found Entity: cutting_board
Not Found Entity: cutting_board
Not Found Entity: cutting_board
Current command: <>
Current command: <>
Current command: <>
Not Found Entity: cutting_board
Not Found Entity: cutting_board
Not Found Entity: cutting_board
Not Found Entity: cutting_board
Not Found Entity: cutting_board
Not Found Entity: cutting_board
Not Found Entity: cutting_board
Not Found Entity: cutting_board
Not Found Entity: cutting_board
Not Found Entity: cutting_board
Not Found Entity: cutting_board
Not Found Entity: cutting_board
Current command: <>
Current command: <>
Current command: <>
Not Found Entity: cutting_board
Not Found Entity: cutting_board
Not Found Entity: cutting_board
Not Found Entity: cutting_board
Not Found Entity: cutting_board
Not Found Entity: cutting_board
Current command: <>
Current command: <>
Current command: <>
Not Found Entity: cutting_board
Not Found Entity: cutting_board
Not Found Entity: cutting_board
Current command: <>
Current command: <>
Current command: <>
Not Found Entity: cutting_board
Not Found Entity: cutting_board
Not Found Entity: cutting_board
Not Found Entity: cutting_board
Not Found Entity: cutting_board
Not Found Entity: cutting_board
Not Found Entity: cutting_board
Not Found Entity: cutting_board
Not Found Entity: cutting_board
Not Found Entity: cutting_board
Not Found Entity: cutting_board
Not Found Entity: cutting_board
Not Found Entity: cutting_board
Not Found Entity: cutting_board
Not Found Entity: cutting_board
Not Found Entity: cutting_board
Not Found Entity: cutting_board
Not Found Entity: cutting_board
Not Found Entity: cutting_board
Not Found Entity: cutting_board
Not Found Entity: cutting_board
Not Found Entity: cutting_board
Not Found Entity: cutting_board
Not Found Entity: cutting_board
Not Found Entity: cutting_board
Not Found Entity: cutting_board
Not Found Entity: cutting_board
Not Found Entity: cutting_board
Not Found Entity: cutting_board
Not Found Entity: cutting_board
Not Found Entity: cutting_board
Not Found Entity: cutting_board
Not Found Entity: cutting_board
Not Found Entity: cutting_board
Not Found Entity: cutting_board
Not Found Entity: cutting_board
Not Found Entity: cutting_board
Not Found Entity: cutting_board
Not Found Entity: cutting_board
Current command: <>
Current command: <>
Current command: <>
Not Found Entity: cutting_board
Not Found Entity: cutting_board
Not Found Entity: cutting_board
Not Found Entity: cutting_board
Not Found Entity: cutting_board
Not Found Entity: cutting_board
Not Found Entity: cutting_board
Not Found Entity: cutting_board
Not Found Entity: cutting_board
Not Found Entity: cutting_board
Not Found Entity: cutting_board
Not Found Entity: cutting_board
Not Found Entity: cutting_board
Not Found Entity: cutting_board
Not Found Entity: cutting_board
Not Found Entity: cutting_board
Not Found Entity: cutting_board
Not Found Entity: cutting_board
Not Found Entity: cutting_board
Not Found Entity: cutting_board
Not Found Entity: cutting_board
Not Found Entity: cutting_board
Not Found Entity: cutting_board
Not Found Entity: cutting_board
Not Found Entity: cutting_board
Not Found Entity: cutting_board
Not Found Entity: cutting_board
Not Found Entity: table
Not Found Entity: table
Not Found Entity: table
Current command: <>
Current command: <>
Current command: <>
Not Found Entity: table
Not Found Entity: table
Not Found Entity: table
Not Found Entity: fruit
Not Found Entity: fruit
Not Found Entity: fruit
Not Found Entity: kitchen_counter
Not Found Entity: kitchen_counter
Not Found Entity: kitchen_counter
Not Found Entity: table
Not Found Entity: table
Not Found Entity: table
Not Found Entity: table
Not Found Entity: table
Not Found Entity: table
Not Found Entity: table
Not Found Entity: table
Not Found Entity: table
Not Found Entity: table
Not Found Entity: table
Not Found Entity: table
Not Found Entity: fruit
Not Found Entity: fruit
Not Found Entity: fruit
Not Found Entity: table
Not Found Entity: table
Not Found Entity: table
Not Found Entity: table
Not Found Entity: table
Not Found Entity: table
Not Found Entity: fetch
Not Found Entity: fetch
Not Found Entity: fetch
Current command: <>
Current command: <>
Current command: <>
Current command: <>
Current command: <>
Current command: <>
Current command: <>
Current command: <>
Current command: <>
Current command: <>
Current command: <>
Current command: <>
Current command: <>
Current command: <>
Current command: <>
Current command: <>
Current command: <>
Current command: <>
Current command: <>
Current command: <>
Current command: <>
Current command: <>
Current command: <>
Current command: <>
Current command: <>
Current command: <>
Current command: <>
Current command: <>
Current command: <>
Current command: <>
Current command: <>
Current command: <>
Current command: <>
Current command: <>
Current command: <>
Current command: <>
Current command: <>
Current command: <>
Current command: <>
Current command: <>
Current command: <>
Current command: <>
Current command: <>
Current command: <>
Current command: <>
Current command: <>
Current command: <>
Current command: <>
Current command: <>
Current command: <>
Current command: <>
Current command: <>
Current command: <>
Current command: <>
Current command: <>
Current command: <>
Current command: <>
Current command: <>
Current command: <>
Current command: <>
Current command: <>
Current command: <>
Current command: <>
Current command: <>
Current command: <>
Current command: <>
Current command: <>
Current command: <>
Current command: <>
Current command: <>
Current command: <>
Current command: <>
Current command: <>
Current command: <>
Current command: <>
Current command: <>
Current command: <>
Current command: <>
Current command: <>
Current command: <>
Current command: <>
Current command: <>
Current command: <>
Current command: <>
Current command: <>
Current command: <>
Current command: <>
Current command: <>
Current command: <>
Current command: <>
7B  ood_single_family  zero_shot       n= 924 rep=   0 tol=   0 off=   0 repro=True tolmis=0 arch=924/0 rawmis=0
Not Found Entity: fork_0
Not Found Entity: fork_0
Not Found Entity: fork_0
Not Found Entity: kitchen island area
Not Found Entity: kitchen island area
Not Found Entity: kitchen island area
Not Found Entity: kitchen work area
Not Found Entity: kitchen work area
Not Found Entity: kitchen work area
Not Found Entity: pumpkin_0
Not Found Entity: pumpkin_0
Not Found Entity: pumpkin_0
Not Found Entity: table
Not Found Entity: table
Not Found Entity: table
Not Found Entity: table
Not Found Entity: table
Not Found Entity: table
Not Found Entity: table
Not Found Entity: table
Not Found Entity: table
Not Found Entity: table
Not Found Entity: table
Not Found Entity: table
Not Found Entity: table
Not Found Entity: table
Not Found Entity: table
Not Found Entity: table
Not Found Entity: table
Not Found Entity: table
Not Found Entity: bowl
Not Found Entity: bowl
Not Found Entity: bowl
Not Found Entity: table
Not Found Entity: table
Not Found Entity: table
Not Found Entity: table
Not Found Entity: table
Not Found Entity: table
Not Found Entity: table
Not Found Entity: table
Not Found Entity: table
Not Found Entity: table
Not Found Entity: table
Not Found Entity: table
Not Found Entity: table
Not Found Entity: table
Not Found Entity: table
Not Found Entity: table
Not Found Entity: table
Not Found Entity: table
Not Found Entity: table
Not Found Entity: table
Not Found Entity: table
Not Found Entity: table
Not Found Entity: table
Not Found Entity: table
Not Found Entity: table
Not Found Entity: table
Not Found Entity: table
Not Found Entity: table
Not Found Entity: table
Not Found Entity: table
Not Found Entity: table
Not Found Entity: table
Not Found Entity: table
Not Found Entity: table
Not Found Entity: table
Not Found Entity: table
Not Found Entity: missing_fruit
Not Found Entity: missing_fruit
Not Found Entity: missing_fruit
Not Found Entity: table
Not Found Entity: table
Not Found Entity: table
Not Found Entity: table
Not Found Entity: table
Not Found Entity: table
Current command: <>
Current command: <>
Current command: <>
Not Found Entity: sink
Not Found Entity: sink
Not Found Entity: sink
Not Found Entity: kitchen island area
Not Found Entity: kitchen island area
Not Found Entity: kitchen island area
Current command: <>
Current command: <>
Current command: <>
Current command: <>
Current command: <>
Current command: <>
Not Found Entity: kitchen work area
Not Found Entity: kitchen work area
Not Found Entity: kitchen work area
Current command: <>
Current command: <>
Current command: <>
Current command: <>
Current command: <>
Current command: <>
Current command: <>
Current command: <>
Current command: <>
Current command: <>
Current command: <>
Current command: <>
Not Found Entity: kitchen island area
Not Found Entity: kitchen island area
Not Found Entity: kitchen island area
7B  ood_single_family  trajectory_rag  n= 924 rep=   0 tol=   0 off=   0 repro=True tolmis=0 arch=924/0 rawmis=0
Current command: <>
Current command: <>
Current command: <>
Not Found Entity: cabinet door
Not Found Entity: cabinet door
Not Found Entity: cabinet door
Current command: <>
Current command: <>
Current command: <>
Current command: <>
Current command: <>
Current command: <>
Current command: <>
Current command: <>
Current command: <>
Not Found Entity: cutting board
Not Found Entity: cutting board
Not Found Entity: cutting board
Not Found Entity: cutting_board
Not Found Entity: cutting_board
Not Found Entity: cutting_board
Current command: <>
Current command: <>
Current command: <>
Current command: <>
Current command: <>
Current command: <>
Not Found Entity: cutting_board
Not Found Entity: cutting_board
Not Found Entity: cutting_board
Not Found Entity: cutting_board
Not Found Entity: cutting_board
Not Found Entity: cutting_board
Current command: <>
Current command: <>
Current command: <>
Current command: <>
Current command: <>
Current command: <>
Not Found Entity: cutting_board
Not Found Entity: cutting_board
Not Found Entity: cutting_board
Current command: <>
Current command: <>
Current command: <>
Current command: <>
Current command: <>
Current command: <>
Not Found Entity: cutting_board
Not Found Entity: cutting_board
Not Found Entity: cutting_board
Current command: <>
Current command: <>
Current command: <>
Current command: <>
Current command: <>
Current command: <>
Current command: <>
Current command: <>
Current command: <>
Current command: <>
Current command: <>
Current command: <>
Not Found Entity: table
Not Found Entity: table
Not Found Entity: table
Not Found Entity: table
Not Found Entity: table
Not Found Entity: table
Not Found Entity: table
Not Found Entity: table
Not Found Entity: table
Not Found Entity: table
Not Found Entity: table
Not Found Entity: table
Not Found Entity: table
Not Found Entity: table
Not Found Entity: table
Not Found Entity: table
Not Found Entity: table
Not Found Entity: table
Not Found Entity: table
Not Found Entity: table
Not Found Entity: table
Not Found Entity: table
Not Found Entity: table
Not Found Entity: table
Not Found Entity: table
Not Found Entity: fruit
Not Found Entity: fruit
Not Found Entity: fruit
Not Found Entity: table
Not Found Entity: table
Not Found Entity: table
Not Found Entity: table
Not Found Entity: table
Not Found Entity: table
Not Found Entity: table
Not Found Entity: table
Not Found Entity: table
Not Found Entity: table
Not Found Entity: table
Not Found Entity: table
Not Found Entity: table
Not Found Entity: table
Not Found Entity: table
Not Found Entity: table
Not Found Entity: table
Not Found Entity: table
Not Found Entity: table
Not Found Entity: table
Not Found Entity: table
Not Found Entity: table
Not Found Entity: table
Not Found Entity: table
Not Found Entity: table
Not Found Entity: table
Not Found Entity: table
Not Found Entity: table
Not Found Entity: table
Not Found Entity: table
Not Found Entity: table
Not Found Entity: table
Not Found Entity: table
Not Found Entity: table
Not Found Entity: table
Not Found Entity: table
Not Found Entity: table
Not Found Entity: table
Not Found Entity: table
Not Found Entity: table
Not Found Entity: table
Not Found Entity: table
Not Found Entity: table
Not Found Entity: table
Not Found Entity: table
Not Found Entity: table
Not Found Entity: table
Not Found Entity: table
Not Found Entity: table
Not Found Entity: table
Not Found Entity: table
Not Found Entity: table
Not Found Entity: table
Not Found Entity: table
Not Found Entity: table
Not Found Entity: table
Not Found Entity: table
Not Found Entity: table
Not Found Entity: table
Not Found Entity: table
Not Found Entity: table
Not Found Entity: table
Not Found Entity: table
Not Found Entity: table
Not Found Entity: table
Not Found Entity: table
Not Found Entity: table
Not Found Entity: table
Not Found Entity: table
Not Found Entity: table
Not Found Entity: table
Not Found Entity: table
Not Found Entity: table
Not Found Entity: table
Not Found Entity: table
Not Found Entity: table
Not Found Entity: table
Not Found Entity: table
Not Found Entity: table
Not Found Entity: table
Not Found Entity: table
Not Found Entity: table
Not Found Entity: table
Not Found Entity: table
Not Found Entity: table
Not Found Entity: table
Not Found Entity: table
Not Found Entity: table
Not Found Entity: table
Not Found Entity: table
Not Found Entity: table
Not Found Entity: table
Not Found Entity: table
Current command: <>
Current command: <>
Current command: <>
Current command: <>
Current command: <>
Current command: <>
Current command: <>
Current command: <>
Current command: <>
Not Found Entity: work_area
Not Found Entity: work_area
Not Found Entity: work_area
Current command: <>
Current command: <>
Current command: <>
Current command: <>
Current command: <>
Current command: <>
Not Found Entity: kitchen island area
Not Found Entity: kitchen island area
Not Found Entity: kitchen island area
Current command: <>
Current command: <>
Current command: <>
Current command: <>
Current command: <>
Current command: <>
Current command: <>
Current command: <>
Current command: <>
Current command: <>
Current command: <>
Current command: <>
Not Found Entity: work_area
Not Found Entity: work_area
Not Found Entity: work_area
Current command: <>
Current command: <>
Current command: <>
Not Found Entity: kitchen work area
Not Found Entity: kitchen work area
Not Found Entity: kitchen work area
Current command: <>
Current command: <>
Current command: <>
Current command: <>
Current command: <>
Current command: <>
Current command: <>
Current command: <>
Current command: <>
Not Found Entity: kitchen island area
Not Found Entity: kitchen island area
Not Found Entity: kitchen island area
Not Found Entity: kitchen island area
Not Found Entity: kitchen island area
Not Found Entity: kitchen island area
Current command: <>
Current command: <>
Current command: <>
Current command: <>
Current command: <>
Current command: <>
Not Found Entity: cabinet
Not Found Entity: cabinet
Not Found Entity: cabinet
Not Found Entity: kitchen work area
Not Found Entity: kitchen work area
Not Found Entity: kitchen work area
Current command: <>
Current command: <>
Current command: <>
Not Found Entity: cabinet
Not Found Entity: cabinet
Not Found Entity: cabinet
Not Found Entity: kitchen island area
Not Found Entity: kitchen island area
Not Found Entity: kitchen island area
Not Found Entity: kitchen work area
Not Found Entity: kitchen work area
Not Found Entity: kitchen work area
Current command: <>
Current command: <>
Current command: <>
7B  ood_single_family  g_memory        n= 924 rep=  42 tol=  42 off=  42 repro=True tolmis=0 arch=924/0 rawmis=0
Current command: <>
Current command: <>
Current command: <>
Current command: <>
Current command: <>
Current command: <>
Current command: <>
Current command: <>
Current command: <>
Not Found Entity: cutting board
Not Found Entity: cutting board
Not Found Entity: cutting board
Current command: <>
Current command: <>
Current command: <>
Not Found Entity: cutting board
Not Found Entity: cutting board
Not Found Entity: cutting board
Not Found Entity: cutting board
Not Found Entity: cutting board
Not Found Entity: cutting board
Not Found Entity: cutting board
Not Found Entity: cutting board
Not Found Entity: cutting board
Not Found Entity: cutting board
Not Found Entity: cutting board
Not Found Entity: cutting board
Not Found Entity: cutting board
Not Found Entity: cutting board
Not Found Entity: cutting board
Current command: <>
Current command: <>
Current command: <>
Not Found Entity: kitchen work area
Not Found Entity: kitchen work area
Not Found Entity: kitchen work area
Current command: <>
Current command: <>
Current command: <>
Not Found Entity: cutting board
Not Found Entity: cutting board
Not Found Entity: cutting board
Not Found Entity: cutting board
Not Found Entity: cutting board
Not Found Entity: cutting board
Not Found Entity: kitchen work area
Not Found Entity: kitchen work area
Not Found Entity: kitchen work area
Not Found Entity: cutting board
Not Found Entity: cutting board
Not Found Entity: cutting board
Not Found Entity: cutting board
Not Found Entity: cutting board
Not Found Entity: cutting board
Not Found Entity: cutting board
Not Found Entity: cutting board
Not Found Entity: cutting board
Not Found Entity: kitchen island area
Not Found Entity: kitchen island area
Not Found Entity: kitchen island area
Current command: <>
Current command: <>
Current command: <>
Current command: <>
Current command: <>
Current command: <>
Current command: <>
Current command: <>
Current command: <>
Not Found Entity: table
Not Found Entity: table
Not Found Entity: table
Not Found Entity: table
Not Found Entity: table
Not Found Entity: table
Not Found Entity: table
Not Found Entity: table
Not Found Entity: table
Not Found Entity: table
Not Found Entity: table
Not Found Entity: table
Not Found Entity: table
Not Found Entity: table
Not Found Entity: table
Not Found Entity: table
Not Found Entity: table
Not Found Entity: table
Not Found Entity: table
Not Found Entity: table
Not Found Entity: table
Not Found Entity: table
Not Found Entity: table
Not Found Entity: table
Not Found Entity: table
Not Found Entity: table
Not Found Entity: table
Not Found Entity: kitchen work area
Not Found Entity: kitchen work area
Not Found Entity: kitchen work area
Not Found Entity: table
Not Found Entity: table
Not Found Entity: table
Current command: <>
Current command: <>
Current command: <>
Not Found Entity: kitchen work area
Not Found Entity: kitchen work area
Not Found Entity: kitchen work area
Not Found Entity: table
Not Found Entity: table
Not Found Entity: table
Not Found Entity: kitchen work area
Not Found Entity: kitchen work area
Not Found Entity: kitchen work area
Not Found Entity: table
Not Found Entity: table
Not Found Entity: table
Not Found Entity: kitchen work area
Not Found Entity: kitchen work area
Not Found Entity: kitchen work area
Not Found Entity: table
Not Found Entity: table
Not Found Entity: table
Not Found Entity: table
Not Found Entity: table
Not Found Entity: table
Current command: <>
Current command: <>
Current command: <>
Not Found Entity: table
Not Found Entity: table
Not Found Entity: table
Not Found Entity: kitchen work area
Not Found Entity: kitchen work area
Not Found Entity: kitchen work area
Not Found Entity: table
Not Found Entity: table
Not Found Entity: table
Not Found Entity: table
Not Found Entity: table
Not Found Entity: table
Not Found Entity: table
Not Found Entity: table
Not Found Entity: table
Current command: <>
Current command: <>
Current command: <>
Current command: <>
Current command: <>
Current command: <>
Current command: <>
Current command: <>
Current command: <>
Current command: <>
Current command: <>
Current command: <>
Current command: <>
Current command: <>
Current command: <>
Current command: <>
Current command: <>
Current command: <>
Not Found Entity: kitchen island area
Not Found Entity: kitchen island area
Not Found Entity: kitchen island area
Current command: <>
Current command: <>
Current command: <>
Current command: <>
Current command: <>
Current command: <>
Current command: <>
Current command: <>
Current command: <>
Current command: <>
Current command: <>
Current command: <>
Not Found Entity: cabinet
Not Found Entity: cabinet
Not Found Entity: cabinet
Not Found Entity: cabinet
Not Found Entity: cabinet
Not Found Entity: cabinet
Not Found Entity: kitchen island
Not Found Entity: kitchen island
Not Found Entity: kitchen island
Current command: <>
Current command: <>
Current command: <>
Current command: <>
Current command: <>
Current command: <>
Not Found Entity: cabinet
Not Found Entity: cabinet
Not Found Entity: cabinet
Current command: <>
Current command: <>
Current command: <>
Current command: <>
Current command: <>
Current command: <>
Not Found Entity: cabinet
Not Found Entity: cabinet
Not Found Entity: cabinet
Not Found Entity: cabinet
Not Found Entity: cabinet
Not Found Entity: cabinet
Current command: <>
Current command: <>
Current command: <>
Not Found Entity: cabinet
Not Found Entity: cabinet
Not Found Entity: cabinet
Not Found Entity: cabinet
Not Found Entity: cabinet
Not Found Entity: cabinet
Not Found Entity: cabinet
Not Found Entity: cabinet
Not Found Entity: cabinet
Current command: <>
Current command: <>
Current command: <>
7B  ood_single_family  memento_style   n= 924 rep=  13 tol=  13 off=  13 repro=True tolmis=0 arch=0/0 rawmis=0
7B  pure_text          ours            n= 297 rep=  76 tol=  76 off=  76 repro=True tolmis=0 arch=0/0 rawmis=0
Current command: <>
Current command: <>
Current command: <>
Current command: <>
Current command: <>
Current command: <>
Current command: <>
Current command: <>
Current command: <>
Current command: <>
Current command: <>
Current command: <>
Current command: <>
Current command: <>
Current command: <>
Current command: <>
Current command: <>
Current command: <>
Current command: <>
Current command: <>
Current command: <>
Not Found Entity: cutting_board
Not Found Entity: cutting_board
Not Found Entity: cutting_board
Current command: <>
Current command: <>
Current command: <>
Current command: <>
Current command: <>
Current command: <>
Current command: <>
Current command: <>
Current command: <>
Current command: <>
Current command: <>
Current command: <>
Current command: <>
Current command: <>
Current command: <>
Current command: <>
Current command: <>
Current command: <>
Current command: <>
Current command: <>
Current command: <>
Current command: <>
Current command: <>
Current command: <>
Current command: <>
Current command: <>
Current command: <>
Current command: <>
Current command: <>
Current command: <>
Current command: <>
Current command: <>
Current command: <>
Current command: <>
Current command: <>
Current command: <>
Current command: <>
Current command: <>
Current command: <>
Not Found Entity: kitchen work area
Not Found Entity: kitchen work area
Not Found Entity: kitchen work area
Current command: <>
Current command: <>
Current command: <>
Current command: <>
Current command: <>
Current command: <>
Current command: <>
Current command: <>
Current command: <>
Current command: <>
Current command: <>
Current command: <>
7B  pure_text          tom             n= 297 rep=   0 tol=   0 off=   0 repro=True tolmis=0 arch=297/0 rawmis=0
Current command: <>
Current command: <>
Current command: <>
Current command: <>
Current command: <>
Current command: <>
Current command: <>
Current command: <>
Current command: <>
Current command: <>
Current command: <>
Current command: <>
Current command: <>
Current command: <>
Current command: <>
Current command: <>
Current command: <>
Current command: <>
Current command: <>
Current command: <>
Current command: <>
Current command: <>
Current command: <>
Current command: <>
Current command: <>
Current command: <>
Current command: <>
Current command: <>
Current command: <>
Current command: <>
Current command: <>
Current command: <>
Current command: <>
Current command: <>
Current command: <>
Current command: <>
Current command: <>
Current command: <>
Current command: <>
Current command: <>
Current command: <>
Current command: <>
Current command: <>
Current command: <>
Current command: <>
Current command: <>
Current command: <>
Current command: <>
Current command: <>
Current command: <>
Current command: <>
Current command: <>
Current command: <>
Current command: <>
7B  pure_text          zero_shot       n= 297 rep=   0 tol=   0 off=   0 repro=True tolmis=0 arch=297/0 rawmis=0
7B  pure_text          trajectory_rag  n= 297 rep=   0 tol=   0 off=   0 repro=True tolmis=0 arch=297/0 rawmis=0
Current command: <>
Current command: <>
Current command: <>
Not Found Entity: kitchen island area
Not Found Entity: kitchen island area
Not Found Entity: kitchen island area
Current command: <>
Current command: <>
Current command: <>
Current command: <>
Current command: <>
Current command: <>
Not Found Entity: cutting board
Not Found Entity: cutting board
Not Found Entity: cutting board
Current command: <>
Current command: <>
Current command: <>
Current command: <>
Current command: <>
Current command: <>
Current command: <>
Current command: <>
Current command: <>
7B  pure_text          g_memory        n= 297 rep=   0 tol=   0 off=   0 repro=True tolmis=0 arch=297/0 rawmis=0
Not Found Entity: kitchen island area
Not Found Entity: kitchen island area
Not Found Entity: kitchen island area
Not Found Entity: kitchen island area
Not Found Entity: kitchen island area
Not Found Entity: kitchen island area
Current command: <>
Current command: <>
Current command: <>
Not Found Entity: kitchen work area
Not Found Entity: kitchen work area
Not Found Entity: kitchen work area
Not Found Entity: kitchen work area
Not Found Entity: kitchen work area
Not Found Entity: kitchen work area
Not Found Entity: kitchen work area
Not Found Entity: kitchen work area
Not Found Entity: kitchen work area
Current command: <>
Current command: <>
Current command: <>
Current command: <>
Current command: <>
Current command: <>
Current command: <>
Current command: <>
Current command: <>
Not Found Entity: kitchen island area
Not Found Entity: kitchen island area
Not Found Entity: kitchen island area
Not Found Entity: kitchen island area
Not Found Entity: kitchen island area
Not Found Entity: kitchen island area
Current command: <>
Current command: <>
Current command: <>
Current command: <>
Current command: <>
Current command: <>
Current command: <>
Current command: <>
Current command: <>
Current command: <>
Current command: <>
Current command: <>
Current command: <>
Current command: <>
Current command: <>
Not Found Entity: kitchen work area
Not Found Entity: kitchen work area
Not Found Entity: kitchen work area
7B  pure_text          memento_style   n= 297 rep=   0 tol=   0 off=   0 repro=True tolmis=0 arch=0/0 rawmis=0
7B  cg_image           ours            n= 297 rep=  45 tol=  45 off=  45 repro=True tolmis=0 arch=0/0 rawmis=0
Not Found Entity: cutting_board
Not Found Entity: cutting_board
Not Found Entity: cutting_board
Current command: <>
Current command: <>
Current command: <>
Not Found Entity: cutting_board
Not Found Entity: cutting_board
Not Found Entity: cutting_board
Not Found Entity: kitchen island
Not Found Entity: kitchen island
Not Found Entity: kitchen island
Not Found Entity: cutting_board
Not Found Entity: cutting_board
Not Found Entity: cutting_board
Current command: <>
Current command: <>
Current command: <>
Not Found Entity: cutting_board
Not Found Entity: cutting_board
Not Found Entity: cutting_board
Not Found Entity: cutting_board
Not Found Entity: cutting_board
Not Found Entity: cutting_board
Not Found Entity: cutting_board
Not Found Entity: cutting_board
Not Found Entity: cutting_board
Not Found Entity: cutting_board
Not Found Entity: cutting_board
Not Found Entity: cutting_board
Current command: <>
Current command: <>
Current command: <>
Not Found Entity: cutting_board
Not Found Entity: cutting_board
Not Found Entity: cutting_board
Current command: <>
Current command: <>
Current command: <>
Not Found Entity: cutting_board
Not Found Entity: cutting_board
Not Found Entity: cutting_board
Current command: <>
Current command: <>
Current command: <>
Not Found Entity: cutting_board
Not Found Entity: cutting_board
Not Found Entity: cutting_board
Not Found Entity: cutting_board
Not Found Entity: cutting_board
Not Found Entity: cutting_board
Current command: <>
Current command: <>
Current command: <>
Not Found Entity: cutting_board
Not Found Entity: cutting_board
Not Found Entity: cutting_board
Not Found Entity: cutting_board
Not Found Entity: cutting_board
Not Found Entity: cutting_board
Current command: <>
Current command: <>
Current command: <>
Not Found Entity: cutting_board
Not Found Entity: cutting_board
Not Found Entity: cutting_board
Not Found Entity: cutting_board
Not Found Entity: cutting_board
Not Found Entity: cutting_board
Not Found Entity: cutting_board
Not Found Entity: cutting_board
Not Found Entity: cutting_board
Not Found Entity: cutting_board
Not Found Entity: cutting_board
Not Found Entity: cutting_board
Not Found Entity: cutting_board
Not Found Entity: cutting_board
Not Found Entity: cutting_board
Current command: <>
Current command: <>
Current command: <>
Current command: <>
Current command: <>
Current command: <>
Not Found Entity: cutting_board
Not Found Entity: cutting_board
Not Found Entity: cutting_board
Not Found Entity: cutting_board
Not Found Entity: cutting_board
Not Found Entity: cutting_board
Current command: <>
Current command: <>
Current command: <>
Not Found Entity: cutting_board
Not Found Entity: cutting_board
Not Found Entity: cutting_board
Current command: <>
Current command: <>
Current command: <>
Current command: <>
Current command: <>
Current command: <>
Current command: <>
Current command: <>
Current command: <>
Not Found Entity: cutting_board
Not Found Entity: cutting_board
Not Found Entity: cutting_board
Not Found Entity: cutting_board
Not Found Entity: cutting_board
Not Found Entity: cutting_board
Not Found Entity: cutting_board
Not Found Entity: cutting_board
Not Found Entity: cutting_board
Not Found Entity: cutting_board
Not Found Entity: cutting_board
Not Found Entity: cutting_board
Not Found Entity: cutting_board
Not Found Entity: cutting_board
Not Found Entity: cutting_board
Current command: <>
Current command: <>
Current command: <>
Not Found Entity: cutting_board
Not Found Entity: cutting_board
Not Found Entity: cutting_board
Not Found Entity: cutting_board
Not Found Entity: cutting_board
Not Found Entity: cutting_board
Not Found Entity: cutting_board
Not Found Entity: cutting_board
Not Found Entity: cutting_board
Current command: <>
Current command: <>
Current command: <>
Not Found Entity: cutting_board
Not Found Entity: cutting_board
Not Found Entity: cutting_board
Current command: <>
Current command: <>
Current command: <>
Current command: <>
Current command: <>
Current command: <>
7B  cg_image           tom             n= 297 rep=   0 tol=   0 off=   0 repro=True tolmis=0 arch=297/0 rawmis=0
Not Found Entity: kitchen island
Not Found Entity: kitchen island
Not Found Entity: kitchen island
Not Found Entity: cutting_board
Not Found Entity: cutting_board
Not Found Entity: cutting_board
Not Found Entity: cutting_board
Not Found Entity: cutting_board
Not Found Entity: cutting_board
Not Found Entity: cutting_board
Not Found Entity: cutting_board
Not Found Entity: cutting_board
Not Found Entity: cutting_board
Not Found Entity: cutting_board
Not Found Entity: cutting_board
Current command: <>
Current command: <>
Current command: <>
Not Found Entity: kitchen island
Not Found Entity: kitchen island
Not Found Entity: kitchen island
Not Found Entity: cutting_board
Not Found Entity: cutting_board
Not Found Entity: cutting_board
Not Found Entity: cutting_board
Not Found Entity: cutting_board
Not Found Entity: cutting_board
Current command: <>
Current command: <>
Current command: <>
Not Found Entity: cutting_board
Not Found Entity: cutting_board
Not Found Entity: cutting_board
Current command: <>
Current command: <>
Current command: <>
Not Found Entity: cutting_board
Not Found Entity: cutting_board
Not Found Entity: cutting_board
Current command: <>
Current command: <>
Current command: <>
Current command: <>
Current command: <>
Current command: <>
Current command: <>
Current command: <>
Current command: <>
Current command: <>
Current command: <>
Current command: <>
Current command: <>
Current command: <>
Current command: <>
Current command: <>
Current command: <>
Current command: <>
Not Found Entity: cutting_board
Not Found Entity: cutting_board
Not Found Entity: cutting_board
Not Found Entity: cutting_board
Not Found Entity: cutting_board
Not Found Entity: cutting_board
Not Found Entity: cutting_board
Not Found Entity: cutting_board
Not Found Entity: cutting_board
Not Found Entity: cutting_board
Not Found Entity: cutting_board
Not Found Entity: cutting_board
Not Found Entity: cutting_board
Not Found Entity: cutting_board
Not Found Entity: cutting_board
Not Found Entity: cutting_board
Not Found Entity: cutting_board
Not Found Entity: cutting_board
Current command: <>
Current command: <>
Current command: <>
Not Found Entity: cutting_board
Not Found Entity: cutting_board
Not Found Entity: cutting_board
Not Found Entity: cutting_board
Not Found Entity: cutting_board
Not Found Entity: cutting_board
Not Found Entity: cutting_board
Not Found Entity: cutting_board
Not Found Entity: cutting_board
Current command: <>
Current command: <>
Current command: <>
Not Found Entity: cutting_board
Not Found Entity: cutting_board
Not Found Entity: cutting_board
Not Found Entity: cutting_board
Not Found Entity: cutting_board
Not Found Entity: cutting_board
Not Found Entity: cutting_board
Not Found Entity: cutting_board
Not Found Entity: cutting_board
Current command: <>
Current command: <>
Current command: <>
Not Found Entity: cutting_board
Not Found Entity: cutting_board
Not Found Entity: cutting_board
Not Found Entity: cutting_board
Not Found Entity: cutting_board
Not Found Entity: cutting_board
Not Found Entity: cutting_board
Not Found Entity: cutting_board
Not Found Entity: cutting_board
Not Found Entity: cutting_board
Not Found Entity: cutting_board
Not Found Entity: cutting_board
7B  cg_image           zero_shot       n= 297 rep=   0 tol=   0 off=   0 repro=True tolmis=0 arch=297/0 rawmis=0
Current command: <>
Current command: <>
Current command: <>
Not Found Entity: kitchen island area
Not Found Entity: kitchen island area
Not Found Entity: kitchen island area
7B  cg_image           trajectory_rag  n= 297 rep=   0 tol=   0 off=   0 repro=True tolmis=0 arch=297/0 rawmis=0
Not Found Entity: cutting board
Not Found Entity: cutting board
Not Found Entity: cutting board
Current command: <>
Current command: <>
Current command: <>
Current command: <>
Current command: <>
Current command: <>
Current command: <>
Current command: <>
Current command: <>
Current command: <>
Current command: <>
Current command: <>
Not Found Entity: cutting_board
Not Found Entity: cutting_board
Not Found Entity: cutting_board
Not Found Entity: cutting board
Not Found Entity: cutting board
Not Found Entity: cutting board
7B  cg_image           g_memory        n= 297 rep=   0 tol=   0 off=   0 repro=True tolmis=0 arch=297/0 rawmis=0
Not Found Entity: kitchen island area
Not Found Entity: kitchen island area
Not Found Entity: kitchen island area
Not Found Entity: kitchen work area
Not Found Entity: kitchen work area
Not Found Entity: kitchen work area
Not Found Entity: kitchen work area
Not Found Entity: kitchen work area
Not Found Entity: kitchen work area
Not Found Entity: kitchen island area
Not Found Entity: kitchen island area
Not Found Entity: kitchen island area
Current command: <>
Current command: <>
Current command: <>
Not Found Entity: cutting board
Not Found Entity: cutting board
Not Found Entity: cutting board
Not Found Entity: cutting board
Not Found Entity: cutting board
Not Found Entity: cutting board
Not Found Entity: kitchen work area
Not Found Entity: kitchen work area
Not Found Entity: kitchen work area
Not Found Entity: cutting board
Not Found Entity: cutting board
Not Found Entity: cutting board
Not Found Entity: kitchen work area
Not Found Entity: kitchen work area
Not Found Entity: kitchen work area
Not Found Entity: kitchen work area
Not Found Entity: kitchen work area
Not Found Entity: kitchen work area
Current command: <>
Current command: <>
Current command: <>
Not Found Entity: cutting board
Not Found Entity: cutting board
Not Found Entity: cutting board
Current command: <>
Current command: <>
Current command: <>
Not Found Entity: kitchen island
Not Found Entity: kitchen island
Not Found Entity: kitchen island
Not Found Entity: kitchen island area
Not Found Entity: kitchen island area
Not Found Entity: kitchen island area
Current command: <>
Current command: <>
Current command: <>
Not Found Entity: kitchen island area
Not Found Entity: kitchen island area
Not Found Entity: kitchen island area
Not Found Entity: kitchen work area
Not Found Entity: kitchen work area
Not Found Entity: kitchen work area
7B  cg_image           memento_style   n= 297 rep=   0 tol=   0 off=   0 repro=True tolmis=0 arch=0/0 rawmis=0

reproduces summary csv: True
tolerant recompute mismatches: 0
archived task_score rows / mismatches: 29304 0
raw text mismatch vs source: 0
ours raw-text official hits: 0
FLIPS: 0 []
significance changes: []
max p (any conv): 7.231600975860771e-06
