bank,kind,skill,inst,e_src,demo_parse,seq_parse,provenance_episode,provenance_steps,transition,n_transitions,single_errand
R,individual,navigate_to_target_individual,0,agent_0_llm,0,1,0,0,0,0,0
R,individual,navigate_to_target_individual,1,agent_1_llm,0,1,0,0,0,0,0
R,individual,navigate_to_target_individual,2,agent_0_llm,0,0,0,0,0,0,0
R,individual,navigate_to_target_individual,3,agent_1_llm,0,1,0,0,0,0,0
R,individual,navigate_to_target_individual,4,agent_0_llm,0,1,0,0,0,0,0
R,individual,navigate_to_target_individual,5,agent_1_llm,0,1,0,0,0,0,0
R,individual,navigate_to_target_individual,6,agent_0_llm,0,0,0,0,0,0,0
R,individual,navigate_to_target_individual,7,agent_1_llm,0,0,0,0,0,0,0
R,individual,navigate_to_target_individual,8,agent_0_llm,0,1,0,0,0,0,0
R,individual,navigate_to_target_individual,9,agent_1_llm,0,1,0,0,0,0,0
R,individual,navigate_to_target_individual,10,agent_0_llm,0,1,0,0,0,0,0
R,individual,navigate_to_target_individual,11,agent_1_llm,0,1,0,0,0,0,0
R,individual,navigate_to_target_individual,12,agent_0_llm,0,0,0,0,0,0,0
R,individual,navigate_to_target_individual,13,agent_1_llm,0,1,0,0,0,0,0
R,individual,navigate_to_target_individual,14,agent_0_llm,0,1,0,0,0,0,0
R,individual,navigate_to_target_individual,15,agent_1_llm,0,1,0,0,0,0,0
R,individual,navigate_to_target_individual,16,agent_0_llm,0,1,0,0,0,0,0
R,individual,navigate_to_target_individual,17,agent_1_llm,0,1,0,0,0,0,0
R,individual,navigate_to_target_individual,18,agent_0_llm,0,1,0,0,0,0,0
R,individual,navigate_to_target_individual,19,agent_0_llm,0,0,0,0,0,0,0
R,individual,navigate_to_target_individual,20,agent_1_llm,0,0,0,0,0,0,0
R,individual,navigate_to_target_individual,21,agent_1_llm,0,1,0,0,0,0,0
R,individual,navigate_to_target_individual,22,agent_1_llm,0,1,0,0,0,0,0
R,individual,navigate_to_target_individual,23,agent_0_llm,0,1,0,0,0,0,0
R,individual,navigate_to_target_individual,24,agent_1_llm,0,1,0,0,0,0,0
R,individual,navigate_to_target_individual,25,agent_1_llm,0,1,0,0,0,0,0
R,individual,navigate_to_target_individual,26,agent_0_llm,0,1,0,0,0,0,0
R,individual,navigate_to_target_individual,27,agent_1_llm,0,1,0,0,0,0,0
R,individual,navigate_to_target_individual,28,agent_0_llm,0,1,0,0,0,0,0
R,individual,navigate_to_target_individual,29,agent_1_llm,0,1,0,0,0,0,0
R,individual,navigate_to_target_individual,30,agent_1_llm,0,1,0,0,0,0,0
R,individual,navigate_to_target_individual,31,agent_1_llm,0,1,0,0,0,0,0
R,individual,navigate_to_target_individual,32,agent_1_llm,0,1,0,0,0,0,0
R,individual,navigate_to_target_individual,33,agent_0_llm,0,1,0,0,0,0,0
R,individual,navigate_to_target_individual,34,agent_1_llm,0,1,0,0,0,0,0
R,individual,navigate_to_target_individual,35,agent_0_llm,0,1,0,0,0,0,0
R,individual,navigate_to_target_individual,36,agent_1_llm,0,1,0,0,0,0,0
R,individual,navigate_to_target_individual,37,agent_0_llm,0,1,0,0,0,0,0
R,individual,navigate_to_target_individual,38,agent_1_llm,0,1,0,0,0,0,0
R,individual,navigate_to_target_individual,39,agent_0_llm,0,0,0,0,0,0,0
R,individual,navigate_to_target_individual,40,agent_1_llm,0,1,0,0,0,0,0
R,individual,navigate_to_target_individual,41,agent_1_llm,0,1,0,0,0,0,0
R,individual,navigate_to_target_individual,42,agent_0_llm,0,0,0,0,0,0,0
R,individual,navigate_to_target_individual,43,agent_0_llm,0,0,0,0,0,0,0
R,individual,navigate_to_target_individual,44,agent_1_llm,0,1,0,0,0,0,0
R,individual,navigate_to_target_individual,45,agent_0_llm,0,1,0,0,0,0,0
R,individual,navigate_to_target_individual,46,agent_1_llm,0,1,0,0,0,0,0
R,individual,navigate_to_target_individual,47,agent_0_llm,0,1,0,0,0,0,0
R,individual,navigate_to_target_individual,48,agent_1_llm,0,1,0,0,0,0,0
R,individual,navigate_to_target_individual,49,agent_0_llm,0,0,0,0,0,0,0
R,individual,navigate_to_target_individual,50,agent_1_llm,0,1,0,0,0,0,0
R,individual,navigate_to_target_individual,51,agent_0_llm,0,0,0,0,0,0,0
R,individual,navigate_to_target_individual,52,agent_1_llm,0,1,0,0,0,0,0
R,individual,navigate_to_target_individual,53,agent_0_llm,0,1,0,0,0,0,0
R,individual,navigate_to_target_individual,54,agent_0_llm,0,1,0,0,0,0,0
R,individual,navigate_to_target_individual,55,agent_1_llm,0,1,0,0,0,0,0
R,individual,navigate_to_target_individual,56,agent_1_llm,0,0,0,0,0,0,0
R,individual,navigate_to_target_individual,57,agent_1_llm,0,1,0,0,0,0,0
R,individual,navigate_to_target_individual,58,agent_0_llm,0,1,0,0,0,0,0
R,individual,navigate_to_target_individual,59,agent_1_llm,0,1,0,0,0,0,0
R,individual,navigate_to_target_individual,60,agent_1_llm,0,1,0,0,0,0,0
R,individual,navigate_to_target_individual,61,agent_1_llm,0,1,0,0,0,0,0
R,individual,navigate_to_target_individual,62,agent_0_llm,0,0,0,0,0,0,0
R,individual,navigate_to_target_individual,63,agent_1_llm,0,0,0,0,0,0,0
R,individual,navigate_to_target_individual,64,agent_0_llm,0,1,0,0,0,0,0
R,individual,navigate_to_target_individual,65,agent_1_llm,0,1,0,0,0,0,0
R,individual,navigate_to_target_individual,66,agent_1_llm,0,0,0,0,0,0,0
R,individual,navigate_to_target_individual,67,agent_0_llm,0,1,0,0,0,0,0
R,individual,navigate_to_target_individual,68,agent_1_llm,0,1,0,0,0,0,0
R,individual,navigate_to_target_individual,69,agent_1_llm,0,1,0,0,0,0,0
R,individual,navigate_to_target_individual,70,agent_0_llm,0,1,0,0,0,0,0
R,individual,navigate_to_target_individual,71,agent_1_llm,0,1,0,0,0,0,0
R,individual,navigate_to_target_individual,72,agent_0_llm,0,1,0,0,0,0,0
R,individual,navigate_to_target_individual,73,agent_1_llm,0,1,0,0,0,0,0
R,individual,navigate_to_target_individual,74,agent_1_llm,0,1,0,0,0,0,0
R,individual,navigate_to_target_individual,75,agent_0_llm,0,1,0,0,0,0,0
R,individual,navigate_to_target_individual,76,agent_0_llm,0,1,0,0,0,0,0
R,individual,navigate_to_target_individual,77,agent_1_llm,0,1,0,0,0,0,0
R,individual,navigate_to_target_individual,78,agent_0_llm,0,0,0,0,0,0,0
R,individual,navigate_to_target_individual,79,agent_1_llm,0,1,0,0,0,0,0
R,individual,navigate_to_target_individual,80,agent_0_llm,0,1,0,0,0,0,0
R,individual,navigate_to_target_individual,81,agent_1_llm,0,1,0,0,0,0,0
R,individual,navigate_to_target_individual,82,agent_1_llm,0,1,0,0,0,0,0
R,individual,navigate_to_target_individual,83,agent_0_llm,0,1,0,0,0,0,0
R,individual,navigate_to_target_individual,84,agent_0_llm,0,1,0,0,0,0,0
R,individual,navigate_to_target_individual,85,agent_1_llm,0,1,0,0,0,0,0
R,individual,navigate_to_target_individual,86,agent_0_llm,0,0,0,0,0,0,0
R,individual,navigate_to_target_individual,87,agent_1_llm,0,1,0,0,0,0,0
R,individual,navigate_to_target_individual,88,agent_0_llm,0,0,0,0,0,0,0
R,individual,navigate_to_target_individual,89,agent_1_llm,0,1,0,0,0,0,0
R,individual,navigate_to_target_individual,90,agent_0_llm,0,1,0,0,0,0,0
R,individual,navigate_to_target_individual,91,agent_1_llm,0,1,0,0,0,0,0
R,individual,navigate_to_target_individual,92,agent_0_llm,0,1,0,0,0,0,0
R,individual,navigate_to_target_individual,93,agent_1_llm,0,1,0,0,0,0,0
R,individual,navigate_to_target_individual,94,agent_0_llm,0,1,0,0,0,0,0
R,individual,navigate_to_target_individual,95,agent_1_llm,0,1,0,0,0,0,0
R,individual,navigate_to_target_individual,96,agent_0_llm,0,1,0,0,0,0,0
R,individual,navigate_to_target_individual,97,agent_1_llm,0,1,0,0,0,0,0
R,individual,navigate_to_target_individual,98,agent_0_llm,0,1,0,0,0,0,0
R,individual,navigate_to_target_individual,99,agent_1_llm,0,1,0,0,0,0,0
R,individual,navigate_to_target_individual,100,agent_0_llm,0,1,0,0,0,0,0
R,individual,navigate_to_target_individual,101,agent_1_llm,0,1,0,0,0,0,0
R,individual,navigate_to_target_individual,102,agent_0_llm,0,1,0,0,0,0,0
R,individual,navigate_to_target_individual,103,agent_1_llm,0,1,0,0,0,0,0
R,individual,navigate_to_target_individual,104,agent_0_llm,0,1,0,0,0,0,0
R,individual,navigate_to_target_individual,105,agent_1_llm,0,1,0,0,0,0,0
R,individual,navigate_to_target_individual,106,agent_0_llm,0,1,0,0,0,0,0
R,individual,navigate_to_target_individual,107,agent_1_llm,0,1,0,0,0,0,0
R,individual,navigate_to_target_individual,108,agent_0_llm,0,1,0,0,0,0,0
R,individual,navigate_to_target_individual,109,agent_1_llm,0,1,0,0,0,0,0
R,individual,navigate_to_target_individual,110,agent_1_llm,0,1,0,0,0,0,0
R,individual,navigate_to_target_individual,111,agent_0_llm,0,1,0,0,0,0,0
R,individual,navigate_to_target_individual,112,agent_1_llm,0,1,0,0,0,0,0
R,individual,navigate_to_target_individual,113,agent_1_llm,0,1,0,0,0,0,0
R,individual,navigate_to_target_individual,114,agent_1_llm,0,1,0,0,0,0,0
R,individual,navigate_to_target_individual,115,agent_0_llm,0,1,0,0,0,0,0
R,individual,navigate_to_target_individual,116,agent_1_llm,0,1,0,0,0,0,0
R,individual,navigate_to_target_individual,117,agent_0_llm,0,1,0,0,0,0,0
R,individual,navigate_to_target_individual,118,agent_1_llm,0,1,0,0,0,0,0
R,individual,navigate_to_target_individual,119,agent_0_llm,0,0,0,0,0,0,0
R,individual,navigate_to_target_individual,120,agent_1_llm,0,1,0,0,0,0,0
R,individual,navigate_to_target_individual,121,agent_1_llm,0,1,0,0,0,0,0
R,individual,navigate_to_target_individual,122,agent_0_llm,0,0,0,0,0,0,0
R,individual,navigate_to_target_individual,123,agent_1_llm,0,1,0,0,0,0,0
R,individual,navigate_to_target_individual,124,agent_1_llm,0,1,0,0,0,0,0
R,individual,navigate_to_target_individual,125,agent_1_llm,0,1,0,0,0,0,0
R,individual,navigate_to_target_individual,126,agent_0_llm,0,0,0,0,0,0,0
R,individual,navigate_to_target_individual,127,agent_1_llm,0,1,0,0,0,0,0
R,individual,navigate_to_target_individual,128,agent_0_llm,0,1,0,0,0,0,0
R,individual,navigate_to_target_individual,129,agent_1_llm,0,1,0,0,0,0,0
R,individual,navigate_to_target_individual,130,agent_0_llm,0,1,0,0,0,0,0
R,individual,navigate_to_target_individual,131,agent_1_llm,0,1,0,0,0,0,0
R,individual,navigate_to_target_individual,132,agent_0_llm,0,0,0,0,0,0,0
R,individual,navigate_to_target_individual,133,agent_1_llm,0,0,0,0,0,0,0
R,individual,navigate_to_target_individual,134,agent_0_llm,0,1,0,0,0,0,0
R,individual,navigate_to_target_individual,135,agent_1_llm,0,1,0,0,0,0,0
R,individual,navigate_to_target_individual,136,agent_0_llm,0,1,0,0,0,0,0
R,individual,navigate_to_target_individual,137,agent_1_llm,0,1,0,0,0,0,0
R,individual,navigate_to_target_individual,138,agent_0_llm,0,1,0,0,0,0,0
R,individual,navigate_to_target_individual,139,agent_1_llm,0,1,0,0,0,0,0
R,individual,navigate_to_target_individual,140,agent_1_llm,0,1,0,0,0,0,0
R,individual,navigate_to_target_individual,141,agent_1_llm,0,1,0,0,0,0,0
R,individual,navigate_to_target_individual,142,agent_0_llm,0,1,0,0,0,0,0
R,individual,navigate_to_target_individual,143,agent_1_llm,0,1,0,0,0,0,0
R,individual,navigate_to_target_individual,144,agent_0_llm,0,1,0,0,0,0,0
R,individual,navigate_to_target_individual,145,agent_1_llm,0,1,0,0,0,0,0
R,individual,navigate_to_target_individual,146,agent_1_llm,0,1,0,0,0,0,0
R,individual,navigate_to_target_individual,147,agent_1_llm,0,1,0,0,0,0,0
R,individual,navigate_to_target_individual,148,agent_0_llm,0,1,0,0,0,0,0
R,individual,navigate_to_target_individual,149,agent_1_llm,0,1,0,0,0,0,0
R,individual,navigate_to_target_individual,150,agent_0_llm,0,0,0,0,0,0,0
R,individual,navigate_to_target_individual,151,agent_1_llm,0,0,0,0,0,0,0
R,individual,navigate_to_target_individual,152,agent_0_llm,0,1,0,0,0,0,0
R,individual,navigate_to_target_individual,153,agent_1_llm,0,1,0,0,0,0,0
R,individual,navigate_to_target_individual,154,agent_1_llm,0,1,0,0,0,0,0
R,individual,navigate_to_target_individual,155,agent_1_llm,0,1,0,0,0,0,0
R,individual,navigate_to_target_individual,156,agent_1_llm,0,1,0,0,0,0,0
R,individual,navigate_to_target_individual,157,agent_0_llm,0,1,0,0,0,0,0
R,individual,navigate_to_target_individual,158,agent_1_llm,0,1,0,0,0,0,0
R,individual,navigate_to_target_individual,159,agent_1_llm,0,1,0,0,0,0,0
R,individual,navigate_to_target_individual,160,agent_1_llm,0,1,0,0,0,0,0
R,individual,navigate_to_target_individual,161,agent_1_llm,0,1,0,0,0,0,0
R,individual,navigate_to_target_individual,162,agent_0_llm,0,1,0,0,0,0,0
R,individual,navigate_to_target_individual,163,agent_1_llm,0,1,0,0,0,0,0
R,individual,navigate_to_target_individual,164,agent_0_llm,0,0,0,0,0,0,0
R,individual,navigate_to_target_individual,165,agent_1_llm,0,1,0,0,0,0,0
R,individual,navigate_to_target_individual,166,agent_0_llm,0,1,0,0,0,0,0
R,individual,navigate_to_target_individual,167,agent_1_llm,0,1,0,0,0,0,0
R,individual,navigate_to_target_individual,168,agent_1_llm,0,1,0,0,0,0,0
R,individual,navigate_to_target_individual,169,agent_0_llm,0,1,0,0,0,0,0
R,individual,navigate_to_target_individual,170,agent_1_llm,0,1,0,0,0,0,0
R,individual,navigate_to_target_individual,171,agent_0_llm,0,1,0,0,0,0,0
R,individual,navigate_to_target_individual,172,agent_1_llm,0,1,0,0,0,0,0
R,individual,navigate_to_target_individual,173,agent_1_llm,0,1,0,0,0,0,0
R,individual,navigate_to_target_individual,174,agent_0_llm,0,0,0,0,0,0,0
R,individual,navigate_to_target_individual,175,agent_1_llm,0,0,0,0,0,0,0
R,individual,navigate_to_target_individual,176,agent_1_llm,0,1,0,0,0,0,0
R,individual,navigate_to_target_individual,177,agent_1_llm,0,1,0,0,0,0,0
R,individual,navigate_to_target_individual,178,agent_1_llm,0,1,0,0,0,0,0
R,individual,navigate_to_target_individual,179,agent_1_llm,0,1,0,0,0,0,0
R,individual,navigate_to_target_individual,180,agent_1_llm,0,1,0,0,0,0,0
R,individual,navigate_to_target_individual,181,agent_0_llm,0,1,0,0,0,0,0
R,individual,navigate_to_target_individual,182,agent_1_llm,0,1,0,0,0,0,0
R,individual,navigate_to_target_individual,183,agent_0_llm,0,1,0,0,0,0,0
R,individual,navigate_to_target_individual,184,agent_0_llm,0,1,0,0,0,0,0
R,individual,navigate_to_target_individual,185,agent_1_llm,0,1,0,0,0,0,0
R,individual,navigate_to_target_individual,186,agent_1_llm,0,1,0,0,0,0,0
R,individual,navigate_to_target_individual,187,agent_0_llm,0,1,0,0,0,0,0
R,individual,navigate_to_target_individual,188,agent_1_llm,0,1,0,0,0,0,0
R,individual,navigate_to_target_individual,189,agent_0_llm,0,1,0,0,0,0,0
R,individual,navigate_to_target_individual,190,agent_1_llm,0,1,0,0,0,0,0
R,individual,navigate_to_target_individual,191,agent_1_llm,0,1,0,0,0,0,0
R,individual,navigate_to_target_individual,192,agent_1_llm,0,1,0,0,0,0,0
R,individual,navigate_to_target_individual,193,agent_0_llm,0,1,0,0,0,0,0
R,individual,navigate_to_target_individual,194,agent_1_llm,0,1,0,0,0,0,0
R,individual,navigate_to_target_individual,195,agent_1_llm,0,1,0,0,0,0,0
R,individual,navigate_to_target_individual,196,agent_1_llm,0,1,0,0,0,0,0
R,individual,navigate_to_target_individual,197,agent_1_llm,0,1,0,0,0,0,0
R,individual,navigate_to_target_individual,198,agent_0_llm,0,1,0,0,0,0,0
R,individual,navigate_to_target_individual,199,agent_0_llm,0,1,0,0,0,0,0
R,individual,navigate_to_target_individual,200,agent_1_llm,0,1,0,0,0,0,0
R,individual,navigate_to_target_individual,201,agent_0_llm,0,1,0,0,0,0,0
R,individual,navigate_to_target_individual,202,agent_1_llm,0,1,0,0,0,0,0
R,individual,navigate_to_target_individual,203,agent_0_llm,0,1,0,0,0,0,0
R,individual,navigate_to_target_individual,204,agent_1_llm,0,1,0,0,0,0,0
R,individual,navigate_to_target_individual,205,agent_0_llm,0,1,0,0,0,0,0
R,individual,navigate_to_target_individual,206,agent_1_llm,0,1,0,0,0,0,0
R,individual,navigate_to_target_individual,207,agent_0_llm,0,1,0,0,0,0,0
R,individual,navigate_to_target_individual,208,agent_1_llm,0,1,0,0,0,0,0
R,individual,navigate_to_target_individual,209,agent_1_llm,0,1,0,0,0,0,0
R,individual,navigate_to_target_individual,210,agent_0_llm,0,1,0,0,0,0,0
R,individual,navigate_to_target_individual,211,agent_1_llm,0,1,0,0,0,0,0
R,individual,navigate_to_target_individual,212,agent_0_llm,0,0,0,0,0,0,0
R,individual,navigate_to_target_individual,213,agent_1_llm,0,1,0,0,0,0,0
R,individual,navigate_to_target_individual,214,agent_0_llm,0,1,0,0,0,0,0
R,individual,navigate_to_target_individual,215,agent_1_llm,0,1,0,0,0,0,0
R,individual,navigate_to_target_individual,216,agent_0_llm,0,1,0,0,0,0,0
R,individual,navigate_to_target_individual,217,agent_1_llm,0,1,0,0,0,0,0
R,individual,navigate_to_target_individual,218,agent_0_llm,0,1,0,0,0,0,0
R,individual,navigate_to_target_individual,219,agent_1_llm,0,1,0,0,0,0,0
R,individual,navigate_to_target_individual,220,agent_0_llm,0,0,0,0,0,0,0
R,individual,navigate_to_target_individual,221,agent_1_llm,0,1,0,0,0,0,0
R,individual,navigate_to_target_individual,222,agent_1_llm,0,1,0,0,0,0,0
R,individual,navigate_to_target_individual,223,agent_0_llm,0,1,0,0,0,0,0
R,individual,navigate_to_target_individual,224,agent_0_llm,0,1,0,0,0,0,0
R,individual,navigate_to_target_individual,225,agent_1_llm,0,1,0,0,0,0,0
R,individual,navigate_to_target_individual,226,agent_1_llm,0,1,0,0,0,0,0
R,individual,navigate_to_target_individual,227,agent_0_llm,0,1,0,0,0,0,0
R,individual,navigate_to_target_individual,228,agent_1_llm,0,1,0,0,0,0,0
R,individual,navigate_to_target_individual,229,agent_0_llm,0,1,0,0,0,0,0
R,individual,navigate_to_target_individual,230,agent_1_llm,0,1,0,0,0,0,0
R,individual,navigate_to_target_individual,231,agent_1_llm,0,1,0,0,0,0,0
R,individual,navigate_to_target_individual,232,agent_0_llm,0,1,0,0,0,0,0
R,individual,navigate_to_target_individual,233,agent_1_llm,0,1,0,0,0,0,0
R,individual,navigate_to_target_individual,234,agent_0_llm,0,0,0,0,0,0,0
R,individual,navigate_to_target_individual,235,agent_0_llm,0,0,0,0,0,0,0
R,individual,navigate_to_target_individual,236,agent_1_llm,0,1,0,0,0,0,0
R,individual,navigate_to_target_individual,237,agent_0_llm,0,1,0,0,0,0,0
R,individual,navigate_to_target_individual,238,agent_1_llm,0,1,0,0,0,0,0
R,individual,navigate_to_target_individual,239,agent_0_llm,0,1,0,0,0,0,0
R,individual,navigate_to_target_individual,240,agent_1_llm,0,1,0,0,0,0,0
R,individual,navigate_to_target_individual,241,agent_1_llm,0,1,0,0,0,0,0
R,individual,navigate_to_target_individual,242,agent_1_llm,0,1,0,0,0,0,0
R,individual,navigate_to_target_individual,243,agent_0_llm,0,1,0,0,0,0,0
R,individual,navigate_to_target_individual,244,agent_1_llm,0,1,0,0,0,0,0
R,individual,navigate_to_target_individual,245,agent_1_llm,0,1,0,0,0,0,0
R,individual,navigate_to_target_individual,246,agent_0_llm,0,1,0,0,0,0,0
R,individual,navigate_to_target_individual,247,agent_1_llm,0,1,0,0,0,0,0
R,individual,navigate_to_target_individual,248,agent_1_llm,0,1,0,0,0,0,0
R,individual,navigate_to_target_individual,249,agent_1_llm,0,1,0,0,0,0,0
R,individual,navigate_to_target_individual,250,agent_0_llm,0,1,0,0,0,0,0
R,individual,navigate_to_target_individual,251,agent_1_llm,0,1,0,0,0,0,0
R,individual,navigate_to_target_individual,252,agent_0_llm,0,1,0,0,0,0,0
R,individual,navigate_to_target_individual,253,agent_1_llm,0,1,0,0,0,0,0
R,individual,navigate_to_target_individual,254,agent_1_llm,0,1,0,0,0,0,0
R,individual,navigate_to_target_individual,255,agent_1_llm,0,1,0,0,0,0,0
R,individual,navigate_to_target_individual,256,agent_0_llm,0,0,0,0,0,0,0
R,individual,navigate_to_target_individual,257,agent_1_llm,0,1,0,0,0,0,0
R,individual,navigate_to_target_individual,258,agent_0_llm,0,1,0,0,0,0,0
R,individual,navigate_to_target_individual,259,agent_1_llm,0,1,0,0,0,0,0
R,individual,navigate_to_target_individual,260,agent_0_llm,0,1,0,0,0,0,0
R,individual,navigate_to_target_individual,261,agent_1_llm,0,1,0,0,0,0,0
R,individual,navigate_to_target_individual,262,agent_1_llm,0,1,0,0,0,0,0
R,individual,navigate_to_target_individual,263,agent_0_llm,0,1,0,0,0,0,0
R,individual,navigate_to_target_individual,264,agent_1_llm,0,1,0,0,0,0,0
R,individual,navigate_to_target_individual,265,agent_1_llm,0,1,0,0,0,0,0
R,individual,navigate_to_target_individual,266,agent_0_llm,0,1,0,0,0,0,0
R,individual,navigate_to_target_individual,267,agent_1_llm,0,1,0,0,0,0,0
R,individual,navigate_to_target_individual,268,agent_0_llm,0,1,0,0,0,0,0
R,individual,navigate_to_target_individual,269,agent_1_llm,0,1,0,0,0,0,0
R,individual,navigate_to_target_individual,270,agent_1_llm,0,1,0,0,0,0,0
R,individual,navigate_to_target_individual,271,agent_1_llm,0,1,0,0,0,0,0
R,individual,navigate_to_target_individual,272,agent_0_llm,0,0,0,0,0,0,0
R,individual,navigate_to_target_individual,273,agent_1_llm,0,1,0,0,0,0,0
R,individual,navigate_to_target_individual,274,agent_0_llm,0,0,0,0,0,0,0
R,individual,navigate_to_target_individual,275,agent_1_llm,0,1,0,0,0,0,0
R,individual,navigate_to_target_individual,276,agent_0_llm,0,1,0,0,0,0,0
R,individual,navigate_to_target_individual,277,agent_1_llm,0,1,0,0,0,0,0
R,individual,navigate_to_target_individual,278,agent_1_llm,0,1,0,0,0,0,0
R,individual,navigate_to_target_individual,279,agent_0_llm,0,1,0,0,0,0,0
R,individual,navigate_to_target_individual,280,agent_0_llm,0,1,0,0,0,0,0
R,individual,navigate_to_target_individual,281,agent_1_llm,0,1,0,0,0,0,0
R,individual,navigate_to_target_individual,282,agent_0_llm,0,1,0,0,0,0,0
R,individual,navigate_to_target_individual,283,agent_1_llm,0,1,0,0,0,0,0
R,individual,navigate_to_target_individual,284,agent_0_llm,0,1,0,0,0,0,0
R,individual,navigate_to_target_individual,285,agent_1_llm,0,1,0,0,0,0,0
R,individual,navigate_to_target_individual,286,agent_0_llm,0,1,0,0,0,0,0
R,individual,navigate_to_target_individual,287,agent_1_llm,0,1,0,0,0,0,0
R,individual,navigate_to_target_individual,288,agent_0_llm,0,0,0,0,0,0,0
R,individual,navigate_to_target_individual,289,agent_1_llm,0,1,0,0,0,0,0
R,individual,navigate_to_target_individual,290,agent_0_llm,0,1,0,0,0,0,0
R,individual,navigate_to_target_individual,291,agent_1_llm,0,1,0,0,0,0,0
R,individual,navigate_to_target_individual,292,agent_0_llm,0,1,0,0,0,0,0
R,individual,navigate_to_target_individual,293,agent_1_llm,0,1,0,0,0,0,0
R,individual,navigate_to_target_individual,294,agent_0_llm,0,0,0,0,0,0,0
R,individual,navigate_to_target_individual,295,agent_0_llm,0,1,0,0,0,0,0
R,individual,navigate_to_target_individual,296,agent_1_llm,0,1,0,0,0,0,0
R,individual,navigate_to_target_individual,297,agent_0_llm,0,0,0,0,0,0,0
R,individual,navigate_to_target_individual,298,agent_1_llm,0,1,0,0,0,0,0
R,individual,navigate_to_target_individual,299,agent_0_llm,0,1,0,0,0,0,0
R,individual,navigate_to_target_individual,300,agent_1_llm,0,1,0,0,0,0,0
R,individual,navigate_to_target_individual,301,agent_0_llm,0,1,0,0,0,0,0
R,individual,navigate_to_target_individual,302,agent_1_llm,0,1,0,0,0,0,0
R,individual,navigate_to_target_individual,303,agent_1_llm,0,1,0,0,0,0,0
R,individual,navigate_to_target_individual,304,agent_0_llm,0,1,0,0,0,0,0
R,individual,navigate_to_target_individual,305,agent_1_llm,0,1,0,0,0,0,0
R,individual,navigate_to_target_individual,306,agent_0_llm,0,1,0,0,0,0,0
R,individual,navigate_to_target_individual,307,agent_1_llm,0,1,0,0,0,0,0
R,individual,navigate_to_target_individual,308,agent_0_llm,0,1,0,0,0,0,0
R,individual,navigate_to_target_individual,309,agent_1_llm,0,1,0,0,0,0,0
R,individual,navigate_to_target_individual,310,agent_0_llm,0,1,0,0,0,0,0
R,individual,navigate_to_target_individual,311,agent_0_llm,0,1,0,0,0,0,0
R,individual,navigate_to_target_individual,312,agent_1_llm,0,1,0,0,0,0,0
R,individual,navigate_to_target_individual,313,agent_1_llm,0,1,0,0,0,0,0
R,individual,navigate_to_target_individual,314,agent_1_llm,0,1,0,0,0,0,0
R,individual,navigate_to_target_individual,315,agent_1_llm,0,1,0,0,0,0,0
R,individual,navigate_to_target_individual,316,agent_1_llm,0,1,0,0,0,0,0
R,individual,navigate_to_target_individual,317,agent_1_llm,0,1,0,0,0,0,0
R,individual,navigate_to_target_individual,318,agent_0_llm,0,1,0,0,0,0,0
R,individual,navigate_to_target_individual,319,agent_1_llm,0,1,0,0,0,0,0
R,individual,navigate_to_target_individual,320,agent_0_llm,0,1,0,0,0,0,0
R,individual,navigate_to_target_individual,321,agent_1_llm,0,1,0,0,0,0,0
R,individual,navigate_to_target_individual,322,agent_0_llm,0,1,0,0,0,0,0
R,individual,navigate_to_target_individual,323,agent_1_llm,0,1,0,0,0,0,0
R,individual,navigate_to_target_individual,324,agent_1_llm,0,1,0,0,0,0,0
R,individual,navigate_to_target_individual,325,agent_1_llm,0,1,0,0,0,0,0
R,individual,navigate_to_target_individual,326,agent_0_llm,0,1,0,0,0,0,0
R,individual,navigate_to_target_individual,327,agent_1_llm,0,1,0,0,0,0,0
R,individual,navigate_to_target_individual,328,agent_0_llm,0,1,0,0,0,0,0
R,individual,navigate_to_target_individual,329,agent_1_llm,0,1,0,0,0,0,0
R,individual,navigate_to_target_individual,330,agent_0_llm,0,0,0,0,0,0,0
R,individual,navigate_to_target_individual,331,agent_1_llm,0,0,0,0,0,0,0
R,individual,navigate_to_target_individual,332,agent_0_llm,0,0,0,0,0,0,0
R,individual,navigate_to_target_individual,333,agent_1_llm,0,0,0,0,0,0,0
R,individual,navigate_to_target_individual,334,agent_0_llm,0,1,0,0,0,0,0
R,individual,navigate_to_target_individual,335,agent_1_llm,0,1,0,0,0,0,0
R,individual,navigate_to_target_individual,336,agent_0_llm,0,1,0,0,0,0,0
R,individual,navigate_to_target_individual,337,agent_1_llm,0,1,0,0,0,0,0
R,individual,navigate_to_target_individual,338,agent_1_llm,0,1,0,0,0,0,0
R,individual,navigate_to_target_individual,339,agent_0_llm,0,1,0,0,0,0,0
R,individual,navigate_to_target_individual,340,agent_1_llm,0,1,0,0,0,0,0
R,individual,navigate_to_target_individual,341,agent_1_llm,0,1,0,0,0,0,0
R,individual,navigate_to_target_individual,342,agent_1_llm,0,1,0,0,0,0,0
R,individual,navigate_to_target_individual,343,agent_0_llm,0,1,0,0,0,0,0
R,individual,navigate_to_target_individual,344,agent_1_llm,0,1,0,0,0,0,0
R,individual,navigate_to_target_individual,345,agent_0_llm,0,1,0,0,0,0,0
R,individual,navigate_to_target_individual,346,agent_1_llm,0,1,0,0,0,0,0
R,individual,navigate_to_target_individual,347,agent_0_llm,0,1,0,0,0,0,0
R,individual,navigate_to_target_individual,348,agent_1_llm,0,1,0,0,0,0,0
R,individual,navigate_to_target_individual,349,agent_0_llm,0,1,0,0,0,0,0
R,individual,navigate_to_target_individual,350,agent_1_llm,0,0,0,0,0,0,0
R,individual,navigate_to_target_individual,351,agent_0_llm,0,1,0,0,0,0,0
R,individual,navigate_to_target_individual,352,agent_1_llm,0,1,0,0,0,0,0
R,individual,navigate_to_target_individual,353,agent_1_llm,0,1,0,0,0,0,0
R,individual,navigate_to_target_individual,354,agent_0_llm,0,1,0,0,0,0,0
R,individual,navigate_to_target_individual,355,agent_0_llm,0,1,0,0,0,0,0
R,individual,navigate_to_target_individual,356,agent_1_llm,0,1,0,0,0,0,0
R,individual,navigate_to_target_individual,357,agent_0_llm,0,1,0,0,0,0,0
R,individual,navigate_to_target_individual,358,agent_1_llm,0,1,0,0,0,0,0
R,individual,navigate_to_target_individual,359,agent_1_llm,0,1,0,0,0,0,0
R,individual,navigate_to_target_individual,360,agent_0_llm,0,1,0,0,0,0,0
R,individual,navigate_to_target_individual,361,agent_1_llm,0,1,0,0,0,0,0
R,individual,navigate_to_target_individual,362,agent_0_llm,0,1,0,0,0,0,0
R,individual,navigate_to_target_individual,363,agent_1_llm,0,1,0,0,0,0,0
R,individual,navigate_to_target_individual,364,agent_1_llm,0,1,0,0,0,0,0
R,individual,navigate_to_target_individual,365,agent_0_llm,0,0,0,0,0,0,0
R,individual,navigate_to_target_individual,366,agent_1_llm,0,1,0,0,0,0,0
R,individual,navigate_to_target_individual,367,agent_0_llm,0,0,0,0,0,0,0
R,individual,navigate_to_target_individual,368,agent_1_llm,0,1,0,0,0,0,0
R,individual,navigate_to_target_individual,369,agent_0_llm,0,1,0,0,0,0,0
R,individual,navigate_to_target_individual,370,agent_1_llm,0,1,0,0,0,0,0
R,individual,navigate_to_target_individual,371,agent_1_llm,0,1,0,0,0,0,0
R,individual,navigate_to_target_individual,372,agent_1_llm,0,1,0,0,0,0,0
R,individual,navigate_to_target_individual,373,agent_1_llm,0,1,0,0,0,0,0
R,individual,navigate_to_target_individual,374,agent_0_llm,0,1,0,0,0,0,0
R,individual,navigate_to_target_individual,375,agent_1_llm,0,1,0,0,0,0,0
R,individual,navigate_to_target_individual,376,agent_0_llm,0,0,0,0,0,0,0
R,individual,navigate_to_target_individual,377,agent_1_llm,0,1,0,0,0,0,0
R,individual,navigate_to_target_individual,378,agent_0_llm,0,0,0,0,0,0,0
R,individual,navigate_to_target_individual,379,agent_1_llm,0,1,0,0,0,0,0
R,individual,navigate_to_target_individual,380,agent_1_llm,0,1,0,0,0,0,0
R,individual,navigate_to_target_individual,381,agent_1_llm,0,1,0,0,0,0,0
R,individual,navigate_to_target_individual,382,agent_0_llm,0,1,0,0,0,0,0
R,individual,navigate_to_target_individual,383,agent_1_llm,0,1,0,0,0,0,0
R,individual,navigate_to_target_individual,384,agent_1_llm,0,1,0,0,0,0,0
R,individual,navigate_to_target_individual,385,agent_0_llm,0,1,0,0,0,0,0
R,individual,navigate_to_target_individual,386,agent_1_llm,0,1,0,0,0,0,0
R,individual,navigate_to_target_individual,387,agent_1_llm,0,1,0,0,0,0,0
R,individual,navigate_to_target_individual,388,agent_1_llm,0,1,0,0,0,0,0
R,individual,navigate_to_target_individual,389,agent_0_llm,0,0,0,0,0,0,0
R,individual,navigate_to_target_individual,390,agent_1_llm,0,1,0,0,0,0,0
R,individual,navigate_to_target_individual,391,agent_0_llm,0,1,0,0,0,0,0
R,individual,navigate_to_target_individual,392,agent_1_llm,0,1,0,0,0,0,0
R,individual,navigate_to_target_individual,393,agent_1_llm,0,1,0,0,0,0,0
R,individual,navigate_to_target_individual,394,agent_1_llm,0,1,0,0,0,0,0
R,individual,navigate_to_target_individual,395,agent_0_llm,0,1,0,0,0,0,0
R,individual,navigate_to_target_individual,396,agent_1_llm,0,1,0,0,0,0,0
R,individual,navigate_to_target_individual,397,agent_1_llm,0,1,0,0,0,0,0
R,individual,navigate_to_target_individual,398,agent_0_llm,0,1,0,0,0,0,0
R,individual,navigate_to_target_individual,399,agent_1_llm,0,1,0,0,0,0,0
R,individual,navigate_to_target_individual,400,agent_0_llm,0,1,0,0,0,0,0
R,individual,navigate_to_target_individual,401,agent_1_llm,0,1,0,0,0,0,0
R,individual,navigate_to_target_individual,402,agent_0_llm,0,1,0,0,0,0,0
R,individual,navigate_to_target_individual,403,agent_1_llm,0,1,0,0,0,0,0
R,individual,navigate_to_target_individual,404,agent_0_llm,0,1,0,0,0,0,0
R,individual,navigate_to_target_individual,405,agent_1_llm,0,1,0,0,0,0,0
R,individual,navigate_to_target_individual,406,agent_0_llm,0,1,0,0,0,0,0
R,individual,navigate_to_target_individual,407,agent_1_llm,0,1,0,0,0,0,0
R,individual,navigate_to_target_individual,408,agent_0_llm,0,0,0,0,0,0,0
R,individual,navigate_to_target_individual,409,agent_1_llm,0,1,0,0,0,0,0
R,individual,navigate_to_target_individual,410,agent_1_llm,0,1,0,0,0,0,0
R,individual,navigate_to_target_individual,411,agent_0_llm,0,1,0,0,0,0,0
R,individual,navigate_to_target_individual,412,agent_1_llm,0,1,0,0,0,0,0
R,individual,navigate_to_target_individual,413,agent_0_llm,0,0,0,0,0,0,0
R,individual,navigate_to_target_individual,414,agent_1_llm,0,1,0,0,0,0,0
R,individual,navigate_to_target_individual,415,agent_0_llm,0,1,0,0,0,0,0
R,individual,navigate_to_target_individual,416,agent_1_llm,0,1,0,0,0,0,0
R,individual,navigate_to_target_individual,417,agent_1_llm,0,1,0,0,0,0,0
R,individual,navigate_to_target_individual,418,agent_0_llm,0,0,0,0,0,0,0
R,individual,navigate_to_target_individual,419,agent_1_llm,0,1,0,0,0,0,0
R,individual,navigate_to_target_individual,420,agent_0_llm,0,1,0,0,0,0,0
R,individual,navigate_to_target_individual,421,agent_1_llm,0,1,0,0,0,0,0
R,individual,navigate_to_target_individual,422,agent_0_llm,0,1,0,0,0,0,0
R,individual,navigate_to_target_individual,423,agent_1_llm,0,1,0,0,0,0,0
R,individual,navigate_to_target_individual,424,agent_0_llm,0,1,0,0,0,0,0
R,individual,navigate_to_target_individual,425,agent_1_llm,0,1,0,0,0,0,0
R,individual,navigate_to_target_individual,426,agent_1_llm,0,1,0,0,0,0,0
R,individual,navigate_to_target_individual,427,agent_1_llm,0,1,0,0,0,0,0
R,individual,navigate_to_target_individual,428,agent_1_llm,0,1,0,0,0,0,0
R,individual,navigate_to_target_individual,429,agent_0_llm,0,0,0,0,0,0,0
R,individual,navigate_to_target_individual,430,agent_1_llm,0,1,0,0,0,0,0
R,individual,navigate_to_target_individual,431,agent_0_llm,0,1,0,0,0,0,0
R,individual,navigate_to_target_individual,432,agent_1_llm,0,1,0,0,0,0,0
R,individual,navigate_to_target_individual,433,agent_1_llm,0,1,0,0,0,0,0
R,individual,navigate_to_target_individual,434,agent_0_llm,0,0,0,0,0,0,0
R,individual,navigate_to_target_individual,435,agent_1_llm,0,1,0,0,0,0,0
R,individual,navigate_to_target_individual,436,agent_0_llm,0,1,0,0,0,0,0
R,individual,navigate_to_target_individual,437,agent_1_llm,0,1,0,0,0,0,0
R,individual,navigate_to_target_individual,438,agent_0_llm,0,1,0,0,0,0,0
R,individual,navigate_to_target_individual,439,agent_1_llm,0,1,0,0,0,0,0
R,individual,navigate_to_target_individual,440,agent_0_llm,0,1,0,0,0,0,0
R,individual,navigate_to_target_individual,441,agent_1_llm,0,1,0,0,0,0,0
R,individual,navigate_to_target_individual,442,agent_0_llm,0,1,0,0,0,0,0
R,individual,navigate_to_target_individual,443,agent_1_llm,0,1,0,0,0,0,0
R,individual,navigate_to_target_individual,444,agent_0_llm,0,1,0,0,0,0,0
R,individual,navigate_to_target_individual,445,agent_1_llm,0,1,0,0,0,0,0
R,individual,navigate_to_target_individual,446,agent_0_llm,0,1,0,0,0,0,0
R,individual,navigate_to_target_individual,447,agent_1_llm,0,1,0,0,0,0,0
R,individual,navigate_to_target_individual,448,agent_0_llm,0,1,0,0,0,0,0
R,individual,navigate_to_target_individual,449,agent_1_llm,0,1,0,0,0,0,0
R,individual,navigate_to_target_individual,450,agent_0_llm,0,1,0,0,0,0,0
R,individual,navigate_to_target_individual,451,agent_1_llm,0,1,0,0,0,0,0
R,individual,navigate_to_target_individual,452,agent_0_llm,0,0,0,0,0,0,0
R,individual,navigate_to_target_individual,453,agent_1_llm,0,1,0,0,0,0,0
R,individual,navigate_to_target_individual,454,agent_0_llm,0,1,0,0,0,0,0
R,individual,navigate_to_target_individual,455,agent_1_llm,0,1,0,0,0,0,0
R,individual,navigate_to_target_individual,456,agent_1_llm,0,1,0,0,0,0,0
R,individual,navigate_to_target_individual,457,agent_1_llm,0,1,0,0,0,0,0
R,individual,navigate_to_target_individual,458,agent_0_llm,0,0,0,0,0,0,0
R,individual,navigate_to_target_individual,459,agent_1_llm,0,1,0,0,0,0,0
R,individual,navigate_to_target_individual,460,agent_0_llm,0,1,0,0,0,0,0
R,individual,navigate_to_target_individual,461,agent_1_llm,0,1,0,0,0,0,0
R,individual,navigate_to_target_individual,462,agent_1_llm,0,1,0,0,0,0,0
R,individual,navigate_to_target_individual,463,agent_1_llm,0,1,0,0,0,0,0
R,individual,navigate_to_target_individual,464,agent_0_llm,0,1,0,0,0,0,0
R,individual,navigate_to_target_individual,465,agent_1_llm,0,1,0,0,0,0,0
R,individual,navigate_to_target_individual,466,agent_1_llm,0,1,0,0,0,0,0
R,individual,navigate_to_target_individual,467,agent_1_llm,0,1,0,0,0,0,0
R,individual,navigate_to_target_individual,468,agent_0_llm,0,1,0,0,0,0,0
R,individual,navigate_to_target_individual,469,agent_1_llm,0,1,0,0,0,0,0
R,individual,navigate_to_target_individual,470,agent_0_llm,0,1,0,0,0,0,0
R,individual,navigate_to_target_individual,471,agent_1_llm,0,1,0,0,0,0,0
R,individual,navigate_to_target_individual,472,agent_0_llm,0,1,0,0,0,0,0
R,individual,navigate_to_target_individual,473,agent_1_llm,0,1,0,0,0,0,0
R,individual,navigate_to_target_individual,474,agent_0_llm,0,1,0,0,0,0,0
R,individual,navigate_to_target_individual,475,agent_1_llm,0,1,0,0,0,0,0
R,individual,navigate_to_target_individual,476,agent_0_llm,0,1,0,0,0,0,0
R,individual,navigate_to_target_individual,477,agent_1_llm,0,1,0,0,0,0,0
R,individual,navigate_to_target_individual,478,agent_0_llm,0,1,0,0,0,0,0
R,individual,navigate_to_target_individual,479,agent_1_llm,0,1,0,0,0,0,0
R,individual,navigate_to_target_individual,480,agent_1_llm,0,1,0,0,0,0,0
R,individual,navigate_to_target_individual,481,agent_0_llm,0,0,0,0,0,0,0
R,individual,navigate_to_target_individual,482,agent_1_llm,0,1,0,0,0,0,0
R,individual,navigate_to_target_individual,483,agent_0_llm,0,1,0,0,0,0,0
R,individual,navigate_to_target_individual,484,agent_1_llm,0,1,0,0,0,0,0
R,individual,navigate_to_target_individual,485,agent_0_llm,0,1,0,0,0,0,0
R,individual,navigate_to_target_individual,486,agent_1_llm,0,1,0,0,0,0,0
R,individual,navigate_to_target_individual,487,agent_0_llm,0,1,0,0,0,0,0
R,individual,navigate_to_target_individual,488,agent_1_llm,0,1,0,0,0,0,0
R,individual,navigate_to_target_individual,489,agent_1_llm,0,1,0,0,0,0,0
R,individual,navigate_to_target_individual,490,agent_1_llm,0,1,0,0,0,0,0
R,individual,navigate_to_target_individual,491,agent_0_llm,0,1,0,0,0,0,0
R,individual,navigate_to_target_individual,492,agent_1_llm,0,1,0,0,0,0,0
R,individual,navigate_to_target_individual,493,agent_0_llm,0,1,0,0,0,0,0
R,individual,navigate_to_target_individual,494,agent_1_llm,0,1,0,0,0,0,0
R,individual,navigate_to_target_individual,495,agent_1_llm,0,1,0,0,0,0,0
R,individual,navigate_to_target_individual,496,agent_0_llm,0,1,0,0,0,0,0
R,individual,navigate_to_target_individual,497,agent_0_llm,0,0,0,0,0,0,0
R,individual,navigate_to_target_individual,498,agent_1_llm,0,1,0,0,0,0,0
R,individual,navigate_to_target_individual,499,agent_0_llm,0,1,0,0,0,0,0
R,individual,navigate_to_target_individual,500,agent_1_llm,0,1,0,0,0,0,0
R,individual,navigate_to_target_individual,501,agent_0_llm,0,1,0,0,0,0,0
R,individual,navigate_to_target_individual,502,agent_1_llm,0,1,0,0,0,0,0
R,individual,navigate_to_target_individual,503,agent_0_llm,0,1,0,0,0,0,0
R,individual,navigate_to_target_individual,504,agent_1_llm,0,1,0,0,0,0,0
R,individual,navigate_to_target_individual,505,agent_0_llm,0,1,0,0,0,0,0
R,individual,navigate_to_target_individual,506,agent_1_llm,0,1,0,0,0,0,0
R,individual,navigate_to_target_individual,507,agent_0_llm,0,1,0,0,0,0,0
R,individual,navigate_to_target_individual,508,agent_1_llm,0,1,0,0,0,0,0
R,individual,navigate_to_target_individual,509,agent_1_llm,0,1,0,0,0,0,0
R,individual,navigate_to_target_individual,510,agent_0_llm,0,1,0,0,0,0,0
R,individual,navigate_to_target_individual,511,agent_0_llm,0,1,0,0,0,0,0
R,individual,navigate_to_target_individual,512,agent_1_llm,0,1,0,0,0,0,0
R,individual,navigate_to_target_individual,513,agent_1_llm,0,1,0,0,0,0,0
R,individual,navigate_to_target_individual,514,agent_1_llm,0,1,0,0,0,0,0
R,individual,navigate_to_target_individual,515,agent_1_llm,0,1,0,0,0,0,0
R,individual,navigate_to_target_individual,516,agent_0_llm,0,1,0,0,0,0,0
R,individual,navigate_to_target_individual,517,agent_1_llm,0,0,0,0,0,0,0
R,individual,navigate_to_target_individual,518,agent_0_llm,0,0,0,0,0,0,0
R,individual,navigate_to_target_individual,519,agent_1_llm,0,1,0,0,0,0,0
R,individual,navigate_to_target_individual,520,agent_1_llm,0,1,0,0,0,0,0
R,individual,navigate_to_target_individual,521,agent_0_llm,0,1,0,0,0,0,0
R,individual,navigate_to_target_individual,522,agent_1_llm,0,1,0,0,0,0,0
R,individual,navigate_to_target_individual,523,agent_1_llm,0,1,0,0,0,0,0
R,individual,navigate_to_target_individual,524,agent_0_llm,0,1,0,0,0,0,0
R,individual,navigate_to_target_individual,525,agent_1_llm,0,1,0,0,0,0,0
R,individual,navigate_to_target_individual,526,agent_0_llm,0,1,0,0,0,0,0
R,individual,navigate_to_target_individual,527,agent_1_llm,0,0,0,0,0,0,0
R,individual,navigate_to_target_individual,528,agent_0_llm,0,0,0,0,0,0,0
R,individual,navigate_to_target_individual,529,agent_1_llm,0,1,0,0,0,0,0
R,individual,navigate_to_target_individual,530,agent_0_llm,0,1,0,0,0,0,0
R,individual,navigate_to_target_individual,531,agent_1_llm,0,1,0,0,0,0,0
R,individual,navigate_to_target_individual,532,agent_1_llm,0,1,0,0,0,0,0
R,individual,navigate_to_target_individual,533,agent_0_llm,0,1,0,0,0,0,0
R,individual,navigate_to_target_individual,534,agent_1_llm,0,1,0,0,0,0,0
R,individual,navigate_to_target_individual,535,agent_1_llm,0,1,0,0,0,0,0
R,individual,navigate_to_target_individual,536,agent_0_llm,0,1,0,0,0,0,0
R,individual,navigate_to_target_individual,537,agent_1_llm,0,1,0,0,0,0,0
R,individual,navigate_to_target_individual,538,agent_1_llm,0,1,0,0,0,0,0
R,individual,navigate_to_target_individual,539,agent_0_llm,0,1,0,0,0,0,0
R,individual,navigate_to_target_individual,540,agent_1_llm,0,1,0,0,0,0,0
R,individual,navigate_to_target_individual,541,agent_0_llm,0,0,0,0,0,0,0
R,individual,navigate_to_target_individual,542,agent_1_llm,0,1,0,0,0,0,0
R,individual,navigate_to_target_individual,543,agent_0_llm,0,0,0,0,0,0,0
R,individual,navigate_to_target_individual,544,agent_1_llm,0,0,0,0,0,0,0
R,individual,navigate_to_target_individual,545,agent_0_llm,0,1,0,0,0,0,0
R,individual,navigate_to_target_individual,546,agent_1_llm,0,1,0,0,0,0,0
R,individual,navigate_to_target_individual,547,agent_0_llm,0,1,0,0,0,0,0
R,individual,navigate_to_target_individual,548,agent_1_llm,0,1,0,0,0,0,0
R,individual,navigate_to_target_individual,549,agent_0_llm,0,1,0,0,0,0,0
R,individual,navigate_to_target_individual,550,agent_1_llm,0,1,0,0,0,0,0
R,individual,navigate_to_target_individual,551,agent_0_llm,0,0,0,0,0,0,0
R,individual,navigate_to_target_individual,552,agent_0_llm,0,0,0,0,0,0,0
R,individual,navigate_to_target_individual,553,agent_1_llm,0,1,0,0,0,0,0
R,individual,navigate_to_target_individual,554,agent_0_llm,0,0,0,0,0,0,0
R,individual,navigate_to_target_individual,555,agent_1_llm,0,1,0,0,0,0,0
R,individual,navigate_to_target_individual,556,agent_0_llm,0,1,0,0,0,0,0
R,individual,navigate_to_target_individual,557,agent_1_llm,0,1,0,0,0,0,0
R,individual,navigate_to_target_individual,558,agent_0_llm,0,0,0,0,0,0,0
R,individual,navigate_to_target_individual,559,agent_1_llm,0,0,0,0,0,0,0
R,individual,navigate_to_target_individual,560,agent_0_llm,0,0,0,0,0,0,0
R,individual,navigate_to_target_individual,561,agent_1_llm,0,1,0,0,0,0,0
R,individual,navigate_to_target_individual,562,agent_0_llm,0,0,0,0,0,0,0
R,individual,navigate_to_target_individual,563,agent_0_llm,0,1,0,0,0,0,0
R,individual,navigate_to_target_individual,564,agent_1_llm,0,1,0,0,0,0,0
R,individual,navigate_to_target_individual,565,agent_0_llm,0,0,0,0,0,0,0
R,individual,navigate_to_target_individual,566,agent_1_llm,0,1,0,0,0,0,0
R,individual,navigate_to_target_individual,567,agent_0_llm,0,1,0,0,0,0,0
R,individual,navigate_to_target_individual,568,agent_1_llm,0,1,0,0,0,0,0
R,individual,navigate_to_target_individual,569,agent_0_llm,0,1,0,0,0,0,0
R,individual,navigate_to_target_individual,570,agent_1_llm,0,1,0,0,0,0,0
R,individual,navigate_to_target_individual,571,agent_0_llm,0,0,0,0,0,0,0
R,individual,navigate_to_target_individual,572,agent_1_llm,0,1,0,0,0,0,0
R,individual,navigate_to_target_individual,573,agent_0_llm,0,1,0,0,0,0,0
R,individual,navigate_to_target_individual,574,agent_0_llm,0,1,0,0,0,0,0
R,individual,navigate_to_target_individual,575,agent_1_llm,0,1,0,0,0,0,0
R,individual,navigate_to_target_individual,576,agent_0_llm,0,0,0,0,0,0,0
R,individual,navigate_to_target_individual,577,agent_0_llm,0,1,0,0,0,0,0
R,individual,navigate_to_target_individual,578,agent_1_llm,0,1,0,0,0,0,0
R,individual,navigate_to_target_individual,579,agent_0_llm,0,1,0,0,0,0,0
R,individual,navigate_to_target_individual,580,agent_1_llm,0,1,0,0,0,0,0
R,individual,navigate_to_target_individual,581,agent_1_llm,0,1,0,0,0,0,0
R,individual,navigate_to_target_individual,582,agent_0_llm,0,0,0,0,0,0,0
R,individual,navigate_to_target_individual,583,agent_0_llm,0,1,0,0,0,0,0
R,individual,navigate_to_target_individual,584,agent_1_llm,0,1,0,0,0,0,0
R,individual,navigate_to_target_individual,585,agent_1_llm,0,1,0,0,0,0,0
R,individual,navigate_to_target_individual,586,agent_1_llm,0,1,0,0,0,0,0
R,individual,navigate_to_target_individual,587,agent_0_llm,0,1,0,0,0,0,0
R,individual,navigate_to_target_individual,588,agent_0_llm,0,0,0,0,0,0,0
R,individual,navigate_to_target_individual,589,agent_1_llm,0,1,0,0,0,0,0
R,individual,navigate_to_target_individual,590,agent_0_llm,0,1,0,0,0,0,0
R,individual,navigate_to_target_individual,591,agent_0_llm,0,1,0,0,0,0,0
R,individual,navigate_to_target_individual,592,agent_1_llm,0,1,0,0,0,0,0
R,individual,navigate_to_target_individual,593,agent_1_llm,0,1,0,0,0,0,0
R,individual,navigate_to_target_individual,594,agent_0_llm,0,0,0,0,0,0,0
R,individual,navigate_to_target_individual,595,agent_0_llm,0,1,0,0,0,0,0
R,individual,navigate_to_target_individual,596,agent_1_llm,0,0,0,0,0,0,0
R,individual,navigate_to_target_individual,597,agent_0_llm,0,1,0,0,0,0,0
R,individual,navigate_to_target_individual,598,agent_1_llm,0,1,0,0,0,0,0
R,individual,navigate_to_target_individual,599,agent_1_llm,0,1,0,0,0,0,0
R,individual,navigate_to_target_individual,600,agent_0_llm,0,1,0,0,0,0,0
R,individual,navigate_to_target_individual,601,agent_1_llm,0,1,0,0,0,0,0
R,individual,navigate_to_target_individual,602,agent_1_llm,0,1,0,0,0,0,0
R,individual,navigate_to_target_individual,603,agent_0_llm,0,1,0,0,0,0,0
R,individual,navigate_to_target_individual,604,agent_1_llm,0,1,0,0,0,0,0
R,individual,navigate_to_target_individual,605,agent_0_llm,0,1,0,0,0,0,0
R,individual,navigate_to_target_individual,606,agent_1_llm,0,1,0,0,0,0,0
R,individual,navigate_to_target_individual,607,agent_1_llm,0,1,0,0,0,0,0
R,individual,navigate_to_target_individual,608,agent_0_llm,0,0,0,0,0,0,0
R,individual,navigate_to_target_individual,609,agent_1_llm,0,1,0,0,0,0,0
R,individual,navigate_to_target_individual,610,agent_0_llm,0,0,0,0,0,0,0
R,individual,navigate_to_target_individual,611,agent_1_llm,0,1,0,0,0,0,0
R,individual,navigate_to_target_individual,612,agent_0_llm,0,1,0,0,0,0,0
R,individual,navigate_to_target_individual,613,agent_1_llm,0,1,0,0,0,0,0
R,individual,navigate_to_target_individual,614,agent_1_llm,0,1,0,0,0,0,0
R,individual,navigate_to_target_individual,615,agent_0_llm,0,1,0,0,0,0,0
R,individual,navigate_to_target_individual,616,agent_1_llm,0,1,0,0,0,0,0
R,individual,navigate_to_target_individual,617,agent_0_llm,0,1,0,0,0,0,0
R,individual,navigate_to_target_individual,618,agent_0_llm,0,0,0,0,0,0,0
R,individual,navigate_to_target_individual,619,agent_1_llm,0,1,0,0,0,0,0
R,individual,navigate_to_target_individual,620,agent_0_llm,0,1,0,0,0,0,0
R,individual,navigate_to_target_individual,621,agent_1_llm,0,1,0,0,0,0,0
R,individual,navigate_to_target_individual,622,agent_1_llm,0,1,0,0,0,0,0
R,individual,navigate_to_target_individual,623,agent_0_llm,0,0,0,0,0,0,0
R,individual,navigate_to_target_individual,624,agent_1_llm,0,1,0,0,0,0,0
R,individual,navigate_to_target_individual,625,agent_0_llm,0,1,0,0,0,0,0
R,individual,navigate_to_target_individual,626,agent_1_llm,0,1,0,0,0,0,0
R,individual,navigate_to_target_individual,627,agent_0_llm,0,1,0,0,0,0,0
R,individual,navigate_to_target_individual,628,agent_1_llm,0,1,0,0,0,0,0
R,individual,navigate_to_target_individual,629,agent_0_llm,0,0,0,0,0,0,0
R,individual,navigate_to_target_individual,630,agent_0_llm,0,1,0,0,0,0,0
R,individual,navigate_to_target_individual,631,agent_1_llm,0,1,0,0,0,0,0
R,individual,navigate_to_target_individual,632,agent_0_llm,0,1,0,0,0,0,0
R,individual,navigate_to_target_individual,633,agent_0_llm,0,1,0,0,0,0,0
R,individual,navigate_to_target_individual,634,agent_1_llm,0,1,0,0,0,0,0
R,individual,navigate_to_target_individual,635,agent_0_llm,0,1,0,0,0,0,0
R,individual,navigate_to_target_individual,636,agent_1_llm,0,1,0,0,0,0,0
R,individual,navigate_to_target_individual,637,agent_0_llm,0,0,0,0,0,0,0
R,individual,navigate_to_target_individual,638,agent_1_llm,0,1,0,0,0,0,0
R,individual,navigate_to_target_individual,639,agent_1_llm,0,1,0,0,0,0,0
R,individual,navigate_to_target_individual,640,agent_1_llm,0,1,0,0,0,0,0
R,individual,navigate_to_target_individual,641,agent_1_llm,0,1,0,0,0,0,0
R,individual,navigate_to_target_individual,642,agent_1_llm,0,1,0,0,0,0,0
R,individual,navigate_to_target_individual,643,agent_0_llm,0,1,0,0,0,0,0
R,individual,navigate_to_target_individual,644,agent_1_llm,0,1,0,0,0,0,0
R,individual,navigate_to_target_individual,645,agent_0_llm,0,1,0,0,0,0,0
R,individual,navigate_to_target_individual,646,agent_1_llm,0,1,0,0,0,0,0
R,individual,navigate_to_target_individual,647,agent_1_llm,0,1,0,0,0,0,0
R,individual,navigate_to_target_individual,648,agent_0_llm,0,0,0,0,0,0,0
R,individual,navigate_to_target_individual,649,agent_1_llm,0,1,0,0,0,0,0
R,individual,navigate_to_target_individual,650,agent_0_llm,0,0,0,0,0,0,0
R,individual,navigate_to_target_individual,651,agent_1_llm,0,1,0,0,0,0,0
R,individual,navigate_to_target_individual,652,agent_0_llm,0,0,0,0,0,0,0
R,individual,navigate_to_target_individual,653,agent_1_llm,0,1,0,0,0,0,0
R,individual,navigate_to_target_individual,654,agent_0_llm,0,1,0,0,0,0,0
R,individual,navigate_to_target_individual,655,agent_0_llm,0,1,0,0,0,0,0
R,individual,navigate_to_target_individual,656,agent_1_llm,0,1,0,0,0,0,0
R,individual,navigate_to_target_individual,657,agent_0_llm,0,1,0,0,0,0,0
R,individual,navigate_to_target_individual,658,agent_1_llm,0,1,0,0,0,0,0
R,individual,navigate_to_target_individual,659,agent_0_llm,0,0,0,0,0,0,0
R,individual,navigate_to_target_individual,660,agent_0_llm,0,1,0,0,0,0,0
R,individual,navigate_to_target_individual,661,agent_0_llm,0,1,0,0,0,0,0
R,individual,navigate_to_target_individual,662,agent_1_llm,0,1,0,0,0,0,0
R,individual,navigate_to_target_individual,663,agent_0_llm,0,1,0,0,0,0,0
R,individual,navigate_to_target_individual,664,agent_1_llm,0,1,0,0,0,0,0
R,individual,navigate_to_target_individual,665,agent_0_llm,0,1,0,0,0,0,0
R,individual,navigate_to_target_individual,666,agent_1_llm,0,1,0,0,0,0,0
R,individual,navigate_to_target_individual,667,agent_0_llm,0,1,0,0,0,0,0
R,individual,navigate_to_target_individual,668,agent_1_llm,0,1,0,0,0,0,0
R,individual,navigate_to_target_individual,669,agent_0_llm,0,1,0,0,0,0,0
R,individual,navigate_to_target_individual,670,agent_1_llm,0,1,0,0,0,0,0
R,individual,navigate_to_target_individual,671,agent_1_llm,0,1,0,0,0,0,0
R,individual,navigate_to_target_individual,672,agent_0_llm,0,1,0,0,0,0,0
R,individual,navigate_to_target_individual,673,agent_0_llm,0,1,0,0,0,0,0
R,individual,navigate_to_target_individual,674,agent_1_llm,0,1,0,0,0,0,0
R,individual,navigate_to_target_individual,675,agent_0_llm,0,0,0,0,0,0,0
R,individual,navigate_to_target_individual,676,agent_1_llm,0,1,0,0,0,0,0
R,individual,navigate_to_target_individual,677,agent_0_llm,0,1,0,0,0,0,0
R,individual,navigate_to_target_individual,678,agent_1_llm,0,1,0,0,0,0,0
R,individual,navigate_to_target_individual,679,agent_1_llm,0,1,0,0,0,0,0
R,individual,navigate_to_target_individual,680,agent_0_llm,0,1,0,0,0,0,0
R,individual,navigate_to_target_individual,681,agent_0_llm,0,1,0,0,0,0,0
R,individual,navigate_to_target_individual,682,agent_1_llm,0,1,0,0,0,0,0
R,individual,navigate_to_target_individual,683,agent_0_llm,0,1,0,0,0,0,0
R,individual,navigate_to_target_individual,684,agent_1_llm,0,1,0,0,0,0,0
R,individual,navigate_to_target_individual,685,agent_0_llm,0,1,0,0,0,0,0
R,individual,navigate_to_target_individual,686,agent_1_llm,0,1,0,0,0,0,0
R,individual,navigate_to_target_individual,687,agent_0_llm,0,0,0,0,0,0,0
R,individual,navigate_to_target_individual,688,agent_1_llm,0,1,0,0,0,0,0
R,individual,navigate_to_target_individual,689,agent_0_llm,0,1,0,0,0,0,0
R,individual,navigate_to_target_individual,690,agent_1_llm,0,1,0,0,0,0,0
R,individual,navigate_to_target_individual,691,agent_0_llm,0,1,0,0,0,0,0
R,individual,navigate_to_target_individual,692,agent_1_llm,0,1,0,0,0,0,0
R,individual,navigate_to_target_individual,693,agent_0_llm,0,1,0,0,0,0,0
R,individual,navigate_to_target_individual,694,agent_1_llm,0,1,0,0,0,0,0
R,individual,navigate_to_target_individual,695,agent_0_llm,0,0,0,0,0,0,0
R,individual,navigate_to_target_individual,696,agent_1_llm,0,1,0,0,0,0,0
R,individual,navigate_to_target_individual,697,agent_0_llm,0,0,0,0,0,0,0
R,individual,navigate_to_target_individual,698,agent_1_llm,0,1,0,0,0,0,0
R,individual,navigate_to_target_individual,699,agent_0_llm,0,1,0,0,0,0,0
R,individual,navigate_to_target_individual,700,agent_1_llm,0,1,0,0,0,0,0
R,individual,navigate_to_target_individual,701,agent_0_llm,0,1,0,0,0,0,0
R,individual,navigate_to_target_individual,702,agent_1_llm,0,1,0,0,0,0,0
R,individual,navigate_to_target_individual,703,agent_0_llm,0,0,0,0,0,0,0
R,individual,navigate_to_target_individual,704,agent_1_llm,0,1,0,0,0,0,0
R,individual,navigate_to_target_individual,705,agent_1_llm,0,1,0,0,0,0,0
R,individual,navigate_to_target_individual,706,agent_0_llm,0,1,0,0,0,0,0
R,individual,navigate_to_target_individual,707,agent_1_llm,0,1,0,0,0,0,0
R,individual,navigate_to_target_individual,708,agent_0_llm,0,1,0,0,0,0,0
R,individual,navigate_to_target_individual,709,agent_1_llm,0,1,0,0,0,0,0
R,individual,navigate_to_target_individual,710,agent_0_llm,0,1,0,0,0,0,0
R,individual,navigate_to_target_individual,711,agent_1_llm,0,1,0,0,0,0,0
R,individual,navigate_to_target_individual,712,agent_1_llm,0,1,0,0,0,0,0
R,individual,navigate_to_target_individual,713,agent_0_llm,0,1,0,0,0,0,0
R,individual,navigate_to_target_individual,714,agent_0_llm,0,1,0,0,0,0,0
R,individual,navigate_to_target_individual,715,agent_1_llm,0,1,0,0,0,0,0
R,individual,navigate_to_target_individual,716,agent_1_llm,0,1,0,0,0,0,0
R,individual,navigate_to_target_individual,717,agent_0_llm,0,1,0,0,0,0,0
R,individual,navigate_to_target_individual,718,agent_1_llm,0,1,0,0,0,0,0
R,individual,navigate_to_target_individual,719,agent_0_llm,0,1,0,0,0,0,0
R,individual,navigate_to_target_individual,720,agent_0_llm,0,0,0,0,0,0,0
R,individual,navigate_to_target_individual,721,agent_1_llm,0,1,0,0,0,0,0
R,individual,navigate_to_target_individual,722,agent_0_llm,0,1,0,0,0,0,0
R,individual,navigate_to_target_individual,723,agent_1_llm,0,1,0,0,0,0,0
R,individual,navigate_to_target_individual,724,agent_1_llm,0,1,0,0,0,0,0
R,individual,navigate_to_target_individual,725,agent_0_llm,0,1,0,0,0,0,0
R,individual,navigate_to_target_individual,726,agent_1_llm,0,1,0,0,0,0,0
R,individual,navigate_to_target_individual,727,agent_1_llm,0,1,0,0,0,0,0
R,individual,navigate_to_target_individual,728,agent_0_llm,0,1,0,0,0,0,0
R,individual,navigate_to_target_individual,729,agent_1_llm,0,1,0,0,0,0,0
R,individual,navigate_to_target_individual,730,agent_0_llm,0,1,0,0,0,0,0
R,individual,navigate_to_target_individual,731,agent_1_llm,0,1,0,0,0,0,0
R,individual,navigate_to_target_individual,732,agent_0_llm,0,1,0,0,0,0,0
R,individual,navigate_to_target_individual,733,agent_1_llm,0,1,0,0,0,0,0
R,individual,navigate_to_target_individual,734,agent_0_llm,0,1,0,0,0,0,0
R,individual,navigate_to_target_individual,735,agent_0_llm,0,0,0,0,0,0,0
R,individual,navigate_to_target_individual,736,agent_1_llm,0,1,0,0,0,0,0
R,individual,navigate_to_target_individual,737,agent_1_llm,0,1,0,0,0,0,0
R,individual,navigate_to_target_individual,738,agent_1_llm,0,1,0,0,0,0,0
R,individual,navigate_to_target_individual,739,agent_0_llm,0,1,0,0,0,0,0
R,individual,navigate_to_target_individual,740,agent_0_llm,0,1,0,0,0,0,0
R,individual,navigate_to_target_individual,741,agent_0_llm,0,1,0,0,0,0,0
R,individual,navigate_to_target_individual,742,agent_1_llm,0,1,0,0,0,0,0
R,individual,navigate_to_target_individual,743,agent_0_llm,0,1,0,0,0,0,0
R,individual,navigate_to_target_individual,744,agent_1_llm,0,1,0,0,0,0,0
R,individual,navigate_to_target_individual,745,agent_0_llm,0,1,0,0,0,0,0
R,individual,navigate_to_target_individual,746,agent_1_llm,0,1,0,0,0,0,0
R,individual,navigate_to_target_individual,747,agent_0_llm,0,0,0,0,0,0,0
R,individual,navigate_to_target_individual,748,agent_1_llm,0,1,0,0,0,0,0
R,individual,navigate_to_target_individual,749,agent_0_llm,0,1,0,0,0,0,0
R,individual,navigate_to_target_individual,750,agent_1_llm,0,1,0,0,0,0,0
R,individual,navigate_to_target_individual,751,agent_0_llm,0,1,0,0,0,0,0
R,individual,navigate_to_target_individual,752,agent_1_llm,0,1,0,0,0,0,0
R,individual,navigate_to_target_individual,753,agent_0_llm,0,1,0,0,0,0,0
R,individual,navigate_to_target_individual,754,agent_0_llm,0,1,0,0,0,0,0
R,individual,navigate_to_target_individual,755,agent_1_llm,0,1,0,0,0,0,0
R,individual,navigate_to_target_individual,756,agent_0_llm,0,1,0,0,0,0,0
R,individual,navigate_to_target_individual,757,agent_1_llm,0,1,0,0,0,0,0
R,individual,navigate_to_target_individual,758,agent_0_llm,0,1,0,0,0,0,0
R,individual,navigate_to_target_individual,759,agent_1_llm,0,1,0,0,0,0,0
R,individual,navigate_to_target_individual,760,agent_0_llm,0,1,0,0,0,0,0
R,individual,navigate_to_target_individual,761,agent_1_llm,0,1,0,0,0,0,0
R,individual,navigate_to_target_individual,762,agent_0_llm,0,1,0,0,0,0,0
R,individual,navigate_to_target_individual,763,agent_1_llm,0,1,0,0,0,0,0
R,individual,navigate_to_target_individual,764,agent_1_llm,0,1,0,0,0,0,0
R,individual,navigate_to_target_individual,765,agent_0_llm,0,0,0,0,0,0,0
R,individual,navigate_to_target_individual,766,agent_1_llm,0,1,0,0,0,0,0
R,individual,navigate_to_target_individual,767,agent_0_llm,0,1,0,0,0,0,0
R,individual,navigate_to_target_individual,768,agent_1_llm,0,1,0,0,0,0,0
R,individual,navigate_to_target_individual,769,agent_0_llm,0,1,0,0,0,0,0
R,individual,navigate_to_target_individual,770,agent_1_llm,0,1,0,0,0,0,0
R,individual,navigate_to_target_individual,771,agent_0_llm,0,1,0,0,0,0,0
R,individual,navigate_to_target_individual,772,agent_1_llm,0,1,0,0,0,0,0
R,individual,navigate_to_target_individual,773,agent_0_llm,0,0,0,0,0,0,0
R,individual,navigate_to_target_individual,774,agent_0_llm,0,1,0,0,0,0,0
R,individual,navigate_to_target_individual,775,agent_1_llm,0,1,0,0,0,0,0
R,individual,navigate_to_target_individual,776,agent_0_llm,0,0,0,0,0,0,0
R,individual,navigate_to_target_individual,777,agent_1_llm,0,1,0,0,0,0,0
R,individual,navigate_to_target_individual,778,agent_0_llm,0,0,0,0,0,0,0
R,individual,navigate_to_target_individual,779,agent_1_llm,0,1,0,0,0,0,0
R,individual,navigate_to_target_individual,780,agent_0_llm,0,1,0,0,0,0,0
R,individual,navigate_to_target_individual,781,agent_1_llm,0,1,0,0,0,0,0
R,individual,navigate_to_target_individual,782,agent_0_llm,0,1,0,0,0,0,0
R,individual,navigate_to_target_individual,783,agent_0_llm,0,1,0,0,0,0,0
R,individual,navigate_to_target_individual,784,agent_1_llm,0,1,0,0,0,0,0
R,individual,navigate_to_target_individual,785,agent_0_llm,0,1,0,0,0,0,0
R,individual,navigate_to_target_individual,786,agent_1_llm,0,1,0,0,0,0,0
R,individual,navigate_to_target_individual,787,agent_0_llm,0,1,0,0,0,0,0
R,individual,navigate_to_target_individual,788,agent_1_llm,0,1,0,0,0,0,0
R,individual,navigate_to_target_individual,789,agent_0_llm,0,0,0,0,0,0,0
R,individual,navigate_to_target_individual,790,agent_0_llm,0,1,0,0,0,0,0
R,individual,navigate_to_target_individual,791,agent_0_llm,0,1,0,0,0,0,0
R,individual,navigate_to_target_individual,792,agent_1_llm,0,1,0,0,0,0,0
R,individual,navigate_to_target_individual,793,agent_0_llm,0,1,0,0,0,0,0
R,individual,navigate_to_target_individual,794,agent_1_llm,0,1,0,0,0,0,0
R,individual,navigate_to_target_individual,795,agent_0_llm,0,1,0,0,0,0,0
R,individual,navigate_to_target_individual,796,agent_1_llm,0,1,0,0,0,0,0
R,individual,navigate_to_target_individual,797,agent_0_llm,0,1,0,0,0,0,0
R,individual,navigate_to_target_individual,798,agent_1_llm,0,1,0,0,0,0,0
R,individual,navigate_to_target_individual,799,agent_0_llm,0,0,0,0,0,0,0
R,individual,navigate_to_target_individual,800,agent_1_llm,0,1,0,0,0,0,0
R,individual,navigate_to_target_individual,801,agent_0_llm,0,1,0,0,0,0,0
R,individual,navigate_to_target_individual,802,agent_0_llm,0,1,0,0,0,0,0
R,individual,navigate_to_target_individual,803,agent_1_llm,0,1,0,0,0,0,0
R,individual,navigate_to_target_individual,804,agent_1_llm,0,1,0,0,0,0,0
R,individual,navigate_to_target_individual,805,agent_0_llm,0,0,0,0,0,0,0
R,individual,navigate_to_target_individual,806,agent_1_llm,0,1,0,0,0,0,0
R,individual,navigate_to_target_individual,807,agent_0_llm,0,1,0,0,0,0,0
R,individual,navigate_to_target_individual,808,agent_1_llm,0,1,0,0,0,0,0
R,individual,navigate_to_target_individual,809,agent_0_llm,0,0,0,0,0,0,0
R,individual,navigate_to_target_individual,810,agent_0_llm,0,1,0,0,0,0,0
R,individual,navigate_to_target_individual,811,agent_0_llm,0,1,0,0,0,0,0
R,individual,navigate_to_target_individual,812,agent_1_llm,0,1,0,0,0,0,0
R,individual,navigate_to_target_individual,813,agent_1_llm,0,1,0,0,0,0,0
R,individual,pickup_object_individual,0,agent_0_llm,0,1,0,0,0,0,0
R,individual,pickup_object_individual,1,agent_1_llm,0,1,0,0,0,0,0
R,individual,pickup_object_individual,2,agent_0_llm,0,1,0,0,0,0,1
R,individual,pickup_object_individual,3,agent_1_llm,0,1,0,0,0,0,1
R,individual,pickup_object_individual,4,agent_0_llm,0,0,0,0,0,0,1
R,individual,pickup_object_individual,5,agent_1_llm,0,0,0,0,0,0,1
R,individual,pickup_object_individual,6,agent_0_llm,0,0,0,0,0,0,1
R,individual,pickup_object_individual,7,agent_1_llm,0,1,0,0,0,0,1
R,individual,pickup_object_individual,8,agent_0_llm,0,0,0,0,0,0,1
R,individual,pickup_object_individual,9,agent_1_llm,0,1,0,0,0,0,1
R,individual,pickup_object_individual,10,agent_0_llm,0,0,0,0,0,0,1
R,individual,pickup_object_individual,11,agent_1_llm,0,1,0,0,0,0,1
R,individual,pickup_object_individual,12,agent_0_llm,0,1,0,0,0,0,1
R,individual,pickup_object_individual,13,agent_1_llm,0,1,0,0,0,0,1
R,individual,pickup_object_individual,14,agent_0_llm,0,1,0,0,0,0,1
R,individual,pickup_object_individual,15,agent_1_llm,0,1,0,0,0,0,1
R,individual,pickup_object_individual,16,agent_0_llm,0,0,0,0,0,0,1
R,individual,pickup_object_individual,17,agent_1_llm,0,0,0,0,0,0,1
R,individual,pickup_object_individual,18,agent_1_llm,0,1,0,0,0,0,1
R,individual,pickup_object_individual,19,agent_1_llm,0,1,0,0,0,0,1
R,individual,pickup_object_individual,20,agent_1_llm,0,1,0,0,0,0,1
R,individual,pickup_object_individual,21,agent_0_llm,0,1,0,0,0,0,0
R,individual,pickup_object_individual,22,agent_1_llm,0,1,0,0,0,0,1
R,individual,pickup_object_individual,23,agent_1_llm,0,1,0,0,0,0,1
R,individual,pickup_object_individual,24,agent_1_llm,0,1,0,0,0,0,1
R,individual,pickup_object_individual,25,agent_1_llm,0,1,0,0,0,0,1
R,individual,pickup_object_individual,26,agent_0_llm,0,1,0,0,0,0,1
R,individual,pickup_object_individual,27,agent_1_llm,0,1,0,0,0,0,1
R,individual,pickup_object_individual,28,agent_0_llm,0,1,0,0,0,0,1
R,individual,pickup_object_individual,29,agent_1_llm,0,1,0,0,0,0,1
R,individual,pickup_object_individual,30,agent_0_llm,0,1,0,0,0,0,1
R,individual,pickup_object_individual,31,agent_1_llm,0,1,0,0,0,0,1
R,individual,pickup_object_individual,32,agent_0_llm,0,0,0,0,0,0,1
R,individual,pickup_object_individual,33,agent_1_llm,0,1,0,0,0,0,1
R,individual,pickup_object_individual,34,agent_0_llm,0,0,0,0,0,0,1
R,individual,pickup_object_individual,35,agent_1_llm,0,1,0,0,0,0,1
R,individual,pickup_object_individual,36,agent_0_llm,0,0,0,0,0,0,1
R,individual,pickup_object_individual,37,agent_1_llm,0,1,0,0,0,0,1
R,individual,pickup_object_individual,38,agent_0_llm,0,1,0,0,0,0,0
R,individual,pickup_object_individual,39,agent_1_llm,0,1,0,0,0,0,1
R,individual,pickup_object_individual,40,agent_0_llm,0,1,0,0,0,0,1
R,individual,pickup_object_individual,41,agent_1_llm,0,1,0,0,0,0,1
R,individual,pickup_object_individual,42,agent_0_llm,0,0,0,0,0,0,1
R,individual,pickup_object_individual,43,agent_1_llm,0,1,0,0,0,0,1
R,individual,pickup_object_individual,44,agent_0_llm,0,0,0,0,0,0,1
R,individual,pickup_object_individual,45,agent_1_llm,0,1,0,0,0,0,1
R,individual,pickup_object_individual,46,agent_0_llm,0,1,0,0,0,0,1
R,individual,pickup_object_individual,47,agent_1_llm,0,1,0,0,0,0,1
R,individual,pickup_object_individual,48,agent_0_llm,0,1,0,0,0,0,1
R,individual,pickup_object_individual,49,agent_1_llm,0,1,0,0,0,0,1
R,individual,pickup_object_individual,50,agent_0_llm,0,0,0,0,0,0,1
R,individual,pickup_object_individual,51,agent_1_llm,0,0,0,0,0,0,1
R,individual,pickup_object_individual,52,agent_0_llm,0,1,0,0,0,0,1
R,individual,pickup_object_individual,53,agent_1_llm,0,1,0,0,0,0,1
R,individual,pickup_object_individual,54,agent_1_llm,0,1,0,0,0,0,1
R,individual,pickup_object_individual,55,agent_1_llm,0,1,0,0,0,0,1
R,individual,pickup_object_individual,56,agent_0_llm,0,1,0,0,0,0,1
R,individual,pickup_object_individual,57,agent_1_llm,0,1,0,0,0,0,1
R,individual,pickup_object_individual,58,agent_0_llm,0,1,0,0,0,0,1
R,individual,pickup_object_individual,59,agent_1_llm,0,1,0,0,0,0,1
R,individual,pickup_object_individual,60,agent_1_llm,0,0,0,0,0,0,1
R,individual,pickup_object_individual,61,agent_1_llm,0,1,0,0,0,0,1
R,individual,pickup_object_individual,62,agent_0_llm,0,1,0,0,0,0,1
R,individual,pickup_object_individual,63,agent_1_llm,0,1,0,0,0,0,1
R,individual,pickup_object_individual,64,agent_1_llm,0,1,0,0,0,0,1
R,individual,pickup_object_individual,65,agent_0_llm,0,1,0,0,0,0,0
R,individual,pickup_object_individual,66,agent_1_llm,0,1,0,0,0,0,1
R,individual,pickup_object_individual,67,agent_0_llm,0,0,0,0,0,0,1
R,individual,pickup_object_individual,68,agent_1_llm,0,1,0,0,0,0,1
R,individual,pickup_object_individual,69,agent_0_llm,0,0,0,0,0,0,1
R,individual,pickup_object_individual,70,agent_1_llm,0,1,0,0,0,0,1
R,individual,pickup_object_individual,71,agent_0_llm,0,1,0,0,0,0,0
R,individual,pickup_object_individual,72,agent_1_llm,0,1,0,0,0,0,1
R,individual,pickup_object_individual,73,agent_0_llm,0,0,0,0,0,0,1
R,individual,pickup_object_individual,74,agent_1_llm,0,1,0,0,0,0,1
R,individual,pickup_object_individual,75,agent_0_llm,0,1,0,0,0,0,1
R,individual,pickup_object_individual,76,agent_1_llm,0,1,0,0,0,0,1
R,individual,pickup_object_individual,77,agent_0_llm,0,1,0,0,0,0,1
R,individual,pickup_object_individual,78,agent_1_llm,0,1,0,0,0,0,1
R,individual,pickup_object_individual,79,agent_0_llm,0,1,0,0,0,0,1
R,individual,pickup_object_individual,80,agent_1_llm,0,1,0,0,0,0,1
R,individual,pickup_object_individual,81,agent_0_llm,0,1,0,0,0,0,1
R,individual,pickup_object_individual,82,agent_1_llm,0,1,0,0,0,0,1
R,individual,pickup_object_individual,83,agent_0_llm,0,0,0,0,0,0,1
R,individual,pickup_object_individual,84,agent_1_llm,0,1,0,0,0,0,1
R,individual,pickup_object_individual,85,agent_0_llm,0,0,0,0,0,0,1
R,individual,pickup_object_individual,86,agent_1_llm,0,1,0,0,0,0,1
R,individual,pickup_object_individual,87,agent_0_llm,0,1,0,0,0,0,1
R,individual,pickup_object_individual,88,agent_1_llm,0,1,0,0,0,0,1
R,individual,pickup_object_individual,89,agent_0_llm,0,1,0,0,0,0,0
R,individual,pickup_object_individual,90,agent_1_llm,0,1,0,0,0,0,1
R,individual,pickup_object_individual,91,agent_0_llm,0,1,0,0,0,0,1
R,individual,pickup_object_individual,92,agent_1_llm,0,1,0,0,0,0,1
R,individual,pickup_object_individual,93,agent_0_llm,0,1,0,0,0,0,1
R,individual,pickup_object_individual,94,agent_1_llm,0,1,0,0,0,0,1
R,individual,pickup_object_individual,95,agent_0_llm,0,1,0,0,0,0,1
R,individual,pickup_object_individual,96,agent_1_llm,0,1,0,0,0,0,1
R,individual,pickup_object_individual,97,agent_0_llm,0,1,0,0,0,0,1
R,individual,pickup_object_individual,98,agent_0_llm,0,1,0,0,0,0,0
R,individual,pickup_object_individual,99,agent_1_llm,0,1,0,0,0,0,1
R,individual,pickup_object_individual,100,agent_0_llm,0,1,0,0,0,0,1
R,individual,pickup_object_individual,101,agent_1_llm,0,1,0,0,0,0,1
R,individual,pickup_object_individual,102,agent_0_llm,0,1,0,0,0,0,1
R,individual,pickup_object_individual,103,agent_1_llm,0,1,0,0,0,0,1
R,individual,pickup_object_individual,104,agent_1_llm,0,1,0,0,0,0,1
R,individual,pickup_object_individual,105,agent_0_llm,0,1,0,0,0,0,1
R,individual,pickup_object_individual,106,agent_1_llm,0,1,0,0,0,0,1
R,individual,pickup_object_individual,107,agent_1_llm,0,1,0,0,0,0,1
R,individual,pickup_object_individual,108,agent_0_llm,0,1,0,0,0,0,1
R,individual,pickup_object_individual,109,agent_1_llm,0,1,0,0,0,0,1
R,individual,pickup_object_individual,110,agent_0_llm,0,1,0,0,0,0,1
R,individual,pickup_object_individual,111,agent_1_llm,0,1,0,0,0,0,1
R,individual,pickup_object_individual,112,agent_0_llm,0,0,0,0,0,0,1
R,individual,pickup_object_individual,113,agent_1_llm,0,1,0,0,0,0,1
R,individual,pickup_object_individual,114,agent_1_llm,0,1,0,0,0,0,1
R,individual,pickup_object_individual,115,agent_0_llm,0,0,0,0,0,0,1
R,individual,pickup_object_individual,116,agent_1_llm,0,1,0,0,0,0,1
R,individual,pickup_object_individual,117,agent_1_llm,0,1,0,0,0,0,1
R,individual,pickup_object_individual,118,agent_1_llm,0,1,0,0,0,0,1
R,individual,pickup_object_individual,119,agent_0_llm,0,0,0,0,0,0,1
R,individual,pickup_object_individual,120,agent_1_llm,0,1,0,0,0,0,1
R,individual,pickup_object_individual,121,agent_0_llm,0,1,0,0,0,0,1
R,individual,pickup_object_individual,122,agent_1_llm,0,1,0,0,0,0,1
R,individual,pickup_object_individual,123,agent_0_llm,0,1,0,0,0,0,1
R,individual,pickup_object_individual,124,agent_0_llm,0,0,0,0,0,0,1
R,individual,pickup_object_individual,125,agent_1_llm,0,0,0,0,0,0,1
R,individual,pickup_object_individual,126,agent_0_llm,0,1,0,0,0,0,1
R,individual,pickup_object_individual,127,agent_1_llm,0,1,0,0,0,0,1
R,individual,pickup_object_individual,128,agent_1_llm,0,1,0,0,0,0,1
R,individual,pickup_object_individual,129,agent_1_llm,0,1,0,0,0,0,1
R,individual,pickup_object_individual,130,agent_1_llm,0,1,0,0,0,0,1
R,individual,pickup_object_individual,131,agent_1_llm,0,1,0,0,0,0,1
R,individual,pickup_object_individual,132,agent_0_llm,0,1,0,0,0,0,1
R,individual,pickup_object_individual,133,agent_1_llm,0,1,0,0,0,0,1
R,individual,pickup_object_individual,134,agent_0_llm,0,1,0,0,0,0,1
R,individual,pickup_object_individual,135,agent_1_llm,0,1,0,0,0,0,1
R,individual,pickup_object_individual,136,agent_1_llm,0,1,0,0,0,0,1
R,individual,pickup_object_individual,137,agent_1_llm,0,1,0,0,0,0,1
R,individual,pickup_object_individual,138,agent_0_llm,0,1,0,0,0,0,1
R,individual,pickup_object_individual,139,agent_1_llm,0,1,0,0,0,0,1
R,individual,pickup_object_individual,140,agent_1_llm,0,0,0,0,0,0,1
R,individual,pickup_object_individual,141,agent_0_llm,0,0,0,0,0,0,1
R,individual,pickup_object_individual,142,agent_1_llm,0,1,0,0,0,0,1
R,individual,pickup_object_individual,143,agent_1_llm,0,1,0,0,0,0,1
R,individual,pickup_object_individual,144,agent_1_llm,0,1,0,0,0,0,1
R,individual,pickup_object_individual,145,agent_1_llm,0,1,0,0,0,0,1
R,individual,pickup_object_individual,146,agent_0_llm,0,1,0,0,0,0,0
R,individual,pickup_object_individual,147,agent_1_llm,0,1,0,0,0,0,1
R,individual,pickup_object_individual,148,agent_0_llm,0,1,0,0,0,0,1
R,individual,pickup_object_individual,149,agent_1_llm,0,1,0,0,0,0,1
R,individual,pickup_object_individual,150,agent_1_llm,0,1,0,0,0,0,1
R,individual,pickup_object_individual,151,agent_0_llm,0,1,0,0,0,0,1
R,individual,pickup_object_individual,152,agent_1_llm,0,1,0,0,0,0,1
R,individual,pickup_object_individual,153,agent_0_llm,0,1,0,0,0,0,0
R,individual,pickup_object_individual,154,agent_1_llm,0,1,0,0,0,0,1
R,individual,pickup_object_individual,155,agent_1_llm,0,1,0,0,0,0,1
R,individual,pickup_object_individual,156,agent_0_llm,0,0,0,0,0,0,1
R,individual,pickup_object_individual,157,agent_1_llm,0,0,0,0,0,0,1
R,individual,pickup_object_individual,158,agent_1_llm,0,1,0,0,0,0,1
R,individual,pickup_object_individual,159,agent_1_llm,0,1,0,0,0,0,1
R,individual,pickup_object_individual,160,agent_1_llm,0,1,0,0,0,0,1
R,individual,pickup_object_individual,161,agent_1_llm,0,1,0,0,0,0,1
R,individual,pickup_object_individual,162,agent_0_llm,0,1,0,0,0,0,0
R,individual,pickup_object_individual,163,agent_1_llm,0,1,0,0,0,0,1
R,individual,pickup_object_individual,164,agent_0_llm,0,1,0,0,0,0,1
R,individual,pickup_object_individual,165,agent_0_llm,0,1,0,0,0,0,1
R,individual,pickup_object_individual,166,agent_1_llm,0,1,0,0,0,0,1
R,individual,pickup_object_individual,167,agent_0_llm,0,1,0,0,0,0,1
R,individual,pickup_object_individual,168,agent_1_llm,0,1,0,0,0,0,1
R,individual,pickup_object_individual,169,agent_1_llm,0,1,0,0,0,0,1
R,individual,pickup_object_individual,170,agent_1_llm,0,1,0,0,0,0,1
R,individual,pickup_object_individual,171,agent_1_llm,0,1,0,0,0,0,1
R,individual,pickup_object_individual,172,agent_0_llm,0,1,0,0,0,0,1
R,individual,pickup_object_individual,173,agent_1_llm,0,1,0,0,0,0,1
R,individual,pickup_object_individual,174,agent_1_llm,0,1,0,0,0,0,1
R,individual,pickup_object_individual,175,agent_1_llm,0,1,0,0,0,0,1
R,individual,pickup_object_individual,176,agent_0_llm,0,1,0,0,0,0,1
R,individual,pickup_object_individual,177,agent_1_llm,0,1,0,0,0,0,1
R,individual,pickup_object_individual,178,agent_0_llm,0,1,0,0,0,0,1
R,individual,pickup_object_individual,179,agent_1_llm,0,1,0,0,0,0,1
R,individual,pickup_object_individual,180,agent_0_llm,0,1,0,0,0,0,1
R,individual,pickup_object_individual,181,agent_1_llm,0,1,0,0,0,0,1
R,individual,pickup_object_individual,182,agent_0_llm,0,1,0,0,0,0,1
R,individual,pickup_object_individual,183,agent_1_llm,0,1,0,0,0,0,1
R,individual,pickup_object_individual,184,agent_0_llm,0,1,0,0,0,0,1
R,individual,pickup_object_individual,185,agent_1_llm,0,1,0,0,0,0,1
R,individual,pickup_object_individual,186,agent_0_llm,0,1,0,0,0,0,1
R,individual,pickup_object_individual,187,agent_1_llm,0,1,0,0,0,0,1
R,individual,pickup_object_individual,188,agent_1_llm,0,1,0,0,0,0,1
R,individual,pickup_object_individual,189,agent_1_llm,0,1,0,0,0,0,1
R,individual,pickup_object_individual,190,agent_1_llm,0,1,0,0,0,0,1
R,individual,pickup_object_individual,191,agent_1_llm,0,0,0,0,0,0,1
R,individual,pickup_object_individual,192,agent_0_llm,0,1,0,0,0,0,1
R,individual,pickup_object_individual,193,agent_1_llm,0,1,0,0,0,0,1
R,individual,pickup_object_individual,194,agent_0_llm,0,1,0,0,0,0,1
R,individual,pickup_object_individual,195,agent_1_llm,0,1,0,0,0,0,1
R,individual,pickup_object_individual,196,agent_0_llm,0,1,0,0,0,0,1
R,individual,pickup_object_individual,197,agent_1_llm,0,1,0,0,0,0,1
R,individual,pickup_object_individual,198,agent_0_llm,0,1,0,0,0,0,1
R,individual,pickup_object_individual,199,agent_1_llm,0,1,0,0,0,0,1
R,individual,pickup_object_individual,200,agent_1_llm,0,1,0,0,0,0,1
R,individual,pickup_object_individual,201,agent_0_llm,0,1,0,0,0,0,1
R,individual,pickup_object_individual,202,agent_0_llm,0,1,0,0,0,0,1
R,individual,pickup_object_individual,203,agent_1_llm,0,1,0,0,0,0,1
R,individual,pickup_object_individual,204,agent_1_llm,0,1,0,0,0,0,1
R,individual,pickup_object_individual,205,agent_1_llm,0,1,0,0,0,0,1
R,individual,pickup_object_individual,206,agent_0_llm,0,1,0,0,0,0,1
R,individual,pickup_object_individual,207,agent_1_llm,0,1,0,0,0,0,1
R,individual,pickup_object_individual,208,agent_0_llm,0,1,0,0,0,0,1
R,individual,pickup_object_individual,209,agent_1_llm,0,1,0,0,0,0,1
R,individual,pickup_object_individual,210,agent_1_llm,0,1,0,0,0,0,1
R,individual,pickup_object_individual,211,agent_0_llm,0,1,0,0,0,0,1
R,individual,pickup_object_individual,212,agent_1_llm,0,1,0,0,0,0,1
R,individual,pickup_object_individual,213,agent_0_llm,0,0,0,0,0,0,1
R,individual,pickup_object_individual,214,agent_1_llm,0,1,0,0,0,0,1
R,individual,pickup_object_individual,215,agent_0_llm,0,1,0,0,0,0,1
R,individual,pickup_object_individual,216,agent_1_llm,0,1,0,0,0,0,1
R,individual,pickup_object_individual,217,agent_1_llm,0,1,0,0,0,0,1
R,individual,pickup_object_individual,218,agent_0_llm,0,1,0,0,0,0,0
R,individual,pickup_object_individual,219,agent_1_llm,0,1,0,0,0,0,1
R,individual,pickup_object_individual,220,agent_1_llm,0,1,0,0,0,0,0
R,individual,pickup_object_individual,221,agent_1_llm,0,1,0,0,0,0,1
R,individual,pickup_object_individual,222,agent_0_llm,0,1,0,0,0,0,1
R,individual,pickup_object_individual,223,agent_1_llm,0,1,0,0,0,0,1
R,individual,pickup_object_individual,224,agent_1_llm,0,1,0,0,0,0,1
R,individual,pickup_object_individual,225,agent_0_llm,0,1,0,0,0,0,1
R,individual,pickup_object_individual,226,agent_1_llm,0,1,0,0,0,0,1
R,individual,pickup_object_individual,227,agent_1_llm,0,1,0,0,0,0,1
R,individual,pickup_object_individual,228,agent_1_llm,0,1,0,0,0,0,1
R,individual,pickup_object_individual,229,agent_0_llm,0,1,0,0,0,0,1
R,individual,pickup_object_individual,230,agent_0_llm,0,1,0,0,0,0,1
R,individual,pickup_object_individual,231,agent_1_llm,0,1,0,0,0,0,1
R,individual,pickup_object_individual,232,agent_1_llm,0,1,0,0,0,0,1
R,individual,pickup_object_individual,233,agent_0_llm,0,0,0,0,0,0,1
R,individual,pickup_object_individual,234,agent_1_llm,0,1,0,0,0,0,1
R,individual,pickup_object_individual,235,agent_0_llm,0,1,0,0,0,0,1
R,individual,pickup_object_individual,236,agent_1_llm,0,1,0,0,0,0,1
R,individual,pickup_object_individual,237,agent_0_llm,0,1,0,0,0,0,1
R,individual,pickup_object_individual,238,agent_1_llm,0,1,0,0,0,0,1
R,individual,pickup_object_individual,239,agent_1_llm,0,1,0,0,0,0,1
R,individual,pickup_object_individual,240,agent_1_llm,0,1,0,0,0,0,1
R,individual,pickup_object_individual,241,agent_0_llm,0,1,0,0,0,0,1
R,individual,pickup_object_individual,242,agent_1_llm,0,1,0,0,0,0,1
R,individual,pickup_object_individual,243,agent_1_llm,0,1,0,0,0,0,1
R,individual,pickup_object_individual,244,agent_1_llm,0,1,0,0,0,0,1
R,individual,pickup_object_individual,245,agent_0_llm,0,0,0,0,0,0,1
R,individual,pickup_object_individual,246,agent_1_llm,0,1,0,0,0,0,1
R,individual,pickup_object_individual,247,agent_0_llm,0,0,0,0,0,0,1
R,individual,pickup_object_individual,248,agent_1_llm,0,1,0,0,0,0,1
R,individual,pickup_object_individual,249,agent_0_llm,0,1,0,0,0,0,1
R,individual,pickup_object_individual,250,agent_0_llm,0,1,0,0,0,0,0
R,individual,pickup_object_individual,251,agent_1_llm,0,1,0,0,0,0,1
R,individual,pickup_object_individual,252,agent_0_llm,0,1,0,0,0,0,1
R,individual,pickup_object_individual,253,agent_1_llm,0,1,0,0,0,0,1
R,individual,pickup_object_individual,254,agent_0_llm,0,1,0,0,0,0,1
R,individual,pickup_object_individual,255,agent_1_llm,0,1,0,0,0,0,1
R,individual,pickup_object_individual,256,agent_0_llm,0,1,0,0,0,0,1
R,individual,pickup_object_individual,257,agent_1_llm,0,1,0,0,0,0,1
R,individual,pickup_object_individual,258,agent_0_llm,0,1,0,0,0,0,1
R,individual,pickup_object_individual,259,agent_1_llm,0,1,0,0,0,0,1
R,individual,pickup_object_individual,260,agent_0_llm,0,0,0,0,0,0,1
R,individual,pickup_object_individual,261,agent_1_llm,0,1,0,0,0,0,1
R,individual,pickup_object_individual,262,agent_0_llm,0,1,0,0,0,0,1
R,individual,pickup_object_individual,263,agent_0_llm,0,1,0,0,0,0,1
R,individual,pickup_object_individual,264,agent_1_llm,0,1,0,0,0,0,1
R,individual,pickup_object_individual,265,agent_0_llm,0,0,0,0,0,0,1
R,individual,pickup_object_individual,266,agent_1_llm,0,1,0,0,0,0,1
R,individual,pickup_object_individual,267,agent_0_llm,0,1,0,0,0,0,0
R,individual,pickup_object_individual,268,agent_1_llm,0,1,0,0,0,0,1
R,individual,pickup_object_individual,269,agent_0_llm,0,0,0,0,0,0,1
R,individual,pickup_object_individual,270,agent_1_llm,0,1,0,0,0,0,1
R,individual,pickup_object_individual,271,agent_0_llm,0,1,0,0,0,0,1
R,individual,pickup_object_individual,272,agent_1_llm,0,1,0,0,0,0,1
R,individual,pickup_object_individual,273,agent_1_llm,0,1,0,0,0,0,1
R,individual,pickup_object_individual,274,agent_0_llm,0,1,0,0,0,0,1
R,individual,pickup_object_individual,275,agent_1_llm,0,1,0,0,0,0,1
R,individual,pickup_object_individual,276,agent_0_llm,0,1,0,0,0,0,0
R,individual,pickup_object_individual,277,agent_1_llm,0,1,0,0,0,0,1
R,individual,pickup_object_individual,278,agent_0_llm,0,1,0,0,0,0,1
R,individual,pickup_object_individual,279,agent_1_llm,0,1,0,0,0,0,1
R,individual,pickup_object_individual,280,agent_1_llm,0,1,0,0,0,0,1
R,individual,pickup_object_individual,281,agent_0_llm,0,1,0,0,0,0,1
R,individual,pickup_object_individual,282,agent_1_llm,0,1,0,0,0,0,1
R,individual,pickup_object_individual,283,agent_0_llm,0,1,0,0,0,0,1
R,individual,pickup_object_individual,284,agent_1_llm,0,1,0,0,0,0,1
R,individual,pickup_object_individual,285,agent_1_llm,0,1,0,0,0,0,1
R,individual,pickup_object_individual,286,agent_1_llm,0,1,0,0,0,0,1
R,individual,pickup_object_individual,287,agent_1_llm,0,1,0,0,0,0,1
R,individual,pickup_object_individual,288,agent_1_llm,0,1,0,0,0,0,1
R,individual,pickup_object_individual,289,agent_1_llm,0,1,0,0,0,0,1
R,individual,pickup_object_individual,290,agent_0_llm,0,1,0,0,0,0,1
R,individual,pickup_object_individual,291,agent_1_llm,0,1,0,0,0,0,1
R,individual,pickup_object_individual,292,agent_0_llm,0,1,0,0,0,0,1
R,individual,pickup_object_individual,293,agent_1_llm,0,1,0,0,0,0,1
R,individual,pickup_object_individual,294,agent_1_llm,0,1,0,0,0,0,0
R,individual,pickup_object_individual,295,agent_1_llm,0,1,0,0,0,0,1
R,individual,pickup_object_individual,296,agent_0_llm,0,1,0,0,0,0,1
R,individual,pickup_object_individual,297,agent_1_llm,0,1,0,0,0,0,1
R,individual,pickup_object_individual,298,agent_0_llm,0,1,0,0,0,0,1
R,individual,pickup_object_individual,299,agent_1_llm,0,1,0,0,0,0,1
R,individual,pickup_object_individual,300,agent_1_llm,0,1,0,0,0,0,1
R,individual,pickup_object_individual,301,agent_0_llm,0,0,0,0,0,0,1
R,individual,pickup_object_individual,302,agent_1_llm,0,0,0,0,0,0,1
R,individual,pickup_object_individual,303,agent_0_llm,0,0,0,0,0,0,1
R,individual,pickup_object_individual,304,agent_1_llm,0,0,0,0,0,0,1
R,individual,pickup_object_individual,305,agent_0_llm,0,1,0,0,0,0,1
R,individual,pickup_object_individual,306,agent_1_llm,0,1,0,0,0,0,1
R,individual,pickup_object_individual,307,agent_0_llm,0,1,0,0,0,0,1
R,individual,pickup_object_individual,308,agent_1_llm,0,1,0,0,0,0,1
R,individual,pickup_object_individual,309,agent_1_llm,0,1,0,0,0,0,1
R,individual,pickup_object_individual,310,agent_0_llm,0,1,0,0,0,0,1
R,individual,pickup_object_individual,311,agent_1_llm,0,1,0,0,0,0,1
R,individual,pickup_object_individual,312,agent_0_llm,0,1,0,0,0,0,1
R,individual,pickup_object_individual,313,agent_1_llm,0,1,0,0,0,0,1
R,individual,pickup_object_individual,314,agent_0_llm,0,1,0,0,0,0,1
R,individual,pickup_object_individual,315,agent_1_llm,0,1,0,0,0,0,1
R,individual,pickup_object_individual,316,agent_1_llm,0,1,0,0,0,0,1
R,individual,pickup_object_individual,317,agent_0_llm,0,1,0,0,0,0,1
R,individual,pickup_object_individual,318,agent_1_llm,0,1,0,0,0,0,1
R,individual,pickup_object_individual,319,agent_0_llm,0,1,0,0,0,0,1
R,individual,pickup_object_individual,320,agent_1_llm,0,1,0,0,0,0,1
R,individual,pickup_object_individual,321,agent_0_llm,0,1,0,0,0,0,1
R,individual,pickup_object_individual,322,agent_1_llm,0,1,0,0,0,0,1
R,individual,pickup_object_individual,323,agent_1_llm,0,1,0,0,0,0,1
R,individual,pickup_object_individual,324,agent_0_llm,0,1,0,0,0,0,1
R,individual,pickup_object_individual,325,agent_1_llm,0,0,0,0,0,0,1
R,individual,pickup_object_individual,326,agent_0_llm,0,1,0,0,0,0,1
R,individual,pickup_object_individual,327,agent_1_llm,0,1,0,0,0,0,1
R,individual,pickup_object_individual,328,agent_1_llm,0,1,0,0,0,0,1
R,individual,pickup_object_individual,329,agent_0_llm,0,1,0,0,0,0,1
R,individual,pickup_object_individual,330,agent_0_llm,0,1,0,0,0,0,1
R,individual,pickup_object_individual,331,agent_1_llm,0,1,0,0,0,0,1
R,individual,pickup_object_individual,332,agent_1_llm,0,1,0,0,0,0,1
R,individual,pickup_object_individual,333,agent_1_llm,0,1,0,0,0,0,1
R,individual,pickup_object_individual,334,agent_0_llm,0,1,0,0,0,0,1
R,individual,pickup_object_individual,335,agent_1_llm,0,1,0,0,0,0,1
R,individual,pickup_object_individual,336,agent_0_llm,0,1,0,0,0,0,1
R,individual,pickup_object_individual,337,agent_1_llm,0,1,0,0,0,0,1
R,individual,pickup_object_individual,338,agent_0_llm,0,0,0,0,0,0,1
R,individual,pickup_object_individual,339,agent_1_llm,0,1,0,0,0,0,1
R,individual,pickup_object_individual,340,agent_0_llm,0,1,0,0,0,0,1
R,individual,pickup_object_individual,341,agent_1_llm,0,1,0,0,0,0,1
R,individual,pickup_object_individual,342,agent_1_llm,0,1,0,0,0,0,1
R,individual,pickup_object_individual,343,agent_1_llm,0,1,0,0,0,0,1
R,individual,pickup_object_individual,344,agent_1_llm,0,1,0,0,0,0,1
R,individual,pickup_object_individual,345,agent_0_llm,0,1,0,0,0,0,1
R,individual,pickup_object_individual,346,agent_1_llm,0,1,0,0,0,0,1
R,individual,pickup_object_individual,347,agent_0_llm,0,0,0,0,0,0,1
R,individual,pickup_object_individual,348,agent_1_llm,0,1,0,0,0,0,1
R,individual,pickup_object_individual,349,agent_0_llm,0,0,0,0,0,0,1
R,individual,pickup_object_individual,350,agent_1_llm,0,1,0,0,0,0,1
R,individual,pickup_object_individual,351,agent_1_llm,0,1,0,0,0,0,1
R,individual,pickup_object_individual,352,agent_0_llm,0,1,0,0,0,0,1
R,individual,pickup_object_individual,353,agent_1_llm,0,1,0,0,0,0,1
R,individual,pickup_object_individual,354,agent_1_llm,0,1,0,0,0,0,1
R,individual,pickup_object_individual,355,agent_0_llm,0,1,0,0,0,0,1
R,individual,pickup_object_individual,356,agent_1_llm,0,1,0,0,0,0,1
R,individual,pickup_object_individual,357,agent_1_llm,0,1,0,0,0,0,1
R,individual,pickup_object_individual,358,agent_1_llm,0,1,0,0,0,0,1
R,individual,pickup_object_individual,359,agent_1_llm,0,1,0,0,0,0,1
R,individual,pickup_object_individual,360,agent_0_llm,0,0,0,0,0,0,1
R,individual,pickup_object_individual,361,agent_1_llm,0,1,0,0,0,0,1
R,individual,pickup_object_individual,362,agent_0_llm,0,1,0,0,0,0,1
R,individual,pickup_object_individual,363,agent_1_llm,0,1,0,0,0,0,1
R,individual,pickup_object_individual,364,agent_1_llm,0,1,0,0,0,0,1
R,individual,pickup_object_individual,365,agent_1_llm,0,1,0,0,0,0,1
R,individual,pickup_object_individual,366,agent_0_llm,0,1,0,0,0,0,1
R,individual,pickup_object_individual,367,agent_1_llm,0,1,0,0,0,0,1
R,individual,pickup_object_individual,368,agent_1_llm,0,1,0,0,0,0,1
R,individual,pickup_object_individual,369,agent_0_llm,0,1,0,0,0,0,1
R,individual,pickup_object_individual,370,agent_1_llm,0,1,0,0,0,0,1
R,individual,pickup_object_individual,371,agent_0_llm,0,1,0,0,0,0,1
R,individual,pickup_object_individual,372,agent_1_llm,0,1,0,0,0,0,1
R,individual,pickup_object_individual,373,agent_0_llm,0,1,0,0,0,0,1
R,individual,pickup_object_individual,374,agent_1_llm,0,1,0,0,0,0,1
R,individual,pickup_object_individual,375,agent_0_llm,0,1,0,0,0,0,1
R,individual,pickup_object_individual,376,agent_1_llm,0,1,0,0,0,0,1
R,individual,pickup_object_individual,377,agent_0_llm,0,1,0,0,0,0,1
R,individual,pickup_object_individual,378,agent_1_llm,0,1,0,0,0,0,1
R,individual,pickup_object_individual,379,agent_0_llm,0,0,0,0,0,0,1
R,individual,pickup_object_individual,380,agent_1_llm,0,1,0,0,0,0,1
R,individual,pickup_object_individual,381,agent_1_llm,0,1,0,0,0,0,1
R,individual,pickup_object_individual,382,agent_0_llm,0,1,0,0,0,0,1
R,individual,pickup_object_individual,383,agent_1_llm,0,1,0,0,0,0,1
R,individual,pickup_object_individual,384,agent_1_llm,0,1,0,0,0,0,1
R,individual,pickup_object_individual,385,agent_0_llm,0,1,0,0,0,0,1
R,individual,pickup_object_individual,386,agent_1_llm,0,1,0,0,0,0,1
R,individual,pickup_object_individual,387,agent_1_llm,0,1,0,0,0,0,1
R,individual,pickup_object_individual,388,agent_1_llm,0,1,0,0,0,0,1
R,individual,pickup_object_individual,389,agent_1_llm,0,1,0,0,0,0,1
R,individual,pickup_object_individual,390,agent_0_llm,0,1,0,0,0,0,1
R,individual,pickup_object_individual,391,agent_1_llm,0,1,0,0,0,0,1
R,individual,pickup_object_individual,392,agent_0_llm,0,1,0,0,0,0,1
R,individual,pickup_object_individual,393,agent_1_llm,0,1,0,0,0,0,1
R,individual,pickup_object_individual,394,agent_1_llm,0,1,0,0,0,0,1
R,individual,pickup_object_individual,395,agent_1_llm,0,1,0,0,0,0,1
R,individual,pickup_object_individual,396,agent_0_llm,0,1,0,0,0,0,1
R,individual,pickup_object_individual,397,agent_1_llm,0,1,0,0,0,0,1
R,individual,pickup_object_individual,398,agent_0_llm,0,0,0,0,0,0,1
R,individual,pickup_object_individual,399,agent_1_llm,0,1,0,0,0,0,1
R,individual,pickup_object_individual,400,agent_0_llm,0,1,0,0,0,0,1
R,individual,pickup_object_individual,401,agent_1_llm,0,1,0,0,0,0,1
R,individual,pickup_object_individual,402,agent_1_llm,0,1,0,0,0,0,1
R,individual,pickup_object_individual,403,agent_0_llm,0,0,0,0,0,0,1
R,individual,pickup_object_individual,404,agent_1_llm,0,1,0,0,0,0,1
R,individual,pickup_object_individual,405,agent_1_llm,0,1,0,0,0,0,1
R,individual,pickup_object_individual,406,agent_0_llm,0,1,0,0,0,0,1
R,individual,pickup_object_individual,407,agent_1_llm,0,1,0,0,0,0,1
R,individual,pickup_object_individual,408,agent_0_llm,0,1,0,0,0,0,1
R,individual,pickup_object_individual,409,agent_1_llm,0,1,0,0,0,0,1
R,individual,pickup_object_individual,410,agent_1_llm,0,1,0,0,0,0,1
R,individual,pickup_object_individual,411,agent_0_llm,0,1,0,0,0,0,1
R,individual,pickup_object_individual,412,agent_1_llm,0,1,0,0,0,0,1
R,individual,pickup_object_individual,413,agent_0_llm,0,1,0,0,0,0,1
R,individual,pickup_object_individual,414,agent_0_llm,0,1,0,0,0,0,1
R,individual,pickup_object_individual,415,agent_1_llm,0,1,0,0,0,0,1
R,individual,pickup_object_individual,416,agent_0_llm,0,1,0,0,0,0,1
R,individual,pickup_object_individual,417,agent_1_llm,0,1,0,0,0,0,1
R,individual,pickup_object_individual,418,agent_0_llm,0,0,0,0,0,0,1
R,individual,pickup_object_individual,419,agent_1_llm,0,1,0,0,0,0,1
R,individual,pickup_object_individual,420,agent_1_llm,0,1,0,0,0,0,1
R,individual,pickup_object_individual,421,agent_0_llm,0,0,0,0,0,0,1
R,individual,pickup_object_individual,422,agent_1_llm,0,1,0,0,0,0,1
R,individual,pickup_object_individual,423,agent_0_llm,0,1,0,0,0,0,1
R,individual,pickup_object_individual,424,agent_1_llm,0,1,0,0,0,0,1
R,individual,pickup_object_individual,425,agent_1_llm,0,1,0,0,0,0,1
R,individual,pickup_object_individual,426,agent_1_llm,0,1,0,0,0,0,1
R,individual,pickup_object_individual,427,agent_0_llm,0,1,0,0,0,0,1
R,individual,pickup_object_individual,428,agent_1_llm,0,1,0,0,0,0,1
R,individual,pickup_object_individual,429,agent_1_llm,0,1,0,0,0,0,1
R,individual,pickup_object_individual,430,agent_1_llm,0,1,0,0,0,0,1
R,individual,pickup_object_individual,431,agent_0_llm,0,1,0,0,0,0,1
R,individual,pickup_object_individual,432,agent_1_llm,0,1,0,0,0,0,1
R,individual,pickup_object_individual,433,agent_1_llm,0,1,0,0,0,0,1
R,individual,pickup_object_individual,434,agent_0_llm,0,0,0,0,0,0,1
R,individual,pickup_object_individual,435,agent_1_llm,0,0,0,0,0,0,1
R,individual,pickup_object_individual,436,agent_0_llm,0,0,0,0,0,0,1
R,individual,pickup_object_individual,437,agent_1_llm,0,1,0,0,0,0,1
R,individual,pickup_object_individual,438,agent_1_llm,0,1,0,0,0,0,1
R,individual,pickup_object_individual,439,agent_0_llm,0,1,0,0,0,0,1
R,individual,pickup_object_individual,440,agent_1_llm,0,1,0,0,0,0,1
R,individual,pickup_object_individual,441,agent_0_llm,0,1,0,0,0,0,1
R,individual,pickup_object_individual,442,agent_1_llm,0,1,0,0,0,0,1
R,individual,pickup_object_individual,443,agent_0_llm,0,1,0,0,0,0,1
R,individual,pickup_object_individual,444,agent_1_llm,0,1,0,0,0,0,1
R,individual,pickup_object_individual,445,agent_1_llm,0,1,0,0,0,0,1
R,individual,pickup_object_individual,446,agent_0_llm,0,1,0,0,0,0,1
R,individual,pickup_object_individual,447,agent_1_llm,0,1,0,0,0,0,1
R,individual,pickup_object_individual,448,agent_0_llm,0,1,0,0,0,0,0
R,individual,pickup_object_individual,449,agent_1_llm,0,1,0,0,0,0,1
R,individual,pickup_object_individual,450,agent_0_llm,0,1,0,0,0,0,1
R,individual,pickup_object_individual,451,agent_1_llm,0,1,0,0,0,0,1
R,individual,pickup_object_individual,452,agent_1_llm,0,1,0,0,0,0,1
R,individual,pickup_object_individual,453,agent_1_llm,0,1,0,0,0,0,1
R,individual,pickup_object_individual,454,agent_0_llm,0,0,0,0,0,0,1
R,individual,pickup_object_individual,455,agent_1_llm,0,1,0,0,0,0,1
R,individual,pickup_object_individual,456,agent_1_llm,0,1,0,0,0,0,1
R,individual,pickup_object_individual,457,agent_0_llm,0,1,0,0,0,0,1
R,individual,pickup_object_individual,458,agent_0_llm,0,0,0,0,0,0,1
R,individual,pickup_object_individual,459,agent_1_llm,0,1,0,0,0,0,1
R,individual,pickup_object_individual,460,agent_1_llm,0,1,0,0,0,0,1
R,individual,pickup_object_individual,461,agent_0_llm,0,1,0,0,0,0,1
R,individual,pickup_object_individual,462,agent_1_llm,0,1,0,0,0,0,1
R,individual,pickup_object_individual,463,agent_0_llm,0,1,0,0,0,0,1
R,individual,pickup_object_individual,464,agent_1_llm,0,1,0,0,0,0,1
R,individual,pickup_object_individual,465,agent_0_llm,0,1,0,0,0,0,1
R,individual,pickup_object_individual,466,agent_1_llm,0,1,0,0,0,0,1
R,individual,pickup_object_individual,467,agent_1_llm,0,1,0,0,0,0,1
R,individual,pickup_object_individual,468,agent_0_llm,0,1,0,0,0,0,1
R,individual,pickup_object_individual,469,agent_0_llm,0,1,0,0,0,0,1
R,individual,pickup_object_individual,470,agent_1_llm,0,1,0,0,0,0,1
R,individual,pickup_object_individual,471,agent_1_llm,0,1,0,0,0,0,1
R,individual,pickup_object_individual,472,agent_1_llm,0,0,0,0,0,0,1
R,individual,pickup_object_individual,473,agent_0_llm,0,0,0,0,0,0,1
R,individual,pickup_object_individual,474,agent_1_llm,0,1,0,0,0,0,0
R,individual,pickup_object_individual,475,agent_1_llm,0,1,0,0,0,0,1
R,individual,pickup_object_individual,476,agent_0_llm,0,1,0,0,0,0,1
R,individual,pickup_object_individual,477,agent_1_llm,0,1,0,0,0,0,1
R,individual,pickup_object_individual,478,agent_1_llm,0,1,0,0,0,0,1
R,individual,pickup_object_individual,479,agent_0_llm,0,1,0,0,0,0,1
R,individual,pickup_object_individual,480,agent_1_llm,0,1,0,0,0,0,1
R,individual,pickup_object_individual,481,agent_0_llm,0,1,0,0,0,0,1
R,individual,pickup_object_individual,482,agent_1_llm,0,0,0,0,0,0,1
R,individual,pickup_object_individual,483,agent_0_llm,0,0,0,0,0,0,1
R,individual,pickup_object_individual,484,agent_1_llm,0,1,0,0,0,0,1
R,individual,pickup_object_individual,485,agent_0_llm,0,1,0,0,0,0,1
R,individual,pickup_object_individual,486,agent_1_llm,0,1,0,0,0,0,1
R,individual,pickup_object_individual,487,agent_1_llm,0,1,0,0,0,0,1
R,individual,pickup_object_individual,488,agent_1_llm,0,1,0,0,0,0,1
R,individual,pickup_object_individual,489,agent_1_llm,0,1,0,0,0,0,1
R,individual,pickup_object_individual,490,agent_1_llm,0,1,0,0,0,0,1
R,individual,pickup_object_individual,491,agent_0_llm,0,1,0,0,0,0,1
R,individual,pickup_object_individual,492,agent_1_llm,0,1,0,0,0,0,1
R,individual,pickup_object_individual,493,agent_1_llm,0,1,0,0,0,0,1
R,individual,pickup_object_individual,494,agent_0_llm,0,1,0,0,0,0,1
R,individual,pickup_object_individual,495,agent_1_llm,0,1,0,0,0,0,1
R,individual,pickup_object_individual,496,agent_0_llm,0,1,0,0,0,0,1
R,individual,pickup_object_individual,497,agent_1_llm,0,1,0,0,0,0,1
R,individual,pickup_object_individual,498,agent_0_llm,0,0,0,0,0,0,1
R,individual,pickup_object_individual,499,agent_0_llm,0,1,0,0,0,0,1
R,individual,pickup_object_individual,500,agent_1_llm,0,1,0,0,0,0,1
R,individual,pickup_object_individual,501,agent_0_llm,0,1,0,0,0,0,1
R,individual,pickup_object_individual,502,agent_1_llm,0,1,0,0,0,0,1
R,individual,pickup_object_individual,503,agent_0_llm,0,1,0,0,0,0,1
R,individual,pickup_object_individual,504,agent_1_llm,0,1,0,0,0,0,1
R,individual,pickup_object_individual,505,agent_0_llm,0,0,0,0,0,0,1
R,individual,pickup_object_individual,506,agent_1_llm,0,1,0,0,0,0,1
R,individual,pickup_object_individual,507,agent_0_llm,0,0,0,0,0,0,1
R,individual,pickup_object_individual,508,agent_1_llm,0,1,0,0,0,0,1
R,individual,pickup_object_individual,509,agent_0_llm,0,0,0,0,0,0,1
R,individual,pickup_object_individual,510,agent_1_llm,0,1,0,0,0,0,1
R,individual,pickup_object_individual,511,agent_0_llm,0,0,0,0,0,0,1
R,individual,pickup_object_individual,512,agent_1_llm,0,1,0,0,0,0,1
R,individual,pickup_object_individual,513,agent_0_llm,0,0,0,0,0,0,1
R,individual,pickup_object_individual,514,agent_0_llm,0,0,0,0,0,0,1
R,individual,pickup_object_individual,515,agent_0_llm,0,0,0,0,0,0,1
R,individual,pickup_object_individual,516,agent_1_llm,0,1,0,0,0,0,1
R,individual,pickup_object_individual,517,agent_1_llm,0,1,0,0,0,0,1
R,individual,pickup_object_individual,518,agent_0_llm,0,0,0,0,0,0,1
R,individual,pickup_object_individual,519,agent_1_llm,0,1,0,0,0,0,1
R,individual,pickup_object_individual,520,agent_0_llm,0,1,0,0,0,0,0
R,individual,pickup_object_individual,521,agent_1_llm,0,1,0,0,0,0,1
R,individual,pickup_object_individual,522,agent_0_llm,0,1,0,0,0,0,1
R,individual,pickup_object_individual,523,agent_1_llm,0,1,0,0,0,0,1
R,individual,pickup_object_individual,524,agent_1_llm,0,1,0,0,0,0,1
R,individual,pickup_object_individual,525,agent_1_llm,0,1,0,0,0,0,1
R,individual,pickup_object_individual,526,agent_1_llm,0,1,0,0,0,0,1
R,individual,pickup_object_individual,527,agent_1_llm,0,1,0,0,0,0,1
R,individual,pickup_object_individual,528,agent_0_llm,0,1,0,0,0,0,1
R,individual,pickup_object_individual,529,agent_1_llm,0,1,0,0,0,0,1
R,individual,pickup_object_individual,530,agent_0_llm,0,1,0,0,0,0,1
R,individual,pickup_object_individual,531,agent_1_llm,0,1,0,0,0,0,1
R,individual,pickup_object_individual,532,agent_0_llm,0,0,0,0,0,0,1
R,individual,pickup_object_individual,533,agent_0_llm,0,1,0,0,0,0,0
R,individual,pickup_object_individual,534,agent_1_llm,0,1,0,0,0,0,1
R,individual,pickup_object_individual,535,agent_0_llm,0,1,0,0,0,0,1
R,individual,pickup_object_individual,536,agent_1_llm,0,1,0,0,0,0,1
R,individual,pickup_object_individual,537,agent_0_llm,0,1,0,0,0,0,1
R,individual,pickup_object_individual,538,agent_1_llm,0,1,0,0,0,0,1
R,individual,pickup_object_individual,539,agent_1_llm,0,1,0,0,0,0,1
R,individual,pickup_object_individual,540,agent_0_llm,0,0,0,0,0,0,1
R,individual,pickup_object_individual,541,agent_1_llm,0,1,0,0,0,0,1
R,individual,pickup_object_individual,542,agent_0_llm,0,1,0,0,0,0,1
R,individual,pickup_object_individual,543,agent_1_llm,0,1,0,0,0,0,1
R,individual,pickup_object_individual,544,agent_1_llm,0,1,0,0,0,0,1
R,individual,pickup_object_individual,545,agent_0_llm,0,1,0,0,0,0,1
R,individual,pickup_object_individual,546,agent_1_llm,0,1,0,0,0,0,1
R,individual,pickup_object_individual,547,agent_0_llm,0,0,0,0,0,0,1
R,individual,pickup_object_individual,548,agent_0_llm,0,1,0,0,0,0,1
R,individual,pickup_object_individual,549,agent_1_llm,0,1,0,0,0,0,1
R,individual,pickup_object_individual,550,agent_0_llm,0,1,0,0,0,0,1
R,individual,pickup_object_individual,551,agent_1_llm,0,1,0,0,0,0,1
R,individual,pickup_object_individual,552,agent_1_llm,0,1,0,0,0,0,1
R,individual,pickup_object_individual,553,agent_0_llm,0,0,0,0,0,0,1
R,individual,pickup_object_individual,554,agent_1_llm,0,1,0,0,0,0,1
R,individual,pickup_object_individual,555,agent_0_llm,0,1,0,0,0,0,1
R,individual,pickup_object_individual,556,agent_1_llm,0,0,0,0,0,0,1
R,individual,pickup_object_individual,557,agent_0_llm,0,1,0,0,0,0,1
R,individual,pickup_object_individual,558,agent_1_llm,0,1,0,0,0,0,1
R,individual,pickup_object_individual,559,agent_0_llm,0,1,0,0,0,0,1
R,individual,pickup_object_individual,560,agent_1_llm,0,1,0,0,0,0,1
R,individual,pickup_object_individual,561,agent_1_llm,0,1,0,0,0,0,1
R,individual,pickup_object_individual,562,agent_0_llm,0,1,0,0,0,0,1
R,individual,pickup_object_individual,563,agent_1_llm,0,1,0,0,0,0,1
R,individual,pickup_object_individual,564,agent_0_llm,0,1,0,0,0,0,1
R,individual,pickup_object_individual,565,agent_0_llm,0,1,0,0,0,0,1
R,individual,pickup_object_individual,566,agent_1_llm,0,1,0,0,0,0,1
R,individual,pickup_object_individual,567,agent_0_llm,0,1,0,0,0,0,1
R,individual,pickup_object_individual,568,agent_1_llm,0,1,0,0,0,0,1
R,individual,pickup_object_individual,569,agent_0_llm,0,0,0,0,0,0,1
R,individual,pickup_object_individual,570,agent_1_llm,0,1,0,0,0,0,1
R,individual,pickup_object_individual,571,agent_1_llm,0,1,0,0,0,0,1
R,individual,pickup_object_individual,572,agent_0_llm,0,0,0,0,0,0,1
R,individual,pickup_object_individual,573,agent_0_llm,0,1,0,0,0,0,1
R,individual,pickup_object_individual,574,agent_1_llm,0,1,0,0,0,0,1
R,individual,pickup_object_individual,575,agent_1_llm,0,1,0,0,0,0,1
R,individual,pickup_object_individual,576,agent_0_llm,0,1,0,0,0,0,1
R,individual,pickup_object_individual,577,agent_1_llm,0,1,0,0,0,0,1
R,individual,pickup_object_individual,578,agent_0_llm,0,1,0,0,0,0,1
R,individual,pickup_object_individual,579,agent_1_llm,0,1,0,0,0,0,1
R,individual,pickup_object_individual,580,agent_0_llm,0,0,0,0,0,0,1
R,individual,pickup_object_individual,581,agent_1_llm,0,1,0,0,0,0,1
R,individual,pickup_object_individual,582,agent_0_llm,0,1,0,0,0,0,1
R,individual,pickup_object_individual,583,agent_1_llm,0,1,0,0,0,0,1
R,individual,pickup_object_individual,584,agent_1_llm,0,1,0,0,0,0,1
R,individual,pickup_object_individual,585,agent_0_llm,0,1,0,0,0,0,1
R,individual,pickup_object_individual,586,agent_1_llm,0,1,0,0,0,0,1
R,individual,pickup_object_individual,587,agent_0_llm,0,1,0,0,0,0,0
R,individual,pickup_object_individual,588,agent_1_llm,0,1,0,0,0,0,1
R,individual,pickup_object_individual,589,agent_0_llm,0,0,0,0,0,0,1
R,individual,pickup_object_individual,590,agent_1_llm,0,1,0,0,0,0,1
R,individual,pickup_object_individual,591,agent_0_llm,0,1,0,0,0,0,1
R,individual,pickup_object_individual,592,agent_1_llm,0,1,0,0,0,0,1
R,individual,pickup_object_individual,593,agent_0_llm,0,1,0,0,0,0,1
R,individual,pickup_object_individual,594,agent_1_llm,0,1,0,0,0,0,1
R,individual,pickup_object_individual,595,agent_0_llm,0,1,0,0,0,0,0
R,individual,pickup_object_individual,596,agent_1_llm,0,1,0,0,0,0,1
R,individual,pickup_object_individual,597,agent_0_llm,0,1,0,0,0,0,1
R,individual,pickup_object_individual,598,agent_0_llm,0,0,0,0,0,0,1
R,individual,pickup_object_individual,599,agent_1_llm,0,1,0,0,0,0,1
R,individual,pickup_object_individual,600,agent_1_llm,0,1,0,0,0,0,1
R,individual,pickup_object_individual,601,agent_0_llm,0,1,0,0,0,0,1
R,individual,pickup_object_individual,602,agent_1_llm,0,1,0,0,0,0,1
R,individual,pickup_object_individual,603,agent_1_llm,0,1,0,0,0,0,1
R,individual,pickup_object_individual,604,agent_1_llm,0,1,0,0,0,0,1
R,individual,pickup_object_individual,605,agent_1_llm,0,1,0,0,0,0,1
R,individual,pickup_object_individual,606,agent_0_llm,0,1,0,0,0,0,1
R,individual,pickup_object_individual,607,agent_1_llm,0,1,0,0,0,0,1
R,individual,pickup_object_individual,608,agent_1_llm,0,1,0,0,0,0,1
R,individual,pickup_object_individual,609,agent_1_llm,0,1,0,0,0,0,1
R,individual,pickup_object_individual,610,agent_0_llm,0,0,0,0,0,0,1
R,individual,pickup_object_individual,611,agent_1_llm,0,1,0,0,0,0,1
R,individual,pickup_object_individual,612,agent_0_llm,0,0,0,0,0,0,1
R,individual,pickup_object_individual,613,agent_1_llm,0,1,0,0,0,0,1
R,individual,pickup_object_individual,614,agent_0_llm,0,1,0,0,0,0,1
R,individual,pickup_object_individual,615,agent_1_llm,0,1,0,0,0,0,1
R,individual,pickup_object_individual,616,agent_1_llm,0,1,0,0,0,0,1
R,individual,pickup_object_individual,617,agent_0_llm,0,1,0,0,0,0,0
R,individual,pickup_object_individual,618,agent_1_llm,0,1,0,0,0,0,1
R,individual,pickup_object_individual,619,agent_1_llm,0,1,0,0,0,0,1
R,individual,pickup_object_individual,620,agent_0_llm,0,0,0,0,0,0,1
R,individual,pickup_object_individual,621,agent_1_llm,0,1,0,0,0,0,1
R,individual,pickup_object_individual,622,agent_0_llm,0,0,0,0,0,0,1
R,individual,pickup_object_individual,623,agent_0_llm,0,1,0,0,0,0,1
R,individual,pickup_object_individual,624,agent_1_llm,0,1,0,0,0,0,1
R,individual,pickup_object_individual,625,agent_0_llm,0,1,0,0,0,0,1
R,individual,pickup_object_individual,626,agent_1_llm,0,1,0,0,0,0,1
R,individual,pickup_object_individual,627,agent_0_llm,0,1,0,0,0,0,1
R,individual,pickup_object_individual,628,agent_1_llm,0,1,0,0,0,0,1
R,individual,pickup_object_individual,629,agent_0_llm,0,1,0,0,0,0,1
R,individual,pickup_object_individual,630,agent_1_llm,0,1,0,0,0,0,1
R,individual,pickup_object_individual,631,agent_0_llm,0,0,0,0,0,0,1
R,individual,pickup_object_individual,632,agent_1_llm,0,1,0,0,0,0,1
R,individual,pickup_object_individual,633,agent_1_llm,0,1,0,0,0,0,1
R,individual,pickup_object_individual,634,agent_0_llm,0,1,0,0,0,0,1
R,individual,pickup_object_individual,635,agent_1_llm,0,1,0,0,0,0,1
R,individual,pickup_object_individual,636,agent_0_llm,0,1,0,0,0,0,1
R,individual,pickup_object_individual,637,agent_1_llm,0,1,0,0,0,0,1
R,individual,pickup_object_individual,638,agent_0_llm,0,1,0,0,0,0,1
R,individual,pickup_object_individual,639,agent_1_llm,0,1,0,0,0,0,1
R,individual,pickup_object_individual,640,agent_1_llm,0,1,0,0,0,0,1
R,individual,pickup_object_individual,641,agent_0_llm,0,0,0,0,0,0,1
R,individual,pickup_object_individual,642,agent_1_llm,0,1,0,0,0,0,1
R,individual,pickup_object_individual,643,agent_1_llm,0,1,0,0,0,0,1
R,individual,pickup_object_individual,644,agent_0_llm,0,0,0,0,0,0,1
R,individual,pickup_object_individual,645,agent_1_llm,0,1,0,0,0,0,1
R,individual,pickup_object_individual,646,agent_1_llm,0,1,0,0,0,0,1
R,individual,pickup_object_individual,647,agent_0_llm,0,0,0,0,0,0,1
R,individual,pickup_object_individual,648,agent_1_llm,0,1,0,0,0,0,1
R,individual,pickup_object_individual,649,agent_0_llm,0,0,0,0,0,0,1
R,individual,pickup_object_individual,650,agent_1_llm,0,1,0,0,0,0,1
R,individual,pickup_object_individual,651,agent_1_llm,0,1,0,0,0,0,1
R,individual,pickup_object_individual,652,agent_0_llm,0,1,0,0,0,0,0
R,individual,pickup_object_individual,653,agent_1_llm,0,1,0,0,0,0,1
R,individual,pickup_object_individual,654,agent_0_llm,0,1,0,0,0,0,0
R,individual,pickup_object_individual,655,agent_1_llm,0,1,0,0,0,0,1
R,individual,pickup_object_individual,656,agent_0_llm,0,0,0,0,0,0,1
R,individual,pickup_object_individual,657,agent_1_llm,0,1,0,0,0,0,1
R,individual,pickup_object_individual,658,agent_1_llm,0,1,0,0,0,0,1
R,individual,pickup_object_individual,659,agent_0_llm,0,1,0,0,0,0,0
R,individual,pickup_object_individual,660,agent_0_llm,0,1,0,0,0,0,0
R,individual,pickup_object_individual,661,agent_1_llm,0,1,0,0,0,0,1
R,individual,pickup_object_individual,662,agent_0_llm,0,1,0,0,0,0,1
R,individual,pickup_object_individual,663,agent_1_llm,0,1,0,0,0,0,1
R,individual,pickup_object_individual,664,agent_1_llm,0,1,0,0,0,0,1
R,individual,pickup_object_individual,665,agent_0_llm,0,1,0,0,0,0,1
R,individual,pickup_object_individual,666,agent_1_llm,0,1,0,0,0,0,1
R,individual,pickup_object_individual,667,agent_0_llm,0,1,0,0,0,0,1
R,individual,pickup_object_individual,668,agent_1_llm,0,1,0,0,0,0,1
R,individual,pickup_object_individual,669,agent_0_llm,0,1,0,0,0,0,1
R,individual,pickup_object_individual,670,agent_1_llm,0,1,0,0,0,0,1
R,individual,pickup_object_individual,671,agent_0_llm,0,1,0,0,0,0,1
R,individual,pickup_object_individual,672,agent_0_llm,0,1,0,0,0,0,0
R,individual,pickup_object_individual,673,agent_1_llm,0,1,0,0,0,0,1
R,individual,pickup_object_individual,674,agent_0_llm,0,0,0,0,0,0,1
R,individual,pickup_object_individual,675,agent_1_llm,0,1,0,0,0,0,0
R,individual,pickup_object_individual,676,agent_0_llm,0,1,0,0,0,0,1
R,individual,pickup_object_individual,677,agent_1_llm,0,1,0,0,0,0,1
R,individual,pickup_object_individual,678,agent_0_llm,0,1,0,0,0,0,1
R,individual,pickup_object_individual,679,agent_1_llm,0,1,0,0,0,0,0
R,individual,pickup_object_individual,680,agent_0_llm,0,0,0,0,0,0,1
R,individual,pickup_object_individual,681,agent_1_llm,0,1,0,0,0,0,1
R,individual,pickup_object_individual,682,agent_0_llm,0,1,0,0,0,0,1
R,individual,pickup_object_individual,683,agent_1_llm,0,1,0,0,0,0,1
R,individual,pickup_object_individual,684,agent_0_llm,0,1,0,0,0,0,1
R,individual,pickup_object_individual,685,agent_1_llm,0,1,0,0,0,0,1
R,individual,pickup_object_individual,686,agent_0_llm,0,1,0,0,0,0,1
R,individual,pickup_object_individual,687,agent_1_llm,0,1,0,0,0,0,1
R,individual,pickup_object_individual,688,agent_1_llm,0,1,0,0,0,0,1
R,individual,pickup_object_individual,689,agent_0_llm,0,1,0,0,0,0,0
R,individual,pickup_object_individual,690,agent_1_llm,0,1,0,0,0,0,1
R,individual,pickup_object_individual,691,agent_1_llm,0,1,0,0,0,0,1
R,individual,pickup_object_individual,692,agent_0_llm,0,1,0,0,0,0,1
R,individual,pickup_object_individual,693,agent_1_llm,0,1,0,0,0,0,1
R,individual,pickup_object_individual,694,agent_0_llm,0,1,0,0,0,0,1
R,individual,pickup_object_individual,695,agent_1_llm,0,1,0,0,0,0,1
R,individual,pickup_object_individual,696,agent_0_llm,0,1,0,0,0,0,1
R,individual,pickup_object_individual,697,agent_1_llm,0,1,0,0,0,0,1
R,individual,pickup_object_individual,698,agent_0_llm,0,1,0,0,0,0,0
R,individual,pickup_object_individual,699,agent_1_llm,0,1,0,0,0,0,1
R,individual,pickup_object_individual,700,agent_0_llm,0,1,0,0,0,0,0
R,individual,pickup_object_individual,701,agent_1_llm,0,1,0,0,0,0,1
R,individual,pickup_object_individual,702,agent_0_llm,0,1,0,0,0,0,0
R,individual,pickup_object_individual,703,agent_1_llm,0,1,0,0,0,0,1
R,individual,pickup_object_individual,704,agent_0_llm,0,1,0,0,0,0,0
R,individual,pickup_object_individual,705,agent_1_llm,0,1,0,0,0,0,1
R,individual,pickup_object_individual,706,agent_0_llm,0,0,0,0,0,0,1
R,individual,pickup_object_individual,707,agent_1_llm,0,1,0,0,0,0,1
R,individual,pickup_object_individual,708,agent_0_llm,0,1,0,0,0,0,0
R,individual,pickup_object_individual,709,agent_1_llm,0,1,0,0,0,0,1
R,individual,pickup_object_individual,710,agent_0_llm,0,1,0,0,0,0,0
R,individual,pickup_object_individual,711,agent_0_llm,0,1,0,0,0,0,0
R,individual,pickup_object_individual,712,agent_1_llm,0,1,0,0,0,0,1
R,individual,pickup_object_individual,713,agent_0_llm,0,1,0,0,0,0,1
R,individual,pickup_object_individual,714,agent_1_llm,0,1,0,0,0,0,1
R,individual,pickup_object_individual,715,agent_0_llm,0,1,0,0,0,0,0
R,individual,pickup_object_individual,716,agent_1_llm,0,1,0,0,0,0,1
R,individual,pickup_object_individual,717,agent_0_llm,0,0,0,0,0,0,1
R,individual,pickup_object_individual,718,agent_1_llm,0,1,0,0,0,0,1
R,individual,pickup_object_individual,719,agent_1_llm,0,1,0,0,0,0,1
R,individual,pickup_object_individual,720,agent_1_llm,0,1,0,0,0,0,1
R,individual,pickup_object_individual,721,agent_1_llm,0,1,0,0,0,0,1
R,individual,pickup_object_individual,722,agent_0_llm,0,0,0,0,0,0,1
R,individual,pickup_object_individual,723,agent_1_llm,0,1,0,0,0,0,1
R,individual,pickup_object_individual,724,agent_1_llm,0,1,0,0,0,0,1
R,individual,pickup_object_individual,725,agent_1_llm,0,1,0,0,0,0,1
R,individual,pickup_object_individual,726,agent_1_llm,0,1,0,0,0,0,1
R,individual,pickup_object_individual,727,agent_0_llm,0,0,0,0,0,0,1
R,individual,pickup_object_individual,728,agent_0_llm,0,1,0,0,0,0,0
R,individual,pickup_object_individual,729,agent_1_llm,0,1,0,0,0,0,1
R,individual,pickup_object_individual,730,agent_0_llm,0,0,0,0,0,0,1
R,individual,pickup_object_individual,731,agent_1_llm,0,1,0,0,0,0,1
R,individual,pickup_object_individual,732,agent_0_llm,0,0,0,0,0,0,1
R,individual,pickup_object_individual,733,agent_1_llm,0,1,0,0,0,0,1
R,individual,pickup_object_individual,734,agent_0_llm,0,1,0,0,0,0,1
R,individual,pickup_object_individual,735,agent_1_llm,0,1,0,0,0,0,1
R,individual,pickup_object_individual,736,agent_0_llm,0,1,0,0,0,0,0
R,individual,pickup_object_individual,737,agent_1_llm,0,1,0,0,0,0,1
R,individual,pickup_object_individual,738,agent_0_llm,0,1,0,0,0,0,0
R,individual,pickup_object_individual,739,agent_1_llm,0,1,0,0,0,0,1
R,individual,pickup_object_individual,740,agent_0_llm,0,1,0,0,0,0,0
R,individual,pickup_object_individual,741,agent_1_llm,0,1,0,0,0,0,1
R,individual,pickup_object_individual,742,agent_0_llm,0,1,0,0,0,0,1
R,individual,pickup_object_individual,743,agent_0_llm,0,0,0,0,0,0,1
R,individual,pickup_object_individual,744,agent_1_llm,0,1,0,0,0,0,1
R,individual,pickup_object_individual,745,agent_0_llm,0,1,0,0,0,0,0
R,individual,pickup_object_individual,746,agent_1_llm,0,1,0,0,0,0,1
R,individual,pickup_object_individual,747,agent_1_llm,0,1,0,0,0,0,1
R,individual,pickup_object_individual,748,agent_0_llm,0,1,0,0,0,0,1
R,individual,pickup_object_individual,749,agent_1_llm,0,1,0,0,0,0,1
R,individual,pickup_object_individual,750,agent_0_llm,0,0,0,0,0,0,1
R,individual,pickup_object_individual,751,agent_1_llm,0,1,0,0,0,0,1
R,individual,pickup_object_individual,752,agent_1_llm,0,1,0,0,0,0,1
R,individual,pickup_object_individual,753,agent_0_llm,0,1,0,0,0,0,0
R,individual,pickup_object_individual,754,agent_1_llm,0,1,0,0,0,0,1
R,individual,pickup_object_individual,755,agent_0_llm,0,1,0,0,0,0,1
R,individual,pickup_object_individual,756,agent_1_llm,0,1,0,0,0,0,1
R,individual,pickup_object_individual,757,agent_1_llm,0,1,0,0,0,0,1
R,individual,pickup_object_individual,758,agent_0_llm,0,0,0,0,0,0,1
R,individual,pickup_object_individual,759,agent_1_llm,0,1,0,0,0,0,1
R,individual,pickup_object_individual,760,agent_0_llm,0,1,0,0,0,0,0
R,individual,pickup_object_individual,761,agent_1_llm,0,1,0,0,0,0,1
R,individual,pickup_object_individual,762,agent_0_llm,0,0,0,0,0,0,1
R,individual,pickup_object_individual,763,agent_1_llm,0,1,0,0,0,0,1
R,individual,pickup_object_individual,764,agent_0_llm,0,1,0,0,0,0,0
R,individual,pickup_object_individual,765,agent_1_llm,0,1,0,0,0,0,1
R,individual,pickup_object_individual,766,agent_0_llm,0,1,0,0,0,0,1
R,individual,pickup_object_individual,767,agent_1_llm,0,1,0,0,0,0,1
R,individual,pickup_object_individual,768,agent_1_llm,0,1,0,0,0,0,1
R,individual,place_object_individual,0,agent_0_llm,0,1,0,0,1,3,0
R,individual,place_object_individual,1,agent_1_llm,0,1,0,0,1,2,0
R,individual,place_object_individual,2,agent_1_llm,0,0,0,0,0,0,1
R,individual,place_object_individual,3,agent_0_llm,0,1,0,0,1,1,1
R,individual,place_object_individual,4,agent_1_llm,0,1,0,0,1,1,1
R,individual,place_object_individual,5,agent_0_llm,0,0,0,0,0,0,1
R,individual,place_object_individual,6,agent_1_llm,0,0,0,0,0,0,1
R,individual,place_object_individual,7,agent_0_llm,0,0,0,0,0,0,1
R,individual,place_object_individual,8,agent_1_llm,0,1,0,0,1,1,1
R,individual,place_object_individual,9,agent_0_llm,0,0,0,0,0,0,1
R,individual,place_object_individual,10,agent_1_llm,0,0,0,0,0,0,1
R,individual,place_object_individual,11,agent_0_llm,0,0,0,0,0,0,1
R,individual,place_object_individual,12,agent_0_llm,0,0,0,0,0,0,1
R,individual,place_object_individual,13,agent_1_llm,0,1,0,0,1,1,1
R,individual,place_object_individual,14,agent_1_llm,0,1,0,0,1,1,1
R,individual,place_object_individual,15,agent_1_llm,0,1,0,0,1,1,1
R,individual,place_object_individual,16,agent_1_llm,0,1,0,0,1,1,1
R,individual,place_object_individual,17,agent_1_llm,0,1,0,0,1,1,1
R,individual,place_object_individual,18,agent_1_llm,0,1,0,0,1,1,1
R,individual,place_object_individual,19,agent_0_llm,0,1,0,0,1,2,0
R,individual,place_object_individual,20,agent_1_llm,0,1,0,0,1,1,1
R,individual,place_object_individual,21,agent_0_llm,0,1,0,0,1,1,1
R,individual,place_object_individual,22,agent_1_llm,0,1,0,0,1,1,1
R,individual,place_object_individual,23,agent_1_llm,0,1,0,0,1,1,1
R,individual,place_object_individual,24,agent_1_llm,0,1,0,0,1,1,1
R,individual,place_object_individual,25,agent_0_llm,0,1,0,0,1,1,1
R,individual,place_object_individual,26,agent_1_llm,0,1,0,0,1,1,1
R,individual,place_object_individual,27,agent_1_llm,0,1,0,0,1,1,1
R,individual,place_object_individual,28,agent_1_llm,0,1,0,0,1,1,1
R,individual,place_object_individual,29,agent_1_llm,0,1,0,0,1,1,1
R,individual,place_object_individual,30,agent_1_llm,0,1,0,0,1,1,1
R,individual,place_object_individual,31,agent_0_llm,0,0,0,0,0,0,1
R,individual,place_object_individual,32,agent_1_llm,0,1,0,0,1,1,1
R,individual,place_object_individual,33,agent_0_llm,0,1,0,0,1,2,0
R,individual,place_object_individual,34,agent_1_llm,0,1,0,0,1,1,1
R,individual,place_object_individual,35,agent_0_llm,0,1,0,0,1,1,1
R,individual,place_object_individual,36,agent_1_llm,0,1,0,0,1,1,1
R,individual,place_object_individual,37,agent_1_llm,0,1,0,0,1,1,1
R,individual,place_object_individual,38,agent_0_llm,0,1,0,0,1,1,1
R,individual,place_object_individual,39,agent_1_llm,0,1,0,0,1,1,1
R,individual,place_object_individual,40,agent_0_llm,0,1,0,0,1,1,1
R,individual,place_object_individual,41,agent_0_llm,0,0,0,0,0,0,1
R,individual,place_object_individual,42,agent_1_llm,0,0,0,0,0,0,1
R,individual,place_object_individual,43,agent_0_llm,0,1,0,0,1,1,1
R,individual,place_object_individual,44,agent_1_llm,0,1,0,0,1,1,1
R,individual,place_object_individual,45,agent_1_llm,0,1,0,0,1,1,1
R,individual,place_object_individual,46,agent_0_llm,0,0,0,0,0,0,1
R,individual,place_object_individual,47,agent_1_llm,0,0,0,0,0,0,1
R,individual,place_object_individual,48,agent_1_llm,0,1,0,0,1,1,1
R,individual,place_object_individual,49,agent_1_llm,0,0,0,0,0,0,1
R,individual,place_object_individual,50,agent_1_llm,0,1,0,0,1,1,1
R,individual,place_object_individual,51,agent_1_llm,0,1,0,0,1,1,1
R,individual,place_object_individual,52,agent_1_llm,0,1,0,0,1,1,1
R,individual,place_object_individual,53,agent_0_llm,0,1,0,0,1,1,1
R,individual,place_object_individual,54,agent_1_llm,0,1,0,0,1,1,1
R,individual,place_object_individual,55,agent_1_llm,0,1,0,0,1,1,1
R,individual,place_object_individual,56,agent_1_llm,0,1,0,0,1,1,1
R,individual,place_object_individual,57,agent_0_llm,0,0,0,0,0,0,1
R,individual,place_object_individual,58,agent_0_llm,0,1,0,0,1,1,1
R,individual,place_object_individual,59,agent_1_llm,0,1,0,0,1,1,1
R,individual,place_object_individual,60,agent_1_llm,0,1,0,0,1,1,1
R,individual,place_object_individual,61,agent_1_llm,0,1,0,0,1,1,1
R,individual,place_object_individual,62,agent_0_llm,0,0,0,0,0,0,1
R,individual,place_object_individual,63,agent_1_llm,0,1,0,0,1,1,1
R,individual,place_object_individual,64,agent_1_llm,0,1,0,0,1,1,1
R,individual,place_object_individual,65,agent_0_llm,0,1,0,0,0,0,1
R,individual,place_object_individual,66,agent_1_llm,0,1,0,0,1,1,1
R,individual,place_object_individual,67,agent_1_llm,0,1,0,0,1,1,1
R,individual,place_object_individual,68,agent_0_llm,0,1,0,0,1,2,0
R,individual,place_object_individual,69,agent_1_llm,0,1,0,0,1,1,1
R,individual,place_object_individual,70,agent_0_llm,0,1,0,0,1,1,1
R,individual,place_object_individual,71,agent_1_llm,0,1,0,0,1,1,1
R,individual,place_object_individual,72,agent_1_llm,0,1,0,0,1,1,1
R,individual,place_object_individual,73,agent_0_llm,0,1,0,0,1,1,1
R,individual,place_object_individual,74,agent_1_llm,0,1,0,0,1,1,1
R,individual,place_object_individual,75,agent_0_llm,0,1,0,0,1,1,1
R,individual,place_object_individual,76,agent_1_llm,0,1,0,0,1,1,1
R,individual,place_object_individual,77,agent_1_llm,0,1,0,0,1,1,1
R,individual,place_object_individual,78,agent_1_llm,0,1,0,0,1,1,1
R,individual,place_object_individual,79,agent_0_llm,0,1,0,0,1,1,1
R,individual,place_object_individual,80,agent_1_llm,0,1,0,0,1,1,1
R,individual,place_object_individual,81,agent_1_llm,0,1,0,0,1,1,1
R,individual,place_object_individual,82,agent_0_llm,0,1,0,0,1,1,1
R,individual,place_object_individual,83,agent_1_llm,0,1,0,0,1,1,1
R,individual,place_object_individual,84,agent_1_llm,0,1,0,0,1,1,1
R,individual,place_object_individual,85,agent_0_llm,0,1,0,0,1,1,1
R,individual,place_object_individual,86,agent_1_llm,0,1,0,0,1,1,1
R,individual,place_object_individual,87,agent_1_llm,0,1,0,0,1,1,1
R,individual,place_object_individual,88,agent_0_llm,0,0,0,0,0,0,1
R,individual,place_object_individual,89,agent_1_llm,0,1,0,0,1,1,1
R,individual,place_object_individual,90,agent_1_llm,0,1,0,0,1,1,1
R,individual,place_object_individual,91,agent_1_llm,0,1,0,0,1,1,1
R,individual,place_object_individual,92,agent_1_llm,0,1,0,0,1,1,1
R,individual,place_object_individual,93,agent_1_llm,0,1,0,0,1,1,1
R,individual,place_object_individual,94,agent_0_llm,0,0,0,0,0,0,1
R,individual,place_object_individual,95,agent_0_llm,0,1,0,0,1,1,1
R,individual,place_object_individual,96,agent_1_llm,0,1,0,0,0,0,1
R,individual,place_object_individual,97,agent_0_llm,0,1,0,0,1,1,1
R,individual,place_object_individual,98,agent_1_llm,0,1,0,0,1,1,1
R,individual,place_object_individual,99,agent_0_llm,0,1,0,0,1,1,1
R,individual,place_object_individual,100,agent_1_llm,0,1,0,0,1,1,1
R,individual,place_object_individual,101,agent_1_llm,0,1,0,0,1,1,1
R,individual,place_object_individual,102,agent_1_llm,0,1,0,0,1,1,1
R,individual,place_object_individual,103,agent_1_llm,0,1,0,0,1,1,1
R,individual,place_object_individual,104,agent_1_llm,0,1,0,0,1,1,1
R,individual,place_object_individual,105,agent_0_llm,0,1,0,0,1,1,1
R,individual,place_object_individual,106,agent_1_llm,0,1,0,0,1,1,1
R,individual,place_object_individual,107,agent_1_llm,0,1,0,0,1,1,1
R,individual,place_object_individual,108,agent_1_llm,0,1,0,0,1,1,1
R,individual,place_object_individual,109,agent_1_llm,0,1,0,0,1,1,1
R,individual,place_object_individual,110,agent_0_llm,0,1,0,0,1,1,1
R,individual,place_object_individual,111,agent_1_llm,0,1,0,0,1,1,1
R,individual,place_object_individual,112,agent_0_llm,0,0,0,0,0,0,1
R,individual,place_object_individual,113,agent_1_llm,0,0,0,0,0,0,1
R,individual,place_object_individual,114,agent_1_llm,0,1,0,0,1,1,1
R,individual,place_object_individual,115,agent_0_llm,0,1,0,0,1,1,1
R,individual,place_object_individual,116,agent_1_llm,0,1,0,0,1,1,1
R,individual,place_object_individual,117,agent_1_llm,0,1,0,0,1,1,1
R,individual,place_object_individual,118,agent_1_llm,0,1,0,0,1,1,1
R,individual,place_object_individual,119,agent_1_llm,0,1,0,0,1,1,1
R,individual,place_object_individual,120,agent_1_llm,0,1,0,0,1,1,1
R,individual,place_object_individual,121,agent_0_llm,0,1,0,0,0,0,1
R,individual,place_object_individual,122,agent_1_llm,0,1,0,0,1,1,1
R,individual,place_object_individual,123,agent_0_llm,0,1,0,0,1,1,1
R,individual,place_object_individual,124,agent_1_llm,0,1,0,0,1,1,1
R,individual,place_object_individual,125,agent_1_llm,0,1,0,0,1,1,1
R,individual,place_object_individual,126,agent_0_llm,0,1,0,0,1,1,1
R,individual,place_object_individual,127,agent_1_llm,0,1,0,0,1,1,1
R,individual,place_object_individual,128,agent_1_llm,0,1,0,0,1,1,1
R,individual,place_object_individual,129,agent_0_llm,0,0,0,0,0,0,1
R,individual,place_object_individual,130,agent_1_llm,0,0,0,0,0,0,1
R,individual,place_object_individual,131,agent_1_llm,0,1,0,0,1,1,1
R,individual,place_object_individual,132,agent_1_llm,0,1,0,0,1,1,1
R,individual,place_object_individual,133,agent_1_llm,0,1,0,0,1,1,1
R,individual,place_object_individual,134,agent_1_llm,0,1,0,0,1,1,1
R,individual,place_object_individual,135,agent_1_llm,0,1,0,0,1,1,1
R,individual,place_object_individual,136,agent_1_llm,0,1,0,0,1,1,1
R,individual,place_object_individual,137,agent_0_llm,0,1,0,0,1,1,1
R,individual,place_object_individual,138,agent_1_llm,0,1,0,0,1,1,1
R,individual,place_object_individual,139,agent_1_llm,0,1,0,0,1,1,1
R,individual,place_object_individual,140,agent_1_llm,0,1,0,0,1,1,1
R,individual,place_object_individual,141,agent_1_llm,0,1,0,0,1,1,1
R,individual,place_object_individual,142,agent_1_llm,0,1,0,0,1,1,1
R,individual,place_object_individual,143,agent_0_llm,0,1,0,0,1,1,1
R,individual,place_object_individual,144,agent_1_llm,0,1,0,0,1,1,1
R,individual,place_object_individual,145,agent_1_llm,0,1,0,0,1,1,1
R,individual,place_object_individual,146,agent_1_llm,0,1,0,0,1,1,1
R,individual,place_object_individual,147,agent_1_llm,0,1,0,0,1,1,1
R,individual,place_object_individual,148,agent_0_llm,0,1,0,0,1,1,1
R,individual,place_object_individual,149,agent_1_llm,0,1,0,0,1,1,1
R,individual,place_object_individual,150,agent_0_llm,0,1,0,0,1,1,1
R,individual,place_object_individual,151,agent_1_llm,0,1,0,0,1,1,1
R,individual,place_object_individual,152,agent_0_llm,0,1,0,0,1,1,1
R,individual,place_object_individual,153,agent_1_llm,0,1,0,0,1,1,1
R,individual,place_object_individual,154,agent_0_llm,0,1,0,0,1,1,1
R,individual,place_object_individual,155,agent_1_llm,0,1,0,0,1,1,1
R,individual,place_object_individual,156,agent_1_llm,0,1,0,0,1,1,1
R,individual,place_object_individual,157,agent_1_llm,0,1,0,0,1,1,1
R,individual,place_object_individual,158,agent_0_llm,0,1,0,0,1,1,1
R,individual,place_object_individual,159,agent_0_llm,0,0,0,0,0,0,1
R,individual,place_object_individual,160,agent_1_llm,0,0,0,0,0,0,1
R,individual,place_object_individual,161,agent_0_llm,0,1,0,0,0,0,1
R,individual,place_object_individual,162,agent_1_llm,0,1,0,0,1,1,1
R,individual,place_object_individual,163,agent_1_llm,0,1,0,0,1,1,1
R,individual,place_object_individual,164,agent_0_llm,0,1,0,0,1,1,1
R,individual,place_object_individual,165,agent_1_llm,0,1,0,0,1,1,1
R,individual,place_object_individual,166,agent_0_llm,0,0,0,0,0,0,1
R,individual,place_object_individual,167,agent_1_llm,0,1,0,0,1,1,1
R,individual,place_object_individual,168,agent_1_llm,0,1,0,0,1,1,1
R,individual,place_object_individual,169,agent_0_llm,0,1,0,0,1,1,1
R,individual,place_object_individual,170,agent_1_llm,0,1,0,0,1,1,1
R,individual,place_object_individual,171,agent_1_llm,0,1,0,0,1,1,1
R,individual,place_object_individual,172,agent_1_llm,0,1,0,0,1,1,1
R,individual,place_object_individual,173,agent_1_llm,0,1,0,0,1,1,1
R,individual,place_object_individual,174,agent_0_llm,0,1,0,0,1,1,1
R,individual,place_object_individual,175,agent_1_llm,0,1,0,0,1,1,1
R,individual,place_object_individual,176,agent_1_llm,0,1,0,0,1,1,1
R,individual,place_object_individual,177,agent_1_llm,0,1,0,0,1,1,1
R,individual,place_object_individual,178,agent_1_llm,0,1,0,0,1,1,1
R,individual,place_object_individual,179,agent_1_llm,0,1,0,0,0,0,1
R,individual,place_object_individual,180,agent_0_llm,0,0,0,0,0,0,1
R,individual,place_object_individual,181,agent_1_llm,0,1,0,0,1,1,1
R,individual,place_object_individual,182,agent_0_llm,0,1,0,0,1,1,1
R,individual,place_object_individual,183,agent_1_llm,0,1,0,0,1,1,1
R,individual,place_object_individual,184,agent_1_llm,0,1,0,0,1,1,1
R,individual,place_object_individual,185,agent_1_llm,0,1,0,0,1,1,1
R,individual,place_object_individual,186,agent_1_llm,0,1,0,0,1,2,0
R,individual,place_object_individual,187,agent_1_llm,0,1,0,0,1,1,1
R,individual,place_object_individual,188,agent_1_llm,0,1,0,0,1,1,1
R,individual,place_object_individual,189,agent_0_llm,0,1,0,0,1,1,1
R,individual,place_object_individual,190,agent_1_llm,0,1,0,0,1,1,1
R,individual,place_object_individual,191,agent_1_llm,0,1,0,0,1,1,1
R,individual,place_object_individual,192,agent_1_llm,0,1,0,0,1,1,1
R,individual,place_object_individual,193,agent_1_llm,0,1,0,0,1,1,1
R,individual,place_object_individual,194,agent_1_llm,0,1,0,0,1,1,1
R,individual,place_object_individual,195,agent_0_llm,0,1,0,0,1,1,1
R,individual,place_object_individual,196,agent_1_llm,0,1,0,0,1,1,1
R,individual,place_object_individual,197,agent_1_llm,0,1,0,0,1,1,1
R,individual,place_object_individual,198,agent_0_llm,0,0,0,0,0,0,1
R,individual,place_object_individual,199,agent_0_llm,0,1,0,0,1,1,1
R,individual,place_object_individual,200,agent_1_llm,0,1,0,0,1,1,1
R,individual,place_object_individual,201,agent_1_llm,0,1,0,0,1,1,1
R,individual,place_object_individual,202,agent_0_llm,0,1,0,0,1,2,0
R,individual,place_object_individual,203,agent_1_llm,0,1,0,0,1,1,1
R,individual,place_object_individual,204,agent_0_llm,0,1,0,0,1,1,1
R,individual,place_object_individual,205,agent_1_llm,0,1,0,0,1,1,1
R,individual,place_object_individual,206,agent_0_llm,0,1,0,0,1,1,1
R,individual,place_object_individual,207,agent_1_llm,0,1,0,0,1,1,1
R,individual,place_object_individual,208,agent_1_llm,0,1,0,0,1,1,1
R,individual,place_object_individual,209,agent_1_llm,0,1,0,0,1,1,1
R,individual,place_object_individual,210,agent_1_llm,0,1,0,0,0,0,1
R,individual,place_object_individual,211,agent_0_llm,0,0,0,0,0,0,1
R,individual,place_object_individual,212,agent_1_llm,0,1,0,0,1,1,1
R,individual,place_object_individual,213,agent_0_llm,0,1,0,0,1,1,1
R,individual,place_object_individual,214,agent_1_llm,0,1,0,0,1,1,1
R,individual,place_object_individual,215,agent_1_llm,0,1,0,0,1,1,1
R,individual,place_object_individual,216,agent_0_llm,0,1,0,0,1,2,0
R,individual,place_object_individual,217,agent_1_llm,0,1,0,0,1,1,1
R,individual,place_object_individual,218,agent_1_llm,0,1,0,0,1,1,1
R,individual,place_object_individual,219,agent_1_llm,0,1,0,0,1,1,1
R,individual,place_object_individual,220,agent_0_llm,0,1,0,0,1,1,1
R,individual,place_object_individual,221,agent_1_llm,0,1,0,0,1,1,1
R,individual,place_object_individual,222,agent_0_llm,0,1,0,0,1,1,1
R,individual,place_object_individual,223,agent_1_llm,0,1,0,0,1,1,1
R,individual,place_object_individual,224,agent_0_llm,0,0,0,0,0,0,1
R,individual,place_object_individual,225,agent_1_llm,0,1,0,0,1,1,1
R,individual,place_object_individual,226,agent_0_llm,0,1,0,0,1,1,1
R,individual,place_object_individual,227,agent_1_llm,0,1,0,0,1,1,1
R,individual,place_object_individual,228,agent_0_llm,0,1,0,0,1,1,1
R,individual,place_object_individual,229,agent_1_llm,0,1,0,0,1,1,1
R,individual,place_object_individual,230,agent_0_llm,0,0,0,0,0,0,1
R,individual,place_object_individual,231,agent_1_llm,0,1,0,0,1,1,1
R,individual,place_object_individual,232,agent_1_llm,0,1,0,0,1,1,1
R,individual,place_object_individual,233,agent_0_llm,0,1,0,0,1,1,1
R,individual,place_object_individual,234,agent_1_llm,0,1,0,0,1,1,1
R,individual,place_object_individual,235,agent_0_llm,0,1,0,0,1,2,0
R,individual,place_object_individual,236,agent_1_llm,0,1,0,0,1,1,1
R,individual,place_object_individual,237,agent_0_llm,0,1,0,0,1,1,1
R,individual,place_object_individual,238,agent_1_llm,0,1,0,0,1,1,1
R,individual,place_object_individual,239,agent_1_llm,0,1,0,0,1,1,1
R,individual,place_object_individual,240,agent_0_llm,0,1,0,0,1,1,1
R,individual,place_object_individual,241,agent_1_llm,0,1,0,0,1,1,1
R,individual,place_object_individual,242,agent_0_llm,0,1,0,0,1,1,1
R,individual,place_object_individual,243,agent_1_llm,0,1,0,0,1,1,1
R,individual,place_object_individual,244,agent_1_llm,0,1,0,0,1,1,1
R,individual,place_object_individual,245,agent_1_llm,0,1,0,0,1,1,1
R,individual,place_object_individual,246,agent_1_llm,0,1,0,0,1,1,1
R,individual,place_object_individual,247,agent_1_llm,0,1,0,0,1,1,1
R,individual,place_object_individual,248,agent_1_llm,0,1,0,0,1,1,1
R,individual,place_object_individual,249,agent_0_llm,0,1,0,0,1,1,1
R,individual,place_object_individual,250,agent_1_llm,0,1,0,0,1,1,1
R,individual,place_object_individual,251,agent_1_llm,0,1,0,0,1,1,1
R,individual,place_object_individual,252,agent_0_llm,0,1,0,0,1,1,1
R,individual,place_object_individual,253,agent_1_llm,0,1,0,0,1,1,1
R,individual,place_object_individual,254,agent_1_llm,0,1,0,0,1,1,1
R,individual,place_object_individual,255,agent_0_llm,0,0,0,0,0,0,1
R,individual,place_object_individual,256,agent_1_llm,0,0,0,0,0,0,1
R,individual,place_object_individual,257,agent_0_llm,0,1,0,0,1,1,1
R,individual,place_object_individual,258,agent_1_llm,0,1,0,0,1,1,1
R,individual,place_object_individual,259,agent_1_llm,0,1,0,0,1,1,1
R,individual,place_object_individual,260,agent_1_llm,0,1,0,0,1,1,1
R,individual,place_object_individual,261,agent_1_llm,0,1,0,0,1,1,1
R,individual,place_object_individual,262,agent_0_llm,0,1,0,0,1,1,1
R,individual,place_object_individual,263,agent_1_llm,0,1,0,0,1,1,1
R,individual,place_object_individual,264,agent_0_llm,0,1,0,0,1,1,1
R,individual,place_object_individual,265,agent_1_llm,0,1,0,0,1,1,1
R,individual,place_object_individual,266,agent_0_llm,0,1,0,0,1,1,1
R,individual,place_object_individual,267,agent_1_llm,0,1,0,0,1,1,1
R,individual,place_object_individual,268,agent_0_llm,0,1,0,0,1,1,1
R,individual,place_object_individual,269,agent_1_llm,0,1,0,0,1,1,1
R,individual,place_object_individual,270,agent_0_llm,0,1,0,0,1,1,1
R,individual,place_object_individual,271,agent_1_llm,0,1,0,0,1,1,1
R,individual,place_object_individual,272,agent_1_llm,0,1,0,0,1,1,1
R,individual,place_object_individual,273,agent_0_llm,0,1,0,0,1,1,1
R,individual,place_object_individual,274,agent_1_llm,0,0,0,0,0,0,1
R,individual,place_object_individual,275,agent_0_llm,0,1,0,0,1,1,1
R,individual,place_object_individual,276,agent_1_llm,0,1,0,0,1,1,1
R,individual,place_object_individual,277,agent_0_llm,0,1,0,0,1,1,1
R,individual,place_object_individual,278,agent_0_llm,0,1,0,0,1,1,1
R,individual,place_object_individual,279,agent_1_llm,0,1,0,0,1,1,1
R,individual,place_object_individual,280,agent_0_llm,0,1,0,0,1,1,1
R,individual,place_object_individual,281,agent_1_llm,0,1,0,0,1,1,1
R,individual,place_object_individual,282,agent_0_llm,0,1,0,0,1,1,1
R,individual,place_object_individual,283,agent_1_llm,0,1,0,0,1,1,1
R,individual,place_object_individual,284,agent_0_llm,0,1,0,0,1,1,1
R,individual,place_object_individual,285,agent_1_llm,0,1,0,0,1,1,1
R,individual,place_object_individual,286,agent_0_llm,0,0,0,0,0,0,1
R,individual,place_object_individual,287,agent_0_llm,0,0,0,0,0,0,1
R,individual,place_object_individual,288,agent_1_llm,0,1,0,0,1,1,1
R,individual,place_object_individual,289,agent_0_llm,0,1,0,0,1,1,1
R,individual,place_object_individual,290,agent_1_llm,0,1,0,0,1,1,1
R,individual,place_object_individual,291,agent_0_llm,0,1,0,0,1,1,1
R,individual,place_object_individual,292,agent_0_llm,0,0,0,0,0,0,1
R,individual,place_object_individual,293,agent_1_llm,0,1,0,0,1,1,1
R,individual,place_object_individual,294,agent_1_llm,0,1,0,0,1,1,1
R,individual,place_object_individual,295,agent_1_llm,0,1,0,0,1,1,1
R,individual,place_object_individual,296,agent_0_llm,0,1,0,0,1,1,1
R,individual,place_object_individual,297,agent_1_llm,0,1,0,0,1,1,1
R,individual,place_object_individual,298,agent_1_llm,0,1,0,0,1,1,1
R,individual,place_object_individual,299,agent_0_llm,0,1,0,0,1,1,1
R,individual,place_object_individual,300,agent_1_llm,0,1,0,0,1,1,1
R,individual,place_object_individual,301,agent_1_llm,0,1,0,0,1,1,1
R,individual,place_object_individual,302,agent_1_llm,0,1,0,0,1,1,1
R,individual,place_object_individual,303,agent_1_llm,0,1,0,0,1,1,1
R,individual,place_object_individual,304,agent_1_llm,0,1,0,0,1,1,1
R,individual,place_object_individual,305,agent_0_llm,0,1,0,0,1,1,1
R,individual,place_object_individual,306,agent_1_llm,0,1,0,0,1,1,1
R,individual,place_object_individual,307,agent_1_llm,0,1,0,0,1,1,1
R,individual,place_object_individual,308,agent_0_llm,0,1,0,0,1,1,1
R,individual,place_object_individual,309,agent_1_llm,0,1,0,0,1,1,1
R,individual,place_object_individual,310,agent_1_llm,0,1,0,0,1,1,1
R,individual,place_object_individual,311,agent_1_llm,0,1,0,0,1,1,1
R,individual,place_object_individual,312,agent_0_llm,0,1,0,0,1,1,1
R,individual,place_object_individual,313,agent_1_llm,0,1,0,0,1,1,1
R,individual,place_object_individual,314,agent_0_llm,0,1,0,0,1,1,1
R,individual,place_object_individual,315,agent_1_llm,0,1,0,0,1,1,1
R,individual,place_object_individual,316,agent_0_llm,0,0,0,0,0,0,1
R,individual,place_object_individual,317,agent_0_llm,0,1,0,0,1,1,1
R,individual,place_object_individual,318,agent_0_llm,0,0,0,0,0,0,1
R,individual,place_object_individual,319,agent_1_llm,0,1,0,0,1,1,1
R,individual,place_object_individual,320,agent_0_llm,0,1,0,0,1,1,1
R,individual,place_object_individual,321,agent_1_llm,0,1,0,0,1,1,1
R,individual,place_object_individual,322,agent_1_llm,0,1,0,0,1,1,1
R,individual,place_object_individual,323,agent_1_llm,0,1,0,0,1,1,1
R,individual,place_object_individual,324,agent_0_llm,0,0,0,0,0,0,1
R,individual,place_object_individual,325,agent_1_llm,0,1,0,0,1,1,1
R,individual,place_object_individual,326,agent_1_llm,0,1,0,0,1,1,1
R,individual,place_object_individual,327,agent_0_llm,0,1,0,0,1,1,1
R,individual,place_object_individual,328,agent_1_llm,0,1,0,0,1,1,1
R,individual,place_object_individual,329,agent_0_llm,0,1,0,0,1,1,1
R,individual,place_object_individual,330,agent_1_llm,0,1,0,0,1,1,1
R,individual,place_object_individual,331,agent_1_llm,0,1,0,0,1,1,1
R,individual,place_object_individual,332,agent_0_llm,0,1,0,0,1,1,1
R,individual,place_object_individual,333,agent_0_llm,0,0,0,0,0,0,1
R,individual,place_object_individual,334,agent_1_llm,0,1,0,0,1,1,1
R,individual,place_object_individual,335,agent_1_llm,0,1,0,0,1,1,1
R,individual,place_object_individual,336,agent_0_llm,0,0,0,0,0,0,1
R,individual,place_object_individual,337,agent_1_llm,0,1,0,0,1,1,1
R,individual,place_object_individual,338,agent_0_llm,0,1,0,0,1,1,1
R,individual,place_object_individual,339,agent_1_llm,0,1,0,0,1,1,1
R,individual,place_object_individual,340,agent_0_llm,0,1,0,0,1,1,1
R,individual,place_object_individual,341,agent_1_llm,0,1,0,0,1,1,1
R,individual,place_object_individual,342,agent_0_llm,0,1,0,0,1,1,1
R,individual,place_object_individual,343,agent_1_llm,0,1,0,0,1,1,1
R,individual,place_object_individual,344,agent_1_llm,0,1,0,0,1,1,1
R,individual,place_object_individual,345,agent_0_llm,0,1,0,0,1,1,1
R,individual,place_object_individual,346,agent_0_llm,0,1,0,0,1,1,1
R,individual,place_object_individual,347,agent_1_llm,0,1,0,0,1,1,1
R,individual,place_object_individual,348,agent_0_llm,0,1,0,0,1,1,1
R,individual,place_object_individual,349,agent_1_llm,0,1,0,0,1,1,1
R,individual,place_object_individual,350,agent_0_llm,0,1,0,0,1,1,1
R,individual,place_object_individual,351,agent_1_llm,0,1,0,0,1,1,1
R,individual,place_object_individual,352,agent_0_llm,0,0,0,0,0,0,1
R,individual,place_object_individual,353,agent_1_llm,0,1,0,0,1,1,1
R,individual,place_object_individual,354,agent_1_llm,0,1,0,0,1,1,1
R,individual,place_object_individual,355,agent_1_llm,0,1,0,0,1,1,1
R,individual,place_object_individual,356,agent_0_llm,0,0,0,0,0,0,1
R,individual,place_object_individual,357,agent_0_llm,0,1,0,0,1,1,1
R,individual,place_object_individual,358,agent_1_llm,0,1,0,0,1,1,1
R,individual,place_object_individual,359,agent_1_llm,0,1,0,0,1,1,1
R,individual,place_object_individual,360,agent_1_llm,0,1,0,0,1,1,1
R,individual,place_object_individual,361,agent_1_llm,0,1,0,0,1,1,1
R,individual,place_object_individual,362,agent_1_llm,0,1,0,0,1,1,1
R,individual,place_object_individual,363,agent_1_llm,0,1,0,0,1,1,1
R,individual,place_object_individual,364,agent_1_llm,0,1,0,0,1,1,1
R,individual,place_object_individual,365,agent_0_llm,0,1,0,0,1,1,1
R,individual,place_object_individual,366,agent_1_llm,0,1,0,0,1,1,1
R,individual,place_object_individual,367,agent_0_llm,0,0,0,0,0,0,1
R,individual,place_object_individual,368,agent_1_llm,0,0,0,0,0,0,1
R,individual,place_object_individual,369,agent_1_llm,0,1,0,0,1,1,1
R,individual,place_object_individual,370,agent_0_llm,0,0,0,0,0,0,1
R,individual,place_object_individual,371,agent_1_llm,0,1,0,0,1,1,1
R,individual,place_object_individual,372,agent_1_llm,0,1,0,0,1,1,1
R,individual,place_object_individual,373,agent_0_llm,0,1,0,0,1,1,1
R,individual,place_object_individual,374,agent_1_llm,0,1,0,0,1,1,1
R,individual,place_object_individual,375,agent_0_llm,0,1,0,0,1,1,1
R,individual,place_object_individual,376,agent_1_llm,0,1,0,0,1,1,1
R,individual,place_object_individual,377,agent_0_llm,0,0,0,0,0,0,1
R,individual,place_object_individual,378,agent_0_llm,0,1,0,0,1,1,1
R,individual,place_object_individual,379,agent_0_llm,0,1,0,0,1,3,0
R,individual,place_object_individual,380,agent_1_llm,0,1,0,0,1,1,1
R,individual,place_object_individual,381,agent_0_llm,0,1,0,0,1,1,1
R,individual,place_object_individual,382,agent_1_llm,0,1,0,0,1,1,1
R,individual,place_object_individual,383,agent_1_llm,0,1,0,0,1,1,1
R,individual,place_object_individual,384,agent_1_llm,0,1,0,0,1,1,1
R,individual,place_object_individual,385,agent_0_llm,0,0,0,0,0,0,1
R,individual,place_object_individual,386,agent_1_llm,0,1,0,0,1,1,1
R,individual,place_object_individual,387,agent_0_llm,0,1,0,0,1,1,1
R,individual,place_object_individual,388,agent_0_llm,0,0,0,0,0,0,1
R,individual,place_object_individual,389,agent_1_llm,0,1,0,0,1,1,1
R,individual,place_object_individual,390,agent_0_llm,0,1,0,0,1,1,1
R,individual,place_object_individual,391,agent_1_llm,0,1,0,0,1,1,1
R,individual,place_object_individual,392,agent_0_llm,0,1,0,0,1,1,1
R,individual,place_object_individual,393,agent_1_llm,0,1,0,0,1,1,1
R,individual,place_object_individual,394,agent_0_llm,0,1,0,0,1,2,0
R,individual,place_object_individual,395,agent_1_llm,0,1,0,0,1,1,1
R,individual,place_object_individual,396,agent_1_llm,0,1,0,0,1,1,1
R,individual,place_object_individual,397,agent_1_llm,0,1,0,0,1,1,1
R,individual,place_object_individual,398,agent_0_llm,0,1,0,0,1,1,1
R,individual,place_object_individual,399,agent_1_llm,0,1,0,0,1,1,1
R,individual,place_object_individual,400,agent_1_llm,0,1,0,0,1,1,1
R,individual,place_object_individual,401,agent_1_llm,0,0,0,0,0,0,1
R,individual,place_object_individual,402,agent_0_llm,0,0,0,0,0,0,1
R,individual,place_object_individual,403,agent_1_llm,0,1,0,0,1,2,0
R,individual,place_object_individual,404,agent_1_llm,0,1,0,0,1,1,1
R,individual,place_object_individual,405,agent_0_llm,0,1,0,0,1,1,1
R,individual,place_object_individual,406,agent_1_llm,0,1,0,0,1,1,1
R,individual,place_object_individual,407,agent_1_llm,0,1,0,0,1,1,1
R,individual,place_object_individual,408,agent_0_llm,0,1,0,0,1,1,1
R,individual,place_object_individual,409,agent_1_llm,0,1,0,0,1,1,1
R,individual,place_object_individual,410,agent_0_llm,0,1,0,0,0,0,1
R,individual,place_object_individual,411,agent_1_llm,0,0,0,0,0,0,1
R,individual,place_object_individual,412,agent_1_llm,0,1,0,0,1,1,1
R,individual,place_object_individual,413,agent_1_llm,0,1,0,0,1,1,1
R,individual,place_object_individual,414,agent_1_llm,0,1,0,0,1,1,1
R,individual,place_object_individual,415,agent_0_llm,0,1,0,0,1,1,1
R,individual,place_object_individual,416,agent_1_llm,0,1,0,0,1,1,1
R,individual,place_object_individual,417,agent_1_llm,0,1,0,0,1,1,1
R,individual,place_object_individual,418,agent_0_llm,0,1,0,0,1,1,1
R,individual,place_object_individual,419,agent_1_llm,0,1,0,0,1,1,1
R,individual,place_object_individual,420,agent_1_llm,0,1,0,0,1,1,1
R,individual,place_object_individual,421,agent_0_llm,0,1,0,0,1,1,1
R,individual,place_object_individual,422,agent_1_llm,0,1,0,0,1,1,1
R,individual,place_object_individual,423,agent_0_llm,0,0,0,0,0,0,1
R,individual,place_object_individual,424,agent_1_llm,0,1,0,0,1,1,1
R,individual,place_object_individual,425,agent_0_llm,0,0,0,0,0,0,1
R,individual,place_object_individual,426,agent_1_llm,0,0,0,0,0,0,1
R,individual,place_object_individual,427,agent_0_llm,0,1,0,0,1,1,1
R,individual,place_object_individual,428,agent_1_llm,0,1,0,0,1,1,1
R,individual,place_object_individual,429,agent_0_llm,0,1,0,0,1,1,1
R,individual,place_object_individual,430,agent_1_llm,0,1,0,0,1,1,1
R,individual,place_object_individual,431,agent_0_llm,0,1,0,0,1,1,1
R,individual,place_object_individual,432,agent_1_llm,0,1,0,0,1,1,1
R,individual,place_object_individual,433,agent_1_llm,0,1,0,0,1,1,1
R,individual,place_object_individual,434,agent_0_llm,0,0,0,0,0,0,1
R,individual,place_object_individual,435,agent_0_llm,0,0,0,0,0,0,1
R,individual,place_object_individual,436,agent_1_llm,0,1,0,0,1,1,1
R,individual,place_object_individual,437,agent_0_llm,0,1,0,0,1,1,0
R,individual,place_object_individual,438,agent_1_llm,0,1,0,0,1,1,1
R,individual,place_object_individual,439,agent_0_llm,0,0,0,0,0,0,1
R,individual,place_object_individual,440,agent_1_llm,0,1,0,0,1,1,1
R,individual,place_object_individual,441,agent_0_llm,0,1,0,0,1,1,1
R,individual,place_object_individual,442,agent_1_llm,0,1,0,0,1,1,1
R,individual,place_object_individual,443,agent_1_llm,0,1,0,0,1,1,1
R,individual,place_object_individual,444,agent_1_llm,0,1,0,0,1,1,1
R,individual,place_object_individual,445,agent_1_llm,0,1,0,0,1,1,1
R,individual,place_object_individual,446,agent_0_llm,0,1,0,0,1,1,1
R,individual,place_object_individual,447,agent_1_llm,0,1,0,0,1,1,1
R,individual,place_object_individual,448,agent_0_llm,0,1,0,0,1,1,1
R,individual,place_object_individual,449,agent_1_llm,0,1,0,0,1,1,1
R,individual,place_object_individual,450,agent_0_llm,0,0,0,0,0,0,1
R,individual,place_object_individual,451,agent_0_llm,0,1,0,0,1,2,0
R,individual,place_object_individual,452,agent_1_llm,0,1,0,0,1,1,1
R,individual,place_object_individual,453,agent_0_llm,0,1,0,0,1,1,1
R,individual,place_object_individual,454,agent_1_llm,0,1,0,0,1,1,1
R,individual,place_object_individual,455,agent_1_llm,0,1,0,0,1,1,1
R,individual,place_object_individual,456,agent_1_llm,0,1,0,0,1,1,1
R,individual,place_object_individual,457,agent_0_llm,0,0,0,0,0,0,1
R,individual,place_object_individual,458,agent_1_llm,0,1,0,0,1,1,1
R,individual,place_object_individual,459,agent_0_llm,0,1,0,0,1,1,1
R,individual,place_object_individual,460,agent_1_llm,0,1,0,0,1,1,1
R,individual,place_object_individual,461,agent_1_llm,0,1,0,0,1,1,1
R,individual,place_object_individual,462,agent_0_llm,0,1,0,0,1,1,1
R,individual,place_object_individual,463,agent_1_llm,0,1,0,0,1,1,1
R,individual,place_object_individual,464,agent_1_llm,0,1,0,0,1,1,1
R,individual,place_object_individual,465,agent_1_llm,0,1,0,0,1,1,1
R,individual,place_object_individual,466,agent_0_llm,0,1,0,0,1,1,1
R,individual,place_object_individual,467,agent_1_llm,0,1,0,0,1,1,1
R,individual,place_object_individual,468,agent_1_llm,0,1,0,0,1,1,1
R,individual,place_object_individual,469,agent_0_llm,0,1,0,0,1,1,1
R,individual,place_object_individual,470,agent_1_llm,0,0,0,0,0,0,1
R,individual,place_object_individual,471,agent_0_llm,0,1,0,0,1,1,1
R,individual,place_object_individual,472,agent_1_llm,0,1,0,0,1,1,1
R,individual,place_object_individual,473,agent_1_llm,0,1,0,0,1,1,1
R,individual,place_object_individual,474,agent_0_llm,0,1,0,0,1,1,1
R,individual,place_object_individual,475,agent_0_llm,0,1,0,0,1,1,1
R,individual,place_object_individual,476,agent_1_llm,0,1,0,0,1,1,1
R,individual,place_object_individual,477,agent_0_llm,0,1,0,0,1,1,1
R,individual,place_object_individual,478,agent_1_llm,0,1,0,0,1,1,1
R,individual,place_object_individual,479,agent_0_llm,0,0,0,0,0,0,1
R,individual,place_object_individual,480,agent_1_llm,0,1,0,0,1,1,1
R,individual,place_object_individual,481,agent_1_llm,0,1,0,0,1,1,1
R,individual,place_object_individual,482,agent_1_llm,0,1,0,0,1,1,1
R,individual,place_object_individual,483,agent_0_llm,0,1,0,0,1,1,1
R,individual,place_object_individual,484,agent_1_llm,0,1,0,0,1,1,1
R,individual,place_object_individual,485,agent_1_llm,0,1,0,0,1,1,1
R,individual,place_object_individual,486,agent_1_llm,0,1,0,0,1,1,1
R,individual,place_object_individual,487,agent_0_llm,0,1,0,0,1,1,1
R,individual,place_object_individual,488,agent_1_llm,0,1,0,0,1,1,1
R,individual,place_object_individual,489,agent_0_llm,0,1,0,0,1,1,1
R,individual,place_object_individual,490,agent_1_llm,0,1,0,0,1,1,1
R,individual,place_object_individual,491,agent_1_llm,0,1,0,0,1,1,1
R,individual,place_object_individual,492,agent_1_llm,0,1,0,0,1,1,1
R,individual,place_object_individual,493,agent_0_llm,0,1,0,0,1,1,1
R,individual,place_object_individual,494,agent_1_llm,0,1,0,0,1,1,1
R,individual,place_object_individual,495,agent_0_llm,0,1,0,0,1,2,0
R,individual,place_object_individual,496,agent_1_llm,0,1,0,0,1,1,1
R,individual,place_object_individual,497,agent_0_llm,0,0,0,0,0,0,1
R,individual,place_object_individual,498,agent_0_llm,0,1,0,0,1,1,1
R,individual,place_object_individual,499,agent_1_llm,0,1,0,0,1,1,1
R,individual,place_object_individual,500,agent_0_llm,0,1,0,0,1,1,1
R,individual,place_object_individual,501,agent_0_llm,0,1,0,0,1,1,1
R,individual,place_object_individual,502,agent_1_llm,0,1,0,0,1,1,1
R,individual,place_object_individual,503,agent_1_llm,0,1,0,0,1,1,1
R,individual,place_object_individual,504,agent_0_llm,0,1,0,0,1,1,1
R,individual,place_object_individual,505,agent_1_llm,0,1,0,0,1,1,1
R,individual,place_object_individual,506,agent_0_llm,0,1,0,0,1,1,1
R,individual,place_object_individual,507,agent_1_llm,0,1,0,0,1,1,1
R,individual,place_object_individual,508,agent_0_llm,0,0,0,0,0,0,1
R,individual,place_object_individual,509,agent_1_llm,0,1,0,0,1,1,1
R,individual,place_object_individual,510,agent_1_llm,0,1,0,0,1,1,1
R,individual,place_object_individual,511,agent_1_llm,0,1,0,0,1,1,1
R,individual,place_object_individual,512,agent_1_llm,0,1,0,0,1,1,1
R,individual,place_object_individual,513,agent_0_llm,0,0,0,0,0,0,1
R,individual,place_object_individual,514,agent_1_llm,0,1,0,0,1,1,1
R,individual,place_object_individual,515,agent_0_llm,0,1,0,0,1,1,1
R,individual,place_object_individual,516,agent_1_llm,0,1,0,0,1,1,1
R,individual,place_object_individual,517,agent_1_llm,0,1,0,0,1,1,1
R,individual,place_object_individual,518,agent_0_llm,0,1,0,0,1,3,0
R,individual,place_object_individual,519,agent_0_llm,0,1,0,0,0,0,1
R,individual,place_object_individual,520,agent_0_llm,0,0,0,0,0,0,1
R,individual,place_object_individual,521,agent_1_llm,0,1,0,0,1,1,1
R,individual,place_object_individual,522,agent_0_llm,0,0,0,0,0,0,1
R,individual,place_object_individual,523,agent_0_llm,0,1,0,0,1,1,1
R,individual,place_object_individual,524,agent_1_llm,0,1,0,0,1,1,1
R,individual,place_object_individual,525,agent_0_llm,0,0,0,0,0,0,1
R,individual,place_object_individual,526,agent_0_llm,0,1,0,0,1,1,1
R,individual,place_object_individual,527,agent_1_llm,0,1,0,0,1,1,1
R,individual,place_object_individual,528,agent_0_llm,0,1,0,0,1,1,1
R,individual,place_object_individual,529,agent_1_llm,0,1,0,0,1,1,1
R,individual,place_object_individual,530,agent_0_llm,0,0,0,0,0,0,1
R,individual,place_object_individual,531,agent_1_llm,0,1,0,0,1,1,1
R,individual,place_object_individual,532,agent_1_llm,0,1,0,0,1,1,1
R,individual,place_object_individual,533,agent_1_llm,0,1,0,0,1,1,1
R,individual,place_object_individual,534,agent_0_llm,0,1,0,0,1,1,1
R,individual,place_object_individual,535,agent_1_llm,0,1,0,0,1,1,1
R,individual,place_object_individual,536,agent_0_llm,0,1,0,0,1,1,1
R,individual,place_object_individual,537,agent_1_llm,0,1,0,0,1,1,1
R,individual,place_object_individual,538,agent_1_llm,0,1,0,0,1,1,1
R,individual,place_object_individual,539,agent_1_llm,0,1,0,0,1,1,1
R,individual,place_object_individual,540,agent_0_llm,0,0,0,0,0,0,1
R,individual,place_object_individual,541,agent_1_llm,0,1,0,0,1,1,1
R,individual,place_object_individual,542,agent_1_llm,0,1,0,0,1,1,1
R,individual,place_object_individual,543,agent_0_llm,0,0,0,0,0,0,1
R,individual,place_object_individual,544,agent_1_llm,0,1,0,0,1,1,1
R,individual,place_object_individual,545,agent_0_llm,0,1,0,0,1,1,1
R,individual,place_object_individual,546,agent_1_llm,0,1,0,0,1,1,1
R,individual,place_object_individual,547,agent_0_llm,0,0,0,0,0,0,1
R,individual,place_object_individual,548,agent_1_llm,0,1,0,0,1,1,1
R,individual,place_object_individual,549,agent_0_llm,0,0,0,0,0,0,1
R,individual,place_object_individual,550,agent_1_llm,0,1,0,0,1,1,1
R,individual,place_object_individual,551,agent_1_llm,0,1,0,0,1,1,1
R,individual,place_object_individual,552,agent_1_llm,0,1,0,0,1,1,1
R,individual,place_object_individual,553,agent_0_llm,0,0,0,0,0,0,1
R,individual,place_object_individual,554,agent_1_llm,0,1,0,0,1,1,1
R,individual,place_object_individual,555,agent_1_llm,0,1,0,0,1,1,1
R,individual,place_object_individual,556,agent_0_llm,0,1,0,0,1,2,0
R,individual,place_object_individual,557,agent_0_llm,0,1,0,0,1,1,1
R,individual,place_object_individual,558,agent_1_llm,0,1,0,0,1,1,1
R,individual,place_object_individual,559,agent_1_llm,0,1,0,0,1,1,1
R,individual,place_object_individual,560,agent_0_llm,0,1,0,0,0,0,1
R,individual,place_object_individual,561,agent_1_llm,0,1,0,0,1,1,1
R,individual,place_object_individual,562,agent_1_llm,0,1,0,0,1,1,1
R,individual,place_object_individual,563,agent_0_llm,0,1,0,0,1,1,1
R,individual,place_object_individual,564,agent_1_llm,0,1,0,0,1,1,1
R,individual,place_object_individual,565,agent_0_llm,0,1,0,0,0,0,1
R,individual,place_object_individual,566,agent_1_llm,0,1,0,0,1,1,1
R,individual,place_object_individual,567,agent_0_llm,0,0,0,0,0,0,1
R,individual,place_object_individual,568,agent_1_llm,0,1,0,0,1,2,0
R,individual,place_object_individual,569,agent_0_llm,0,1,0,0,1,1,1
R,individual,place_object_individual,570,agent_1_llm,0,1,0,0,1,1,1
R,individual,place_object_individual,571,agent_1_llm,0,1,0,0,1,3,0
R,individual,place_object_individual,572,agent_0_llm,0,0,0,0,0,0,1
R,individual,place_object_individual,573,agent_1_llm,0,1,0,0,1,1,1
R,individual,place_object_individual,574,agent_0_llm,0,1,0,0,1,1,1
R,individual,place_object_individual,575,agent_1_llm,0,1,0,0,1,1,1
R,individual,place_object_individual,576,agent_0_llm,0,1,0,0,1,1,1
R,individual,place_object_individual,577,agent_1_llm,0,1,0,0,1,1,1
R,individual,place_object_individual,578,agent_1_llm,0,1,0,0,1,1,1
R,individual,place_object_individual,579,agent_1_llm,0,1,0,0,1,1,1
R,individual,place_object_individual,580,agent_1_llm,0,1,0,0,1,1,1
R,individual,place_object_individual,581,agent_0_llm,0,1,0,0,1,1,1
R,individual,place_object_individual,582,agent_1_llm,0,1,0,0,1,1,1
R,individual,place_object_individual,583,agent_1_llm,0,1,0,0,1,1,1
R,individual,place_object_individual,584,agent_1_llm,0,1,0,0,1,1,1
R,individual,place_object_individual,585,agent_1_llm,0,1,0,0,1,1,1
R,individual,place_object_individual,586,agent_0_llm,0,1,0,0,1,3,0
R,individual,place_object_individual,587,agent_0_llm,0,1,0,0,1,2,0
R,individual,place_object_individual,588,agent_1_llm,0,1,0,0,1,1,1
R,individual,place_object_individual,589,agent_0_llm,0,1,0,0,1,2,0
R,individual,place_object_individual,590,agent_1_llm,0,1,0,0,1,1,1
R,individual,place_object_individual,591,agent_0_llm,0,1,0,0,1,1,1
R,individual,place_object_individual,592,agent_1_llm,0,1,0,0,1,1,1
R,individual,place_object_individual,593,agent_0_llm,0,1,0,0,1,3,0
R,individual,place_object_individual,594,agent_1_llm,0,1,0,0,1,1,1
R,individual,place_object_individual,595,agent_0_llm,0,0,0,0,0,0,1
R,individual,place_object_individual,596,agent_1_llm,0,1,0,0,1,1,1
R,individual,place_object_individual,597,agent_0_llm,0,0,0,0,0,0,1
R,individual,place_object_individual,598,agent_1_llm,0,1,0,0,1,1,1
R,individual,place_object_individual,599,agent_0_llm,0,1,0,0,1,1,1
R,individual,place_object_individual,600,agent_1_llm,0,1,0,0,1,1,1
R,individual,place_object_individual,601,agent_1_llm,0,1,0,0,1,1,1
R,individual,place_object_individual,602,agent_0_llm,0,0,0,0,0,0,1
R,individual,place_object_individual,603,agent_1_llm,0,1,0,0,1,1,1
R,individual,place_object_individual,604,agent_0_llm,0,0,0,0,0,0,1
R,individual,place_object_individual,605,agent_1_llm,0,1,0,0,1,1,1
R,individual,place_object_individual,606,agent_0_llm,0,0,0,0,0,0,1
R,individual,place_object_individual,607,agent_1_llm,0,1,0,0,1,1,1
R,individual,place_object_individual,608,agent_0_llm,0,1,0,0,1,1,1
R,individual,place_object_individual,609,agent_1_llm,0,1,0,0,1,1,1
R,individual,place_object_individual,610,agent_0_llm,0,1,0,0,1,2,0
R,individual,place_object_individual,611,agent_1_llm,0,1,0,0,1,1,1
R,individual,place_object_individual,612,agent_0_llm,0,0,0,0,0,0,1
R,individual,place_object_individual,613,agent_0_llm,0,0,0,0,0,0,1
R,individual,place_object_individual,614,agent_1_llm,0,1,0,0,1,1,1
R,individual,place_object_individual,615,agent_0_llm,0,1,0,0,0,0,1
R,individual,place_object_individual,616,agent_1_llm,0,1,0,0,1,1,1
R,individual,place_object_individual,617,agent_1_llm,0,1,0,0,1,1,1
R,individual,place_object_individual,618,agent_0_llm,0,1,0,0,1,1,1
R,individual,place_object_individual,619,agent_1_llm,0,1,0,0,1,1,1
R,individual,place_object_individual,620,agent_0_llm,0,0,0,0,0,0,1
R,individual,place_object_individual,621,agent_1_llm,0,1,0,0,1,1,1
R,individual,place_object_individual,622,agent_0_llm,0,1,0,0,1,2,0
R,individual,place_object_individual,623,agent_1_llm,0,1,0,0,1,1,1
R,individual,place_object_individual,624,agent_1_llm,0,1,0,0,1,1,1
R,individual,place_object_individual,625,agent_1_llm,0,1,0,0,1,1,1
R,individual,place_object_individual,626,agent_0_llm,0,0,0,0,0,0,1
R,individual,place_object_individual,627,agent_1_llm,0,1,0,0,1,1,1
R,individual,place_object_individual,628,agent_0_llm,0,0,0,0,0,0,1
R,individual,place_object_individual,629,agent_1_llm,0,1,0,0,1,1,1
R,individual,place_object_individual,630,agent_0_llm,0,1,0,0,1,2,0
R,individual,place_object_individual,631,agent_1_llm,0,1,0,0,1,1,1
R,individual,place_object_individual,632,agent_0_llm,0,1,0,0,1,1,1
R,individual,place_object_individual,633,agent_1_llm,0,1,0,0,1,1,1
R,individual,place_object_individual,634,agent_1_llm,0,1,0,0,1,1,1
R,individual,place_object_individual,635,agent_0_llm,0,1,0,0,1,2,0
R,individual,place_object_individual,636,agent_1_llm,0,1,0,0,1,1,1
R,individual,place_object_individual,637,agent_1_llm,0,1,0,0,1,1,1
R,individual,place_object_individual,638,agent_0_llm,0,1,0,0,1,2,0
R,individual,place_object_individual,639,agent_1_llm,0,1,0,0,1,1,1
R,individual,place_object_individual,640,agent_0_llm,0,1,0,0,1,1,1
R,individual,place_object_individual,641,agent_1_llm,0,1,0,0,1,1,1
R,individual,place_object_individual,642,agent_1_llm,0,1,0,0,1,1,1
R,individual,open_container_individual,0,agent_0_llm,0,1,0,0,0,0,0
R,individual,open_container_individual,1,agent_1_llm,0,1,0,0,0,0,0
R,individual,open_container_individual,2,agent_0_llm,0,1,0,0,0,0,0
R,individual,open_container_individual,3,agent_1_llm,0,1,0,0,0,0,0
R,individual,open_container_individual,4,agent_0_llm,0,1,0,0,0,0,0
R,individual,open_container_individual,5,agent_1_llm,0,1,0,0,0,0,0
R,individual,open_container_individual,6,agent_0_llm,0,1,0,0,0,0,0
R,individual,open_container_individual,7,agent_1_llm,0,1,0,0,0,0,0
R,individual,open_container_individual,8,agent_0_llm,0,1,0,0,0,0,0
R,individual,open_container_individual,9,agent_0_llm,0,1,0,0,0,0,0
R,individual,open_container_individual,10,agent_1_llm,0,1,0,0,0,0,0
R,individual,open_container_individual,11,agent_1_llm,0,1,0,0,0,0,0
R,individual,open_container_individual,12,agent_0_llm,0,1,0,0,0,0,0
R,individual,open_container_individual,13,agent_0_llm,0,1,0,0,0,0,0
R,individual,open_container_individual,14,agent_1_llm,0,1,0,0,0,0,0
R,individual,open_container_individual,15,agent_1_llm,0,1,0,0,0,0,0
R,individual,open_container_individual,16,agent_1_llm,0,1,0,0,0,0,0
R,individual,open_container_individual,17,agent_1_llm,0,1,0,0,0,0,0
R,individual,open_container_individual,18,agent_0_llm,0,1,0,0,0,0,0
R,individual,open_container_individual,19,agent_1_llm,0,1,0,0,0,0,0
R,individual,open_container_individual,20,agent_1_llm,0,1,0,0,0,0,0
R,individual,open_container_individual,21,agent_1_llm,0,1,0,0,0,0,0
R,individual,open_container_individual,22,agent_0_llm,0,1,0,0,0,0,0
R,individual,open_container_individual,23,agent_1_llm,0,1,0,0,0,0,0
R,individual,open_container_individual,24,agent_1_llm,0,1,0,0,0,0,0
R,individual,open_container_individual,25,agent_1_llm,0,1,0,0,0,0,0
R,individual,open_container_individual,26,agent_0_llm,0,1,0,0,0,0,0
R,individual,open_container_individual,27,agent_1_llm,0,1,0,0,0,0,0
R,individual,open_container_individual,28,agent_0_llm,0,1,0,0,0,0,0
R,individual,open_container_individual,29,agent_1_llm,0,1,0,0,0,0,0
R,individual,open_container_individual,30,agent_1_llm,0,1,0,0,0,0,0
R,individual,open_container_individual,31,agent_1_llm,0,1,0,0,0,0,0
R,individual,open_container_individual,32,agent_1_llm,0,1,0,0,0,0,0
R,individual,open_container_individual,33,agent_1_llm,0,1,0,0,0,0,0
R,individual,open_container_individual,34,agent_1_llm,0,1,0,0,0,0,0
R,individual,open_container_individual,35,agent_1_llm,0,1,0,0,0,0,0
R,individual,open_container_individual,36,agent_0_llm,0,1,0,0,0,0,0
R,individual,open_container_individual,37,agent_1_llm,0,1,0,0,0,0,0
R,individual,open_container_individual,38,agent_0_llm,0,1,0,0,0,0,0
R,individual,open_container_individual,39,agent_1_llm,0,1,0,0,0,0,0
R,individual,open_container_individual,40,agent_1_llm,0,1,0,0,0,0,0
R,individual,open_container_individual,41,agent_1_llm,0,1,0,0,0,0,0
R,individual,open_container_individual,42,agent_1_llm,0,1,0,0,0,0,0
R,individual,open_container_individual,43,agent_0_llm,0,1,0,0,0,0,0
R,individual,open_container_individual,44,agent_1_llm,0,1,0,0,0,0,0
R,individual,open_container_individual,45,agent_0_llm,0,1,0,0,0,0,0
R,individual,open_container_individual,46,agent_1_llm,0,1,0,0,0,0,0
R,individual,open_container_individual,47,agent_0_llm,0,1,0,0,0,0,0
R,individual,open_container_individual,48,agent_1_llm,0,1,0,0,0,0,0
R,individual,open_container_individual,49,agent_1_llm,0,1,0,0,0,0,0
R,individual,open_container_individual,50,agent_1_llm,0,1,0,0,0,0,0
R,individual,open_container_individual,51,agent_1_llm,0,1,0,0,0,0,0
R,individual,open_container_individual,52,agent_0_llm,0,1,0,0,0,0,0
R,individual,open_container_individual,53,agent_0_llm,0,1,0,0,0,0,0
R,individual,open_container_individual,54,agent_1_llm,0,1,0,0,0,0,0
R,individual,open_container_individual,55,agent_1_llm,0,1,0,0,0,0,0
R,individual,open_container_individual,56,agent_1_llm,0,1,0,0,0,0,0
R,individual,open_container_individual,57,agent_0_llm,0,1,0,0,0,0,0
R,individual,open_container_individual,58,agent_0_llm,0,0,0,0,0,0,0
R,individual,open_container_individual,59,agent_1_llm,0,1,0,0,0,0,0
R,individual,open_container_individual,60,agent_0_llm,0,1,0,0,0,0,0
R,individual,open_container_individual,61,agent_1_llm,0,1,0,0,0,0,0
R,individual,open_container_individual,62,agent_0_llm,0,1,0,0,0,0,0
R,individual,open_container_individual,63,agent_1_llm,0,1,0,0,0,0,0
R,individual,open_container_individual,64,agent_0_llm,0,1,0,0,0,0,0
R,individual,open_container_individual,65,agent_0_llm,0,1,0,0,0,0,0
R,individual,open_container_individual,66,agent_1_llm,0,1,0,0,0,0,0
R,individual,open_container_individual,67,agent_1_llm,0,1,0,0,0,0,0
R,individual,open_container_individual,68,agent_1_llm,0,1,0,0,0,0,0
R,individual,open_container_individual,69,agent_1_llm,0,1,0,0,0,0,0
R,individual,open_container_individual,70,agent_0_llm,0,0,0,0,0,0,0
R,individual,open_container_individual,71,agent_0_llm,0,1,0,0,0,0,0
R,individual,open_container_individual,72,agent_0_llm,0,1,0,0,0,0,0
R,individual,open_container_individual,73,agent_1_llm,0,1,0,0,0,0,0
R,individual,open_container_individual,74,agent_1_llm,0,1,0,0,0,0,0
R,individual,open_container_individual,75,agent_1_llm,0,1,0,0,0,0,0
R,individual,open_container_individual,76,agent_0_llm,0,1,0,0,0,0,0
R,individual,open_container_individual,77,agent_0_llm,0,1,0,0,0,0,0
R,individual,open_container_individual,78,agent_1_llm,0,1,0,0,0,0,0
R,individual,open_container_individual,79,agent_1_llm,0,1,0,0,0,0,0
R,individual,open_container_individual,80,agent_0_llm,0,1,0,0,0,0,0
R,individual,open_container_individual,81,agent_1_llm,0,1,0,0,0,0,0
R,individual,open_container_individual,82,agent_0_llm,0,1,0,0,0,0,0
R,individual,open_container_individual,83,agent_0_llm,0,1,0,0,0,0,0
R,individual,open_container_individual,84,agent_1_llm,0,1,0,0,0,0,0
R,individual,open_container_individual,85,agent_0_llm,0,1,0,0,0,0,0
R,individual,open_container_individual,86,agent_1_llm,0,1,0,0,0,0,0
R,individual,open_container_individual,87,agent_1_llm,0,1,0,0,0,0,0
R,individual,open_container_individual,88,agent_0_llm,0,1,0,0,0,0,0
R,individual,open_container_individual,89,agent_0_llm,0,1,0,0,0,0,0
R,individual,open_container_individual,90,agent_1_llm,0,1,0,0,0,0,0
R,individual,open_container_individual,91,agent_1_llm,0,1,0,0,0,0,0
R,individual,open_container_individual,92,agent_1_llm,0,1,0,0,0,0,0
R,individual,open_container_individual,93,agent_1_llm,0,1,0,0,0,0,0
R,individual,open_container_individual,94,agent_0_llm,0,1,0,0,0,0,0
R,individual,open_container_individual,95,agent_1_llm,0,1,0,0,0,0,0
R,individual,open_container_individual,96,agent_0_llm,0,1,0,0,0,0,0
R,individual,open_container_individual,97,agent_1_llm,0,1,0,0,0,0,0
R,individual,open_container_individual,98,agent_1_llm,0,1,0,0,0,0,0
R,individual,open_container_individual,99,agent_0_llm,0,1,0,0,0,0,0
R,individual,open_container_individual,100,agent_1_llm,0,1,0,0,0,0,0
R,individual,open_container_individual,101,agent_0_llm,0,1,0,0,0,0,0
R,individual,open_container_individual,102,agent_1_llm,0,1,0,0,0,0,0
R,individual,open_container_individual,103,agent_0_llm,0,1,0,0,0,0,0
R,individual,open_container_individual,104,agent_1_llm,0,1,0,0,0,0,0
R,individual,open_container_individual,105,agent_1_llm,0,1,0,0,0,0,0
R,individual,open_container_individual,106,agent_0_llm,0,1,0,0,0,0,0
R,individual,open_container_individual,107,agent_0_llm,0,1,0,0,0,0,0
R,individual,open_container_individual,108,agent_1_llm,0,1,0,0,0,0,0
R,individual,open_container_individual,109,agent_0_llm,0,1,0,0,0,0,0
R,individual,open_container_individual,110,agent_1_llm,0,1,0,0,0,0,0
R,individual,open_container_individual,111,agent_1_llm,0,1,0,0,0,0,0
R,individual,open_container_individual,112,agent_0_llm,0,1,0,0,0,0,0
R,individual,open_container_individual,113,agent_1_llm,0,1,0,0,0,0,0
R,individual,open_container_individual,114,agent_0_llm,0,1,0,0,0,0,0
R,individual,open_container_individual,115,agent_1_llm,0,1,0,0,0,0,0
R,individual,open_container_individual,116,agent_1_llm,0,1,0,0,0,0,0
R,individual,open_container_individual,117,agent_0_llm,0,1,0,0,0,0,0
R,individual,open_container_individual,118,agent_1_llm,0,1,0,0,0,0,0
R,individual,open_container_individual,119,agent_1_llm,0,1,0,0,0,0,0
R,individual,open_container_individual,120,agent_1_llm,0,1,0,0,0,0,0
R,individual,open_container_individual,121,agent_0_llm,0,1,0,0,0,0,0
R,individual,open_container_individual,122,agent_0_llm,0,1,0,0,0,0,0
R,individual,open_container_individual,123,agent_0_llm,0,0,0,0,0,0,0
R,individual,open_container_individual,124,agent_0_llm,0,1,0,0,0,0,0
R,individual,open_container_individual,125,agent_1_llm,0,1,0,0,0,0,0
R,individual,open_container_individual,126,agent_0_llm,0,1,0,0,0,0,0
R,individual,open_container_individual,127,agent_0_llm,0,1,0,0,0,0,0
R,individual,open_container_individual,128,agent_1_llm,0,1,0,0,0,0,0
R,individual,open_container_individual,129,agent_0_llm,0,1,0,0,0,0,0
R,individual,open_container_individual,130,agent_1_llm,0,1,0,0,0,0,0
R,individual,open_container_individual,131,agent_0_llm,0,1,0,0,0,0,0
R,individual,open_container_individual,132,agent_1_llm,0,1,0,0,0,0,0
R,individual,open_container_individual,133,agent_1_llm,0,1,0,0,0,0,0
R,individual,open_container_individual,134,agent_0_llm,0,1,0,0,0,0,0
R,individual,open_container_individual,135,agent_0_llm,0,1,0,0,0,0,0
R,individual,open_container_individual,136,agent_1_llm,0,1,0,0,0,0,0
R,individual,open_container_individual,137,agent_0_llm,0,1,0,0,0,0,0
R,individual,open_container_individual,138,agent_1_llm,0,1,0,0,0,0,0
R,individual,open_container_individual,139,agent_0_llm,0,1,0,0,0,0,0
R,individual,open_container_individual,140,agent_0_llm,0,1,0,0,0,0,0
R,individual,open_container_individual,141,agent_0_llm,0,1,0,0,0,0,0
R,individual,open_container_individual,142,agent_1_llm,0,1,0,0,0,0,0
R,individual,open_container_individual,143,agent_0_llm,0,1,0,0,0,0,0
R,individual,open_container_individual,144,agent_1_llm,0,1,0,0,0,0,0
R,individual,open_container_individual,145,agent_0_llm,0,1,0,0,0,0,0
R,individual,open_container_individual,146,agent_1_llm,0,1,0,0,0,0,0
R,individual,open_container_individual,147,agent_0_llm,0,1,0,0,0,0,0
R,individual,open_container_individual,148,agent_1_llm,0,1,0,0,0,0,0
R,individual,open_container_individual,149,agent_0_llm,0,1,0,0,0,0,0
R,individual,open_container_individual,150,agent_1_llm,0,1,0,0,0,0,0
R,individual,open_container_individual,151,agent_1_llm,0,1,0,0,0,0,0
R,individual,open_container_individual,152,agent_0_llm,0,1,0,0,0,0,0
R,individual,open_container_individual,153,agent_0_llm,0,1,0,0,0,0,0
R,individual,open_container_individual,154,agent_1_llm,0,1,0,0,0,0,0
R,individual,open_container_individual,155,agent_0_llm,0,1,0,0,0,0,0
R,individual,open_container_individual,156,agent_1_llm,0,1,0,0,0,0,0
R,individual,open_container_individual,157,agent_0_llm,0,1,0,0,0,0,0
R,individual,open_container_individual,158,agent_1_llm,0,1,0,0,0,0,0
R,individual,open_container_individual,159,agent_0_llm,0,1,0,0,0,0,0
R,individual,open_container_individual,160,agent_1_llm,0,1,0,0,0,0,0
R,individual,open_container_individual,161,agent_1_llm,0,1,0,0,0,0,0
R,individual,open_container_individual,162,agent_0_llm,0,1,0,0,0,0,0
R,individual,open_container_individual,163,agent_1_llm,0,1,0,0,0,0,0
R,individual,open_container_individual,164,agent_0_llm,0,1,0,0,0,0,0
R,individual,open_container_individual,165,agent_0_llm,0,1,0,0,0,0,0
R,individual,open_container_individual,166,agent_1_llm,0,1,0,0,0,0,0
R,individual,open_container_individual,167,agent_0_llm,0,1,0,0,0,0,0
R,individual,open_container_individual,168,agent_1_llm,0,1,0,0,0,0,0
R,individual,open_container_individual,169,agent_0_llm,0,1,0,0,0,0,0
R,individual,open_container_individual,170,agent_0_llm,0,1,0,0,0,0,0
R,individual,open_container_individual,171,agent_1_llm,0,1,0,0,0,0,0
R,individual,open_container_individual,172,agent_1_llm,0,1,0,0,0,0,0
R,individual,open_container_individual,173,agent_1_llm,0,1,0,0,0,0,0
R,individual,open_container_individual,174,agent_0_llm,0,1,0,0,0,0,0
R,individual,open_container_individual,175,agent_1_llm,0,1,0,0,0,0,0
R,individual,open_container_individual,176,agent_1_llm,0,1,0,0,0,0,0
R,individual,open_container_individual,177,agent_0_llm,0,1,0,0,0,0,0
R,individual,open_container_individual,178,agent_1_llm,0,1,0,0,0,0,0
R,individual,open_container_individual,179,agent_1_llm,0,1,0,0,0,0,0
R,individual,open_container_individual,180,agent_0_llm,0,1,0,0,0,0,0
R,individual,open_container_individual,181,agent_1_llm,0,1,0,0,0,0,0
R,individual,open_container_individual,182,agent_1_llm,0,1,0,0,0,0,0
R,individual,open_container_individual,183,agent_0_llm,0,1,0,0,0,0,0
R,individual,open_container_individual,184,agent_1_llm,0,1,0,0,0,0,0
R,individual,open_container_individual,185,agent_1_llm,0,1,0,0,0,0,0
R,individual,open_container_individual,186,agent_0_llm,0,1,0,0,0,0,0
R,individual,open_container_individual,187,agent_0_llm,0,1,0,0,0,0,0
R,individual,open_container_individual,188,agent_1_llm,0,1,0,0,0,0,0
R,individual,open_container_individual,189,agent_0_llm,0,1,0,0,0,0,0
R,individual,open_container_individual,190,agent_0_llm,0,1,0,0,0,0,0
R,individual,open_container_individual,191,agent_1_llm,0,1,0,0,0,0,0
R,individual,open_container_individual,192,agent_0_llm,0,1,0,0,0,0,0
R,individual,open_container_individual,193,agent_1_llm,0,1,0,0,0,0,0
R,individual,open_container_individual,194,agent_0_llm,0,1,0,0,0,0,0
R,individual,open_container_individual,195,agent_0_llm,0,1,0,0,0,0,0
R,individual,open_container_individual,196,agent_0_llm,0,1,0,0,0,0,0
R,individual,open_container_individual,197,agent_1_llm,0,1,0,0,0,0,0
R,individual,open_container_individual,198,agent_1_llm,0,1,0,0,0,0,0
R,individual,open_container_individual,199,agent_1_llm,0,1,0,0,0,0,0
R,individual,open_container_individual,200,agent_1_llm,0,1,0,0,0,0,0
R,individual,open_container_individual,201,agent_0_llm,0,1,0,0,0,0,0
R,individual,open_container_individual,202,agent_1_llm,0,1,0,0,0,0,0
R,individual,open_container_individual,203,agent_0_llm,0,0,0,0,0,0,0
R,individual,open_container_individual,204,agent_1_llm,0,1,0,0,0,0,0
R,individual,open_container_individual,205,agent_0_llm,0,1,0,0,0,0,0
R,individual,open_container_individual,206,agent_1_llm,0,1,0,0,0,0,0
R,individual,open_container_individual,207,agent_0_llm,0,1,0,0,0,0,0
R,individual,open_container_individual,208,agent_0_llm,0,1,0,0,0,0,0
R,individual,open_container_individual,209,agent_1_llm,0,1,0,0,0,0,0
R,individual,open_container_individual,210,agent_0_llm,0,1,0,0,0,0,0
R,individual,open_container_individual,211,agent_1_llm,0,1,0,0,0,0,0
R,individual,open_container_individual,212,agent_1_llm,0,1,0,0,0,0,0
R,individual,open_container_individual,213,agent_0_llm,0,1,0,0,0,0,0
R,individual,open_container_individual,214,agent_1_llm,0,1,0,0,0,0,0
R,individual,open_container_individual,215,agent_0_llm,0,1,0,0,0,0,0
R,individual,open_container_individual,216,agent_1_llm,0,1,0,0,0,0,0
R,individual,open_container_individual,217,agent_0_llm,0,1,0,0,0,0,0
R,individual,open_container_individual,218,agent_1_llm,0,1,0,0,0,0,0
R,individual,open_container_individual,219,agent_1_llm,0,1,0,0,0,0,0
R,individual,open_container_individual,220,agent_0_llm,0,1,0,0,0,0,0
R,individual,open_container_individual,221,agent_1_llm,0,1,0,0,0,0,0
R,individual,open_container_individual,222,agent_0_llm,0,1,0,0,0,0,0
R,individual,open_container_individual,223,agent_0_llm,0,1,0,0,0,0,0
R,individual,open_container_individual,224,agent_1_llm,0,1,0,0,0,0,0
R,individual,open_container_individual,225,agent_0_llm,0,1,0,0,0,0,0
R,individual,open_container_individual,226,agent_1_llm,0,1,0,0,0,0,0
R,individual,open_container_individual,227,agent_0_llm,0,1,0,0,0,0,0
R,individual,open_container_individual,228,agent_1_llm,0,1,0,0,0,0,0
R,individual,open_container_individual,229,agent_0_llm,0,1,0,0,0,0,0
R,individual,open_container_individual,230,agent_1_llm,0,1,0,0,0,0,0
R,individual,open_container_individual,231,agent_1_llm,0,1,0,0,0,0,0
R,individual,open_container_individual,232,agent_0_llm,0,1,0,0,0,0,0
R,individual,open_container_individual,233,agent_0_llm,0,1,0,0,0,0,0
R,individual,open_container_individual,234,agent_1_llm,0,1,0,0,0,0,0
R,individual,open_container_individual,235,agent_0_llm,0,1,0,0,0,0,0
R,individual,open_container_individual,236,agent_1_llm,0,1,0,0,0,0,0
R,individual,open_container_individual,237,agent_0_llm,0,1,0,0,0,0,0
R,individual,open_container_individual,238,agent_1_llm,0,1,0,0,0,0,0
R,individual,open_container_individual,239,agent_0_llm,0,1,0,0,0,0,0
R,individual,open_container_individual,240,agent_1_llm,0,1,0,0,0,0,0
R,individual,open_container_individual,241,agent_0_llm,0,1,0,0,0,0,0
R,individual,open_container_individual,242,agent_1_llm,0,1,0,0,0,0,0
R,individual,open_container_individual,243,agent_0_llm,0,1,0,0,0,0,0
R,individual,open_container_individual,244,agent_1_llm,0,1,0,0,0,0,0
R,individual,open_container_individual,245,agent_0_llm,0,1,0,0,0,0,0
R,individual,open_container_individual,246,agent_1_llm,0,1,0,0,0,0,0
R,individual,open_container_individual,247,agent_0_llm,0,1,0,0,0,0,0
R,individual,open_container_individual,248,agent_1_llm,0,1,0,0,0,0,0
R,individual,open_container_individual,249,agent_1_llm,0,1,0,0,0,0,0
R,individual,open_container_individual,250,agent_1_llm,0,1,0,0,0,0,0
R,individual,open_container_individual,251,agent_0_llm,0,1,0,0,0,0,0
R,individual,open_container_individual,252,agent_1_llm,0,1,0,0,0,0,0
R,individual,open_container_individual,253,agent_0_llm,0,1,0,0,0,0,0
R,individual,open_container_individual,254,agent_1_llm,0,1,0,0,0,0,0
R,individual,open_container_individual,255,agent_0_llm,0,1,0,0,0,0,0
R,individual,open_container_individual,256,agent_1_llm,0,1,0,0,0,0,0
R,individual,open_container_individual,257,agent_0_llm,0,1,0,0,0,0,0
R,individual,open_container_individual,258,agent_1_llm,0,1,0,0,0,0,0
R,individual,open_container_individual,259,agent_0_llm,0,1,0,0,0,0,0
R,individual,open_container_individual,260,agent_0_llm,0,1,0,0,0,0,0
R,individual,open_container_individual,261,agent_1_llm,0,1,0,0,0,0,0
R,individual,pickup_and_place_individual,0,agent_0_llm,0,1,0,0,1,1,1
R,individual,pickup_and_place_individual,1,agent_0_llm,0,0,0,0,0,0,1
R,individual,pickup_and_place_individual,2,agent_1_llm,0,0,0,0,0,0,1
R,individual,pickup_and_place_individual,3,agent_0_llm,0,0,0,0,0,0,1
R,individual,pickup_and_place_individual,4,agent_0_llm,0,0,0,0,0,0,1
R,individual,pickup_and_place_individual,5,agent_0_llm,0,0,0,0,0,0,1
R,individual,pickup_and_place_individual,6,agent_0_llm,0,0,0,0,0,0,1
R,individual,pickup_and_place_individual,7,agent_1_llm,0,0,0,0,0,0,1
R,individual,pickup_and_place_individual,8,agent_1_llm,0,1,0,0,1,1,1
R,individual,pickup_and_place_individual,9,agent_0_llm,0,1,0,0,1,1,1
R,individual,pickup_and_place_individual,10,agent_0_llm,0,0,0,0,0,0,1
R,individual,pickup_and_place_individual,11,agent_0_llm,0,0,0,0,0,0,1
R,individual,pickup_and_place_individual,12,agent_0_llm,0,1,0,0,1,2,0
R,individual,pickup_and_place_individual,13,agent_0_llm,0,1,0,0,1,1,1
R,individual,pickup_and_place_individual,14,agent_1_llm,0,1,0,0,1,1,1
R,individual,pickup_and_place_individual,15,agent_0_llm,0,0,0,0,0,0,1
R,individual,pickup_and_place_individual,16,agent_0_llm,0,0,0,0,0,0,1
R,individual,pickup_and_place_individual,17,agent_1_llm,0,1,0,0,1,1,1
R,individual,pickup_and_place_individual,18,agent_1_llm,0,1,0,0,1,1,1
R,individual,pickup_and_place_individual,19,agent_0_llm,0,0,0,0,0,0,1
R,individual,pickup_and_place_individual,20,agent_1_llm,0,1,0,0,1,1,1
R,individual,pickup_and_place_individual,21,agent_0_llm,0,1,0,0,1,1,1
R,individual,pickup_and_place_individual,22,agent_1_llm,0,1,0,0,1,1,1
R,individual,pickup_and_place_individual,23,agent_0_llm,0,1,0,0,0,0,1
R,individual,pickup_and_place_individual,24,agent_0_llm,0,1,0,0,1,1,1
R,individual,pickup_and_place_individual,25,agent_0_llm,0,1,0,0,1,1,1
R,individual,pickup_and_place_individual,26,agent_0_llm,0,1,0,0,1,1,1
R,individual,pickup_and_place_individual,27,agent_0_llm,0,0,0,0,0,0,1
R,individual,pickup_and_place_individual,28,agent_1_llm,0,1,0,0,1,1,1
R,individual,pickup_and_place_individual,29,agent_1_llm,0,0,0,0,0,0,1
R,individual,pickup_and_place_individual,30,agent_0_llm,0,1,0,0,1,1,1
R,individual,pickup_and_place_individual,31,agent_1_llm,0,0,0,0,0,0,1
R,individual,pickup_and_place_individual,32,agent_0_llm,0,1,0,0,1,1,1
R,individual,pickup_and_place_individual,33,agent_0_llm,0,0,0,0,0,0,1
R,individual,pickup_and_place_individual,34,agent_0_llm,0,1,0,0,1,1,1
R,individual,pickup_and_place_individual,35,agent_1_llm,0,1,0,0,1,1,1
R,individual,pickup_and_place_individual,36,agent_0_llm,0,0,0,0,0,0,1
R,individual,pickup_and_place_individual,37,agent_1_llm,0,1,0,0,1,1,1
R,individual,pickup_and_place_individual,38,agent_0_llm,0,0,0,0,0,0,1
R,individual,pickup_and_place_individual,39,agent_0_llm,0,0,0,0,0,0,1
R,individual,pickup_and_place_individual,40,agent_0_llm,0,1,0,0,1,1,1
R,individual,pickup_and_place_individual,41,agent_1_llm,0,1,0,0,1,1,1
R,individual,pickup_and_place_individual,42,agent_0_llm,0,0,0,0,0,0,1
R,individual,pickup_and_place_individual,43,agent_1_llm,0,1,0,0,1,1,1
R,individual,pickup_and_place_individual,44,agent_0_llm,0,1,0,0,1,1,1
R,individual,pickup_and_place_individual,45,agent_0_llm,0,0,0,0,0,0,1
R,individual,pickup_and_place_individual,46,agent_1_llm,0,1,0,0,1,1,1
R,individual,pickup_and_place_individual,47,agent_0_llm,0,1,0,0,1,1,1
R,individual,pickup_and_place_individual,48,agent_1_llm,0,1,0,0,1,1,1
R,individual,pickup_and_place_individual,49,agent_0_llm,0,1,0,0,1,1,1
R,individual,pickup_and_place_individual,50,agent_0_llm,0,1,0,0,1,1,1
R,individual,pickup_and_place_individual,51,agent_0_llm,0,1,0,0,1,1,1
R,individual,pickup_and_place_individual,52,agent_0_llm,0,1,0,0,1,1,1
R,individual,pickup_and_place_individual,53,agent_1_llm,0,1,0,0,1,1,1
R,individual,pickup_and_place_individual,54,agent_0_llm,0,1,0,0,1,1,1
R,individual,pickup_and_place_individual,55,agent_0_llm,0,0,0,0,0,0,1
R,individual,pickup_and_place_individual,56,agent_1_llm,0,0,0,0,0,0,1
R,individual,pickup_and_place_individual,57,agent_0_llm,0,0,0,0,0,0,1
R,individual,pickup_and_place_individual,58,agent_1_llm,0,0,0,0,0,0,1
R,individual,pickup_and_place_individual,59,agent_1_llm,0,1,0,0,1,1,1
R,individual,pickup_and_place_individual,60,agent_1_llm,0,0,0,0,0,0,1
R,individual,pickup_and_place_individual,61,agent_0_llm,0,1,0,0,1,1,1
R,individual,pickup_and_place_individual,62,agent_0_llm,0,1,0,0,1,1,1
R,individual,pickup_and_place_individual,63,agent_0_llm,0,0,0,0,0,0,1
R,individual,pickup_and_place_individual,64,agent_1_llm,0,1,0,0,1,1,1
R,individual,pickup_and_place_individual,65,agent_0_llm,0,0,0,0,0,0,1
R,individual,pickup_and_place_individual,66,agent_0_llm,0,1,0,0,1,1,1
R,individual,pickup_and_place_individual,67,agent_1_llm,0,1,0,0,1,1,1
R,individual,pickup_and_place_individual,68,agent_1_llm,0,1,0,0,1,1,1
R,individual,pickup_and_place_individual,69,agent_0_llm,0,1,0,0,1,1,1
R,individual,pickup_and_place_individual,70,agent_0_llm,0,1,0,0,1,1,1
R,individual,pickup_and_place_individual,71,agent_0_llm,0,1,0,0,1,1,1
R,individual,pickup_and_place_individual,72,agent_0_llm,0,0,0,0,0,0,1
R,individual,pickup_and_place_individual,73,agent_0_llm,0,1,0,0,1,1,1
R,individual,pickup_and_place_individual,74,agent_0_llm,0,1,0,0,1,1,1
R,individual,pickup_and_place_individual,75,agent_0_llm,0,0,0,0,0,0,1
R,individual,pickup_and_place_individual,76,agent_0_llm,0,1,0,0,1,1,1
R,individual,pickup_and_place_individual,77,agent_0_llm,0,0,0,0,0,0,1
R,individual,pickup_and_place_individual,78,agent_1_llm,0,1,0,0,1,1,1
R,individual,pickup_and_place_individual,79,agent_0_llm,0,1,0,0,1,1,1
R,individual,pickup_and_place_individual,80,agent_0_llm,0,1,0,0,0,0,1
R,individual,pickup_and_place_individual,81,agent_1_llm,0,0,0,0,0,0,1
R,individual,pickup_and_place_individual,82,agent_0_llm,0,0,0,0,0,0,1
R,individual,pickup_and_place_individual,83,agent_1_llm,0,1,0,0,1,1,1
R,individual,pickup_and_place_individual,84,agent_0_llm,0,0,0,0,0,0,1
R,individual,pickup_and_place_individual,85,agent_0_llm,0,0,0,0,0,0,1
R,individual,pickup_and_place_individual,86,agent_1_llm,0,1,0,0,1,1,1
R,individual,pickup_and_place_individual,87,agent_0_llm,0,0,0,0,0,0,1
R,individual,pickup_and_place_individual,88,agent_1_llm,0,0,0,0,0,0,1
R,individual,pickup_and_place_individual,89,agent_0_llm,0,0,0,0,0,0,1
R,individual,pickup_and_place_individual,90,agent_1_llm,0,0,0,0,0,0,1
R,individual,pickup_and_place_individual,91,agent_0_llm,0,0,0,0,0,0,1
R,individual,pickup_and_place_individual,92,agent_0_llm,0,0,0,0,0,0,1
R,individual,pickup_and_place_individual,93,agent_1_llm,0,1,0,0,1,1,1
R,individual,pickup_and_place_individual,94,agent_0_llm,0,0,0,0,0,0,1
R,individual,pickup_and_place_individual,95,agent_0_llm,0,1,0,0,1,1,1
R,individual,pickup_and_place_individual,96,agent_0_llm,0,0,0,0,0,0,1
R,individual,pickup_and_place_individual,97,agent_0_llm,0,1,0,0,1,1,1
R,individual,pickup_and_place_individual,98,agent_0_llm,0,1,0,0,1,1,1
R,individual,pickup_and_place_individual,99,agent_0_llm,0,1,0,0,1,1,1
R,individual,pickup_and_place_individual,100,agent_1_llm,0,0,0,0,0,0,1
R,individual,pickup_and_place_individual,101,agent_0_llm,0,1,0,0,1,1,1
R,individual,pickup_and_place_individual,102,agent_0_llm,0,1,0,0,1,1,1
R,individual,pickup_and_place_individual,103,agent_1_llm,0,1,0,0,1,1,1
R,individual,pickup_and_place_individual,104,agent_1_llm,0,1,0,0,1,1,1
R,individual,pickup_and_place_individual,105,agent_0_llm,0,1,0,0,1,1,1
R,individual,pickup_and_place_individual,106,agent_0_llm,0,0,0,0,0,0,1
R,individual,pickup_and_place_individual,107,agent_0_llm,0,1,0,0,1,1,1
R,individual,pickup_and_place_individual,108,agent_1_llm,0,1,0,0,1,1,1
R,individual,pickup_and_place_individual,109,agent_0_llm,0,0,0,0,0,0,1
R,individual,pickup_and_place_individual,110,agent_0_llm,0,0,0,0,0,0,1
R,individual,pickup_and_place_individual,111,agent_1_llm,0,1,0,0,1,1,1
R,individual,pickup_and_place_individual,112,agent_1_llm,0,1,0,0,1,1,1
R,individual,pickup_and_place_individual,113,agent_0_llm,0,1,0,0,0,0,1
R,individual,pickup_and_place_individual,114,agent_1_llm,0,1,0,0,1,1,1
R,individual,pickup_and_place_individual,115,agent_1_llm,0,1,0,0,1,1,1
R,individual,pickup_and_place_individual,116,agent_0_llm,0,0,0,0,0,0,1
R,individual,pickup_and_place_individual,117,agent_1_llm,0,1,0,0,1,1,1
R,individual,pickup_and_place_individual,118,agent_0_llm,0,0,0,0,0,0,1
R,individual,pickup_and_place_individual,119,agent_0_llm,0,1,0,0,1,1,1
R,individual,pickup_and_place_individual,120,agent_0_llm,0,1,0,0,1,1,1
R,individual,pickup_and_place_individual,121,agent_0_llm,0,0,0,0,0,0,1
R,individual,pickup_and_place_individual,122,agent_0_llm,0,0,0,0,0,0,1
R,individual,pickup_and_place_individual,123,agent_0_llm,0,0,0,0,0,0,1
R,individual,pickup_and_place_individual,124,agent_1_llm,0,1,0,0,1,1,1
R,individual,pickup_and_place_individual,125,agent_0_llm,0,0,0,0,0,0,1
R,individual,pickup_and_place_individual,126,agent_1_llm,0,1,0,0,1,1,1
R,individual,pickup_and_place_individual,127,agent_1_llm,0,1,0,0,1,1,1
R,individual,pickup_and_place_individual,128,agent_1_llm,0,1,0,0,1,1,1
R,individual,pickup_and_place_individual,129,agent_1_llm,0,1,0,0,1,1,1
R,individual,pickup_and_place_individual,130,agent_0_llm,0,1,0,0,1,1,1
R,individual,pickup_and_place_individual,131,agent_0_llm,0,1,0,0,1,1,1
R,individual,pickup_and_place_individual,132,agent_0_llm,0,0,0,0,0,0,1
R,individual,pickup_and_place_individual,133,agent_0_llm,0,0,0,0,0,0,1
R,individual,pickup_and_place_individual,134,agent_0_llm,0,1,0,0,1,1,1
R,individual,pickup_and_place_individual,135,agent_1_llm,0,1,0,0,1,1,1
R,individual,pickup_and_place_individual,136,agent_0_llm,0,0,0,0,0,0,1
R,individual,pickup_and_place_individual,137,agent_0_llm,0,1,0,0,1,1,1
R,individual,pickup_and_place_individual,138,agent_0_llm,0,1,0,0,1,1,1
R,individual,pickup_and_place_individual,139,agent_0_llm,0,0,0,0,0,0,1
R,individual,pickup_and_place_individual,140,agent_1_llm,0,1,0,0,1,1,1
R,individual,pickup_and_place_individual,141,agent_0_llm,0,1,0,0,1,1,1
R,individual,pickup_and_place_individual,142,agent_0_llm,0,0,0,0,0,0,1
R,individual,pickup_and_place_individual,143,agent_0_llm,0,0,0,0,0,0,1
R,individual,pickup_and_place_individual,144,agent_0_llm,0,1,0,0,1,1,1
R,individual,pickup_and_place_individual,145,agent_1_llm,0,1,0,0,1,1,1
R,individual,pickup_and_place_individual,146,agent_0_llm,0,0,0,0,0,0,1
R,individual,pickup_and_place_individual,147,agent_0_llm,0,1,0,0,1,1,1
R,individual,pickup_and_place_individual,148,agent_1_llm,0,1,0,0,1,1,1
R,individual,pickup_and_place_individual,149,agent_0_llm,0,0,0,0,0,0,1
R,individual,pickup_and_place_individual,150,agent_1_llm,0,1,0,0,1,1,1
R,individual,pickup_and_place_individual,151,agent_0_llm,0,1,0,0,1,1,1
R,individual,pickup_and_place_individual,152,agent_1_llm,0,1,0,0,1,1,1
R,individual,pickup_and_place_individual,153,agent_0_llm,0,1,0,0,1,1,1
R,individual,pickup_and_place_individual,154,agent_0_llm,0,0,0,0,0,0,1
R,individual,pickup_and_place_individual,155,agent_0_llm,0,0,0,0,0,0,1
R,individual,pickup_and_place_individual,156,agent_1_llm,0,1,0,0,1,1,1
R,individual,pickup_and_place_individual,157,agent_1_llm,0,1,0,0,1,1,1
R,individual,pick_up_object_individual,0,agent_0_llm,0,0,0,0,0,0,1
R,individual,pick_up_object_individual,1,agent_1_llm,0,0,0,0,0,0,1
R,individual,pick_up_object_individual,2,agent_1_llm,0,0,0,0,0,0,1
R,individual,pick_up_object_individual,3,agent_0_llm,0,0,0,0,0,0,1
R,individual,pick_up_object_individual,4,agent_1_llm,0,1,0,0,0,0,1
R,individual,pick_up_object_individual,5,agent_0_llm,0,1,0,0,0,0,1
R,individual,pick_up_object_individual,6,agent_0_llm,0,1,0,0,0,0,1
R,individual,pick_up_object_individual,7,agent_1_llm,0,1,0,0,0,0,1
R,individual,pick_up_object_individual,8,agent_1_llm,0,1,0,0,0,0,1
R,individual,pick_up_object_individual,9,agent_1_llm,0,1,0,0,0,0,1
R,individual,pick_up_object_individual,10,agent_1_llm,0,1,0,0,0,0,1
R,individual,pick_up_object_individual,11,agent_1_llm,0,1,0,0,0,0,1
R,individual,pick_up_object_individual,12,agent_0_llm,0,0,0,0,0,0,1
R,individual,pick_up_object_individual,13,agent_1_llm,0,1,0,0,0,0,1
R,individual,pick_up_object_individual,14,agent_0_llm,0,1,0,0,0,0,1
R,individual,pick_up_object_individual,15,agent_1_llm,0,1,0,0,0,0,1
R,individual,pick_up_object_individual,16,agent_0_llm,0,1,0,0,0,0,1
R,individual,pick_up_object_individual,17,agent_1_llm,0,1,0,0,0,0,1
R,individual,pick_up_object_individual,18,agent_1_llm,0,1,0,0,0,0,1
R,individual,pick_up_object_individual,19,agent_1_llm,0,1,0,0,0,0,1
R,individual,pick_up_object_individual,20,agent_1_llm,0,1,0,0,0,0,1
R,individual,pick_up_object_individual,21,agent_0_llm,0,1,0,0,0,0,1
R,individual,pick_up_object_individual,22,agent_0_llm,0,1,0,0,0,0,1
R,individual,pick_up_object_individual,23,agent_1_llm,0,1,0,0,0,0,1
R,individual,pick_up_object_individual,24,agent_1_llm,0,1,0,0,0,0,1
R,individual,pick_up_object_individual,25,agent_1_llm,0,1,0,0,0,0,1
R,individual,pick_up_object_individual,26,agent_0_llm,0,0,0,0,0,0,1
R,individual,pick_up_object_individual,27,agent_1_llm,0,0,0,0,0,0,1
R,individual,pick_up_object_individual,28,agent_1_llm,0,1,0,0,0,0,1
R,individual,pick_up_object_individual,29,agent_0_llm,0,1,0,0,0,0,1
R,individual,pick_up_object_individual,30,agent_1_llm,0,1,0,0,0,0,1
R,individual,pick_up_object_individual,31,agent_1_llm,0,1,0,0,0,0,1
R,individual,pick_up_object_individual,32,agent_1_llm,0,1,0,0,0,0,1
R,individual,pick_up_object_individual,33,agent_0_llm,0,1,0,0,0,0,1
R,individual,pick_up_object_individual,34,agent_1_llm,0,1,0,0,0,0,1
R,individual,pick_up_object_individual,35,agent_1_llm,0,1,0,0,0,0,1
R,individual,pick_up_object_individual,36,agent_1_llm,0,1,0,0,0,0,1
R,individual,pick_up_object_individual,37,agent_1_llm,0,1,0,0,0,0,1
R,individual,pick_up_object_individual,38,agent_1_llm,0,1,0,0,0,0,1
R,individual,pick_up_object_individual,39,agent_1_llm,0,1,0,0,0,0,1
R,individual,pick_up_object_individual,40,agent_0_llm,0,1,0,0,0,0,1
R,individual,pick_up_object_individual,41,agent_0_llm,0,0,0,0,0,0,1
R,individual,pick_up_object_individual,42,agent_1_llm,0,1,0,0,0,0,1
R,individual,pick_up_object_individual,43,agent_1_llm,0,1,0,0,0,0,1
R,individual,pick_up_object_individual,44,agent_1_llm,0,1,0,0,0,0,1
R,individual,pick_up_object_individual,45,agent_1_llm,0,1,0,0,0,0,1
R,individual,pick_up_object_individual,46,agent_1_llm,0,1,0,0,0,0,1
R,individual,pick_up_object_individual,47,agent_1_llm,0,1,0,0,0,0,1
R,individual,pick_up_object_individual,48,agent_1_llm,0,1,0,0,0,0,1
R,individual,pick_up_object_individual,49,agent_0_llm,0,1,0,0,0,0,0
R,individual,pick_up_object_individual,50,agent_1_llm,0,1,0,0,0,0,1
R,individual,pick_up_object_individual,51,agent_1_llm,0,1,0,0,0,0,1
R,individual,pick_up_object_individual,52,agent_0_llm,0,1,0,0,0,0,1
R,individual,pick_up_object_individual,53,agent_1_llm,0,1,0,0,0,0,1
R,individual,pick_up_object_individual,54,agent_1_llm,0,1,0,0,0,0,1
R,individual,pick_up_object_individual,55,agent_1_llm,0,1,0,0,0,0,1
R,individual,pick_up_object_individual,56,agent_1_llm,0,1,0,0,0,0,1
R,individual,pick_up_object_individual,57,agent_1_llm,0,1,0,0,0,0,1
R,individual,pick_up_object_individual,58,agent_0_llm,0,1,0,0,0,0,1
R,individual,pick_up_object_individual,59,agent_0_llm,0,1,0,0,0,0,1
R,individual,pick_up_object_individual,60,agent_1_llm,0,1,0,0,0,0,1
R,individual,pick_up_object_individual,61,agent_1_llm,0,1,0,0,0,0,1
R,individual,pick_up_object_individual,62,agent_1_llm,0,1,0,0,0,0,1
R,individual,pick_up_object_individual,63,agent_0_llm,0,1,0,0,0,0,1
R,individual,pick_up_object_individual,64,agent_0_llm,0,1,0,0,0,0,1
R,individual,pick_up_object_individual,65,agent_1_llm,0,1,0,0,0,0,1
R,individual,pick_up_object_individual,66,agent_1_llm,0,1,0,0,0,0,1
R,individual,pick_up_object_individual,67,agent_0_llm,0,0,0,0,0,0,1
R,individual,pick_up_object_individual,68,agent_1_llm,0,1,0,0,0,0,1
R,individual,pick_up_object_individual,69,agent_0_llm,0,0,0,0,0,0,1
R,individual,pick_up_object_individual,70,agent_1_llm,0,1,0,0,0,0,1
R,individual,pick_up_object_individual,71,agent_0_llm,0,0,0,0,0,0,1
R,individual,pick_up_object_individual,72,agent_0_llm,0,1,0,0,0,0,1
R,individual,pick_up_object_individual,73,agent_1_llm,0,1,0,0,0,0,1
R,individual,pick_up_object_individual,74,agent_0_llm,0,1,0,0,0,0,1
R,individual,pick_up_object_individual,75,agent_1_llm,0,1,0,0,0,0,1
R,individual,pick_up_object_individual,76,agent_1_llm,0,1,0,0,0,0,1
R,individual,pick_up_object_individual,77,agent_1_llm,0,1,0,0,0,0,1
R,individual,pick_up_object_individual,78,agent_1_llm,0,1,0,0,0,0,1
R,individual,pick_up_object_individual,79,agent_1_llm,0,1,0,0,0,0,1
R,individual,pick_up_object_individual,80,agent_1_llm,0,1,0,0,0,0,1
R,individual,pick_up_object_individual,81,agent_0_llm,0,0,0,0,0,0,1
R,individual,pick_up_object_individual,82,agent_1_llm,0,1,0,0,0,0,1
R,individual,pick_up_object_individual,83,agent_0_llm,0,1,0,0,0,0,1
R,individual,pick_up_object_individual,84,agent_0_llm,0,1,0,0,0,0,1
R,individual,pick_up_object_individual,85,agent_1_llm,0,1,0,0,0,0,1
R,individual,pick_up_object_individual,86,agent_0_llm,0,1,0,0,0,0,0
R,individual,pick_up_object_individual,87,agent_1_llm,0,1,0,0,0,0,1
R,individual,pick_up_object_individual,88,agent_1_llm,0,1,0,0,0,0,1
R,individual,pick_up_object_individual,89,agent_1_llm,0,1,0,0,0,0,1
R,individual,pick_up_object_individual,90,agent_1_llm,0,1,0,0,0,0,1
R,individual,pick_up_object_individual,91,agent_0_llm,0,1,0,0,0,0,1
R,individual,pick_up_object_individual,92,agent_1_llm,0,0,0,0,0,0,1
R,individual,pick_up_object_individual,93,agent_1_llm,0,0,0,0,0,0,1
R,individual,pick_up_object_individual,94,agent_1_llm,0,0,0,0,0,0,1
R,individual,pick_up_object_individual,95,agent_0_llm,0,1,0,0,0,0,0
R,individual,pick_up_object_individual,96,agent_1_llm,0,1,0,0,0,0,1
R,individual,pick_up_object_individual,97,agent_1_llm,0,1,0,0,0,0,1
R,individual,pick_up_object_individual,98,agent_1_llm,0,1,0,0,0,0,1
R,individual,pick_up_object_individual,99,agent_1_llm,0,1,0,0,0,0,1
R,individual,pick_up_object_individual,100,agent_1_llm,0,1,0,0,0,0,1
R,individual,pick_up_object_individual,101,agent_1_llm,0,1,0,0,0,0,1
R,individual,pick_up_object_individual,102,agent_1_llm,0,1,0,0,0,0,1
R,individual,pick_up_object_individual,103,agent_0_llm,0,0,0,0,0,0,1
R,individual,pick_up_object_individual,104,agent_1_llm,0,1,0,0,0,0,1
R,individual,pick_up_object_individual,105,agent_0_llm,0,0,0,0,0,0,1
R,individual,pick_up_object_individual,106,agent_0_llm,0,0,0,0,0,0,1
R,individual,pick_up_object_individual,107,agent_0_llm,0,1,0,0,0,0,1
R,individual,pick_up_object_individual,108,agent_1_llm,0,1,0,0,0,0,1
R,individual,pick_up_object_individual,109,agent_0_llm,0,0,0,0,0,0,1
R,individual,pick_up_object_individual,110,agent_1_llm,0,1,0,0,0,0,1
R,individual,pick_up_object_individual,111,agent_0_llm,0,1,0,0,0,0,1
R,individual,pick_up_object_individual,112,agent_1_llm,0,1,0,0,0,0,1
R,individual,pick_up_object_individual,113,agent_1_llm,0,1,0,0,0,0,1
R,individual,pick_up_object_individual,114,agent_0_llm,0,0,0,0,0,0,1
R,individual,pick_up_object_individual,115,agent_1_llm,0,1,0,0,0,0,1
R,individual,pick_up_object_individual,116,agent_1_llm,0,1,0,0,0,0,1
R,individual,pick_up_object_individual,117,agent_0_llm,0,1,0,0,0,0,1
R,individual,pick_up_object_individual,118,agent_0_llm,0,1,0,0,0,0,1
R,individual,pick_up_object_individual,119,agent_1_llm,0,1,0,0,0,0,1
R,individual,pick_up_object_individual,120,agent_0_llm,0,0,0,0,0,0,1
R,individual,pick_up_object_individual,121,agent_1_llm,0,1,0,0,0,0,1
R,individual,pick_up_object_individual,122,agent_0_llm,0,0,0,0,0,0,1
R,individual,pick_up_object_individual,123,agent_0_llm,0,0,0,0,0,0,1
R,individual,pick_up_object_individual,124,agent_0_llm,0,1,0,0,0,0,1
R,individual,pick_up_object_individual,125,agent_0_llm,0,0,0,0,0,0,1
R,individual,pick_up_object_individual,126,agent_0_llm,0,0,0,0,0,0,1
R,individual,pick_up_object_individual,127,agent_0_llm,0,1,0,0,0,0,1
R,individual,pick_up_object_individual,128,agent_1_llm,0,1,0,0,0,0,1
R,individual,pick_up_object_individual,129,agent_1_llm,0,1,0,0,0,0,1
R,individual,pick_up_object_individual,130,agent_0_llm,0,1,0,0,0,0,1
R,individual,pick_up_object_individual,131,agent_0_llm,0,0,0,0,0,0,1
R,individual,pick_up_object_individual,132,agent_1_llm,0,1,0,0,0,0,1
R,individual,place_object_on_surface_individual,0,agent_0_llm,0,0,0,0,0,0,1
R,individual,place_object_on_surface_individual,1,agent_0_llm,0,0,0,0,0,0,1
R,individual,place_object_on_surface_individual,2,agent_0_llm,0,1,0,0,1,2,0
R,individual,place_object_on_surface_individual,3,agent_0_llm,0,1,0,0,1,1,1
R,individual,place_object_on_surface_individual,4,agent_0_llm,0,0,0,0,0,0,1
R,individual,place_object_on_surface_individual,5,agent_1_llm,0,0,0,0,0,0,1
R,individual,place_object_on_surface_individual,6,agent_0_llm,0,1,0,0,1,2,0
R,individual,place_object_on_surface_individual,7,agent_1_llm,0,1,0,0,1,1,1
R,individual,place_object_on_surface_individual,8,agent_1_llm,0,1,0,0,1,1,1
R,individual,place_object_on_surface_individual,9,agent_1_llm,0,0,0,0,0,0,1
R,individual,place_object_on_surface_individual,10,agent_1_llm,0,1,0,0,1,1,1
R,individual,place_object_on_surface_individual,11,agent_0_llm,0,0,0,0,0,0,1
R,individual,place_object_on_surface_individual,12,agent_1_llm,0,0,0,0,0,0,1
R,individual,place_object_on_surface_individual,13,agent_0_llm,0,0,0,0,0,0,1
R,individual,place_object_on_surface_individual,14,agent_1_llm,0,0,0,0,0,0,1
R,individual,place_object_on_surface_individual,15,agent_0_llm,0,0,0,0,0,0,1
R,individual,place_object_on_surface_individual,16,agent_0_llm,0,0,0,0,0,0,1
R,individual,place_object_on_surface_individual,17,agent_1_llm,0,1,0,0,1,1,1
R,individual,place_object_on_surface_individual,18,agent_0_llm,0,0,0,0,0,0,1
R,individual,place_object_on_surface_individual,19,agent_0_llm,0,0,0,0,0,0,1
R,individual,place_object_on_surface_individual,20,agent_0_llm,0,1,0,0,1,1,1
R,individual,place_object_on_surface_individual,21,agent_0_llm,0,0,0,0,0,0,1
R,individual,place_object_on_surface_individual,22,agent_1_llm,0,1,0,0,1,1,1
R,individual,place_object_on_surface_individual,23,agent_0_llm,0,0,0,0,0,0,1
R,individual,navigate_to_location_individual,0,agent_0_llm,0,1,0,0,0,0,0
R,individual,navigate_to_location_individual,1,agent_1_llm,0,1,0,0,0,0,0
R,individual,navigate_to_location_individual,2,agent_1_llm,0,1,0,0,0,0,0
R,individual,navigate_to_location_individual,3,agent_1_llm,0,1,0,0,0,0,0
R,individual,navigate_to_location_individual,4,agent_0_llm,0,1,0,0,0,0,0
R,individual,navigate_to_location_individual,5,agent_0_llm,0,1,0,0,0,0,0
R,individual,navigate_to_location_individual,6,agent_1_llm,0,1,0,0,0,0,0
R,individual,navigate_to_location_individual,7,agent_1_llm,0,1,0,0,0,0,0
R,individual,navigate_to_location_individual,8,agent_1_llm,0,1,0,0,0,0,0
R,individual,navigate_to_location_individual,9,agent_1_llm,0,1,0,0,0,0,0
R,individual,navigate_to_location_individual,10,agent_0_llm,0,1,0,0,0,0,0
R,individual,navigate_to_location_individual,11,agent_0_llm,0,1,0,0,0,0,0
R,individual,navigate_to_location_individual,12,agent_1_llm,0,1,0,0,0,0,0
R,individual,navigate_to_location_individual,13,agent_0_llm,0,1,0,0,0,0,0
R,individual,navigate_to_location_individual,14,agent_1_llm,0,1,0,0,0,0,0
R,individual,navigate_to_location_individual,15,agent_0_llm,0,0,0,0,0,0,0
R,individual,navigate_to_location_individual,16,agent_1_llm,0,1,0,0,0,0,0
R,individual,navigate_to_location_individual,17,agent_1_llm,0,1,0,0,0,0,0
R,individual,navigate_to_location_individual,18,agent_1_llm,0,1,0,0,0,0,0
R,individual,navigate_to_location_individual,19,agent_1_llm,0,1,0,0,0,0,0
R,individual,navigate_to_location_individual,20,agent_1_llm,0,1,0,0,0,0,0
R,individual,navigate_to_location_individual,21,agent_1_llm,0,1,0,0,0,0,0
R,individual,navigate_to_location_individual,22,agent_1_llm,0,1,0,0,0,0,0
R,individual,navigate_to_location_individual,23,agent_0_llm,0,1,0,0,0,0,0
R,individual,navigate_to_location_individual,24,agent_1_llm,0,1,0,0,0,0,0
R,individual,navigate_to_location_individual,25,agent_1_llm,0,1,0,0,0,0,0
R,individual,navigate_to_location_individual,26,agent_1_llm,0,1,0,0,0,0,0
R,individual,navigate_to_location_individual,27,agent_1_llm,0,1,0,0,0,0,0
R,individual,navigate_to_location_individual,28,agent_1_llm,0,1,0,0,0,0,0
R,individual,navigate_to_location_individual,29,agent_0_llm,0,1,0,0,0,0,0
R,individual,navigate_to_location_individual,30,agent_0_llm,0,1,0,0,0,0,0
R,individual,navigate_to_location_individual,31,agent_1_llm,0,1,0,0,0,0,0
R,individual,navigate_to_location_individual,32,agent_0_llm,0,1,0,0,0,0,0
R,individual,navigate_to_location_individual,33,agent_1_llm,0,1,0,0,0,0,0
R,individual,navigate_to_location_individual,34,agent_0_llm,0,1,0,0,0,0,0
R,individual,navigate_to_location_individual,35,agent_1_llm,0,1,0,0,0,0,0
R,individual,navigate_to_location_individual,36,agent_1_llm,0,1,0,0,0,0,0
R,individual,navigate_to_location_individual,37,agent_0_llm,0,1,0,0,0,0,0
R,individual,navigate_to_location_individual,38,agent_1_llm,0,1,0,0,0,0,0
R,individual,navigate_to_location_individual,39,agent_0_llm,0,1,0,0,0,0,0
R,individual,navigate_to_location_individual,40,agent_1_llm,0,1,0,0,0,0,0
R,individual,navigate_to_location_individual,41,agent_1_llm,0,1,0,0,0,0,0
R,individual,navigate_to_location_individual,42,agent_1_llm,0,1,0,0,0,0,0
R,individual,navigate_to_location_individual,43,agent_1_llm,0,1,0,0,0,0,0
R,individual,navigate_to_location_individual,44,agent_0_llm,0,1,0,0,0,0,0
R,individual,navigate_to_location_individual,45,agent_1_llm,0,1,0,0,0,0,0
R,individual,navigate_to_location_individual,46,agent_0_llm,0,1,0,0,0,0,0
R,individual,navigate_to_location_individual,47,agent_0_llm,0,1,0,0,0,0,0
R,individual,navigate_to_location_individual,48,agent_1_llm,0,1,0,0,0,0,0
R,individual,navigate_to_location_individual,49,agent_0_llm,0,1,0,0,0,0,0
R,individual,navigate_to_location_individual,50,agent_0_llm,0,1,0,0,0,0,0
R,individual,navigate_to_location_individual,51,agent_1_llm,0,1,0,0,0,0,0
R,individual,navigate_to_location_individual,52,agent_0_llm,0,1,0,0,0,0,0
R,individual,navigate_to_location_individual,53,agent_1_llm,0,1,0,0,0,0,0
R,individual,navigate_to_location_individual,54,agent_0_llm,0,1,0,0,0,0,0
R,individual,navigate_to_location_individual,55,agent_0_llm,0,1,0,0,0,0,0
R,individual,navigate_to_location_individual,56,agent_1_llm,0,1,0,0,0,0,0
R,individual,navigate_to_location_individual,57,agent_1_llm,0,1,0,0,0,0,0
R,individual,navigate_to_location_individual,58,agent_1_llm,0,1,0,0,0,0,0
R,individual,navigate_to_location_individual,59,agent_1_llm,0,1,0,0,0,0,0
R,individual,navigate_to_location_individual,60,agent_1_llm,0,1,0,0,0,0,0
R,individual,navigate_to_location_individual,61,agent_1_llm,0,1,0,0,0,0,0
R,individual,navigate_to_location_individual,62,agent_1_llm,0,1,0,0,0,0,0
R,individual,navigate_to_location_individual,63,agent_1_llm,0,1,0,0,0,0,0
R,individual,navigate_to_location_individual,64,agent_0_llm,0,1,0,0,0,0,0
R,individual,navigate_to_location_individual,65,agent_1_llm,0,1,0,0,0,0,0
R,individual,navigate_to_location_individual,66,agent_1_llm,0,1,0,0,0,0,0
R,individual,navigate_to_surface_individual,0,agent_1_llm,0,1,0,0,0,0,0
R,individual,navigate_to_surface_individual,1,agent_0_llm,0,1,0,0,0,0,0
R,individual,navigate_to_surface_individual,2,agent_0_llm,0,1,0,0,0,0,0
R,individual,navigate_to_surface_individual,3,agent_0_llm,0,1,0,0,0,0,0
R,individual,navigate_to_surface_individual,4,agent_1_llm,0,1,0,0,0,0,0
R,individual,navigate_to_surface_individual,5,agent_1_llm,0,1,0,0,0,0,0
R,individual,wait_idle_individual,0,agent_0_llm,0,0,0,0,0,0,0
R,individual,wait_idle_individual,1,agent_1_llm,0,0,0,0,0,0,0
R,individual,wait_idle_individual,2,agent_1_llm,0,0,0,0,0,0,0
R,individual,wait_idle_individual,3,agent_1_llm,0,0,0,0,0,0,0
R,individual,wait_idle_individual,4,agent_1_llm,0,0,0,0,0,0,0
R,individual,wait_idle_individual,5,agent_1_llm,0,0,0,0,0,0,0
R,individual,wait_idle_individual,6,agent_1_llm,0,0,0,0,0,0,0
R,individual,wait_idle_individual,7,agent_1_llm,0,0,0,0,0,0,0
R,individual,wait_idle_individual,8,agent_1_llm,0,0,0,0,0,0,0
R,individual,wait_idle_individual,9,agent_0_llm,0,0,0,0,0,0,0
R,individual,wait_idle_individual,10,agent_1_llm,0,0,0,0,0,0,0
R,individual,wait_idle_individual,11,agent_1_llm,0,0,0,0,0,0,0
R,individual,wait_idle_individual,12,agent_0_llm,0,0,0,0,0,0,0
R,individual,wait_idle_individual,13,agent_0_llm,0,0,0,0,0,0,0
R,individual,wait_idle_individual,14,agent_0_llm,0,0,0,0,0,0,0
R,individual,wait_idle_individual,15,agent_1_llm,0,0,0,0,0,0,0
R,individual,wait_idle_individual,16,agent_0_llm,0,0,0,0,0,0,0
R,individual,wait_idle_individual,17,agent_0_llm,0,0,0,0,0,0,0
R,individual,wait_idle_individual,18,agent_1_llm,0,0,0,0,0,0,0
R,individual,wait_idle_individual,19,agent_1_llm,0,0,0,0,0,0,0
R,individual,wait_idle_individual,20,agent_1_llm,0,0,0,0,0,0,0
R,individual,wait_idle_individual,21,agent_0_llm,0,0,0,0,0,0,0
R,individual,wait_idle_individual,22,agent_1_llm,0,0,0,0,0,0,0
R,individual,wait_idle_individual,23,agent_0_llm,0,0,0,0,0,0,0
R,individual,wait_idle_individual,24,agent_1_llm,0,0,0,0,0,0,0
R,individual,wait_idle_individual,25,agent_1_llm,0,0,0,0,0,0,0
R,individual,wait_idle_individual,26,agent_1_llm,0,0,0,0,0,0,0
R,individual,wait_idle_individual,27,agent_1_llm,0,0,0,0,0,0,0
R,individual,wait_idle_individual,28,agent_1_llm,0,0,0,0,0,0,0
R,individual,wait_idle_individual,29,agent_1_llm,0,0,0,0,0,0,0
R,individual,wait_idle_individual,30,agent_1_llm,0,0,0,0,0,0,0
R,individual,wait_idle_individual,31,agent_1_llm,0,0,0,0,0,0,0
R,individual,wait_idle_individual,32,agent_1_llm,0,0,0,0,0,0,0
R,individual,wait_idle_individual,33,agent_0_llm,0,0,0,0,0,0,0
R,individual,wait_idle_individual,34,agent_1_llm,0,0,0,0,0,0,0
R,individual,wait_idle_individual,35,agent_1_llm,0,0,0,0,0,0,0
R,individual,wait_idle_individual,36,agent_1_llm,0,0,0,0,0,0,0
R,individual,wait_idle_individual,37,agent_0_llm,0,0,0,0,0,0,0
R,individual,wait_idle_individual,38,agent_0_llm,0,0,0,0,0,0,0
R,individual,wait_idle_individual,39,agent_1_llm,0,0,0,0,0,0,0
R,individual,wait_idle_individual,40,agent_1_llm,0,0,0,0,0,0,0
R,individual,wait_idle_individual,41,agent_1_llm,0,0,0,0,0,0,0
R,individual,wait_idle_individual,42,agent_1_llm,0,0,0,0,0,0,0
R,individual,wait_idle_individual,43,agent_1_llm,0,0,0,0,0,0,0
R,individual,wait_idle_individual,44,agent_1_llm,0,0,0,0,0,0,0
R,individual,wait_idle_individual,45,agent_1_llm,0,0,0,0,0,0,0
R,individual,wait_idle_individual,46,agent_1_llm,0,0,0,0,0,0,0
R,individual,wait_idle_individual,47,agent_1_llm,0,0,0,0,0,0,0
R,individual,wait_idle_individual,48,agent_1_llm,0,0,0,0,0,0,0
R,individual,move_object_to_location_individual,0,agent_1_llm,0,0,0,0,0,0,1
R,individual,move_object_to_location_individual,1,agent_1_llm,0,1,0,0,1,1,1
R,individual,move_object_to_location_individual,2,agent_0_llm,0,1,0,0,1,1,1
R,individual,move_object_to_location_individual,3,agent_1_llm,0,1,0,0,1,1,1
R,individual,move_object_to_location_individual,4,agent_1_llm,0,1,0,0,1,1,1
R,individual,move_object_to_location_individual,5,agent_1_llm,0,1,0,0,1,1,1
R,individual,move_object_to_location_individual,6,agent_0_llm,0,0,0,0,0,0,1
R,individual,move_object_to_location_individual,7,agent_1_llm,0,0,0,0,0,0,1
R,individual,move_object_to_location_individual,8,agent_1_llm,0,1,0,0,1,1,1
R,individual,move_object_to_location_individual,9,agent_0_llm,0,0,0,0,0,0,1
R,individual,move_object_to_location_individual,10,agent_0_llm,0,0,0,0,0,0,1
R,individual,move_object_to_location_individual,11,agent_1_llm,0,1,0,0,1,1,1
R,individual,move_object_to_location_individual,12,agent_0_llm,0,1,0,0,1,1,1
R,individual,move_object_to_location_individual,13,agent_1_llm,0,1,0,0,1,1,1
R,individual,move_object_to_location_individual,14,agent_1_llm,0,1,0,0,1,1,1
R,individual,move_object_to_location_individual,15,agent_1_llm,0,1,0,0,1,1,1
R,individual,move_object_to_location_individual,16,agent_1_llm,0,1,0,0,1,1,1
R,individual,move_object_to_location_individual,17,agent_0_llm,0,1,0,0,1,1,1
R,individual,move_object_to_location_individual,18,agent_1_llm,0,1,0,0,1,1,1
R,individual,move_object_to_location_individual,19,agent_1_llm,0,1,0,0,1,1,1
R,individual,move_object_to_location_individual,20,agent_1_llm,0,1,0,0,1,1,1
R,individual,move_object_to_location_individual,21,agent_1_llm,0,1,0,0,1,1,1
R,individual,move_object_to_location_individual,22,agent_1_llm,0,1,0,0,1,1,1
R,individual,move_object_to_location_individual,23,agent_1_llm,0,1,0,0,1,1,1
R,individual,move_object_to_location_individual,24,agent_1_llm,0,1,0,0,1,1,1
R,individual,move_object_to_location_individual,25,agent_1_llm,0,1,0,0,1,1,1
R,individual,move_object_to_location_individual,26,agent_1_llm,0,1,0,0,1,1,1
R,individual,move_object_to_location_individual,27,agent_1_llm,0,1,0,0,1,1,1
R,individual,move_object_to_location_individual,28,agent_1_llm,0,1,0,0,1,1,1
R,individual,move_object_to_location_individual,29,agent_1_llm,0,1,0,0,1,1,1
R,individual,move_object_to_location_individual,30,agent_1_llm,0,1,0,0,1,1,1
R,individual,move_object_to_location_individual,31,agent_0_llm,0,0,0,0,0,0,1
R,individual,move_object_to_location_individual,32,agent_1_llm,0,1,0,0,1,1,1
R,individual,move_object_to_location_individual,33,agent_1_llm,0,1,0,0,1,1,1
R,individual,move_object_to_location_individual,34,agent_1_llm,0,1,0,0,1,1,1
R,individual,move_object_to_location_individual,35,agent_1_llm,0,1,0,0,1,1,1
R,individual,move_object_to_location_individual,36,agent_1_llm,0,1,0,0,1,1,1
R,individual,move_object_to_location_individual,37,agent_1_llm,0,1,0,0,1,1,1
R,individual,move_object_to_location_individual,38,agent_1_llm,0,1,0,0,1,1,1
R,individual,move_object_to_location_individual,39,agent_0_llm,0,0,0,0,0,0,1
R,individual,move_object_to_location_individual,40,agent_1_llm,0,1,0,0,1,1,1
R,individual,move_object_to_location_individual,41,agent_1_llm,0,1,0,0,1,1,1
R,individual,move_object_to_location_individual,42,agent_1_llm,0,1,0,0,1,1,1
R,individual,move_object_to_location_individual,43,agent_1_llm,0,1,0,0,1,1,1
R,individual,move_object_to_location_individual,44,agent_1_llm,0,1,0,0,1,1,1
R,individual,move_object_to_location_individual,45,agent_1_llm,0,1,0,0,1,1,1
R,individual,move_object_to_location_individual,46,agent_1_llm,0,1,0,0,1,1,1
R,individual,move_object_to_location_individual,47,agent_1_llm,0,1,0,0,1,1,1
R,individual,move_object_to_location_individual,48,agent_1_llm,0,1,0,0,1,1,1
R,individual,move_object_to_location_individual,49,agent_1_llm,0,1,0,0,1,1,1
R,individual,move_object_to_location_individual,50,agent_1_llm,0,1,0,0,1,1,1
R,individual,move_object_to_location_individual,51,agent_0_llm,0,0,0,0,0,0,1
R,individual,move_object_to_location_individual,52,agent_0_llm,0,0,0,0,0,0,1
R,individual,move_object_to_location_individual,53,agent_1_llm,0,1,0,0,1,1,1
R,individual,move_object_to_location_individual,54,agent_1_llm,0,1,0,0,1,1,1
R,individual,move_object_to_location_individual,55,agent_1_llm,0,1,0,0,1,1,1
R,individual,move_object_to_location_individual,56,agent_1_llm,0,1,0,0,1,1,1
R,individual,move_object_to_location_individual,57,agent_1_llm,0,1,0,0,1,1,1
R,individual,move_object_to_location_individual,58,agent_1_llm,0,1,0,0,1,1,1
R,individual,move_object_to_location_individual,59,agent_1_llm,0,1,0,0,1,1,1
R,individual,move_object_to_location_individual,60,agent_0_llm,0,1,0,0,1,1,1
R,individual,move_object_to_location_individual,61,agent_0_llm,0,0,0,0,0,0,1
R,individual,move_object_to_location_individual,62,agent_1_llm,0,1,0,0,1,1,1
R,individual,move_object_to_location_individual,63,agent_1_llm,0,1,0,0,1,1,1
R,individual,move_object_to_location_individual,64,agent_1_llm,0,0,0,0,0,0,1
R,individual,move_object_to_location_individual,65,agent_0_llm,0,0,0,0,0,0,1
R,individual,move_object_to_location_individual,66,agent_1_llm,0,1,0,0,1,1,1
R,individual,move_object_to_location_individual,67,agent_1_llm,0,1,0,0,1,1,1
R,individual,move_object_to_location_individual,68,agent_1_llm,0,1,0,0,0,0,1
R,individual,move_object_to_location_individual,69,agent_0_llm,0,0,0,0,0,0,1
R,individual,move_object_to_location_individual,70,agent_0_llm,0,0,0,0,0,0,1
R,individual,move_object_to_location_individual,71,agent_0_llm,0,1,0,0,1,1,1
R,individual,move_object_to_location_individual,72,agent_0_llm,0,0,0,0,0,0,1
R,individual,move_object_to_location_individual,73,agent_1_llm,0,1,0,0,1,1,1
R,individual,move_object_to_location_individual,74,agent_1_llm,0,1,0,0,1,1,1
R,individual,move_object_to_location_individual,75,agent_0_llm,0,0,0,0,0,0,1
R,individual,move_object_to_location_individual,76,agent_1_llm,0,1,0,0,1,1,1
R,individual,move_object_to_location_individual,77,agent_1_llm,0,1,0,0,1,1,1
R,individual,move_object_to_location_individual,78,agent_0_llm,0,0,0,0,0,0,1
R,individual,move_object_to_location_individual,79,agent_1_llm,0,1,0,0,1,1,1
R,individual,move_object_to_location_individual,80,agent_1_llm,0,1,0,0,1,1,1
R,individual,move_object_to_location_individual,81,agent_0_llm,0,1,0,0,1,1,1
R,individual,move_object_to_location_individual,82,agent_1_llm,0,1,0,0,1,1,1
R,individual,move_object_to_location_individual,83,agent_1_llm,0,1,0,0,1,1,1
R,individual,move_object_to_location_individual,84,agent_1_llm,0,1,0,0,1,1,1
R,individual,move_object_to_location_individual,85,agent_1_llm,0,1,0,0,1,1,1
R,individual,move_object_to_location_individual,86,agent_0_llm,0,1,0,0,1,1,1
R,individual,move_object_to_location_individual,87,agent_0_llm,0,0,0,0,0,0,1
R,individual,move_object_to_location_individual,88,agent_0_llm,0,0,0,0,0,0,1
R,individual,move_object_to_location_individual,89,agent_0_llm,0,1,0,0,0,0,1
R,individual,move_object_to_location_individual,90,agent_1_llm,0,1,0,0,1,1,1
R,individual,navigate_to_table_individual,0,agent_1_llm,0,1,0,0,0,0,0
R,individual,navigate_to_table_individual,1,agent_0_llm,0,1,0,0,0,0,0
R,individual,navigate_to_table_individual,2,agent_0_llm,0,1,0,0,0,0,0
R,individual,navigate_to_table_individual,3,agent_0_llm,0,1,0,0,0,0,0
R,individual,navigate_to_table_individual,4,agent_1_llm,0,1,0,0,0,0,0
R,individual,navigate_to_table_individual,5,agent_1_llm,0,1,0,0,0,0,0
R,individual,navigate_to_table_individual,6,agent_1_llm,0,1,0,0,0,0,0
R,individual,navigate_to_table_individual,7,agent_0_llm,0,1,0,0,0,0,0
R,individual,navigate_to_table_individual,8,agent_0_llm,0,1,0,0,0,0,0
R,individual,navigate_to_table_individual,9,agent_1_llm,0,1,0,0,0,0,0
R,individual,navigate_to_table_individual,10,agent_0_llm,0,1,0,0,0,0,0
R,individual,navigate_to_table_individual,11,agent_1_llm,0,1,0,0,0,0,0
R,individual,navigate_to_table_individual,12,agent_0_llm,0,1,0,0,0,0,0
R,individual,navigate_to_table_individual,13,agent_1_llm,0,1,0,0,0,0,0
R,individual,navigate_to_table_individual,14,agent_1_llm,0,1,0,0,0,0,0
R,individual,navigate_to_table_individual,15,agent_1_llm,0,1,0,0,0,0,0
R,individual,navigate_to_table_individual,16,agent_0_llm,0,1,0,0,0,0,0
R,individual,navigate_to_table_individual,17,agent_1_llm,0,1,0,0,0,0,0
R,individual,navigate_to_table_individual,18,agent_1_llm,0,1,0,0,0,0,0
R,individual,navigate_to_table_individual,19,agent_1_llm,0,1,0,0,0,0,0
R,individual,navigate_to_table_individual,20,agent_0_llm,0,1,0,0,0,0,0
R,individual,navigate_to_table_individual,21,agent_1_llm,0,1,0,0,0,0,0
R,individual,navigate_to_table_individual,22,agent_1_llm,0,1,0,0,0,0,0
R,individual,navigate_to_table_individual,23,agent_0_llm,0,1,0,0,0,0,0
R,individual,navigate_to_table_individual,24,agent_1_llm,0,1,0,0,0,0,0
R,individual,navigate_to_table_individual,25,agent_1_llm,0,1,0,0,0,0,0
R,individual,navigate_to_table_individual,26,agent_0_llm,0,1,0,0,0,0,0
R,individual,navigate_to_table_individual,27,agent_1_llm,0,1,0,0,0,0,0
R,individual,navigate_to_table_individual,28,agent_1_llm,0,1,0,0,0,0,0
R,individual,navigate_to_table_individual,29,agent_0_llm,0,1,0,0,0,0,0
R,individual,navigate_to_table_individual,30,agent_1_llm,0,1,0,0,0,0,0
R,individual,navigate_to_table_individual,31,agent_1_llm,0,1,0,0,0,0,0
R,individual,navigate_to_table_individual,32,agent_1_llm,0,1,0,0,0,0,0
R,individual,navigate_to_table_individual,33,agent_0_llm,0,1,0,0,0,0,0
R,individual,navigate_to_table_individual,34,agent_1_llm,0,1,0,0,0,0,0
R,individual,navigate_to_table_individual,35,agent_0_llm,0,1,0,0,0,0,0
R,individual,navigate_to_table_individual,36,agent_0_llm,0,1,0,0,0,0,0
R,individual,navigate_to_table_individual,37,agent_1_llm,0,1,0,0,0,0,0
R,individual,navigate_to_table_individual,38,agent_0_llm,0,1,0,0,0,0,0
R,individual,navigate_to_table_individual,39,agent_1_llm,0,1,0,0,0,0,0
R,individual,navigate_to_table_individual,40,agent_1_llm,0,1,0,0,0,0,0
R,individual,navigate_to_table_individual,41,agent_1_llm,0,1,0,0,0,0,0
R,individual,navigate_to_table_individual,42,agent_0_llm,0,1,0,0,0,0,0
R,individual,navigate_to_table_individual,43,agent_1_llm,0,1,0,0,0,0,0
R,individual,navigate_to_table_individual,44,agent_1_llm,0,1,0,0,0,0,0
R,individual,navigate_to_table_individual,45,agent_0_llm,0,1,0,0,0,0,0
R,individual,navigate_to_table_individual,46,agent_1_llm,0,1,0,0,0,0,0
R,individual,navigate_to_table_individual,47,agent_0_llm,0,1,0,0,0,0,0
R,individual,navigate_to_table_individual,48,agent_0_llm,0,1,0,0,0,0,0
R,individual,navigate_to_table_individual,49,agent_0_llm,0,1,0,0,0,0,0
R,individual,navigate_to_table_individual,50,agent_1_llm,0,1,0,0,0,0,0
R,individual,navigate_to_table_individual,51,agent_0_llm,0,1,0,0,0,0,0
R,individual,navigate_to_table_individual,52,agent_1_llm,0,1,0,0,0,0,0
R,individual,navigate_to_table_individual,53,agent_0_llm,0,1,0,0,0,0,0
R,individual,navigate_to_table_individual,54,agent_1_llm,0,1,0,0,0,0,0
R,individual,navigate_to_table_individual,55,agent_0_llm,0,1,0,0,0,0,0
R,individual,navigate_to_table_individual,56,agent_1_llm,0,1,0,0,0,0,0
R,individual,navigate_to_table_individual,57,agent_1_llm,0,1,0,0,0,0,0
R,individual,navigate_to_table_individual,58,agent_1_llm,0,1,0,0,0,0,0
R,individual,navigate_to_table_individual,59,agent_1_llm,0,1,0,0,0,0,0
R,individual,navigate_to_table_individual,60,agent_1_llm,0,1,0,0,0,0,0
R,individual,navigate_to_table_individual,61,agent_0_llm,0,1,0,0,0,0,0
R,individual,navigate_to_table_individual,62,agent_0_llm,0,1,0,0,0,0,0
R,individual,navigate_to_table_individual,63,agent_1_llm,0,1,0,0,0,0,0
R,individual,navigate_to_table_individual,64,agent_1_llm,0,1,0,0,0,0,0
R,individual,navigate_to_table_individual,65,agent_1_llm,0,1,0,0,0,0,0
R,individual,navigate_to_table_individual,66,agent_1_llm,0,1,0,0,0,0,0
R,individual,navigate_to_table_individual,67,agent_1_llm,0,1,0,0,0,0,0
R,individual,navigate_to_table_individual,68,agent_1_llm,0,1,0,0,0,0,0
R,individual,navigate_to_table_individual,69,agent_1_llm,0,1,0,0,0,0,0
R,individual,navigate_to_table_individual,70,agent_1_llm,0,1,0,0,0,0,0
R,individual,navigate_to_table_individual,71,agent_1_llm,0,1,0,0,0,0,0
R,individual,navigate_to_table_individual,72,agent_0_llm,0,1,0,0,0,0,0
R,individual,navigate_to_table_individual,73,agent_1_llm,0,1,0,0,0,0,0
R,individual,navigate_to_table_individual,74,agent_0_llm,0,1,0,0,0,0,0
R,individual,navigate_to_table_individual,75,agent_1_llm,0,1,0,0,0,0,0
R,individual,navigate_to_table_individual,76,agent_1_llm,0,1,0,0,0,0,0
R,individual,navigate_to_table_individual,77,agent_0_llm,0,1,0,0,0,0,0
R,individual,navigate_to_table_individual,78,agent_1_llm,0,1,0,0,0,0,0
R,individual,navigate_to_table_individual,79,agent_0_llm,0,1,0,0,0,0,0
R,individual,navigate_to_table_individual,80,agent_0_llm,0,1,0,0,0,0,0
R,individual,navigate_to_table_individual,81,agent_0_llm,0,1,0,0,0,0,0
R,individual,navigate_to_table_individual,82,agent_0_llm,0,1,0,0,0,0,0
R,individual,navigate_to_table_individual,83,agent_0_llm,0,1,0,0,0,0,0
R,individual,navigate_to_table_individual,84,agent_1_llm,0,1,0,0,0,0,0
R,individual,navigate_to_table_individual,85,agent_0_llm,0,1,0,0,0,0,0
R,individual,navigate_to_table_individual,86,agent_0_llm,0,1,0,0,0,0,0
R,individual,navigate_to_table_individual,87,agent_1_llm,0,1,0,0,0,0,0
R,individual,navigate_to_table_individual,88,agent_1_llm,0,1,0,0,0,0,0
R,individual,navigate_to_table_individual,89,agent_1_llm,0,1,0,0,0,0,0
R,individual,navigate_to_table_individual,90,agent_1_llm,0,1,0,0,0,0,0
R,individual,navigate_to_table_individual,91,agent_1_llm,0,1,0,0,0,0,0
R,individual,navigate_to_table_individual,92,agent_0_llm,0,1,0,0,0,0,0
R,individual,navigate_to_table_individual,93,agent_0_llm,0,1,0,0,0,0,0
R,individual,navigate_to_table_individual,94,agent_0_llm,0,1,0,0,0,0,0
R,individual,navigate_to_table_individual,95,agent_1_llm,0,1,0,0,0,0,0
R,individual,navigate_to_table_individual,96,agent_1_llm,0,1,0,0,0,0,0
R,individual,open_table_individual,0,agent_1_llm,0,1,0,0,0,0,0
R,individual,open_table_individual,1,agent_1_llm,0,1,0,0,0,0,0
R,individual,open_table_individual,2,agent_0_llm,0,1,0,0,0,0,0
R,individual,open_table_individual,3,agent_0_llm,0,1,0,0,0,0,0
R,individual,open_table_individual,4,agent_1_llm,0,1,0,0,0,0,0
R,individual,open_table_individual,5,agent_0_llm,0,1,0,0,0,0,0
R,individual,open_table_individual,6,agent_1_llm,0,1,0,0,0,0,0
R,individual,open_table_individual,7,agent_1_llm,0,1,0,0,0,0,0
R,individual,open_table_individual,8,agent_1_llm,0,1,0,0,0,0,0
R,individual,open_table_individual,9,agent_0_llm,0,1,0,0,0,0,0
R,individual,open_table_individual,10,agent_0_llm,0,1,0,0,0,0,0
R,individual,open_table_individual,11,agent_1_llm,0,1,0,0,0,0,0
R,individual,open_table_individual,12,agent_0_llm,0,1,0,0,0,0,0
R,individual,open_table_individual,13,agent_1_llm,0,1,0,0,0,0,0
R,individual,open_table_individual,14,agent_0_llm,0,1,0,0,0,0,0
R,individual,open_table_individual,15,agent_1_llm,0,1,0,0,0,0,0
R,individual,open_table_individual,16,agent_1_llm,0,1,0,0,0,0,0
R,individual,open_table_individual,17,agent_0_llm,0,1,0,0,0,0,0
R,individual,open_table_individual,18,agent_0_llm,0,1,0,0,0,0,0
R,individual,open_table_individual,19,agent_1_llm,0,1,0,0,0,0,0
R,individual,open_table_individual,20,agent_0_llm,0,1,0,0,0,0,0
R,individual,open_table_individual,21,agent_0_llm,0,1,0,0,0,0,0
R,individual,open_table_individual,22,agent_0_llm,0,1,0,0,0,0,0
R,individual,open_table_individual,23,agent_0_llm,0,1,0,0,0,0,0
R,individual,open_table_individual,24,agent_1_llm,0,1,0,0,0,0,0
R,individual,open_table_individual,25,agent_0_llm,0,1,0,0,0,0,0
R,individual,open_table_individual,26,agent_0_llm,0,1,0,0,0,0,0
R,individual,open_table_individual,27,agent_0_llm,0,1,0,0,0,0,0
R,individual,open_table_individual,28,agent_1_llm,0,1,0,0,0,0,0
R,individual,open_table_individual,29,agent_0_llm,0,1,0,0,0,0,0
R,individual,open_table_individual,30,agent_1_llm,0,1,0,0,0,0,0
R,individual,open_table_individual,31,agent_0_llm,0,1,0,0,0,0,0
R,individual,open_table_individual,32,agent_1_llm,0,1,0,0,0,0,0
R,individual,open_table_individual,33,agent_0_llm,0,1,0,0,0,0,0
R,individual,place_object_on_table_individual,0,agent_1_llm,0,1,0,0,1,1,1
R,individual,place_object_on_table_individual,1,agent_0_llm,0,1,0,0,1,1,1
R,individual,place_object_on_table_individual,2,agent_0_llm,0,1,0,0,0,0,1
R,individual,place_object_on_table_individual,3,agent_0_llm,0,0,0,0,0,0,1
R,individual,place_object_on_table_individual,4,agent_1_llm,0,0,0,0,0,0,1
R,individual,place_object_on_table_individual,5,agent_0_llm,0,1,0,0,1,1,1
R,individual,place_object_on_table_individual,6,agent_0_llm,0,1,0,0,1,1,1
R,individual,place_object_on_table_individual,7,agent_1_llm,0,1,0,0,1,1,1
R,individual,place_object_on_table_individual,8,agent_1_llm,0,1,0,0,1,1,1
R,individual,place_object_on_table_individual,9,agent_0_llm,0,1,0,0,1,1,1
R,individual,place_object_on_table_individual,10,agent_1_llm,0,1,0,0,1,1,1
R,individual,place_object_on_table_individual,11,agent_0_llm,0,1,0,0,1,1,1
R,individual,place_object_on_table_individual,12,agent_0_llm,0,1,0,0,1,1,1
R,individual,place_object_on_table_individual,13,agent_0_llm,0,0,0,0,0,0,1
R,individual,place_object_on_table_individual,14,agent_1_llm,0,1,0,0,1,1,1
R,individual,place_object_on_table_individual,15,agent_0_llm,0,0,0,0,0,0,1
R,individual,place_object_on_table_individual,16,agent_1_llm,0,1,0,0,0,0,1
R,individual,place_object_on_table_individual,17,agent_0_llm,0,1,0,0,1,2,0
R,individual,place_object_on_table_individual,18,agent_1_llm,0,1,0,0,1,1,1
R,individual,place_object_on_table_individual,19,agent_1_llm,0,1,0,0,1,1,1
R,individual,place_object_on_table_individual,20,agent_0_llm,0,1,0,0,1,1,1
R,individual,place_object_on_table_individual,21,agent_1_llm,0,1,0,0,1,1,1
R,individual,place_object_on_table_individual,22,agent_0_llm,0,1,0,0,1,1,1
R,individual,place_object_on_table_individual,23,agent_0_llm,0,1,0,0,1,3,0
R,individual,place_object_on_table_individual,24,agent_0_llm,0,0,0,0,0,0,1
R,individual,place_object_on_table_individual,25,agent_1_llm,0,1,0,0,1,1,1
R,individual,place_object_on_table_individual,26,agent_0_llm,0,0,0,0,0,0,1
R,individual,place_object_on_table_individual,27,agent_1_llm,0,0,0,0,0,0,1
R,individual,place_object_on_table_individual,28,agent_1_llm,0,1,0,0,0,0,1
R,individual,place_object_on_table_individual,29,agent_0_llm,0,1,0,0,1,2,0
R,individual,place_object_on_table_individual,30,agent_0_llm,0,1,0,0,1,3,0
R,individual,place_object_on_table_individual,31,agent_1_llm,0,1,0,0,1,1,1
R,individual,place_object_on_table_individual,32,agent_0_llm,0,1,0,0,1,2,0
R,individual,place_object_on_table_individual,33,agent_1_llm,0,1,0,0,1,1,1
R,individual,place_object_on_table_individual,34,agent_0_llm,0,1,0,0,1,1,1
R,individual,place_object_on_table_individual,35,agent_1_llm,0,1,0,0,1,1,1
R,individual,place_object_on_table_individual,36,agent_0_llm,0,1,0,0,1,1,1
R,individual,place_object_on_table_individual,37,agent_1_llm,0,1,0,0,1,1,1
R,individual,place_object_on_table_individual,38,agent_0_llm,0,1,0,0,1,1,1
R,individual,place_object_on_table_individual,39,agent_1_llm,0,1,0,0,1,1,1
R,individual,place_object_on_table_individual,40,agent_0_llm,0,1,0,0,1,1,1
R,individual,place_object_on_table_individual,41,agent_1_llm,0,1,0,0,1,1,1
R,individual,place_object_on_table_individual,42,agent_0_llm,0,1,0,0,1,1,1
R,individual,place_object_on_table_individual,43,agent_1_llm,0,1,0,0,1,1,1
R,individual,place_object_on_table_individual,44,agent_0_llm,0,1,0,0,1,1,1
R,individual,place_object_on_table_individual,45,agent_1_llm,0,1,0,0,1,1,1
R,individual,place_object_on_table_individual,46,agent_0_llm,0,1,0,0,1,1,1
R,individual,place_object_on_table_individual,47,agent_1_llm,0,1,0,0,1,1,1
R,individual,place_object_on_table_individual,48,agent_0_llm,0,1,0,0,1,1,1
R,individual,place_object_on_table_individual,49,agent_0_llm,0,1,0,0,1,1,1
R,individual,place_object_on_table_individual,50,agent_0_llm,0,1,0,0,1,1,1
R,individual,place_object_on_table_individual,51,agent_1_llm,0,1,0,0,1,1,1
R,individual,place_object_on_table_individual,52,agent_0_llm,0,1,0,0,1,1,1
R,individual,place_object_on_table_individual,53,agent_1_llm,0,1,0,0,1,1,1
R,individual,place_object_on_table_individual,54,agent_0_llm,0,0,0,0,0,0,1
R,individual,place_object_on_table_individual,55,agent_1_llm,0,1,0,0,1,1,1
R,individual,place_object_on_table_individual,56,agent_0_llm,0,0,0,0,0,0,1
R,individual,place_object_on_table_individual,57,agent_0_llm,0,1,0,0,1,1,1
R,individual,place_object_on_table_individual,58,agent_1_llm,0,1,0,0,1,1,1
R,individual,place_object_on_table_individual,59,agent_1_llm,0,1,0,0,1,1,1
R,individual,place_object_on_table_individual,60,agent_0_llm,0,1,0,0,1,1,1
R,individual,place_object_on_table_individual,61,agent_1_llm,0,1,0,0,1,1,1
R,individual,place_object_on_table_individual,62,agent_0_llm,0,1,0,0,1,1,1
R,individual,place_object_on_table_individual,63,agent_0_llm,0,1,0,0,1,1,1
R,individual,place_object_on_table_individual,64,agent_0_llm,0,1,0,0,1,1,1
R,individual,place_object_on_table_individual,65,agent_1_llm,0,1,0,0,1,1,1
R,individual,place_object_on_table_individual,66,agent_0_llm,0,1,0,0,1,1,1
R,individual,place_object_on_table_individual,67,agent_0_llm,0,1,0,0,1,1,1
R,individual,place_object_on_table_individual,68,agent_1_llm,0,1,0,0,1,1,1
R,individual,place_object_on_table_individual,69,agent_0_llm,0,1,0,0,1,1,1
R,individual,place_object_on_table_individual,70,agent_0_llm,0,0,0,0,0,0,1
R,individual,place_object_on_table_individual,71,agent_0_llm,0,0,0,0,0,0,1
R,individual,place_object_on_table_individual,72,agent_1_llm,0,1,0,0,1,1,1
R,individual,place_object_on_table_individual,73,agent_1_llm,0,1,0,0,1,1,1
R,individual,place_object_on_table_individual,74,agent_1_llm,0,1,0,0,1,1,1
R,individual,place_object_on_table_individual,75,agent_0_llm,0,1,0,0,1,2,0
R,individual,place_object_on_table_individual,76,agent_1_llm,0,1,0,0,1,1,1
R,individual,place_object_on_table_individual,77,agent_0_llm,0,1,0,0,1,1,1
R,individual,place_object_on_table_individual,78,agent_0_llm,0,0,0,0,0,0,1
R,individual,place_object_on_table_individual,79,agent_1_llm,0,1,0,0,1,1,1
R,individual,place_object_on_table_individual,80,agent_1_llm,0,1,0,0,1,1,1
R,individual,place_object_on_table_individual,81,agent_0_llm,0,1,0,0,1,3,0
R,individual,place_object_on_table_individual,82,agent_1_llm,0,1,0,0,1,1,1
R,individual,place_object_on_table_individual,83,agent_0_llm,0,0,0,0,0,0,1
R,individual,place_object_on_table_individual,84,agent_1_llm,0,1,0,0,1,1,1
R,individual,place_object_on_table_individual,85,agent_1_llm,0,1,0,0,1,1,1
R,individual,place_object_on_table_individual,86,agent_0_llm,0,0,0,0,0,0,1
R,individual,place_object_on_table_individual,87,agent_1_llm,0,1,0,0,1,1,1
R,individual,place_object_on_table_individual,88,agent_1_llm,0,1,0,0,1,1,1
R,individual,place_object_on_table_individual,89,agent_1_llm,0,1,0,0,1,1,1
R,individual,place_object_on_table_individual,90,agent_0_llm,0,1,0,0,1,1,1
R,individual,place_object_on_table_individual,91,agent_0_llm,0,0,0,0,0,0,1
R,individual,place_object_on_table_individual,92,agent_1_llm,0,1,0,0,1,1,1
R,individual,place_object_on_table_individual,93,agent_0_llm,0,1,0,0,1,1,1
R,individual,place_object_on_table_individual,94,agent_0_llm,0,1,0,0,1,2,0
R,individual,place_object_on_table_individual,95,agent_1_llm,0,1,0,0,1,1,1
R,individual,place_object_on_table_individual,96,agent_0_llm,0,1,0,0,1,2,0
R,individual,place_object_on_table_individual,97,agent_0_llm,0,1,0,0,1,2,0
R,individual,place_object_on_table_individual,98,agent_1_llm,0,1,0,0,1,1,1
R,individual,place_object_on_table_individual,99,agent_0_llm,0,1,0,0,1,1,1
R,individual,place_object_on_table_individual,100,agent_0_llm,0,1,0,0,1,2,0
R,individual,place_object_on_table_individual,101,agent_0_llm,0,1,0,0,1,1,1
R,individual,place_object_on_table_individual,102,agent_0_llm,0,1,0,0,1,1,1
R,individual,place_object_on_table_individual,103,agent_0_llm,0,1,0,0,1,3,0
R,individual,place_object_on_table_individual,104,agent_0_llm,0,0,0,0,0,0,1
R,individual,place_object_on_table_individual,105,agent_1_llm,0,1,0,0,1,1,1
R,individual,place_object_on_table_individual,106,agent_0_llm,0,1,0,0,1,1,1
R,individual,place_object_on_table_individual,107,agent_0_llm,0,1,0,0,1,1,1
R,individual,place_object_on_table_individual,108,agent_0_llm,0,1,0,0,1,3,0
R,individual,place_object_on_table_individual,109,agent_1_llm,0,1,0,0,1,1,1
R,individual,place_object_on_table_individual,110,agent_0_llm,0,1,0,0,1,1,0
R,individual,place_object_on_table_individual,111,agent_1_llm,0,1,0,0,1,1,1
R,individual,place_object_on_table_individual,112,agent_0_llm,0,1,0,0,1,2,0
R,individual,place_object_on_table_individual,113,agent_1_llm,0,1,0,0,1,1,1
R,individual,place_object_on_table_individual,114,agent_0_llm,0,0,0,0,0,0,1
R,individual,place_object_on_table_individual,115,agent_1_llm,0,1,0,0,1,1,1
R,individual,place_object_on_table_individual,116,agent_0_llm,0,1,0,0,1,1,0
R,individual,place_object_on_table_individual,117,agent_0_llm,0,0,0,0,0,0,1
R,individual,place_object_on_table_individual,118,agent_1_llm,0,1,0,0,1,1,1
R,individual,place_object_on_table_individual,119,agent_1_llm,0,1,0,0,1,1,1
R,individual,place_object_on_table_individual,120,agent_0_llm,0,1,0,0,1,3,0
R,individual,place_object_on_table_individual,121,agent_0_llm,0,1,0,0,1,2,0
R,individual,place_object_on_table_individual,122,agent_0_llm,0,0,0,0,0,0,1
R,individual,place_object_on_table_individual,123,agent_1_llm,0,1,0,0,1,1,1
R,individual,wait_at_table_individual,0,agent_1_llm,0,0,0,0,0,0,0
R,individual,wait_at_table_individual,1,agent_1_llm,0,0,0,0,0,0,0
R,individual,wait_at_table_individual,2,agent_1_llm,0,0,0,0,0,0,0
R,individual,wait_at_table_individual,3,agent_1_llm,0,0,0,0,0,0,0
R,individual,wait_at_table_individual,4,agent_1_llm,0,0,0,0,0,0,0
R,individual,wait_at_table_individual,5,agent_1_llm,0,0,0,0,0,0,0
R,individual,wait_at_table_individual,6,agent_1_llm,0,0,0,0,0,0,0
R,individual,wait_at_table_individual,7,agent_1_llm,0,0,0,0,0,0,0
R,individual,wait_at_table_individual,8,agent_1_llm,0,0,0,0,0,0,0
R,individual,wait_at_table_individual,9,agent_1_llm,0,0,0,0,0,0,0
R,individual,navigate_to_placement_location_individual,0,agent_1_llm,0,1,0,0,0,0,0
R,individual,navigate_to_placement_location_individual,1,agent_1_llm,0,1,0,0,0,0,0
R,individual,navigate_to_placement_location_individual,2,agent_1_llm,0,1,0,0,0,0,0
R,individual,navigate_to_placement_location_individual,3,agent_1_llm,0,1,0,0,0,0,0
R,individual,navigate_to_placement_location_individual,4,agent_1_llm,0,1,0,0,0,0,0
R,individual,navigate_to_placement_location_individual,5,agent_0_llm,0,1,0,0,0,0,0
R,individual,navigate_to_placement_location_individual,6,agent_1_llm,0,1,0,0,0,0,0
R,individual,navigate_to_placement_location_individual,7,agent_1_llm,0,1,0,0,0,0,0
R,individual,navigate_to_placement_location_individual,8,agent_1_llm,0,1,0,0,0,0,0
R,individual,navigate_to_placement_location_individual,9,agent_1_llm,0,1,0,0,0,0,0
R,individual,navigate_to_placement_location_individual,10,agent_1_llm,0,1,0,0,0,0,0
R,individual,navigate_to_placement_location_individual,11,agent_0_llm,0,1,0,0,0,0,0
R,individual,navigate_to_placement_location_individual,12,agent_0_llm,0,1,0,0,0,0,0
R,individual,navigate_to_placement_location_individual,13,agent_1_llm,0,1,0,0,0,0,0
R,individual,navigate_to_placement_location_individual,14,agent_0_llm,0,1,0,0,0,0,0
R,individual,navigate_to_placement_location_individual,15,agent_0_llm,0,1,0,0,0,0,0
R,individual,navigate_to_placement_location_individual,16,agent_1_llm,0,1,0,0,0,0,0
R,individual,navigate_to_placement_location_individual,17,agent_1_llm,0,1,0,0,0,0,0
R,individual,navigate_to_placement_location_individual,18,agent_1_llm,0,1,0,0,0,0,0
R,individual,navigate_to_placement_location_individual,19,agent_1_llm,0,1,0,0,0,0,0
R,individual,navigate_to_placement_location_individual,20,agent_0_llm,0,1,0,0,0,0,0
R,individual,navigate_to_placement_location_individual,21,agent_1_llm,0,1,0,0,0,0,0
R,individual,navigate_to_placement_location_individual,22,agent_1_llm,0,1,0,0,0,0,0
R,individual,navigate_to_placement_location_individual,23,agent_0_llm,0,1,0,0,0,0,0
R,individual,navigate_to_placement_location_individual,24,agent_1_llm,0,1,0,0,0,0,0
R,individual,navigate_to_placement_location_individual,25,agent_0_llm,0,1,0,0,0,0,0
R,individual,navigate_to_placement_location_individual,26,agent_1_llm,0,1,0,0,0,0,0
R,individual,navigate_to_placement_location_individual,27,agent_0_llm,0,1,0,0,0,0,0
R,individual,navigate_to_placement_location_individual,28,agent_1_llm,0,1,0,0,0,0,0
R,individual,navigate_to_placement_location_individual,29,agent_1_llm,0,1,0,0,0,0,0
R,individual,navigate_to_placement_location_individual,30,agent_0_llm,0,1,0,0,0,0,0
R,individual,navigate_to_placement_location_individual,31,agent_1_llm,0,1,0,0,0,0,0
R,individual,navigate_to_placement_location_individual,32,agent_1_llm,0,1,0,0,0,0,0
R,individual,navigate_to_placement_location_individual,33,agent_1_llm,0,1,0,0,0,0,0
R,individual,navigate_to_placement_location_individual,34,agent_0_llm,0,1,0,0,0,0,0
R,individual,navigate_to_placement_location_individual,35,agent_1_llm,0,1,0,0,0,0,0
R,individual,navigate_to_placement_location_individual,36,agent_1_llm,0,1,0,0,0,0,0
R,individual,navigate_to_placement_location_individual,37,agent_0_llm,0,1,0,0,0,0,0
R,individual,navigate_to_placement_location_individual,38,agent_1_llm,0,1,0,0,0,0,0
R,individual,navigate_to_placement_location_individual,39,agent_1_llm,0,1,0,0,0,0,0
R,individual,navigate_to_placement_location_individual,40,agent_1_llm,0,1,0,0,0,0,0
R,individual,navigate_to_placement_location_individual,41,agent_1_llm,0,1,0,0,0,0,0
R,individual,navigate_to_placement_location_individual,42,agent_1_llm,0,1,0,0,0,0,0
R,individual,navigate_to_placement_location_individual,43,agent_1_llm,0,1,0,0,0,0,0
R,individual,navigate_to_placement_location_individual,44,agent_1_llm,0,1,0,0,0,0,0
R,individual,navigate_to_placement_location_individual,45,agent_1_llm,0,1,0,0,0,0,0
R,individual,navigate_to_placement_location_individual,46,agent_1_llm,0,1,0,0,0,0,0
R,individual,navigate_to_placement_location_individual,47,agent_1_llm,0,1,0,0,0,0,0
R,individual,navigate_to_placement_location_individual,48,agent_1_llm,0,1,0,0,0,0,0
R,individual,navigate_to_placement_location_individual,49,agent_0_llm,0,1,0,0,0,0,0
R,individual,navigate_to_placement_location_individual,50,agent_1_llm,0,1,0,0,0,0,0
R,individual,navigate_to_placement_location_individual,51,agent_1_llm,0,1,0,0,0,0,0
R,individual,navigate_to_placement_location_individual,52,agent_0_llm,0,1,0,0,0,0,0
R,individual,navigate_to_placement_location_individual,53,agent_1_llm,0,1,0,0,0,0,0
R,individual,navigate_to_placement_location_individual,54,agent_1_llm,0,1,0,0,0,0,0
R,individual,navigate_to_placement_location_individual,55,agent_0_llm,0,1,0,0,0,0,0
R,individual,navigate_to_placement_location_individual,56,agent_1_llm,0,1,0,0,0,0,0
R,individual,navigate_to_placement_location_individual,57,agent_1_llm,0,1,0,0,0,0,0
R,individual,navigate_to_placement_location_individual,58,agent_1_llm,0,1,0,0,0,0,0
R,individual,navigate_to_placement_location_individual,59,agent_0_llm,0,1,0,0,0,0,0
R,individual,navigate_to_placement_location_individual,60,agent_1_llm,0,1,0,0,0,0,0
R,individual,navigate_to_placement_location_individual,61,agent_1_llm,0,1,0,0,0,0,0
R,individual,navigate_to_placement_location_individual,62,agent_1_llm,0,1,0,0,0,0,0
R,individual,navigate_to_placement_location_individual,63,agent_0_llm,0,1,0,0,0,0,0
R,individual,navigate_to_placement_location_individual,64,agent_1_llm,0,1,0,0,0,0,0
R,individual,navigate_to_placement_location_individual,65,agent_1_llm,0,1,0,0,0,0,0
R,individual,navigate_to_placement_location_individual,66,agent_0_llm,0,1,0,0,0,0,0
R,individual,navigate_to_placement_location_individual,67,agent_1_llm,0,1,0,0,0,0,0
R,individual,navigate_to_placement_location_individual,68,agent_1_llm,0,1,0,0,0,0,0
R,individual,navigate_to_placement_location_individual,69,agent_0_llm,0,1,0,0,0,0,0
R,individual,navigate_to_placement_location_individual,70,agent_1_llm,0,1,0,0,0,0,0
R,individual,navigate_to_placement_location_individual,71,agent_1_llm,0,1,0,0,0,0,0
R,individual,navigate_to_placement_location_individual,72,agent_0_llm,0,1,0,0,0,0,0
R,individual,navigate_to_placement_location_individual,73,agent_1_llm,0,1,0,0,0,0,0
R,individual,navigate_to_placement_location_individual,74,agent_0_llm,0,1,0,0,0,0,0
R,individual,navigate_to_placement_location_individual,75,agent_1_llm,0,1,0,0,0,0,0
R,individual,navigate_to_placement_location_individual,76,agent_1_llm,0,1,0,0,0,0,0
R,individual,navigate_to_placement_location_individual,77,agent_1_llm,0,1,0,0,0,0,0
R,individual,navigate_to_placement_location_individual,78,agent_0_llm,0,1,0,0,0,0,0
R,individual,navigate_to_placement_location_individual,79,agent_1_llm,0,1,0,0,0,0,0
R,individual,navigate_to_placement_location_individual,80,agent_1_llm,0,1,0,0,0,0,0
R,individual,navigate_to_placement_location_individual,81,agent_1_llm,0,1,0,0,0,0,0
R,individual,navigate_to_placement_location_individual,82,agent_1_llm,0,1,0,0,0,0,0
R,individual,navigate_to_placement_location_individual,83,agent_1_llm,0,1,0,0,0,0,0
R,individual,navigate_to_placement_location_individual,84,agent_1_llm,0,1,0,0,0,0,0
R,individual,navigate_to_placement_location_individual,85,agent_0_llm,0,1,0,0,0,0,0
R,individual,navigate_to_placement_location_individual,86,agent_0_llm,0,1,0,0,0,0,0
R,individual,navigate_to_placement_location_individual,87,agent_0_llm,0,1,0,0,0,0,0
R,individual,navigate_to_placement_location_individual,88,agent_1_llm,0,1,0,0,0,0,0
R,individual,navigate_to_placement_location_individual,89,agent_1_llm,0,1,0,0,0,0,0
R,individual,navigate_to_placement_location_individual,90,agent_0_llm,0,1,0,0,0,0,0
R,individual,navigate_to_placement_location_individual,91,agent_1_llm,0,1,0,0,0,0,0
R,individual,navigate_to_placement_location_individual,92,agent_0_llm,0,1,0,0,0,0,0
R,individual,navigate_to_placement_location_individual,93,agent_1_llm,0,1,0,0,0,0,0
R,individual,navigate_to_placement_location_individual,94,agent_1_llm,0,1,0,0,0,0,0
R,individual,navigate_to_placement_location_individual,95,agent_1_llm,0,1,0,0,0,0,0
R,individual,navigate_to_placement_location_individual,96,agent_0_llm,0,1,0,0,0,0,0
R,individual,navigate_to_placement_location_individual,97,agent_0_llm,0,1,0,0,0,0,0
R,individual,navigate_to_placement_location_individual,98,agent_0_llm,0,1,0,0,0,0,0
R,individual,navigate_to_placement_location_individual,99,agent_1_llm,0,1,0,0,0,0,0
R,individual,navigate_to_placement_location_individual,100,agent_1_llm,0,1,0,0,0,0,0
R,individual,navigate_to_placement_location_individual,101,agent_1_llm,0,1,0,0,0,0,0
R,individual,navigate_to_placement_location_individual,102,agent_1_llm,0,1,0,0,0,0,0
R,individual,navigate_to_placement_location_individual,103,agent_0_llm,0,1,0,0,0,0,0
R,individual,navigate_to_placement_location_individual,104,agent_1_llm,0,1,0,0,0,0,0
R,individual,navigate_to_placement_location_individual,105,agent_1_llm,0,1,0,0,0,0,0
R,individual,navigate_to_placement_location_individual,106,agent_0_llm,0,1,0,0,0,0,0
R,individual,navigate_to_placement_location_individual,107,agent_1_llm,0,1,0,0,0,0,0
R,individual,navigate_to_placement_location_individual,108,agent_0_llm,0,1,0,0,0,0,0
R,individual,navigate_to_placement_location_individual,109,agent_1_llm,0,1,0,0,0,0,0
R,individual,navigate_to_placement_location_individual,110,agent_0_llm,0,1,0,0,0,0,0
R,individual,navigate_to_placement_location_individual,111,agent_1_llm,0,1,0,0,0,0,0
R,individual,navigate_to_placement_location_individual,112,agent_0_llm,0,1,0,0,0,0,0
R,individual,navigate_to_placement_location_individual,113,agent_1_llm,0,1,0,0,0,0,0
R,individual,navigate_to_placement_location_individual,114,agent_0_llm,0,1,0,0,0,0,0
R,individual,navigate_to_placement_location_individual,115,agent_1_llm,0,1,0,0,0,0,0
R,individual,navigate_to_placement_location_individual,116,agent_1_llm,0,1,0,0,0,0,0
R,individual,navigate_to_placement_location_individual,117,agent_1_llm,0,1,0,0,0,0,0
R,individual,navigate_to_placement_location_individual,118,agent_1_llm,0,1,0,0,0,0,0
R,individual,move_object_to_table_individual,0,agent_0_llm,0,1,0,0,0,0,1
R,individual,move_object_to_table_individual,1,agent_0_llm,0,0,0,0,0,0,1
R,individual,move_object_to_table_individual,2,agent_0_llm,0,1,0,0,1,1,1
R,individual,move_object_to_table_individual,3,agent_0_llm,0,0,0,0,0,0,1
R,individual,move_object_to_table_individual,4,agent_0_llm,0,1,0,0,1,1,1
R,individual,move_object_to_table_individual,5,agent_1_llm,0,1,0,0,1,1,1
R,individual,move_object_to_table_individual,6,agent_0_llm,0,1,0,0,1,1,1
R,individual,move_object_to_table_individual,7,agent_0_llm,0,1,0,0,1,1,1
R,individual,move_object_to_table_individual,8,agent_0_llm,0,0,0,0,0,0,1
R,individual,move_object_to_table_individual,9,agent_1_llm,0,1,0,0,1,1,1
R,individual,move_object_to_table_individual,10,agent_0_llm,0,1,0,0,1,1,1
R,individual,move_object_to_table_individual,11,agent_0_llm,0,1,0,0,1,1,1
R,individual,move_object_to_table_individual,12,agent_1_llm,0,1,0,0,1,1,1
R,individual,move_object_to_table_individual,13,agent_0_llm,0,0,0,0,0,0,1
R,individual,move_object_to_table_individual,14,agent_0_llm,0,1,0,0,1,1,1
R,individual,move_object_to_table_individual,15,agent_0_llm,0,0,0,0,0,0,1
R,individual,move_object_to_table_individual,16,agent_0_llm,0,1,0,0,1,1,1
R,individual,move_object_to_table_individual,17,agent_0_llm,0,1,0,0,1,1,1
R,individual,move_object_to_table_individual,18,agent_0_llm,0,0,0,0,0,0,1
R,individual,move_object_to_table_individual,19,agent_0_llm,0,1,0,0,1,1,1
R,individual,move_object_to_table_individual,20,agent_0_llm,0,1,0,0,1,1,1
R,individual,move_object_to_table_individual,21,agent_0_llm,0,1,0,0,1,1,1
R,individual,move_object_to_table_individual,22,agent_0_llm,0,0,0,0,0,0,1
R,individual,navigate_to_object_individual,0,agent_1_llm,0,1,0,0,0,0,0
R,individual,navigate_to_object_individual,1,agent_1_llm,0,1,0,0,0,0,0
R,individual,navigate_to_object_individual,2,agent_1_llm,0,1,0,0,0,0,0
R,individual,navigate_to_object_individual,3,agent_1_llm,0,1,0,0,0,0,0
R,individual,navigate_to_object_individual,4,agent_0_llm,0,0,0,0,0,0,0
R,individual,navigate_to_object_individual,5,agent_1_llm,0,1,0,0,0,0,0
R,individual,navigate_to_object_individual,6,agent_0_llm,0,0,0,0,0,0,0
R,individual,navigate_to_object_individual,7,agent_1_llm,0,1,0,0,0,0,0
R,individual,navigate_to_object_individual,8,agent_0_llm,0,1,0,0,0,0,0
R,individual,navigate_to_object_individual,9,agent_1_llm,0,1,0,0,0,0,0
R,individual,navigate_to_object_individual,10,agent_1_llm,0,1,0,0,0,0,0
R,individual,navigate_to_object_individual,11,agent_0_llm,0,1,0,0,0,0,0
R,individual,navigate_to_object_individual,12,agent_1_llm,0,1,0,0,0,0,0
R,individual,navigate_to_object_individual,13,agent_1_llm,0,1,0,0,0,0,0
R,individual,navigate_to_object_individual,14,agent_1_llm,0,1,0,0,0,0,0
R,individual,navigate_to_object_individual,15,agent_1_llm,0,1,0,0,0,0,0
R,individual,navigate_to_object_individual,16,agent_1_llm,0,1,0,0,0,0,0
R,individual,navigate_to_object_individual,17,agent_1_llm,0,1,0,0,0,0,0
R,individual,navigate_to_object_individual,18,agent_1_llm,0,1,0,0,0,0,0
R,individual,navigate_to_object_individual,19,agent_0_llm,0,1,0,0,0,0,0
R,individual,navigate_to_object_individual,20,agent_1_llm,0,1,0,0,0,0,0
R,individual,navigate_to_object_individual,21,agent_1_llm,0,1,0,0,0,0,0
R,individual,navigate_to_object_individual,22,agent_1_llm,0,1,0,0,0,0,0
R,individual,navigate_to_object_individual,23,agent_1_llm,0,1,0,0,0,0,0
R,individual,navigate_to_object_individual,24,agent_1_llm,0,1,0,0,0,0,0
R,individual,navigate_to_object_individual,25,agent_1_llm,0,1,0,0,0,0,0
R,individual,navigate_to_object_individual,26,agent_1_llm,0,1,0,0,0,0,0
R,individual,navigate_to_object_individual,27,agent_1_llm,0,1,0,0,0,0,0
R,individual,navigate_to_object_individual,28,agent_1_llm,0,1,0,0,0,0,0
R,individual,navigate_to_object_individual,29,agent_1_llm,0,1,0,0,0,0,0
R,individual,navigate_to_object_individual,30,agent_1_llm,0,1,0,0,0,0,0
R,individual,navigate_to_object_individual,31,agent_0_llm,0,1,0,0,0,0,0
R,individual,navigate_to_object_individual,32,agent_1_llm,0,1,0,0,0,0,0
R,individual,navigate_to_object_individual,33,agent_1_llm,0,1,0,0,0,0,0
R,individual,navigate_to_object_individual,34,agent_1_llm,0,1,0,0,0,0,0
R,individual,navigate_to_object_individual,35,agent_1_llm,0,1,0,0,0,0,0
R,individual,navigate_to_object_individual,36,agent_0_llm,0,1,0,0,0,0,0
R,individual,navigate_to_object_individual,37,agent_0_llm,0,1,0,0,0,0,0
R,individual,navigate_to_object_individual,38,agent_1_llm,0,1,0,0,0,0,0
R,individual,navigate_to_object_individual,39,agent_1_llm,0,1,0,0,0,0,0
R,individual,navigate_to_object_individual,40,agent_0_llm,0,1,0,0,0,0,0
R,individual,navigate_to_object_individual,41,agent_1_llm,0,1,0,0,0,0,0
R,individual,navigate_to_object_individual,42,agent_1_llm,0,1,0,0,0,0,0
R,individual,navigate_to_object_individual,43,agent_1_llm,0,1,0,0,0,0,0
R,individual,navigate_to_object_individual,44,agent_0_llm,0,1,0,0,0,0,0
R,individual,navigate_to_object_individual,45,agent_1_llm,0,1,0,0,0,0,0
R,individual,navigate_to_object_individual,46,agent_1_llm,0,1,0,0,0,0,0
R,individual,navigate_to_object_individual,47,agent_1_llm,0,1,0,0,0,0,0
R,individual,navigate_to_object_individual,48,agent_1_llm,0,1,0,0,0,0,0
R,individual,navigate_to_object_individual,49,agent_1_llm,0,1,0,0,0,0,0
R,individual,navigate_to_object_individual,50,agent_1_llm,0,1,0,0,0,0,0
R,individual,navigate_to_object_individual,51,agent_1_llm,0,1,0,0,0,0,0
R,individual,navigate_to_object_individual,52,agent_1_llm,0,1,0,0,0,0,0
R,individual,navigate_to_object_individual,53,agent_1_llm,0,1,0,0,0,0,0
R,individual,navigate_to_object_individual,54,agent_1_llm,0,1,0,0,0,0,0
R,individual,navigate_to_object_individual,55,agent_0_llm,0,1,0,0,0,0,0
R,individual,navigate_to_object_individual,56,agent_1_llm,0,1,0,0,0,0,0
R,individual,navigate_to_object_individual,57,agent_1_llm,0,1,0,0,0,0,0
R,individual,navigate_to_object_individual,58,agent_1_llm,0,1,0,0,0,0,0
R,individual,navigate_to_object_individual,59,agent_1_llm,0,1,0,0,0,0,0
R,individual,navigate_to_object_individual,60,agent_1_llm,0,1,0,0,0,0,0
R,individual,navigate_to_object_individual,61,agent_1_llm,0,1,0,0,0,0,0
R,individual,navigate_to_object_individual,62,agent_0_llm,0,1,0,0,0,0,0
R,individual,navigate_to_object_individual,63,agent_1_llm,0,1,0,0,0,0,0
R,individual,navigate_to_object_individual,64,agent_1_llm,0,1,0,0,0,0,0
R,individual,navigate_to_object_individual,65,agent_1_llm,0,1,0,0,0,0,0
R,individual,navigate_to_object_individual,66,agent_1_llm,0,1,0,0,0,0,0
R,individual,navigate_to_object_individual,67,agent_1_llm,0,1,0,0,0,0,0
R,individual,navigate_to_object_individual,68,agent_0_llm,0,1,0,0,0,0,0
R,individual,navigate_to_object_individual,69,agent_1_llm,0,1,0,0,0,0,0
R,individual,navigate_to_object_individual,70,agent_1_llm,0,1,0,0,0,0,0
R,individual,navigate_to_object_individual,71,agent_1_llm,0,1,0,0,0,0,0
R,individual,navigate_to_object_individual,72,agent_1_llm,0,1,0,0,0,0,0
R,individual,navigate_to_object_individual,73,agent_0_llm,0,1,0,0,0,0,0
R,individual,navigate_to_object_individual,74,agent_1_llm,0,1,0,0,0,0,0
R,individual,navigate_to_object_individual,75,agent_1_llm,0,1,0,0,0,0,0
R,individual,navigate_to_object_individual,76,agent_1_llm,0,1,0,0,0,0,0
R,individual,navigate_to_object_individual,77,agent_1_llm,0,1,0,0,0,0,0
R,individual,navigate_to_object_individual,78,agent_1_llm,0,1,0,0,0,0,0
R,individual,navigate_to_object_individual,79,agent_1_llm,0,1,0,0,0,0,0
R,individual,navigate_to_object_individual,80,agent_1_llm,0,1,0,0,0,0,0
R,individual,navigate_to_object_individual,81,agent_1_llm,0,1,0,0,0,0,0
R,individual,navigate_to_object_individual,82,agent_1_llm,0,1,0,0,0,0,0
R,individual,navigate_to_object_individual,83,agent_0_llm,0,1,0,0,0,0,0
R,individual,navigate_to_object_individual,84,agent_1_llm,0,1,0,0,0,0,0
R,individual,navigate_to_object_individual,85,agent_1_llm,0,1,0,0,0,0,0
R,individual,navigate_to_object_individual,86,agent_0_llm,0,1,0,0,0,0,0
R,individual,navigate_to_object_individual,87,agent_1_llm,0,1,0,0,0,0,0
R,individual,navigate_to_object_individual,88,agent_1_llm,0,1,0,0,0,0,0
R,individual,navigate_to_object_individual,89,agent_1_llm,0,1,0,0,0,0,0
R,individual,navigate_to_object_individual,90,agent_1_llm,0,1,0,0,0,0,0
R,individual,navigate_to_object_individual,91,agent_1_llm,0,1,0,0,0,0,0
R,individual,navigate_to_object_individual,92,agent_1_llm,0,1,0,0,0,0,0
R,individual,navigate_to_object_individual,93,agent_1_llm,0,1,0,0,0,0,0
R,individual,navigate_to_object_individual,94,agent_1_llm,0,1,0,0,0,0,0
R,individual,navigate_to_object_individual,95,agent_1_llm,0,1,0,0,0,0,0
R,individual,navigate_to_object_individual,96,agent_1_llm,0,1,0,0,0,0,0
R,individual,navigate_to_object_individual,97,agent_1_llm,0,1,0,0,0,0,0
R,individual,navigate_to_target_location_individual,0,agent_1_llm,0,1,0,0,0,0,0
R,individual,navigate_to_target_location_individual,1,agent_1_llm,0,1,0,0,0,0,0
R,individual,navigate_to_target_location_individual,2,agent_0_llm,0,1,0,0,0,0,0
R,individual,navigate_to_target_location_individual,3,agent_1_llm,0,1,0,0,0,0,0
R,individual,navigate_to_target_location_individual,4,agent_0_llm,0,1,0,0,0,0,0
R,individual,navigate_to_target_location_individual,5,agent_1_llm,0,1,0,0,0,0,0
R,individual,navigate_to_target_location_individual,6,agent_1_llm,0,1,0,0,0,0,0
R,individual,navigate_to_target_location_individual,7,agent_1_llm,0,1,0,0,0,0,0
R,individual,navigate_to_target_location_individual,8,agent_1_llm,0,1,0,0,0,0,0
R,individual,navigate_to_target_location_individual,9,agent_1_llm,0,1,0,0,0,0,0
R,individual,navigate_to_target_location_individual,10,agent_1_llm,0,1,0,0,0,0,0
R,individual,navigate_to_target_location_individual,11,agent_1_llm,0,1,0,0,0,0,0
R,individual,navigate_to_target_location_individual,12,agent_1_llm,0,1,0,0,0,0,0
R,individual,navigate_to_target_location_individual,13,agent_1_llm,0,1,0,0,0,0,0
R,individual,navigate_to_target_location_individual,14,agent_1_llm,0,1,0,0,0,0,0
R,individual,navigate_to_target_location_individual,15,agent_1_llm,0,1,0,0,0,0,0
R,individual,navigate_to_target_location_individual,16,agent_1_llm,0,1,0,0,0,0,0
R,individual,navigate_to_target_location_individual,17,agent_1_llm,0,1,0,0,0,0,0
R,individual,navigate_to_target_location_individual,18,agent_1_llm,0,1,0,0,0,0,0
R,individual,navigate_to_target_location_individual,19,agent_0_llm,0,1,0,0,0,0,0
R,individual,navigate_to_target_location_individual,20,agent_1_llm,0,1,0,0,0,0,0
R,individual,navigate_to_target_location_individual,21,agent_1_llm,0,1,0,0,0,0,0
R,individual,navigate_to_target_location_individual,22,agent_1_llm,0,1,0,0,0,0,0
R,individual,navigate_to_target_location_individual,23,agent_0_llm,0,1,0,0,0,0,0
R,individual,navigate_to_target_location_individual,24,agent_1_llm,0,1,0,0,0,0,0
R,individual,navigate_to_target_location_individual,25,agent_0_llm,0,1,0,0,0,0,0
R,individual,navigate_to_target_location_individual,26,agent_1_llm,0,1,0,0,0,0,0
R,individual,navigate_to_target_location_individual,27,agent_1_llm,0,1,0,0,0,0,0
R,individual,navigate_to_target_location_individual,28,agent_1_llm,0,1,0,0,0,0,0
R,individual,navigate_to_target_location_individual,29,agent_1_llm,0,1,0,0,0,0,0
R,individual,navigate_to_target_location_individual,30,agent_1_llm,0,1,0,0,0,0,0
R,individual,navigate_to_target_location_individual,31,agent_1_llm,0,1,0,0,0,0,0
R,individual,navigate_to_target_location_individual,32,agent_1_llm,0,1,0,0,0,0,0
R,individual,navigate_to_target_location_individual,33,agent_1_llm,0,1,0,0,0,0,0
R,individual,navigate_to_target_location_individual,34,agent_1_llm,0,1,0,0,0,0,0
R,individual,navigate_to_target_location_individual,35,agent_1_llm,0,1,0,0,0,0,0
R,individual,navigate_to_target_location_individual,36,agent_1_llm,0,1,0,0,0,0,0
R,individual,navigate_to_target_location_individual,37,agent_1_llm,0,1,0,0,0,0,0
R,individual,navigate_to_target_location_individual,38,agent_0_llm,0,1,0,0,0,0,0
R,individual,navigate_to_target_location_individual,39,agent_1_llm,0,1,0,0,0,0,0
R,individual,navigate_to_target_location_individual,40,agent_1_llm,0,1,0,0,0,0,0
R,individual,navigate_to_target_location_individual,41,agent_1_llm,0,1,0,0,0,0,0
R,individual,navigate_to_target_location_individual,42,agent_1_llm,0,1,0,0,0,0,0
R,individual,navigate_to_target_location_individual,43,agent_1_llm,0,1,0,0,0,0,0
R,individual,navigate_to_target_location_individual,44,agent_1_llm,0,1,0,0,0,0,0
R,individual,navigate_to_target_location_individual,45,agent_1_llm,0,1,0,0,0,0,0
R,individual,navigate_to_target_location_individual,46,agent_1_llm,0,1,0,0,0,0,0
R,individual,navigate_to_target_location_individual,47,agent_1_llm,0,1,0,0,0,0,0
R,individual,navigate_to_target_location_individual,48,agent_1_llm,0,1,0,0,0,0,0
R,individual,navigate_to_target_location_individual,49,agent_0_llm,0,1,0,0,0,0,0
R,individual,navigate_to_target_location_individual,50,agent_1_llm,0,1,0,0,0,0,0
R,individual,navigate_to_target_location_individual,51,agent_1_llm,0,1,0,0,0,0,0
R,individual,navigate_to_target_location_individual,52,agent_1_llm,0,1,0,0,0,0,0
R,individual,navigate_to_target_location_individual,53,agent_0_llm,0,1,0,0,0,0,0
R,individual,navigate_to_target_location_individual,54,agent_1_llm,0,1,0,0,0,0,0
R,individual,navigate_to_target_location_individual,55,agent_1_llm,0,1,0,0,0,0,0
R,individual,navigate_to_target_location_individual,56,agent_1_llm,0,1,0,0,0,0,0
R,individual,navigate_to_target_location_individual,57,agent_1_llm,0,1,0,0,0,0,0
R,individual,navigate_to_target_location_individual,58,agent_1_llm,0,1,0,0,0,0,0
R,individual,navigate_to_target_location_individual,59,agent_1_llm,0,1,0,0,0,0,0
R,individual,navigate_to_target_location_individual,60,agent_1_llm,0,1,0,0,0,0,0
R,individual,navigate_to_target_location_individual,61,agent_0_llm,0,1,0,0,0,0,0
R,individual,navigate_to_target_location_individual,62,agent_1_llm,0,1,0,0,0,0,0
R,individual,navigate_to_target_location_individual,63,agent_1_llm,0,1,0,0,0,0,0
R,individual,navigate_to_target_location_individual,64,agent_0_llm,0,1,0,0,0,0,0
R,individual,navigate_to_target_location_individual,65,agent_1_llm,0,1,0,0,0,0,0
R,individual,navigate_to_target_location_individual,66,agent_1_llm,0,1,0,0,0,0,0
R,individual,navigate_to_target_location_individual,67,agent_1_llm,0,1,0,0,0,0,0
R,individual,navigate_to_target_location_individual,68,agent_1_llm,0,1,0,0,0,0,0
R,individual,navigate_to_target_location_individual,69,agent_1_llm,0,1,0,0,0,0,0
R,individual,navigate_to_target_location_individual,70,agent_1_llm,0,1,0,0,0,0,0
R,individual,wait_sequence_individual,0,agent_0_llm,0,0,0,0,0,0,0
R,individual,wait_sequence_individual,1,agent_0_llm,0,0,0,0,0,0,0
R,individual,wait_sequence_individual,2,agent_0_llm,0,0,0,0,0,0,0
R,individual,wait_sequence_individual,3,agent_0_llm,0,0,0,0,0,0,0
R,individual,wait_sequence_individual,4,agent_0_llm,0,0,0,0,0,0,0
R,individual,wait_sequence_individual,5,agent_0_llm,0,0,0,0,0,0,0
R,individual,wait_sequence_individual,6,agent_0_llm,0,0,0,0,0,0,0
R,individual,wait_sequence_individual,7,agent_0_llm,0,0,0,0,0,0,0
R,individual,wait_sequence_individual,8,agent_0_llm,0,0,0,0,0,0,0
R,individual,wait_sequence_individual,9,agent_0_llm,0,0,0,0,0,0,0
R,individual,wait_sequence_individual,10,agent_0_llm,0,0,0,0,0,0,0
R,individual,wait_sequence_individual,11,agent_0_llm,0,0,0,0,0,0,0
R,individual,wait_sequence_individual,12,agent_0_llm,0,0,0,0,0,0,0
R,individual,wait_sequence_individual,13,agent_0_llm,0,0,0,0,0,0,0
R,individual,wait_sequence_individual,14,agent_0_llm,0,0,0,0,0,0,0
R,individual,wait_sequence_individual,15,agent_0_llm,0,0,0,0,0,0,0
R,individual,wait_sequence_individual,16,agent_0_llm,0,0,0,0,0,0,0
R,individual,wait_sequence_individual,17,agent_0_llm,0,0,0,0,0,0,0
R,individual,wait_sequence_individual,18,agent_0_llm,0,0,0,0,0,0,0
R,individual,wait_sequence_individual,19,agent_0_llm,0,0,0,0,0,0,0
R,individual,wait_sequence_individual,20,agent_0_llm,0,0,0,0,0,0,0
R,individual,wait_sequence_individual,21,agent_0_llm,0,0,0,0,0,0,0
R,individual,wait_sequence_individual,22,agent_0_llm,0,0,0,0,0,0,0
R,individual,wait_sequence_individual,23,agent_0_llm,0,0,0,0,0,0,0
R,individual,wait_sequence_individual,24,agent_0_llm,0,0,0,0,0,0,0
R,individual,wait_sequence_individual,25,agent_0_llm,0,0,0,0,0,0,0
R,individual,wait_sequence_individual,26,agent_0_llm,0,0,0,0,0,0,0
R,individual,wait_sequence_individual,27,agent_0_llm,0,0,0,0,0,0,0
R,individual,wait_sequence_individual,28,agent_0_llm,0,0,0,0,0,0,0
R,individual,wait_sequence_individual,29,agent_0_llm,0,0,0,0,0,0,0
R,individual,wait_sequence_individual,30,agent_0_llm,0,0,0,0,0,0,0
R,individual,wait_sequence_individual,31,agent_0_llm,0,0,0,0,0,0,0
R,individual,wait_sequence_individual,32,agent_0_llm,0,0,0,0,0,0,0
R,individual,wait_sequence_individual,33,agent_0_llm,0,0,0,0,0,0,0
R,individual,wait_sequence_individual,34,agent_0_llm,0,0,0,0,0,0,0
R,individual,wait_sequence_individual,35,agent_0_llm,0,0,0,0,0,0,0
R,individual,wait_sequence_individual,36,agent_0_llm,0,0,0,0,0,0,0
R,individual,wait_sequence_individual,37,agent_0_llm,0,0,0,0,0,0,0
R,individual,wait_sequence_individual,38,agent_0_llm,0,0,0,0,0,0,0
R,individual,wait_sequence_individual,39,agent_0_llm,0,0,0,0,0,0,0
R,individual,wait_sequence_individual,40,agent_0_llm,0,0,0,0,0,0,0
R,individual,wait_sequence_individual,41,agent_0_llm,0,0,0,0,0,0,0
R,individual,wait_sequence_individual,42,agent_0_llm,0,0,0,0,0,0,0
R,individual,wait_sequence_individual,43,agent_0_llm,0,0,0,0,0,0,0
R,individual,wait_sequence_individual,44,agent_0_llm,0,0,0,0,0,0,0
R,individual,wait_sequence_individual,45,agent_0_llm,0,0,0,0,0,0,0
R,individual,wait_sequence_individual,46,agent_0_llm,0,0,0,0,0,0,0
R,individual,wait_sequence_individual,47,agent_0_llm,0,0,0,0,0,0,0
R,individual,wait_sequence_individual,48,agent_0_llm,0,0,0,0,0,0,0
R,individual,wait_sequence_individual,49,agent_0_llm,0,0,0,0,0,0,0
R,individual,wait_sequence_individual,50,agent_0_llm,0,0,0,0,0,0,0
R,individual,wait_sequence_individual,51,agent_0_llm,0,0,0,0,0,0,0
R,individual,wait_sequence_individual,52,agent_0_llm,0,0,0,0,0,0,0
R,individual,wait_sequence_individual,53,agent_0_llm,0,0,0,0,0,0,0
R,individual,wait_sequence_individual,54,agent_0_llm,0,0,0,0,0,0,0
R,individual,wait_sequence_individual,55,agent_0_llm,0,0,0,0,0,0,0
R,individual,wait_sequence_individual,56,agent_0_llm,0,0,0,0,0,0,0
R,individual,wait_sequence_individual,57,agent_0_llm,0,0,0,0,0,0,0
R,individual,wait_sequence_individual,58,agent_0_llm,0,0,0,0,0,0,0
R,individual,wait_sequence_individual,59,agent_0_llm,0,0,0,0,0,0,0
R,individual,wait_sequence_individual,60,agent_0_llm,0,0,0,0,0,0,0
R,individual,wait_sequence_individual,61,agent_0_llm,0,0,0,0,0,0,0
R,individual,wait_sequence_individual,62,agent_0_llm,0,0,0,0,0,0,0
R,individual,wait_sequence_individual,63,agent_0_llm,0,0,0,0,0,0,0
R,individual,wait_sequence_individual,64,agent_0_llm,0,0,0,0,0,0,0
R,individual,wait_sequence_individual,65,agent_0_llm,0,0,0,0,0,0,0
R,individual,wait_sequence_individual,66,agent_0_llm,0,0,0,0,0,0,0
R,individual,wait_sequence_individual,67,agent_0_llm,0,0,0,0,0,0,0
R,individual,wait_sequence_individual,68,agent_0_llm,0,0,0,0,0,0,0
R,individual,wait_sequence_individual,69,agent_0_llm,0,0,0,0,0,0,0
R,individual,wait_sequence_individual,70,agent_0_llm,0,0,0,0,0,0,0
R,individual,wait_sequence_individual,71,agent_0_llm,0,0,0,0,0,0,0
R,individual,wait_sequence_individual,72,agent_0_llm,0,0,0,0,0,0,0
R,individual,wait_sequence_individual,73,agent_0_llm,0,0,0,0,0,0,0
R,individual,wait_sequence_individual,74,agent_0_llm,0,0,0,0,0,0,0
R,individual,wait_sequence_individual,75,agent_0_llm,0,0,0,0,0,0,0
R,individual,wait_sequence_individual,76,agent_0_llm,0,0,0,0,0,0,0
R,individual,wait_sequence_individual,77,agent_0_llm,0,0,0,0,0,0,0
R,individual,wait_sequence_individual,78,agent_0_llm,0,0,0,0,0,0,0
R,individual,wait_sequence_individual,79,agent_0_llm,0,0,0,0,0,0,0
R,individual,wait_sequence_individual,80,agent_0_llm,0,0,0,0,0,0,0
R,individual,wait_sequence_individual,81,agent_0_llm,0,0,0,0,0,0,0
R,individual,wait_sequence_individual,82,agent_0_llm,0,0,0,0,0,0,0
R,individual,wait_sequence_individual,83,agent_0_llm,0,0,0,0,0,0,0
R,individual,wait_sequence_individual,84,agent_0_llm,0,0,0,0,0,0,0
R,individual,wait_sequence_individual,85,agent_0_llm,0,0,0,0,0,0,0
R,individual,wait_sequence_individual,86,agent_0_llm,0,0,0,0,0,0,0
R,individual,wait_sequence_individual,87,agent_0_llm,0,0,0,0,0,0,0
R,individual,wait_sequence_individual,88,agent_0_llm,0,0,0,0,0,0,0
R,individual,wait_sequence_individual,89,agent_0_llm,0,0,0,0,0,0,0
R,individual,wait_sequence_individual,90,agent_0_llm,0,0,0,0,0,0,0
R,individual,wait_sequence_individual,91,agent_0_llm,0,0,0,0,0,0,0
R,individual,wait_sequence_individual,92,agent_0_llm,0,0,0,0,0,0,0
R,individual,wait_sequence_individual,93,agent_0_llm,0,0,0,0,0,0,0
R,individual,wait_sequence_individual,94,agent_0_llm,0,0,0,0,0,0,0
R,individual,wait_sequence_individual,95,agent_0_llm,0,0,0,0,0,0,0
R,individual,wait_sequence_individual,96,agent_0_llm,0,0,0,0,0,0,0
R,individual,wait_sequence_individual,97,agent_0_llm,0,0,0,0,0,0,0
R,individual,wait_sequence_individual,98,agent_0_llm,0,0,0,0,0,0,0
R,individual,wait_sequence_individual,99,agent_0_llm,0,0,0,0,0,0,0
R,individual,wait_sequence_individual,100,agent_0_llm,0,0,0,0,0,0,0
R,individual,wait_sequence_individual,101,agent_0_llm,0,0,0,0,0,0,0
R,individual,wait_sequence_individual,102,agent_0_llm,0,0,0,0,0,0,0
R,individual,wait_sequence_individual,103,agent_0_llm,0,0,0,0,0,0,0
R,individual,wait_sequence_individual,104,agent_0_llm,0,0,0,0,0,0,0
R,individual,wait_sequence_individual,105,agent_0_llm,0,0,0,0,0,0,0
R,individual,wait_sequence_individual,106,agent_0_llm,0,0,0,0,0,0,0
R,individual,wait_sequence_individual,107,agent_0_llm,0,0,0,0,0,0,0
R,individual,wait_sequence_individual,108,agent_0_llm,0,0,0,0,0,0,0
R,individual,wait_sequence_individual,109,agent_0_llm,0,0,0,0,0,0,0
R,individual,wait_sequence_individual,110,agent_0_llm,0,0,0,0,0,0,0
R,individual,wait_sequence_individual,111,agent_0_llm,0,0,0,0,0,0,0
R,individual,wait_sequence_individual,112,agent_0_llm,0,0,0,0,0,0,0
R,individual,wait_sequence_individual,113,agent_0_llm,0,0,0,0,0,0,0
R,individual,wait_sequence_individual,114,agent_0_llm,0,0,0,0,0,0,0
R,individual,wait_sequence_individual,115,agent_0_llm,0,0,0,0,0,0,0
R,individual,wait_sequence_individual,116,agent_0_llm,0,0,0,0,0,0,0
R,individual,wait_sequence_individual,117,agent_0_llm,0,0,0,0,0,0,0
R,individual,wait_sequence_individual,118,agent_0_llm,0,0,0,0,0,0,0
R,individual,wait_sequence_individual,119,agent_0_llm,0,0,0,0,0,0,0
R,individual,wait_sequence_individual,120,agent_0_llm,0,0,0,0,0,0,0
R,individual,wait_sequence_individual,121,agent_0_llm,0,0,0,0,0,0,0
R,individual,wait_sequence_individual,122,agent_0_llm,0,0,0,0,0,0,0
R,individual,wait_sequence_individual,123,agent_0_llm,0,0,0,0,0,0,0
R,individual,wait_sequence_individual,124,agent_0_llm,0,0,0,0,0,0,0
R,individual,wait_sequence_individual,125,agent_0_llm,0,0,0,0,0,0,0
R,individual,wait_sequence_individual,126,agent_0_llm,0,0,0,0,0,0,0
R,individual,wait_sequence_individual,127,agent_0_llm,0,0,0,0,0,0,0
R,individual,wait_sequence_individual,128,agent_0_llm,0,0,0,0,0,0,0
R,individual,wait_sequence_individual,129,agent_0_llm,0,0,0,0,0,0,0
R,individual,wait_sequence_individual,130,agent_0_llm,0,0,0,0,0,0,0
R,individual,wait_sequence_individual,131,agent_0_llm,0,0,0,0,0,0,0
R,individual,wait_sequence_individual,132,agent_0_llm,0,0,0,0,0,0,0
R,individual,wait_sequence_individual,133,agent_0_llm,0,0,0,0,0,0,0
R,individual,wait_sequence_individual,134,agent_0_llm,0,0,0,0,0,0,0
R,individual,wait_sequence_individual,135,agent_0_llm,0,0,0,0,0,0,0
R,individual,wait_sequence_individual,136,agent_0_llm,0,0,0,0,0,0,0
R,individual,wait_sequence_individual,137,agent_0_llm,0,0,0,0,0,0,0
R,individual,wait_sequence_individual,138,agent_0_llm,0,0,0,0,0,0,0
R,individual,wait_sequence_individual,139,agent_0_llm,0,0,0,0,0,0,0
R,individual,wait_sequence_individual,140,agent_0_llm,0,0,0,0,0,0,0
R,individual,wait_sequence_individual,141,agent_0_llm,0,0,0,0,0,0,0
R,individual,wait_sequence_individual,142,agent_0_llm,0,0,0,0,0,0,0
R,individual,wait_sequence_individual,143,agent_0_llm,0,0,0,0,0,0,0
R,individual,wait_sequence_individual,144,agent_0_llm,0,0,0,0,0,0,0
R,individual,wait_sequence_individual,145,agent_0_llm,0,0,0,0,0,0,0
R,individual,wait_sequence_individual,146,agent_0_llm,0,0,0,0,0,0,0
R,individual,wait_sequence_individual,147,agent_0_llm,0,0,0,0,0,0,0
R,individual,wait_sequence_individual,148,agent_0_llm,0,0,0,0,0,0,0
R,individual,wait_sequence_individual,149,agent_1_llm,0,0,0,0,0,0,0
R,individual,wait_sequence_individual,150,agent_0_llm,0,0,0,0,0,0,0
R,individual,wait_sequence_individual,151,agent_0_llm,0,0,0,0,0,0,0
R,individual,wait_sequence_individual,152,agent_0_llm,0,0,0,0,0,0,0
R,individual,wait_sequence_individual,153,agent_0_llm,0,0,0,0,0,0,0
R,individual,wait_sequence_individual,154,agent_0_llm,0,0,0,0,0,0,0
R,individual,wait_sequence_individual,155,agent_0_llm,0,0,0,0,0,0,0
R,individual,wait_sequence_individual,156,agent_0_llm,0,0,0,0,0,0,0
R,individual,wait_sequence_individual,157,agent_0_llm,0,0,0,0,0,0,0
R,individual,wait_sequence_individual,158,agent_0_llm,0,0,0,0,0,0,0
R,individual,wait_sequence_individual,159,agent_0_llm,0,0,0,0,0,0,0
R,individual,wait_sequence_individual,160,agent_0_llm,0,0,0,0,0,0,0
R,individual,wait_sequence_individual,161,agent_0_llm,0,0,0,0,0,0,0
R,individual,wait_sequence_individual,162,agent_1_llm,0,0,0,0,0,0,0
R,individual,wait_sequence_individual,163,agent_0_llm,0,0,0,0,0,0,0
R,individual,wait_sequence_individual,164,agent_0_llm,0,0,0,0,0,0,0
R,individual,wait_sequence_individual,165,agent_0_llm,0,0,0,0,0,0,0
R,individual,wait_sequence_individual,166,agent_0_llm,0,0,0,0,0,0,0
R,individual,wait_sequence_individual,167,agent_0_llm,0,0,0,0,0,0,0
R,individual,wait_sequence_individual,168,agent_0_llm,0,0,0,0,0,0,0
R,individual,place_object_on_target_individual,0,agent_0_llm,0,1,0,0,1,1,1
R,individual,navigate_to_furniture_individual,0,agent_1_llm,0,1,0,0,0,0,0
R,individual,navigate_to_furniture_individual,1,agent_0_llm,0,1,0,0,0,0,0
R,individual,navigate_to_furniture_individual,2,agent_1_llm,0,1,0,0,0,0,0
R,individual,navigate_to_furniture_individual,3,agent_1_llm,0,1,0,0,0,0,0
R,individual,navigate_to_furniture_individual,4,agent_0_llm,0,1,0,0,0,0,0
R,individual,navigate_to_furniture_individual,5,agent_0_llm,0,1,0,0,0,0,0
R,individual,navigate_to_furniture_individual,6,agent_1_llm,0,1,0,0,0,0,0
R,individual,navigate_to_furniture_individual,7,agent_1_llm,0,1,0,0,0,0,0
R,individual,navigate_to_furniture_individual,8,agent_1_llm,0,1,0,0,0,0,0
R,individual,navigate_to_furniture_individual,9,agent_0_llm,0,1,0,0,0,0,0
R,individual,navigate_to_furniture_individual,10,agent_1_llm,0,1,0,0,0,0,0
R,individual,navigate_to_furniture_individual,11,agent_1_llm,0,1,0,0,0,0,0
R,individual,navigate_to_furniture_individual,12,agent_1_llm,0,1,0,0,0,0,0
R,individual,navigate_to_furniture_individual,13,agent_0_llm,0,1,0,0,0,0,0
R,individual,navigate_to_furniture_individual,14,agent_1_llm,0,1,0,0,0,0,0
R,individual,navigate_to_furniture_individual,15,agent_0_llm,0,1,0,0,0,0,0
R,individual,navigate_to_furniture_individual,16,agent_1_llm,0,1,0,0,0,0,0
R,individual,navigate_to_furniture_individual,17,agent_1_llm,0,1,0,0,0,0,0
R,individual,navigate_to_furniture_individual,18,agent_1_llm,0,1,0,0,0,0,0
R,individual,navigate_to_furniture_individual,19,agent_1_llm,0,1,0,0,0,0,0
R,individual,navigate_to_furniture_individual,20,agent_0_llm,0,1,0,0,0,0,0
R,individual,navigate_to_furniture_individual,21,agent_1_llm,0,1,0,0,0,0,0
R,individual,navigate_to_furniture_individual,22,agent_1_llm,0,1,0,0,0,0,0
R,individual,navigate_to_furniture_individual,23,agent_0_llm,0,1,0,0,0,0,0
R,individual,navigate_to_furniture_individual,24,agent_0_llm,0,1,0,0,0,0,0
R,individual,navigate_to_furniture_individual,25,agent_1_llm,0,1,0,0,0,0,0
R,individual,navigate_to_furniture_individual,26,agent_1_llm,0,1,0,0,0,0,0
R,individual,navigate_to_furniture_individual,27,agent_0_llm,0,1,0,0,0,0,0
R,individual,navigate_to_furniture_individual,28,agent_1_llm,0,1,0,0,0,0,0
R,individual,navigate_to_furniture_individual,29,agent_1_llm,0,1,0,0,0,0,0
R,individual,navigate_to_furniture_individual,30,agent_1_llm,0,1,0,0,0,0,0
R,individual,navigate_to_furniture_individual,31,agent_1_llm,0,1,0,0,0,0,0
R,individual,navigate_to_furniture_individual,32,agent_1_llm,0,1,0,0,0,0,0
R,individual,navigate_to_furniture_individual,33,agent_1_llm,0,1,0,0,0,0,0
R,individual,navigate_to_furniture_individual,34,agent_1_llm,0,1,0,0,0,0,0
R,individual,navigate_to_furniture_individual,35,agent_1_llm,0,1,0,0,0,0,0
R,individual,navigate_to_furniture_individual,36,agent_1_llm,0,1,0,0,0,0,0
R,individual,navigate_to_furniture_individual,37,agent_1_llm,0,1,0,0,0,0,0
R,individual,navigate_to_furniture_individual,38,agent_1_llm,0,1,0,0,0,0,0
R,individual,navigate_to_furniture_individual,39,agent_1_llm,0,1,0,0,0,0,0
R,individual,navigate_to_furniture_individual,40,agent_1_llm,0,1,0,0,0,0,0
R,individual,navigate_to_furniture_individual,41,agent_1_llm,0,1,0,0,0,0,0
R,individual,navigate_to_furniture_individual,42,agent_1_llm,0,1,0,0,0,0,0
R,individual,navigate_to_furniture_individual,43,agent_1_llm,0,1,0,0,0,0,0
R,individual,place_object_on_furniture_individual,0,agent_1_llm,0,1,0,0,1,1,1
R,individual,place_object_on_furniture_individual,1,agent_1_llm,0,1,0,0,1,1,1
R,individual,place_object_on_furniture_individual,2,agent_0_llm,0,0,0,0,0,0,1
R,individual,place_object_on_furniture_individual,3,agent_1_llm,0,1,0,0,1,1,1
R,individual,place_object_on_furniture_individual,4,agent_0_llm,0,1,0,0,1,1,1
R,individual,place_object_on_furniture_individual,5,agent_0_llm,0,1,0,0,1,1,1
R,individual,place_object_on_furniture_individual,6,agent_1_llm,0,1,0,0,1,1,1
R,individual,place_object_on_furniture_individual,7,agent_1_llm,0,1,0,0,1,1,1
R,individual,place_object_on_furniture_individual,8,agent_1_llm,0,1,0,0,1,1,1
R,individual,place_object_on_furniture_individual,9,agent_0_llm,0,0,0,0,0,0,1
R,individual,place_object_on_furniture_individual,10,agent_0_llm,0,1,0,0,1,2,0
R,individual,place_object_on_furniture_individual,11,agent_1_llm,0,1,0,0,1,1,1
R,individual,place_object_on_furniture_individual,12,agent_1_llm,0,1,0,0,1,1,1
R,individual,place_object_on_furniture_individual,13,agent_1_llm,0,1,0,0,1,1,1
R,individual,place_object_on_furniture_individual,14,agent_1_llm,0,1,0,0,1,1,1
R,individual,place_object_on_furniture_individual,15,agent_1_llm,0,1,0,0,1,1,1
R,individual,place_object_on_furniture_individual,16,agent_1_llm,0,1,0,0,1,1,1
R,individual,place_object_on_furniture_individual,17,agent_0_llm,0,1,0,0,1,1,1
R,individual,place_object_on_furniture_individual,18,agent_0_llm,0,1,0,0,1,1,1
R,individual,place_object_on_furniture_individual,19,agent_1_llm,0,1,0,0,1,1,1
R,individual,place_object_on_furniture_individual,20,agent_1_llm,0,1,0,0,1,1,1
R,individual,place_object_on_furniture_individual,21,agent_1_llm,0,1,0,0,1,1,1
R,individual,place_object_on_furniture_individual,22,agent_1_llm,0,1,0,0,1,1,1
R,individual,place_object_on_furniture_individual,23,agent_1_llm,0,1,0,0,1,1,1
R,individual,place_object_on_furniture_individual,24,agent_1_llm,0,1,0,0,1,1,1
R,individual,place_object_on_furniture_individual,25,agent_1_llm,0,1,0,0,1,1,1
R,individual,place_object_on_furniture_individual,26,agent_1_llm,0,1,0,0,1,1,1
R,individual,place_object_on_furniture_individual,27,agent_1_llm,0,1,0,0,1,1,1
R,individual,place_object_on_furniture_individual,28,agent_0_llm,0,0,0,0,0,0,1
R,individual,place_object_on_furniture_individual,29,agent_0_llm,0,0,0,0,0,0,1
R,individual,place_object_on_furniture_individual,30,agent_1_llm,0,1,0,0,1,1,1
R,individual,place_object_on_furniture_individual,31,agent_1_llm,0,1,0,0,1,1,1
R,individual,place_object_on_furniture_individual,32,agent_1_llm,0,1,0,0,1,1,1
R,individual,wait_at_location_individual,0,agent_1_llm,0,0,0,0,0,0,0
R,individual,wait_at_location_individual,1,agent_1_llm,0,0,0,0,0,0,0
R,individual,wait_at_location_individual,2,agent_0_llm,0,0,0,0,0,0,0
R,individual,wait_at_location_individual,3,agent_1_llm,0,0,0,0,0,0,0
R,individual,wait_at_location_individual,4,agent_0_llm,0,0,0,0,0,0,0
R,individual,wait_at_location_individual,5,agent_0_llm,0,0,0,0,0,0,0
R,individual,wait_at_location_individual,6,agent_1_llm,0,0,0,0,0,0,0
R,individual,wait_at_location_individual,7,agent_1_llm,0,0,0,0,0,0,0
R,individual,wait_at_location_individual,8,agent_1_llm,0,0,0,0,0,0,0
R,individual,wait_at_location_individual,9,agent_1_llm,0,0,0,0,0,0,0
R,individual,wait_at_location_individual,10,agent_0_llm,0,0,0,0,0,0,0
R,individual,wait_at_location_individual,11,agent_0_llm,0,0,0,0,0,0,0
R,individual,wait_at_location_individual,12,agent_1_llm,0,0,0,0,0,0,0
R,individual,wait_at_location_individual,13,agent_1_llm,0,0,0,0,0,0,0
R,individual,wait_at_location_individual,14,agent_0_llm,0,0,0,0,0,0,0
R,individual,wait_at_location_individual,15,agent_0_llm,0,0,0,0,0,0,0
R,individual,wait_at_location_individual,16,agent_1_llm,0,0,0,0,0,0,0
R,individual,wait_at_location_individual,17,agent_1_llm,0,0,0,0,0,0,0
R,individual,wait_at_location_individual,18,agent_1_llm,0,0,0,0,0,0,0
R,individual,wait_at_location_individual,19,agent_1_llm,0,0,0,0,0,0,0
R,individual,wait_at_location_individual,20,agent_1_llm,0,0,0,0,0,0,0
R,individual,wait_at_location_individual,21,agent_1_llm,0,0,0,0,0,0,0
R,individual,wait_at_location_individual,22,agent_0_llm,0,0,0,0,0,0,0
R,individual,wait_at_location_individual,23,agent_1_llm,0,0,0,0,0,0,0
R,individual,wait_at_location_individual,24,agent_1_llm,0,0,0,0,0,0,0
R,individual,wait_at_location_individual,25,agent_1_llm,0,0,0,0,0,0,0
R,individual,wait_at_location_individual,26,agent_1_llm,0,0,0,0,0,0,0
R,individual,wait_at_location_individual,27,agent_1_llm,0,0,0,0,0,0,0
R,individual,wait_at_location_individual,28,agent_0_llm,0,0,0,0,0,0,0
R,individual,wait_at_location_individual,29,agent_1_llm,0,0,0,0,0,0,0
R,individual,wait_at_location_individual,30,agent_1_llm,0,0,0,0,0,0,0
R,individual,wait_at_location_individual,31,agent_0_llm,0,0,0,0,0,0,0
R,individual,wait_at_location_individual,32,agent_1_llm,0,0,0,0,0,0,0
R,individual,wait_at_location_individual,33,agent_1_llm,0,0,0,0,0,0,0
R,individual,wait_at_location_individual,34,agent_0_llm,0,0,0,0,0,0,0
R,individual,wait_at_location_individual,35,agent_0_llm,0,0,0,0,0,0,0
R,individual,wait_at_location_individual,36,agent_1_llm,0,0,0,0,0,0,0
R,individual,wait_at_location_individual,37,agent_1_llm,0,0,0,0,0,0,0
R,individual,wait_at_location_individual,38,agent_1_llm,0,0,0,0,0,0,0
R,individual,wait_at_location_individual,39,agent_0_llm,0,0,0,0,0,0,0
R,individual,wait_at_location_individual,40,agent_1_llm,0,0,0,0,0,0,0
R,individual,wait_at_location_individual,41,agent_1_llm,0,0,0,0,0,0,0
R,individual,wait_at_location_individual,42,agent_1_llm,0,0,0,0,0,0,0
R,individual,wait_at_location_individual,43,agent_1_llm,0,0,0,0,0,0,0
R,individual,wait_at_location_individual,44,agent_1_llm,0,0,0,0,0,0,0
R,individual,wait_at_location_individual,45,agent_1_llm,0,0,0,0,0,0,0
R,individual,wait_at_location_individual,46,agent_1_llm,0,0,0,0,0,0,0
R,individual,wait_at_location_individual,47,agent_1_llm,0,0,0,0,0,0,0
R,individual,wait_at_location_individual,48,agent_1_llm,0,0,0,0,0,0,0
R,individual,wait_at_location_individual,49,agent_1_llm,0,0,0,0,0,0,0
R,individual,wait_at_location_individual,50,agent_1_llm,0,0,0,0,0,0,0
R,individual,wait_at_location_individual,51,agent_0_llm,0,0,0,0,0,0,0
R,individual,wait_at_location_individual,52,agent_1_llm,0,0,0,0,0,0,0
R,individual,wait_at_location_individual,53,agent_0_llm,0,0,0,0,0,0,0
R,individual,wait_at_location_individual,54,agent_1_llm,0,0,0,0,0,0,0
R,individual,wait_at_location_individual,55,agent_0_llm,0,0,0,0,0,0,0
R,individual,wait_at_location_individual,56,agent_0_llm,0,0,0,0,0,0,0
R,individual,wait_at_location_individual,57,agent_1_llm,0,0,0,0,0,0,0
R,individual,wait_at_location_individual,58,agent_1_llm,0,0,0,0,0,0,0
R,individual,wait_at_location_individual,59,agent_0_llm,0,0,0,0,0,0,0
R,individual,wait_at_location_individual,60,agent_1_llm,0,0,0,0,0,0,0
R,individual,wait_at_location_individual,61,agent_1_llm,0,0,0,0,0,0,0
R,individual,wait_at_location_individual,62,agent_1_llm,0,0,0,0,0,0,0
R,individual,wait_at_location_individual,63,agent_0_llm,0,0,0,0,0,0,0
R,individual,wait_at_location_individual,64,agent_1_llm,0,0,0,0,0,0,0
R,individual,wait_at_location_individual,65,agent_1_llm,0,0,0,0,0,0,0
R,individual,wait_at_location_individual,66,agent_0_llm,0,0,0,0,0,0,0
R,individual,wait_at_location_individual,67,agent_1_llm,0,0,0,0,0,0,0
R,individual,wait_at_location_individual,68,agent_1_llm,0,0,0,0,0,0,0
R,individual,wait_at_location_individual,69,agent_1_llm,0,0,0,0,0,0,0
R,individual,wait_at_location_individual,70,agent_0_llm,0,0,0,0,0,0,0
R,individual,wait_at_location_individual,71,agent_1_llm,0,0,0,0,0,0,0
R,individual,wait_at_location_individual,72,agent_0_llm,0,0,0,0,0,0,0
R,individual,wait_at_location_individual,73,agent_1_llm,0,0,0,0,0,0,0
R,individual,wait_at_location_individual,74,agent_1_llm,0,0,0,0,0,0,0
R,individual,wait_at_location_individual,75,agent_1_llm,0,0,0,0,0,0,0
R,individual,wait_at_location_individual,76,agent_1_llm,0,0,0,0,0,0,0
R,individual,wait_at_location_individual,77,agent_1_llm,0,0,0,0,0,0,0
R,individual,wait_at_location_individual,78,agent_1_llm,0,0,0,0,0,0,0
R,individual,wait_at_location_individual,79,agent_1_llm,0,0,0,0,0,0,0
R,individual,wait_at_location_individual,80,agent_1_llm,0,0,0,0,0,0,0
R,individual,wait_at_location_individual,81,agent_1_llm,0,0,0,0,0,0,0
R,individual,wait_at_location_individual,82,agent_1_llm,0,0,0,0,0,0,0
R,individual,wait_at_location_individual,83,agent_1_llm,0,0,0,0,0,0,0
R,individual,wait_at_location_individual,84,agent_1_llm,0,0,0,0,0,0,0
R,individual,wait_at_location_individual,85,agent_1_llm,0,0,0,0,0,0,0
R,individual,wait_at_location_individual,86,agent_1_llm,0,0,0,0,0,0,0
R,individual,wait_at_location_individual,87,agent_0_llm,0,0,0,0,0,0,0
R,individual,wait_at_location_individual,88,agent_1_llm,0,0,0,0,0,0,0
R,individual,wait_at_location_individual,89,agent_1_llm,0,0,0,0,0,0,0
R,individual,wait_at_location_individual,90,agent_1_llm,0,0,0,0,0,0,0
R,individual,wait_at_location_individual,91,agent_0_llm,0,0,0,0,0,0,0
R,individual,navigate_to_stand_individual,0,agent_1_llm,0,1,0,0,0,0,0
R,individual,navigate_to_stand_individual,1,agent_1_llm,0,1,0,0,0,0,0
R,individual,open_stand_individual,0,agent_1_llm,0,1,0,0,0,0,0
R,individual,open_stand_individual,1,agent_1_llm,0,1,0,0,0,0,0
R,individual,place_object_on_stand_individual,0,agent_1_llm,0,1,0,0,1,1,1
R,individual,place_object_on_stand_individual,1,agent_1_llm,0,1,0,0,1,1,1
R,individual,place_object_on_stand_individual,2,agent_0_llm,0,1,0,0,1,1,1
R,individual,bring_object_to_location_individual,0,agent_1_llm,0,1,0,0,1,1,1
R,individual,bring_object_to_location_individual,1,agent_1_llm,0,1,0,0,1,1,1
R,individual,bring_object_to_location_individual,2,agent_0_llm,0,1,0,0,1,1,1
R,individual,bring_object_to_location_individual,3,agent_1_llm,0,1,0,0,1,1,1
R,individual,move_clock_to_table_individual,0,agent_0_llm,0,1,0,0,1,1,1
R,individual,place_object_on_bench_individual,0,agent_0_llm,0,0,0,0,0,0,1
R,individual,place_object_on_bench_individual,1,agent_1_llm,0,1,0,0,1,1,1
R,individual,place_object_on_bench_individual,2,agent_1_llm,0,1,0,0,1,1,1
R,individual,move_object_to_bench_individual,0,agent_0_llm,0,0,0,0,0,0,1
R,individual,navigate_to_bench_individual,0,agent_1_llm,0,1,0,0,0,0,0
R,individual,navigate_to_bench_individual,1,agent_1_llm,0,1,0,0,0,0,0
R,individual,navigate_to_bench_individual,2,agent_0_llm,0,1,0,0,0,0,0
R,individual,navigate_to_shelves_individual,0,agent_0_llm,0,1,0,0,0,0,0
R,individual,navigate_to_shelves_individual,1,agent_1_llm,0,1,0,0,0,0,0
R,individual,navigate_to_shelves_individual,2,agent_1_llm,0,1,0,0,0,0,0
R,individual,navigate_to_shelves_individual,3,agent_1_llm,0,1,0,0,0,0,0
R,individual,navigate_to_shelves_individual,4,agent_1_llm,0,1,0,0,0,0,0
R,individual,navigate_to_shelves_individual,5,agent_0_llm,0,1,0,0,0,0,0
R,individual,navigate_to_shelves_individual,6,agent_1_llm,0,1,0,0,0,0,0
R,individual,navigate_to_shelves_individual,7,agent_0_llm,0,1,0,0,0,0,0
R,individual,navigate_to_shelves_individual,8,agent_1_llm,0,1,0,0,0,0,0
R,individual,navigate_to_shelves_individual,9,agent_1_llm,0,1,0,0,0,0,0
R,individual,navigate_to_shelves_individual,10,agent_1_llm,0,1,0,0,0,0,0
R,individual,navigate_to_shelves_individual,11,agent_1_llm,0,1,0,0,0,0,0
R,individual,navigate_to_shelves_individual,12,agent_0_llm,0,1,0,0,0,0,0
R,individual,navigate_to_shelves_individual,13,agent_1_llm,0,1,0,0,0,0,0
R,individual,navigate_to_shelves_individual,14,agent_1_llm,0,1,0,0,0,0,0
R,individual,navigate_to_shelves_individual,15,agent_0_llm,0,1,0,0,0,0,0
R,individual,navigate_to_shelves_individual,16,agent_1_llm,0,1,0,0,0,0,0
R,individual,place_object_on_shelves_individual,0,agent_0_llm,0,0,0,0,0,0,1
R,individual,place_object_on_shelves_individual,1,agent_1_llm,0,1,0,0,1,1,1
R,individual,place_object_on_shelves_individual,2,agent_1_llm,0,1,0,0,1,1,1
R,individual,place_object_on_shelves_individual,3,agent_1_llm,0,1,0,0,1,1,1
R,individual,place_object_on_shelves_individual,4,agent_0_llm,0,1,0,0,1,1,1
R,individual,place_object_on_shelves_individual,5,agent_1_llm,0,1,0,0,1,1,1
R,individual,place_object_on_shelves_individual,6,agent_0_llm,0,1,0,0,1,1,1
R,individual,place_object_on_shelves_individual,7,agent_1_llm,0,1,0,0,1,3,0
R,individual,place_object_on_shelves_individual,8,agent_1_llm,0,1,0,0,1,1,1
R,individual,place_object_on_shelves_individual,9,agent_1_llm,0,1,0,0,1,1,1
R,individual,place_object_on_shelves_individual,10,agent_1_llm,0,1,0,0,1,1,1
R,individual,place_object_on_shelves_individual,11,agent_0_llm,0,1,0,0,1,1,1
R,individual,place_object_on_shelves_individual,12,agent_1_llm,0,1,0,0,1,1,1
R,individual,place_object_on_shelf_individual,0,agent_0_llm,0,0,0,0,0,0,1
R,individual,place_object_on_shelf_individual,1,agent_0_llm,0,0,0,0,0,0,1
R,individual,place_object_on_shelf_individual,2,agent_1_llm,0,1,0,0,1,1,1
R,individual,place_object_on_shelf_individual,3,agent_0_llm,0,0,0,0,0,0,1
R,individual,move_object_to_shelf_individual,0,agent_0_llm,0,0,0,0,0,0,1
R,individual,move_object_to_shelf_individual,1,agent_0_llm,0,0,0,0,0,0,1
R,individual,place_object_in_container_individual,0,agent_1_llm,0,1,0,0,1,1,1
R,individual,place_object_in_container_individual,1,agent_0_llm,0,1,0,0,0,0,1
R,individual,place_object_in_container_individual,2,agent_0_llm,0,0,0,0,0,0,1
R,individual,place_object_in_container_individual,3,agent_1_llm,0,0,0,0,0,0,1
R,individual,place_object_in_container_individual,4,agent_1_llm,0,1,0,0,1,1,1
R,individual,place_object_in_container_individual,5,agent_0_llm,0,1,0,0,1,1,1
R,individual,place_object_in_container_individual,6,agent_1_llm,0,1,0,0,1,1,1
R,individual,place_object_in_container_individual,7,agent_1_llm,0,1,0,0,1,1,1
R,individual,place_object_in_container_individual,8,agent_1_llm,0,1,0,0,1,1,1
R,individual,place_object_in_container_individual,9,agent_0_llm,0,1,0,0,1,1,1
R,individual,place_object_in_container_individual,10,agent_1_llm,0,1,0,0,1,1,1
R,individual,place_object_in_container_individual,11,agent_1_llm,0,1,0,0,1,1,1
R,individual,place_object_in_container_individual,12,agent_0_llm,0,1,0,0,1,1,1
R,individual,place_object_in_container_individual,13,agent_1_llm,0,1,0,0,1,1,1
R,individual,place_object_in_container_individual,14,agent_1_llm,0,1,0,0,1,1,1
R,individual,place_object_in_container_individual,15,agent_0_llm,0,1,0,0,0,0,1
R,individual,setup_table_setting_individual,0,agent_1_llm,0,1,0,0,0,0,0
R,individual,open_cabinet_individual,0,agent_0_llm,0,1,0,0,0,0,0
R,individual,open_cabinet_individual,1,agent_0_llm,0,1,0,0,0,0,0
R,individual,open_cabinet_individual,2,agent_1_llm,0,1,0,0,0,0,0
R,individual,open_cabinet_individual,3,agent_1_llm,0,1,0,0,0,0,0
R,individual,open_cabinet_individual,4,agent_1_llm,0,1,0,0,0,0,0
R,individual,open_cabinet_individual,5,agent_0_llm,0,1,0,0,0,0,0
R,individual,open_cabinet_individual,6,agent_1_llm,0,1,0,0,0,0,0
R,individual,open_cabinet_individual,7,agent_0_llm,0,1,0,0,0,0,0
R,individual,open_cabinet_individual,8,agent_1_llm,0,1,0,0,0,0,0
R,individual,open_cabinet_individual,9,agent_0_llm,0,1,0,0,0,0,0
R,individual,open_cabinet_individual,10,agent_1_llm,0,1,0,0,0,0,0
R,individual,open_cabinet_individual,11,agent_0_llm,0,1,0,0,0,0,0
R,individual,open_cabinet_individual,12,agent_0_llm,0,1,0,0,0,0,0
R,individual,open_cabinet_individual,13,agent_0_llm,0,1,0,0,0,0,0
R,individual,open_cabinet_individual,14,agent_1_llm,0,1,0,0,0,0,0
R,individual,open_cabinet_individual,15,agent_1_llm,0,1,0,0,0,0,0
R,individual,open_cabinet_individual,16,agent_0_llm,0,1,0,0,0,0,0
R,individual,open_cabinet_individual,17,agent_1_llm,0,1,0,0,0,0,0
R,individual,open_cabinet_individual,18,agent_0_llm,0,1,0,0,0,0,0
R,individual,open_cabinet_individual,19,agent_1_llm,0,1,0,0,0,0,0
R,individual,open_cabinet_individual,20,agent_0_llm,0,1,0,0,0,0,0
R,individual,open_cabinet_individual,21,agent_1_llm,0,1,0,0,0,0,0
R,individual,open_cabinet_individual,22,agent_0_llm,0,1,0,0,0,0,0
R,individual,open_cabinet_individual,23,agent_1_llm,0,1,0,0,0,0,0
R,individual,open_cabinet_individual,24,agent_0_llm,0,1,0,0,0,0,0
R,individual,open_cabinet_individual,25,agent_1_llm,0,1,0,0,0,0,0
R,individual,open_cabinet_individual,26,agent_1_llm,0,1,0,0,0,0,0
R,individual,pickup_and_place_sushi_mat_individual,0,agent_0_llm,0,1,0,0,1,1,1
R,individual,Navigate and Pick Clock_individual,0,episode_593_partial,0,1,1,0,0,0,1
R,individual,Navigate and Pick Shoe_individual,0,episode_593_partial,0,1,1,0,0,0,1
R,individual,Place Clock on Fridge_individual,0,episode_593_partial,0,1,1,0,1,1,1
R,individual,Place Shoe on Fridge_individual,0,episode_593_partial,0,1,1,0,1,1,1
R,individual,open_chest_of_drawers_individual,0,agent_0_llm,0,1,0,0,0,0,0
R,individual,open_chest_of_drawers_individual,1,agent_0_llm,0,1,0,0,0,0,0
R,individual,open_chest_of_drawers_individual,2,agent_0_llm,0,1,0,0,0,0,0
R,individual,retrieve_object_from_chest_of_drawers_individual,0,agent_0_llm,0,0,0,0,0,0,1
R,individual,navigate_and_pick_individual,0,agent_1_llm,0,1,0,0,0,0,1
R,individual,navigate_and_pick_individual,1,agent_0_llm,0,1,0,0,0,0,1
R,individual,navigate_and_pick_individual,2,agent_0_llm,0,1,0,0,0,0,1
R,individual,navigate_and_pick_with_retries_individual,0,agent_1_llm,0,1,0,0,0,0,1
R,individual,place_object_on_table_with_holding_individual,0,agent_1_llm,0,1,0,0,1,1,1
R,individual,open_location_individual,0,agent_1_llm,0,1,0,0,0,0,0
R,individual,open_location_individual,1,agent_0_llm,0,1,0,0,0,0,0
R,individual,open_location_individual,2,agent_0_llm,0,0,0,0,0,0,0
R,individual,open_location_individual,3,agent_1_llm,0,1,0,0,0,0,0
R,individual,open_location_individual,4,agent_0_llm,0,1,0,0,0,0,0
R,individual,open_location_individual,5,agent_0_llm,0,1,0,0,0,0,0
R,individual,open_location_individual,6,agent_0_llm,0,1,0,0,0,0,0
R,individual,open_location_individual,7,agent_0_llm,0,1,0,0,0,0,0
R,individual,open_location_individual,8,agent_0_llm,0,1,0,0,0,0,0
R,individual,open_location_individual,9,agent_1_llm,0,1,0,0,0,0,0
R,individual,open_location_individual,10,agent_0_llm,0,1,0,0,0,0,0
R,individual,Put Folder on Table_individual,0,episode_822_partial,0,1,1,0,1,1,1
R,individual,Put Can on Counter_individual,0,episode_822_partial,0,1,1,0,1,1,1
R,individual,Put Action Figure in Chest of Drawers_individual,0,episode_822_partial,0,1,1,0,1,1,1
R,individual,navigate_to_destination_individual,0,agent_1_llm,0,1,0,0,0,0,0
R,individual,navigate_to_destination_individual,1,agent_1_llm,0,1,0,0,0,0,0
R,individual,navigate_to_destination_individual,2,agent_1_llm,0,1,0,0,0,0,0
R,individual,navigate_to_destination_individual,3,agent_1_llm,0,1,0,0,0,0,0
R,individual,navigate_to_destination_individual,4,agent_1_llm,0,1,0,0,0,0,0
R,individual,navigate_to_destination_individual,5,agent_0_llm,0,1,0,0,0,0,0
R,individual,navigate_to_destination_individual,6,agent_1_llm,0,1,0,0,0,0,0
R,individual,navigate_to_destination_individual,7,agent_1_llm,0,1,0,0,0,0,0
R,individual,navigate_to_destination_individual,8,agent_1_llm,0,1,0,0,0,0,0
R,individual,navigate_to_destination_individual,9,agent_0_llm,0,1,0,0,0,0,0
R,individual,navigate_to_destination_individual,10,agent_0_llm,0,1,0,0,0,0,0
R,individual,navigate_to_destination_individual,11,agent_1_llm,0,1,0,0,0,0,0
R,individual,navigate_to_destination_individual,12,agent_1_llm,0,1,0,0,0,0,0
R,individual,navigate_to_destination_individual,13,agent_0_llm,0,1,0,0,0,0,0
R,individual,navigate_to_destination_individual,14,agent_1_llm,0,1,0,0,0,0,0
R,individual,navigate_to_destination_individual,15,agent_0_llm,0,1,0,0,0,0,0
R,individual,navigate_to_destination_individual,16,agent_1_llm,0,1,0,0,0,0,0
R,individual,navigate_to_destination_individual,17,agent_0_llm,0,1,0,0,0,0,0
R,individual,navigate_to_destination_individual,18,agent_0_llm,0,1,0,0,0,0,0
R,individual,navigate_to_destination_individual,19,agent_1_llm,0,1,0,0,0,0,0
R,individual,navigate_to_destination_individual,20,agent_1_llm,0,1,0,0,0,0,0
R,individual,navigate_to_destination_individual,21,agent_1_llm,0,1,0,0,0,0,0
R,individual,navigate_to_destination_individual,22,agent_0_llm,0,1,0,0,0,0,0
R,individual,navigate_to_destination_individual,23,agent_1_llm,0,1,0,0,0,0,0
R,individual,navigate_to_destination_individual,24,agent_1_llm,0,1,0,0,0,0,0
R,individual,navigate_to_destination_individual,25,agent_1_llm,0,1,0,0,0,0,0
R,individual,navigate_to_destination_individual,26,agent_1_llm,0,1,0,0,0,0,0
R,individual,navigate_to_destination_individual,27,agent_1_llm,0,1,0,0,0,0,0
R,individual,navigate_to_destination_individual,28,agent_1_llm,0,1,0,0,0,0,0
R,individual,navigate_to_destination_individual,29,agent_0_llm,0,1,0,0,0,0,0
R,individual,navigate_to_destination_individual,30,agent_1_llm,0,1,0,0,0,0,0
R,individual,navigate_to_destination_individual,31,agent_1_llm,0,1,0,0,0,0,0
R,individual,Vase Placement_individual,0,episode_1211_partial,0,1,1,0,1,1,1
R,individual,Candle Placement_individual,0,episode_1211_partial,0,1,1,0,1,1,1
R,individual,Candle Placement_individual,1,episode_669_partial,0,1,1,0,1,1,1
R,individual,Picture Frame Placement_individual,0,episode_1211_partial,0,1,1,0,1,1,1
R,individual,navigate_to_container_individual,0,agent_0_llm,0,1,0,0,0,0,0
R,individual,navigate_to_container_individual,1,agent_1_llm,0,1,0,0,0,0,0
R,individual,navigate_to_container_individual,2,agent_1_llm,0,1,0,0,0,0,0
R,individual,navigate_to_container_individual,3,agent_0_llm,0,1,0,0,0,0,0
R,individual,navigate_to_container_individual,4,agent_1_llm,0,1,0,0,0,0,0
R,individual,navigate_to_container_individual,5,agent_0_llm,0,1,0,0,0,0,0
R,individual,place_object_at_location_individual,0,agent_0_llm,0,1,0,0,1,1,1
R,individual,place_object_at_location_individual,1,agent_1_llm,0,1,0,0,1,1,1
R,individual,place_object_at_location_individual,2,agent_0_llm,0,1,0,0,1,1,1
R,individual,place_object_at_location_individual,3,agent_1_llm,0,1,0,0,1,1,1
R,individual,navigate_to_bed_individual,0,agent_0_llm,0,1,0,0,0,0,0
R,individual,place_object_on_bed_individual,0,agent_0_llm,0,1,0,0,1,1,1
R,individual,Move Jug to Chest of Drawers_individual,0,episode_590_partial,0,1,1,0,1,1,1
R,individual,Move Plate to Chest of Drawers_individual,0,episode_590_partial,0,1,1,0,1,1,1
R,individual,Move Bowl to Chest of Drawers_individual,0,episode_590_partial,0,1,1,0,1,1,1
R,individual,Move Cup to Chest of Drawers_individual,0,episode_590_partial,0,1,1,0,1,1,1
R,individual,navigate_to_counter_individual,0,agent_0_llm,0,1,0,0,0,0,0
R,individual,navigate_to_counter_individual,1,agent_1_llm,0,1,0,0,0,0,0
R,individual,navigate_to_counter_individual,2,agent_0_llm,0,1,0,0,0,0,0
R,individual,navigate_to_counter_individual,3,agent_0_llm,0,1,0,0,0,0,0
R,individual,navigate_to_counter_individual,4,agent_1_llm,0,1,0,0,0,0,0
R,individual,navigate_to_counter_individual,5,agent_0_llm,0,1,0,0,0,0,0
R,individual,navigate_to_counter_individual,6,agent_1_llm,0,1,0,0,0,0,0
R,individual,navigate_to_counter_individual,7,agent_0_llm,0,1,0,0,0,0,0
R,individual,navigate_to_counter_individual,8,agent_1_llm,0,1,0,0,0,0,0
R,individual,navigate_to_counter_individual,9,agent_1_llm,0,1,0,0,0,0,0
R,individual,navigate_to_counter_individual,10,agent_1_llm,0,1,0,0,0,0,0
R,individual,navigate_to_counter_individual,11,agent_0_llm,0,1,0,0,0,0,0
R,individual,navigate_to_counter_individual,12,agent_1_llm,0,1,0,0,0,0,0
R,individual,navigate_to_counter_individual,13,agent_0_llm,0,1,0,0,0,0,0
R,individual,navigate_to_counter_individual,14,agent_1_llm,0,1,0,0,0,0,0
R,individual,navigate_to_counter_individual,15,agent_1_llm,0,1,0,0,0,0,0
R,individual,place_object_on_counter_individual,0,agent_0_llm,0,1,0,0,1,1,1
R,individual,place_object_on_counter_individual,1,agent_1_llm,0,1,0,0,1,1,1
R,individual,place_object_on_counter_individual,2,agent_0_llm,0,1,0,0,1,1,1
R,individual,place_object_on_counter_individual,3,agent_0_llm,0,1,0,0,1,1,1
R,individual,place_object_on_counter_individual,4,agent_1_llm,0,1,0,0,1,1,1
R,individual,place_object_on_counter_individual,5,agent_0_llm,0,1,0,0,1,1,1
R,individual,place_object_on_counter_individual,6,agent_1_llm,0,1,0,0,1,1,1
R,individual,place_object_on_counter_individual,7,agent_0_llm,0,1,0,0,1,1,1
R,individual,place_object_on_counter_individual,8,agent_1_llm,0,1,0,0,1,1,1
R,individual,place_object_on_counter_individual,9,agent_1_llm,0,1,0,0,1,1,1
R,individual,place_object_on_counter_individual,10,agent_0_llm,0,1,0,0,1,1,1
R,individual,place_object_on_counter_individual,11,agent_0_llm,0,1,0,0,1,2,0
R,individual,place_object_on_counter_individual,12,agent_1_llm,0,1,0,0,1,1,1
R,individual,place_object_on_counter_individual,13,agent_0_llm,0,1,0,0,1,1,1
R,individual,place_object_on_counter_individual,14,agent_1_llm,0,1,0,0,1,1,1
R,individual,place_object_on_counter_individual,15,agent_1_llm,0,1,0,0,1,2,1
R,individual,Lamp Pickup and Placement_individual,0,episode_584_partial,0,1,1,0,1,1,1
R,individual,Candle Pickup_individual,0,episode_584_partial,0,1,1,0,0,0,1
R,individual,navigate_around_obstacle_individual,0,agent_1_llm,0,1,0,0,0,0,0
R,individual,Navigate and Pick_individual,0,episode_649_partial,0,1,1,0,0,0,0
R,individual,Navigate and Pick_individual,1,episode_812_partial,0,1,1,0,0,0,1
R,individual,Navigate and Pick_individual,2,episode_475_partial,0,1,1,0,0,0,1
R,individual,Place Object_individual,0,episode_649_partial,0,1,1,0,1,2,0
R,individual,move_object_to_new_location_individual,0,agent_1_llm,0,1,0,0,1,1,1
R,individual,move_object_to_new_location_individual,1,agent_1_llm,0,1,0,0,1,1,1
R,individual,move_object_to_new_location_individual,2,agent_1_llm,0,1,0,0,1,1,1
R,individual,move_object_to_new_location_individual,3,agent_1_llm,0,1,0,0,1,1,1
R,individual,move_object_to_new_location_individual,4,agent_1_llm,0,1,0,0,1,1,1
R,individual,retrieve_and_place_object_individual,0,agent_0_llm,0,0,0,0,0,0,1
R,individual,retrieve_and_place_object_individual,1,agent_0_llm,0,1,0,0,1,1,1
R,individual,retrieve_and_place_object_individual,2,agent_0_llm,0,0,0,0,0,0,1
R,individual,move_object_to_counter_individual,0,agent_0_llm,0,0,0,0,0,0,1
R,individual,move_object_to_counter_individual,1,agent_1_llm,0,1,0,0,1,1,1
R,individual,move_object_to_counter_individual,2,agent_1_llm,0,1,0,0,1,1,1
R,individual,move_object_to_counter_individual,3,agent_1_llm,0,1,0,0,1,1,1
R,individual,navigate_and_place_individual,0,agent_1_llm,0,1,0,0,1,1,1
R,individual,navigate_and_place_individual,1,agent_1_llm,0,1,0,0,1,1,1
R,individual,navigate_and_place_individual,2,agent_1_llm,0,1,0,0,1,1,1
R,individual,navigate_and_place_individual,3,agent_1_llm,0,1,0,0,1,1,1
R,individual,navigate_and_place_individual,4,agent_0_llm,0,0,0,0,0,0,1
R,individual,navigate_and_place_individual,5,agent_1_llm,0,1,0,0,1,1,1
R,individual,navigate_and_place_individual,6,agent_0_llm,0,1,0,0,1,1,1
R,individual,navigate_and_place_individual,7,agent_0_llm,0,1,0,0,0,0,1
R,individual,navigate_and_place_individual,8,agent_0_llm,0,1,0,0,0,0,1
R,individual,navigate_and_place_individual,9,agent_0_llm,0,0,0,0,0,0,1
R,individual,put_away_object_individual,0,agent_1_llm,0,1,0,0,1,1,1
R,individual,navigate_to_couch_individual,0,agent_0_llm,0,1,0,0,0,0,0
R,individual,Navigate and Pick Bottle_individual,0,episode_76_partial,0,1,1,0,0,0,1
R,individual,Navigate and Pick Hat_individual,0,episode_76_partial,0,1,1,0,0,0,1
R,individual,Place Hat on Counter_individual,0,episode_76_partial,0,1,1,0,1,1,1
R,individual,Open Fridge_individual,0,episode_76_partial,0,1,1,0,0,0,0
R,individual,retrieve_and_place_individual,0,agent_0_llm,0,0,0,0,0,0,1
R,individual,retrieve_and_place_individual,1,agent_0_llm,0,0,0,0,0,0,1
R,individual,open_furniture_individual,0,agent_1_llm,0,1,0,0,0,0,0
R,individual,open_furniture_individual,1,agent_1_llm,0,1,0,0,0,0,0
R,individual,open_furniture_individual,2,agent_1_llm,0,1,0,0,0,0,0
R,individual,open_furniture_individual,3,agent_0_llm,0,1,0,0,0,0,0
R,individual,open_furniture_individual,4,agent_1_llm,0,1,0,0,0,0,0
R,individual,open_furniture_individual,5,agent_0_llm,0,1,0,0,0,0,0
R,individual,open_furniture_individual,6,agent_1_llm,0,1,0,0,0,0,0
R,individual,open_furniture_individual,7,agent_1_llm,0,1,0,0,0,0,0
R,individual,open_furniture_individual,8,agent_1_llm,0,1,0,0,0,0,0
R,individual,open_furniture_individual,9,agent_0_llm,0,1,0,0,0,0,0
R,individual,open_furniture_individual,10,agent_1_llm,0,1,0,0,0,0,0
R,individual,open_furniture_individual,11,agent_1_llm,0,1,0,0,0,0,0
R,individual,open_furniture_individual,12,agent_1_llm,0,1,0,0,0,0,0
R,individual,open_furniture_individual,13,agent_1_llm,0,1,0,0,0,0,0
R,individual,open_furniture_individual,14,agent_0_llm,0,1,0,0,0,0,0
R,individual,open_furniture_individual,15,agent_1_llm,0,1,0,0,0,0,0
R,individual,open_furniture_individual,16,agent_1_llm,0,1,0,0,0,0,0
R,individual,open_table_drawer_individual,0,agent_0_llm,0,1,0,0,0,0,0
R,individual,navigate_to_cabinet_individual,0,agent_1_llm,0,1,0,0,0,0,0
R,individual,navigate_to_cabinet_individual,1,agent_0_llm,0,1,0,0,0,0,0
R,individual,navigate_to_cabinet_individual,2,agent_1_llm,0,1,0,0,0,0,0
R,individual,navigate_to_cabinet_individual,3,agent_0_llm,0,1,0,0,0,0,0
R,individual,navigate_to_cabinet_individual,4,agent_1_llm,0,1,0,0,0,0,0
R,individual,navigate_to_cabinet_individual,5,agent_0_llm,0,1,0,0,0,0,0
R,individual,navigate_to_cabinet_individual,6,agent_1_llm,0,1,0,0,0,0,0
R,individual,navigate_to_cabinet_individual,7,agent_1_llm,0,1,0,0,0,0,0
R,individual,navigate_to_cabinet_individual,8,agent_1_llm,0,1,0,0,0,0,0
R,individual,navigate_to_cabinet_individual,9,agent_0_llm,0,1,0,0,0,0,0
R,individual,navigate_to_cabinet_individual,10,agent_1_llm,0,1,0,0,0,0,0
R,individual,navigate_to_cabinet_individual,11,agent_0_llm,0,1,0,0,0,0,0
R,individual,navigate_to_cabinet_individual,12,agent_1_llm,0,1,0,0,0,0,0
R,individual,navigate_to_cabinet_individual,13,agent_1_llm,0,1,0,0,0,0,0
R,individual,navigate_to_cabinet_individual,14,agent_1_llm,0,1,0,0,0,0,0
R,individual,navigate_to_cabinet_individual,15,agent_1_llm,0,1,0,0,0,0,0
R,individual,pickup_spoon_individual,0,agent_1_llm,0,1,0,0,0,0,1
R,individual,place_spoon_on_table_individual,0,agent_1_llm,0,1,0,0,1,1,1
R,individual,move_object_to_shelves_individual,0,agent_1_llm,0,0,0,0,0,0,1
R,individual,move_object_to_shelves_individual,1,agent_1_llm,0,1,0,0,1,1,1
R,individual,move_object_to_shelves_individual,2,agent_0_llm,0,1,0,0,1,1,1
R,individual,place_object_in_cabinet_individual,0,agent_0_llm,0,1,0,0,1,1,1
R,individual,place_object_in_cabinet_individual,1,agent_1_llm,0,1,0,0,1,1,1
R,individual,place_object_in_cabinet_individual,2,agent_0_llm,0,1,0,0,1,1,1
R,individual,place_object_in_cabinet_individual,3,agent_0_llm,0,1,0,0,1,1,1
R,individual,place_object_in_cabinet_individual,4,agent_0_llm,0,0,0,0,0,0,1
R,individual,place_object_in_cabinet_individual,5,agent_1_llm,0,1,0,0,1,1,1
R,individual,place_object_in_cabinet_individual,6,agent_1_llm,0,1,0,0,1,1,1
R,individual,place_object_in_cabinet_individual,7,agent_1_llm,0,1,0,0,1,1,1
R,individual,place_object_in_cabinet_individual,8,agent_0_llm,0,1,0,0,1,1,1
R,individual,place_object_in_cabinet_individual,9,agent_1_llm,0,1,0,0,1,1,1
R,individual,place_object_in_cabinet_individual,10,agent_0_llm,0,1,0,0,1,1,1
R,individual,place_object_in_cabinet_individual,11,agent_1_llm,0,1,0,0,1,1,1
R,individual,place_object_in_cabinet_individual,12,agent_0_llm,0,1,0,0,1,1,1
R,individual,place_object_in_cabinet_individual,13,agent_1_llm,0,1,0,0,1,1,1
R,individual,place_object_in_cabinet_individual,14,agent_1_llm,0,1,0,0,1,1,1
R,individual,bring_object_to_destination_individual,0,agent_1_llm,0,1,0,0,1,1,1
R,individual,pickup_monitor_stand_individual,0,agent_0_llm,0,1,0,0,0,0,1
R,individual,navigate_to_laundry_room_individual,0,agent_0_llm,0,1,0,0,0,0,0
R,individual,place_monitor_stand_individual,0,agent_0_llm,0,1,0,0,1,1,1
R,individual,wait_individual,0,agent_1_llm,0,0,0,0,0,0,0
R,individual,wait_individual,1,agent_1_llm,0,0,0,0,0,0,0
R,individual,wait_individual,2,agent_1_llm,0,0,0,0,0,0,0
R,individual,wait_individual,3,agent_1_llm,0,0,0,0,0,0,0
R,individual,wait_individual,4,agent_1_llm,0,0,0,0,0,0,0
R,individual,wait_individual,5,agent_1_llm,0,0,0,0,0,0,0
R,individual,wait_individual,6,agent_1_llm,0,0,0,0,0,0,0
R,individual,retrieve_and_deliver_object_individual,0,agent_1_llm,0,1,0,0,1,1,1
R,individual,retrieve_and_deliver_individual,0,agent_1_llm,0,1,0,0,1,1,1
R,individual,open_shelves_individual,0,agent_1_llm,0,1,0,0,0,0,0
R,individual,open_shelves_individual,1,agent_0_llm,0,1,0,0,0,0,0
R,individual,open_shelves_individual,2,agent_1_llm,0,1,0,0,0,0,0
R,individual,open_shelves_individual,3,agent_1_llm,0,1,0,0,0,0,0
R,individual,open_shelves_individual,4,agent_0_llm,0,1,0,0,0,0,0
R,individual,open_shelves_individual,5,agent_1_llm,0,1,0,0,0,0,0
R,individual,open_shelves_individual,6,agent_1_llm,0,1,0,0,0,0,0
R,individual,open_shelves_individual,7,agent_0_llm,0,1,0,0,0,0,0
R,individual,open_shelves_individual,8,agent_1_llm,0,1,0,0,0,0,0
R,individual,Navigate and Pick Stuffed Toy_individual,0,episode_1304_partial,0,1,1,0,0,0,1
R,individual,Navigate and Pick Vase_individual,0,episode_1304_partial,0,1,1,0,0,0,1
R,individual,Navigate and Pick Vase_individual,1,episode_712_partial,0,1,1,0,0,0,1
R,individual,Place Stuffed Toy on Shelves_individual,0,episode_1304_partial,0,1,1,0,1,1,1
R,individual,Place Vase on Shelves_individual,0,episode_1304_partial,0,1,1,0,1,1,1
R,individual,open_counter_individual,0,agent_0_llm,0,1,0,0,0,0,0
R,individual,open_counter_individual,1,agent_1_llm,0,1,0,0,0,0,0
R,individual,open_counter_individual,2,agent_0_llm,0,1,0,0,0,0,0
R,individual,open_counter_individual,3,agent_1_llm,0,1,0,0,0,0,0
R,individual,open_counter_individual,4,agent_0_llm,0,1,0,0,0,0,0
R,individual,open_counter_individual,5,agent_1_llm,0,1,0,0,0,0,0
R,individual,open_counter_individual,6,agent_1_llm,0,1,0,0,0,0,0
R,individual,open_counter_individual,7,agent_1_llm,0,1,0,0,0,0,0
R,individual,open_counter_individual,8,agent_0_llm,0,1,0,0,0,0,0
R,individual,open_counter_individual,9,agent_1_llm,0,1,0,0,0,0,0
R,individual,open_counter_individual,10,agent_1_llm,0,1,0,0,0,0,0
R,individual,move_object_to_destination_individual,0,agent_1_llm,0,1,0,0,1,1,1
R,individual,Tray Navigation and Placement_individual,0,episode_1526_partial,0,1,1,0,1,1,1
R,individual,Spoon Navigation and Placement_individual,0,episode_1526_partial,0,1,1,0,1,1,1
R,individual,Plate Navigation and Placement_individual,0,episode_1526_partial,0,1,1,0,1,1,1
R,individual,place_object_in_furniture_individual,0,agent_1_llm,0,1,0,0,1,1,1
R,individual,move_object_to_target_individual,0,agent_1_llm,0,1,0,0,1,1,1
R,individual,put_object_on_counter_individual,0,agent_0_llm,0,0,0,0,0,0,1
R,individual,Navigate to Bed_individual,0,episode_812_partial,0,1,1,0,0,0,0
R,individual,Laptop Pickup and Placement_individual,0,episode_1201_partial,0,1,1,0,1,1,1
R,individual,Folder Pickup and Placement_individual,0,episode_1201_partial,0,1,1,0,0,0,1
R,individual,Laptop Stand Pickup and Placement_individual,0,episode_1201_partial,0,1,1,0,1,1,1
R,individual,Navigate and Pick Toy Cactus_individual,0,episode_820_partial,0,1,1,0,0,0,1
R,individual,Navigate and Pick C-Clamp_individual,0,episode_820_partial,0,1,1,0,0,0,1
R,individual,open_storage_individual,0,agent_0_llm,0,1,0,0,0,0,0
R,individual,Move Monitor Stand_individual,0,episode_692_partial,0,1,1,0,1,1,1
R,individual,Put Scissors on Office Table_individual,0,episode_692_partial,0,1,1,0,1,1,1
R,individual,Move Bottle to Cabinet_individual,0,episode_692_partial,0,1,1,0,1,1,1
R,individual,Put Doll on Bedroom Table_individual,0,episode_692_partial,0,1,1,0,1,1,1
R,individual,open_target_location_individual,0,agent_0_llm,0,1,0,0,0,0,0
R,individual,open_target_location_individual,1,agent_0_llm,0,1,0,0,0,0,0
R,individual,open_target_location_individual,2,agent_1_llm,0,1,0,0,0,0,0
R,individual,open_target_location_individual,3,agent_1_llm,0,1,0,0,0,0,0
R,individual,open_target_location_individual,4,agent_1_llm,0,1,0,0,0,0,0
R,individual,open_target_location_individual,5,agent_1_llm,0,1,0,0,0,0,0
R,individual,move_object_between_locations_individual,0,agent_0_llm,0,0,0,0,0,0,1
R,individual,navigate_with_object_individual,0,agent_1_llm,0,1,0,0,0,0,0
R,individual,open_destination_individual,0,agent_0_llm,0,1,0,0,0,0,0
R,individual,wait_at_destination_individual,0,agent_0_llm,0,0,0,0,0,0,0
R,individual,move_and_place_object_individual,0,agent_1_llm,0,1,0,0,1,1,1
R,individual,move_object_to_container_individual,0,agent_0_llm,0,0,0,0,0,0,1
R,individual,Navigate to Table_individual,0,episode_475_partial,0,1,1,0,0,0,0
R,individual,Place on Table_individual,0,episode_475_partial,0,1,1,0,1,1,1
R,individual,Baseball Bat Transport_individual,0,episode_894_partial,0,1,1,0,1,1,1
R,individual,Basketball Transport_individual,0,episode_894_partial,0,1,1,0,1,1,1
R,individual,Tennis Racquet Transport_individual,0,episode_894_partial,0,1,1,0,1,1,1
R,individual,Helmet Transport_individual,0,episode_894_partial,0,1,1,0,1,1,1
R,individual,navigate_to_shelf_individual,0,agent_1_llm,0,1,0,0,0,0,0
R,individual,navigate_to_shelf_individual,1,agent_1_llm,0,1,0,0,0,0,0
R,individual,pickup_towel_individual,0,agent_0_llm,0,1,0,0,0,0,1
R,individual,pickup_towel_individual,1,agent_1_llm,0,1,0,0,0,0,1
R,individual,pickup_towel_individual,2,agent_1_llm,0,1,0,0,0,0,1
R,individual,place_towel_individual,0,agent_0_llm,0,1,0,0,1,1,1
R,individual,place_towel_individual,1,agent_1_llm,0,1,0,0,1,1,1
R,individual,place_towel_individual,2,agent_1_llm,0,1,0,0,1,1,1
R,individual,Navigate and Pick Casserole_individual,0,episode_895_partial,0,1,1,0,0,0,1
R,individual,Navigate and Pick Ladle_individual,0,episode_895_partial,0,1,1,0,0,0,1
R,individual,Navigate and Pick Spoon_individual,0,episode_895_partial,0,1,1,0,0,0,1
R,individual,Place Object on Table_individual,0,episode_895_partial,0,1,1,0,1,1,1
R,individual,Place Sushi Mat_individual,0,episode_722_partial,0,1,1,0,1,1,1
R,individual,Place Spicemill_individual,0,episode_722_partial,0,1,1,0,1,1,1
R,individual,Place Dumbbell_individual,0,episode_722_partial,0,1,1,0,1,1,1
R,individual,Vase Pickup and Placement_individual,0,episode_721_partial,0,1,1,0,1,1,1
R,individual,Vase Pickup and Placement_individual,1,episode_1686_partial,0,1,1,0,1,1,1
R,individual,Picture Frame Pickup and Placement_individual,0,episode_721_partial,0,1,1,0,1,1,1
R,individual,Navigate and Pick Can_individual,0,episode_717_partial,0,1,1,0,0,0,1
R,individual,Navigate and Pick Spicemill_individual,0,episode_717_partial,0,1,1,0,0,0,1
R,individual,Place Can on Washer Dryer_individual,0,episode_717_partial,0,1,1,0,1,1,1
R,individual,Place Spicemill on Washer Dryer_individual,0,episode_717_partial,0,1,1,0,1,1,1
R,individual,Fetch Construction Sets_individual,0,episode_1109_partial,0,1,1,0,1,2,0
R,individual,Fetch Airplane_individual,0,episode_1109_partial,0,1,1,0,1,1,1
R,individual,Fetch Vehicle_individual,0,episode_1109_partial,0,1,1,0,1,1,1
R,individual,laptop_stand_pick_and_place_individual,0,episode_714_partial,0,1,1,0,1,1,1
R,individual,folder_pick_and_place_individual,0,episode_714_partial,0,1,1,0,1,1,1
R,individual,Navigate and Pick Hand Towel_individual,0,episode_715_partial,0,1,1,0,0,0,1
R,individual,Navigate and Pick Bath Towel_individual,0,episode_715_partial,0,1,1,0,0,0,1
R,individual,Place Towels on Washer Dryer_individual,0,episode_715_partial,0,1,1,0,1,2,0
R,individual,Navigate and Pick Book_individual,0,episode_716_partial,0,1,1,0,0,0,1
R,individual,Navigate and Place Book_individual,0,episode_716_partial,0,1,1,0,1,1,1
R,individual,Navigate to Book_individual,0,episode_716_partial,0,1,1,0,0,0,0
R,individual,Pick Book_individual,0,episode_716_partial,0,1,1,0,0,0,1
R,individual,mouse_pad_relocation_individual,0,episode_720_partial,0,1,1,0,1,1,1
R,individual,folder_pickup_individual,0,episode_720_partial,0,1,1,0,0,0,1
R,individual,folder_relocation_individual,0,episode_720_partial,0,1,1,0,1,1,1
R,individual,Navigate and Pick Picture Frame_individual,0,episode_718_partial,0,1,1,0,0,0,1
R,individual,Navigate and Pick Candle Holder_individual,0,episode_718_partial,0,1,1,0,0,0,1
R,individual,Place Picture Frame on Shelves_individual,0,episode_718_partial,0,1,1,0,1,1,1
R,individual,Place Candle Holder on Shelves_individual,0,episode_718_partial,0,1,1,0,1,1,1
R,individual,Navigate and Pick Folder_individual,0,episode_712_partial,0,1,1,0,0,0,1
R,individual,Place Folder on Table_individual,0,episode_712_partial,0,1,1,0,1,1,1
R,individual,Place Vase on Table_individual,0,episode_712_partial,0,1,1,0,1,1,1
R,individual,navigate_and_pickup_individual,0,agent_1_llm,0,1,0,0,0,0,1
R,individual,navigate_and_pickup_individual,1,agent_1_llm,0,1,0,0,0,0,1
R,individual,navigate_and_pickup_individual,2,agent_0_llm,0,0,0,0,0,0,1
R,individual,navigate_and_pickup_individual,3,agent_1_llm,0,1,0,0,0,0,1
R,individual,navigate_and_pickup_individual,4,agent_0_llm,0,1,0,0,0,0,1
R,individual,navigate_and_pickup_individual,5,agent_0_llm,0,1,0,0,0,0,1
R,individual,navigate_and_pickup_individual,6,agent_1_llm,0,1,0,0,0,0,1
R,individual,navigate_and_pickup_individual,7,agent_0_llm,0,0,0,0,0,0,1
R,individual,pickup_and_place_folder_individual,0,agent_1_llm,0,1,0,0,1,1,1
R,individual,open_and_place_object_individual,0,agent_1_llm,0,1,0,0,1,1,1
R,individual,add_book_to_table_individual,0,agent_1_llm,0,1,0,0,1,1,1
R,individual,Book Placement_individual,0,episode_669_partial,0,1,1,0,1,1,1
R,individual,Jug Placement_individual,0,episode_669_partial,0,1,1,0,1,1,1
R,individual,Multiport Hub Placement_individual,0,episode_669_partial,0,1,1,0,1,1,1
R,individual,Navigate and Pick Bundt Pan_individual,0,episode_674_partial,0,1,1,0,0,0,1
R,individual,Navigate and Pick Candle_individual,0,episode_674_partial,0,1,1,0,0,0,1
R,individual,Place Bundt Pan on Shelves_individual,0,episode_674_partial,0,1,1,0,1,1,1
R,individual,Place Candle on Shelves_individual,0,episode_674_partial,0,1,1,0,1,1,1
R,individual,open_bench_individual,0,agent_0_llm,0,1,0,0,0,0,0
R,individual,open_and_place_individual,0,agent_0_llm,0,0,0,0,0,0,1
R,individual,place_object_at_target_individual,0,agent_1_llm,0,1,0,0,1,1,1
R,individual,place_object_at_target_individual,1,agent_1_llm,0,1,0,0,0,0,1
R,individual,move_object_to_toilet_individual,0,agent_0_llm,0,1,0,0,1,1,1
R,individual,open_drawer_individual,0,agent_1_llm,0,1,0,0,0,0,0
R,individual,NavigateAndPick_individual,0,episode_502_partial,0,1,1,0,0,0,1
R,individual,NavigateAndPlace_individual,0,episode_502_partial,0,1,1,0,1,1,1
R,individual,place_object_on_car_individual,0,agent_0_llm,0,0,0,0,0,0,1
R,individual,move_object_to_car_individual,0,agent_0_llm,0,0,0,0,0,0,1
R,individual,repeat_navigate_until_reach_individual,0,agent_0_llm,0,1,0,0,0,0,0
R,individual,Phone Stand Pickup and Placement_individual,0,episode_1686_partial,0,1,1,0,1,1,1
R,individual,navigate_to_chair_individual,0,agent_1_llm,0,1,0,0,0,0,0
R,individual,place_object_on_chair_individual,0,agent_1_llm,0,1,0,0,1,1,1
R,individual,pickup_screwdriver_individual,0,agent_0_llm,0,1,0,0,0,0,1
R,individual,place_screwdriver_on_stand_individual,0,agent_0_llm,0,1,0,0,1,1,1
R,individual,navigate_to_target_with_object_individual,0,agent_1_llm,0,1,0,0,0,0,0
R,individual,store_object_in_cabinet_individual,0,agent_0_llm,0,1,0,0,1,1,1
R,individual,Place Toy Food on Table_individual,0,episode_139_partial,0,1,1,0,1,1,1
R,individual,Place Stuffed Toy on Chair_individual,0,episode_139_partial,0,1,1,0,1,1,1
R,individual,Place Electronic Cable in Chest of Drawers_individual,0,episode_139_partial,0,1,1,0,1,1,1
R,individual,Place Milk Frother Cup in Chest of Drawers_individual,0,episode_139_partial,0,1,1,0,1,1,1
R,individual,pickup_toy_food_individual,0,agent_1_llm,0,1,0,0,0,0,1
R,individual,pickup_toy_food_individual,1,agent_1_llm,0,1,0,0,0,0,1
R,individual,place_toy_food_individual,0,agent_1_llm,0,1,0,0,1,1,1
R,individual,place_toy_food_individual,1,agent_1_llm,0,1,0,0,1,1,1
R,individual,move_object_individual,0,agent_1_llm,0,1,0,0,1,1,1
R,individual,move_object_individual,1,agent_1_llm,0,1,0,0,1,1,1
R,individual,navigate_to_fridge_individual,0,agent_0_llm,0,1,0,0,0,0,0
R,individual,open_fridge_individual,0,agent_0_llm,0,1,0,0,0,0,0
R,individual,place_object_in_fridge_individual,0,agent_0_llm,0,1,0,0,1,1,1
R,individual,open_shelf_individual,0,agent_1_llm,0,1,0,0,0,0,0
R,individual,Navigate and Pick Lamp_individual,0,episode_71_partial,0,1,1,0,0,0,1
R,individual,Navigate and Pick Laptop_individual,0,episode_71_partial,0,1,1,0,0,0,1
R,individual,Open Wardrobe_individual,0,episode_71_partial,0,1,1,0,0,0,0
R,individual,Place Lamp in Wardrobe_individual,0,episode_71_partial,0,1,1,0,1,1,1
R,individual,Place Laptop in Wardrobe_individual,0,episode_71_partial,0,1,1,0,1,1,1
R,individual,retrieve_object_from_room_individual,0,agent_0_llm,0,1,0,0,1,1,1
R,individual,navigate_to_target_table_individual,0,agent_0_llm,0,1,0,0,0,0,0
R,individual,Move Toy Food to Chair_individual,0,episode_152_partial,0,1,1,0,1,1,1
R,individual,Open Chest of Drawers_individual,0,episode_152_partial,0,1,1,0,0,0,0
R,individual,Move Toy Bee to Chair_individual,0,episode_152_partial,0,1,1,0,1,1,1
R,individual,pickup_and_place_toy_individual,0,agent_0_llm,0,1,0,0,1,1,1
R,individual,pickup_and_place_candle_individual,0,agent_0_llm,0,1,0,0,1,1,1
R,cooperation,Table Setup_cooperation,0,multi_agent_llm,0,1,0,0,1,2,0
R,cooperation,Table Setup_cooperation,1,multi_agent_llm,0,1,0,0,1,2,0
R,cooperation,Table Setup_cooperation,2,multi_agent_llm,0,0,0,0,1,1,1
R,cooperation,Table Setup_cooperation,3,multi_agent_llm,0,1,0,0,1,3,0
R,cooperation,Table Setup_cooperation,4,multi_agent_llm,0,1,0,0,1,2,0
R,cooperation,Table Setup_cooperation,5,multi_agent_llm,0,1,0,0,1,3,0
R,cooperation,Table Setup_cooperation,6,multi_agent_llm,0,1,0,0,1,2,0
R,cooperation,Table Setup_cooperation,7,multi_agent_llm,0,1,0,0,1,4,0
R,cooperation,Bedroom Organization_cooperation,0,multi_agent_llm,0,1,0,0,1,2,0
R,cooperation,Bedroom Organization_cooperation,1,multi_agent_llm,0,1,0,0,1,1,1
R,cooperation,division_of_labor_cooperation,0,multi_agent_llm_pattern,0,0,0,0,0,0,0
R,cooperation,division_of_labor_cooperation,1,multi_agent_llm_pattern,0,0,0,0,0,0,0
R,cooperation,division_of_labor_cooperation,2,multi_agent_llm_pattern,0,0,0,0,0,0,0
R,cooperation,division_of_labor_cooperation,3,multi_agent_llm_pattern,0,0,0,0,0,0,0
R,cooperation,division_of_labor_cooperation,4,multi_agent_llm_pattern,0,0,0,0,0,0,0
R,cooperation,division_of_labor_cooperation,5,multi_agent_llm_pattern,0,0,0,0,0,0,0
R,cooperation,division_of_labor_cooperation,6,multi_agent_llm_pattern,0,0,0,0,0,0,0
R,cooperation,division_of_labor_cooperation,7,multi_agent_llm_pattern,0,0,0,0,0,0,0
R,cooperation,division_of_labor_cooperation,8,multi_agent_llm_pattern,0,0,0,0,0,0,0
R,cooperation,division_of_labor_cooperation,9,multi_agent_llm_pattern,0,0,0,0,0,0,0
R,cooperation,division_of_labor_cooperation,10,multi_agent_llm_pattern,0,0,0,0,0,0,0
R,cooperation,division_of_labor_cooperation,11,multi_agent_llm_pattern,0,0,0,0,0,0,0
R,cooperation,division_of_labor_cooperation,12,multi_agent_llm_pattern,0,0,0,0,0,0,0
R,cooperation,division_of_labor_cooperation,13,multi_agent_llm_pattern,0,0,0,0,0,0,0
R,cooperation,division_of_labor_cooperation,14,multi_agent_llm_pattern,0,0,0,0,0,0,0
R,cooperation,division_of_labor_cooperation,15,multi_agent_llm_pattern,0,0,0,0,0,0,0
R,cooperation,division_of_labor_cooperation,16,multi_agent_llm_pattern,0,0,0,0,0,0,0
R,cooperation,division_of_labor_cooperation,17,multi_agent_llm_pattern,0,0,0,0,0,0,0
R,cooperation,division_of_labor_cooperation,18,multi_agent_llm_pattern,0,0,0,0,0,0,0
R,cooperation,division_of_labor_cooperation,19,multi_agent_llm_pattern,0,0,0,0,0,0,0
R,cooperation,division_of_labor_cooperation,20,multi_agent_llm_pattern,0,0,0,0,0,0,0
R,cooperation,division_of_labor_cooperation,21,multi_agent_llm_pattern,0,0,0,0,0,0,0
R,cooperation,division_of_labor_cooperation,22,multi_agent_llm_pattern,0,0,0,0,0,0,0
R,cooperation,division_of_labor_cooperation,23,multi_agent_llm_pattern,0,0,0,0,0,0,0
R,cooperation,division_of_labor_cooperation,24,multi_agent_llm_pattern,0,0,0,0,0,0,0
R,cooperation,division_of_labor_cooperation,25,multi_agent_llm_pattern,0,0,0,0,0,0,0
R,cooperation,division_of_labor_cooperation,26,multi_agent_llm_pattern,0,0,0,0,0,0,0
R,cooperation,division_of_labor_cooperation,27,multi_agent_llm_pattern,0,0,0,0,0,0,0
R,cooperation,division_of_labor_cooperation,28,multi_agent_llm_pattern,0,0,0,0,0,0,0
R,cooperation,division_of_labor_cooperation,29,multi_agent_llm_pattern,0,0,0,0,0,0,0
R,cooperation,division_of_labor_cooperation,30,multi_agent_llm_pattern,0,0,0,0,0,0,0
R,cooperation,division_of_labor_cooperation,31,multi_agent_llm_pattern,0,0,0,0,0,0,0
R,cooperation,division_of_labor_cooperation,32,multi_agent_llm_pattern,0,0,0,0,0,0,0
R,cooperation,division_of_labor_cooperation,33,multi_agent_llm_pattern,0,0,0,0,0,0,0
R,cooperation,division_of_labor_cooperation,34,multi_agent_llm_pattern,0,0,0,0,0,0,0
R,cooperation,division_of_labor_cooperation,35,multi_agent_llm_pattern,0,0,0,0,0,0,0
R,cooperation,division_of_labor_cooperation,36,multi_agent_llm_pattern,0,0,0,0,0,0,0
R,cooperation,division_of_labor_cooperation,37,multi_agent_llm_pattern,0,0,0,0,0,0,0
R,cooperation,division_of_labor_cooperation,38,multi_agent_llm_pattern,0,0,0,0,0,0,0
R,cooperation,division_of_labor_cooperation,39,multi_agent_llm_pattern,0,0,0,0,0,0,0
R,cooperation,division_of_labor_cooperation,40,multi_agent_llm_pattern,0,0,0,0,0,0,0
R,cooperation,division_of_labor_cooperation,41,multi_agent_llm_pattern,0,0,0,0,0,0,0
R,cooperation,division_of_labor_cooperation,42,multi_agent_llm_pattern,0,0,0,0,0,0,0
R,cooperation,division_of_labor_cooperation,43,multi_agent_llm_pattern,0,0,0,0,0,0,0
R,cooperation,division_of_labor_cooperation,44,multi_agent_llm_pattern,0,0,0,0,0,0,0
R,cooperation,division_of_labor_cooperation,45,multi_agent_llm_pattern,0,0,0,0,0,0,0
R,cooperation,division_of_labor_cooperation,46,multi_agent_llm_pattern,0,0,0,0,0,0,0
R,cooperation,division_of_labor_cooperation,47,multi_agent_llm_pattern,0,0,0,0,0,0,0
R,cooperation,division_of_labor_cooperation,48,multi_agent_llm_pattern,0,0,0,0,0,0,0
R,cooperation,division_of_labor_cooperation,49,multi_agent_llm_pattern,0,0,0,0,0,0,0
R,cooperation,division_of_labor_cooperation,50,multi_agent_llm_pattern,0,0,0,0,0,0,0
R,cooperation,division_of_labor_cooperation,51,multi_agent_llm_pattern,0,0,0,0,0,0,0
R,cooperation,division_of_labor_cooperation,52,multi_agent_llm_pattern,0,0,0,0,0,0,0
R,cooperation,division_of_labor_cooperation,53,multi_agent_llm_pattern,0,0,0,0,0,0,0
R,cooperation,division_of_labor_cooperation,54,multi_agent_llm_pattern,0,0,0,0,0,0,0
R,cooperation,division_of_labor_cooperation,55,multi_agent_llm_pattern,0,0,0,0,0,0,0
R,cooperation,division_of_labor_cooperation,56,multi_agent_llm_pattern,0,0,0,0,0,0,0
R,cooperation,division_of_labor_cooperation,57,multi_agent_llm_pattern,0,0,0,0,0,0,0
R,cooperation,division_of_labor_cooperation,58,multi_agent_llm_pattern,0,0,0,0,0,0,0
R,cooperation,division_of_labor_cooperation,59,multi_agent_llm_pattern,0,0,0,0,0,0,0
R,cooperation,division_of_labor_cooperation,60,multi_agent_llm_pattern,0,0,0,0,0,0,0
R,cooperation,division_of_labor_cooperation,61,multi_agent_llm_pattern,0,0,0,0,0,0,0
R,cooperation,division_of_labor_cooperation,62,multi_agent_llm_pattern,0,0,0,0,0,0,0
R,cooperation,division_of_labor_cooperation,63,multi_agent_llm_pattern,0,0,0,0,0,0,0
R,cooperation,division_of_labor_cooperation,64,multi_agent_llm_pattern,0,0,0,0,0,0,0
R,cooperation,division_of_labor_cooperation,65,multi_agent_llm_pattern,0,0,0,0,0,0,0
R,cooperation,division_of_labor_cooperation,66,multi_agent_llm_pattern,0,0,0,0,0,0,0
R,cooperation,division_of_labor_cooperation,67,multi_agent_llm_pattern,0,0,0,0,0,0,0
R,cooperation,division_of_labor_cooperation,68,multi_agent_llm_pattern,0,0,0,0,0,0,0
R,cooperation,division_of_labor_cooperation,69,multi_agent_llm_pattern,0,0,0,0,0,0,0
R,cooperation,division_of_labor_cooperation,70,multi_agent_llm_pattern,0,0,0,0,0,0,0
R,cooperation,division_of_labor_cooperation,71,multi_agent_llm_pattern,0,0,0,0,0,0,0
R,cooperation,division_of_labor_cooperation,72,multi_agent_llm_pattern,0,0,0,0,0,0,0
R,cooperation,division_of_labor_cooperation,73,multi_agent_llm_pattern,0,0,0,0,0,0,0
R,cooperation,division_of_labor_cooperation,74,multi_agent_llm_pattern,0,0,0,0,0,0,0
R,cooperation,division_of_labor_cooperation,75,multi_agent_llm_pattern,0,0,0,0,0,0,0
R,cooperation,division_of_labor_cooperation,76,multi_agent_llm_pattern,0,0,0,0,0,0,0
R,cooperation,division_of_labor_cooperation,77,multi_agent_llm_pattern,0,0,0,0,0,0,0
R,cooperation,division_of_labor_cooperation,78,multi_agent_llm_pattern,0,0,0,0,0,0,0
R,cooperation,division_of_labor_cooperation,79,multi_agent_llm_pattern,0,0,0,0,0,0,0
R,cooperation,division_of_labor_cooperation,80,multi_agent_llm_pattern,0,0,0,0,0,0,0
R,cooperation,division_of_labor_cooperation,81,multi_agent_llm_pattern,0,0,0,0,0,0,0
R,cooperation,division_of_labor_cooperation,82,multi_agent_llm_pattern,0,0,0,0,0,0,0
R,cooperation,division_of_labor_cooperation,83,multi_agent_llm_pattern,0,0,0,0,0,0,0
R,cooperation,division_of_labor_cooperation,84,multi_agent_llm_pattern,0,0,0,0,0,0,0
R,cooperation,division_of_labor_cooperation,85,multi_agent_llm_pattern,0,0,0,0,0,0,0
R,cooperation,division_of_labor_cooperation,86,multi_agent_llm_pattern,0,0,0,0,0,0,0
R,cooperation,division_of_labor_cooperation,87,multi_agent_llm_pattern,0,0,0,0,0,0,0
R,cooperation,division_of_labor_cooperation,88,multi_agent_llm_pattern,0,0,0,0,0,0,0
R,cooperation,division_of_labor_cooperation,89,multi_agent_llm_pattern,0,0,0,0,0,0,0
R,cooperation,division_of_labor_cooperation,90,multi_agent_llm_pattern,0,0,0,0,0,0,0
R,cooperation,division_of_labor_cooperation,91,multi_agent_llm_pattern,0,0,0,0,0,0,0
R,cooperation,division_of_labor_cooperation,92,multi_agent_llm_pattern,0,0,0,0,0,0,0
R,cooperation,division_of_labor_cooperation,93,multi_agent_llm_pattern,0,0,0,0,0,0,0
R,cooperation,division_of_labor_cooperation,94,multi_agent_llm_pattern,0,0,0,0,0,0,0
R,cooperation,division_of_labor_cooperation,95,multi_agent_llm_pattern,0,0,0,0,0,0,0
R,cooperation,division_of_labor_cooperation,96,multi_agent_llm_pattern,0,0,0,0,0,0,0
R,cooperation,division_of_labor_cooperation,97,multi_agent_llm_pattern,0,0,0,0,0,0,0
R,cooperation,division_of_labor_cooperation,98,multi_agent_llm_pattern,0,0,0,0,0,0,0
R,cooperation,division_of_labor_cooperation,99,multi_agent_llm_pattern,0,0,0,0,0,0,0
R,cooperation,division_of_labor_cooperation,100,multi_agent_llm_pattern,0,0,0,0,0,0,0
R,cooperation,division_of_labor_cooperation,101,multi_agent_llm_pattern,0,0,0,0,0,0,0
R,cooperation,division_of_labor_cooperation,102,multi_agent_llm_pattern,0,0,0,0,0,0,0
R,cooperation,division_of_labor_cooperation,103,multi_agent_llm_pattern,0,0,0,0,0,0,0
R,cooperation,division_of_labor_cooperation,104,multi_agent_llm_pattern,0,0,0,0,0,0,0
R,cooperation,division_of_labor_cooperation,105,multi_agent_llm_pattern,0,0,0,0,0,0,0
R,cooperation,division_of_labor_cooperation,106,multi_agent_llm_pattern,0,0,0,0,0,0,0
R,cooperation,division_of_labor_cooperation,107,multi_agent_llm_pattern,0,0,0,0,0,0,0
R,cooperation,division_of_labor_cooperation,108,multi_agent_llm_pattern,0,0,0,0,0,0,0
R,cooperation,division_of_labor_cooperation,109,multi_agent_llm_pattern,0,0,0,0,0,0,0
R,cooperation,division_of_labor_cooperation,110,multi_agent_llm_pattern,0,0,0,0,0,0,0
R,cooperation,division_of_labor_cooperation,111,multi_agent_llm_pattern,0,0,0,0,0,0,0
R,cooperation,division_of_labor_cooperation,112,multi_agent_llm_pattern,0,0,0,0,0,0,0
R,cooperation,division_of_labor_cooperation,113,multi_agent_llm_pattern,0,0,0,0,0,0,0
R,cooperation,division_of_labor_cooperation,114,multi_agent_llm_pattern,0,0,0,0,0,0,0
R,cooperation,division_of_labor_cooperation,115,multi_agent_llm_pattern,0,0,0,0,0,0,0
R,cooperation,division_of_labor_cooperation,116,multi_agent_llm_pattern,0,0,0,0,0,0,0
R,cooperation,division_of_labor_cooperation,117,multi_agent_llm_pattern,0,0,0,0,0,0,0
R,cooperation,division_of_labor_cooperation,118,multi_agent_llm_pattern,0,0,0,0,0,0,0
R,cooperation,division_of_labor_cooperation,119,multi_agent_llm_pattern,0,0,0,0,0,0,0
R,cooperation,division_of_labor_cooperation,120,multi_agent_llm_pattern,0,0,0,0,0,0,0
R,cooperation,division_of_labor_cooperation,121,multi_agent_llm_pattern,0,0,0,0,0,0,0
R,cooperation,division_of_labor_cooperation,122,multi_agent_llm_pattern,0,0,0,0,0,0,0
R,cooperation,division_of_labor_cooperation,123,multi_agent_llm_pattern,0,0,0,0,0,0,0
R,cooperation,division_of_labor_cooperation,124,multi_agent_llm_pattern,0,0,0,0,0,0,0
R,cooperation,division_of_labor_cooperation,125,multi_agent_llm_pattern,0,0,0,0,0,0,0
R,cooperation,division_of_labor_cooperation,126,multi_agent_llm_pattern,0,0,0,0,0,0,0
R,cooperation,division_of_labor_cooperation,127,multi_agent_llm_pattern,0,0,0,0,0,0,0
R,cooperation,division_of_labor_cooperation,128,multi_agent_llm_pattern,0,0,0,0,0,0,0
R,cooperation,division_of_labor_cooperation,129,multi_agent_llm_pattern,0,0,0,0,0,0,0
R,cooperation,division_of_labor_cooperation,130,multi_agent_llm_pattern,0,0,0,0,0,0,0
R,cooperation,division_of_labor_cooperation,131,multi_agent_llm_pattern,0,0,0,0,0,0,0
R,cooperation,division_of_labor_cooperation,132,multi_agent_llm_pattern,0,0,0,0,0,0,0
R,cooperation,division_of_labor_cooperation,133,multi_agent_llm_pattern,0,0,0,0,0,0,0
R,cooperation,division_of_labor_cooperation,134,multi_agent_llm_pattern,0,0,0,0,0,0,0
R,cooperation,division_of_labor_cooperation,135,multi_agent_llm_pattern,0,0,0,0,0,0,0
R,cooperation,division_of_labor_cooperation,136,multi_agent_llm_pattern,0,0,0,0,0,0,0
R,cooperation,division_of_labor_cooperation,137,multi_agent_llm_pattern,0,0,0,0,0,0,0
R,cooperation,division_of_labor_cooperation,138,multi_agent_llm_pattern,0,0,0,0,0,0,0
R,cooperation,division_of_labor_cooperation,139,multi_agent_llm_pattern,0,0,0,0,0,0,0
R,cooperation,division_of_labor_cooperation,140,multi_agent_llm_pattern,0,0,0,0,0,0,0
R,cooperation,division_of_labor_cooperation,141,multi_agent_llm_pattern,0,0,0,0,0,0,0
R,cooperation,division_of_labor_cooperation,142,multi_agent_llm_pattern,0,0,0,0,0,0,0
R,cooperation,division_of_labor_cooperation,143,multi_agent_llm_pattern,0,0,0,0,0,0,0
R,cooperation,division_of_labor_cooperation,144,multi_agent_llm_pattern,0,0,0,0,0,0,0
R,cooperation,division_of_labor_cooperation,145,multi_agent_llm_pattern,0,0,0,0,0,0,0
R,cooperation,division_of_labor_cooperation,146,multi_agent_llm_pattern,0,0,0,0,0,0,0
R,cooperation,division_of_labor_cooperation,147,multi_agent_llm_pattern,0,0,0,0,0,0,0
R,cooperation,division_of_labor_cooperation,148,multi_agent_llm_pattern,0,0,0,0,0,0,0
R,cooperation,division_of_labor_cooperation,149,multi_agent_llm_pattern,0,0,0,0,0,0,0
R,cooperation,division_of_labor_cooperation,150,multi_agent_llm_pattern,0,0,0,0,0,0,0
R,cooperation,division_of_labor_cooperation,151,multi_agent_llm_pattern,0,0,0,0,0,0,0
R,cooperation,division_of_labor_cooperation,152,multi_agent_llm_pattern,0,0,0,0,0,0,0
R,cooperation,division_of_labor_cooperation,153,multi_agent_llm_pattern,0,0,0,0,0,0,0
R,cooperation,division_of_labor_cooperation,154,multi_agent_llm_pattern,0,0,0,0,0,0,0
R,cooperation,division_of_labor_cooperation,155,multi_agent_llm_pattern,0,0,0,0,0,0,0
R,cooperation,division_of_labor_cooperation,156,multi_agent_llm_pattern,0,0,0,0,0,0,0
R,cooperation,division_of_labor_cooperation,157,multi_agent_llm_pattern,0,0,0,0,0,0,0
R,cooperation,division_of_labor_cooperation,158,multi_agent_llm_pattern,0,0,0,0,0,0,0
R,cooperation,division_of_labor_cooperation,159,multi_agent_llm_pattern,0,0,0,0,0,0,0
R,cooperation,division_of_labor_cooperation,160,multi_agent_llm_pattern,0,0,0,0,0,0,0
R,cooperation,division_of_labor_cooperation,161,multi_agent_llm_pattern,0,0,0,0,0,0,0
R,cooperation,division_of_labor_cooperation,162,multi_agent_llm_pattern,0,0,0,0,0,0,0
R,cooperation,division_of_labor_cooperation,163,multi_agent_llm_pattern,0,0,0,0,0,0,0
R,cooperation,division_of_labor_cooperation,164,multi_agent_llm_pattern,0,0,0,0,0,0,0
R,cooperation,division_of_labor_cooperation,165,multi_agent_llm_pattern,0,0,0,0,0,0,0
R,cooperation,division_of_labor_cooperation,166,multi_agent_llm_pattern,0,0,0,0,0,0,0
R,cooperation,division_of_labor_cooperation,167,multi_agent_llm_pattern,0,0,0,0,0,0,0
R,cooperation,division_of_labor_cooperation,168,multi_agent_llm_pattern,0,0,0,0,0,0,0
R,cooperation,division_of_labor_cooperation,169,multi_agent_llm_pattern,0,0,0,0,0,0,0
R,cooperation,division_of_labor_cooperation,170,multi_agent_llm_pattern,0,0,0,0,0,0,0
R,cooperation,division_of_labor_cooperation,171,multi_agent_llm_pattern,0,0,0,0,0,0,0
R,cooperation,division_of_labor_cooperation,172,multi_agent_llm_pattern,0,0,0,0,0,0,0
R,cooperation,division_of_labor_cooperation,173,multi_agent_llm_pattern,0,0,0,0,0,0,0
R,cooperation,division_of_labor_cooperation,174,multi_agent_llm_pattern,0,0,0,0,0,0,0
R,cooperation,division_of_labor_cooperation,175,multi_agent_llm_pattern,0,0,0,0,0,0,0
R,cooperation,division_of_labor_cooperation,176,multi_agent_llm_pattern,0,0,0,0,0,0,0
R,cooperation,division_of_labor_cooperation,177,multi_agent_llm_pattern,0,0,0,0,0,0,0
R,cooperation,division_of_labor_cooperation,178,multi_agent_llm_pattern,0,0,0,0,0,0,0
R,cooperation,division_of_labor_cooperation,179,multi_agent_llm_pattern,0,0,0,0,0,0,0
R,cooperation,division_of_labor_cooperation,180,multi_agent_llm_pattern,0,0,0,0,0,0,0
R,cooperation,division_of_labor_cooperation,181,multi_agent_llm_pattern,0,0,0,0,0,0,0
R,cooperation,division_of_labor_cooperation,182,multi_agent_llm_pattern,0,0,0,0,0,0,0
R,cooperation,division_of_labor_cooperation,183,multi_agent_llm_pattern,0,0,0,0,0,0,0
R,cooperation,division_of_labor_cooperation,184,multi_agent_llm_pattern,0,0,0,0,0,0,0
R,cooperation,division_of_labor_cooperation,185,multi_agent_llm_pattern,0,0,0,0,0,0,0
R,cooperation,division_of_labor_cooperation,186,multi_agent_llm_pattern,0,0,0,0,0,0,0
R,cooperation,division_of_labor_cooperation,187,multi_agent_llm_pattern,0,0,0,0,0,0,0
R,cooperation,division_of_labor_cooperation,188,multi_agent_llm_pattern,0,0,0,0,0,0,0
R,cooperation,division_of_labor_cooperation,189,multi_agent_llm_pattern,0,0,0,0,0,0,0
R,cooperation,division_of_labor_cooperation,190,multi_agent_llm_pattern,0,0,0,0,0,0,0
R,cooperation,division_of_labor_cooperation,191,multi_agent_llm_pattern,0,0,0,0,0,0,0
R,cooperation,division_of_labor_cooperation,192,multi_agent_llm_pattern,0,0,0,0,0,0,0
R,cooperation,division_of_labor_cooperation,193,multi_agent_llm_pattern,0,0,0,0,0,0,0
R,cooperation,division_of_labor_cooperation,194,multi_agent_llm_pattern,0,0,0,0,0,0,0
R,cooperation,division_of_labor_cooperation,195,multi_agent_llm_pattern,0,0,0,0,0,0,0
R,cooperation,division_of_labor_cooperation,196,multi_agent_llm_pattern,0,0,0,0,0,0,0
R,cooperation,division_of_labor_cooperation,197,multi_agent_llm_pattern,0,0,0,0,0,0,0
R,cooperation,division_of_labor_cooperation,198,multi_agent_llm_pattern,0,0,0,0,0,0,0
R,cooperation,division_of_labor_cooperation,199,multi_agent_llm_pattern,0,0,0,0,0,0,0
R,cooperation,division_of_labor_cooperation,200,multi_agent_llm_pattern,0,0,0,0,0,0,0
R,cooperation,division_of_labor_cooperation,201,multi_agent_llm_pattern,0,0,0,0,0,0,0
R,cooperation,division_of_labor_cooperation,202,multi_agent_llm_pattern,0,0,0,0,0,0,0
R,cooperation,division_of_labor_cooperation,203,multi_agent_llm_pattern,0,0,0,0,0,0,0
R,cooperation,division_of_labor_cooperation,204,multi_agent_llm_pattern,0,0,0,0,0,0,0
R,cooperation,division_of_labor_cooperation,205,multi_agent_llm_pattern,0,0,0,0,0,0,0
R,cooperation,division_of_labor_cooperation,206,multi_agent_llm_pattern,0,0,0,0,0,0,0
R,cooperation,division_of_labor_cooperation,207,multi_agent_llm_pattern,0,0,0,0,0,0,0
R,cooperation,division_of_labor_cooperation,208,multi_agent_llm_pattern,0,0,0,0,0,0,0
R,cooperation,division_of_labor_cooperation,209,multi_agent_llm_pattern,0,0,0,0,0,0,0
R,cooperation,division_of_labor_cooperation,210,multi_agent_llm_pattern,0,0,0,0,0,0,0
R,cooperation,division_of_labor_cooperation,211,multi_agent_llm_pattern,0,0,0,0,0,0,0
R,cooperation,division_of_labor_cooperation,212,multi_agent_llm_pattern,0,0,0,0,0,0,0
R,cooperation,division_of_labor_cooperation,213,multi_agent_llm_pattern,0,0,0,0,0,0,0
R,cooperation,division_of_labor_cooperation,214,multi_agent_llm_pattern,0,0,0,0,0,0,0
R,cooperation,division_of_labor_cooperation,215,multi_agent_llm_pattern,0,0,0,0,0,0,0
R,cooperation,division_of_labor_cooperation,216,multi_agent_llm_pattern,0,0,0,0,0,0,0
R,cooperation,division_of_labor_cooperation,217,multi_agent_llm_pattern,0,0,0,0,0,0,0
R,cooperation,division_of_labor_cooperation,218,multi_agent_llm_pattern,0,0,0,0,0,0,0
R,cooperation,division_of_labor_cooperation,219,multi_agent_llm_pattern,0,0,0,0,0,0,0
R,cooperation,division_of_labor_cooperation,220,multi_agent_llm_pattern,0,0,0,0,0,0,0
R,cooperation,division_of_labor_cooperation,221,multi_agent_llm_pattern,0,0,0,0,0,0,0
R,cooperation,division_of_labor_cooperation,222,multi_agent_llm_pattern,0,0,0,0,0,0,0
R,cooperation,division_of_labor_cooperation,223,multi_agent_llm_pattern,0,0,0,0,0,0,0
R,cooperation,division_of_labor_cooperation,224,multi_agent_llm_pattern,0,0,0,0,0,0,0
R,cooperation,division_of_labor_cooperation,225,multi_agent_llm_pattern,0,0,0,0,0,0,0
R,cooperation,division_of_labor_cooperation,226,multi_agent_llm_pattern,0,0,0,0,0,0,0
R,cooperation,division_of_labor_cooperation,227,multi_agent_llm_pattern,0,0,0,0,0,0,0
R,cooperation,division_of_labor_cooperation,228,multi_agent_llm_pattern,0,0,0,0,0,0,0
R,cooperation,division_of_labor_cooperation,229,multi_agent_llm_pattern,0,0,0,0,0,0,0
R,cooperation,division_of_labor_cooperation,230,multi_agent_llm_pattern,0,0,0,0,0,0,0
R,cooperation,division_of_labor_cooperation,231,multi_agent_llm_pattern,0,0,0,0,0,0,0
R,cooperation,division_of_labor_cooperation,232,multi_agent_llm_pattern,0,0,0,0,0,0,0
R,cooperation,division_of_labor_cooperation,233,multi_agent_llm_pattern,0,0,0,0,0,0,0
R,cooperation,division_of_labor_cooperation,234,multi_agent_llm_pattern,0,0,0,0,0,0,0
R,cooperation,division_of_labor_cooperation,235,multi_agent_llm_pattern,0,0,0,0,0,0,0
R,cooperation,division_of_labor_cooperation,236,multi_agent_llm_pattern,0,0,0,0,0,0,0
R,cooperation,division_of_labor_cooperation,237,multi_agent_llm_pattern,0,0,0,0,0,0,0
R,cooperation,division_of_labor_cooperation,238,multi_agent_llm_pattern,0,0,0,0,0,0,0
R,cooperation,division_of_labor_cooperation,239,multi_agent_llm_pattern,0,0,0,0,0,0,0
R,cooperation,division_of_labor_cooperation,240,multi_agent_llm_pattern,0,0,0,0,0,0,0
R,cooperation,division_of_labor_cooperation,241,multi_agent_llm_pattern,0,0,0,0,0,0,0
R,cooperation,division_of_labor_cooperation,242,multi_agent_llm_pattern,0,0,0,0,0,0,0
R,cooperation,division_of_labor_cooperation,243,multi_agent_llm_pattern,0,0,0,0,0,0,0
R,cooperation,division_of_labor_cooperation,244,multi_agent_llm_pattern,0,0,0,0,0,0,0
R,cooperation,division_of_labor_cooperation,245,multi_agent_llm_pattern,0,0,0,0,0,0,0
R,cooperation,division_of_labor_cooperation,246,multi_agent_llm_pattern,0,0,0,0,0,0,0
R,cooperation,division_of_labor_cooperation,247,multi_agent_llm_pattern,0,0,0,0,0,0,0
R,cooperation,division_of_labor_cooperation,248,multi_agent_llm_pattern,0,0,0,0,0,0,0
R,cooperation,division_of_labor_cooperation,249,multi_agent_llm_pattern,0,0,0,0,0,0,0
R,cooperation,division_of_labor_cooperation,250,multi_agent_llm_pattern,0,0,0,0,0,0,0
R,cooperation,division_of_labor_cooperation,251,multi_agent_llm_pattern,0,0,0,0,0,0,0
R,cooperation,division_of_labor_cooperation,252,multi_agent_llm_pattern,0,0,0,0,0,0,0
R,cooperation,division_of_labor_cooperation,253,multi_agent_llm_pattern,0,0,0,0,0,0,0
R,cooperation,division_of_labor_cooperation,254,multi_agent_llm_pattern,0,0,0,0,0,0,0
R,cooperation,division_of_labor_cooperation,255,multi_agent_llm_pattern,0,0,0,0,0,0,0
R,cooperation,division_of_labor_cooperation,256,multi_agent_llm_pattern,0,0,0,0,0,0,0
R,cooperation,division_of_labor_cooperation,257,multi_agent_llm_pattern,0,0,0,0,0,0,0
R,cooperation,division_of_labor_cooperation,258,multi_agent_llm_pattern,0,0,0,0,0,0,0
R,cooperation,division_of_labor_cooperation,259,multi_agent_llm_pattern,0,0,0,0,0,0,0
R,cooperation,division_of_labor_cooperation,260,multi_agent_llm_pattern,0,0,0,0,0,0,0
R,cooperation,division_of_labor_cooperation,261,multi_agent_llm_pattern,0,0,0,0,0,0,0
R,cooperation,division_of_labor_cooperation,262,multi_agent_llm_pattern,0,0,0,0,0,0,0
R,cooperation,division_of_labor_cooperation,263,multi_agent_llm_pattern,0,0,0,0,0,0,0
R,cooperation,division_of_labor_cooperation,264,multi_agent_llm_pattern,0,0,0,0,0,0,0
R,cooperation,division_of_labor_cooperation,265,multi_agent_llm_pattern,0,0,0,0,0,0,0
R,cooperation,division_of_labor_cooperation,266,multi_agent_llm_pattern,0,0,0,0,0,0,0
R,cooperation,division_of_labor_cooperation,267,multi_agent_llm_pattern,0,0,0,0,0,0,0
R,cooperation,division_of_labor_cooperation,268,multi_agent_llm_pattern,0,0,0,0,0,0,0
R,cooperation,division_of_labor_cooperation,269,multi_agent_llm_pattern,0,0,0,0,0,0,0
R,cooperation,division_of_labor_cooperation,270,multi_agent_llm_pattern,0,0,0,0,0,0,0
R,cooperation,division_of_labor_cooperation,271,multi_agent_llm_pattern,0,0,0,0,0,0,0
R,cooperation,division_of_labor_cooperation,272,multi_agent_llm_pattern,0,0,0,0,0,0,0
R,cooperation,division_of_labor_cooperation,273,multi_agent_llm_pattern,0,0,0,0,0,0,0
R,cooperation,division_of_labor_cooperation,274,multi_agent_llm_pattern,0,0,0,0,0,0,0
R,cooperation,division_of_labor_cooperation,275,multi_agent_llm_pattern,0,0,0,0,0,0,0
R,cooperation,division_of_labor_cooperation,276,multi_agent_llm_pattern,0,0,0,0,0,0,0
R,cooperation,division_of_labor_cooperation,277,multi_agent_llm_pattern,0,0,0,0,0,0,0
R,cooperation,division_of_labor_cooperation,278,multi_agent_llm_pattern,0,0,0,0,0,0,0
R,cooperation,division_of_labor_cooperation,279,multi_agent_llm_pattern,0,0,0,0,0,0,0
R,cooperation,division_of_labor_cooperation,280,multi_agent_llm_pattern,0,0,0,0,0,0,0
R,cooperation,division_of_labor_cooperation,281,multi_agent_llm_pattern,0,0,0,0,0,0,0
R,cooperation,division_of_labor_cooperation,282,multi_agent_llm_pattern,0,0,0,0,0,0,0
R,cooperation,division_of_labor_cooperation,283,multi_agent_llm_pattern,0,0,0,0,0,0,0
R,cooperation,division_of_labor_cooperation,284,multi_agent_llm_pattern,0,0,0,0,0,0,0
R,cooperation,division_of_labor_cooperation,285,multi_agent_llm_pattern,0,0,0,0,0,0,0
R,cooperation,division_of_labor_cooperation,286,multi_agent_llm_pattern,0,0,0,0,0,0,0
R,cooperation,division_of_labor_cooperation,287,multi_agent_llm_pattern,0,0,0,0,0,0,0
R,cooperation,division_of_labor_cooperation,288,multi_agent_llm_pattern,0,0,0,0,0,0,0
R,cooperation,division_of_labor_cooperation,289,multi_agent_llm_pattern,0,0,0,0,0,0,0
R,cooperation,division_of_labor_cooperation,290,multi_agent_llm_pattern,0,0,0,0,0,0,0
R,cooperation,division_of_labor_cooperation,291,multi_agent_llm_pattern,0,0,0,0,0,0,0
R,cooperation,division_of_labor_cooperation,292,multi_agent_llm_pattern,0,0,0,0,0,0,0
R,cooperation,division_of_labor_cooperation,293,multi_agent_llm_pattern,0,0,0,0,0,0,0
R,cooperation,division_of_labor_cooperation,294,multi_agent_llm_pattern,0,0,0,0,0,0,0
R,cooperation,division_of_labor_cooperation,295,multi_agent_llm_pattern,0,0,0,0,0,0,0
R,cooperation,division_of_labor_cooperation,296,multi_agent_llm_pattern,0,0,0,0,0,0,0
R,cooperation,division_of_labor_cooperation,297,multi_agent_llm_pattern,0,0,0,0,0,0,0
R,cooperation,division_of_labor_cooperation,298,multi_agent_llm_pattern,0,0,0,0,0,0,0
R,cooperation,division_of_labor_cooperation,299,multi_agent_llm_pattern,0,0,0,0,0,0,0
R,cooperation,division_of_labor_cooperation,300,multi_agent_llm_pattern,0,0,0,0,0,0,0
R,cooperation,division_of_labor_cooperation,301,multi_agent_llm_pattern,0,0,0,0,0,0,0
R,cooperation,division_of_labor_cooperation,302,multi_agent_llm_pattern,0,0,0,0,0,0,0
R,cooperation,division_of_labor_cooperation,303,multi_agent_llm_pattern,0,0,0,0,0,0,0
R,cooperation,division_of_labor_cooperation,304,multi_agent_llm_pattern,0,0,0,0,0,0,0
R,cooperation,division_of_labor_cooperation,305,multi_agent_llm_pattern,0,0,0,0,0,0,0
R,cooperation,division_of_labor_cooperation,306,multi_agent_llm_pattern,0,0,0,0,0,0,0
R,cooperation,division_of_labor_cooperation,307,multi_agent_llm_pattern,0,0,0,0,0,0,0
R,cooperation,division_of_labor_cooperation,308,multi_agent_llm_pattern,0,0,0,0,0,0,0
R,cooperation,division_of_labor_cooperation,309,multi_agent_llm_pattern,0,0,0,0,0,0,0
R,cooperation,division_of_labor_cooperation,310,multi_agent_llm_pattern,0,0,0,0,0,0,0
R,cooperation,division_of_labor_cooperation,311,multi_agent_llm_pattern,0,0,0,0,0,0,0
R,cooperation,division_of_labor_cooperation,312,multi_agent_llm_pattern,0,0,0,0,0,0,0
R,cooperation,division_of_labor_cooperation,313,multi_agent_llm_pattern,0,0,0,0,0,0,0
R,cooperation,division_of_labor_cooperation,314,multi_agent_llm_pattern,0,0,0,0,0,0,0
R,cooperation,division_of_labor_cooperation,315,multi_agent_llm_pattern,0,0,0,0,0,0,0
R,cooperation,division_of_labor_cooperation,316,multi_agent_llm_pattern,0,0,0,0,0,0,0
R,cooperation,division_of_labor_cooperation,317,multi_agent_llm_pattern,0,0,0,0,0,0,0
R,cooperation,division_of_labor_cooperation,318,multi_agent_llm_pattern,0,0,0,0,0,0,0
R,cooperation,division_of_labor_cooperation,319,multi_agent_llm_pattern,0,0,0,0,0,0,0
R,cooperation,division_of_labor_cooperation,320,multi_agent_llm_pattern,0,0,0,0,0,0,0
R,cooperation,division_of_labor_cooperation,321,multi_agent_llm_pattern,0,0,0,0,0,0,0
R,cooperation,division_of_labor_cooperation,322,multi_agent_llm_pattern,0,0,0,0,0,0,0
R,cooperation,division_of_labor_cooperation,323,multi_agent_llm_pattern,0,0,0,0,0,0,0
R,cooperation,division_of_labor_cooperation,324,multi_agent_llm_pattern,0,0,0,0,0,0,0
R,cooperation,division_of_labor_cooperation,325,multi_agent_llm_pattern,0,0,0,0,0,0,0
R,cooperation,division_of_labor_cooperation,326,multi_agent_llm_pattern,0,0,0,0,0,0,0
R,cooperation,division_of_labor_cooperation,327,multi_agent_llm_pattern,0,0,0,0,0,0,0
R,cooperation,division_of_labor_cooperation,328,multi_agent_llm_pattern,0,0,0,0,0,0,0
R,cooperation,division_of_labor_cooperation,329,multi_agent_llm_pattern,0,0,0,0,0,0,0
R,cooperation,division_of_labor_cooperation,330,multi_agent_llm_pattern,0,0,0,0,0,0,0
R,cooperation,division_of_labor_cooperation,331,multi_agent_llm_pattern,0,0,0,0,0,0,0
R,cooperation,division_of_labor_cooperation,332,multi_agent_llm_pattern,0,0,0,0,0,0,0
R,cooperation,division_of_labor_cooperation,333,multi_agent_llm_pattern,0,0,0,0,0,0,0
R,cooperation,division_of_labor_cooperation,334,multi_agent_llm_pattern,0,0,0,0,0,0,0
R,cooperation,division_of_labor_cooperation,335,multi_agent_llm_pattern,0,0,0,0,0,0,0
R,cooperation,division_of_labor_cooperation,336,multi_agent_llm_pattern,0,0,0,0,0,0,0
R,cooperation,division_of_labor_cooperation,337,multi_agent_llm_pattern,0,0,0,0,0,0,0
R,cooperation,division_of_labor_cooperation,338,multi_agent_llm_pattern,0,0,0,0,0,0,0
R,cooperation,division_of_labor_cooperation,339,multi_agent_llm_pattern,0,0,0,0,0,0,0
R,cooperation,division_of_labor_cooperation,340,multi_agent_llm_pattern,0,0,0,0,0,0,0
R,cooperation,division_of_labor_cooperation,341,multi_agent_llm_pattern,0,0,0,0,0,0,0
R,cooperation,division_of_labor_cooperation,342,multi_agent_llm_pattern,0,0,0,0,0,0,0
R,cooperation,division_of_labor_cooperation,343,multi_agent_llm_pattern,0,0,0,0,0,0,0
R,cooperation,division_of_labor_cooperation,344,multi_agent_llm_pattern,0,0,0,0,0,0,0
R,cooperation,division_of_labor_cooperation,345,multi_agent_llm_pattern,0,0,0,0,0,0,0
R,cooperation,division_of_labor_cooperation,346,multi_agent_llm_pattern,0,0,0,0,0,0,0
R,cooperation,division_of_labor_cooperation,347,multi_agent_llm_pattern,0,0,0,0,0,0,0
R,cooperation,division_of_labor_cooperation,348,multi_agent_llm_pattern,0,0,0,0,0,0,0
R,cooperation,division_of_labor_cooperation,349,multi_agent_llm_pattern,0,0,0,0,0,0,0
R,cooperation,division_of_labor_cooperation,350,multi_agent_llm_pattern,0,0,0,0,0,0,0
R,cooperation,division_of_labor_cooperation,351,multi_agent_llm_pattern,0,0,0,0,0,0,0
R,cooperation,division_of_labor_cooperation,352,multi_agent_llm_pattern,0,0,0,0,0,0,0
R,cooperation,division_of_labor_cooperation,353,multi_agent_llm_pattern,0,0,0,0,0,0,0
R,cooperation,division_of_labor_cooperation,354,multi_agent_llm_pattern,0,0,0,0,0,0,0
R,cooperation,division_of_labor_cooperation,355,multi_agent_llm_pattern,0,0,0,0,0,0,0
R,cooperation,division_of_labor_cooperation,356,multi_agent_llm_pattern,0,0,0,0,0,0,0
R,cooperation,division_of_labor_cooperation,357,multi_agent_llm_pattern,0,0,0,0,0,0,0
R,cooperation,division_of_labor_cooperation,358,multi_agent_llm_pattern,0,0,0,0,0,0,0
R,cooperation,division_of_labor_cooperation,359,multi_agent_llm_pattern,0,0,0,0,0,0,0
R,cooperation,division_of_labor_cooperation,360,multi_agent_llm_pattern,0,0,0,0,0,0,0
R,cooperation,division_of_labor_cooperation,361,multi_agent_llm_pattern,0,0,0,0,0,0,0
R,cooperation,division_of_labor_cooperation,362,multi_agent_llm_pattern,0,0,0,0,0,0,0
R,cooperation,division_of_labor_cooperation,363,multi_agent_llm_pattern,0,0,0,0,0,0,0
R,cooperation,division_of_labor_cooperation,364,multi_agent_llm_pattern,0,0,0,0,0,0,0
R,cooperation,division_of_labor_cooperation,365,multi_agent_llm_pattern,0,0,0,0,0,0,0
R,cooperation,division_of_labor_cooperation,366,multi_agent_llm_pattern,0,0,0,0,0,0,0
R,cooperation,division_of_labor_cooperation,367,multi_agent_llm_pattern,0,0,0,0,0,0,0
R,cooperation,division_of_labor_cooperation,368,multi_agent_llm_pattern,0,0,0,0,0,0,0
R,cooperation,division_of_labor_cooperation,369,multi_agent_llm_pattern,0,0,0,0,0,0,0
R,cooperation,division_of_labor_cooperation,370,multi_agent_llm_pattern,0,0,0,0,0,0,0
R,cooperation,division_of_labor_cooperation,371,multi_agent_llm_pattern,0,0,0,0,0,0,0
R,cooperation,division_of_labor_cooperation,372,multi_agent_llm_pattern,0,0,0,0,0,0,0
R,cooperation,division_of_labor_cooperation,373,multi_agent_llm_pattern,0,0,0,0,0,0,0
R,cooperation,division_of_labor_cooperation,374,multi_agent_llm_pattern,0,0,0,0,0,0,0
R,cooperation,division_of_labor_cooperation,375,multi_agent_llm_pattern,0,0,0,0,0,0,0
R,cooperation,division_of_labor_cooperation,376,multi_agent_llm_pattern,0,0,0,0,0,0,0
R,cooperation,division_of_labor_cooperation,377,multi_agent_llm_pattern,0,0,0,0,0,0,0
R,cooperation,division_of_labor_cooperation,378,multi_agent_llm_pattern,0,0,0,0,0,0,0
R,cooperation,division_of_labor_cooperation,379,multi_agent_llm_pattern,0,0,0,0,0,0,0
R,cooperation,division_of_labor_cooperation,380,multi_agent_llm_pattern,0,0,0,0,0,0,0
R,cooperation,division_of_labor_cooperation,381,multi_agent_llm_pattern,0,0,0,0,0,0,0
R,cooperation,division_of_labor_cooperation,382,multi_agent_llm_pattern,0,0,0,0,0,0,0
R,cooperation,division_of_labor_cooperation,383,multi_agent_llm_pattern,0,0,0,0,0,0,0
R,cooperation,division_of_labor_cooperation,384,multi_agent_llm_pattern,0,0,0,0,0,0,0
R,cooperation,division_of_labor_cooperation,385,multi_agent_llm_pattern,0,0,0,0,0,0,0
R,cooperation,division_of_labor_cooperation,386,multi_agent_llm_pattern,0,0,0,0,0,0,0
R,cooperation,division_of_labor_cooperation,387,multi_agent_llm_pattern,0,0,0,0,0,0,0
R,cooperation,division_of_labor_cooperation,388,multi_agent_llm_pattern,0,0,0,0,0,0,0
R,cooperation,division_of_labor_cooperation,389,multi_agent_llm_pattern,0,0,0,0,0,0,0
R,cooperation,division_of_labor_cooperation,390,multi_agent_llm_pattern,0,0,0,0,0,0,0
R,cooperation,division_of_labor_cooperation,391,multi_agent_llm_pattern,0,0,0,0,0,0,0
R,cooperation,division_of_labor_cooperation,392,multi_agent_llm_pattern,0,0,0,0,0,0,0
R,cooperation,division_of_labor_cooperation,393,multi_agent_llm_pattern,0,0,0,0,0,0,0
R,cooperation,division_of_labor_cooperation,394,multi_agent_llm_pattern,0,0,0,0,0,0,0
R,cooperation,division_of_labor_cooperation,395,multi_agent_llm_pattern,0,0,0,0,0,0,0
R,cooperation,division_of_labor_cooperation,396,multi_agent_llm_pattern,0,0,0,0,0,0,0
R,cooperation,division_of_labor_cooperation,397,multi_agent_llm_pattern,0,0,0,0,0,0,0
R,cooperation,division_of_labor_cooperation,398,multi_agent_llm_pattern,0,0,0,0,0,0,0
R,cooperation,division_of_labor_cooperation,399,multi_agent_llm_pattern,0,0,0,0,0,0,0
R,cooperation,division_of_labor_cooperation,400,multi_agent_llm_pattern,0,0,0,0,0,0,0
R,cooperation,division_of_labor_cooperation,401,multi_agent_llm_pattern,0,0,0,0,0,0,0
R,cooperation,division_of_labor_cooperation,402,multi_agent_llm_pattern,0,0,0,0,0,0,0
R,cooperation,division_of_labor_cooperation,403,multi_agent_llm_pattern,0,0,0,0,0,0,0
R,cooperation,division_of_labor_cooperation,404,multi_agent_llm_pattern,0,0,0,0,0,0,0
R,cooperation,division_of_labor_cooperation,405,multi_agent_llm_pattern,0,0,0,0,0,0,0
R,cooperation,division_of_labor_cooperation,406,multi_agent_llm_pattern,0,0,0,0,0,0,0
R,cooperation,division_of_labor_cooperation,407,multi_agent_llm_pattern,0,0,0,0,0,0,0
R,cooperation,division_of_labor_cooperation,408,multi_agent_llm_pattern,0,0,0,0,0,0,0
R,cooperation,division_of_labor_cooperation,409,multi_agent_llm_pattern,0,0,0,0,0,0,0
R,cooperation,division_of_labor_cooperation,410,multi_agent_llm_pattern,0,0,0,0,0,0,0
R,cooperation,division_of_labor_cooperation,411,multi_agent_llm_pattern,0,0,0,0,0,0,0
R,cooperation,division_of_labor_cooperation,412,multi_agent_llm_pattern,0,0,0,0,0,0,0
R,cooperation,division_of_labor_cooperation,413,multi_agent_llm_pattern,0,0,0,0,0,0,0
R,cooperation,division_of_labor_cooperation,414,multi_agent_llm_pattern,0,0,0,0,0,0,0
R,cooperation,division_of_labor_cooperation,415,multi_agent_llm_pattern,0,0,0,0,0,0,0
R,cooperation,division_of_labor_cooperation,416,multi_agent_llm_pattern,0,0,0,0,0,0,0
R,cooperation,division_of_labor_cooperation,417,multi_agent_llm_pattern,0,0,0,0,0,0,0
R,cooperation,division_of_labor_cooperation,418,multi_agent_llm_pattern,0,0,0,0,0,0,0
R,cooperation,division_of_labor_cooperation,419,multi_agent_llm_pattern,0,0,0,0,0,0,0
R,cooperation,division_of_labor_cooperation,420,multi_agent_llm_pattern,0,0,0,0,0,0,0
R,cooperation,division_of_labor_cooperation,421,multi_agent_llm_pattern,0,0,0,0,0,0,0
R,cooperation,division_of_labor_cooperation,422,multi_agent_llm_pattern,0,0,0,0,0,0,0
R,cooperation,division_of_labor_cooperation,423,multi_agent_llm_pattern,0,0,0,0,0,0,0
R,cooperation,division_of_labor_cooperation,424,multi_agent_llm_pattern,0,0,0,0,0,0,0
R,cooperation,division_of_labor_cooperation,425,multi_agent_llm_pattern,0,0,0,0,0,0,0
R,cooperation,division_of_labor_cooperation,426,multi_agent_llm_pattern,0,0,0,0,0,0,0
R,cooperation,division_of_labor_cooperation,427,multi_agent_llm_pattern,0,0,0,0,0,0,0
R,cooperation,division_of_labor_cooperation,428,multi_agent_llm_pattern,0,0,0,0,0,0,0
R,cooperation,division_of_labor_cooperation,429,multi_agent_llm_pattern,0,0,0,0,0,0,0
R,cooperation,division_of_labor_cooperation,430,multi_agent_llm_pattern,0,0,0,0,0,0,0
R,cooperation,division_of_labor_cooperation,431,multi_agent_llm_pattern,0,0,0,0,0,0,0
R,cooperation,division_of_labor_cooperation,432,multi_agent_llm_pattern,0,0,0,0,0,0,0
R,cooperation,division_of_labor_cooperation,433,multi_agent_llm_pattern,0,0,0,0,0,0,0
R,cooperation,division_of_labor_cooperation,434,multi_agent_llm_pattern,0,0,0,0,0,0,0
R,cooperation,division_of_labor_cooperation,435,multi_agent_llm_pattern,0,0,0,0,0,0,0
R,cooperation,division_of_labor_cooperation,436,multi_agent_llm_pattern,0,0,0,0,0,0,0
R,cooperation,division_of_labor_cooperation,437,multi_agent_llm_pattern,0,0,0,0,0,0,0
R,cooperation,division_of_labor_cooperation,438,multi_agent_llm_pattern,0,0,0,0,0,0,0
R,cooperation,division_of_labor_cooperation,439,multi_agent_llm_pattern,0,0,0,0,0,0,0
R,cooperation,division_of_labor_cooperation,440,multi_agent_llm_pattern,0,0,0,0,0,0,0
R,cooperation,division_of_labor_cooperation,441,multi_agent_llm_pattern,0,0,0,0,0,0,0
R,cooperation,division_of_labor_cooperation,442,multi_agent_llm_pattern,0,0,0,0,0,0,0
R,cooperation,division_of_labor_cooperation,443,multi_agent_llm_pattern,0,0,0,0,0,0,0
R,cooperation,division_of_labor_cooperation,444,multi_agent_llm_pattern,0,0,0,0,0,0,0
R,cooperation,division_of_labor_cooperation,445,multi_agent_llm_pattern,0,0,0,0,0,0,0
R,cooperation,division_of_labor_cooperation,446,multi_agent_llm_pattern,0,0,0,0,0,0,0
R,cooperation,division_of_labor_cooperation,447,multi_agent_llm_pattern,0,0,0,0,0,0,0
R,cooperation,division_of_labor_cooperation,448,multi_agent_llm_pattern,0,0,0,0,0,0,0
R,cooperation,division_of_labor_cooperation,449,multi_agent_llm_pattern,0,0,0,0,0,0,0
R,cooperation,division_of_labor_cooperation,450,multi_agent_llm_pattern,0,0,0,0,0,0,0
R,cooperation,division_of_labor_cooperation,451,multi_agent_llm_pattern,0,0,0,0,0,0,0
R,cooperation,division_of_labor_cooperation,452,multi_agent_llm_pattern,0,0,0,0,0,0,0
R,cooperation,division_of_labor_cooperation,453,multi_agent_llm_pattern,0,0,0,0,0,0,0
R,cooperation,division_of_labor_cooperation,454,multi_agent_llm_pattern,0,0,0,0,0,0,0
R,cooperation,division_of_labor_cooperation,455,multi_agent_llm_pattern,0,0,0,0,0,0,0
R,cooperation,division_of_labor_cooperation,456,multi_agent_llm_pattern,0,0,0,0,0,0,0
R,cooperation,division_of_labor_cooperation,457,multi_agent_llm_pattern,0,0,0,0,0,0,0
R,cooperation,division_of_labor_cooperation,458,multi_agent_llm_pattern,0,0,0,0,0,0,0
R,cooperation,division_of_labor_cooperation,459,multi_agent_llm_pattern,0,0,0,0,0,0,0
R,cooperation,division_of_labor_cooperation,460,multi_agent_llm_pattern,0,0,0,0,0,0,0
R,cooperation,division_of_labor_cooperation,461,multi_agent_llm_pattern,0,0,0,0,0,0,0
R,cooperation,division_of_labor_cooperation,462,multi_agent_llm_pattern,0,0,0,0,0,0,0
R,cooperation,division_of_labor_cooperation,463,multi_agent_llm_pattern,0,0,0,0,0,0,0
R,cooperation,division_of_labor_cooperation,464,multi_agent_llm_pattern,0,0,0,0,0,0,0
R,cooperation,division_of_labor_cooperation,465,multi_agent_llm_pattern,0,0,0,0,0,0,0
R,cooperation,division_of_labor_cooperation,466,multi_agent_llm_pattern,0,0,0,0,0,0,0
R,cooperation,division_of_labor_cooperation,467,multi_agent_llm_pattern,0,0,0,0,0,0,0
R,cooperation,division_of_labor_cooperation,468,multi_agent_llm_pattern,0,0,0,0,0,0,0
R,cooperation,division_of_labor_cooperation,469,multi_agent_llm_pattern,0,0,0,0,0,0,0
R,cooperation,division_of_labor_cooperation,470,multi_agent_llm_pattern,0,0,0,0,0,0,0
R,cooperation,division_of_labor_cooperation,471,multi_agent_llm_pattern,0,0,0,0,0,0,0
R,cooperation,division_of_labor_cooperation,472,multi_agent_llm_pattern,0,0,0,0,0,0,0
R,cooperation,division_of_labor_cooperation,473,multi_agent_llm_pattern,0,0,0,0,0,0,0
R,cooperation,division_of_labor_cooperation,474,multi_agent_llm_pattern,0,0,0,0,0,0,0
R,cooperation,division_of_labor_cooperation,475,multi_agent_llm_pattern,0,0,0,0,0,0,0
R,cooperation,division_of_labor_cooperation,476,multi_agent_llm_pattern,0,0,0,0,0,0,0
R,cooperation,division_of_labor_cooperation,477,multi_agent_llm_pattern,0,0,0,0,0,0,0
R,cooperation,division_of_labor_cooperation,478,multi_agent_llm_pattern,0,0,0,0,0,0,0
R,cooperation,division_of_labor_cooperation,479,multi_agent_llm_pattern,0,0,0,0,0,0,0
R,cooperation,division_of_labor_cooperation,480,multi_agent_llm_pattern,0,0,0,0,0,0,0
R,cooperation,division_of_labor_cooperation,481,multi_agent_llm_pattern,0,0,0,0,0,0,0
R,cooperation,division_of_labor_cooperation,482,multi_agent_llm_pattern,0,0,0,0,0,0,0
R,cooperation,division_of_labor_cooperation,483,multi_agent_llm_pattern,0,0,0,0,0,0,0
R,cooperation,division_of_labor_cooperation,484,multi_agent_llm_pattern,0,0,0,0,0,0,0
R,cooperation,division_of_labor_cooperation,485,multi_agent_llm_pattern,0,0,0,0,0,0,0
R,cooperation,division_of_labor_cooperation,486,multi_agent_llm_pattern,0,0,0,0,0,0,0
R,cooperation,division_of_labor_cooperation,487,multi_agent_llm_pattern,0,0,0,0,0,0,0
R,cooperation,division_of_labor_cooperation,488,multi_agent_llm_pattern,0,0,0,0,0,0,0
R,cooperation,division_of_labor_cooperation,489,multi_agent_llm_pattern,0,0,0,0,0,0,0
R,cooperation,division_of_labor_cooperation,490,multi_agent_llm_pattern,0,0,0,0,0,0,0
R,cooperation,division_of_labor_cooperation,491,multi_agent_llm_pattern,0,0,0,0,0,0,0
R,cooperation,division_of_labor_cooperation,492,multi_agent_llm_pattern,0,0,0,0,0,0,0
R,cooperation,division_of_labor_cooperation,493,multi_agent_llm_pattern,0,0,0,0,0,0,0
R,cooperation,division_of_labor_cooperation,494,multi_agent_llm_pattern,0,0,0,0,0,0,0
R,cooperation,division_of_labor_cooperation,495,multi_agent_llm_pattern,0,0,0,0,0,0,0
R,cooperation,division_of_labor_cooperation,496,multi_agent_llm_pattern,0,0,0,0,0,0,0
R,cooperation,division_of_labor_cooperation,497,multi_agent_llm_pattern,0,0,0,0,0,0,0
R,cooperation,division_of_labor_cooperation,498,multi_agent_llm_pattern,0,0,0,0,0,0,0
R,cooperation,division_of_labor_cooperation,499,multi_agent_llm_pattern,0,0,0,0,0,0,0
R,cooperation,division_of_labor_cooperation,500,multi_agent_llm_pattern,0,0,0,0,0,0,0
R,cooperation,division_of_labor_cooperation,501,multi_agent_llm_pattern,0,0,0,0,0,0,0
R,cooperation,division_of_labor_cooperation,502,multi_agent_llm_pattern,0,0,0,0,0,0,0
R,cooperation,division_of_labor_cooperation,503,multi_agent_llm_pattern,0,0,0,0,0,0,0
R,cooperation,division_of_labor_cooperation,504,multi_agent_llm_pattern,0,0,0,0,0,0,0
R,cooperation,division_of_labor_cooperation,505,multi_agent_llm_pattern,0,0,0,0,0,0,0
R,cooperation,division_of_labor_cooperation,506,multi_agent_llm_pattern,0,0,0,0,0,0,0
R,cooperation,division_of_labor_cooperation,507,multi_agent_llm_pattern,0,0,0,0,0,0,0
R,cooperation,division_of_labor_cooperation,508,multi_agent_llm_pattern,0,0,0,0,0,0,0
R,cooperation,division_of_labor_cooperation,509,multi_agent_llm_pattern,0,0,0,0,0,0,0
R,cooperation,division_of_labor_cooperation,510,multi_agent_llm_pattern,0,0,0,0,0,0,0
R,cooperation,division_of_labor_cooperation,511,multi_agent_llm_pattern,0,0,0,0,0,0,0
R,cooperation,division_of_labor_cooperation,512,multi_agent_llm_pattern,0,0,0,0,0,0,0
R,cooperation,division_of_labor_cooperation,513,multi_agent_llm_pattern,0,0,0,0,0,0,0
R,cooperation,division_of_labor_cooperation,514,multi_agent_llm_pattern,0,0,0,0,0,0,0
R,cooperation,division_of_labor_cooperation,515,multi_agent_llm_pattern,0,0,0,0,0,0,0
R,cooperation,division_of_labor_cooperation,516,multi_agent_llm_pattern,0,0,0,0,0,0,0
R,cooperation,division_of_labor_cooperation,517,multi_agent_llm_pattern,0,0,0,0,0,0,0
R,cooperation,division_of_labor_cooperation,518,multi_agent_llm_pattern,0,0,0,0,0,0,0
R,cooperation,division_of_labor_cooperation,519,multi_agent_llm_pattern,0,0,0,0,0,0,0
R,cooperation,division_of_labor_cooperation,520,multi_agent_llm_pattern,0,0,0,0,0,0,0
R,cooperation,division_of_labor_cooperation,521,multi_agent_llm_pattern,0,0,0,0,0,0,0
R,cooperation,division_of_labor_cooperation,522,multi_agent_llm_pattern,0,0,0,0,0,0,0
R,cooperation,division_of_labor_cooperation,523,multi_agent_llm_pattern,0,0,0,0,0,0,0
R,cooperation,sequential_handoff_cooperation,0,multi_agent_llm_pattern,0,0,0,0,0,0,0
R,cooperation,sequential_handoff_cooperation,1,multi_agent_llm_pattern,0,0,0,0,0,0,0
R,cooperation,sequential_handoff_cooperation,2,multi_agent_llm_pattern,0,0,0,0,0,0,0
R,cooperation,sequential_handoff_cooperation,3,multi_agent_llm_pattern,0,0,0,0,0,0,0
R,cooperation,sequential_handoff_cooperation,4,multi_agent_llm_pattern,0,0,0,0,0,0,0
R,cooperation,sequential_handoff_cooperation,5,multi_agent_llm_pattern,0,0,0,0,0,0,0
R,cooperation,sequential_handoff_cooperation,6,multi_agent_llm_pattern,0,0,0,0,0,0,0
R,cooperation,sequential_handoff_cooperation,7,multi_agent_llm_pattern,0,0,0,0,0,0,0
R,cooperation,sequential_handoff_cooperation,8,multi_agent_llm_pattern,0,0,0,0,0,0,0
R,cooperation,sequential_handoff_cooperation,9,multi_agent_llm_pattern,0,0,0,0,0,0,0
R,cooperation,sequential_handoff_cooperation,10,multi_agent_llm_pattern,0,0,0,0,0,0,0
R,cooperation,sequential_handoff_cooperation,11,multi_agent_llm_pattern,0,0,0,0,0,0,0
R,cooperation,sequential_handoff_cooperation,12,multi_agent_llm_pattern,0,0,0,0,0,0,0
R,cooperation,sequential_handoff_cooperation,13,multi_agent_llm_pattern,0,0,0,0,0,0,0
R,cooperation,sequential_handoff_cooperation,14,multi_agent_llm_pattern,0,0,0,0,0,0,0
R,cooperation,sequential_handoff_cooperation,15,multi_agent_llm_pattern,0,0,0,0,0,0,0
R,cooperation,sequential_handoff_cooperation,16,multi_agent_llm_pattern,0,0,0,0,0,0,0
R,cooperation,sequential_handoff_cooperation,17,multi_agent_llm_pattern,0,0,0,0,0,0,0
R,cooperation,sequential_handoff_cooperation,18,multi_agent_llm_pattern,0,0,0,0,0,0,0
R,cooperation,sequential_handoff_cooperation,19,multi_agent_llm_pattern,0,0,0,0,0,0,0
R,cooperation,sequential_handoff_cooperation,20,multi_agent_llm_pattern,0,0,0,0,0,0,0
R,cooperation,sequential_handoff_cooperation,21,multi_agent_llm_pattern,0,0,0,0,0,0,0
R,cooperation,sequential_handoff_cooperation,22,multi_agent_llm_pattern,0,0,0,0,0,0,0
R,cooperation,sequential_handoff_cooperation,23,multi_agent_llm_pattern,0,0,0,0,0,0,0
R,cooperation,sequential_handoff_cooperation,24,multi_agent_llm_pattern,0,0,0,0,0,0,0
R,cooperation,sequential_handoff_cooperation,25,multi_agent_llm_pattern,0,0,0,0,0,0,0
R,cooperation,sequential_handoff_cooperation,26,multi_agent_llm_pattern,0,0,0,0,0,0,0
R,cooperation,sequential_handoff_cooperation,27,multi_agent_llm_pattern,0,0,0,0,0,0,0
R,cooperation,sequential_handoff_cooperation,28,multi_agent_llm_pattern,0,0,0,0,0,0,0
R,cooperation,sequential_handoff_cooperation,29,multi_agent_llm_pattern,0,0,0,0,0,0,0
R,cooperation,sequential_handoff_cooperation,30,multi_agent_llm_pattern,0,0,0,0,0,0,0
R,cooperation,sequential_handoff_cooperation,31,multi_agent_llm_pattern,0,0,0,0,0,0,0
R,cooperation,sequential_handoff_cooperation,32,multi_agent_llm_pattern,0,0,0,0,0,0,0
R,cooperation,sequential_handoff_cooperation,33,multi_agent_llm_pattern,0,0,0,0,0,0,0
R,cooperation,sequential_handoff_cooperation,34,multi_agent_llm_pattern,0,0,0,0,0,0,0
R,cooperation,sequential_handoff_cooperation,35,multi_agent_llm_pattern,0,0,0,0,0,0,0
R,cooperation,sequential_handoff_cooperation,36,multi_agent_llm_pattern,0,0,0,0,0,0,0
R,cooperation,sequential_handoff_cooperation,37,multi_agent_llm_pattern,0,0,0,0,0,0,0
R,cooperation,sequential_handoff_cooperation,38,multi_agent_llm_pattern,0,0,0,0,0,0,0
R,cooperation,sequential_handoff_cooperation,39,multi_agent_llm_pattern,0,0,0,0,0,0,0
R,cooperation,sequential_handoff_cooperation,40,multi_agent_llm_pattern,0,0,0,0,0,0,0
R,cooperation,sequential_handoff_cooperation,41,multi_agent_llm_pattern,0,0,0,0,0,0,0
R,cooperation,sequential_handoff_cooperation,42,multi_agent_llm_pattern,0,0,0,0,0,0,0
R,cooperation,sequential_handoff_cooperation,43,multi_agent_llm_pattern,0,0,0,0,0,0,0
R,cooperation,sequential_handoff_cooperation,44,multi_agent_llm_pattern,0,0,0,0,0,0,0
R,cooperation,sequential_handoff_cooperation,45,multi_agent_llm_pattern,0,0,0,0,0,0,0
R,cooperation,sequential_handoff_cooperation,46,multi_agent_llm_pattern,0,0,0,0,0,0,0
R,cooperation,sequential_handoff_cooperation,47,multi_agent_llm_pattern,0,0,0,0,0,0,0
R,cooperation,sequential_handoff_cooperation,48,multi_agent_llm_pattern,0,0,0,0,0,0,0
R,cooperation,sequential_handoff_cooperation,49,multi_agent_llm_pattern,0,0,0,0,0,0,0
R,cooperation,sequential_handoff_cooperation,50,multi_agent_llm_pattern,0,0,0,0,0,0,0
R,cooperation,sequential_handoff_cooperation,51,multi_agent_llm_pattern,0,0,0,0,0,0,0
R,cooperation,sequential_handoff_cooperation,52,multi_agent_llm_pattern,0,0,0,0,0,0,0
R,cooperation,sequential_handoff_cooperation,53,multi_agent_llm_pattern,0,0,0,0,0,0,0
R,cooperation,sequential_handoff_cooperation,54,multi_agent_llm_pattern,0,0,0,0,0,0,0
R,cooperation,sequential_handoff_cooperation,55,multi_agent_llm_pattern,0,0,0,0,0,0,0
R,cooperation,sequential_handoff_cooperation,56,multi_agent_llm_pattern,0,0,0,0,0,0,0
R,cooperation,sequential_handoff_cooperation,57,multi_agent_llm_pattern,0,0,0,0,0,0,0
R,cooperation,sequential_handoff_cooperation,58,multi_agent_llm_pattern,0,0,0,0,0,0,0
R,cooperation,sequential_handoff_cooperation,59,multi_agent_llm_pattern,0,0,0,0,0,0,0
R,cooperation,sequential_handoff_cooperation,60,multi_agent_llm_pattern,0,0,0,0,0,0,0
R,cooperation,sequential_handoff_cooperation,61,multi_agent_llm_pattern,0,0,0,0,0,0,0
R,cooperation,sequential_handoff_cooperation,62,multi_agent_llm_pattern,0,0,0,0,0,0,0
R,cooperation,sequential_handoff_cooperation,63,multi_agent_llm_pattern,0,0,0,0,0,0,0
R,cooperation,sequential_handoff_cooperation,64,multi_agent_llm_pattern,0,0,0,0,0,0,0
R,cooperation,sequential_handoff_cooperation,65,multi_agent_llm_pattern,0,0,0,0,0,0,0
R,cooperation,sequential_handoff_cooperation,66,multi_agent_llm_pattern,0,0,0,0,0,0,0
R,cooperation,sequential_handoff_cooperation,67,multi_agent_llm_pattern,0,0,0,0,0,0,0
R,cooperation,sequential_handoff_cooperation,68,multi_agent_llm_pattern,0,0,0,0,0,0,0
R,cooperation,sequential_handoff_cooperation,69,multi_agent_llm_pattern,0,0,0,0,0,0,0
R,cooperation,sequential_handoff_cooperation,70,multi_agent_llm_pattern,0,0,0,0,0,0,0
R,cooperation,sequential_handoff_cooperation,71,multi_agent_llm_pattern,0,0,0,0,0,0,0
R,cooperation,sequential_handoff_cooperation,72,multi_agent_llm_pattern,0,0,0,0,0,0,0
R,cooperation,sequential_handoff_cooperation,73,multi_agent_llm_pattern,0,0,0,0,0,0,0
R,cooperation,sequential_handoff_cooperation,74,multi_agent_llm_pattern,0,0,0,0,0,0,0
R,cooperation,sequential_handoff_cooperation,75,multi_agent_llm_pattern,0,0,0,0,0,0,0
R,cooperation,sequential_handoff_cooperation,76,multi_agent_llm_pattern,0,0,0,0,0,0,0
R,cooperation,sequential_handoff_cooperation,77,multi_agent_llm_pattern,0,0,0,0,0,0,0
R,cooperation,synchronization_cooperation,0,multi_agent_llm_pattern,0,0,0,0,0,0,0
R,cooperation,synchronization_cooperation,1,multi_agent_llm_pattern,0,0,0,0,0,0,0
R,cooperation,synchronization_cooperation,2,multi_agent_llm_pattern,0,0,0,0,0,0,0
R,cooperation,synchronization_cooperation,3,multi_agent_llm_pattern,0,0,0,0,0,0,0
R,cooperation,synchronization_cooperation,4,multi_agent_llm_pattern,0,0,0,0,0,0,0
R,cooperation,synchronization_cooperation,5,multi_agent_llm_pattern,0,0,0,0,0,0,0
R,cooperation,synchronization_cooperation,6,multi_agent_llm_pattern,0,0,0,0,0,0,0
R,cooperation,synchronization_cooperation,7,multi_agent_llm_pattern,0,0,0,0,0,0,0
R,cooperation,synchronization_cooperation,8,multi_agent_llm_pattern,0,0,0,0,0,0,0
R,cooperation,synchronization_cooperation,9,multi_agent_llm_pattern,0,0,0,0,0,0,0
R,cooperation,synchronization_cooperation,10,multi_agent_llm_pattern,0,0,0,0,0,0,0
R,cooperation,synchronization_cooperation,11,multi_agent_llm_pattern,0,0,0,0,0,0,0
R,cooperation,synchronization_cooperation,12,multi_agent_llm_pattern,0,0,0,0,0,0,0
R,cooperation,synchronization_cooperation,13,multi_agent_llm_pattern,0,0,0,0,0,0,0
R,cooperation,synchronization_cooperation,14,multi_agent_llm_pattern,0,0,0,0,0,0,0
R,cooperation,synchronization_cooperation,15,multi_agent_llm_pattern,0,0,0,0,0,0,0
R,cooperation,synchronization_cooperation,16,multi_agent_llm_pattern,0,0,0,0,0,0,0
R,cooperation,synchronization_cooperation,17,multi_agent_llm_pattern,0,0,0,0,0,0,0
R,cooperation,synchronization_cooperation,18,multi_agent_llm_pattern,0,0,0,0,0,0,0
R,cooperation,synchronization_cooperation,19,multi_agent_llm_pattern,0,0,0,0,0,0,0
R,cooperation,synchronization_cooperation,20,multi_agent_llm_pattern,0,0,0,0,0,0,0
R,cooperation,synchronization_cooperation,21,multi_agent_llm_pattern,0,0,0,0,0,0,0
R,cooperation,synchronization_cooperation,22,multi_agent_llm_pattern,0,0,0,0,0,0,0
R,cooperation,synchronization_cooperation,23,multi_agent_llm_pattern,0,0,0,0,0,0,0
R,cooperation,synchronization_cooperation,24,multi_agent_llm_pattern,0,0,0,0,0,0,0
R,cooperation,synchronization_cooperation,25,multi_agent_llm_pattern,0,0,0,0,0,0,0
R,cooperation,synchronization_cooperation,26,multi_agent_llm_pattern,0,0,0,0,0,0,0
R,cooperation,synchronization_cooperation,27,multi_agent_llm_pattern,0,0,0,0,0,0,0
R,cooperation,synchronization_cooperation,28,multi_agent_llm_pattern,0,0,0,0,0,0,0
R,cooperation,synchronization_cooperation,29,multi_agent_llm_pattern,0,0,0,0,0,0,0
R,cooperation,synchronization_cooperation,30,multi_agent_llm_pattern,0,0,0,0,0,0,0
R,cooperation,synchronization_cooperation,31,multi_agent_llm_pattern,0,0,0,0,0,0,0
R,cooperation,synchronization_cooperation,32,multi_agent_llm_pattern,0,0,0,0,0,0,0
R,cooperation,synchronization_cooperation,33,multi_agent_llm_pattern,0,0,0,0,0,0,0
R,cooperation,synchronization_cooperation,34,multi_agent_llm_pattern,0,0,0,0,0,0,0
R,cooperation,synchronization_cooperation,35,multi_agent_llm_pattern,0,0,0,0,0,0,0
R,cooperation,synchronization_cooperation,36,multi_agent_llm_pattern,0,0,0,0,0,0,0
R,cooperation,synchronization_cooperation,37,multi_agent_llm_pattern,0,0,0,0,0,0,0
R,cooperation,synchronization_cooperation,38,multi_agent_llm_pattern,0,0,0,0,0,0,0
R,cooperation,synchronization_cooperation,39,multi_agent_llm_pattern,0,0,0,0,0,0,0
R,cooperation,synchronization_cooperation,40,multi_agent_llm_pattern,0,0,0,0,0,0,0
R,cooperation,synchronization_cooperation,41,multi_agent_llm_pattern,0,0,0,0,0,0,0
R,cooperation,synchronization_cooperation,42,multi_agent_llm_pattern,0,0,0,0,0,0,0
R,cooperation,synchronization_cooperation,43,multi_agent_llm_pattern,0,0,0,0,0,0,0
R,cooperation,synchronization_cooperation,44,multi_agent_llm_pattern,0,0,0,0,0,0,0
R,cooperation,synchronization_cooperation,45,multi_agent_llm_pattern,0,0,0,0,0,0,0
R,cooperation,synchronization_cooperation,46,multi_agent_llm_pattern,0,0,0,0,0,0,0
R,cooperation,synchronization_cooperation,47,multi_agent_llm_pattern,0,0,0,0,0,0,0
R,cooperation,synchronization_cooperation,48,multi_agent_llm_pattern,0,0,0,0,0,0,0
R,cooperation,synchronization_cooperation,49,multi_agent_llm_pattern,0,0,0,0,0,0,0
R,cooperation,synchronization_cooperation,50,multi_agent_llm_pattern,0,0,0,0,0,0,0
R,cooperation,synchronization_cooperation,51,multi_agent_llm_pattern,0,0,0,0,0,0,0
R,cooperation,synchronization_cooperation,52,multi_agent_llm_pattern,0,0,0,0,0,0,0
R,cooperation,synchronization_cooperation,53,multi_agent_llm_pattern,0,0,0,0,0,0,0
R,cooperation,synchronization_cooperation,54,multi_agent_llm_pattern,0,0,0,0,0,0,0
R,cooperation,synchronization_cooperation,55,multi_agent_llm_pattern,0,0,0,0,0,0,0
R,cooperation,synchronization_cooperation,56,multi_agent_llm_pattern,0,0,0,0,0,0,0
R,cooperation,synchronization_cooperation,57,multi_agent_llm_pattern,0,0,0,0,0,0,0
R,cooperation,synchronization_cooperation,58,multi_agent_llm_pattern,0,0,0,0,0,0,0
R,cooperation,synchronization_cooperation,59,multi_agent_llm_pattern,0,0,0,0,0,0,0
R,cooperation,synchronization_cooperation,60,multi_agent_llm_pattern,0,0,0,0,0,0,0
R,cooperation,synchronization_cooperation,61,multi_agent_llm_pattern,0,0,0,0,0,0,0
R,cooperation,synchronization_cooperation,62,multi_agent_llm_pattern,0,0,0,0,0,0,0
R,cooperation,synchronization_cooperation,63,multi_agent_llm_pattern,0,0,0,0,0,0,0
R,cooperation,synchronization_cooperation,64,multi_agent_llm_pattern,0,0,0,0,0,0,0
R,cooperation,synchronization_cooperation,65,multi_agent_llm_pattern,0,0,0,0,0,0,0
R,cooperation,synchronization_cooperation,66,multi_agent_llm_pattern,0,0,0,0,0,0,0
R,cooperation,synchronization_cooperation,67,multi_agent_llm_pattern,0,0,0,0,0,0,0
R,cooperation,synchronization_cooperation,68,multi_agent_llm_pattern,0,0,0,0,0,0,0
R,cooperation,synchronization_cooperation,69,multi_agent_llm_pattern,0,0,0,0,0,0,0
R,cooperation,synchronization_cooperation,70,multi_agent_llm_pattern,0,0,0,0,0,0,0
R,cooperation,synchronization_cooperation,71,multi_agent_llm_pattern,0,0,0,0,0,0,0
R,cooperation,synchronization_cooperation,72,multi_agent_llm_pattern,0,0,0,0,0,0,0
R,cooperation,synchronization_cooperation,73,multi_agent_llm_pattern,0,0,0,0,0,0,0
R,cooperation,synchronization_cooperation,74,multi_agent_llm_pattern,0,0,0,0,0,0,0
R,cooperation,synchronization_cooperation,75,multi_agent_llm_pattern,0,0,0,0,0,0,0
R,cooperation,synchronization_cooperation,76,multi_agent_llm_pattern,0,0,0,0,0,0,0
R,cooperation,synchronization_cooperation,77,multi_agent_llm_pattern,0,0,0,0,0,0,0
R,cooperation,synchronization_cooperation,78,multi_agent_llm_pattern,0,0,0,0,0,0,0
R,cooperation,synchronization_cooperation,79,multi_agent_llm_pattern,0,0,0,0,0,0,0
R,cooperation,synchronization_cooperation,80,multi_agent_llm_pattern,0,0,0,0,0,0,0
R,cooperation,synchronization_cooperation,81,multi_agent_llm_pattern,0,0,0,0,0,0,0
R,cooperation,synchronization_cooperation,82,multi_agent_llm_pattern,0,0,0,0,0,0,0
R,cooperation,synchronization_cooperation,83,multi_agent_llm_pattern,0,0,0,0,0,0,0
R,cooperation,synchronization_cooperation,84,multi_agent_llm_pattern,0,0,0,0,0,0,0
R,cooperation,synchronization_cooperation,85,multi_agent_llm_pattern,0,0,0,0,0,0,0
R,cooperation,synchronization_cooperation,86,multi_agent_llm_pattern,0,0,0,0,0,0,0
R,cooperation,synchronization_cooperation,87,multi_agent_llm_pattern,0,0,0,0,0,0,0
R,cooperation,synchronization_cooperation,88,multi_agent_llm_pattern,0,0,0,0,0,0,0
R,cooperation,synchronization_cooperation,89,multi_agent_llm_pattern,0,0,0,0,0,0,0
R,cooperation,synchronization_cooperation,90,multi_agent_llm_pattern,0,0,0,0,0,0,0
R,cooperation,synchronization_cooperation,91,multi_agent_llm_pattern,0,0,0,0,0,0,0
R,cooperation,synchronization_cooperation,92,multi_agent_llm_pattern,0,0,0,0,0,0,0
R,cooperation,synchronization_cooperation,93,multi_agent_llm_pattern,0,0,0,0,0,0,0
R,cooperation,synchronization_cooperation,94,multi_agent_llm_pattern,0,0,0,0,0,0,0
R,cooperation,synchronization_cooperation,95,multi_agent_llm_pattern,0,0,0,0,0,0,0
R,cooperation,synchronization_cooperation,96,multi_agent_llm_pattern,0,0,0,0,0,0,0
R,cooperation,synchronization_cooperation,97,multi_agent_llm_pattern,0,0,0,0,0,0,0
R,cooperation,synchronization_cooperation,98,multi_agent_llm_pattern,0,0,0,0,0,0,0
R,cooperation,synchronization_cooperation,99,multi_agent_llm_pattern,0,0,0,0,0,0,0
R,cooperation,synchronization_cooperation,100,multi_agent_llm_pattern,0,0,0,0,0,0,0
R,cooperation,synchronization_cooperation,101,multi_agent_llm_pattern,0,0,0,0,0,0,0
R,cooperation,synchronization_cooperation,102,multi_agent_llm_pattern,0,0,0,0,0,0,0
R,cooperation,synchronization_cooperation,103,multi_agent_llm_pattern,0,0,0,0,0,0,0
R,cooperation,synchronization_cooperation,104,multi_agent_llm_pattern,0,0,0,0,0,0,0
R,cooperation,synchronization_cooperation,105,multi_agent_llm_pattern,0,0,0,0,0,0,0
R,cooperation,synchronization_cooperation,106,multi_agent_llm_pattern,0,0,0,0,0,0,0
R,cooperation,synchronization_cooperation,107,multi_agent_llm_pattern,0,0,0,0,0,0,0
R,cooperation,synchronization_cooperation,108,multi_agent_llm_pattern,0,0,0,0,0,0,0
R,cooperation,synchronization_cooperation,109,multi_agent_llm_pattern,0,0,0,0,0,0,0
R,cooperation,synchronization_cooperation,110,multi_agent_llm_pattern,0,0,0,0,0,0,0
R,cooperation,synchronization_cooperation,111,multi_agent_llm_pattern,0,0,0,0,0,0,0
R,cooperation,synchronization_cooperation,112,multi_agent_llm_pattern,0,0,0,0,0,0,0
R,cooperation,synchronization_cooperation,113,multi_agent_llm_pattern,0,0,0,0,0,0,0
R,cooperation,synchronization_cooperation,114,multi_agent_llm_pattern,0,0,0,0,0,0,0
R,cooperation,synchronization_cooperation,115,multi_agent_llm_pattern,0,0,0,0,0,0,0
R,cooperation,synchronization_cooperation,116,multi_agent_llm_pattern,0,0,0,0,0,0,0
R,cooperation,synchronization_cooperation,117,multi_agent_llm_pattern,0,0,0,0,0,0,0
R,cooperation,synchronization_cooperation,118,multi_agent_llm_pattern,0,0,0,0,0,0,0
R,cooperation,synchronization_cooperation,119,multi_agent_llm_pattern,0,0,0,0,0,0,0
R,cooperation,synchronization_cooperation,120,multi_agent_llm_pattern,0,0,0,0,0,0,0
R,cooperation,synchronization_cooperation,121,multi_agent_llm_pattern,0,0,0,0,0,0,0
R,cooperation,synchronization_cooperation,122,multi_agent_llm_pattern,0,0,0,0,0,0,0
R,cooperation,synchronization_cooperation,123,multi_agent_llm_pattern,0,0,0,0,0,0,0
R,cooperation,synchronization_cooperation,124,multi_agent_llm_pattern,0,0,0,0,0,0,0
R,cooperation,synchronization_cooperation,125,multi_agent_llm_pattern,0,0,0,0,0,0,0
R,cooperation,synchronization_cooperation,126,multi_agent_llm_pattern,0,0,0,0,0,0,0
R,cooperation,synchronization_cooperation,127,multi_agent_llm_pattern,0,0,0,0,0,0,0
R,cooperation,synchronization_cooperation,128,multi_agent_llm_pattern,0,0,0,0,0,0,0
R,cooperation,synchronization_cooperation,129,multi_agent_llm_pattern,0,0,0,0,0,0,0
R,cooperation,synchronization_cooperation,130,multi_agent_llm_pattern,0,0,0,0,0,0,0
R,cooperation,synchronization_cooperation,131,multi_agent_llm_pattern,0,0,0,0,0,0,0
R,cooperation,synchronization_cooperation,132,multi_agent_llm_pattern,0,0,0,0,0,0,0
R,cooperation,synchronization_cooperation,133,multi_agent_llm_pattern,0,0,0,0,0,0,0
R,cooperation,synchronization_cooperation,134,multi_agent_llm_pattern,0,0,0,0,0,0,0
R,cooperation,synchronization_cooperation,135,multi_agent_llm_pattern,0,0,0,0,0,0,0
R,cooperation,synchronization_cooperation,136,multi_agent_llm_pattern,0,0,0,0,0,0,0
R,cooperation,synchronization_cooperation,137,multi_agent_llm_pattern,0,0,0,0,0,0,0
R,cooperation,synchronization_cooperation,138,multi_agent_llm_pattern,0,0,0,0,0,0,0
R,cooperation,synchronization_cooperation,139,multi_agent_llm_pattern,0,0,0,0,0,0,0
R,cooperation,synchronization_cooperation,140,multi_agent_llm_pattern,0,0,0,0,0,0,0
R,cooperation,synchronization_cooperation,141,multi_agent_llm_pattern,0,0,0,0,0,0,0
R,cooperation,synchronization_cooperation,142,multi_agent_llm_pattern,0,0,0,0,0,0,0
R,cooperation,synchronization_cooperation,143,multi_agent_llm_pattern,0,0,0,0,0,0,0
R,cooperation,synchronization_cooperation,144,multi_agent_llm_pattern,0,0,0,0,0,0,0
R,cooperation,synchronization_cooperation,145,multi_agent_llm_pattern,0,0,0,0,0,0,0
R,cooperation,synchronization_cooperation,146,multi_agent_llm_pattern,0,0,0,0,0,0,0
R,cooperation,synchronization_cooperation,147,multi_agent_llm_pattern,0,0,0,0,0,0,0
R,cooperation,synchronization_cooperation,148,multi_agent_llm_pattern,0,0,0,0,0,0,0
R,cooperation,synchronization_cooperation,149,multi_agent_llm_pattern,0,0,0,0,0,0,0
R,cooperation,synchronization_cooperation,150,multi_agent_llm_pattern,0,0,0,0,0,0,0
R,cooperation,synchronization_cooperation,151,multi_agent_llm_pattern,0,0,0,0,0,0,0
R,cooperation,synchronization_cooperation,152,multi_agent_llm_pattern,0,0,0,0,0,0,0
R,cooperation,synchronization_cooperation,153,multi_agent_llm_pattern,0,0,0,0,0,0,0
R,cooperation,synchronization_cooperation,154,multi_agent_llm_pattern,0,0,0,0,0,0,0
R,cooperation,synchronization_cooperation,155,multi_agent_llm_pattern,0,0,0,0,0,0,0
R,cooperation,synchronization_cooperation,156,multi_agent_llm_pattern,0,0,0,0,0,0,0
R,cooperation,synchronization_cooperation,157,multi_agent_llm_pattern,0,0,0,0,0,0,0
R,cooperation,synchronization_cooperation,158,multi_agent_llm_pattern,0,0,0,0,0,0,0
R,cooperation,synchronization_cooperation,159,multi_agent_llm_pattern,0,0,0,0,0,0,0
R,cooperation,synchronization_cooperation,160,multi_agent_llm_pattern,0,0,0,0,0,0,0
R,cooperation,synchronization_cooperation,161,multi_agent_llm_pattern,0,0,0,0,0,0,0
R,cooperation,synchronization_cooperation,162,multi_agent_llm_pattern,0,0,0,0,0,0,0
R,cooperation,synchronization_cooperation,163,multi_agent_llm_pattern,0,0,0,0,0,0,0
R,cooperation,synchronization_cooperation,164,multi_agent_llm_pattern,0,0,0,0,0,0,0
R,cooperation,synchronization_cooperation,165,multi_agent_llm_pattern,0,0,0,0,0,0,0
R,cooperation,synchronization_cooperation,166,multi_agent_llm_pattern,0,0,0,0,0,0,0
R,cooperation,synchronization_cooperation,167,multi_agent_llm_pattern,0,0,0,0,0,0,0
R,cooperation,synchronization_cooperation,168,multi_agent_llm_pattern,0,0,0,0,0,0,0
R,cooperation,synchronization_cooperation,169,multi_agent_llm_pattern,0,0,0,0,0,0,0
R,cooperation,synchronization_cooperation,170,multi_agent_llm_pattern,0,0,0,0,0,0,0
R,cooperation,synchronization_cooperation,171,multi_agent_llm_pattern,0,0,0,0,0,0,0
R,cooperation,synchronization_cooperation,172,multi_agent_llm_pattern,0,0,0,0,0,0,0
R,cooperation,synchronization_cooperation,173,multi_agent_llm_pattern,0,0,0,0,0,0,0
R,cooperation,synchronization_cooperation,174,multi_agent_llm_pattern,0,0,0,0,0,0,0
R,cooperation,synchronization_cooperation,175,multi_agent_llm_pattern,0,0,0,0,0,0,0
R,cooperation,synchronization_cooperation,176,multi_agent_llm_pattern,0,0,0,0,0,0,0
R,cooperation,synchronization_cooperation,177,multi_agent_llm_pattern,0,0,0,0,0,0,0
R,cooperation,synchronization_cooperation,178,multi_agent_llm_pattern,0,0,0,0,0,0,0
R,cooperation,synchronization_cooperation,179,multi_agent_llm_pattern,0,0,0,0,0,0,0
R,cooperation,synchronization_cooperation,180,multi_agent_llm_pattern,0,0,0,0,0,0,0
R,cooperation,synchronization_cooperation,181,multi_agent_llm_pattern,0,0,0,0,0,0,0
R,cooperation,synchronization_cooperation,182,multi_agent_llm_pattern,0,0,0,0,0,0,0
R,cooperation,synchronization_cooperation,183,multi_agent_llm_pattern,0,0,0,0,0,0,0
R,cooperation,synchronization_cooperation,184,multi_agent_llm_pattern,0,0,0,0,0,0,0
R,cooperation,synchronization_cooperation,185,multi_agent_llm_pattern,0,0,0,0,0,0,0
R,cooperation,synchronization_cooperation,186,multi_agent_llm_pattern,0,0,0,0,0,0,0
R,cooperation,synchronization_cooperation,187,multi_agent_llm_pattern,0,0,0,0,0,0,0
R,cooperation,synchronization_cooperation,188,multi_agent_llm_pattern,0,0,0,0,0,0,0
R,cooperation,synchronization_cooperation,189,multi_agent_llm_pattern,0,0,0,0,0,0,0
R,cooperation,synchronization_cooperation,190,multi_agent_llm_pattern,0,0,0,0,0,0,0
R,cooperation,synchronization_cooperation,191,multi_agent_llm_pattern,0,0,0,0,0,0,0
R,cooperation,synchronization_cooperation,192,multi_agent_llm_pattern,0,0,0,0,0,0,0
R,cooperation,synchronization_cooperation,193,multi_agent_llm_pattern,0,0,0,0,0,0,0
R,cooperation,synchronization_cooperation,194,multi_agent_llm_pattern,0,0,0,0,0,0,0
R,cooperation,synchronization_cooperation,195,multi_agent_llm_pattern,0,0,0,0,0,0,0
R,cooperation,synchronization_cooperation,196,multi_agent_llm_pattern,0,0,0,0,0,0,0
R,cooperation,synchronization_cooperation,197,multi_agent_llm_pattern,0,0,0,0,0,0,0
R,cooperation,synchronization_cooperation,198,multi_agent_llm_pattern,0,0,0,0,0,0,0
R,cooperation,synchronization_cooperation,199,multi_agent_llm_pattern,0,0,0,0,0,0,0
R,cooperation,synchronization_cooperation,200,multi_agent_llm_pattern,0,0,0,0,0,0,0
R,cooperation,synchronization_cooperation,201,multi_agent_llm_pattern,0,0,0,0,0,0,0
R,cooperation,synchronization_cooperation,202,multi_agent_llm_pattern,0,0,0,0,0,0,0
R,cooperation,synchronization_cooperation,203,multi_agent_llm_pattern,0,0,0,0,0,0,0
R,cooperation,synchronization_cooperation,204,multi_agent_llm_pattern,0,0,0,0,0,0,0
R,cooperation,synchronization_cooperation,205,multi_agent_llm_pattern,0,0,0,0,0,0,0
R,cooperation,synchronization_cooperation,206,multi_agent_llm_pattern,0,0,0,0,0,0,0
R,cooperation,synchronization_cooperation,207,multi_agent_llm_pattern,0,0,0,0,0,0,0
R,cooperation,synchronization_cooperation,208,multi_agent_llm_pattern,0,0,0,0,0,0,0
R,cooperation,synchronization_cooperation,209,multi_agent_llm_pattern,0,0,0,0,0,0,0
R,cooperation,synchronization_cooperation,210,multi_agent_llm_pattern,0,0,0,0,0,0,0
R,cooperation,synchronization_cooperation,211,multi_agent_llm_pattern,0,0,0,0,0,0,0
R,cooperation,synchronization_cooperation,212,multi_agent_llm_pattern,0,0,0,0,0,0,0
R,cooperation,synchronization_cooperation,213,multi_agent_llm_pattern,0,0,0,0,0,0,0
R,cooperation,synchronization_cooperation,214,multi_agent_llm_pattern,0,0,0,0,0,0,0
R,cooperation,synchronization_cooperation,215,multi_agent_llm_pattern,0,0,0,0,0,0,0
R,cooperation,synchronization_cooperation,216,multi_agent_llm_pattern,0,0,0,0,0,0,0
R,cooperation,synchronization_cooperation,217,multi_agent_llm_pattern,0,0,0,0,0,0,0
R,cooperation,synchronization_cooperation,218,multi_agent_llm_pattern,0,0,0,0,0,0,0
R,cooperation,synchronization_cooperation,219,multi_agent_llm_pattern,0,0,0,0,0,0,0
R,cooperation,synchronization_cooperation,220,multi_agent_llm_pattern,0,0,0,0,0,0,0
R,cooperation,synchronization_cooperation,221,multi_agent_llm_pattern,0,0,0,0,0,0,0
R,cooperation,synchronization_cooperation,222,multi_agent_llm_pattern,0,0,0,0,0,0,0
R,cooperation,synchronization_cooperation,223,multi_agent_llm_pattern,0,0,0,0,0,0,0
R,cooperation,synchronization_cooperation,224,multi_agent_llm_pattern,0,0,0,0,0,0,0
R,cooperation,synchronization_cooperation,225,multi_agent_llm_pattern,0,0,0,0,0,0,0
R,cooperation,synchronization_cooperation,226,multi_agent_llm_pattern,0,0,0,0,0,0,0
R,cooperation,synchronization_cooperation,227,multi_agent_llm_pattern,0,0,0,0,0,0,0
R,cooperation,synchronization_cooperation,228,multi_agent_llm_pattern,0,0,0,0,0,0,0
R,cooperation,synchronization_cooperation,229,multi_agent_llm_pattern,0,0,0,0,0,0,0
R,cooperation,synchronization_cooperation,230,multi_agent_llm_pattern,0,0,0,0,0,0,0
R,cooperation,synchronization_cooperation,231,multi_agent_llm_pattern,0,0,0,0,0,0,0
R,cooperation,synchronization_cooperation,232,multi_agent_llm_pattern,0,0,0,0,0,0,0
R,cooperation,synchronization_cooperation,233,multi_agent_llm_pattern,0,0,0,0,0,0,0
R,cooperation,synchronization_cooperation,234,multi_agent_llm_pattern,0,0,0,0,0,0,0
R,cooperation,synchronization_cooperation,235,multi_agent_llm_pattern,0,0,0,0,0,0,0
R,cooperation,synchronization_cooperation,236,multi_agent_llm_pattern,0,0,0,0,0,0,0
R,cooperation,synchronization_cooperation,237,multi_agent_llm_pattern,0,0,0,0,0,0,0
R,cooperation,synchronization_cooperation,238,multi_agent_llm_pattern,0,0,0,0,0,0,0
R,cooperation,synchronization_cooperation,239,multi_agent_llm_pattern,0,0,0,0,0,0,0
R,cooperation,synchronization_cooperation,240,multi_agent_llm_pattern,0,0,0,0,0,0,0
R,cooperation,synchronization_cooperation,241,multi_agent_llm_pattern,0,0,0,0,0,0,0
R,cooperation,synchronization_cooperation,242,multi_agent_llm_pattern,0,0,0,0,0,0,0
R,cooperation,synchronization_cooperation,243,multi_agent_llm_pattern,0,0,0,0,0,0,0
R,cooperation,synchronization_cooperation,244,multi_agent_llm_pattern,0,0,0,0,0,0,0
R,cooperation,synchronization_cooperation,245,multi_agent_llm_pattern,0,0,0,0,0,0,0
R,cooperation,synchronization_cooperation,246,multi_agent_llm_pattern,0,0,0,0,0,0,0
R,cooperation,synchronization_cooperation,247,multi_agent_llm_pattern,0,0,0,0,0,0,0
R,cooperation,synchronization_cooperation,248,multi_agent_llm_pattern,0,0,0,0,0,0,0
R,cooperation,synchronization_cooperation,249,multi_agent_llm_pattern,0,0,0,0,0,0,0
R,cooperation,synchronization_cooperation,250,multi_agent_llm_pattern,0,0,0,0,0,0,0
R,cooperation,synchronization_cooperation,251,multi_agent_llm_pattern,0,0,0,0,0,0,0
R,cooperation,synchronization_cooperation,252,multi_agent_llm_pattern,0,0,0,0,0,0,0
R,cooperation,synchronization_cooperation,253,multi_agent_llm_pattern,0,0,0,0,0,0,0
R,cooperation,synchronization_cooperation,254,multi_agent_llm_pattern,0,0,0,0,0,0,0
R,cooperation,synchronization_cooperation,255,multi_agent_llm_pattern,0,0,0,0,0,0,0
R,cooperation,synchronization_cooperation,256,multi_agent_llm_pattern,0,0,0,0,0,0,0
R,cooperation,synchronization_cooperation,257,multi_agent_llm_pattern,0,0,0,0,0,0,0
R,cooperation,synchronization_cooperation,258,multi_agent_llm_pattern,0,0,0,0,0,0,0
R,cooperation,synchronization_cooperation,259,multi_agent_llm_pattern,0,0,0,0,0,0,0
R,cooperation,synchronization_cooperation,260,multi_agent_llm_pattern,0,0,0,0,0,0,0
R,cooperation,synchronization_cooperation,261,multi_agent_llm_pattern,0,0,0,0,0,0,0
R,cooperation,synchronization_cooperation,262,multi_agent_llm_pattern,0,0,0,0,0,0,0
R,cooperation,synchronization_cooperation,263,multi_agent_llm_pattern,0,0,0,0,0,0,0
R,cooperation,synchronization_cooperation,264,multi_agent_llm_pattern,0,0,0,0,0,0,0
R,cooperation,synchronization_cooperation,265,multi_agent_llm_pattern,0,0,0,0,0,0,0
R,cooperation,synchronization_cooperation,266,multi_agent_llm_pattern,0,0,0,0,0,0,0
R,cooperation,synchronization_cooperation,267,multi_agent_llm_pattern,0,0,0,0,0,0,0
R,cooperation,synchronization_cooperation,268,multi_agent_llm_pattern,0,0,0,0,0,0,0
R,cooperation,synchronization_cooperation,269,multi_agent_llm_pattern,0,0,0,0,0,0,0
R,cooperation,synchronization_cooperation,270,multi_agent_llm_pattern,0,0,0,0,0,0,0
R,cooperation,synchronization_cooperation,271,multi_agent_llm_pattern,0,0,0,0,0,0,0
R,cooperation,synchronization_cooperation,272,multi_agent_llm_pattern,0,0,0,0,0,0,0
R,cooperation,synchronization_cooperation,273,multi_agent_llm_pattern,0,0,0,0,0,0,0
R,cooperation,synchronization_cooperation,274,multi_agent_llm_pattern,0,0,0,0,0,0,0
R,cooperation,synchronization_cooperation,275,multi_agent_llm_pattern,0,0,0,0,0,0,0
R,cooperation,synchronization_cooperation,276,multi_agent_llm_pattern,0,0,0,0,0,0,0
R,cooperation,synchronization_cooperation,277,multi_agent_llm_pattern,0,0,0,0,0,0,0
R,cooperation,synchronization_cooperation,278,multi_agent_llm_pattern,0,0,0,0,0,0,0
R,cooperation,synchronization_cooperation,279,multi_agent_llm_pattern,0,0,0,0,0,0,0
R,cooperation,synchronization_cooperation,280,multi_agent_llm_pattern,0,0,0,0,0,0,0
R,cooperation,synchronization_cooperation,281,multi_agent_llm_pattern,0,0,0,0,0,0,0
R,cooperation,synchronization_cooperation,282,multi_agent_llm_pattern,0,0,0,0,0,0,0
R,cooperation,synchronization_cooperation,283,multi_agent_llm_pattern,0,0,0,0,0,0,0
R,cooperation,synchronization_cooperation,284,multi_agent_llm_pattern,0,0,0,0,0,0,0
R,cooperation,synchronization_cooperation,285,multi_agent_llm_pattern,0,0,0,0,0,0,0
R,cooperation,synchronization_cooperation,286,multi_agent_llm_pattern,0,0,0,0,0,0,0
R,cooperation,synchronization_cooperation,287,multi_agent_llm_pattern,0,0,0,0,0,0,0
R,cooperation,synchronization_cooperation,288,multi_agent_llm_pattern,0,0,0,0,0,0,0
R,cooperation,synchronization_cooperation,289,multi_agent_llm_pattern,0,0,0,0,0,0,0
R,cooperation,synchronization_cooperation,290,multi_agent_llm_pattern,0,0,0,0,0,0,0
R,cooperation,synchronization_cooperation,291,multi_agent_llm_pattern,0,0,0,0,0,0,0
R,cooperation,synchronization_cooperation,292,multi_agent_llm_pattern,0,0,0,0,0,0,0
R,cooperation,synchronization_cooperation,293,multi_agent_llm_pattern,0,0,0,0,0,0,0
R,cooperation,synchronization_cooperation,294,multi_agent_llm_pattern,0,0,0,0,0,0,0
R,cooperation,synchronization_cooperation,295,multi_agent_llm_pattern,0,0,0,0,0,0,0
R,cooperation,synchronization_cooperation,296,multi_agent_llm_pattern,0,0,0,0,0,0,0
R,cooperation,synchronization_cooperation,297,multi_agent_llm_pattern,0,0,0,0,0,0,0
R,cooperation,synchronization_cooperation,298,multi_agent_llm_pattern,0,0,0,0,0,0,0
R,cooperation,synchronization_cooperation,299,multi_agent_llm_pattern,0,0,0,0,0,0,0
R,cooperation,synchronization_cooperation,300,multi_agent_llm_pattern,0,0,0,0,0,0,0
R,cooperation,synchronization_cooperation,301,multi_agent_llm_pattern,0,0,0,0,0,0,0
R,cooperation,synchronization_cooperation,302,multi_agent_llm_pattern,0,0,0,0,0,0,0
R,cooperation,synchronization_cooperation,303,multi_agent_llm_pattern,0,0,0,0,0,0,0
R,cooperation,synchronization_cooperation,304,multi_agent_llm_pattern,0,0,0,0,0,0,0
R,cooperation,synchronization_cooperation,305,multi_agent_llm_pattern,0,0,0,0,0,0,0
R,cooperation,synchronization_cooperation,306,multi_agent_llm_pattern,0,0,0,0,0,0,0
R,cooperation,synchronization_cooperation,307,multi_agent_llm_pattern,0,0,0,0,0,0,0
R,cooperation,synchronization_cooperation,308,multi_agent_llm_pattern,0,0,0,0,0,0,0
R,cooperation,synchronization_cooperation,309,multi_agent_llm_pattern,0,0,0,0,0,0,0
R,cooperation,synchronization_cooperation,310,multi_agent_llm_pattern,0,0,0,0,0,0,0
R,cooperation,synchronization_cooperation,311,multi_agent_llm_pattern,0,0,0,0,0,0,0
R,cooperation,synchronization_cooperation,312,multi_agent_llm_pattern,0,0,0,0,0,0,0
R,cooperation,synchronization_cooperation,313,multi_agent_llm_pattern,0,0,0,0,0,0,0
R,cooperation,synchronization_cooperation,314,multi_agent_llm_pattern,0,0,0,0,0,0,0
R,cooperation,synchronization_cooperation,315,multi_agent_llm_pattern,0,0,0,0,0,0,0
R,cooperation,synchronization_cooperation,316,multi_agent_llm_pattern,0,0,0,0,0,0,0
R,cooperation,synchronization_cooperation,317,multi_agent_llm_pattern,0,0,0,0,0,0,0
R,cooperation,synchronization_cooperation,318,multi_agent_llm_pattern,0,0,0,0,0,0,0
R,cooperation,synchronization_cooperation,319,multi_agent_llm_pattern,0,0,0,0,0,0,0
R,cooperation,synchronization_cooperation,320,multi_agent_llm_pattern,0,0,0,0,0,0,0
R,cooperation,synchronization_cooperation,321,multi_agent_llm_pattern,0,0,0,0,0,0,0
R,cooperation,synchronization_cooperation,322,multi_agent_llm_pattern,0,0,0,0,0,0,0
R,cooperation,synchronization_cooperation,323,multi_agent_llm_pattern,0,0,0,0,0,0,0
R,cooperation,synchronization_cooperation,324,multi_agent_llm_pattern,0,0,0,0,0,0,0
R,cooperation,synchronization_cooperation,325,multi_agent_llm_pattern,0,0,0,0,0,0,0
R,cooperation,synchronization_cooperation,326,multi_agent_llm_pattern,0,0,0,0,0,0,0
R,cooperation,synchronization_cooperation,327,multi_agent_llm_pattern,0,0,0,0,0,0,0
R,cooperation,synchronization_cooperation,328,multi_agent_llm_pattern,0,0,0,0,0,0,0
R,cooperation,synchronization_cooperation,329,multi_agent_llm_pattern,0,0,0,0,0,0,0
R,cooperation,synchronization_cooperation,330,multi_agent_llm_pattern,0,0,0,0,0,0,0
R,cooperation,synchronization_cooperation,331,multi_agent_llm_pattern,0,0,0,0,0,0,0
R,cooperation,synchronization_cooperation,332,multi_agent_llm_pattern,0,0,0,0,0,0,0
R,cooperation,synchronization_cooperation,333,multi_agent_llm_pattern,0,0,0,0,0,0,0
R,cooperation,synchronization_cooperation,334,multi_agent_llm_pattern,0,0,0,0,0,0,0
R,cooperation,synchronization_cooperation,335,multi_agent_llm_pattern,0,0,0,0,0,0,0
R,cooperation,synchronization_cooperation,336,multi_agent_llm_pattern,0,0,0,0,0,0,0
R,cooperation,synchronization_cooperation,337,multi_agent_llm_pattern,0,0,0,0,0,0,0
R,cooperation,synchronization_cooperation,338,multi_agent_llm_pattern,0,0,0,0,0,0,0
R,cooperation,synchronization_cooperation,339,multi_agent_llm_pattern,0,0,0,0,0,0,0
R,cooperation,synchronization_cooperation,340,multi_agent_llm_pattern,0,0,0,0,0,0,0
R,cooperation,synchronization_cooperation,341,multi_agent_llm_pattern,0,0,0,0,0,0,0
R,cooperation,synchronization_cooperation,342,multi_agent_llm_pattern,0,0,0,0,0,0,0
R,cooperation,synchronization_cooperation,343,multi_agent_llm_pattern,0,0,0,0,0,0,0
R,cooperation,synchronization_cooperation,344,multi_agent_llm_pattern,0,0,0,0,0,0,0
R,cooperation,synchronization_cooperation,345,multi_agent_llm_pattern,0,0,0,0,0,0,0
R,cooperation,synchronization_cooperation,346,multi_agent_llm_pattern,0,0,0,0,0,0,0
R,cooperation,synchronization_cooperation,347,multi_agent_llm_pattern,0,0,0,0,0,0,0
R,cooperation,synchronization_cooperation,348,multi_agent_llm_pattern,0,0,0,0,0,0,0
R,cooperation,synchronization_cooperation,349,multi_agent_llm_pattern,0,0,0,0,0,0,0
R,cooperation,synchronization_cooperation,350,multi_agent_llm_pattern,0,0,0,0,0,0,0
R,cooperation,synchronization_cooperation,351,multi_agent_llm_pattern,0,0,0,0,0,0,0
R,cooperation,synchronization_cooperation,352,multi_agent_llm_pattern,0,0,0,0,0,0,0
R,cooperation,synchronization_cooperation,353,multi_agent_llm_pattern,0,0,0,0,0,0,0
R,cooperation,synchronization_cooperation,354,multi_agent_llm_pattern,0,0,0,0,0,0,0
R,cooperation,synchronization_cooperation,355,multi_agent_llm_pattern,0,0,0,0,0,0,0
R,cooperation,synchronization_cooperation,356,multi_agent_llm_pattern,0,0,0,0,0,0,0
R,cooperation,synchronization_cooperation,357,multi_agent_llm_pattern,0,0,0,0,0,0,0
R,cooperation,synchronization_cooperation,358,multi_agent_llm_pattern,0,0,0,0,0,0,0
R,cooperation,synchronization_cooperation,359,multi_agent_llm_pattern,0,0,0,0,0,0,0
R,cooperation,synchronization_cooperation,360,multi_agent_llm_pattern,0,0,0,0,0,0,0
R,cooperation,synchronization_cooperation,361,multi_agent_llm_pattern,0,0,0,0,0,0,0
R,cooperation,synchronization_cooperation,362,multi_agent_llm_pattern,0,0,0,0,0,0,0
R,cooperation,synchronization_cooperation,363,multi_agent_llm_pattern,0,0,0,0,0,0,0
R,cooperation,synchronization_cooperation,364,multi_agent_llm_pattern,0,0,0,0,0,0,0
R,cooperation,synchronization_cooperation,365,multi_agent_llm_pattern,0,0,0,0,0,0,0
R,cooperation,synchronization_cooperation,366,multi_agent_llm_pattern,0,0,0,0,0,0,0
R,cooperation,synchronization_cooperation,367,multi_agent_llm_pattern,0,0,0,0,0,0,0
R,cooperation,synchronization_cooperation,368,multi_agent_llm_pattern,0,0,0,0,0,0,0
R,cooperation,synchronization_cooperation,369,multi_agent_llm_pattern,0,0,0,0,0,0,0
R,cooperation,synchronization_cooperation,370,multi_agent_llm_pattern,0,0,0,0,0,0,0
R,cooperation,synchronization_cooperation,371,multi_agent_llm_pattern,0,0,0,0,0,0,0
R,cooperation,synchronization_cooperation,372,multi_agent_llm_pattern,0,0,0,0,0,0,0
R,cooperation,synchronization_cooperation,373,multi_agent_llm_pattern,0,0,0,0,0,0,0
R,cooperation,synchronization_cooperation,374,multi_agent_llm_pattern,0,0,0,0,0,0,0
R,cooperation,synchronization_cooperation,375,multi_agent_llm_pattern,0,0,0,0,0,0,0
R,cooperation,synchronization_cooperation,376,multi_agent_llm_pattern,0,0,0,0,0,0,0
R,cooperation,synchronization_cooperation,377,multi_agent_llm_pattern,0,0,0,0,0,0,0
R,cooperation,synchronization_cooperation,378,multi_agent_llm_pattern,0,0,0,0,0,0,0
R,cooperation,synchronization_cooperation,379,multi_agent_llm_pattern,0,0,0,0,0,0,0
R,cooperation,synchronization_cooperation,380,multi_agent_llm_pattern,0,0,0,0,0,0,0
R,cooperation,synchronization_cooperation,381,multi_agent_llm_pattern,0,0,0,0,0,0,0
R,cooperation,synchronization_cooperation,382,multi_agent_llm_pattern,0,0,0,0,0,0,0
R,cooperation,synchronization_cooperation,383,multi_agent_llm_pattern,0,0,0,0,0,0,0
R,cooperation,synchronization_cooperation,384,multi_agent_llm_pattern,0,0,0,0,0,0,0
R,cooperation,synchronization_cooperation,385,multi_agent_llm_pattern,0,0,0,0,0,0,0
R,cooperation,synchronization_cooperation,386,multi_agent_llm_pattern,0,0,0,0,0,0,0
R,cooperation,synchronization_cooperation,387,multi_agent_llm_pattern,0,0,0,0,0,0,0
R,cooperation,synchronization_cooperation,388,multi_agent_llm_pattern,0,0,0,0,0,0,0
R,cooperation,synchronization_cooperation,389,multi_agent_llm_pattern,0,0,0,0,0,0,0
R,cooperation,synchronization_cooperation,390,multi_agent_llm_pattern,0,0,0,0,0,0,0
R,cooperation,synchronization_cooperation,391,multi_agent_llm_pattern,0,0,0,0,0,0,0
R,cooperation,synchronization_cooperation,392,multi_agent_llm_pattern,0,0,0,0,0,0,0
R,cooperation,synchronization_cooperation,393,multi_agent_llm_pattern,0,0,0,0,0,0,0
R,cooperation,synchronization_cooperation,394,multi_agent_llm_pattern,0,0,0,0,0,0,0
R,cooperation,synchronization_cooperation,395,multi_agent_llm_pattern,0,0,0,0,0,0,0
R,cooperation,synchronization_cooperation,396,multi_agent_llm_pattern,0,0,0,0,0,0,0
R,cooperation,synchronization_cooperation,397,multi_agent_llm_pattern,0,0,0,0,0,0,0
R,cooperation,synchronization_cooperation,398,multi_agent_llm_pattern,0,0,0,0,0,0,0
R,cooperation,synchronization_cooperation,399,multi_agent_llm_pattern,0,0,0,0,0,0,0
R,cooperation,synchronization_cooperation,400,multi_agent_llm_pattern,0,0,0,0,0,0,0
R,cooperation,synchronization_cooperation,401,multi_agent_llm_pattern,0,0,0,0,0,0,0
R,cooperation,synchronization_cooperation,402,multi_agent_llm_pattern,0,0,0,0,0,0,0
R,cooperation,synchronization_cooperation,403,multi_agent_llm_pattern,0,0,0,0,0,0,0
R,cooperation,synchronization_cooperation,404,multi_agent_llm_pattern,0,0,0,0,0,0,0
R,cooperation,synchronization_cooperation,405,multi_agent_llm_pattern,0,0,0,0,0,0,0
R,cooperation,synchronization_cooperation,406,multi_agent_llm_pattern,0,0,0,0,0,0,0
R,cooperation,synchronization_cooperation,407,multi_agent_llm_pattern,0,0,0,0,0,0,0
R,cooperation,synchronization_cooperation,408,multi_agent_llm_pattern,0,0,0,0,0,0,0
R,cooperation,synchronization_cooperation,409,multi_agent_llm_pattern,0,0,0,0,0,0,0
R,cooperation,synchronization_cooperation,410,multi_agent_llm_pattern,0,0,0,0,0,0,0
R,cooperation,synchronization_cooperation,411,multi_agent_llm_pattern,0,0,0,0,0,0,0
R,cooperation,synchronization_cooperation,412,multi_agent_llm_pattern,0,0,0,0,0,0,0
R,cooperation,synchronization_cooperation,413,multi_agent_llm_pattern,0,0,0,0,0,0,0
R,cooperation,synchronization_cooperation,414,multi_agent_llm_pattern,0,0,0,0,0,0,0
R,cooperation,synchronization_cooperation,415,multi_agent_llm_pattern,0,0,0,0,0,0,0
R,cooperation,synchronization_cooperation,416,multi_agent_llm_pattern,0,0,0,0,0,0,0
R,cooperation,synchronization_cooperation,417,multi_agent_llm_pattern,0,0,0,0,0,0,0
R,cooperation,synchronization_cooperation,418,multi_agent_llm_pattern,0,0,0,0,0,0,0
R,cooperation,synchronization_cooperation,419,multi_agent_llm_pattern,0,0,0,0,0,0,0
R,cooperation,synchronization_cooperation,420,multi_agent_llm_pattern,0,0,0,0,0,0,0
R,cooperation,synchronization_cooperation,421,multi_agent_llm_pattern,0,0,0,0,0,0,0
R,cooperation,synchronization_cooperation,422,multi_agent_llm_pattern,0,0,0,0,0,0,0
R,cooperation,synchronization_cooperation,423,multi_agent_llm_pattern,0,0,0,0,0,0,0
R,cooperation,synchronization_cooperation,424,multi_agent_llm_pattern,0,0,0,0,0,0,0
R,cooperation,synchronization_cooperation,425,multi_agent_llm_pattern,0,0,0,0,0,0,0
R,cooperation,synchronization_cooperation,426,multi_agent_llm_pattern,0,0,0,0,0,0,0
R,cooperation,synchronization_cooperation,427,multi_agent_llm_pattern,0,0,0,0,0,0,0
R,cooperation,synchronization_cooperation,428,multi_agent_llm_pattern,0,0,0,0,0,0,0
R,cooperation,synchronization_cooperation,429,multi_agent_llm_pattern,0,0,0,0,0,0,0
R,cooperation,synchronization_cooperation,430,multi_agent_llm_pattern,0,0,0,0,0,0,0
R,cooperation,synchronization_cooperation,431,multi_agent_llm_pattern,0,0,0,0,0,0,0
R,cooperation,synchronization_cooperation,432,multi_agent_llm_pattern,0,0,0,0,0,0,0
R,cooperation,synchronization_cooperation,433,multi_agent_llm_pattern,0,0,0,0,0,0,0
R,cooperation,synchronization_cooperation,434,multi_agent_llm_pattern,0,0,0,0,0,0,0
R,cooperation,synchronization_cooperation,435,multi_agent_llm_pattern,0,0,0,0,0,0,0
R,cooperation,synchronization_cooperation,436,multi_agent_llm_pattern,0,0,0,0,0,0,0
R,cooperation,synchronization_cooperation,437,multi_agent_llm_pattern,0,0,0,0,0,0,0
R,cooperation,synchronization_cooperation,438,multi_agent_llm_pattern,0,0,0,0,0,0,0
R,cooperation,synchronization_cooperation,439,multi_agent_llm_pattern,0,0,0,0,0,0,0
R,cooperation,synchronization_cooperation,440,multi_agent_llm_pattern,0,0,0,0,0,0,0
R,cooperation,synchronization_cooperation,441,multi_agent_llm_pattern,0,0,0,0,0,0,0
R,cooperation,synchronization_cooperation,442,multi_agent_llm_pattern,0,0,0,0,0,0,0
R,cooperation,synchronization_cooperation,443,multi_agent_llm_pattern,0,0,0,0,0,0,0
R,cooperation,synchronization_cooperation,444,multi_agent_llm_pattern,0,0,0,0,0,0,0
R,cooperation,synchronization_cooperation,445,multi_agent_llm_pattern,0,0,0,0,0,0,0
R,cooperation,synchronization_cooperation,446,multi_agent_llm_pattern,0,0,0,0,0,0,0
R,cooperation,synchronization_cooperation,447,multi_agent_llm_pattern,0,0,0,0,0,0,0
R,cooperation,synchronization_cooperation,448,multi_agent_llm_pattern,0,0,0,0,0,0,0
R,cooperation,synchronization_cooperation,449,multi_agent_llm_pattern,0,0,0,0,0,0,0
R,cooperation,synchronization_cooperation,450,multi_agent_llm_pattern,0,0,0,0,0,0,0
R,cooperation,synchronization_cooperation,451,multi_agent_llm_pattern,0,0,0,0,0,0,0
R,cooperation,synchronization_cooperation,452,multi_agent_llm_pattern,0,0,0,0,0,0,0
R,cooperation,synchronization_cooperation,453,multi_agent_llm_pattern,0,0,0,0,0,0,0
R,cooperation,synchronization_cooperation,454,multi_agent_llm_pattern,0,0,0,0,0,0,0
R,cooperation,synchronization_cooperation,455,multi_agent_llm_pattern,0,0,0,0,0,0,0
R,cooperation,synchronization_cooperation,456,multi_agent_llm_pattern,0,0,0,0,0,0,0
R,cooperation,synchronization_cooperation,457,multi_agent_llm_pattern,0,0,0,0,0,0,0
R,cooperation,synchronization_cooperation,458,multi_agent_llm_pattern,0,0,0,0,0,0,0
R,cooperation,synchronization_cooperation,459,multi_agent_llm_pattern,0,0,0,0,0,0,0
R,cooperation,synchronization_cooperation,460,multi_agent_llm_pattern,0,0,0,0,0,0,0
R,cooperation,synchronization_cooperation,461,multi_agent_llm_pattern,0,0,0,0,0,0,0
R,cooperation,synchronization_cooperation,462,multi_agent_llm_pattern,0,0,0,0,0,0,0
R,cooperation,synchronization_cooperation,463,multi_agent_llm_pattern,0,0,0,0,0,0,0
R,cooperation,synchronization_cooperation,464,multi_agent_llm_pattern,0,0,0,0,0,0,0
R,cooperation,synchronization_cooperation,465,multi_agent_llm_pattern,0,0,0,0,0,0,0
R,cooperation,synchronization_cooperation,466,multi_agent_llm_pattern,0,0,0,0,0,0,0
R,cooperation,synchronization_cooperation,467,multi_agent_llm_pattern,0,0,0,0,0,0,0
R,cooperation,synchronization_cooperation,468,multi_agent_llm_pattern,0,0,0,0,0,0,0
R,cooperation,synchronization_cooperation,469,multi_agent_llm_pattern,0,0,0,0,0,0,0
R,cooperation,synchronization_cooperation,470,multi_agent_llm_pattern,0,0,0,0,0,0,0
R,cooperation,synchronization_cooperation,471,multi_agent_llm_pattern,0,0,0,0,0,0,0
R,cooperation,synchronization_cooperation,472,multi_agent_llm_pattern,0,0,0,0,0,0,0
R,cooperation,synchronization_cooperation,473,multi_agent_llm_pattern,0,0,0,0,0,0,0
R,cooperation,synchronization_cooperation,474,multi_agent_llm_pattern,0,0,0,0,0,0,0
R,cooperation,synchronization_cooperation,475,multi_agent_llm_pattern,0,0,0,0,0,0,0
R,cooperation,synchronization_cooperation,476,multi_agent_llm_pattern,0,0,0,0,0,0,0
R,cooperation,synchronization_cooperation,477,multi_agent_llm_pattern,0,0,0,0,0,0,0
R,cooperation,synchronization_cooperation,478,multi_agent_llm_pattern,0,0,0,0,0,0,0
R,cooperation,synchronization_cooperation,479,multi_agent_llm_pattern,0,0,0,0,0,0,0
R,cooperation,synchronization_cooperation,480,multi_agent_llm_pattern,0,0,0,0,0,0,0
R,cooperation,synchronization_cooperation,481,multi_agent_llm_pattern,0,0,0,0,0,0,0
R,cooperation,synchronization_cooperation,482,multi_agent_llm_pattern,0,0,0,0,0,0,0
R,cooperation,synchronization_cooperation,483,multi_agent_llm_pattern,0,0,0,0,0,0,0
R,cooperation,synchronization_cooperation,484,multi_agent_llm_pattern,0,0,0,0,0,0,0
R,cooperation,synchronization_cooperation,485,multi_agent_llm_pattern,0,0,0,0,0,0,0
R,cooperation,synchronization_cooperation,486,multi_agent_llm_pattern,0,0,0,0,0,0,0
R,cooperation,synchronization_cooperation,487,multi_agent_llm_pattern,0,0,0,0,0,0,0
R,cooperation,synchronization_cooperation,488,multi_agent_llm_pattern,0,0,0,0,0,0,0
R,cooperation,synchronization_cooperation,489,multi_agent_llm_pattern,0,0,0,0,0,0,0
R,cooperation,synchronization_cooperation,490,multi_agent_llm_pattern,0,0,0,0,0,0,0
R,cooperation,synchronization_cooperation,491,multi_agent_llm_pattern,0,0,0,0,0,0,0
R,cooperation,synchronization_cooperation,492,multi_agent_llm_pattern,0,0,0,0,0,0,0
R,cooperation,synchronization_cooperation,493,multi_agent_llm_pattern,0,0,0,0,0,0,0
R,cooperation,synchronization_cooperation,494,multi_agent_llm_pattern,0,0,0,0,0,0,0
R,cooperation,synchronization_cooperation,495,multi_agent_llm_pattern,0,0,0,0,0,0,0
R,cooperation,synchronization_cooperation,496,multi_agent_llm_pattern,0,0,0,0,0,0,0
R,cooperation,synchronization_cooperation,497,multi_agent_llm_pattern,0,0,0,0,0,0,0
R,cooperation,synchronization_cooperation,498,multi_agent_llm_pattern,0,0,0,0,0,0,0
R,cooperation,synchronization_cooperation,499,multi_agent_llm_pattern,0,0,0,0,0,0,0
R,cooperation,synchronization_cooperation,500,multi_agent_llm_pattern,0,0,0,0,0,0,0
R,cooperation,synchronization_cooperation,501,multi_agent_llm_pattern,0,0,0,0,0,0,0
R,cooperation,synchronization_cooperation,502,multi_agent_llm_pattern,0,0,0,0,0,0,0
R,cooperation,synchronization_cooperation,503,multi_agent_llm_pattern,0,0,0,0,0,0,0
R,cooperation,synchronization_cooperation,504,multi_agent_llm_pattern,0,0,0,0,0,0,0
R,cooperation,synchronization_cooperation,505,multi_agent_llm_pattern,0,0,0,0,0,0,0
R,cooperation,synchronization_cooperation,506,multi_agent_llm_pattern,0,0,0,0,0,0,0
R,cooperation,synchronization_cooperation,507,multi_agent_llm_pattern,0,0,0,0,0,0,0
R,cooperation,synchronization_cooperation,508,multi_agent_llm_pattern,0,0,0,0,0,0,0
R,cooperation,synchronization_cooperation,509,multi_agent_llm_pattern,0,0,0,0,0,0,0
R,cooperation,synchronization_cooperation,510,multi_agent_llm_pattern,0,0,0,0,0,0,0
R,cooperation,synchronization_cooperation,511,multi_agent_llm_pattern,0,0,0,0,0,0,0
R,cooperation,synchronization_cooperation,512,multi_agent_llm_pattern,0,0,0,0,0,0,0
R,cooperation,synchronization_cooperation,513,multi_agent_llm_pattern,0,0,0,0,0,0,0
R,cooperation,synchronization_cooperation,514,multi_agent_llm_pattern,0,0,0,0,0,0,0
R,cooperation,synchronization_cooperation,515,multi_agent_llm_pattern,0,0,0,0,0,0,0
R,cooperation,synchronization_cooperation,516,multi_agent_llm_pattern,0,0,0,0,0,0,0
R,cooperation,synchronization_cooperation,517,multi_agent_llm_pattern,0,0,0,0,0,0,0
R,cooperation,synchronization_cooperation,518,multi_agent_llm_pattern,0,0,0,0,0,0,0
R,cooperation,synchronization_cooperation,519,multi_agent_llm_pattern,0,0,0,0,0,0,0
R,cooperation,synchronization_cooperation,520,multi_agent_llm_pattern,0,0,0,0,0,0,0
R,cooperation,synchronization_cooperation,521,multi_agent_llm_pattern,0,0,0,0,0,0,0
R,cooperation,synchronization_cooperation,522,multi_agent_llm_pattern,0,0,0,0,0,0,0
R,cooperation,Joint Toy Cleanup_cooperation,0,multi_agent_llm,0,1,0,0,1,2,0
R,cooperation,Object Transportation_cooperation,0,multi_agent_llm,0,1,0,0,1,2,0
R,cooperation,Object Transportation_cooperation,1,multi_agent_llm,0,1,0,0,1,2,0
R,cooperation,Object Transportation_cooperation,2,multi_agent_llm,0,1,0,0,1,1,1
R,cooperation,Object Transportation_cooperation,3,multi_agent_llm,0,1,0,0,1,2,0
R,cooperation,Object Transportation_cooperation,4,multi_agent_llm,0,1,0,0,1,3,0
R,cooperation,Object Transportation_cooperation,5,multi_agent_llm,0,1,0,0,1,2,0
R,cooperation,Object Transportation_cooperation,6,multi_agent_llm,0,1,0,0,1,1,1
R,cooperation,Object Transportation_cooperation,7,multi_agent_llm,0,1,0,0,1,2,0
R,cooperation,Object Transportation_cooperation,8,multi_agent_llm,0,0,0,0,1,1,1
R,cooperation,Object Transportation_cooperation,9,multi_agent_llm,0,1,0,0,1,1,0
R,cooperation,Object Transportation_cooperation,10,multi_agent_llm,0,1,0,0,1,2,0
R,cooperation,Object Transportation_cooperation,11,multi_agent_llm,0,1,0,0,1,2,0
R,cooperation,Object Transportation_cooperation,12,multi_agent_llm,0,1,0,0,1,2,0
R,cooperation,Object Transportation_cooperation,13,multi_agent_llm,0,1,0,0,1,3,0
R,cooperation,Object Transportation_cooperation,14,multi_agent_llm,0,0,0,0,1,1,1
R,cooperation,Object Transportation_cooperation,15,multi_agent_llm,0,0,0,0,1,1,1
R,cooperation,Object Transportation_cooperation,16,multi_agent_llm,0,1,0,0,1,2,0
R,cooperation,Object Transportation_cooperation,17,multi_agent_llm,0,1,0,0,1,2,0
R,cooperation,Object Transportation_cooperation,18,multi_agent_llm,0,1,0,0,1,2,0
R,cooperation,Object Transportation_cooperation,19,multi_agent_llm,0,0,0,0,1,1,1
R,cooperation,Object Transportation_cooperation,20,multi_agent_llm,0,0,0,0,1,1,1
R,cooperation,Object Transportation_cooperation,21,multi_agent_llm,0,0,0,0,1,1,1
R,cooperation,Object Transportation_cooperation,22,multi_agent_llm,0,0,0,0,1,1,1
R,cooperation,Object Transportation_cooperation,23,multi_agent_llm,0,1,0,0,1,2,0
R,cooperation,Object Transportation_cooperation,24,multi_agent_llm,0,0,0,0,1,1,1
R,cooperation,Object Transportation_cooperation,25,multi_agent_llm,0,1,0,0,1,2,0
R,cooperation,Object Transportation_cooperation,26,multi_agent_llm,0,0,0,0,1,1,1
R,cooperation,Object Transportation_cooperation,27,multi_agent_llm,0,0,0,0,1,1,1
R,cooperation,Object Transportation_cooperation,28,multi_agent_llm,0,0,0,0,1,1,1
R,cooperation,Object Transportation_cooperation,29,multi_agent_llm,0,1,0,0,1,3,0
R,cooperation,Object Transportation_cooperation,30,multi_agent_llm,0,0,0,0,1,1,1
R,cooperation,Object Transportation_cooperation,31,multi_agent_llm,0,1,0,0,1,2,0
R,cooperation,Object Transportation_cooperation,32,multi_agent_llm,0,1,0,0,1,2,0
R,cooperation,Object Transportation_cooperation,33,multi_agent_llm,0,1,0,0,1,3,0
R,cooperation,Object Transportation_cooperation,34,multi_agent_llm,0,1,0,0,1,2,0
R,cooperation,Object Transportation_cooperation,35,multi_agent_llm,0,1,0,0,1,2,0
R,cooperation,Object Transportation_cooperation,36,multi_agent_llm,0,0,0,0,1,1,1
R,cooperation,Object Transportation_cooperation,37,multi_agent_llm,0,1,0,0,1,2,0
R,cooperation,Object Transportation_cooperation,38,multi_agent_llm,0,1,0,0,1,2,0
R,cooperation,Object Transportation_cooperation,39,multi_agent_llm,0,0,0,0,1,1,1
R,cooperation,Object Transportation_cooperation,40,multi_agent_llm,0,1,0,0,1,2,0
R,cooperation,Object Transportation_cooperation,41,multi_agent_llm,0,0,0,0,1,1,1
R,cooperation,Object Transportation_cooperation,42,multi_agent_llm,0,1,0,0,1,2,0
R,cooperation,Object Transportation_cooperation,43,multi_agent_llm,0,1,0,0,1,2,0
R,cooperation,Object Transportation_cooperation,44,multi_agent_llm,0,1,0,0,1,2,0
R,cooperation,Object Transportation_cooperation,45,multi_agent_llm,0,1,0,0,1,2,0
R,cooperation,Object Transportation_cooperation,46,multi_agent_llm,0,1,0,0,1,2,0
R,cooperation,Object Transportation_cooperation,47,multi_agent_llm,0,1,0,0,1,1,0
R,cooperation,Object Transportation_cooperation,48,multi_agent_llm,0,1,0,0,0,0,0
R,cooperation,Object Transportation_cooperation,49,multi_agent_llm,0,1,0,0,1,2,0
R,cooperation,Object Transportation_cooperation,50,multi_agent_llm,0,1,0,0,1,2,0
R,cooperation,Object Transportation_cooperation,51,multi_agent_llm,0,1,0,0,1,3,0
R,cooperation,Object Transportation_cooperation,52,multi_agent_llm,0,1,0,0,1,1,0
R,cooperation,Object Transportation_cooperation,53,multi_agent_llm,0,1,0,0,1,2,0
R,cooperation,Object Transportation_cooperation,54,multi_agent_llm,0,0,0,0,1,1,1
R,cooperation,Joint Object Transport_cooperation,0,multi_agent_llm,0,1,0,0,1,2,0
R,cooperation,Joint Object Transport_cooperation,1,multi_agent_llm,0,1,0,0,0,0,0
R,cooperation,Joint Object Transport_cooperation,2,multi_agent_llm,0,1,0,0,1,2,0
R,cooperation,Joint Object Transport_cooperation,3,multi_agent_llm,0,1,0,0,1,2,0
R,cooperation,Joint Object Transport_cooperation,4,multi_agent_llm,0,1,0,0,1,3,0
R,cooperation,Joint Object Transport_cooperation,5,multi_agent_llm,0,1,0,0,1,2,0
R,cooperation,Joint Object Transport_cooperation,6,multi_agent_llm,0,1,0,0,1,2,0
R,cooperation,Joint Object Transport_cooperation,7,multi_agent_llm,0,1,0,0,1,2,0
R,cooperation,Joint Object Transport_cooperation,8,multi_agent_llm,0,1,0,0,1,2,0
R,cooperation,Joint Object Transport_cooperation,9,multi_agent_llm,0,1,0,0,1,2,0
R,cooperation,Joint Object Transport_cooperation,10,multi_agent_llm,0,1,0,0,1,2,0
R,cooperation,Joint Object Transport_cooperation,11,multi_agent_llm,0,1,0,0,1,2,0
R,cooperation,Joint Object Transport_cooperation,12,multi_agent_llm,0,1,0,0,1,2,0
R,cooperation,Joint Object Transport_cooperation,13,multi_agent_llm,0,1,0,0,1,2,0
R,cooperation,Joint Object Transport_cooperation,14,multi_agent_llm,0,1,0,0,1,3,0
R,cooperation,Joint Object Transport_cooperation,15,multi_agent_llm,0,1,0,0,1,2,0
R,cooperation,Joint Object Transport_cooperation,16,multi_agent_llm,0,1,0,0,0,0,0
R,cooperation,Joint Object Transport_cooperation,17,multi_agent_llm,0,1,0,0,1,2,0
R,cooperation,Joint Object Transport_cooperation,18,multi_agent_llm,0,1,0,0,1,2,0
R,cooperation,Joint Object Transport_cooperation,19,multi_agent_llm,0,1,0,0,1,2,0
R,cooperation,Joint Object Transport_cooperation,20,multi_agent_llm,0,1,0,0,1,2,0
R,cooperation,Joint Object Transport_cooperation,21,multi_agent_llm,0,1,0,0,1,2,0
R,cooperation,Joint Object Transport_cooperation,22,multi_agent_llm,0,1,0,0,1,1,0
R,cooperation,Joint Object Transport_cooperation,23,multi_agent_llm,0,1,0,0,1,2,0
R,cooperation,Joint Object Transport_cooperation,24,multi_agent_llm,0,1,0,0,1,2,0
R,cooperation,Joint Object Transport_cooperation,25,multi_agent_llm,0,1,0,0,1,2,0
R,cooperation,Joint Object Transport_cooperation,26,multi_agent_llm,0,1,0,0,1,2,0
R,cooperation,Joint Object Transport_cooperation,27,multi_agent_llm,0,1,0,0,1,2,0
R,cooperation,Joint Object Transport_cooperation,28,multi_agent_llm,0,1,0,0,1,3,0
R,cooperation,Joint Object Transport_cooperation,29,multi_agent_llm,0,1,0,0,1,2,0
R,cooperation,Joint Object Transport_cooperation,30,multi_agent_llm,0,1,0,0,1,2,0
R,cooperation,Joint Object Transport_cooperation,31,multi_agent_llm,0,1,0,0,1,2,0
R,cooperation,Joint Object Transport_cooperation,32,multi_agent_llm,0,1,0,0,1,2,0
R,cooperation,Joint Object Transport_cooperation,33,multi_agent_llm,0,1,0,0,1,2,0
R,cooperation,Joint Object Transport_cooperation,34,multi_agent_llm,0,1,0,0,1,2,0
R,cooperation,Joint Object Transport_cooperation,35,multi_agent_llm,0,1,0,0,1,2,0
R,cooperation,Joint Object Transport_cooperation,36,multi_agent_llm,0,1,0,0,1,2,0
R,cooperation,Joint Object Transport_cooperation,37,multi_agent_llm,0,1,0,0,1,2,0
R,cooperation,Joint Object Transport_cooperation,38,multi_agent_llm,0,1,0,0,1,2,0
R,cooperation,Joint Object Transport_cooperation,39,multi_agent_llm,0,1,0,0,1,2,0
R,cooperation,Joint Object Transport_cooperation,40,multi_agent_llm,0,1,0,0,1,2,0
R,cooperation,Joint Object Transport_cooperation,41,multi_agent_llm,0,1,0,0,1,2,0
R,cooperation,Joint Object Transport_cooperation,42,multi_agent_llm,0,1,0,0,1,2,0
R,cooperation,Joint Object Transport_cooperation,43,multi_agent_llm,0,1,0,0,1,2,0
R,cooperation,Joint Object Transport_cooperation,44,multi_agent_llm,0,1,0,0,1,2,0
R,cooperation,Joint Object Transport_cooperation,45,multi_agent_llm,0,1,0,0,1,2,0
R,cooperation,Joint Object Transport_cooperation,46,multi_agent_llm,0,1,0,0,1,2,0
R,cooperation,Joint Object Transport_cooperation,47,multi_agent_llm,0,1,0,0,1,2,0
R,cooperation,Joint Object Transport_cooperation,48,multi_agent_llm,0,1,0,0,0,0,0
R,cooperation,Joint Object Transport_cooperation,49,multi_agent_llm,0,1,0,0,1,2,0
R,cooperation,Joint Object Transport_cooperation,50,multi_agent_llm,0,1,0,0,1,2,0
R,cooperation,Joint Object Transport_cooperation,51,multi_agent_llm,0,1,0,0,1,2,0
R,cooperation,Joint Object Transport_cooperation,52,multi_agent_llm,0,1,0,0,1,2,0
R,cooperation,Joint Object Transport_cooperation,53,multi_agent_llm,0,1,0,0,1,2,0
R,cooperation,Joint Object Transport_cooperation,54,multi_agent_llm,0,1,0,0,1,2,0
R,cooperation,Joint Object Transport_cooperation,55,multi_agent_llm,0,1,0,0,1,2,0
R,cooperation,Joint Object Transport_cooperation,56,multi_agent_llm,0,1,0,0,1,2,0
R,cooperation,Joint Object Transport_cooperation,57,multi_agent_llm,0,1,0,0,1,2,0
R,cooperation,Joint Object Transport_cooperation,58,multi_agent_llm,0,1,0,0,1,2,0
R,cooperation,Joint Object Transport_cooperation,59,multi_agent_llm,0,1,0,0,1,2,0
R,cooperation,Joint Object Transport_cooperation,60,multi_agent_llm,0,1,0,0,1,2,0
R,cooperation,Joint Object Transport_cooperation,61,multi_agent_llm,0,1,0,0,1,2,0
R,cooperation,Joint Object Transport_cooperation,62,multi_agent_llm,0,1,0,0,1,2,0
R,cooperation,Joint Object Transport_cooperation,63,multi_agent_llm,0,1,0,0,1,2,0
R,cooperation,Joint Object Transport_cooperation,64,multi_agent_llm,0,1,0,0,1,2,0
R,cooperation,Joint Object Transport_cooperation,65,multi_agent_llm,0,1,0,0,1,2,0
R,cooperation,Joint Object Transport_cooperation,66,multi_agent_llm,0,1,0,0,1,2,0
R,cooperation,Joint Object Transport_cooperation,67,multi_agent_llm,0,1,0,0,1,2,0
R,cooperation,Joint Object Transport_cooperation,68,multi_agent_llm,0,1,0,0,1,2,0
R,cooperation,Joint Object Transport_cooperation,69,multi_agent_llm,0,1,0,0,1,2,0
R,cooperation,Joint Object Transport_cooperation,70,multi_agent_llm,0,1,0,0,1,2,0
R,cooperation,Joint Object Transport_cooperation,71,multi_agent_llm,0,1,0,0,1,2,0
R,cooperation,Joint Object Transport_cooperation,72,multi_agent_llm,0,1,0,0,1,2,0
R,cooperation,Joint Object Transport_cooperation,73,multi_agent_llm,0,1,0,0,1,2,0
R,cooperation,Joint Object Transport_cooperation,74,multi_agent_llm,0,1,0,0,1,2,0
R,cooperation,Joint Object Transport_cooperation,75,multi_agent_llm,0,1,0,0,1,2,0
R,cooperation,Joint Object Transport_cooperation,76,multi_agent_llm,0,1,0,0,1,2,0
R,cooperation,Joint Object Transport_cooperation,77,multi_agent_llm,0,1,0,0,1,2,0
R,cooperation,Joint Object Transport_cooperation,78,multi_agent_llm,0,1,0,0,1,2,0
R,cooperation,Joint Object Transport_cooperation,79,multi_agent_llm,0,1,0,0,1,2,0
R,cooperation,Joint Object Transport_cooperation,80,multi_agent_llm,0,1,0,0,1,2,0
R,cooperation,Joint Object Transport_cooperation,81,multi_agent_llm,0,1,0,0,1,2,0
R,cooperation,Joint Object Transport_cooperation,82,multi_agent_llm,0,1,0,0,1,5,0
R,cooperation,Joint Object Transport_cooperation,83,multi_agent_llm,0,1,0,0,1,2,0
R,cooperation,Joint Object Transport_cooperation,84,multi_agent_llm,0,1,0,0,1,2,0
R,cooperation,Joint Object Transport_cooperation,85,multi_agent_llm,0,1,0,0,1,2,0
R,cooperation,Joint Object Transport_cooperation,86,multi_agent_llm,0,1,0,0,1,2,0
R,cooperation,Joint Object Transport_cooperation,87,multi_agent_llm,0,1,0,0,1,2,0
R,cooperation,Joint Object Transport_cooperation,88,multi_agent_llm,0,1,0,0,1,2,0
R,cooperation,Joint Object Transport_cooperation,89,multi_agent_llm,0,1,0,0,1,2,0
R,cooperation,Joint Object Transport_cooperation,90,multi_agent_llm,0,1,0,0,1,2,0
R,cooperation,Joint Object Transport_cooperation,91,multi_agent_llm,0,1,0,0,1,2,0
R,cooperation,Joint Object Transport_cooperation,92,multi_agent_llm,0,1,0,0,1,2,0
R,cooperation,Joint Object Transport_cooperation,93,multi_agent_llm,0,1,0,0,1,2,0
R,cooperation,Joint Object Transport_cooperation,94,multi_agent_llm,0,1,0,0,1,2,0
R,cooperation,Joint Object Transport_cooperation,95,multi_agent_llm,0,1,0,0,1,2,0
R,cooperation,Joint Object Transport_cooperation,96,multi_agent_llm,0,1,0,0,1,3,0
R,cooperation,Joint Object Transport_cooperation,97,multi_agent_llm,0,1,0,0,1,2,0
R,cooperation,Joint Object Transport_cooperation,98,multi_agent_llm,0,1,0,0,1,2,0
R,cooperation,Joint Object Transport_cooperation,99,multi_agent_llm,0,1,0,0,1,2,0
R,cooperation,Joint Object Transport_cooperation,100,multi_agent_llm,0,1,0,0,1,2,0
R,cooperation,Joint Object Transport_cooperation,101,multi_agent_llm,0,1,0,0,1,2,0
R,cooperation,Joint Object Transport_cooperation,102,multi_agent_llm,0,1,0,0,1,3,0
R,cooperation,Joint Object Transport_cooperation,103,multi_agent_llm,0,1,0,0,1,2,0
R,cooperation,Joint Object Transport_cooperation,104,multi_agent_llm,0,1,0,0,1,2,0
R,cooperation,Joint Object Transport_cooperation,105,multi_agent_llm,0,1,0,0,1,2,0
R,cooperation,Joint Object Transport_cooperation,106,multi_agent_llm,0,1,0,0,0,0,0
R,cooperation,Joint Object Transport_cooperation,107,multi_agent_llm,0,1,0,0,1,2,0
R,cooperation,Joint Object Transport_cooperation,108,multi_agent_llm,0,1,0,0,1,2,0
R,cooperation,Joint Object Transport_cooperation,109,multi_agent_llm,0,1,0,0,1,2,0
R,cooperation,Joint Object Transport_cooperation,110,multi_agent_llm,0,1,0,0,1,2,0
R,cooperation,Joint Object Transport_cooperation,111,multi_agent_llm,0,1,0,0,1,2,0
R,cooperation,Joint Object Transport_cooperation,112,multi_agent_llm,0,1,0,0,1,2,0
R,cooperation,Joint Object Transport_cooperation,113,multi_agent_llm,0,1,0,0,1,2,0
R,cooperation,Joint Object Transport_cooperation,114,multi_agent_llm,0,1,0,0,0,0,0
R,cooperation,Joint Object Transport_cooperation,115,multi_agent_llm,0,1,0,0,1,2,0
R,cooperation,Joint Object Transport_cooperation,116,multi_agent_llm,0,1,0,0,1,2,0
R,cooperation,Joint Object Transport_cooperation,117,multi_agent_llm,0,1,0,0,1,2,0
R,cooperation,Joint Object Transport_cooperation,118,multi_agent_llm,0,1,0,0,1,2,0
R,cooperation,Joint Object Transport_cooperation,119,multi_agent_llm,0,1,0,0,1,3,0
R,cooperation,Joint Object Transport_cooperation,120,multi_agent_llm,0,1,0,0,1,2,0
R,cooperation,Joint Object Transport_cooperation,121,multi_agent_llm,0,1,0,0,1,3,0
R,cooperation,Joint Object Transport_cooperation,122,multi_agent_llm,0,1,0,0,1,2,0
R,cooperation,Joint Object Transport_cooperation,123,multi_agent_llm,0,1,0,0,1,2,0
R,cooperation,Joint Object Transport_cooperation,124,multi_agent_llm,0,1,0,0,1,2,0
R,cooperation,Joint Object Transport_cooperation,125,multi_agent_llm,0,1,0,0,1,2,0
R,cooperation,Joint Object Transport_cooperation,126,multi_agent_llm,0,1,0,0,1,2,0
R,cooperation,Transporting Multiple Objects_cooperation,0,multi_agent_llm,0,1,0,0,1,3,0
R,cooperation,Transporting Multiple Objects_cooperation,1,multi_agent_llm,0,1,0,0,1,3,0
R,cooperation,Shared Table Setup_cooperation,0,multi_agent_llm,0,1,0,0,1,3,0
R,cooperation,Shared Table Setup_cooperation,1,multi_agent_llm,0,1,0,0,1,2,0
R,cooperation,Shared Table Setup_cooperation,2,multi_agent_llm,0,1,0,0,1,3,0
R,cooperation,Shared Table Setup_cooperation,3,multi_agent_llm,0,1,0,0,1,3,0
R,cooperation,Shared Table Setup_cooperation,4,multi_agent_llm,0,1,0,0,1,4,0
R,cooperation,Shared Table Setup_cooperation,5,multi_agent_llm,0,1,0,0,1,3,0
R,cooperation,Joint Object Transportation_cooperation,0,multi_agent_llm,0,1,0,0,1,3,0
R,cooperation,Joint Object Transportation_cooperation,1,multi_agent_llm,0,1,0,0,1,2,0
R,cooperation,Joint Object Transportation_cooperation,2,multi_agent_llm,0,1,0,0,1,3,0
R,cooperation,Joint Object Transportation_cooperation,3,multi_agent_llm,0,1,0,0,1,2,0
R,cooperation,Joint Object Transportation_cooperation,4,multi_agent_llm,0,1,0,0,1,2,0
R,cooperation,Joint Object Transportation_cooperation,5,multi_agent_llm,0,1,0,0,1,2,0
R,cooperation,Joint Object Transportation_cooperation,6,multi_agent_llm,0,1,0,0,1,2,0
R,cooperation,Joint Object Transportation_cooperation,7,multi_agent_llm,0,1,0,0,1,2,0
R,cooperation,Joint Object Transportation_cooperation,8,multi_agent_llm,0,1,0,0,1,2,0
R,cooperation,Joint Object Transportation_cooperation,9,multi_agent_llm,0,1,0,0,1,2,0
R,cooperation,Joint Object Transportation_cooperation,10,multi_agent_llm,0,1,0,0,1,2,0
R,cooperation,Joint Object Transportation_cooperation,11,multi_agent_llm,0,1,0,0,1,2,0
R,cooperation,Joint Object Transportation_cooperation,12,multi_agent_llm,0,1,0,0,1,3,0
R,cooperation,Joint Object Transportation_cooperation,13,multi_agent_llm,0,1,0,0,0,0,0
R,cooperation,Joint Object Transportation_cooperation,14,multi_agent_llm,0,1,0,0,1,2,0
R,cooperation,Joint Object Transportation_cooperation,15,multi_agent_llm,0,1,0,0,1,2,0
R,cooperation,Joint Object Transportation_cooperation,16,multi_agent_llm,0,1,0,0,1,2,0
R,cooperation,Joint Object Transportation_cooperation,17,multi_agent_llm,0,1,0,0,1,2,0
R,cooperation,Joint Object Transportation_cooperation,18,multi_agent_llm,0,1,0,0,1,2,0
R,cooperation,Joint Object Transportation_cooperation,19,multi_agent_llm,0,1,0,0,1,2,0
R,cooperation,Joint Object Transportation_cooperation,20,multi_agent_llm,0,1,0,0,1,3,0
R,cooperation,Joint Object Transportation_cooperation,21,multi_agent_llm,0,1,0,0,1,2,0
R,cooperation,Joint Object Transportation_cooperation,22,multi_agent_llm,0,1,0,0,1,4,0
R,cooperation,Bottle Retrieval_cooperation,0,multi_agent_llm,0,0,0,0,1,1,1
R,cooperation,Monitor Stand Transportation_cooperation,0,multi_agent_llm,0,0,0,0,1,1,1
R,cooperation,Monitor Stand Transportation_cooperation,1,multi_agent_llm,0,0,0,0,1,1,1
R,cooperation,Monitor Stand Transportation_cooperation,2,multi_agent_llm,0,0,0,0,1,1,1
R,cooperation,Stuffed Toy Delivery_cooperation,0,multi_agent_llm,0,0,0,0,1,1,1
R,cooperation,Monitor Stand Transport_cooperation,0,multi_agent_llm,0,0,0,0,1,1,1
R,cooperation,Monitor Stand Transport_cooperation,1,multi_agent_llm,0,0,0,0,1,1,1
R,cooperation,Book Transportation_cooperation,0,multi_agent_llm,0,0,0,0,1,1,1
R,cooperation,Book Transportation_cooperation,1,multi_agent_llm,0,0,0,0,1,1,1
R,cooperation,Book Transportation_cooperation,2,multi_agent_llm,0,0,0,0,1,1,1
R,cooperation,Book Transportation_cooperation,3,multi_agent_llm,0,0,0,0,1,1,1
R,cooperation,Book Transportation_cooperation,4,multi_agent_llm,0,0,0,0,1,1,1
R,cooperation,Book Transportation_cooperation,5,multi_agent_llm,0,0,0,0,1,1,1
R,cooperation,Book Transportation_cooperation,6,multi_agent_llm,0,0,0,0,1,1,1
R,cooperation,Book Transportation_cooperation,7,multi_agent_llm,0,1,0,0,1,2,0
R,cooperation,Book Transportation_cooperation,8,multi_agent_llm,0,1,0,0,1,1,1
R,cooperation,Book Transportation_cooperation,9,multi_agent_llm,0,0,0,0,1,1,1
R,cooperation,Book Transportation_cooperation,10,multi_agent_llm,0,0,0,0,1,1,1
R,cooperation,Object Placement Coordination_cooperation,0,multi_agent_llm,0,1,0,0,1,2,0
R,cooperation,Object Placement Coordination_cooperation,1,multi_agent_llm,0,1,0,0,1,2,0
R,cooperation,Pineapple Transportation_cooperation,0,multi_agent_llm,0,0,0,0,1,1,1
R,cooperation,Pineapple Transportation_cooperation,1,multi_agent_llm,0,0,0,0,1,1,1
R,cooperation,Pineapple Transportation_cooperation,2,multi_agent_llm,0,0,0,0,1,1,1
R,cooperation,Pineapple Transportation_cooperation,3,multi_agent_llm,0,1,0,0,1,2,0
R,cooperation,Decorating Shelves_cooperation,0,multi_agent_llm,0,1,0,0,1,2,0
R,cooperation,Tidying Up_cooperation,0,multi_agent_llm,0,1,0,0,1,2,0
R,cooperation,Tidying Up_cooperation,1,multi_agent_llm,0,1,0,0,1,3,0
R,cooperation,Rearranging Dining Room_cooperation,0,multi_agent_llm,0,1,0,0,1,2,0
R,cooperation,Independent Object Transport_cooperation,0,multi_agent_llm,0,1,0,0,1,2,0
R,cooperation,Independent Object Transport_cooperation,1,multi_agent_llm,0,1,0,0,1,2,0
R,cooperation,Independent Object Transport_cooperation,2,multi_agent_llm,0,1,0,0,0,0,0
R,cooperation,Independent Object Transport_cooperation,3,multi_agent_llm,0,1,0,0,1,2,0
R,cooperation,Independent Object Transport_cooperation,4,multi_agent_llm,0,1,0,0,1,2,0
R,cooperation,Shared Table Placement_cooperation,0,multi_agent_llm,0,1,0,0,1,3,0
R,cooperation,Shared Table Placement_cooperation,1,multi_agent_llm,0,1,0,0,1,2,0
R,cooperation,Folder Delivery_cooperation,0,multi_agent_llm,0,1,0,0,1,2,0
R,cooperation,Bowl Transportation_cooperation,0,multi_agent_llm,0,0,0,0,1,1,1
R,cooperation,Bowl Transportation_cooperation,1,multi_agent_llm,0,0,0,0,1,1,1
R,cooperation,Bowl Transportation_cooperation,2,multi_agent_llm,0,0,0,0,1,1,1
R,cooperation,Bowl Transportation_cooperation,3,multi_agent_llm,0,0,0,0,1,1,1
R,cooperation,Joint Item Transportation_cooperation,0,multi_agent_llm,0,1,0,0,1,2,0
R,cooperation,Toy Bee Relocation_cooperation,0,multi_agent_llm,0,0,0,0,1,1,1
R,cooperation,Towel Retrieval_cooperation,0,multi_agent_llm,0,0,0,0,1,1,1
R,cooperation,Setting the Table_cooperation,0,multi_agent_llm,0,1,0,0,1,2,0
R,cooperation,Setting the Table_cooperation,1,multi_agent_llm,0,1,0,0,1,2,0
R,cooperation,Tidying up the kitchen and placing items on the living room table_cooperation,0,multi_agent_llm,0,1,0,0,1,2,0
R,cooperation,Airplane Transportation_cooperation,0,multi_agent_llm,0,0,0,0,1,1,1
R,cooperation,Airplane Transportation_cooperation,1,multi_agent_llm,0,0,0,0,1,1,1
R,cooperation,Airplane Transportation_cooperation,2,multi_agent_llm,0,0,0,0,1,1,1
R,cooperation,Corrected Bring Objects to Fridge_cooperation_patched,0,episode_593_patched,0,1,1,0,1,2,0
R,cooperation,Lamp Transportation_cooperation,0,multi_agent_llm,0,0,0,0,1,1,1
R,cooperation,Lamp Transportation_cooperation,1,multi_agent_llm,0,0,0,0,1,1,1
R,cooperation,Lamp Transportation_cooperation,2,multi_agent_llm,0,0,0,0,1,1,1
R,cooperation,Table Setting_cooperation,0,multi_agent_llm,0,1,0,0,1,4,0
R,cooperation,Table Setting_cooperation,1,multi_agent_llm,0,1,0,0,1,3,0
R,cooperation,Table Setting_cooperation,2,multi_agent_llm,0,1,0,0,1,2,0
R,cooperation,Table Setting_cooperation,3,multi_agent_llm,0,1,0,0,1,2,0
R,cooperation,Table Setting_cooperation,4,multi_agent_llm,0,1,0,0,1,2,0
R,cooperation,Table Setting_cooperation,5,multi_agent_llm,0,1,0,0,1,2,0
R,cooperation,Table Setting_cooperation,6,multi_agent_llm,0,1,0,0,1,2,0
R,cooperation,Table Setting_cooperation,7,multi_agent_llm,0,1,0,0,1,4,0
R,cooperation,Table Setting_cooperation,8,multi_agent_llm,0,1,0,0,1,2,0
R,cooperation,Table Setting_cooperation,9,multi_agent_llm,0,1,0,0,1,4,0
R,cooperation,Table Setting_cooperation,10,multi_agent_llm,0,1,0,0,1,3,0
R,cooperation,Spatula Placement_cooperation,0,multi_agent_llm,0,0,0,0,1,1,1
R,cooperation,Spatula Placement_cooperation,1,multi_agent_llm,0,0,0,0,1,1,1
R,cooperation,Corrected Put Gaming Console_cooperation_patched,0,episode_822_patched,0,1,1,0,0,0,1
R,cooperation,Joint Object Placement_cooperation,0,multi_agent_llm,0,1,0,0,1,2,0
R,cooperation,Joint Object Placement_cooperation,1,multi_agent_llm,0,1,0,0,1,2,0
R,cooperation,Joint Object Placement_cooperation,2,multi_agent_llm,0,1,0,0,1,2,0
R,cooperation,Joint Object Placement_cooperation,3,multi_agent_llm,0,1,0,0,1,2,0
R,cooperation,Joint Object Placement_cooperation,4,multi_agent_llm,0,1,0,0,1,2,0
R,cooperation,Joint Object Placement_cooperation,5,multi_agent_llm,0,1,0,0,1,2,0
R,cooperation,Joint Object Placement_cooperation,6,multi_agent_llm,0,1,0,0,1,2,0
R,cooperation,Joint Object Placement_cooperation,7,multi_agent_llm,0,1,0,0,1,2,0
R,cooperation,Joint Object Placement_cooperation,8,multi_agent_llm,0,1,0,0,1,2,0
R,cooperation,Joint Object Placement_cooperation,9,multi_agent_llm,0,1,0,0,1,2,0
R,cooperation,Joint Object Placement_cooperation,10,multi_agent_llm,0,1,0,0,1,2,0
R,cooperation,Joint Object Placement_cooperation,11,multi_agent_llm,0,1,0,0,1,2,0
R,cooperation,Joint Object Placement_cooperation,12,multi_agent_llm,0,1,0,0,1,2,0
R,cooperation,Joint Table Rearrangement_cooperation,0,multi_agent_llm,0,1,0,0,1,2,0
R,cooperation,Corrected Vase Placement_cooperation_patched,0,episode_1211_patched,0,0,1,0,0,0,1
R,cooperation,Corrected Candle Placement_cooperation_patched,0,episode_1211_patched,0,0,1,0,0,0,1
R,cooperation,Corrected Picture Frame Placement_cooperation_patched,0,episode_1211_patched,0,0,1,0,0,0,1
R,cooperation,Rearranging Living Room_cooperation,0,multi_agent_llm,0,1,0,0,1,3,0
R,cooperation,Rearranging Living Room_cooperation,1,multi_agent_llm,0,1,0,0,1,3,0
R,cooperation,Shared Object Placement_cooperation,0,multi_agent_llm,0,1,0,0,1,1,0
R,cooperation,Shared Task Accomplishment_cooperation,0,multi_agent_llm,0,1,0,0,1,3,0
R,cooperation,Shared Task Accomplishment_cooperation,1,multi_agent_llm,0,1,0,0,1,2,0
R,cooperation,Object Swap_cooperation,0,multi_agent_llm,0,1,0,0,1,2,0
R,cooperation,Rearrange Entryway_cooperation,0,multi_agent_llm,0,1,0,0,1,2,0
R,cooperation,Corrected Move Objects to Chest of Drawers_cooperation_patched,0,episode_590_patched,0,0,1,0,1,4,0
R,cooperation,Joint Glass Placement_cooperation,0,multi_agent_llm,0,1,0,0,1,2,0
R,cooperation,Setting up Breakfast Area_cooperation,0,multi_agent_llm,0,1,0,0,1,2,0
R,cooperation,Object Relocation_cooperation,0,multi_agent_llm,0,1,0,0,1,2,0
R,cooperation,Object Relocation_cooperation,1,multi_agent_llm,0,1,0,0,1,2,0
R,cooperation,Object Relocation_cooperation,2,multi_agent_llm,0,1,0,0,1,2,0
R,cooperation,Object Relocation_cooperation,3,multi_agent_llm,0,1,0,0,1,2,0
R,cooperation,Object Relocation_cooperation,4,multi_agent_llm,0,1,0,0,1,2,0
R,cooperation,Object Relocation_cooperation,5,multi_agent_llm,0,1,0,0,1,2,0
R,cooperation,Object Relocation_cooperation,6,multi_agent_llm,0,1,0,0,1,2,0
R,cooperation,Object Relocation_cooperation,7,multi_agent_llm,0,1,0,0,1,2,0
R,cooperation,Object Relocation_cooperation,8,multi_agent_llm,0,1,0,0,1,2,0
R,cooperation,Object Relocation_cooperation,9,multi_agent_llm,0,1,0,0,1,2,0
R,cooperation,Object Relocation_cooperation,10,multi_agent_llm,0,1,0,0,1,3,0
R,cooperation,Object Relocation_cooperation,11,multi_agent_llm,0,1,0,0,1,2,0
R,cooperation,Object Relocation_cooperation,12,multi_agent_llm,0,1,0,0,1,2,0
R,cooperation,Corrected Candle and Lamp Placement_cooperation_patched,0,episode_584_patched,0,1,1,0,1,2,0
R,cooperation,Toy Animal Relocation_cooperation,0,multi_agent_llm,0,0,0,0,1,1,1
R,cooperation,Move Toys to Other Bedroom_cooperation_patched,0,episode_649_patched,0,1,1,0,0,0,0
R,cooperation,Toy Swing Transportation_cooperation,0,multi_agent_llm,0,0,0,0,1,1,1
R,cooperation,Candle Holder Relocation_cooperation,0,multi_agent_llm,0,0,0,0,1,1,1
R,cooperation,Tray and Ingredients Transport_cooperation,0,multi_agent_llm,0,1,0,0,1,3,0
R,cooperation,Joint Table Setup_cooperation,0,multi_agent_llm,0,1,0,0,0,0,0
R,cooperation,Joint Table Setup_cooperation,1,multi_agent_llm,0,1,0,0,1,3,0
R,cooperation,Joint Table Setup_cooperation,2,multi_agent_llm,0,1,0,0,1,2,0
R,cooperation,Placing Objects on Table_cooperation,0,multi_agent_llm,0,1,0,0,1,2,0
R,cooperation,Candle Holder Transportation_cooperation,0,multi_agent_llm,0,0,0,0,1,1,1
R,cooperation,Candle Holder Transportation_cooperation,1,multi_agent_llm,0,0,0,0,1,1,1
R,cooperation,Candle Holder Transportation_cooperation,2,multi_agent_llm,0,0,0,0,1,1,1
R,cooperation,Folder Retrieval_cooperation,0,multi_agent_llm,0,0,0,0,1,1,1
R,cooperation,Shoe Transportation_cooperation,0,multi_agent_llm,0,0,0,0,1,1,1
R,cooperation,Shoe Transportation_cooperation,1,multi_agent_llm,0,1,0,0,1,2,0
R,cooperation,Shoe Transportation_cooperation,2,multi_agent_llm,0,1,0,0,1,2,0
R,cooperation,Toy Car Relocation_cooperation,0,multi_agent_llm,0,0,0,0,1,1,1
R,cooperation,Teapot Transportation_cooperation,0,multi_agent_llm,0,0,0,0,1,1,1
R,cooperation,Plant Relocation_cooperation,0,multi_agent_llm,0,1,0,0,1,1,1
R,cooperation,Plant Relocation_cooperation,1,multi_agent_llm,0,1,0,0,1,1,1
R,cooperation,Plant Relocation_cooperation,2,multi_agent_llm,0,1,0,0,1,2,0
R,cooperation,Plant Relocation_cooperation,3,multi_agent_llm,0,1,0,0,1,2,0
R,cooperation,Corrected Place Bottle in Fridge_cooperation_patched,0,episode_76_patched,0,1,1,0,1,1,1
R,cooperation,Coordinated Place Hat on Counter and Bottle in Fridge_cooperation_patched,0,episode_76_patched,0,1,1,0,1,2,0
R,cooperation,Toy Placement_cooperation,0,multi_agent_llm,0,1,0,0,0,0,0
R,cooperation,Freezer Experiment Setup_cooperation,0,multi_agent_llm,0,0,0,0,1,1,1
R,cooperation,Hard Drive Transfer_cooperation,0,multi_agent_llm,0,0,0,0,1,1,1
R,cooperation,Kettle Transportation_cooperation,0,multi_agent_llm,0,0,0,0,1,1,1
R,cooperation,Kettle Transportation_cooperation,1,multi_agent_llm,0,0,0,0,1,1,1
R,cooperation,Kettle Transportation_cooperation,2,multi_agent_llm,0,0,0,0,1,1,1
R,cooperation,Towel Transportation_cooperation,0,multi_agent_llm,0,0,0,0,1,1,1
R,cooperation,Towel Transportation_cooperation,1,multi_agent_llm,0,0,0,0,1,1,1
R,cooperation,Towel Transportation_cooperation,2,multi_agent_llm,0,1,0,0,1,2,0
R,cooperation,Towel Transportation_cooperation,3,multi_agent_llm,0,1,0,0,1,2,0
R,cooperation,Jug Relocation_cooperation,0,multi_agent_llm,0,0,0,0,1,1,1
R,cooperation,Jug Relocation_cooperation,1,multi_agent_llm,0,0,0,0,1,1,1
R,cooperation,Utensil Retrieval_cooperation,0,multi_agent_llm,0,1,0,0,1,3,0
R,cooperation,Android Transportation_cooperation,0,multi_agent_llm,0,0,0,0,1,1,1
R,cooperation,Sequential Task Execution_cooperation,0,multi_agent_llm,0,0,0,0,1,1,1
R,cooperation,Shared Object Transportation_cooperation,0,multi_agent_llm,0,1,0,0,1,2,0
R,cooperation,Shared Object Transportation_cooperation,1,multi_agent_llm,0,1,0,0,1,2,0
R,cooperation,Shared Object Transportation_cooperation,2,multi_agent_llm,0,1,0,0,1,2,0
R,cooperation,Canister Transport_cooperation,0,multi_agent_llm,0,0,0,0,1,1,1
R,cooperation,cup_transportation_cooperation,0,multi_agent_llm,0,0,0,0,1,1,1
R,cooperation,cup_transportation_cooperation,1,multi_agent_llm,0,0,0,0,1,1,1
R,cooperation,Candle Transportation_cooperation,0,multi_agent_llm,0,0,0,0,1,1,1
R,cooperation,Candle Transportation_cooperation,1,multi_agent_llm,0,0,0,0,1,1,1
R,cooperation,Candle Transportation_cooperation,2,multi_agent_llm,0,0,0,0,1,1,1
R,cooperation,Candle Transportation_cooperation,3,multi_agent_llm,0,0,0,0,1,1,1
R,cooperation,Object Retrieval and Placement_cooperation,0,multi_agent_llm,0,0,0,0,1,1,1
R,cooperation,Frame Retrieval_cooperation,0,multi_agent_llm,0,0,0,0,1,1,1
R,cooperation,Monitor Stand Delivery_cooperation,0,multi_agent_llm,0,1,0,0,1,2,0
R,cooperation,Plant Saucer Transportation_cooperation,0,multi_agent_llm,0,0,0,0,1,1,1
R,cooperation,Plant Saucer Transportation_cooperation,1,multi_agent_llm,0,0,0,0,1,1,1
R,cooperation,Sushi Mat Retrieval_cooperation,0,multi_agent_llm,0,0,0,0,1,1,1
R,cooperation,Moving Breakfast Items_cooperation,0,multi_agent_llm,0,1,0,0,1,2,0
R,cooperation,Candle Retrieval_cooperation,0,multi_agent_llm,0,0,0,0,1,1,1
R,cooperation,Book Retrieval_cooperation,0,multi_agent_llm,0,0,0,0,1,1,1
R,cooperation,Ramekin Retrieval_cooperation,0,multi_agent_llm,0,0,0,0,1,1,1
R,cooperation,No Joint Skill_cooperation,0,multi_agent_llm,0,1,0,0,1,1,1
R,cooperation,Retrieval and Placement_cooperation,0,multi_agent_llm,0,0,0,0,1,1,1
R,cooperation,Corrected Setup Play Area_cooperation_patched,0,episode_1304_patched,0,1,1,0,1,2,0
R,cooperation,Object Transfer_cooperation,0,multi_agent_llm,0,1,0,0,1,2,0
R,cooperation,Object Transfer_cooperation,1,multi_agent_llm,0,1,0,0,1,2,0
R,cooperation,Office Setup_cooperation,0,multi_agent_llm,0,1,0,0,1,5,0
R,cooperation,Object Transport_cooperation,0,multi_agent_llm,0,1,0,0,1,1,0
R,cooperation,Object Transport_cooperation,1,multi_agent_llm,0,1,0,0,1,2,0
R,cooperation,Object Transport_cooperation,2,multi_agent_llm,0,0,0,0,1,1,1
R,cooperation,Object Transport_cooperation,3,multi_agent_llm,0,1,0,0,1,2,0
R,cooperation,Object Transport_cooperation,4,multi_agent_llm,0,0,0,0,1,1,1
R,cooperation,Vehicle Relocation_cooperation,0,multi_agent_llm,0,0,0,0,1,1,1
R,cooperation,Vehicle Relocation_cooperation,1,multi_agent_llm,0,0,0,0,1,1,1
R,cooperation,Vehicle Relocation_cooperation,2,multi_agent_llm,0,0,0,0,1,1,1
R,cooperation,Frame Transportation_cooperation,0,multi_agent_llm,0,0,0,0,1,1,1
R,cooperation,Frame Transportation_cooperation,1,multi_agent_llm,0,0,0,0,1,1,1
R,cooperation,Frame Transportation_cooperation,2,multi_agent_llm,0,0,0,0,1,1,1
R,cooperation,Doll Transportation_cooperation,0,multi_agent_llm,0,0,0,0,1,1,1
R,cooperation,Doll Transportation_cooperation,1,multi_agent_llm,0,0,0,0,1,1,1
R,cooperation,Tool Relocation_cooperation,0,multi_agent_llm,0,1,0,0,1,1,0
R,cooperation,Bottle Transportation_cooperation,0,multi_agent_llm,0,0,0,0,1,1,1
R,cooperation,Bottle Transportation_cooperation,1,multi_agent_llm,0,0,0,0,1,1,1
R,cooperation,Bottle Transportation_cooperation,2,multi_agent_llm,0,0,0,0,1,1,1
R,cooperation,Jug Transportation_cooperation,0,multi_agent_llm,0,0,0,0,1,1,1
R,cooperation,Jug Transportation_cooperation,1,multi_agent_llm,0,1,0,0,1,1,1
R,cooperation,Jug Transportation_cooperation,2,multi_agent_llm,0,0,0,0,1,1,1
R,cooperation,Electronics Delivery_cooperation,0,multi_agent_llm,0,1,0,0,1,2,0
R,cooperation,Toy Animal Transport_cooperation,0,multi_agent_llm,0,0,0,0,1,1,1
R,cooperation,Corrected Spoon Placement_cooperation_patched,0,episode_1526_patched,0,1,1,0,1,1,1
R,cooperation,Optimized Navigation_cooperation_patched,0,episode_1526_patched,0,1,1,0,1,3,0
R,cooperation,Joint Table Setting_cooperation,0,multi_agent_llm,0,1,0,0,1,3,0
R,cooperation,Independent Task Completion_cooperation,0,multi_agent_llm,0,0,0,0,0,0,0
R,cooperation,Independent Task Completion_cooperation,1,multi_agent_llm,0,0,0,0,0,0,0
R,cooperation,Independent Task Completion_cooperation,2,multi_agent_llm,0,0,0,0,0,0,0
R,cooperation,Independent Task Completion_cooperation,3,multi_agent_llm,0,1,0,0,1,2,0
R,cooperation,Independent Task Completion_cooperation,4,multi_agent_llm,0,1,0,0,1,2,0
R,cooperation,Tape Transportation_cooperation,0,multi_agent_llm,0,0,0,0,1,1,1
R,cooperation,Moving Objects to Closet_cooperation,0,multi_agent_llm,0,1,0,0,1,2,0
R,cooperation,Lunch Box Transportation_cooperation,0,multi_agent_llm,0,0,0,0,1,1,1
R,cooperation,Android Figure Transportation_cooperation,0,multi_agent_llm,0,0,0,0,1,1,1
R,cooperation,Moving Objects to Designated Locations_cooperation,0,multi_agent_llm,0,1,0,0,1,1,0
R,cooperation,Moving Objects to Designated Locations_cooperation,1,multi_agent_llm,0,1,0,0,1,2,0
R,cooperation,Moving Objects to Designated Locations_cooperation,2,multi_agent_llm,0,1,0,0,1,2,0
R,cooperation,Moving Objects to Designated Locations_cooperation,3,multi_agent_llm,0,1,0,0,1,2,0
R,cooperation,Moving Objects to Designated Locations_cooperation,4,multi_agent_llm,0,1,0,0,1,2,0
R,cooperation,Moving Objects to Designated Locations_cooperation,5,multi_agent_llm,0,1,0,0,1,3,0
R,cooperation,Rearranging Living Room Objects_cooperation,0,multi_agent_llm,0,1,0,0,1,2,0
R,cooperation,Rearranging Living Room Objects_cooperation,1,multi_agent_llm,0,1,0,0,1,2,0
R,cooperation,Coordinated Stuffed Toy Movement_cooperation_patched,0,episode_812_patched,0,1,1,0,1,1,1
R,cooperation,Complete Task Execution_cooperation_patched,0,episode_1201_patched,0,0,1,0,0,0,0
R,cooperation,Corrected Move Objects to Office_cooperation_patched,0,episode_820_patched,0,1,1,0,0,0,0
R,cooperation,Object Placement_cooperation,0,multi_agent_llm,0,1,0,0,1,3,0
R,cooperation,Object Placement_cooperation,1,multi_agent_llm,0,1,0,0,1,3,0
R,cooperation,Object Placement_cooperation,2,multi_agent_llm,0,1,0,0,1,2,0
R,cooperation,Object Placement_cooperation,3,multi_agent_llm,0,1,0,0,1,2,0
R,cooperation,Object Placement_cooperation,4,multi_agent_llm,0,1,0,0,1,2,0
R,cooperation,Object Placement_cooperation,5,multi_agent_llm,0,1,0,0,1,2,0
R,cooperation,Object Placement_cooperation,6,multi_agent_llm,0,1,0,0,1,3,0
R,cooperation,Plate Collection_cooperation,0,multi_agent_llm,0,1,0,0,0,0,0
R,cooperation,Tool Transportation_cooperation,0,multi_agent_llm,0,1,0,0,1,2,0
R,cooperation,Moving Objects to Destination_cooperation,0,multi_agent_llm,0,1,0,0,1,2,0
R,cooperation,Moving Objects to Destination_cooperation,1,multi_agent_llm,0,1,0,0,1,2,0
R,cooperation,Laundry Room Cleanup_cooperation,0,multi_agent_llm,0,1,0,0,1,2,0
R,cooperation,Grouping Toy Airplanes_cooperation,0,multi_agent_llm,0,1,0,0,1,3,0
R,cooperation,Moving Objects to Bedroom_cooperation,0,multi_agent_llm,0,1,0,0,1,2,0
R,cooperation,Airplane Relocation_cooperation,0,multi_agent_llm,0,0,0,0,1,1,1
R,cooperation,Container Relocation_cooperation,0,multi_agent_llm,0,0,0,0,1,1,1
R,cooperation,Container Relocation_cooperation,1,multi_agent_llm,0,0,0,0,1,1,1
R,cooperation,Container Relocation_cooperation,2,multi_agent_llm,0,0,0,0,1,1,1
R,cooperation,Table Decoration_cooperation,0,multi_agent_llm,0,1,0,0,1,2,0
R,cooperation,Corrected Scissors Placement_cooperation_patched,0,episode_692_patched,0,1,1,0,1,1,1
R,cooperation,Plant Container Relocation_cooperation,0,multi_agent_llm,0,0,0,0,1,1,1
R,cooperation,Sushi Mat Transportation_cooperation,0,multi_agent_llm,0,0,0,0,1,1,1
R,cooperation,Sushi Mat Transportation_cooperation,1,multi_agent_llm,0,0,0,0,1,1,1
R,cooperation,Joint Placement_cooperation,0,multi_agent_llm,0,1,0,0,1,2,0
R,cooperation,Joint Placement_cooperation,1,multi_agent_llm,0,1,0,0,1,1,0
R,cooperation,Hat Relocation_cooperation,0,multi_agent_llm,0,0,0,0,1,1,1
R,cooperation,Vase Transportation_cooperation,0,multi_agent_llm,0,0,0,0,1,1,1
R,cooperation,Vase Transportation_cooperation,1,multi_agent_llm,0,0,0,0,1,1,1
R,cooperation,Vase Transportation_cooperation,2,multi_agent_llm,0,0,0,0,1,1,1
R,cooperation,Vase Transportation_cooperation,3,multi_agent_llm,0,1,0,0,1,2,0
R,cooperation,Vase Transportation_cooperation,4,multi_agent_llm,0,0,0,0,1,1,1
R,cooperation,Cushion Transportation_cooperation,0,multi_agent_llm,0,0,0,0,1,1,1
R,cooperation,Shared Object Transport_cooperation,0,multi_agent_llm,0,1,0,0,1,2,0
R,cooperation,Phone Stand Movement_cooperation,0,multi_agent_llm,0,0,0,0,1,1,1
R,cooperation,Carrying Case Transportation_cooperation,0,multi_agent_llm,0,1,0,0,1,3,0
R,cooperation,ramekin_transport_cooperation,0,multi_agent_llm,0,0,0,0,1,1,1
R,cooperation,Handbag Transportation_cooperation,0,multi_agent_llm,0,0,0,0,1,1,1
R,cooperation,Handbag Transportation_cooperation,1,multi_agent_llm,0,0,0,0,1,1,1
R,cooperation,Monitor Stand Relocation_cooperation,0,multi_agent_llm,0,0,0,0,1,1,1
R,cooperation,Monitor Stand Relocation_cooperation,1,multi_agent_llm,0,0,0,0,1,1,1
R,cooperation,bundt_pan_relocation_cooperation,0,multi_agent_llm,0,0,0,0,1,1,1
R,cooperation,book_transport_cooperation,0,multi_agent_llm,0,0,0,0,1,1,1
R,cooperation,Shared Task Completion_cooperation,0,multi_agent_llm,0,1,0,0,1,2,0
R,cooperation,Shared Task Completion_cooperation,1,multi_agent_llm,0,1,0,0,1,2,0
R,cooperation,Shared Task Completion_cooperation,2,multi_agent_llm,0,1,0,0,1,2,0
R,cooperation,Shared Task Completion_cooperation,3,multi_agent_llm,0,1,0,0,1,3,0
R,cooperation,Shared Task Completion_cooperation,4,multi_agent_llm,0,1,0,0,1,3,0
R,cooperation,Item Transportation_cooperation,0,multi_agent_llm,0,1,0,0,1,2,0
R,cooperation,Decorating Living Room_cooperation,0,multi_agent_llm,0,1,0,0,1,2,0
R,cooperation,Decorating Living Room_cooperation,1,multi_agent_llm,0,1,0,0,1,3,0
R,cooperation,Laptop Cover Transportation_cooperation,0,multi_agent_llm,0,0,0,0,1,1,1
R,cooperation,Laptop Cover Transportation_cooperation,1,multi_agent_llm,0,0,0,0,1,1,1
R,cooperation,Bathroom Organization_cooperation,0,multi_agent_llm,0,1,0,0,1,2,0
R,cooperation,Rearrange Bedroom_cooperation,0,multi_agent_llm,0,1,0,0,1,2,0
R,cooperation,Helmet Transportation_cooperation,0,multi_agent_llm,0,0,0,0,1,1,1
R,cooperation,Shared Shelf Placement_cooperation,0,multi_agent_llm,0,1,0,0,1,2,0
R,cooperation,Shared Shelf Placement_cooperation,1,multi_agent_llm,0,1,0,0,1,2,0
R,cooperation,Box Transportation_cooperation,0,multi_agent_llm,0,1,0,0,1,2,0
R,cooperation,Waiting for Task Completion_cooperation,0,multi_agent_llm,0,0,0,0,1,1,1
R,cooperation,Corrected Book Transfer_cooperation_patched,0,episode_475_patched,0,1,1,0,1,1,1
R,cooperation,Object Exchange_cooperation,0,multi_agent_llm,0,1,0,0,1,2,0
R,cooperation,Object Exchange_cooperation,1,multi_agent_llm,0,1,0,0,1,2,0
R,cooperation,Object Exchange_cooperation,2,multi_agent_llm,0,1,0,0,1,2,0
R,cooperation,Tray and Plate Transport_cooperation,0,multi_agent_llm,0,1,0,0,1,2,0
R,cooperation,Corrected Object Transport_cooperation_patched,0,episode_894_patched,0,0,1,0,0,0,1
R,cooperation,Corrected Place Objects on Table_cooperation_patched,0,episode_895_patched,0,1,1,0,1,3,0
R,cooperation,Hard Drive Transport_cooperation,0,multi_agent_llm,0,0,0,0,1,1,1
R,cooperation,Vehicle Transportation_cooperation,0,multi_agent_llm,0,0,0,0,1,1,1
R,cooperation,Hard Drive Transportation_cooperation,0,multi_agent_llm,0,0,0,0,1,1,1
R,cooperation,Plate Transportation_cooperation,0,multi_agent_llm,0,0,0,0,1,1,1
R,cooperation,Bread Placement_cooperation,0,multi_agent_llm,0,1,0,0,1,2,0
R,cooperation,Corrected Placement_cooperation_patched,0,episode_722_patched,0,1,1,0,1,3,0
R,cooperation,Corrected Vase and Picture Frame Movement_cooperation_patched,0,episode_721_patched,0,1,1,0,1,1,0
R,cooperation,Corrected Move Spicemill and Can_cooperation_patched,0,episode_717_patched,0,1,1,0,0,0,0
R,cooperation,Corrected Fetch and Place_cooperation_patched,0,episode_1109_patched,0,0,1,0,0,0,0
R,cooperation,corrected_laptop_stand_and_folder_move_cooperation_patched,0,episode_714_patched,0,1,1,0,0,0,0
R,cooperation,Candy Bar Transport_cooperation,0,multi_agent_llm,0,0,0,0,1,1,1
R,cooperation,Corrected Laundry Setup_cooperation_patched,0,episode_715_patched,0,0,1,0,1,2,0
R,cooperation,Corrected Book Placement_cooperation_patched,0,episode_716_patched,0,1,1,0,1,2,0
R,cooperation,coordinated_relocation_cooperation_patched,0,episode_720_patched,0,0,1,0,0,0,0
R,cooperation,Corrected Placement of Objects on Shelves_cooperation_patched,0,episode_718_patched,0,1,1,0,1,2,0
R,cooperation,Corrected Move Vase and Folder to Living Room Table_cooperation_patched,0,episode_712_patched,0,1,1,0,1,2,0
R,cooperation,Cushion Placement_cooperation,0,multi_agent_llm,0,0,0,0,1,1,1
R,cooperation,Folder Movement_cooperation,0,multi_agent_llm,0,1,0,0,1,1,1
R,cooperation,Moving Objects to Living Room_cooperation,0,multi_agent_llm,0,1,0,0,1,2,0
R,cooperation,Moving Plant Saucer to Bedroom_cooperation,0,multi_agent_llm,0,0,0,0,1,1,1
R,cooperation,Candle Placement_cooperation,0,multi_agent_llm,0,0,0,0,1,1,1
R,cooperation,Moving Objects to Washer/Dryer_cooperation,0,multi_agent_llm,0,1,0,0,1,2,0
R,cooperation,Book Placement_cooperation,0,multi_agent_llm,0,0,0,0,1,1,1
R,cooperation,Office Cleanup_cooperation,0,multi_agent_llm,0,1,0,0,0,0,0
R,cooperation,Tape Placement Correction_cooperation_patched,0,episode_669_patched,0,1,1,0,1,1,1
R,cooperation,Board Game Transportation_cooperation,0,multi_agent_llm,0,0,0,0,1,1,1
R,cooperation,Board Game Transportation_cooperation,1,multi_agent_llm,0,0,0,0,1,1,1
R,cooperation,Corrected Bring Objects to Office_cooperation_patched,0,episode_674_patched,0,1,1,0,1,2,0
R,cooperation,Shared Table Task Completion_cooperation,0,multi_agent_llm,0,1,0,0,1,4,0
R,cooperation,Setting up play area_cooperation,0,multi_agent_llm,0,1,0,0,1,2,0
R,cooperation,Setting up play area_cooperation,1,multi_agent_llm,0,1,0,0,1,2,0
R,cooperation,Transporting Objects to Table_cooperation,0,multi_agent_llm,0,1,0,0,0,0,0
R,cooperation,Spoon Placement_cooperation,0,multi_agent_llm,0,1,0,0,1,1,1
R,cooperation,Placing Objects on Chest of Drawers_cooperation,0,multi_agent_llm,0,1,0,0,1,3,0
R,cooperation,Concurrent Object Transport_cooperation,0,multi_agent_llm,0,1,0,0,1,3,0
R,cooperation,Concurrent Object Transport_cooperation,1,multi_agent_llm,0,1,0,0,1,3,0
R,cooperation,Spatula Transport_cooperation,0,multi_agent_llm,0,0,0,0,1,1,1
R,cooperation,Shared Cabinet Placement_cooperation,0,multi_agent_llm,0,1,0,0,1,2,0
R,cooperation,Book Relocation_cooperation,0,multi_agent_llm,0,0,0,0,1,1,1
R,cooperation,Joint Cup Retrieval_cooperation,0,multi_agent_llm,0,1,0,0,1,2,0
R,cooperation,Shared Table Organization_cooperation,0,multi_agent_llm,0,1,0,0,1,3,0
R,cooperation,Shared Table Organization_cooperation,1,multi_agent_llm,0,1,0,0,1,4,0
R,cooperation,Moving Objects to Chest of Drawers_cooperation,0,multi_agent_llm,0,1,0,0,1,2,0
R,cooperation,Container Transport_cooperation,0,multi_agent_llm,0,1,0,0,1,1,1
R,cooperation,Snack Preparation_cooperation,0,multi_agent_llm,0,1,0,0,1,2,0
R,cooperation,Ramekin Transportation_cooperation,0,multi_agent_llm,0,0,0,0,1,1,1
R,cooperation,CorrectedBookMovement_cooperation_patched,0,episode_502_patched,0,1,1,0,1,1,1
R,cooperation,Corrected Vase and Phone Stand Placement_cooperation_patched,0,episode_1686_patched,0,1,1,0,0,0,0
R,cooperation,Independent Object Placement_cooperation,0,multi_agent_llm,0,0,0,0,0,0,0
R,cooperation,Independent Object Placement_cooperation,1,multi_agent_llm,0,1,0,0,1,3,0
R,cooperation,Plant Transportation_cooperation,0,multi_agent_llm,0,1,0,0,1,2,0
R,cooperation,Arranging Objects_cooperation,0,multi_agent_llm,0,1,0,0,1,3,0
R,cooperation,Setting up a snack_cooperation,0,multi_agent_llm,0,1,0,0,1,2,0
R,cooperation,Plant Container Placement_cooperation,0,multi_agent_llm,0,1,0,0,1,2,0
R,cooperation,Plant Container Placement_cooperation,1,multi_agent_llm,0,1,0,0,1,2,0
R,cooperation,Setting Up a Cozy Living Room_cooperation,0,multi_agent_llm,0,1,0,0,1,3,0
R,cooperation,Corrected Place Milk Frother Cup in Chest of Drawers_cooperation_patched,0,episode_139_patched,0,1,1,0,1,1,1
R,cooperation,Corrected Place Electronic Cable in Chest of Drawers_cooperation_patched,0,episode_139_patched,0,1,1,0,1,1,1
R,cooperation,Setting up reading nook_cooperation,0,multi_agent_llm,0,1,0,0,1,4,0
R,cooperation,Setting up reading nook_cooperation,1,multi_agent_llm,0,1,0,0,1,3,0
R,cooperation,Lamp Relocation_cooperation,0,multi_agent_llm,0,0,0,0,1,1,1
R,cooperation,Setting Table_cooperation,0,multi_agent_llm,0,1,0,0,1,2,0
R,cooperation,Joint Cup Return_cooperation,0,multi_agent_llm,0,1,0,0,1,2,0
R,cooperation,Toy Food Relocation_cooperation,0,multi_agent_llm,0,1,0,0,0,0,0
R,cooperation,Corrected Move Objects to Wardrobe_cooperation_patched,0,episode_71_patched,0,1,1,0,1,2,0
R,cooperation,Canister Transportation_cooperation,0,multi_agent_llm,0,0,0,0,1,1,1
R,cooperation,Joint Plant Movement_cooperation,0,multi_agent_llm,0,1,0,0,1,2,0
R,cooperation,kettle_transport_cooperation,0,multi_agent_llm,0,0,0,0,1,1,1
R,cooperation,Laptop Stand Transportation_cooperation,0,multi_agent_llm,0,0,0,0,1,1,1
R,cooperation,Joint Toy Transportation_cooperation,0,multi_agent_llm,0,1,0,0,1,3,0
R,cooperation,Plant Saucer Relocation_cooperation,0,multi_agent_llm,0,0,0,0,1,1,1
R,cooperation,Joint Object Transfer_cooperation,0,multi_agent_llm,0,1,0,0,1,2,0
R,cooperation,Bed Preparation_cooperation,0,multi_agent_llm,0,1,0,0,1,4,0
R,cooperation,Dinner Table Setup_cooperation,0,multi_agent_llm,0,1,0,0,0,0,0
R,cooperation,Joint Toy Placement_cooperation,0,multi_agent_llm,0,1,0,0,1,3,0
R,cooperation,Rearrange Living Room_cooperation,0,multi_agent_llm,0,1,0,0,1,2,0
R,cooperation,Rearrangement_cooperation,0,multi_agent_llm,0,1,0,0,1,3,0
R,cooperation,Corrected Put Shoe Away_cooperation_patched,0,episode_152_patched,0,1,1,0,1,1,1
R,cooperation,Shared Counter Placement_cooperation,0,multi_agent_llm,0,1,0,0,1,3,0
S,individual,wait_sequence_individual,0,agent_0_llm,0,0,0,0,0,0,0
S,individual,wait_sequence_individual,1,agent_0_llm,0,0,0,0,0,0,0
S,individual,navigate_to_target_individual,0,agent_1_llm,0,1,0,0,0,0,0
S,individual,navigate_to_target_individual,1,agent_0_llm,0,1,0,0,0,0,0
S,individual,navigate_to_target_individual,2,agent_1_llm,0,1,0,0,0,0,0
S,individual,navigate_to_target_individual,3,agent_0_llm,0,1,0,0,0,0,0
S,individual,navigate_to_target_individual,4,agent_1_llm,0,1,0,0,0,0,0
S,individual,pick_up_object_individual,0,agent_1_llm,0,1,0,0,0,0,1
S,individual,navigate_to_location_individual,0,agent_1_llm,0,1,0,0,0,0,0
S,individual,place_object_next_to_individual,0,agent_1_llm,0,1,0,0,1,1,1
S,individual,pickup_object_individual,0,agent_0_llm,0,1,0,0,0,0,1
S,individual,pickup_object_individual,1,agent_1_llm,0,1,0,0,0,0,1
S,individual,pickup_object_individual,2,agent_1_llm,0,1,0,0,0,0,1
S,individual,pickup_object_individual,3,agent_0_llm,0,1,0,0,0,0,1
S,individual,pickup_object_individual,4,agent_1_llm,0,1,0,0,0,0,1
S,individual,navigate_and_place_individual,0,agent_0_llm,0,1,0,0,1,1,1
S,individual,place_object_individual,0,agent_1_llm,0,1,0,0,1,1,1
S,individual,place_object_individual,1,agent_0_llm,0,1,0,0,1,1,1
S,individual,place_object_individual,2,agent_1_llm,0,1,0,0,1,1,1
S,individual,wait_for_task_completion_individual,0,agent_1_llm,0,0,0,0,0,0,0
S,individual,navigate_to_object_individual,0,agent_1_llm,0,1,0,0,0,0,0
S,individual,navigate_to_target_location_individual,0,agent_1_llm,0,1,0,0,0,0,0
S,individual,place_object_next_to_other_individual,0,agent_1_llm,0,1,0,0,1,1,1
S,individual,navigate_to_placement_location_individual,0,agent_0_llm,0,1,0,0,0,0,0
S,individual,open_container_individual,0,agent_1_llm,0,1,0,0,0,0,0
S,cooperation,Hat Placement_cooperation,0,multi_agent_llm,0,0,0,0,1,1,1
S,cooperation,synchronization_cooperation,0,multi_agent_llm_pattern,0,0,0,0,0,0,0
S,cooperation,synchronization_cooperation,1,multi_agent_llm_pattern,0,0,0,0,0,0,0
S,cooperation,synchronization_cooperation,2,multi_agent_llm_pattern,0,0,0,0,0,0,0
S,cooperation,synchronization_cooperation,3,multi_agent_llm_pattern,0,0,0,0,0,0,0
S,cooperation,division_of_labor_cooperation,0,multi_agent_llm_pattern,0,0,0,0,0,0,0
S,cooperation,division_of_labor_cooperation,1,multi_agent_llm_pattern,0,0,0,0,0,0,0
S,cooperation,division_of_labor_cooperation,2,multi_agent_llm_pattern,0,0,0,0,0,0,0
S,cooperation,Moving Objects to Washing Machine_cooperation,0,multi_agent_llm,0,1,0,0,1,2,0
S,cooperation,Object Placement Coordination_cooperation,0,multi_agent_llm,0,0,0,0,1,1,1
S,cooperation,Moving Objects to Target Location_cooperation,0,multi_agent_llm,0,1,0,0,1,2,0
