index,ood_subset,baseline_success,memory_success,routed_skill,injected_demo_ids,n_demos_injected,retrieval_sim_max,retrieval_sim_mean,fallback_fired,input_tokens_total,injected_tokens,truncation_flag,plan_len_baseline,plan_len_memory,scorer_seed
0,bowl_missing,False,False,single_move_asset_to_target,"[3458,228,2781,1880,4735]",5,0.7524831295013428,0.73103107213974,False,1555,576,False,5,5,0
1,plate_missing,True,True,ensure_all_fruits_on_table,"[940,1197,398,1287,352]",5,0.5748867988586426,0.5684079766273499,False,1618,630,False,5,5,1
2,bowl_missing,False,False,ensure_all_fruits_on_table,"[38,416,548,2909,161]",5,0.6202490329742432,0.6094413280487061,False,1606,623,False,5,5,2
3,plate_missing,True,False,single_move_asset_to_target,"[3458,2781,1228,228,4064]",5,0.7544512748718262,0.7373816490173339,False,1560,579,False,5,5,3
4,plate_missing,True,True,sequential_pick_two_and_place,"[583,2873,766,460,5685]",5,0.5971207618713379,0.5775422215461731,False,1752,765,False,5,5,4
5,bowl_missing,False,False,single_move_asset_to_target,"[3458,228,2781,1880,4735]",5,0.7524831295013428,0.73103107213974,False,1562,576,False,5,5,5
6,bowl_missing,False,False,ensure_all_fruits_on_table,"[73,2780,57,1222,1428]",5,0.5554057359695435,0.5518117308616638,False,1605,629,False,5,5,6
7,bowl_missing,False,False,ensure_all_fruits_on_table,"[1428,2075,56,383,1401]",5,0.5903847217559814,0.5883797645568848,False,1618,640,False,5,5,7
8,plate_missing,True,True,ensure_all_fruits_on_table,"[73,2780,57,1222,1428]",5,0.5554057359695435,0.5518117308616638,False,1605,629,False,5,5,8
9,both_missing,False,False,ensure_all_fruits_on_table,"[1401,2069,129,316,1428]",5,0.550321638584137,0.5447251200675964,False,1617,640,False,5,5,9
10,bowl_missing,False,False,single_move_asset_to_target,"[3458,2781,228,225,6705]",5,0.7081499695777893,0.6699793815612793,False,1559,580,False,5,5,10
11,plate_missing,True,True,ensure_all_fruits_on_table,"[1401,2069,129,316,1428]",5,0.550321638584137,0.5447251200675964,False,1617,640,False,5,5,11
12,bowl_missing,False,True,single_move_asset_to_target,"[3458,2781,228,225,6705]",5,0.7081499695777893,0.6699793815612793,False,1566,580,False,5,5,12
13,both_missing,False,False,sequential_pick_two_and_place,"[2700,2742,3597,2873,3152]",5,0.5883311629295349,0.5829203724861145,False,1755,769,False,5,5,13
14,plate_missing,True,True,ensure_all_fruits_on_table,"[73,2780,57,1222,1428]",5,0.5554057359695435,0.5518117308616638,False,1612,629,False,5,5,14
15,bowl_missing,False,False,sequential_pick_two_and_place,"[2700,2742,3597,2873,3152]",5,0.5883311629295349,0.5829203724861145,False,1748,769,False,5,5,15
16,bowl_missing,False,False,ensure_all_fruits_on_table,"[940,1197,398,1287,352]",5,0.5748867988586426,0.5684079766273499,False,1618,630,False,5,5,16
17,both_missing,False,False,ensure_all_fruits_on_table,"[1401,2069,129,316,1428]",5,0.550321638584137,0.5447251200675964,False,1624,640,False,5,5,17
18,plate_missing,True,True,sequential_pick_two_and_place,"[583,2873,766,460,5685]",5,0.5971207618713379,0.5775422215461731,False,1752,765,False,5,5,18
19,both_missing,False,False,sequential_pick_two_and_place,"[583,2873,766,460,5685]",5,0.5971207618713379,0.5775422215461731,False,1752,765,False,5,5,19
20,bowl_missing,False,False,sequential_pick_two_and_place,"[583,2873,766,460,5685]",5,0.5971207618713379,0.5775422215461731,False,1752,765,False,5,5,20
21,bowl_missing,False,False,ensure_all_fruits_on_table,"[1401,2069,129,316,1428]",5,0.550321638584137,0.5447251200675964,False,1617,640,False,5,5,21
22,both_missing,False,False,sequential_pick_two_and_place,"[2700,2742,3597,2873,3152]",5,0.5883311629295349,0.5829203724861145,False,1755,769,False,5,5,22
23,plate_missing,True,True,ensure_all_fruits_on_table,"[73,2780,57,1222,1428]",5,0.5554057359695435,0.5518117308616638,False,1612,629,False,5,5,23
24,plate_missing,True,True,ensure_all_fruits_on_table,"[1428,2075,56,383,1401]",5,0.5903847217559814,0.5883797645568848,False,1625,640,False,5,5,24
25,both_missing,False,False,single_move_asset_to_target,"[3458,228,2781,1880,4735]",5,0.7524831295013428,0.73103107213974,False,1562,576,False,5,5,25
26,plate_missing,False,True,ensure_all_fruits_on_table,"[1428,2075,56,383,1401]",5,0.5903847217559814,0.5883797645568848,False,1625,640,False,5,5,26
27,plate_missing,True,True,ensure_all_fruits_on_table,"[73,2780,57,1222,1428]",5,0.5554057359695435,0.5518117308616638,False,1605,629,False,5,5,27
28,bowl_missing,False,False,ensure_all_fruits_on_table,"[1401,2069,129,316,1428]",5,0.550321638584137,0.5447251200675964,False,1624,640,False,5,5,28
29,plate_missing,False,True,ensure_all_fruits_on_table,"[940,1197,398,1287,352]",5,0.5748867988586426,0.5684079766273499,False,1611,630,False,5,5,29
30,plate_missing,True,True,ensure_all_fruits_on_table,"[1401,2069,129,316,1428]",5,0.550321638584137,0.5447251200675964,False,1624,640,False,5,5,30
31,bowl_missing,False,True,ensure_all_fruits_on_table,"[1401,2069,129,316,1428]",5,0.550321638584137,0.5447251200675964,False,1624,640,False,5,5,31
32,both_missing,False,False,sequential_pick_two_and_place,"[2700,2742,3597,2873,3152]",5,0.5883311629295349,0.5829203724861145,False,1748,769,False,5,5,32
33,plate_missing,True,True,ensure_all_fruits_on_table,"[38,416,548,2909,161]",5,0.6202490329742432,0.6094413280487061,False,1599,623,False,5,5,33
34,bowl_missing,False,False,ensure_all_fruits_on_table,"[1401,2069,129,316,1428]",5,0.550321638584137,0.5447251200675964,False,1617,640,False,5,5,34
35,bowl_missing,False,False,ensure_all_fruits_on_table,"[38,416,548,2909,161]",5,0.6202490329742432,0.6094413280487061,False,1606,623,False,5,5,35
36,bowl_missing,False,False,ensure_all_fruits_on_table,"[940,1197,398,1287,352]",5,0.5748867988586426,0.5684079766273499,False,1618,630,False,5,5,36
37,plate_missing,True,True,single_move_asset_to_target,"[3458,228,2781,1880,4735]",5,0.7524831295013428,0.73103107213974,False,1555,576,False,5,5,37
38,both_missing,False,False,sequential_pick_two_and_place,"[583,2873,766,460,5685]",5,0.5971207618713379,0.5775422215461731,False,1745,765,False,5,5,38
39,bowl_missing,False,False,ensure_all_fruits_on_table,"[1428,2075,56,383,1401]",5,0.5903847217559814,0.5883797645568848,False,1625,640,False,5,5,39
40,bowl_missing,False,False,ensure_all_fruits_on_table,"[1428,2075,56,383,1401]",5,0.5903847217559814,0.5883797645568848,False,1618,640,False,5,5,40
41,both_missing,False,False,serve_bread_after_checking_cabinet,"[2767,3266,143,2943,245]",5,0.6213803291320801,0.6105820536613464,False,1768,787,False,5,8,41
42,both_missing,False,False,sequential_pick_two_and_place,"[2700,2742,3597,2873,3152]",5,0.5883311629295349,0.5829203724861145,False,1748,769,False,5,5,42
43,both_missing,False,False,sequential_pick_two_and_place,"[2700,2742,3597,2873,3152]",5,0.5883311629295349,0.5829203724861145,False,1755,769,False,5,5,43
44,both_missing,True,False,ensure_all_fruits_on_table,"[73,2780,57,1222,1428]",5,0.5554057359695435,0.5518117308616638,False,1605,629,False,8,5,44
45,bowl_missing,False,False,ensure_all_fruits_on_table,"[1401,2069,129,316,1428]",5,0.550321638584137,0.5447251200675964,False,1624,640,False,5,5,45
46,both_missing,False,False,ensure_all_fruits_on_table,"[202,3660,398,1287,855]",5,0.4980379641056061,0.4952673017978668,False,1609,624,False,5,5,46
47,bowl_missing,False,False,ensure_all_fruits_on_table,"[1401,2069,129,316,1428]",5,0.550321638584137,0.5447251200675964,False,1617,640,False,5,5,47
48,plate_missing,False,True,ensure_all_fruits_on_table,"[38,416,548,2909,161]",5,0.6202490329742432,0.6094413280487061,False,1599,623,False,5,5,48
49,bowl_missing,False,False,ensure_all_fruits_on_table,"[940,1197,398,1287,352]",5,0.5748867988586426,0.5684079766273499,False,1618,630,False,5,5,49
50,both_missing,False,False,sequential_pick_two_and_place,"[2700,2742,3597,2873,3152]",5,0.5883311629295349,0.5829203724861145,False,1748,769,False,5,5,50
51,bowl_missing,False,False,serve_bread_after_checking_cabinet,"[2767,3266,143,2943,245]",5,0.6213803291320801,0.6105820536613464,False,1775,787,False,5,5,51
52,both_missing,False,False,ensure_all_fruits_on_table,"[1428,2075,56,383,1401]",5,0.5903847217559814,0.5883797645568848,False,1618,640,False,5,5,52
53,both_missing,False,False,ensure_all_fruits_on_table,"[73,2780,57,1222,1428]",5,0.5554057359695435,0.5518117308616638,False,1605,629,False,5,5,53
54,both_missing,False,False,ensure_all_fruits_on_table,"[38,416,548,2909,161]",5,0.6202490329742432,0.6094413280487061,False,1599,623,False,5,5,54
55,plate_missing,True,True,ensure_all_fruits_on_table,"[1401,2069,129,316,1428]",5,0.550321638584137,0.5447251200675964,False,1617,640,False,5,5,55
56,both_missing,False,False,single_move_asset_to_target,"[3458,228,2781,1880,4735]",5,0.7524831295013428,0.73103107213974,False,1562,576,False,5,5,56
57,both_missing,False,False,single_move_asset_to_target,"[1571,3755,3365,1228,4735]",5,0.6041234731674194,0.5751652002334595,False,1548,570,False,5,5,57
58,plate_missing,False,True,ensure_all_fruits_on_table,"[73,2780,57,1222,1428]",5,0.5554057359695435,0.5518117308616638,False,1605,629,False,5,5,58
59,both_missing,False,False,ensure_all_fruits_on_table,"[1401,2069,129,316,1428]",5,0.550321638584137,0.5447251200675964,False,1624,640,False,5,5,59
60,both_missing,False,False,sequential_pick_two_and_place,"[2700,2742,3597,2873,3152]",5,0.5883311629295349,0.5829203724861145,False,1755,769,False,5,5,60
61,plate_missing,True,True,single_move_asset_to_target,"[1571,3755,3365,1228,4735]",5,0.6041234731674194,0.5751652002334595,False,1555,570,False,5,5,61
62,both_missing,False,False,ensure_all_fruits_on_table,"[73,2780,57,1222,1428]",5,0.5554057359695435,0.5518117308616638,False,1605,629,False,5,5,62
63,plate_missing,True,True,ensure_all_fruits_on_table,"[1401,2069,129,316,1428]",5,0.550321638584137,0.5447251200675964,False,1624,640,False,5,5,63
64,bowl_missing,True,False,ensure_all_fruits_on_table,"[38,416,548,2909,161]",5,0.6202490329742432,0.6094413280487061,False,1606,623,False,5,5,64
65,plate_missing,True,True,ensure_all_fruits_on_table,"[1401,2069,129,316,1428]",5,0.550321638584137,0.5447251200675964,False,1624,640,False,5,5,65
66,plate_missing,True,False,serve_bread_after_checking_cabinet,"[2767,3266,143,2943,245]",5,0.6213803291320801,0.6105820536613464,False,1768,787,False,5,8,66
67,bowl_missing,False,False,ensure_all_fruits_on_table,"[1428,2075,56,383,1401]",5,0.5903847217559814,0.5883797645568848,False,1618,640,False,5,5,67
68,bowl_missing,False,False,sequential_pick_two_and_place,"[583,2873,766,460,5685]",5,0.5971207618713379,0.5775422215461731,False,1745,765,False,5,5,68
69,bowl_missing,True,True,single_move_asset_to_target,"[1571,3755,3365,1228,4735]",5,0.6041234731674194,0.5751652002334595,False,1555,570,False,5,5,69
70,bowl_missing,False,False,ensure_all_fruits_on_table,"[73,2780,57,1222,1428]",5,0.5554057359695435,0.5518117308616638,False,1605,629,False,5,5,70
71,bowl_missing,False,False,sequential_pick_two_and_place,"[583,2873,766,460,5685]",5,0.5971207618713379,0.5775422215461731,False,1745,765,False,5,5,71
72,both_missing,False,False,single_move_asset_to_target,"[1571,3755,3365,1228,4735]",5,0.6041234731674194,0.5751652002334595,False,1548,570,False,5,5,72
73,plate_missing,True,True,ensure_all_fruits_on_table,"[940,1197,398,1287,352]",5,0.5748867988586426,0.5684079766273499,False,1611,630,False,5,5,73
74,plate_missing,True,True,ensure_all_fruits_on_table,"[1401,2069,129,316,1428]",5,0.550321638584137,0.5447251200675964,False,1617,640,False,5,5,74
75,plate_missing,True,True,ensure_all_fruits_on_table,"[1401,2069,129,316,1428]",5,0.550321638584137,0.5447251200675964,False,1624,640,False,5,5,75
76,both_missing,False,False,single_move_asset_to_target,"[3458,228,2781,1880,4735]",5,0.7524831295013428,0.73103107213974,False,1562,576,False,5,5,76
77,bowl_missing,False,False,single_move_asset_to_target,"[3458,2781,1228,228,4064]",5,0.7544512748718262,0.7373816490173339,False,1567,579,False,5,5,77
78,plate_missing,True,True,ensure_all_fruits_on_table,"[1401,2069,129,316,1428]",5,0.550321638584137,0.5447251200675964,False,1617,640,False,5,5,78
79,both_missing,False,False,sequential_pick_two_and_place,"[2700,2742,3597,2873,3152]",5,0.5883311629295349,0.5829203724861145,False,1755,769,False,5,5,79
80,plate_missing,True,True,ensure_all_fruits_on_table,"[1401,2069,129,316,1428]",5,0.550321638584137,0.5447251200675964,False,1617,640,False,5,5,80
81,bowl_missing,True,True,sequential_pick_two_and_place,"[2700,2742,3597,2873,3152]",5,0.5883311629295349,0.5829203724861145,False,1755,769,False,5,5,81
82,plate_missing,True,True,sequential_pick_two_and_place,"[583,2873,766,460,5685]",5,0.5971207618713379,0.5775422215461731,False,1745,765,False,5,5,82
83,plate_missing,True,True,ensure_all_fruits_on_table,"[38,416,548,2909,161]",5,0.6202490329742432,0.6094413280487061,False,1606,623,False,5,5,83
84,both_missing,False,False,ensure_all_fruits_on_table,"[1428,2075,56,383,1401]",5,0.5903847217559814,0.5883797645568848,False,1618,640,False,5,5,84
85,bowl_missing,False,False,ensure_all_fruits_on_table,"[38,416,548,2909,161]",5,0.6202490329742432,0.6094413280487061,False,1599,623,False,5,5,85
86,both_missing,False,False,sequential_pick_two_and_place,"[583,2873,766,460,5685]",5,0.5971207618713379,0.5775422215461731,False,1745,765,False,5,5,86
87,plate_missing,True,True,ensure_all_fruits_on_table,"[1401,2069,129,316,1428]",5,0.550321638584137,0.5447251200675964,False,1624,640,False,5,5,87
88,plate_missing,True,True,serve_bread_after_checking_cabinet,"[2767,3266,143,2943,245]",5,0.6213803291320801,0.6105820536613464,False,1768,787,False,5,5,88
89,both_missing,False,False,serve_bread_after_checking_cabinet,"[2767,3266,143,2943,245]",5,0.6213803291320801,0.6105820536613464,False,1768,787,False,5,5,89
90,both_missing,False,False,serve_bread_after_checking_cabinet,"[2767,3266,143,2943,245]",5,0.6213803291320801,0.6105820536613464,False,1768,787,False,5,5,90
91,plate_missing,True,True,ensure_all_fruits_on_table,"[38,416,548,2909,161]",5,0.6202490329742432,0.6094413280487061,False,1606,623,False,5,5,91
92,plate_missing,True,True,ensure_all_fruits_on_table,"[940,1197,398,1287,352]",5,0.5748867988586426,0.5684079766273499,False,1611,630,False,5,5,92
93,plate_missing,True,True,ensure_all_fruits_on_table,"[1401,2069,129,316,1428]",5,0.550321638584137,0.5447251200675964,False,1617,640,False,5,5,93
94,both_missing,False,False,single_move_asset_to_target,"[3458,228,2781,1880,4735]",5,0.7524831295013428,0.73103107213974,False,1555,576,False,5,5,94
95,plate_missing,True,True,ensure_all_fruits_on_table,"[38,416,548,2909,161]",5,0.6202490329742432,0.6094413280487061,False,1606,623,False,5,5,95
96,plate_missing,True,True,sequential_pick_two_and_place,"[583,2873,766,460,5685]",5,0.5971207618713379,0.5775422215461731,False,1745,765,False,5,5,96
97,both_missing,False,False,ensure_all_fruits_on_table,"[1401,2069,129,316,1428]",5,0.550321638584137,0.5447251200675964,False,1617,640,False,5,5,97
98,plate_missing,True,True,ensure_all_fruits_on_table,"[940,1197,398,1287,352]",5,0.5748867988586426,0.5684079766273499,False,1611,630,False,5,5,98
99,bowl_missing,False,True,sequential_pick_two_and_place,"[2700,2742,3597,2873,3152]",5,0.5883311629295349,0.5829203724861145,False,1748,769,False,5,5,99
100,bowl_missing,False,True,sequential_pick_two_and_place,"[2700,2742,3597,2873,3152]",5,0.5883311629295349,0.5829203724861145,False,1748,769,False,5,5,100
101,bowl_missing,False,False,ensure_all_fruits_on_table,"[73,2780,57,1222,1428]",5,0.5554057359695435,0.5518117308616638,False,1605,629,False,5,5,101
102,both_missing,False,False,ensure_all_fruits_on_table,"[38,416,548,2909,161]",5,0.6202490329742432,0.6094413280487061,False,1606,623,False,5,5,102
103,both_missing,False,False,ensure_all_fruits_on_table,"[1401,2069,129,316,1428]",5,0.550321638584137,0.5447251200675964,False,1624,640,False,5,5,103
104,bowl_missing,False,True,single_move_asset_to_target,"[1571,3755,3365,1228,4735]",5,0.6041234731674194,0.5751652002334595,False,1548,570,False,5,5,104
105,plate_missing,True,False,single_move_asset_to_target,"[1571,3755,3365,1228,4735]",5,0.6041234731674194,0.5751652002334595,False,1548,570,False,5,5,105
106,plate_missing,True,True,serve_bread_after_checking_cabinet,"[2767,3266,143,2943,245]",5,0.6213803291320801,0.6105820536613464,False,1768,787,False,5,5,106
107,both_missing,False,False,ensure_all_fruits_on_table,"[38,416,548,2909,161]",5,0.6202490329742432,0.6094413280487061,False,1599,623,False,5,5,107
108,plate_missing,True,True,ensure_all_fruits_on_table,"[940,1197,398,1287,352]",5,0.5748867988586426,0.5684079766273499,False,1611,630,False,5,5,108
109,bowl_missing,False,False,ensure_all_fruits_on_table,"[202,3660,398,1287,855]",5,0.4980379641056061,0.4952673017978668,False,1609,624,False,5,5,109
110,plate_missing,True,True,ensure_all_fruits_on_table,"[1401,2069,129,316,1428]",5,0.550321638584137,0.5447251200675964,False,1617,640,False,5,5,110
111,plate_missing,True,True,dog_check_environment,"[1856,95,1959,659,1099]",5,0.38205617666244507,0.3676329553127289,False,1278,297,False,5,5,111
112,bowl_missing,False,False,single_move_asset_to_target,"[3458,2781,228,225,6705]",5,0.7081499695777893,0.6699793815612793,False,1566,580,False,5,5,112
113,plate_missing,True,True,single_move_asset_to_target,"[1571,3755,3365,1228,4735]",5,0.6041234731674194,0.5751652002334595,False,1555,570,False,5,5,113
114,both_missing,False,False,dog_check_environment,"[1856,95,1959,659,1099]",5,0.38205617666244507,0.3676329553127289,False,1285,297,False,5,5,114
115,plate_missing,True,True,single_move_asset_to_target,"[1571,3755,3365,1228,4735]",5,0.6041234731674194,0.5751652002334595,False,1548,570,False,5,5,115
116,both_missing,False,False,ensure_all_fruits_on_table,"[1401,2069,129,316,1428]",5,0.550321638584137,0.5447251200675964,False,1624,640,False,5,5,116
117,plate_missing,False,False,serve_bread_after_checking_cabinet,"[2767,3266,143,2943,245]",5,0.6213803291320801,0.6105820536613464,False,1768,787,False,5,5,117
118,both_missing,False,False,single_move_asset_to_target,"[1571,3755,3365,1228,4735]",5,0.6041234731674194,0.5751652002334595,False,1548,570,False,5,5,118
119,bowl_missing,False,False,single_move_asset_to_target,"[1571,3755,3365,1228,4735]",5,0.6041234731674194,0.5751652002334595,False,1555,570,False,5,5,119
120,plate_missing,True,True,serve_bread_after_checking_cabinet,"[2767,3266,143,2943,245]",5,0.6213803291320801,0.6105820536613464,False,1775,787,False,5,5,120
121,both_missing,False,False,single_move_asset_to_target,"[1571,3755,3365,1228,4735]",5,0.6041234731674194,0.5751652002334595,False,1548,570,False,5,5,121
122,both_missing,False,False,ensure_all_fruits_on_table,"[1401,2069,129,316,1428]",5,0.550321638584137,0.5447251200675964,False,1624,640,False,5,5,122
123,both_missing,False,False,serve_bread_after_checking_cabinet,"[2767,3266,143,2943,245]",5,0.6213803291320801,0.6105820536613464,False,1775,787,False,5,5,123
124,plate_missing,True,True,single_move_asset_to_target,"[3458,2781,228,225,6705]",5,0.7081499695777893,0.6699793815612793,False,1566,580,False,5,5,124
125,plate_missing,True,True,ensure_all_fruits_on_table,"[1428,2075,56,383,1401]",5,0.5903847217559814,0.5883797645568848,False,1618,640,False,5,5,125
126,plate_missing,True,True,dog_check_environment,"[1856,95,1959,659,1099]",5,0.38205617666244507,0.3676329553127289,False,1285,297,False,5,5,126
127,bowl_missing,False,False,ensure_all_fruits_on_table,"[73,2780,57,1222,1428]",5,0.5554057359695435,0.5518117308616638,False,1612,629,False,5,5,127
128,plate_missing,True,True,serve_bread_after_checking_cabinet,"[2767,3266,143,2943,245]",5,0.6213803291320801,0.6105820536613464,False,1775,787,False,5,5,128
129,plate_missing,True,True,ensure_all_fruits_on_table,"[1401,2069,129,316,1428]",5,0.550321638584137,0.5447251200675964,False,1624,640,False,5,5,129
130,both_missing,False,False,ensure_all_fruits_on_table,"[1401,2069,129,316,1428]",5,0.550321638584137,0.5447251200675964,False,1624,640,False,5,5,130
131,plate_missing,True,True,single_move_asset_to_target,"[1571,3755,3365,1228,4735]",5,0.6041234731674194,0.5751652002334595,False,1548,570,False,5,5,131
132,both_missing,False,False,sequential_pick_two_and_place,"[583,2873,766,460,5685]",5,0.5971207618713379,0.5775422215461731,False,1752,765,False,5,5,132
133,bowl_missing,False,False,serve_bread_after_checking_cabinet,"[2767,3266,143,2943,245]",5,0.6213803291320801,0.6105820536613464,False,1768,787,False,5,5,133
134,plate_missing,True,True,ensure_all_fruits_on_table,"[73,2780,57,1222,1428]",5,0.5554057359695435,0.5518117308616638,False,1605,629,False,5,5,134
135,both_missing,False,False,sequential_pick_two_and_place,"[583,2873,766,460,5685]",5,0.5971207618713379,0.5775422215461731,False,1745,765,False,5,5,135
136,plate_missing,True,True,single_move_asset_to_target,"[3458,2781,228,225,6705]",5,0.7081499695777893,0.6699793815612793,False,1559,580,False,5,5,136
137,both_missing,False,False,ensure_all_fruits_on_table,"[1428,2075,56,383,1401]",5,0.5903847217559814,0.5883797645568848,False,1625,640,False,5,5,137
138,plate_missing,True,True,ensure_all_fruits_on_table,"[38,416,548,2909,161]",5,0.6202490329742432,0.6094413280487061,False,1606,623,False,5,5,138
139,plate_missing,True,True,ensure_all_fruits_on_table,"[38,416,548,2909,161]",5,0.6202490329742432,0.6094413280487061,False,1599,623,False,5,5,139
140,plate_missing,True,True,ensure_all_fruits_on_table,"[73,2780,57,1222,1428]",5,0.5554057359695435,0.5518117308616638,False,1605,629,False,5,5,140
141,both_missing,False,False,single_move_asset_to_target,"[3458,2781,228,225,6705]",5,0.7081499695777893,0.6699793815612793,False,1566,580,False,5,5,141
142,bowl_missing,False,True,single_move_asset_to_target,"[1571,3755,3365,1228,4735]",5,0.6041234731674194,0.5751652002334595,False,1548,570,False,5,5,142
143,both_missing,False,False,serve_bread_after_checking_cabinet,"[2767,3266,143,2943,245]",5,0.6213803291320801,0.6105820536613464,False,1775,787,False,5,8,143
144,plate_missing,True,True,ensure_all_fruits_on_table,"[1428,2075,56,383,1401]",5,0.5903847217559814,0.5883797645568848,False,1625,640,False,5,5,144
145,both_missing,False,False,ensure_all_fruits_on_table,"[73,2780,57,1222,1428]",5,0.5554057359695435,0.5518117308616638,False,1605,629,False,5,5,145
146,both_missing,False,False,single_move_asset_to_target,"[3458,2781,228,225,6705]",5,0.7081499695777893,0.6699793815612793,False,1559,580,False,5,5,146
147,both_missing,False,False,serve_bread_after_checking_cabinet,"[2767,3266,143,2943,245]",5,0.6213803291320801,0.6105820536613464,False,1768,787,False,5,5,147
148,plate_missing,True,True,dog_check_environment,"[1856,95,1959,659,1099]",5,0.38205617666244507,0.3676329553127289,False,1278,297,False,5,5,148
149,bowl_missing,False,False,single_move_asset_to_target,"[3458,228,2781,1880,4735]",5,0.7524831295013428,0.73103107213974,False,1562,576,False,5,5,149
150,both_missing,False,False,single_move_asset_to_target,"[3458,2781,228,225,6705]",5,0.7081499695777893,0.6699793815612793,False,1559,580,False,5,5,150
151,plate_missing,True,True,ensure_all_fruits_on_table,"[1401,2069,129,316,1428]",5,0.550321638584137,0.5447251200675964,False,1624,640,False,5,5,151
152,bowl_missing,False,False,dog_check_environment,"[1856,95,1959,659,1099]",5,0.38205617666244507,0.3676329553127289,False,1278,297,False,5,5,152
153,plate_missing,True,False,sequential_pick_two_and_place,"[583,2873,766,460,5685]",5,0.5971207618713379,0.5775422215461731,False,1745,765,False,5,5,153
154,both_missing,False,False,single_move_asset_to_target,"[3458,228,2781,1880,4735]",5,0.7524831295013428,0.73103107213974,False,1555,576,False,5,5,154
155,bowl_missing,False,False,single_move_asset_to_target,"[3458,228,2781,1880,4735]",5,0.7524831295013428,0.73103107213974,False,1562,576,False,5,5,155
156,both_missing,False,False,single_move_asset_to_target,"[3458,2781,228,225,6705]",5,0.7081499695777893,0.6699793815612793,False,1559,580,False,5,5,156
157,bowl_missing,False,False,serve_bread_after_checking_cabinet,"[2767,3266,143,2943,245]",5,0.6213803291320801,0.6105820536613464,False,1768,787,False,5,8,157
158,plate_missing,True,True,serve_bread_after_checking_cabinet,"[2767,3266,143,2943,245]",5,0.6213803291320801,0.6105820536613464,False,1775,787,False,5,5,158
159,plate_missing,False,False,serve_bread_after_checking_cabinet,"[2767,3266,143,2943,245]",5,0.6213803291320801,0.6105820536613464,False,1775,787,False,5,5,159
160,bowl_missing,False,False,single_move_asset_to_target,"[3458,228,2781,1880,4735]",5,0.7524831295013428,0.73103107213974,False,1562,576,False,5,5,160
161,plate_missing,True,True,dog_check_environment,"[1856,95,1959,659,1099]",5,0.38205617666244507,0.3676329553127289,False,1285,297,False,5,5,161
162,plate_missing,True,True,serve_bread_after_checking_cabinet,"[2767,3266,143,2943,245]",5,0.6213803291320801,0.6105820536613464,False,1775,787,False,5,5,162
163,both_missing,False,False,single_move_asset_to_target,"[3458,2781,228,225,6705]",5,0.7081499695777893,0.6699793815612793,False,1566,580,False,5,5,163
164,plate_missing,True,True,serve_bread_after_checking_cabinet,"[2767,3266,143,2943,245]",5,0.6213803291320801,0.6105820536613464,False,1775,787,False,5,5,164
165,both_missing,False,False,ensure_all_fruits_on_table,"[73,2780,57,1222,1428]",5,0.5554057359695435,0.5518117308616638,False,1605,629,False,5,5,165
166,plate_missing,True,True,single_move_asset_to_target,"[3458,228,2781,1880,4735]",5,0.7524831295013428,0.73103107213974,False,1562,576,False,5,5,166
167,both_missing,False,False,single_move_asset_to_target,"[3458,2781,228,225,6705]",5,0.7081499695777893,0.6699793815612793,False,1566,580,False,5,5,167
168,plate_missing,True,False,serve_bread_after_checking_cabinet,"[2767,3266,143,2943,245]",5,0.6213803291320801,0.6105820536613464,False,1768,787,False,5,8,168
169,bowl_missing,True,True,single_move_asset_to_target,"[3458,2781,228,225,6705]",5,0.7081499695777893,0.6699793815612793,False,1566,580,False,5,5,169
170,both_missing,False,False,single_move_asset_to_target,"[3458,2781,228,225,6705]",5,0.7081499695777893,0.6699793815612793,False,1566,580,False,5,5,170
171,both_missing,False,False,single_move_asset_to_target,"[1571,3755,3365,1228,4735]",5,0.6041234731674194,0.5751652002334595,False,1555,570,False,5,5,171
172,plate_missing,True,True,ensure_all_fruits_on_table,"[38,416,548,2909,161]",5,0.6202490329742432,0.6094413280487061,False,1599,623,False,5,5,172
173,plate_missing,True,True,single_move_asset_to_target,"[3458,2781,228,225,6705]",5,0.7081499695777893,0.6699793815612793,False,1559,580,False,5,5,173
174,both_missing,False,False,ensure_all_fruits_on_table,"[1428,2075,56,383,1401]",5,0.5903847217559814,0.5883797645568848,False,1618,640,False,5,5,174
175,bowl_missing,False,False,ensure_all_fruits_on_table,"[1401,2069,129,316,1428]",5,0.550321638584137,0.5447251200675964,False,1617,640,False,5,5,175
176,both_missing,False,False,serve_bread_after_checking_cabinet,"[2767,3266,143,2943,245]",5,0.6213803291320801,0.6105820536613464,False,1768,787,False,5,8,176
177,plate_missing,True,True,serve_bread_after_checking_cabinet,"[2767,3266,143,2943,245]",5,0.6213803291320801,0.6105820536613464,False,1775,787,False,5,5,177
178,bowl_missing,False,False,single_move_asset_to_target,"[3458,228,2781,1880,4735]",5,0.7524831295013428,0.73103107213974,False,1562,576,False,5,5,178
179,bowl_missing,False,False,ensure_all_fruits_on_table,"[38,416,548,2909,161]",5,0.6202490329742432,0.6094413280487061,False,1599,623,False,5,5,179
180,bowl_missing,False,False,ensure_all_fruits_on_table,"[1428,2075,56,383,1401]",5,0.5903847217559814,0.5883797645568848,False,1625,640,False,5,5,180
181,both_missing,False,False,ensure_all_fruits_on_table,"[1401,2069,129,316,1428]",5,0.550321638584137,0.5447251200675964,False,1617,640,False,5,5,181
182,plate_missing,True,True,serve_bread_after_checking_cabinet,"[2767,3266,143,2943,245]",5,0.6213803291320801,0.6105820536613464,False,1768,787,False,5,5,182
183,bowl_missing,False,False,single_move_asset_to_target,"[1571,3755,3365,1228,4735]",5,0.6041234731674194,0.5751652002334595,False,1555,570,False,5,5,183
184,both_missing,False,False,single_move_asset_to_target,"[1571,3755,3365,1228,4735]",5,0.6041234731674194,0.5751652002334595,False,1548,570,False,5,5,184
185,both_missing,False,False,serve_bread_after_checking_cabinet,"[2767,3266,143,2943,245]",5,0.6213803291320801,0.6105820536613464,False,1768,787,False,5,8,185
186,bowl_missing,False,False,ensure_all_fruits_on_table,"[38,416,548,2909,161]",5,0.6202490329742432,0.6094413280487061,False,1606,623,False,5,5,186
187,plate_missing,True,True,single_move_asset_to_target,"[3458,228,2781,1880,4735]",5,0.7524831295013428,0.73103107213974,False,1555,576,False,5,5,187
188,both_missing,False,False,serve_bread_after_checking_cabinet,"[2767,3266,143,2943,245]",5,0.6213803291320801,0.6105820536613464,False,1775,787,False,5,5,188
189,bowl_missing,False,False,ensure_all_fruits_on_table,"[1428,2075,56,383,1401]",5,0.5903847217559814,0.5883797645568848,False,1625,640,False,5,5,189
190,both_missing,False,False,serve_bread_after_checking_cabinet,"[2767,3266,143,2943,245]",5,0.6213803291320801,0.6105820536613464,False,1768,787,False,5,5,190
191,both_missing,False,False,sequential_pick_two_and_place,"[583,2873,766,460,5685]",5,0.5971207618713379,0.5775422215461731,False,1745,765,False,5,5,191
192,bowl_missing,False,False,ensure_all_fruits_on_table,"[38,416,548,2909,161]",5,0.6202490329742432,0.6094413280487061,False,1599,623,False,5,5,192
193,both_missing,False,False,serve_bread_after_checking_cabinet,"[2767,3266,143,2943,245]",5,0.6213803291320801,0.6105820536613464,False,1768,787,False,5,5,193
194,plate_missing,True,True,ensure_all_fruits_on_table,"[1428,2075,56,383,1401]",5,0.5903847217559814,0.5883797645568848,False,1618,640,False,5,5,194
195,plate_missing,True,True,dog_check_environment,"[1856,95,1959,659,1099]",5,0.38205617666244507,0.3676329553127289,False,1278,297,False,5,5,195
196,plate_missing,False,False,single_move_asset_to_target,"[3458,2781,228,225,6705]",5,0.7081499695777893,0.6699793815612793,False,1559,580,False,5,5,196
197,bowl_missing,False,False,ensure_all_fruits_on_table,"[1428,2075,56,383,1401]",5,0.5903847217559814,0.5883797645568848,False,1618,640,False,5,5,197
198,plate_missing,True,True,ensure_all_fruits_on_table,"[38,416,548,2909,161]",5,0.6202490329742432,0.6094413280487061,False,1599,623,False,5,5,198
199,both_missing,False,False,dog_check_environment,"[1856,95,1959,659,1099]",5,0.38205617666244507,0.3676329553127289,False,1278,297,False,5,5,199
200,both_missing,False,False,single_move_asset_to_target,"[3458,2781,228,225,6705]",5,0.7081499695777893,0.6699793815612793,False,1559,580,False,5,5,200
201,bowl_missing,False,False,single_move_asset_to_target,"[1571,3755,3365,1228,4735]",5,0.6041234731674194,0.5751652002334595,False,1555,570,False,5,5,201
202,both_missing,False,False,single_move_asset_to_target,"[3458,2781,228,225,6705]",5,0.7081499695777893,0.6699793815612793,False,1559,580,False,5,5,202
203,bowl_missing,True,True,dog_check_environment,"[1856,95,1959,659,1099]",5,0.38205617666244507,0.3676329553127289,False,1285,297,False,5,5,203
204,plate_missing,True,True,ensure_all_fruits_on_table,"[73,2780,57,1222,1428]",5,0.5554057359695435,0.5518117308616638,False,1612,629,False,5,5,204
205,bowl_missing,False,False,ensure_all_fruits_on_table,"[1401,2069,129,316,1428]",5,0.550321638584137,0.5447251200675964,False,1624,640,False,5,5,205
206,both_missing,False,False,serve_bread_after_checking_cabinet,"[2767,3266,143,2943,245]",5,0.6213803291320801,0.6105820536613464,False,1775,787,False,5,5,206
207,bowl_missing,False,False,single_move_asset_to_target,"[3458,2781,228,225,6705]",5,0.7081499695777893,0.6699793815612793,False,1566,580,False,5,5,207
208,bowl_missing,False,False,ensure_all_fruits_on_table,"[38,416,548,2909,161]",5,0.6202490329742432,0.6094413280487061,False,1599,623,False,5,5,208
209,both_missing,False,False,ensure_all_fruits_on_table,"[38,416,548,2909,161]",5,0.6202490329742432,0.6094413280487061,False,1606,623,False,5,5,209
210,bowl_missing,False,True,single_move_asset_to_target,"[3458,2781,228,225,6705]",5,0.7081499695777893,0.6699793815612793,False,1559,580,False,5,5,210
211,both_missing,False,False,sequential_pick_two_and_place,"[583,2873,766,460,5685]",5,0.5971207618713379,0.5775422215461731,False,1745,765,False,5,5,211
212,both_missing,False,False,ensure_all_fruits_on_table,"[1428,2075,56,383,1401]",5,0.5903847217559814,0.5883797645568848,False,1625,640,False,5,5,212
213,plate_missing,True,True,single_move_asset_to_target,"[3458,228,2781,1880,4735]",5,0.7524831295013428,0.73103107213974,False,1562,576,False,5,5,213
214,bowl_missing,False,False,single_move_asset_to_target,"[3458,2781,228,225,6705]",5,0.7081499695777893,0.6699793815612793,False,1559,580,False,5,5,214
215,bowl_missing,False,False,single_move_asset_to_target,"[3458,2781,228,225,6705]",5,0.7081499695777893,0.6699793815612793,False,1566,580,False,5,5,215
216,both_missing,False,False,single_move_asset_to_target,"[3458,2781,228,225,6705]",5,0.7081499695777893,0.6699793815612793,False,1566,580,False,5,5,216
217,bowl_missing,False,False,single_move_asset_to_target,"[3458,228,2781,1880,4735]",5,0.7524831295013428,0.73103107213974,False,1555,576,False,5,5,217
218,plate_missing,True,True,sequential_pick_two_and_place,"[583,2873,766,460,5685]",5,0.5971207618713379,0.5775422215461731,False,1745,765,False,5,5,218
219,plate_missing,True,True,sequential_pick_two_and_place,"[583,2873,766,460,5685]",5,0.5971207618713379,0.5775422215461731,False,1745,765,False,5,5,219
220,bowl_missing,False,False,ensure_all_fruits_on_table,"[38,416,548,2909,161]",5,0.6202490329742432,0.6094413280487061,False,1606,623,False,5,5,220
221,plate_missing,True,True,single_move_asset_to_target,"[3458,228,2781,1880,4735]",5,0.7524831295013428,0.73103107213974,False,1555,576,False,5,5,221
222,plate_missing,True,True,dog_check_environment,"[1856,95,1959,659,1099]",5,0.38205617666244507,0.3676329553127289,False,1285,297,False,5,5,222
223,bowl_missing,False,False,dog_check_environment,"[1856,95,1959,659,1099]",5,0.38205617666244507,0.3676329553127289,False,1285,297,False,5,5,223
224,bowl_missing,False,False,serve_bread_after_checking_cabinet,"[2767,3266,143,2943,245]",5,0.6213803291320801,0.6105820536613464,False,1775,787,False,5,8,224
225,both_missing,False,False,ensure_all_fruits_on_table,"[1428,2075,56,383,1401]",5,0.5903847217559814,0.5883797645568848,False,1625,640,False,5,5,225
226,bowl_missing,False,False,single_move_asset_to_target,"[3458,228,2781,1880,4735]",5,0.7524831295013428,0.73103107213974,False,1555,576,False,5,5,226
227,both_missing,False,False,dog_check_environment,"[1856,95,1959,659,1099]",5,0.38205617666244507,0.3676329553127289,False,1278,297,False,5,5,227
228,plate_missing,False,False,single_move_asset_to_target,"[3458,2781,228,225,6705]",5,0.7081499695777893,0.6699793815612793,False,1566,580,False,5,5,228
229,bowl_missing,False,False,ensure_all_fruits_on_table,"[1401,2069,129,316,1428]",5,0.550321638584137,0.5447251200675964,False,1624,640,False,5,5,229
230,bowl_missing,False,False,serve_bread_after_checking_cabinet,"[2767,3266,143,2943,245]",5,0.6213803291320801,0.6105820536613464,False,1768,787,False,5,8,230
231,plate_missing,True,False,single_move_asset_to_target,"[1571,3755,3365,1228,4735]",5,0.6041234731674194,0.5751652002334595,False,1548,570,False,5,5,231
232,bowl_missing,True,True,serve_bread_after_checking_cabinet,"[2767,3266,143,2943,245]",5,0.6213803291320801,0.6105820536613464,False,1775,787,False,5,5,232
233,bowl_missing,False,False,ensure_all_fruits_on_table,"[1401,2069,129,316,1428]",5,0.550321638584137,0.5447251200675964,False,1624,640,False,5,5,233
234,plate_missing,False,False,single_move_asset_to_target,"[3458,2781,228,225,6705]",5,0.7081499695777893,0.6699793815612793,False,1559,580,False,5,5,234
235,plate_missing,True,False,sequential_pick_two_and_place,"[583,2873,766,460,5685]",5,0.5971207618713379,0.5775422215461731,False,1752,765,False,5,5,235
236,bowl_missing,False,False,ensure_all_fruits_on_table,"[1428,2075,56,383,1401]",5,0.5903847217559814,0.5883797645568848,False,1625,640,False,5,5,236
237,plate_missing,False,True,ensure_all_fruits_on_table,"[38,416,548,2909,161]",5,0.6202490329742432,0.6094413280487061,False,1606,623,False,5,5,237
238,bowl_missing,False,False,ensure_all_fruits_on_table,"[73,2780,57,1222,1428]",5,0.5554057359695435,0.5518117308616638,False,1605,629,False,5,5,238
239,plate_missing,True,True,ensure_all_fruits_on_table,"[1428,2075,56,383,1401]",5,0.5903847217559814,0.5883797645568848,False,1618,640,False,5,5,239
240,plate_missing,True,False,sequential_pick_two_and_place,"[583,2873,766,460,5685]",5,0.5971207618713379,0.5775422215461731,False,1752,765,False,5,5,240
241,both_missing,False,False,ensure_all_fruits_on_table,"[38,416,548,2909,161]",5,0.6202490329742432,0.6094413280487061,False,1606,623,False,5,5,241
242,both_missing,False,False,single_move_asset_to_target,"[3458,2781,228,225,6705]",5,0.7081499695777893,0.6699793815612793,False,1566,580,False,5,5,242
243,both_missing,False,False,dog_check_environment,"[1856,95,1959,659,1099]",5,0.38205617666244507,0.3676329553127289,False,1285,297,False,5,5,243
244,both_missing,False,False,single_move_asset_to_target,"[3458,2781,228,225,6705]",5,0.7081499695777893,0.6699793815612793,False,1566,580,False,5,5,244
245,plate_missing,True,True,ensure_all_fruits_on_table,"[1401,2069,129,316,1428]",5,0.550321638584137,0.5447251200675964,False,1624,640,False,5,5,245
246,bowl_missing,False,False,dog_check_environment,"[1856,95,1959,659,1099]",5,0.38205617666244507,0.3676329553127289,False,1285,297,False,5,5,246
247,bowl_missing,False,False,serve_bread_after_checking_cabinet,"[2767,3266,143,2943,245]",5,0.6213803291320801,0.6105820536613464,False,1768,787,False,5,5,247
248,both_missing,False,False,ensure_all_fruits_on_table,"[73,2780,57,1222,1428]",5,0.5554057359695435,0.5518117308616638,False,1605,629,False,5,5,248
249,bowl_missing,False,False,ensure_all_fruits_on_table,"[1401,2069,129,316,1428]",5,0.550321638584137,0.5447251200675964,False,1624,640,False,5,5,249
250,both_missing,False,False,single_move_asset_to_target,"[3458,2781,228,225,6705]",5,0.7081499695777893,0.6699793815612793,False,1559,580,False,5,5,250
251,bowl_missing,False,False,dog_check_environment,"[1856,95,1959,659,1099]",5,0.38205617666244507,0.3676329553127289,False,1285,297,False,5,5,251
252,plate_missing,True,True,single_move_asset_to_target,"[3458,228,2781,1880,4735]",5,0.7524831295013428,0.73103107213974,False,1562,576,False,5,5,252
253,bowl_missing,False,False,ensure_all_fruits_on_table,"[1428,2075,56,383,1401]",5,0.5903847217559814,0.5883797645568848,False,1625,640,False,5,5,253
254,both_missing,False,False,ensure_all_fruits_on_table,"[1401,2069,129,316,1428]",5,0.550321638584137,0.5447251200675964,False,1624,640,False,5,5,254
255,plate_missing,True,False,single_move_asset_to_target,"[3458,2781,228,225,6705]",5,0.7081499695777893,0.6699793815612793,False,1559,580,False,5,5,255
256,plate_missing,False,False,single_move_asset_to_target,"[3458,2781,228,225,6705]",5,0.7081499695777893,0.6699793815612793,False,1566,580,False,5,5,256
257,plate_missing,True,False,serve_bread_after_checking_cabinet,"[2767,3266,143,2943,245]",5,0.6213803291320801,0.6105820536613464,False,1768,787,False,5,8,257
258,both_missing,False,False,ensure_all_fruits_on_table,"[1401,2069,129,316,1428]",5,0.550321638584137,0.5447251200675964,False,1617,640,False,5,5,258
259,both_missing,False,False,ensure_all_fruits_on_table,"[73,2780,57,1222,1428]",5,0.5554057359695435,0.5518117308616638,False,1605,629,False,5,5,259
260,both_missing,False,False,ensure_all_fruits_on_table,"[38,416,548,2909,161]",5,0.6202490329742432,0.6094413280487061,False,1599,623,False,5,5,260
261,plate_missing,True,True,ensure_all_fruits_on_table,"[38,416,548,2909,161]",5,0.6202490329742432,0.6094413280487061,False,1606,623,False,5,5,261
262,plate_missing,True,True,ensure_all_fruits_on_table,"[1428,2075,56,383,1401]",5,0.5903847217559814,0.5883797645568848,False,1625,640,False,5,5,262
263,both_missing,False,False,ensure_all_fruits_on_table,"[1428,2075,56,383,1401]",5,0.5903847217559814,0.5883797645568848,False,1618,640,False,5,5,263
264,bowl_missing,False,False,single_move_asset_to_target,"[1571,3755,3365,1228,4735]",5,0.6041234731674194,0.5751652002334595,False,1548,570,False,5,5,264
265,bowl_missing,False,False,serve_bread_after_checking_cabinet,"[2767,3266,143,2943,245]",5,0.6213803291320801,0.6105820536613464,False,1775,787,False,5,5,265
266,bowl_missing,False,False,single_move_asset_to_target,"[3458,228,2781,1880,4735]",5,0.7524831295013428,0.73103107213974,False,1555,576,False,5,5,266
267,both_missing,False,False,ensure_all_fruits_on_table,"[1401,2069,129,316,1428]",5,0.550321638584137,0.5447251200675964,False,1617,640,False,5,5,267
268,plate_missing,True,True,single_move_asset_to_target,"[3458,228,2781,1880,4735]",5,0.7524831295013428,0.73103107213974,False,1555,576,False,5,5,268
269,plate_missing,True,True,ensure_all_fruits_on_table,"[1428,2075,56,383,1401]",5,0.5903847217559814,0.5883797645568848,False,1625,640,False,5,5,269
270,plate_missing,True,True,serve_bread_after_checking_cabinet,"[2767,3266,143,2943,245]",5,0.6213803291320801,0.6105820536613464,False,1768,787,False,5,5,270
271,bowl_missing,False,False,single_move_asset_to_target,"[1571,3755,3365,1228,4735]",5,0.6041234731674194,0.5751652002334595,False,1555,570,False,5,5,271
272,bowl_missing,False,False,dog_check_environment,"[1856,95,1959,659,1099]",5,0.38205617666244507,0.3676329553127289,False,1278,297,False,5,5,272
273,bowl_missing,False,False,ensure_all_fruits_on_table,"[38,416,548,2909,161]",5,0.6202490329742432,0.6094413280487061,False,1599,623,False,5,5,273
274,both_missing,False,False,ensure_all_fruits_on_table,"[38,416,548,2909,161]",5,0.6202490329742432,0.6094413280487061,False,1606,623,False,5,5,274
275,plate_missing,True,True,ensure_all_fruits_on_table,"[73,2780,57,1222,1428]",5,0.5554057359695435,0.5518117308616638,False,1612,629,False,5,5,275
276,both_missing,False,False,single_move_asset_to_target,"[1571,3755,3365,1228,4735]",5,0.6041234731674194,0.5751652002334595,False,1555,570,False,5,5,276
277,bowl_missing,False,False,single_move_asset_to_target,"[1571,3755,3365,1228,4735]",5,0.6041234731674194,0.5751652002334595,False,1555,570,False,5,5,277
278,both_missing,False,False,single_move_asset_to_target,"[1571,3755,3365,1228,4735]",5,0.6041234731674194,0.5751652002334595,False,1555,570,False,5,5,278
279,plate_missing,True,True,ensure_all_fruits_on_table,"[38,416,548,2909,161]",5,0.6202490329742432,0.6094413280487061,False,1606,623,False,5,5,279
280,plate_missing,True,True,ensure_all_fruits_on_table,"[1428,2075,56,383,1401]",5,0.5903847217559814,0.5883797645568848,False,1625,640,False,5,5,280
281,bowl_missing,False,False,serve_bread_after_checking_cabinet,"[2767,3266,143,2943,245]",5,0.6213803291320801,0.6105820536613464,False,1768,787,False,5,5,281
282,bowl_missing,False,False,ensure_all_fruits_on_table,"[1428,2075,56,383,1401]",5,0.5903847217559814,0.5883797645568848,False,1625,640,False,5,5,282
283,plate_missing,True,True,sequential_pick_two_and_place,"[583,2873,766,460,5685]",5,0.5971207618713379,0.5775422215461731,False,1745,765,False,5,5,283
284,both_missing,False,False,ensure_all_fruits_on_table,"[1428,2075,56,383,1401]",5,0.5903847217559814,0.5883797645568848,False,1618,640,False,5,5,284
285,bowl_missing,True,False,ensure_all_fruits_on_table,"[1428,2075,56,383,1401]",5,0.5903847217559814,0.5883797645568848,False,1625,640,False,5,5,285
286,both_missing,False,False,sequential_pick_two_and_place,"[583,2873,766,460,5685]",5,0.5971207618713379,0.5775422215461731,False,1745,765,False,5,5,286
287,plate_missing,True,True,ensure_all_fruits_on_table,"[1428,2075,56,383,1401]",5,0.5903847217559814,0.5883797645568848,False,1625,640,False,5,5,287
288,plate_missing,True,True,ensure_all_fruits_on_table,"[38,416,548,2909,161]",5,0.6202490329742432,0.6094413280487061,False,1606,623,False,5,5,288
289,plate_missing,True,True,dog_check_environment,"[1856,95,1959,659,1099]",5,0.38205617666244507,0.3676329553127289,False,1278,297,False,5,5,289
290,both_missing,False,False,single_move_asset_to_target,"[3458,228,2781,1880,4735]",5,0.7524831295013428,0.73103107213974,False,1562,576,False,5,5,290
291,plate_missing,True,False,single_move_asset_to_target,"[3458,2781,228,225,6705]",5,0.7081499695777893,0.6699793815612793,False,1559,580,False,5,5,291
292,both_missing,False,False,single_move_asset_to_target,"[3458,2781,228,225,6705]",5,0.7081499695777893,0.6699793815612793,False,1559,580,False,5,5,292
293,bowl_missing,False,False,ensure_all_fruits_on_table,"[73,2780,57,1222,1428]",5,0.5554057359695435,0.5518117308616638,False,1612,629,False,5,5,293
294,plate_missing,True,False,serve_bread_after_checking_cabinet,"[2767,3266,143,2943,245]",5,0.6213803291320801,0.6105820536613464,False,1768,787,False,5,8,294
295,plate_missing,True,True,ensure_all_fruits_on_table,"[38,416,548,2909,161]",5,0.6202490329742432,0.6094413280487061,False,1606,623,False,5,5,295
296,plate_missing,True,False,single_move_asset_to_target,"[3458,2781,228,225,6705]",5,0.7081499695777893,0.6699793815612793,False,1566,580,False,5,5,296
297,bowl_missing,False,False,dog_check_environment,"[1856,95,1959,659,1099]",5,0.38205617666244507,0.3676329553127289,False,1278,297,False,5,5,297
298,plate_missing,True,True,dog_check_environment,"[1856,95,1959,659,1099]",5,0.38205617666244507,0.3676329553127289,False,1285,297,False,5,5,298
299,plate_missing,False,False,single_move_asset_to_target,"[3458,2781,228,225,6705]",5,0.7081499695777893,0.6699793815612793,False,1566,580,False,5,5,299
300,bowl_missing,False,False,ensure_all_fruits_on_table,"[73,2780,57,1222,1428]",5,0.5554057359695435,0.5518117308616638,False,1605,629,False,5,5,300
301,plate_missing,True,True,ensure_all_fruits_on_table,"[73,2780,57,1222,1428]",5,0.5554057359695435,0.5518117308616638,False,1612,629,False,5,5,301
302,both_missing,False,False,single_move_asset_to_target,"[1571,3755,3365,1228,4735]",5,0.6041234731674194,0.5751652002334595,False,1555,570,False,5,5,302
303,both_missing,False,False,ensure_all_fruits_on_table,"[1428,2075,56,383,1401]",5,0.5903847217559814,0.5883797645568848,False,1625,640,False,5,5,303
304,both_missing,False,False,single_move_asset_to_target,"[3458,2781,228,225,6705]",5,0.7081499695777893,0.6699793815612793,False,1559,580,False,5,5,304
305,both_missing,False,False,ensure_all_fruits_on_table,"[73,2780,57,1222,1428]",5,0.5554057359695435,0.5518117308616638,False,1612,629,False,5,5,305
306,plate_missing,True,True,dog_check_environment,"[1856,95,1959,659,1099]",5,0.38205617666244507,0.3676329553127289,False,1285,297,False,5,5,306
307,bowl_missing,False,False,dog_check_environment,"[1856,95,1959,659,1099]",5,0.38205617666244507,0.3676329553127289,False,1278,297,False,5,5,307
308,bowl_missing,False,False,single_move_asset_to_target,"[3458,228,2781,1880,4735]",5,0.7524831295013428,0.73103107213974,False,1555,576,False,5,5,308
309,plate_missing,True,False,single_move_asset_to_target,"[3458,2781,228,225,6705]",5,0.7081499695777893,0.6699793815612793,False,1566,580,False,5,5,309
310,plate_missing,True,True,dog_check_environment,"[1856,95,1959,659,1099]",5,0.38205617666244507,0.3676329553127289,False,1285,297,False,5,5,310
311,bowl_missing,False,False,ensure_all_fruits_on_table,"[1401,2069,129,316,1428]",5,0.550321638584137,0.5447251200675964,False,1617,640,False,5,5,311
312,both_missing,False,False,dog_check_environment,"[1856,95,1959,659,1099]",5,0.38205617666244507,0.3676329553127289,False,1285,297,False,5,5,312
313,plate_missing,True,True,single_move_asset_to_target,"[1571,3755,3365,1228,4735]",5,0.6041234731674194,0.5751652002334595,False,1548,570,False,5,5,313
314,bowl_missing,False,False,sequential_pick_two_and_place,"[583,2873,766,460,5685]",5,0.5971207618713379,0.5775422215461731,False,1752,765,False,5,5,314
315,bowl_missing,False,False,ensure_all_fruits_on_table,"[1401,2069,129,316,1428]",5,0.550321638584137,0.5447251200675964,False,1624,640,False,5,5,315
316,plate_missing,True,True,ensure_all_fruits_on_table,"[1428,2075,56,383,1401]",5,0.5903847217559814,0.5883797645568848,False,1618,640,False,5,5,316
317,bowl_missing,False,False,serve_bread_after_checking_cabinet,"[2767,3266,143,2943,245]",5,0.6213803291320801,0.6105820536613464,False,1768,787,False,5,5,317
318,plate_missing,True,True,ensure_all_fruits_on_table,"[38,416,548,2909,161]",5,0.6202490329742432,0.6094413280487061,False,1606,623,False,5,5,318
319,bowl_missing,False,True,sequential_pick_two_and_place,"[583,2873,766,460,5685]",5,0.5971207618713379,0.5775422215461731,False,1745,765,False,5,5,319
320,both_missing,False,False,single_move_asset_to_target,"[3458,228,2781,1880,4735]",5,0.7524831295013428,0.73103107213974,False,1562,576,False,5,5,320
321,bowl_missing,False,False,single_move_asset_to_target,"[3458,2781,228,225,6705]",5,0.7081499695777893,0.6699793815612793,False,1559,580,False,5,5,321
322,plate_missing,True,True,ensure_all_fruits_on_table,"[38,416,548,2909,161]",5,0.6202490329742432,0.6094413280487061,False,1599,623,False,5,5,322
323,both_missing,False,False,single_move_asset_to_target,"[3458,228,2781,1880,4735]",5,0.7524831295013428,0.73103107213974,False,1555,576,False,5,5,323
324,bowl_missing,False,False,ensure_all_fruits_on_table,"[38,416,548,2909,161]",5,0.6202490329742432,0.6094413280487061,False,1606,623,False,5,5,324
325,both_missing,False,False,ensure_all_fruits_on_table,"[73,2780,57,1222,1428]",5,0.5554057359695435,0.5518117308616638,False,1605,629,False,5,5,325
326,bowl_missing,False,False,ensure_all_fruits_on_table,"[73,2780,57,1222,1428]",5,0.5554057359695435,0.5518117308616638,False,1605,629,False,5,5,326
327,both_missing,False,False,serve_bread_after_checking_cabinet,"[2767,3266,143,2943,245]",5,0.6213803291320801,0.6105820536613464,False,1768,787,False,5,5,327
328,bowl_missing,False,False,ensure_all_fruits_on_table,"[1401,2069,129,316,1428]",5,0.550321638584137,0.5447251200675964,False,1624,640,False,5,5,328
329,bowl_missing,False,False,sequential_pick_two_and_place,"[583,2873,766,460,5685]",5,0.5971207618713379,0.5775422215461731,False,1752,765,False,5,5,329
330,plate_missing,True,True,sequential_pick_two_and_place,"[583,2873,766,460,5685]",5,0.5971207618713379,0.5775422215461731,False,1752,765,False,5,5,330
331,plate_missing,True,True,serve_bread_after_checking_cabinet,"[2767,3266,143,2943,245]",5,0.6213803291320801,0.6105820536613464,False,1768,787,False,5,5,331
332,bowl_missing,False,False,ensure_all_fruits_on_table,"[1401,2069,129,316,1428]",5,0.550321638584137,0.5447251200675964,False,1617,640,False,5,5,332
333,plate_missing,True,True,ensure_all_fruits_on_table,"[1401,2069,129,316,1428]",5,0.550321638584137,0.5447251200675964,False,1624,640,False,5,5,333
334,bowl_missing,False,False,sequential_pick_two_and_place,"[583,2873,766,460,5685]",5,0.5971207618713379,0.5775422215461731,False,1752,765,False,5,5,334
335,plate_missing,True,True,ensure_all_fruits_on_table,"[38,416,548,2909,161]",5,0.6202490329742432,0.6094413280487061,False,1606,623,False,5,5,335
336,plate_missing,True,True,ensure_all_fruits_on_table,"[1428,2075,56,383,1401]",5,0.5903847217559814,0.5883797645568848,False,1625,640,False,5,5,336
337,bowl_missing,False,False,single_move_asset_to_target,"[3458,228,2781,1880,4735]",5,0.7524831295013428,0.73103107213974,False,1555,576,False,5,5,337
338,bowl_missing,False,False,sequential_pick_two_and_place,"[583,2873,766,460,5685]",5,0.5971207618713379,0.5775422215461731,False,1745,765,False,5,5,338
339,bowl_missing,False,False,ensure_all_fruits_on_table,"[1428,2075,56,383,1401]",5,0.5903847217559814,0.5883797645568848,False,1625,640,False,5,5,339
340,both_missing,False,False,single_move_asset_to_target,"[3458,2781,228,225,6705]",5,0.7081499695777893,0.6699793815612793,False,1566,580,False,5,5,340
341,plate_missing,True,True,single_move_asset_to_target,"[3458,228,2781,1880,4735]",5,0.7524831295013428,0.73103107213974,False,1562,576,False,5,5,341
342,bowl_missing,False,False,single_move_asset_to_target,"[3458,228,2781,1880,4735]",5,0.7524831295013428,0.73103107213974,False,1555,576,False,5,5,342
343,bowl_missing,False,False,single_move_asset_to_target,"[1571,3755,3365,1228,4735]",5,0.6041234731674194,0.5751652002334595,False,1555,570,False,5,5,343
344,plate_missing,True,True,sequential_pick_two_and_place,"[583,2873,766,460,5685]",5,0.5971207618713379,0.5775422215461731,False,1752,765,False,5,5,344
345,bowl_missing,False,False,single_move_asset_to_target,"[3458,2781,228,225,6705]",5,0.7081499695777893,0.6699793815612793,False,1559,580,False,5,5,345
346,plate_missing,True,True,ensure_all_fruits_on_table,"[73,2780,57,1222,1428]",5,0.5554057359695435,0.5518117308616638,False,1612,629,False,5,5,346
347,both_missing,False,False,single_move_asset_to_target,"[3458,2781,228,225,6705]",5,0.7081499695777893,0.6699793815612793,False,1566,580,False,5,5,347
348,plate_missing,True,True,ensure_all_fruits_on_table,"[38,416,548,2909,161]",5,0.6202490329742432,0.6094413280487061,False,1599,623,False,5,5,348
349,plate_missing,True,True,ensure_all_fruits_on_table,"[1428,2075,56,383,1401]",5,0.5903847217559814,0.5883797645568848,False,1625,640,False,5,5,349
350,bowl_missing,False,False,ensure_all_fruits_on_table,"[1401,2069,129,316,1428]",5,0.550321638584137,0.5447251200675964,False,1617,640,False,5,5,350
351,plate_missing,True,True,serve_bread_after_checking_cabinet,"[2767,3266,143,2943,245]",5,0.6213803291320801,0.6105820536613464,False,1775,787,False,5,5,351
352,both_missing,False,False,ensure_all_fruits_on_table,"[73,2780,57,1222,1428]",5,0.5554057359695435,0.5518117308616638,False,1612,629,False,5,5,352
353,bowl_missing,False,False,serve_bread_after_checking_cabinet,"[2767,3266,143,2943,245]",5,0.6213803291320801,0.6105820536613464,False,1775,787,False,5,5,353
354,both_missing,False,False,ensure_all_fruits_on_table,"[1401,2069,129,316,1428]",5,0.550321638584137,0.5447251200675964,False,1617,640,False,5,5,354
355,bowl_missing,False,False,sequential_pick_two_and_place,"[583,2873,766,460,5685]",5,0.5971207618713379,0.5775422215461731,False,1745,765,False,5,5,355
356,both_missing,False,False,ensure_all_fruits_on_table,"[1401,2069,129,316,1428]",5,0.550321638584137,0.5447251200675964,False,1617,640,False,5,5,356
357,bowl_missing,False,False,ensure_all_fruits_on_table,"[1401,2069,129,316,1428]",5,0.550321638584137,0.5447251200675964,False,1624,640,False,5,5,357
358,both_missing,False,False,single_move_asset_to_target,"[3458,2781,228,225,6705]",5,0.7081499695777893,0.6699793815612793,False,1559,580,False,5,5,358
359,both_missing,False,False,dog_check_environment,"[1856,95,1959,659,1099]",5,0.38205617666244507,0.3676329553127289,False,1285,297,False,5,5,359
360,bowl_missing,False,False,sequential_pick_two_and_place,"[583,2873,766,460,5685]",5,0.5971207618713379,0.5775422215461731,False,1752,765,False,5,5,360
361,bowl_missing,False,False,sequential_pick_two_and_place,"[583,2873,766,460,5685]",5,0.5971207618713379,0.5775422215461731,False,1745,765,False,5,5,361
362,both_missing,False,False,serve_bread_after_checking_cabinet,"[2767,3266,143,2943,245]",5,0.6213803291320801,0.6105820536613464,False,1775,787,False,5,5,362
363,bowl_missing,False,False,sequential_pick_two_and_place,"[583,2873,766,460,5685]",5,0.5971207618713379,0.5775422215461731,False,1745,765,False,5,5,363
364,plate_missing,True,True,ensure_all_fruits_on_table,"[73,2780,57,1222,1428]",5,0.5554057359695435,0.5518117308616638,False,1612,629,False,5,5,364
365,both_missing,False,False,ensure_all_fruits_on_table,"[1401,2069,129,316,1428]",5,0.550321638584137,0.5447251200675964,False,1617,640,False,5,5,365
366,bowl_missing,False,False,sequential_pick_two_and_place,"[583,2873,766,460,5685]",5,0.5971207618713379,0.5775422215461731,False,1745,765,False,5,5,366
367,plate_missing,True,True,ensure_all_fruits_on_table,"[1401,2069,129,316,1428]",5,0.550321638584137,0.5447251200675964,False,1617,640,False,5,5,367
368,both_missing,False,False,ensure_all_fruits_on_table,"[38,416,548,2909,161]",5,0.6202490329742432,0.6094413280487061,False,1606,623,False,5,5,368
369,bowl_missing,False,False,ensure_all_fruits_on_table,"[1401,2069,129,316,1428]",5,0.550321638584137,0.5447251200675964,False,1617,640,False,5,5,369
370,both_missing,False,False,ensure_all_fruits_on_table,"[1428,2075,56,383,1401]",5,0.5903847217559814,0.5883797645568848,False,1618,640,False,5,5,370
371,both_missing,False,False,ensure_all_fruits_on_table,"[1428,2075,56,383,1401]",5,0.5903847217559814,0.5883797645568848,False,1618,640,False,5,5,371
372,both_missing,False,False,single_move_asset_to_target,"[3458,2781,228,225,6705]",5,0.7081499695777893,0.6699793815612793,False,1559,580,False,5,5,372
373,plate_missing,True,True,ensure_all_fruits_on_table,"[38,416,548,2909,161]",5,0.6202490329742432,0.6094413280487061,False,1606,623,False,5,5,373
374,bowl_missing,False,False,ensure_all_fruits_on_table,"[1401,2069,129,316,1428]",5,0.550321638584137,0.5447251200675964,False,1624,640,False,5,5,374
375,plate_missing,True,True,sequential_pick_two_and_place,"[583,2873,766,460,5685]",5,0.5971207618713379,0.5775422215461731,False,1752,765,False,5,5,375
376,both_missing,False,False,ensure_all_fruits_on_table,"[1428,2075,56,383,1401]",5,0.5903847217559814,0.5883797645568848,False,1618,640,False,5,5,376
377,plate_missing,True,False,single_move_asset_to_target,"[3458,2781,228,225,6705]",5,0.7081499695777893,0.6699793815612793,False,1566,580,False,5,5,377
378,both_missing,False,False,serve_bread_after_checking_cabinet,"[2767,3266,143,2943,245]",5,0.6213803291320801,0.6105820536613464,False,1768,787,False,5,8,378
379,bowl_missing,False,False,ensure_all_fruits_on_table,"[73,2780,57,1222,1428]",5,0.5554057359695435,0.5518117308616638,False,1605,629,False,5,5,379
380,plate_missing,True,True,dog_check_environment,"[1856,95,1959,659,1099]",5,0.38205617666244507,0.3676329553127289,False,1285,297,False,5,5,380
381,plate_missing,True,False,single_move_asset_to_target,"[1571,3755,3365,1228,4735]",5,0.6041234731674194,0.5751652002334595,False,1548,570,False,5,5,381
382,bowl_missing,False,False,single_move_asset_to_target,"[3458,2781,228,225,6705]",5,0.7081499695777893,0.6699793815612793,False,1566,580,False,5,5,382
383,bowl_missing,False,False,single_move_asset_to_target,"[1571,3755,3365,1228,4735]",5,0.6041234731674194,0.5751652002334595,False,1555,570,False,5,5,383
384,bowl_missing,False,False,ensure_all_fruits_on_table,"[1428,2075,56,383,1401]",5,0.5903847217559814,0.5883797645568848,False,1625,640,False,5,5,384
385,bowl_missing,False,False,single_move_asset_to_target,"[3458,228,2781,1880,4735]",5,0.7524831295013428,0.73103107213974,False,1562,576,False,5,5,385
386,bowl_missing,False,False,sequential_pick_two_and_place,"[583,2873,766,460,5685]",5,0.5971207618713379,0.5775422215461731,False,1752,765,False,5,5,386
387,bowl_missing,False,False,ensure_all_fruits_on_table,"[38,416,548,2909,161]",5,0.6202490329742432,0.6094413280487061,False,1606,623,False,5,5,387
388,both_missing,False,False,ensure_all_fruits_on_table,"[1401,2069,129,316,1428]",5,0.550321638584137,0.5447251200675964,False,1617,640,False,5,5,388
389,bowl_missing,False,False,single_move_asset_to_target,"[3458,2781,1228,228,4064]",5,0.7544512748718262,0.7373816490173339,False,1560,579,False,5,5,389
390,both_missing,False,False,single_move_asset_to_target,"[3458,228,2781,1880,4735]",5,0.7524831295013428,0.73103107213974,False,1562,576,False,5,5,390
391,bowl_missing,False,False,ensure_all_fruits_on_table,"[1401,2069,129,316,1428]",5,0.550321638584137,0.5447251200675964,False,1624,640,False,5,5,391
392,both_missing,False,False,sequential_pick_two_and_place,"[2700,2742,3597,2873,3152]",5,0.5883311629295349,0.5829203724861145,False,1748,769,False,5,5,392
393,both_missing,False,False,single_move_asset_to_target,"[1571,3755,3365,1228,4735]",5,0.6041234731674194,0.5751652002334595,False,1555,570,False,5,5,393
394,both_missing,False,False,sequential_pick_two_and_place,"[583,2873,766,460,5685]",5,0.5971207618713379,0.5775422215461731,False,1745,765,False,5,5,394
395,plate_missing,True,True,ensure_all_fruits_on_table,"[1428,2075,56,383,1401]",5,0.5903847217559814,0.5883797645568848,False,1618,640,False,5,5,395
396,bowl_missing,False,False,single_move_asset_to_target,"[3458,2781,1228,228,4064]",5,0.7544512748718262,0.7373816490173339,False,1567,579,False,5,5,396
397,bowl_missing,False,False,single_move_asset_to_target,"[1571,3755,3365,1228,4735]",5,0.6041234731674194,0.5751652002334595,False,1548,570,False,5,5,397
398,plate_missing,True,True,ensure_all_fruits_on_table,"[940,1197,398,1287,352]",5,0.5748867988586426,0.5684079766273499,False,1611,630,False,5,5,398
399,bowl_missing,False,False,ensure_all_fruits_on_table,"[940,1197,398,1287,352]",5,0.5748867988586426,0.5684079766273499,False,1618,630,False,5,5,399
400,plate_missing,True,True,ensure_all_fruits_on_table,"[1428,2075,56,383,1401]",5,0.5903847217559814,0.5883797645568848,False,1625,640,False,5,5,400
401,both_missing,False,False,ensure_all_fruits_on_table,"[73,2780,57,1222,1428]",5,0.5554057359695435,0.5518117308616638,False,1612,629,False,5,5,401
402,bowl_missing,False,False,single_move_asset_to_target,"[3458,228,2781,1880,4735]",5,0.7524831295013428,0.73103107213974,False,1555,576,False,5,5,402
403,bowl_missing,False,False,ensure_all_fruits_on_table,"[73,2780,57,1222,1428]",5,0.5554057359695435,0.5518117308616638,False,1612,629,False,5,5,403
404,both_missing,False,False,single_move_asset_to_target,"[3458,228,2781,1880,4735]",5,0.7524831295013428,0.73103107213974,False,1562,576,False,5,5,404
405,plate_missing,True,True,ensure_all_fruits_on_table,"[73,2780,57,1222,1428]",5,0.5554057359695435,0.5518117308616638,False,1612,629,False,5,5,405
406,plate_missing,True,False,sequential_pick_two_and_place,"[583,2873,766,460,5685]",5,0.5971207618713379,0.5775422215461731,False,1752,765,False,5,5,406
407,both_missing,False,False,sequential_pick_two_and_place,"[2700,2742,3597,2873,3152]",5,0.5883311629295349,0.5829203724861145,False,1748,769,False,5,5,407
408,plate_missing,False,False,ensure_all_fruits_on_table,"[1428,2075,56,383,1401]",5,0.5903847217559814,0.5883797645568848,False,1618,640,False,5,5,408
409,bowl_missing,False,False,sequential_pick_two_and_place,"[583,2873,766,460,5685]",5,0.5971207618713379,0.5775422215461731,False,1745,765,False,5,5,409
410,plate_missing,True,True,sequential_pick_two_and_place,"[583,2873,766,460,5685]",5,0.5971207618713379,0.5775422215461731,False,1752,765,False,5,5,410
411,both_missing,False,False,single_move_asset_to_target,"[1571,3755,3365,1228,4735]",5,0.6041234731674194,0.5751652002334595,False,1548,570,False,5,5,411
412,both_missing,False,False,single_move_asset_to_target,"[3458,228,2781,1880,4735]",5,0.7524831295013428,0.73103107213974,False,1555,576,False,5,5,412
413,bowl_missing,False,False,single_move_asset_to_target,"[3458,2781,1228,228,4064]",5,0.7544512748718262,0.7373816490173339,False,1567,579,False,5,5,413
414,both_missing,False,False,single_move_asset_to_target,"[3458,2781,1228,228,4064]",5,0.7544512748718262,0.7373816490173339,False,1560,579,False,5,5,414
415,both_missing,False,False,ensure_all_fruits_on_table,"[1428,2075,56,383,1401]",5,0.5903847217559814,0.5883797645568848,False,1618,640,False,5,5,415
416,bowl_missing,False,False,ensure_all_fruits_on_table,"[73,2780,57,1222,1428]",5,0.5554057359695435,0.5518117308616638,False,1612,629,False,5,5,416
417,bowl_missing,False,False,sequential_pick_two_and_place,"[583,2873,766,460,5685]",5,0.5971207618713379,0.5775422215461731,False,1752,765,False,5,5,417
418,both_missing,False,False,ensure_all_fruits_on_table,"[1428,2075,56,383,1401]",5,0.5903847217559814,0.5883797645568848,False,1618,640,False,5,5,418
419,bowl_missing,False,False,ensure_all_fruits_on_table,"[73,2780,57,1222,1428]",5,0.5554057359695435,0.5518117308616638,False,1612,629,False,5,5,419
420,both_missing,False,False,sequential_pick_two_and_place,"[583,2873,766,460,5685]",5,0.5971207618713379,0.5775422215461731,False,1752,765,False,5,5,420
421,both_missing,False,False,single_move_asset_to_target,"[3458,2781,1228,228,4064]",5,0.7544512748718262,0.7373816490173339,False,1567,579,False,5,5,421
422,bowl_missing,False,False,sequential_pick_two_and_place,"[583,2873,766,460,5685]",5,0.5971207618713379,0.5775422215461731,False,1745,765,False,5,5,422
423,both_missing,False,False,ensure_all_fruits_on_table,"[1428,2075,56,383,1401]",5,0.5903847217559814,0.5883797645568848,False,1618,640,False,5,5,423
424,both_missing,False,False,ensure_all_fruits_on_table,"[1428,2075,56,383,1401]",5,0.5903847217559814,0.5883797645568848,False,1618,640,False,5,5,424
425,plate_missing,True,False,sequential_pick_two_and_place,"[583,2873,766,460,5685]",5,0.5971207618713379,0.5775422215461731,False,1752,765,False,5,5,425
426,plate_missing,True,True,ensure_all_fruits_on_table,"[73,2780,57,1222,1428]",5,0.5554057359695435,0.5518117308616638,False,1605,629,False,5,5,426
427,plate_missing,True,True,ensure_all_fruits_on_table,"[1428,2075,56,383,1401]",5,0.5903847217559814,0.5883797645568848,False,1618,640,False,5,5,427
428,bowl_missing,False,False,single_move_asset_to_target,"[3458,228,2781,1880,4735]",5,0.7524831295013428,0.73103107213974,False,1562,576,False,5,5,428
429,bowl_missing,False,False,ensure_all_fruits_on_table,"[1428,2075,56,383,1401]",5,0.5903847217559814,0.5883797645568848,False,1625,640,False,5,5,429
430,plate_missing,True,True,ensure_all_fruits_on_table,"[1401,2069,129,316,1428]",5,0.550321638584137,0.5447251200675964,False,1624,640,False,5,5,430
431,both_missing,False,False,ensure_all_fruits_on_table,"[940,1197,398,1287,352]",5,0.5748867988586426,0.5684079766273499,False,1611,630,False,5,5,431
432,both_missing,False,False,single_move_asset_to_target,"[1571,3755,3365,1228,4735]",5,0.6041234731674194,0.5751652002334595,False,1548,570,False,5,5,432
433,bowl_missing,False,True,sequential_pick_two_and_place,"[2700,2742,3597,2873,3152]",5,0.5883311629295349,0.5829203724861145,False,1755,769,False,5,5,433
434,both_missing,False,False,ensure_all_fruits_on_table,"[38,416,548,2909,161]",5,0.6202490329742432,0.6094413280487061,False,1599,623,False,5,5,434
435,both_missing,False,False,sequential_pick_two_and_place,"[2700,2742,3597,2873,3152]",5,0.5883311629295349,0.5829203724861145,False,1748,769,False,5,5,435
436,bowl_missing,False,False,single_move_asset_to_target,"[1571,3755,3365,1228,4735]",5,0.6041234731674194,0.5751652002334595,False,1548,570,False,5,5,436
437,both_missing,False,False,sequential_pick_two_and_place,"[2700,2742,3597,2873,3152]",5,0.5883311629295349,0.5829203724861145,False,1748,769,False,5,5,437
438,plate_missing,True,False,sequential_pick_two_and_place,"[2700,2742,3597,2873,3152]",5,0.5883311629295349,0.5829203724861145,False,1755,769,False,5,5,438
439,bowl_missing,False,False,ensure_all_fruits_on_table,"[73,2780,57,1222,1428]",5,0.5554057359695435,0.5518117308616638,False,1605,629,False,5,5,439
440,plate_missing,True,True,ensure_all_fruits_on_table,"[1428,2075,56,383,1401]",5,0.5903847217559814,0.5883797645568848,False,1618,640,False,5,5,440
441,both_missing,False,False,ensure_all_fruits_on_table,"[73,2780,57,1222,1428]",5,0.5554057359695435,0.5518117308616638,False,1605,629,False,5,5,441
442,plate_missing,False,False,ensure_all_fruits_on_table,"[38,416,548,2909,161]",5,0.6202490329742432,0.6094413280487061,False,1599,623,False,5,5,442
443,both_missing,False,False,single_move_asset_to_target,"[3458,228,2781,1880,4735]",5,0.7524831295013428,0.73103107213974,False,1562,576,False,5,5,443
444,plate_missing,True,True,single_move_asset_to_target,"[3458,2781,1228,228,4064]",5,0.7544512748718262,0.7373816490173339,False,1567,579,False,5,5,444
445,plate_missing,False,False,ensure_all_fruits_on_table,"[940,1197,398,1287,352]",5,0.5748867988586426,0.5684079766273499,False,1611,630,False,5,5,445
446,plate_missing,True,True,single_move_asset_to_target,"[3458,2781,1228,228,4064]",5,0.7544512748718262,0.7373816490173339,False,1560,579,False,5,5,446
447,plate_missing,True,False,sequential_pick_two_and_place,"[583,2873,766,460,5685]",5,0.5971207618713379,0.5775422215461731,False,1752,765,False,5,5,447
448,bowl_missing,True,True,single_move_asset_to_target,"[3458,2781,1228,228,4064]",5,0.7544512748718262,0.7373816490173339,False,1567,579,False,5,5,448
449,plate_missing,False,False,sequential_pick_two_and_place,"[2700,2742,3597,2873,3152]",5,0.5883311629295349,0.5829203724861145,False,1748,769,False,5,5,449
450,bowl_missing,False,False,single_move_asset_to_target,"[3458,2781,1228,228,4064]",5,0.7544512748718262,0.7373816490173339,False,1560,579,False,5,5,450
451,plate_missing,True,True,single_move_asset_to_target,"[1571,3755,3365,1228,4735]",5,0.6041234731674194,0.5751652002334595,False,1548,570,False,5,5,451
452,plate_missing,True,True,ensure_all_fruits_on_table,"[1401,2069,129,316,1428]",5,0.550321638584137,0.5447251200675964,False,1617,640,False,5,5,452
453,bowl_missing,False,False,ensure_all_fruits_on_table,"[1428,2075,56,383,1401]",5,0.5903847217559814,0.5883797645568848,False,1625,640,False,5,5,453
454,both_missing,False,False,sequential_pick_two_and_place,"[583,2873,766,460,5685]",5,0.5971207618713379,0.5775422215461731,False,1745,765,False,5,5,454
455,plate_missing,True,True,ensure_all_fruits_on_table,"[1401,2069,129,316,1428]",5,0.550321638584137,0.5447251200675964,False,1617,640,False,5,5,455
456,bowl_missing,False,False,ensure_all_fruits_on_table,"[940,1197,398,1287,352]",5,0.5748867988586426,0.5684079766273499,False,1618,630,False,5,5,456
457,both_missing,False,False,single_move_asset_to_target,"[1571,3755,3365,1228,4735]",5,0.6041234731674194,0.5751652002334595,False,1548,570,False,5,5,457
458,both_missing,False,False,ensure_all_fruits_on_table,"[1401,2069,129,316,1428]",5,0.550321638584137,0.5447251200675964,False,1624,640,False,5,5,458
459,plate_missing,False,True,ensure_all_fruits_on_table,"[38,416,548,2909,161]",5,0.6202490329742432,0.6094413280487061,False,1599,623,False,5,5,459
460,plate_missing,True,True,ensure_all_fruits_on_table,"[38,416,548,2909,161]",5,0.6202490329742432,0.6094413280487061,False,1599,623,False,5,5,460
461,plate_missing,True,True,single_move_asset_to_target,"[3458,228,2781,1880,4735]",5,0.7524831295013428,0.73103107213974,False,1555,576,False,5,5,461
462,both_missing,False,False,ensure_all_fruits_on_table,"[940,1197,398,1287,352]",5,0.5748867988586426,0.5684079766273499,False,1618,630,False,5,5,462
463,bowl_missing,False,False,sequential_pick_two_and_place,"[2700,2742,3597,2873,3152]",5,0.5883311629295349,0.5829203724861145,False,1755,769,False,5,5,463
464,both_missing,False,False,sequential_pick_two_and_place,"[583,2873,766,460,5685]",5,0.5971207618713379,0.5775422215461731,False,1752,765,False,5,5,464
465,plate_missing,True,True,ensure_all_fruits_on_table,"[940,1197,398,1287,352]",5,0.5748867988586426,0.5684079766273499,False,1618,630,False,5,5,465
466,bowl_missing,False,False,single_move_asset_to_target,"[3458,228,2781,1880,4735]",5,0.7524831295013428,0.73103107213974,False,1555,576,False,5,5,466
467,bowl_missing,False,False,single_move_asset_to_target,"[1571,3755,3365,1228,4735]",5,0.6041234731674194,0.5751652002334595,False,1555,570,False,5,5,467
468,both_missing,False,False,sequential_pick_two_and_place,"[2700,2742,3597,2873,3152]",5,0.5883311629295349,0.5829203724861145,False,1748,769,False,5,5,468
469,both_missing,False,False,sequential_pick_two_and_place,"[2700,2742,3597,2873,3152]",5,0.5883311629295349,0.5829203724861145,False,1755,769,False,5,5,469
470,both_missing,False,False,ensure_all_fruits_on_table,"[73,2780,57,1222,1428]",5,0.5554057359695435,0.5518117308616638,False,1612,629,False,5,5,470
471,both_missing,False,False,sequential_pick_two_and_place,"[583,2873,766,460,5685]",5,0.5971207618713379,0.5775422215461731,False,1752,765,False,5,5,471
472,plate_missing,True,True,ensure_all_fruits_on_table,"[1428,2075,56,383,1401]",5,0.5903847217559814,0.5883797645568848,False,1618,640,False,5,5,472
473,plate_missing,True,True,ensure_all_fruits_on_table,"[940,1197,398,1287,352]",5,0.5748867988586426,0.5684079766273499,False,1618,630,False,5,5,473
474,both_missing,False,False,single_move_asset_to_target,"[3458,2781,1228,228,4064]",5,0.7544512748718262,0.7373816490173339,False,1567,579,False,5,5,474
475,both_missing,False,False,ensure_all_fruits_on_table,"[1428,2075,56,383,1401]",5,0.5903847217559814,0.5883797645568848,False,1625,640,False,5,5,475
476,both_missing,False,False,single_move_asset_to_target,"[1571,3755,3365,1228,4735]",5,0.6041234731674194,0.5751652002334595,False,1548,570,False,5,5,476
477,plate_missing,True,False,sequential_pick_two_and_place,"[2700,2742,3597,2873,3152]",5,0.5883311629295349,0.5829203724861145,False,1755,769,False,5,5,477
478,plate_missing,True,True,single_move_asset_to_target,"[3458,228,2781,1880,4735]",5,0.7524831295013428,0.73103107213974,False,1555,576,False,5,5,478
479,plate_missing,True,True,ensure_all_fruits_on_table,"[1401,2069,129,316,1428]",5,0.550321638584137,0.5447251200675964,False,1617,640,False,5,5,479
480,both_missing,False,False,single_move_asset_to_target,"[3458,2781,1228,228,4064]",5,0.7544512748718262,0.7373816490173339,False,1567,579,False,5,5,480
481,both_missing,False,False,sequential_pick_two_and_place,"[2700,2742,3597,2873,3152]",5,0.5883311629295349,0.5829203724861145,False,1748,769,False,5,5,481
482,bowl_missing,False,False,ensure_all_fruits_on_table,"[1401,2069,129,316,1428]",5,0.550321638584137,0.5447251200675964,False,1617,640,False,5,5,482
483,both_missing,False,False,single_move_asset_to_target,"[3458,228,2781,1880,4735]",5,0.7524831295013428,0.73103107213974,False,1555,576,False,5,5,483
484,plate_missing,True,True,single_move_asset_to_target,"[3458,2781,1228,228,4064]",5,0.7544512748718262,0.7373816490173339,False,1567,579,False,5,5,484
485,bowl_missing,False,False,single_move_asset_to_target,"[3458,2781,1228,228,4064]",5,0.7544512748718262,0.7373816490173339,False,1560,579,False,5,5,485
486,plate_missing,True,False,single_move_asset_to_target,"[1571,3755,3365,1228,4735]",5,0.6041234731674194,0.5751652002334595,False,1548,570,False,5,5,486
487,bowl_missing,False,False,single_move_asset_to_target,"[1571,3755,3365,1228,4735]",5,0.6041234731674194,0.5751652002334595,False,1548,570,False,5,5,487
488,plate_missing,False,True,single_move_asset_to_target,"[3458,228,2781,1880,4735]",5,0.7524831295013428,0.73103107213974,False,1562,576,False,5,5,488
489,bowl_missing,False,False,sequential_pick_two_and_place,"[583,2873,766,460,5685]",5,0.5971207618713379,0.5775422215461731,False,1752,765,False,5,5,489
490,bowl_missing,False,False,ensure_all_fruits_on_table,"[1401,2069,129,316,1428]",5,0.550321638584137,0.5447251200675964,False,1624,640,False,5,5,490
491,both_missing,False,False,sequential_pick_two_and_place,"[2700,2742,3597,2873,3152]",5,0.5883311629295349,0.5829203724861145,False,1755,769,False,5,5,491
492,plate_missing,False,False,sequential_pick_two_and_place,"[2700,2742,3597,2873,3152]",5,0.5883311629295349,0.5829203724861145,False,1755,769,False,5,5,492
493,bowl_missing,False,False,ensure_all_fruits_on_table,"[73,2780,57,1222,1428]",5,0.5554057359695435,0.5518117308616638,False,1605,629,False,5,5,493
494,both_missing,False,False,ensure_all_fruits_on_table,"[38,416,548,2909,161]",5,0.6202490329742432,0.6094413280487061,False,1599,623,False,5,5,494
495,plate_missing,True,True,ensure_all_fruits_on_table,"[38,416,548,2909,161]",5,0.6202490329742432,0.6094413280487061,False,1599,623,False,5,5,495
496,bowl_missing,False,False,ensure_all_fruits_on_table,"[1428,2075,56,383,1401]",5,0.5903847217559814,0.5883797645568848,False,1625,640,False,5,5,496
497,plate_missing,False,True,ensure_all_fruits_on_table,"[38,416,548,2909,161]",5,0.6202490329742432,0.6094413280487061,False,1606,623,False,5,5,497
498,bowl_missing,False,False,ensure_all_fruits_on_table,"[38,416,548,2909,161]",5,0.6202490329742432,0.6094413280487061,False,1599,623,False,5,5,498
499,plate_missing,True,False,sequential_pick_two_and_place,"[583,2873,766,460,5685]",5,0.5971207618713379,0.5775422215461731,False,1745,765,False,5,5,499
500,bowl_missing,False,False,single_move_asset_to_target,"[3458,228,2781,1880,4735]",5,0.7524831295013428,0.73103107213974,False,1562,576,False,5,5,500
501,plate_missing,True,True,single_move_asset_to_target,"[3458,2781,1228,228,4064]",5,0.7544512748718262,0.7373816490173339,False,1560,579,False,5,5,501
502,plate_missing,True,True,single_move_asset_to_target,"[1571,3755,3365,1228,4735]",5,0.6041234731674194,0.5751652002334595,False,1548,570,False,5,5,502
503,both_missing,False,False,ensure_all_fruits_on_table,"[38,416,548,2909,161]",5,0.6202490329742432,0.6094413280487061,False,1599,623,False,5,5,503
504,plate_missing,True,True,ensure_all_fruits_on_table,"[1401,2069,129,316,1428]",5,0.550321638584137,0.5447251200675964,False,1624,640,False,5,5,504
505,plate_missing,False,True,ensure_all_fruits_on_table,"[38,416,548,2909,161]",5,0.6202490329742432,0.6094413280487061,False,1606,623,False,5,5,505
506,both_missing,False,False,ensure_all_fruits_on_table,"[38,416,548,2909,161]",5,0.6202490329742432,0.6094413280487061,False,1599,623,False,5,5,506
507,both_missing,False,False,sequential_pick_two_and_place,"[2700,2742,3597,2873,3152]",5,0.5883311629295349,0.5829203724861145,False,1755,769,False,5,5,507
508,bowl_missing,False,False,sequential_pick_two_and_place,"[583,2873,766,460,5685]",5,0.5971207618713379,0.5775422215461731,False,1752,765,False,5,5,508
509,plate_missing,True,True,ensure_all_fruits_on_table,"[38,416,548,2909,161]",5,0.6202490329742432,0.6094413280487061,False,1606,623,False,5,5,509
510,bowl_missing,False,False,ensure_all_fruits_on_table,"[940,1197,398,1287,352]",5,0.5748867988586426,0.5684079766273499,False,1611,630,False,5,5,510
511,bowl_missing,False,True,sequential_pick_two_and_place,"[2700,2742,3597,2873,3152]",5,0.5883311629295349,0.5829203724861145,False,1755,769,False,5,5,511
512,plate_missing,True,False,single_move_asset_to_target,"[1571,3755,3365,1228,4735]",5,0.6041234731674194,0.5751652002334595,False,1548,570,False,5,5,512
513,both_missing,False,False,ensure_all_fruits_on_table,"[38,416,548,2909,161]",5,0.6202490329742432,0.6094413280487061,False,1599,623,False,5,5,513
514,both_missing,False,False,ensure_all_fruits_on_table,"[73,2780,57,1222,1428]",5,0.5554057359695435,0.5518117308616638,False,1612,629,False,5,5,514
515,plate_missing,True,True,ensure_all_fruits_on_table,"[1401,2069,129,316,1428]",5,0.550321638584137,0.5447251200675964,False,1617,640,False,5,5,515
516,plate_missing,True,True,ensure_all_fruits_on_table,"[1401,2069,129,316,1428]",5,0.550321638584137,0.5447251200675964,False,1617,640,False,5,5,516
517,bowl_missing,False,False,single_move_asset_to_target,"[3458,2781,1228,228,4064]",5,0.7544512748718262,0.7373816490173339,False,1567,579,False,5,5,517
518,bowl_missing,False,False,single_move_asset_to_target,"[3458,228,2781,1880,4735]",5,0.7524831295013428,0.73103107213974,False,1555,576,False,5,5,518
519,plate_missing,True,False,sequential_pick_two_and_place,"[2700,2742,3597,2873,3152]",5,0.5883311629295349,0.5829203724861145,False,1755,769,False,5,5,519
520,plate_missing,True,True,single_move_asset_to_target,"[3458,228,2781,1880,4735]",5,0.7524831295013428,0.73103107213974,False,1555,576,False,5,5,520
521,bowl_missing,False,True,sequential_pick_two_and_place,"[2700,2742,3597,2873,3152]",5,0.5883311629295349,0.5829203724861145,False,1748,769,False,5,5,521
522,bowl_missing,False,True,sequential_pick_two_and_place,"[2700,2742,3597,2873,3152]",5,0.5883311629295349,0.5829203724861145,False,1755,769,False,5,5,522
523,bowl_missing,False,False,ensure_all_fruits_on_table,"[940,1197,398,1287,352]",5,0.5748867988586426,0.5684079766273499,False,1611,630,False,5,5,523
524,bowl_missing,False,False,sequential_pick_two_and_place,"[583,2873,766,460,5685]",5,0.5971207618713379,0.5775422215461731,False,1745,765,False,5,5,524
525,bowl_missing,False,False,sequential_pick_two_and_place,"[583,2873,766,460,5685]",5,0.5971207618713379,0.5775422215461731,False,1752,765,False,5,5,525
526,bowl_missing,False,False,single_move_asset_to_target,"[3458,2781,1228,228,4064]",5,0.7544512748718262,0.7373816490173339,False,1560,579,False,5,5,526
527,both_missing,False,False,single_move_asset_to_target,"[3458,2781,1228,228,4064]",5,0.7544512748718262,0.7373816490173339,False,1567,579,False,5,5,527
528,both_missing,False,False,single_move_asset_to_target,"[1571,3755,3365,1228,4735]",5,0.6041234731674194,0.5751652002334595,False,1548,570,False,5,5,528
529,plate_missing,True,True,ensure_all_fruits_on_table,"[940,1197,398,1287,352]",5,0.5748867988586426,0.5684079766273499,False,1618,630,False,5,5,529
530,plate_missing,True,True,ensure_all_fruits_on_table,"[1428,2075,56,383,1401]",5,0.5903847217559814,0.5883797645568848,False,1618,640,False,5,5,530
531,bowl_missing,False,False,ensure_all_fruits_on_table,"[73,2780,57,1222,1428]",5,0.5554057359695435,0.5518117308616638,False,1605,629,False,5,5,531
532,bowl_missing,False,False,ensure_all_fruits_on_table,"[940,1197,398,1287,352]",5,0.5748867988586426,0.5684079766273499,False,1611,630,False,5,5,532
533,bowl_missing,False,False,ensure_all_fruits_on_table,"[73,2780,57,1222,1428]",5,0.5554057359695435,0.5518117308616638,False,1612,629,False,5,5,533
534,bowl_missing,False,False,single_move_asset_to_target,"[1571,3755,3365,1228,4735]",5,0.6041234731674194,0.5751652002334595,False,1555,570,False,5,5,534
535,bowl_missing,False,False,sequential_pick_two_and_place,"[583,2873,766,460,5685]",5,0.5971207618713379,0.5775422215461731,False,1752,765,False,5,5,535
536,bowl_missing,False,False,single_move_asset_to_target,"[3458,2781,1228,228,4064]",5,0.7544512748718262,0.7373816490173339,False,1560,579,False,5,5,536
537,both_missing,False,False,ensure_all_fruits_on_table,"[38,416,548,2909,161]",5,0.6202490329742432,0.6094413280487061,False,1599,623,False,5,5,537
538,both_missing,False,False,ensure_all_fruits_on_table,"[73,2780,57,1222,1428]",5,0.5554057359695435,0.5518117308616638,False,1612,629,False,5,5,538
539,both_missing,False,False,single_move_asset_to_target,"[3458,228,2781,1880,4735]",5,0.7524831295013428,0.73103107213974,False,1562,576,False,5,5,539
540,plate_missing,True,True,single_move_asset_to_target,"[1571,3755,3365,1228,4735]",5,0.6041234731674194,0.5751652002334595,False,1555,570,False,5,5,540
541,bowl_missing,False,False,sequential_pick_two_and_place,"[2700,2742,3597,2873,3152]",5,0.5883311629295349,0.5829203724861145,False,1755,769,False,5,5,541
542,plate_missing,True,False,single_move_asset_to_target,"[3458,228,2781,1880,4735]",5,0.7524831295013428,0.73103107213974,False,1562,576,False,5,5,542
543,bowl_missing,False,False,ensure_all_fruits_on_table,"[940,1197,398,1287,352]",5,0.5748867988586426,0.5684079766273499,False,1611,630,False,5,5,543
544,both_missing,False,False,ensure_all_fruits_on_table,"[1401,2069,129,316,1428]",5,0.550321638584137,0.5447251200675964,False,1624,640,False,5,5,544
545,plate_missing,True,True,ensure_all_fruits_on_table,"[1428,2075,56,383,1401]",5,0.5903847217559814,0.5883797645568848,False,1625,640,False,5,5,545
546,both_missing,False,False,sequential_pick_two_and_place,"[583,2873,766,460,5685]",5,0.5971207618713379,0.5775422215461731,False,1745,765,False,5,5,546
547,both_missing,False,False,ensure_all_fruits_on_table,"[1401,2069,129,316,1428]",5,0.550321638584137,0.5447251200675964,False,1617,640,False,5,5,547
548,both_missing,False,False,sequential_pick_two_and_place,"[583,2873,766,460,5685]",5,0.5971207618713379,0.5775422215461731,False,1752,765,False,5,5,548
549,both_missing,False,False,ensure_all_fruits_on_table,"[73,2780,57,1222,1428]",5,0.5554057359695435,0.5518117308616638,False,1612,629,False,5,5,549
550,plate_missing,True,True,ensure_all_fruits_on_table,"[1401,2069,129,316,1428]",5,0.550321638584137,0.5447251200675964,False,1617,640,False,5,5,550
551,bowl_missing,False,False,ensure_all_fruits_on_table,"[38,416,548,2909,161]",5,0.6202490329742432,0.6094413280487061,False,1606,623,False,5,5,551
552,plate_missing,True,True,ensure_all_fruits_on_table,"[940,1197,398,1287,352]",5,0.5748867988586426,0.5684079766273499,False,1611,630,False,5,5,552
553,bowl_missing,False,False,ensure_all_fruits_on_table,"[73,2780,57,1222,1428]",5,0.5554057359695435,0.5518117308616638,False,1612,629,False,5,5,553
554,plate_missing,True,False,sequential_pick_two_and_place,"[2700,2742,3597,2873,3152]",5,0.5883311629295349,0.5829203724861145,False,1748,769,False,5,5,554
555,bowl_missing,False,False,ensure_all_fruits_on_table,"[38,416,548,2909,161]",5,0.6202490329742432,0.6094413280487061,False,1599,623,False,5,5,555
556,bowl_missing,False,False,single_move_asset_to_target,"[3458,228,2781,1880,4735]",5,0.7524831295013428,0.73103107213974,False,1555,576,False,5,5,556
557,bowl_missing,False,False,ensure_all_fruits_on_table,"[73,2780,57,1222,1428]",5,0.5554057359695435,0.5518117308616638,False,1605,629,False,5,5,557
558,plate_missing,True,True,single_move_asset_to_target,"[3458,2781,1228,228,4064]",5,0.7544512748718262,0.7373816490173339,False,1560,579,False,5,5,558
559,plate_missing,True,True,single_move_asset_to_target,"[3458,2781,1228,228,4064]",5,0.7544512748718262,0.7373816490173339,False,1560,579,False,5,5,559
560,bowl_missing,False,False,single_move_asset_to_target,"[1571,3755,3365,1228,4735]",5,0.6041234731674194,0.5751652002334595,False,1555,570,False,5,5,560
561,both_missing,False,False,single_move_asset_to_target,"[1571,3755,3365,1228,4735]",5,0.6041234731674194,0.5751652002334595,False,1555,570,False,5,5,561
562,both_missing,False,False,ensure_all_fruits_on_table,"[73,2780,57,1222,1428]",5,0.5554057359695435,0.5518117308616638,False,1612,629,False,5,5,562
563,plate_missing,False,True,ensure_all_fruits_on_table,"[38,416,548,2909,161]",5,0.6202490329742432,0.6094413280487061,False,1606,623,False,5,5,563
564,both_missing,False,False,sequential_pick_two_and_place,"[583,2873,766,460,5685]",5,0.5971207618713379,0.5775422215461731,False,1752,765,False,5,5,564
565,plate_missing,True,True,single_move_asset_to_target,"[3458,228,2781,1880,4735]",5,0.7524831295013428,0.73103107213974,False,1562,576,False,5,5,565
566,plate_missing,True,False,sequential_pick_two_and_place,"[2700,2742,3597,2873,3152]",5,0.5883311629295349,0.5829203724861145,False,1748,769,False,5,5,566
567,plate_missing,True,False,single_move_asset_to_target,"[1571,3755,3365,1228,4735]",5,0.6041234731674194,0.5751652002334595,False,1548,570,False,5,5,567
568,both_missing,True,False,ensure_all_fruits_on_table,"[73,2780,57,1222,1428]",5,0.5554057359695435,0.5518117308616638,False,1612,629,False,8,5,568
569,plate_missing,True,True,single_move_asset_to_target,"[3458,228,2781,1880,4735]",5,0.7524831295013428,0.73103107213974,False,1562,576,False,5,5,569
570,both_missing,False,False,sequential_pick_two_and_place,"[583,2873,766,460,5685]",5,0.5971207618713379,0.5775422215461731,False,1752,765,False,5,5,570
571,bowl_missing,False,False,ensure_all_fruits_on_table,"[940,1197,398,1287,352]",5,0.5748867988586426,0.5684079766273499,False,1618,630,False,5,5,571
572,plate_missing,True,True,ensure_all_fruits_on_table,"[940,1197,398,1287,352]",5,0.5748867988586426,0.5684079766273499,False,1618,630,False,5,5,572
573,bowl_missing,False,False,ensure_all_fruits_on_table,"[1428,2075,56,383,1401]",5,0.5903847217559814,0.5883797645568848,False,1618,640,False,5,5,573
574,plate_missing,True,True,ensure_all_fruits_on_table,"[73,2780,57,1222,1428]",5,0.5554057359695435,0.5518117308616638,False,1612,629,False,5,5,574
575,both_missing,False,False,ensure_all_fruits_on_table,"[73,2780,57,1222,1428]",5,0.5554057359695435,0.5518117308616638,False,1605,629,False,5,5,575
576,plate_missing,True,True,single_move_asset_to_target,"[3458,228,2781,1880,4735]",5,0.7524831295013428,0.73103107213974,False,1555,576,False,5,5,576
577,plate_missing,True,True,ensure_all_fruits_on_table,"[38,416,548,2909,161]",5,0.6202490329742432,0.6094413280487061,False,1606,623,False,5,5,577
578,bowl_missing,False,False,ensure_all_fruits_on_table,"[940,1197,398,1287,352]",5,0.5748867988586426,0.5684079766273499,False,1611,630,False,5,5,578
579,both_missing,False,False,ensure_all_fruits_on_table,"[73,2780,57,1222,1428]",5,0.5554057359695435,0.5518117308616638,False,1612,629,False,5,5,579
580,both_missing,False,False,sequential_pick_two_and_place,"[2700,2742,3597,2873,3152]",5,0.5883311629295349,0.5829203724861145,False,1748,769,False,5,5,580
581,plate_missing,True,True,single_move_asset_to_target,"[3458,228,2781,1880,4735]",5,0.7524831295013428,0.73103107213974,False,1555,576,False,5,5,581
582,both_missing,False,False,ensure_all_fruits_on_table,"[73,2780,57,1222,1428]",5,0.5554057359695435,0.5518117308616638,False,1605,629,False,5,5,582
583,both_missing,False,False,ensure_all_fruits_on_table,"[940,1197,398,1287,352]",5,0.5748867988586426,0.5684079766273499,False,1618,630,False,5,5,583
584,both_missing,False,False,sequential_pick_two_and_place,"[2700,2742,3597,2873,3152]",5,0.5883311629295349,0.5829203724861145,False,1748,769,False,5,5,584
585,plate_missing,True,True,ensure_all_fruits_on_table,"[73,2780,57,1222,1428]",5,0.5554057359695435,0.5518117308616638,False,1612,629,False,5,5,585
586,plate_missing,True,True,ensure_all_fruits_on_table,"[1428,2075,56,383,1401]",5,0.5903847217559814,0.5883797645568848,False,1625,640,False,5,5,586
587,both_missing,False,False,single_move_asset_to_target,"[3458,2781,1228,228,4064]",5,0.7544512748718262,0.7373816490173339,False,1567,579,False,5,5,587
588,bowl_missing,False,False,single_move_asset_to_target,"[3458,228,2781,1880,4735]",5,0.7524831295013428,0.73103107213974,False,1562,576,False,5,5,588
589,plate_missing,True,False,single_move_asset_to_target,"[1571,3755,3365,1228,4735]",5,0.6041234731674194,0.5751652002334595,False,1548,570,False,5,5,589
590,bowl_missing,False,False,ensure_all_fruits_on_table,"[1401,2069,129,316,1428]",5,0.550321638584137,0.5447251200675964,False,1617,640,False,5,5,590
591,plate_missing,False,True,single_move_asset_to_target,"[3458,2781,1228,228,4064]",5,0.7544512748718262,0.7373816490173339,False,1560,579,False,5,5,591
592,plate_missing,True,True,ensure_all_fruits_on_table,"[38,416,548,2909,161]",5,0.6202490329742432,0.6094413280487061,False,1606,623,False,5,5,592
593,bowl_missing,False,False,ensure_all_fruits_on_table,"[1428,2075,56,383,1401]",5,0.5903847217559814,0.5883797645568848,False,1618,640,False,5,5,593
594,bowl_missing,False,False,ensure_all_fruits_on_table,"[1428,2075,56,383,1401]",5,0.5903847217559814,0.5883797645568848,False,1625,640,False,5,5,594
595,bowl_missing,False,False,sequential_pick_two_and_place,"[2700,2742,3597,2873,3152]",5,0.5883311629295349,0.5829203724861145,False,1748,769,False,5,5,595
596,both_missing,False,False,sequential_pick_two_and_place,"[583,2873,766,460,5685]",5,0.5971207618713379,0.5775422215461731,False,1752,765,False,5,5,596
597,bowl_missing,False,False,ensure_all_fruits_on_table,"[1401,2069,129,316,1428]",5,0.550321638584137,0.5447251200675964,False,1617,640,False,5,5,597
598,both_missing,False,False,ensure_all_fruits_on_table,"[940,1197,398,1287,352]",5,0.5748867988586426,0.5684079766273499,False,1618,630,False,5,5,598
599,both_missing,False,False,ensure_all_fruits_on_table,"[1428,2075,56,383,1401]",5,0.5903847217559814,0.5883797645568848,False,1625,640,False,5,5,599
600,both_missing,False,False,ensure_all_fruits_on_table,"[940,1197,398,1287,352]",5,0.5748867988586426,0.5684079766273499,False,1618,630,False,5,5,600
601,bowl_missing,False,True,sequential_pick_two_and_place,"[583,2873,766,460,5685]",5,0.5971207618713379,0.5775422215461731,False,1752,765,False,5,5,601
602,plate_missing,True,False,sequential_pick_two_and_place,"[583,2873,766,460,5685]",5,0.5971207618713379,0.5775422215461731,False,1752,765,False,5,5,602
603,bowl_missing,False,False,ensure_all_fruits_on_table,"[38,416,548,2909,161]",5,0.6202490329742432,0.6094413280487061,False,1606,623,False,5,5,603
604,both_missing,False,False,ensure_all_fruits_on_table,"[1401,2069,129,316,1428]",5,0.550321638584137,0.5447251200675964,False,1617,640,False,5,5,604
605,plate_missing,True,True,ensure_all_fruits_on_table,"[1428,2075,56,383,1401]",5,0.5903847217559814,0.5883797645568848,False,1618,640,False,5,5,605
606,plate_missing,True,False,sequential_pick_two_and_place,"[583,2873,766,460,5685]",5,0.5971207618713379,0.5775422215461731,False,1752,765,False,5,5,606
607,bowl_missing,False,False,single_move_asset_to_target,"[3458,228,2781,1880,4735]",5,0.7524831295013428,0.73103107213974,False,1562,576,False,5,5,607
608,both_missing,False,False,sequential_pick_two_and_place,"[583,2873,766,460,5685]",5,0.5971207618713379,0.5775422215461731,False,1745,765,False,5,5,608
609,bowl_missing,False,False,ensure_all_fruits_on_table,"[73,2780,57,1222,1428]",5,0.5554057359695435,0.5518117308616638,False,1612,629,False,5,5,609
610,plate_missing,True,True,ensure_all_fruits_on_table,"[73,2780,57,1222,1428]",5,0.5554057359695435,0.5518117308616638,False,1605,629,False,5,5,610
611,plate_missing,True,True,ensure_all_fruits_on_table,"[38,416,548,2909,161]",5,0.6202490329742432,0.6094413280487061,False,1606,623,False,5,5,611
612,bowl_missing,False,False,ensure_all_fruits_on_table,"[940,1197,398,1287,352]",5,0.5748867988586426,0.5684079766273499,False,1618,630,False,5,5,612
613,both_missing,False,False,ensure_all_fruits_on_table,"[940,1197,398,1287,352]",5,0.5748867988586426,0.5684079766273499,False,1618,630,False,5,5,613
614,plate_missing,True,True,single_move_asset_to_target,"[3458,2781,1228,228,4064]",5,0.7544512748718262,0.7373816490173339,False,1560,579,False,5,5,614
615,bowl_missing,False,False,ensure_all_fruits_on_table,"[1428,2075,56,383,1401]",5,0.5903847217559814,0.5883797645568848,False,1625,640,False,5,5,615
616,plate_missing,True,True,ensure_all_fruits_on_table,"[940,1197,398,1287,352]",5,0.5748867988586426,0.5684079766273499,False,1618,630,False,5,5,616
617,bowl_missing,False,False,ensure_all_fruits_on_table,"[1428,2075,56,383,1401]",5,0.5903847217559814,0.5883797645568848,False,1618,640,False,5,5,617
618,both_missing,False,False,ensure_all_fruits_on_table,"[38,416,548,2909,161]",5,0.6202490329742432,0.6094413280487061,False,1606,623,False,5,5,618
619,plate_missing,True,True,ensure_all_fruits_on_table,"[38,416,548,2909,161]",5,0.6202490329742432,0.6094413280487061,False,1606,623,False,5,5,619
620,both_missing,False,False,ensure_all_fruits_on_table,"[1401,2069,129,316,1428]",5,0.550321638584137,0.5447251200675964,False,1617,640,False,5,5,620
621,bowl_missing,True,True,single_move_asset_to_target,"[3458,228,2781,1880,4735]",5,0.7524831295013428,0.73103107213974,False,1562,576,False,5,5,621
622,bowl_missing,False,False,ensure_all_fruits_on_table,"[1428,2075,56,383,1401]",5,0.5903847217559814,0.5883797645568848,False,1618,640,False,5,5,622
623,bowl_missing,False,False,ensure_all_fruits_on_table,"[1401,2069,129,316,1428]",5,0.550321638584137,0.5447251200675964,False,1624,640,False,5,5,623
624,bowl_missing,False,False,ensure_all_fruits_on_table,"[1428,2075,56,383,1401]",5,0.5903847217559814,0.5883797645568848,False,1618,640,False,5,5,624
625,bowl_missing,False,True,sequential_pick_two_and_place,"[2700,2742,3597,2873,3152]",5,0.5883311629295349,0.5829203724861145,False,1755,769,False,5,5,625
626,bowl_missing,False,False,sequential_pick_two_and_place,"[583,2873,766,460,5685]",5,0.5971207618713379,0.5775422215461731,False,1745,765,False,5,5,626
627,both_missing,False,False,sequential_pick_two_and_place,"[2700,2742,3597,2873,3152]",5,0.5883311629295349,0.5829203724861145,False,1755,769,False,5,5,627
628,both_missing,False,False,single_move_asset_to_target,"[3458,2781,1228,228,4064]",5,0.7544512748718262,0.7373816490173339,False,1560,579,False,5,5,628
629,bowl_missing,True,True,ensure_all_fruits_on_table,"[940,1197,398,1287,352]",5,0.5748867988586426,0.5684079766273499,False,1618,630,False,5,5,629
630,bowl_missing,False,False,sequential_pick_two_and_place,"[583,2873,766,460,5685]",5,0.5971207618713379,0.5775422215461731,False,1745,765,False,5,5,630
631,bowl_missing,False,True,sequential_pick_two_and_place,"[2700,2742,3597,2873,3152]",5,0.5883311629295349,0.5829203724861145,False,1748,769,False,5,5,631
632,bowl_missing,False,False,single_move_asset_to_target,"[3458,228,2781,1880,4735]",5,0.7524831295013428,0.73103107213974,False,1555,576,False,5,5,632
633,both_missing,False,False,sequential_pick_two_and_place,"[2700,2742,3597,2873,3152]",5,0.5883311629295349,0.5829203724861145,False,1755,769,False,5,5,633
634,bowl_missing,False,False,single_move_asset_to_target,"[1571,3755,3365,1228,4735]",5,0.6041234731674194,0.5751652002334595,False,1555,570,False,5,5,634
635,both_missing,False,False,ensure_all_fruits_on_table,"[73,2780,57,1222,1428]",5,0.5554057359695435,0.5518117308616638,False,1612,629,False,5,5,635
636,both_missing,False,False,ensure_all_fruits_on_table,"[1428,2075,56,383,1401]",5,0.5903847217559814,0.5883797645568848,False,1618,640,False,5,5,636
637,both_missing,False,False,ensure_all_fruits_on_table,"[73,2780,57,1222,1428]",5,0.5554057359695435,0.5518117308616638,False,1612,629,False,5,5,637
638,bowl_missing,False,False,single_move_asset_to_target,"[3458,228,2781,1880,4735]",5,0.7524831295013428,0.73103107213974,False,1555,576,False,5,5,638
639,both_missing,False,False,single_move_asset_to_target,"[1571,3755,3365,1228,4735]",5,0.6041234731674194,0.5751652002334595,False,1555,570,False,5,5,639
640,plate_missing,True,True,ensure_all_fruits_on_table,"[940,1197,398,1287,352]",5,0.5748867988586426,0.5684079766273499,False,1611,630,False,5,5,640
641,bowl_missing,False,False,ensure_all_fruits_on_table,"[73,2780,57,1222,1428]",5,0.5554057359695435,0.5518117308616638,False,1605,629,False,5,5,641
642,bowl_missing,False,False,single_move_asset_to_target,"[1571,3755,3365,1228,4735]",5,0.6041234731674194,0.5751652002334595,False,1555,570,False,5,5,642
643,both_missing,False,False,ensure_all_fruits_on_table,"[73,2780,57,1222,1428]",5,0.5554057359695435,0.5518117308616638,False,1605,629,False,5,5,643
644,bowl_missing,False,False,ensure_all_fruits_on_table,"[38,416,548,2909,161]",5,0.6202490329742432,0.6094413280487061,False,1606,623,False,5,5,644
645,both_missing,False,False,sequential_pick_two_and_place,"[2700,2742,3597,2873,3152]",5,0.5883311629295349,0.5829203724861145,False,1755,769,False,5,5,645
646,bowl_missing,False,False,ensure_all_fruits_on_table,"[1401,2069,129,316,1428]",5,0.550321638584137,0.5447251200675964,False,1617,640,False,5,5,646
647,plate_missing,True,False,sequential_pick_two_and_place,"[583,2873,766,460,5685]",5,0.5971207618713379,0.5775422215461731,False,1745,765,False,5,5,647
648,plate_missing,True,True,single_move_asset_to_target,"[3458,2781,1228,228,4064]",5,0.7544512748718262,0.7373816490173339,False,1560,579,False,5,5,648
649,plate_missing,True,False,sequential_pick_two_and_place,"[583,2873,766,460,5685]",5,0.5971207618713379,0.5775422215461731,False,1745,765,False,5,5,649
650,plate_missing,True,True,ensure_all_fruits_on_table,"[1428,2075,56,383,1401]",5,0.5903847217559814,0.5883797645568848,False,1625,640,False,5,5,650
651,both_missing,False,False,sequential_pick_two_and_place,"[583,2873,766,460,5685]",5,0.5971207618713379,0.5775422215461731,False,1752,765,False,5,5,651
652,both_missing,False,False,ensure_all_fruits_on_table,"[73,2780,57,1222,1428]",5,0.5554057359695435,0.5518117308616638,False,1612,629,False,5,5,652
653,bowl_missing,False,False,single_move_asset_to_target,"[3458,228,2781,1880,4735]",5,0.7524831295013428,0.73103107213974,False,1562,576,False,5,5,653
654,bowl_missing,False,False,ensure_all_fruits_on_table,"[940,1197,398,1287,352]",5,0.5748867988586426,0.5684079766273499,False,1618,630,False,5,5,654
655,plate_missing,True,True,single_move_asset_to_target,"[3458,2781,1228,228,4064]",5,0.7544512748718262,0.7373816490173339,False,1567,579,False,5,5,655
656,plate_missing,True,False,sequential_pick_two_and_place,"[2700,2742,3597,2873,3152]",5,0.5883311629295349,0.5829203724861145,False,1755,769,False,5,5,656
657,plate_missing,True,True,ensure_all_fruits_on_table,"[1428,2075,56,383,1401]",5,0.5903847217559814,0.5883797645568848,False,1618,640,False,5,5,657
658,both_missing,False,False,ensure_all_fruits_on_table,"[940,1197,398,1287,352]",5,0.5748867988586426,0.5684079766273499,False,1618,630,False,5,5,658
659,plate_missing,True,True,single_move_asset_to_target,"[1571,3755,3365,1228,4735]",5,0.6041234731674194,0.5751652002334595,False,1555,570,False,5,5,659
660,bowl_missing,False,False,single_move_asset_to_target,"[3458,2781,1228,228,4064]",5,0.7544512748718262,0.7373816490173339,False,1560,579,False,5,5,660
661,bowl_missing,False,False,ensure_all_fruits_on_table,"[38,416,548,2909,161]",5,0.6202490329742432,0.6094413280487061,False,1599,623,False,5,5,661
662,plate_missing,True,True,ensure_all_fruits_on_table,"[940,1197,398,1287,352]",5,0.5748867988586426,0.5684079766273499,False,1618,630,False,5,5,662
663,both_missing,False,False,ensure_all_fruits_on_table,"[73,2780,57,1222,1428]",5,0.5554057359695435,0.5518117308616638,False,1612,629,False,5,5,663
664,plate_missing,True,True,ensure_all_fruits_on_table,"[202,3660,398,1287,855]",5,0.4980379641056061,0.4952673017978668,False,1609,624,False,5,5,664
665,plate_missing,True,False,single_move_asset_to_target,"[3458,228,2781,1880,4735]",5,0.7524831295013428,0.73103107213974,False,1562,576,False,5,5,665
666,plate_missing,True,True,ensure_all_fruits_on_table,"[1401,2069,129,316,1428]",5,0.550321638584137,0.5447251200675964,False,1624,640,False,5,5,666
667,plate_missing,True,True,single_move_asset_to_target,"[3458,228,2781,1880,4735]",5,0.7524831295013428,0.73103107213974,False,1562,576,False,5,5,667
668,bowl_missing,False,False,sequential_pick_two_and_place,"[583,2873,766,460,5685]",5,0.5971207618713379,0.5775422215461731,False,1752,765,False,5,5,668
669,bowl_missing,False,False,ensure_all_fruits_on_table,"[202,3660,398,1287,855]",5,0.4980379641056061,0.4952673017978668,False,1609,624,False,5,5,669
670,bowl_missing,False,False,sequential_pick_two_and_place,"[583,2873,766,460,5685]",5,0.5971207618713379,0.5775422215461731,False,1752,765,False,5,5,670
671,bowl_missing,False,True,sequential_pick_two_and_place,"[583,2873,766,460,5685]",5,0.5971207618713379,0.5775422215461731,False,1752,765,False,5,5,671
672,both_missing,False,False,ensure_all_fruits_on_table,"[940,1197,398,1287,352]",5,0.5748867988586426,0.5684079766273499,False,1611,630,False,5,5,672
673,bowl_missing,False,False,serve_bread_after_checking_cabinet,"[2767,3266,143,2943,245]",5,0.6213803291320801,0.6105820536613464,False,1775,787,False,5,5,673
674,plate_missing,True,False,sequential_pick_two_and_place,"[583,2873,766,460,5685]",5,0.5971207618713379,0.5775422215461731,False,1752,765,False,5,5,674
675,bowl_missing,False,False,serve_bread_after_checking_cabinet,"[2767,3266,143,2943,245]",5,0.6213803291320801,0.6105820536613464,False,1768,787,False,5,5,675
676,both_missing,False,False,ensure_all_fruits_on_table,"[73,2780,57,1222,1428]",5,0.5554057359695435,0.5518117308616638,False,1605,629,False,5,5,676
677,plate_missing,True,True,sequential_pick_two_and_place,"[2700,2742,3597,2873,3152]",5,0.5883311629295349,0.5829203724861145,False,1755,769,False,5,5,677
678,bowl_missing,False,False,sequential_pick_two_and_place,"[583,2873,766,460,5685]",5,0.5971207618713379,0.5775422215461731,False,1752,765,False,5,5,678
679,both_missing,False,False,single_move_asset_to_target,"[3458,228,2781,1880,4735]",5,0.7524831295013428,0.73103107213974,False,1555,576,False,5,5,679
680,both_missing,False,False,ensure_all_fruits_on_table,"[202,3660,398,1287,855]",5,0.4980379641056061,0.4952673017978668,False,1609,624,False,5,5,680
681,both_missing,False,False,ensure_all_fruits_on_table,"[202,3660,398,1287,855]",5,0.4980379641056061,0.4952673017978668,False,1602,624,False,5,5,681
682,bowl_missing,False,False,sequential_pick_two_and_place,"[583,2873,766,460,5685]",5,0.5971207618713379,0.5775422215461731,False,1752,765,False,5,5,682
683,both_missing,False,False,ensure_all_fruits_on_table,"[1401,2069,129,316,1428]",5,0.550321638584137,0.5447251200675964,False,1624,640,False,5,5,683
684,plate_missing,True,True,serve_bread_after_checking_cabinet,"[2767,3266,143,2943,245]",5,0.6213803291320801,0.6105820536613464,False,1775,787,False,5,5,684
685,bowl_missing,False,False,ensure_all_fruits_on_table,"[1401,2069,129,316,1428]",5,0.550321638584137,0.5447251200675964,False,1617,640,False,5,5,685
686,both_missing,False,False,sequential_pick_two_and_place,"[2700,2742,3597,2873,3152]",5,0.5883311629295349,0.5829203724861145,False,1748,769,False,5,5,686
687,both_missing,False,False,ensure_all_fruits_on_table,"[1401,2069,129,316,1428]",5,0.550321638584137,0.5447251200675964,False,1624,640,False,5,5,687
688,bowl_missing,False,False,ensure_all_fruits_on_table,"[202,3660,398,1287,855]",5,0.4980379641056061,0.4952673017978668,False,1602,624,False,5,5,688
689,both_missing,False,False,sequential_pick_two_and_place,"[583,2873,766,460,5685]",5,0.5971207618713379,0.5775422215461731,False,1745,765,False,5,5,689
690,both_missing,False,False,ensure_all_fruits_on_table,"[940,1197,398,1287,352]",5,0.5748867988586426,0.5684079766273499,False,1611,630,False,5,5,690
691,bowl_missing,False,False,single_move_asset_to_target,"[3458,228,2781,1880,4735]",5,0.7524831295013428,0.73103107213974,False,1555,576,False,5,5,691
692,plate_missing,True,True,serve_bread_after_checking_cabinet,"[2767,3266,143,2943,245]",5,0.6213803291320801,0.6105820536613464,False,1775,787,False,5,5,692
693,bowl_missing,False,True,sequential_pick_two_and_place,"[2700,2742,3597,2873,3152]",5,0.5883311629295349,0.5829203724861145,False,1748,769,False,5,5,693
694,bowl_missing,False,False,ensure_all_fruits_on_table,"[202,3660,398,1287,855]",5,0.4980379641056061,0.4952673017978668,False,1609,624,False,5,5,694
695,both_missing,False,False,ensure_all_fruits_on_table,"[1401,2069,129,316,1428]",5,0.550321638584137,0.5447251200675964,False,1617,640,False,5,5,695
696,both_missing,False,False,ensure_all_fruits_on_table,"[1428,2075,56,383,1401]",5,0.5903847217559814,0.5883797645568848,False,1618,640,False,5,5,696
697,both_missing,False,False,ensure_all_fruits_on_table,"[202,3660,398,1287,855]",5,0.4980379641056061,0.4952673017978668,False,1609,624,False,5,5,697
698,bowl_missing,False,False,ensure_all_fruits_on_table,"[73,2780,57,1222,1428]",5,0.5554057359695435,0.5518117308616638,False,1605,629,False,5,5,698
699,both_missing,False,False,ensure_all_fruits_on_table,"[1401,2069,129,316,1428]",5,0.550321638584137,0.5447251200675964,False,1624,640,False,5,5,699
700,both_missing,False,False,ensure_all_fruits_on_table,"[202,3660,398,1287,855]",5,0.4980379641056061,0.4952673017978668,False,1609,624,False,5,5,700
701,both_missing,False,False,sequential_pick_two_and_place,"[2700,2742,3597,2873,3152]",5,0.5883311629295349,0.5829203724861145,False,1748,769,False,5,5,701
702,bowl_missing,False,True,sequential_pick_two_and_place,"[2700,2742,3597,2873,3152]",5,0.5883311629295349,0.5829203724861145,False,1748,769,False,5,5,702
703,bowl_missing,False,False,ensure_all_fruits_on_table,"[202,3660,398,1287,855]",5,0.4980379641056061,0.4952673017978668,False,1609,624,False,5,5,703
704,bowl_missing,False,False,single_move_asset_to_target,"[3458,228,2781,1880,4735]",5,0.7524831295013428,0.73103107213974,False,1555,576,False,5,5,704
705,both_missing,False,False,ensure_all_fruits_on_table,"[202,3660,398,1287,855]",5,0.4980379641056061,0.4952673017978668,False,1609,624,False,5,5,705
706,plate_missing,True,True,sequential_pick_two_and_place,"[583,2873,766,460,5685]",5,0.5971207618713379,0.5775422215461731,False,1752,765,False,5,5,706
707,bowl_missing,False,False,ensure_all_fruits_on_table,"[73,2780,57,1222,1428]",5,0.5554057359695435,0.5518117308616638,False,1605,629,False,5,5,707
708,plate_missing,True,True,ensure_all_fruits_on_table,"[202,3660,398,1287,855]",5,0.4980379641056061,0.4952673017978668,False,1609,624,False,5,5,708
709,bowl_missing,False,False,ensure_all_fruits_on_table,"[202,3660,398,1287,855]",5,0.4980379641056061,0.4952673017978668,False,1602,624,False,5,5,709
710,bowl_missing,False,False,ensure_all_fruits_on_table,"[202,3660,398,1287,855]",5,0.4980379641056061,0.4952673017978668,False,1609,624,False,5,5,710
711,bowl_missing,False,False,ensure_all_fruits_on_table,"[1401,2069,129,316,1428]",5,0.550321638584137,0.5447251200675964,False,1624,640,False,5,5,711
712,bowl_missing,False,False,ensure_all_fruits_on_table,"[940,1197,398,1287,352]",5,0.5748867988586426,0.5684079766273499,False,1618,630,False,5,5,712
713,bowl_missing,False,False,single_move_asset_to_target,"[3458,228,2781,1880,4735]",5,0.7524831295013428,0.73103107213974,False,1555,576,False,5,5,713
714,bowl_missing,False,False,ensure_all_fruits_on_table,"[1428,2075,56,383,1401]",5,0.5903847217559814,0.5883797645568848,False,1625,640,False,5,5,714
715,plate_missing,False,True,ensure_all_fruits_on_table,"[202,3660,398,1287,855]",5,0.4980379641056061,0.4952673017978668,False,1609,624,False,5,5,715
716,both_missing,False,False,single_move_asset_to_target,"[3458,228,2781,1880,4735]",5,0.7524831295013428,0.73103107213974,False,1562,576,False,5,5,716
717,both_missing,False,False,ensure_all_fruits_on_table,"[202,3660,398,1287,855]",5,0.4980379641056061,0.4952673017978668,False,1602,624,False,5,5,717
718,bowl_missing,False,False,ensure_all_fruits_on_table,"[1401,2069,129,316,1428]",5,0.550321638584137,0.5447251200675964,False,1624,640,False,5,5,718
719,bowl_missing,False,False,single_move_asset_to_target,"[3458,228,2781,1880,4735]",5,0.7524831295013428,0.73103107213974,False,1562,576,False,5,5,719
720,both_missing,False,False,ensure_all_fruits_on_table,"[73,2780,57,1222,1428]",5,0.5554057359695435,0.5518117308616638,False,1605,629,False,5,5,720
721,both_missing,False,False,sequential_pick_two_and_place,"[583,2873,766,460,5685]",5,0.5971207618713379,0.5775422215461731,False,1745,765,False,5,5,721
722,both_missing,False,False,serve_bread_after_checking_cabinet,"[2767,3266,143,2943,245]",5,0.6213803291320801,0.6105820536613464,False,1768,787,False,5,5,722
723,bowl_missing,False,False,ensure_all_fruits_on_table,"[940,1197,398,1287,352]",5,0.5748867988586426,0.5684079766273499,False,1611,630,False,5,5,723
724,bowl_missing,False,False,serve_bread_after_checking_cabinet,"[2767,3266,143,2943,245]",5,0.6213803291320801,0.6105820536613464,False,1768,787,False,5,8,724
725,plate_missing,True,False,sequential_pick_two_and_place,"[2700,2742,3597,2873,3152]",5,0.5883311629295349,0.5829203724861145,False,1755,769,False,5,5,725
726,plate_missing,True,False,ensure_all_fruits_on_table,"[202,3660,398,1287,855]",5,0.4980379641056061,0.4952673017978668,False,1609,624,False,5,5,726
727,both_missing,False,False,ensure_all_fruits_on_table,"[73,2780,57,1222,1428]",5,0.5554057359695435,0.5518117308616638,False,1612,629,False,5,5,727
728,plate_missing,True,True,ensure_all_fruits_on_table,"[940,1197,398,1287,352]",5,0.5748867988586426,0.5684079766273499,False,1611,630,False,5,5,728
729,bowl_missing,False,False,ensure_all_fruits_on_table,"[940,1197,398,1287,352]",5,0.5748867988586426,0.5684079766273499,False,1611,630,False,5,5,729
730,both_missing,False,False,ensure_all_fruits_on_table,"[73,2780,57,1222,1428]",5,0.5554057359695435,0.5518117308616638,False,1612,629,False,5,5,730
731,both_missing,False,False,ensure_all_fruits_on_table,"[38,416,548,2909,161]",5,0.6202490329742432,0.6094413280487061,False,1606,623,False,5,5,731
732,both_missing,False,False,sequential_pick_two_and_place,"[2700,2742,3597,2873,3152]",5,0.5883311629295349,0.5829203724861145,False,1748,769,False,5,5,732
733,plate_missing,True,False,sequential_pick_two_and_place,"[2700,2742,3597,2873,3152]",5,0.5883311629295349,0.5829203724861145,False,1748,769,False,5,5,733
734,plate_missing,True,True,ensure_all_fruits_on_table,"[1428,2075,56,383,1401]",5,0.5903847217559814,0.5883797645568848,False,1625,640,False,5,5,734
735,plate_missing,True,True,sequential_pick_two_and_place,"[583,2873,766,460,5685]",5,0.5971207618713379,0.5775422215461731,False,1745,765,False,5,5,735
736,both_missing,False,False,ensure_all_fruits_on_table,"[940,1197,398,1287,352]",5,0.5748867988586426,0.5684079766273499,False,1611,630,False,5,5,736
737,bowl_missing,False,False,ensure_all_fruits_on_table,"[1401,2069,129,316,1428]",5,0.550321638584137,0.5447251200675964,False,1624,640,False,5,5,737
738,both_missing,True,False,ensure_all_fruits_on_table,"[73,2780,57,1222,1428]",5,0.5554057359695435,0.5518117308616638,False,1605,629,False,8,5,738
739,both_missing,False,False,ensure_all_fruits_on_table,"[1428,2075,56,383,1401]",5,0.5903847217559814,0.5883797645568848,False,1618,640,False,5,5,739
740,both_missing,False,False,sequential_pick_two_and_place,"[583,2873,766,460,5685]",5,0.5971207618713379,0.5775422215461731,False,1752,765,False,5,5,740
741,bowl_missing,False,False,ensure_all_fruits_on_table,"[73,2780,57,1222,1428]",5,0.5554057359695435,0.5518117308616638,False,1605,629,False,5,5,741
742,bowl_missing,False,False,sequential_pick_two_and_place,"[2700,2742,3597,2873,3152]",5,0.5883311629295349,0.5829203724861145,False,1755,769,False,5,5,742
743,plate_missing,True,True,ensure_all_fruits_on_table,"[1401,2069,129,316,1428]",5,0.550321638584137,0.5447251200675964,False,1624,640,False,5,5,743
744,both_missing,False,False,ensure_all_fruits_on_table,"[38,416,548,2909,161]",5,0.6202490329742432,0.6094413280487061,False,1599,623,False,5,5,744
745,plate_missing,True,True,ensure_all_fruits_on_table,"[202,3660,398,1287,855]",5,0.4980379641056061,0.4952673017978668,False,1609,624,False,5,5,745
746,bowl_missing,False,False,ensure_all_fruits_on_table,"[1401,2069,129,316,1428]",5,0.550321638584137,0.5447251200675964,False,1617,640,False,5,5,746
747,plate_missing,True,True,sequential_pick_two_and_place,"[2700,2742,3597,2873,3152]",5,0.5883311629295349,0.5829203724861145,False,1755,769,False,5,5,747
748,plate_missing,True,True,ensure_all_fruits_on_table,"[1401,2069,129,316,1428]",5,0.550321638584137,0.5447251200675964,False,1624,640,False,5,5,748
749,both_missing,False,False,sequential_pick_two_and_place,"[583,2873,766,460,5685]",5,0.5971207618713379,0.5775422215461731,False,1745,765,False,5,5,749
750,plate_missing,True,True,ensure_all_fruits_on_table,"[1428,2075,56,383,1401]",5,0.5903847217559814,0.5883797645568848,False,1625,640,False,5,5,750
751,both_missing,False,False,ensure_all_fruits_on_table,"[73,2780,57,1222,1428]",5,0.5554057359695435,0.5518117308616638,False,1612,629,False,5,5,751
752,both_missing,False,False,sequential_pick_two_and_place,"[2700,2742,3597,2873,3152]",5,0.5883311629295349,0.5829203724861145,False,1748,769,False,5,5,752
753,bowl_missing,False,False,ensure_all_fruits_on_table,"[1401,2069,129,316,1428]",5,0.550321638584137,0.5447251200675964,False,1617,640,False,5,5,753
754,bowl_missing,False,False,ensure_all_fruits_on_table,"[73,2780,57,1222,1428]",5,0.5554057359695435,0.5518117308616638,False,1612,629,False,5,5,754
755,both_missing,False,False,ensure_all_fruits_on_table,"[202,3660,398,1287,855]",5,0.4980379641056061,0.4952673017978668,False,1609,624,False,5,5,755
756,plate_missing,True,True,ensure_all_fruits_on_table,"[1401,2069,129,316,1428]",5,0.550321638584137,0.5447251200675964,False,1624,640,False,5,5,756
757,plate_missing,False,True,serve_bread_after_checking_cabinet,"[2767,3266,143,2943,245]",5,0.6213803291320801,0.6105820536613464,False,1768,787,False,5,5,757
758,plate_missing,True,True,ensure_all_fruits_on_table,"[1428,2075,56,383,1401]",5,0.5903847217559814,0.5883797645568848,False,1625,640,False,5,5,758
759,plate_missing,True,True,single_move_asset_to_target,"[3458,228,2781,1880,4735]",5,0.7524831295013428,0.73103107213974,False,1562,576,False,5,5,759
760,bowl_missing,False,False,sequential_pick_two_and_place,"[583,2873,766,460,5685]",5,0.5971207618713379,0.5775422215461731,False,1745,765,False,5,5,760
761,plate_missing,True,True,ensure_all_fruits_on_table,"[202,3660,398,1287,855]",5,0.4980379641056061,0.4952673017978668,False,1602,624,False,5,5,761
762,both_missing,False,False,ensure_all_fruits_on_table,"[202,3660,398,1287,855]",5,0.4980379641056061,0.4952673017978668,False,1609,624,False,5,5,762
763,plate_missing,True,True,serve_bread_after_checking_cabinet,"[2767,3266,143,2943,245]",5,0.6213803291320801,0.6105820536613464,False,1775,787,False,5,5,763
764,plate_missing,True,True,ensure_all_fruits_on_table,"[73,2780,57,1222,1428]",5,0.5554057359695435,0.5518117308616638,False,1612,629,False,5,5,764
765,bowl_missing,False,False,ensure_all_fruits_on_table,"[1401,2069,129,316,1428]",5,0.550321638584137,0.5447251200675964,False,1624,640,False,5,5,765
766,plate_missing,True,True,ensure_all_fruits_on_table,"[202,3660,398,1287,855]",5,0.4980379641056061,0.4952673017978668,False,1602,624,False,5,5,766
767,plate_missing,True,True,single_move_asset_to_target,"[3458,228,2781,1880,4735]",5,0.7524831295013428,0.73103107213974,False,1562,576,False,5,5,767
768,both_missing,False,False,ensure_all_fruits_on_table,"[1428,2075,56,383,1401]",5,0.5903847217559814,0.5883797645568848,False,1625,640,False,5,5,768
769,bowl_missing,False,False,ensure_all_fruits_on_table,"[1428,2075,56,383,1401]",5,0.5903847217559814,0.5883797645568848,False,1618,640,False,5,5,769
770,bowl_missing,False,False,sequential_pick_two_and_place,"[583,2873,766,460,5685]",5,0.5971207618713379,0.5775422215461731,False,1752,765,False,5,5,770
771,bowl_missing,False,False,ensure_all_fruits_on_table,"[940,1197,398,1287,352]",5,0.5748867988586426,0.5684079766273499,False,1611,630,False,5,5,771
772,both_missing,False,False,ensure_all_fruits_on_table,"[940,1197,398,1287,352]",5,0.5748867988586426,0.5684079766273499,False,1618,630,False,5,5,772
773,both_missing,False,False,ensure_all_fruits_on_table,"[38,416,548,2909,161]",5,0.6202490329742432,0.6094413280487061,False,1606,623,False,5,5,773
774,both_missing,False,False,ensure_all_fruits_on_table,"[73,2780,57,1222,1428]",5,0.5554057359695435,0.5518117308616638,False,1612,629,False,5,5,774
775,both_missing,False,False,ensure_all_fruits_on_table,"[38,416,548,2909,161]",5,0.6202490329742432,0.6094413280487061,False,1606,623,False,5,5,775
776,bowl_missing,False,False,ensure_all_fruits_on_table,"[940,1197,398,1287,352]",5,0.5748867988586426,0.5684079766273499,False,1618,630,False,5,5,776
777,bowl_missing,False,False,sequential_pick_two_and_place,"[583,2873,766,460,5685]",5,0.5971207618713379,0.5775422215461731,False,1752,765,False,5,5,777
778,both_missing,False,False,sequential_pick_two_and_place,"[583,2873,766,460,5685]",5,0.5971207618713379,0.5775422215461731,False,1752,765,False,5,5,778
779,plate_missing,True,True,ensure_all_fruits_on_table,"[73,2780,57,1222,1428]",5,0.5554057359695435,0.5518117308616638,False,1612,629,False,5,5,779
780,plate_missing,True,False,sequential_pick_two_and_place,"[583,2873,766,460,5685]",5,0.5971207618713379,0.5775422215461731,False,1745,765,False,5,5,780
781,plate_missing,True,True,ensure_all_fruits_on_table,"[940,1197,398,1287,352]",5,0.5748867988586426,0.5684079766273499,False,1618,630,False,5,5,781
782,plate_missing,True,False,sequential_pick_two_and_place,"[2700,2742,3597,2873,3152]",5,0.5883311629295349,0.5829203724861145,False,1748,769,False,5,5,782
783,bowl_missing,False,False,single_move_asset_to_target,"[3458,228,2781,1880,4735]",5,0.7524831295013428,0.73103107213974,False,1555,576,False,5,5,783
784,both_missing,False,False,ensure_all_fruits_on_table,"[940,1197,398,1287,352]",5,0.5748867988586426,0.5684079766273499,False,1618,630,False,5,5,784
785,plate_missing,True,True,single_move_asset_to_target,"[3458,228,2781,1880,4735]",5,0.7524831295013428,0.73103107213974,False,1562,576,False,5,5,785
786,both_missing,False,False,ensure_all_fruits_on_table,"[940,1197,398,1287,352]",5,0.5748867988586426,0.5684079766273499,False,1618,630,False,5,5,786
787,plate_missing,True,True,ensure_all_fruits_on_table,"[73,2780,57,1222,1428]",5,0.5554057359695435,0.5518117308616638,False,1612,629,False,5,5,787
788,bowl_missing,False,False,ensure_all_fruits_on_table,"[1428,2075,56,383,1401]",5,0.5903847217559814,0.5883797645568848,False,1625,640,False,5,5,788
789,bowl_missing,False,False,ensure_all_fruits_on_table,"[940,1197,398,1287,352]",5,0.5748867988586426,0.5684079766273499,False,1618,630,False,5,5,789
790,bowl_missing,False,True,sequential_pick_two_and_place,"[2700,2742,3597,2873,3152]",5,0.5883311629295349,0.5829203724861145,False,1755,769,False,5,5,790
791,both_missing,False,False,ensure_all_fruits_on_table,"[38,416,548,2909,161]",5,0.6202490329742432,0.6094413280487061,False,1599,623,False,5,5,791
792,both_missing,False,False,ensure_all_fruits_on_table,"[73,2780,57,1222,1428]",5,0.5554057359695435,0.5518117308616638,False,1605,629,False,5,5,792
793,bowl_missing,False,True,sequential_pick_two_and_place,"[2700,2742,3597,2873,3152]",5,0.5883311629295349,0.5829203724861145,False,1748,769,False,5,5,793
794,both_missing,False,False,ensure_all_fruits_on_table,"[202,3660,398,1287,855]",5,0.4980379641056061,0.4952673017978668,False,1602,624,False,5,5,794
795,plate_missing,True,True,ensure_all_fruits_on_table,"[73,2780,57,1222,1428]",5,0.5554057359695435,0.5518117308616638,False,1605,629,False,5,5,795
796,both_missing,False,False,ensure_all_fruits_on_table,"[73,2780,57,1222,1428]",5,0.5554057359695435,0.5518117308616638,False,1612,629,False,5,5,796
797,plate_missing,True,True,ensure_all_fruits_on_table,"[940,1197,398,1287,352]",5,0.5748867988586426,0.5684079766273499,False,1618,630,False,5,5,797
798,plate_missing,True,True,ensure_all_fruits_on_table,"[940,1197,398,1287,352]",5,0.5748867988586426,0.5684079766273499,False,1618,630,False,5,5,798
799,bowl_missing,False,False,ensure_all_fruits_on_table,"[38,416,548,2909,161]",5,0.6202490329742432,0.6094413280487061,False,1599,623,False,5,5,799
800,bowl_missing,False,False,sequential_pick_two_and_place,"[583,2873,766,460,5685]",5,0.5971207618713379,0.5775422215461731,False,1752,765,False,5,5,800
801,both_missing,False,False,ensure_all_fruits_on_table,"[202,3660,398,1287,855]",5,0.4980379641056061,0.4952673017978668,False,1609,624,False,5,5,801
802,bowl_missing,False,False,single_move_asset_to_target,"[3458,228,2781,1880,4735]",5,0.7524831295013428,0.73103107213974,False,1555,576,False,5,5,802
803,both_missing,False,False,ensure_all_fruits_on_table,"[202,3660,398,1287,855]",5,0.4980379641056061,0.4952673017978668,False,1609,624,False,5,5,803
804,bowl_missing,False,False,single_move_asset_to_target,"[3458,228,2781,1880,4735]",5,0.7524831295013428,0.73103107213974,False,1562,576,False,5,5,804
805,bowl_missing,False,False,serve_bread_after_checking_cabinet,"[2767,3266,143,2943,245]",5,0.6213803291320801,0.6105820536613464,False,1775,787,False,5,5,805
806,both_missing,False,False,ensure_all_fruits_on_table,"[940,1197,398,1287,352]",5,0.5748867988586426,0.5684079766273499,False,1611,630,False,5,5,806
807,plate_missing,True,True,ensure_all_fruits_on_table,"[1428,2075,56,383,1401]",5,0.5903847217559814,0.5883797645568848,False,1625,640,False,5,5,807
808,plate_missing,True,False,sequential_pick_two_and_place,"[2700,2742,3597,2873,3152]",5,0.5883311629295349,0.5829203724861145,False,1755,769,False,5,5,808
809,plate_missing,True,True,ensure_all_fruits_on_table,"[73,2780,57,1222,1428]",5,0.5554057359695435,0.5518117308616638,False,1605,629,False,5,5,809
810,both_missing,False,False,ensure_all_fruits_on_table,"[1428,2075,56,383,1401]",5,0.5903847217559814,0.5883797645568848,False,1625,640,False,5,5,810
811,plate_missing,True,True,ensure_all_fruits_on_table,"[202,3660,398,1287,855]",5,0.4980379641056061,0.4952673017978668,False,1609,624,False,5,5,811
812,plate_missing,True,True,ensure_all_fruits_on_table,"[73,2780,57,1222,1428]",5,0.5554057359695435,0.5518117308616638,False,1605,629,False,5,5,812
813,both_missing,False,False,ensure_all_fruits_on_table,"[1428,2075,56,383,1401]",5,0.5903847217559814,0.5883797645568848,False,1625,640,False,5,5,813
814,both_missing,False,False,ensure_all_fruits_on_table,"[73,2780,57,1222,1428]",5,0.5554057359695435,0.5518117308616638,False,1612,629,False,5,5,814
815,both_missing,False,False,serve_bread_after_checking_cabinet,"[2767,3266,143,2943,245]",5,0.6213803291320801,0.6105820536613464,False,1775,787,False,5,5,815
816,bowl_missing,False,False,serve_bread_after_checking_cabinet,"[2767,3266,143,2943,245]",5,0.6213803291320801,0.6105820536613464,False,1775,787,False,5,5,816
817,bowl_missing,False,False,sequential_pick_two_and_place,"[583,2873,766,460,5685]",5,0.5971207618713379,0.5775422215461731,False,1745,765,False,5,5,817
818,plate_missing,True,True,single_move_asset_to_target,"[3458,228,2781,1880,4735]",5,0.7524831295013428,0.73103107213974,False,1555,576,False,5,5,818
819,both_missing,False,False,ensure_all_fruits_on_table,"[940,1197,398,1287,352]",5,0.5748867988586426,0.5684079766273499,False,1611,630,False,5,5,819
820,bowl_missing,False,False,ensure_all_fruits_on_table,"[38,416,548,2909,161]",5,0.6202490329742432,0.6094413280487061,False,1606,623,False,5,5,820
821,plate_missing,True,True,sequential_pick_two_and_place,"[583,2873,766,460,5685]",5,0.5971207618713379,0.5775422215461731,False,1745,765,False,5,5,821
822,plate_missing,True,True,ensure_all_fruits_on_table,"[1401,2069,129,316,1428]",5,0.550321638584137,0.5447251200675964,False,1617,640,False,5,5,822
823,bowl_missing,False,False,ensure_all_fruits_on_table,"[38,416,548,2909,161]",5,0.6202490329742432,0.6094413280487061,False,1599,623,False,5,5,823
824,both_missing,False,False,ensure_all_fruits_on_table,"[38,416,548,2909,161]",5,0.6202490329742432,0.6094413280487061,False,1606,623,False,5,5,824
825,bowl_missing,True,True,serve_bread_after_checking_cabinet,"[2767,3266,143,2943,245]",5,0.6213803291320801,0.6105820536613464,False,1775,787,False,5,5,825
826,plate_missing,True,False,sequential_pick_two_and_place,"[2700,2742,3597,2873,3152]",5,0.5883311629295349,0.5829203724861145,False,1755,769,False,5,5,826
827,plate_missing,True,True,serve_bread_after_checking_cabinet,"[2767,3266,143,2943,245]",5,0.6213803291320801,0.6105820536613464,False,1768,787,False,5,5,827
828,plate_missing,True,True,ensure_all_fruits_on_table,"[38,416,548,2909,161]",5,0.6202490329742432,0.6094413280487061,False,1599,623,False,5,5,828
829,bowl_missing,False,True,sequential_pick_two_and_place,"[2700,2742,3597,2873,3152]",5,0.5883311629295349,0.5829203724861145,False,1755,769,False,5,5,829
830,both_missing,False,False,ensure_all_fruits_on_table,"[38,416,548,2909,161]",5,0.6202490329742432,0.6094413280487061,False,1606,623,False,5,5,830
831,plate_missing,True,True,ensure_all_fruits_on_table,"[73,2780,57,1222,1428]",5,0.5554057359695435,0.5518117308616638,False,1605,629,False,5,5,831
832,both_missing,False,False,ensure_all_fruits_on_table,"[73,2780,57,1222,1428]",5,0.5554057359695435,0.5518117308616638,False,1612,629,False,5,5,832
833,plate_missing,True,True,ensure_all_fruits_on_table,"[1401,2069,129,316,1428]",5,0.550321638584137,0.5447251200675964,False,1624,640,False,5,5,833
834,both_missing,False,False,ensure_all_fruits_on_table,"[1428,2075,56,383,1401]",5,0.5903847217559814,0.5883797645568848,False,1618,640,False,5,5,834
835,both_missing,False,False,serve_bread_after_checking_cabinet,"[2767,3266,143,2943,245]",5,0.6213803291320801,0.6105820536613464,False,1768,787,False,5,5,835
836,plate_missing,True,True,ensure_all_fruits_on_table,"[73,2780,57,1222,1428]",5,0.5554057359695435,0.5518117308616638,False,1612,629,False,5,5,836
837,bowl_missing,False,False,ensure_all_fruits_on_table,"[38,416,548,2909,161]",5,0.6202490329742432,0.6094413280487061,False,1606,623,False,5,5,837
838,plate_missing,True,True,ensure_all_fruits_on_table,"[38,416,548,2909,161]",5,0.6202490329742432,0.6094413280487061,False,1606,623,False,5,5,838
839,bowl_missing,False,False,ensure_all_fruits_on_table,"[1401,2069,129,316,1428]",5,0.550321638584137,0.5447251200675964,False,1624,640,False,5,5,839
840,plate_missing,True,False,sequential_pick_two_and_place,"[2700,2742,3597,2873,3152]",5,0.5883311629295349,0.5829203724861145,False,1748,769,False,5,5,840
841,plate_missing,True,True,ensure_all_fruits_on_table,"[1428,2075,56,383,1401]",5,0.5903847217559814,0.5883797645568848,False,1625,640,False,5,5,841
842,bowl_missing,False,False,ensure_all_fruits_on_table,"[202,3660,398,1287,855]",5,0.4980379641056061,0.4952673017978668,False,1609,624,False,5,5,842
843,plate_missing,True,True,ensure_all_fruits_on_table,"[1401,2069,129,316,1428]",5,0.550321638584137,0.5447251200675964,False,1617,640,False,5,5,843
844,plate_missing,True,False,serve_bread_after_checking_cabinet,"[2767,3266,143,2943,245]",5,0.6213803291320801,0.6105820536613464,False,1768,787,False,5,8,844
845,plate_missing,True,True,single_move_asset_to_target,"[3458,228,2781,1880,4735]",5,0.7524831295013428,0.73103107213974,False,1562,576,False,5,5,845
846,bowl_missing,False,True,sequential_pick_two_and_place,"[2700,2742,3597,2873,3152]",5,0.5883311629295349,0.5829203724861145,False,1755,769,False,5,5,846
847,both_missing,False,False,sequential_pick_two_and_place,"[583,2873,766,460,5685]",5,0.5971207618713379,0.5775422215461731,False,1745,765,False,5,5,847
848,both_missing,False,False,ensure_all_fruits_on_table,"[202,3660,398,1287,855]",5,0.4980379641056061,0.4952673017978668,False,1602,624,False,5,5,848
849,plate_missing,True,False,sequential_pick_two_and_place,"[2700,2742,3597,2873,3152]",5,0.5883311629295349,0.5829203724861145,False,1748,769,False,5,5,849
850,both_missing,False,False,sequential_pick_two_and_place,"[583,2873,766,460,5685]",5,0.5971207618713379,0.5775422215461731,False,1745,765,False,5,5,850
851,bowl_missing,False,True,sequential_pick_two_and_place,"[583,2873,766,460,5685]",5,0.5971207618713379,0.5775422215461731,False,1752,765,False,5,5,851
852,bowl_missing,False,False,ensure_all_fruits_on_table,"[940,1197,398,1287,352]",5,0.5748867988586426,0.5684079766273499,False,1618,630,False,5,5,852
853,plate_missing,True,True,serve_bread_after_checking_cabinet,"[2767,3266,143,2943,245]",5,0.6213803291320801,0.6105820536613464,False,1775,787,False,5,5,853
854,both_missing,False,False,sequential_pick_two_and_place,"[583,2873,766,460,5685]",5,0.5971207618713379,0.5775422215461731,False,1745,765,False,5,5,854
855,both_missing,False,False,ensure_all_fruits_on_table,"[73,2780,57,1222,1428]",5,0.5554057359695435,0.5518117308616638,False,1612,629,False,5,5,855
856,plate_missing,True,True,ensure_all_fruits_on_table,"[1401,2069,129,316,1428]",5,0.550321638584137,0.5447251200675964,False,1624,640,False,5,5,856
857,bowl_missing,False,False,single_move_asset_to_target,"[3458,228,2781,1880,4735]",5,0.7524831295013428,0.73103107213974,False,1562,576,False,5,5,857
858,both_missing,False,False,ensure_all_fruits_on_table,"[1401,2069,129,316,1428]",5,0.550321638584137,0.5447251200675964,False,1617,640,False,5,5,858
859,both_missing,False,False,ensure_all_fruits_on_table,"[38,416,548,2909,161]",5,0.6202490329742432,0.6094413280487061,False,1599,623,False,5,5,859
860,bowl_missing,False,False,ensure_all_fruits_on_table,"[73,2780,57,1222,1428]",5,0.5554057359695435,0.5518117308616638,False,1612,629,False,5,5,860
861,plate_missing,True,True,serve_bread_after_checking_cabinet,"[2767,3266,143,2943,245]",5,0.6213803291320801,0.6105820536613464,False,1768,787,False,5,5,861
862,both_missing,False,False,single_move_asset_to_target,"[3458,228,2781,1880,4735]",5,0.7524831295013428,0.73103107213974,False,1562,576,False,5,5,862
863,plate_missing,True,True,ensure_all_fruits_on_table,"[38,416,548,2909,161]",5,0.6202490329742432,0.6094413280487061,False,1599,623,False,5,5,863
864,plate_missing,False,False,sequential_pick_two_and_place,"[2700,2742,3597,2873,3152]",5,0.5883311629295349,0.5829203724861145,False,1748,769,False,5,5,864
865,both_missing,False,False,ensure_all_fruits_on_table,"[1401,2069,129,316,1428]",5,0.550321638584137,0.5447251200675964,False,1624,640,False,5,5,865
866,both_missing,False,False,ensure_all_fruits_on_table,"[73,2780,57,1222,1428]",5,0.5554057359695435,0.5518117308616638,False,1605,629,False,5,5,866
867,plate_missing,False,True,ensure_all_fruits_on_table,"[940,1197,398,1287,352]",5,0.5748867988586426,0.5684079766273499,False,1611,630,False,5,5,867
868,both_missing,False,False,ensure_all_fruits_on_table,"[202,3660,398,1287,855]",5,0.4980379641056061,0.4952673017978668,False,1602,624,False,5,5,868
869,both_missing,False,False,ensure_all_fruits_on_table,"[73,2780,57,1222,1428]",5,0.5554057359695435,0.5518117308616638,False,1612,629,False,5,5,869
870,plate_missing,True,True,ensure_all_fruits_on_table,"[73,2780,57,1222,1428]",5,0.5554057359695435,0.5518117308616638,False,1612,629,False,5,5,870
871,both_missing,False,False,ensure_all_fruits_on_table,"[1428,2075,56,383,1401]",5,0.5903847217559814,0.5883797645568848,False,1618,640,False,5,5,871
872,bowl_missing,False,True,sequential_pick_two_and_place,"[2700,2742,3597,2873,3152]",5,0.5883311629295349,0.5829203724861145,False,1748,769,False,5,5,872
873,bowl_missing,False,False,ensure_all_fruits_on_table,"[1428,2075,56,383,1401]",5,0.5903847217559814,0.5883797645568848,False,1625,640,False,5,5,873
874,plate_missing,True,False,serve_bread_after_checking_cabinet,"[2767,3266,143,2943,245]",5,0.6213803291320801,0.6105820536613464,False,1775,787,False,5,8,874
875,both_missing,False,False,sequential_pick_two_and_place,"[583,2873,766,460,5685]",5,0.5971207618713379,0.5775422215461731,False,1745,765,False,5,5,875
876,plate_missing,True,True,ensure_all_fruits_on_table,"[940,1197,398,1287,352]",5,0.5748867988586426,0.5684079766273499,False,1611,630,False,5,5,876
877,both_missing,False,False,sequential_pick_two_and_place,"[583,2873,766,460,5685]",5,0.5971207618713379,0.5775422215461731,False,1745,765,False,5,5,877
878,both_missing,False,False,sequential_pick_two_and_place,"[583,2873,766,460,5685]",5,0.5971207618713379,0.5775422215461731,False,1745,765,False,5,5,878
879,both_missing,False,False,sequential_pick_two_and_place,"[583,2873,766,460,5685]",5,0.5971207618713379,0.5775422215461731,False,1745,765,False,5,5,879
880,bowl_missing,False,False,ensure_all_fruits_on_table,"[38,416,548,2909,161]",5,0.6202490329742432,0.6094413280487061,False,1606,623,False,5,5,880
881,plate_missing,True,True,ensure_all_fruits_on_table,"[940,1197,398,1287,352]",5,0.5748867988586426,0.5684079766273499,False,1618,630,False,5,5,881
882,bowl_missing,False,True,sequential_pick_two_and_place,"[2700,2742,3597,2873,3152]",5,0.5883311629295349,0.5829203724861145,False,1748,769,False,5,5,882
883,bowl_missing,False,False,ensure_all_fruits_on_table,"[940,1197,398,1287,352]",5,0.5748867988586426,0.5684079766273499,False,1618,630,False,5,5,883
884,both_missing,False,False,ensure_all_fruits_on_table,"[73,2780,57,1222,1428]",5,0.5554057359695435,0.5518117308616638,False,1605,629,False,5,5,884
885,plate_missing,True,True,ensure_all_fruits_on_table,"[38,416,548,2909,161]",5,0.6202490329742432,0.6094413280487061,False,1606,623,False,5,5,885
886,plate_missing,True,True,ensure_all_fruits_on_table,"[1428,2075,56,383,1401]",5,0.5903847217559814,0.5883797645568848,False,1618,640,False,5,5,886
887,bowl_missing,False,False,ensure_all_fruits_on_table,"[1401,2069,129,316,1428]",5,0.550321638584137,0.5447251200675964,False,1624,640,False,5,5,887
888,plate_missing,True,True,serve_bread_after_checking_cabinet,"[2767,3266,143,2943,245]",5,0.6213803291320801,0.6105820536613464,False,1775,787,False,5,5,888
889,plate_missing,True,True,sequential_pick_two_and_place,"[583,2873,766,460,5685]",5,0.5971207618713379,0.5775422215461731,False,1752,765,False,5,5,889
890,bowl_missing,False,False,ensure_all_fruits_on_table,"[1401,2069,129,316,1428]",5,0.550321638584137,0.5447251200675964,False,1624,640,False,5,5,890
891,bowl_missing,False,False,single_move_asset_to_target,"[3458,228,2781,1880,4735]",5,0.7524831295013428,0.73103107213974,False,1555,576,False,5,5,891
892,both_missing,False,False,serve_bread_after_checking_cabinet,"[2767,3266,143,2943,245]",5,0.6213803291320801,0.6105820536613464,False,1768,787,False,5,5,892
893,bowl_missing,False,False,ensure_all_fruits_on_table,"[73,2780,57,1222,1428]",5,0.5554057359695435,0.5518117308616638,False,1612,629,False,5,5,893
894,plate_missing,True,True,ensure_all_fruits_on_table,"[940,1197,398,1287,352]",5,0.5748867988586426,0.5684079766273499,False,1611,630,False,5,5,894
895,bowl_missing,False,False,sequential_pick_two_and_place,"[583,2873,766,460,5685]",5,0.5971207618713379,0.5775422215461731,False,1745,765,False,5,5,895
896,both_missing,False,False,ensure_all_fruits_on_table,"[202,3660,398,1287,855]",5,0.4980379641056061,0.4952673017978668,False,1602,624,False,5,5,896
897,both_missing,False,False,ensure_all_fruits_on_table,"[940,1197,398,1287,352]",5,0.5748867988586426,0.5684079766273499,False,1618,630,False,5,5,897
898,plate_missing,True,True,ensure_all_fruits_on_table,"[1428,2075,56,383,1401]",5,0.5903847217559814,0.5883797645568848,False,1618,640,False,5,5,898
899,both_missing,False,False,ensure_all_fruits_on_table,"[38,416,548,2909,161]",5,0.6202490329742432,0.6094413280487061,False,1599,623,False,5,5,899
900,both_missing,False,False,serve_bread_after_checking_cabinet,"[2767,3266,143,2943,245]",5,0.6213803291320801,0.6105820536613464,False,1775,787,False,5,5,900
901,plate_missing,True,True,ensure_all_fruits_on_table,"[1428,2075,56,383,1401]",5,0.5903847217559814,0.5883797645568848,False,1618,640,False,5,5,901
902,plate_missing,True,True,ensure_all_fruits_on_table,"[202,3660,398,1287,855]",5,0.4980379641056061,0.4952673017978668,False,1602,624,False,5,5,902
903,bowl_missing,False,False,sequential_pick_two_and_place,"[583,2873,766,460,5685]",5,0.5971207618713379,0.5775422215461731,False,1745,765,False,5,5,903
904,plate_missing,True,True,ensure_all_fruits_on_table,"[202,3660,398,1287,855]",5,0.4980379641056061,0.4952673017978668,False,1609,624,False,5,5,904
905,both_missing,False,False,ensure_all_fruits_on_table,"[38,416,548,2909,161]",5,0.6202490329742432,0.6094413280487061,False,1606,623,False,5,5,905
906,plate_missing,True,True,ensure_all_fruits_on_table,"[940,1197,398,1287,352]",5,0.5748867988586426,0.5684079766273499,False,1618,630,False,5,5,906
907,bowl_missing,False,False,serve_bread_after_checking_cabinet,"[2767,3266,143,2943,245]",5,0.6213803291320801,0.6105820536613464,False,1775,787,False,5,5,907
908,bowl_missing,False,False,ensure_all_fruits_on_table,"[202,3660,398,1287,855]",5,0.4980379641056061,0.4952673017978668,False,1602,624,False,5,5,908
909,plate_missing,True,True,ensure_all_fruits_on_table,"[202,3660,398,1287,855]",5,0.4980379641056061,0.4952673017978668,False,1602,624,False,5,5,909
910,bowl_missing,False,False,ensure_all_fruits_on_table,"[73,2780,57,1222,1428]",5,0.5554057359695435,0.5518117308616638,False,1605,629,False,5,5,910
911,bowl_missing,False,False,ensure_all_fruits_on_table,"[202,3660,398,1287,855]",5,0.4980379641056061,0.4952673017978668,False,1602,624,False,5,5,911
912,both_missing,False,False,ensure_all_fruits_on_table,"[73,2780,57,1222,1428]",5,0.5554057359695435,0.5518117308616638,False,1612,629,False,5,5,912
913,plate_missing,True,True,ensure_all_fruits_on_table,"[1401,2069,129,316,1428]",5,0.550321638584137,0.5447251200675964,False,1624,640,False,5,5,913
914,plate_missing,True,True,ensure_all_fruits_on_table,"[202,3660,398,1287,855]",5,0.4980379641056061,0.4952673017978668,False,1602,624,False,5,5,914
915,plate_missing,True,True,ensure_all_fruits_on_table,"[38,416,548,2909,161]",5,0.6202490329742432,0.6094413280487061,False,1599,623,False,5,5,915
916,bowl_missing,False,False,ensure_all_fruits_on_table,"[73,2780,57,1222,1428]",5,0.5554057359695435,0.5518117308616638,False,1605,629,False,5,5,916
917,both_missing,False,False,sequential_pick_two_and_place,"[583,2873,766,460,5685]",5,0.5971207618713379,0.5775422215461731,False,1745,765,False,5,5,917
918,plate_missing,True,True,serve_bread_after_checking_cabinet,"[2767,3266,143,2943,245]",5,0.6213803291320801,0.6105820536613464,False,1775,787,False,5,5,918
919,both_missing,False,False,ensure_all_fruits_on_table,"[73,2780,57,1222,1428]",5,0.5554057359695435,0.5518117308616638,False,1605,629,False,5,5,919
920,plate_missing,True,True,ensure_all_fruits_on_table,"[1428,2075,56,383,1401]",5,0.5903847217559814,0.5883797645568848,False,1618,640,False,5,5,920
921,plate_missing,True,True,sequential_pick_two_and_place,"[583,2873,766,460,5685]",5,0.5971207618713379,0.5775422215461731,False,1745,765,False,5,5,921
922,plate_missing,True,True,single_move_asset_to_target,"[3458,228,2781,1880,4735]",5,0.7524831295013428,0.73103107213974,False,1562,576,False,5,5,922
923,both_missing,False,False,single_move_asset_to_target,"[3458,228,2781,1880,4735]",5,0.7524831295013428,0.73103107213974,False,1562,576,False,5,5,923
924,plate_missing,True,True,ensure_all_fruits_on_table,"[202,3660,398,1287,855]",5,0.4980379641056061,0.4952673017978668,False,1609,624,False,5,5,924
925,bowl_missing,False,False,ensure_all_fruits_on_table,"[202,3660,398,1287,855]",5,0.4980379641056061,0.4952673017978668,False,1602,624,False,5,5,925
926,plate_missing,False,True,ensure_all_fruits_on_table,"[1401,2069,129,316,1428]",5,0.550321638584137,0.5447251200675964,False,1617,640,False,5,5,926
927,plate_missing,True,True,ensure_all_fruits_on_table,"[38,416,548,2909,161]",5,0.6202490329742432,0.6094413280487061,False,1599,623,False,5,5,927
928,bowl_missing,False,False,ensure_all_fruits_on_table,"[1401,2069,129,316,1428]",5,0.550321638584137,0.5447251200675964,False,1624,640,False,5,5,928
929,bowl_missing,False,False,ensure_all_fruits_on_table,"[940,1197,398,1287,352]",5,0.5748867988586426,0.5684079766273499,False,1611,630,False,5,5,929
930,both_missing,False,False,ensure_all_fruits_on_table,"[940,1197,398,1287,352]",5,0.5748867988586426,0.5684079766273499,False,1618,630,False,5,5,930
931,bowl_missing,False,False,ensure_all_fruits_on_table,"[1428,2075,56,383,1401]",5,0.5903847217559814,0.5883797645568848,False,1625,640,False,5,5,931
932,bowl_missing,True,False,sequential_pick_two_and_place,"[583,2873,766,460,5685]",5,0.5971207618713379,0.5775422215461731,False,1752,765,False,5,5,932
933,plate_missing,True,True,serve_bread_after_checking_cabinet,"[2767,3266,143,2943,245]",5,0.6213803291320801,0.6105820536613464,False,1775,787,False,5,5,933
934,plate_missing,True,False,sequential_pick_two_and_place,"[583,2873,766,460,5685]",5,0.5971207618713379,0.5775422215461731,False,1745,765,False,5,5,934
935,bowl_missing,False,True,sequential_pick_two_and_place,"[2700,2742,3597,2873,3152]",5,0.5883311629295349,0.5829203724861145,False,1755,769,False,5,5,935
936,plate_missing,True,True,ensure_all_fruits_on_table,"[38,416,548,2909,161]",5,0.6202490329742432,0.6094413280487061,False,1606,623,False,5,5,936
937,bowl_missing,False,False,ensure_all_fruits_on_table,"[202,3660,398,1287,855]",5,0.4980379641056061,0.4952673017978668,False,1609,624,False,5,5,937
938,plate_missing,True,True,ensure_all_fruits_on_table,"[1428,2075,56,383,1401]",5,0.5903847217559814,0.5883797645568848,False,1625,640,False,5,5,938
939,both_missing,False,False,serve_bread_after_checking_cabinet,"[2767,3266,143,2943,245]",5,0.6213803291320801,0.6105820536613464,False,1768,787,False,5,5,939
940,bowl_missing,False,False,ensure_all_fruits_on_table,"[38,416,548,2909,161]",5,0.6202490329742432,0.6094413280487061,False,1606,623,False,5,5,940
941,plate_missing,True,True,ensure_all_fruits_on_table,"[38,416,548,2909,161]",5,0.6202490329742432,0.6094413280487061,False,1599,623,False,5,5,941
942,plate_missing,True,False,sequential_pick_two_and_place,"[2700,2742,3597,2873,3152]",5,0.5883311629295349,0.5829203724861145,False,1755,769,False,5,5,942
943,bowl_missing,False,False,ensure_all_fruits_on_table,"[1401,2069,129,316,1428]",5,0.550321638584137,0.5447251200675964,False,1617,640,False,5,5,943
944,bowl_missing,False,False,ensure_all_fruits_on_table,"[38,416,548,2909,161]",5,0.6202490329742432,0.6094413280487061,False,1599,623,False,5,5,944
945,plate_missing,False,True,ensure_all_fruits_on_table,"[38,416,548,2909,161]",5,0.6202490329742432,0.6094413280487061,False,1599,623,False,5,5,945
946,both_missing,False,False,sequential_pick_two_and_place,"[2700,2742,3597,2873,3152]",5,0.5883311629295349,0.5829203724861145,False,1755,769,False,5,5,946
947,plate_missing,True,False,single_move_asset_to_target,"[3458,228,2781,1880,4735]",5,0.7524831295013428,0.73103107213974,False,1562,576,False,5,5,947
948,plate_missing,True,False,single_move_asset_to_target,"[1571,3755,3365,1228,4735]",5,0.6041234731674194,0.5751652002334595,False,1555,570,False,5,5,948
949,bowl_missing,False,False,single_move_asset_to_target,"[1571,3755,3365,1228,4735]",5,0.6041234731674194,0.5751652002334595,False,1548,570,False,5,5,949
950,bowl_missing,False,False,ensure_all_fruits_on_table,"[1401,2069,129,316,1428]",5,0.550321638584137,0.5447251200675964,False,1624,640,False,5,5,950
951,plate_missing,True,True,sequential_pick_two_and_place,"[583,2873,766,460,5685]",5,0.5971207618713379,0.5775422215461731,False,1752,765,False,5,5,951
952,bowl_missing,False,False,single_move_asset_to_target,"[3458,228,2781,1880,4735]",5,0.7524831295013428,0.73103107213974,False,1562,576,False,5,5,952
953,plate_missing,True,True,ensure_all_fruits_on_table,"[1428,2075,56,383,1401]",5,0.5903847217559814,0.5883797645568848,False,1625,640,False,5,5,953
954,bowl_missing,False,False,ensure_all_fruits_on_table,"[73,2780,57,1222,1428]",5,0.5554057359695435,0.5518117308616638,False,1605,629,False,5,5,954
955,plate_missing,True,True,single_move_asset_to_target,"[3458,228,2781,1880,4735]",5,0.7524831295013428,0.73103107213974,False,1562,576,False,5,5,955
956,both_missing,False,False,sequential_pick_two_and_place,"[2700,2742,3597,2873,3152]",5,0.5883311629295349,0.5829203724861145,False,1748,769,False,5,5,956
957,plate_missing,True,True,serve_bread_after_checking_cabinet,"[2767,3266,143,2943,245]",5,0.6213803291320801,0.6105820536613464,False,1775,787,False,5,5,957
958,both_missing,False,False,sequential_pick_two_and_place,"[583,2873,766,460,5685]",5,0.5971207618713379,0.5775422215461731,False,1745,765,False,5,5,958
959,bowl_missing,False,False,ensure_all_fruits_on_table,"[1401,2069,129,316,1428]",5,0.550321638584137,0.5447251200675964,False,1624,640,False,5,5,959
960,bowl_missing,False,True,sequential_pick_two_and_place,"[2700,2742,3597,2873,3152]",5,0.5883311629295349,0.5829203724861145,False,1755,769,False,5,5,960
961,plate_missing,True,False,single_move_asset_to_target,"[1571,3755,3365,1228,4735]",5,0.6041234731674194,0.5751652002334595,False,1548,570,False,5,5,961
962,both_missing,False,False,ensure_all_fruits_on_table,"[1428,2075,56,383,1401]",5,0.5903847217559814,0.5883797645568848,False,1625,640,False,5,5,962
963,bowl_missing,False,False,single_move_asset_to_target,"[3458,228,2781,1880,4735]",5,0.7524831295013428,0.73103107213974,False,1562,576,False,5,5,963
964,bowl_missing,False,False,ensure_all_fruits_on_table,"[1428,2075,56,383,1401]",5,0.5903847217559814,0.5883797645568848,False,1618,640,False,5,5,964
965,bowl_missing,False,False,single_move_asset_to_target,"[1571,3755,3365,1228,4735]",5,0.6041234731674194,0.5751652002334595,False,1548,570,False,5,5,965
966,both_missing,False,False,sequential_pick_two_and_place,"[2700,2742,3597,2873,3152]",5,0.5883311629295349,0.5829203724861145,False,1748,769,False,5,5,966
967,bowl_missing,False,True,sequential_pick_two_and_place,"[2700,2742,3597,2873,3152]",5,0.5883311629295349,0.5829203724861145,False,1755,769,False,5,5,967
968,plate_missing,True,False,sequential_pick_two_and_place,"[2700,2742,3597,2873,3152]",5,0.5883311629295349,0.5829203724861145,False,1748,769,False,5,5,968
969,both_missing,False,False,single_move_asset_to_target,"[1571,3755,3365,1228,4735]",5,0.6041234731674194,0.5751652002334595,False,1548,570,False,5,5,969
970,both_missing,False,False,serve_bread_after_checking_cabinet,"[2767,3266,143,2943,245]",5,0.6213803291320801,0.6105820536613464,False,1768,787,False,5,5,970
971,bowl_missing,False,False,ensure_all_fruits_on_table,"[1428,2075,56,383,1401]",5,0.5903847217559814,0.5883797645568848,False,1625,640,False,5,5,971
972,bowl_missing,False,False,single_move_asset_to_target,"[1571,3755,3365,1228,4735]",5,0.6041234731674194,0.5751652002334595,False,1555,570,False,5,5,972
973,plate_missing,True,True,single_move_asset_to_target,"[3458,228,2781,1880,4735]",5,0.7524831295013428,0.73103107213974,False,1562,576,False,5,5,973
974,both_missing,False,False,ensure_all_fruits_on_table,"[940,1197,398,1287,352]",5,0.5748867988586426,0.5684079766273499,False,1611,630,False,5,5,974
975,bowl_missing,False,False,ensure_all_fruits_on_table,"[1401,2069,129,316,1428]",5,0.550321638584137,0.5447251200675964,False,1624,640,False,5,5,975
976,both_missing,False,False,ensure_all_fruits_on_table,"[38,416,548,2909,161]",5,0.6202490329742432,0.6094413280487061,False,1606,623,False,5,5,976
977,plate_missing,True,False,sequential_pick_two_and_place,"[583,2873,766,460,5685]",5,0.5971207618713379,0.5775422215461731,False,1752,765,False,5,5,977
978,bowl_missing,False,False,sequential_pick_two_and_place,"[583,2873,766,460,5685]",5,0.5971207618713379,0.5775422215461731,False,1745,765,False,5,5,978
979,both_missing,False,False,serve_bread_after_checking_cabinet,"[2767,3266,143,2943,245]",5,0.6213803291320801,0.6105820536613464,False,1775,787,False,5,8,979
980,bowl_missing,False,False,ensure_all_fruits_on_table,"[38,416,548,2909,161]",5,0.6202490329742432,0.6094413280487061,False,1606,623,False,5,5,980
981,bowl_missing,False,False,ensure_all_fruits_on_table,"[940,1197,398,1287,352]",5,0.5748867988586426,0.5684079766273499,False,1618,630,False,5,5,981
982,bowl_missing,False,True,sequential_pick_two_and_place,"[583,2873,766,460,5685]",5,0.5971207618713379,0.5775422215461731,False,1752,765,False,5,5,982
983,bowl_missing,False,False,ensure_all_fruits_on_table,"[73,2780,57,1222,1428]",5,0.5554057359695435,0.5518117308616638,False,1612,629,False,5,5,983
984,bowl_missing,False,False,single_move_asset_to_target,"[1571,3755,3365,1228,4735]",5,0.6041234731674194,0.5751652002334595,False,1555,570,False,5,5,984
985,plate_missing,True,True,ensure_all_fruits_on_table,"[1401,2069,129,316,1428]",5,0.550321638584137,0.5447251200675964,False,1617,640,False,5,5,985
986,bowl_missing,False,False,ensure_all_fruits_on_table,"[73,2780,57,1222,1428]",5,0.5554057359695435,0.5518117308616638,False,1612,629,False,5,5,986
987,both_missing,False,False,single_move_asset_to_target,"[1571,3755,3365,1228,4735]",5,0.6041234731674194,0.5751652002334595,False,1548,570,False,5,5,987
988,bowl_missing,False,False,ensure_all_fruits_on_table,"[38,416,548,2909,161]",5,0.6202490329742432,0.6094413280487061,False,1606,623,False,5,5,988
989,both_missing,False,False,ensure_all_fruits_on_table,"[1401,2069,129,316,1428]",5,0.550321638584137,0.5447251200675964,False,1624,640,False,5,5,989
990,plate_missing,True,False,sequential_pick_two_and_place,"[2700,2742,3597,2873,3152]",5,0.5883311629295349,0.5829203724861145,False,1748,769,False,5,5,990
991,both_missing,False,False,sequential_pick_two_and_place,"[583,2873,766,460,5685]",5,0.5971207618713379,0.5775422215461731,False,1745,765,False,5,5,991
992,bowl_missing,False,True,sequential_pick_two_and_place,"[2700,2742,3597,2873,3152]",5,0.5883311629295349,0.5829203724861145,False,1748,769,False,5,5,992
993,bowl_missing,False,False,ensure_all_fruits_on_table,"[1401,2069,129,316,1428]",5,0.550321638584137,0.5447251200675964,False,1617,640,False,5,5,993
994,plate_missing,True,True,single_move_asset_to_target,"[3458,228,2781,1880,4735]",5,0.7524831295013428,0.73103107213974,False,1555,576,False,5,5,994
995,both_missing,False,False,sequential_pick_two_and_place,"[2700,2742,3597,2873,3152]",5,0.5883311629295349,0.5829203724861145,False,1748,769,False,5,5,995
996,bowl_missing,False,False,ensure_all_fruits_on_table,"[940,1197,398,1287,352]",5,0.5748867988586426,0.5684079766273499,False,1618,630,False,5,5,996
997,plate_missing,True,True,ensure_all_fruits_on_table,"[940,1197,398,1287,352]",5,0.5748867988586426,0.5684079766273499,False,1611,630,False,5,5,997
998,bowl_missing,False,False,single_move_asset_to_target,"[1571,3755,3365,1228,4735]",5,0.6041234731674194,0.5751652002334595,False,1548,570,False,5,5,998
999,bowl_missing,False,False,serve_bread_after_checking_cabinet,"[2767,3266,143,2943,245]",5,0.6213803291320801,0.6105820536613464,False,1775,787,False,5,5,999
1000,plate_missing,True,True,ensure_all_fruits_on_table,"[1401,2069,129,316,1428]",5,0.550321638584137,0.5447251200675964,False,1617,640,False,5,5,1000
1001,plate_missing,True,True,single_move_asset_to_target,"[1571,3755,3365,1228,4735]",5,0.6041234731674194,0.5751652002334595,False,1548,570,False,5,5,1001
1002,bowl_missing,False,True,sequential_pick_two_and_place,"[2700,2742,3597,2873,3152]",5,0.5883311629295349,0.5829203724861145,False,1755,769,False,5,5,1002
1003,both_missing,False,False,ensure_all_fruits_on_table,"[1428,2075,56,383,1401]",5,0.5903847217559814,0.5883797645568848,False,1618,640,False,5,5,1003
1004,plate_missing,True,False,single_move_asset_to_target,"[1571,3755,3365,1228,4735]",5,0.6041234731674194,0.5751652002334595,False,1555,570,False,5,5,1004
1005,both_missing,False,False,ensure_all_fruits_on_table,"[73,2780,57,1222,1428]",5,0.5554057359695435,0.5518117308616638,False,1612,629,False,5,5,1005
1006,plate_missing,True,True,ensure_all_fruits_on_table,"[73,2780,57,1222,1428]",5,0.5554057359695435,0.5518117308616638,False,1612,629,False,5,5,1006
1007,both_missing,False,False,ensure_all_fruits_on_table,"[38,416,548,2909,161]",5,0.6202490329742432,0.6094413280487061,False,1599,623,False,5,5,1007
1008,both_missing,False,False,single_move_asset_to_target,"[1571,3755,3365,1228,4735]",5,0.6041234731674194,0.5751652002334595,False,1555,570,False,5,5,1008
1009,both_missing,False,False,single_move_asset_to_target,"[1571,3755,3365,1228,4735]",5,0.6041234731674194,0.5751652002334595,False,1555,570,False,5,5,1009
1010,bowl_missing,False,False,ensure_all_fruits_on_table,"[940,1197,398,1287,352]",5,0.5748867988586426,0.5684079766273499,False,1618,630,False,5,5,1010
1011,bowl_missing,False,False,single_move_asset_to_target,"[1571,3755,3365,1228,4735]",5,0.6041234731674194,0.5751652002334595,False,1555,570,False,5,5,1011
1012,both_missing,False,False,single_move_asset_to_target,"[3458,228,2781,1880,4735]",5,0.7524831295013428,0.73103107213974,False,1555,576,False,5,5,1012
1013,both_missing,False,False,single_move_asset_to_target,"[1571,3755,3365,1228,4735]",5,0.6041234731674194,0.5751652002334595,False,1548,570,False,5,5,1013
1014,bowl_missing,False,False,ensure_all_fruits_on_table,"[1428,2075,56,383,1401]",5,0.5903847217559814,0.5883797645568848,False,1625,640,False,5,5,1014
1015,both_missing,False,False,sequential_pick_two_and_place,"[2700,2742,3597,2873,3152]",5,0.5883311629295349,0.5829203724861145,False,1748,769,False,5,5,1015
1016,bowl_missing,False,False,ensure_all_fruits_on_table,"[1428,2075,56,383,1401]",5,0.5903847217559814,0.5883797645568848,False,1625,640,False,5,5,1016
1017,both_missing,False,False,ensure_all_fruits_on_table,"[38,416,548,2909,161]",5,0.6202490329742432,0.6094413280487061,False,1606,623,False,5,5,1017
1018,both_missing,False,False,single_move_asset_to_target,"[3458,228,2781,1880,4735]",5,0.7524831295013428,0.73103107213974,False,1562,576,False,5,5,1018
1019,plate_missing,True,True,ensure_all_fruits_on_table,"[1428,2075,56,383,1401]",5,0.5903847217559814,0.5883797645568848,False,1618,640,False,5,5,1019
1020,both_missing,False,False,ensure_all_fruits_on_table,"[73,2780,57,1222,1428]",5,0.5554057359695435,0.5518117308616638,False,1605,629,False,5,5,1020
1021,both_missing,False,False,ensure_all_fruits_on_table,"[38,416,548,2909,161]",5,0.6202490329742432,0.6094413280487061,False,1599,623,False,5,5,1021
1022,bowl_missing,False,False,sequential_pick_two_and_place,"[583,2873,766,460,5685]",5,0.5971207618713379,0.5775422215461731,False,1745,765,False,5,5,1022
1023,bowl_missing,False,False,single_move_asset_to_target,"[1571,3755,3365,1228,4735]",5,0.6041234731674194,0.5751652002334595,False,1555,570,False,5,5,1023
1024,bowl_missing,False,True,sequential_pick_two_and_place,"[2700,2742,3597,2873,3152]",5,0.5883311629295349,0.5829203724861145,False,1748,769,False,5,5,1024
1025,plate_missing,True,False,sequential_pick_two_and_place,"[2700,2742,3597,2873,3152]",5,0.5883311629295349,0.5829203724861145,False,1748,769,False,5,5,1025
1026,both_missing,False,False,ensure_all_fruits_on_table,"[940,1197,398,1287,352]",5,0.5748867988586426,0.5684079766273499,False,1618,630,False,5,5,1026
1027,both_missing,False,False,ensure_all_fruits_on_table,"[940,1197,398,1287,352]",5,0.5748867988586426,0.5684079766273499,False,1618,630,False,5,5,1027
1028,bowl_missing,False,False,ensure_all_fruits_on_table,"[73,2780,57,1222,1428]",5,0.5554057359695435,0.5518117308616638,False,1605,629,False,5,5,1028
1029,plate_missing,True,True,ensure_all_fruits_on_table,"[73,2780,57,1222,1428]",5,0.5554057359695435,0.5518117308616638,False,1612,629,False,5,5,1029
1030,plate_missing,True,False,sequential_pick_two_and_place,"[2700,2742,3597,2873,3152]",5,0.5883311629295349,0.5829203724861145,False,1755,769,False,5,5,1030
1031,bowl_missing,False,False,serve_bread_after_checking_cabinet,"[2767,3266,143,2943,245]",5,0.6213803291320801,0.6105820536613464,False,1768,787,False,5,5,1031
1032,bowl_missing,False,False,single_move_asset_to_target,"[3458,228,2781,1880,4735]",5,0.7524831295013428,0.73103107213974,False,1562,576,False,5,5,1032
1033,plate_missing,True,True,ensure_all_fruits_on_table,"[1401,2069,129,316,1428]",5,0.550321638584137,0.5447251200675964,False,1617,640,False,5,5,1033
1034,both_missing,False,False,ensure_all_fruits_on_table,"[1401,2069,129,316,1428]",5,0.550321638584137,0.5447251200675964,False,1624,640,False,5,5,1034
1035,plate_missing,True,True,ensure_all_fruits_on_table,"[1401,2069,129,316,1428]",5,0.550321638584137,0.5447251200675964,False,1624,640,False,5,5,1035
1036,both_missing,False,False,single_move_asset_to_target,"[3458,228,2781,1880,4735]",5,0.7524831295013428,0.73103107213974,False,1555,576,False,5,5,1036
1037,both_missing,False,False,ensure_all_fruits_on_table,"[940,1197,398,1287,352]",5,0.5748867988586426,0.5684079766273499,False,1611,630,False,5,5,1037
1038,plate_missing,True,True,ensure_all_fruits_on_table,"[1401,2069,129,316,1428]",5,0.550321638584137,0.5447251200675964,False,1617,640,False,5,5,1038
1039,plate_missing,True,True,ensure_all_fruits_on_table,"[1428,2075,56,383,1401]",5,0.5903847217559814,0.5883797645568848,False,1618,640,False,5,5,1039
1040,plate_missing,True,False,sequential_pick_two_and_place,"[583,2873,766,460,5685]",5,0.5971207618713379,0.5775422215461731,False,1752,765,False,5,5,1040
1041,bowl_missing,False,False,single_move_asset_to_target,"[1571,3755,3365,1228,4735]",5,0.6041234731674194,0.5751652002334595,False,1548,570,False,5,5,1041
1042,plate_missing,True,True,single_move_asset_to_target,"[3458,228,2781,1880,4735]",5,0.7524831295013428,0.73103107213974,False,1562,576,False,5,5,1042
1043,both_missing,False,False,ensure_all_fruits_on_table,"[1401,2069,129,316,1428]",5,0.550321638584137,0.5447251200675964,False,1624,640,False,5,5,1043
1044,plate_missing,True,True,ensure_all_fruits_on_table,"[73,2780,57,1222,1428]",5,0.5554057359695435,0.5518117308616638,False,1605,629,False,5,5,1044
1045,bowl_missing,False,False,serve_bread_after_checking_cabinet,"[2767,3266,143,2943,245]",5,0.6213803291320801,0.6105820536613464,False,1775,787,False,5,5,1045
1046,both_missing,False,False,sequential_pick_two_and_place,"[2700,2742,3597,2873,3152]",5,0.5883311629295349,0.5829203724861145,False,1755,769,False,5,5,1046
1047,both_missing,False,False,single_move_asset_to_target,"[3458,228,2781,1880,4735]",5,0.7524831295013428,0.73103107213974,False,1562,576,False,5,5,1047
1048,bowl_missing,False,False,ensure_all_fruits_on_table,"[1401,2069,129,316,1428]",5,0.550321638584137,0.5447251200675964,False,1617,640,False,5,5,1048
1049,bowl_missing,False,False,serve_bread_after_checking_cabinet,"[2767,3266,143,2943,245]",5,0.6213803291320801,0.6105820536613464,False,1775,787,False,5,5,1049
1050,plate_missing,True,True,ensure_all_fruits_on_table,"[73,2780,57,1222,1428]",5,0.5554057359695435,0.5518117308616638,False,1605,629,False,5,5,1050
1051,both_missing,False,False,ensure_all_fruits_on_table,"[73,2780,57,1222,1428]",5,0.5554057359695435,0.5518117308616638,False,1605,629,False,5,5,1051
1052,bowl_missing,False,False,sequential_pick_two_and_place,"[583,2873,766,460,5685]",5,0.5971207618713379,0.5775422215461731,False,1745,765,False,5,5,1052
1053,bowl_missing,False,False,ensure_all_fruits_on_table,"[1428,2075,56,383,1401]",5,0.5903847217559814,0.5883797645568848,False,1618,640,False,5,5,1053
1054,both_missing,False,False,ensure_all_fruits_on_table,"[940,1197,398,1287,352]",5,0.5748867988586426,0.5684079766273499,False,1611,630,False,5,5,1054
1055,plate_missing,True,False,sequential_pick_two_and_place,"[583,2873,766,460,5685]",5,0.5971207618713379,0.5775422215461731,False,1745,765,False,5,5,1055
1056,bowl_missing,False,False,ensure_all_fruits_on_table,"[73,2780,57,1222,1428]",5,0.5554057359695435,0.5518117308616638,False,1612,629,False,5,5,1056
1057,plate_missing,True,True,ensure_all_fruits_on_table,"[1401,2069,129,316,1428]",5,0.550321638584137,0.5447251200675964,False,1617,640,False,5,5,1057
1058,bowl_missing,False,False,ensure_all_fruits_on_table,"[940,1197,398,1287,352]",5,0.5748867988586426,0.5684079766273499,False,1611,630,False,5,5,1058
1059,bowl_missing,False,False,ensure_all_fruits_on_table,"[940,1197,398,1287,352]",5,0.5748867988586426,0.5684079766273499,False,1618,630,False,5,5,1059
1060,plate_missing,True,False,serve_bread_after_checking_cabinet,"[2767,3266,143,2943,245]",5,0.6213803291320801,0.6105820536613464,False,1775,787,False,5,8,1060
1061,plate_missing,True,True,serve_bread_after_checking_cabinet,"[2767,3266,143,2943,245]",5,0.6213803291320801,0.6105820536613464,False,1768,787,False,5,5,1061
1062,both_missing,False,False,sequential_pick_two_and_place,"[2700,2742,3597,2873,3152]",5,0.5883311629295349,0.5829203724861145,False,1755,769,False,5,5,1062
1063,both_missing,False,False,ensure_all_fruits_on_table,"[73,2780,57,1222,1428]",5,0.5554057359695435,0.5518117308616638,False,1612,629,False,5,5,1063
1064,bowl_missing,False,True,sequential_pick_two_and_place,"[2700,2742,3597,2873,3152]",5,0.5883311629295349,0.5829203724861145,False,1755,769,False,5,5,1064
1065,both_missing,False,False,sequential_pick_two_and_place,"[2700,2742,3597,2873,3152]",5,0.5883311629295349,0.5829203724861145,False,1755,769,False,5,5,1065
1066,plate_missing,True,False,sequential_pick_two_and_place,"[2700,2742,3597,2873,3152]",5,0.5883311629295349,0.5829203724861145,False,1748,769,False,5,5,1066
1067,plate_missing,True,True,ensure_all_fruits_on_table,"[940,1197,398,1287,352]",5,0.5748867988586426,0.5684079766273499,False,1618,630,False,5,5,1067
1068,both_missing,False,False,ensure_all_fruits_on_table,"[38,416,548,2909,161]",5,0.6202490329742432,0.6094413280487061,False,1606,623,False,5,5,1068
1069,plate_missing,True,True,ensure_all_fruits_on_table,"[1401,2069,129,316,1428]",5,0.550321638584137,0.5447251200675964,False,1624,640,False,5,5,1069
1070,plate_missing,True,True,ensure_all_fruits_on_table,"[940,1197,398,1287,352]",5,0.5748867988586426,0.5684079766273499,False,1618,630,False,5,5,1070
1071,plate_missing,True,True,ensure_all_fruits_on_table,"[73,2780,57,1222,1428]",5,0.5554057359695435,0.5518117308616638,False,1605,629,False,5,5,1071
1072,bowl_missing,False,False,ensure_all_fruits_on_table,"[38,416,548,2909,161]",5,0.6202490329742432,0.6094413280487061,False,1606,623,False,5,5,1072
1073,both_missing,False,False,single_move_asset_to_target,"[3458,228,2781,1880,4735]",5,0.7524831295013428,0.73103107213974,False,1555,576,False,5,5,1073
1074,both_missing,False,False,sequential_pick_two_and_place,"[583,2873,766,460,5685]",5,0.5971207618713379,0.5775422215461731,False,1745,765,False,5,5,1074
1075,bowl_missing,False,False,serve_bread_after_checking_cabinet,"[2767,3266,143,2943,245]",5,0.6213803291320801,0.6105820536613464,False,1768,787,False,5,5,1075
1076,both_missing,False,False,ensure_all_fruits_on_table,"[38,416,548,2909,161]",5,0.6202490329742432,0.6094413280487061,False,1599,623,False,5,5,1076
1077,bowl_missing,False,False,ensure_all_fruits_on_table,"[1401,2069,129,316,1428]",5,0.550321638584137,0.5447251200675964,False,1624,640,False,5,5,1077
1078,bowl_missing,False,False,sequential_pick_two_and_place,"[583,2873,766,460,5685]",5,0.5971207618713379,0.5775422215461731,False,1745,765,False,5,5,1078
1079,both_missing,False,False,ensure_all_fruits_on_table,"[1428,2075,56,383,1401]",5,0.5903847217559814,0.5883797645568848,False,1625,640,False,5,5,1079
1080,bowl_missing,False,False,ensure_all_fruits_on_table,"[38,416,548,2909,161]",5,0.6202490329742432,0.6094413280487061,False,1606,623,False,5,5,1080
1081,plate_missing,True,True,single_move_asset_to_target,"[1571,3755,3365,1228,4735]",5,0.6041234731674194,0.5751652002334595,False,1555,570,False,5,5,1081
1082,plate_missing,True,False,single_move_asset_to_target,"[1571,3755,3365,1228,4735]",5,0.6041234731674194,0.5751652002334595,False,1548,570,False,5,5,1082
1083,bowl_missing,False,False,ensure_all_fruits_on_table,"[1428,2075,56,383,1401]",5,0.5903847217559814,0.5883797645568848,False,1618,640,False,5,5,1083
1084,plate_missing,True,True,ensure_all_fruits_on_table,"[940,1197,398,1287,352]",5,0.5748867988586426,0.5684079766273499,False,1611,630,False,5,5,1084
1085,both_missing,False,False,ensure_all_fruits_on_table,"[1401,2069,129,316,1428]",5,0.550321638584137,0.5447251200675964,False,1624,640,False,5,5,1085
1086,bowl_missing,False,False,single_move_asset_to_target,"[3458,228,2781,1880,4735]",5,0.7524831295013428,0.73103107213974,False,1555,576,False,5,5,1086
1087,plate_missing,True,True,ensure_all_fruits_on_table,"[38,416,548,2909,161]",5,0.6202490329742432,0.6094413280487061,False,1599,623,False,5,5,1087
1088,plate_missing,True,False,single_move_asset_to_target,"[1571,3755,3365,1228,4735]",5,0.6041234731674194,0.5751652002334595,False,1555,570,False,5,5,1088
1089,bowl_missing,False,True,single_move_asset_to_target,"[3458,228,2781,1880,4735]",5,0.7524831295013428,0.73103107213974,False,1562,576,False,5,5,1089
1090,plate_missing,True,True,ensure_all_fruits_on_table,"[1428,2075,56,383,1401]",5,0.5903847217559814,0.5883797645568848,False,1618,640,False,5,5,1090
1091,plate_missing,True,True,ensure_all_fruits_on_table,"[1428,2075,56,383,1401]",5,0.5903847217559814,0.5883797645568848,False,1618,640,False,5,5,1091
1092,plate_missing,False,False,sequential_pick_two_and_place,"[2700,2742,3597,2873,3152]",5,0.5883311629295349,0.5829203724861145,False,1748,769,False,5,5,1092
1093,both_missing,False,False,ensure_all_fruits_on_table,"[1428,2075,56,383,1401]",5,0.5903847217559814,0.5883797645568848,False,1618,640,False,5,5,1093
1094,both_missing,False,False,ensure_all_fruits_on_table,"[73,2780,57,1222,1428]",5,0.5554057359695435,0.5518117308616638,False,1612,629,False,5,5,1094
1095,both_missing,False,False,sequential_pick_two_and_place,"[583,2873,766,460,5685]",5,0.5971207618713379,0.5775422215461731,False,1745,765,False,5,5,1095
1096,plate_missing,True,False,sequential_pick_two_and_place,"[583,2873,766,460,5685]",5,0.5971207618713379,0.5775422215461731,False,1752,765,False,5,5,1096
1097,both_missing,False,False,ensure_all_fruits_on_table,"[940,1197,398,1287,352]",5,0.5748867988586426,0.5684079766273499,False,1618,630,False,5,5,1097
1098,bowl_missing,False,False,ensure_all_fruits_on_table,"[38,416,548,2909,161]",5,0.6202490329742432,0.6094413280487061,False,1599,623,False,5,5,1098
1099,bowl_missing,False,True,sequential_pick_two_and_place,"[2700,2742,3597,2873,3152]",5,0.5883311629295349,0.5829203724861145,False,1755,769,False,5,5,1099
1100,bowl_missing,False,False,ensure_all_fruits_on_table,"[38,416,548,2909,161]",5,0.6202490329742432,0.6094413280487061,False,1599,623,False,5,5,1100
1101,plate_missing,True,True,ensure_all_fruits_on_table,"[1428,2075,56,383,1401]",5,0.5903847217559814,0.5883797645568848,False,1618,640,False,5,5,1101
1102,bowl_missing,False,False,single_move_asset_to_target,"[3458,228,2781,1880,4735]",5,0.7524831295013428,0.73103107213974,False,1555,576,False,5,5,1102
1103,plate_missing,True,True,ensure_all_fruits_on_table,"[1401,2069,129,316,1428]",5,0.550321638584137,0.5447251200675964,False,1617,640,False,5,5,1103
1104,both_missing,False,False,ensure_all_fruits_on_table,"[73,2780,57,1222,1428]",5,0.5554057359695435,0.5518117308616638,False,1612,629,False,5,5,1104
1105,bowl_missing,False,False,serve_bread_after_checking_cabinet,"[2767,3266,143,2943,245]",5,0.6213803291320801,0.6105820536613464,False,1775,787,False,5,5,1105
1106,plate_missing,True,True,serve_bread_after_checking_cabinet,"[2767,3266,143,2943,245]",5,0.6213803291320801,0.6105820536613464,False,1768,787,False,5,5,1106
1107,plate_missing,True,True,ensure_all_fruits_on_table,"[1401,2069,129,316,1428]",5,0.550321638584137,0.5447251200675964,False,1624,640,False,5,5,1107
1108,plate_missing,True,True,ensure_all_fruits_on_table,"[1428,2075,56,383,1401]",5,0.5903847217559814,0.5883797645568848,False,1618,640,False,5,5,1108
1109,plate_missing,True,True,single_move_asset_to_target,"[3458,228,2781,1880,4735]",5,0.7524831295013428,0.73103107213974,False,1555,576,False,5,5,1109
1110,both_missing,False,False,ensure_all_fruits_on_table,"[940,1197,398,1287,352]",5,0.5748867988586426,0.5684079766273499,False,1618,630,False,5,5,1110
1111,plate_missing,True,False,serve_bread_after_checking_cabinet,"[2767,3266,143,2943,245]",5,0.6213803291320801,0.6105820536613464,False,1775,787,False,5,5,1111
1112,both_missing,False,False,single_move_asset_to_target,"[3458,228,2781,1880,4735]",5,0.7524831295013428,0.73103107213974,False,1562,576,False,5,5,1112
1113,plate_missing,True,True,ensure_all_fruits_on_table,"[38,416,548,2909,161]",5,0.6202490329742432,0.6094413280487061,False,1606,623,False,5,5,1113
1114,both_missing,False,False,serve_bread_after_checking_cabinet,"[2767,3266,143,2943,245]",5,0.6213803291320801,0.6105820536613464,False,1775,787,False,5,5,1114
1115,both_missing,False,False,single_move_asset_to_target,"[3458,228,2781,1880,4735]",5,0.7524831295013428,0.73103107213974,False,1562,576,False,5,5,1115
1116,plate_missing,True,True,serve_bread_after_checking_cabinet,"[2767,3266,143,2943,245]",5,0.6213803291320801,0.6105820536613464,False,1768,787,False,5,5,1116
1117,plate_missing,True,True,ensure_all_fruits_on_table,"[1401,2069,129,316,1428]",5,0.550321638584137,0.5447251200675964,False,1624,640,False,5,5,1117
1118,plate_missing,True,True,serve_bread_after_checking_cabinet,"[2767,3266,143,2943,245]",5,0.6213803291320801,0.6105820536613464,False,1775,787,False,5,5,1118
1119,both_missing,False,False,sequential_pick_two_and_place,"[583,2873,766,460,5685]",5,0.5971207618713379,0.5775422215461731,False,1745,765,False,5,5,1119
1120,bowl_missing,False,False,ensure_all_fruits_on_table,"[1401,2069,129,316,1428]",5,0.550321638584137,0.5447251200675964,False,1617,640,False,5,5,1120
1121,plate_missing,True,False,sequential_pick_two_and_place,"[583,2873,766,460,5685]",5,0.5971207618713379,0.5775422215461731,False,1752,765,False,5,5,1121
1122,both_missing,False,False,sequential_pick_two_and_place,"[583,2873,766,460,5685]",5,0.5971207618713379,0.5775422215461731,False,1752,765,False,5,5,1122
1123,plate_missing,True,False,sequential_pick_two_and_place,"[583,2873,766,460,5685]",5,0.5971207618713379,0.5775422215461731,False,1752,765,False,5,5,1123
1124,plate_missing,True,False,sequential_pick_two_and_place,"[2700,2742,3597,2873,3152]",5,0.5883311629295349,0.5829203724861145,False,1748,769,False,5,5,1124
1125,bowl_missing,False,False,ensure_all_fruits_on_table,"[73,2780,57,1222,1428]",5,0.5554057359695435,0.5518117308616638,False,1605,629,False,5,5,1125
1126,plate_missing,True,False,sequential_pick_two_and_place,"[583,2873,766,460,5685]",5,0.5971207618713379,0.5775422215461731,False,1752,765,False,5,5,1126
1127,plate_missing,True,True,ensure_all_fruits_on_table,"[1401,2069,129,316,1428]",5,0.550321638584137,0.5447251200675964,False,1617,640,False,5,5,1127
1128,both_missing,False,False,sequential_pick_two_and_place,"[583,2873,766,460,5685]",5,0.5971207618713379,0.5775422215461731,False,1745,765,False,5,5,1128
1129,both_missing,False,False,single_move_asset_to_target,"[1571,3755,3365,1228,4735]",5,0.6041234731674194,0.5751652002334595,False,1555,570,False,5,5,1129
1130,plate_missing,True,False,single_move_asset_to_target,"[1571,3755,3365,1228,4735]",5,0.6041234731674194,0.5751652002334595,False,1548,570,False,5,5,1130
1131,both_missing,False,False,ensure_all_fruits_on_table,"[940,1197,398,1287,352]",5,0.5748867988586426,0.5684079766273499,False,1611,630,False,5,5,1131
1132,both_missing,False,False,ensure_all_fruits_on_table,"[73,2780,57,1222,1428]",5,0.5554057359695435,0.5518117308616638,False,1612,629,False,5,5,1132
1133,bowl_missing,False,False,ensure_all_fruits_on_table,"[940,1197,398,1287,352]",5,0.5748867988586426,0.5684079766273499,False,1611,630,False,5,5,1133
1134,plate_missing,True,True,ensure_all_fruits_on_table,"[940,1197,398,1287,352]",5,0.5748867988586426,0.5684079766273499,False,1618,630,False,5,5,1134
1135,bowl_missing,False,False,serve_bread_after_checking_cabinet,"[2767,3266,143,2943,245]",5,0.6213803291320801,0.6105820536613464,False,1775,787,False,5,5,1135
1136,bowl_missing,False,False,ensure_all_fruits_on_table,"[38,416,548,2909,161]",5,0.6202490329742432,0.6094413280487061,False,1606,623,False,5,5,1136
1137,plate_missing,True,True,ensure_all_fruits_on_table,"[1428,2075,56,383,1401]",5,0.5903847217559814,0.5883797645568848,False,1618,640,False,5,5,1137
1138,plate_missing,True,True,ensure_all_fruits_on_table,"[940,1197,398,1287,352]",5,0.5748867988586426,0.5684079766273499,False,1611,630,False,5,5,1138
1139,both_missing,False,False,ensure_all_fruits_on_table,"[38,416,548,2909,161]",5,0.6202490329742432,0.6094413280487061,False,1599,623,False,5,5,1139
1140,plate_missing,True,True,single_move_asset_to_target,"[1571,3755,3365,1228,4735]",5,0.6041234731674194,0.5751652002334595,False,1548,570,False,5,5,1140
1141,plate_missing,True,True,ensure_all_fruits_on_table,"[38,416,548,2909,161]",5,0.6202490329742432,0.6094413280487061,False,1606,623,False,5,5,1141
1142,both_missing,False,False,ensure_all_fruits_on_table,"[1428,2075,56,383,1401]",5,0.5903847217559814,0.5883797645568848,False,1618,640,False,5,5,1142
1143,both_missing,False,False,sequential_pick_two_and_place,"[2700,2742,3597,2873,3152]",5,0.5883311629295349,0.5829203724861145,False,1748,769,False,5,5,1143
1144,both_missing,False,False,sequential_pick_two_and_place,"[2700,2742,3597,2873,3152]",5,0.5883311629295349,0.5829203724861145,False,1755,769,False,5,5,1144
1145,both_missing,False,False,ensure_all_fruits_on_table,"[73,2780,57,1222,1428]",5,0.5554057359695435,0.5518117308616638,False,1612,629,False,5,5,1145
1146,plate_missing,True,True,ensure_all_fruits_on_table,"[1428,2075,56,383,1401]",5,0.5903847217559814,0.5883797645568848,False,1618,640,False,5,5,1146
1147,bowl_missing,False,False,single_move_asset_to_target,"[3458,228,2781,1880,4735]",5,0.7524831295013428,0.73103107213974,False,1562,576,False,5,5,1147
1148,bowl_missing,False,False,single_move_asset_to_target,"[3458,228,2781,1880,4735]",5,0.7524831295013428,0.73103107213974,False,1562,576,False,5,5,1148
1149,plate_missing,True,True,ensure_all_fruits_on_table,"[73,2780,57,1222,1428]",5,0.5554057359695435,0.5518117308616638,False,1612,629,False,5,5,1149
1150,plate_missing,True,True,ensure_all_fruits_on_table,"[73,2780,57,1222,1428]",5,0.5554057359695435,0.5518117308616638,False,1605,629,False,5,5,1150
1151,bowl_missing,False,True,sequential_pick_two_and_place,"[2700,2742,3597,2873,3152]",5,0.5883311629295349,0.5829203724861145,False,1755,769,False,5,5,1151
1152,bowl_missing,False,False,single_move_asset_to_target,"[1571,3755,3365,1228,4735]",5,0.6041234731674194,0.5751652002334595,False,1555,570,False,5,5,1152
1153,both_missing,False,False,sequential_pick_two_and_place,"[583,2873,766,460,5685]",5,0.5971207618713379,0.5775422215461731,False,1752,765,False,5,5,1153
1154,bowl_missing,False,False,ensure_all_fruits_on_table,"[38,416,548,2909,161]",5,0.6202490329742432,0.6094413280487061,False,1606,623,False,5,5,1154
1155,bowl_missing,False,False,sequential_pick_two_and_place,"[583,2873,766,460,5685]",5,0.5971207618713379,0.5775422215461731,False,1745,765,False,5,5,1155
1156,bowl_missing,False,False,single_move_asset_to_target,"[1571,3755,3365,1228,4735]",5,0.6041234731674194,0.5751652002334595,False,1548,570,False,5,5,1156
1157,bowl_missing,False,False,ensure_all_fruits_on_table,"[73,2780,57,1222,1428]",5,0.5554057359695435,0.5518117308616638,False,1605,629,False,5,5,1157
1158,plate_missing,True,True,ensure_all_fruits_on_table,"[940,1197,398,1287,352]",5,0.5748867988586426,0.5684079766273499,False,1611,630,False,5,5,1158
1159,both_missing,False,False,single_move_asset_to_target,"[3458,228,2781,1880,4735]",5,0.7524831295013428,0.73103107213974,False,1555,576,False,5,5,1159
1160,both_missing,False,False,ensure_all_fruits_on_table,"[940,1197,398,1287,352]",5,0.5748867988586426,0.5684079766273499,False,1611,630,False,5,5,1160
1161,both_missing,False,False,ensure_all_fruits_on_table,"[940,1197,398,1287,352]",5,0.5748867988586426,0.5684079766273499,False,1611,630,False,5,5,1161
1162,plate_missing,True,False,serve_bread_after_checking_cabinet,"[2767,3266,143,2943,245]",5,0.6213803291320801,0.6105820536613464,False,1768,787,False,5,8,1162
1163,both_missing,False,False,serve_bread_after_checking_cabinet,"[2767,3266,143,2943,245]",5,0.6213803291320801,0.6105820536613464,False,1768,787,False,5,8,1163
1164,plate_missing,True,False,sequential_pick_two_and_place,"[583,2873,766,460,5685]",5,0.5971207618713379,0.5775422215461731,False,1745,765,False,5,5,1164
1165,plate_missing,True,False,sequential_pick_two_and_place,"[583,2873,766,460,5685]",5,0.5971207618713379,0.5775422215461731,False,1752,765,False,5,5,1165
1166,bowl_missing,False,False,ensure_all_fruits_on_table,"[38,416,548,2909,161]",5,0.6202490329742432,0.6094413280487061,False,1606,623,False,5,5,1166
1167,bowl_missing,False,False,sequential_pick_two_and_place,"[583,2873,766,460,5685]",5,0.5971207618713379,0.5775422215461731,False,1745,765,False,5,5,1167
1168,bowl_missing,False,False,serve_bread_after_checking_cabinet,"[2767,3266,143,2943,245]",5,0.6213803291320801,0.6105820536613464,False,1768,787,False,5,5,1168
1169,both_missing,False,False,ensure_all_fruits_on_table,"[1401,2069,129,316,1428]",5,0.550321638584137,0.5447251200675964,False,1617,640,False,5,5,1169
1170,both_missing,False,False,single_move_asset_to_target,"[3458,228,2781,1880,4735]",5,0.7524831295013428,0.73103107213974,False,1562,576,False,5,5,1170
1171,both_missing,False,False,ensure_all_fruits_on_table,"[38,416,548,2909,161]",5,0.6202490329742432,0.6094413280487061,False,1606,623,False,5,5,1171
1172,both_missing,False,False,single_move_asset_to_target,"[3458,228,2781,1880,4735]",5,0.7524831295013428,0.73103107213974,False,1562,576,False,5,5,1172
1173,bowl_missing,False,False,serve_bread_after_checking_cabinet,"[2767,3266,143,2943,245]",5,0.6213803291320801,0.6105820536613464,False,1775,787,False,5,5,1173
1174,bowl_missing,False,False,ensure_all_fruits_on_table,"[1401,2069,129,316,1428]",5,0.550321638584137,0.5447251200675964,False,1624,640,False,5,5,1174
1175,plate_missing,True,True,single_move_asset_to_target,"[3458,228,2781,1880,4735]",5,0.7524831295013428,0.73103107213974,False,1555,576,False,5,5,1175
1176,plate_missing,True,False,sequential_pick_two_and_place,"[583,2873,766,460,5685]",5,0.5971207618713379,0.5775422215461731,False,1745,765,False,5,5,1176
1177,plate_missing,False,True,serve_bread_after_checking_cabinet,"[2767,3266,143,2943,245]",5,0.6213803291320801,0.6105820536613464,False,1775,787,False,5,5,1177
1178,both_missing,False,False,ensure_all_fruits_on_table,"[38,416,548,2909,161]",5,0.6202490329742432,0.6094413280487061,False,1606,623,False,5,5,1178
1179,bowl_missing,True,False,ensure_all_fruits_on_table,"[1428,2075,56,383,1401]",5,0.5903847217559814,0.5883797645568848,False,1618,640,False,5,5,1179
1180,plate_missing,True,False,serve_bread_after_checking_cabinet,"[2767,3266,143,2943,245]",5,0.6213803291320801,0.6105820536613464,False,1768,787,False,5,8,1180
1181,bowl_missing,False,False,sequential_pick_two_and_place,"[583,2873,766,460,5685]",5,0.5971207618713379,0.5775422215461731,False,1752,765,False,5,5,1181
1182,both_missing,False,False,serve_bread_after_checking_cabinet,"[2767,3266,143,2943,245]",5,0.6213803291320801,0.6105820536613464,False,1775,787,False,5,5,1182
1183,plate_missing,True,True,ensure_all_fruits_on_table,"[73,2780,57,1222,1428]",5,0.5554057359695435,0.5518117308616638,False,1605,629,False,5,5,1183
1184,both_missing,False,False,serve_bread_after_checking_cabinet,"[2767,3266,143,2943,245]",5,0.6213803291320801,0.6105820536613464,False,1768,787,False,5,5,1184
1185,bowl_missing,False,False,serve_bread_after_checking_cabinet,"[2767,3266,143,2943,245]",5,0.6213803291320801,0.6105820536613464,False,1768,787,False,5,8,1185
1186,plate_missing,True,True,ensure_all_fruits_on_table,"[1401,2069,129,316,1428]",5,0.550321638584137,0.5447251200675964,False,1624,640,False,5,5,1186
1187,both_missing,False,False,single_move_asset_to_target,"[3458,228,2781,1880,4735]",5,0.7524831295013428,0.73103107213974,False,1555,576,False,5,5,1187
1188,bowl_missing,False,False,ensure_all_fruits_on_table,"[1428,2075,56,383,1401]",5,0.5903847217559814,0.5883797645568848,False,1618,640,False,5,5,1188
1189,both_missing,False,False,ensure_all_fruits_on_table,"[73,2780,57,1222,1428]",5,0.5554057359695435,0.5518117308616638,False,1612,629,False,5,5,1189
1190,plate_missing,True,True,ensure_all_fruits_on_table,"[1401,2069,129,316,1428]",5,0.550321638584137,0.5447251200675964,False,1617,640,False,5,5,1190
1191,plate_missing,True,True,ensure_all_fruits_on_table,"[940,1197,398,1287,352]",5,0.5748867988586426,0.5684079766273499,False,1618,630,False,5,5,1191
1192,bowl_missing,False,False,ensure_all_fruits_on_table,"[38,416,548,2909,161]",5,0.6202490329742432,0.6094413280487061,False,1606,623,False,5,5,1192
1193,both_missing,False,False,ensure_all_fruits_on_table,"[1401,2069,129,316,1428]",5,0.550321638584137,0.5447251200675964,False,1617,640,False,5,5,1193
1194,bowl_missing,False,False,ensure_all_fruits_on_table,"[1428,2075,56,383,1401]",5,0.5903847217559814,0.5883797645568848,False,1625,640,False,5,5,1194
1195,both_missing,False,False,single_move_asset_to_target,"[3458,228,2781,1880,4735]",5,0.7524831295013428,0.73103107213974,False,1562,576,False,5,5,1195
1196,bowl_missing,False,False,single_move_asset_to_target,"[1571,3755,3365,1228,4735]",5,0.6041234731674194,0.5751652002334595,False,1548,570,False,5,5,1196
1197,both_missing,False,False,sequential_pick_two_and_place,"[2700,2742,3597,2873,3152]",5,0.5883311629295349,0.5829203724861145,False,1755,769,False,5,5,1197
1198,plate_missing,True,True,single_move_asset_to_target,"[3458,228,2781,1880,4735]",5,0.7524831295013428,0.73103107213974,False,1562,576,False,5,5,1198
1199,both_missing,False,False,ensure_all_fruits_on_table,"[940,1197,398,1287,352]",5,0.5748867988586426,0.5684079766273499,False,1611,630,False,5,5,1199
1200,both_missing,False,False,ensure_all_fruits_on_table,"[38,416,548,2909,161]",5,0.6202490329742432,0.6094413280487061,False,1606,623,False,5,5,1200
1201,both_missing,False,False,ensure_all_fruits_on_table,"[38,416,548,2909,161]",5,0.6202490329742432,0.6094413280487061,False,1599,623,False,5,5,1201
1202,both_missing,False,False,sequential_pick_two_and_place,"[583,2873,766,460,5685]",5,0.5971207618713379,0.5775422215461731,False,1745,765,False,5,5,1202
1203,both_missing,False,False,ensure_all_fruits_on_table,"[940,1197,398,1287,352]",5,0.5748867988586426,0.5684079766273499,False,1618,630,False,5,5,1203
1204,bowl_missing,False,False,ensure_all_fruits_on_table,"[1401,2069,129,316,1428]",5,0.550321638584137,0.5447251200675964,False,1617,640,False,5,5,1204
1205,both_missing,False,False,sequential_pick_two_and_place,"[2700,2742,3597,2873,3152]",5,0.5883311629295349,0.5829203724861145,False,1748,769,False,5,5,1205
1206,bowl_missing,False,False,ensure_all_fruits_on_table,"[73,2780,57,1222,1428]",5,0.5554057359695435,0.5518117308616638,False,1612,629,False,5,5,1206
1207,both_missing,False,False,ensure_all_fruits_on_table,"[38,416,548,2909,161]",5,0.6202490329742432,0.6094413280487061,False,1599,623,False,5,5,1207
1208,bowl_missing,False,True,sequential_pick_two_and_place,"[583,2873,766,460,5685]",5,0.5971207618713379,0.5775422215461731,False,1745,765,False,5,5,1208
1209,bowl_missing,False,False,single_move_asset_to_target,"[1571,3755,3365,1228,4735]",5,0.6041234731674194,0.5751652002334595,False,1548,570,False,5,5,1209
1210,both_missing,False,False,ensure_all_fruits_on_table,"[940,1197,398,1287,352]",5,0.5748867988586426,0.5684079766273499,False,1611,630,False,5,5,1210
1211,both_missing,False,False,serve_bread_after_checking_cabinet,"[2767,3266,143,2943,245]",5,0.6213803291320801,0.6105820536613464,False,1768,787,False,5,5,1211
1212,plate_missing,True,False,ensure_all_fruits_on_table,"[1401,2069,129,316,1428]",5,0.550321638584137,0.5447251200675964,False,1624,640,False,5,5,1212
1213,bowl_missing,False,False,ensure_all_fruits_on_table,"[73,2780,57,1222,1428]",5,0.5554057359695435,0.5518117308616638,False,1612,629,False,5,5,1213
1214,plate_missing,True,True,single_move_asset_to_target,"[1571,3755,3365,1228,4735]",5,0.6041234731674194,0.5751652002334595,False,1555,570,False,5,5,1214
1215,plate_missing,True,True,ensure_all_fruits_on_table,"[38,416,548,2909,161]",5,0.6202490329742432,0.6094413280487061,False,1599,623,False,5,5,1215
1216,bowl_missing,False,False,single_move_asset_to_target,"[1571,3755,3365,1228,4735]",5,0.6041234731674194,0.5751652002334595,False,1548,570,False,5,5,1216
1217,bowl_missing,False,True,sequential_pick_two_and_place,"[583,2873,766,460,5685]",5,0.5971207618713379,0.5775422215461731,False,1752,765,False,5,5,1217
