channel,index,exemplar_rank,source_train_index,source_full_signature,source_ordered_units,source_unit_kinds,source_is_multi_unit,covers_test_full_signature,grounded_plan_trigram_jaccard
instance,13,1,2966,"{""object_count"":2,""ordered_units"":[""fetch(plate)"",""state_change(open,cabinet)"",""relocate(plate,kitchen work area)"",""fetch(tomato)"",""open_container_then_retrieve(cabinet,tomato)"",""relocate(tomato,plate)"",""multi_object_sequence(2)""],""plan_length"":8}","[""fetch(plate)"",""state_change(open,cabinet)"",""relocate(plate,kitchen work area)"",""fetch(tomato)"",""open_container_then_retrieve(cabinet,tomato)"",""relocate(tomato,plate)"",""multi_object_sequence(2)""]","[""fetch"",""state_change"",""relocate"",""fetch"",""open_container_then_retrieve"",""relocate"",""multi_object_sequence""]",True,False,0.0
instance,13,2,6810,"{""object_count"":2,""ordered_units"":[""fetch(plate)"",""state_change(open,cabinet)"",""relocate(plate,kitchen work area)"",""fetch(tomato)"",""open_container_then_retrieve(cabinet,tomato)"",""relocate(tomato,plate)"",""multi_object_sequence(2)""],""plan_length"":8}","[""fetch(plate)"",""state_change(open,cabinet)"",""relocate(plate,kitchen work area)"",""fetch(tomato)"",""open_container_then_retrieve(cabinet,tomato)"",""relocate(tomato,plate)"",""multi_object_sequence(2)""]","[""fetch"",""state_change"",""relocate"",""fetch"",""open_container_then_retrieve"",""relocate"",""multi_object_sequence""]",True,False,0.0
instance,20,1,2802,"{""object_count"":2,""ordered_units"":[""state_change(open,cabinet)"",""fetch(tomato)"",""relocate(tomato,table)"",""fetch(peach)"",""open_container_then_retrieve(cabinet,peach)"",""relocate(peach,table)"",""multi_object_sequence(2)""],""plan_length"":8}","[""state_change(open,cabinet)"",""fetch(tomato)"",""relocate(tomato,table)"",""fetch(peach)"",""open_container_then_retrieve(cabinet,peach)"",""relocate(peach,table)"",""multi_object_sequence(2)""]","[""state_change"",""fetch"",""relocate"",""fetch"",""open_container_then_retrieve"",""relocate"",""multi_object_sequence""]",True,True,1.0
instance,33,1,1808,"{""object_count"":1,""ordered_units"":[""state_change(open,cabinet)"",""fetch(bread)"",""open_container_then_retrieve(cabinet,bread)"",""relocate(bread,bowl)""],""plan_length"":8}","[""state_change(open,cabinet)"",""fetch(bread)"",""open_container_then_retrieve(cabinet,bread)"",""relocate(bread,bowl)""]","[""state_change"",""fetch"",""open_container_then_retrieve"",""relocate""]",True,True,1.0
instance,33,2,2419,"{""object_count"":1,""ordered_units"":[""state_change(open,cabinet)"",""fetch(bread)"",""open_container_then_retrieve(cabinet,bread)"",""relocate(bread,plate)""],""plan_length"":8}","[""state_change(open,cabinet)"",""fetch(bread)"",""open_container_then_retrieve(cabinet,bread)"",""relocate(bread,plate)""]","[""state_change"",""fetch"",""open_container_then_retrieve"",""relocate""]",True,False,0.5
instance,42,1,3563,"{""object_count"":1,""ordered_units"":[""fetch(meat)"",""state_change(push,cardboardbox,R1)"",""relocate(meat,cardboardbox)"",""state_change(push,cardboardbox,R2)"",""fetch(meat)"",""relocate(meat,sink)""],""plan_length"":7}","[""fetch(meat)"",""state_change(push,cardboardbox,R1)"",""relocate(meat,cardboardbox)"",""state_change(push,cardboardbox,R2)"",""fetch(meat)"",""relocate(meat,sink)""]","[""fetch"",""state_change"",""relocate"",""state_change"",""fetch"",""relocate""]",True,False,0.0
instance,52,1,4514,"{""object_count"":2,""ordered_units"":[""fetch(apple)"",""fetch(knife)"",""state_change(open,cabinet)"",""relocate(apple,cabinet)"",""relocate(knife,cabinet)"",""multi_object_sequence(2)""],""plan_length"":7}","[""fetch(apple)"",""fetch(knife)"",""state_change(open,cabinet)"",""relocate(apple,cabinet)"",""relocate(knife,cabinet)"",""multi_object_sequence(2)""]","[""fetch"",""fetch"",""state_change"",""relocate"",""relocate"",""multi_object_sequence""]",True,False,0.25
instance,53,1,6114,"{""object_count"":2,""ordered_units"":[""fetch(bowl)"",""state_change(open,cabinet)"",""relocate(bowl,kitchen work area)"",""fetch(apple)"",""open_container_then_retrieve(cabinet,apple)"",""relocate(apple,bowl)"",""multi_object_sequence(2)""],""plan_length"":8}","[""fetch(bowl)"",""state_change(open,cabinet)"",""relocate(bowl,kitchen work area)"",""fetch(apple)"",""open_container_then_retrieve(cabinet,apple)"",""relocate(apple,bowl)"",""multi_object_sequence(2)""]","[""fetch"",""state_change"",""relocate"",""fetch"",""open_container_then_retrieve"",""relocate"",""multi_object_sequence""]",True,True,1.0
instance,76,1,1739,"{""object_count"":1,""ordered_units"":[""fetch(banana)"",""relocate(banana,table)""],""plan_length"":5}","[""fetch(banana)"",""relocate(banana,table)""]","[""fetch"",""relocate""]",True,True,1.0
instance,76,2,4112,"{""object_count"":1,""ordered_units"":[""fetch(banana)"",""relocate(banana,table)""],""plan_length"":5}","[""fetch(banana)"",""relocate(banana,table)""]","[""fetch"",""relocate""]",True,True,1.0
instance,82,1,1431,"{""object_count"":1,""ordered_units"":[""fetch(apple)"",""relocate(apple,table)""],""plan_length"":5}","[""fetch(apple)"",""relocate(apple,table)""]","[""fetch"",""relocate""]",True,True,1.0
instance,82,2,1611,"{""object_count"":1,""ordered_units"":[""fetch(apple)"",""relocate(apple,table)""],""plan_length"":5}","[""fetch(apple)"",""relocate(apple,table)""]","[""fetch"",""relocate""]",True,True,1.0
instance,82,3,3977,"{""object_count"":1,""ordered_units"":[""fetch(apple)"",""relocate(apple,table)""],""plan_length"":5}","[""fetch(apple)"",""relocate(apple,table)""]","[""fetch"",""relocate""]",True,True,1.0
instance,88,1,1161,"{""object_count"":1,""ordered_units"":[""fetch(banana)"",""relocate(banana,table)""],""plan_length"":5}","[""fetch(banana)"",""relocate(banana,table)""]","[""fetch"",""relocate""]",True,True,1.0
instance,88,2,1682,"{""object_count"":1,""ordered_units"":[""fetch(banana)"",""relocate(banana,table)""],""plan_length"":5}","[""fetch(banana)"",""relocate(banana,table)""]","[""fetch"",""relocate""]",True,True,1.0
instance,88,3,4267,"{""object_count"":1,""ordered_units"":[""fetch(banana)"",""relocate(banana,table)""],""plan_length"":5}","[""fetch(banana)"",""relocate(banana,table)""]","[""fetch"",""relocate""]",True,True,1.0
instance,93,1,172,"{""object_count"":0,""ordered_units"":[""state_change(interact,fridge)""],""plan_length"":2}","[""state_change(interact,fridge)""]","[""state_change""]",False,True,1.0
instance,94,1,3536,"{""object_count"":2,""ordered_units"":[""fetch(plate)"",""state_change(open,cabinet)"",""relocate(plate,kitchen work area)"",""fetch(banana)"",""open_container_then_retrieve(cabinet,banana)"",""relocate(banana,plate)"",""multi_object_sequence(2)""],""plan_length"":8}","[""fetch(plate)"",""state_change(open,cabinet)"",""relocate(plate,kitchen work area)"",""fetch(banana)"",""open_container_then_retrieve(cabinet,banana)"",""relocate(banana,plate)"",""multi_object_sequence(2)""]","[""fetch"",""state_change"",""relocate"",""fetch"",""open_container_then_retrieve"",""relocate"",""multi_object_sequence""]",True,True,1.0
instance,115,1,369,"{""object_count"":2,""ordered_units"":[""fetch(bowl)"",""state_change(open,cabinet)"",""relocate(bowl,kitchen island area)"",""fetch(bread)"",""open_container_then_retrieve(cabinet,bread)"",""relocate(bread,bowl)"",""multi_object_sequence(2)""],""plan_length"":8}","[""fetch(bowl)"",""state_change(open,cabinet)"",""relocate(bowl,kitchen island area)"",""fetch(bread)"",""open_container_then_retrieve(cabinet,bread)"",""relocate(bread,bowl)"",""multi_object_sequence(2)""]","[""fetch"",""state_change"",""relocate"",""fetch"",""open_container_then_retrieve"",""relocate"",""multi_object_sequence""]",True,False,0.0
instance,118,1,58,"{""object_count"":2,""ordered_units"":[""fetch(banana)"",""state_change(open,cabinet)"",""relocate(banana,table)"",""fetch(pear)"",""open_container_then_retrieve(cabinet,pear)"",""relocate(pear,table)"",""multi_object_sequence(2)""],""plan_length"":8}","[""fetch(banana)"",""state_change(open,cabinet)"",""relocate(banana,table)"",""fetch(pear)"",""open_container_then_retrieve(cabinet,pear)"",""relocate(pear,table)"",""multi_object_sequence(2)""]","[""fetch"",""state_change"",""relocate"",""fetch"",""open_container_then_retrieve"",""relocate"",""multi_object_sequence""]",True,False,0.0
instance,121,1,184,"{""object_count"":2,""ordered_units"":[""state_change(open,cabinet)"",""fetch(tomato)"",""relocate(tomato,table)"",""fetch(peach)"",""open_container_then_retrieve(cabinet,peach)"",""relocate(peach,table)"",""multi_object_sequence(2)""],""plan_length"":8}","[""state_change(open,cabinet)"",""fetch(tomato)"",""relocate(tomato,table)"",""fetch(peach)"",""open_container_then_retrieve(cabinet,peach)"",""relocate(peach,table)"",""multi_object_sequence(2)""]","[""state_change"",""fetch"",""relocate"",""fetch"",""open_container_then_retrieve"",""relocate"",""multi_object_sequence""]",True,False,0.0
instance,121,2,1458,"{""object_count"":2,""ordered_units"":[""fetch(tomato)"",""state_change(open,cabinet)"",""relocate(tomato,table)"",""fetch(peach)"",""open_container_then_retrieve(cabinet,peach)"",""relocate(peach,table)"",""multi_object_sequence(2)""],""plan_length"":8}","[""fetch(tomato)"",""state_change(open,cabinet)"",""relocate(tomato,table)"",""fetch(peach)"",""open_container_then_retrieve(cabinet,peach)"",""relocate(peach,table)"",""multi_object_sequence(2)""]","[""fetch"",""state_change"",""relocate"",""fetch"",""open_container_then_retrieve"",""relocate"",""multi_object_sequence""]",True,True,1.0
instance,122,1,1558,"{""object_count"":1,""ordered_units"":[""state_change(push,cardboardbox,R2)"",""fetch(fork)"",""relocate(fork,cardboardbox)"",""state_change(push,cardboardbox,R3)"",""fetch(fork)"",""relocate(fork,sink)""],""plan_length"":7}","[""state_change(push,cardboardbox,R2)"",""fetch(fork)"",""relocate(fork,cardboardbox)"",""state_change(push,cardboardbox,R3)"",""fetch(fork)"",""relocate(fork,sink)""]","[""state_change"",""fetch"",""relocate"",""state_change"",""fetch"",""relocate""]",True,True,1.0
instance,136,1,352,"{""object_count"":1,""ordered_units"":[""fetch(apple)"",""relocate(apple,table)""],""plan_length"":5}","[""fetch(apple)"",""relocate(apple,table)""]","[""fetch"",""relocate""]",True,True,1.0
instance,136,2,903,"{""object_count"":1,""ordered_units"":[""fetch(apple)"",""relocate(apple,table)""],""plan_length"":5}","[""fetch(apple)"",""relocate(apple,table)""]","[""fetch"",""relocate""]",True,True,1.0
instance,161,1,208,"{""object_count"":1,""ordered_units"":[""fetch(peach)"",""relocate(peach,table)""],""plan_length"":5}","[""fetch(peach)"",""relocate(peach,table)""]","[""fetch"",""relocate""]",True,True,1.0
instance,161,2,264,"{""object_count"":1,""ordered_units"":[""fetch(peach)"",""relocate(peach,table)""],""plan_length"":5}","[""fetch(peach)"",""relocate(peach,table)""]","[""fetch"",""relocate""]",True,True,1.0
instance,161,3,348,"{""object_count"":1,""ordered_units"":[""fetch(peach)"",""relocate(peach,table)""],""plan_length"":5}","[""fetch(peach)"",""relocate(peach,table)""]","[""fetch"",""relocate""]",True,True,1.0
instance,197,1,2941,"{""object_count"":2,""ordered_units"":[""fetch(peach)"",""fetch(knife)"",""state_change(open,cabinet)"",""relocate(peach,cabinet)"",""relocate(knife,cabinet)"",""multi_object_sequence(2)""],""plan_length"":7}","[""fetch(peach)"",""fetch(knife)"",""state_change(open,cabinet)"",""relocate(peach,cabinet)"",""relocate(knife,cabinet)"",""multi_object_sequence(2)""]","[""fetch"",""fetch"",""state_change"",""relocate"",""relocate"",""multi_object_sequence""]",True,False,0.25
instance,202,1,2909,"{""object_count"":1,""ordered_units"":[""fetch(banana)"",""relocate(banana,table)""],""plan_length"":5}","[""fetch(banana)"",""relocate(banana,table)""]","[""fetch"",""relocate""]",True,True,1.0
instance,202,2,5708,"{""object_count"":1,""ordered_units"":[""fetch(banana)"",""relocate(banana,table)""],""plan_length"":5}","[""fetch(banana)"",""relocate(banana,table)""]","[""fetch"",""relocate""]",True,True,1.0
instance,228,1,691,"{""object_count"":1,""ordered_units"":[""fetch(pumpkin)"",""state_change(push,cardboardbox,R1)"",""relocate(pumpkin,cardboardbox)"",""state_change(push,cardboardbox,R3)"",""fetch(pumpkin)"",""relocate(pumpkin,sink)""],""plan_length"":7}","[""fetch(pumpkin)"",""state_change(push,cardboardbox,R1)"",""relocate(pumpkin,cardboardbox)"",""state_change(push,cardboardbox,R3)"",""fetch(pumpkin)"",""relocate(pumpkin,sink)""]","[""fetch"",""state_change"",""relocate"",""state_change"",""fetch"",""relocate""]",True,False,0.0
instance,235,1,1681,"{""object_count"":2,""ordered_units"":[""state_change(open,cabinet)"",""fetch(tomato)"",""relocate(tomato,table)"",""fetch(peach)"",""open_container_then_retrieve(cabinet,peach)"",""relocate(peach,table)"",""multi_object_sequence(2)""],""plan_length"":8}","[""state_change(open,cabinet)"",""fetch(tomato)"",""relocate(tomato,table)"",""fetch(peach)"",""open_container_then_retrieve(cabinet,peach)"",""relocate(peach,table)"",""multi_object_sequence(2)""]","[""state_change"",""fetch"",""relocate"",""fetch"",""open_container_then_retrieve"",""relocate"",""multi_object_sequence""]",True,True,1.0
instance,235,2,3921,"{""object_count"":2,""ordered_units"":[""fetch(tomato)"",""state_change(open,cabinet)"",""relocate(tomato,table)"",""fetch(peach)"",""open_container_then_retrieve(cabinet,peach)"",""relocate(peach,table)"",""multi_object_sequence(2)""],""plan_length"":8}","[""fetch(tomato)"",""state_change(open,cabinet)"",""relocate(tomato,table)"",""fetch(peach)"",""open_container_then_retrieve(cabinet,peach)"",""relocate(peach,table)"",""multi_object_sequence(2)""]","[""fetch"",""state_change"",""relocate"",""fetch"",""open_container_then_retrieve"",""relocate"",""multi_object_sequence""]",True,False,0.0
instance,276,1,170,"{""object_count"":1,""ordered_units"":[""fetch(banana)"",""relocate(banana,table)""],""plan_length"":5}","[""fetch(banana)"",""relocate(banana,table)""]","[""fetch"",""relocate""]",True,True,1.0
instance,276,2,837,"{""object_count"":1,""ordered_units"":[""fetch(banana)"",""relocate(banana,table)""],""plan_length"":5}","[""fetch(banana)"",""relocate(banana,table)""]","[""fetch"",""relocate""]",True,True,1.0
instance,276,3,1317,"{""object_count"":1,""ordered_units"":[""fetch(banana)"",""relocate(banana,table)""],""plan_length"":5}","[""fetch(banana)"",""relocate(banana,table)""]","[""fetch"",""relocate""]",True,True,1.0
instance,291,1,113,"{""object_count"":1,""ordered_units"":[""state_change(open,cabinet)"",""fetch(bread)"",""open_container_then_retrieve(cabinet,bread)"",""relocate(bread,plate)""],""plan_length"":8}","[""state_change(open,cabinet)"",""fetch(bread)"",""open_container_then_retrieve(cabinet,bread)"",""relocate(bread,plate)""]","[""state_change"",""fetch"",""open_container_then_retrieve"",""relocate""]",True,True,1.0
instance,294,1,310,"{""object_count"":1,""ordered_units"":[""fetch(apple)"",""relocate(apple,table)""],""plan_length"":5}","[""fetch(apple)"",""relocate(apple,table)""]","[""fetch"",""relocate""]",True,True,1.0
instance,294,2,915,"{""object_count"":1,""ordered_units"":[""fetch(apple)"",""relocate(apple,table)""],""plan_length"":5}","[""fetch(apple)"",""relocate(apple,table)""]","[""fetch"",""relocate""]",True,True,1.0
instance,294,3,3407,"{""object_count"":1,""ordered_units"":[""fetch(apple)"",""relocate(apple,table)""],""plan_length"":5}","[""fetch(apple)"",""relocate(apple,table)""]","[""fetch"",""relocate""]",True,True,1.0
instance,304,1,528,"{""object_count"":0,""ordered_units"":[""state_change(interact,oven)""],""plan_length"":2}","[""state_change(interact,oven)""]","[""state_change""]",False,True,1.0
instance,318,1,285,"{""object_count"":2,""ordered_units"":[""fetch(spoon)"",""fetch(pumpkin)"",""state_change(open,cabinet)"",""relocate(spoon,cabinet)"",""relocate(pumpkin,cabinet)"",""multi_object_sequence(2)""],""plan_length"":7}","[""fetch(spoon)"",""fetch(pumpkin)"",""state_change(open,cabinet)"",""relocate(spoon,cabinet)"",""relocate(pumpkin,cabinet)"",""multi_object_sequence(2)""]","[""fetch"",""fetch"",""state_change"",""relocate"",""relocate"",""multi_object_sequence""]",True,False,0.25
instance,329,1,2092,"{""object_count"":2,""ordered_units"":[""fetch(knife)"",""fetch(apple)"",""state_change(open,cabinet)"",""relocate(knife,cabinet)"",""relocate(apple,cabinet)"",""multi_object_sequence(2)""],""plan_length"":7}","[""fetch(knife)"",""fetch(apple)"",""state_change(open,cabinet)"",""relocate(knife,cabinet)"",""relocate(apple,cabinet)"",""multi_object_sequence(2)""]","[""fetch"",""fetch"",""state_change"",""relocate"",""relocate"",""multi_object_sequence""]",True,False,0.25
instance,334,1,3441,"{""object_count"":2,""ordered_units"":[""fetch(plate)"",""state_change(open,cabinet)"",""relocate(plate,kitchen work area)"",""fetch(bread)"",""open_container_then_retrieve(cabinet,bread)"",""relocate(bread,plate)"",""multi_object_sequence(2)""],""plan_length"":8}","[""fetch(plate)"",""state_change(open,cabinet)"",""relocate(plate,kitchen work area)"",""fetch(bread)"",""open_container_then_retrieve(cabinet,bread)"",""relocate(bread,plate)"",""multi_object_sequence(2)""]","[""fetch"",""state_change"",""relocate"",""fetch"",""open_container_then_retrieve"",""relocate"",""multi_object_sequence""]",True,True,1.0
instance,340,1,3331,"{""object_count"":2,""ordered_units"":[""fetch(bowl)"",""state_change(open,cabinet)"",""relocate(bowl,kitchen island area)"",""fetch(apple)"",""open_container_then_retrieve(cabinet,apple)"",""relocate(apple,bowl)"",""multi_object_sequence(2)""],""plan_length"":8}","[""fetch(bowl)"",""state_change(open,cabinet)"",""relocate(bowl,kitchen island area)"",""fetch(apple)"",""open_container_then_retrieve(cabinet,apple)"",""relocate(apple,bowl)"",""multi_object_sequence(2)""]","[""fetch"",""state_change"",""relocate"",""fetch"",""open_container_then_retrieve"",""relocate"",""multi_object_sequence""]",True,False,0.0
instance,340,2,3659,"{""object_count"":2,""ordered_units"":[""fetch(bowl)"",""state_change(open,cabinet)"",""relocate(bowl,kitchen island area)"",""fetch(apple)"",""open_container_then_retrieve(cabinet,apple)"",""relocate(apple,bowl)"",""multi_object_sequence(2)""],""plan_length"":8}","[""fetch(bowl)"",""state_change(open,cabinet)"",""relocate(bowl,kitchen island area)"",""fetch(apple)"",""open_container_then_retrieve(cabinet,apple)"",""relocate(apple,bowl)"",""multi_object_sequence(2)""]","[""fetch"",""state_change"",""relocate"",""fetch"",""open_container_then_retrieve"",""relocate"",""multi_object_sequence""]",True,False,0.0
instance,427,1,3627,"{""object_count"":1,""ordered_units"":[""fetch(peach)"",""relocate(peach,table)""],""plan_length"":5}","[""fetch(peach)"",""relocate(peach,table)""]","[""fetch"",""relocate""]",True,True,1.0
instance,427,2,3712,"{""object_count"":1,""ordered_units"":[""fetch(peach)"",""relocate(peach,table)""],""plan_length"":5}","[""fetch(peach)"",""relocate(peach,table)""]","[""fetch"",""relocate""]",True,True,1.0
instance,441,1,1959,"{""object_count"":0,""ordered_units"":[""state_change(interact,oven)""],""plan_length"":2}","[""state_change(interact,oven)""]","[""state_change""]",False,True,1.0
instance,475,1,467,"{""object_count"":2,""ordered_units"":[""fetch(bread)"",""fetch(scissors)"",""state_change(open,cabinet)"",""relocate(bread,cabinet)"",""relocate(scissors,cabinet)"",""multi_object_sequence(2)""],""plan_length"":7}","[""fetch(bread)"",""fetch(scissors)"",""state_change(open,cabinet)"",""relocate(bread,cabinet)"",""relocate(scissors,cabinet)"",""multi_object_sequence(2)""]","[""fetch"",""fetch"",""state_change"",""relocate"",""relocate"",""multi_object_sequence""]",True,False,0.25
instance,503,1,632,"{""object_count"":2,""ordered_units"":[""fetch(bread)"",""fetch(pizza)"",""relocate(bread,bowl)"",""relocate(pizza,bowl)"",""multi_object_sequence(2)""],""plan_length"":5}","[""fetch(bread)"",""fetch(pizza)"",""relocate(bread,bowl)"",""relocate(pizza,bowl)"",""multi_object_sequence(2)""]","[""fetch"",""fetch"",""relocate"",""relocate"",""multi_object_sequence""]",True,False,0.14285714285714285
instance,512,1,1606,"{""object_count"":2,""ordered_units"":[""fetch(pumpkin)"",""fetch(fork)"",""state_change(open,cabinet)"",""relocate(pumpkin,cabinet)"",""relocate(fork,cabinet)"",""multi_object_sequence(2)""],""plan_length"":7}","[""fetch(pumpkin)"",""fetch(fork)"",""state_change(open,cabinet)"",""relocate(pumpkin,cabinet)"",""relocate(fork,cabinet)"",""multi_object_sequence(2)""]","[""fetch"",""fetch"",""state_change"",""relocate"",""relocate"",""multi_object_sequence""]",True,True,1.0
instance,537,1,602,"{""object_count"":2,""ordered_units"":[""fetch(banana)"",""state_change(open,cabinet)"",""relocate(banana,table)"",""fetch(peach)"",""open_container_then_retrieve(cabinet,peach)"",""relocate(peach,table)"",""multi_object_sequence(2)""],""plan_length"":8}","[""fetch(banana)"",""state_change(open,cabinet)"",""relocate(banana,table)"",""fetch(peach)"",""open_container_then_retrieve(cabinet,peach)"",""relocate(peach,table)"",""multi_object_sequence(2)""]","[""fetch"",""state_change"",""relocate"",""fetch"",""open_container_then_retrieve"",""relocate"",""multi_object_sequence""]",True,False,0.0
instance,547,1,383,"{""object_count"":1,""ordered_units"":[""fetch(apple)"",""relocate(apple,table)""],""plan_length"":5}","[""fetch(apple)"",""relocate(apple,table)""]","[""fetch"",""relocate""]",True,True,1.0
instance,547,2,1045,"{""object_count"":1,""ordered_units"":[""fetch(apple)"",""relocate(apple,table)""],""plan_length"":5}","[""fetch(apple)"",""relocate(apple,table)""]","[""fetch"",""relocate""]",True,True,1.0
instance,547,3,2760,"{""object_count"":1,""ordered_units"":[""fetch(apple)"",""relocate(apple,table)""],""plan_length"":5}","[""fetch(apple)"",""relocate(apple,table)""]","[""fetch"",""relocate""]",True,True,1.0
instance,559,1,5137,"{""object_count"":2,""ordered_units"":[""fetch(tomato)"",""state_change(open,cabinet)"",""relocate(tomato,table)"",""fetch(apple)"",""open_container_then_retrieve(cabinet,apple)"",""relocate(apple,table)"",""multi_object_sequence(2)""],""plan_length"":8}","[""fetch(tomato)"",""state_change(open,cabinet)"",""relocate(tomato,table)"",""fetch(apple)"",""open_container_then_retrieve(cabinet,apple)"",""relocate(apple,table)"",""multi_object_sequence(2)""]","[""fetch"",""state_change"",""relocate"",""fetch"",""open_container_then_retrieve"",""relocate"",""multi_object_sequence""]",True,False,0.0
instance,564,1,6706,"{""object_count"":2,""ordered_units"":[""fetch(bowl)"",""state_change(open,cabinet)"",""relocate(bowl,kitchen island area)"",""fetch(tomato)"",""open_container_then_retrieve(cabinet,tomato)"",""relocate(tomato,bowl)"",""multi_object_sequence(2)""],""plan_length"":8}","[""fetch(bowl)"",""state_change(open,cabinet)"",""relocate(bowl,kitchen island area)"",""fetch(tomato)"",""open_container_then_retrieve(cabinet,tomato)"",""relocate(tomato,bowl)"",""multi_object_sequence(2)""]","[""fetch"",""state_change"",""relocate"",""fetch"",""open_container_then_retrieve"",""relocate"",""multi_object_sequence""]",True,False,0.0
instance,578,1,5067,"{""object_count"":2,""ordered_units"":[""state_change(open,cabinet)"",""fetch(tomato)"",""relocate(tomato,table)"",""fetch(peach)"",""open_container_then_retrieve(cabinet,peach)"",""relocate(peach,table)"",""multi_object_sequence(2)""],""plan_length"":8}","[""state_change(open,cabinet)"",""fetch(tomato)"",""relocate(tomato,table)"",""fetch(peach)"",""open_container_then_retrieve(cabinet,peach)"",""relocate(peach,table)"",""multi_object_sequence(2)""]","[""state_change"",""fetch"",""relocate"",""fetch"",""open_container_then_retrieve"",""relocate"",""multi_object_sequence""]",True,False,0.0
instance,580,1,491,"{""object_count"":1,""ordered_units"":[""fetch(peach)"",""relocate(peach,table)""],""plan_length"":5}","[""fetch(peach)"",""relocate(peach,table)""]","[""fetch"",""relocate""]",True,True,1.0
instance,580,2,2085,"{""object_count"":1,""ordered_units"":[""fetch(peach)"",""relocate(peach,table)""],""plan_length"":5}","[""fetch(peach)"",""relocate(peach,table)""]","[""fetch"",""relocate""]",True,True,1.0
instance,583,1,1060,"{""object_count"":1,""ordered_units"":[""fetch(peach)"",""relocate(peach,table)""],""plan_length"":5}","[""fetch(peach)"",""relocate(peach,table)""]","[""fetch"",""relocate""]",True,True,1.0
instance,583,2,1619,"{""object_count"":1,""ordered_units"":[""fetch(peach)"",""relocate(peach,table)""],""plan_length"":5}","[""fetch(peach)"",""relocate(peach,table)""]","[""fetch"",""relocate""]",True,True,1.0
instance,583,3,2196,"{""object_count"":1,""ordered_units"":[""fetch(peach)"",""relocate(peach,table)""],""plan_length"":5}","[""fetch(peach)"",""relocate(peach,table)""]","[""fetch"",""relocate""]",True,True,1.0
instance,584,1,2257,"{""object_count"":2,""ordered_units"":[""fetch(plate)"",""state_change(open,cabinet)"",""relocate(plate,kitchen work area)"",""fetch(apple)"",""open_container_then_retrieve(cabinet,apple)"",""relocate(apple,plate)"",""multi_object_sequence(2)""],""plan_length"":8}","[""fetch(plate)"",""state_change(open,cabinet)"",""relocate(plate,kitchen work area)"",""fetch(apple)"",""open_container_then_retrieve(cabinet,apple)"",""relocate(apple,plate)"",""multi_object_sequence(2)""]","[""fetch"",""state_change"",""relocate"",""fetch"",""open_container_then_retrieve"",""relocate"",""multi_object_sequence""]",True,False,0.375
instance,588,1,108,"{""object_count"":1,""ordered_units"":[""fetch(banana)"",""relocate(banana,table)""],""plan_length"":5}","[""fetch(banana)"",""relocate(banana,table)""]","[""fetch"",""relocate""]",True,True,1.0
instance,588,2,203,"{""object_count"":1,""ordered_units"":[""fetch(banana)"",""relocate(banana,table)""],""plan_length"":5}","[""fetch(banana)"",""relocate(banana,table)""]","[""fetch"",""relocate""]",True,True,1.0
instance,588,3,1263,"{""object_count"":1,""ordered_units"":[""fetch(banana)"",""relocate(banana,table)""],""plan_length"":5}","[""fetch(banana)"",""relocate(banana,table)""]","[""fetch"",""relocate""]",True,True,1.0
instance,602,1,733,"{""object_count"":2,""ordered_units"":[""fetch(bread)"",""fetch(fork)"",""state_change(open,cabinet)"",""relocate(bread,cabinet)"",""relocate(fork,cabinet)"",""multi_object_sequence(2)""],""plan_length"":7}","[""fetch(bread)"",""fetch(fork)"",""state_change(open,cabinet)"",""relocate(bread,cabinet)"",""relocate(fork,cabinet)"",""multi_object_sequence(2)""]","[""fetch"",""fetch"",""state_change"",""relocate"",""relocate"",""multi_object_sequence""]",True,False,0.0
instance,604,1,1119,"{""object_count"":1,""ordered_units"":[""fetch(tomato)"",""relocate(tomato,table)""],""plan_length"":5}","[""fetch(tomato)"",""relocate(tomato,table)""]","[""fetch"",""relocate""]",True,True,1.0
instance,604,2,1630,"{""object_count"":1,""ordered_units"":[""fetch(tomato)"",""relocate(tomato,table)""],""plan_length"":5}","[""fetch(tomato)"",""relocate(tomato,table)""]","[""fetch"",""relocate""]",True,True,1.0
instance,604,3,2111,"{""object_count"":1,""ordered_units"":[""fetch(tomato)"",""relocate(tomato,table)""],""plan_length"":5}","[""fetch(tomato)"",""relocate(tomato,table)""]","[""fetch"",""relocate""]",True,True,1.0
instance,629,1,1016,"{""object_count"":1,""ordered_units"":[""fetch(peach)"",""relocate(peach,table)""],""plan_length"":5}","[""fetch(peach)"",""relocate(peach,table)""]","[""fetch"",""relocate""]",True,True,1.0
instance,629,2,2334,"{""object_count"":1,""ordered_units"":[""fetch(peach)"",""relocate(peach,table)""],""plan_length"":5}","[""fetch(peach)"",""relocate(peach,table)""]","[""fetch"",""relocate""]",True,True,1.0
instance,629,3,3220,"{""object_count"":1,""ordered_units"":[""fetch(peach)"",""relocate(peach,table)""],""plan_length"":5}","[""fetch(peach)"",""relocate(peach,table)""]","[""fetch"",""relocate""]",True,True,1.0
instance,631,1,2175,"{""object_count"":2,""ordered_units"":[""state_change(open,cabinet)"",""fetch(banana)"",""relocate(banana,table)"",""fetch(peach)"",""open_container_then_retrieve(cabinet,peach)"",""relocate(peach,table)"",""multi_object_sequence(2)""],""plan_length"":8}","[""state_change(open,cabinet)"",""fetch(banana)"",""relocate(banana,table)"",""fetch(peach)"",""open_container_then_retrieve(cabinet,peach)"",""relocate(peach,table)"",""multi_object_sequence(2)""]","[""state_change"",""fetch"",""relocate"",""fetch"",""open_container_then_retrieve"",""relocate"",""multi_object_sequence""]",True,True,1.0
instance,637,1,1326,"{""object_count"":1,""ordered_units"":[""fetch(apple)"",""relocate(apple,table)""],""plan_length"":5}","[""fetch(apple)"",""relocate(apple,table)""]","[""fetch"",""relocate""]",True,True,1.0
instance,637,2,1876,"{""object_count"":1,""ordered_units"":[""fetch(apple)"",""relocate(apple,table)""],""plan_length"":5}","[""fetch(apple)"",""relocate(apple,table)""]","[""fetch"",""relocate""]",True,True,1.0
instance,659,1,310,"{""object_count"":1,""ordered_units"":[""fetch(apple)"",""relocate(apple,table)""],""plan_length"":5}","[""fetch(apple)"",""relocate(apple,table)""]","[""fetch"",""relocate""]",True,True,1.0
instance,659,2,915,"{""object_count"":1,""ordered_units"":[""fetch(apple)"",""relocate(apple,table)""],""plan_length"":5}","[""fetch(apple)"",""relocate(apple,table)""]","[""fetch"",""relocate""]",True,True,1.0
instance,659,3,3407,"{""object_count"":1,""ordered_units"":[""fetch(apple)"",""relocate(apple,table)""],""plan_length"":5}","[""fetch(apple)"",""relocate(apple,table)""]","[""fetch"",""relocate""]",True,True,1.0
instance,681,1,2075,"{""object_count"":1,""ordered_units"":[""fetch(tomato)"",""relocate(tomato,table)""],""plan_length"":5}","[""fetch(tomato)"",""relocate(tomato,table)""]","[""fetch"",""relocate""]",True,True,1.0
instance,681,2,2534,"{""object_count"":1,""ordered_units"":[""fetch(tomato)"",""relocate(tomato,table)""],""plan_length"":5}","[""fetch(tomato)"",""relocate(tomato,table)""]","[""fetch"",""relocate""]",True,True,1.0
instance,681,3,2932,"{""object_count"":1,""ordered_units"":[""fetch(tomato)"",""relocate(tomato,table)""],""plan_length"":5}","[""fetch(tomato)"",""relocate(tomato,table)""]","[""fetch"",""relocate""]",True,True,1.0
instance,692,1,5120,"{""object_count"":1,""ordered_units"":[""state_change(push,cardboardbox,R3)"",""fetch(peach)"",""relocate(peach,cardboardbox)"",""state_change(push,cardboardbox,R2)"",""fetch(peach)"",""relocate(peach,sink)""],""plan_length"":7}","[""state_change(push,cardboardbox,R3)"",""fetch(peach)"",""relocate(peach,cardboardbox)"",""state_change(push,cardboardbox,R2)"",""fetch(peach)"",""relocate(peach,sink)""]","[""state_change"",""fetch"",""relocate"",""state_change"",""fetch"",""relocate""]",True,False,0.0
instance,719,1,3660,"{""object_count"":1,""ordered_units"":[""fetch(pear)"",""relocate(pear,table)""],""plan_length"":5}","[""fetch(pear)"",""relocate(pear,table)""]","[""fetch"",""relocate""]",True,True,1.0
instance,719,2,5460,"{""object_count"":1,""ordered_units"":[""fetch(pear)"",""relocate(pear,table)""],""plan_length"":5}","[""fetch(pear)"",""relocate(pear,table)""]","[""fetch"",""relocate""]",True,True,1.0
instance,719,3,202,"{""object_count"":1,""ordered_units"":[""fetch(banana)"",""relocate(banana,table)""],""plan_length"":5}","[""fetch(banana)"",""relocate(banana,table)""]","[""fetch"",""relocate""]",True,False,0.0
instance,742,1,347,"{""object_count"":2,""ordered_units"":[""state_change(open,cabinet)"",""fetch(banana)"",""relocate(banana,table)"",""fetch(pear)"",""open_container_then_retrieve(cabinet,pear)"",""relocate(pear,table)"",""multi_object_sequence(2)""],""plan_length"":8}","[""state_change(open,cabinet)"",""fetch(banana)"",""relocate(banana,table)"",""fetch(pear)"",""open_container_then_retrieve(cabinet,pear)"",""relocate(pear,table)"",""multi_object_sequence(2)""]","[""state_change"",""fetch"",""relocate"",""fetch"",""open_container_then_retrieve"",""relocate"",""multi_object_sequence""]",True,False,0.0
instance,742,2,1926,"{""object_count"":2,""ordered_units"":[""state_change(open,cabinet)"",""fetch(banana)"",""relocate(banana,table)"",""fetch(pear)"",""open_container_then_retrieve(cabinet,pear)"",""relocate(pear,table)"",""multi_object_sequence(2)""],""plan_length"":8}","[""state_change(open,cabinet)"",""fetch(banana)"",""relocate(banana,table)"",""fetch(pear)"",""open_container_then_retrieve(cabinet,pear)"",""relocate(pear,table)"",""multi_object_sequence(2)""]","[""state_change"",""fetch"",""relocate"",""fetch"",""open_container_then_retrieve"",""relocate"",""multi_object_sequence""]",True,False,0.0
instance,757,1,1633,"{""object_count"":2,""ordered_units"":[""state_change(open,cabinet)"",""fetch(banana)"",""relocate(banana,table)"",""fetch(apple)"",""open_container_then_retrieve(cabinet,apple)"",""relocate(apple,table)"",""multi_object_sequence(2)""],""plan_length"":8}","[""state_change(open,cabinet)"",""fetch(banana)"",""relocate(banana,table)"",""fetch(apple)"",""open_container_then_retrieve(cabinet,apple)"",""relocate(apple,table)"",""multi_object_sequence(2)""]","[""state_change"",""fetch"",""relocate"",""fetch"",""open_container_then_retrieve"",""relocate"",""multi_object_sequence""]",True,True,1.0
instance,757,2,2098,"{""object_count"":2,""ordered_units"":[""state_change(open,cabinet)"",""fetch(banana)"",""relocate(banana,table)"",""fetch(apple)"",""open_container_then_retrieve(cabinet,apple)"",""relocate(apple,table)"",""multi_object_sequence(2)""],""plan_length"":8}","[""state_change(open,cabinet)"",""fetch(banana)"",""relocate(banana,table)"",""fetch(apple)"",""open_container_then_retrieve(cabinet,apple)"",""relocate(apple,table)"",""multi_object_sequence(2)""]","[""state_change"",""fetch"",""relocate"",""fetch"",""open_container_then_retrieve"",""relocate"",""multi_object_sequence""]",True,True,1.0
instance,758,1,860,"{""object_count"":0,""ordered_units"":[""state_change(interact,drawer)""],""plan_length"":2}","[""state_change(interact,drawer)""]","[""state_change""]",False,True,1.0
instance,764,1,161,"{""object_count"":1,""ordered_units"":[""fetch(peach)"",""relocate(peach,table)""],""plan_length"":5}","[""fetch(peach)"",""relocate(peach,table)""]","[""fetch"",""relocate""]",True,True,1.0
instance,776,1,20,"{""object_count"":2,""ordered_units"":[""state_change(open,cabinet)"",""fetch(tomato)"",""relocate(tomato,table)"",""fetch(pear)"",""open_container_then_retrieve(cabinet,pear)"",""relocate(pear,table)"",""multi_object_sequence(2)""],""plan_length"":8}","[""state_change(open,cabinet)"",""fetch(tomato)"",""relocate(tomato,table)"",""fetch(pear)"",""open_container_then_retrieve(cabinet,pear)"",""relocate(pear,table)"",""multi_object_sequence(2)""]","[""state_change"",""fetch"",""relocate"",""fetch"",""open_container_then_retrieve"",""relocate"",""multi_object_sequence""]",True,True,1.0
instance,776,2,354,"{""object_count"":2,""ordered_units"":[""state_change(open,cabinet)"",""fetch(tomato)"",""relocate(tomato,table)"",""fetch(pear)"",""open_container_then_retrieve(cabinet,pear)"",""relocate(pear,table)"",""multi_object_sequence(2)""],""plan_length"":8}","[""state_change(open,cabinet)"",""fetch(tomato)"",""relocate(tomato,table)"",""fetch(pear)"",""open_container_then_retrieve(cabinet,pear)"",""relocate(pear,table)"",""multi_object_sequence(2)""]","[""state_change"",""fetch"",""relocate"",""fetch"",""open_container_then_retrieve"",""relocate"",""multi_object_sequence""]",True,True,1.0
instance,783,1,2240,"{""object_count"":2,""ordered_units"":[""state_change(open,cabinet)"",""fetch(plate)"",""relocate(plate,kitchen island area)"",""fetch(tomato)"",""open_container_then_retrieve(cabinet,tomato)"",""relocate(tomato,plate)"",""multi_object_sequence(2)""],""plan_length"":8}","[""state_change(open,cabinet)"",""fetch(plate)"",""relocate(plate,kitchen island area)"",""fetch(tomato)"",""open_container_then_retrieve(cabinet,tomato)"",""relocate(tomato,plate)"",""multi_object_sequence(2)""]","[""state_change"",""fetch"",""relocate"",""fetch"",""open_container_then_retrieve"",""relocate"",""multi_object_sequence""]",True,True,1.0
instance,790,1,1209,"{""object_count"":2,""ordered_units"":[""state_change(open,cabinet)"",""fetch(tomato)"",""relocate(tomato,table)"",""fetch(pear)"",""open_container_then_retrieve(cabinet,pear)"",""relocate(pear,table)"",""multi_object_sequence(2)""],""plan_length"":8}","[""state_change(open,cabinet)"",""fetch(tomato)"",""relocate(tomato,table)"",""fetch(pear)"",""open_container_then_retrieve(cabinet,pear)"",""relocate(pear,table)"",""multi_object_sequence(2)""]","[""state_change"",""fetch"",""relocate"",""fetch"",""open_container_then_retrieve"",""relocate"",""multi_object_sequence""]",True,False,0.0
instance,825,1,1976,"{""object_count"":2,""ordered_units"":[""state_change(open,cabinet)"",""fetch(tomato)"",""relocate(tomato,table)"",""fetch(peach)"",""open_container_then_retrieve(cabinet,peach)"",""relocate(peach,table)"",""multi_object_sequence(2)""],""plan_length"":8}","[""state_change(open,cabinet)"",""fetch(tomato)"",""relocate(tomato,table)"",""fetch(peach)"",""open_container_then_retrieve(cabinet,peach)"",""relocate(peach,table)"",""multi_object_sequence(2)""]","[""state_change"",""fetch"",""relocate"",""fetch"",""open_container_then_retrieve"",""relocate"",""multi_object_sequence""]",True,False,0.0
instance,825,2,4409,"{""object_count"":2,""ordered_units"":[""state_change(open,cabinet)"",""fetch(tomato)"",""relocate(tomato,table)"",""fetch(peach)"",""open_container_then_retrieve(cabinet,peach)"",""relocate(peach,table)"",""multi_object_sequence(2)""],""plan_length"":8}","[""state_change(open,cabinet)"",""fetch(tomato)"",""relocate(tomato,table)"",""fetch(peach)"",""open_container_then_retrieve(cabinet,peach)"",""relocate(peach,table)"",""multi_object_sequence(2)""]","[""state_change"",""fetch"",""relocate"",""fetch"",""open_container_then_retrieve"",""relocate"",""multi_object_sequence""]",True,False,0.0
instance,836,1,399,"{""object_count"":0,""ordered_units"":[""state_change(interact,fridge)""],""plan_length"":2}","[""state_change(interact,fridge)""]","[""state_change""]",False,True,1.0
instance,859,1,416,"{""object_count"":1,""ordered_units"":[""fetch(pear)"",""relocate(pear,table)""],""plan_length"":5}","[""fetch(pear)"",""relocate(pear,table)""]","[""fetch"",""relocate""]",True,True,1.0
instance,864,1,389,"{""object_count"":2,""ordered_units"":[""state_change(open,cabinet)"",""fetch(banana)"",""relocate(banana,table)"",""fetch(apple)"",""open_container_then_retrieve(cabinet,apple)"",""relocate(apple,table)"",""multi_object_sequence(2)""],""plan_length"":8}","[""state_change(open,cabinet)"",""fetch(banana)"",""relocate(banana,table)"",""fetch(apple)"",""open_container_then_retrieve(cabinet,apple)"",""relocate(apple,table)"",""multi_object_sequence(2)""]","[""state_change"",""fetch"",""relocate"",""fetch"",""open_container_then_retrieve"",""relocate"",""multi_object_sequence""]",True,False,0.0
instance,864,2,1631,"{""object_count"":2,""ordered_units"":[""state_change(open,cabinet)"",""fetch(banana)"",""relocate(banana,table)"",""fetch(apple)"",""open_container_then_retrieve(cabinet,apple)"",""relocate(apple,table)"",""multi_object_sequence(2)""],""plan_length"":8}","[""state_change(open,cabinet)"",""fetch(banana)"",""relocate(banana,table)"",""fetch(apple)"",""open_container_then_retrieve(cabinet,apple)"",""relocate(apple,table)"",""multi_object_sequence(2)""]","[""state_change"",""fetch"",""relocate"",""fetch"",""open_container_then_retrieve"",""relocate"",""multi_object_sequence""]",True,False,0.0
instance,872,1,57,"{""object_count"":1,""ordered_units"":[""fetch(apple)"",""relocate(apple,table)""],""plan_length"":5}","[""fetch(apple)"",""relocate(apple,table)""]","[""fetch"",""relocate""]",True,True,1.0
instance,872,2,1204,"{""object_count"":1,""ordered_units"":[""fetch(apple)"",""relocate(apple,table)""],""plan_length"":5}","[""fetch(apple)"",""relocate(apple,table)""]","[""fetch"",""relocate""]",True,True,1.0
instance,897,1,636,"{""object_count"":2,""ordered_units"":[""fetch(plate)"",""state_change(open,cabinet)"",""relocate(plate,kitchen island area)"",""fetch(tomato)"",""open_container_then_retrieve(cabinet,tomato)"",""relocate(tomato,plate)"",""multi_object_sequence(2)""],""plan_length"":8}","[""fetch(plate)"",""state_change(open,cabinet)"",""relocate(plate,kitchen island area)"",""fetch(tomato)"",""open_container_then_retrieve(cabinet,tomato)"",""relocate(tomato,plate)"",""multi_object_sequence(2)""]","[""fetch"",""state_change"",""relocate"",""fetch"",""open_container_then_retrieve"",""relocate"",""multi_object_sequence""]",True,False,0.0
instance,935,1,1176,"{""object_count"":1,""ordered_units"":[""fetch(tomato)"",""relocate(tomato,table)""],""plan_length"":5}","[""fetch(tomato)"",""relocate(tomato,table)""]","[""fetch"",""relocate""]",True,True,1.0
instance,935,2,1248,"{""object_count"":1,""ordered_units"":[""fetch(tomato)"",""relocate(tomato,table)""],""plan_length"":5}","[""fetch(tomato)"",""relocate(tomato,table)""]","[""fetch"",""relocate""]",True,True,1.0
instance,935,3,1911,"{""object_count"":1,""ordered_units"":[""fetch(tomato)"",""relocate(tomato,table)""],""plan_length"":5}","[""fetch(tomato)"",""relocate(tomato,table)""]","[""fetch"",""relocate""]",True,True,1.0
instance,937,1,3627,"{""object_count"":1,""ordered_units"":[""fetch(peach)"",""relocate(peach,table)""],""plan_length"":5}","[""fetch(peach)"",""relocate(peach,table)""]","[""fetch"",""relocate""]",True,True,1.0
instance,937,2,3712,"{""object_count"":1,""ordered_units"":[""fetch(peach)"",""relocate(peach,table)""],""plan_length"":5}","[""fetch(peach)"",""relocate(peach,table)""]","[""fetch"",""relocate""]",True,True,1.0
instance,965,1,1039,"{""object_count"":2,""ordered_units"":[""fetch(banana)"",""state_change(open,cabinet)"",""relocate(banana,table)"",""fetch(apple)"",""open_container_then_retrieve(cabinet,apple)"",""relocate(apple,table)"",""multi_object_sequence(2)""],""plan_length"":8}","[""fetch(banana)"",""state_change(open,cabinet)"",""relocate(banana,table)"",""fetch(apple)"",""open_container_then_retrieve(cabinet,apple)"",""relocate(apple,table)"",""multi_object_sequence(2)""]","[""fetch"",""state_change"",""relocate"",""fetch"",""open_container_then_retrieve"",""relocate"",""multi_object_sequence""]",True,False,0.0
instance,1016,1,1935,"{""object_count"":1,""ordered_units"":[""fetch(tomato)"",""relocate(tomato,table)""],""plan_length"":5}","[""fetch(tomato)"",""relocate(tomato,table)""]","[""fetch"",""relocate""]",True,True,1.0
instance,1016,2,2625,"{""object_count"":1,""ordered_units"":[""fetch(tomato)"",""relocate(tomato,table)""],""plan_length"":5}","[""fetch(tomato)"",""relocate(tomato,table)""]","[""fetch"",""relocate""]",True,True,1.0
instance,1016,3,4411,"{""object_count"":1,""ordered_units"":[""fetch(tomato)"",""relocate(tomato,table)""],""plan_length"":5}","[""fetch(tomato)"",""relocate(tomato,table)""]","[""fetch"",""relocate""]",True,True,1.0
instance,1025,1,855,"{""object_count"":1,""ordered_units"":[""fetch(apple)"",""relocate(apple,table)""],""plan_length"":5}","[""fetch(apple)"",""relocate(apple,table)""]","[""fetch"",""relocate""]",True,True,1.0
instance,1025,2,1971,"{""object_count"":1,""ordered_units"":[""fetch(apple)"",""relocate(apple,table)""],""plan_length"":5}","[""fetch(apple)"",""relocate(apple,table)""]","[""fetch"",""relocate""]",True,True,1.0
instance,1035,1,230,"{""object_count"":1,""ordered_units"":[""fetch(peach)"",""relocate(peach,table)""],""plan_length"":5}","[""fetch(peach)"",""relocate(peach,table)""]","[""fetch"",""relocate""]",True,True,1.0
instance,1035,2,716,"{""object_count"":1,""ordered_units"":[""fetch(peach)"",""relocate(peach,table)""],""plan_length"":5}","[""fetch(peach)"",""relocate(peach,table)""]","[""fetch"",""relocate""]",True,True,1.0
instance,1035,3,4065,"{""object_count"":1,""ordered_units"":[""fetch(peach)"",""relocate(peach,table)""],""plan_length"":5}","[""fetch(peach)"",""relocate(peach,table)""]","[""fetch"",""relocate""]",True,True,1.0
instance,1037,1,2903,"{""object_count"":2,""ordered_units"":[""state_change(open,cabinet)"",""fetch(bowl)"",""relocate(bowl,kitchen work area)"",""fetch(tomato)"",""open_container_then_retrieve(cabinet,tomato)"",""relocate(tomato,bowl)"",""multi_object_sequence(2)""],""plan_length"":8}","[""state_change(open,cabinet)"",""fetch(bowl)"",""relocate(bowl,kitchen work area)"",""fetch(tomato)"",""open_container_then_retrieve(cabinet,tomato)"",""relocate(tomato,bowl)"",""multi_object_sequence(2)""]","[""state_change"",""fetch"",""relocate"",""fetch"",""open_container_then_retrieve"",""relocate"",""multi_object_sequence""]",True,False,0.0
instance,1053,1,59,"{""object_count"":2,""ordered_units"":[""fetch(apple)"",""fetch(spoon)"",""state_change(open,cabinet)"",""relocate(apple,cabinet)"",""relocate(spoon,cabinet)"",""multi_object_sequence(2)""],""plan_length"":7}","[""fetch(apple)"",""fetch(spoon)"",""state_change(open,cabinet)"",""relocate(apple,cabinet)"",""relocate(spoon,cabinet)"",""multi_object_sequence(2)""]","[""fetch"",""fetch"",""state_change"",""relocate"",""relocate"",""multi_object_sequence""]",True,False,0.0
instance,1057,1,705,"{""object_count"":1,""ordered_units"":[""state_change(open,cabinet)"",""fetch(bread)"",""open_container_then_retrieve(cabinet,bread)"",""relocate(bread,bowl)""],""plan_length"":8}","[""state_change(open,cabinet)"",""fetch(bread)"",""open_container_then_retrieve(cabinet,bread)"",""relocate(bread,bowl)""]","[""state_change"",""fetch"",""open_container_then_retrieve"",""relocate""]",True,True,1.0
instance,1057,2,2068,"{""object_count"":1,""ordered_units"":[""state_change(open,cabinet)"",""fetch(bread)"",""open_container_then_retrieve(cabinet,bread)"",""relocate(bread,bowl)""],""plan_length"":8}","[""state_change(open,cabinet)"",""fetch(bread)"",""open_container_then_retrieve(cabinet,bread)"",""relocate(bread,bowl)""]","[""state_change"",""fetch"",""open_container_then_retrieve"",""relocate""]",True,True,1.0
instance,1067,1,2103,"{""object_count"":2,""ordered_units"":[""fetch(peach)"",""fetch(knife)"",""state_change(open,cabinet)"",""relocate(peach,cabinet)"",""relocate(knife,cabinet)"",""multi_object_sequence(2)""],""plan_length"":7}","[""fetch(peach)"",""fetch(knife)"",""state_change(open,cabinet)"",""relocate(peach,cabinet)"",""relocate(knife,cabinet)"",""multi_object_sequence(2)""]","[""fetch"",""fetch"",""state_change"",""relocate"",""relocate"",""multi_object_sequence""]",True,False,0.0
instance,1081,1,5067,"{""object_count"":2,""ordered_units"":[""state_change(open,cabinet)"",""fetch(tomato)"",""relocate(tomato,table)"",""fetch(peach)"",""open_container_then_retrieve(cabinet,peach)"",""relocate(peach,table)"",""multi_object_sequence(2)""],""plan_length"":8}","[""state_change(open,cabinet)"",""fetch(tomato)"",""relocate(tomato,table)"",""fetch(peach)"",""open_container_then_retrieve(cabinet,peach)"",""relocate(peach,table)"",""multi_object_sequence(2)""]","[""state_change"",""fetch"",""relocate"",""fetch"",""open_container_then_retrieve"",""relocate"",""multi_object_sequence""]",True,True,1.0
instance,1099,1,1270,"{""object_count"":1,""ordered_units"":[""fetch(pear)"",""relocate(pear,table)""],""plan_length"":5}","[""fetch(pear)"",""relocate(pear,table)""]","[""fetch"",""relocate""]",True,True,1.0
instance,1099,2,1851,"{""object_count"":1,""ordered_units"":[""fetch(pear)"",""relocate(pear,table)""],""plan_length"":5}","[""fetch(pear)"",""relocate(pear,table)""]","[""fetch"",""relocate""]",True,True,1.0
instance,1099,3,3041,"{""object_count"":1,""ordered_units"":[""fetch(pear)"",""relocate(pear,table)""],""plan_length"":5}","[""fetch(pear)"",""relocate(pear,table)""]","[""fetch"",""relocate""]",True,True,1.0
instance,1144,1,1859,"{""object_count"":1,""ordered_units"":[""fetch(tomato)"",""relocate(tomato,table)""],""plan_length"":5}","[""fetch(tomato)"",""relocate(tomato,table)""]","[""fetch"",""relocate""]",True,True,1.0
instance,1144,2,3136,"{""object_count"":1,""ordered_units"":[""fetch(tomato)"",""relocate(tomato,table)""],""plan_length"":5}","[""fetch(tomato)"",""relocate(tomato,table)""]","[""fetch"",""relocate""]",True,True,1.0
instance,1144,3,3692,"{""object_count"":1,""ordered_units"":[""fetch(tomato)"",""relocate(tomato,table)""],""plan_length"":5}","[""fetch(tomato)"",""relocate(tomato,table)""]","[""fetch"",""relocate""]",True,True,1.0
instance,1160,1,233,"{""object_count"":1,""ordered_units"":[""fetch(pear)"",""relocate(pear,table)""],""plan_length"":5}","[""fetch(pear)"",""relocate(pear,table)""]","[""fetch"",""relocate""]",True,True,1.0
instance,1160,2,449,"{""object_count"":1,""ordered_units"":[""fetch(pear)"",""relocate(pear,table)""],""plan_length"":5}","[""fetch(pear)"",""relocate(pear,table)""]","[""fetch"",""relocate""]",True,True,1.0
instance,1170,1,1060,"{""object_count"":1,""ordered_units"":[""fetch(peach)"",""relocate(peach,table)""],""plan_length"":5}","[""fetch(peach)"",""relocate(peach,table)""]","[""fetch"",""relocate""]",True,True,1.0
instance,1170,2,1619,"{""object_count"":1,""ordered_units"":[""fetch(peach)"",""relocate(peach,table)""],""plan_length"":5}","[""fetch(peach)"",""relocate(peach,table)""]","[""fetch"",""relocate""]",True,True,1.0
instance,1170,3,2196,"{""object_count"":1,""ordered_units"":[""fetch(peach)"",""relocate(peach,table)""],""plan_length"":5}","[""fetch(peach)"",""relocate(peach,table)""]","[""fetch"",""relocate""]",True,True,1.0
instance,1182,1,835,"{""object_count"":1,""ordered_units"":[""fetch(tomato)"",""relocate(tomato,table)""],""plan_length"":5}","[""fetch(tomato)"",""relocate(tomato,table)""]","[""fetch"",""relocate""]",True,True,1.0
instance,1182,2,3768,"{""object_count"":1,""ordered_units"":[""fetch(tomato)"",""relocate(tomato,table)""],""plan_length"":5}","[""fetch(tomato)"",""relocate(tomato,table)""]","[""fetch"",""relocate""]",True,True,1.0
instance,1182,3,4095,"{""object_count"":1,""ordered_units"":[""fetch(tomato)"",""relocate(tomato,table)""],""plan_length"":5}","[""fetch(tomato)"",""relocate(tomato,table)""]","[""fetch"",""relocate""]",True,True,1.0
instance,1236,1,457,"{""object_count"":2,""ordered_units"":[""fetch(bowl)"",""state_change(open,cabinet)"",""relocate(bowl,kitchen island area)"",""fetch(bread)"",""open_container_then_retrieve(cabinet,bread)"",""relocate(bread,bowl)"",""multi_object_sequence(2)""],""plan_length"":8}","[""fetch(bowl)"",""state_change(open,cabinet)"",""relocate(bowl,kitchen island area)"",""fetch(bread)"",""open_container_then_retrieve(cabinet,bread)"",""relocate(bread,bowl)"",""multi_object_sequence(2)""]","[""fetch"",""state_change"",""relocate"",""fetch"",""open_container_then_retrieve"",""relocate"",""multi_object_sequence""]",True,True,1.0
instance,1236,2,1677,"{""object_count"":2,""ordered_units"":[""fetch(bowl)"",""state_change(open,cabinet)"",""relocate(bowl,kitchen work area)"",""fetch(bread)"",""open_container_then_retrieve(cabinet,bread)"",""relocate(bread,bowl)"",""multi_object_sequence(2)""],""plan_length"":8}","[""fetch(bowl)"",""state_change(open,cabinet)"",""relocate(bowl,kitchen work area)"",""fetch(bread)"",""open_container_then_retrieve(cabinet,bread)"",""relocate(bread,bowl)"",""multi_object_sequence(2)""]","[""fetch"",""state_change"",""relocate"",""fetch"",""open_container_then_retrieve"",""relocate"",""multi_object_sequence""]",True,False,0.375
instance,1243,1,585,"{""object_count"":1,""ordered_units"":[""fetch(apple)"",""relocate(apple,table)""],""plan_length"":5}","[""fetch(apple)"",""relocate(apple,table)""]","[""fetch"",""relocate""]",True,True,1.0
instance,1243,2,1450,"{""object_count"":1,""ordered_units"":[""fetch(apple)"",""relocate(apple,table)""],""plan_length"":5}","[""fetch(apple)"",""relocate(apple,table)""]","[""fetch"",""relocate""]",True,True,1.0
instance,1243,3,2739,"{""object_count"":1,""ordered_units"":[""fetch(apple)"",""relocate(apple,table)""],""plan_length"":5}","[""fetch(apple)"",""relocate(apple,table)""]","[""fetch"",""relocate""]",True,True,1.0
instance,1245,1,172,"{""object_count"":0,""ordered_units"":[""state_change(interact,fridge)""],""plan_length"":2}","[""state_change(interact,fridge)""]","[""state_change""]",False,True,1.0
instance,1246,1,6835,"{""object_count"":1,""ordered_units"":[""state_change(open,cabinet)"",""fetch(bread)"",""open_container_then_retrieve(cabinet,bread)"",""relocate(bread,bowl)""],""plan_length"":8}","[""state_change(open,cabinet)"",""fetch(bread)"",""open_container_then_retrieve(cabinet,bread)"",""relocate(bread,bowl)""]","[""state_change"",""fetch"",""open_container_then_retrieve"",""relocate""]",True,True,1.0
instance,1251,1,2069,"{""object_count"":1,""ordered_units"":[""fetch(tomato)"",""relocate(tomato,table)""],""plan_length"":5}","[""fetch(tomato)"",""relocate(tomato,table)""]","[""fetch"",""relocate""]",True,True,1.0
instance,1251,2,2609,"{""object_count"":1,""ordered_units"":[""fetch(tomato)"",""relocate(tomato,table)""],""plan_length"":5}","[""fetch(tomato)"",""relocate(tomato,table)""]","[""fetch"",""relocate""]",True,True,1.0
instance,1284,1,1548,"{""object_count"":1,""ordered_units"":[""fetch(pear)"",""relocate(pear,table)""],""plan_length"":5}","[""fetch(pear)"",""relocate(pear,table)""]","[""fetch"",""relocate""]",True,True,1.0
instance,1284,2,2599,"{""object_count"":1,""ordered_units"":[""fetch(pear)"",""relocate(pear,table)""],""plan_length"":5}","[""fetch(pear)"",""relocate(pear,table)""]","[""fetch"",""relocate""]",True,True,1.0
instance,1296,1,337,"{""object_count"":1,""ordered_units"":[""fetch(peach)"",""relocate(peach,table)""],""plan_length"":5}","[""fetch(peach)"",""relocate(peach,table)""]","[""fetch"",""relocate""]",True,True,1.0
instance,1296,2,544,"{""object_count"":1,""ordered_units"":[""fetch(peach)"",""relocate(peach,table)""],""plan_length"":5}","[""fetch(peach)"",""relocate(peach,table)""]","[""fetch"",""relocate""]",True,True,1.0
instance,1296,3,1500,"{""object_count"":1,""ordered_units"":[""fetch(peach)"",""relocate(peach,table)""],""plan_length"":5}","[""fetch(peach)"",""relocate(peach,table)""]","[""fetch"",""relocate""]",True,True,1.0
instance,1304,1,982,"{""object_count"":2,""ordered_units"":[""state_change(open,cabinet)"",""fetch(bowl)"",""relocate(bowl,kitchen work area)"",""fetch(apple)"",""open_container_then_retrieve(cabinet,apple)"",""relocate(apple,bowl)"",""multi_object_sequence(2)""],""plan_length"":8}","[""state_change(open,cabinet)"",""fetch(bowl)"",""relocate(bowl,kitchen work area)"",""fetch(apple)"",""open_container_then_retrieve(cabinet,apple)"",""relocate(apple,bowl)"",""multi_object_sequence(2)""]","[""state_change"",""fetch"",""relocate"",""fetch"",""open_container_then_retrieve"",""relocate"",""multi_object_sequence""]",True,True,1.0
instance,1307,1,3180,"{""object_count"":2,""ordered_units"":[""fetch(spoon)"",""fetch(apple)"",""state_change(open,cabinet)"",""relocate(spoon,cabinet)"",""relocate(apple,cabinet)"",""multi_object_sequence(2)""],""plan_length"":7}","[""fetch(spoon)"",""fetch(apple)"",""state_change(open,cabinet)"",""relocate(spoon,cabinet)"",""relocate(apple,cabinet)"",""multi_object_sequence(2)""]","[""fetch"",""fetch"",""state_change"",""relocate"",""relocate"",""multi_object_sequence""]",True,True,1.0
instance,1313,1,571,"{""object_count"":2,""ordered_units"":[""fetch(plate)"",""state_change(open,cabinet)"",""relocate(plate,kitchen work area)"",""fetch(apple)"",""open_container_then_retrieve(cabinet,apple)"",""relocate(apple,plate)"",""multi_object_sequence(2)""],""plan_length"":8}","[""fetch(plate)"",""state_change(open,cabinet)"",""relocate(plate,kitchen work area)"",""fetch(apple)"",""open_container_then_retrieve(cabinet,apple)"",""relocate(apple,plate)"",""multi_object_sequence(2)""]","[""fetch"",""state_change"",""relocate"",""fetch"",""open_container_then_retrieve"",""relocate"",""multi_object_sequence""]",True,True,1.0
instance,1345,1,2240,"{""object_count"":2,""ordered_units"":[""state_change(open,cabinet)"",""fetch(plate)"",""relocate(plate,kitchen island area)"",""fetch(tomato)"",""open_container_then_retrieve(cabinet,tomato)"",""relocate(tomato,plate)"",""multi_object_sequence(2)""],""plan_length"":8}","[""state_change(open,cabinet)"",""fetch(plate)"",""relocate(plate,kitchen island area)"",""fetch(tomato)"",""open_container_then_retrieve(cabinet,tomato)"",""relocate(tomato,plate)"",""multi_object_sequence(2)""]","[""state_change"",""fetch"",""relocate"",""fetch"",""open_container_then_retrieve"",""relocate"",""multi_object_sequence""]",True,False,0.0
instance,1346,1,161,"{""object_count"":1,""ordered_units"":[""fetch(peach)"",""relocate(peach,table)""],""plan_length"":5}","[""fetch(peach)"",""relocate(peach,table)""]","[""fetch"",""relocate""]",True,True,1.0
instance,1353,1,952,"{""object_count"":2,""ordered_units"":[""state_change(open,cabinet)"",""fetch(banana)"",""relocate(banana,table)"",""fetch(peach)"",""open_container_then_retrieve(cabinet,peach)"",""relocate(peach,table)"",""multi_object_sequence(2)""],""plan_length"":8}","[""state_change(open,cabinet)"",""fetch(banana)"",""relocate(banana,table)"",""fetch(peach)"",""open_container_then_retrieve(cabinet,peach)"",""relocate(peach,table)"",""multi_object_sequence(2)""]","[""state_change"",""fetch"",""relocate"",""fetch"",""open_container_then_retrieve"",""relocate"",""multi_object_sequence""]",True,True,1.0
instance,1353,2,1871,"{""object_count"":2,""ordered_units"":[""fetch(banana)"",""state_change(open,cabinet)"",""relocate(banana,table)"",""fetch(peach)"",""open_container_then_retrieve(cabinet,peach)"",""relocate(peach,table)"",""multi_object_sequence(2)""],""plan_length"":8}","[""fetch(banana)"",""state_change(open,cabinet)"",""relocate(banana,table)"",""fetch(peach)"",""open_container_then_retrieve(cabinet,peach)"",""relocate(peach,table)"",""multi_object_sequence(2)""]","[""fetch"",""state_change"",""relocate"",""fetch"",""open_container_then_retrieve"",""relocate"",""multi_object_sequence""]",True,False,0.0
instance,1359,1,649,"{""object_count"":2,""ordered_units"":[""fetch(plate)"",""state_change(open,cabinet)"",""relocate(plate,kitchen work area)"",""fetch(tomato)"",""open_container_then_retrieve(cabinet,tomato)"",""relocate(tomato,plate)"",""multi_object_sequence(2)""],""plan_length"":8}","[""fetch(plate)"",""state_change(open,cabinet)"",""relocate(plate,kitchen work area)"",""fetch(tomato)"",""open_container_then_retrieve(cabinet,tomato)"",""relocate(tomato,plate)"",""multi_object_sequence(2)""]","[""fetch"",""state_change"",""relocate"",""fetch"",""open_container_then_retrieve"",""relocate"",""multi_object_sequence""]",True,True,1.0
instance,1371,1,399,"{""object_count"":0,""ordered_units"":[""state_change(interact,fridge)""],""plan_length"":2}","[""state_change(interact,fridge)""]","[""state_change""]",False,True,1.0
instance,1408,1,655,"{""object_count"":1,""ordered_units"":[""fetch(peach)"",""relocate(peach,table)""],""plan_length"":5}","[""fetch(peach)"",""relocate(peach,table)""]","[""fetch"",""relocate""]",True,True,1.0
instance,1408,2,1438,"{""object_count"":1,""ordered_units"":[""fetch(peach)"",""relocate(peach,table)""],""plan_length"":5}","[""fetch(peach)"",""relocate(peach,table)""]","[""fetch"",""relocate""]",True,True,1.0
instance,1408,3,1449,"{""object_count"":1,""ordered_units"":[""fetch(peach)"",""relocate(peach,table)""],""plan_length"":5}","[""fetch(peach)"",""relocate(peach,table)""]","[""fetch"",""relocate""]",True,True,1.0
instance,1429,1,362,"{""object_count"":2,""ordered_units"":[""fetch(banana)"",""state_change(open,cabinet)"",""relocate(banana,table)"",""fetch(pear)"",""open_container_then_retrieve(cabinet,pear)"",""relocate(pear,table)"",""multi_object_sequence(2)""],""plan_length"":8}","[""fetch(banana)"",""state_change(open,cabinet)"",""relocate(banana,table)"",""fetch(pear)"",""open_container_then_retrieve(cabinet,pear)"",""relocate(pear,table)"",""multi_object_sequence(2)""]","[""fetch"",""state_change"",""relocate"",""fetch"",""open_container_then_retrieve"",""relocate"",""multi_object_sequence""]",True,False,0.0
instance,1429,2,1897,"{""object_count"":2,""ordered_units"":[""state_change(open,cabinet)"",""fetch(banana)"",""relocate(banana,table)"",""fetch(pear)"",""open_container_then_retrieve(cabinet,pear)"",""relocate(pear,table)"",""multi_object_sequence(2)""],""plan_length"":8}","[""state_change(open,cabinet)"",""fetch(banana)"",""relocate(banana,table)"",""fetch(pear)"",""open_container_then_retrieve(cabinet,pear)"",""relocate(pear,table)"",""multi_object_sequence(2)""]","[""state_change"",""fetch"",""relocate"",""fetch"",""open_container_then_retrieve"",""relocate"",""multi_object_sequence""]",True,True,1.0
instance,1444,1,3319,"{""object_count"":2,""ordered_units"":[""fetch(pumpkin)"",""fetch(knife)"",""state_change(open,cabinet)"",""relocate(pumpkin,cabinet)"",""relocate(knife,cabinet)"",""multi_object_sequence(2)""],""plan_length"":7}","[""fetch(pumpkin)"",""fetch(knife)"",""state_change(open,cabinet)"",""relocate(pumpkin,cabinet)"",""relocate(knife,cabinet)"",""multi_object_sequence(2)""]","[""fetch"",""fetch"",""state_change"",""relocate"",""relocate"",""multi_object_sequence""]",True,True,0.42857142857142855
instance,1445,1,233,"{""object_count"":1,""ordered_units"":[""fetch(pear)"",""relocate(pear,table)""],""plan_length"":5}","[""fetch(pear)"",""relocate(pear,table)""]","[""fetch"",""relocate""]",True,True,1.0
instance,1445,2,449,"{""object_count"":1,""ordered_units"":[""fetch(pear)"",""relocate(pear,table)""],""plan_length"":5}","[""fetch(pear)"",""relocate(pear,table)""]","[""fetch"",""relocate""]",True,True,1.0
instance,1447,1,4242,"{""object_count"":2,""ordered_units"":[""fetch(knife)"",""fetch(peach)"",""state_change(open,cabinet)"",""relocate(knife,cabinet)"",""relocate(peach,cabinet)"",""multi_object_sequence(2)""],""plan_length"":7}","[""fetch(knife)"",""fetch(peach)"",""state_change(open,cabinet)"",""relocate(knife,cabinet)"",""relocate(peach,cabinet)"",""multi_object_sequence(2)""]","[""fetch"",""fetch"",""state_change"",""relocate"",""relocate"",""multi_object_sequence""]",True,False,0.0
instance,1460,1,277,"{""object_count"":2,""ordered_units"":[""state_change(open,cabinet)"",""fetch(tomato)"",""relocate(tomato,table)"",""fetch(peach)"",""open_container_then_retrieve(cabinet,peach)"",""relocate(peach,table)"",""multi_object_sequence(2)""],""plan_length"":8}","[""state_change(open,cabinet)"",""fetch(tomato)"",""relocate(tomato,table)"",""fetch(peach)"",""open_container_then_retrieve(cabinet,peach)"",""relocate(peach,table)"",""multi_object_sequence(2)""]","[""state_change"",""fetch"",""relocate"",""fetch"",""open_container_then_retrieve"",""relocate"",""multi_object_sequence""]",True,True,1.0
instance,1460,2,656,"{""object_count"":2,""ordered_units"":[""state_change(open,cabinet)"",""fetch(tomato)"",""relocate(tomato,table)"",""fetch(peach)"",""open_container_then_retrieve(cabinet,peach)"",""relocate(peach,table)"",""multi_object_sequence(2)""],""plan_length"":8}","[""state_change(open,cabinet)"",""fetch(tomato)"",""relocate(tomato,table)"",""fetch(peach)"",""open_container_then_retrieve(cabinet,peach)"",""relocate(peach,table)"",""multi_object_sequence(2)""]","[""state_change"",""fetch"",""relocate"",""fetch"",""open_container_then_retrieve"",""relocate"",""multi_object_sequence""]",True,True,1.0
instance,1467,1,2021,"{""object_count"":1,""ordered_units"":[""state_change(push,cardboardbox,R3)"",""fetch(pumpkin)"",""relocate(pumpkin,cardboardbox)"",""state_change(push,cardboardbox,R2)"",""fetch(pumpkin)"",""relocate(pumpkin,sink)""],""plan_length"":7}","[""state_change(push,cardboardbox,R3)"",""fetch(pumpkin)"",""relocate(pumpkin,cardboardbox)"",""state_change(push,cardboardbox,R2)"",""fetch(pumpkin)"",""relocate(pumpkin,sink)""]","[""state_change"",""fetch"",""relocate"",""state_change"",""fetch"",""relocate""]",True,True,1.0
instance,1482,1,1111,"{""object_count"":1,""ordered_units"":[""fetch(tomato)"",""relocate(tomato,table)""],""plan_length"":5}","[""fetch(tomato)"",""relocate(tomato,table)""]","[""fetch"",""relocate""]",True,True,1.0
instance,1482,2,1927,"{""object_count"":1,""ordered_units"":[""fetch(tomato)"",""relocate(tomato,table)""],""plan_length"":5}","[""fetch(tomato)"",""relocate(tomato,table)""]","[""fetch"",""relocate""]",True,True,1.0
instance,1482,3,3865,"{""object_count"":1,""ordered_units"":[""fetch(tomato)"",""relocate(tomato,table)""],""plan_length"":5}","[""fetch(tomato)"",""relocate(tomato,table)""]","[""fetch"",""relocate""]",True,True,1.0
instance,1509,1,649,"{""object_count"":2,""ordered_units"":[""fetch(plate)"",""state_change(open,cabinet)"",""relocate(plate,kitchen work area)"",""fetch(tomato)"",""open_container_then_retrieve(cabinet,tomato)"",""relocate(tomato,plate)"",""multi_object_sequence(2)""],""plan_length"":8}","[""fetch(plate)"",""state_change(open,cabinet)"",""relocate(plate,kitchen work area)"",""fetch(tomato)"",""open_container_then_retrieve(cabinet,tomato)"",""relocate(tomato,plate)"",""multi_object_sequence(2)""]","[""fetch"",""state_change"",""relocate"",""fetch"",""open_container_then_retrieve"",""relocate"",""multi_object_sequence""]",True,True,1.0
instance,1531,1,1222,"{""object_count"":1,""ordered_units"":[""fetch(banana)"",""relocate(banana,table)""],""plan_length"":5}","[""fetch(banana)"",""relocate(banana,table)""]","[""fetch"",""relocate""]",True,True,1.0
instance,1531,2,1231,"{""object_count"":1,""ordered_units"":[""fetch(banana)"",""relocate(banana,table)""],""plan_length"":5}","[""fetch(banana)"",""relocate(banana,table)""]","[""fetch"",""relocate""]",True,True,1.0
instance,1544,1,158,"{""object_count"":1,""ordered_units"":[""state_change(open,cabinet)"",""fetch(banana)"",""open_container_then_retrieve(cabinet,banana)"",""relocate(banana,plate)""],""plan_length"":8}","[""state_change(open,cabinet)"",""fetch(banana)"",""open_container_then_retrieve(cabinet,banana)"",""relocate(banana,plate)""]","[""state_change"",""fetch"",""open_container_then_retrieve"",""relocate""]",True,True,1.0
instance,1554,1,3056,"{""object_count"":2,""ordered_units"":[""fetch(peach)"",""fetch(spoon)"",""state_change(open,cabinet)"",""relocate(peach,cabinet)"",""relocate(spoon,cabinet)"",""multi_object_sequence(2)""],""plan_length"":7}","[""fetch(peach)"",""fetch(spoon)"",""state_change(open,cabinet)"",""relocate(peach,cabinet)"",""relocate(spoon,cabinet)"",""multi_object_sequence(2)""]","[""fetch"",""fetch"",""state_change"",""relocate"",""relocate"",""multi_object_sequence""]",True,True,1.0
instance,1558,1,180,"{""object_count"":1,""ordered_units"":[""state_change(open,cabinet)"",""fetch(banana)"",""open_container_then_retrieve(cabinet,banana)"",""relocate(banana,plate)""],""plan_length"":8}","[""state_change(open,cabinet)"",""fetch(banana)"",""open_container_then_retrieve(cabinet,banana)"",""relocate(banana,plate)""]","[""state_change"",""fetch"",""open_container_then_retrieve"",""relocate""]",True,True,1.0
instance,1569,1,5216,"{""object_count"":1,""ordered_units"":[""fetch(apple)"",""state_change(push,cardboardbox,R2)"",""relocate(apple,cardboardbox)"",""state_change(push,cardboardbox,R1)"",""fetch(apple)"",""relocate(apple,sink)""],""plan_length"":7}","[""fetch(apple)"",""state_change(push,cardboardbox,R2)"",""relocate(apple,cardboardbox)"",""state_change(push,cardboardbox,R1)"",""fetch(apple)"",""relocate(apple,sink)""]","[""fetch"",""state_change"",""relocate"",""state_change"",""fetch"",""relocate""]",True,True,1.0
instance,1578,1,149,"{""object_count"":2,""ordered_units"":[""fetch(knife)"",""fetch(apple)"",""state_change(open,cabinet)"",""relocate(knife,cabinet)"",""relocate(apple,cabinet)"",""multi_object_sequence(2)""],""plan_length"":7}","[""fetch(knife)"",""fetch(apple)"",""state_change(open,cabinet)"",""relocate(knife,cabinet)"",""relocate(apple,cabinet)"",""multi_object_sequence(2)""]","[""fetch"",""fetch"",""state_change"",""relocate"",""relocate"",""multi_object_sequence""]",True,False,0.25
instance,1582,1,158,"{""object_count"":1,""ordered_units"":[""state_change(open,cabinet)"",""fetch(banana)"",""open_container_then_retrieve(cabinet,banana)"",""relocate(banana,plate)""],""plan_length"":8}","[""state_change(open,cabinet)"",""fetch(banana)"",""open_container_then_retrieve(cabinet,banana)"",""relocate(banana,plate)""]","[""state_change"",""fetch"",""open_container_then_retrieve"",""relocate""]",True,True,1.0
instance,1595,1,751,"{""object_count"":1,""ordered_units"":[""state_change(open,cabinet)"",""fetch(apple)"",""open_container_then_retrieve(cabinet,apple)"",""relocate(apple,plate)""],""plan_length"":8}","[""state_change(open,cabinet)"",""fetch(apple)"",""open_container_then_retrieve(cabinet,apple)"",""relocate(apple,plate)""]","[""state_change"",""fetch"",""open_container_then_retrieve"",""relocate""]",True,True,1.0
instance,1606,1,1323,"{""object_count"":1,""ordered_units"":[""state_change(open,cabinet)"",""fetch(banana)"",""open_container_then_retrieve(cabinet,banana)"",""relocate(banana,bowl)""],""plan_length"":8}","[""state_change(open,cabinet)"",""fetch(banana)"",""open_container_then_retrieve(cabinet,banana)"",""relocate(banana,bowl)""]","[""state_change"",""fetch"",""open_container_then_retrieve"",""relocate""]",True,True,1.0
instance,1615,1,1366,"{""object_count"":1,""ordered_units"":[""fetch(apple)"",""relocate(apple,table)""],""plan_length"":5}","[""fetch(apple)"",""relocate(apple,table)""]","[""fetch"",""relocate""]",True,True,1.0
instance,1615,2,2429,"{""object_count"":1,""ordered_units"":[""fetch(apple)"",""relocate(apple,table)""],""plan_length"":5}","[""fetch(apple)"",""relocate(apple,table)""]","[""fetch"",""relocate""]",True,True,1.0
instance,1615,3,3587,"{""object_count"":1,""ordered_units"":[""fetch(apple)"",""relocate(apple,table)""],""plan_length"":5}","[""fetch(apple)"",""relocate(apple,table)""]","[""fetch"",""relocate""]",True,True,1.0
instance,1627,1,1173,"{""object_count"":2,""ordered_units"":[""state_change(open,cabinet)"",""fetch(banana)"",""relocate(banana,table)"",""fetch(apple)"",""open_container_then_retrieve(cabinet,apple)"",""relocate(apple,table)"",""multi_object_sequence(2)""],""plan_length"":8}","[""state_change(open,cabinet)"",""fetch(banana)"",""relocate(banana,table)"",""fetch(apple)"",""open_container_then_retrieve(cabinet,apple)"",""relocate(apple,table)"",""multi_object_sequence(2)""]","[""state_change"",""fetch"",""relocate"",""fetch"",""open_container_then_retrieve"",""relocate"",""multi_object_sequence""]",True,False,0.0
instance,1634,1,107,"{""object_count"":1,""ordered_units"":[""fetch(meat)"",""state_change(push,cardboardbox,R1)"",""relocate(meat,cardboardbox)"",""state_change(push,cardboardbox,R2)"",""fetch(meat)"",""relocate(meat,sink)""],""plan_length"":7}","[""fetch(meat)"",""state_change(push,cardboardbox,R1)"",""relocate(meat,cardboardbox)"",""state_change(push,cardboardbox,R2)"",""fetch(meat)"",""relocate(meat,sink)""]","[""fetch"",""state_change"",""relocate"",""state_change"",""fetch"",""relocate""]",True,False,0.0
instance,1677,1,650,"{""object_count"":2,""ordered_units"":[""fetch(bread)"",""fetch(spoon)"",""state_change(open,cabinet)"",""relocate(bread,cabinet)"",""relocate(spoon,cabinet)"",""multi_object_sequence(2)""],""plan_length"":7}","[""fetch(bread)"",""fetch(spoon)"",""state_change(open,cabinet)"",""relocate(bread,cabinet)"",""relocate(spoon,cabinet)"",""multi_object_sequence(2)""]","[""fetch"",""fetch"",""state_change"",""relocate"",""relocate"",""multi_object_sequence""]",True,True,1.0
instance,1685,1,3063,"{""object_count"":2,""ordered_units"":[""fetch(plate)"",""state_change(open,cabinet)"",""relocate(plate,kitchen island area)"",""fetch(bread)"",""open_container_then_retrieve(cabinet,bread)"",""relocate(bread,plate)"",""multi_object_sequence(2)""],""plan_length"":8}","[""fetch(plate)"",""state_change(open,cabinet)"",""relocate(plate,kitchen island area)"",""fetch(bread)"",""open_container_then_retrieve(cabinet,bread)"",""relocate(bread,plate)"",""multi_object_sequence(2)""]","[""fetch"",""state_change"",""relocate"",""fetch"",""open_container_then_retrieve"",""relocate"",""multi_object_sequence""]",True,True,1.0
instance,1718,1,2069,"{""object_count"":1,""ordered_units"":[""fetch(tomato)"",""relocate(tomato,table)""],""plan_length"":5}","[""fetch(tomato)"",""relocate(tomato,table)""]","[""fetch"",""relocate""]",True,True,1.0
instance,1718,2,2609,"{""object_count"":1,""ordered_units"":[""fetch(tomato)"",""relocate(tomato,table)""],""plan_length"":5}","[""fetch(tomato)"",""relocate(tomato,table)""]","[""fetch"",""relocate""]",True,True,1.0
instance,1729,1,482,"{""object_count"":2,""ordered_units"":[""state_change(open,cabinet)"",""fetch(banana)"",""relocate(banana,table)"",""fetch(peach)"",""open_container_then_retrieve(cabinet,peach)"",""relocate(peach,table)"",""multi_object_sequence(2)""],""plan_length"":8}","[""state_change(open,cabinet)"",""fetch(banana)"",""relocate(banana,table)"",""fetch(peach)"",""open_container_then_retrieve(cabinet,peach)"",""relocate(peach,table)"",""multi_object_sequence(2)""]","[""state_change"",""fetch"",""relocate"",""fetch"",""open_container_then_retrieve"",""relocate"",""multi_object_sequence""]",True,False,0.0
instance,1736,1,2326,"{""object_count"":2,""ordered_units"":[""fetch(bread)"",""fetch(spoon)"",""state_change(open,cabinet)"",""relocate(bread,cabinet)"",""relocate(spoon,cabinet)"",""multi_object_sequence(2)""],""plan_length"":7}","[""fetch(bread)"",""fetch(spoon)"",""state_change(open,cabinet)"",""relocate(bread,cabinet)"",""relocate(spoon,cabinet)"",""multi_object_sequence(2)""]","[""fetch"",""fetch"",""state_change"",""relocate"",""relocate"",""multi_object_sequence""]",True,True,0.42857142857142855
instance,1751,1,5267,"{""object_count"":2,""ordered_units"":[""fetch(apple)"",""fetch(fork)"",""state_change(open,cabinet)"",""relocate(apple,cabinet)"",""relocate(fork,cabinet)"",""multi_object_sequence(2)""],""plan_length"":7}","[""fetch(apple)"",""fetch(fork)"",""state_change(open,cabinet)"",""relocate(apple,cabinet)"",""relocate(fork,cabinet)"",""multi_object_sequence(2)""]","[""fetch"",""fetch"",""state_change"",""relocate"",""relocate"",""multi_object_sequence""]",True,False,0.0
instance,1753,1,4419,"{""object_count"":2,""ordered_units"":[""fetch(apple)"",""fetch(scissors)"",""state_change(open,cabinet)"",""relocate(apple,cabinet)"",""relocate(scissors,cabinet)"",""multi_object_sequence(2)""],""plan_length"":7}","[""fetch(apple)"",""fetch(scissors)"",""state_change(open,cabinet)"",""relocate(apple,cabinet)"",""relocate(scissors,cabinet)"",""multi_object_sequence(2)""]","[""fetch"",""fetch"",""state_change"",""relocate"",""relocate"",""multi_object_sequence""]",True,False,0.0
instance,1797,1,2097,"{""object_count"":2,""ordered_units"":[""fetch(bowl)"",""state_change(open,cabinet)"",""relocate(bowl,kitchen work area)"",""fetch(banana)"",""open_container_then_retrieve(cabinet,banana)"",""relocate(banana,bowl)"",""multi_object_sequence(2)""],""plan_length"":8}","[""fetch(bowl)"",""state_change(open,cabinet)"",""relocate(bowl,kitchen work area)"",""fetch(banana)"",""open_container_then_retrieve(cabinet,banana)"",""relocate(banana,bowl)"",""multi_object_sequence(2)""]","[""fetch"",""state_change"",""relocate"",""fetch"",""open_container_then_retrieve"",""relocate"",""multi_object_sequence""]",True,True,1.0
productivity,4,1,1407,"{""object_count"":1,""ordered_units"":[""fetch(bread)"",""relocate(bread,plate)""],""plan_length"":5}","[""fetch(bread)"",""relocate(bread,plate)""]","[""fetch"",""relocate""]",True,True,1.0
productivity,4,2,1451,"{""object_count"":1,""ordered_units"":[""fetch(bread)"",""relocate(bread,plate)""],""plan_length"":5}","[""fetch(bread)"",""relocate(bread,plate)""]","[""fetch"",""relocate""]",True,True,1.0
productivity,6,1,812,"{""object_count"":1,""ordered_units"":[""fetch(bread)"",""relocate(bread,kitchen work area)""],""plan_length"":5}","[""fetch(bread)"",""relocate(bread,kitchen work area)""]","[""fetch"",""relocate""]",True,True,1.0
productivity,16,1,943,"{""object_count"":1,""ordered_units"":[""fetch(tomato)"",""relocate(tomato,table)""],""plan_length"":5}","[""fetch(tomato)"",""relocate(tomato,table)""]","[""fetch"",""relocate""]",True,True,1.0
productivity,19,1,81,"{""object_count"":1,""ordered_units"":[""fetch(knife)"",""fetch(pear)"",""relocate(pear,wooden cutting board)"",""state_change(interact,knife)""],""plan_length"":6}","[""fetch(knife)"",""fetch(pear)"",""relocate(pear,wooden cutting board)"",""state_change(interact,knife)""]","[""fetch"",""fetch"",""relocate"",""state_change""]",True,False,0.0
productivity,25,1,153,"{""object_count"":1,""ordered_units"":[""fetch(banana)"",""relocate(banana,bowl)""],""plan_length"":5}","[""fetch(banana)"",""relocate(banana,bowl)""]","[""fetch"",""relocate""]",True,True,1.0
productivity,36,1,3321,"{""object_count"":1,""ordered_units"":[""fetch(kettle)"",""relocate(kettle,kitchen work area)""],""plan_length"":5}","[""fetch(kettle)"",""relocate(kettle,kitchen work area)""]","[""fetch"",""relocate""]",True,True,1.0
productivity,42,1,3563,"{""object_count"":1,""ordered_units"":[""fetch(meat)"",""state_change(push,cardboardbox,R1)"",""relocate(meat,cardboardbox)"",""state_change(push,cardboardbox,R2)"",""fetch(meat)"",""relocate(meat,sink)""],""plan_length"":7}","[""fetch(meat)"",""state_change(push,cardboardbox,R1)"",""relocate(meat,cardboardbox)"",""state_change(push,cardboardbox,R2)"",""fetch(meat)"",""relocate(meat,sink)""]","[""fetch"",""state_change"",""relocate"",""state_change"",""fetch"",""relocate""]",True,False,0.0
productivity,42,2,4009,"{""object_count"":1,""ordered_units"":[""fetch(meat)"",""state_change(push,cardboardbox,R2)"",""relocate(meat,cardboardbox)"",""state_change(push,cardboardbox,R1)"",""fetch(meat)"",""relocate(meat,sink)""],""plan_length"":7}","[""fetch(meat)"",""state_change(push,cardboardbox,R2)"",""relocate(meat,cardboardbox)"",""state_change(push,cardboardbox,R1)"",""fetch(meat)"",""relocate(meat,sink)""]","[""fetch"",""state_change"",""relocate"",""state_change"",""fetch"",""relocate""]",True,False,0.0
productivity,42,3,4059,"{""object_count"":1,""ordered_units"":[""state_change(push,cardboardbox,R3)"",""fetch(meat)"",""relocate(meat,cardboardbox)"",""state_change(push,cardboardbox,R1)"",""fetch(meat)"",""relocate(meat,sink)""],""plan_length"":7}","[""state_change(push,cardboardbox,R3)"",""fetch(meat)"",""relocate(meat,cardboardbox)"",""state_change(push,cardboardbox,R1)"",""fetch(meat)"",""relocate(meat,sink)""]","[""state_change"",""fetch"",""relocate"",""state_change"",""fetch"",""relocate""]",True,False,0.0
productivity,64,1,1453,"{""object_count"":1,""ordered_units"":[""fetch(banana)"",""relocate(banana,plate)""],""plan_length"":5}","[""fetch(banana)"",""relocate(banana,plate)""]","[""fetch"",""relocate""]",True,True,1.0
productivity,66,1,3660,"{""object_count"":1,""ordered_units"":[""fetch(pear)"",""relocate(pear,table)""],""plan_length"":5}","[""fetch(pear)"",""relocate(pear,table)""]","[""fetch"",""relocate""]",True,True,1.0
productivity,69,1,84,"{""object_count"":1,""ordered_units"":[""fetch(apple)"",""relocate(apple,plate)""],""plan_length"":5}","[""fetch(apple)"",""relocate(apple,plate)""]","[""fetch"",""relocate""]",True,True,1.0
productivity,74,1,635,"{""object_count"":1,""ordered_units"":[""fetch(bread)"",""relocate(bread,plate)""],""plan_length"":5}","[""fetch(bread)"",""relocate(bread,plate)""]","[""fetch"",""relocate""]",True,True,1.0
productivity,74,2,1199,"{""object_count"":1,""ordered_units"":[""fetch(bread)"",""relocate(bread,plate)""],""plan_length"":5}","[""fetch(bread)"",""relocate(bread,plate)""]","[""fetch"",""relocate""]",True,True,1.0
productivity,74,3,2547,"{""object_count"":1,""ordered_units"":[""fetch(bread)"",""relocate(bread,plate)""],""plan_length"":5}","[""fetch(bread)"",""relocate(bread,plate)""]","[""fetch"",""relocate""]",True,True,1.0
productivity,88,1,1161,"{""object_count"":1,""ordered_units"":[""fetch(banana)"",""relocate(banana,table)""],""plan_length"":5}","[""fetch(banana)"",""relocate(banana,table)""]","[""fetch"",""relocate""]",True,True,1.0
productivity,102,1,299,"{""object_count"":1,""ordered_units"":[""fetch(pear)"",""fetch(knife)"",""relocate(pear,wooden cutting board)"",""state_change(interact,knife)""],""plan_length"":6}","[""fetch(pear)"",""fetch(knife)"",""relocate(pear,wooden cutting board)"",""state_change(interact,knife)""]","[""fetch"",""fetch"",""relocate"",""state_change""]",True,True,1.0
productivity,106,1,352,"{""object_count"":1,""ordered_units"":[""fetch(apple)"",""relocate(apple,table)""],""plan_length"":5}","[""fetch(apple)"",""relocate(apple,table)""]","[""fetch"",""relocate""]",True,True,1.0
productivity,122,1,1558,"{""object_count"":1,""ordered_units"":[""state_change(push,cardboardbox,R2)"",""fetch(fork)"",""relocate(fork,cardboardbox)"",""state_change(push,cardboardbox,R3)"",""fetch(fork)"",""relocate(fork,sink)""],""plan_length"":7}","[""state_change(push,cardboardbox,R2)"",""fetch(fork)"",""relocate(fork,cardboardbox)"",""state_change(push,cardboardbox,R3)"",""fetch(fork)"",""relocate(fork,sink)""]","[""state_change"",""fetch"",""relocate"",""state_change"",""fetch"",""relocate""]",True,True,1.0
productivity,122,2,2381,"{""object_count"":1,""ordered_units"":[""state_change(push,cardboardbox,R3)"",""fetch(fork)"",""relocate(fork,cardboardbox)"",""state_change(push,cardboardbox,R2)"",""fetch(fork)"",""relocate(fork,sink)""],""plan_length"":7}","[""state_change(push,cardboardbox,R3)"",""fetch(fork)"",""relocate(fork,cardboardbox)"",""state_change(push,cardboardbox,R2)"",""fetch(fork)"",""relocate(fork,sink)""]","[""state_change"",""fetch"",""relocate"",""state_change"",""fetch"",""relocate""]",True,False,0.0
productivity,139,1,202,"{""object_count"":1,""ordered_units"":[""fetch(banana)"",""relocate(banana,table)""],""plan_length"":5}","[""fetch(banana)"",""relocate(banana,table)""]","[""fetch"",""relocate""]",True,True,1.0
productivity,143,1,315,"{""object_count"":1,""ordered_units"":[""fetch(peach)"",""relocate(peach,table)""],""plan_length"":5}","[""fetch(peach)"",""relocate(peach,table)""]","[""fetch"",""relocate""]",True,True,1.0
productivity,143,2,1614,"{""object_count"":1,""ordered_units"":[""fetch(peach)"",""relocate(peach,table)""],""plan_length"":5}","[""fetch(peach)"",""relocate(peach,table)""]","[""fetch"",""relocate""]",True,True,1.0
productivity,150,1,957,"{""object_count"":1,""ordered_units"":[""fetch(banana)"",""relocate(banana,plate)""],""plan_length"":5}","[""fetch(banana)"",""relocate(banana,plate)""]","[""fetch"",""relocate""]",True,True,1.0
productivity,150,2,1338,"{""object_count"":1,""ordered_units"":[""fetch(banana)"",""relocate(banana,plate)""],""plan_length"":5}","[""fetch(banana)"",""relocate(banana,plate)""]","[""fetch"",""relocate""]",True,True,1.0
productivity,155,1,52,"{""object_count"":1,""ordered_units"":[""fetch(knife)"",""fetch(apple)"",""relocate(apple,wooden cutting board)"",""state_change(interact,knife)""],""plan_length"":6}","[""fetch(knife)"",""fetch(apple)"",""relocate(apple,wooden cutting board)"",""state_change(interact,knife)""]","[""fetch"",""fetch"",""relocate"",""state_change""]",True,False,0.0
productivity,171,1,105,"{""object_count"":1,""ordered_units"":[""fetch(pear)"",""fetch(knife)"",""relocate(pear,wooden cutting board)"",""state_change(interact,knife)""],""plan_length"":6}","[""fetch(pear)"",""fetch(knife)"",""relocate(pear,wooden cutting board)"",""state_change(interact,knife)""]","[""fetch"",""fetch"",""relocate"",""state_change""]",True,False,0.0
productivity,174,1,299,"{""object_count"":1,""ordered_units"":[""fetch(pear)"",""fetch(knife)"",""relocate(pear,wooden cutting board)"",""state_change(interact,knife)""],""plan_length"":6}","[""fetch(pear)"",""fetch(knife)"",""relocate(pear,wooden cutting board)"",""state_change(interact,knife)""]","[""fetch"",""fetch"",""relocate"",""state_change""]",True,False,0.0
productivity,190,1,222,"{""object_count"":1,""ordered_units"":[""fetch(pear)"",""fetch(knife)"",""relocate(pear,wooden cutting board)"",""state_change(interact,knife)""],""plan_length"":6}","[""fetch(pear)"",""fetch(knife)"",""relocate(pear,wooden cutting board)"",""state_change(interact,knife)""]","[""fetch"",""fetch"",""relocate"",""state_change""]",True,False,0.0
productivity,204,1,137,"{""object_count"":1,""ordered_units"":[""fetch(apple)"",""fetch(knife)"",""relocate(apple,wooden cutting board)"",""state_change(interact,knife)""],""plan_length"":6}","[""fetch(apple)"",""fetch(knife)"",""relocate(apple,wooden cutting board)"",""state_change(interact,knife)""]","[""fetch"",""fetch"",""relocate"",""state_change""]",True,False,0.0
productivity,228,1,691,"{""object_count"":1,""ordered_units"":[""fetch(pumpkin)"",""state_change(push,cardboardbox,R1)"",""relocate(pumpkin,cardboardbox)"",""state_change(push,cardboardbox,R3)"",""fetch(pumpkin)"",""relocate(pumpkin,sink)""],""plan_length"":7}","[""fetch(pumpkin)"",""state_change(push,cardboardbox,R1)"",""relocate(pumpkin,cardboardbox)"",""state_change(push,cardboardbox,R3)"",""fetch(pumpkin)"",""relocate(pumpkin,sink)""]","[""fetch"",""state_change"",""relocate"",""state_change"",""fetch"",""relocate""]",True,False,0.0
productivity,229,1,518,"{""object_count"":1,""ordered_units"":[""fetch(peach)"",""fetch(knife)"",""relocate(peach,wooden cutting board)"",""state_change(interact,knife)""],""plan_length"":6}","[""fetch(peach)"",""fetch(knife)"",""relocate(peach,wooden cutting board)"",""state_change(interact,knife)""]","[""fetch"",""fetch"",""relocate"",""state_change""]",True,False,0.0
productivity,233,1,299,"{""object_count"":1,""ordered_units"":[""fetch(pear)"",""fetch(knife)"",""relocate(pear,wooden cutting board)"",""state_change(interact,knife)""],""plan_length"":6}","[""fetch(pear)"",""fetch(knife)"",""relocate(pear,wooden cutting board)"",""state_change(interact,knife)""]","[""fetch"",""fetch"",""relocate"",""state_change""]",True,False,0.0
productivity,240,1,299,"{""object_count"":1,""ordered_units"":[""fetch(pear)"",""fetch(knife)"",""relocate(pear,wooden cutting board)"",""state_change(interact,knife)""],""plan_length"":6}","[""fetch(pear)"",""fetch(knife)"",""relocate(pear,wooden cutting board)"",""state_change(interact,knife)""]","[""fetch"",""fetch"",""relocate"",""state_change""]",True,True,1.0
productivity,258,1,6776,"{""object_count"":1,""ordered_units"":[""state_change(push,cardboardbox,R3)"",""fetch(spoon)"",""relocate(spoon,cardboardbox)"",""state_change(push,cardboardbox,R2)"",""fetch(spoon)"",""relocate(spoon,sink)""],""plan_length"":7}","[""state_change(push,cardboardbox,R3)"",""fetch(spoon)"",""relocate(spoon,cardboardbox)"",""state_change(push,cardboardbox,R2)"",""fetch(spoon)"",""relocate(spoon,sink)""]","[""state_change"",""fetch"",""relocate"",""state_change"",""fetch"",""relocate""]",True,False,0.0
productivity,282,1,291,"{""object_count"":1,""ordered_units"":[""fetch(apple)"",""relocate(apple,bowl)""],""plan_length"":5}","[""fetch(apple)"",""relocate(apple,bowl)""]","[""fetch"",""relocate""]",True,True,1.0
productivity,284,1,6776,"{""object_count"":1,""ordered_units"":[""state_change(push,cardboardbox,R3)"",""fetch(spoon)"",""relocate(spoon,cardboardbox)"",""state_change(push,cardboardbox,R2)"",""fetch(spoon)"",""relocate(spoon,sink)""],""plan_length"":7}","[""state_change(push,cardboardbox,R3)"",""fetch(spoon)"",""relocate(spoon,cardboardbox)"",""state_change(push,cardboardbox,R2)"",""fetch(spoon)"",""relocate(spoon,sink)""]","[""state_change"",""fetch"",""relocate"",""state_change"",""fetch"",""relocate""]",True,False,0.07692307692307693
productivity,296,1,142,"{""object_count"":1,""ordered_units"":[""fetch(knife)"",""fetch(pear)"",""relocate(pear,wooden cutting board)"",""state_change(interact,knife)""],""plan_length"":6}","[""fetch(knife)"",""fetch(pear)"",""relocate(pear,wooden cutting board)"",""state_change(interact,knife)""]","[""fetch"",""fetch"",""relocate"",""state_change""]",True,False,0.0
productivity,320,1,2798,"{""object_count"":1,""ordered_units"":[""fetch(tomato)"",""relocate(tomato,table)""],""plan_length"":5}","[""fetch(tomato)"",""relocate(tomato,table)""]","[""fetch"",""relocate""]",True,True,1.0
productivity,327,1,3687,"{""object_count"":1,""ordered_units"":[""fetch(spoon)"",""relocate(spoon,rack)""],""plan_length"":5}","[""fetch(spoon)"",""relocate(spoon,rack)""]","[""fetch"",""relocate""]",True,True,1.0
productivity,338,1,160,"{""object_count"":1,""ordered_units"":[""fetch(bread)"",""relocate(bread,plate)""],""plan_length"":5}","[""fetch(bread)"",""relocate(bread,plate)""]","[""fetch"",""relocate""]",True,True,1.0
productivity,338,2,1305,"{""object_count"":1,""ordered_units"":[""fetch(bread)"",""relocate(bread,plate)""],""plan_length"":5}","[""fetch(bread)"",""relocate(bread,plate)""]","[""fetch"",""relocate""]",True,True,1.0
productivity,338,3,1436,"{""object_count"":1,""ordered_units"":[""fetch(bread)"",""relocate(bread,plate)""],""plan_length"":5}","[""fetch(bread)"",""relocate(bread,plate)""]","[""fetch"",""relocate""]",True,True,1.0
productivity,344,1,44,"{""object_count"":1,""ordered_units"":[""fetch(peach)"",""fetch(knife)"",""relocate(peach,wooden cutting board)"",""state_change(interact,knife)""],""plan_length"":6}","[""fetch(peach)"",""fetch(knife)"",""relocate(peach,wooden cutting board)"",""state_change(interact,knife)""]","[""fetch"",""fetch"",""relocate"",""state_change""]",True,True,1.0
productivity,347,1,44,"{""object_count"":1,""ordered_units"":[""fetch(peach)"",""fetch(knife)"",""relocate(peach,wooden cutting board)"",""state_change(interact,knife)""],""plan_length"":6}","[""fetch(peach)"",""fetch(knife)"",""relocate(peach,wooden cutting board)"",""state_change(interact,knife)""]","[""fetch"",""fetch"",""relocate"",""state_change""]",True,True,1.0
productivity,365,1,81,"{""object_count"":1,""ordered_units"":[""fetch(knife)"",""fetch(pear)"",""relocate(pear,wooden cutting board)"",""state_change(interact,knife)""],""plan_length"":6}","[""fetch(knife)"",""fetch(pear)"",""relocate(pear,wooden cutting board)"",""state_change(interact,knife)""]","[""fetch"",""fetch"",""relocate"",""state_change""]",True,False,0.0
productivity,366,1,1762,"{""object_count"":1,""ordered_units"":[""fetch(meat)"",""state_change(push,cardboardbox,R1)"",""relocate(meat,cardboardbox)"",""state_change(push,cardboardbox,R3)"",""fetch(meat)"",""relocate(meat,sink)""],""plan_length"":7}","[""fetch(meat)"",""state_change(push,cardboardbox,R1)"",""relocate(meat,cardboardbox)"",""state_change(push,cardboardbox,R3)"",""fetch(meat)"",""relocate(meat,sink)""]","[""fetch"",""state_change"",""relocate"",""state_change"",""fetch"",""relocate""]",True,True,1.0
productivity,366,2,3390,"{""object_count"":1,""ordered_units"":[""state_change(push,cardboardbox,R3)"",""fetch(meat)"",""relocate(meat,cardboardbox)"",""state_change(push,cardboardbox,R2)"",""fetch(meat)"",""relocate(meat,sink)""],""plan_length"":7}","[""state_change(push,cardboardbox,R3)"",""fetch(meat)"",""relocate(meat,cardboardbox)"",""state_change(push,cardboardbox,R2)"",""fetch(meat)"",""relocate(meat,sink)""]","[""state_change"",""fetch"",""relocate"",""state_change"",""fetch"",""relocate""]",True,False,0.0
productivity,369,1,1049,"{""object_count"":1,""ordered_units"":[""fetch(peach)"",""relocate(peach,table)""],""plan_length"":5}","[""fetch(peach)"",""relocate(peach,table)""]","[""fetch"",""relocate""]",True,True,1.0
productivity,375,1,652,"{""object_count"":1,""ordered_units"":[""fetch(knife)"",""fetch(apple)"",""relocate(apple,wooden cutting board)"",""state_change(interact,knife)""],""plan_length"":6}","[""fetch(knife)"",""fetch(apple)"",""relocate(apple,wooden cutting board)"",""state_change(interact,knife)""]","[""fetch"",""fetch"",""relocate"",""state_change""]",True,True,1.0
productivity,376,1,137,"{""object_count"":1,""ordered_units"":[""fetch(apple)"",""fetch(knife)"",""relocate(apple,wooden cutting board)"",""state_change(interact,knife)""],""plan_length"":6}","[""fetch(apple)"",""fetch(knife)"",""relocate(apple,wooden cutting board)"",""state_change(interact,knife)""]","[""fetch"",""fetch"",""relocate"",""state_change""]",True,False,0.0
productivity,379,1,1049,"{""object_count"":1,""ordered_units"":[""fetch(peach)"",""relocate(peach,table)""],""plan_length"":5}","[""fetch(peach)"",""relocate(peach,table)""]","[""fetch"",""relocate""]",True,True,1.0
productivity,384,1,957,"{""object_count"":1,""ordered_units"":[""fetch(banana)"",""relocate(banana,plate)""],""plan_length"":5}","[""fetch(banana)"",""relocate(banana,plate)""]","[""fetch"",""relocate""]",True,True,1.0
productivity,384,2,1338,"{""object_count"":1,""ordered_units"":[""fetch(banana)"",""relocate(banana,plate)""],""plan_length"":5}","[""fetch(banana)"",""relocate(banana,plate)""]","[""fetch"",""relocate""]",True,True,1.0
productivity,396,1,160,"{""object_count"":1,""ordered_units"":[""fetch(bread)"",""relocate(bread,plate)""],""plan_length"":5}","[""fetch(bread)"",""relocate(bread,plate)""]","[""fetch"",""relocate""]",True,True,1.0
productivity,396,2,1305,"{""object_count"":1,""ordered_units"":[""fetch(bread)"",""relocate(bread,plate)""],""plan_length"":5}","[""fetch(bread)"",""relocate(bread,plate)""]","[""fetch"",""relocate""]",True,True,1.0
productivity,396,3,1436,"{""object_count"":1,""ordered_units"":[""fetch(bread)"",""relocate(bread,plate)""],""plan_length"":5}","[""fetch(bread)"",""relocate(bread,plate)""]","[""fetch"",""relocate""]",True,True,1.0
productivity,403,1,4084,"{""object_count"":1,""ordered_units"":[""fetch(fork)"",""relocate(fork,kitchen work area)""],""plan_length"":5}","[""fetch(fork)"",""relocate(fork,kitchen work area)""]","[""fetch"",""relocate""]",True,True,1.0
productivity,421,1,169,"{""object_count"":1,""ordered_units"":[""fetch(knife)"",""fetch(apple)"",""relocate(apple,wooden cutting board)"",""state_change(interact,knife)""],""plan_length"":6}","[""fetch(knife)"",""fetch(apple)"",""relocate(apple,wooden cutting board)"",""state_change(interact,knife)""]","[""fetch"",""fetch"",""relocate"",""state_change""]",True,False,0.0
productivity,430,1,105,"{""object_count"":1,""ordered_units"":[""fetch(pear)"",""fetch(knife)"",""relocate(pear,wooden cutting board)"",""state_change(interact,knife)""],""plan_length"":6}","[""fetch(pear)"",""fetch(knife)"",""relocate(pear,wooden cutting board)"",""state_change(interact,knife)""]","[""fetch"",""fetch"",""relocate"",""state_change""]",True,False,0.0
productivity,435,1,291,"{""object_count"":1,""ordered_units"":[""fetch(apple)"",""relocate(apple,bowl)""],""plan_length"":5}","[""fetch(apple)"",""relocate(apple,bowl)""]","[""fetch"",""relocate""]",True,True,1.0
productivity,447,1,3563,"{""object_count"":1,""ordered_units"":[""fetch(meat)"",""state_change(push,cardboardbox,R1)"",""relocate(meat,cardboardbox)"",""state_change(push,cardboardbox,R2)"",""fetch(meat)"",""relocate(meat,sink)""],""plan_length"":7}","[""fetch(meat)"",""state_change(push,cardboardbox,R1)"",""relocate(meat,cardboardbox)"",""state_change(push,cardboardbox,R2)"",""fetch(meat)"",""relocate(meat,sink)""]","[""fetch"",""state_change"",""relocate"",""state_change"",""fetch"",""relocate""]",True,True,1.0
productivity,447,2,4009,"{""object_count"":1,""ordered_units"":[""fetch(meat)"",""state_change(push,cardboardbox,R2)"",""relocate(meat,cardboardbox)"",""state_change(push,cardboardbox,R1)"",""fetch(meat)"",""relocate(meat,sink)""],""plan_length"":7}","[""fetch(meat)"",""state_change(push,cardboardbox,R2)"",""relocate(meat,cardboardbox)"",""state_change(push,cardboardbox,R1)"",""fetch(meat)"",""relocate(meat,sink)""]","[""fetch"",""state_change"",""relocate"",""state_change"",""fetch"",""relocate""]",True,False,0.0
productivity,447,3,4059,"{""object_count"":1,""ordered_units"":[""state_change(push,cardboardbox,R3)"",""fetch(meat)"",""relocate(meat,cardboardbox)"",""state_change(push,cardboardbox,R1)"",""fetch(meat)"",""relocate(meat,sink)""],""plan_length"":7}","[""state_change(push,cardboardbox,R3)"",""fetch(meat)"",""relocate(meat,cardboardbox)"",""state_change(push,cardboardbox,R1)"",""fetch(meat)"",""relocate(meat,sink)""]","[""state_change"",""fetch"",""relocate"",""state_change"",""fetch"",""relocate""]",True,False,0.0
productivity,448,1,188,"{""object_count"":1,""ordered_units"":[""fetch(spoon)"",""relocate(spoon,kitchen work area)""],""plan_length"":5}","[""fetch(spoon)"",""relocate(spoon,kitchen work area)""]","[""fetch"",""relocate""]",True,True,1.0
productivity,474,1,24,"{""object_count"":1,""ordered_units"":[""fetch(peach)"",""fetch(knife)"",""relocate(peach,wooden cutting board)"",""state_change(interact,knife)""],""plan_length"":6}","[""fetch(peach)"",""fetch(knife)"",""relocate(peach,wooden cutting board)"",""state_change(interact,knife)""]","[""fetch"",""fetch"",""relocate"",""state_change""]",True,False,0.0
productivity,477,1,270,"{""object_count"":1,""ordered_units"":[""fetch(cooling fan)"",""relocate(cooling fan,kitchen island area)""],""plan_length"":5}","[""fetch(cooling fan)"",""relocate(cooling fan,kitchen island area)""]","[""fetch"",""relocate""]",True,True,1.0
productivity,484,1,652,"{""object_count"":1,""ordered_units"":[""fetch(knife)"",""fetch(apple)"",""relocate(apple,wooden cutting board)"",""state_change(interact,knife)""],""plan_length"":6}","[""fetch(knife)"",""fetch(apple)"",""relocate(apple,wooden cutting board)"",""state_change(interact,knife)""]","[""fetch"",""fetch"",""relocate"",""state_change""]",True,True,1.0
productivity,487,1,5045,"{""object_count"":1,""ordered_units"":[""state_change(push,cardboardbox,R3)"",""fetch(pumpkin)"",""relocate(pumpkin,cardboardbox)"",""state_change(push,cardboardbox,R1)"",""fetch(pumpkin)"",""relocate(pumpkin,sink)""],""plan_length"":7}","[""state_change(push,cardboardbox,R3)"",""fetch(pumpkin)"",""relocate(pumpkin,cardboardbox)"",""state_change(push,cardboardbox,R1)"",""fetch(pumpkin)"",""relocate(pumpkin,sink)""]","[""state_change"",""fetch"",""relocate"",""state_change"",""fetch"",""relocate""]",True,False,0.0
productivity,491,1,1270,"{""object_count"":1,""ordered_units"":[""fetch(pear)"",""relocate(pear,table)""],""plan_length"":5}","[""fetch(pear)"",""relocate(pear,table)""]","[""fetch"",""relocate""]",True,True,1.0
productivity,499,1,3,"{""object_count"":1,""ordered_units"":[""fetch(bread)"",""relocate(bread,bowl)""],""plan_length"":5}","[""fetch(bread)"",""relocate(bread,bowl)""]","[""fetch"",""relocate""]",True,True,1.0
productivity,499,2,501,"{""object_count"":1,""ordered_units"":[""fetch(bread)"",""relocate(bread,bowl)""],""plan_length"":5}","[""fetch(bread)"",""relocate(bread,bowl)""]","[""fetch"",""relocate""]",True,True,1.0
productivity,516,1,198,"{""object_count"":1,""ordered_units"":[""fetch(pear)"",""fetch(knife)"",""relocate(pear,wooden cutting board)"",""state_change(interact,knife)""],""plan_length"":6}","[""fetch(pear)"",""fetch(knife)"",""relocate(pear,wooden cutting board)"",""state_change(interact,knife)""]","[""fetch"",""fetch"",""relocate"",""state_change""]",True,True,1.0
productivity,541,1,142,"{""object_count"":1,""ordered_units"":[""fetch(knife)"",""fetch(pear)"",""relocate(pear,wooden cutting board)"",""state_change(interact,knife)""],""plan_length"":6}","[""fetch(knife)"",""fetch(pear)"",""relocate(pear,wooden cutting board)"",""state_change(interact,knife)""]","[""fetch"",""fetch"",""relocate"",""state_change""]",True,False,0.0
productivity,547,1,383,"{""object_count"":1,""ordered_units"":[""fetch(apple)"",""relocate(apple,table)""],""plan_length"":5}","[""fetch(apple)"",""relocate(apple,table)""]","[""fetch"",""relocate""]",True,True,1.0
productivity,563,1,81,"{""object_count"":1,""ordered_units"":[""fetch(knife)"",""fetch(pear)"",""relocate(pear,wooden cutting board)"",""state_change(interact,knife)""],""plan_length"":6}","[""fetch(knife)"",""fetch(pear)"",""relocate(pear,wooden cutting board)"",""state_change(interact,knife)""]","[""fetch"",""fetch"",""relocate"",""state_change""]",True,True,1.0
productivity,587,1,24,"{""object_count"":1,""ordered_units"":[""fetch(peach)"",""fetch(knife)"",""relocate(peach,wooden cutting board)"",""state_change(interact,knife)""],""plan_length"":6}","[""fetch(peach)"",""fetch(knife)"",""relocate(peach,wooden cutting board)"",""state_change(interact,knife)""]","[""fetch"",""fetch"",""relocate"",""state_change""]",True,True,1.0
productivity,604,1,1119,"{""object_count"":1,""ordered_units"":[""fetch(tomato)"",""relocate(tomato,table)""],""plan_length"":5}","[""fetch(tomato)"",""relocate(tomato,table)""]","[""fetch"",""relocate""]",True,True,1.0
productivity,616,1,4343,"{""object_count"":1,""ordered_units"":[""fetch(bread)"",""relocate(bread,rack)""],""plan_length"":5}","[""fetch(bread)"",""relocate(bread,rack)""]","[""fetch"",""relocate""]",True,True,1.0
productivity,621,1,518,"{""object_count"":1,""ordered_units"":[""fetch(peach)"",""fetch(knife)"",""relocate(peach,wooden cutting board)"",""state_change(interact,knife)""],""plan_length"":6}","[""fetch(peach)"",""fetch(knife)"",""relocate(peach,wooden cutting board)"",""state_change(interact,knife)""]","[""fetch"",""fetch"",""relocate"",""state_change""]",True,True,1.0
productivity,629,1,1016,"{""object_count"":1,""ordered_units"":[""fetch(peach)"",""relocate(peach,table)""],""plan_length"":5}","[""fetch(peach)"",""relocate(peach,table)""]","[""fetch"",""relocate""]",True,True,1.0
productivity,630,1,44,"{""object_count"":1,""ordered_units"":[""fetch(peach)"",""fetch(knife)"",""relocate(peach,wooden cutting board)"",""state_change(interact,knife)""],""plan_length"":6}","[""fetch(peach)"",""fetch(knife)"",""relocate(peach,wooden cutting board)"",""state_change(interact,knife)""]","[""fetch"",""fetch"",""relocate"",""state_change""]",True,True,1.0
productivity,636,1,24,"{""object_count"":1,""ordered_units"":[""fetch(peach)"",""fetch(knife)"",""relocate(peach,wooden cutting board)"",""state_change(interact,knife)""],""plan_length"":6}","[""fetch(peach)"",""fetch(knife)"",""relocate(peach,wooden cutting board)"",""state_change(interact,knife)""]","[""fetch"",""fetch"",""relocate"",""state_change""]",True,False,0.0
productivity,659,1,310,"{""object_count"":1,""ordered_units"":[""fetch(apple)"",""relocate(apple,table)""],""plan_length"":5}","[""fetch(apple)"",""relocate(apple,table)""]","[""fetch"",""relocate""]",True,True,1.0
productivity,664,1,52,"{""object_count"":1,""ordered_units"":[""fetch(knife)"",""fetch(apple)"",""relocate(apple,wooden cutting board)"",""state_change(interact,knife)""],""plan_length"":6}","[""fetch(knife)"",""fetch(apple)"",""relocate(apple,wooden cutting board)"",""state_change(interact,knife)""]","[""fetch"",""fetch"",""relocate"",""state_change""]",True,False,0.0
productivity,673,1,1176,"{""object_count"":1,""ordered_units"":[""fetch(tomato)"",""relocate(tomato,table)""],""plan_length"":5}","[""fetch(tomato)"",""relocate(tomato,table)""]","[""fetch"",""relocate""]",True,True,1.0
productivity,673,2,1248,"{""object_count"":1,""ordered_units"":[""fetch(tomato)"",""relocate(tomato,table)""],""plan_length"":5}","[""fetch(tomato)"",""relocate(tomato,table)""]","[""fetch"",""relocate""]",True,True,1.0
productivity,675,1,44,"{""object_count"":1,""ordered_units"":[""fetch(peach)"",""fetch(knife)"",""relocate(peach,wooden cutting board)"",""state_change(interact,knife)""],""plan_length"":6}","[""fetch(peach)"",""fetch(knife)"",""relocate(peach,wooden cutting board)"",""state_change(interact,knife)""]","[""fetch"",""fetch"",""relocate"",""state_change""]",True,False,0.0
productivity,698,1,222,"{""object_count"":1,""ordered_units"":[""fetch(pear)"",""fetch(knife)"",""relocate(pear,wooden cutting board)"",""state_change(interact,knife)""],""plan_length"":6}","[""fetch(pear)"",""fetch(knife)"",""relocate(pear,wooden cutting board)"",""state_change(interact,knife)""]","[""fetch"",""fetch"",""relocate"",""state_change""]",True,True,1.0
productivity,719,1,3660,"{""object_count"":1,""ordered_units"":[""fetch(pear)"",""relocate(pear,table)""],""plan_length"":5}","[""fetch(pear)"",""relocate(pear,table)""]","[""fetch"",""relocate""]",True,True,1.0
productivity,722,1,1191,"{""object_count"":1,""ordered_units"":[""fetch(bread)"",""relocate(bread,plate)""],""plan_length"":5}","[""fetch(bread)"",""relocate(bread,plate)""]","[""fetch"",""relocate""]",True,True,1.0
productivity,722,2,1629,"{""object_count"":1,""ordered_units"":[""fetch(bread)"",""relocate(bread,plate)""],""plan_length"":5}","[""fetch(bread)"",""relocate(bread,plate)""]","[""fetch"",""relocate""]",True,True,1.0
productivity,732,1,201,"{""object_count"":1,""ordered_units"":[""fetch(pear)"",""relocate(pear,table)""],""plan_length"":5}","[""fetch(pear)"",""relocate(pear,table)""]","[""fetch"",""relocate""]",True,True,1.0
productivity,750,1,222,"{""object_count"":1,""ordered_units"":[""fetch(pear)"",""fetch(knife)"",""relocate(pear,wooden cutting board)"",""state_change(interact,knife)""],""plan_length"":6}","[""fetch(pear)"",""fetch(knife)"",""relocate(pear,wooden cutting board)"",""state_change(interact,knife)""]","[""fetch"",""fetch"",""relocate"",""state_change""]",True,False,0.0
productivity,754,1,646,"{""object_count"":1,""ordered_units"":[""fetch(tomato)"",""relocate(tomato,table)""],""plan_length"":5}","[""fetch(tomato)"",""relocate(tomato,table)""]","[""fetch"",""relocate""]",True,True,1.0
productivity,780,1,105,"{""object_count"":1,""ordered_units"":[""fetch(pear)"",""fetch(knife)"",""relocate(pear,wooden cutting board)"",""state_change(interact,knife)""],""plan_length"":6}","[""fetch(pear)"",""fetch(knife)"",""relocate(pear,wooden cutting board)"",""state_change(interact,knife)""]","[""fetch"",""fetch"",""relocate"",""state_change""]",True,True,1.0
productivity,789,1,52,"{""object_count"":1,""ordered_units"":[""fetch(knife)"",""fetch(apple)"",""relocate(apple,wooden cutting board)"",""state_change(interact,knife)""],""plan_length"":6}","[""fetch(knife)"",""fetch(apple)"",""relocate(apple,wooden cutting board)"",""state_change(interact,knife)""]","[""fetch"",""fetch"",""relocate"",""state_change""]",True,False,0.0
productivity,797,1,52,"{""object_count"":1,""ordered_units"":[""fetch(knife)"",""fetch(apple)"",""relocate(apple,wooden cutting board)"",""state_change(interact,knife)""],""plan_length"":6}","[""fetch(knife)"",""fetch(apple)"",""relocate(apple,wooden cutting board)"",""state_change(interact,knife)""]","[""fetch"",""fetch"",""relocate"",""state_change""]",True,True,1.0
productivity,799,1,44,"{""object_count"":1,""ordered_units"":[""fetch(peach)"",""fetch(knife)"",""relocate(peach,wooden cutting board)"",""state_change(interact,knife)""],""plan_length"":6}","[""fetch(peach)"",""fetch(knife)"",""relocate(peach,wooden cutting board)"",""state_change(interact,knife)""]","[""fetch"",""fetch"",""relocate"",""state_change""]",True,False,0.0
productivity,804,1,105,"{""object_count"":1,""ordered_units"":[""fetch(pear)"",""fetch(knife)"",""relocate(pear,wooden cutting board)"",""state_change(interact,knife)""],""plan_length"":6}","[""fetch(pear)"",""fetch(knife)"",""relocate(pear,wooden cutting board)"",""state_change(interact,knife)""]","[""fetch"",""fetch"",""relocate"",""state_change""]",True,False,0.0
productivity,844,1,7,"{""object_count"":1,""ordered_units"":[""fetch(knife)"",""fetch(apple)"",""relocate(apple,wooden cutting board)"",""state_change(interact,knife)""],""plan_length"":6}","[""fetch(knife)"",""fetch(apple)"",""relocate(apple,wooden cutting board)"",""state_change(interact,knife)""]","[""fetch"",""fetch"",""relocate"",""state_change""]",True,True,1.0
productivity,855,1,230,"{""object_count"":1,""ordered_units"":[""fetch(peach)"",""relocate(peach,table)""],""plan_length"":5}","[""fetch(peach)"",""relocate(peach,table)""]","[""fetch"",""relocate""]",True,True,1.0
productivity,858,1,123,"{""object_count"":1,""ordered_units"":[""fetch(tomato)"",""relocate(tomato,table)""],""plan_length"":5}","[""fetch(tomato)"",""relocate(tomato,table)""]","[""fetch"",""relocate""]",True,True,1.0
productivity,861,1,84,"{""object_count"":1,""ordered_units"":[""fetch(apple)"",""relocate(apple,plate)""],""plan_length"":5}","[""fetch(apple)"",""relocate(apple,plate)""]","[""fetch"",""relocate""]",True,True,1.0
productivity,863,1,105,"{""object_count"":1,""ordered_units"":[""fetch(pear)"",""fetch(knife)"",""relocate(pear,wooden cutting board)"",""state_change(interact,knife)""],""plan_length"":6}","[""fetch(pear)"",""fetch(knife)"",""relocate(pear,wooden cutting board)"",""state_change(interact,knife)""]","[""fetch"",""fetch"",""relocate"",""state_change""]",True,False,0.0
productivity,874,1,26,"{""object_count"":1,""ordered_units"":[""fetch(peach)"",""fetch(knife)"",""relocate(peach,wooden cutting board)"",""state_change(interact,knife)""],""plan_length"":6}","[""fetch(peach)"",""fetch(knife)"",""relocate(peach,wooden cutting board)"",""state_change(interact,knife)""]","[""fetch"",""fetch"",""relocate"",""state_change""]",True,True,1.0
productivity,879,1,105,"{""object_count"":1,""ordered_units"":[""fetch(pear)"",""fetch(knife)"",""relocate(pear,wooden cutting board)"",""state_change(interact,knife)""],""plan_length"":6}","[""fetch(pear)"",""fetch(knife)"",""relocate(pear,wooden cutting board)"",""state_change(interact,knife)""]","[""fetch"",""fetch"",""relocate"",""state_change""]",True,False,0.0
productivity,882,1,230,"{""object_count"":1,""ordered_units"":[""fetch(peach)"",""relocate(peach,table)""],""plan_length"":5}","[""fetch(peach)"",""relocate(peach,table)""]","[""fetch"",""relocate""]",True,True,1.0
productivity,883,1,89,"{""object_count"":1,""ordered_units"":[""fetch(knife)"",""fetch(apple)"",""relocate(apple,wooden cutting board)"",""state_change(interact,knife)""],""plan_length"":6}","[""fetch(knife)"",""fetch(apple)"",""relocate(apple,wooden cutting board)"",""state_change(interact,knife)""]","[""fetch"",""fetch"",""relocate"",""state_change""]",True,True,1.0
productivity,890,1,196,"{""object_count"":1,""ordered_units"":[""fetch(knife)"",""fetch(peach)"",""relocate(peach,wooden cutting board)"",""state_change(interact,knife)""],""plan_length"":6}","[""fetch(knife)"",""fetch(peach)"",""relocate(peach,wooden cutting board)"",""state_change(interact,knife)""]","[""fetch"",""fetch"",""relocate"",""state_change""]",True,False,0.0
productivity,896,1,1119,"{""object_count"":1,""ordered_units"":[""fetch(tomato)"",""relocate(tomato,table)""],""plan_length"":5}","[""fetch(tomato)"",""relocate(tomato,table)""]","[""fetch"",""relocate""]",True,True,1.0
productivity,907,1,3321,"{""object_count"":1,""ordered_units"":[""fetch(kettle)"",""relocate(kettle,kitchen work area)""],""plan_length"":5}","[""fetch(kettle)"",""relocate(kettle,kitchen work area)""]","[""fetch"",""relocate""]",True,True,1.0
productivity,914,1,160,"{""object_count"":1,""ordered_units"":[""fetch(bread)"",""relocate(bread,plate)""],""plan_length"":5}","[""fetch(bread)"",""relocate(bread,plate)""]","[""fetch"",""relocate""]",True,True,1.0
productivity,914,2,1305,"{""object_count"":1,""ordered_units"":[""fetch(bread)"",""relocate(bread,plate)""],""plan_length"":5}","[""fetch(bread)"",""relocate(bread,plate)""]","[""fetch"",""relocate""]",True,True,1.0
productivity,914,3,1436,"{""object_count"":1,""ordered_units"":[""fetch(bread)"",""relocate(bread,plate)""],""plan_length"":5}","[""fetch(bread)"",""relocate(bread,plate)""]","[""fetch"",""relocate""]",True,True,1.0
productivity,918,1,196,"{""object_count"":1,""ordered_units"":[""fetch(knife)"",""fetch(peach)"",""relocate(peach,wooden cutting board)"",""state_change(interact,knife)""],""plan_length"":6}","[""fetch(knife)"",""fetch(peach)"",""relocate(peach,wooden cutting board)"",""state_change(interact,knife)""]","[""fetch"",""fetch"",""relocate"",""state_change""]",True,False,0.0
productivity,919,1,82,"{""object_count"":1,""ordered_units"":[""fetch(peach)"",""relocate(peach,table)""],""plan_length"":5}","[""fetch(peach)"",""relocate(peach,table)""]","[""fetch"",""relocate""]",True,True,1.0
productivity,920,1,1340,"{""object_count"":1,""ordered_units"":[""fetch(banana)"",""relocate(banana,bowl)""],""plan_length"":5}","[""fetch(banana)"",""relocate(banana,bowl)""]","[""fetch"",""relocate""]",True,True,1.0
productivity,935,1,1176,"{""object_count"":1,""ordered_units"":[""fetch(tomato)"",""relocate(tomato,table)""],""plan_length"":5}","[""fetch(tomato)"",""relocate(tomato,table)""]","[""fetch"",""relocate""]",True,True,1.0
productivity,935,2,1248,"{""object_count"":1,""ordered_units"":[""fetch(tomato)"",""relocate(tomato,table)""],""plan_length"":5}","[""fetch(tomato)"",""relocate(tomato,table)""]","[""fetch"",""relocate""]",True,True,1.0
productivity,938,1,957,"{""object_count"":1,""ordered_units"":[""fetch(banana)"",""relocate(banana,plate)""],""plan_length"":5}","[""fetch(banana)"",""relocate(banana,plate)""]","[""fetch"",""relocate""]",True,True,1.0
productivity,938,2,1338,"{""object_count"":1,""ordered_units"":[""fetch(banana)"",""relocate(banana,plate)""],""plan_length"":5}","[""fetch(banana)"",""relocate(banana,plate)""]","[""fetch"",""relocate""]",True,True,1.0
productivity,944,1,312,"{""object_count"":1,""ordered_units"":[""fetch(bread)"",""relocate(bread,bowl)""],""plan_length"":5}","[""fetch(bread)"",""relocate(bread,bowl)""]","[""fetch"",""relocate""]",True,True,1.0
productivity,944,2,895,"{""object_count"":1,""ordered_units"":[""fetch(bread)"",""relocate(bread,bowl)""],""plan_length"":5}","[""fetch(bread)"",""relocate(bread,bowl)""]","[""fetch"",""relocate""]",True,True,1.0
productivity,944,3,999,"{""object_count"":1,""ordered_units"":[""fetch(bread)"",""relocate(bread,bowl)""],""plan_length"":5}","[""fetch(bread)"",""relocate(bread,bowl)""]","[""fetch"",""relocate""]",True,True,1.0
productivity,951,1,3928,"{""object_count"":1,""ordered_units"":[""fetch(spoon)"",""relocate(spoon,rack)""],""plan_length"":5}","[""fetch(spoon)"",""relocate(spoon,rack)""]","[""fetch"",""relocate""]",True,True,1.0
productivity,969,1,291,"{""object_count"":1,""ordered_units"":[""fetch(apple)"",""relocate(apple,bowl)""],""plan_length"":5}","[""fetch(apple)"",""relocate(apple,bowl)""]","[""fetch"",""relocate""]",True,True,1.0
productivity,971,1,518,"{""object_count"":1,""ordered_units"":[""fetch(peach)"",""fetch(knife)"",""relocate(peach,wooden cutting board)"",""state_change(interact,knife)""],""plan_length"":6}","[""fetch(peach)"",""fetch(knife)"",""relocate(peach,wooden cutting board)"",""state_change(interact,knife)""]","[""fetch"",""fetch"",""relocate"",""state_change""]",True,False,0.0
productivity,979,1,222,"{""object_count"":1,""ordered_units"":[""fetch(pear)"",""fetch(knife)"",""relocate(pear,wooden cutting board)"",""state_change(interact,knife)""],""plan_length"":6}","[""fetch(pear)"",""fetch(knife)"",""relocate(pear,wooden cutting board)"",""state_change(interact,knife)""]","[""fetch"",""fetch"",""relocate"",""state_change""]",True,True,1.0
productivity,980,1,81,"{""object_count"":1,""ordered_units"":[""fetch(knife)"",""fetch(pear)"",""relocate(pear,wooden cutting board)"",""state_change(interact,knife)""],""plan_length"":6}","[""fetch(knife)"",""fetch(pear)"",""relocate(pear,wooden cutting board)"",""state_change(interact,knife)""]","[""fetch"",""fetch"",""relocate"",""state_change""]",True,True,1.0
productivity,993,1,5971,"{""object_count"":1,""ordered_units"":[""fetch(pumpkin)"",""state_change(push,cardboardbox,R2)"",""relocate(pumpkin,cardboardbox)"",""state_change(push,cardboardbox,R1)"",""fetch(pumpkin)"",""relocate(pumpkin,sink)""],""plan_length"":7}","[""fetch(pumpkin)"",""state_change(push,cardboardbox,R2)"",""relocate(pumpkin,cardboardbox)"",""state_change(push,cardboardbox,R1)"",""fetch(pumpkin)"",""relocate(pumpkin,sink)""]","[""fetch"",""state_change"",""relocate"",""state_change"",""fetch"",""relocate""]",True,True,1.0
productivity,993,2,4225,"{""object_count"":1,""ordered_units"":[""fetch(pumpkin)"",""state_change(push,cardboardbox,R1)"",""relocate(pumpkin,cardboardbox)"",""state_change(push,cardboardbox,R2)"",""fetch(pumpkin)"",""relocate(pumpkin,sink)""],""plan_length"":7}","[""fetch(pumpkin)"",""state_change(push,cardboardbox,R1)"",""relocate(pumpkin,cardboardbox)"",""state_change(push,cardboardbox,R2)"",""fetch(pumpkin)"",""relocate(pumpkin,sink)""]","[""fetch"",""state_change"",""relocate"",""state_change"",""fetch"",""relocate""]",True,False,0.0
productivity,994,1,241,"{""object_count"":1,""ordered_units"":[""fetch(bread)"",""relocate(bread,bowl)""],""plan_length"":5}","[""fetch(bread)"",""relocate(bread,bowl)""]","[""fetch"",""relocate""]",True,True,1.0
productivity,994,2,992,"{""object_count"":1,""ordered_units"":[""fetch(bread)"",""relocate(bread,bowl)""],""plan_length"":5}","[""fetch(bread)"",""relocate(bread,bowl)""]","[""fetch"",""relocate""]",True,True,1.0
productivity,1011,1,1119,"{""object_count"":1,""ordered_units"":[""fetch(tomato)"",""relocate(tomato,table)""],""plan_length"":5}","[""fetch(tomato)"",""relocate(tomato,table)""]","[""fetch"",""relocate""]",True,True,1.0
productivity,1035,1,230,"{""object_count"":1,""ordered_units"":[""fetch(peach)"",""relocate(peach,table)""],""plan_length"":5}","[""fetch(peach)"",""relocate(peach,table)""]","[""fetch"",""relocate""]",True,True,1.0
productivity,1039,1,89,"{""object_count"":1,""ordered_units"":[""fetch(knife)"",""fetch(apple)"",""relocate(apple,wooden cutting board)"",""state_change(interact,knife)""],""plan_length"":6}","[""fetch(knife)"",""fetch(apple)"",""relocate(apple,wooden cutting board)"",""state_change(interact,knife)""]","[""fetch"",""fetch"",""relocate"",""state_change""]",True,False,0.0
productivity,1043,1,81,"{""object_count"":1,""ordered_units"":[""fetch(knife)"",""fetch(pear)"",""relocate(pear,wooden cutting board)"",""state_change(interact,knife)""],""plan_length"":6}","[""fetch(knife)"",""fetch(pear)"",""relocate(pear,wooden cutting board)"",""state_change(interact,knife)""]","[""fetch"",""fetch"",""relocate"",""state_change""]",True,False,0.0
productivity,1047,1,3291,"{""object_count"":1,""ordered_units"":[""fetch(apple)"",""relocate(apple,table)""],""plan_length"":5}","[""fetch(apple)"",""relocate(apple,table)""]","[""fetch"",""relocate""]",True,True,1.0
productivity,1051,1,299,"{""object_count"":1,""ordered_units"":[""fetch(pear)"",""fetch(knife)"",""relocate(pear,wooden cutting board)"",""state_change(interact,knife)""],""plan_length"":6}","[""fetch(pear)"",""fetch(knife)"",""relocate(pear,wooden cutting board)"",""state_change(interact,knife)""]","[""fetch"",""fetch"",""relocate"",""state_change""]",True,False,0.0
productivity,1062,1,84,"{""object_count"":1,""ordered_units"":[""fetch(apple)"",""relocate(apple,plate)""],""plan_length"":5}","[""fetch(apple)"",""relocate(apple,plate)""]","[""fetch"",""relocate""]",True,True,1.0
productivity,1063,1,44,"{""object_count"":1,""ordered_units"":[""fetch(peach)"",""fetch(knife)"",""relocate(peach,wooden cutting board)"",""state_change(interact,knife)""],""plan_length"":6}","[""fetch(peach)"",""fetch(knife)"",""relocate(peach,wooden cutting board)"",""state_change(interact,knife)""]","[""fetch"",""fetch"",""relocate"",""state_change""]",True,False,0.0
productivity,1071,1,160,"{""object_count"":1,""ordered_units"":[""fetch(bread)"",""relocate(bread,plate)""],""plan_length"":5}","[""fetch(bread)"",""relocate(bread,plate)""]","[""fetch"",""relocate""]",True,True,1.0
productivity,1071,2,1305,"{""object_count"":1,""ordered_units"":[""fetch(bread)"",""relocate(bread,plate)""],""plan_length"":5}","[""fetch(bread)"",""relocate(bread,plate)""]","[""fetch"",""relocate""]",True,True,1.0
productivity,1071,3,1436,"{""object_count"":1,""ordered_units"":[""fetch(bread)"",""relocate(bread,plate)""],""plan_length"":5}","[""fetch(bread)"",""relocate(bread,plate)""]","[""fetch"",""relocate""]",True,True,1.0
productivity,1072,1,2919,"{""object_count"":1,""ordered_units"":[""state_change(push,cardboardbox,R3)"",""fetch(apple)"",""relocate(apple,cardboardbox)"",""state_change(push,cardboardbox,R1)"",""fetch(apple)"",""relocate(apple,sink)""],""plan_length"":7}","[""state_change(push,cardboardbox,R3)"",""fetch(apple)"",""relocate(apple,cardboardbox)"",""state_change(push,cardboardbox,R1)"",""fetch(apple)"",""relocate(apple,sink)""]","[""state_change"",""fetch"",""relocate"",""state_change"",""fetch"",""relocate""]",True,True,1.0
productivity,1079,1,222,"{""object_count"":1,""ordered_units"":[""fetch(pear)"",""fetch(knife)"",""relocate(pear,wooden cutting board)"",""state_change(interact,knife)""],""plan_length"":6}","[""fetch(pear)"",""fetch(knife)"",""relocate(pear,wooden cutting board)"",""state_change(interact,knife)""]","[""fetch"",""fetch"",""relocate"",""state_change""]",True,True,1.0
productivity,1086,1,312,"{""object_count"":1,""ordered_units"":[""fetch(bread)"",""relocate(bread,bowl)""],""plan_length"":5}","[""fetch(bread)"",""relocate(bread,bowl)""]","[""fetch"",""relocate""]",True,True,1.0
productivity,1086,2,895,"{""object_count"":1,""ordered_units"":[""fetch(bread)"",""relocate(bread,bowl)""],""plan_length"":5}","[""fetch(bread)"",""relocate(bread,bowl)""]","[""fetch"",""relocate""]",True,True,1.0
productivity,1086,3,999,"{""object_count"":1,""ordered_units"":[""fetch(bread)"",""relocate(bread,bowl)""],""plan_length"":5}","[""fetch(bread)"",""relocate(bread,bowl)""]","[""fetch"",""relocate""]",True,True,1.0
productivity,1090,1,2248,"{""object_count"":1,""ordered_units"":[""fetch(spoon)"",""relocate(spoon,kitchen work area)""],""plan_length"":5}","[""fetch(spoon)"",""relocate(spoon,kitchen work area)""]","[""fetch"",""relocate""]",True,True,1.0
productivity,1103,1,4192,"{""object_count"":1,""ordered_units"":[""state_change(push,cardboardbox,R3)"",""fetch(fork)"",""relocate(fork,cardboardbox)"",""state_change(push,cardboardbox,R2)"",""fetch(fork)"",""relocate(fork,sink)""],""plan_length"":7}","[""state_change(push,cardboardbox,R3)"",""fetch(fork)"",""relocate(fork,cardboardbox)"",""state_change(push,cardboardbox,R2)"",""fetch(fork)"",""relocate(fork,sink)""]","[""state_change"",""fetch"",""relocate"",""state_change"",""fetch"",""relocate""]",True,False,0.0
productivity,1103,2,4203,"{""object_count"":1,""ordered_units"":[""state_change(push,cardboardbox,R3)"",""fetch(fork)"",""relocate(fork,cardboardbox)"",""state_change(push,cardboardbox,R2)"",""fetch(fork)"",""relocate(fork,sink)""],""plan_length"":7}","[""state_change(push,cardboardbox,R3)"",""fetch(fork)"",""relocate(fork,cardboardbox)"",""state_change(push,cardboardbox,R2)"",""fetch(fork)"",""relocate(fork,sink)""]","[""state_change"",""fetch"",""relocate"",""state_change"",""fetch"",""relocate""]",True,False,0.0
productivity,1106,1,89,"{""object_count"":1,""ordered_units"":[""fetch(knife)"",""fetch(apple)"",""relocate(apple,wooden cutting board)"",""state_change(interact,knife)""],""plan_length"":6}","[""fetch(knife)"",""fetch(apple)"",""relocate(apple,wooden cutting board)"",""state_change(interact,knife)""]","[""fetch"",""fetch"",""relocate"",""state_change""]",True,True,1.0
productivity,1111,1,624,"{""object_count"":1,""ordered_units"":[""fetch(spoon)"",""relocate(spoon,rack)""],""plan_length"":5}","[""fetch(spoon)"",""relocate(spoon,rack)""]","[""fetch"",""relocate""]",True,True,1.0
productivity,1115,1,160,"{""object_count"":1,""ordered_units"":[""fetch(bread)"",""relocate(bread,plate)""],""plan_length"":5}","[""fetch(bread)"",""relocate(bread,plate)""]","[""fetch"",""relocate""]",True,True,1.0
productivity,1115,2,1305,"{""object_count"":1,""ordered_units"":[""fetch(bread)"",""relocate(bread,plate)""],""plan_length"":5}","[""fetch(bread)"",""relocate(bread,plate)""]","[""fetch"",""relocate""]",True,True,1.0
productivity,1115,3,1436,"{""object_count"":1,""ordered_units"":[""fetch(bread)"",""relocate(bread,plate)""],""plan_length"":5}","[""fetch(bread)"",""relocate(bread,plate)""]","[""fetch"",""relocate""]",True,True,1.0
productivity,1139,1,1270,"{""object_count"":1,""ordered_units"":[""fetch(pear)"",""relocate(pear,table)""],""plan_length"":5}","[""fetch(pear)"",""relocate(pear,table)""]","[""fetch"",""relocate""]",True,True,1.0
productivity,1144,1,1859,"{""object_count"":1,""ordered_units"":[""fetch(tomato)"",""relocate(tomato,table)""],""plan_length"":5}","[""fetch(tomato)"",""relocate(tomato,table)""]","[""fetch"",""relocate""]",True,True,1.0
productivity,1185,1,652,"{""object_count"":1,""ordered_units"":[""fetch(knife)"",""fetch(apple)"",""relocate(apple,wooden cutting board)"",""state_change(interact,knife)""],""plan_length"":6}","[""fetch(knife)"",""fetch(apple)"",""relocate(apple,wooden cutting board)"",""state_change(interact,knife)""]","[""fetch"",""fetch"",""relocate"",""state_change""]",True,False,0.0
productivity,1186,1,3285,"{""object_count"":1,""ordered_units"":[""fetch(bread)"",""relocate(bread,kitchen work area)""],""plan_length"":5}","[""fetch(bread)"",""relocate(bread,kitchen work area)""]","[""fetch"",""relocate""]",True,True,1.0
productivity,1190,1,299,"{""object_count"":1,""ordered_units"":[""fetch(pear)"",""fetch(knife)"",""relocate(pear,wooden cutting board)"",""state_change(interact,knife)""],""plan_length"":6}","[""fetch(pear)"",""fetch(knife)"",""relocate(pear,wooden cutting board)"",""state_change(interact,knife)""]","[""fetch"",""fetch"",""relocate"",""state_change""]",True,True,1.0
productivity,1210,1,652,"{""object_count"":1,""ordered_units"":[""fetch(knife)"",""fetch(apple)"",""relocate(apple,wooden cutting board)"",""state_change(interact,knife)""],""plan_length"":6}","[""fetch(knife)"",""fetch(apple)"",""relocate(apple,wooden cutting board)"",""state_change(interact,knife)""]","[""fetch"",""fetch"",""relocate"",""state_change""]",True,True,1.0
productivity,1214,1,3458,"{""object_count"":1,""ordered_units"":[""fetch(plate)"",""relocate(plate,kitchen island area)""],""plan_length"":5}","[""fetch(plate)"",""relocate(plate,kitchen island area)""]","[""fetch"",""relocate""]",True,True,1.0
productivity,1227,1,299,"{""object_count"":1,""ordered_units"":[""fetch(pear)"",""fetch(knife)"",""relocate(pear,wooden cutting board)"",""state_change(interact,knife)""],""plan_length"":6}","[""fetch(pear)"",""fetch(knife)"",""relocate(pear,wooden cutting board)"",""state_change(interact,knife)""]","[""fetch"",""fetch"",""relocate"",""state_change""]",True,False,0.0
productivity,1228,1,81,"{""object_count"":1,""ordered_units"":[""fetch(knife)"",""fetch(pear)"",""relocate(pear,wooden cutting board)"",""state_change(interact,knife)""],""plan_length"":6}","[""fetch(knife)"",""fetch(pear)"",""relocate(pear,wooden cutting board)"",""state_change(interact,knife)""]","[""fetch"",""fetch"",""relocate"",""state_change""]",True,False,0.0
productivity,1249,1,2916,"{""object_count"":1,""ordered_units"":[""fetch(bottle)"",""relocate(bottle,kitchen island area)""],""plan_length"":5}","[""fetch(bottle)"",""relocate(bottle,kitchen island area)""]","[""fetch"",""relocate""]",True,True,1.0
productivity,1259,1,3044,"{""object_count"":1,""ordered_units"":[""fetch(bread)"",""relocate(bread,kitchen island area)""],""plan_length"":5}","[""fetch(bread)"",""relocate(bread,kitchen island area)""]","[""fetch"",""relocate""]",True,True,1.0
productivity,1265,1,142,"{""object_count"":1,""ordered_units"":[""fetch(knife)"",""fetch(pear)"",""relocate(pear,wooden cutting board)"",""state_change(interact,knife)""],""plan_length"":6}","[""fetch(knife)"",""fetch(pear)"",""relocate(pear,wooden cutting board)"",""state_change(interact,knife)""]","[""fetch"",""fetch"",""relocate"",""state_change""]",True,True,1.0
productivity,1273,1,1197,"{""object_count"":1,""ordered_units"":[""fetch(tomato)"",""relocate(tomato,table)""],""plan_length"":5}","[""fetch(tomato)"",""relocate(tomato,table)""]","[""fetch"",""relocate""]",True,True,1.0
productivity,1273,2,2013,"{""object_count"":1,""ordered_units"":[""fetch(tomato)"",""relocate(tomato,table)""],""plan_length"":5}","[""fetch(tomato)"",""relocate(tomato,table)""]","[""fetch"",""relocate""]",True,True,1.0
productivity,1292,1,1119,"{""object_count"":1,""ordered_units"":[""fetch(tomato)"",""relocate(tomato,table)""],""plan_length"":5}","[""fetch(tomato)"",""relocate(tomato,table)""]","[""fetch"",""relocate""]",True,True,1.0
productivity,1299,1,33,"{""object_count"":1,""ordered_units"":[""fetch(wine)"",""relocate(wine,rack)""],""plan_length"":5}","[""fetch(wine)"",""relocate(wine,rack)""]","[""fetch"",""relocate""]",True,True,1.0
productivity,1312,1,81,"{""object_count"":1,""ordered_units"":[""fetch(knife)"",""fetch(pear)"",""relocate(pear,wooden cutting board)"",""state_change(interact,knife)""],""plan_length"":6}","[""fetch(knife)"",""fetch(pear)"",""relocate(pear,wooden cutting board)"",""state_change(interact,knife)""]","[""fetch"",""fetch"",""relocate"",""state_change""]",True,False,0.0
productivity,1316,1,216,"{""object_count"":1,""ordered_units"":[""fetch(banana)"",""relocate(banana,table)""],""plan_length"":5}","[""fetch(banana)"",""relocate(banana,table)""]","[""fetch"",""relocate""]",True,True,1.0
productivity,1318,1,493,"{""object_count"":1,""ordered_units"":[""fetch(banana)"",""relocate(banana,plate)""],""plan_length"":5}","[""fetch(banana)"",""relocate(banana,plate)""]","[""fetch"",""relocate""]",True,True,1.0
productivity,1318,2,1391,"{""object_count"":1,""ordered_units"":[""fetch(banana)"",""relocate(banana,plate)""],""plan_length"":5}","[""fetch(banana)"",""relocate(banana,plate)""]","[""fetch"",""relocate""]",True,True,1.0
productivity,1322,1,652,"{""object_count"":1,""ordered_units"":[""fetch(knife)"",""fetch(apple)"",""relocate(apple,wooden cutting board)"",""state_change(interact,knife)""],""plan_length"":6}","[""fetch(knife)"",""fetch(apple)"",""relocate(apple,wooden cutting board)"",""state_change(interact,knife)""]","[""fetch"",""fetch"",""relocate"",""state_change""]",True,False,0.0
productivity,1329,1,929,"{""object_count"":1,""ordered_units"":[""fetch(bottle)"",""relocate(bottle,kitchen work area)""],""plan_length"":5}","[""fetch(bottle)"",""relocate(bottle,kitchen work area)""]","[""fetch"",""relocate""]",True,True,1.0
productivity,1331,1,105,"{""object_count"":1,""ordered_units"":[""fetch(pear)"",""fetch(knife)"",""relocate(pear,wooden cutting board)"",""state_change(interact,knife)""],""plan_length"":6}","[""fetch(pear)"",""fetch(knife)"",""relocate(pear,wooden cutting board)"",""state_change(interact,knife)""]","[""fetch"",""fetch"",""relocate"",""state_change""]",True,True,1.0
productivity,1348,1,4192,"{""object_count"":1,""ordered_units"":[""state_change(push,cardboardbox,R3)"",""fetch(fork)"",""relocate(fork,cardboardbox)"",""state_change(push,cardboardbox,R2)"",""fetch(fork)"",""relocate(fork,sink)""],""plan_length"":7}","[""state_change(push,cardboardbox,R3)"",""fetch(fork)"",""relocate(fork,cardboardbox)"",""state_change(push,cardboardbox,R2)"",""fetch(fork)"",""relocate(fork,sink)""]","[""state_change"",""fetch"",""relocate"",""state_change"",""fetch"",""relocate""]",True,True,1.0
productivity,1362,1,1027,"{""object_count"":1,""ordered_units"":[""fetch(cooling fan)"",""relocate(cooling fan,kitchen work area)""],""plan_length"":5}","[""fetch(cooling fan)"",""relocate(cooling fan,kitchen work area)""]","[""fetch"",""relocate""]",True,True,1.0
productivity,1365,1,652,"{""object_count"":1,""ordered_units"":[""fetch(knife)"",""fetch(apple)"",""relocate(apple,wooden cutting board)"",""state_change(interact,knife)""],""plan_length"":6}","[""fetch(knife)"",""fetch(apple)"",""relocate(apple,wooden cutting board)"",""state_change(interact,knife)""]","[""fetch"",""fetch"",""relocate"",""state_change""]",True,True,1.0
productivity,1366,1,52,"{""object_count"":1,""ordered_units"":[""fetch(knife)"",""fetch(apple)"",""relocate(apple,wooden cutting board)"",""state_change(interact,knife)""],""plan_length"":6}","[""fetch(knife)"",""fetch(apple)"",""relocate(apple,wooden cutting board)"",""state_change(interact,knife)""]","[""fetch"",""fetch"",""relocate"",""state_change""]",True,False,0.0
productivity,1372,1,794,"{""object_count"":1,""ordered_units"":[""fetch(pumpkin)"",""relocate(pumpkin,kitchen island area)""],""plan_length"":5}","[""fetch(pumpkin)"",""relocate(pumpkin,kitchen island area)""]","[""fetch"",""relocate""]",True,True,1.0
productivity,1383,1,299,"{""object_count"":1,""ordered_units"":[""fetch(pear)"",""fetch(knife)"",""relocate(pear,wooden cutting board)"",""state_change(interact,knife)""],""plan_length"":6}","[""fetch(pear)"",""fetch(knife)"",""relocate(pear,wooden cutting board)"",""state_change(interact,knife)""]","[""fetch"",""fetch"",""relocate"",""state_change""]",True,True,1.0
productivity,1387,1,101,"{""object_count"":1,""ordered_units"":[""fetch(knife)"",""fetch(pear)"",""relocate(pear,wooden cutting board)"",""state_change(interact,knife)""],""plan_length"":6}","[""fetch(knife)"",""fetch(pear)"",""relocate(pear,wooden cutting board)"",""state_change(interact,knife)""]","[""fetch"",""fetch"",""relocate"",""state_change""]",True,False,0.0
productivity,1391,1,371,"{""object_count"":1,""ordered_units"":[""fetch(apple)"",""relocate(apple,table)""],""plan_length"":5}","[""fetch(apple)"",""relocate(apple,table)""]","[""fetch"",""relocate""]",True,True,1.0
productivity,1404,1,6588,"{""object_count"":1,""ordered_units"":[""fetch(pear)"",""state_change(push,cardboardbox,R1)"",""relocate(pear,cardboardbox)"",""state_change(push,cardboardbox,R3)"",""fetch(pear)"",""relocate(pear,sink)""],""plan_length"":7}","[""fetch(pear)"",""state_change(push,cardboardbox,R1)"",""relocate(pear,cardboardbox)"",""state_change(push,cardboardbox,R3)"",""fetch(pear)"",""relocate(pear,sink)""]","[""fetch"",""state_change"",""relocate"",""state_change"",""fetch"",""relocate""]",True,False,0.0
productivity,1423,1,1340,"{""object_count"":1,""ordered_units"":[""fetch(banana)"",""relocate(banana,bowl)""],""plan_length"":5}","[""fetch(banana)"",""relocate(banana,bowl)""]","[""fetch"",""relocate""]",True,True,1.0
productivity,1425,1,130,"{""object_count"":1,""ordered_units"":[""fetch(peach)"",""state_change(push,cardboardbox,R1)"",""relocate(peach,cardboardbox)"",""state_change(push,cardboardbox,R2)"",""fetch(peach)"",""relocate(peach,sink)""],""plan_length"":7}","[""fetch(peach)"",""state_change(push,cardboardbox,R1)"",""relocate(peach,cardboardbox)"",""state_change(push,cardboardbox,R2)"",""fetch(peach)"",""relocate(peach,sink)""]","[""fetch"",""state_change"",""relocate"",""state_change"",""fetch"",""relocate""]",True,False,0.0
productivity,1455,1,198,"{""object_count"":1,""ordered_units"":[""fetch(pear)"",""fetch(knife)"",""relocate(pear,wooden cutting board)"",""state_change(interact,knife)""],""plan_length"":6}","[""fetch(pear)"",""fetch(knife)"",""relocate(pear,wooden cutting board)"",""state_change(interact,knife)""]","[""fetch"",""fetch"",""relocate"",""state_change""]",True,True,1.0
productivity,1465,1,81,"{""object_count"":1,""ordered_units"":[""fetch(knife)"",""fetch(pear)"",""relocate(pear,wooden cutting board)"",""state_change(interact,knife)""],""plan_length"":6}","[""fetch(knife)"",""fetch(pear)"",""relocate(pear,wooden cutting board)"",""state_change(interact,knife)""]","[""fetch"",""fetch"",""relocate"",""state_change""]",True,True,1.0
productivity,1476,1,201,"{""object_count"":1,""ordered_units"":[""fetch(pear)"",""relocate(pear,table)""],""plan_length"":5}","[""fetch(pear)"",""relocate(pear,table)""]","[""fetch"",""relocate""]",True,True,1.0
productivity,1477,1,518,"{""object_count"":1,""ordered_units"":[""fetch(peach)"",""fetch(knife)"",""relocate(peach,wooden cutting board)"",""state_change(interact,knife)""],""plan_length"":6}","[""fetch(peach)"",""fetch(knife)"",""relocate(peach,wooden cutting board)"",""state_change(interact,knife)""]","[""fetch"",""fetch"",""relocate"",""state_change""]",True,True,1.0
productivity,1480,1,3,"{""object_count"":1,""ordered_units"":[""fetch(bread)"",""relocate(bread,bowl)""],""plan_length"":5}","[""fetch(bread)"",""relocate(bread,bowl)""]","[""fetch"",""relocate""]",True,True,1.0
productivity,1480,2,501,"{""object_count"":1,""ordered_units"":[""fetch(bread)"",""relocate(bread,bowl)""],""plan_length"":5}","[""fetch(bread)"",""relocate(bread,bowl)""]","[""fetch"",""relocate""]",True,True,1.0
productivity,1494,1,3,"{""object_count"":1,""ordered_units"":[""fetch(bread)"",""relocate(bread,bowl)""],""plan_length"":5}","[""fetch(bread)"",""relocate(bread,bowl)""]","[""fetch"",""relocate""]",True,True,1.0
productivity,1494,2,501,"{""object_count"":1,""ordered_units"":[""fetch(bread)"",""relocate(bread,bowl)""],""plan_length"":5}","[""fetch(bread)"",""relocate(bread,bowl)""]","[""fetch"",""relocate""]",True,True,1.0
productivity,1496,1,222,"{""object_count"":1,""ordered_units"":[""fetch(pear)"",""fetch(knife)"",""relocate(pear,wooden cutting board)"",""state_change(interact,knife)""],""plan_length"":6}","[""fetch(pear)"",""fetch(knife)"",""relocate(pear,wooden cutting board)"",""state_change(interact,knife)""]","[""fetch"",""fetch"",""relocate"",""state_change""]",True,False,0.0
productivity,1507,1,26,"{""object_count"":1,""ordered_units"":[""fetch(peach)"",""fetch(knife)"",""relocate(peach,wooden cutting board)"",""state_change(interact,knife)""],""plan_length"":6}","[""fetch(peach)"",""fetch(knife)"",""relocate(peach,wooden cutting board)"",""state_change(interact,knife)""]","[""fetch"",""fetch"",""relocate"",""state_change""]",True,True,1.0
productivity,1527,1,2810,"{""object_count"":1,""ordered_units"":[""fetch(pumpkin)"",""state_change(push,cardboardbox,R2)"",""relocate(pumpkin,cardboardbox)"",""state_change(push,cardboardbox,R1)"",""fetch(pumpkin)"",""relocate(pumpkin,sink)""],""plan_length"":7}","[""fetch(pumpkin)"",""state_change(push,cardboardbox,R2)"",""relocate(pumpkin,cardboardbox)"",""state_change(push,cardboardbox,R1)"",""fetch(pumpkin)"",""relocate(pumpkin,sink)""]","[""fetch"",""state_change"",""relocate"",""state_change"",""fetch"",""relocate""]",True,True,1.0
productivity,1527,2,2021,"{""object_count"":1,""ordered_units"":[""state_change(push,cardboardbox,R3)"",""fetch(pumpkin)"",""relocate(pumpkin,cardboardbox)"",""state_change(push,cardboardbox,R2)"",""fetch(pumpkin)"",""relocate(pumpkin,sink)""],""plan_length"":7}","[""state_change(push,cardboardbox,R3)"",""fetch(pumpkin)"",""relocate(pumpkin,cardboardbox)"",""state_change(push,cardboardbox,R2)"",""fetch(pumpkin)"",""relocate(pumpkin,sink)""]","[""state_change"",""fetch"",""relocate"",""state_change"",""fetch"",""relocate""]",True,False,0.0
productivity,1531,1,1222,"{""object_count"":1,""ordered_units"":[""fetch(banana)"",""relocate(banana,table)""],""plan_length"":5}","[""fetch(banana)"",""relocate(banana,table)""]","[""fetch"",""relocate""]",True,True,1.0
productivity,1532,1,4300,"{""object_count"":1,""ordered_units"":[""fetch(spoon)"",""state_change(push,cardboardbox,R1)"",""relocate(spoon,cardboardbox)"",""state_change(push,cardboardbox,R3)"",""fetch(spoon)"",""relocate(spoon,sink)""],""plan_length"":7}","[""fetch(spoon)"",""state_change(push,cardboardbox,R1)"",""relocate(spoon,cardboardbox)"",""state_change(push,cardboardbox,R3)"",""fetch(spoon)"",""relocate(spoon,sink)""]","[""fetch"",""state_change"",""relocate"",""state_change"",""fetch"",""relocate""]",True,False,0.0
productivity,1532,2,2318,"{""object_count"":1,""ordered_units"":[""state_change(push,cardboardbox,R3)"",""fetch(spoon)"",""relocate(spoon,cardboardbox)"",""state_change(push,cardboardbox,R1)"",""fetch(spoon)"",""relocate(spoon,sink)""],""plan_length"":7}","[""state_change(push,cardboardbox,R3)"",""fetch(spoon)"",""relocate(spoon,cardboardbox)"",""state_change(push,cardboardbox,R1)"",""fetch(spoon)"",""relocate(spoon,sink)""]","[""state_change"",""fetch"",""relocate"",""state_change"",""fetch"",""relocate""]",True,True,1.0
productivity,1535,1,646,"{""object_count"":1,""ordered_units"":[""fetch(tomato)"",""relocate(tomato,table)""],""plan_length"":5}","[""fetch(tomato)"",""relocate(tomato,table)""]","[""fetch"",""relocate""]",True,True,1.0
productivity,1536,1,383,"{""object_count"":1,""ordered_units"":[""fetch(apple)"",""relocate(apple,table)""],""plan_length"":5}","[""fetch(apple)"",""relocate(apple,table)""]","[""fetch"",""relocate""]",True,True,1.0
productivity,1559,1,44,"{""object_count"":1,""ordered_units"":[""fetch(peach)"",""fetch(knife)"",""relocate(peach,wooden cutting board)"",""state_change(interact,knife)""],""plan_length"":6}","[""fetch(peach)"",""fetch(knife)"",""relocate(peach,wooden cutting board)"",""state_change(interact,knife)""]","[""fetch"",""fetch"",""relocate"",""state_change""]",True,True,1.0
productivity,1568,1,6705,"{""object_count"":1,""ordered_units"":[""fetch(spoon)"",""relocate(spoon,kitchen island area)""],""plan_length"":5}","[""fetch(spoon)"",""relocate(spoon,kitchen island area)""]","[""fetch"",""relocate""]",True,True,1.0
productivity,1571,1,89,"{""object_count"":1,""ordered_units"":[""fetch(knife)"",""fetch(apple)"",""relocate(apple,wooden cutting board)"",""state_change(interact,knife)""],""plan_length"":6}","[""fetch(knife)"",""fetch(apple)"",""relocate(apple,wooden cutting board)"",""state_change(interact,knife)""]","[""fetch"",""fetch"",""relocate"",""state_change""]",True,True,1.0
productivity,1598,1,52,"{""object_count"":1,""ordered_units"":[""fetch(knife)"",""fetch(apple)"",""relocate(apple,wooden cutting board)"",""state_change(interact,knife)""],""plan_length"":6}","[""fetch(knife)"",""fetch(apple)"",""relocate(apple,wooden cutting board)"",""state_change(interact,knife)""]","[""fetch"",""fetch"",""relocate"",""state_change""]",True,True,1.0
productivity,1603,1,931,"{""object_count"":1,""ordered_units"":[""fetch(kettle)"",""relocate(kettle,kitchen island area)""],""plan_length"":5}","[""fetch(kettle)"",""relocate(kettle,kitchen island area)""]","[""fetch"",""relocate""]",True,True,1.0
productivity,1608,1,1453,"{""object_count"":1,""ordered_units"":[""fetch(banana)"",""relocate(banana,plate)""],""plan_length"":5}","[""fetch(banana)"",""relocate(banana,plate)""]","[""fetch"",""relocate""]",True,True,1.0
productivity,1609,1,798,"{""object_count"":1,""ordered_units"":[""fetch(apple)"",""state_change(push,cardboardbox,R2)"",""relocate(apple,cardboardbox)"",""state_change(push,cardboardbox,R1)"",""fetch(apple)"",""relocate(apple,sink)""],""plan_length"":7}","[""fetch(apple)"",""state_change(push,cardboardbox,R2)"",""relocate(apple,cardboardbox)"",""state_change(push,cardboardbox,R1)"",""fetch(apple)"",""relocate(apple,sink)""]","[""fetch"",""state_change"",""relocate"",""state_change"",""fetch"",""relocate""]",True,False,0.0
productivity,1613,1,518,"{""object_count"":1,""ordered_units"":[""fetch(peach)"",""fetch(knife)"",""relocate(peach,wooden cutting board)"",""state_change(interact,knife)""],""plan_length"":6}","[""fetch(peach)"",""fetch(knife)"",""relocate(peach,wooden cutting board)"",""state_change(interact,knife)""]","[""fetch"",""fetch"",""relocate"",""state_change""]",True,True,1.0
productivity,1619,1,957,"{""object_count"":1,""ordered_units"":[""fetch(banana)"",""relocate(banana,plate)""],""plan_length"":5}","[""fetch(banana)"",""relocate(banana,plate)""]","[""fetch"",""relocate""]",True,True,1.0
productivity,1619,2,1338,"{""object_count"":1,""ordered_units"":[""fetch(banana)"",""relocate(banana,plate)""],""plan_length"":5}","[""fetch(banana)"",""relocate(banana,plate)""]","[""fetch"",""relocate""]",True,True,1.0
productivity,1637,1,1253,"{""object_count"":1,""ordered_units"":[""state_change(push,cardboardbox,R3)"",""fetch(fork)"",""relocate(fork,cardboardbox)"",""state_change(push,cardboardbox,R1)"",""fetch(fork)"",""relocate(fork,sink)""],""plan_length"":7}","[""state_change(push,cardboardbox,R3)"",""fetch(fork)"",""relocate(fork,cardboardbox)"",""state_change(push,cardboardbox,R1)"",""fetch(fork)"",""relocate(fork,sink)""]","[""state_change"",""fetch"",""relocate"",""state_change"",""fetch"",""relocate""]",True,True,1.0
productivity,1637,2,4192,"{""object_count"":1,""ordered_units"":[""state_change(push,cardboardbox,R3)"",""fetch(fork)"",""relocate(fork,cardboardbox)"",""state_change(push,cardboardbox,R2)"",""fetch(fork)"",""relocate(fork,sink)""],""plan_length"":7}","[""state_change(push,cardboardbox,R3)"",""fetch(fork)"",""relocate(fork,cardboardbox)"",""state_change(push,cardboardbox,R2)"",""fetch(fork)"",""relocate(fork,sink)""]","[""state_change"",""fetch"",""relocate"",""state_change"",""fetch"",""relocate""]",True,False,0.0
productivity,1644,1,26,"{""object_count"":1,""ordered_units"":[""fetch(peach)"",""fetch(knife)"",""relocate(peach,wooden cutting board)"",""state_change(interact,knife)""],""plan_length"":6}","[""fetch(peach)"",""fetch(knife)"",""relocate(peach,wooden cutting board)"",""state_change(interact,knife)""]","[""fetch"",""fetch"",""relocate"",""state_change""]",True,False,0.0
productivity,1651,1,6697,"{""object_count"":1,""ordered_units"":[""fetch(meat)"",""state_change(push,cardboardbox,R2)"",""relocate(meat,cardboardbox)"",""state_change(push,cardboardbox,R1)"",""fetch(meat)"",""relocate(meat,sink)""],""plan_length"":7}","[""fetch(meat)"",""state_change(push,cardboardbox,R2)"",""relocate(meat,cardboardbox)"",""state_change(push,cardboardbox,R1)"",""fetch(meat)"",""relocate(meat,sink)""]","[""fetch"",""state_change"",""relocate"",""state_change"",""fetch"",""relocate""]",True,True,1.0
productivity,1651,2,4059,"{""object_count"":1,""ordered_units"":[""state_change(push,cardboardbox,R3)"",""fetch(meat)"",""relocate(meat,cardboardbox)"",""state_change(push,cardboardbox,R1)"",""fetch(meat)"",""relocate(meat,sink)""],""plan_length"":7}","[""state_change(push,cardboardbox,R3)"",""fetch(meat)"",""relocate(meat,cardboardbox)"",""state_change(push,cardboardbox,R1)"",""fetch(meat)"",""relocate(meat,sink)""]","[""state_change"",""fetch"",""relocate"",""state_change"",""fetch"",""relocate""]",True,False,0.07692307692307693
productivity,1653,1,1145,"{""object_count"":1,""ordered_units"":[""fetch(bread)"",""relocate(bread,bowl)""],""plan_length"":5}","[""fetch(bread)"",""relocate(bread,bowl)""]","[""fetch"",""relocate""]",True,True,1.0
productivity,1653,2,1344,"{""object_count"":1,""ordered_units"":[""fetch(bread)"",""relocate(bread,bowl)""],""plan_length"":5}","[""fetch(bread)"",""relocate(bread,bowl)""]","[""fetch"",""relocate""]",True,True,1.0
productivity,1653,3,1357,"{""object_count"":1,""ordered_units"":[""fetch(bread)"",""relocate(bread,bowl)""],""plan_length"":5}","[""fetch(bread)"",""relocate(bread,bowl)""]","[""fetch"",""relocate""]",True,True,1.0
productivity,1657,1,108,"{""object_count"":1,""ordered_units"":[""fetch(banana)"",""relocate(banana,table)""],""plan_length"":5}","[""fetch(banana)"",""relocate(banana,table)""]","[""fetch"",""relocate""]",True,True,1.0
productivity,1659,1,3309,"{""object_count"":1,""ordered_units"":[""fetch(scissors)"",""relocate(scissors,kitchen work area)""],""plan_length"":5}","[""fetch(scissors)"",""relocate(scissors,kitchen work area)""]","[""fetch"",""relocate""]",True,True,1.0
productivity,1660,1,1176,"{""object_count"":1,""ordered_units"":[""fetch(tomato)"",""relocate(tomato,table)""],""plan_length"":5}","[""fetch(tomato)"",""relocate(tomato,table)""]","[""fetch"",""relocate""]",True,True,1.0
productivity,1660,2,1248,"{""object_count"":1,""ordered_units"":[""fetch(tomato)"",""relocate(tomato,table)""],""plan_length"":5}","[""fetch(tomato)"",""relocate(tomato,table)""]","[""fetch"",""relocate""]",True,True,1.0
productivity,1692,1,230,"{""object_count"":1,""ordered_units"":[""fetch(peach)"",""relocate(peach,table)""],""plan_length"":5}","[""fetch(peach)"",""relocate(peach,table)""]","[""fetch"",""relocate""]",True,True,1.0
productivity,1717,1,1078,"{""object_count"":1,""ordered_units"":[""fetch(bread)"",""relocate(bread,bowl)""],""plan_length"":5}","[""fetch(bread)"",""relocate(bread,bowl)""]","[""fetch"",""relocate""]",True,True,1.0
productivity,1720,1,299,"{""object_count"":1,""ordered_units"":[""fetch(pear)"",""fetch(knife)"",""relocate(pear,wooden cutting board)"",""state_change(interact,knife)""],""plan_length"":6}","[""fetch(pear)"",""fetch(knife)"",""relocate(pear,wooden cutting board)"",""state_change(interact,knife)""]","[""fetch"",""fetch"",""relocate"",""state_change""]",True,True,1.0
productivity,1721,1,1022,"{""object_count"":1,""ordered_units"":[""fetch(spoon)"",""relocate(spoon,kitchen work area)""],""plan_length"":5}","[""fetch(spoon)"",""relocate(spoon,kitchen work area)""]","[""fetch"",""relocate""]",True,True,1.0
productivity,1730,1,196,"{""object_count"":1,""ordered_units"":[""fetch(knife)"",""fetch(peach)"",""relocate(peach,wooden cutting board)"",""state_change(interact,knife)""],""plan_length"":6}","[""fetch(knife)"",""fetch(peach)"",""relocate(peach,wooden cutting board)"",""state_change(interact,knife)""]","[""fetch"",""fetch"",""relocate"",""state_change""]",True,False,0.0
productivity,1734,1,44,"{""object_count"":1,""ordered_units"":[""fetch(peach)"",""fetch(knife)"",""relocate(peach,wooden cutting board)"",""state_change(interact,knife)""],""plan_length"":6}","[""fetch(peach)"",""fetch(knife)"",""relocate(peach,wooden cutting board)"",""state_change(interact,knife)""]","[""fetch"",""fetch"",""relocate"",""state_change""]",True,False,0.0
productivity,1740,1,1680,"{""object_count"":1,""ordered_units"":[""state_change(push,cardboardbox,R3)"",""fetch(pear)"",""relocate(pear,cardboardbox)"",""state_change(push,cardboardbox,R2)"",""fetch(pear)"",""relocate(pear,sink)""],""plan_length"":7}","[""state_change(push,cardboardbox,R3)"",""fetch(pear)"",""relocate(pear,cardboardbox)"",""state_change(push,cardboardbox,R2)"",""fetch(pear)"",""relocate(pear,sink)""]","[""state_change"",""fetch"",""relocate"",""state_change"",""fetch"",""relocate""]",True,False,0.0
productivity,1742,1,548,"{""object_count"":1,""ordered_units"":[""fetch(pear)"",""relocate(pear,table)""],""plan_length"":5}","[""fetch(pear)"",""relocate(pear,table)""]","[""fetch"",""relocate""]",True,True,1.0
productivity,1743,1,299,"{""object_count"":1,""ordered_units"":[""fetch(pear)"",""fetch(knife)"",""relocate(pear,wooden cutting board)"",""state_change(interact,knife)""],""plan_length"":6}","[""fetch(pear)"",""fetch(knife)"",""relocate(pear,wooden cutting board)"",""state_change(interact,knife)""]","[""fetch"",""fetch"",""relocate"",""state_change""]",True,False,0.0
productivity,1759,1,101,"{""object_count"":1,""ordered_units"":[""fetch(knife)"",""fetch(pear)"",""relocate(pear,wooden cutting board)"",""state_change(interact,knife)""],""plan_length"":6}","[""fetch(knife)"",""fetch(pear)"",""relocate(pear,wooden cutting board)"",""state_change(interact,knife)""]","[""fetch"",""fetch"",""relocate"",""state_change""]",True,False,0.0
productivity,1765,1,6196,"{""object_count"":1,""ordered_units"":[""fetch(kettle)"",""relocate(kettle,kitchen work area)""],""plan_length"":5}","[""fetch(kettle)"",""relocate(kettle,kitchen work area)""]","[""fetch"",""relocate""]",True,True,1.0
productivity,1780,1,2743,"{""object_count"":1,""ordered_units"":[""state_change(push,cardboardbox,R3)"",""fetch(apple)"",""relocate(apple,cardboardbox)"",""state_change(push,cardboardbox,R1)"",""fetch(apple)"",""relocate(apple,sink)""],""plan_length"":7}","[""state_change(push,cardboardbox,R3)"",""fetch(apple)"",""relocate(apple,cardboardbox)"",""state_change(push,cardboardbox,R1)"",""fetch(apple)"",""relocate(apple,sink)""]","[""state_change"",""fetch"",""relocate"",""state_change"",""fetch"",""relocate""]",True,False,0.0
productivity,1780,2,5069,"{""object_count"":1,""ordered_units"":[""fetch(apple)"",""state_change(push,cardboardbox,R1)"",""relocate(apple,cardboardbox)"",""state_change(push,cardboardbox,R2)"",""fetch(apple)"",""relocate(apple,sink)""],""plan_length"":7}","[""fetch(apple)"",""state_change(push,cardboardbox,R1)"",""relocate(apple,cardboardbox)"",""state_change(push,cardboardbox,R2)"",""fetch(apple)"",""relocate(apple,sink)""]","[""fetch"",""state_change"",""relocate"",""state_change"",""fetch"",""relocate""]",True,False,0.0
