index,subgoal_position,predicted_subgoal,predicted_primitive_kind,matched_skill_name,injected_instance_ids,injected_unit_kinds,retrieval_hit,channel
1,0,pick_tomato_0_from_kitchen_work_area,fetch,fetch_tomato_from_cabinet,[],[],False,instance
1,1,move_to_sink_1,,move_to_destination,"[""2015:1"",""2015:4""]","[""relocate""]",,instance
1,2,clean_tomato_0,state_change,place_tomato,[],[],False,instance
1,3,move_to_plate_0,,place_on_plate,[],[],,instance
1,4,place_tomato_0_on_plate_0,relocate,load_tomato_into_plate,[],[],False,instance
13,0,move_to_kitchen_island_area,,navigate_to_kitchen_island,"[""1484:0""]","[""fetch"",""state_change""]",,instance
13,1,pick_bowl_0,fetch,fetch_bowl,"[""4764:0"",""1488:0""]","[""fetch"",""state_change""]",True,instance
13,2,move_to_kitchen_work_area,,move_to_cabinet,"[""3800:0""]","[""fetch"",""state_change""]",,instance
13,3,place_bowl_0,relocate,place_bowl,"[""4764:1"",""1488:2""]","[""fetch"",""multi_object_sequence"",""open_container_then_retrieve"",""relocate""]",True,instance
13,4,move_to_cabinet,,move_to_cabinet,[],[],,instance
13,5,pick_tomato_1,fetch,fetch_tomato,[],[],False,instance
13,6,move_to_bowl_0,,place_bowl,[],[],,instance
13,7,put_tomato_1_in_bowl_0,relocate,load_tomato_into_plate,[],[],False,instance
18,0,go_to_pear_0,,move_to_pear,[],[],,instance
18,1,take_pear_0,fetch,place_pear,[],[],False,instance
18,2,go_to_sink_1,,navigate_to_kitchen_island,[],[],,instance
18,3,clean_pear_0,state_change,place_pear,[],[],False,instance
18,4,go_to_bowl_0,,place_bowl,[],[],,instance
18,5,put_pear_0_in_bowl_0,relocate,place_pear_on_table,[],[],False,instance
20,0,observe_peach_on_table,,place_peach_on_table,"[""277:2"",""5935:2""]","[""multi_object_sequence"",""relocate""]",,instance
20,1,observe_tomato_on_table,,fetch_tomato_from_cabinet,[],[],,instance
20,2,check_peach_in_cabinet,state_change,fetch_peach_from_cabinet,"[""277:1"",""5935:1""]","[""fetch"",""open_container_then_retrieve"",""relocate""]",False,instance
20,3,check_tomato_in_kitchen_work_area,state_change,fetch_tomato_from_cabinet,[],[],False,instance
20,4,bring_peach_from_cabinet,relocate,fetch_peach_from_cabinet,"[""656:1""]","[""fetch"",""open_container_then_retrieve"",""relocate""]",True,instance
20,5,bring_tomato_from_kitchen_work_area,relocate,fetch_tomato_from_cabinet,[],[],False,instance
29,0,move_to_peach_0,,move_to_pear,[],[],,instance
29,1,pick_peach_0,fetch,place_peach,[],[],False,instance
29,2,move_to_sink_1,,move_to_destination,"[""6451:1"",""6451:4""]","[""relocate""]",,instance
29,3,rinse_peach_0,,place_peach,[],[],,instance
29,4,move_to_bowl_0,,place_bowl,[],[],,instance
29,5,place_peach_0_in_bowl_0,relocate,place_peach_on_table,[],[],False,instance
33,0,find_bread_0,fetch,fetch_bread,"[""2519:1"",""5838:1""]","[""fetch"",""open_container_then_retrieve""]",True,instance
33,1,find_bread_1,fetch,fetch_bread,"[""5988:1"",""6118:1""]","[""fetch"",""open_container_then_retrieve""]",True,instance
33,2,find_bread_2,fetch,fetch_bread,"[""3266:1"",""5679:1""]","[""fetch"",""open_container_then_retrieve""]",True,instance
33,3,find_bowl_0,fetch,fetch_bowl,[],[],False,instance
33,4,find_bowl_2,fetch,fetch_bowl,[],[],False,instance
33,5,serve_bread_on_bowl,relocate,place_bread_on_bowl,[],[],False,instance
40,0,get_peach_1,fetch,fetch_peach,[],[],False,instance
40,1,place_peach_on_wooden_cutting_board_3,relocate,place_peach_on_table,[],[],False,instance
40,2,get_tomato_2,fetch,fetch_tomato,[],[],False,instance
40,3,place_tomato_on_wooden_cutting_board_3,relocate,fetch_tomato_from_cabinet,[],[],False,instance
40,4,get_knife_0,fetch,cut_with_knife,[],[],False,instance
40,5,slice_peach_with_knife,state_change,fetch_peach_from_cabinet,[],[],False,instance
40,6,slice_tomato_with_knife,state_change,fetch_tomato_from_cabinet,[],[],False,instance
41,0,find_tomato_0,fetch,fetch_tomato,[],[],False,instance
41,1,find_green_peas_1,fetch,fetch_tomato,[],[],False,instance
41,2,find_bowl_2,fetch,fetch_bowl,[],[],False,instance
41,3,move_tomato_to_bowl,relocate,fetch_tomato_from_cabinet,[],[],False,instance
41,4,move_green_peas_to_bowl,relocate,move_to_pear,[],[],False,instance
42,0,get_meat_from_r2,fetch,fetch_tomato_from_cabinet,[],[],False,instance
42,1,check_distance_to_sink,state_change,inspect_location,[],[],False,instance
42,2,put_meat_in_cardboardbox,relocate,cardboardbox_object,"[""2919:1"",""4773:1""]","[""state_change""]",False,instance
42,3,move_cardboardbox_to_sink,relocate,move_cardboardbox,"[""1889:1"",""5003:1""]","[""relocate"",""state_change""]",True,instance
42,4,retrieve_meat_from_cardboardbox,fetch,cardboardbox_object,"[""2827:1"",""5667:1""]","[""relocate"",""state_change""]",False,instance
45,0,go_to_peach_0,,place_peach,[],[],,instance
45,1,take_peach_0,fetch,place_peach,[],[],False,instance
45,2,go_to_sink_1,,navigate_to_kitchen_island,[],[],,instance
45,3,rinse_peach_0,,place_peach,[],[],,instance
45,4,go_to_bowl_0,,place_bowl,[],[],,instance
45,5,put_peach_0_in_bowl_0,relocate,place_peach_on_table,[],[],False,instance
47,0,move_peach_to_wooden_cutting_board,relocate,place_peach_on_table,[],[],False,instance
47,1,move_bread_to_wooden_cutting_board,relocate,fetch_bread_from_cabinet,[],[],False,instance
47,2,work_knife_on_peach,,place_peach_on_table,[],[],,instance
47,3,work_knife_on_bread,,cut_with_knife,[],[],,instance
49,0,pick_apple_0_from_kitchen_work_area,fetch,fetch_fruit_from_cabinet,[],[],False,instance
49,1,place_apple_0_in_bowl_2,relocate,place_bowl,[],[],False,instance
49,2,pick_pear_1_from_kitchen_work_area,fetch,fetch_pear_from_cabinet,[],[],False,instance
49,3,place_pear_1_in_bowl_2,relocate,place_pear_on_table,[],[],False,instance
51,0,move_to_pear_0,,move_to_pear,[],[],,instance
51,1,pick_pear_0,fetch,place_pear,[],[],False,instance
51,2,move_to_kitchen_island_area,,navigate_to_kitchen_island,[],[],,instance
51,3,place_pear_0,relocate,place_pear,[],[],False,instance
52,0,move_to_kitchen_work_area,,move_to_cabinet,"[""2103:1"",""3614:1""]",[],,instance
52,1,pick_apple_0,fetch,fetch_apple,[],[],False,instance
52,2,move_to_cabinet_1,,move_to_cabinet,"[""5090:1"",""1810:1""]",[],,instance
52,3,place_apple_0_in_cabinet_1,relocate,fetch_apple_from_cabinet,[],[],False,instance
52,4,move_to_kitchen_work_area,,move_to_cabinet,"[""221:1"",""5954:1""]",[],,instance
52,5,pick_knife_1,fetch,cut_with_knife,[],[],False,instance
52,6,move_to_cabinet_1,,move_to_cabinet,[],[],,instance
52,7,place_knife_1_in_cabinet_1,relocate,place_objects_in_cabinet,[],[],False,instance
53,0,retrieve_bowl_0,fetch,fetch_bowl,"[""4764:0"",""1488:0""]","[""fetch"",""state_change""]",True,instance
53,1,place_bowl_0_on_kitchen_work_area,relocate,place_bowl,"[""4764:1"",""1488:2""]","[""fetch"",""multi_object_sequence"",""open_container_then_retrieve"",""relocate""]",True,instance
53,2,retrieve_apple_1_from_cabinet,fetch,fetch_apple_from_cabinet,[],[],False,instance
53,3,place_apple_1_in_bowl_0,relocate,place_bowl,"[""2686:2""]","[""fetch"",""multi_object_sequence"",""open_container_then_retrieve"",""relocate""]",True,instance
54,0,pick_bread_from_kitchen_work_area,fetch,fetch_bread_from_cabinet,[],[],False,instance
54,1,place_bread_into_toaster,relocate,place_bread_on_bowl,[],[],False,instance
54,2,turn_on_toaster,state_change,navigate_to_oven,[],[],False,instance
54,3,pick_plate_from_kitchen_work_area,fetch,place_plate_on_kitchen_island,[],[],False,instance
54,4,place_plate_on_kitchen_island_area,relocate,place_plate_on_kitchen_island,[],[],False,instance
59,0,go_to_banana_0,,place_banana,[],[],,instance
59,1,take_banana_0_from_kitchen_work_area,fetch,fetch_fruit_from_cabinet,[],[],False,instance
59,2,go_to_sink_1,,navigate_to_kitchen_island,[],[],,instance
59,3,rinse_banana_0,,fetch_banana,[],[],,instance
59,4,go_to_plate_0,,place_on_plate,[],[],,instance
59,5,put_banana_0_in_plate_0,relocate,place_banana,[],[],False,instance
61,0,pick_apple_0_from_kitchen_work_area,fetch,fetch_fruit_from_cabinet,[],[],False,instance
61,1,place_apple_0_in_cabinet_1,relocate,fetch_apple_from_cabinet,[],[],False,instance
61,2,pick_spoon_1_from_kitchen_work_area,fetch,place_spoon,[],[],False,instance
61,3,place_spoon_1_in_cabinet_1,relocate,place_spoon,[],[],False,instance
62,0,go_to_tomato_0,,place_tomato,[],[],,instance
62,1,pick_tomato_0,fetch,place_tomato,[],[],False,instance
62,2,go_to_sink_1,,navigate_to_kitchen_island,[],[],,instance
62,3,clean_tomato_0,state_change,place_tomato,[],[],False,instance
62,4,go_to_plate_0,,place_on_plate,[],[],,instance
62,5,place_tomato_0_on_plate_0,relocate,load_tomato_into_plate,[],[],False,instance
68,0,get_pear_1,fetch,fetch_pear,[],[],False,instance
68,1,place_pear_on_wooden_cutting_board_2,relocate,place_pear_on_table,[],[],False,instance
68,2,get_knife_0,fetch,cut_with_knife,"[""2255:2"",""782:2""]","[""state_change""]",False,instance
68,3,slice_pear_with_knife_0,state_change,cut_with_knife,[],[],False,instance
71,0,pick_pumpkin_0,fetch,place_peach,[],[],False,instance
71,1,pick_spoon_1,fetch,place_spoon,[],[],False,instance
71,2,store_pumpkin_and_spoon_in_cabinet,relocate,place_spoon,[],[],False,instance
73,0,find_scissors_0,fetch,cut_with_knife,[],[],False,instance
73,1,move_to_rack,,move_to,[],[],,instance
73,2,place_scissors_on_rack,relocate,cut_with_knife,[],[],False,instance
76,0,check_table_for_peach,state_change,check_table_fruits,"[""2444:0""]","[""fetch"",""state_change""]",True,instance
76,1,check_table_for_banana,state_change,check_table_fruits,[],[],False,instance
76,2,retrieve_peach_if_missing,fetch,fetch_peach_from_cabinet,"[""277:1"",""5935:1""]","[""fetch"",""open_container_then_retrieve"",""relocate""]",True,instance
76,3,retrieve_banana_if_missing,fetch,fetch_banana,"[""5046:2"",""5740:2""]","[""multi_object_sequence"",""relocate""]",False,instance
78,0,stack_peach_on_wooden_cutting_board,,place_peach_on_table,[],[],,instance
78,1,stack_tomato_on_wooden_cutting_board,,fetch_tomato_from_cabinet,[],[],,instance
78,2,chop_peach_and_tomato_with_knife,,cut_with_knife,[],[],,instance
82,0,inspect_table_for_apple,state_change,inspect_table,"[""1246:0"",""3434:0""]","[""fetch"",""state_change""]",True,instance
82,1,inspect_table_for_tomato,state_change,inspect_table,"[""4740:0"",""6384:0""]","[""fetch"",""state_change""]",True,instance
82,2,fetch_missing_apple,fetch,fetch_apple,"[""2839:1"",""5740:1""]","[""fetch"",""open_container_then_retrieve"",""relocate""]",True,instance
82,3,fetch_missing_tomato,fetch,fetch_tomato,[],[],False,instance
82,4,place_apple_on_table,relocate,place_apple_on_table,[],[],False,instance
82,5,place_tomato_on_table,relocate,load_tomato_into_plate,[],[],False,instance
84,0,find_apple_0,fetch,fetch_apple,[],[],False,instance
84,1,find_bowl_0,fetch,fetch_bowl,[],[],False,instance
84,2,place_apple_on_bowl,relocate,place_bread_on_bowl,[],[],False,instance
85,0,move_to_peach_0,,move_to_pear,[],[],,instance
85,1,take_peach_0,fetch,place_peach,[],[],False,instance
85,2,move_to_sink_1,,move_to_destination,"[""6451:1"",""6451:4""]","[""relocate""]",,instance
85,3,clean_peach_0,state_change,place_peach,[],[],False,instance
85,4,move_to_bowl_0,,place_bowl,[],[],,instance
85,5,put_peach_0_in_bowl_0,relocate,place_peach_on_table,[],[],False,instance
88,0,inspect_table_for_apple,state_change,inspect_table,"[""3147:0"",""3447:0""]","[""fetch"",""state_change""]",True,instance
88,1,inspect_table_for_banana,state_change,check_table_fruits,"[""2444:0""]","[""fetch"",""state_change""]",True,instance
88,2,find_missing_banana,fetch,fetch_banana,"[""1923:2"",""2411:2""]","[""multi_object_sequence"",""relocate""]",False,instance
88,3,retrieve_banana_from_location,fetch,fetch_banana,"[""2782:2""]","[""multi_object_sequence"",""relocate""]",False,instance
88,4,place_banana_on_table,relocate,place_fruit_on_table,[],[],False,instance
91,0,move_to_peach_0,,move_to_pear,[],[],,instance
91,1,pick_peach_0,fetch,place_peach,[],[],False,instance
91,2,move_to_kitchen_island_area,,navigate_to_kitchen_island,[],[],,instance
91,3,place_peach_0,relocate,place_peach,[],[],False,instance
93,0,assess_area_around_fridge,,inspect_oven,"[""1959:1"",""1979:1""]","[""state_change""]",,instance
94,0,move_to_kitchen_island_area,,navigate_to_kitchen_island,"[""1484:0""]","[""fetch"",""state_change""]",,instance
94,1,pick_plate_0,fetch,place_plate,"[""1379:0"",""4075:0""]","[""fetch"",""state_change""]",True,instance
94,2,move_to_kitchen_work_area,,move_to_cabinet,"[""3800:0""]","[""fetch"",""state_change""]",,instance
94,3,place_plate_0,relocate,place_plate,"[""4469:0"",""649:0""]","[""fetch"",""state_change""]",False,instance
94,4,move_to_cabinet,,move_to_cabinet,[],[],,instance
94,5,open_cabinet,state_change,open_cabinet,[],[],False,instance
94,6,pick_banana_1,fetch,fetch_banana,[],[],False,instance
94,7,close_cabinet,state_change,open_cabinet,[],[],False,instance
94,8,move_to_kitchen_work_area,,move_to_cabinet,[],[],,instance
94,9,place_banana_1_on_plate_0,relocate,place_banana,[],[],False,instance
115,0,place_bowl_on_kitchen_island_area,relocate,place_plate_on_kitchen_island,"[""1484:1"",""2240:0""]","[""fetch"",""relocate"",""state_change""]",True,instance
115,1,fetch_bread_from_cabinet,fetch,fetch_bread_from_cabinet,"[""1484:2""]","[""fetch"",""open_container_then_retrieve""]",True,instance
115,2,load_bread_into_bowl,relocate,place_bread_on_bowl,[],[],False,instance
118,0,check_table_for_pear_and_banana,state_change,check_table_fruits,"[""2444:0""]","[""fetch"",""state_change""]",True,instance
118,1,check_cabinet_for_pear,state_change,fetch_pear_from_cabinet,"[""1070:1""]","[""fetch"",""open_container_then_retrieve"",""relocate""]",False,instance
118,2,check_cabinet_for_banana,state_change,fetch_fruit_from_cabinet,"[""4135:2""]","[""fetch"",""multi_object_sequence"",""open_container_then_retrieve"",""relocate""]",False,instance
118,3,retrieve_missing_fruit,fetch,fetch_missing_fruit,"[""1207:1"",""2444:1""]","[""fetch"",""open_container_then_retrieve"",""relocate""]",True,instance
121,0,examine_table,,inspect_table,"[""184:0"",""3195:0""]","[""fetch"",""state_change""]",,instance
121,1,check_peach_presence,state_change,fetch_peach,"[""1065:1"",""353:1""]","[""fetch"",""open_container_then_retrieve"",""relocate""]",False,instance
121,2,check_tomato_presence,state_change,load_tomato,[],[],False,instance
121,3,retrieve_peach_from_cabinet,fetch,fetch_peach_from_cabinet,"[""277:1"",""5935:1""]","[""fetch"",""open_container_then_retrieve"",""relocate""]",True,instance
121,4,retrieve_tomato_from_kitchen_work_area,fetch,fetch_tomato_from_cabinet,[],[],False,instance
121,5,place_peach_on_table,relocate,place_peach_on_table,[],[],False,instance
121,6,place_tomato_on_table,relocate,load_tomato_into_plate,[],[],False,instance
122,0,pick_fork_from_r2,fetch,cut_with_knife,[],[],False,instance
122,1,place_fork_in_cardboardbox_1,relocate,move_cardboardbox,"[""1889:1"",""5003:1""]","[""relocate"",""state_change""]",True,instance
122,2,move_cardboardbox_1_to_sink_2,relocate,move_cardboardbox,"[""2318:2"",""4873:1""]","[""fetch"",""relocate"",""state_change""]",True,instance
122,3,extract_fork_from_cardboardbox_1,,cardboardbox_object,"[""2919:1"",""4773:1""]","[""state_change""]",,instance
129,0,load_bread_into_toaster,relocate,fetch_bread_from_cabinet,[],[],False,instance
129,1,start_toaster_operation,,fetch_bread_from_cabinet,[],[],,instance
129,2,arrange_plate_on_kitchen_island_area,,place_plate_on_kitchen_island,[],[],,instance
133,0,move_to_banana_0,,place_banana,[],[],,instance
133,1,pick_banana_0,fetch,fetch_banana,[],[],False,instance
133,2,move_to_sink_1,,move_to_destination,"[""2751:1"",""2751:4""]","[""relocate""]",,instance
133,3,wash_banana_0,state_change,place_banana,[],[],False,instance
133,4,move_to_bowl_0,,place_bowl,[],[],,instance
133,5,place_banana_0_in_bowl_0,relocate,place_banana,[],[],False,instance
134,0,pick_bread_from_kitchen_work_area,fetch,fetch_bread_from_cabinet,[],[],False,instance
134,1,place_bread_into_toaster,relocate,place_bread_on_bowl,[],[],False,instance
134,2,turn_on_toaster,state_change,navigate_to_oven,[],[],False,instance
134,3,pick_plate_from_kitchen_island_area,fetch,place_plate_on_kitchen_island,[],[],False,instance
134,4,place_plate_on_kitchen_work_area,relocate,place_plate_on_kitchen_island,[],[],False,instance
136,0,inspect_table,state_change,inspect_table,"[""3372:0"",""6123:0""]","[""fetch"",""state_change""]",True,instance
136,1,check_for_missing_apple,state_change,fetch_apple_from_cabinet,"[""5944:1""]","[""fetch"",""open_container_then_retrieve"",""relocate""]",False,instance
136,2,check_for_missing_tomato,state_change,fetch_tomato_from_cabinet,[],[],False,instance
136,3,fetch_missing_apple,fetch,fetch_apple,"[""5740:1"",""2839:1""]","[""fetch"",""open_container_then_retrieve"",""relocate""]",True,instance
136,4,fetch_missing_tomato,fetch,fetch_tomato,[],[],False,instance
138,0,pick_peach_0,fetch,place_peach,[],[],False,instance
138,1,pick_spoon_1,fetch,place_spoon,[],[],False,instance
138,2,deposit_peach_0_in_cabinet_1,,fetch_peach_from_cabinet,[],[],,instance
138,3,deposit_spoon_1_in_cabinet_1,,place_spoon,[],[],,instance
145,0,place_bowl_on_kitchen_work_area,relocate,place_bowl,"[""4764:1"",""1488:2""]","[""fetch"",""multi_object_sequence"",""open_container_then_retrieve"",""relocate""]",True,instance
145,1,fetch_apple_from_cabinet,fetch,fetch_apple_from_cabinet,[],[],False,instance
145,2,load_apple_into_bowl,relocate,place_apple_on_table,[],[],False,instance
147,0,pick_bread_0,fetch,place_bread,[],[],False,instance
147,1,place_bread_in_toaster,relocate,place_bread_on_bowl,[],[],False,instance
147,2,turn_on_toaster,state_change,navigate_to_oven,[],[],False,instance
147,3,pick_plate_2,fetch,place_plate,[],[],False,instance
147,4,place_plate_on_kitchen_work_area,relocate,place_plate_on_kitchen_island,[],[],False,instance
153,0,find_apple_0,fetch,fetch_apple,[],[],False,instance
153,1,open_cabinet_1,state_change,open_cabinet,[],[],False,instance
153,2,find_apple_0,fetch,fetch_apple,[],[],False,instance
153,3,pick_apple_0,fetch,fetch_apple,[],[],False,instance
153,4,place_apple_0_on_plate_2,relocate,place_apple_on_table,[],[],False,instance
161,0,check_table_for_peach,state_change,check_table_fruits,"[""2444:0""]","[""fetch"",""state_change""]",True,instance
161,1,check_table_for_banana,state_change,check_table_fruits,[],[],False,instance
161,2,retrieve_missing_peach,fetch,fetch_peach_from_cabinet,"[""277:1"",""5935:1""]","[""fetch"",""open_container_then_retrieve"",""relocate""]",True,instance
161,3,retrieve_missing_banana,fetch,fetch_banana,"[""1923:2"",""2411:2""]","[""multi_object_sequence"",""relocate""]",False,instance
161,4,check_cabinet_for_peach,state_change,fetch_peach_from_cabinet,"[""656:1""]","[""fetch"",""open_container_then_retrieve"",""relocate""]",False,instance
161,5,check_cabinet_for_banana,state_change,fetch_fruit_from_cabinet,[],[],False,instance
164,0,load_meat_into_bowl,relocate,load_tomato_into_plate,[],[],False,instance
164,1,load_tomato_into_bowl,relocate,load_tomato_into_plate,[],[],False,instance
171,0,get_knife_0_from_kitchen_work_area,fetch,cut_with_knife,"[""2255:2"",""782:2""]","[""state_change""]",False,instance
171,1,get_pear_1_from_kitchen_work_area,fetch,fetch_pear_from_cabinet,[],[],False,instance
171,2,place_pear_1_on_wooden_cutting_board_2,relocate,place_pear_on_table,[],[],False,instance
171,3,slice_pear_1_with_knife_0,state_change,cut_with_knife,[],[],False,instance
176,0,move_pear_to_wooden_cutting_board,relocate,move_to_pear,[],[],False,instance
176,1,move_tomato_to_wooden_cutting_board,relocate,fetch_tomato_from_cabinet,[],[],False,instance
176,2,cut_pear_with_knife,state_change,cut_with_knife,[],[],False,instance
176,3,cut_tomato_with_knife,state_change,fetch_tomato_from_cabinet,[],[],False,instance
177,0,pick_bread_0,fetch,place_bread,[],[],False,instance
177,1,place_bread_in_toaster,relocate,place_bread_on_bowl,[],[],False,instance
177,2,turn_on_toaster,state_change,navigate_to_oven,[],[],False,instance
177,3,pick_plate_2,fetch,place_plate,[],[],False,instance
177,4,place_plate_on_kitchen_work_area,relocate,place_plate_on_kitchen_island,[],[],False,instance
179,0,pick_bread_0,fetch,place_bread,[],[],False,instance
179,1,place_bread_in_toaster,relocate,place_bread_on_bowl,[],[],False,instance
179,2,turn_on_toaster,state_change,navigate_to_oven,[],[],False,instance
179,3,pick_plate_2,fetch,place_plate,[],[],False,instance
179,4,place_plate_on_kitchen_work_area,relocate,place_plate_on_kitchen_island,[],[],False,instance
187,0,check_bread_presence,state_change,fetch_bread,[],[],False,instance
187,1,check_plate_presence,state_change,place_plate,[],[],False,instance
187,2,check_cabinet_for_bread,state_change,fetch_bread_from_cabinet,[],[],False,instance
187,3,place_bread_on_plate,relocate,place_bread_on_bowl,[],[],False,instance
192,0,run_water_over_peach,,place_peach_on_table,[],[],,instance
192,1,arrange_peach_in_plate,,place_peach_on_table,[],[],,instance
193,0,move_to_bottle_0,,move_to,[],[],,instance
193,1,pick_bottle_0,fetch,cardboardbox_spoon,[],[],False,instance
193,2,move_to_rack,,move_to,[],[],,instance
193,3,place_bottle_0_on_rack,relocate,place_on_plate,[],[],False,instance
197,0,find_peach_0,fetch,fetch_peach,[],[],False,instance
197,1,find_knife_1,fetch,cut_with_knife,[],[],False,instance
197,2,move_to_cabinet_1,,move_to_cabinet,"[""2941:1"",""6691:1""]",[],,instance
197,3,place_peach_in_cabinet,relocate,fetch_peach_from_cabinet,[],[],False,instance
197,4,place_knife_in_cabinet,relocate,place_objects_in_cabinet,"[""1944:3"",""3497:3""]","[""multi_object_sequence"",""relocate""]",True,instance
202,0,check_table_for_pear,state_change,check_table_fruits,"[""2444:0""]","[""fetch"",""state_change""]",True,instance
202,1,check_table_for_banana,state_change,check_table_fruits,[],[],False,instance
202,2,retrieve_missing_pear,fetch,fetch_pear_from_cabinet,"[""1070:1""]","[""fetch"",""open_container_then_retrieve"",""relocate""]",True,instance
202,3,retrieve_missing_banana,fetch,fetch_banana,"[""5740:2"",""5046:2""]","[""multi_object_sequence"",""relocate""]",False,instance
209,0,pick_apple_0_from_kitchen_work_area,fetch,fetch_fruit_from_cabinet,[],[],False,instance
209,1,pick_spoon_1_from_kitchen_work_area,fetch,place_spoon,[],[],False,instance
209,2,move_to_cabinet_2,,move_to_cabinet,"[""2356:1"",""2455:1""]",[],,instance
209,3,store_apple_0_in_cabinet_2,relocate,fetch_apple_from_cabinet,[],[],False,instance
209,4,store_spoon_1_in_cabinet_2,relocate,place_spoon,[],[],False,instance
222,0,get_peach_1,fetch,fetch_peach,[],[],False,instance
222,1,place_peach_on_wooden_cutting_board_3,relocate,place_peach_on_table,[],[],False,instance
222,2,get_tomato_2,fetch,fetch_tomato,[],[],False,instance
222,3,place_tomato_on_wooden_cutting_board_3,relocate,fetch_tomato_from_cabinet,[],[],False,instance
222,4,get_knife_0,fetch,cut_with_knife,[],[],False,instance
222,5,slice_peach_with_knife,state_change,fetch_peach_from_cabinet,[],[],False,instance
222,6,slice_tomato_with_knife,state_change,fetch_tomato_from_cabinet,[],[],False,instance
225,0,move_cardboardbox_to_kitchen_island,relocate,move_cardboardbox,[],[],False,instance
228,0,pick_pumpkin_0_from_r3,fetch,fetch_tomato_from_cabinet,[],[],False,instance
228,1,place_pumpkin_0_in_cardboardbox_1,relocate,cardboardbox_spoon,"[""2468:1"",""1454:1""]","[""relocate"",""state_change""]",True,instance
228,2,move_cardboardbox_1_to_sink_2,relocate,move_cardboardbox,"[""5133:1"",""4873:1""]","[""relocate"",""state_change""]",True,instance
228,3,extract_pumpkin_0_from_cardboardbox_1,,cardboardbox_spoon,"[""4367:1"",""1982:1""]","[""relocate"",""state_change""]",,instance
228,4,place_pumpkin_0_in_sink_2,relocate,place_bowl,[],[],False,instance
230,0,pick_pear_0,fetch,place_pear,[],[],False,instance
230,1,pick_pizza_1,fetch,place_tomato,[],[],False,instance
230,2,place_pear_0_into_plate_2,relocate,place_pear_on_table,[],[],False,instance
230,3,place_pizza_1_into_plate_2,relocate,place_on_plate,[],[],False,instance
234,0,move_to_apple_0,,move_to_pear,[],[],,instance
234,1,pick_apple_0,fetch,fetch_apple,[],[],False,instance
234,2,move_to_sink_1,,move_to_destination,"[""2751:1"",""2751:4""]","[""relocate""]",,instance
234,3,clean_apple_0,state_change,fetch_apple,[],[],False,instance
234,4,move_to_plate_0,,place_on_plate,[],[],,instance
234,5,place_apple_0_on_plate_0,relocate,place_apple_on_table,[],[],False,instance
235,0,inspect_table_for_peach_and_tomato,state_change,check_table_fruits,"[""2444:0""]","[""fetch"",""state_change""]",True,instance
235,1,check_cabinet_for_peach,state_change,fetch_peach_from_cabinet,"[""277:1"",""5935:1""]","[""fetch"",""open_container_then_retrieve"",""relocate""]",False,instance
235,2,fetch_peach_from_cabinet,fetch,fetch_peach_from_cabinet,"[""656:1""]","[""fetch"",""open_container_then_retrieve"",""relocate""]",True,instance
235,3,place_peach_on_table,relocate,place_peach_on_table,"[""277:2"",""5935:2""]","[""multi_object_sequence"",""relocate""]",True,instance
235,4,check_kitchen_work_area_for_tomato,state_change,fetch_tomato_from_cabinet,[],[],False,instance
235,5,fetch_tomato_from_kitchen_work_area,fetch,fetch_tomato_from_cabinet,[],[],False,instance
235,6,place_tomato_on_table,relocate,load_tomato_into_plate,[],[],False,instance
247,0,go_to_peach_0,,place_peach,[],[],,instance
247,1,take_peach_0,fetch,place_peach,[],[],False,instance
247,2,go_to_sink_1,,navigate_to_kitchen_island,[],[],,instance
247,3,rinse_peach_0,,place_peach,[],[],,instance
247,4,go_to_plate_0,,place_on_plate,[],[],,instance
247,5,put_peach_0_in_plate_0,relocate,place_peach_on_table,[],[],False,instance
250,0,move_to_tomato_0,,place_tomato,[],[],,instance
250,1,pick_tomato_0,fetch,place_tomato,[],[],False,instance
250,2,move_to_bowl_0,,place_bowl,[],[],,instance
250,3,place_tomato_0_in_bowl_0,relocate,load_tomato_into_plate,[],[],False,instance
250,4,move_to_pumpkin_1,,move_to_pear,[],[],,instance
250,5,pick_pumpkin_1,fetch,place_peach,[],[],False,instance
250,6,move_to_bowl_0,,place_bowl,[],[],,instance
250,7,place_pumpkin_1_in_bowl_0,relocate,place_bowl,[],[],False,instance
253,0,pick_meat_0,fetch,cut_with_knife,[],[],False,instance
253,1,place_meat_in_bowl_2,relocate,place_bowl,"[""538:1"",""925:1""]","[""multi_object_sequence"",""relocate""]",True,instance
253,2,pick_tomato_1,fetch,fetch_tomato,[],[],False,instance
253,3,place_tomato_in_bowl_2,relocate,place_tomato,[],[],False,instance
257,0,find_bottle_0,fetch,fetch_bowl,[],[],False,instance
257,1,move_to_rack,,move_to,[],[],,instance
257,2,place_bottle_on_rack,relocate,place_on_plate,[],[],False,instance
265,0,move_to_banana_0,,place_banana,[],[],,instance
265,1,pick_banana_0,fetch,fetch_banana,[],[],False,instance
265,2,move_to_sink_1,,move_to_destination,"[""6451:1"",""6451:4""]","[""relocate""]",,instance
265,3,rinse_banana_0,,fetch_banana,[],[],,instance
265,4,move_to_bowl_0,,place_bowl,[],[],,instance
265,5,place_banana_0_in_bowl_0,relocate,place_banana,[],[],False,instance
270,0,load_bread_into_toaster,relocate,fetch_bread_from_cabinet,[],[],False,instance
270,1,start_toaster_operation,,fetch_bread_from_cabinet,[],[],,instance
270,2,arrange_bowl_on_kitchen_island_area,,place_plate_on_kitchen_island,[],[],,instance
276,0,observe_table_for_apple,,place_apple_on_table,"[""2839:2"",""5841:2""]","[""multi_object_sequence"",""relocate""]",,instance
276,1,observe_table_for_banana,,check_table_fruits,"[""2444:0""]","[""fetch"",""state_change""]",,instance
276,2,check_if_apple_is_missing,state_change,fetch_apple_from_cabinet,"[""5944:1""]","[""fetch"",""open_container_then_retrieve"",""relocate""]",False,instance
276,3,check_if_banana_is_missing,state_change,fetch_banana,"[""1923:2"",""2411:2""]","[""multi_object_sequence"",""relocate""]",False,instance
276,4,fetch_missing_apple_from_cabinet,fetch,fetch_apple_from_cabinet,[],[],False,instance
276,5,fetch_missing_banana_from_cabinet,fetch,fetch_banana,[],[],False,instance
276,6,place_apple_on_table,relocate,place_apple_on_table,[],[],False,instance
276,7,place_banana_on_table,relocate,place_fruit_on_table,[],[],False,instance
279,0,pick_meat_0,fetch,cut_with_knife,[],[],False,instance
279,1,place_meat_on_plate_0,relocate,place_on_plate,[],[],False,instance
279,2,pick_apple_0,fetch,fetch_apple,[],[],False,instance
279,3,place_apple_on_plate_0,relocate,place_apple_on_table,[],[],False,instance
282,0,inspect_cabinet_1,state_change,inspect_cabinet,[],[],False,instance
282,1,move_to_kitchen_island_area,,navigate_to_kitchen_island,[],[],,instance
282,2,pick_apple_0,fetch,fetch_apple,[],[],False,instance
282,3,move_to_kitchen_work_area,,move_to_cabinet,[],[],,instance
282,4,place_apple_0_in_bowl_2,relocate,place_bowl,[],[],False,instance
291,0,check_bread_presence,state_change,fetch_bread,"[""3266:1"",""5679:1""]","[""fetch"",""open_container_then_retrieve""]",False,instance
291,1,check_cabinet_for_bread,state_change,fetch_bread_from_cabinet,[],[],False,instance
291,2,pick_bread_from_cabinet,fetch,fetch_bread_from_cabinet,[],[],False,instance
291,3,place_bread_on_plate,relocate,place_bread_on_bowl,"[""2519:2"",""5838:2""]","[""relocate""]",True,instance
294,0,find_apple_0,fetch,fetch_apple,"[""5841:1"",""2839:1""]","[""fetch"",""open_container_then_retrieve"",""relocate""]",True,instance
294,1,find_tomato_1,fetch,fetch_tomato,[],[],False,instance
294,2,compare_fruits,,inspect_fruits,"[""1207:0"",""4641:0""]","[""fetch"",""state_change""]",,instance
294,3,decide_missing_fruit,,fetch_missing_fruit,"[""1207:1"",""2444:1""]","[""fetch"",""open_container_then_retrieve"",""relocate""]",,instance
294,4,go_to_missing_fruit_location,,check_fruit_location,[],[],,instance
294,5,pick_missing_fruit,fetch,fetch_missing_fruit,[],[],False,instance
294,6,bring_fruit_to_table,relocate,place_fruit_on_table,[],[],False,instance
301,0,find_apple_0,fetch,fetch_apple,[],[],False,instance
301,1,take_apple_0_from_cabinet,fetch,fetch_apple_from_cabinet,[],[],False,instance
301,2,place_apple_0_on_plate_0,relocate,place_apple_on_table,[],[],False,instance
304,0,assess_oven_area,,inspect_oven,"[""1959:1"",""1979:1""]","[""state_change""]",,instance
314,0,find_apple_0,fetch,fetch_apple,[],[],False,instance
314,1,take_apple_0_from_cabinet,fetch,fetch_apple_from_cabinet,[],[],False,instance
314,2,place_apple_0_on_plate_0,relocate,place_apple_on_table,[],[],False,instance
318,0,find_pumpkin_0,fetch,fetch_banana,[],[],False,instance
318,1,find_spoon_1,fetch,place_spoon,[],[],False,instance
318,2,open_cabinet_1,state_change,open_cabinet,"[""2020:2"",""2223:2""]","[""multi_object_sequence"",""relocate"",""state_change""]",True,instance
318,3,place_pumpkin_0_in_cabinet_1,relocate,place_objects_in_cabinet,"[""1944:3"",""3497:3""]","[""multi_object_sequence"",""relocate""]",True,instance
318,4,place_spoon_1_in_cabinet_1,relocate,place_spoon,[],[],False,instance
318,5,close_cabinet_1,state_change,open_cabinet,"[""285:2"",""3038:2""]","[""multi_object_sequence"",""relocate"",""state_change""]",True,instance
323,0,move_to_kitchen_island_area,,navigate_to_kitchen_island,[],[],,instance
323,1,pick_knife,fetch,cut_with_knife,"[""2255:2"",""782:2""]","[""state_change""]",False,instance
323,2,move_to_wooden_cutting_board,,move_to_cabinet,[],[],,instance
323,3,cut_apple_with_knife,state_change,cut_with_knife,[],[],False,instance
324,0,pick_bread_0_from_kitchen_island_area,fetch,fetch_bread_from_cabinet,[],[],False,instance
324,1,insert_bread_into_toaster_1,,place_bread_on_bowl,[],[],,instance
324,2,activate_toaster_1,state_change,activate_device,"[""183:2"",""2138:2""]","[""multi_object_sequence"",""state_change""]",True,instance
324,3,pick_bowl_0_from_kitchen_work_area,fetch,place_bowl,[],[],False,instance
324,4,place_bowl_0_on_kitchen_island_area,relocate,place_plate_on_kitchen_island,[],[],False,instance
329,0,move_to_kitchen_island_area,,navigate_to_kitchen_island,[],[],,instance
329,1,pick_apple_0,fetch,fetch_apple,[],[],False,instance
329,2,move_to_cabinet_1,,move_to_cabinet,"[""6947:1"",""2273:1""]",[],,instance
329,3,place_apple_0_in_cabinet_1,relocate,fetch_apple_from_cabinet,[],[],False,instance
329,4,move_to_kitchen_island_area,,navigate_to_kitchen_island,[],[],,instance
329,5,pick_knife_1,fetch,cut_with_knife,[],[],False,instance
329,6,move_to_cabinet_1,,move_to_cabinet,"[""372:1"",""6702:1""]",[],,instance
329,7,place_knife_1_in_cabinet_1,relocate,place_objects_in_cabinet,"[""6336:3"",""6341:3""]","[""multi_object_sequence"",""relocate""]",True,instance
334,0,arrange_plate_on_kitchen_work_area,,place_plate_on_kitchen_island,"[""1484:1"",""2240:0""]","[""fetch"",""relocate"",""state_change""]",,instance
334,1,retrieve_bread_from_cabinet,fetch,fetch_bread_from_cabinet,"[""1484:2""]","[""fetch"",""open_container_then_retrieve""]",True,instance
334,2,place_bread_into_plate,relocate,place_bread_on_bowl,[],[],False,instance
335,0,move_to_apple_0,,move_to_pear,[],[],,instance
335,1,pick_apple_0,fetch,fetch_apple,[],[],False,instance
335,2,move_to_sink_1,,move_to_destination,"[""2751:1"",""2751:4""]","[""relocate""]",,instance
335,3,clean_apple_0,state_change,fetch_apple,[],[],False,instance
335,4,move_to_bowl_0,,place_bowl,[],[],,instance
335,5,place_apple_0_in_bowl_0,relocate,place_bowl,[],[],False,instance
337,0,pick_meat_0,fetch,cut_with_knife,[],[],False,instance
337,1,place_meat_in_bowl_0,relocate,place_bowl,[],[],False,instance
337,2,pick_green_peas_1,fetch,fetch_tomato,[],[],False,instance
337,3,place_green_peas_in_bowl_0,relocate,place_bowl,[],[],False,instance
340,0,move_to_bowl_0,,place_bowl,"[""4764:1"",""1488:2""]","[""fetch"",""multi_object_sequence"",""open_container_then_retrieve"",""relocate""]",,instance
340,1,pick_bowl_0,fetch,fetch_bowl,"[""4764:0"",""1488:0""]","[""fetch"",""state_change""]",True,instance
340,2,move_to_kitchen_island_area,,navigate_to_kitchen_island,"[""1484:0""]","[""fetch"",""state_change""]",,instance
340,3,place_bowl_0,relocate,place_bowl,"[""2686:2""]","[""fetch"",""multi_object_sequence"",""open_container_then_retrieve"",""relocate""]",True,instance
340,4,move_to_cabinet,,move_to_cabinet,[],[],,instance
340,5,open_cabinet,state_change,open_cabinet,[],[],False,instance
340,6,move_to_apple_1,,move_to_pear,[],[],,instance
340,7,pick_apple_1,fetch,fetch_apple,[],[],False,instance
340,8,move_to_bowl_0,,place_bowl,[],[],,instance
340,9,place_apple_1,relocate,place_pear,[],[],False,instance
349,0,pick_bread_from_kitchen_island_area,fetch,fetch_bread_from_cabinet,[],[],False,instance
349,1,place_bread_into_toaster,relocate,place_bread_on_bowl,[],[],False,instance
349,2,turn_on_toaster,state_change,navigate_to_oven,[],[],False,instance
349,3,pick_bowl_from_kitchen_island_area,fetch,place_bowl,[],[],False,instance
349,4,place_bowl_on_kitchen_work_area,relocate,place_bowl,[],[],False,instance
352,0,transport_pear_1_to_wooden_cutting_board_3,,fetch_pear_from_cabinet,[],[],,instance
352,1,transport_tomato_2_to_wooden_cutting_board_3,,fetch_tomato_from_cabinet,[],[],,instance
352,2,dice_pear_1_with_knife_0,,move_to_pear,[],[],,instance
352,3,dice_tomato_2_with_knife_0,,fetch_tomato_from_cabinet,[],[],,instance
370,0,find_banana_0,fetch,fetch_banana,[],[],False,instance
370,1,find_plate_2,fetch,place_plate,[],[],False,instance
370,2,place_banana_on_plate,relocate,place_on_plate,[],[],False,instance
393,0,get_knife_0,fetch,cut_with_knife,"[""2255:2"",""782:2""]","[""state_change""]",False,instance
393,1,get_peach_1,fetch,fetch_peach,[],[],False,instance
393,2,get_wooden_cutting_board_2,fetch,cut_with_knife,[],[],False,instance
393,3,slice_peach_on_wooden_cutting_board,state_change,place_peach_on_table,[],[],False,instance
395,0,pick_pumpkin_0,fetch,place_peach,[],[],False,instance
395,1,place_pumpkin_0_on_plate_0,relocate,place_on_plate,[],[],False,instance
395,2,pick_tomato_1,fetch,fetch_tomato,[],[],False,instance
395,3,place_tomato_1_on_plate_0,relocate,load_tomato_into_plate,[],[],False,instance
396,0,check_bread_presence,state_change,fetch_bread,[],[],False,instance
396,1,check_plate_presence,state_change,place_plate,[],[],False,instance
396,2,check_cabinet_for_bread,state_change,fetch_bread_from_cabinet,[],[],False,instance
396,3,place_bread_on_plate,relocate,place_bread_on_bowl,[],[],False,instance
397,0,pick_tomato_0,fetch,place_tomato,[],[],False,instance
397,1,pick_fork_1,fetch,place_spoon,[],[],False,instance
397,2,store_tomato_and_fork_in_cabinet,relocate,fetch_tomato_from_cabinet,[],[],False,instance
400,0,move_to_banana_0,,place_banana,[],[],,instance
400,1,pick_banana_0,fetch,fetch_banana,[],[],False,instance
400,2,move_to_plate_2,,place_on_plate,[],[],,instance
400,3,place_banana_0_in_plate_2,relocate,place_banana,[],[],False,instance
400,4,move_to_green_peas_1,,move_to_pear,[],[],,instance
400,5,pick_green_peas_1,fetch,fetch_tomato,[],[],False,instance
400,6,move_to_plate_2,,place_on_plate,[],[],,instance
400,7,place_green_peas_1_in_plate_2,relocate,load_tomato_into_plate,[],[],False,instance
401,0,pop_pear_1,,place_pear,[],[],,instance
401,1,slice_pear_1,state_change,place_pear,[],[],False,instance
401,2,slice_banana_2,state_change,place_banana,[],[],False,instance
405,0,find_apple_0,fetch,fetch_apple,[],[],False,instance
405,1,take_apple_from_cabinet,fetch,fetch_apple_from_cabinet,[],[],False,instance
405,2,place_apple_on_bowl_2,relocate,place_bread_on_bowl,"[""2519:2"",""5838:2""]","[""relocate""]",True,instance
427,0,check_table_for_peach,state_change,check_table_fruits,"[""2444:0""]","[""fetch"",""state_change""]",True,instance
427,1,check_table_for_tomato,state_change,check_table_fruits,[],[],False,instance
427,2,retrieve_missing_peach,fetch,fetch_peach_from_cabinet,"[""277:1"",""5935:1""]","[""fetch"",""open_container_then_retrieve"",""relocate""]",True,instance
427,3,retrieve_missing_tomato,fetch,fetch_tomato_from_cabinet,[],[],False,instance
427,4,check_cabinet_for_peach,state_change,fetch_peach_from_cabinet,"[""656:1""]","[""fetch"",""open_container_then_retrieve"",""relocate""]",False,instance
427,5,check_cabinet_for_tomato,state_change,fetch_tomato_from_cabinet,[],[],False,instance
436,0,move_pear_to_wooden_cutting_board,relocate,move_to_pear,[],[],False,instance
436,1,move_bread_to_wooden_cutting_board,relocate,fetch_bread_from_cabinet,[],[],False,instance
436,2,cut_pear_with_knife,state_change,cut_with_knife,[],[],False,instance
436,3,cut_bread_with_knife,state_change,cut_with_knife,[],[],False,instance
440,0,pick_peach_0,fetch,place_peach,[],[],False,instance
440,1,pick_spoon_1,fetch,place_spoon,[],[],False,instance
440,2,move_to_cabinet_1,,move_to_cabinet,"[""5369:1"",""1051:1""]",[],,instance
440,3,store_peach_0,relocate,place_peach,[],[],False,instance
440,4,store_spoon_1,relocate,place_spoon,[],[],False,instance
441,0,inspect_oven_vicinity,state_change,inspect_oven,"[""1959:1"",""1979:1""]","[""state_change""]",True,instance
458,0,get_peach_1,fetch,fetch_peach,[],[],False,instance
458,1,get_wooden_cutting_board_2,fetch,cut_with_knife,"[""2255:2"",""782:2""]","[""state_change""]",False,instance
458,2,place_peach_on_wooden_cutting_board,relocate,place_peach_on_table,[],[],False,instance
458,3,get_knife_0,fetch,cut_with_knife,[],[],False,instance
458,4,cut_peach_with_knife,state_change,cut_with_knife,[],[],False,instance
465,0,check_banana_presence,state_change,load_banana,[],[],False,instance
465,1,check_cabinet_for_banana,state_change,fetch_fruit_from_cabinet,[],[],False,instance
465,2,pick_banana_from_cabinet,fetch,fetch_fruit_from_cabinet,[],[],False,instance
465,3,place_banana_on_plate,relocate,place_on_plate,"[""5169:2""]","[""relocate""]",True,instance
467,0,fetch_apple_0_from_kitchen_work_area,fetch,fetch_apple_from_cabinet,[],[],False,instance
467,1,freshen_apple_0_in_sink_1,,fetch_apple_from_cabinet,[],[],,instance
467,2,fetch_bowl_0_from_table,fetch,fetch_bowl,[],[],False,instance
467,3,drop_apple_0_in_bowl_0,,place_apple_on_table,[],[],,instance
472,0,find_pear_0,fetch,fetch_pear,[],[],False,instance
472,1,find_tomato_1,fetch,fetch_tomato,[],[],False,instance
472,2,pick_pear_0,fetch,place_pear,[],[],False,instance
472,3,pick_tomato_1,fetch,fetch_tomato,[],[],False,instance
472,4,move_to_bowl_2,,place_bowl,"[""167:1"",""3609:1""]","[""multi_object_sequence"",""relocate""]",,instance
472,5,place_pear_0_in_bowl_2,relocate,place_pear_on_table,[],[],False,instance
472,6,place_tomato_1_in_bowl_2,relocate,load_tomato_into_plate,[],[],False,instance
475,0,move_to_bread_0,,place_bread,[],[],,instance
475,1,move_to_scissors_1,,cut_with_knife,[],[],,instance
475,2,pick_bread_0,fetch,place_bread,[],[],False,instance
475,3,pick_scissors_1,fetch,cut_with_knife,[],[],False,instance
475,4,move_to_cabinet_1,,move_to_cabinet,"[""1810:1"",""221:1""]",[],,instance
475,5,place_bread_0_in_cabinet_1,relocate,fetch_bread_from_cabinet,[],[],False,instance
475,6,place_scissors_1_in_cabinet_1,relocate,place_objects_in_cabinet,"[""1640:3"",""2681:3""]","[""multi_object_sequence"",""relocate""]",True,instance
477,0,move_cooling_fan_to_kitchen_island_area,relocate,place_plate_on_kitchen_island,[],[],False,instance
477,1,position_cooling_fan_correctly,,place_on_surface,[],[],,instance
482,0,find_apple_0,fetch,fetch_apple,[],[],False,instance
482,1,find_plate_0,fetch,place_plate,[],[],False,instance
482,2,place_apple_on_plate,relocate,place_apple_on_table,[],[],False,instance
498,0,move_to_kitchen_island_area,,navigate_to_kitchen_island,[],[],,instance
498,1,pick_knife,fetch,cut_with_knife,"[""2255:2"",""782:2""]","[""state_change""]",False,instance
498,2,move_to_wooden_cutting_board,,move_to_cabinet,[],[],,instance
498,3,cut_apple_with_knife,state_change,cut_with_knife,[],[],False,instance
502,0,pick_tomato_0,fetch,place_tomato,[],[],False,instance
502,1,pick_scissors_0,fetch,cut_with_knife,[],[],False,instance
502,2,place_tomato_0_in_cabinet_1,relocate,fetch_tomato_from_cabinet,[],[],False,instance
502,3,place_scissors_0_in_cabinet_1,relocate,place_objects_in_cabinet,"[""1944:3"",""3497:3""]","[""multi_object_sequence"",""relocate""]",True,instance
503,0,move_to_bread_0,,place_bread,[],[],,instance
503,1,move_to_pizza_0,,move_to,[],[],,instance
503,2,pick_bread_0,fetch,place_bread,[],[],False,instance
503,3,pick_pizza_0,fetch,place_tomato,[],[],False,instance
503,4,move_to_bowl_0,,place_bowl,"[""2845:1"",""6867:1""]","[""multi_object_sequence"",""relocate""]",,instance
503,5,place_bread_0_in_bowl_0,relocate,place_bread_on_bowl,[],[],False,instance
503,6,place_pizza_0_in_bowl_0,relocate,place_bowl,"[""6358:1"",""363:1""]","[""multi_object_sequence"",""relocate""]",True,instance
512,0,find_pumpkin_0,fetch,fetch_banana,[],[],False,instance
512,1,find_fork_1,fetch,fetch_banana,[],[],False,instance
512,2,pick_pumpkin_0,fetch,place_peach,[],[],False,instance
512,3,pick_fork_1,fetch,place_spoon,[],[],False,instance
512,4,move_to_cabinet_1,,move_to_cabinet,"[""1606:1"",""3232:1""]",[],,instance
512,5,place_pumpkin_0_in_cabinet_1,relocate,place_objects_in_cabinet,"[""1944:3"",""3497:3""]","[""multi_object_sequence"",""relocate""]",True,instance
512,6,place_fork_1_in_cabinet_1,relocate,place_objects_in_cabinet,"[""6336:3"",""3339:3""]","[""multi_object_sequence"",""relocate""]",True,instance
527,0,find_banana_0,fetch,fetch_banana,[],[],False,instance
527,1,move_to_rack,,move_to,[],[],,instance
527,2,place_banana_on_rack,relocate,place_banana,[],[],False,instance
537,0,find_peach_0,fetch,fetch_peach,"[""1065:1"",""353:1""]","[""fetch"",""open_container_then_retrieve"",""relocate""]",True,instance
537,1,find_banana_0,fetch,fetch_banana,"[""1923:2"",""2411:2""]","[""multi_object_sequence"",""relocate""]",False,instance
537,2,find_banana_1,fetch,fetch_banana,"[""2782:2"",""5530:2""]","[""multi_object_sequence"",""relocate""]",False,instance
537,3,find_banana_2,fetch,fetch_banana,[],[],False,instance
537,4,place_fruit_on_table,relocate,place_fruit_on_table,[],[],False,instance
541,0,get_pear_1_to_kitchen_island_area,fetch,fetch_pear_from_cabinet,[],[],False,instance
541,1,get_knife_0_to_kitchen_island_area,fetch,navigate_to_kitchen_island,[],[],False,instance
541,2,cut_pear_1_with_knife_0,state_change,cut_with_knife,"[""2255:2"",""782:2""]","[""state_change""]",True,instance
547,0,examine_table,,inspect_table,"[""1076:0"",""2030:0""]","[""fetch"",""state_change""]",,instance
547,1,check_for_apple,state_change,fetch_apple,"[""2839:1"",""5841:1""]","[""fetch"",""open_container_then_retrieve"",""relocate""]",False,instance
547,2,check_for_banana,state_change,fetch_banana,"[""5740:2"",""5046:2""]","[""multi_object_sequence"",""relocate""]",False,instance
547,3,retrieve_missing_fruit,fetch,fetch_missing_fruit,[],[],False,instance
547,4,place_fruit_on_table,relocate,place_fruit_on_table,[],[],False,instance
552,0,stack_pear_on_wooden_cutting_board,,place_pear_on_table,[],[],,instance
552,1,stack_tomato_on_wooden_cutting_board,,fetch_tomato_from_cabinet,[],[],,instance
552,2,chop_with_knife,,cut_with_knife,[],[],,instance
556,0,move_to_kitchen_island_area,,navigate_to_kitchen_island,[],[],,instance
556,1,pick_cup_0,fetch,cardboardbox_spoon,[],[],False,instance
556,2,move_to_kitchen_work_area,,move_to_cabinet,[],[],,instance
556,3,place_cup_0,relocate,place_bowl,[],[],False,instance
559,0,scan_table_for_missing_fruits,,scan_table_for_fruits,"[""5841:0"",""5944:0""]","[""fetch"",""state_change""]",,instance
559,1,check_cabinet_for_missing_fruits,state_change,fetch_fruit_from_cabinet,"[""4135:2""]","[""fetch"",""multi_object_sequence"",""open_container_then_retrieve"",""relocate""]",False,instance
559,2,place_fruits_on_table,relocate,place_fruit_on_table,"[""2918:2"",""3979:2""]","[""fetch"",""multi_object_sequence"",""open_container_then_retrieve"",""relocate""]",True,instance
564,0,position_bowl_on_kitchen_island_area,,place_plate_on_kitchen_island,"[""2240:0"",""1484:1""]","[""fetch"",""relocate"",""state_change""]",,instance
564,1,retrieve_tomato_from_cabinet,fetch,fetch_tomato_from_cabinet,"[""2240:1""]","[""relocate""]",False,instance
564,2,place_tomato_in_bowl,relocate,load_tomato_into_plate,"[""2240:2""]","[""fetch"",""multi_object_sequence"",""open_container_then_retrieve"",""relocate""]",True,instance
571,0,get_wooden_cutting_board_2,fetch,cut_with_knife,"[""2255:2"",""782:2""]","[""state_change""]",False,instance
571,1,get_apple_1,fetch,fetch_apple,[],[],False,instance
571,2,place_apple_on_wooden_cutting_board,relocate,place_apple_on_table,[],[],False,instance
571,3,get_knife_0,fetch,cut_with_knife,[],[],False,instance
571,4,cut_apple_with_knife,state_change,cut_with_knife,[],[],False,instance
572,0,pick_bread_0,fetch,place_bread,[],[],False,instance
572,1,place_bread_in_toaster,relocate,place_bread_on_bowl,[],[],False,instance
572,2,turn_on_toaster,state_change,navigate_to_oven,[],[],False,instance
572,3,pick_plate_2,fetch,place_plate,[],[],False,instance
572,4,place_plate_on_kitchen_island_area,relocate,place_plate_on_kitchen_island,[],[],False,instance
576,0,pick_pear_0,fetch,place_pear,[],[],False,instance
576,1,pick_apple_1,fetch,fetch_apple,[],[],False,instance
576,2,place_pear_0_in_bowl_2,relocate,place_pear_on_table,[],[],False,instance
576,3,place_apple_1_in_bowl_2,relocate,place_bowl,"[""1954:1"",""4186:1""]","[""multi_object_sequence"",""relocate""]",True,instance
578,0,check_for_peach,state_change,fetch_peach,"[""145:1"",""1936:1""]","[""fetch"",""open_container_then_retrieve"",""relocate""]",False,instance
578,1,check_for_tomato,state_change,fetch_tomato_from_cabinet,[],[],False,instance
578,2,retrieve_missing_peach,fetch,fetch_peach_from_cabinet,"[""277:1"",""5935:1""]","[""fetch"",""open_container_then_retrieve"",""relocate""]",True,instance
578,3,retrieve_missing_tomato,fetch,fetch_tomato_from_cabinet,[],[],False,instance
578,4,check_cabinet_for_peach,state_change,fetch_peach_from_cabinet,"[""656:1""]","[""fetch"",""open_container_then_retrieve"",""relocate""]",False,instance
578,5,check_cabinet_for_tomato,state_change,fetch_tomato_from_cabinet,[],[],False,instance
580,0,check_table_for_peach_and_banana,state_change,check_table_fruits,"[""2444:0""]","[""fetch"",""state_change""]",True,instance
580,1,retrieve_peach_if_missing,fetch,fetch_peach_from_cabinet,"[""277:1"",""5935:1""]","[""fetch"",""open_container_then_retrieve"",""relocate""]",True,instance
580,2,retrieve_banana_if_missing,fetch,fetch_banana,"[""5046:2"",""5740:2""]","[""multi_object_sequence"",""relocate""]",False,instance
583,0,examine_table,,inspect_table,"[""1926:0"",""347:0""]","[""fetch"",""state_change""]",,instance
583,1,check_for_peach,state_change,fetch_peach,"[""1065:1"",""353:1""]","[""fetch"",""open_container_then_retrieve"",""relocate""]",False,instance
583,2,check_for_banana,state_change,fetch_banana,"[""5046:2"",""5740:2""]","[""multi_object_sequence"",""relocate""]",False,instance
583,3,retrieve_peach,fetch,fetch_peach,[],[],False,instance
583,4,retrieve_banana,fetch,fetch_banana,[],[],False,instance
583,5,place_on_table,relocate,place_on_table,[],[],False,instance
584,0,move_to_kitchen_island_area,,navigate_to_kitchen_island,"[""1484:0""]","[""fetch"",""state_change""]",,instance
584,1,place_plate_on_kitchen_island_area,relocate,place_plate_on_kitchen_island,"[""1484:1"",""2240:0""]","[""fetch"",""relocate"",""state_change""]",True,instance
584,2,retrieve_apple_from_cabinet,fetch,fetch_apple_from_cabinet,[],[],False,instance
584,3,place_apple_in_plate,relocate,place_apple_on_table,[],[],False,instance
588,0,inspect_table_for_pear,state_change,place_pear_on_table,"[""1070:2""]","[""multi_object_sequence"",""relocate""]",False,instance
588,1,inspect_table_for_banana,state_change,check_table_fruits,"[""2444:0""]","[""fetch"",""state_change""]",True,instance
588,2,fetch_missing_pear,fetch,fetch_pear,"[""6061:1"",""4575:1""]","[""fetch"",""open_container_then_retrieve"",""relocate""]",True,instance
588,3,fetch_missing_banana,fetch,fetch_banana,"[""1923:2"",""2411:2""]","[""multi_object_sequence"",""relocate""]",False,instance
588,4,place_pear_on_table,relocate,place_pear_on_table,[],[],False,instance
588,5,place_banana_on_table,relocate,place_fruit_on_table,[],[],False,instance
591,0,move_to_pumpkin_0,,move_to_pear,[],[],,instance
591,1,pick_up_pumpkin_0,fetch,fetch_banana,[],[],False,instance
591,2,move_to_kitchen_work_area,,move_to_cabinet,[],[],,instance
591,3,place_pumpkin_0,relocate,place_pear,[],[],False,instance
595,0,move_to_kitchen_work_area,,move_to_cabinet,[],[],,instance
595,1,pick_apple_0,fetch,fetch_apple,[],[],False,instance
595,2,move_to_sink_1,,move_to_destination,"[""2751:1"",""2751:4""]","[""relocate""]",,instance
595,3,wash_apple_0,state_change,fetch_apple,[],[],False,instance
595,4,move_to_plate_0,,place_on_plate,[],[],,instance
595,5,place_apple_0_in_plate_0,relocate,place_apple_on_table,[],[],False,instance
597,0,find_banana_0,fetch,fetch_banana,"[""5169:1""]","[""fetch"",""open_container_then_retrieve""]",True,instance
597,1,take_banana_0_from_cabinet,fetch,fetch_fruit_from_cabinet,[],[],False,instance
597,2,place_banana_0_on_plate_2,relocate,place_banana,[],[],False,instance
600,0,pick_pear_1,fetch,place_pear,[],[],False,instance
600,1,place_pear_on_wooden_cutting_board_3,relocate,place_pear_on_table,[],[],False,instance
600,2,pick_tomato_2,fetch,place_tomato,[],[],False,instance
600,3,place_tomato_on_wooden_cutting_board_3,relocate,fetch_tomato_from_cabinet,[],[],False,instance
600,4,pick_knife_0,fetch,cut_with_knife,[],[],False,instance
602,0,find_bread_0,fetch,fetch_bread,[],[],False,instance
602,1,find_fork_1,fetch,fetch_banana,[],[],False,instance
602,2,open_cabinet_2,state_change,open_cabinet,"[""1023:2"",""1944:2""]","[""multi_object_sequence"",""relocate"",""state_change""]",True,instance
602,3,place_bread_0_in_cabinet_2,relocate,fetch_bread_from_cabinet,[],[],False,instance
602,4,place_fork_1_in_cabinet_2,relocate,place_objects_in_cabinet,"[""1944:3"",""3497:3""]","[""multi_object_sequence"",""relocate""]",True,instance
602,5,close_cabinet_2,state_change,open_cabinet,"[""2958:2"",""3497:2""]","[""multi_object_sequence"",""relocate"",""state_change""]",True,instance
604,0,find_absent_fruit,fetch,check_fruit_location,"[""1949:0"",""2864:0""]","[""fetch"",""state_change""]",True,instance
604,1,go_to_fruit_location,,check_fruit_location,"[""3074:0"",""4173:0""]","[""fetch"",""state_change""]",,instance
604,2,pick_up_fruit,fetch,fetch_and_place_fruit,"[""123:1"",""3066:1""]","[""relocate""]",False,instance
604,3,bring_fruit_to_table,relocate,place_fruit_on_table,[],[],False,instance
607,0,pick_bread_0,fetch,place_bread,[],[],False,instance
607,1,place_bread_into_toaster,relocate,place_bread_on_bowl,[],[],False,instance
607,2,turn_on_toaster,state_change,navigate_to_oven,[],[],False,instance
607,3,pick_bowl_0,fetch,fetch_bowl,[],[],False,instance
607,4,place_bowl_on_kitchen_work_area,relocate,place_bowl,[],[],False,instance
617,0,get_knife_0,fetch,cut_with_knife,"[""2255:2"",""782:2""]","[""state_change""]",False,instance
617,1,get_peach_1,fetch,fetch_peach,[],[],False,instance
617,2,get_wooden_cutting_board_2,fetch,cut_with_knife,[],[],False,instance
617,3,slice_peach,state_change,place_peach,[],[],False,instance
629,0,inspect_table_for_peach,state_change,place_peach_on_table,"[""277:2"",""5935:2""]","[""multi_object_sequence"",""relocate""]",False,instance
629,1,inspect_table_for_banana,state_change,check_table_fruits,"[""2444:0""]","[""fetch"",""state_change""]",True,instance
629,2,find_missing_peach,fetch,fetch_peach_from_cabinet,"[""277:1"",""5935:1""]","[""fetch"",""open_container_then_retrieve"",""relocate""]",True,instance
629,3,find_missing_banana,fetch,fetch_banana,"[""1923:2""]","[""multi_object_sequence"",""relocate""]",False,instance
629,4,retrieve_peach_from_location,fetch,fetch_peach_from_cabinet,[],[],False,instance
629,5,retrieve_banana_from_location,fetch,fetch_banana,[],[],False,instance
629,6,place_peach_on_table,relocate,place_peach_on_table,[],[],False,instance
629,7,place_banana_on_table,relocate,place_fruit_on_table,[],[],False,instance
631,0,check_table_for_peach_and_banana,state_change,check_table_fruits,"[""2444:0""]","[""fetch"",""state_change""]",True,instance
631,1,retrieve_peach_if_missing,fetch,fetch_peach_from_cabinet,"[""277:1"",""5935:1""]","[""fetch"",""open_container_then_retrieve"",""relocate""]",True,instance
631,2,retrieve_banana_if_missing,fetch,fetch_banana,"[""5046:2"",""5740:2""]","[""multi_object_sequence"",""relocate""]",False,instance
633,0,find_banana_0,fetch,fetch_banana,[],[],False,instance
633,1,find_plate_2,fetch,place_plate,[],[],False,instance
633,2,transfer_banana_to_plate,relocate,load_tomato_into_plate,[],[],False,instance
633,3,open_cabinet_1,state_change,open_cabinet,[],[],False,instance
633,4,find_banana_0,fetch,fetch_banana,[],[],False,instance
633,5,find_plate_2,fetch,place_plate,[],[],False,instance
633,6,transfer_banana_to_plate,relocate,load_tomato_into_plate,[],[],False,instance
635,0,find_bread_0,fetch,fetch_bread,[],[],False,instance
635,1,find_banana_1,fetch,fetch_banana,[],[],False,instance
635,2,place_bread_0_in_bowl_2,relocate,place_bread_on_bowl,[],[],False,instance
635,3,place_banana_1_in_bowl_2,relocate,place_banana,[],[],False,instance
637,0,scan_table_for_missing_fruits,,scan_table_for_fruits,"[""5841:0"",""5944:0""]","[""fetch"",""state_change""]",,instance
637,1,check_cabinet_for_missing_fruits,state_change,fetch_fruit_from_cabinet,"[""4135:2""]","[""fetch"",""multi_object_sequence"",""open_container_then_retrieve"",""relocate""]",False,instance
637,2,place_fruits_on_table,relocate,place_fruit_on_table,"[""2918:2"",""3979:2""]","[""fetch"",""multi_object_sequence"",""open_container_then_retrieve"",""relocate""]",True,instance
642,0,get_pear_1,fetch,fetch_pear,[],[],False,instance
642,1,place_pear_on_wooden_cutting_board_2,relocate,place_pear_on_table,[],[],False,instance
642,2,get_knife_0,fetch,cut_with_knife,"[""2255:2"",""782:2""]","[""state_change""]",False,instance
642,3,slice_pear_with_knife_0,state_change,cut_with_knife,[],[],False,instance
655,0,get_peach_1,fetch,fetch_peach,[],[],False,instance
655,1,get_tomato_2,fetch,fetch_tomato,[],[],False,instance
655,2,get_wooden_cutting_board_3,fetch,cut_with_knife,[],[],False,instance
655,3,get_knife_0,fetch,cut_with_knife,[],[],False,instance
655,4,slice_peach_on_wooden_cutting_board,state_change,place_peach_on_table,[],[],False,instance
655,5,slice_tomato_on_wooden_cutting_board,state_change,fetch_tomato_from_cabinet,[],[],False,instance
657,0,pick_apple_0_from_kitchen_work_area,fetch,fetch_fruit_from_cabinet,[],[],False,instance
657,1,pick_scissors_1_from_kitchen_work_area,fetch,cut_with_knife,[],[],False,instance
657,2,store_apple_0_in_cabinet_2,relocate,fetch_apple_from_cabinet,[],[],False,instance
657,3,store_scissors_1_in_cabinet_2,relocate,cut_with_knife,[],[],False,instance
658,0,find_bread_0,fetch,fetch_bread,[],[],False,instance
658,1,find_plate_2,fetch,place_plate,[],[],False,instance
658,2,place_bread_on_plate,relocate,place_bread_on_bowl,[],[],False,instance
659,0,find_apple_0,fetch,fetch_apple,"[""5841:1"",""2839:1""]","[""fetch"",""open_container_then_retrieve"",""relocate""]",True,instance
659,1,find_tomato_1,fetch,fetch_tomato,[],[],False,instance
659,2,compare_fruits,,inspect_fruits,"[""1207:0"",""4641:0""]","[""fetch"",""state_change""]",,instance
659,3,decide_missing_fruit,,fetch_missing_fruit,"[""1207:1"",""2444:1""]","[""fetch"",""open_container_then_retrieve"",""relocate""]",,instance
659,4,go_to_missing_fruit_location,,check_fruit_location,[],[],,instance
659,5,pick_missing_fruit,fetch,fetch_missing_fruit,[],[],False,instance
659,6,bring_fruit_to_table,relocate,place_fruit_on_table,[],[],False,instance
663,0,move_peach_to_wooden_cutting_board,relocate,place_peach_on_table,[],[],False,instance
663,1,move_knife_to_wooden_cutting_board,relocate,cut_with_knife,"[""2255:2"",""782:2""]","[""state_change""]",False,instance
663,2,cut_peach_with_knife,state_change,cut_with_knife,[],[],False,instance
677,0,pick_pear_1,fetch,place_pear,[],[],False,instance
677,1,pick_tomato_2,fetch,place_tomato,[],[],False,instance
677,2,place_pear_on_wooden_cutting_board_3,relocate,place_pear_on_table,[],[],False,instance
677,3,place_tomato_on_wooden_cutting_board_3,relocate,fetch_tomato_from_cabinet,[],[],False,instance
677,4,slice_with_knife_0,state_change,cut_with_knife,[],[],False,instance
681,0,examine_table,,inspect_table,"[""1107:0"",""2963:0""]","[""fetch"",""state_change""]",,instance
681,1,check_for_apple,state_change,fetch_apple,"[""5841:1"",""2839:1""]","[""fetch"",""open_container_then_retrieve"",""relocate""]",False,instance
681,2,check_for_tomato,state_change,fetch_tomato_from_cabinet,[],[],False,instance
681,3,retrieve_apple_from_location,fetch,fetch_apple_from_cabinet,"[""5944:1""]","[""fetch"",""open_container_then_retrieve"",""relocate""]",True,instance
681,4,retrieve_tomato_from_location,fetch,fetch_tomato_from_cabinet,[],[],False,instance
681,5,place_apple_on_table,relocate,place_apple_on_table,"[""5841:2""]","[""multi_object_sequence"",""relocate""]",True,instance
681,6,place_tomato_on_table,relocate,load_tomato_into_plate,[],[],False,instance
684,0,pick_meat_0,fetch,cut_with_knife,[],[],False,instance
684,1,place_meat_on_plate_2,relocate,place_on_plate,[],[],False,instance
684,2,pick_pear_1,fetch,place_pear,[],[],False,instance
684,3,place_pear_on_plate_2,relocate,place_pear_on_table,[],[],False,instance
692,0,pick_peach_0_from_r2,fetch,fetch_peach_from_cabinet,[],[],False,instance
692,1,check_distance_to_sink_2,state_change,inspect_location,[],[],False,instance
692,2,place_peach_0_in_cardboardbox_1,relocate,cardboardbox_spoon,"[""2468:1"",""1982:1""]","[""relocate"",""state_change""]",True,instance
692,3,move_cardboardbox_1_to_sink_2,relocate,move_cardboardbox,"[""4873:1"",""1889:1""]","[""relocate"",""state_change""]",True,instance
692,4,retrieve_peach_0_from_cardboardbox_1,fetch,fetch_peach_from_cabinet,[],[],False,instance
692,5,place_peach_0_in_sink_2,relocate,place_peach_on_table,[],[],False,instance
697,0,pick_pear_1,fetch,place_pear,[],[],False,instance
697,1,place_pear_on_wooden_cutting_board_2,relocate,place_pear_on_table,[],[],False,instance
697,2,pick_knife_0,fetch,cut_with_knife,"[""2255:2"",""782:2""]","[""state_change""]",False,instance
697,3,carve_pear_with_knife,,cut_with_knife,[],[],,instance
702,0,pick_bottle_0,fetch,cardboardbox_spoon,[],[],False,instance
702,1,place_bottle_0_on_kitchen_island_area,relocate,place_plate_on_kitchen_island,[],[],False,instance
706,0,get_pear_0_from_kitchen_work_area,fetch,fetch_pear_from_cabinet,[],[],False,instance
706,1,move_to_sink_1,,move_to_destination,"[""2751:1"",""2751:4""]","[""relocate""]",,instance
706,2,wash_pear_0_in_sink_1,state_change,fetch_pear_from_cabinet,[],[],False,instance
706,3,move_to_plate_0,,place_on_plate,[],[],,instance
706,4,place_pear_0_in_plate_0,relocate,place_pear_on_table,[],[],False,instance
718,0,move_to_apple_1,,move_to_pear,[],[],,instance
718,1,pick_apple_1,fetch,fetch_apple,[],[],False,instance
718,2,move_to_wooden_cutting_board_2,,move_to_cabinet,[],[],,instance
718,3,place_apple_on_wooden_cutting_board,relocate,place_apple_on_table,[],[],False,instance
718,4,move_to_knife_0,,cut_with_knife,"[""2255:2"",""782:2""]","[""state_change""]",,instance
718,5,pick_knife_0,fetch,cut_with_knife,[],[],False,instance
718,6,slice_apple_with_knife,state_change,cut_with_knife,[],[],False,instance
719,0,inspect_table_for_pear,state_change,place_pear_on_table,"[""1070:2""]","[""multi_object_sequence"",""relocate""]",False,instance
719,1,inspect_table_for_banana,state_change,check_table_fruits,"[""2444:0""]","[""fetch"",""state_change""]",True,instance
719,2,find_missing_pear,fetch,fetch_pear_from_cabinet,"[""1070:1""]","[""fetch"",""open_container_then_retrieve"",""relocate""]",True,instance
719,3,find_missing_banana,fetch,fetch_banana,"[""1923:2"",""2411:2""]","[""multi_object_sequence"",""relocate""]",False,instance
719,4,retrieve_pear_from_location,fetch,fetch_pear_from_cabinet,[],[],False,instance
719,5,retrieve_banana_from_location,fetch,fetch_banana,"[""2782:2""]","[""multi_object_sequence"",""relocate""]",False,instance
719,6,place_pear_on_table,relocate,place_pear_on_table,[],[],False,instance
719,7,place_banana_on_table,relocate,place_fruit_on_table,[],[],False,instance
721,0,find_banana_0,fetch,fetch_banana,[],[],False,instance
721,1,find_banana_1,fetch,fetch_banana,[],[],False,instance
721,2,find_banana_2,fetch,fetch_banana,[],[],False,instance
721,3,open_cabinet_1,state_change,open_cabinet,[],[],False,instance
721,4,find_banana_0,fetch,fetch_banana,[],[],False,instance
721,5,find_banana_1,fetch,fetch_banana,[],[],False,instance
721,6,find_banana_2,fetch,fetch_banana,[],[],False,instance
721,7,pick_banana_0,fetch,fetch_banana,[],[],False,instance
721,8,pick_banana_1,fetch,fetch_banana,[],[],False,instance
721,9,pick_banana_2,fetch,place_banana,[],[],False,instance
721,10,find_bowl_0,fetch,fetch_bowl,[],[],False,instance
721,11,find_bowl_2,fetch,fetch_bowl,[],[],False,instance
721,12,place_banana_in_bowl,relocate,place_banana,[],[],False,instance
722,0,inspect_cabinet_1,state_change,inspect_cabinet,[],[],False,instance
722,1,move_bread_to_plate,relocate,place_bread_on_bowl,[],[],False,instance
725,0,move_to_kitchen_island_area,,navigate_to_kitchen_island,[],[],,instance
725,1,move_to_kitchen_work_area,,move_to_cabinet,[],[],,instance
725,2,move_to_wooden_cutting_board_2,,move_to_cabinet,[],[],,instance
725,3,cut_peach_with_knife,state_change,cut_with_knife,"[""2255:2"",""782:2""]","[""state_change""]",True,instance
726,0,find_bread_0,fetch,fetch_bread,[],[],False,instance
726,1,find_spoon_1,fetch,place_spoon,[],[],False,instance
726,2,store_bread_0_in_cabinet_2,relocate,fetch_bread_from_cabinet,[],[],False,instance
726,3,store_spoon_1_in_cabinet_2,relocate,place_spoon,[],[],False,instance
730,0,pick_apple_0_from_kitchen_work_area,fetch,fetch_fruit_from_cabinet,[],[],False,instance
730,1,move_to_sink_1,,move_to_destination,"[""2751:1"",""2751:4""]","[""relocate""]",,instance
730,2,wash_apple_0,state_change,fetch_apple,[],[],False,instance
730,3,move_to_plate_0,,place_on_plate,[],[],,instance
730,4,place_apple_0_on_plate_0,relocate,place_apple_on_table,[],[],False,instance
737,0,pick_pumpkin_0,fetch,place_peach,[],[],False,instance
737,1,pick_knife_1,fetch,cut_with_knife,[],[],False,instance
737,2,deposit_pumpkin_0_in_cabinet_1,,check_cabinet,[],[],,instance
737,3,deposit_knife_1_in_cabinet_1,,check_cabinet,[],[],,instance
738,0,get_peach_from_kitchen_work_area,fetch,fetch_peach_from_cabinet,[],[],False,instance
738,1,move_to_sink,,move_to,[],[],,instance
738,2,wash_peach,state_change,place_peach,[],[],False,instance
738,3,move_to_plate,,place_on_plate,[],[],,instance
738,4,place_peach_on_plate,relocate,place_peach_on_table,[],[],False,instance
742,0,examine_table,,inspect_table,"[""1926:0"",""347:0""]","[""fetch"",""state_change""]",,instance
742,1,check_for_pear,state_change,fetch_pear_from_cabinet,"[""1070:1""]","[""fetch"",""open_container_then_retrieve"",""relocate""]",False,instance
742,2,check_for_banana,state_change,fetch_banana,"[""5740:2"",""5046:2""]","[""multi_object_sequence"",""relocate""]",False,instance
742,3,retrieve_pear_from_cabinet,fetch,fetch_pear_from_cabinet,[],[],False,instance
742,4,place_pear_on_table,relocate,place_pear_on_table,"[""1070:2""]","[""multi_object_sequence"",""relocate""]",True,instance
742,5,retrieve_banana_from_cabinet,fetch,fetch_fruit_from_cabinet,[],[],False,instance
742,6,place_banana_on_table,relocate,place_fruit_on_table,[],[],False,instance
751,0,pick_pear_0,fetch,place_pear,[],[],False,instance
751,1,pick_tomato_1,fetch,fetch_tomato,[],[],False,instance
751,2,transport_pear_0_to_bowl_2,,move_to_pear,[],[],,instance
751,3,transport_tomato_1_to_bowl_2,,fetch_tomato_from_cabinet,[],[],,instance
757,0,inspect_table,state_change,inspect_table,"[""1633:0"",""2098:0""]","[""fetch"",""state_change""]",True,instance
757,1,check_for_missing_apple,state_change,fetch_apple_from_cabinet,"[""5944:1""]","[""fetch"",""open_container_then_retrieve"",""relocate""]",False,instance
757,2,check_for_missing_banana,state_change,fetch_banana,"[""5740:2"",""5046:2""]","[""multi_object_sequence"",""relocate""]",False,instance
757,3,fetch_missing_apple,fetch,fetch_apple,"[""5740:1""]","[""fetch"",""open_container_then_retrieve"",""relocate""]",True,instance
757,4,fetch_missing_banana,fetch,fetch_banana,[],[],False,instance
758,0,assess_drawer_area,,inspect_drawer,"[""1099:0"",""1302:0""]","[""state_change""]",,instance
764,0,check_table_for_peach,state_change,check_table_fruits,"[""2444:0""]","[""fetch"",""state_change""]",True,instance
764,1,check_table_for_tomato,state_change,check_table_fruits,[],[],False,instance
764,2,retrieve_peach_if_missing,fetch,fetch_peach_from_cabinet,"[""277:1"",""5935:1""]","[""fetch"",""open_container_then_retrieve"",""relocate""]",True,instance
764,3,retrieve_tomato_if_missing,fetch,fetch_tomato_from_cabinet,[],[],False,instance
768,0,move_to_kitchen_island_area,,navigate_to_kitchen_island,[],[],,instance
768,1,pick_cup_0,fetch,cardboardbox_spoon,[],[],False,instance
768,2,move_to_kitchen_work_area,,move_to_cabinet,[],[],,instance
768,3,place_cup_0,relocate,place_bowl,[],[],False,instance
769,0,move_to_meat_0,,move_to,[],[],,instance
769,1,pick_meat_0,fetch,cut_with_knife,[],[],False,instance
769,2,move_to_plate_0,,place_on_plate,[],[],,instance
769,3,place_meat_0,relocate,place_bread,[],[],False,instance
769,4,move_to_pizza_0,,move_to,[],[],,instance
769,5,pick_pizza_0,fetch,place_tomato,[],[],False,instance
769,6,move_to_plate_0,,place_on_plate,[],[],,instance
769,7,place_pizza_0,relocate,place_tomato,[],[],False,instance
776,0,find_absent_fruit,fetch,check_fruit_location,"[""3074:0"",""4173:0""]","[""fetch"",""state_change""]",True,instance
776,1,go_to_fruit_location,,check_fruit_location,"[""58:0"",""807:0""]","[""fetch"",""state_change""]",,instance
776,2,pick_up_fruit,fetch,fetch_and_place_fruit,"[""1351:1"",""4090:1""]","[""relocate""]",False,instance
776,3,go_to_table,,move_to_table,[],[],,instance
776,4,place_fruit_on_table,relocate,place_fruit_on_table,[],[],False,instance
783,0,place_plate_on_kitchen_island_area,relocate,place_plate_on_kitchen_island,"[""2240:0"",""1484:1""]","[""fetch"",""relocate"",""state_change""]",True,instance
783,1,fetch_tomato_from_cabinet,fetch,fetch_tomato_from_cabinet,"[""2240:1""]","[""relocate""]",False,instance
783,2,load_tomato_into_plate,relocate,load_tomato_into_plate,"[""2240:2""]","[""fetch"",""multi_object_sequence"",""open_container_then_retrieve"",""relocate""]",True,instance
790,0,scan_table_for_missing_fruits,,scan_table_for_fruits,"[""277:0"",""2918:0""]","[""fetch"",""state_change""]",,instance
790,1,check_cabinet_for_pear,state_change,fetch_pear_from_cabinet,"[""1070:1""]","[""fetch"",""open_container_then_retrieve"",""relocate""]",False,instance
790,2,place_pear_on_table,relocate,place_pear_on_table,"[""1070:2""]","[""multi_object_sequence"",""relocate""]",True,instance
790,3,check_cabinet_for_tomato,state_change,fetch_tomato_from_cabinet,[],[],False,instance
790,4,place_tomato_on_table,relocate,load_tomato_into_plate,[],[],False,instance
797,0,get_apple_from_kitchen_island_area,fetch,fetch_apple_from_cabinet,[],[],False,instance
797,1,place_apple_on_wooden_cutting_board,relocate,place_apple_on_table,[],[],False,instance
797,2,get_knife_from_kitchen_island_area,fetch,navigate_to_kitchen_island,[],[],False,instance
797,3,cut_apple_with_knife,state_change,cut_with_knife,"[""2255:2"",""782:2""]","[""state_change""]",True,instance
802,0,move_cardboardbox_to_kitchen_work_area,relocate,move_cardboardbox,[],[],False,instance
807,0,pick_meat_0,fetch,cut_with_knife,[],[],False,instance
807,1,place_meat_on_plate_0,relocate,place_on_plate,[],[],False,instance
807,2,pick_banana_1,fetch,fetch_banana,[],[],False,instance
807,3,place_banana_on_plate_0,relocate,place_banana,[],[],False,instance
813,0,move_to_apple_1,,move_to_pear,[],[],,instance
813,1,pick_apple_1,fetch,fetch_apple,[],[],False,instance
813,2,move_to_wooden_cutting_board_2,,move_to_cabinet,[],[],,instance
813,3,place_apple_on_wooden_cutting_board,relocate,place_apple_on_table,[],[],False,instance
813,4,move_to_knife_0,,cut_with_knife,"[""2255:2"",""782:2""]","[""state_change""]",,instance
813,5,pick_knife_0,fetch,cut_with_knife,[],[],False,instance
813,6,slice_apple_with_knife,state_change,cut_with_knife,[],[],False,instance
817,0,pick_apple_0,fetch,fetch_apple,[],[],False,instance
817,1,place_apple_0_in_bowl_2,relocate,place_bowl,[],[],False,instance
817,2,pick_green_peas_1,fetch,fetch_tomato,[],[],False,instance
817,3,place_green_peas_1_in_bowl_2,relocate,place_bowl,[],[],False,instance
820,0,load_bread_into_toaster,relocate,fetch_bread_from_cabinet,[],[],False,instance
820,1,start_toaster_operation,,fetch_bread_from_cabinet,[],[],,instance
820,2,arrange_bowl_on_kitchen_island_area,,place_plate_on_kitchen_island,[],[],,instance
825,0,inspect_table_for_peach,state_change,place_peach_on_table,"[""277:2"",""5935:2""]","[""multi_object_sequence"",""relocate""]",False,instance
825,1,inspect_table_for_tomato,state_change,inspect_table,"[""1976:0"",""4409:0""]","[""fetch"",""state_change""]",True,instance
825,2,find_missing_peach,fetch,fetch_peach_from_cabinet,"[""277:1"",""5935:1""]","[""fetch"",""open_container_then_retrieve"",""relocate""]",True,instance
825,3,find_missing_tomato,fetch,fetch_tomato_from_cabinet,[],[],False,instance
825,4,retrieve_peach_from_location,fetch,fetch_peach_from_cabinet,[],[],False,instance
825,5,retrieve_tomato_from_location,fetch,fetch_tomato_from_cabinet,[],[],False,instance
825,6,place_peach_on_table,relocate,place_peach_on_table,[],[],False,instance
825,7,place_tomato_on_table,relocate,load_tomato_into_plate,[],[],False,instance
827,0,pick_bread_0,fetch,place_bread,[],[],False,instance
827,1,insert_bread_into_toaster,,place_bread_on_bowl,[],[],,instance
827,2,activate_toaster,state_change,activate_device,"[""1240:2"",""1884:2""]","[""multi_object_sequence"",""state_change""]",True,instance
827,3,pick_plate_2,fetch,place_plate,[],[],False,instance
827,4,place_plate_on_kitchen_work_area,relocate,place_plate_on_kitchen_island,[],[],False,instance
829,0,run_water_over_pear,,move_to_pear,[],[],,instance
829,1,arrange_pear_in_bowl,,place_pear_on_table,[],[],,instance
836,0,observe_space_around_fridge,,inspect_oven,"[""1959:1"",""1979:1""]","[""state_change""]",,instance
849,0,pick_tomato_0,fetch,place_tomato,[],[],False,instance
849,1,place_tomato_0_in_cabinet_1,relocate,fetch_tomato_from_cabinet,[],[],False,instance
849,2,pick_fork_1,fetch,place_spoon,[],[],False,instance
849,3,place_fork_1_in_cabinet_1,relocate,place_objects_in_cabinet,"[""6336:3"",""1944:3""]","[""multi_object_sequence"",""relocate""]",True,instance
851,0,move_to_bread_0,,place_bread,[],[],,instance
851,1,pick_bread_0,fetch,place_bread,[],[],False,instance
851,2,move_to_kitchen_island_area,,navigate_to_kitchen_island,[],[],,instance
851,3,place_bread_0,relocate,place_bread,[],[],False,instance
852,0,pick_meat_0,fetch,cut_with_knife,[],[],False,instance
852,1,place_meat_0_on_plate_2,relocate,place_on_plate,[],[],False,instance
852,2,pick_pumpkin_1,fetch,place_peach,[],[],False,instance
852,3,place_pumpkin_1_on_plate_2,relocate,place_on_plate,[],[],False,instance
859,0,check_table_for_pear,state_change,check_table_fruits,"[""2444:0""]","[""fetch"",""state_change""]",True,instance
859,1,check_table_for_tomato,state_change,check_table_fruits,[],[],False,instance
859,2,retrieve_pear_if_missing,fetch,fetch_pear_from_cabinet,"[""1070:1""]","[""fetch"",""open_container_then_retrieve"",""relocate""]",True,instance
859,3,retrieve_tomato_if_missing,fetch,fetch_tomato_from_cabinet,[],[],False,instance
862,0,load_meat_into_plate,relocate,place_on_plate,[],[],False,instance
862,1,load_banana_into_plate,relocate,load_banana,[],[],False,instance
864,0,observe_table_for_apple_and_banana,,check_table_fruits,"[""2444:0""]","[""fetch"",""state_change""]",,instance
864,1,check_if_apple_is_missing,state_change,fetch_apple_from_cabinet,"[""5944:1""]","[""fetch"",""open_container_then_retrieve"",""relocate""]",False,instance
864,2,check_if_banana_is_missing,state_change,fetch_banana,"[""5740:2"",""1923:2""]","[""multi_object_sequence"",""relocate""]",False,instance
864,3,fetch_missing_apple_from_cabinet,fetch,fetch_apple_from_cabinet,[],[],False,instance
864,4,fetch_missing_banana_from_kitchen_work_area,fetch,fetch_banana,"[""2411:2"",""2782:2""]","[""multi_object_sequence"",""relocate""]",False,instance
869,0,pick_apple_0_from_kitchen_work_area,fetch,fetch_fruit_from_cabinet,[],[],False,instance
869,1,place_apple_0_in_cabinet_1,relocate,fetch_apple_from_cabinet,[],[],False,instance
869,2,pick_scissors_1_from_kitchen_work_area,fetch,cut_with_knife,[],[],False,instance
869,3,place_scissors_1_in_cabinet_1,relocate,place_objects_in_cabinet,"[""2681:3"",""1640:3""]","[""multi_object_sequence"",""relocate""]",True,instance
872,0,find_banana_1,fetch,fetch_banana,"[""5740:2"",""5046:2""]","[""multi_object_sequence"",""relocate""]",False,instance
872,1,find_banana_2,fetch,fetch_banana,"[""1923:2"",""2411:2""]","[""multi_object_sequence"",""relocate""]",False,instance
872,2,find_apple_0,fetch,fetch_apple,"[""2839:1"",""5841:1""]","[""fetch"",""open_container_then_retrieve"",""relocate""]",True,instance
872,3,find_apple_1,fetch,fetch_apple,[],[],False,instance
872,4,pick_up_banana_1,fetch,fetch_banana,[],[],False,instance
872,5,pick_up_banana_2,fetch,fetch_banana,[],[],False,instance
872,6,pick_up_apple_0,fetch,fetch_apple,[],[],False,instance
872,7,pick_up_apple_1,fetch,fetch_apple,[],[],False,instance
872,8,place_banana_on_table,relocate,place_fruit_on_table,[],[],False,instance
872,9,place_apple_on_table,relocate,place_apple_on_table,[],[],False,instance
874,0,get_peach_1,fetch,fetch_peach,[],[],False,instance
874,1,place_peach_on_wooden_cutting_board_2,relocate,place_peach_on_table,[],[],False,instance
874,2,get_knife_0,fetch,cut_with_knife,"[""2255:2"",""782:2""]","[""state_change""]",False,instance
874,3,slice_peach_with_knife,state_change,fetch_peach_from_cabinet,[],[],False,instance
879,0,get_knife_0_from_kitchen_work_area,fetch,cut_with_knife,"[""2255:2"",""782:2""]","[""state_change""]",False,instance
879,1,get_pear_1_from_kitchen_work_area,fetch,fetch_pear_from_cabinet,[],[],False,instance
879,2,place_pear_1_on_wooden_cutting_board_2,relocate,place_pear_on_table,[],[],False,instance
879,3,slice_pear_1_with_knife_0,state_change,cut_with_knife,[],[],False,instance
881,0,get_peach_1_to_wooden_cutting_board_2,fetch,place_peach_on_table,[],[],False,instance
881,1,get_knife_0_to_wooden_cutting_board_2,fetch,cut_with_knife,"[""2255:2"",""782:2""]","[""state_change""]",False,instance
881,2,cut_peach_1_with_knife_0,state_change,cut_with_knife,[],[],False,instance
885,0,pick_tomato_0,fetch,place_tomato,[],[],False,instance
885,1,place_tomato_in_bowl_2,relocate,place_tomato,[],[],False,instance
885,2,pick_bread_1,fetch,place_bread,[],[],False,instance
885,3,place_bread_in_bowl_2,relocate,place_bread_on_bowl,[],[],False,instance
887,0,move_cooling_fan_to_kitchen_island_area,relocate,place_plate_on_kitchen_island,[],[],False,instance
890,0,get_peach_1,fetch,fetch_peach,[],[],False,instance
890,1,get_wooden_cutting_board_2,fetch,cut_with_knife,"[""2255:2"",""782:2""]","[""state_change""]",False,instance
890,2,place_peach_on_wooden_cutting_board,relocate,place_peach_on_table,[],[],False,instance
890,3,get_knife_0,fetch,cut_with_knife,[],[],False,instance
890,4,carve_peach_with_knife,,place_peach_on_table,[],[],,instance
897,0,fetch_plate_0_from_kitchen_work_area,fetch,place_plate_on_kitchen_island,"[""2240:0"",""1484:1""]","[""fetch"",""relocate"",""state_change""]",True,instance
897,1,place_plate_0_on_kitchen_island_area,relocate,place_plate_on_kitchen_island,[],[],False,instance
897,2,fetch_tomato_1_from_cabinet,fetch,fetch_tomato_from_cabinet,"[""2240:1""]","[""relocate""]",False,instance
897,3,put_tomato_1_into_plate_0,relocate,load_tomato_into_plate,"[""2240:2""]","[""fetch"",""multi_object_sequence"",""open_container_then_retrieve"",""relocate""]",True,instance
899,0,move_to_plate_0,,place_on_plate,[],[],,instance
899,1,pick_plate_0,fetch,place_plate,[],[],False,instance
899,2,move_to_kitchen_work_area,,move_to_cabinet,[],[],,instance
899,3,place_plate_0,relocate,place_plate,[],[],False,instance
901,0,move_to_kitchen_island_area,,navigate_to_kitchen_island,[],[],,instance
901,1,move_to_kitchen_work_area,,move_to_cabinet,[],[],,instance
901,2,move_to_wooden_cutting_board_2,,move_to_cabinet,[],[],,instance
901,3,cut_peach_with_knife,state_change,cut_with_knife,"[""2255:2"",""782:2""]","[""state_change""]",True,instance
903,0,pick_bread_0,fetch,place_bread,[],[],False,instance
903,1,place_bread_0_in_cabinet_1,relocate,fetch_bread_from_cabinet,[],[],False,instance
903,2,pick_spoon_1,fetch,place_spoon,[],[],False,instance
903,3,place_spoon_1_in_cabinet_1,relocate,place_spoon,[],[],False,instance
907,0,move_to_kettle_0,,move_to,[],[],,instance
907,1,pick_kettle_0,fetch,cardboardbox_spoon,[],[],False,instance
907,2,move_to_kitchen_work_area,,move_to_cabinet,[],[],,instance
907,3,place_kettle_0,relocate,place_spoon,[],[],False,instance
910,0,pick_apple_0_from_kitchen_work_area,fetch,fetch_fruit_from_cabinet,[],[],False,instance
910,1,pick_scissors_1_from_kitchen_work_area,fetch,cut_with_knife,[],[],False,instance
910,2,store_apple_0_in_cabinet_1,relocate,fetch_apple_from_cabinet,[],[],False,instance
910,3,store_scissors_1_in_cabinet_1,relocate,cut_with_knife,[],[],False,instance
921,0,find_meat_0,fetch,fetch_tomato,[],[],False,instance
921,1,find_green_peas_1,fetch,fetch_tomato,[],[],False,instance
921,2,find_plate_2,fetch,place_plate,[],[],False,instance
921,3,place_meat_on_plate,relocate,place_on_plate,[],[],False,instance
921,4,place_green_peas_on_plate,relocate,place_on_plate,[],[],False,instance
923,0,position_bowl_on_kitchen_island_area,,place_plate_on_kitchen_island,"[""1484:1"",""2240:0""]","[""fetch"",""relocate"",""state_change""]",,instance
923,1,retrieve_apple_from_cabinet,fetch,fetch_apple_from_cabinet,[],[],False,instance
923,2,place_apple_in_bowl,relocate,place_apple_on_table,[],[],False,instance
924,0,freshen_tomato_0,,fetch_tomato,[],[],,instance
924,1,drop_tomato_0_in_bowl,,fetch_tomato_from_cabinet,[],[],,instance
935,0,find_absent_fruit,fetch,check_fruit_location,"[""1949:0"",""2864:0""]","[""fetch"",""state_change""]",True,instance
935,1,go_to_fruit_location,,check_fruit_location,"[""3074:0"",""4173:0""]","[""fetch"",""state_change""]",,instance
935,2,pick_up_fruit,fetch,fetch_and_place_fruit,"[""6467:1"",""646:1""]","[""relocate""]",False,instance
935,3,go_to_table,,move_to_table,[],[],,instance
935,4,place_fruit_on_table,relocate,place_fruit_on_table,[],[],False,instance
937,0,check_table_for_peach,state_change,check_table_fruits,"[""2444:0""]","[""fetch"",""state_change""]",True,instance
937,1,check_table_for_tomato,state_change,check_table_fruits,[],[],False,instance
937,2,retrieve_missing_peach,fetch,fetch_peach_from_cabinet,"[""277:1"",""5935:1""]","[""fetch"",""open_container_then_retrieve"",""relocate""]",True,instance
937,3,retrieve_missing_tomato,fetch,fetch_tomato_from_cabinet,[],[],False,instance
937,4,check_cabinet_for_peach,state_change,fetch_peach_from_cabinet,"[""656:1""]","[""fetch"",""open_container_then_retrieve"",""relocate""]",False,instance
937,5,check_cabinet_for_tomato,state_change,fetch_tomato_from_cabinet,[],[],False,instance
946,0,get_apple_from_kitchen_work_area,fetch,fetch_apple_from_cabinet,[],[],False,instance
946,1,move_to_sink,,move_to,[],[],,instance
946,2,wash_apple,state_change,inspect_fruits,[],[],False,instance
946,3,move_to_plate,,place_on_plate,[],[],,instance
946,4,place_apple_on_plate,relocate,place_apple_on_table,[],[],False,instance
953,0,find_banana_0,fetch,fetch_banana,"[""5169:1""]","[""fetch"",""open_container_then_retrieve""]",True,instance
953,1,take_banana_0_from_cabinet,fetch,fetch_fruit_from_cabinet,[],[],False,instance
953,2,place_banana_0_on_plate_2,relocate,place_banana,[],[],False,instance
960,0,get_pear_1,fetch,fetch_pear,[],[],False,instance
960,1,get_knife_0,fetch,cut_with_knife,[],[],False,instance
960,2,slice_pear_1,state_change,place_pear,[],[],False,instance
960,3,get_tomato_2,fetch,fetch_tomato,[],[],False,instance
960,4,slice_tomato_2,state_change,place_tomato,[],[],False,instance
965,0,check_table_for_apple,state_change,place_apple_on_table,"[""2839:2"",""5841:2""]","[""multi_object_sequence"",""relocate""]",False,instance
965,1,check_table_for_banana,state_change,check_table_fruits,"[""2444:0""]","[""fetch"",""state_change""]",True,instance
965,2,retrieve_missing_apple,fetch,fetch_apple_from_cabinet,"[""5944:1""]","[""fetch"",""open_container_then_retrieve"",""relocate""]",True,instance
965,3,retrieve_missing_banana,fetch,fetch_banana,"[""5740:2"",""5046:2""]","[""multi_object_sequence"",""relocate""]",False,instance
965,4,place_apple_on_table,relocate,place_apple_on_table,[],[],False,instance
965,5,place_banana_on_table,relocate,place_fruit_on_table,[],[],False,instance
977,0,pick_pear_1,fetch,place_pear,[],[],False,instance
977,1,place_pear_on_wooden_cutting_board_2,relocate,place_pear_on_table,[],[],False,instance
977,2,pick_knife_0,fetch,cut_with_knife,"[""2255:2"",""782:2""]","[""state_change""]",False,instance
977,3,cut_pear_with_knife,state_change,cut_with_knife,[],[],False,instance
979,0,pick_pear_1,fetch,place_pear,[],[],False,instance
979,1,place_pear_on_wooden_cutting_board_2,relocate,place_pear_on_table,[],[],False,instance
979,2,pick_knife_0,fetch,cut_with_knife,"[""2255:2"",""782:2""]","[""state_change""]",False,instance
979,3,carve_pear_with_knife,,cut_with_knife,[],[],,instance
984,0,find_peach_0,fetch,fetch_peach,[],[],False,instance
984,1,find_fork_1,fetch,fetch_banana,[],[],False,instance
984,2,place_peach_in_cabinet,relocate,fetch_peach_from_cabinet,[],[],False,instance
984,3,place_fork_in_cabinet,relocate,place_objects_in_cabinet,"[""1944:3"",""3497:3""]","[""multi_object_sequence"",""relocate""]",True,instance
990,0,get_tomato_0_from_kitchen_work_area,fetch,fetch_tomato_from_cabinet,[],[],False,instance
990,1,move_to_sink_1,,move_to_destination,"[""2015:1"",""2015:4""]","[""relocate""]",,instance
990,2,wash_tomato_0,state_change,place_tomato,[],[],False,instance
990,3,move_to_bowl_0,,place_bowl,[],[],,instance
990,4,place_tomato_0_in_bowl_0,relocate,load_tomato_into_plate,[],[],False,instance
994,0,check_bread_presence,state_change,fetch_bread,[],[],False,instance
994,1,check_bowl_presence,state_change,place_bowl,[],[],False,instance
994,2,check_cabinet_for_bread,state_change,fetch_bread_from_cabinet,[],[],False,instance
994,3,pick_bread,fetch,place_bread,[],[],False,instance
994,4,place_bread_on_bowl,relocate,place_bread_on_bowl,[],[],False,instance
995,0,find_bread_0,fetch,fetch_bread,[],[],False,instance
995,1,find_apple_0,fetch,fetch_apple,[],[],False,instance
995,2,find_plate_0,fetch,place_plate,[],[],False,instance
995,3,place_bread_on_plate,relocate,place_bread_on_bowl,[],[],False,instance
995,4,place_apple_on_plate,relocate,place_apple_on_table,[],[],False,instance
1003,0,go_to_kitchen_work_area,,navigate_to_kitchen_island,[],[],,instance
1003,1,pick_apple_0,fetch,fetch_apple,[],[],False,instance
1003,2,go_to_sink_1,,navigate_to_kitchen_island,[],[],,instance
1003,3,rinse_apple_0,,fetch_apple,[],[],,instance
1003,4,go_to_plate_0,,place_on_plate,[],[],,instance
1003,5,place_apple_0_on_plate_0,relocate,place_apple_on_table,[],[],False,instance
1016,0,inspect_table_for_peach,state_change,place_peach_on_table,"[""277:2"",""5935:2""]","[""multi_object_sequence"",""relocate""]",False,instance
1016,1,inspect_table_for_tomato,state_change,inspect_table,"[""1976:0"",""4409:0""]","[""fetch"",""state_change""]",True,instance
1016,2,find_missing_peach,fetch,fetch_peach_from_cabinet,"[""277:1"",""5935:1""]","[""fetch"",""open_container_then_retrieve"",""relocate""]",True,instance
1016,3,find_missing_tomato,fetch,fetch_tomato_from_cabinet,[],[],False,instance
1016,4,retrieve_peach_from_location,fetch,fetch_peach_from_cabinet,[],[],False,instance
1016,5,retrieve_tomato_from_location,fetch,fetch_tomato_from_cabinet,[],[],False,instance
1016,6,place_peach_on_table,relocate,place_peach_on_table,[],[],False,instance
1016,7,place_tomato_on_table,relocate,load_tomato_into_plate,[],[],False,instance
1020,0,pick_bread_0,fetch,place_bread,[],[],False,instance
1020,1,pick_spoon_1,fetch,place_spoon,[],[],False,instance
1020,2,move_to_cabinet_2,,move_to_cabinet,"[""3487:1"",""6042:1""]",[],,instance
1020,3,store_bread_0_in_cabinet_2,relocate,fetch_bread_from_cabinet,[],[],False,instance
1020,4,store_spoon_1_in_cabinet_2,relocate,place_spoon,[],[],False,instance
1023,0,pick_fork_0,fetch,place_spoon,[],[],False,instance
1023,1,place_fork_0_on_kitchen_island_area,relocate,place_plate_on_kitchen_island,[],[],False,instance
1025,0,inspect_table_for_apple,state_change,inspect_table,"[""3147:0"",""3447:0""]","[""fetch"",""state_change""]",True,instance
1025,1,inspect_table_for_banana,state_change,check_table_fruits,"[""2444:0""]","[""fetch"",""state_change""]",True,instance
1025,2,find_missing_fruit,fetch,fetch_missing_fruit,"[""1207:1"",""2444:1""]","[""fetch"",""open_container_then_retrieve"",""relocate""]",True,instance
1025,3,retrieve_missing_fruit,fetch,fetch_missing_fruit,[],[],False,instance
1027,0,transport_apple_to_wooden_cutting_board,,place_apple_on_table,[],[],,instance
1027,1,transport_banana_to_wooden_cutting_board,,load_banana,[],[],,instance
1027,2,slice_apple_with_knife,state_change,cut_with_knife,[],[],False,instance
1027,3,slice_banana_with_knife,state_change,cut_with_knife,[],[],False,instance
1035,0,inspect_table,state_change,inspect_table,"[""4051:0"",""4617:0""]","[""fetch"",""state_change""]",True,instance
1035,1,check_for_peach,state_change,fetch_peach,"[""4051:1"",""4617:1""]","[""fetch"",""open_container_then_retrieve"",""relocate""]",False,instance
1035,2,check_for_tomato,state_change,fetch_tomato_from_cabinet,[],[],False,instance
1035,3,fetch_peach_if_missing,fetch,fetch_peach,"[""6259:1"",""6802:1""]","[""fetch"",""open_container_then_retrieve"",""relocate""]",True,instance
1035,4,fetch_tomato_if_missing,fetch,fetch_tomato,[],[],False,instance
1037,0,position_bowl_on_kitchen_work_area,,place_bowl,"[""4764:1"",""1488:2""]","[""fetch"",""multi_object_sequence"",""open_container_then_retrieve"",""relocate""]",,instance
1037,1,retrieve_tomato_from_cabinet,fetch,fetch_tomato_from_cabinet,"[""2240:1""]","[""relocate""]",False,instance
1037,2,place_tomato_in_bowl,relocate,load_tomato_into_plate,"[""2240:2""]","[""fetch"",""multi_object_sequence"",""open_container_then_retrieve"",""relocate""]",True,instance
1038,0,move_to_kettle_0,,move_to,[],[],,instance
1038,1,pick_kettle_0,fetch,cardboardbox_spoon,[],[],False,instance
1038,2,move_to_rack,,move_to,[],[],,instance
1038,3,place_kettle_0,relocate,place_spoon,[],[],False,instance
1051,0,get_wooden_cutting_board_2,fetch,cut_with_knife,"[""2255:2"",""782:2""]","[""state_change""]",False,instance
1051,1,get_pear_1,fetch,fetch_pear,[],[],False,instance
1051,2,place_pear_on_wooden_cutting_board,relocate,place_pear_on_table,[],[],False,instance
1051,3,get_knife_0,fetch,cut_with_knife,[],[],False,instance
1051,4,cut_pear_with_knife,state_change,cut_with_knife,[],[],False,instance
1052,0,clean_tomato_0,state_change,place_tomato,[],[],False,instance
1052,1,deliver_tomato_to_bowl,relocate,fetch_tomato_from_cabinet,[],[],False,instance
1053,0,move_to_kitchen_work_area,,move_to_cabinet,"[""5090:1"",""1192:1""]",[],,instance
1053,1,pick_apple_0,fetch,fetch_apple,[],[],False,instance
1053,2,pick_spoon_1,fetch,place_spoon,[],[],False,instance
1053,3,move_to_cabinet_1,,move_to_cabinet,"[""1766:1"",""3127:1""]",[],,instance
1053,4,place_apple_0_in_cabinet_1,relocate,fetch_apple_from_cabinet,[],[],False,instance
1053,5,place_spoon_1_in_cabinet_1,relocate,place_spoon,[],[],False,instance
1057,0,find_bread_0,fetch,fetch_bread,"[""2519:1"",""5838:1""]","[""fetch"",""open_container_then_retrieve""]",True,instance
1057,1,find_bread_1,fetch,fetch_bread,"[""5988:1"",""6118:1""]","[""fetch"",""open_container_then_retrieve""]",True,instance
1057,2,find_bread_2,fetch,fetch_bread,"[""3266:1"",""5679:1""]","[""fetch"",""open_container_then_retrieve""]",True,instance
1057,3,find_cabinet_1,fetch,check_cabinet,[],[],False,instance
1057,4,find_cabinet_2,fetch,check_cabinet,[],[],False,instance
1057,5,check_cabinet_for_bread,state_change,fetch_bread_from_cabinet,[],[],False,instance
1057,6,place_bread_on_bowl,relocate,place_bread_on_bowl,[],[],False,instance
1062,0,inspect_cabinet_1,state_change,inspect_cabinet,[],[],False,instance
1062,1,move_to_kitchen_island_area,,navigate_to_kitchen_island,[],[],,instance
1062,2,pick_apple_0,fetch,fetch_apple,[],[],False,instance
1062,3,move_to_kitchen_work_area,,move_to_cabinet,[],[],,instance
1062,4,place_apple_0_on_plate_2,relocate,place_apple_on_table,[],[],False,instance
1063,0,get_peach_1,fetch,fetch_peach,[],[],False,instance
1063,1,get_wooden_cutting_board_2,fetch,cut_with_knife,"[""2255:2"",""782:2""]","[""state_change""]",False,instance
1063,2,place_peach_on_wooden_cutting_board,relocate,place_peach_on_table,[],[],False,instance
1063,3,get_knife_0,fetch,cut_with_knife,[],[],False,instance
1063,4,cut_peach_with_knife,state_change,cut_with_knife,[],[],False,instance
1067,0,pick_peach_0,fetch,place_peach,[],[],False,instance
1067,1,move_to_cabinet_1,,move_to_cabinet,"[""2103:1"",""3614:1""]",[],,instance
1067,2,place_peach_0_in_cabinet_1,relocate,fetch_peach_from_cabinet,[],[],False,instance
1067,3,pick_knife_1,fetch,cut_with_knife,[],[],False,instance
1067,4,move_to_cabinet_1,,move_to_cabinet,"[""2414:1"",""2562:1""]",[],,instance
1067,5,place_knife_1_in_cabinet_1,relocate,place_objects_in_cabinet,"[""2681:3"",""1640:3""]","[""multi_object_sequence"",""relocate""]",True,instance
1071,0,check_bread_presence,state_change,fetch_bread,[],[],False,instance
1071,1,check_plate_presence,state_change,place_plate,[],[],False,instance
1071,2,check_cabinet_for_bread,state_change,fetch_bread_from_cabinet,[],[],False,instance
1071,3,place_bread_on_plate,relocate,place_bread_on_bowl,[],[],False,instance
1079,0,pick_pear_1,fetch,place_pear,[],[],False,instance
1079,1,place_pear_on_wooden_cutting_board_2,relocate,place_pear_on_table,[],[],False,instance
1079,2,pick_knife_0,fetch,cut_with_knife,"[""2255:2"",""782:2""]","[""state_change""]",False,instance
1079,3,carve_pear_with_knife,,cut_with_knife,[],[],,instance
1081,0,check_for_peach,state_change,fetch_peach,"[""145:1"",""1936:1""]","[""fetch"",""open_container_then_retrieve"",""relocate""]",False,instance
1081,1,check_for_tomato,state_change,fetch_tomato_from_cabinet,[],[],False,instance
1081,2,retrieve_missing_peach,fetch,fetch_peach_from_cabinet,"[""277:1"",""5935:1""]","[""fetch"",""open_container_then_retrieve"",""relocate""]",True,instance
1081,3,retrieve_missing_tomato,fetch,fetch_tomato_from_cabinet,[],[],False,instance
1081,4,check_cabinet_for_peach,state_change,fetch_peach_from_cabinet,"[""656:1""]","[""fetch"",""open_container_then_retrieve"",""relocate""]",False,instance
1081,5,check_cabinet_for_tomato,state_change,fetch_tomato_from_cabinet,[],[],False,instance
1082,0,pick_pumpkin_0,fetch,place_peach,[],[],False,instance
1082,1,pick_spoon_1,fetch,place_spoon,[],[],False,instance
1082,2,store_pumpkin_and_spoon_in_cabinet,relocate,place_spoon,[],[],False,instance
1093,0,move_to_tomato_0,,place_tomato,[],[],,instance
1093,1,pick_tomato_0,fetch,place_tomato,[],[],False,instance
1093,2,move_to_bowl_2,,place_bowl,[],[],,instance
1093,3,place_tomato_0_in_bowl_2,relocate,place_tomato,[],[],False,instance
1093,4,move_to_green_peas_1,,move_to_pear,[],[],,instance
1093,5,pick_green_peas_1,fetch,fetch_tomato,[],[],False,instance
1093,6,move_to_bowl_2,,place_bowl,[],[],,instance
1093,7,place_green_peas_1_in_bowl_2,relocate,place_bowl,[],[],False,instance
1099,0,inspect_table_for_fruits,state_change,check_table_fruits,"[""2444:0""]","[""fetch"",""state_change""]",True,instance
1099,1,check_if_pear_is_missing,state_change,fetch_pear_from_cabinet,"[""1070:1""]","[""fetch"",""open_container_then_retrieve"",""relocate""]",False,instance
1099,2,check_if_banana_is_missing,state_change,fetch_banana,"[""1923:2"",""2411:2""]","[""multi_object_sequence"",""relocate""]",False,instance
1099,3,search_for_missing_pear,,fetch_pear_from_cabinet,[],[],,instance
1099,4,search_for_missing_banana,,fetch_banana,"[""2782:2"",""5530:2""]","[""multi_object_sequence"",""relocate""]",,instance
1099,5,fetch_missing_pear,fetch,fetch_pear,[],[],False,instance
1099,6,fetch_missing_banana,fetch,fetch_banana,[],[],False,instance
1099,7,place_pear_on_table,relocate,place_pear_on_table,[],[],False,instance
1099,8,place_banana_on_table,relocate,place_fruit_on_table,[],[],False,instance
1100,0,move_to_banana_0,,place_banana,[],[],,instance
1100,1,pick_banana_0,fetch,fetch_banana,[],[],False,instance
1100,2,move_to_bowl_2,,place_bowl,[],[],,instance
1100,3,place_banana_0_in_bowl_2,relocate,place_banana,[],[],False,instance
1100,4,move_to_green_peas_1,,move_to_pear,[],[],,instance
1100,5,pick_green_peas_1,fetch,fetch_tomato,[],[],False,instance
1100,6,move_to_bowl_2,,place_bowl,[],[],,instance
1100,7,place_green_peas_1_in_bowl_2,relocate,place_bowl,[],[],False,instance
1102,0,move_to_apple_0,,move_to_pear,[],[],,instance
1102,1,pickup_apple_0,,fetch_apple,[],[],,instance
1102,2,move_to_sink_1,,move_to_destination,"[""2751:1"",""2751:4""]","[""relocate""]",,instance
1102,3,wash_apple_0,state_change,fetch_apple,[],[],False,instance
1102,4,move_to_plate_0,,place_on_plate,[],[],,instance
1102,5,place_apple_0_on_plate_0,relocate,place_apple_on_table,[],[],False,instance
1114,0,pop_pear_1,,place_pear,[],[],,instance
1114,1,slice_pear_1,state_change,place_pear,[],[],False,instance
1114,2,slice_banana_2,state_change,place_banana,[],[],False,instance
1118,0,get_apple_from_cabinet,fetch,fetch_apple_from_cabinet,[],[],False,instance
1118,1,place_apple_on_plate,relocate,place_apple_on_table,[],[],False,instance
1121,0,move_to_kitchen_work_area,,move_to_cabinet,[],[],,instance
1121,1,pick_apple_0,fetch,fetch_apple,[],[],False,instance
1121,2,move_to_kitchen_island_area,,navigate_to_kitchen_island,[],[],,instance
1121,3,place_apple_0_in_bowl_2,relocate,place_bowl,[],[],False,instance
1121,4,move_to_kitchen_work_area,,move_to_cabinet,[],[],,instance
1121,5,pick_green_peas_1,fetch,fetch_tomato,[],[],False,instance
1121,6,move_to_kitchen_island_area,,navigate_to_kitchen_island,[],[],,instance
1121,7,place_green_peas_1_in_bowl_2,relocate,place_bowl,[],[],False,instance
1127,0,get_pear_1,fetch,fetch_pear,[],[],False,instance
1127,1,get_banana_2,fetch,fetch_banana,[],[],False,instance
1127,2,get_wooden_cutting_board_3,fetch,cut_with_knife,[],[],False,instance
1127,3,get_knife_0,fetch,cut_with_knife,[],[],False,instance
1127,4,chop_pear_1,,place_pear,[],[],,instance
1127,5,chop_banana_2,,place_banana,[],[],,instance
1128,0,pick_bread_0,fetch,place_bread,[],[],False,instance
1128,1,insert_bread_into_toaster,,place_bread_on_bowl,[],[],,instance
1128,2,activate_toaster,state_change,activate_device,"[""1042:2"",""231:2""]","[""multi_object_sequence"",""state_change""]",True,instance
1128,3,pick_plate_2,fetch,place_plate,[],[],False,instance
1128,4,place_plate_on_kitchen_island_area,relocate,place_plate_on_kitchen_island,[],[],False,instance
1130,0,pick_bread_0,fetch,place_bread,[],[],False,instance
1130,1,place_bread_into_toaster,relocate,place_bread_on_bowl,[],[],False,instance
1130,2,turn_on_toaster,state_change,navigate_to_oven,[],[],False,instance
1130,3,pick_plate_2,fetch,place_plate,[],[],False,instance
1130,4,place_plate_on_kitchen_island_area,relocate,place_plate_on_kitchen_island,[],[],False,instance
1131,0,move_cooling_fan_to_kitchen_work_area,relocate,place_plate_on_kitchen_island,[],[],False,instance
1134,0,insert_bread_into_toaster,,place_bread_on_bowl,[],[],,instance
1134,1,switch_on_toaster,,navigate_to_oven,[],[],,instance
1134,2,place_bowl_on_kitchen_work_area,relocate,place_bowl,[],[],False,instance
1144,0,inspect_table,state_change,inspect_table,"[""4051:0"",""4617:0""]","[""fetch"",""state_change""]",True,instance
1144,1,check_for_peach,state_change,fetch_peach,"[""4051:1"",""4617:1""]","[""fetch"",""open_container_then_retrieve"",""relocate""]",False,instance
1144,2,check_for_tomato,state_change,fetch_tomato_from_cabinet,[],[],False,instance
1144,3,fetch_peach_if_missing,fetch,fetch_peach,"[""6259:1"",""6802:1""]","[""fetch"",""open_container_then_retrieve"",""relocate""]",True,instance
1144,4,fetch_tomato_if_missing,fetch,fetch_tomato,[],[],False,instance
1150,0,go_to_banana_0,,place_banana,[],[],,instance
1150,1,pick_banana_0,fetch,fetch_banana,[],[],False,instance
1150,2,go_to_sink_1,,navigate_to_kitchen_island,[],[],,instance
1150,3,clean_banana_0,state_change,place_banana,[],[],False,instance
1150,4,go_to_plate_0,,place_on_plate,[],[],,instance
1150,5,place_banana_0_on_plate_0,relocate,place_banana,[],[],False,instance
1155,0,pick_apple_1,fetch,fetch_apple,[],[],False,instance
1155,1,pick_tomato_2,fetch,place_tomato,[],[],False,instance
1155,2,place_apple_1_on_kitchen_island_area,relocate,place_apple_on_table,[],[],False,instance
1155,3,place_tomato_2_on_kitchen_island_area,relocate,fetch_tomato_from_cabinet,[],[],False,instance
1155,4,pick_knife_0,fetch,cut_with_knife,[],[],False,instance
1155,5,cut_apple_1_with_knife_0,state_change,cut_with_knife,[],[],False,instance
1155,6,cut_tomato_2_with_knife_0,state_change,fetch_tomato_from_cabinet,[],[],False,instance
1160,0,inspect_table_for_pear,state_change,place_pear_on_table,"[""1070:2""]","[""multi_object_sequence"",""relocate""]",False,instance
1160,1,inspect_table_for_tomato,state_change,inspect_table,"[""4575:0"",""1976:0""]","[""fetch"",""state_change""]",True,instance
1160,2,find_missing_pear,fetch,fetch_pear_from_cabinet,"[""1070:1""]","[""fetch"",""open_container_then_retrieve"",""relocate""]",True,instance
1160,3,find_missing_tomato,fetch,fetch_tomato_from_cabinet,[],[],False,instance
1160,4,retrieve_pear_from_location,fetch,fetch_pear_from_cabinet,[],[],False,instance
1160,5,retrieve_tomato_from_location,fetch,fetch_tomato_from_cabinet,[],[],False,instance
1160,6,place_pear_on_table,relocate,place_pear_on_table,[],[],False,instance
1160,7,place_tomato_on_table,relocate,load_tomato_into_plate,[],[],False,instance
1169,0,move_wine_to_kitchen_work_area,relocate,move_to_cabinet,[],[],False,instance
1170,0,examine_table,,inspect_table,"[""1926:0"",""347:0""]","[""fetch"",""state_change""]",,instance
1170,1,check_for_peach,state_change,fetch_peach,"[""1065:1"",""353:1""]","[""fetch"",""open_container_then_retrieve"",""relocate""]",False,instance
1170,2,check_for_banana,state_change,fetch_banana,"[""5046:2"",""5740:2""]","[""multi_object_sequence"",""relocate""]",False,instance
1170,3,retrieve_peach,fetch,fetch_peach,[],[],False,instance
1170,4,retrieve_banana,fetch,fetch_banana,[],[],False,instance
1170,5,place_on_table,relocate,place_on_table,[],[],False,instance
1176,0,insert_bread_into_toaster,,place_bread_on_bowl,[],[],,instance
1176,1,switch_on_toaster,,navigate_to_oven,[],[],,instance
1176,2,place_bowl_on_kitchen_work_area,relocate,place_bowl,[],[],False,instance
1179,0,move_peach_to_kitchen_island_area,relocate,place_peach_on_table,[],[],False,instance
1182,0,scan_table_for_peach,,scan_table_for_fruits,"[""277:0"",""2918:0""]","[""fetch"",""state_change""]",,instance
1182,1,scan_table_for_tomato,,scan_table_for_fruits,"[""3979:0"",""5935:0""]","[""fetch"",""state_change""]",,instance
1182,2,check_cabinet_for_peach,state_change,fetch_peach_from_cabinet,"[""277:1"",""5935:1""]","[""fetch"",""open_container_then_retrieve"",""relocate""]",False,instance
1182,3,check_cabinet_for_tomato,state_change,fetch_tomato_from_cabinet,[],[],False,instance
1182,4,place_peach_on_table,relocate,place_peach_on_table,[],[],False,instance
1182,5,place_tomato_on_table,relocate,load_tomato_into_plate,[],[],False,instance
1183,0,pick_tomato_0,fetch,place_tomato,[],[],False,instance
1183,1,pick_green_peas_1,fetch,fetch_tomato,[],[],False,instance
1183,2,place_tomato_in_bowl,relocate,load_tomato_into_plate,[],[],False,instance
1183,3,place_green_peas_in_bowl,relocate,place_bowl,[],[],False,instance
1184,0,move_to_scissors_0,,cut_with_knife,[],[],,instance
1184,1,pick_scissors_0,fetch,cut_with_knife,[],[],False,instance
1184,2,move_to_kitchen_island_area,,navigate_to_kitchen_island,[],[],,instance
1184,3,place_scissors_0,relocate,cut_with_knife,[],[],False,instance
1193,0,move_pear_to_wooden_cutting_board,relocate,move_to_pear,[],[],False,instance
1193,1,move_bread_to_wooden_cutting_board,relocate,fetch_bread_from_cabinet,[],[],False,instance
1193,2,cut_pear_with_knife,state_change,cut_with_knife,[],[],False,instance
1193,3,cut_bread_with_knife,state_change,cut_with_knife,[],[],False,instance
1199,0,move_to_tomato_0,,place_tomato,[],[],,instance
1199,1,pick_tomato_0,fetch,place_tomato,[],[],False,instance
1199,2,move_to_kitchen_work_area,,move_to_cabinet,[],[],,instance
1199,3,place_tomato_0,relocate,place_tomato,[],[],False,instance
1200,0,move_peach_to_wooden_cutting_board,relocate,place_peach_on_table,[],[],False,instance
1200,1,move_bread_to_wooden_cutting_board,relocate,fetch_bread_from_cabinet,[],[],False,instance
1200,2,chop_peach_with_knife,,fetch_peach_from_cabinet,[],[],,instance
1200,3,chop_bread_with_knife,,cut_with_knife,[],[],,instance
1217,0,move_to_bread_0,,place_bread,[],[],,instance
1217,1,pick_bread_0,fetch,place_bread,[],[],False,instance
1217,2,move_to_kitchen_work_area,,move_to_cabinet,[],[],,instance
1217,3,place_bread_0,relocate,place_bread,[],[],False,instance
1222,0,search_for_banana,,fetch_banana,[],[],,instance
1222,1,open_cabinet,state_change,open_cabinet,[],[],False,instance
1222,2,retrieve_banana,fetch,fetch_banana,[],[],False,instance
1222,3,transfer_banana_to_bowl,relocate,place_banana,[],[],False,instance
1225,0,pick_bread_0,fetch,place_bread,[],[],False,instance
1225,1,place_bread_into_toaster,relocate,place_bread_on_bowl,[],[],False,instance
1225,2,turn_on_toaster,state_change,navigate_to_oven,[],[],False,instance
1225,3,pick_bowl_0,fetch,fetch_bowl,[],[],False,instance
1225,4,place_bowl_on_kitchen_work_area,relocate,place_bowl,[],[],False,instance
1227,0,get_wooden_cutting_board_2,fetch,cut_with_knife,"[""2255:2"",""782:2""]","[""state_change""]",False,instance
1227,1,get_pear_1,fetch,fetch_pear,[],[],False,instance
1227,2,place_pear_on_wooden_cutting_board,relocate,place_pear_on_table,[],[],False,instance
1227,3,get_knife_0,fetch,cut_with_knife,[],[],False,instance
1227,4,cut_pear_with_knife,state_change,cut_with_knife,[],[],False,instance
1236,0,move_to_bowl_0,,place_bowl,"[""1488:2"",""2686:2""]","[""fetch"",""multi_object_sequence"",""open_container_then_retrieve"",""relocate""]",,instance
1236,1,pick_bowl_0,fetch,fetch_bowl,"[""1488:0"",""2686:0""]","[""fetch"",""state_change""]",True,instance
1236,2,place_bowl_0_on_kitchen_island_area,relocate,place_plate_on_kitchen_island,"[""1484:1"",""2240:0""]","[""fetch"",""relocate"",""state_change""]",True,instance
1236,3,move_to_bread_1,,place_bread,[],[],,instance
1236,4,pick_bread_1,fetch,place_bread,[],[],False,instance
1236,5,place_bread_1_in_bowl_0,relocate,place_bread_on_bowl,[],[],False,instance
1237,0,find_apple_0,fetch,fetch_apple,[],[],False,instance
1237,1,open_cabinet_1,state_change,open_cabinet,"[""1787:0"",""3257:0""]","[""state_change""]",True,instance
1237,2,fetch_apple_0,fetch,fetch_apple,[],[],False,instance
1237,3,transfer_apple_to_plate,relocate,place_apple_on_table,[],[],False,instance
1240,0,move_to_pear_0,,move_to_pear,[],[],,instance
1240,1,pick_pear_0,fetch,place_pear,[],[],False,instance
1240,2,move_to_kitchen_island_area,,navigate_to_kitchen_island,[],[],,instance
1240,3,place_pear_0,relocate,place_pear,[],[],False,instance
1243,0,inspect_table_for_apple,state_change,inspect_table,"[""4875:0"",""4998:0""]","[""fetch"",""state_change""]",True,instance
1243,1,inspect_table_for_tomato,state_change,inspect_table,"[""756:0"",""4575:0""]","[""fetch"",""state_change""]",True,instance
1243,2,find_missing_apple,fetch,fetch_apple_from_cabinet,"[""5944:1""]","[""fetch"",""open_container_then_retrieve"",""relocate""]",True,instance
1243,3,retrieve_apple_from_location,fetch,fetch_apple_from_cabinet,[],[],False,instance
1243,4,place_apple_on_table,relocate,place_apple_on_table,"[""2839:2""]","[""multi_object_sequence"",""relocate""]",True,instance
1245,0,assess_area_around_fridge,,inspect_oven,"[""1959:1"",""1979:1""]","[""state_change""]",,instance
1246,0,check_bread_presence,state_change,fetch_bread,"[""3266:1"",""5679:1""]","[""fetch"",""open_container_then_retrieve""]",False,instance
1246,1,check_cabinet_for_bread,state_change,fetch_bread_from_cabinet,[],[],False,instance
1246,2,pick_bread_from_cabinet,fetch,fetch_bread_from_cabinet,[],[],False,instance
1246,3,place_bread_on_bowl,relocate,place_bread_on_bowl,"[""2519:2"",""5838:2""]","[""relocate""]",True,instance
1247,0,move_to_kitchen_island_area,,navigate_to_kitchen_island,[],[],,instance
1247,1,pick_knife,fetch,cut_with_knife,"[""2255:2"",""782:2""]","[""state_change""]",False,instance
1247,2,move_to_wooden_cutting_board,,move_to_cabinet,[],[],,instance
1247,3,cut_apple_with_knife,state_change,cut_with_knife,[],[],False,instance
1251,0,examine_table,,inspect_table,"[""2573:0"",""5129:0""]","[""fetch"",""state_change""]",,instance
1251,1,check_for_pear,state_change,fetch_pear_from_cabinet,"[""1070:1""]","[""fetch"",""open_container_then_retrieve"",""relocate""]",False,instance
1251,2,check_for_tomato,state_change,fetch_tomato_from_cabinet,[],[],False,instance
1251,3,retrieve_pear_if_needed,fetch,fetch_pear_from_cabinet,[],[],False,instance
1251,4,retrieve_tomato_if_needed,fetch,fetch_tomato_from_cabinet,[],[],False,instance
1251,5,place_pear_on_table,relocate,place_pear_on_table,"[""1070:2""]","[""multi_object_sequence"",""relocate""]",True,instance
1251,6,place_tomato_on_table,relocate,load_tomato_into_plate,[],[],False,instance
1259,0,move_bread_to_kitchen_island,relocate,place_bread_on_bowl,[],[],False,instance
1262,0,check_if_apple_is_in_cabinet,state_change,fetch_apple_from_cabinet,[],[],False,instance
1262,1,pick_apple_from_cabinet,fetch,fetch_apple_from_cabinet,[],[],False,instance
1262,2,place_apple_in_bowl,relocate,place_apple_on_table,[],[],False,instance
1265,0,get_pear_1_to_kitchen_island_area,fetch,fetch_pear_from_cabinet,[],[],False,instance
1265,1,get_knife_0_to_kitchen_island_area,fetch,navigate_to_kitchen_island,[],[],False,instance
1265,2,cut_pear_1_with_knife_0,state_change,cut_with_knife,"[""2255:2"",""782:2""]","[""state_change""]",True,instance
1266,0,move_to_kitchen_work_area,,move_to_cabinet,[],[],,instance
1266,1,pick_apple_0,fetch,fetch_apple,[],[],False,instance
1266,2,move_to_kitchen_island_area,,navigate_to_kitchen_island,[],[],,instance
1266,3,place_apple_0,relocate,place_pear,[],[],False,instance
1270,0,pick_banana_0_from_kitchen_island_area,fetch,fetch_banana,[],[],False,instance
1270,1,place_banana_0_on_plate_2,relocate,place_banana,[],[],False,instance
1270,2,pick_bread_1_from_kitchen_island_area,fetch,fetch_bread_from_cabinet,[],[],False,instance
1270,3,place_bread_1_on_plate_2,relocate,place_bread_on_bowl,[],[],False,instance
1284,0,check_table_for_pear,state_change,check_table_fruits,"[""2444:0""]","[""fetch"",""state_change""]",True,instance
1284,1,check_table_for_banana,state_change,check_table_fruits,[],[],False,instance
1284,2,retrieve_missing_pear,fetch,fetch_pear_from_cabinet,"[""1070:1""]","[""fetch"",""open_container_then_retrieve"",""relocate""]",True,instance
1284,3,retrieve_missing_banana,fetch,fetch_banana,"[""1923:2"",""2411:2""]","[""multi_object_sequence"",""relocate""]",False,instance
1284,4,check_cabinet_for_pear,state_change,fetch_pear_from_cabinet,[],[],False,instance
1284,5,check_cabinet_for_banana,state_change,fetch_fruit_from_cabinet,"[""4135:2""]","[""fetch"",""multi_object_sequence"",""open_container_then_retrieve"",""relocate""]",False,instance
1296,0,inspect_table,state_change,inspect_table,"[""2119:0"",""3061:0""]","[""fetch"",""state_change""]",True,instance
1296,1,check_for_peach,state_change,fetch_peach,"[""2119:1"",""3061:1""]","[""fetch"",""open_container_then_retrieve"",""relocate""]",False,instance
1296,2,check_for_banana,state_change,fetch_banana,"[""5046:2"",""5740:2""]","[""multi_object_sequence"",""relocate""]",False,instance
1296,3,fetch_peach_if_missing,fetch,fetch_peach,[],[],False,instance
1296,4,fetch_banana_if_missing,fetch,fetch_banana,[],[],False,instance
1298,0,move_peach_to_kitchen_island_area,relocate,place_peach_on_table,[],[],False,instance
1302,0,freshen_tomato_0,,fetch_tomato,[],[],,instance
1302,1,drop_tomato_0_in_plate_0,,load_tomato_into_plate,[],[],,instance
1304,0,move_to_kitchen_island_area,,navigate_to_kitchen_island,"[""1484:0""]","[""fetch"",""state_change""]",,instance
1304,1,pick_bowl_0,fetch,fetch_bowl,"[""4764:0"",""1488:0""]","[""fetch"",""state_change""]",True,instance
1304,2,move_to_kitchen_work_area,,move_to_cabinet,"[""3800:0""]","[""fetch"",""state_change""]",,instance
1304,3,place_bowl_0,relocate,place_bowl,"[""4764:1"",""1488:2""]","[""fetch"",""multi_object_sequence"",""open_container_then_retrieve"",""relocate""]",True,instance
1304,4,move_to_cabinet,,move_to_cabinet,[],[],,instance
1304,5,pick_apple_1,fetch,fetch_apple,[],[],False,instance
1304,6,move_to_kitchen_work_area,,move_to_cabinet,[],[],,instance
1304,7,deposit_apple_1_into_bowl_0,,place_bowl,[],[],,instance
1307,0,move_to_kitchen_work_area,,move_to_cabinet,"[""5090:1"",""1192:1""]",[],,instance
1307,1,pick_apple_0,fetch,fetch_apple,[],[],False,instance
1307,2,move_to_cabinet_1,,move_to_cabinet,"[""1766:1"",""3127:1""]",[],,instance
1307,3,place_apple_0_in_cabinet_1,relocate,fetch_apple_from_cabinet,[],[],False,instance
1307,4,move_to_kitchen_work_area,,move_to_cabinet,"[""4853:1"",""6953:1""]",[],,instance
1307,5,pick_spoon_1,fetch,place_spoon,[],[],False,instance
1307,6,move_to_cabinet_1,,move_to_cabinet,[],[],,instance
1307,7,place_spoon_1_in_cabinet_1,relocate,place_spoon,[],[],False,instance
1310,0,pick_scissors_0,fetch,cut_with_knife,[],[],False,instance
1310,1,move_to_kitchen_work_area,,move_to_cabinet,[],[],,instance
1310,2,place_scissors_0,relocate,cut_with_knife,[],[],False,instance
1313,0,move_to_kitchen_island_area,,navigate_to_kitchen_island,"[""1484:0""]","[""fetch"",""state_change""]",,instance
1313,1,pick_plate_0,fetch,place_plate,"[""1379:0"",""4075:0""]","[""fetch"",""state_change""]",True,instance
1313,2,move_to_kitchen_work_area,,move_to_cabinet,"[""3800:0""]","[""fetch"",""state_change""]",,instance
1313,3,place_plate_0,relocate,place_plate,"[""4469:0"",""649:0""]","[""fetch"",""state_change""]",False,instance
1313,4,move_to_cabinet,,move_to_cabinet,[],[],,instance
1313,5,open_cabinet,state_change,open_cabinet,[],[],False,instance
1313,6,pick_apple_1,fetch,fetch_apple,[],[],False,instance
1313,7,move_to_kitchen_work_area,,move_to_cabinet,[],[],,instance
1313,8,place_apple_1_on_plate_0,relocate,place_apple_on_table,[],[],False,instance
1318,0,find_banana_0,fetch,fetch_banana,[],[],False,instance
1318,1,find_plate_2,fetch,place_plate,[],[],False,instance
1318,2,serve_banana_on_plate,relocate,place_on_plate,[],[],False,instance
1319,0,get_apple_from_kitchen_work_area,fetch,fetch_apple_from_cabinet,[],[],False,instance
1319,1,move_to_sink,,move_to,[],[],,instance
1319,2,wash_apple,state_change,inspect_fruits,[],[],False,instance
1319,3,move_to_plate,,place_on_plate,[],[],,instance
1319,4,place_apple_on_plate,relocate,place_apple_on_table,[],[],False,instance
1326,0,pick_pear_0,fetch,place_pear,[],[],False,instance
1326,1,place_pear_on_rack,relocate,place_pear_on_table,[],[],False,instance
1329,0,move_to_bottle_0,,move_to,[],[],,instance
1329,1,pick_bottle_0,fetch,cardboardbox_spoon,[],[],False,instance
1329,2,move_to_kitchen_work_area,,move_to_cabinet,[],[],,instance
1329,3,place_bottle_0,relocate,place_spoon,[],[],False,instance
1341,0,move_to_kitchen_work_area,,move_to_cabinet,[],[],,instance
1341,1,pick_apple_0,fetch,fetch_apple,[],[],False,instance
1341,2,move_to_sink_1,,move_to_destination,"[""2751:1"",""2751:4""]","[""relocate""]",,instance
1341,3,wash_apple_0,state_change,fetch_apple,[],[],False,instance
1341,4,move_to_plate_0,,place_on_plate,[],[],,instance
1341,5,place_apple_0_in_plate_0,relocate,place_apple_on_table,[],[],False,instance
1342,0,pick_tomato_0,fetch,place_tomato,[],[],False,instance
1342,1,pick_scissors_0,fetch,cut_with_knife,[],[],False,instance
1342,2,place_tomato_0_in_cabinet_1,relocate,fetch_tomato_from_cabinet,[],[],False,instance
1342,3,place_scissors_0_in_cabinet_1,relocate,place_objects_in_cabinet,"[""1944:3"",""3497:3""]","[""multi_object_sequence"",""relocate""]",True,instance
1344,0,go_to_tomato_0,,place_tomato,[],[],,instance
1344,1,pick_tomato_0,fetch,place_tomato,[],[],False,instance
1344,2,go_to_sink_1,,navigate_to_kitchen_island,[],[],,instance
1344,3,rinse_tomato_0,,fetch_tomato,[],[],,instance
1344,4,go_to_bowl_0,,place_bowl,[],[],,instance
1344,5,place_tomato_0_in_bowl_0,relocate,load_tomato_into_plate,[],[],False,instance
1345,0,place_plate_on_kitchen_island_area,relocate,place_plate_on_kitchen_island,"[""2240:0"",""1484:1""]","[""fetch"",""relocate"",""state_change""]",True,instance
1345,1,fetch_tomato_from_cabinet,fetch,fetch_tomato_from_cabinet,"[""2240:1""]","[""relocate""]",False,instance
1345,2,load_tomato_into_plate,relocate,load_tomato_into_plate,"[""2240:2""]","[""fetch"",""multi_object_sequence"",""open_container_then_retrieve"",""relocate""]",True,instance
1346,0,check_table_for_peach,state_change,check_table_fruits,"[""2444:0""]","[""fetch"",""state_change""]",True,instance
1346,1,check_table_for_tomato,state_change,check_table_fruits,[],[],False,instance
1346,2,retrieve_peach_if_missing,fetch,fetch_peach_from_cabinet,"[""277:1"",""5935:1""]","[""fetch"",""open_container_then_retrieve"",""relocate""]",True,instance
1346,3,retrieve_tomato_if_missing,fetch,fetch_tomato_from_cabinet,[],[],False,instance
1353,0,examine_table,,inspect_table,"[""1926:0"",""347:0""]","[""fetch"",""state_change""]",,instance
1353,1,check_peach_presence,state_change,fetch_peach,"[""1065:1"",""353:1""]","[""fetch"",""open_container_then_retrieve"",""relocate""]",False,instance
1353,2,check_banana_presence,state_change,load_banana,[],[],False,instance
1353,3,retrieve_peach_from_cabinet,fetch,fetch_peach_from_cabinet,"[""277:1"",""5935:1""]","[""fetch"",""open_container_then_retrieve"",""relocate""]",True,instance
1353,4,place_peach_on_table,relocate,place_peach_on_table,[],[],False,instance
1353,5,retrieve_banana_from_cabinet,fetch,fetch_fruit_from_cabinet,[],[],False,instance
1353,6,place_banana_on_table,relocate,place_fruit_on_table,[],[],False,instance
1357,0,get_pear_1_from_kitchen_island_area,fetch,fetch_pear_from_cabinet,[],[],False,instance
1357,1,get_tomato_2_from_kitchen_island_area,fetch,fetch_tomato_from_cabinet,[],[],False,instance
1357,2,get_wooden_cutting_board_3_from_kitchen_island_area,fetch,navigate_to_kitchen_island,[],[],False,instance
1357,3,get_knife_0_from_kitchen_work_area,fetch,cut_with_knife,[],[],False,instance
1357,4,chop_pear_1_on_wooden_cutting_board_3,,place_pear_on_table,[],[],,instance
1357,5,chop_tomato_2_on_wooden_cutting_board_3,,fetch_tomato_from_cabinet,[],[],,instance
1359,0,place_plate_on_kitchen_work_area,relocate,place_plate_on_kitchen_island,"[""2240:0"",""1484:1""]","[""fetch"",""relocate"",""state_change""]",True,instance
1359,1,fetch_tomato_from_cabinet,fetch,fetch_tomato_from_cabinet,"[""2240:1""]","[""relocate""]",False,instance
1359,2,load_tomato_into_plate,relocate,load_tomato_into_plate,"[""2240:2""]","[""fetch"",""multi_object_sequence"",""open_container_then_retrieve"",""relocate""]",True,instance
1360,0,move_to_meat_0,,move_to,[],[],,instance
1360,1,pick_meat_0,fetch,cut_with_knife,[],[],False,instance
1360,2,move_to_kitchen_island_area,,navigate_to_kitchen_island,[],[],,instance
1360,3,place_meat_0,relocate,place_bread,[],[],False,instance
1365,0,find_apple_0,fetch,fetch_apple,[],[],False,instance
1365,1,find_wooden_cutting_board_2,fetch,cut_with_knife,"[""2255:2"",""782:2""]","[""state_change""]",False,instance
1365,2,place_apple_on_wooden_cutting_board,relocate,place_apple_on_table,[],[],False,instance
1365,3,find_knife_0,fetch,cut_with_knife,[],[],False,instance
1365,4,cut_apple_with_knife,state_change,cut_with_knife,[],[],False,instance
1367,0,get_pear_0_from_kitchen_work_area,fetch,fetch_pear_from_cabinet,[],[],False,instance
1367,1,go_to_sink_1,,navigate_to_kitchen_island,[],[],,instance
1367,2,wash_pear_0_in_sink_1,state_change,fetch_pear_from_cabinet,[],[],False,instance
1367,3,go_to_bowl_0,,place_bowl,[],[],,instance
1367,4,place_pear_0_in_bowl_0,relocate,place_pear_on_table,[],[],False,instance
1371,0,observe_space_around_fridge,,inspect_oven,"[""1959:1"",""1979:1""]","[""state_change""]",,instance
1381,0,check_banana_presence,state_change,load_banana,[],[],False,instance
1381,1,check_cabinet_for_banana,state_change,fetch_fruit_from_cabinet,[],[],False,instance
1381,2,pick_banana_from_cabinet,fetch,fetch_fruit_from_cabinet,[],[],False,instance
1381,3,place_banana_on_bowl,relocate,place_banana,[],[],False,instance
1383,0,get_wooden_cutting_board_2,fetch,cut_with_knife,"[""2255:2"",""782:2""]","[""state_change""]",False,instance
1383,1,get_pear_1,fetch,fetch_pear,[],[],False,instance
1383,2,place_pear_on_wooden_cutting_board,relocate,place_pear_on_table,[],[],False,instance
1383,3,get_knife_0,fetch,cut_with_knife,[],[],False,instance
1383,4,cut_pear_with_knife,state_change,cut_with_knife,[],[],False,instance
1387,0,move_to_pear_1,,move_to_pear,[],[],,instance
1387,1,move_to_wooden_cutting_board_2,,move_to_cabinet,[],[],,instance
1387,2,place_pear_on_wooden_cutting_board,relocate,place_pear_on_table,[],[],False,instance
1387,3,move_to_knife_0,,cut_with_knife,"[""2255:2"",""782:2""]","[""state_change""]",,instance
1387,4,slice_pear_with_knife,state_change,cut_with_knife,[],[],False,instance
1398,0,find_pear_1,fetch,fetch_pear,[],[],False,instance
1398,1,find_wooden_cutting_board_3,fetch,fetch_bread_from_cabinet,[],[],False,instance
1398,2,place_pear_on_wooden_cutting_board,relocate,place_pear_on_table,[],[],False,instance
1398,3,find_banana_2,fetch,fetch_banana,[],[],False,instance
1398,4,place_banana_on_wooden_cutting_board,relocate,place_banana,[],[],False,instance
1398,5,find_knife_0,fetch,cut_with_knife,[],[],False,instance
1398,6,chop_pear_with_knife,,fetch_pear_from_cabinet,[],[],,instance
1398,7,chop_banana_with_knife,,cut_with_knife,[],[],,instance
1401,0,pick_bread_0,fetch,place_bread,[],[],False,instance
1401,1,place_bread_in_toaster,relocate,place_bread_on_bowl,[],[],False,instance
1401,2,turn_on_toaster,state_change,navigate_to_oven,[],[],False,instance
1401,3,pick_plate_2,fetch,place_plate,[],[],False,instance
1401,4,place_plate_on_kitchen_work_area,relocate,place_plate_on_kitchen_island,[],[],False,instance
1403,0,get_knife_0_from_kitchen_work_area,fetch,cut_with_knife,"[""2255:2"",""782:2""]","[""state_change""]",False,instance
1403,1,get_pear_1_from_kitchen_work_area,fetch,fetch_pear_from_cabinet,[],[],False,instance
1403,2,place_pear_1_on_wooden_cutting_board_2,relocate,place_pear_on_table,[],[],False,instance
1403,3,slice_pear_1_with_knife_0,state_change,cut_with_knife,[],[],False,instance
1408,0,inspect_table_for_peach,state_change,place_peach_on_table,"[""277:2"",""5935:2""]","[""multi_object_sequence"",""relocate""]",False,instance
1408,1,inspect_table_for_tomato,state_change,inspect_table,"[""1976:0"",""4409:0""]","[""fetch"",""state_change""]",True,instance
1408,2,find_missing_peach,fetch,fetch_peach_from_cabinet,"[""277:1"",""5935:1""]","[""fetch"",""open_container_then_retrieve"",""relocate""]",True,instance
1408,3,find_missing_tomato,fetch,fetch_tomato_from_cabinet,[],[],False,instance
1408,4,retrieve_peach_from_location,fetch,fetch_peach_from_cabinet,[],[],False,instance
1408,5,retrieve_tomato_from_location,fetch,fetch_tomato_from_cabinet,[],[],False,instance
1408,6,place_peach_on_table,relocate,place_peach_on_table,[],[],False,instance
1408,7,place_tomato_on_table,relocate,load_tomato_into_plate,[],[],False,instance
1421,0,find_banana_0,fetch,fetch_banana,[],[],False,instance
1421,1,find_banana_1,fetch,fetch_banana,[],[],False,instance
1421,2,find_banana_2,fetch,fetch_banana,[],[],False,instance
1421,3,find_pumpkin_0,fetch,fetch_banana,[],[],False,instance
1421,4,find_pumpkin_1,fetch,fetch_banana,[],[],False,instance
1421,5,find_bowl_0,fetch,fetch_bowl,[],[],False,instance
1421,6,find_bowl_2,fetch,fetch_bowl,[],[],False,instance
1421,7,store_banana_in_bowl,relocate,place_banana,[],[],False,instance
1421,8,store_pumpkin_in_bowl,relocate,place_bowl,[],[],False,instance
1429,0,inspect_table,state_change,inspect_table,"[""1897:0"",""2084:0""]","[""fetch"",""state_change""]",True,instance
1429,1,check_for_pear,state_change,fetch_pear_from_cabinet,"[""1070:1""]","[""fetch"",""open_container_then_retrieve"",""relocate""]",False,instance
1429,2,check_for_banana,state_change,fetch_banana,"[""5046:2"",""5740:2""]","[""multi_object_sequence"",""relocate""]",False,instance
1429,3,fetch_pear_if_missing,fetch,fetch_pear,"[""1897:1""]","[""fetch"",""open_container_then_retrieve"",""relocate""]",True,instance
1429,4,fetch_banana_if_missing,fetch,fetch_banana,[],[],False,instance
1430,0,go_to_kitchen_work_area,,navigate_to_kitchen_island,[],[],,instance
1430,1,pick_apple_0,fetch,fetch_apple,[],[],False,instance
1430,2,go_to_sink_1,,navigate_to_kitchen_island,[],[],,instance
1430,3,wash_apple_0,state_change,fetch_apple,[],[],False,instance
1430,4,go_to_bowl_0,,place_bowl,[],[],,instance
1430,5,place_apple_0_in_bowl_0,relocate,place_bowl,[],[],False,instance
1438,0,find_apple_0,fetch,fetch_apple,[],[],False,instance
1438,1,find_plate_0,fetch,place_plate,[],[],False,instance
1438,2,place_apple_on_plate,relocate,place_apple_on_table,[],[],False,instance
1444,0,pick_pumpkin_0,fetch,place_peach,[],[],False,instance
1444,1,place_pumpkin_0_in_cabinet_1,relocate,place_objects_in_cabinet,"[""1371:3"",""1710:3""]","[""multi_object_sequence"",""relocate""]",True,instance
1444,2,pick_knife_1,fetch,cut_with_knife,[],[],False,instance
1444,3,place_knife_1_in_cabinet_1,relocate,place_objects_in_cabinet,"[""6336:3"",""1944:3""]","[""multi_object_sequence"",""relocate""]",True,instance
1445,0,inspect_table_for_pear,state_change,place_pear_on_table,"[""1070:2""]","[""multi_object_sequence"",""relocate""]",False,instance
1445,1,inspect_table_for_tomato,state_change,inspect_table,"[""4575:0"",""1976:0""]","[""fetch"",""state_change""]",True,instance
1445,2,find_missing_pear,fetch,fetch_pear_from_cabinet,"[""1070:1""]","[""fetch"",""open_container_then_retrieve"",""relocate""]",True,instance
1445,3,find_missing_tomato,fetch,fetch_tomato_from_cabinet,[],[],False,instance
1445,4,retrieve_pear_from_location,fetch,fetch_pear_from_cabinet,[],[],False,instance
1445,5,retrieve_tomato_from_location,fetch,fetch_tomato_from_cabinet,[],[],False,instance
1445,6,place_pear_on_table,relocate,place_pear_on_table,[],[],False,instance
1445,7,place_tomato_on_table,relocate,load_tomato_into_plate,[],[],False,instance
1447,0,pick_peach_0,fetch,place_peach,[],[],False,instance
1447,1,move_to_cabinet_1,,move_to_cabinet,"[""6552:1"",""2274:1""]",[],,instance
1447,2,place_peach_0_in_cabinet_1,relocate,fetch_peach_from_cabinet,[],[],False,instance
1447,3,pick_knife_1,fetch,cut_with_knife,[],[],False,instance
1447,4,move_to_cabinet_1,,move_to_cabinet,"[""3595:1"",""7062:1""]",[],,instance
1447,5,place_knife_1_in_cabinet_1,relocate,place_objects_in_cabinet,"[""6336:3"",""1944:3""]","[""multi_object_sequence"",""relocate""]",True,instance
1454,0,move_wine_to_kitchen_work_area,relocate,move_to_cabinet,[],[],False,instance
1460,0,scan_table_for_missing_fruits,,scan_table_for_fruits,"[""277:0"",""2918:0""]","[""fetch"",""state_change""]",,instance
1460,1,check_cabinet_for_peach,state_change,fetch_peach_from_cabinet,"[""277:1"",""5935:1""]","[""fetch"",""open_container_then_retrieve"",""relocate""]",False,instance
1460,2,place_peach_on_table,relocate,place_peach_on_table,"[""277:2"",""5935:2""]","[""multi_object_sequence"",""relocate""]",True,instance
1460,3,check_cabinet_for_tomato,state_change,fetch_tomato_from_cabinet,[],[],False,instance
1460,4,place_tomato_on_table,relocate,load_tomato_into_plate,[],[],False,instance
1462,0,pick_pear_0,fetch,place_pear,[],[],False,instance
1462,1,place_pear_on_rack,relocate,place_pear_on_table,[],[],False,instance
1467,0,load_pumpkin_into_cardboardbox,relocate,cardboardbox_object,"[""2919:1"",""4773:1""]","[""state_change""]",False,instance
1467,1,transport_cardboardbox,,move_cardboardbox,"[""5133:1"",""4873:1""]","[""relocate"",""state_change""]",,instance
1467,2,unload_pumpkin_from_cardboardbox,,cardboardbox_spoon,"[""1982:1"",""2468:1""]","[""relocate"",""state_change""]",,instance
1469,0,go_to_pear_0,,move_to_pear,[],[],,instance
1469,1,take_pear_0,fetch,place_pear,[],[],False,instance
1469,2,go_to_sink_1,,navigate_to_kitchen_island,[],[],,instance
1469,3,rinse_pear_0,,place_pear,[],[],,instance
1469,4,go_to_plate_0,,place_on_plate,[],[],,instance
1469,5,put_pear_0_in_plate_0,relocate,place_pear_on_table,[],[],False,instance
1470,0,get_knife_0_from_kitchen_work_area,fetch,cut_with_knife,"[""2255:2"",""782:2""]","[""state_change""]",False,instance
1470,1,get_pear_1_from_kitchen_work_area,fetch,fetch_pear_from_cabinet,[],[],False,instance
1470,2,place_pear_1_on_wooden_cutting_board_2,relocate,place_pear_on_table,[],[],False,instance
1470,3,slice_pear_1_with_knife_0,state_change,cut_with_knife,[],[],False,instance
1474,0,move_to_kitchen_work_area,,move_to_cabinet,[],[],,instance
1474,1,pick_apple_0,fetch,fetch_apple,[],[],False,instance
1474,2,move_to_kitchen_island_area,,navigate_to_kitchen_island,[],[],,instance
1474,3,place_apple_0,relocate,place_pear,[],[],False,instance
1477,0,get_peach_1,fetch,fetch_peach,[],[],False,instance
1477,1,place_peach_on_wooden_cutting_board_2,relocate,place_peach_on_table,[],[],False,instance
1477,2,get_knife_0,fetch,cut_with_knife,"[""2255:2"",""782:2""]","[""state_change""]",False,instance
1477,3,cut_peach_with_knife_0,state_change,cut_with_knife,[],[],False,instance
1478,0,move_to_kitchen_work_area,,move_to_cabinet,[],[],,instance
1478,1,pick_apple_0,fetch,fetch_apple,[],[],False,instance
1478,2,move_to_kitchen_island_area,,navigate_to_kitchen_island,[],[],,instance
1478,3,place_apple_0_in_bowl_2,relocate,place_bowl,[],[],False,instance
1478,4,move_to_kitchen_work_area,,move_to_cabinet,[],[],,instance
1478,5,pick_green_peas_1,fetch,fetch_tomato,[],[],False,instance
1478,6,move_to_kitchen_island_area,,navigate_to_kitchen_island,[],[],,instance
1478,7,place_green_peas_1_in_bowl_2,relocate,place_bowl,[],[],False,instance
1480,0,find_bread_0,fetch,fetch_bread,[],[],False,instance
1480,1,find_bread_1,fetch,fetch_bread,[],[],False,instance
1480,2,find_bread_2,fetch,fetch_bread,[],[],False,instance
1480,3,find_bowl_0,fetch,fetch_bowl,[],[],False,instance
1480,4,find_bowl_2,fetch,fetch_bowl,[],[],False,instance
1480,5,put_bread_on_bowl,relocate,place_bread_on_bowl,[],[],False,instance
1482,0,glance_at_table,,inspect_table,"[""3156:1"",""3173:1""]","[""fetch"",""open_container_then_retrieve"",""relocate""]",,instance
1482,1,check_for_peach,state_change,fetch_peach,"[""145:1"",""1936:1""]","[""fetch"",""open_container_then_retrieve"",""relocate""]",False,instance
1482,2,check_for_tomato,state_change,fetch_tomato_from_cabinet,[],[],False,instance
1482,3,retrieve_missing_peach,fetch,fetch_peach_from_cabinet,"[""277:1"",""5935:1""]","[""fetch"",""open_container_then_retrieve"",""relocate""]",True,instance
1482,4,retrieve_missing_tomato,fetch,fetch_tomato_from_cabinet,[],[],False,instance
1482,5,check_cabinet_for_peach,state_change,fetch_peach_from_cabinet,[],[],False,instance
1482,6,check_cabinet_for_tomato,state_change,fetch_tomato_from_cabinet,[],[],False,instance
1484,0,find_apple_0,fetch,fetch_apple,[],[],False,instance
1484,1,find_banana_0,fetch,fetch_banana,[],[],False,instance
1484,2,find_wooden_cutting_board_2,fetch,cut_with_knife,[],[],False,instance
1484,3,place_apple_beside_banana,relocate,place_fruit_on_table,[],[],False,instance
1484,4,find_knife_0,fetch,cut_with_knife,[],[],False,instance
1484,5,trim_apple_with_knife,,cut_with_knife,[],[],,instance
1484,6,trim_banana_with_knife,,cut_with_knife,[],[],,instance
1500,0,find_meat_0,fetch,fetch_tomato,[],[],False,instance
1500,1,find_green_peas_1,fetch,fetch_tomato,[],[],False,instance
1500,2,find_plate_2,fetch,place_plate,[],[],False,instance
1500,3,store_meat_in_plate,relocate,place_on_plate,[],[],False,instance
1500,4,store_green_peas_in_plate,relocate,load_tomato_into_plate,[],[],False,instance
1501,0,move_to_pear_0,,move_to_pear,[],[],,instance
1501,1,pick_pear_0,fetch,place_pear,[],[],False,instance
1501,2,move_to_sink_1,,move_to_destination,"[""6451:1"",""6451:4""]","[""relocate""]",,instance
1501,3,wash_pear_0,state_change,place_pear,[],[],False,instance
1501,4,move_to_plate_0,,place_on_plate,[],[],,instance
1501,5,place_pear_0_on_plate_0,relocate,place_pear_on_table,[],[],False,instance
1507,0,get_peach_1,fetch,fetch_peach,[],[],False,instance
1507,1,place_peach_on_wooden_cutting_board_2,relocate,place_peach_on_table,[],[],False,instance
1507,2,get_knife_0,fetch,cut_with_knife,"[""2255:2"",""782:2""]","[""state_change""]",False,instance
1507,3,slice_peach_with_knife,state_change,fetch_peach_from_cabinet,[],[],False,instance
1509,0,place_plate_on_kitchen_work_area,relocate,place_plate_on_kitchen_island,"[""2240:0"",""1484:1""]","[""fetch"",""relocate"",""state_change""]",True,instance
1509,1,fetch_tomato_from_cabinet,fetch,fetch_tomato_from_cabinet,"[""2240:1""]","[""relocate""]",False,instance
1509,2,load_tomato_into_plate,relocate,load_tomato_into_plate,"[""2240:2""]","[""fetch"",""multi_object_sequence"",""open_container_then_retrieve"",""relocate""]",True,instance
1510,0,pick_apple_0_from_kitchen_work_area,fetch,fetch_fruit_from_cabinet,[],[],False,instance
1510,1,pick_knife_1_from_kitchen_work_area,fetch,cut_with_knife,[],[],False,instance
1510,2,store_apple_0_in_cabinet_1,relocate,fetch_apple_from_cabinet,[],[],False,instance
1510,3,store_knife_1_in_cabinet_1,relocate,place_objects_in_cabinet,"[""6341:3"",""861:3""]","[""multi_object_sequence"",""relocate""]",True,instance
1513,0,move_to_pizza_0,,move_to,[],[],,instance
1513,1,pick_pizza_0,fetch,place_tomato,[],[],False,instance
1513,2,move_to_kitchen_island_area,,navigate_to_kitchen_island,[],[],,instance
1513,3,place_pizza_0,relocate,place_tomato,[],[],False,instance
1531,0,find_banana_0,fetch,fetch_banana,"[""5740:2"",""5046:2""]","[""multi_object_sequence"",""relocate""]",False,instance
1531,1,find_banana_1,fetch,fetch_banana,"[""1923:2"",""2411:2""]","[""multi_object_sequence"",""relocate""]",False,instance
1531,2,find_banana_2,fetch,fetch_banana,"[""2782:2"",""5530:2""]","[""multi_object_sequence"",""relocate""]",False,instance
1531,3,find_apple_0,fetch,fetch_apple,[],[],False,instance
1531,4,find_apple_1,fetch,fetch_apple,[],[],False,instance
1531,5,pick_banana,fetch,place_banana,[],[],False,instance
1531,6,place_banana_on_table,relocate,place_fruit_on_table,[],[],False,instance
1539,0,pick_pear_0,fetch,place_pear,[],[],False,instance
1539,1,place_pear_in_bowl_2,relocate,place_pear_on_table,[],[],False,instance
1539,2,pick_tomato_1,fetch,fetch_tomato,[],[],False,instance
1539,3,place_tomato_in_bowl_2,relocate,place_tomato,[],[],False,instance
1540,0,move_cup_to_kitchen_island_area,relocate,place_plate_on_kitchen_island,[],[],False,instance
1544,0,find_banana_0,fetch,fetch_banana,"[""5169:1""]","[""fetch"",""open_container_then_retrieve""]",True,instance
1544,1,open_cabinet_1,state_change,open_cabinet,"[""1122:0"",""158:0""]","[""state_change""]",True,instance
1544,2,fetch_banana_0,fetch,fetch_banana,[],[],False,instance
1544,3,place_banana_on_plate_2,relocate,place_banana,[],[],False,instance
1549,0,pick_bread_from_kitchen_work_area,fetch,fetch_bread_from_cabinet,[],[],False,instance
1549,1,place_bread_into_toaster,relocate,place_bread_on_bowl,[],[],False,instance
1549,2,turn_on_toaster,state_change,navigate_to_oven,[],[],False,instance
1549,3,pick_plate_from_kitchen_island_area,fetch,place_plate_on_kitchen_island,[],[],False,instance
1549,4,place_plate_on_kitchen_work_area,relocate,place_plate_on_kitchen_island,[],[],False,instance
1554,0,pick_peach_0,fetch,place_peach,[],[],False,instance
1554,1,move_to_cabinet_1,,move_to_cabinet,"[""3056:1"",""3857:1""]",[],,instance
1554,2,place_peach_0_in_cabinet_1,relocate,fetch_peach_from_cabinet,[],[],False,instance
1554,3,pick_spoon_1,fetch,place_spoon,[],[],False,instance
1554,4,move_to_cabinet_1,,move_to_cabinet,"[""4891:1"",""6552:1""]",[],,instance
1554,5,place_spoon_1_in_cabinet_1,relocate,place_spoon,[],[],False,instance
1558,0,find_banana_0,fetch,fetch_banana,"[""5169:1""]","[""fetch"",""open_container_then_retrieve""]",True,instance
1558,1,find_plate_2,fetch,place_plate,"[""3266:2"",""5679:2""]","[""relocate""]",False,instance
1558,2,lay_banana_on_plate,,place_on_plate,"[""5169:2""]","[""relocate""]",,instance
1564,0,move_wine_to_kitchen_island_area,relocate,place_plate_on_kitchen_island,[],[],False,instance
1569,0,load_apple_into_cardboardbox,relocate,cardboardbox_object,"[""2919:1"",""4773:1""]","[""state_change""]",False,instance
1569,1,transport_cardboardbox,,move_cardboardbox,"[""4873:1"",""1889:1""]","[""relocate"",""state_change""]",,instance
1569,2,unload_apple_from_cardboardbox,,fetch_apple_from_cabinet,[],[],,instance
1569,3,deliver_apple_to_sink,relocate,fetch_apple_from_cabinet,[],[],False,instance
1570,0,pick_apple_0_from_kitchen_work_area,fetch,fetch_fruit_from_cabinet,[],[],False,instance
1570,1,pick_fork_1_from_kitchen_work_area,fetch,place_plate_on_kitchen_island,[],[],False,instance
1570,2,store_apple_0_in_cabinet_1,relocate,fetch_apple_from_cabinet,[],[],False,instance
1570,3,store_fork_1_in_cabinet_1,relocate,place_objects_in_cabinet,"[""6341:3"",""861:3""]","[""multi_object_sequence"",""relocate""]",True,instance
1575,0,pick_tomato_0,fetch,place_tomato,[],[],False,instance
1575,1,place_tomato_0_on_plate_0,relocate,load_tomato_into_plate,[],[],False,instance
1575,2,pick_green_peas_1,fetch,fetch_tomato,[],[],False,instance
1575,3,place_green_peas_1_on_plate_0,relocate,place_on_plate,[],[],False,instance
1578,0,move_to_kitchen_work_area,,move_to_cabinet,"[""2562:1"",""2770:1""]",[],,instance
1578,1,pick_apple_0,fetch,fetch_apple,[],[],False,instance
1578,2,pick_scissors_1,fetch,cut_with_knife,[],[],False,instance
1578,3,move_to_cabinet_1,,move_to_cabinet,"[""3167:1"",""5038:1""]",[],,instance
1578,4,place_apple_0_in_cabinet_1,relocate,fetch_apple_from_cabinet,[],[],False,instance
1578,5,place_scissors_1_in_cabinet_1,relocate,place_objects_in_cabinet,"[""1640:3"",""2681:3""]","[""multi_object_sequence"",""relocate""]",True,instance
1579,0,get_peach_1,fetch,fetch_peach,[],[],False,instance
1579,1,place_peach_on_wooden_cutting_board_3,relocate,place_peach_on_table,[],[],False,instance
1579,2,get_tomato_2,fetch,fetch_tomato,[],[],False,instance
1579,3,place_tomato_on_wooden_cutting_board_3,relocate,fetch_tomato_from_cabinet,[],[],False,instance
1579,4,get_knife_0,fetch,cut_with_knife,[],[],False,instance
1579,5,slice_peach_with_knife,state_change,fetch_peach_from_cabinet,[],[],False,instance
1579,6,slice_tomato_with_knife,state_change,fetch_tomato_from_cabinet,[],[],False,instance
1581,0,freshen_pear_0,,place_pear,[],[],,instance
1581,1,drop_pear_0_in_plate_0,,fetch_pear_from_cabinet,[],[],,instance
1582,0,find_banana_0,fetch,fetch_banana,"[""5169:1""]","[""fetch"",""open_container_then_retrieve""]",True,instance
1582,1,open_cabinet_1,state_change,open_cabinet,"[""1122:0"",""158:0""]","[""state_change""]",True,instance
1582,2,fetch_banana_0,fetch,fetch_banana,[],[],False,instance
1582,3,place_banana_on_plate_2,relocate,place_banana,[],[],False,instance
1583,0,move_peach_to_wooden_cutting_board,relocate,place_peach_on_table,[],[],False,instance
1583,1,move_knife_to_wooden_cutting_board,relocate,cut_with_knife,"[""2255:2"",""782:2""]","[""state_change""]",False,instance
1583,2,cut_peach_with_knife,state_change,cut_with_knife,[],[],False,instance
1589,0,load_bread_into_toaster,relocate,fetch_bread_from_cabinet,[],[],False,instance
1589,1,start_toaster_operation,,fetch_bread_from_cabinet,[],[],,instance
1589,2,arrange_plate_on_kitchen_island_area,,place_plate_on_kitchen_island,[],[],,instance
1594,0,pick_pumpkin_0,fetch,place_peach,[],[],False,instance
1594,1,place_pumpkin_in_cabinet,relocate,place_objects_in_cabinet,"[""2681:3"",""1640:3""]","[""multi_object_sequence"",""relocate""]",True,instance
1594,2,pick_spoon_1,fetch,place_spoon,[],[],False,instance
1594,3,place_spoon_in_cabinet,relocate,place_spoon,[],[],False,instance
1595,0,inspect_cabinet,state_change,inspect_cabinet,"[""3142:0"",""4308:0""]","[""state_change""]",True,instance
1595,1,move_to_apple,,move_to_pear,[],[],,instance
1595,2,pick_apple,fetch,fetch_apple,[],[],False,instance
1595,3,move_to_plate,,place_on_plate,"[""5169:2""]","[""relocate""]",,instance
1595,4,place_apple_on_plate,relocate,place_apple_on_table,[],[],False,instance
1600,0,insert_bread_into_toaster,,place_bread_on_bowl,[],[],,instance
1600,1,switch_on_toaster,,navigate_to_oven,[],[],,instance
1600,2,place_bowl_on_kitchen_work_area,relocate,place_bowl,[],[],False,instance
1606,0,find_banana_0,fetch,fetch_banana,"[""5169:1""]","[""fetch"",""open_container_then_retrieve""]",True,instance
1606,1,open_cabinet_1,state_change,open_cabinet,"[""1323:0"",""2399:0""]","[""state_change""]",True,instance
1606,2,find_banana_0,fetch,fetch_banana,[],[],False,instance
1606,3,pick_banana_0,fetch,fetch_banana,[],[],False,instance
1606,4,move_to_kitchen_island_area,,navigate_to_kitchen_island,[],[],,instance
1606,5,place_banana_0_in_bowl_2,relocate,place_banana,[],[],False,instance
1608,0,find_banana_0,fetch,fetch_banana,[],[],False,instance
1608,1,find_plate_2,fetch,place_plate,[],[],False,instance
1608,2,place_banana_on_plate,relocate,place_on_plate,[],[],False,instance
1615,0,observe_table_for_apple_and_banana,,check_table_fruits,"[""2444:0""]","[""fetch"",""state_change""]",,instance
1615,1,check_if_apple_is_missing,state_change,fetch_apple_from_cabinet,"[""5944:1""]","[""fetch"",""open_container_then_retrieve"",""relocate""]",False,instance
1615,2,check_if_banana_is_missing,state_change,fetch_banana,"[""1923:2"",""2411:2""]","[""multi_object_sequence"",""relocate""]",False,instance
1615,3,fetch_missing_apple_from_any_location,fetch,fetch_apple,"[""2839:1"",""5841:1""]","[""fetch"",""open_container_then_retrieve"",""relocate""]",True,instance
1615,4,fetch_missing_banana_from_any_location,fetch,fetch_banana,[],[],False,instance
1615,5,place_missing_apple_on_table,relocate,place_apple_on_table,[],[],False,instance
1615,6,place_missing_banana_on_table,relocate,place_fruit_on_table,[],[],False,instance
1619,0,inspect_cabinet_1,state_change,inspect_cabinet,[],[],False,instance
1619,1,inspect_kitchen_island_area,state_change,navigate_to_kitchen_island,[],[],False,instance
1619,2,inspect_kitchen_work_area,state_change,inspect_cabinet,[],[],False,instance
1619,3,move_banana_to_plate,relocate,place_banana,[],[],False,instance
1621,0,move_to_kitchen_island_area,,navigate_to_kitchen_island,[],[],,instance
1621,1,pick_wine_0,fetch,place_tomato,[],[],False,instance
1621,2,move_to_kitchen_work_area,,move_to_cabinet,[],[],,instance
1621,3,place_wine_0,relocate,place_tomato,[],[],False,instance
1623,0,move_to_pear_0,,move_to_pear,[],[],,instance
1623,1,pick_pear_0,fetch,place_pear,[],[],False,instance
1623,2,move_to_sink_1,,move_to_destination,"[""6451:1"",""6451:4""]","[""relocate""]",,instance
1623,3,wash_pear_0,state_change,place_pear,[],[],False,instance
1623,4,move_to_plate_0,,place_on_plate,[],[],,instance
1623,5,place_pear_0_on_plate_0,relocate,place_pear_on_table,[],[],False,instance
1625,0,inspect_cabinet_1,state_change,inspect_cabinet,[],[],False,instance
1625,1,inspect_kitchen_island_area,state_change,navigate_to_kitchen_island,[],[],False,instance
1625,2,inspect_kitchen_work_area,state_change,inspect_cabinet,[],[],False,instance
1625,3,move_banana_to_plate,relocate,place_banana,[],[],False,instance
1627,0,find_banana_0,fetch,fetch_banana,"[""5740:2"",""5046:2""]","[""multi_object_sequence"",""relocate""]",False,instance
1627,1,find_banana_1,fetch,fetch_banana,"[""1923:2"",""2411:2""]","[""multi_object_sequence"",""relocate""]",False,instance
1627,2,find_banana_2,fetch,fetch_banana,"[""2782:2"",""5530:2""]","[""multi_object_sequence"",""relocate""]",False,instance
1627,3,find_apple_0,fetch,fetch_apple,[],[],False,instance
1627,4,find_apple_1,fetch,fetch_apple,[],[],False,instance
1627,5,pick_up_banana,fetch,fetch_banana,[],[],False,instance
1627,6,pick_up_apple,fetch,fetch_apple,[],[],False,instance
1627,7,place_banana_on_table,relocate,place_fruit_on_table,[],[],False,instance
1627,8,place_apple_on_table,relocate,place_apple_on_table,[],[],False,instance
1630,0,move_peach_to_wooden_cutting_board,relocate,place_peach_on_table,[],[],False,instance
1630,1,slice_peach_with_knife,state_change,fetch_peach_from_cabinet,[],[],False,instance
1634,0,load_meat_into_cardboardbox,relocate,cardboardbox_object,"[""2919:1"",""4773:1""]","[""state_change""]",False,instance
1634,1,transport_cardboardbox,,move_cardboardbox,"[""1889:1"",""5003:1""]","[""relocate"",""state_change""]",,instance
1634,2,unload_meat_from_cardboardbox,,move_cardboardbox,"[""4873:1"",""2318:2""]","[""fetch"",""relocate"",""state_change""]",,instance
1634,3,deliver_meat_to_sink,relocate,place_on_plate,[],[],False,instance
1635,0,pick_pear_1,fetch,place_pear,[],[],False,instance
1635,1,pick_bread_2,fetch,place_bread,[],[],False,instance
1635,2,place_pear_on_wooden_cutting_board_3,relocate,place_pear_on_table,[],[],False,instance
1635,3,place_bread_on_wooden_cutting_board_3,relocate,place_bread_on_bowl,[],[],False,instance
1635,4,slice_with_knife_0,state_change,cut_with_knife,[],[],False,instance
1643,0,transport_peach_1_to_wooden_cutting_board_3,,place_peach_on_table,[],[],,instance
1643,1,transport_banana_2_to_wooden_cutting_board_3,,place_banana,[],[],,instance
1643,2,slice_peach_with_knife_0,state_change,fetch_peach_from_cabinet,[],[],False,instance
1643,3,slice_banana_with_knife_0,state_change,cut_with_knife,[],[],False,instance
1644,0,get_peach_1,fetch,fetch_peach,[],[],False,instance
1644,1,place_peach_on_wooden_cutting_board_2,relocate,place_peach_on_table,[],[],False,instance
1644,2,get_knife_0,fetch,cut_with_knife,"[""2255:2"",""782:2""]","[""state_change""]",False,instance
1644,3,slice_peach_with_knife,state_change,fetch_peach_from_cabinet,[],[],False,instance
1652,0,move_to_kitchen_work_area,,move_to_cabinet,[],[],,instance
1652,1,pick_meat_0,fetch,cut_with_knife,[],[],False,instance
1652,2,move_to_kitchen_island_area,,navigate_to_kitchen_island,[],[],,instance
1652,3,place_meat_0_on_rack,relocate,place_on_plate,[],[],False,instance
1653,0,find_bread_0,fetch,fetch_bread,[],[],False,instance
1653,1,find_bread_1,fetch,fetch_bread,[],[],False,instance
1653,2,find_bread_2,fetch,fetch_bread,[],[],False,instance
1653,3,find_cabinet_1,fetch,check_cabinet,[],[],False,instance
1653,4,find_cabinet_2,fetch,check_cabinet,[],[],False,instance
1653,5,open_cabinet,state_change,open_cabinet,[],[],False,instance
1653,6,take_bread_from_cabinet,fetch,fetch_bread_from_cabinet,[],[],False,instance
1653,7,place_bread_on_bowl,relocate,place_bread_on_bowl,[],[],False,instance
1654,0,place_pear_on_wooden_cutting_board,relocate,place_pear_on_table,[],[],False,instance
1654,1,place_knife_on_wooden_cutting_board,relocate,cut_with_knife,"[""2255:2"",""782:2""]","[""state_change""]",False,instance
1654,2,cut_pear_with_knife,state_change,cut_with_knife,[],[],False,instance
1671,0,get_pear_1_from_kitchen_island_area,fetch,fetch_pear_from_cabinet,[],[],False,instance
1671,1,get_tomato_2_from_kitchen_island_area,fetch,fetch_tomato_from_cabinet,[],[],False,instance
1671,2,place_pear_1_on_wooden_cutting_board_3,relocate,place_pear_on_table,[],[],False,instance
1671,3,place_tomato_2_on_wooden_cutting_board_3,relocate,fetch_tomato_from_cabinet,[],[],False,instance
1671,4,get_knife_0_from_kitchen_work_area,fetch,cut_with_knife,[],[],False,instance
1671,5,slice_pear_1_with_knife_0,state_change,cut_with_knife,[],[],False,instance
1671,6,slice_tomato_2_with_knife_0,state_change,fetch_tomato_from_cabinet,[],[],False,instance
1673,0,pick_meat_0,fetch,cut_with_knife,[],[],False,instance
1673,1,place_meat_in_bowl_0,relocate,place_bowl,[],[],False,instance
1673,2,pick_pear_1,fetch,place_pear,[],[],False,instance
1673,3,place_pear_in_bowl_0,relocate,place_pear_on_table,[],[],False,instance
1677,0,find_bread_0,fetch,fetch_bread,[],[],False,instance
1677,1,find_spoon_1,fetch,place_spoon,[],[],False,instance
1677,2,open_cabinet_2,state_change,open_cabinet,"[""1393:2"",""2775:2""]","[""multi_object_sequence"",""relocate"",""state_change""]",True,instance
1677,3,place_bread_0_in_cabinet_2,relocate,fetch_bread_from_cabinet,[],[],False,instance
1677,4,place_spoon_1_in_cabinet_2,relocate,place_spoon,[],[],False,instance
1677,5,close_cabinet_2,state_change,open_cabinet,"[""3028:2"",""4569:2""]","[""multi_object_sequence"",""relocate"",""state_change""]",True,instance
1685,0,position_plate_on_kitchen_island_area,,place_plate_on_kitchen_island,"[""1484:1"",""2240:0""]","[""fetch"",""relocate"",""state_change""]",,instance
1685,1,retrieve_bread_from_cabinet,fetch,fetch_bread_from_cabinet,"[""1484:2""]","[""fetch"",""open_container_then_retrieve""]",True,instance
1685,2,place_bread_in_plate,relocate,place_bread_on_bowl,[],[],False,instance
1689,0,transport_meat_to_plate_2,,place_on_plate,[],[],,instance
1689,1,transport_apple_to_plate_2,,place_apple_on_table,[],[],,instance
1691,0,move_to_banana_0,,place_banana,[],[],,instance
1691,1,pick_banana_0,fetch,fetch_banana,[],[],False,instance
1691,2,move_to_kitchen_island_area,,navigate_to_kitchen_island,[],[],,instance
1691,3,place_banana_0,relocate,place_banana,[],[],False,instance
1693,0,pick_tomato_0,fetch,place_tomato,[],[],False,instance
1693,1,pick_scissors_0,fetch,cut_with_knife,[],[],False,instance
1693,2,place_tomato_0_in_cabinet_1,relocate,fetch_tomato_from_cabinet,[],[],False,instance
1693,3,place_scissors_0_in_cabinet_1,relocate,place_objects_in_cabinet,"[""1944:3"",""3497:3""]","[""multi_object_sequence"",""relocate""]",True,instance
1713,0,get_apple_0_from_kitchen_work_area,fetch,fetch_apple_from_cabinet,[],[],False,instance
1713,1,go_to_sink_1,,navigate_to_kitchen_island,[],[],,instance
1713,2,wash_apple_0_in_sink_1,state_change,place_apple_on_table,[],[],False,instance
1713,3,go_to_plate_0,,place_on_plate,[],[],,instance
1713,4,place_apple_0_in_plate_0,relocate,place_apple_on_table,[],[],False,instance
1718,0,examine_table,,inspect_table,"[""2573:0"",""5129:0""]","[""fetch"",""state_change""]",,instance
1718,1,check_for_pear,state_change,fetch_pear_from_cabinet,"[""1070:1""]","[""fetch"",""open_container_then_retrieve"",""relocate""]",False,instance
1718,2,check_for_tomato,state_change,fetch_tomato_from_cabinet,[],[],False,instance
1718,3,retrieve_pear_if_needed,fetch,fetch_pear_from_cabinet,[],[],False,instance
1718,4,retrieve_tomato_if_needed,fetch,fetch_tomato_from_cabinet,[],[],False,instance
1718,5,place_pear_on_table,relocate,place_pear_on_table,"[""1070:2""]","[""multi_object_sequence"",""relocate""]",True,instance
1718,6,place_tomato_on_table,relocate,load_tomato_into_plate,[],[],False,instance
1729,0,find_peach_0,fetch,fetch_peach,"[""1065:1"",""353:1""]","[""fetch"",""open_container_then_retrieve"",""relocate""]",True,instance
1729,1,find_banana_0,fetch,fetch_banana,"[""5046:2"",""5740:2""]","[""multi_object_sequence"",""relocate""]",False,instance
1729,2,find_banana_1,fetch,fetch_banana,"[""1923:2"",""2411:2""]","[""multi_object_sequence"",""relocate""]",False,instance
1729,3,find_banana_2,fetch,fetch_banana,[],[],False,instance
1729,4,find_cabinet_1,fetch,check_cabinet,[],[],False,instance
1729,5,find_cabinet_2,fetch,check_cabinet,[],[],False,instance
1729,6,find_kitchen_work_area,fetch,navigate_to_kitchen_island,[],[],False,instance
1729,7,bring_peach_or_banana_to_table,relocate,place_peach_on_table,[],[],False,instance
1736,0,pick_bread_0,fetch,place_bread,[],[],False,instance
1736,1,move_to_cabinet_1,,move_to_cabinet,"[""2326:1"",""4539:1""]",[],,instance
1736,2,place_bread_0_in_cabinet_1,relocate,fetch_bread_from_cabinet,[],[],False,instance
1736,3,pick_spoon_1,fetch,place_spoon,[],[],False,instance
1736,4,move_to_cabinet_1,,move_to_cabinet,"[""6740:1"",""6336:1""]",[],,instance
1736,5,place_spoon_1_in_cabinet_1,relocate,place_spoon,[],[],False,instance
1740,0,pick_pear_0,fetch,place_pear,[],[],False,instance
1740,1,check_distance_to_sink,state_change,inspect_location,[],[],False,instance
1740,2,place_pear_in_cardboardbox_0,relocate,fetch_pear_from_cabinet,[],[],False,instance
1740,3,move_cardboardbox_0_to_sink,relocate,move_cardboardbox,"[""4873:1"",""1889:1""]","[""relocate"",""state_change""]",True,instance
1740,4,retrieve_pear_from_cardboardbox_0,fetch,fetch_pear_from_cabinet,[],[],False,instance
1740,5,place_pear_0_in_sink_2,relocate,place_pear_on_table,[],[],False,instance
1741,0,get_wooden_cutting_board_2,fetch,cut_with_knife,"[""2255:2"",""782:2""]","[""state_change""]",False,instance
1741,1,get_apple_1,fetch,fetch_apple,[],[],False,instance
1741,2,place_apple_on_wooden_cutting_board,relocate,place_apple_on_table,[],[],False,instance
1741,3,get_knife_0,fetch,cut_with_knife,[],[],False,instance
1741,4,cut_apple_with_knife,state_change,cut_with_knife,[],[],False,instance
1743,0,get_wooden_cutting_board_2,fetch,cut_with_knife,"[""2255:2"",""782:2""]","[""state_change""]",False,instance
1743,1,get_pear_1,fetch,fetch_pear,[],[],False,instance
1743,2,place_pear_on_wooden_cutting_board,relocate,place_pear_on_table,[],[],False,instance
1743,3,get_knife_0,fetch,cut_with_knife,[],[],False,instance
1743,4,cut_pear_with_knife,state_change,cut_with_knife,[],[],False,instance
1746,0,get_apple_0_from_kitchen_work_area,fetch,fetch_apple_from_cabinet,[],[],False,instance
1746,1,get_pear_1_from_kitchen_work_area,fetch,fetch_pear_from_cabinet,[],[],False,instance
1746,2,place_apple_0_in_plate_2,relocate,place_apple_on_table,[],[],False,instance
1746,3,place_pear_1_in_plate_2,relocate,place_pear_on_table,[],[],False,instance
1750,0,move_to_apple_1,,move_to_pear,[],[],,instance
1750,1,pick_apple_1,fetch,fetch_apple,[],[],False,instance
1750,2,move_to_wooden_cutting_board_2,,move_to_cabinet,[],[],,instance
1750,3,place_apple_on_wooden_cutting_board,relocate,place_apple_on_table,[],[],False,instance
1750,4,move_to_knife_0,,cut_with_knife,"[""2255:2"",""782:2""]","[""state_change""]",,instance
1750,5,pick_knife_0,fetch,cut_with_knife,[],[],False,instance
1750,6,move_to_wooden_cutting_board_2,,move_to_cabinet,[],[],,instance
1750,7,slice_apple_with_knife,state_change,cut_with_knife,[],[],False,instance
1751,0,move_to_apple_0,,move_to_pear,[],[],,instance
1751,1,pick_apple_0,fetch,fetch_apple,[],[],False,instance
1751,2,move_to_cabinet_1,,move_to_cabinet,"[""2414:1"",""152:1""]",[],,instance
1751,3,place_apple_0_in_cabinet_1,relocate,fetch_apple_from_cabinet,[],[],False,instance
1751,4,move_to_fork_1,,move_to,[],[],,instance
1751,5,pick_fork_1,fetch,place_spoon,[],[],False,instance
1751,6,move_to_cabinet_1,,move_to_cabinet,"[""2618:1"",""2681:1""]",[],,instance
1751,7,place_fork_1_in_cabinet_1,relocate,place_objects_in_cabinet,"[""2681:3"",""1640:3""]","[""multi_object_sequence"",""relocate""]",True,instance
1753,0,move_to_kitchen_work_area,,move_to_cabinet,"[""696:1"",""2274:1""]",[],,instance
1753,1,pick_apple_0,fetch,fetch_apple,[],[],False,instance
1753,2,move_to_cabinet_1,,move_to_cabinet,"[""3595:1"",""7062:1""]",[],,instance
1753,3,place_apple_0_in_cabinet_1,relocate,fetch_apple_from_cabinet,[],[],False,instance
1753,4,move_to_kitchen_work_area,,move_to_cabinet,"[""2766:1"",""3846:1""]",[],,instance
1753,5,pick_scissors_1,fetch,cut_with_knife,[],[],False,instance
1753,6,move_to_cabinet_1,,move_to_cabinet,[],[],,instance
1753,7,place_scissors_1_in_cabinet_1,relocate,place_objects_in_cabinet,[],[],False,instance
1755,0,get_peach_1,fetch,fetch_peach,[],[],False,instance
1755,1,get_wooden_cutting_board_2,fetch,cut_with_knife,"[""2255:2"",""782:2""]","[""state_change""]",False,instance
1755,2,place_peach_on_wooden_cutting_board,relocate,place_peach_on_table,[],[],False,instance
1755,3,get_knife_0,fetch,cut_with_knife,[],[],False,instance
1755,4,cut_peach_with_knife,state_change,cut_with_knife,[],[],False,instance
1756,0,pick_spoon_0,fetch,place_spoon,[],[],False,instance
1756,1,move_to_rack,,move_to,[],[],,instance
1756,2,place_spoon_0,relocate,place_spoon,[],[],False,instance
1763,0,transport_meat_to_plate_2,,place_on_plate,[],[],,instance
1763,1,transport_apple_to_plate_2,,place_apple_on_table,[],[],,instance
1784,0,pick_bread_0,fetch,place_bread,[],[],False,instance
1784,1,insert_bread_into_toaster,,place_bread_on_bowl,[],[],,instance
1784,2,switch_on_toaster,,navigate_to_oven,[],[],,instance
1784,3,pick_plate_2,fetch,place_plate,[],[],False,instance
1784,4,place_plate_on_kitchen_work_area,relocate,place_plate_on_kitchen_island,[],[],False,instance
1788,0,pick_pear_0,fetch,place_pear,[],[],False,instance
1788,1,place_pear_on_rack,relocate,place_pear_on_table,[],[],False,instance
1789,0,find_bread_0,fetch,fetch_bread,[],[],False,instance
1789,1,find_bread_1,fetch,fetch_bread,[],[],False,instance
1789,2,find_bread_2,fetch,fetch_bread,[],[],False,instance
1789,3,find_cabinet_1,fetch,check_cabinet,[],[],False,instance
1789,4,find_cabinet_2,fetch,check_cabinet,[],[],False,instance
1789,5,open_cabinet,state_change,open_cabinet,[],[],False,instance
1789,6,take_bread_from_cabinet,fetch,fetch_bread_from_cabinet,[],[],False,instance
1789,7,place_bread_on_bowl,relocate,place_bread_on_bowl,[],[],False,instance
1790,0,go_to_kitchen_work_area,,navigate_to_kitchen_island,[],[],,instance
1790,1,pick_apple_0,fetch,fetch_apple,[],[],False,instance
1790,2,go_to_sink_1,,navigate_to_kitchen_island,[],[],,instance
1790,3,clean_apple_0,state_change,fetch_apple,[],[],False,instance
1790,4,go_to_plate_0,,place_on_plate,[],[],,instance
1790,5,place_apple_0_on_plate_0,relocate,place_apple_on_table,[],[],False,instance
1793,0,freshen_tomato_0,,fetch_tomato,[],[],,instance
1793,1,drop_tomato_0_in_bowl,,fetch_tomato_from_cabinet,[],[],,instance
1797,0,retrieve_bowl_0_from_kitchen_island_area,fetch,fetch_bowl,"[""4764:0"",""1488:0""]","[""fetch"",""state_change""]",True,instance
1797,1,place_bowl_0_on_kitchen_work_area,relocate,place_bowl,"[""4764:1"",""1488:2""]","[""fetch"",""multi_object_sequence"",""open_container_then_retrieve"",""relocate""]",True,instance
1797,2,retrieve_banana_0_from_cabinet,fetch,fetch_fruit_from_cabinet,[],[],False,instance
1797,3,place_banana_0_in_bowl_0,relocate,place_banana,"[""2804:2""]","[""fetch"",""multi_object_sequence"",""open_container_then_retrieve"",""relocate""]",True,instance
0,0,place_wine_on_kitchen_work_area,relocate,place_plate_on_kitchen_island,"[""1484:1""]","[""relocate""]",True,productivity
4,0,find_bread_0,fetch,fetch_bread,"[""1488:1"",""2686:1""]","[""relocate""]",False,productivity
4,1,find_plate_2,fetch,place_plate,"[""3266:2"",""5679:2""]","[""relocate""]",False,productivity
4,2,place_bread_on_plate,relocate,place_bread_on_bowl,"[""2519:2"",""5838:2""]","[""relocate""]",True,productivity
6,0,move_bread_to_kitchen_work_area,relocate,place_bread_on_bowl,"[""2519:2"",""5838:2""]","[""relocate""]",True,productivity
16,0,inspect_table_for_pear,state_change,place_pear_on_table,[],[],False,productivity
16,1,inspect_table_for_tomato,state_change,inspect_table,[],[],False,productivity
16,2,fetch_missing_pear,fetch,fetch_pear,"[""6061:1""]","[""relocate""]",False,productivity
16,3,fetch_missing_tomato,fetch,fetch_tomato,"[""2966:1"",""6810:1""]","[""relocate""]",False,productivity
16,4,place_pear_on_table,relocate,place_pear_on_table,[],[],False,productivity
16,5,place_tomato_on_table,relocate,load_tomato_into_plate,[],[],False,productivity
19,0,pick_pear_1,fetch,place_pear,[],[],False,productivity
19,1,place_pear_on_wooden_cutting_board_2,relocate,place_pear_on_table,[],[],False,productivity
19,2,pick_knife_0,fetch,cut_with_knife,"[""2255:2"",""782:2""]","[""state_change""]",False,productivity
19,3,cut_pear_with_knife,state_change,cut_with_knife,[],[],False,productivity
24,0,move_peach_to_wooden_cutting_board,relocate,place_peach_on_table,[],[],False,productivity
24,1,slice_peach_with_knife,state_change,fetch_peach_from_cabinet,[],[],False,productivity
25,0,check_banana_presence,state_change,load_banana,[],[],False,productivity
25,1,check_bowl_presence,state_change,place_bowl,"[""4764:1""]","[""relocate""]",False,productivity
25,2,move_to_cabinet_if_needed,,move_to_cabinet,[],[],,productivity
25,3,open_cabinet,state_change,open_cabinet,"[""1922:0"",""3933:0""]","[""state_change""]",True,productivity
25,4,search_cabinet_for_banana,,fetch_fruit_from_cabinet,[],[],,productivity
25,5,search_cabinet_for_bowl,,place_bowl,[],[],,productivity
25,6,pick_banana,fetch,place_banana,[],[],False,productivity
25,7,pick_bowl,fetch,place_bowl,[],[],False,productivity
25,8,place_banana_in_bowl,relocate,place_banana,[],[],False,productivity
36,0,move_to_kettle_0,,move_to,[],[],,productivity
36,1,pick_kettle_0,fetch,cardboardbox_spoon,[],[],False,productivity
36,2,move_to_kitchen_work_area,,move_to_cabinet,[],[],,productivity
36,3,place_kettle_0,relocate,place_spoon,"[""1982:3"",""1454:3""]","[""relocate""]",True,productivity
42,0,get_meat_from_r2,fetch,fetch_tomato_from_cabinet,"[""2240:1""]","[""relocate""]",False,productivity
42,1,check_distance_to_sink,state_change,inspect_location,"[""2581:1"",""2650:1""]","[""state_change""]",True,productivity
42,2,put_meat_in_cardboardbox,relocate,cardboardbox_object,"[""2919:1"",""4773:1""]","[""state_change""]",False,productivity
42,3,move_cardboardbox_to_sink,relocate,move_cardboardbox,"[""4873:1""]","[""state_change""]",False,productivity
42,4,retrieve_meat_from_cardboardbox,fetch,cardboardbox_object,[],[],False,productivity
48,0,move_to_kitchen_island_area,,navigate_to_kitchen_island,[],[],,productivity
48,1,pick_knife,fetch,cut_with_knife,"[""2255:2"",""782:2""]","[""state_change""]",False,productivity
48,2,move_to_wooden_cutting_board,,move_to_cabinet,[],[],,productivity
48,3,cut_apple_with_knife,state_change,cut_with_knife,[],[],False,productivity
58,0,move_plate_to_kitchen_island_area,relocate,place_plate_on_kitchen_island,"[""1484:1""]","[""relocate""]",True,productivity
60,0,move_pumpkin_to_kitchen_work_area,relocate,fetch_tomato_from_cabinet,"[""2240:1""]","[""relocate""]",True,productivity
64,0,find_banana_0,fetch,fetch_banana,"[""2804:1""]","[""relocate""]",False,productivity
64,1,find_plate_2,fetch,place_plate,"[""3266:2"",""5679:2""]","[""relocate""]",False,productivity
64,2,place_banana_on_plate,relocate,place_on_plate,"[""5169:2""]","[""relocate""]",True,productivity
66,0,inspect_table_for_pear,state_change,place_pear_on_table,[],[],False,productivity
66,1,inspect_table_for_banana,state_change,check_table_fruits,[],[],False,productivity
66,2,find_missing_pear,fetch,fetch_pear_from_cabinet,[],[],False,productivity
66,3,find_missing_banana,fetch,fetch_banana,"[""2804:1""]","[""relocate""]",False,productivity
66,4,retrieve_pear_from_location,fetch,fetch_pear_from_cabinet,[],[],False,productivity
66,5,retrieve_banana_from_location,fetch,fetch_banana,[],[],False,productivity
66,6,place_pear_on_table,relocate,place_pear_on_table,[],[],False,productivity
66,7,place_banana_on_table,relocate,place_fruit_on_table,"[""4135:1""]","[""relocate""]",True,productivity
69,0,inspect_cabinet_1,state_change,inspect_cabinet,"[""3142:0"",""4308:0""]","[""state_change""]",True,productivity
69,1,move_to_kitchen_island_area,,navigate_to_kitchen_island,[],[],,productivity
69,2,pick_apple_0,fetch,fetch_apple,[],[],False,productivity
69,3,move_to_kitchen_work_area,,move_to_cabinet,[],[],,productivity
69,4,place_apple_0_on_plate_2,relocate,place_apple_on_table,[],[],False,productivity
70,0,place_peach_on_kitchen_work_area,relocate,place_peach_on_table,[],[],False,productivity
73,0,find_scissors_0,fetch,cut_with_knife,"[""2255:2"",""782:2""]","[""state_change""]",False,productivity
73,1,move_to_rack,,move_to,[],[],,productivity
73,2,place_scissors_on_rack,relocate,cut_with_knife,[],[],False,productivity
74,0,find_bread_0,fetch,fetch_bread,"[""1488:1"",""2686:1""]","[""relocate""]",False,productivity
74,1,find_plate_2,fetch,place_plate,"[""3266:2"",""5679:2""]","[""relocate""]",False,productivity
74,2,transfer_bread_to_plate,relocate,place_bread_on_bowl,"[""2519:2"",""5838:2""]","[""relocate""]",True,productivity
74,3,open_cabinet_1,state_change,open_cabinet,[],[],False,productivity
74,4,retrieve_bread_from_cabinet,fetch,fetch_bread_from_cabinet,[],[],False,productivity
76,0,check_table_for_peach,state_change,check_table_fruits,[],[],False,productivity
76,1,check_table_for_banana,state_change,check_table_fruits,[],[],False,productivity
76,2,retrieve_peach_if_missing,fetch,fetch_peach_from_cabinet,[],[],False,productivity
76,3,retrieve_banana_if_missing,fetch,fetch_banana,"[""2804:1""]","[""relocate""]",False,productivity
83,0,examine_table,,inspect_table,[],[],,productivity
83,1,check_for_apple,state_change,fetch_apple,[],[],False,productivity
83,2,check_for_tomato,state_change,fetch_tomato_from_cabinet,"[""2240:1""]","[""relocate""]",False,productivity
83,3,retrieve_apple_from_kitchen_work_area,fetch,fetch_apple_from_cabinet,[],[],False,productivity
83,4,place_apple_on_table,relocate,place_apple_on_table,[],[],False,productivity
83,5,retrieve_tomato_from_table,fetch,fetch_tomato_from_cabinet,[],[],False,productivity
83,6,place_tomato_on_table,relocate,load_tomato_into_plate,[],[],False,productivity
84,0,find_apple_0,fetch,fetch_apple,[],[],False,productivity
84,1,find_bowl_0,fetch,fetch_bowl,[],[],False,productivity
84,2,place_apple_on_bowl,relocate,place_bread_on_bowl,"[""2519:2"",""5838:2""]","[""relocate""]",True,productivity
88,0,inspect_table_for_apple,state_change,inspect_table,[],[],False,productivity
88,1,inspect_table_for_banana,state_change,check_table_fruits,[],[],False,productivity
88,2,find_missing_banana,fetch,fetch_banana,"[""2804:1""]","[""relocate""]",False,productivity
88,3,retrieve_banana_from_location,fetch,fetch_banana,[],[],False,productivity
88,4,place_banana_on_table,relocate,place_fruit_on_table,"[""4135:1""]","[""relocate""]",True,productivity
91,0,move_to_peach_0,,move_to_pear,[],[],,productivity
91,1,pick_peach_0,fetch,place_peach,[],[],False,productivity
91,2,move_to_kitchen_island_area,,navigate_to_kitchen_island,[],[],,productivity
91,3,place_peach_0,relocate,place_peach,[],[],False,productivity
102,0,get_wooden_cutting_board_2,fetch,cut_with_knife,"[""2255:2"",""782:2""]","[""state_change""]",False,productivity
102,1,get_pear_1,fetch,fetch_pear,"[""6061:1""]","[""relocate""]",False,productivity
102,2,place_pear_on_wooden_cutting_board,relocate,place_pear_on_table,[],[],False,productivity
102,3,get_knife_0,fetch,cut_with_knife,[],[],False,productivity
102,4,cut_pear_with_knife,state_change,cut_with_knife,[],[],False,productivity
106,0,inspect_table,state_change,inspect_table,[],[],False,productivity
106,1,check_for_missing_apple,state_change,fetch_apple_from_cabinet,[],[],False,productivity
106,2,check_for_missing_tomato,state_change,fetch_tomato_from_cabinet,"[""2240:1""]","[""relocate""]",False,productivity
106,3,fetch_missing_apple,fetch,fetch_apple,[],[],False,productivity
106,4,fetch_missing_tomato,fetch,fetch_tomato,"[""4075:1"",""4469:1""]","[""relocate""]",False,productivity
109,0,get_peach_1,fetch,fetch_peach,[],[],False,productivity
109,1,get_wooden_cutting_board_2,fetch,cut_with_knife,"[""2255:2"",""782:2""]","[""state_change""]",False,productivity
109,2,place_peach_on_wooden_cutting_board,relocate,place_peach_on_table,[],[],False,productivity
109,3,get_knife_0,fetch,cut_with_knife,[],[],False,productivity
109,4,cut_peach_with_knife,state_change,cut_with_knife,[],[],False,productivity
122,0,pick_fork_0_from_r2,fetch,cut_with_knife,"[""2255:2"",""782:2""]","[""state_change""]",False,productivity
122,1,place_fork_0_in_cardboardbox_1,relocate,move_cardboardbox,"[""4873:1""]","[""state_change""]",False,productivity
122,2,move_cardboardbox_1_to_sink_2,relocate,move_cardboardbox,[],[],False,productivity
122,3,extract_fork_0_from_cardboardbox_1,,cardboardbox_object,"[""2919:1"",""4773:1""]","[""state_change""]",,productivity
130,0,pick_peach_0,fetch,place_peach,[],[],False,productivity
130,1,place_peach_0_on_rack,relocate,place_peach_on_table,[],[],False,productivity
139,0,inspect_table_for_pear,state_change,place_pear_on_table,[],[],False,productivity
139,1,inspect_table_for_banana,state_change,check_table_fruits,[],[],False,productivity
139,2,find_missing_banana,fetch,fetch_banana,"[""2804:1""]","[""relocate""]",False,productivity
139,3,retrieve_banana_from_location,fetch,fetch_banana,[],[],False,productivity
139,4,place_banana_on_table,relocate,place_fruit_on_table,"[""4135:1""]","[""relocate""]",True,productivity
143,0,find_absent_fruit,fetch,check_fruit_location,[],[],False,productivity
143,1,go_to_fruit_location,,check_fruit_location,[],[],,productivity
143,2,pick_up_fruit,fetch,fetch_and_place_fruit,"[""6467:1"",""646:1""]","[""relocate""]",False,productivity
143,3,go_to_table,,move_to_table,"[""2918:1"",""3979:1""]","[""relocate""]",,productivity
143,4,place_fruit_on_table,relocate,place_fruit_on_table,"[""4135:1""]","[""relocate""]",True,productivity
150,0,inspect_cabinet_1,state_change,inspect_cabinet,"[""4848:0"",""5210:0""]","[""state_change""]",True,productivity
150,1,inspect_kitchen_island_area,state_change,navigate_to_kitchen_island,[],[],False,productivity
150,2,inspect_kitchen_work_area,state_change,inspect_cabinet,"[""1584:0"",""4126:0""]","[""state_change""]",True,productivity
150,3,move_banana_to_plate,relocate,place_banana,[],[],False,productivity
155,0,get_apple_from_kitchen_island_area,fetch,fetch_apple_from_cabinet,[],[],False,productivity
155,1,place_apple_on_wooden_cutting_board,relocate,place_apple_on_table,[],[],False,productivity
155,2,get_knife_from_kitchen_island_area,fetch,navigate_to_kitchen_island,[],[],False,productivity
155,3,cut_apple_with_knife,state_change,cut_with_knife,"[""2255:2"",""782:2""]","[""state_change""]",True,productivity
160,0,find_peach_0,fetch,fetch_peach,[],[],False,productivity
160,1,find_banana_0,fetch,fetch_banana,"[""2804:1""]","[""relocate""]",False,productivity
160,2,find_banana_1,fetch,fetch_banana,[],[],False,productivity
160,3,find_banana_2,fetch,fetch_banana,[],[],False,productivity
160,4,bring_peach_or_banana_to_table,relocate,place_peach_on_table,[],[],False,productivity
161,0,check_table_for_peach,state_change,check_table_fruits,[],[],False,productivity
161,1,check_table_for_banana,state_change,check_table_fruits,[],[],False,productivity
161,2,retrieve_missing_peach,fetch,fetch_peach_from_cabinet,[],[],False,productivity
161,3,retrieve_missing_banana,fetch,fetch_banana,"[""2804:1""]","[""relocate""]",False,productivity
161,4,check_cabinet_for_peach,state_change,fetch_peach_from_cabinet,[],[],False,productivity
161,5,check_cabinet_for_banana,state_change,fetch_fruit_from_cabinet,[],[],False,productivity
162,0,move_to_bread_0,,place_bread,[],[],,productivity
162,1,pick_bread_0,fetch,place_bread,[],[],False,productivity
162,2,move_to_kitchen_island_area,,navigate_to_kitchen_island,[],[],,productivity
162,3,place_bread_0,relocate,place_bread,[],[],False,productivity
171,0,get_knife_0_from_kitchen_work_area,fetch,cut_with_knife,"[""2255:2"",""782:2""]","[""state_change""]",False,productivity
171,1,get_pear_1_from_kitchen_work_area,fetch,fetch_pear_from_cabinet,[],[],False,productivity
171,2,place_pear_1_on_wooden_cutting_board_2,relocate,place_pear_on_table,[],[],False,productivity
171,3,slice_pear_1_with_knife_0,state_change,cut_with_knife,[],[],False,productivity
174,0,get_wooden_cutting_board_2,fetch,cut_with_knife,"[""2255:2"",""782:2""]","[""state_change""]",False,productivity
174,1,get_pear_1,fetch,fetch_pear,"[""6061:1""]","[""relocate""]",False,productivity
174,2,place_pear_on_wooden_cutting_board,relocate,place_pear_on_table,[],[],False,productivity
174,3,get_knife_0,fetch,cut_with_knife,[],[],False,productivity
174,4,cut_pear_with_knife,state_change,cut_with_knife,[],[],False,productivity
190,0,pick_pear_1,fetch,place_pear,[],[],False,productivity
190,1,place_pear_on_wooden_cutting_board_2,relocate,place_pear_on_table,[],[],False,productivity
190,2,pick_knife_0,fetch,cut_with_knife,"[""2255:2"",""782:2""]","[""state_change""]",False,productivity
190,3,carve_pear_with_knife,,cut_with_knife,[],[],,productivity
191,0,check_table_for_peach_and_banana,state_change,check_table_fruits,[],[],False,productivity
191,1,retrieve_peach_if_missing,fetch,fetch_peach_from_cabinet,[],[],False,productivity
191,2,retrieve_banana_if_missing,fetch,fetch_banana,"[""2804:1""]","[""relocate""]",False,productivity
193,0,move_to_bottle_0,,move_to,[],[],,productivity
193,1,pick_bottle_0,fetch,cardboardbox_spoon,[],[],False,productivity
193,2,move_to_rack,,move_to,[],[],,productivity
193,3,place_bottle_0_on_rack,relocate,place_on_plate,"[""5169:2""]","[""relocate""]",True,productivity
195,0,inspect_table,state_change,inspect_table,[],[],False,productivity
195,1,check_for_missing_apple,state_change,fetch_apple_from_cabinet,[],[],False,productivity
195,2,check_for_missing_banana,state_change,fetch_banana,"[""2804:1""]","[""relocate""]",False,productivity
195,3,fetch_missing_apple,fetch,fetch_apple,[],[],False,productivity
195,4,fetch_missing_banana,fetch,fetch_banana,[],[],False,productivity
201,0,check_table_for_peach,state_change,check_table_fruits,[],[],False,productivity
201,1,check_table_for_tomato,state_change,check_table_fruits,[],[],False,productivity
201,2,retrieve_missing_peach,fetch,fetch_peach_from_cabinet,[],[],False,productivity
201,3,retrieve_missing_tomato,fetch,fetch_tomato_from_cabinet,"[""2240:1""]","[""relocate""]",False,productivity
201,4,check_cabinet_for_peach,state_change,fetch_peach_from_cabinet,[],[],False,productivity
201,5,check_cabinet_for_tomato,state_change,fetch_tomato_from_cabinet,[],[],False,productivity
203,0,move_to_kitchen_work_area,,move_to_cabinet,[],[],,productivity
203,1,pick_apple_0,fetch,fetch_apple,[],[],False,productivity
203,2,move_to_kitchen_island_area,,navigate_to_kitchen_island,[],[],,productivity
203,3,place_apple_0,relocate,place_pear,[],[],False,productivity
204,0,get_apple_0,fetch,fetch_apple,[],[],False,productivity
204,1,place_on_wooden_cutting_board_2,relocate,place_on_surface,"[""2257:1""]","[""relocate""]",True,productivity
204,2,get_knife_0,fetch,cut_with_knife,"[""2255:2"",""782:2""]","[""state_change""]",False,productivity
204,3,carve_apple_with_knife,,cut_with_knife,[],[],,productivity
210,0,move_to_kitchen_island_area,,navigate_to_kitchen_island,[],[],,productivity
210,1,pick_cup_0,fetch,cardboardbox_spoon,[],[],False,productivity
210,2,move_to_kitchen_work_area,,move_to_cabinet,[],[],,productivity
210,3,place_cup_0,relocate,place_bowl,"[""4764:1""]","[""relocate""]",True,productivity
220,0,move_to_tomato_0,,place_tomato,[],[],,productivity
220,1,pick_tomato_0,fetch,place_tomato,[],[],False,productivity
220,2,move_to_kitchen_work_area,,move_to_cabinet,[],[],,productivity
220,3,place_tomato_0,relocate,place_tomato,[],[],False,productivity
225,0,move_cardboardbox_to_kitchen_island,relocate,move_cardboardbox,"[""4873:1""]","[""state_change""]",False,productivity
228,0,pick_pumpkin_0_from_r3,fetch,fetch_tomato_from_cabinet,"[""2240:1""]","[""relocate""]",False,productivity
228,1,place_pumpkin_0_in_cardboardbox_1,relocate,cardboardbox_spoon,[],[],False,productivity
228,2,move_cardboardbox_1_to_sink_2,relocate,move_cardboardbox,"[""4873:1""]","[""state_change""]",False,productivity
228,3,extract_pumpkin_0_from_cardboardbox_1,,cardboardbox_spoon,[],[],,productivity
229,0,get_peach_1_to_wooden_cutting_board_2,fetch,place_peach_on_table,[],[],False,productivity
229,1,get_knife_0_to_wooden_cutting_board_2,fetch,cut_with_knife,"[""2255:2"",""782:2""]","[""state_change""]",False,productivity
229,2,cut_peach_1_with_knife_0,state_change,cut_with_knife,[],[],False,productivity
233,0,get_wooden_cutting_board_2,fetch,cut_with_knife,"[""2255:2"",""782:2""]","[""state_change""]",False,productivity
233,1,get_pear_1,fetch,fetch_pear,"[""6061:1""]","[""relocate""]",False,productivity
233,2,place_pear_on_wooden_cutting_board,relocate,place_pear_on_table,[],[],False,productivity
233,3,get_knife_0,fetch,cut_with_knife,[],[],False,productivity
233,4,cut_pear_with_knife,state_change,cut_with_knife,[],[],False,productivity
238,0,check_banana_presence,state_change,load_banana,[],[],False,productivity
238,1,check_cabinet_for_banana,state_change,fetch_fruit_from_cabinet,[],[],False,productivity
238,2,pick_banana_from_cabinet,fetch,fetch_fruit_from_cabinet,[],[],False,productivity
238,3,place_banana_on_plate,relocate,place_on_plate,"[""5169:2""]","[""relocate""]",True,productivity
240,0,get_wooden_cutting_board_2,fetch,cut_with_knife,"[""2255:2"",""782:2""]","[""state_change""]",False,productivity
240,1,get_pear_1,fetch,fetch_pear,"[""6061:1""]","[""relocate""]",False,productivity
240,2,place_pear_on_wooden_cutting_board,relocate,place_pear_on_table,[],[],False,productivity
240,3,get_knife_0,fetch,cut_with_knife,[],[],False,productivity
240,4,cut_pear_with_knife,state_change,cut_with_knife,[],[],False,productivity
248,0,move_peach_to_wooden_cutting_board,relocate,place_peach_on_table,[],[],False,productivity
248,1,move_knife_to_wooden_cutting_board,relocate,cut_with_knife,"[""2255:2"",""782:2""]","[""state_change""]",False,productivity
248,2,cut_peach_with_knife,state_change,cut_with_knife,[],[],False,productivity
252,0,check_table_for_peach,state_change,check_table_fruits,[],[],False,productivity
252,1,check_table_for_banana,state_change,check_table_fruits,[],[],False,productivity
252,2,retrieve_missing_peach,fetch,fetch_peach_from_cabinet,[],[],False,productivity
252,3,retrieve_missing_banana,fetch,fetch_banana,"[""2804:1""]","[""relocate""]",False,productivity
252,4,check_cabinet_for_peach,state_change,fetch_peach_from_cabinet,[],[],False,productivity
252,5,check_cabinet_for_banana,state_change,fetch_fruit_from_cabinet,[],[],False,productivity
256,0,move_to_kitchen_work_area,,move_to_cabinet,[],[],,productivity
256,1,pickup_wine_0,,fetch_bowl,[],[],,productivity
256,2,move_to_kitchen_island_area,,navigate_to_kitchen_island,[],[],,productivity
256,3,place_wine_0,relocate,place_tomato,[],[],False,productivity
257,0,find_bottle_0,fetch,fetch_bowl,[],[],False,productivity
257,1,move_to_rack,,move_to,[],[],,productivity
257,2,place_bottle_on_rack,relocate,place_on_plate,"[""5169:2""]","[""relocate""]",True,productivity
258,0,load_spoon_into_cardboardbox,relocate,cardboardbox_spoon,[],[],False,productivity
258,1,transport_cardboardbox,,move_cardboardbox,"[""4873:1""]","[""state_change""]",,productivity
258,2,unload_spoon_from_cardboardbox,,cardboardbox_spoon,[],[],,productivity
258,3,deliver_spoon_to_sink,relocate,place_spoon,"[""1454:3"",""4367:3""]","[""relocate""]",True,productivity
263,0,find_bottle_0,fetch,fetch_bowl,[],[],False,productivity
263,1,move_to_rack,,move_to,[],[],,productivity
263,2,place_bottle_on_rack,relocate,place_on_plate,"[""5169:2""]","[""relocate""]",True,productivity
266,0,scan_table_for_fruits,,scan_table_for_fruits,[],[],,productivity
266,1,check_cabinet_for_fruits,state_change,fetch_fruit_from_cabinet,[],[],False,productivity
266,2,place_fruits_on_table,relocate,place_fruit_on_table,"[""4135:1""]","[""relocate""]",True,productivity
282,0,inspect_cabinet_1,state_change,inspect_cabinet,"[""144:0"",""1774:0""]","[""state_change""]",True,productivity
282,1,move_to_kitchen_island_area,,navigate_to_kitchen_island,[],[],,productivity
282,2,pick_apple_0,fetch,fetch_apple,[],[],False,productivity
282,3,move_to_kitchen_work_area,,move_to_cabinet,[],[],,productivity
282,4,place_apple_0_in_bowl_2,relocate,place_bowl,"[""4764:1""]","[""relocate""]",True,productivity
284,0,load_spoon_into_cardboardbox,relocate,cardboardbox_spoon,[],[],False,productivity
284,1,transport_cardboardbox_to_sink,,cardboardbox_object,"[""2919:1"",""4773:1""]","[""state_change""]",,productivity
284,2,unload_spoon_from_cardboardbox,,cardboardbox_spoon,[],[],,productivity
296,0,get_pear_1_to_kitchen_island_area,fetch,fetch_pear_from_cabinet,[],[],False,productivity
296,1,get_knife_0_to_kitchen_island_area,fetch,navigate_to_kitchen_island,[],[],False,productivity
296,2,cut_pear_1_with_knife_0,state_change,cut_with_knife,"[""2255:2"",""782:2""]","[""state_change""]",True,productivity
306,0,glance_at_table,,inspect_table,[],[],,productivity
306,1,check_for_apple,state_change,fetch_apple,[],[],False,productivity
306,2,check_for_tomato,state_change,fetch_tomato_from_cabinet,"[""2240:1""]","[""relocate""]",False,productivity
306,3,retrieve_missing_fruit,fetch,fetch_missing_fruit,[],[],False,productivity
306,4,check_cabinet_for_fruit,state_change,fetch_fruit_from_cabinet,[],[],False,productivity
320,0,find_tomato_2,fetch,fetch_tomato,"[""649:1"",""4075:1""]","[""relocate""]",False,productivity
320,1,find_pear_1,fetch,fetch_pear,"[""6061:1""]","[""relocate""]",False,productivity
320,2,pick_tomato_2,fetch,place_tomato,[],[],False,productivity
320,3,place_tomato_2_on_table,relocate,load_tomato_into_plate,[],[],False,productivity
327,0,move_to_kitchen_work_area,,move_to_cabinet,[],[],,productivity
327,1,pick_spoon_0,fetch,place_spoon,"[""1454:3"",""4367:3""]","[""relocate""]",False,productivity
327,2,move_to_rack,,move_to,[],[],,productivity
327,3,place_spoon_0,relocate,place_spoon,"[""1982:3""]","[""relocate""]",True,productivity
331,0,move_pizza_to_kitchen_island_area,relocate,place_plate_on_kitchen_island,"[""1484:1""]","[""relocate""]",True,productivity
336,0,move_pear_0_to_kitchen_island_area,relocate,place_pear_on_table,[],[],False,productivity
338,0,check_bread_presence,state_change,fetch_bread,"[""1488:1"",""2686:1""]","[""relocate""]",False,productivity
338,1,check_plate_presence,state_change,place_plate,"[""3266:2"",""5679:2""]","[""relocate""]",False,productivity
338,2,check_cabinet_for_bread,state_change,fetch_bread_from_cabinet,[],[],False,productivity
338,3,place_bread_on_plate,relocate,place_bread_on_bowl,"[""2519:2"",""5838:2""]","[""relocate""]",True,productivity
341,0,check_apple_0_presence,state_change,fetch_apple,[],[],False,productivity
341,1,check_cabinet_1_for_apple_0,state_change,fetch_apple_from_cabinet,[],[],False,productivity
341,2,pick_apple_0_from_kitchen_island_area,fetch,fetch_fruit_from_cabinet,[],[],False,productivity
341,3,place_apple_0_on_plate_2,relocate,place_apple_on_table,[],[],False,productivity
344,0,get_peach_1,fetch,fetch_peach,[],[],False,productivity
344,1,get_wooden_cutting_board_2,fetch,cut_with_knife,"[""2255:2"",""782:2""]","[""state_change""]",False,productivity
344,2,place_peach_on_wooden_cutting_board,relocate,place_peach_on_table,[],[],False,productivity
344,3,get_knife_0,fetch,cut_with_knife,[],[],False,productivity
344,4,cut_peach_with_knife,state_change,cut_with_knife,[],[],False,productivity
347,0,get_peach_1,fetch,fetch_peach,[],[],False,productivity
347,1,get_wooden_cutting_board_2,fetch,cut_with_knife,"[""2255:2"",""782:2""]","[""state_change""]",False,productivity
347,2,place_peach_on_wooden_cutting_board,relocate,place_peach_on_table,[],[],False,productivity
347,3,get_knife_0,fetch,cut_with_knife,[],[],False,productivity
347,4,cut_peach_with_knife,state_change,cut_with_knife,[],[],False,productivity
350,0,check_table_for_peach,state_change,check_table_fruits,[],[],False,productivity
350,1,check_table_for_tomato,state_change,check_table_fruits,[],[],False,productivity
350,2,retrieve_peach_if_missing,fetch,fetch_peach_from_cabinet,[],[],False,productivity
350,3,retrieve_tomato_if_missing,fetch,fetch_tomato_from_cabinet,"[""2240:1""]","[""relocate""]",False,productivity
354,0,scan_table_for_fruits,,scan_table_for_fruits,[],[],,productivity
354,1,check_cabinet_for_fruits,state_change,fetch_fruit_from_cabinet,[],[],False,productivity
354,2,place_fruits_on_table,relocate,place_fruit_on_table,"[""4135:1""]","[""relocate""]",True,productivity
355,0,move_to_kitchen_work_area,,move_to_cabinet,[],[],,productivity
355,1,pick_apple_0,fetch,fetch_apple,[],[],False,productivity
355,2,move_to_kitchen_island_area,,navigate_to_kitchen_island,[],[],,productivity
355,3,place_apple_0,relocate,place_pear,[],[],False,productivity
357,0,move_peach_to_kitchen_island_area,relocate,place_peach_on_table,[],[],False,productivity
365,0,pick_pear_1,fetch,place_pear,[],[],False,productivity
365,1,place_pear_on_wooden_cutting_board_2,relocate,place_pear_on_table,[],[],False,productivity
365,2,pick_knife_0,fetch,cut_with_knife,"[""2255:2"",""782:2""]","[""state_change""]",False,productivity
365,3,cut_pear_with_knife,state_change,cut_with_knife,[],[],False,productivity
366,0,move_meat_to_sink,relocate,place_on_plate,"[""5169:2""]","[""relocate""]",True,productivity
366,1,check_route_length,state_change,navigate_and_reach,[],[],False,productivity
366,2,enclose_meat_in_cardboardbox,,cardboardbox_object,"[""2919:1"",""4773:1""]","[""state_change""]",,productivity
366,3,transfer_cardboardbox,relocate,move_cardboardbox,"[""4873:1""]","[""state_change""]",False,productivity
366,4,retrieve_meat_from_cardboardbox,fetch,cardboardbox_object,[],[],False,productivity
369,0,inspect_table_for_peach_and_banana,state_change,check_table_fruits,[],[],False,productivity
369,1,fetch_missing_peach_if_needed,fetch,fetch_peach,[],[],False,productivity
369,2,fetch_missing_banana_if_needed,fetch,fetch_banana,"[""2804:1""]","[""relocate""]",False,productivity
369,3,place_peach_on_table,relocate,place_peach_on_table,[],[],False,productivity
369,4,place_banana_on_table,relocate,place_fruit_on_table,"[""4135:1""]","[""relocate""]",True,productivity
375,0,find_apple_0,fetch,fetch_apple,[],[],False,productivity
375,1,find_wooden_cutting_board_2,fetch,cut_with_knife,"[""2255:2"",""782:2""]","[""state_change""]",False,productivity
375,2,place_apple_on_wooden_cutting_board,relocate,place_apple_on_table,[],[],False,productivity
375,3,find_knife_0,fetch,cut_with_knife,[],[],False,productivity
375,4,cut_apple_with_knife,state_change,cut_with_knife,[],[],False,productivity
376,0,pick_apple_1,fetch,fetch_apple,[],[],False,productivity
376,1,place_apple_on_wooden_cutting_board_2,relocate,place_apple_on_table,[],[],False,productivity
376,2,pick_knife_0,fetch,cut_with_knife,"[""2255:2"",""782:2""]","[""state_change""]",False,productivity
376,3,carve_apple_with_knife,,cut_with_knife,[],[],,productivity
379,0,inspect_table_for_peach_and_banana,state_change,check_table_fruits,[],[],False,productivity
379,1,fetch_missing_peach_if_needed,fetch,fetch_peach,[],[],False,productivity
379,2,fetch_missing_banana_if_needed,fetch,fetch_banana,"[""2804:1""]","[""relocate""]",False,productivity
379,3,place_missing_fruit_on_table,relocate,place_fruit_on_table,"[""4135:1""]","[""relocate""]",True,productivity
380,0,glance_at_table,,inspect_table,[],[],,productivity
380,1,check_for_pear,state_change,fetch_pear_from_cabinet,[],[],False,productivity
380,2,check_for_tomato,state_change,fetch_tomato_from_cabinet,"[""2240:1""]","[""relocate""]",False,productivity
380,3,retrieve_missing_fruit,fetch,fetch_missing_fruit,[],[],False,productivity
380,4,check_cabinet_for_fruit,state_change,fetch_fruit_from_cabinet,[],[],False,productivity
384,0,inspect_cabinet_1,state_change,inspect_cabinet,"[""4848:0"",""5210:0""]","[""state_change""]",True,productivity
384,1,inspect_kitchen_island_area,state_change,navigate_to_kitchen_island,[],[],False,productivity
384,2,inspect_kitchen_work_area,state_change,inspect_cabinet,"[""1584:0"",""4126:0""]","[""state_change""]",True,productivity
384,3,move_banana_to_plate,relocate,place_banana,[],[],False,productivity
390,0,find_banana_0,fetch,fetch_banana,"[""2804:1""]","[""relocate""]",False,productivity
390,1,move_to_rack,,move_to,[],[],,productivity
390,2,place_banana_on_rack,relocate,place_banana,[],[],False,productivity
396,0,check_bread_presence,state_change,fetch_bread,"[""1488:1"",""2686:1""]","[""relocate""]",False,productivity
396,1,check_plate_presence,state_change,place_plate,"[""3266:2"",""5679:2""]","[""relocate""]",False,productivity
396,2,check_cabinet_for_bread,state_change,fetch_bread_from_cabinet,[],[],False,productivity
396,3,place_bread_on_plate,relocate,place_bread_on_bowl,"[""2519:2"",""5838:2""]","[""relocate""]",True,productivity
403,0,pick_fork_0,fetch,place_spoon,"[""1982:3"",""1454:3""]","[""relocate""]",False,productivity
403,1,place_fork_0_on_kitchen_island_area,relocate,place_plate_on_kitchen_island,"[""1484:1""]","[""relocate""]",True,productivity
408,0,glance_at_table,,inspect_table,[],[],,productivity
408,1,check_for_peach,state_change,fetch_peach,[],[],False,productivity
408,2,check_for_tomato,state_change,fetch_tomato_from_cabinet,"[""2240:1""]","[""relocate""]",False,productivity
408,3,retrieve_missing_peach,fetch,fetch_peach_from_cabinet,[],[],False,productivity
408,4,retrieve_missing_tomato,fetch,fetch_tomato_from_cabinet,[],[],False,productivity
408,5,check_cabinet_for_peach,state_change,fetch_peach_from_cabinet,[],[],False,productivity
408,6,check_cabinet_for_tomato,state_change,fetch_tomato_from_cabinet,[],[],False,productivity
414,0,move_to_meat_0,,move_to,[],[],,productivity
414,1,pick_meat_0,fetch,cut_with_knife,"[""2255:2"",""782:2""]","[""state_change""]",False,productivity
414,2,move_to_kitchen_island_area,,navigate_to_kitchen_island,[],[],,productivity
414,3,place_meat_0,relocate,place_bread,[],[],False,productivity
421,0,pick_up_knife,fetch,cut_with_knife,"[""2255:2"",""782:2""]","[""state_change""]",False,productivity
421,1,pick_up_apple,fetch,fetch_apple,[],[],False,productivity
421,2,place_apple_on_wooden_cutting_board,relocate,place_apple_on_table,[],[],False,productivity
421,3,slice_apple_with_knife,state_change,cut_with_knife,[],[],False,productivity
425,0,examine_table,,inspect_table,[],[],,productivity
425,1,check_peach_presence,state_change,fetch_peach,[],[],False,productivity
425,2,check_tomato_presence,state_change,load_tomato,[],[],False,productivity
425,3,retrieve_peach_if_needed,fetch,fetch_peach_from_cabinet,[],[],False,productivity
425,4,retrieve_tomato_if_needed,fetch,fetch_tomato_from_cabinet,"[""2240:1""]","[""relocate""]",False,productivity
425,5,place_peach_on_table,relocate,place_peach_on_table,[],[],False,productivity
425,6,place_tomato_on_table,relocate,load_tomato_into_plate,[],[],False,productivity
430,0,get_knife_0_from_kitchen_work_area,fetch,cut_with_knife,"[""2255:2"",""782:2""]","[""state_change""]",False,productivity
430,1,get_pear_1_from_kitchen_work_area,fetch,fetch_pear_from_cabinet,[],[],False,productivity
430,2,place_pear_1_on_wooden_cutting_board_2,relocate,place_pear_on_table,[],[],False,productivity
430,3,slice_pear_1_with_knife_0,state_change,cut_with_knife,[],[],False,productivity
431,0,inspect_table_for_pear,state_change,place_pear_on_table,[],[],False,productivity
431,1,inspect_table_for_tomato,state_change,inspect_table,[],[],False,productivity
431,2,find_missing_tomato,fetch,fetch_tomato_from_cabinet,"[""2240:1""]","[""relocate""]",False,productivity
431,3,retrieve_tomato_from_location,fetch,fetch_tomato_from_cabinet,[],[],False,productivity
431,4,place_tomato_on_table,relocate,load_tomato_into_plate,[],[],False,productivity
432,0,move_wine_to_kitchen_island_area,relocate,place_plate_on_kitchen_island,"[""1484:1""]","[""relocate""]",True,productivity
435,0,inspect_cabinet_1,state_change,inspect_cabinet,"[""144:0"",""1774:0""]","[""state_change""]",True,productivity
435,1,move_to_kitchen_island_area,,navigate_to_kitchen_island,[],[],,productivity
435,2,pick_apple_0,fetch,fetch_apple,[],[],False,productivity
435,3,move_to_kitchen_work_area,,move_to_cabinet,[],[],,productivity
435,4,place_apple_0_in_bowl_2,relocate,place_bowl,"[""4764:1""]","[""relocate""]",True,productivity
447,0,get_meat_from_r1,fetch,fetch_tomato,"[""4075:1"",""4469:1""]","[""relocate""]",False,productivity
447,1,check_distance_to_sink,state_change,inspect_location,"[""2581:1"",""2650:1""]","[""state_change""]",True,productivity
447,2,put_meat_in_cardboardbox,relocate,cardboardbox_object,"[""2919:1"",""4773:1""]","[""state_change""]",False,productivity
447,3,move_cardboardbox_to_sink,relocate,move_cardboardbox,[],[],False,productivity
447,4,retrieve_meat_from_cardboardbox,fetch,cardboardbox_object,[],[],False,productivity
448,0,move_spoon_to_kitchen_work_area,relocate,place_spoon,"[""1982:3"",""1454:3""]","[""relocate""]",True,productivity
457,0,observe_table_for_pear_and_tomato,,check_table_fruits,[],[],,productivity
457,1,check_if_pear_is_missing,state_change,fetch_pear_from_cabinet,[],[],False,productivity
457,2,check_if_tomato_is_missing,state_change,fetch_tomato_from_cabinet,"[""2240:1""]","[""relocate""]",False,productivity
457,3,search_for_missing_pear,,fetch_pear_from_cabinet,[],[],,productivity
457,4,search_for_missing_tomato,,fetch_tomato_from_cabinet,[],[],,productivity
457,5,bring_pear_from_location,relocate,move_to_pear,[],[],False,productivity
457,6,bring_tomato_from_location,relocate,fetch_tomato_from_cabinet,[],[],False,productivity
457,7,place_pear_on_table,relocate,place_pear_on_table,[],[],False,productivity
457,8,place_tomato_on_table,relocate,load_tomato_into_plate,[],[],False,productivity
469,0,move_to_pumpkin_0,,move_to_pear,[],[],,productivity
469,1,pick_up_pumpkin_0,fetch,fetch_banana,"[""2804:1""]","[""relocate""]",False,productivity
469,2,move_to_kitchen_island_area,,navigate_to_kitchen_island,[],[],,productivity
469,3,place_pumpkin_0,relocate,place_pear,[],[],False,productivity
474,0,get_peach_1,fetch,fetch_peach,[],[],False,productivity
474,1,place_peach_on_wooden_cutting_board_2,relocate,place_peach_on_table,[],[],False,productivity
474,2,get_knife_0,fetch,cut_with_knife,"[""2255:2"",""782:2""]","[""state_change""]",False,productivity
474,3,slice_peach_with_knife,state_change,fetch_peach_from_cabinet,[],[],False,productivity
477,0,move_cooling_fan_to_kitchen_island_area,relocate,place_plate_on_kitchen_island,"[""1484:1""]","[""relocate""]",True,productivity
477,1,position_cooling_fan_correctly,,place_on_surface,"[""2257:1""]","[""relocate""]",,productivity
484,0,find_apple_0,fetch,fetch_apple,[],[],False,productivity
484,1,find_wooden_cutting_board_2,fetch,cut_with_knife,"[""2255:2"",""782:2""]","[""state_change""]",False,productivity
484,2,place_apple_on_wooden_cutting_board,relocate,place_apple_on_table,[],[],False,productivity
484,3,find_knife_0,fetch,cut_with_knife,[],[],False,productivity
484,4,cut_apple_with_knife,state_change,cut_with_knife,[],[],False,productivity
487,0,get_pumpkin_from_r3,fetch,fetch_pear_from_cabinet,[],[],False,productivity
487,1,check_distance_to_sink,state_change,inspect_location,"[""2581:1"",""2650:1""]","[""state_change""]",True,productivity
487,2,put_pumpkin_in_cardboardbox,relocate,cardboardbox_spoon,[],[],False,productivity
487,3,move_cardboardbox_to_sink,relocate,move_cardboardbox,"[""4873:1""]","[""state_change""]",False,productivity
487,4,retrieve_pumpkin_from_cardboardbox,fetch,fetch_fruit_from_cabinet,[],[],False,productivity
491,0,inspect_table_for_fruits,state_change,check_table_fruits,[],[],False,productivity
491,1,check_if_pear_is_missing,state_change,fetch_pear_from_cabinet,[],[],False,productivity
491,2,check_if_banana_is_missing,state_change,fetch_banana,"[""2804:1""]","[""relocate""]",False,productivity
491,3,search_for_missing_pear,,fetch_pear_from_cabinet,[],[],,productivity
491,4,search_for_missing_banana,,fetch_banana,[],[],,productivity
491,5,fetch_missing_pear,fetch,fetch_pear,"[""6061:1""]","[""relocate""]",False,productivity
491,6,fetch_missing_banana,fetch,fetch_banana,[],[],False,productivity
491,7,place_pear_on_table,relocate,place_pear_on_table,[],[],False,productivity
491,8,place_banana_on_table,relocate,place_fruit_on_table,"[""4135:1""]","[""relocate""]",True,productivity
498,0,move_to_kitchen_island_area,,navigate_to_kitchen_island,[],[],,productivity
498,1,pick_knife,fetch,cut_with_knife,"[""2255:2"",""782:2""]","[""state_change""]",False,productivity
498,2,move_to_wooden_cutting_board,,move_to_cabinet,[],[],,productivity
498,3,cut_apple_with_knife,state_change,cut_with_knife,[],[],False,productivity
499,0,find_bread_0,fetch,fetch_bread,"[""1488:1"",""2686:1""]","[""relocate""]",False,productivity
499,1,find_bread_1,fetch,fetch_bread,[],[],False,productivity
499,2,find_bread_2,fetch,fetch_bread,[],[],False,productivity
499,3,find_bowl_0,fetch,fetch_bowl,[],[],False,productivity
499,4,find_bowl_2,fetch,fetch_bowl,[],[],False,productivity
499,5,place_bread_on_bowl,relocate,place_bread_on_bowl,"[""2519:2"",""5838:2""]","[""relocate""]",True,productivity
508,0,move_kettle_to_kitchen_work_area,relocate,place_plate_on_kitchen_island,"[""1484:1""]","[""relocate""]",True,productivity
514,0,pick_cooling_fan_0,fetch,inspect_oven,[],[],False,productivity
514,1,place_cooling_fan_on_kitchen_work_area,relocate,place_plate_on_kitchen_island,"[""1484:1""]","[""relocate""]",True,productivity
516,0,get_pear_1,fetch,fetch_pear,"[""6061:1""]","[""relocate""]",False,productivity
516,1,place_pear_on_wooden_cutting_board_2,relocate,place_pear_on_table,[],[],False,productivity
516,2,get_knife_0,fetch,cut_with_knife,"[""2255:2"",""782:2""]","[""state_change""]",False,productivity
516,3,slice_pear_with_knife_0,state_change,cut_with_knife,[],[],False,productivity
527,0,find_banana_0,fetch,fetch_banana,"[""2804:1""]","[""relocate""]",False,productivity
527,1,move_to_rack,,move_to,[],[],,productivity
527,2,place_banana_on_rack,relocate,place_banana,[],[],False,productivity
541,0,get_pear_1_to_kitchen_island_area,fetch,fetch_pear_from_cabinet,[],[],False,productivity
541,1,get_knife_0_to_kitchen_island_area,fetch,navigate_to_kitchen_island,[],[],False,productivity
541,2,cut_pear_1_with_knife_0,state_change,cut_with_knife,"[""2255:2"",""782:2""]","[""state_change""]",True,productivity
547,0,examine_table,,inspect_table,[],[],,productivity
547,1,check_for_apple,state_change,fetch_apple,[],[],False,productivity
547,2,check_for_banana,state_change,fetch_banana,"[""2804:1""]","[""relocate""]",False,productivity
547,3,retrieve_missing_fruit,fetch,fetch_missing_fruit,[],[],False,productivity
547,4,place_fruit_on_table,relocate,place_fruit_on_table,"[""4135:1""]","[""relocate""]",True,productivity
553,0,move_to_wine_0,,move_to,[],[],,productivity
553,1,pick_wine_0,fetch,place_tomato,[],[],False,productivity
553,2,move_to_rack,,move_to,[],[],,productivity
553,3,place_wine_0,relocate,place_tomato,[],[],False,productivity
556,0,move_to_kitchen_island_area,,navigate_to_kitchen_island,[],[],,productivity
556,1,pick_cup_0,fetch,cardboardbox_spoon,[],[],False,productivity
556,2,move_to_kitchen_work_area,,move_to_cabinet,[],[],,productivity
556,3,place_cup_0,relocate,place_bowl,"[""4764:1""]","[""relocate""]",True,productivity
557,0,move_to_banana_0,,place_banana,[],[],,productivity
557,1,pick_banana_0,fetch,fetch_banana,"[""2804:1""]","[""relocate""]",False,productivity
557,2,move_to_kitchen_island_area,,navigate_to_kitchen_island,[],[],,productivity
557,3,place_banana_0,relocate,place_banana,[],[],False,productivity
560,0,move_cup_to_kitchen_island_area,relocate,place_plate_on_kitchen_island,"[""1484:1""]","[""relocate""]",True,productivity
563,0,pick_pear_1,fetch,place_pear,[],[],False,productivity
563,1,place_pear_on_wooden_cutting_board_2,relocate,place_pear_on_table,[],[],False,productivity
563,2,pick_knife_0,fetch,cut_with_knife,"[""2255:2"",""782:2""]","[""state_change""]",False,productivity
563,3,cut_pear_with_knife,state_change,cut_with_knife,[],[],False,productivity
568,0,observe_table_for_pear,,place_pear_on_table,[],[],,productivity
568,1,observe_table_for_tomato,,fetch_tomato_from_cabinet,"[""2240:1""]","[""relocate""]",,productivity
568,2,check_if_pear_is_missing,state_change,fetch_pear_from_cabinet,[],[],False,productivity
568,3,check_if_tomato_is_missing,state_change,fetch_tomato_from_cabinet,[],[],False,productivity
568,4,search_for_missing_pear,,fetch_pear_from_cabinet,[],[],,productivity
568,5,search_for_missing_tomato,,fetch_tomato_from_cabinet,[],[],,productivity
568,6,bring_pear_from_location,relocate,move_to_pear,[],[],False,productivity
568,7,bring_tomato_from_location,relocate,fetch_tomato_from_cabinet,[],[],False,productivity
568,8,place_pear_on_table,relocate,place_pear_on_table,[],[],False,productivity
568,9,place_tomato_on_table,relocate,load_tomato_into_plate,[],[],False,productivity
580,0,check_table_for_peach_and_banana,state_change,check_table_fruits,[],[],False,productivity
580,1,retrieve_peach_if_missing,fetch,fetch_peach_from_cabinet,[],[],False,productivity
580,2,retrieve_banana_if_missing,fetch,fetch_banana,"[""2804:1""]","[""relocate""]",False,productivity
587,0,get_peach_1,fetch,fetch_peach,[],[],False,productivity
587,1,place_peach_on_wooden_cutting_board_2,relocate,place_peach_on_table,[],[],False,productivity
587,2,get_knife_0,fetch,cut_with_knife,"[""2255:2"",""782:2""]","[""state_change""]",False,productivity
587,3,slice_peach_with_knife,state_change,fetch_peach_from_cabinet,[],[],False,productivity
591,0,move_to_pumpkin_0,,move_to_pear,[],[],,productivity
591,1,pick_up_pumpkin_0,fetch,fetch_banana,"[""2804:1""]","[""relocate""]",False,productivity
591,2,move_to_kitchen_work_area,,move_to_cabinet,[],[],,productivity
591,3,place_pumpkin_0,relocate,place_pear,[],[],False,productivity
603,0,move_kettle_to_rack,relocate,place_plate_on_kitchen_island,"[""1484:1""]","[""relocate""]",True,productivity
604,0,find_absent_fruit,fetch,check_fruit_location,[],[],False,productivity
604,1,go_to_fruit_location,,check_fruit_location,[],[],,productivity
604,2,pick_up_fruit,fetch,fetch_and_place_fruit,"[""123:1"",""3066:1""]","[""relocate""]",False,productivity
604,3,bring_fruit_to_table,relocate,place_fruit_on_table,"[""4135:1""]","[""relocate""]",True,productivity
609,0,glance_at_table,,inspect_table,[],[],,productivity
609,1,check_for_pear,state_change,fetch_pear_from_cabinet,[],[],False,productivity
609,2,check_for_tomato,state_change,fetch_tomato_from_cabinet,"[""2240:1""]","[""relocate""]",False,productivity
609,3,retrieve_missing_fruit,fetch,fetch_missing_fruit,[],[],False,productivity
609,4,check_cabinet_for_fruit,state_change,fetch_fruit_from_cabinet,[],[],False,productivity
614,0,inspect_table,state_change,inspect_table,[],[],False,productivity
614,1,check_for_missing_apple,state_change,fetch_apple_from_cabinet,[],[],False,productivity
614,2,check_for_missing_banana,state_change,fetch_banana,"[""2804:1""]","[""relocate""]",False,productivity
614,3,fetch_missing_apple,fetch,fetch_apple,[],[],False,productivity
614,4,fetch_missing_banana,fetch,fetch_banana,[],[],False,productivity
616,0,pick_bread_0,fetch,place_bread,[],[],False,productivity
616,1,place_bread_on_rack,relocate,place_bread_on_bowl,"[""2519:2"",""5838:2""]","[""relocate""]",True,productivity
621,0,get_peach_1_to_wooden_cutting_board_2,fetch,place_peach_on_table,[],[],False,productivity
621,1,get_knife_0_to_wooden_cutting_board_2,fetch,cut_with_knife,"[""2255:2"",""782:2""]","[""state_change""]",False,productivity
621,2,cut_peach_1_with_knife_0,state_change,cut_with_knife,[],[],False,productivity
624,0,place_spoon_on_kitchen_island_area,relocate,place_plate_on_kitchen_island,"[""1484:1""]","[""relocate""]",True,productivity
625,0,move_kettle_to_kitchen_island_area,relocate,place_plate_on_kitchen_island,"[""1484:1""]","[""relocate""]",True,productivity
629,0,inspect_table_for_peach,state_change,place_peach_on_table,[],[],False,productivity
629,1,inspect_table_for_banana,state_change,check_table_fruits,[],[],False,productivity
629,2,find_missing_peach,fetch,fetch_peach_from_cabinet,[],[],False,productivity
629,3,find_missing_banana,fetch,fetch_banana,"[""2804:1""]","[""relocate""]",False,productivity
629,4,retrieve_peach_from_location,fetch,fetch_peach_from_cabinet,[],[],False,productivity
629,5,retrieve_banana_from_location,fetch,fetch_banana,[],[],False,productivity
629,6,place_peach_on_table,relocate,place_peach_on_table,[],[],False,productivity
629,7,place_banana_on_table,relocate,place_fruit_on_table,"[""4135:1""]","[""relocate""]",True,productivity
630,0,get_peach_1,fetch,fetch_peach,[],[],False,productivity
630,1,get_wooden_cutting_board_2,fetch,cut_with_knife,"[""2255:2"",""782:2""]","[""state_change""]",False,productivity
630,2,place_peach_on_wooden_cutting_board,relocate,place_peach_on_table,[],[],False,productivity
630,3,get_knife_0,fetch,cut_with_knife,[],[],False,productivity
630,4,cut_peach_with_knife,state_change,cut_with_knife,[],[],False,productivity
636,0,get_peach_1,fetch,fetch_peach,[],[],False,productivity
636,1,place_peach_on_wooden_cutting_board_2,relocate,place_peach_on_table,[],[],False,productivity
636,2,get_knife_0,fetch,cut_with_knife,"[""2255:2"",""782:2""]","[""state_change""]",False,productivity
636,3,slice_peach_with_knife,state_change,fetch_peach_from_cabinet,[],[],False,productivity
637,0,scan_table_for_missing_fruits,,scan_table_for_fruits,[],[],,productivity
637,1,check_cabinet_for_missing_fruits,state_change,fetch_fruit_from_cabinet,[],[],False,productivity
637,2,place_fruits_on_table,relocate,place_fruit_on_table,"[""4135:1""]","[""relocate""]",True,productivity
648,0,move_to_cup_0,,move_to,[],[],,productivity
648,1,pick_cup_0,fetch,cardboardbox_spoon,[],[],False,productivity
648,2,move_to_rack,,move_to,[],[],,productivity
648,3,place_cup_0,relocate,place_bowl,"[""4764:1""]","[""relocate""]",True,productivity
653,0,check_table_for_apple,state_change,place_apple_on_table,[],[],False,productivity
653,1,check_table_for_banana,state_change,check_table_fruits,[],[],False,productivity
653,2,retrieve_missing_apple,fetch,fetch_apple_from_cabinet,[],[],False,productivity
653,3,retrieve_missing_banana,fetch,fetch_banana,"[""2804:1""]","[""relocate""]",False,productivity
653,4,check_cabinet_for_apple,state_change,fetch_apple_from_cabinet,[],[],False,productivity
653,5,check_cabinet_for_banana,state_change,fetch_fruit_from_cabinet,[],[],False,productivity
659,0,survey_table,state_change,survey_table,[],[],False,productivity
659,1,identify_missing_fruit,,fetch_missing_fruit,[],[],,productivity
659,2,go_to_fruit_location,,check_fruit_location,[],[],,productivity
659,3,pick_up_fruit,fetch,fetch_and_place_fruit,"[""123:1"",""3066:1""]","[""relocate""]",False,productivity
659,4,bring_fruit_to_table,relocate,place_fruit_on_table,"[""4135:1""]","[""relocate""]",True,productivity
663,0,move_peach_to_wooden_cutting_board,relocate,place_peach_on_table,[],[],False,productivity
663,1,move_knife_to_wooden_cutting_board,relocate,cut_with_knife,"[""2255:2"",""782:2""]","[""state_change""]",False,productivity
663,2,cut_peach_with_knife,state_change,cut_with_knife,[],[],False,productivity
664,0,get_apple_from_kitchen_island_area,fetch,fetch_apple_from_cabinet,[],[],False,productivity
664,1,place_apple_on_wooden_cutting_board,relocate,place_apple_on_table,[],[],False,productivity
664,2,get_knife_from_kitchen_island_area,fetch,navigate_to_kitchen_island,[],[],False,productivity
664,3,cut_apple_with_knife,state_change,cut_with_knife,"[""2255:2"",""782:2""]","[""state_change""]",True,productivity
665,0,examine_table,,inspect_table,[],[],,productivity
665,1,check_peach_presence,state_change,fetch_peach,[],[],False,productivity
665,2,check_tomato_presence,state_change,load_tomato,[],[],False,productivity
665,3,retrieve_peach_if_needed,fetch,fetch_peach_from_cabinet,[],[],False,productivity
665,4,retrieve_tomato_if_needed,fetch,fetch_tomato_from_cabinet,"[""2240:1""]","[""relocate""]",False,productivity
665,5,place_peach_on_table,relocate,place_peach_on_table,[],[],False,productivity
665,6,place_tomato_on_table,relocate,load_tomato_into_plate,[],[],False,productivity
666,0,move_to_kitchen_island_area,,navigate_to_kitchen_island,[],[],,productivity
666,1,pick_apple_0,fetch,fetch_apple,[],[],False,productivity
666,2,move_to_kitchen_work_area,,move_to_cabinet,[],[],,productivity
666,3,place_apple_0_on_rack,relocate,place_apple_on_table,[],[],False,productivity
667,0,examine_table,,inspect_table,[],[],,productivity
667,1,check_for_peach,state_change,fetch_peach,[],[],False,productivity
667,2,check_for_tomato,state_change,fetch_tomato_from_cabinet,"[""2240:1""]","[""relocate""]",False,productivity
667,3,retrieve_peach_if_needed,fetch,fetch_peach_from_cabinet,[],[],False,productivity
667,4,retrieve_tomato_if_needed,fetch,fetch_tomato_from_cabinet,[],[],False,productivity
667,5,place_peach_on_table,relocate,place_peach_on_table,[],[],False,productivity
667,6,place_tomato_on_table,relocate,load_tomato_into_plate,[],[],False,productivity
668,0,get_peach_1,fetch,fetch_peach,[],[],False,productivity
668,1,get_wooden_cutting_board_2,fetch,cut_with_knife,"[""2255:2"",""782:2""]","[""state_change""]",False,productivity
668,2,place_peach_on_wooden_cutting_board,relocate,place_peach_on_table,[],[],False,productivity
668,3,get_knife_0,fetch,cut_with_knife,[],[],False,productivity
668,4,cut_peach_with_knife,state_change,cut_with_knife,[],[],False,productivity
670,0,pick_scissors_0,fetch,cut_with_knife,"[""2255:2"",""782:2""]","[""state_change""]",False,productivity
670,1,move_to_kitchen_work_area,,move_to_cabinet,[],[],,productivity
670,2,place_scissors_0,relocate,cut_with_knife,[],[],False,productivity
673,0,find_absent_fruit,fetch,check_fruit_location,[],[],False,productivity
673,1,go_to_fruit_location,,check_fruit_location,[],[],,productivity
673,2,pick_up_fruit,fetch,fetch_and_place_fruit,"[""6467:1"",""646:1""]","[""relocate""]",False,productivity
673,3,go_to_table,,move_to_table,"[""2918:1"",""3979:1""]","[""relocate""]",,productivity
673,4,place_fruit_on_table,relocate,place_fruit_on_table,"[""4135:1""]","[""relocate""]",True,productivity
675,0,get_peach_1,fetch,fetch_peach,[],[],False,productivity
675,1,get_wooden_cutting_board_2,fetch,cut_with_knife,"[""2255:2"",""782:2""]","[""state_change""]",False,productivity
675,2,place_peach_on_wooden_cutting_board,relocate,place_peach_on_table,[],[],False,productivity
675,3,get_knife_0,fetch,cut_with_knife,[],[],False,productivity
675,4,cut_peach_with_knife,state_change,cut_with_knife,[],[],False,productivity
676,0,get_peach_1,fetch,fetch_peach,[],[],False,productivity
676,1,get_wooden_cutting_board_2,fetch,cut_with_knife,"[""2255:2"",""782:2""]","[""state_change""]",False,productivity
676,2,place_peach_on_wooden_cutting_board,relocate,place_peach_on_table,[],[],False,productivity
676,3,get_knife_0,fetch,cut_with_knife,[],[],False,productivity
676,4,cut_peach_with_knife,state_change,cut_with_knife,[],[],False,productivity
681,0,examine_table,,inspect_table,[],[],,productivity
681,1,check_for_apple,state_change,fetch_apple,[],[],False,productivity
681,2,check_for_tomato,state_change,fetch_tomato_from_cabinet,"[""2240:1""]","[""relocate""]",False,productivity
681,3,retrieve_apple_from_location,fetch,fetch_apple_from_cabinet,[],[],False,productivity
681,4,retrieve_tomato_from_location,fetch,fetch_tomato_from_cabinet,[],[],False,productivity
681,5,place_apple_on_table,relocate,place_apple_on_table,[],[],False,productivity
681,6,place_tomato_on_table,relocate,load_tomato_into_plate,[],[],False,productivity
698,0,pick_pear_1,fetch,place_pear,[],[],False,productivity
698,1,place_pear_on_wooden_cutting_board_2,relocate,place_pear_on_table,[],[],False,productivity
698,2,pick_knife_0,fetch,cut_with_knife,"[""2255:2"",""782:2""]","[""state_change""]",False,productivity
698,3,carve_pear_with_knife,,cut_with_knife,[],[],,productivity
702,0,pick_bottle_0,fetch,cardboardbox_spoon,[],[],False,productivity
702,1,place_bottle_0_on_kitchen_island_area,relocate,place_plate_on_kitchen_island,"[""1484:1""]","[""relocate""]",True,productivity
703,0,move_to_kitchen_island_area,,navigate_to_kitchen_island,[],[],,productivity
703,1,pick_knife,fetch,cut_with_knife,"[""2255:2"",""782:2""]","[""state_change""]",False,productivity
703,2,move_to_wooden_cutting_board,,move_to_cabinet,[],[],,productivity
703,3,cut_apple_with_knife,state_change,cut_with_knife,[],[],False,productivity
719,0,inspect_table_for_pear,state_change,place_pear_on_table,[],[],False,productivity
719,1,inspect_table_for_banana,state_change,check_table_fruits,[],[],False,productivity
719,2,find_missing_pear,fetch,fetch_pear_from_cabinet,[],[],False,productivity
719,3,find_missing_banana,fetch,fetch_banana,"[""2804:1""]","[""relocate""]",False,productivity
719,4,retrieve_pear_from_location,fetch,fetch_pear_from_cabinet,[],[],False,productivity
719,5,retrieve_banana_from_location,fetch,fetch_banana,[],[],False,productivity
719,6,place_pear_on_table,relocate,place_pear_on_table,[],[],False,productivity
719,7,place_banana_on_table,relocate,place_fruit_on_table,"[""4135:1""]","[""relocate""]",True,productivity
722,0,inspect_cabinet_1,state_change,inspect_cabinet,"[""1257:0"",""4276:0""]","[""state_change""]",True,productivity
722,1,move_bread_to_plate,relocate,place_bread_on_bowl,"[""2519:2"",""5838:2""]","[""relocate""]",True,productivity
729,0,inspect_table_for_peach,state_change,place_peach_on_table,[],[],False,productivity
729,1,inspect_table_for_tomato,state_change,inspect_table,[],[],False,productivity
729,2,find_missing_peach,fetch,fetch_peach_from_cabinet,[],[],False,productivity
729,3,find_missing_tomato,fetch,fetch_tomato_from_cabinet,"[""2240:1""]","[""relocate""]",False,productivity
729,4,retrieve_peach_from_location,fetch,fetch_peach_from_cabinet,[],[],False,productivity
729,5,retrieve_tomato_from_location,fetch,fetch_tomato_from_cabinet,[],[],False,productivity
729,6,place_peach_on_table,relocate,place_peach_on_table,[],[],False,productivity
729,7,place_tomato_on_table,relocate,load_tomato_into_plate,[],[],False,productivity
732,0,inspect_table_for_pear,state_change,place_pear_on_table,[],[],False,productivity
732,1,inspect_table_for_tomato,state_change,inspect_table,[],[],False,productivity
732,2,fetch_missing_pear,fetch,fetch_pear,"[""6061:1""]","[""relocate""]",False,productivity
732,3,fetch_missing_tomato,fetch,fetch_tomato,"[""4075:1"",""4469:1""]","[""relocate""]",False,productivity
732,4,place_pear_on_table,relocate,place_pear_on_table,[],[],False,productivity
732,5,place_tomato_on_table,relocate,load_tomato_into_plate,[],[],False,productivity
734,0,place_cooling_fan_on_rack,relocate,place_plate_on_kitchen_island,"[""1484:1""]","[""relocate""]",True,productivity
750,0,pick_pear_1,fetch,place_pear,[],[],False,productivity
750,1,place_pear_on_wooden_cutting_board_2,relocate,place_pear_on_table,[],[],False,productivity
750,2,pick_knife_0,fetch,cut_with_knife,"[""2255:2"",""782:2""]","[""state_change""]",False,productivity
750,3,carve_pear_with_knife,,cut_with_knife,[],[],,productivity
752,0,check_table_for_apple,state_change,place_apple_on_table,[],[],False,productivity
752,1,check_table_for_tomato,state_change,check_table_fruits,[],[],False,productivity
752,2,retrieve_missing_apple,fetch,fetch_apple_from_cabinet,[],[],False,productivity
752,3,retrieve_missing_tomato,fetch,fetch_tomato_from_cabinet,"[""2240:1""]","[""relocate""]",False,productivity
754,0,inspect_table_for_peach,state_change,place_peach_on_table,[],[],False,productivity
754,1,inspect_table_for_tomato,state_change,inspect_table,[],[],False,productivity
754,2,fetch_missing_peach,fetch,fetch_peach,[],[],False,productivity
754,3,fetch_missing_tomato,fetch,fetch_tomato,"[""2966:1"",""6810:1""]","[""relocate""]",False,productivity
754,4,place_peach_on_table,relocate,place_peach_on_table,[],[],False,productivity
754,5,place_tomato_on_table,relocate,load_tomato_into_plate,[],[],False,productivity
755,0,move_to_pear_0,,move_to_pear,[],[],,productivity
755,1,pick_pear_0,fetch,place_pear,[],[],False,productivity
755,2,move_to_kitchen_work_area,,move_to_cabinet,[],[],,productivity
755,3,place_pear_0,relocate,place_pear,[],[],False,productivity
756,0,check_table_for_pear,state_change,check_table_fruits,[],[],False,productivity
756,1,check_table_for_tomato,state_change,check_table_fruits,[],[],False,productivity
756,2,retrieve_missing_pear,fetch,fetch_pear_from_cabinet,[],[],False,productivity
756,3,retrieve_missing_tomato,fetch,fetch_tomato_from_cabinet,"[""2240:1""]","[""relocate""]",False,productivity
756,4,check_cabinet_for_pear,state_change,fetch_pear_from_cabinet,[],[],False,productivity
756,5,check_cabinet_for_tomato,state_change,fetch_tomato_from_cabinet,[],[],False,productivity
759,0,move_to_cardboardbox_0,,move_cardboardbox,"[""4873:1""]","[""state_change""]",,productivity
759,1,pick_up_cardboardbox_0,fetch,cardboardbox_spoon,[],[],False,productivity
759,2,move_to_rack,,move_to,[],[],,productivity
759,3,place_cardboardbox_0_on_rack,relocate,move_cardboardbox,[],[],False,productivity
768,0,move_to_kitchen_island_area,,navigate_to_kitchen_island,[],[],,productivity
768,1,pick_cup_0,fetch,cardboardbox_spoon,[],[],False,productivity
768,2,move_to_kitchen_work_area,,move_to_cabinet,[],[],,productivity
768,3,place_cup_0,relocate,place_bowl,"[""4764:1""]","[""relocate""]",True,productivity
780,0,get_knife_0_from_kitchen_work_area,fetch,cut_with_knife,"[""2255:2"",""782:2""]","[""state_change""]",False,productivity
780,1,get_pear_1_from_kitchen_work_area,fetch,fetch_pear_from_cabinet,[],[],False,productivity
780,2,place_pear_1_on_wooden_cutting_board_2,relocate,place_pear_on_table,[],[],False,productivity
780,3,slice_pear_1_with_knife_0,state_change,cut_with_knife,[],[],False,productivity
789,0,get_apple_from_kitchen_island_area,fetch,fetch_apple_from_cabinet,[],[],False,productivity
789,1,place_apple_on_wooden_cutting_board,relocate,place_apple_on_table,[],[],False,productivity
789,2,get_knife_from_kitchen_island_area,fetch,navigate_to_kitchen_island,[],[],False,productivity
789,3,cut_apple_with_knife,state_change,cut_with_knife,"[""2255:2"",""782:2""]","[""state_change""]",True,productivity
794,0,find_banana_0,fetch,fetch_banana,"[""2804:1""]","[""relocate""]",False,productivity
794,1,find_banana_1,fetch,fetch_banana,[],[],False,productivity
794,2,find_banana_2,fetch,fetch_banana,[],[],False,productivity
794,3,find_bowl_0,fetch,fetch_bowl,[],[],False,productivity
794,4,find_bowl_2,fetch,fetch_bowl,[],[],False,productivity
794,5,place_banana_on_bowl,relocate,place_banana,[],[],False,productivity
797,0,get_apple_from_kitchen_island_area,fetch,fetch_apple_from_cabinet,[],[],False,productivity
797,1,place_apple_on_wooden_cutting_board,relocate,place_apple_on_table,[],[],False,productivity
797,2,get_knife_from_kitchen_island_area,fetch,navigate_to_kitchen_island,[],[],False,productivity
797,3,cut_apple_with_knife,state_change,cut_with_knife,"[""2255:2"",""782:2""]","[""state_change""]",True,productivity
799,0,get_peach_1,fetch,fetch_peach,[],[],False,productivity
799,1,get_wooden_cutting_board_2,fetch,cut_with_knife,"[""2255:2"",""782:2""]","[""state_change""]",False,productivity
799,2,place_peach_on_wooden_cutting_board,relocate,place_peach_on_table,[],[],False,productivity
799,3,get_knife_0,fetch,cut_with_knife,[],[],False,productivity
799,4,cut_peach_with_knife,state_change,cut_with_knife,[],[],False,productivity
802,0,move_cardboardbox_to_kitchen_work_area,relocate,move_cardboardbox,"[""4873:1""]","[""state_change""]",False,productivity
804,0,get_knife_0_from_kitchen_work_area,fetch,cut_with_knife,"[""2255:2"",""782:2""]","[""state_change""]",False,productivity
804,1,get_pear_1_from_kitchen_work_area,fetch,fetch_pear_from_cabinet,[],[],False,productivity
804,2,place_pear_1_on_wooden_cutting_board_2,relocate,place_pear_on_table,[],[],False,productivity
804,3,slice_pear_1_with_knife_0,state_change,cut_with_knife,[],[],False,productivity
811,0,place_kettle_on_kitchen_work_area,relocate,place_plate_on_kitchen_island,"[""1484:1""]","[""relocate""]",True,productivity
814,0,get_wooden_cutting_board_2,fetch,cut_with_knife,"[""2255:2"",""782:2""]","[""state_change""]",False,productivity
814,1,get_apple_1,fetch,fetch_apple,[],[],False,productivity
814,2,place_apple_on_wooden_cutting_board,relocate,place_apple_on_table,[],[],False,productivity
814,3,get_knife_0,fetch,cut_with_knife,[],[],False,productivity
814,4,cut_apple_with_knife,state_change,cut_with_knife,[],[],False,productivity
821,0,check_table_for_apple,state_change,place_apple_on_table,[],[],False,productivity
821,1,check_table_for_banana,state_change,check_table_fruits,[],[],False,productivity
821,2,retrieve_missing_apple,fetch,fetch_apple_from_cabinet,[],[],False,productivity
821,3,retrieve_missing_banana,fetch,fetch_banana,"[""2804:1""]","[""relocate""]",False,productivity
821,4,check_cabinet_for_apple,state_change,fetch_apple_from_cabinet,[],[],False,productivity
821,5,check_cabinet_for_banana,state_change,fetch_fruit_from_cabinet,[],[],False,productivity
823,0,move_fork_to_kitchen_island_area,relocate,place_plate_on_kitchen_island,"[""1484:1""]","[""relocate""]",True,productivity
835,0,move_wine_to_kitchen_island_area,relocate,place_plate_on_kitchen_island,"[""1484:1""]","[""relocate""]",True,productivity
844,0,move_to_apple_1,,move_to_pear,[],[],,productivity
844,1,pick_apple_1,fetch,fetch_apple,[],[],False,productivity
844,2,move_to_wooden_cutting_board_2,,move_to_cabinet,[],[],,productivity
844,3,place_apple_1_on_wooden_cutting_board_2,relocate,place_apple_on_table,[],[],False,productivity
844,4,move_to_knife_0,,cut_with_knife,"[""2255:2"",""782:2""]","[""state_change""]",,productivity
844,5,pick_knife_0,fetch,cut_with_knife,[],[],False,productivity
844,6,move_to_wooden_cutting_board_2,,move_to_cabinet,[],[],,productivity
844,7,slice_apple_1_with_knife_0,state_change,cut_with_knife,[],[],False,productivity
850,0,get_wooden_cutting_board_2,fetch,cut_with_knife,"[""2255:2"",""782:2""]","[""state_change""]",False,productivity
850,1,get_apple_1,fetch,fetch_apple,[],[],False,productivity
850,2,place_apple_on_wooden_cutting_board,relocate,place_apple_on_table,[],[],False,productivity
850,3,get_knife_0,fetch,cut_with_knife,[],[],False,productivity
850,4,cut_apple_with_knife,state_change,cut_with_knife,[],[],False,productivity
851,0,move_to_bread_0,,place_bread,[],[],,productivity
851,1,pick_bread_0,fetch,place_bread,[],[],False,productivity
851,2,move_to_kitchen_island_area,,navigate_to_kitchen_island,[],[],,productivity
851,3,place_bread_0,relocate,place_bread,[],[],False,productivity
854,0,check_table_for_apple,state_change,place_apple_on_table,[],[],False,productivity
854,1,check_table_for_banana,state_change,check_table_fruits,[],[],False,productivity
854,2,retrieve_missing_fruit,fetch,fetch_missing_fruit,[],[],False,productivity
854,3,check_cabinet_for_fruit,state_change,fetch_fruit_from_cabinet,[],[],False,productivity
855,0,inspect_table,state_change,inspect_table,[],[],False,productivity
855,1,check_for_peach,state_change,fetch_peach,[],[],False,productivity
855,2,check_for_tomato,state_change,fetch_tomato_from_cabinet,"[""2240:1""]","[""relocate""]",False,productivity
855,3,fetch_peach_if_missing,fetch,fetch_peach,[],[],False,productivity
855,4,fetch_tomato_if_missing,fetch,fetch_tomato,"[""4075:1"",""4469:1""]","[""relocate""]",False,productivity
858,0,inspect_table_for_apple,state_change,inspect_table,[],[],False,productivity
858,1,inspect_table_for_tomato,state_change,inspect_table,[],[],False,productivity
858,2,fetch_missing_apple,fetch,fetch_apple,[],[],False,productivity
858,3,fetch_missing_tomato,fetch,fetch_tomato,"[""2966:1"",""6810:1""]","[""relocate""]",False,productivity
858,4,place_apple_on_table,relocate,place_apple_on_table,[],[],False,productivity
858,5,place_tomato_on_table,relocate,load_tomato_into_plate,[],[],False,productivity
861,0,inspect_cabinet_1,state_change,inspect_cabinet,"[""3142:0"",""4308:0""]","[""state_change""]",True,productivity
861,1,move_to_kitchen_island_area,,navigate_to_kitchen_island,[],[],,productivity
861,2,pick_apple_0,fetch,fetch_apple,[],[],False,productivity
861,3,move_to_kitchen_work_area,,move_to_cabinet,[],[],,productivity
861,4,place_apple_0_on_plate_2,relocate,place_apple_on_table,[],[],False,productivity
863,0,get_knife_0_from_kitchen_work_area,fetch,cut_with_knife,"[""2255:2"",""782:2""]","[""state_change""]",False,productivity
863,1,get_pear_1_from_kitchen_work_area,fetch,fetch_pear_from_cabinet,[],[],False,productivity
863,2,place_pear_1_on_wooden_cutting_board_2,relocate,place_pear_on_table,[],[],False,productivity
863,3,slice_pear_1_with_knife_0,state_change,cut_with_knife,[],[],False,productivity
874,0,get_peach_1,fetch,fetch_peach,[],[],False,productivity
874,1,place_peach_on_wooden_cutting_board_2,relocate,place_peach_on_table,[],[],False,productivity
874,2,get_knife_0,fetch,cut_with_knife,"[""2255:2"",""782:2""]","[""state_change""]",False,productivity
874,3,slice_peach_with_knife,state_change,fetch_peach_from_cabinet,[],[],False,productivity
879,0,get_knife_0_from_kitchen_work_area,fetch,cut_with_knife,"[""2255:2"",""782:2""]","[""state_change""]",False,productivity
879,1,get_pear_1_from_kitchen_work_area,fetch,fetch_pear_from_cabinet,[],[],False,productivity
879,2,place_pear_1_on_wooden_cutting_board_2,relocate,place_pear_on_table,[],[],False,productivity
879,3,slice_pear_1_with_knife_0,state_change,cut_with_knife,[],[],False,productivity
882,0,inspect_table,state_change,inspect_table,[],[],False,productivity
882,1,check_for_peach,state_change,fetch_peach,[],[],False,productivity
882,2,check_for_tomato,state_change,fetch_tomato_from_cabinet,"[""2240:1""]","[""relocate""]",False,productivity
882,3,fetch_peach_if_missing,fetch,fetch_peach,[],[],False,productivity
882,4,fetch_tomato_if_missing,fetch,fetch_tomato,"[""4075:1"",""4469:1""]","[""relocate""]",False,productivity
883,0,move_to_apple_1,,move_to_pear,[],[],,productivity
883,1,pick_apple_1,fetch,fetch_apple,[],[],False,productivity
883,2,move_to_wooden_cutting_board_2,,move_to_cabinet,[],[],,productivity
883,3,place_apple_on_wooden_cutting_board,relocate,place_apple_on_table,[],[],False,productivity
883,4,move_to_knife_0,,cut_with_knife,"[""2255:2"",""782:2""]","[""state_change""]",,productivity
883,5,pick_knife_0,fetch,cut_with_knife,[],[],False,productivity
883,6,slice_apple_with_knife,state_change,cut_with_knife,[],[],False,productivity
890,0,get_peach_1,fetch,fetch_peach,[],[],False,productivity
890,1,get_wooden_cutting_board_2,fetch,cut_with_knife,"[""2255:2"",""782:2""]","[""state_change""]",False,productivity
890,2,place_peach_on_wooden_cutting_board,relocate,place_peach_on_table,[],[],False,productivity
890,3,get_knife_0,fetch,cut_with_knife,[],[],False,productivity
890,4,carve_peach_with_knife,,place_peach_on_table,[],[],,productivity
896,0,find_absent_fruit,fetch,check_fruit_location,[],[],False,productivity
896,1,go_to_fruit_location,,check_fruit_location,[],[],,productivity
896,2,pick_up_fruit,fetch,fetch_and_place_fruit,"[""123:1"",""3066:1""]","[""relocate""]",False,productivity
896,3,bring_fruit_to_table,relocate,place_fruit_on_table,"[""4135:1""]","[""relocate""]",True,productivity
901,0,move_to_kitchen_island_area,,navigate_to_kitchen_island,[],[],,productivity
901,1,move_to_kitchen_work_area,,move_to_cabinet,[],[],,productivity
901,2,move_to_wooden_cutting_board_2,,move_to_cabinet,[],[],,productivity
901,3,cut_peach_with_knife,state_change,cut_with_knife,"[""2255:2"",""782:2""]","[""state_change""]",True,productivity
907,0,move_to_kettle_0,,move_to,[],[],,productivity
907,1,pick_kettle_0,fetch,cardboardbox_spoon,[],[],False,productivity
907,2,move_to_kitchen_work_area,,move_to_cabinet,[],[],,productivity
907,3,place_kettle_0,relocate,place_spoon,"[""1982:3"",""1454:3""]","[""relocate""]",True,productivity
914,0,check_bread_presence,state_change,fetch_bread,"[""1488:1"",""2686:1""]","[""relocate""]",False,productivity
914,1,check_plate_presence,state_change,place_plate,"[""3266:2"",""5679:2""]","[""relocate""]",False,productivity
914,2,check_cabinet_for_bread,state_change,fetch_bread_from_cabinet,[],[],False,productivity
914,3,place_bread_on_plate,relocate,place_bread_on_bowl,"[""2519:2"",""5838:2""]","[""relocate""]",True,productivity
917,0,examine_table,,inspect_table,[],[],,productivity
917,1,check_for_peach,state_change,fetch_peach,[],[],False,productivity
917,2,check_for_tomato,state_change,fetch_tomato_from_cabinet,"[""2240:1""]","[""relocate""]",False,productivity
917,3,retrieve_peach_if_needed,fetch,fetch_peach_from_cabinet,[],[],False,productivity
917,4,retrieve_tomato_if_needed,fetch,fetch_tomato_from_cabinet,[],[],False,productivity
917,5,place_peach_on_table,relocate,place_peach_on_table,[],[],False,productivity
917,6,place_tomato_on_table,relocate,load_tomato_into_plate,[],[],False,productivity
918,0,get_peach_1,fetch,fetch_peach,[],[],False,productivity
918,1,get_wooden_cutting_board_2,fetch,cut_with_knife,"[""2255:2"",""782:2""]","[""state_change""]",False,productivity
918,2,place_peach_on_wooden_cutting_board,relocate,place_peach_on_table,[],[],False,productivity
918,3,get_knife_0,fetch,cut_with_knife,[],[],False,productivity
918,4,carve_peach_with_knife,,place_peach_on_table,[],[],,productivity
919,0,scan_table_for_objects,,scan_table,[],[],,productivity
919,1,check_cabinet_for_objects,state_change,check_cabinet,"[""1048:0"",""180:0""]","[""state_change""]",True,productivity
919,2,place_objects_on_table,relocate,place_on_table,[],[],False,productivity
920,0,find_banana_0,fetch,fetch_banana,"[""2804:1""]","[""relocate""]",False,productivity
920,1,find_banana_1,fetch,fetch_banana,[],[],False,productivity
920,2,find_banana_2,fetch,fetch_banana,[],[],False,productivity
920,3,open_cabinet_1,state_change,open_cabinet,"[""1059:0"",""1531:0""]","[""state_change""]",True,productivity
920,4,find_banana_0,fetch,fetch_banana,[],[],False,productivity
920,5,find_banana_1,fetch,fetch_banana,[],[],False,productivity
920,6,find_banana_2,fetch,fetch_banana,[],[],False,productivity
920,7,pick_banana_0,fetch,fetch_banana,[],[],False,productivity
920,8,pick_banana_1,fetch,fetch_banana,[],[],False,productivity
920,9,pick_banana_2,fetch,place_banana,[],[],False,productivity
920,10,find_bowl_0,fetch,fetch_bowl,[],[],False,productivity
920,11,find_bowl_2,fetch,fetch_bowl,[],[],False,productivity
920,12,place_banana_in_bowl,relocate,place_banana,[],[],False,productivity
922,0,pick_bottle_0,fetch,cardboardbox_spoon,[],[],False,productivity
922,1,place_bottle_0_on_kitchen_island_area,relocate,place_plate_on_kitchen_island,"[""1484:1""]","[""relocate""]",True,productivity
934,0,move_wine_to_kitchen_work_area,relocate,move_to_cabinet,[],[],False,productivity
935,0,find_absent_fruit,fetch,check_fruit_location,[],[],False,productivity
935,1,go_to_fruit_location,,check_fruit_location,[],[],,productivity
935,2,pick_up_fruit,fetch,fetch_and_place_fruit,"[""6467:1"",""646:1""]","[""relocate""]",False,productivity
935,3,go_to_table,,move_to_table,"[""2918:1"",""3979:1""]","[""relocate""]",,productivity
935,4,place_fruit_on_table,relocate,place_fruit_on_table,"[""4135:1""]","[""relocate""]",True,productivity
936,0,inspect_table_for_pear,state_change,place_pear_on_table,[],[],False,productivity
936,1,inspect_table_for_tomato,state_change,inspect_table,[],[],False,productivity
936,2,find_missing_tomato,fetch,fetch_tomato_from_cabinet,"[""2240:1""]","[""relocate""]",False,productivity
936,3,retrieve_tomato_from_location,fetch,fetch_tomato_from_cabinet,[],[],False,productivity
936,4,place_tomato_on_table,relocate,load_tomato_into_plate,[],[],False,productivity
937,0,check_table_for_peach,state_change,check_table_fruits,[],[],False,productivity
937,1,check_table_for_tomato,state_change,check_table_fruits,[],[],False,productivity
937,2,retrieve_missing_peach,fetch,fetch_peach_from_cabinet,[],[],False,productivity
937,3,retrieve_missing_tomato,fetch,fetch_tomato_from_cabinet,"[""2240:1""]","[""relocate""]",False,productivity
937,4,check_cabinet_for_peach,state_change,fetch_peach_from_cabinet,[],[],False,productivity
937,5,check_cabinet_for_tomato,state_change,fetch_tomato_from_cabinet,[],[],False,productivity
938,0,inspect_cabinet_1,state_change,inspect_cabinet,"[""4848:0"",""5210:0""]","[""state_change""]",True,productivity
938,1,inspect_kitchen_island_area,state_change,navigate_to_kitchen_island,[],[],False,productivity
938,2,inspect_kitchen_work_area,state_change,inspect_cabinet,"[""1584:0"",""4126:0""]","[""state_change""]",True,productivity
938,3,move_banana_to_plate,relocate,place_banana,[],[],False,productivity
940,0,place_fork_on_kitchen_work_area,relocate,place_plate_on_kitchen_island,"[""1484:1""]","[""relocate""]",True,productivity
944,0,find_bread_0,fetch,fetch_bread,"[""1488:1"",""2686:1""]","[""relocate""]",False,productivity
944,1,find_bowl_0,fetch,fetch_bowl,[],[],False,productivity
944,2,transfer_bread_to_bowl,relocate,place_bread_on_bowl,"[""2519:2"",""5838:2""]","[""relocate""]",True,productivity
944,3,open_cabinet_1,state_change,open_cabinet,"[""2634:0"",""2734:0""]","[""state_change""]",True,productivity
944,4,retrieve_bread_from_cabinet,fetch,fetch_bread_from_cabinet,[],[],False,productivity
951,0,move_spoon_to_rack,relocate,place_spoon,"[""1454:3"",""4367:3""]","[""relocate""]",True,productivity
957,0,move_to_kitchen_island_area,,navigate_to_kitchen_island,[],[],,productivity
957,1,pick_knife,fetch,cut_with_knife,"[""2255:2"",""782:2""]","[""state_change""]",False,productivity
957,2,move_to_wooden_cutting_board,,move_to_cabinet,[],[],,productivity
957,3,cut_apple_with_knife,state_change,cut_with_knife,[],[],False,productivity
969,0,inspect_cabinet_1,state_change,inspect_cabinet,"[""144:0"",""1774:0""]","[""state_change""]",True,productivity
969,1,move_to_kitchen_island_area,,navigate_to_kitchen_island,[],[],,productivity
969,2,pick_apple_0,fetch,fetch_apple,[],[],False,productivity
969,3,move_to_kitchen_work_area,,move_to_cabinet,[],[],,productivity
969,4,place_apple_0_in_bowl_2,relocate,place_bowl,"[""4764:1""]","[""relocate""]",True,productivity
971,0,get_peach_1_to_wooden_cutting_board_2,fetch,place_peach_on_table,[],[],False,productivity
971,1,get_knife_0_to_wooden_cutting_board_2,fetch,cut_with_knife,"[""2255:2"",""782:2""]","[""state_change""]",False,productivity
971,2,cut_peach_1_with_knife_0,state_change,cut_with_knife,[],[],False,productivity
979,0,pick_pear_1,fetch,place_pear,[],[],False,productivity
979,1,place_pear_on_wooden_cutting_board_2,relocate,place_pear_on_table,[],[],False,productivity
979,2,pick_knife_0,fetch,cut_with_knife,"[""2255:2"",""782:2""]","[""state_change""]",False,productivity
979,3,carve_pear_with_knife,,cut_with_knife,[],[],,productivity
980,0,pick_pear_1,fetch,place_pear,[],[],False,productivity
980,1,place_pear_on_wooden_cutting_board_2,relocate,place_pear_on_table,[],[],False,productivity
980,2,pick_knife_0,fetch,cut_with_knife,"[""2255:2"",""782:2""]","[""state_change""]",False,productivity
980,3,cut_pear_with_knife,state_change,cut_with_knife,[],[],False,productivity
991,0,pick_peach_0_from_r1,fetch,fetch_peach,[],[],False,productivity
991,1,place_peach_0_in_cardboardbox_1,relocate,cardboardbox_spoon,[],[],False,productivity
991,2,pick_cardboardbox_1,fetch,cardboardbox_spoon,[],[],False,productivity
991,3,place_cardboardbox_1_at_sink_2,relocate,move_cardboardbox,"[""4873:1""]","[""state_change""]",False,productivity
991,4,extract_peach_0_from_cardboardbox_1,,fetch_peach_from_cabinet,[],[],,productivity
992,0,observe_table_for_pear_and_banana,,check_table_fruits,[],[],,productivity
992,1,check_if_pear_is_missing,state_change,fetch_pear_from_cabinet,[],[],False,productivity
992,2,check_if_banana_is_missing,state_change,fetch_banana,"[""2804:1""]","[""relocate""]",False,productivity
992,3,search_for_missing_pear,,fetch_pear_from_cabinet,[],[],,productivity
992,4,search_for_missing_banana,,fetch_banana,[],[],,productivity
992,5,bring_missing_pear_to_table,relocate,place_pear_on_table,[],[],False,productivity
992,6,bring_missing_banana_to_table,relocate,fetch_banana,[],[],False,productivity
993,0,move_to_pumpkin_0,,move_to_pear,[],[],,productivity
993,1,check_distance_to_sink,state_change,inspect_location,"[""2581:1"",""2650:1""]","[""state_change""]",True,productivity
993,2,secure_pumpkin_in_cardboardbox,,cardboardbox,"[""2318:1""]","[""state_change""]",,productivity
993,3,move_cardboardbox_to_sink,relocate,move_cardboardbox,"[""4873:1""]","[""state_change""]",False,productivity
993,4,fetch_pumpkin_from_cardboardbox,fetch,fetch_tomato_from_cabinet,"[""2240:1""]","[""relocate""]",False,productivity
993,5,move_pumpkin_to_sink,relocate,navigate_to_kitchen_island,[],[],False,productivity
994,0,check_bread_presence,state_change,fetch_bread,"[""1488:1"",""2686:1""]","[""relocate""]",False,productivity
994,1,check_bowl_presence,state_change,place_bowl,"[""4764:1""]","[""relocate""]",False,productivity
994,2,check_cabinet_for_bread,state_change,fetch_bread_from_cabinet,[],[],False,productivity
994,3,pick_bread,fetch,place_bread,[],[],False,productivity
994,4,place_bread_on_bowl,relocate,place_bread_on_bowl,"[""2519:2"",""5838:2""]","[""relocate""]",True,productivity
1006,0,pick_scissors_0,fetch,cut_with_knife,"[""2255:2"",""782:2""]","[""state_change""]",False,productivity
1006,1,place_scissors_on_rack,relocate,cut_with_knife,[],[],False,productivity
1008,0,find_peach_0,fetch,fetch_peach,[],[],False,productivity
1008,1,find_banana_0,fetch,fetch_banana,"[""2804:1""]","[""relocate""]",False,productivity
1008,2,find_banana_1,fetch,fetch_banana,[],[],False,productivity
1008,3,find_banana_2,fetch,fetch_banana,[],[],False,productivity
1008,4,bring_peach_or_banana_to_table,relocate,place_peach_on_table,[],[],False,productivity
1011,0,find_absent_fruit,fetch,check_fruit_location,[],[],False,productivity
1011,1,go_to_fruit_location,,check_fruit_location,[],[],,productivity
1011,2,pick_up_fruit,fetch,fetch_and_place_fruit,"[""123:1"",""3066:1""]","[""relocate""]",False,productivity
1011,3,bring_fruit_to_table,relocate,place_fruit_on_table,"[""4135:1""]","[""relocate""]",True,productivity
1016,0,inspect_table_for_peach,state_change,place_peach_on_table,[],[],False,productivity
1016,1,inspect_table_for_tomato,state_change,inspect_table,[],[],False,productivity
1016,2,find_missing_peach,fetch,fetch_peach_from_cabinet,[],[],False,productivity
1016,3,find_missing_tomato,fetch,fetch_tomato_from_cabinet,"[""2240:1""]","[""relocate""]",False,productivity
1016,4,retrieve_peach_from_location,fetch,fetch_peach_from_cabinet,[],[],False,productivity
1016,5,retrieve_tomato_from_location,fetch,fetch_tomato_from_cabinet,[],[],False,productivity
1016,6,place_peach_on_table,relocate,place_peach_on_table,[],[],False,productivity
1016,7,place_tomato_on_table,relocate,load_tomato_into_plate,[],[],False,productivity
1025,0,inspect_table_for_apple,state_change,inspect_table,[],[],False,productivity
1025,1,inspect_table_for_banana,state_change,check_table_fruits,[],[],False,productivity
1025,2,find_missing_fruit,fetch,fetch_missing_fruit,[],[],False,productivity
1025,3,retrieve_missing_fruit,fetch,fetch_missing_fruit,[],[],False,productivity
1031,0,move_to_scissors_0,,cut_with_knife,"[""2255:2"",""782:2""]","[""state_change""]",,productivity
1031,1,pick_scissors_0,fetch,cut_with_knife,[],[],False,productivity
1031,2,move_to_kitchen_work_area,,move_to_cabinet,[],[],,productivity
1031,3,place_scissors_0,relocate,cut_with_knife,[],[],False,productivity
1033,0,pick_cardboardbox_0,fetch,cardboardbox_spoon,[],[],False,productivity
1033,1,place_cardboardbox_0_on_kitchen_island_area,relocate,place_plate_on_kitchen_island,"[""1484:1""]","[""relocate""]",True,productivity
1035,0,inspect_table,state_change,inspect_table,[],[],False,productivity
1035,1,check_for_peach,state_change,fetch_peach,[],[],False,productivity
1035,2,check_for_tomato,state_change,fetch_tomato_from_cabinet,"[""2240:1""]","[""relocate""]",False,productivity
1035,3,fetch_peach_if_missing,fetch,fetch_peach,[],[],False,productivity
1035,4,fetch_tomato_if_missing,fetch,fetch_tomato,"[""4075:1"",""4469:1""]","[""relocate""]",False,productivity
1039,0,find_apple,fetch,fetch_apple,[],[],False,productivity
1039,1,find_wooden_cutting_board,fetch,cut_with_knife,"[""2255:2"",""782:2""]","[""state_change""]",False,productivity
1039,2,place_apple_on_wooden_cutting_board,relocate,place_apple_on_table,[],[],False,productivity
1039,3,find_knife,fetch,cut_with_knife,[],[],False,productivity
1039,4,slice_apple_with_knife,state_change,cut_with_knife,[],[],False,productivity
1043,0,pick_pear_1,fetch,place_pear,[],[],False,productivity
1043,1,place_pear_on_wooden_cutting_board_2,relocate,place_pear_on_table,[],[],False,productivity
1043,2,pick_knife_0,fetch,cut_with_knife,"[""2255:2"",""782:2""]","[""state_change""]",False,productivity
1043,3,cut_pear_with_knife,state_change,cut_with_knife,[],[],False,productivity
1047,0,check_table_for_apple,state_change,place_apple_on_table,[],[],False,productivity
1047,1,check_table_for_banana,state_change,check_table_fruits,[],[],False,productivity
1047,2,retrieve_missing_apple,fetch,fetch_apple_from_cabinet,[],[],False,productivity
1047,3,retrieve_missing_banana,fetch,fetch_banana,"[""2804:1""]","[""relocate""]",False,productivity
1047,4,place_apple_on_table,relocate,place_apple_on_table,[],[],False,productivity
1047,5,place_banana_on_table,relocate,place_fruit_on_table,"[""4135:1""]","[""relocate""]",True,productivity
1049,0,pick_wine_0,fetch,place_tomato,[],[],False,productivity
1049,1,place_wine_0_on_kitchen_island_area,relocate,place_plate_on_kitchen_island,"[""1484:1""]","[""relocate""]",True,productivity
1051,0,get_wooden_cutting_board_2,fetch,cut_with_knife,"[""2255:2"",""782:2""]","[""state_change""]",False,productivity
1051,1,get_pear_1,fetch,fetch_pear,"[""6061:1""]","[""relocate""]",False,productivity
1051,2,place_pear_on_wooden_cutting_board,relocate,place_pear_on_table,[],[],False,productivity
1051,3,get_knife_0,fetch,cut_with_knife,[],[],False,productivity
1051,4,cut_pear_with_knife,state_change,cut_with_knife,[],[],False,productivity
1056,0,move_to_pizza_0,,move_to,[],[],,productivity
1056,1,pick_pizza_0,fetch,place_tomato,[],[],False,productivity
1056,2,move_to_rack,,move_to,[],[],,productivity
1056,3,place_pizza_0_on_rack,relocate,place_on_plate,"[""5169:2""]","[""relocate""]",True,productivity
1058,0,get_wooden_cutting_board_2,fetch,cut_with_knife,"[""2255:2"",""782:2""]","[""state_change""]",False,productivity
1058,1,get_apple_1,fetch,fetch_apple,[],[],False,productivity
1058,2,place_apple_on_wooden_cutting_board,relocate,place_apple_on_table,[],[],False,productivity
1058,3,get_knife_0,fetch,cut_with_knife,[],[],False,productivity
1058,4,cut_apple_with_knife,state_change,cut_with_knife,[],[],False,productivity
1062,0,inspect_cabinet_1,state_change,inspect_cabinet,"[""3142:0"",""4308:0""]","[""state_change""]",True,productivity
1062,1,move_to_kitchen_island_area,,navigate_to_kitchen_island,[],[],,productivity
1062,2,pick_apple_0,fetch,fetch_apple,[],[],False,productivity
1062,3,move_to_kitchen_work_area,,move_to_cabinet,[],[],,productivity
1062,4,place_apple_0_on_plate_2,relocate,place_apple_on_table,[],[],False,productivity
1063,0,get_peach_1,fetch,fetch_peach,[],[],False,productivity
1063,1,get_wooden_cutting_board_2,fetch,cut_with_knife,"[""2255:2"",""782:2""]","[""state_change""]",False,productivity
1063,2,place_peach_on_wooden_cutting_board,relocate,place_peach_on_table,[],[],False,productivity
1063,3,get_knife_0,fetch,cut_with_knife,[],[],False,productivity
1063,4,cut_peach_with_knife,state_change,cut_with_knife,[],[],False,productivity
1071,0,check_bread_presence,state_change,fetch_bread,"[""1488:1"",""2686:1""]","[""relocate""]",False,productivity
1071,1,check_plate_presence,state_change,place_plate,"[""3266:2"",""5679:2""]","[""relocate""]",False,productivity
1071,2,open_cabinet,state_change,open_cabinet,"[""113:0"",""3876:0""]","[""state_change""]",True,productivity
1071,3,search_for_bread,,fetch_bread,[],[],,productivity
1071,4,pick_bread,fetch,place_bread,[],[],False,productivity
1071,5,place_bread_on_plate,relocate,place_bread_on_bowl,[],[],False,productivity
1072,0,pick_apple_0_from_r3,fetch,fetch_apple,[],[],False,productivity
1072,1,place_apple_0_in_cardboardbox_1,relocate,move_cardboardbox,"[""4873:1""]","[""state_change""]",False,productivity
1072,2,move_cardboardbox_1_to_sink_2,relocate,move_cardboardbox,[],[],False,productivity
1072,3,remove_apple_0_from_cardboardbox_1,,move_cardboardbox,[],[],,productivity
1073,0,move_kettle_to_rack,relocate,place_plate_on_kitchen_island,"[""1484:1""]","[""relocate""]",True,productivity
1077,0,move_cooling_fan_to_kitchen_island_area,relocate,place_plate_on_kitchen_island,"[""1484:1""]","[""relocate""]",True,productivity
1079,0,pick_pear_1,fetch,place_pear,[],[],False,productivity
1079,1,place_pear_on_wooden_cutting_board_2,relocate,place_pear_on_table,[],[],False,productivity
1079,2,pick_knife_0,fetch,cut_with_knife,"[""2255:2"",""782:2""]","[""state_change""]",False,productivity
1079,3,carve_pear_with_knife,,cut_with_knife,[],[],,productivity
1086,0,find_bread_0,fetch,fetch_bread,"[""1488:1"",""2686:1""]","[""relocate""]",False,productivity
1086,1,find_bowl_0,fetch,fetch_bowl,[],[],False,productivity
1086,2,transfer_bread_to_bowl,relocate,place_bread_on_bowl,"[""2519:2"",""5838:2""]","[""relocate""]",True,productivity
1086,3,open_cabinet_1,state_change,open_cabinet,"[""2634:0"",""2734:0""]","[""state_change""]",True,productivity
1086,4,retrieve_bread_from_cabinet,fetch,fetch_bread_from_cabinet,[],[],False,productivity
1090,0,move_to_spoon_0,,place_spoon,"[""1982:3"",""1454:3""]","[""relocate""]",,productivity
1090,1,pick_spoon_0,fetch,place_spoon,"[""4367:3""]","[""relocate""]",False,productivity
1090,2,move_to_kitchen_work_area,,move_to_cabinet,[],[],,productivity
1090,3,place_spoon_0,relocate,place_spoon,[],[],False,productivity
1103,0,check_fork_location,state_change,inspect_location,"[""2581:1"",""2650:1""]","[""state_change""]",True,productivity
1103,1,check_route_length,state_change,navigate_and_reach,[],[],False,productivity
1103,2,enclose_fork_in_cardboardbox,,cardboardbox_object,"[""2919:1"",""4773:1""]","[""state_change""]",,productivity
1103,3,transfer_cardboardbox,relocate,move_cardboardbox,"[""4873:1""]","[""state_change""]",False,productivity
1103,4,retrieve_fork_from_cardboardbox,fetch,cardboardbox_object,[],[],False,productivity
1106,0,move_to_apple_1,,move_to_pear,[],[],,productivity
1106,1,pick_apple_1,fetch,fetch_apple,[],[],False,productivity
1106,2,move_to_wooden_cutting_board_2,,move_to_cabinet,[],[],,productivity
1106,3,place_apple_on_wooden_cutting_board,relocate,place_apple_on_table,[],[],False,productivity
1106,4,move_to_knife_0,,cut_with_knife,"[""2255:2"",""782:2""]","[""state_change""]",,productivity
1106,5,pick_knife_0,fetch,cut_with_knife,[],[],False,productivity
1106,6,slice_apple_with_knife,state_change,cut_with_knife,[],[],False,productivity
1111,0,pick_spoon_0,fetch,place_spoon,"[""1982:3"",""1454:3""]","[""relocate""]",False,productivity
1111,1,place_spoon_on_rack,relocate,place_spoon,"[""4367:3""]","[""relocate""]",True,productivity
1112,0,scan_table_for_fruits,,scan_table_for_fruits,[],[],,productivity
1112,1,check_cabinet_for_fruits,state_change,fetch_fruit_from_cabinet,[],[],False,productivity
1112,2,place_fruits_on_table,relocate,place_fruit_on_table,"[""4135:1""]","[""relocate""]",True,productivity
1115,0,check_bread_presence,state_change,fetch_bread,"[""1488:1"",""2686:1""]","[""relocate""]",False,productivity
1115,1,check_plate_presence,state_change,place_plate,"[""3266:2"",""5679:2""]","[""relocate""]",False,productivity
1115,2,check_cabinet_for_bread,state_change,fetch_bread_from_cabinet,[],[],False,productivity
1115,3,place_bread_on_plate,relocate,place_bread_on_bowl,"[""2519:2"",""5838:2""]","[""relocate""]",True,productivity
1117,0,pick_apple_0_from_r1,fetch,fetch_apple,[],[],False,productivity
1117,1,place_apple_0_in_cardboardbox_1,relocate,move_cardboardbox,"[""4873:1""]","[""state_change""]",False,productivity
1117,2,move_cardboardbox_1_to_sink_2,relocate,move_cardboardbox,[],[],False,productivity
1117,3,extract_apple_0_from_cardboardbox_1,,fetch_apple_from_cabinet,[],[],,productivity
1123,0,move_cup_to_rack,relocate,move_to_cabinet,[],[],False,productivity
1131,0,move_cooling_fan_to_kitchen_work_area,relocate,place_plate_on_kitchen_island,"[""1484:1""]","[""relocate""]",True,productivity
1132,0,check_banana_presence,state_change,load_banana,[],[],False,productivity
1132,1,check_cabinet_for_banana,state_change,fetch_fruit_from_cabinet,[],[],False,productivity
1132,2,pick_banana_from_cabinet,fetch,fetch_fruit_from_cabinet,[],[],False,productivity
1132,3,place_banana_on_plate,relocate,place_on_plate,"[""5169:2""]","[""relocate""]",True,productivity
1133,0,inspect_table_for_apple,state_change,inspect_table,[],[],False,productivity
1133,1,inspect_table_for_banana,state_change,check_table_fruits,[],[],False,productivity
1133,2,find_missing_fruit,fetch,fetch_missing_fruit,[],[],False,productivity
1133,3,retrieve_missing_fruit,fetch,fetch_missing_fruit,[],[],False,productivity
1139,0,inspect_table_for_fruits,state_change,check_table_fruits,[],[],False,productivity
1139,1,check_if_pear_is_missing,state_change,fetch_pear_from_cabinet,[],[],False,productivity
1139,2,check_if_banana_is_missing,state_change,fetch_banana,"[""2804:1""]","[""relocate""]",False,productivity
1139,3,search_for_missing_pear,,fetch_pear_from_cabinet,[],[],,productivity
1139,4,search_for_missing_banana,,fetch_banana,[],[],,productivity
1139,5,fetch_missing_pear,fetch,fetch_pear,"[""6061:1""]","[""relocate""]",False,productivity
1139,6,fetch_missing_banana,fetch,fetch_banana,[],[],False,productivity
1139,7,place_pear_on_table,relocate,place_pear_on_table,[],[],False,productivity
1139,8,place_banana_on_table,relocate,place_fruit_on_table,"[""4135:1""]","[""relocate""]",True,productivity
1144,0,inspect_table,state_change,inspect_table,[],[],False,productivity
1144,1,check_for_peach,state_change,fetch_peach,[],[],False,productivity
1144,2,check_for_tomato,state_change,fetch_tomato_from_cabinet,"[""2240:1""]","[""relocate""]",False,productivity
1144,3,fetch_peach_if_missing,fetch,fetch_peach,[],[],False,productivity
1144,4,fetch_tomato_if_missing,fetch,fetch_tomato,"[""4075:1"",""4469:1""]","[""relocate""]",False,productivity
1148,0,check_table_for_peach,state_change,check_table_fruits,[],[],False,productivity
1148,1,check_table_for_banana,state_change,check_table_fruits,[],[],False,productivity
1148,2,retrieve_missing_peach,fetch,fetch_peach_from_cabinet,[],[],False,productivity
1148,3,retrieve_missing_banana,fetch,fetch_banana,"[""2804:1""]","[""relocate""]",False,productivity
1148,4,check_cabinet_for_peach,state_change,fetch_peach_from_cabinet,[],[],False,productivity
1148,5,check_cabinet_for_banana,state_change,fetch_fruit_from_cabinet,[],[],False,productivity
1151,0,glance_at_table,,inspect_table,[],[],,productivity
1151,1,check_for_pear,state_change,fetch_pear_from_cabinet,[],[],False,productivity
1151,2,check_for_banana,state_change,fetch_banana,"[""2804:1""]","[""relocate""]",False,productivity
1151,3,retrieve_missing_fruit,fetch,fetch_missing_fruit,[],[],False,productivity
1151,4,check_cabinet_for_fruit,state_change,fetch_fruit_from_cabinet,[],[],False,productivity
1160,0,inspect_table_for_pear,state_change,place_pear_on_table,[],[],False,productivity
1160,1,inspect_table_for_tomato,state_change,inspect_table,[],[],False,productivity
1160,2,find_missing_pear,fetch,fetch_pear_from_cabinet,[],[],False,productivity
1160,3,find_missing_tomato,fetch,fetch_tomato_from_cabinet,"[""2240:1""]","[""relocate""]",False,productivity
1160,4,retrieve_pear_from_location,fetch,fetch_pear_from_cabinet,[],[],False,productivity
1160,5,retrieve_tomato_from_location,fetch,fetch_tomato_from_cabinet,[],[],False,productivity
1160,6,place_pear_on_table,relocate,place_pear_on_table,[],[],False,productivity
1160,7,place_tomato_on_table,relocate,load_tomato_into_plate,[],[],False,productivity
1161,0,glance_at_table,,inspect_table,[],[],,productivity
1161,1,check_for_pear,state_change,fetch_pear_from_cabinet,[],[],False,productivity
1161,2,check_for_tomato,state_change,fetch_tomato_from_cabinet,"[""2240:1""]","[""relocate""]",False,productivity
1161,3,retrieve_missing_pear,fetch,fetch_pear_from_cabinet,[],[],False,productivity
1161,4,retrieve_missing_tomato,fetch,fetch_tomato_from_cabinet,[],[],False,productivity
1161,5,check_cabinet_for_fruit,state_change,fetch_fruit_from_cabinet,[],[],False,productivity
1170,0,examine_table,,inspect_table,[],[],,productivity
1170,1,check_for_peach,state_change,fetch_peach,[],[],False,productivity
1170,2,check_for_banana,state_change,fetch_banana,"[""2804:1""]","[""relocate""]",False,productivity
1170,3,retrieve_peach,fetch,fetch_peach,[],[],False,productivity
1170,4,retrieve_banana,fetch,fetch_banana,[],[],False,productivity
1170,5,place_on_table,relocate,place_on_table,[],[],False,productivity
1175,0,observe_table_for_pear_and_tomato,,check_table_fruits,[],[],,productivity
1175,1,check_if_pear_is_missing,state_change,fetch_pear_from_cabinet,[],[],False,productivity
1175,2,check_if_tomato_is_missing,state_change,fetch_tomato_from_cabinet,"[""2240:1""]","[""relocate""]",False,productivity
1175,3,search_for_missing_pear,,fetch_pear_from_cabinet,[],[],,productivity
1175,4,search_for_missing_tomato,,fetch_tomato_from_cabinet,[],[],,productivity
1175,5,bring_pear_from_location,relocate,move_to_pear,[],[],False,productivity
1175,6,bring_tomato_from_location,relocate,fetch_tomato_from_cabinet,[],[],False,productivity
1179,0,move_peach_to_kitchen_island_area,relocate,place_peach_on_table,[],[],False,productivity
1182,0,scan_table_for_peach,,scan_table_for_fruits,[],[],,productivity
1182,1,scan_table_for_tomato,,scan_table_for_fruits,[],[],,productivity
1182,2,check_cabinet_for_peach,state_change,fetch_peach_from_cabinet,[],[],False,productivity
1182,3,check_cabinet_for_tomato,state_change,fetch_tomato_from_cabinet,"[""2240:1""]","[""relocate""]",False,productivity
1182,4,place_peach_on_table,relocate,place_peach_on_table,[],[],False,productivity
1182,5,place_tomato_on_table,relocate,load_tomato_into_plate,[],[],False,productivity
1184,0,move_to_scissors_0,,cut_with_knife,"[""2255:2"",""782:2""]","[""state_change""]",,productivity
1184,1,pick_scissors_0,fetch,cut_with_knife,[],[],False,productivity
1184,2,move_to_kitchen_island_area,,navigate_to_kitchen_island,[],[],,productivity
1184,3,place_scissors_0,relocate,cut_with_knife,[],[],False,productivity
1185,0,find_apple_0,fetch,fetch_apple,[],[],False,productivity
1185,1,find_wooden_cutting_board_2,fetch,cut_with_knife,"[""2255:2"",""782:2""]","[""state_change""]",False,productivity
1185,2,place_apple_on_wooden_cutting_board,relocate,place_apple_on_table,[],[],False,productivity
1185,3,find_knife_0,fetch,cut_with_knife,[],[],False,productivity
1185,4,cut_apple_with_knife,state_change,cut_with_knife,[],[],False,productivity
1186,0,find_bread_0,fetch,fetch_bread,"[""1488:1"",""2686:1""]","[""relocate""]",False,productivity
1186,1,move_to_kitchen_work_area,,move_to_cabinet,[],[],,productivity
1186,2,place_bread_0,relocate,place_bread,[],[],False,productivity
1190,0,get_wooden_cutting_board_2,fetch,cut_with_knife,"[""2255:2"",""782:2""]","[""state_change""]",False,productivity
1190,1,get_pear_1,fetch,fetch_pear,"[""6061:1""]","[""relocate""]",False,productivity
1190,2,place_pear_on_wooden_cutting_board,relocate,place_pear_on_table,[],[],False,productivity
1190,3,get_knife_0,fetch,cut_with_knife,[],[],False,productivity
1190,4,cut_pear_with_knife,state_change,cut_with_knife,[],[],False,productivity
1194,0,move_to_cardboardbox_0,,move_cardboardbox,"[""4873:1""]","[""state_change""]",,productivity
1194,1,pick_up_cardboardbox_0,fetch,cardboardbox_spoon,[],[],False,productivity
1194,2,move_to_kitchen_island_area,,navigate_to_kitchen_island,[],[],,productivity
1194,3,place_cardboardbox_0,relocate,move_cardboardbox,[],[],False,productivity
1199,0,move_to_tomato_0,,place_tomato,[],[],,productivity
1199,1,pick_tomato_0,fetch,place_tomato,[],[],False,productivity
1199,2,move_to_kitchen_work_area,,move_to_cabinet,[],[],,productivity
1199,3,place_tomato_0,relocate,place_tomato,[],[],False,productivity
1203,0,inspect_table,state_change,inspect_table,[],[],False,productivity
1203,1,check_for_peach,state_change,fetch_peach,[],[],False,productivity
1203,2,check_for_banana,state_change,fetch_banana,"[""2804:1""]","[""relocate""]",False,productivity
1203,3,fetch_peach_if_missing,fetch,fetch_peach,[],[],False,productivity
1203,4,fetch_banana_if_missing,fetch,fetch_banana,[],[],False,productivity
1210,0,find_apple_0,fetch,fetch_apple,[],[],False,productivity
1210,1,find_wooden_cutting_board_2,fetch,cut_with_knife,"[""2255:2"",""782:2""]","[""state_change""]",False,productivity
1210,2,place_apple_on_wooden_cutting_board,relocate,place_apple_on_table,[],[],False,productivity
1210,3,find_knife_0,fetch,cut_with_knife,[],[],False,productivity
1210,4,cut_apple_with_knife,state_change,cut_with_knife,[],[],False,productivity
1212,0,check_table_for_pear,state_change,check_table_fruits,[],[],False,productivity
1212,1,check_table_for_banana,state_change,check_table_fruits,[],[],False,productivity
1212,2,retrieve_missing_fruit,fetch,fetch_missing_fruit,[],[],False,productivity
1212,3,check_cabinet_for_fruit,state_change,fetch_fruit_from_cabinet,[],[],False,productivity
1214,0,move_to_plate_0,,place_on_plate,"[""5169:2""]","[""relocate""]",,productivity
1214,1,pick_plate_0,fetch,place_plate,"[""3266:2"",""5679:2""]","[""relocate""]",False,productivity
1214,2,move_to_kitchen_island_area,,navigate_to_kitchen_island,[],[],,productivity
1214,3,place_plate_0,relocate,place_plate,[],[],False,productivity
1217,0,move_to_bread_0,,place_bread,[],[],,productivity
1217,1,pick_bread_0,fetch,place_bread,[],[],False,productivity
1217,2,move_to_kitchen_work_area,,move_to_cabinet,[],[],,productivity
1217,3,place_bread_0,relocate,place_bread,[],[],False,productivity
1227,0,get_wooden_cutting_board_2,fetch,cut_with_knife,"[""2255:2"",""782:2""]","[""state_change""]",False,productivity
1227,1,get_pear_1,fetch,fetch_pear,"[""6061:1""]","[""relocate""]",False,productivity
1227,2,place_pear_on_wooden_cutting_board,relocate,place_pear_on_table,[],[],False,productivity
1227,3,get_knife_0,fetch,cut_with_knife,[],[],False,productivity
1227,4,cut_pear_with_knife,state_change,cut_with_knife,[],[],False,productivity
1228,0,pick_pear_1,fetch,place_pear,[],[],False,productivity
1228,1,place_pear_on_wooden_cutting_board_2,relocate,place_pear_on_table,[],[],False,productivity
1228,2,pick_knife_0,fetch,cut_with_knife,"[""2255:2"",""782:2""]","[""state_change""]",False,productivity
1228,3,cut_pear_with_knife,state_change,cut_with_knife,[],[],False,productivity
1240,0,move_to_pear_0,,move_to_pear,[],[],,productivity
1240,1,pick_pear_0,fetch,place_pear,[],[],False,productivity
1240,2,move_to_kitchen_island_area,,navigate_to_kitchen_island,[],[],,productivity
1240,3,place_pear_0,relocate,place_pear,[],[],False,productivity
1249,0,move_to_bottle_0,,move_to,[],[],,productivity
1249,1,pick_bottle_0,fetch,cardboardbox_spoon,[],[],False,productivity
1249,2,move_to_kitchen_island_area,,navigate_to_kitchen_island,[],[],,productivity
1249,3,place_bottle_0,relocate,place_spoon,"[""1982:3"",""1454:3""]","[""relocate""]",True,productivity
1256,0,place_cup_on_rack,relocate,place_plate_on_kitchen_island,"[""1484:1""]","[""relocate""]",True,productivity
1259,0,move_bread_to_kitchen_island,relocate,place_bread_on_bowl,"[""2519:2"",""5838:2""]","[""relocate""]",True,productivity
1265,0,get_pear_1_to_kitchen_island_area,fetch,fetch_pear_from_cabinet,[],[],False,productivity
1265,1,get_knife_0_to_kitchen_island_area,fetch,navigate_to_kitchen_island,[],[],False,productivity
1265,2,cut_pear_1_with_knife_0,state_change,cut_with_knife,"[""2255:2"",""782:2""]","[""state_change""]",True,productivity
1266,0,move_to_kitchen_work_area,,move_to_cabinet,[],[],,productivity
1266,1,pick_apple_0,fetch,fetch_apple,[],[],False,productivity
1266,2,move_to_kitchen_island_area,,navigate_to_kitchen_island,[],[],,productivity
1266,3,place_apple_0,relocate,place_pear,[],[],False,productivity
1271,0,find_banana_0,fetch,fetch_banana,"[""2804:1""]","[""relocate""]",False,productivity
1271,1,find_banana_1,fetch,fetch_banana,[],[],False,productivity
1271,2,find_banana_2,fetch,fetch_banana,[],[],False,productivity
1271,3,find_bowl_0,fetch,fetch_bowl,[],[],False,productivity
1271,4,find_bowl_2,fetch,fetch_bowl,[],[],False,productivity
1271,5,place_banana_on_bowl,relocate,place_banana,[],[],False,productivity
1273,0,inspect_table,state_change,inspect_table,[],[],False,productivity
1273,1,check_for_pear,state_change,fetch_pear_from_cabinet,[],[],False,productivity
1273,2,check_for_tomato,state_change,fetch_tomato_from_cabinet,"[""2240:1""]","[""relocate""]",False,productivity
1273,3,fetch_pear_if_missing,fetch,fetch_pear,"[""6061:1""]","[""relocate""]",False,productivity
1273,4,fetch_tomato_if_missing,fetch,fetch_tomato,"[""4075:1"",""4469:1""]","[""relocate""]",False,productivity
1288,0,move_tomato_to_kitchen_island_area,relocate,fetch_tomato_from_cabinet,"[""2240:1""]","[""relocate""]",True,productivity
1292,0,find_absent_fruit,fetch,check_fruit_location,[],[],False,productivity
1292,1,go_to_fruit_location,,check_fruit_location,[],[],,productivity
1292,2,pick_up_fruit,fetch,fetch_and_place_fruit,"[""123:1"",""3066:1""]","[""relocate""]",False,productivity
1292,3,bring_fruit_to_table,relocate,place_fruit_on_table,"[""4135:1""]","[""relocate""]",True,productivity
1299,0,find_wine_0,fetch,fetch_tomato,"[""4075:1"",""4469:1""]","[""relocate""]",False,productivity
1299,1,move_to_rack,,move_to,[],[],,productivity
1299,2,place_wine_on_rack,relocate,place_fruit_on_table,"[""4135:1""]","[""relocate""]",True,productivity
1301,0,check_table_for_apple,state_change,place_apple_on_table,[],[],False,productivity
1301,1,check_table_for_banana,state_change,check_table_fruits,[],[],False,productivity
1301,2,retrieve_missing_apple,fetch,fetch_apple_from_cabinet,[],[],False,productivity
1301,3,retrieve_missing_banana,fetch,fetch_banana,"[""2804:1""]","[""relocate""]",False,productivity
1301,4,check_cabinet_for_apple,state_change,fetch_apple_from_cabinet,[],[],False,productivity
1301,5,check_cabinet_for_banana,state_change,fetch_fruit_from_cabinet,[],[],False,productivity
1310,0,pick_scissors_0,fetch,cut_with_knife,"[""2255:2"",""782:2""]","[""state_change""]",False,productivity
1310,1,move_to_kitchen_work_area,,move_to_cabinet,[],[],,productivity
1310,2,place_scissors_0,relocate,cut_with_knife,[],[],False,productivity
1312,0,pick_pear_1,fetch,place_pear,[],[],False,productivity
1312,1,place_pear_on_wooden_cutting_board_2,relocate,place_pear_on_table,[],[],False,productivity
1312,2,pick_knife_0,fetch,cut_with_knife,"[""2255:2"",""782:2""]","[""state_change""]",False,productivity
1312,3,cut_pear_with_knife,state_change,cut_with_knife,[],[],False,productivity
1316,0,observe_peach_on_table,,place_peach_on_table,[],[],,productivity
1316,1,observe_banana_on_table,,place_fruit_on_table,"[""4135:1""]","[""relocate""]",,productivity
1316,2,check_peach_availability,state_change,fetch_peach,[],[],False,productivity
1316,3,check_banana_availability,state_change,fetch_banana,"[""2804:1""]","[""relocate""]",False,productivity
1316,4,fetch_peach_from_location,fetch,fetch_peach,[],[],False,productivity
1316,5,fetch_banana_from_location,fetch,fetch_banana,[],[],False,productivity
1316,6,place_peach_on_table,relocate,place_peach_on_table,[],[],False,productivity
1316,7,place_banana_on_table,relocate,place_fruit_on_table,[],[],False,productivity
1318,0,find_banana_0,fetch,fetch_banana,"[""2804:1""]","[""relocate""]",False,productivity
1318,1,find_plate_2,fetch,place_plate,"[""3266:2"",""5679:2""]","[""relocate""]",False,productivity
1318,2,serve_banana_on_plate,relocate,place_on_plate,"[""5169:2""]","[""relocate""]",True,productivity
1322,0,find_apple_0,fetch,fetch_apple,[],[],False,productivity
1322,1,find_wooden_cutting_board_2,fetch,cut_with_knife,"[""2255:2"",""782:2""]","[""state_change""]",False,productivity
1322,2,place_apple_on_wooden_cutting_board,relocate,place_apple_on_table,[],[],False,productivity
1322,3,find_knife_0,fetch,cut_with_knife,[],[],False,productivity
1322,4,cut_apple_with_knife,state_change,cut_with_knife,[],[],False,productivity
1329,0,move_to_bottle_0,,move_to,[],[],,productivity
1329,1,pick_bottle_0,fetch,cardboardbox_spoon,[],[],False,productivity
1329,2,move_to_kitchen_work_area,,move_to_cabinet,[],[],,productivity
1329,3,place_bottle_0,relocate,place_spoon,"[""1982:3"",""1454:3""]","[""relocate""]",True,productivity
1331,0,get_knife_0_from_kitchen_work_area,fetch,cut_with_knife,"[""2255:2"",""782:2""]","[""state_change""]",False,productivity
1331,1,get_pear_1_from_kitchen_work_area,fetch,fetch_pear_from_cabinet,[],[],False,productivity
1331,2,place_pear_1_on_wooden_cutting_board_2,relocate,place_pear_on_table,[],[],False,productivity
1331,3,slice_pear_1_with_knife_0,state_change,cut_with_knife,[],[],False,productivity
1343,0,move_to_kettle_0,,move_to,[],[],,productivity
1343,1,pick_kettle_0,fetch,cardboardbox_spoon,[],[],False,productivity
1343,2,move_to_rack,,move_to,[],[],,productivity
1343,3,place_kettle_on_rack,relocate,place_plate_on_kitchen_island,"[""1484:1""]","[""relocate""]",True,productivity
1346,0,check_table_for_peach,state_change,check_table_fruits,[],[],False,productivity
1346,1,check_table_for_tomato,state_change,check_table_fruits,[],[],False,productivity
1346,2,retrieve_peach_if_missing,fetch,fetch_peach_from_cabinet,[],[],False,productivity
1346,3,retrieve_tomato_if_missing,fetch,fetch_tomato_from_cabinet,"[""2240:1""]","[""relocate""]",False,productivity
1348,0,check_fork_route_length,state_change,navigate_and_reach,[],[],False,productivity
1348,1,enclose_fork_in_cardboardbox,,cardboardbox_object,"[""2919:1"",""4773:1""]","[""state_change""]",,productivity
1348,2,transfer_cardboardbox,relocate,move_cardboardbox,"[""4873:1""]","[""state_change""]",False,productivity
1348,3,retrieve_fork_from_cardboardbox,fetch,cardboardbox_object,[],[],False,productivity
1354,0,scan_table_for_fruits,,scan_table_for_fruits,[],[],,productivity
1354,1,check_cabinet_for_fruits,state_change,fetch_fruit_from_cabinet,[],[],False,productivity
1354,2,place_fruits_on_table,relocate,place_fruit_on_table,"[""4135:1""]","[""relocate""]",True,productivity
1358,0,move_peach_to_sink,relocate,place_peach_on_table,[],[],False,productivity
1358,1,check_route_length,state_change,navigate_and_reach,[],[],False,productivity
1358,2,enclose_peach_in_cardboardbox,,place_peach_on_table,[],[],,productivity
1358,3,transfer_cardboardbox,relocate,move_cardboardbox,"[""4873:1""]","[""state_change""]",False,productivity
1358,4,retrieve_peach_from_cardboardbox,fetch,fetch_peach_from_cabinet,[],[],False,productivity
1360,0,move_to_meat_0,,move_to,[],[],,productivity
1360,1,pick_meat_0,fetch,cut_with_knife,"[""2255:2"",""782:2""]","[""state_change""]",False,productivity
1360,2,move_to_kitchen_island_area,,navigate_to_kitchen_island,[],[],,productivity
1360,3,place_meat_0,relocate,place_bread,[],[],False,productivity
1362,0,move_to_cooling_fan_0,,move_to,[],[],,productivity
1362,1,pick_up_cooling_fan_0,fetch,inspect_oven,"[""1959:1"",""1979:1""]","[""state_change""]",False,productivity
1362,2,move_to_kitchen_work_area,,move_to_cabinet,[],[],,productivity
1362,3,place_cooling_fan_0,relocate,place_plate,"[""3266:2"",""5679:2""]","[""relocate""]",True,productivity
1364,0,move_to_cardboardbox_0,,move_cardboardbox,"[""4873:1""]","[""state_change""]",,productivity
1364,1,pick_up_cardboardbox_0,fetch,cardboardbox_spoon,[],[],False,productivity
1364,2,move_to_kitchen_island_area,,navigate_to_kitchen_island,[],[],,productivity
1364,3,place_cardboardbox_0,relocate,move_cardboardbox,[],[],False,productivity
1365,0,find_apple_0,fetch,fetch_apple,[],[],False,productivity
1365,1,find_wooden_cutting_board_2,fetch,cut_with_knife,"[""2255:2"",""782:2""]","[""state_change""]",False,productivity
1365,2,place_apple_on_wooden_cutting_board,relocate,place_apple_on_table,[],[],False,productivity
1365,3,find_knife_0,fetch,cut_with_knife,[],[],False,productivity
1365,4,cut_apple_with_knife,state_change,cut_with_knife,[],[],False,productivity
1366,0,get_apple_from_kitchen_island_area,fetch,fetch_apple_from_cabinet,[],[],False,productivity
1366,1,place_apple_on_wooden_cutting_board,relocate,place_apple_on_table,[],[],False,productivity
1366,2,get_knife_from_kitchen_island_area,fetch,navigate_to_kitchen_island,[],[],False,productivity
1366,3,cut_apple_with_knife,state_change,cut_with_knife,"[""2255:2"",""782:2""]","[""state_change""]",True,productivity
1370,0,pick_up_bottle_0,fetch,cardboardbox_spoon,[],[],False,productivity
1370,1,place_bottle_on_rack,relocate,place_on_plate,"[""5169:2""]","[""relocate""]",True,productivity
1372,0,move_to_pumpkin_0,,move_to_pear,[],[],,productivity
1372,1,pick_up_pumpkin_0,fetch,fetch_banana,"[""2804:1""]","[""relocate""]",False,productivity
1372,2,move_to_kitchen_island,,navigate_to_kitchen_island,[],[],,productivity
1372,3,place_pumpkin_0_on_kitchen_island,relocate,place_plate_on_kitchen_island,"[""1484:1""]","[""relocate""]",True,productivity
1377,0,glance_at_table,,inspect_table,[],[],,productivity
1377,1,check_for_pear,state_change,fetch_pear_from_cabinet,[],[],False,productivity
1377,2,check_for_tomato,state_change,fetch_tomato_from_cabinet,"[""2240:1""]","[""relocate""]",False,productivity
1377,3,retrieve_missing_pear,fetch,fetch_pear_from_cabinet,[],[],False,productivity
1377,4,retrieve_missing_tomato,fetch,fetch_tomato_from_cabinet,[],[],False,productivity
1377,5,check_cabinet_for_pear,state_change,fetch_pear_from_cabinet,[],[],False,productivity
1377,6,check_cabinet_for_tomato,state_change,fetch_tomato_from_cabinet,[],[],False,productivity
1382,0,check_table_for_pear,state_change,check_table_fruits,[],[],False,productivity
1382,1,check_table_for_banana,state_change,check_table_fruits,[],[],False,productivity
1382,2,retrieve_missing_pear,fetch,fetch_pear_from_cabinet,[],[],False,productivity
1382,3,retrieve_missing_banana,fetch,fetch_banana,"[""2804:1""]","[""relocate""]",False,productivity
1382,4,check_cabinet_for_pear,state_change,fetch_pear_from_cabinet,[],[],False,productivity
1382,5,check_cabinet_for_banana,state_change,fetch_fruit_from_cabinet,[],[],False,productivity
1383,0,get_wooden_cutting_board_2,fetch,cut_with_knife,"[""2255:2"",""782:2""]","[""state_change""]",False,productivity
1383,1,get_pear_1,fetch,fetch_pear,"[""6061:1""]","[""relocate""]",False,productivity
1383,2,place_pear_on_wooden_cutting_board,relocate,place_pear_on_table,[],[],False,productivity
1383,3,get_knife_0,fetch,cut_with_knife,[],[],False,productivity
1383,4,cut_pear_with_knife,state_change,cut_with_knife,[],[],False,productivity
1387,0,move_to_pear_1,,move_to_pear,[],[],,productivity
1387,1,move_to_wooden_cutting_board_2,,move_to_cabinet,[],[],,productivity
1387,2,place_pear_on_wooden_cutting_board,relocate,place_pear_on_table,[],[],False,productivity
1387,3,move_to_knife_0,,cut_with_knife,"[""2255:2"",""782:2""]","[""state_change""]",,productivity
1387,4,slice_pear_with_knife,state_change,cut_with_knife,[],[],False,productivity
1390,0,check_table_for_peach,state_change,check_table_fruits,[],[],False,productivity
1390,1,check_table_for_banana,state_change,check_table_fruits,[],[],False,productivity
1390,2,retrieve_peach_if_missing,fetch,fetch_peach_from_cabinet,[],[],False,productivity
1390,3,retrieve_banana_if_missing,fetch,fetch_banana,"[""2804:1""]","[""relocate""]",False,productivity
1391,0,inspect_table_for_fruits,state_change,check_table_fruits,[],[],False,productivity
1391,1,check_if_apple_is_missing,state_change,fetch_apple_from_cabinet,[],[],False,productivity
1391,2,check_if_banana_is_missing,state_change,fetch_banana,"[""2804:1""]","[""relocate""]",False,productivity
1391,3,fetch_missing_apple,fetch,fetch_apple,[],[],False,productivity
1391,4,fetch_missing_banana,fetch,fetch_banana,[],[],False,productivity
1391,5,place_missing_fruit_on_table,relocate,place_fruit_on_table,"[""4135:1""]","[""relocate""]",True,productivity
1392,0,move_peach_to_wooden_cutting_board,relocate,place_peach_on_table,[],[],False,productivity
1392,1,move_knife_to_wooden_cutting_board,relocate,cut_with_knife,"[""2255:2"",""782:2""]","[""state_change""]",False,productivity
1392,2,cut_peach_with_knife,state_change,cut_with_knife,[],[],False,productivity
1396,0,move_scissors_to_kitchen_island_area,relocate,navigate_to_kitchen_island,[],[],False,productivity
1404,0,pick_pear_0_from_r1,fetch,fetch_pear_from_cabinet,[],[],False,productivity
1404,1,check_distance_to_sink_2,state_change,inspect_location,"[""2581:1"",""2650:1""]","[""state_change""]",True,productivity
1404,2,place_pear_0_into_cardboardbox_1,relocate,move_cardboardbox,"[""4873:1""]","[""state_change""]",False,productivity
1404,3,move_cardboardbox_1_to_sink_2,relocate,move_cardboardbox,[],[],False,productivity
1404,4,retrieve_pear_0_from_cardboardbox_1,fetch,fetch_pear_from_cabinet,[],[],False,productivity
1404,5,place_pear_0_on_sink_2,relocate,place_pear_on_table,[],[],False,productivity
1408,0,inspect_table_for_peach,state_change,place_peach_on_table,[],[],False,productivity
1408,1,inspect_table_for_tomato,state_change,inspect_table,[],[],False,productivity
1408,2,find_missing_peach,fetch,fetch_peach_from_cabinet,[],[],False,productivity
1408,3,find_missing_tomato,fetch,fetch_tomato_from_cabinet,"[""2240:1""]","[""relocate""]",False,productivity
1408,4,retrieve_peach_from_location,fetch,fetch_peach_from_cabinet,[],[],False,productivity
1408,5,retrieve_tomato_from_location,fetch,fetch_tomato_from_cabinet,[],[],False,productivity
1408,6,place_peach_on_table,relocate,place_peach_on_table,[],[],False,productivity
1408,7,place_tomato_on_table,relocate,load_tomato_into_plate,[],[],False,productivity
1412,0,move_to_scissors_0,,cut_with_knife,"[""2255:2"",""782:2""]","[""state_change""]",,productivity
1412,1,pick_scissors_0,fetch,cut_with_knife,[],[],False,productivity
1412,2,move_to_kitchen_island_area,,navigate_to_kitchen_island,[],[],,productivity
1412,3,place_scissors_0,relocate,cut_with_knife,[],[],False,productivity
1418,0,glance_at_table,,inspect_table,[],[],,productivity
1418,1,check_for_peach,state_change,fetch_peach,[],[],False,productivity
1418,2,check_for_tomato,state_change,fetch_tomato_from_cabinet,"[""2240:1""]","[""relocate""]",False,productivity
1418,3,retrieve_missing_peach,fetch,fetch_peach_from_cabinet,[],[],False,productivity
1418,4,retrieve_missing_tomato,fetch,fetch_tomato_from_cabinet,[],[],False,productivity
1418,5,check_cabinet_for_peach,state_change,fetch_peach_from_cabinet,[],[],False,productivity
1418,6,check_cabinet_for_tomato,state_change,fetch_tomato_from_cabinet,[],[],False,productivity
1423,0,find_banana_0,fetch,fetch_banana,"[""2804:1""]","[""relocate""]",False,productivity
1423,1,find_banana_1,fetch,fetch_banana,[],[],False,productivity
1423,2,find_banana_2,fetch,fetch_banana,[],[],False,productivity
1423,3,open_cabinet_1,state_change,open_cabinet,"[""1059:0"",""1531:0""]","[""state_change""]",True,productivity
1423,4,find_banana_0,fetch,fetch_banana,[],[],False,productivity
1423,5,find_banana_1,fetch,fetch_banana,[],[],False,productivity
1423,6,find_banana_2,fetch,fetch_banana,[],[],False,productivity
1423,7,pick_banana_0,fetch,fetch_banana,[],[],False,productivity
1423,8,pick_banana_1,fetch,fetch_banana,[],[],False,productivity
1423,9,pick_banana_2,fetch,place_banana,[],[],False,productivity
1423,10,find_bowl_0,fetch,fetch_bowl,[],[],False,productivity
1423,11,find_bowl_2,fetch,fetch_bowl,[],[],False,productivity
1423,12,place_banana_in_bowl,relocate,place_banana,[],[],False,productivity
1424,0,move_pear_to_sink,relocate,move_to_pear,[],[],False,productivity
1424,1,check_route_length,state_change,navigate_and_reach,[],[],False,productivity
1424,2,enclose_pear_in_cardboardbox,,fetch_pear_from_cabinet,[],[],,productivity
1424,3,transfer_cardboardbox,relocate,move_cardboardbox,"[""4873:1""]","[""state_change""]",False,productivity
1424,4,retrieve_pear_from_cardboardbox,fetch,fetch_pear_from_cabinet,[],[],False,productivity
1425,0,get_peach_from_r1,fetch,fetch_peach_from_cabinet,[],[],False,productivity
1425,1,check_distance_to_sink,state_change,inspect_location,"[""2581:1"",""2650:1""]","[""state_change""]",True,productivity
1425,2,put_peach_in_cardboardbox,relocate,place_peach_on_table,[],[],False,productivity
1425,3,move_cardboardbox_to_sink,relocate,move_cardboardbox,"[""4873:1""]","[""state_change""]",False,productivity
1425,4,get_peach_from_cardboardbox,fetch,fetch_peach_from_cabinet,[],[],False,productivity
1426,0,move_to_kitchen_island_area,,navigate_to_kitchen_island,[],[],,productivity
1426,1,pick_bread_0,fetch,place_bread,[],[],False,productivity
1426,2,move_to_kitchen_work_area,,move_to_cabinet,[],[],,productivity
1426,3,place_bread_0,relocate,place_bread,[],[],False,productivity
1427,0,move_cardboardbox_to_kitchen_island,relocate,move_cardboardbox,"[""4873:1""]","[""state_change""]",False,productivity
1437,0,inspect_table_for_apple,state_change,inspect_table,[],[],False,productivity
1437,1,inspect_table_for_tomato,state_change,inspect_table,[],[],False,productivity
1437,2,find_missing_tomato,fetch,fetch_tomato_from_cabinet,"[""2240:1""]","[""relocate""]",False,productivity
1437,3,retrieve_tomato_from_location,fetch,fetch_tomato_from_cabinet,[],[],False,productivity
1437,4,place_tomato_on_table,relocate,load_tomato_into_plate,[],[],False,productivity
1438,0,find_apple_0,fetch,fetch_apple,[],[],False,productivity
1438,1,move_to_kitchen_island_area,,navigate_to_kitchen_island,[],[],,productivity
1438,2,place_apple_on_plate_2,relocate,place_apple_on_table,[],[],False,productivity
1445,0,inspect_table_for_pear,state_change,place_pear_on_table,[],[],False,productivity
1445,1,inspect_table_for_tomato,state_change,inspect_table,[],[],False,productivity
1445,2,find_missing_pear,fetch,fetch_pear_from_cabinet,[],[],False,productivity
1445,3,find_missing_tomato,fetch,fetch_tomato_from_cabinet,"[""2240:1""]","[""relocate""]",False,productivity
1445,4,retrieve_pear_from_location,fetch,fetch_pear_from_cabinet,[],[],False,productivity
1445,5,retrieve_tomato_from_location,fetch,fetch_tomato_from_cabinet,[],[],False,productivity
1445,6,place_pear_on_table,relocate,place_pear_on_table,[],[],False,productivity
1445,7,place_tomato_on_table,relocate,load_tomato_into_plate,[],[],False,productivity
1446,0,scan_table_for_fruits,,scan_table_for_fruits,[],[],,productivity
1446,1,check_cabinet_for_fruits,state_change,fetch_fruit_from_cabinet,[],[],False,productivity
1446,2,place_fruits_on_table,relocate,place_fruit_on_table,"[""4135:1""]","[""relocate""]",True,productivity
1454,0,move_wine_to_kitchen_work_area,relocate,move_to_cabinet,[],[],False,productivity
1455,0,get_pear_1,fetch,fetch_pear,"[""6061:1""]","[""relocate""]",False,productivity
1455,1,place_pear_on_wooden_cutting_board_2,relocate,place_pear_on_table,[],[],False,productivity
1455,2,get_knife_0,fetch,cut_with_knife,"[""2255:2"",""782:2""]","[""state_change""]",False,productivity
1455,3,slice_pear_with_knife_0,state_change,cut_with_knife,[],[],False,productivity
1458,0,move_to_kitchen_island_area,,navigate_to_kitchen_island,[],[],,productivity
1458,1,pick_tomato_0,fetch,place_tomato,[],[],False,productivity
1458,2,place_tomato_0_on_kitchen_work_area,relocate,fetch_tomato_from_cabinet,"[""2240:1""]","[""relocate""]",True,productivity
1462,0,pick_pear_0,fetch,place_pear,[],[],False,productivity
1462,1,place_pear_on_rack,relocate,place_pear_on_table,[],[],False,productivity
1464,0,inspect_table_for_peach,state_change,place_peach_on_table,[],[],False,productivity
1464,1,inspect_table_for_tomato,state_change,inspect_table,[],[],False,productivity
1464,2,find_missing_peach,fetch,fetch_peach_from_cabinet,[],[],False,productivity
1464,3,find_missing_tomato,fetch,fetch_tomato_from_cabinet,"[""2240:1""]","[""relocate""]",False,productivity
1464,4,retrieve_peach_from_location,fetch,fetch_peach_from_cabinet,[],[],False,productivity
1464,5,retrieve_tomato_from_location,fetch,fetch_tomato_from_cabinet,[],[],False,productivity
1464,6,place_peach_on_table,relocate,place_peach_on_table,[],[],False,productivity
1464,7,place_tomato_on_table,relocate,load_tomato_into_plate,[],[],False,productivity
1465,0,pick_pear_1,fetch,place_pear,[],[],False,productivity
1465,1,place_pear_on_wooden_cutting_board_2,relocate,place_pear_on_table,[],[],False,productivity
1465,2,pick_knife_0,fetch,cut_with_knife,"[""2255:2"",""782:2""]","[""state_change""]",False,productivity
1465,3,cut_pear_with_knife,state_change,cut_with_knife,[],[],False,productivity
1471,0,move_tomato_to_kitchen_work_area,relocate,fetch_tomato_from_cabinet,"[""2240:1""]","[""relocate""]",True,productivity
1476,0,inspect_table_for_pear,state_change,place_pear_on_table,[],[],False,productivity
1476,1,inspect_table_for_tomato,state_change,inspect_table,[],[],False,productivity
1476,2,fetch_missing_pear,fetch,fetch_pear,"[""6061:1""]","[""relocate""]",False,productivity
1476,3,fetch_missing_tomato,fetch,fetch_tomato,"[""4075:1"",""4469:1""]","[""relocate""]",False,productivity
1476,4,place_pear_on_table,relocate,place_pear_on_table,[],[],False,productivity
1476,5,place_tomato_on_table,relocate,load_tomato_into_plate,[],[],False,productivity
1477,0,get_peach_1_to_wooden_cutting_board_2,fetch,place_peach_on_table,[],[],False,productivity
1477,1,get_knife_0_to_wooden_cutting_board_2,fetch,cut_with_knife,"[""2255:2"",""782:2""]","[""state_change""]",False,productivity
1477,2,cut_peach_1_with_knife_0,state_change,cut_with_knife,[],[],False,productivity
1479,0,move_plate_0_to_kitchen_work_area,relocate,place_plate_on_kitchen_island,"[""1484:1""]","[""relocate""]",True,productivity
1480,0,find_bread_0,fetch,fetch_bread,"[""1488:1"",""2686:1""]","[""relocate""]",False,productivity
1480,1,find_bread_1,fetch,fetch_bread,[],[],False,productivity
1480,2,find_bread_2,fetch,fetch_bread,[],[],False,productivity
1480,3,find_bowl_0,fetch,fetch_bowl,[],[],False,productivity
1480,4,find_bowl_2,fetch,fetch_bowl,[],[],False,productivity
1480,5,put_bread_on_bowl,relocate,place_bread_on_bowl,"[""2519:2"",""5838:2""]","[""relocate""]",True,productivity
1491,0,move_to_kitchen_island_area,,navigate_to_kitchen_island,[],[],,productivity
1491,1,pick_cup_0,fetch,cardboardbox_spoon,[],[],False,productivity
1491,2,move_to_kitchen_work_area,,move_to_cabinet,[],[],,productivity
1491,3,place_cup_0,relocate,place_bowl,"[""4764:1""]","[""relocate""]",True,productivity
1494,0,find_bread_0,fetch,fetch_bread,"[""1488:1"",""2686:1""]","[""relocate""]",False,productivity
1494,1,find_bread_1,fetch,fetch_bread,[],[],False,productivity
1494,2,find_bread_2,fetch,fetch_bread,[],[],False,productivity
1494,3,find_bowl_0,fetch,fetch_bowl,[],[],False,productivity
1494,4,find_bowl_2,fetch,fetch_bowl,[],[],False,productivity
1494,5,place_bread_on_bowl,relocate,place_bread_on_bowl,"[""2519:2"",""5838:2""]","[""relocate""]",True,productivity
1496,0,pick_pear_1,fetch,place_pear,[],[],False,productivity
1496,1,place_pear_on_wooden_cutting_board_2,relocate,place_pear_on_table,[],[],False,productivity
1496,2,pick_knife_0,fetch,cut_with_knife,"[""2255:2"",""782:2""]","[""state_change""]",False,productivity
1496,3,carve_pear_with_knife,,cut_with_knife,[],[],,productivity
1507,0,get_peach_1,fetch,fetch_peach,[],[],False,productivity
1507,1,place_peach_on_wooden_cutting_board_2,relocate,place_peach_on_table,[],[],False,productivity
1507,2,get_knife_0,fetch,cut_with_knife,"[""2255:2"",""782:2""]","[""state_change""]",False,productivity
1507,3,slice_peach_with_knife,state_change,fetch_peach_from_cabinet,[],[],False,productivity
1513,0,move_to_pizza_0,,move_to,[],[],,productivity
1513,1,pick_pizza_0,fetch,place_tomato,[],[],False,productivity
1513,2,move_to_kitchen_island_area,,navigate_to_kitchen_island,[],[],,productivity
1513,3,place_pizza_0,relocate,place_tomato,[],[],False,productivity
1517,0,pick_pizza_0,fetch,place_tomato,[],[],False,productivity
1517,1,place_pizza_on_rack,relocate,place_on_plate,"[""5169:2""]","[""relocate""]",True,productivity
1527,0,load_pumpkin_into_cardboardbox,relocate,cardboardbox_object,"[""2919:1"",""4773:1""]","[""state_change""]",False,productivity
1527,1,transport_cardboardbox,,move_cardboardbox,"[""4873:1""]","[""state_change""]",,productivity
1527,2,unload_pumpkin_from_cardboardbox,,cardboardbox_spoon,[],[],,productivity
1527,3,deliver_pumpkin_to_sink,relocate,fetch_tomato_from_cabinet,"[""2240:1""]","[""relocate""]",True,productivity
1528,0,move_peach_to_sink,relocate,place_peach_on_table,[],[],False,productivity
1528,1,check_route_length,state_change,navigate_and_reach,[],[],False,productivity
1528,2,enclose_peach_in_cardboardbox,,place_peach_on_table,[],[],,productivity
1528,3,transfer_cardboardbox,relocate,move_cardboardbox,"[""4873:1""]","[""state_change""]",False,productivity
1528,4,retrieve_peach_from_cardboardbox,fetch,fetch_peach_from_cabinet,[],[],False,productivity
1531,0,find_banana_0,fetch,fetch_banana,"[""2804:1""]","[""relocate""]",False,productivity
1531,1,find_banana_1,fetch,fetch_banana,[],[],False,productivity
1531,2,find_banana_2,fetch,fetch_banana,[],[],False,productivity
1531,3,find_apple_0,fetch,fetch_apple,[],[],False,productivity
1531,4,find_apple_1,fetch,fetch_apple,[],[],False,productivity
1531,5,pick_banana,fetch,place_banana,[],[],False,productivity
1531,6,place_banana_on_table,relocate,place_fruit_on_table,"[""4135:1""]","[""relocate""]",True,productivity
1532,0,pick_spoon_0_from_r3,fetch,place_spoon,"[""1454:3"",""4367:3""]","[""relocate""]",False,productivity
1532,1,place_spoon_0_in_cardboardbox_1,relocate,cardboardbox_spoon,[],[],False,productivity
1532,2,move_cardboardbox_1_to_sink_2,relocate,move_cardboardbox,"[""4873:1""]","[""state_change""]",False,productivity
1532,3,extract_spoon_0_from_cardboardbox_1,,cardboardbox_spoon,[],[],,productivity
1535,0,inspect_table_for_peach,state_change,place_peach_on_table,[],[],False,productivity
1535,1,inspect_table_for_tomato,state_change,inspect_table,[],[],False,productivity
1535,2,fetch_missing_peach,fetch,fetch_peach,[],[],False,productivity
1535,3,fetch_missing_tomato,fetch,fetch_tomato,"[""2966:1"",""6810:1""]","[""relocate""]",False,productivity
1535,4,place_peach_on_table,relocate,place_peach_on_table,[],[],False,productivity
1535,5,place_tomato_on_table,relocate,load_tomato_into_plate,[],[],False,productivity
1536,0,examine_table,,inspect_table,[],[],,productivity
1536,1,check_for_apple,state_change,fetch_apple,[],[],False,productivity
1536,2,check_for_banana,state_change,fetch_banana,"[""2804:1""]","[""relocate""]",False,productivity
1536,3,retrieve_missing_fruit,fetch,fetch_missing_fruit,[],[],False,productivity
1536,4,place_fruit_on_table,relocate,place_fruit_on_table,"[""4135:1""]","[""relocate""]",True,productivity
1540,0,move_cup_to_kitchen_island_area,relocate,place_plate_on_kitchen_island,"[""1484:1""]","[""relocate""]",True,productivity
1542,0,find_apple_0,fetch,fetch_apple,[],[],False,productivity
1542,1,find_bowl_0,fetch,fetch_bowl,[],[],False,productivity
1542,2,place_apple_in_bowl,relocate,place_apple_on_table,[],[],False,productivity
1550,0,move_to_kitchen_work_area,,move_to_cabinet,[],[],,productivity
1550,1,pick_apple_0,fetch,fetch_apple,[],[],False,productivity
1550,2,move_to_kitchen_island_area,,navigate_to_kitchen_island,[],[],,productivity
1550,3,place_apple_0,relocate,place_pear,[],[],False,productivity
1551,0,move_to_cardboardbox_0,,move_cardboardbox,"[""4873:1""]","[""state_change""]",,productivity
1551,1,pick_up_cardboardbox_0,fetch,cardboardbox_spoon,[],[],False,productivity
1551,2,move_to_rack,,move_to,[],[],,productivity
1551,3,place_cardboardbox_0_on_rack,relocate,move_cardboardbox,[],[],False,productivity
1559,0,get_peach_1,fetch,fetch_peach,[],[],False,productivity
1559,1,get_wooden_cutting_board_2,fetch,cut_with_knife,"[""2255:2"",""782:2""]","[""state_change""]",False,productivity
1559,2,place_peach_on_wooden_cutting_board,relocate,place_peach_on_table,[],[],False,productivity
1559,3,get_knife_0,fetch,cut_with_knife,[],[],False,productivity
1559,4,cut_peach_with_knife,state_change,cut_with_knife,[],[],False,productivity
1564,0,move_wine_to_kitchen_island_area,relocate,place_plate_on_kitchen_island,"[""1484:1""]","[""relocate""]",True,productivity
1567,0,inspect_table_for_apple,state_change,inspect_table,[],[],False,productivity
1567,1,inspect_table_for_tomato,state_change,inspect_table,[],[],False,productivity
1567,2,find_missing_apple,fetch,fetch_apple_from_cabinet,[],[],False,productivity
1567,3,retrieve_apple_from_location,fetch,fetch_apple_from_cabinet,[],[],False,productivity
1567,4,place_apple_on_table,relocate,place_apple_on_table,[],[],False,productivity
1568,0,move_spoon_to_kitchen_island_area,relocate,place_spoon,"[""1982:3"",""1454:3""]","[""relocate""]",True,productivity
1571,0,move_to_apple_1,,move_to_pear,[],[],,productivity
1571,1,pick_apple_1,fetch,fetch_apple,[],[],False,productivity
1571,2,move_to_wooden_cutting_board_2,,move_to_cabinet,[],[],,productivity
1571,3,place_apple_on_wooden_cutting_board,relocate,place_apple_on_table,[],[],False,productivity
1571,4,move_to_knife_0,,cut_with_knife,"[""2255:2"",""782:2""]","[""state_change""]",,productivity
1571,5,pick_knife_0,fetch,cut_with_knife,[],[],False,productivity
1571,6,slice_apple_with_knife,state_change,cut_with_knife,[],[],False,productivity
1574,0,move_peach_to_wooden_cutting_board,relocate,place_peach_on_table,[],[],False,productivity
1574,1,slice_peach_with_knife,state_change,fetch_peach_from_cabinet,[],[],False,productivity
1583,0,move_to_kitchen_island_area,,navigate_to_kitchen_island,[],[],,productivity
1583,1,move_to_kitchen_work_area,,move_to_cabinet,[],[],,productivity
1583,2,move_to_wooden_cutting_board_2,,move_to_cabinet,[],[],,productivity
1583,3,cut_peach_with_knife,state_change,cut_with_knife,"[""2255:2"",""782:2""]","[""state_change""]",True,productivity
1585,0,move_peach_to_wooden_cutting_board,relocate,place_peach_on_table,[],[],False,productivity
1585,1,slice_peach_with_knife,state_change,fetch_peach_from_cabinet,[],[],False,productivity
1598,0,get_apple_from_kitchen_island_area,fetch,fetch_apple_from_cabinet,[],[],False,productivity
1598,1,place_apple_on_wooden_cutting_board,relocate,place_apple_on_table,[],[],False,productivity
1598,2,get_knife_from_kitchen_island_area,fetch,navigate_to_kitchen_island,[],[],False,productivity
1598,3,cut_apple_with_knife,state_change,cut_with_knife,"[""2255:2"",""782:2""]","[""state_change""]",True,productivity
1601,0,move_to_kitchen_island_area,,navigate_to_kitchen_island,[],[],,productivity
1601,1,pick_apple_0,fetch,fetch_apple,[],[],False,productivity
1601,2,move_to_rack,,move_to,[],[],,productivity
1601,3,place_apple_0,relocate,place_pear,[],[],False,productivity
1602,0,find_bottle_0,fetch,fetch_bowl,[],[],False,productivity
1602,1,move_to_rack,,move_to,[],[],,productivity
1602,2,place_bottle_on_rack,relocate,place_on_plate,"[""5169:2""]","[""relocate""]",True,productivity
1603,0,move_to_kettle_0,,move_to,[],[],,productivity
1603,1,pick_kettle_0,fetch,cardboardbox_spoon,[],[],False,productivity
1603,2,move_to_kitchen_work_area,,move_to_cabinet,[],[],,productivity
1603,3,place_kettle_0,relocate,place_spoon,"[""1982:3"",""1454:3""]","[""relocate""]",True,productivity
1607,0,pick_up_bottle_0,fetch,cardboardbox_spoon,[],[],False,productivity
1607,1,place_bottle_on_rack,relocate,place_on_plate,"[""5169:2""]","[""relocate""]",True,productivity
1608,0,find_banana_0,fetch,fetch_banana,"[""2804:1""]","[""relocate""]",False,productivity
1608,1,find_plate_2,fetch,place_plate,"[""3266:2"",""5679:2""]","[""relocate""]",False,productivity
1608,2,place_banana_on_plate,relocate,place_on_plate,"[""5169:2""]","[""relocate""]",True,productivity
1609,0,move_to_apple_0,,move_to_pear,[],[],,productivity
1609,1,check_route_length,state_change,navigate_and_reach,[],[],False,productivity
1609,2,enclose_apple_in_cardboardbox,,cardboardbox_object,"[""2919:1"",""4773:1""]","[""state_change""]",,productivity
1609,3,move_cardboardbox_to_sink,relocate,move_cardboardbox,"[""4873:1""]","[""state_change""]",False,productivity
1609,4,retrieve_apple_from_cardboardbox,fetch,fetch_apple_from_cabinet,[],[],False,productivity
1609,5,move_apple_to_sink,relocate,place_apple_on_table,[],[],False,productivity
1613,0,get_peach_1,fetch,fetch_peach,[],[],False,productivity
1613,1,place_peach_on_wooden_cutting_board_2,relocate,place_peach_on_table,[],[],False,productivity
1613,2,get_knife_0,fetch,cut_with_knife,"[""2255:2"",""782:2""]","[""state_change""]",False,productivity
1613,3,cut_peach_with_knife_0,state_change,cut_with_knife,[],[],False,productivity
1619,0,inspect_cabinet_1,state_change,inspect_cabinet,"[""4848:0"",""5210:0""]","[""state_change""]",True,productivity
1619,1,inspect_kitchen_island_area,state_change,navigate_to_kitchen_island,[],[],False,productivity
1619,2,inspect_kitchen_work_area,state_change,inspect_cabinet,"[""1584:0"",""4126:0""]","[""state_change""]",True,productivity
1619,3,move_banana_to_plate,relocate,place_banana,[],[],False,productivity
1637,0,check_fork_to_sink_route,state_change,inspect_container,"[""5601:0""]","[""state_change""]",True,productivity
1637,1,decide_if_route_is_long,,navigate_and_reach,[],[],,productivity
1637,2,enclose_fork_in_cardboardbox,,cardboardbox_object,"[""2919:1"",""4773:1""]","[""state_change""]",,productivity
1637,3,transfer_cardboardbox,relocate,move_cardboardbox,"[""4873:1""]","[""state_change""]",False,productivity
1637,4,retrieve_fork_from_cardboardbox,fetch,cardboardbox_object,[],[],False,productivity
1644,0,get_peach_1,fetch,fetch_peach,[],[],False,productivity
1644,1,place_peach_on_wooden_cutting_board_2,relocate,place_peach_on_table,[],[],False,productivity
1644,2,get_knife_0,fetch,cut_with_knife,"[""2255:2"",""782:2""]","[""state_change""]",False,productivity
1644,3,slice_peach_with_knife,state_change,fetch_peach_from_cabinet,[],[],False,productivity
1651,0,pick_meat_0_from_r2,fetch,cut_with_knife,"[""2255:2"",""782:2""]","[""state_change""]",False,productivity
1651,1,check_distance_to_sink,state_change,inspect_location,"[""2581:1"",""2650:1""]","[""state_change""]",True,productivity
1651,2,place_meat_0_in_cardboardbox_1,relocate,move_cardboardbox,"[""4873:1""]","[""state_change""]",False,productivity
1651,3,move_cardboardbox_1_to_sink,relocate,move_cardboardbox,[],[],False,productivity
1651,4,retrieve_meat_0_from_cardboardbox_1,fetch,cardboardbox_object,"[""2919:1""]","[""state_change""]",False,productivity
1651,5,place_meat_0_in_sink_2,relocate,place_on_plate,[],[],False,productivity
1653,0,find_bread_0,fetch,fetch_bread,"[""1488:1"",""2686:1""]","[""relocate""]",False,productivity
1653,1,find_bread_1,fetch,fetch_bread,[],[],False,productivity
1653,2,find_bread_2,fetch,fetch_bread,[],[],False,productivity
1653,3,find_cabinet_1,fetch,check_cabinet,"[""2493:0"",""2511:0""]","[""state_change""]",False,productivity
1653,4,find_cabinet_2,fetch,check_cabinet,"[""2519:0"",""5838:0""]","[""state_change""]",False,productivity
1653,5,open_cabinet,state_change,open_cabinet,[],[],False,productivity
1653,6,take_bread_from_cabinet,fetch,fetch_bread_from_cabinet,[],[],False,productivity
1653,7,place_bread_on_bowl,relocate,place_bread_on_bowl,[],[],False,productivity
1657,0,inspect_table_for_pear,state_change,place_pear_on_table,[],[],False,productivity
1657,1,inspect_table_for_banana,state_change,check_table_fruits,[],[],False,productivity
1657,2,fetch_missing_pear,fetch,fetch_pear,"[""6061:1""]","[""relocate""]",False,productivity
1657,3,fetch_missing_banana,fetch,fetch_banana,"[""2804:1""]","[""relocate""]",False,productivity
1657,4,check_cabinet_for_pear,state_change,fetch_pear_from_cabinet,[],[],False,productivity
1657,5,check_cabinet_for_banana,state_change,fetch_fruit_from_cabinet,[],[],False,productivity
1657,6,place_pear_on_table,relocate,place_pear_on_table,[],[],False,productivity
1657,7,place_banana_on_table,relocate,place_fruit_on_table,"[""4135:1""]","[""relocate""]",True,productivity
1658,0,move_cooling_fan_to_kitchen_work_area,relocate,place_plate_on_kitchen_island,"[""1484:1""]","[""relocate""]",True,productivity
1659,0,pick_scissors_0,fetch,cut_with_knife,"[""2255:2"",""782:2""]","[""state_change""]",False,productivity
1659,1,place_scissors_on_kitchen_work_area,relocate,place_plate_on_kitchen_island,"[""1484:1""]","[""relocate""]",True,productivity
1660,0,find_absent_fruit,fetch,check_fruit_location,[],[],False,productivity
1660,1,go_to_fruit_location,,check_fruit_location,[],[],,productivity
1660,2,pick_up_fruit,fetch,fetch_and_place_fruit,"[""6467:1"",""646:1""]","[""relocate""]",False,productivity
1660,3,go_to_table,,move_to_table,"[""2918:1"",""3979:1""]","[""relocate""]",,productivity
1660,4,place_fruit_on_table,relocate,place_fruit_on_table,"[""4135:1""]","[""relocate""]",True,productivity
1661,0,move_to_apple_0,,move_to_pear,[],[],,productivity
1661,1,pick_apple_0,fetch,fetch_apple,[],[],False,productivity
1661,2,move_to_kitchen_island_area,,navigate_to_kitchen_island,[],[],,productivity
1661,3,place_apple_0,relocate,place_pear,[],[],False,productivity
1669,0,pick_pumpkin_0,fetch,place_peach,[],[],False,productivity
1669,1,place_pumpkin_on_kitchen_work_area,relocate,place_fruit_on_table,"[""4135:1""]","[""relocate""]",True,productivity
1683,0,move_to_scissors_0,,cut_with_knife,"[""2255:2"",""782:2""]","[""state_change""]",,productivity
1683,1,pick_scissors_0,fetch,cut_with_knife,[],[],False,productivity
1683,2,move_to_kitchen_island_area,,navigate_to_kitchen_island,[],[],,productivity
1683,3,place_scissors_0,relocate,cut_with_knife,[],[],False,productivity
1692,0,inspect_table,state_change,inspect_table,[],[],False,productivity
1692,1,check_for_peach,state_change,fetch_peach,[],[],False,productivity
1692,2,check_for_tomato,state_change,fetch_tomato_from_cabinet,"[""2240:1""]","[""relocate""]",False,productivity
1692,3,fetch_peach_if_missing,fetch,fetch_peach,[],[],False,productivity
1692,4,fetch_tomato_if_missing,fetch,fetch_tomato,"[""4075:1"",""4469:1""]","[""relocate""]",False,productivity
1695,0,move_to_kitchen_island_area,,navigate_to_kitchen_island,[],[],,productivity
1712,0,check_table_for_peach,state_change,check_table_fruits,[],[],False,productivity
1712,1,check_table_for_tomato,state_change,check_table_fruits,[],[],False,productivity
1712,2,retrieve_peach_if_missing,fetch,fetch_peach_from_cabinet,[],[],False,productivity
1712,3,retrieve_tomato_if_missing,fetch,fetch_tomato_from_cabinet,"[""2240:1""]","[""relocate""]",False,productivity
1717,0,inspect_cabinet_1,state_change,inspect_cabinet,"[""1257:0"",""4276:0""]","[""state_change""]",True,productivity
1717,1,move_bread_to_bowl,relocate,place_bread_on_bowl,"[""2519:2"",""5838:2""]","[""relocate""]",True,productivity
1720,0,get_wooden_cutting_board_2,fetch,cut_with_knife,"[""2255:2"",""782:2""]","[""state_change""]",False,productivity
1720,1,get_pear_1,fetch,fetch_pear,"[""6061:1""]","[""relocate""]",False,productivity
1720,2,place_pear_on_wooden_cutting_board,relocate,place_pear_on_table,[],[],False,productivity
1720,3,get_knife_0,fetch,cut_with_knife,[],[],False,productivity
1720,4,cut_pear_with_knife,state_change,cut_with_knife,[],[],False,productivity
1721,0,move_spoon_to_kitchen_work_area,relocate,place_spoon,"[""1982:3"",""1454:3""]","[""relocate""]",True,productivity
1722,0,move_to_kitchen_island_area,,navigate_to_kitchen_island,[],[],,productivity
1722,1,pick_apple_0,fetch,fetch_apple,[],[],False,productivity
1722,2,move_to_kitchen_work_area,,move_to_cabinet,[],[],,productivity
1722,3,place_apple_0,relocate,place_pear,[],[],False,productivity
1730,0,get_peach_1,fetch,fetch_peach,[],[],False,productivity
1730,1,get_wooden_cutting_board_2,fetch,cut_with_knife,"[""2255:2"",""782:2""]","[""state_change""]",False,productivity
1730,2,place_peach_on_wooden_cutting_board,relocate,place_peach_on_table,[],[],False,productivity
1730,3,get_knife_0,fetch,cut_with_knife,[],[],False,productivity
1730,4,carve_peach_with_knife,,place_peach_on_table,[],[],,productivity
1734,0,get_peach_1,fetch,fetch_peach,[],[],False,productivity
1734,1,get_wooden_cutting_board_2,fetch,cut_with_knife,"[""2255:2"",""782:2""]","[""state_change""]",False,productivity
1734,2,place_peach_on_wooden_cutting_board,relocate,place_peach_on_table,[],[],False,productivity
1734,3,get_knife_0,fetch,cut_with_knife,[],[],False,productivity
1734,4,cut_peach_with_knife,state_change,cut_with_knife,[],[],False,productivity
1740,0,pick_pear_0,fetch,place_pear,[],[],False,productivity
1740,1,check_distance_to_sink,state_change,inspect_location,"[""2581:1"",""2650:1""]","[""state_change""]",True,productivity
1740,2,place_pear_in_cardboardbox_0,relocate,fetch_pear_from_cabinet,[],[],False,productivity
1740,3,move_cardboardbox_0_to_sink,relocate,move_cardboardbox,"[""4873:1""]","[""state_change""]",False,productivity
1740,4,retrieve_pear_from_cardboardbox_0,fetch,fetch_pear_from_cabinet,[],[],False,productivity
1740,5,place_pear_0_in_sink_2,relocate,place_pear_on_table,[],[],False,productivity
1741,0,get_wooden_cutting_board_2,fetch,cut_with_knife,"[""2255:2"",""782:2""]","[""state_change""]",False,productivity
1741,1,get_apple_1,fetch,fetch_apple,[],[],False,productivity
1741,2,place_apple_on_wooden_cutting_board,relocate,place_apple_on_table,[],[],False,productivity
1741,3,get_knife_0,fetch,cut_with_knife,[],[],False,productivity
1741,4,cut_apple_with_knife,state_change,cut_with_knife,[],[],False,productivity
1742,0,check_table_for_pear,state_change,check_table_fruits,[],[],False,productivity
1742,1,check_table_for_banana,state_change,check_table_fruits,[],[],False,productivity
1742,2,search_for_missing_pear,,fetch_pear_from_cabinet,[],[],,productivity
1742,3,search_for_missing_banana,,fetch_banana,"[""2804:1""]","[""relocate""]",,productivity
1742,4,retrieve_pear_from_location,fetch,fetch_pear_from_cabinet,[],[],False,productivity
1742,5,retrieve_banana_from_location,fetch,fetch_banana,[],[],False,productivity
1742,6,place_pear_on_table,relocate,place_pear_on_table,[],[],False,productivity
1742,7,place_banana_on_table,relocate,place_fruit_on_table,"[""4135:1""]","[""relocate""]",True,productivity
1743,0,get_wooden_cutting_board_2,fetch,cut_with_knife,"[""2255:2"",""782:2""]","[""state_change""]",False,productivity
1743,1,get_pear_1,fetch,fetch_pear,"[""6061:1""]","[""relocate""]",False,productivity
1743,2,place_pear_on_wooden_cutting_board,relocate,place_pear_on_table,[],[],False,productivity
1743,3,get_knife_0,fetch,cut_with_knife,[],[],False,productivity
1743,4,cut_pear_with_knife,state_change,cut_with_knife,[],[],False,productivity
1747,0,move_to_pear_0,,move_to_pear,[],[],,productivity
1747,1,pick_pear_0,fetch,place_pear,[],[],False,productivity
1747,2,move_to_kitchen_island_area,,navigate_to_kitchen_island,[],[],,productivity
1747,3,place_pear_0,relocate,place_pear,[],[],False,productivity
1754,0,glance_at_table,,inspect_table,[],[],,productivity
1754,1,check_for_pear,state_change,fetch_pear_from_cabinet,[],[],False,productivity
1754,2,check_for_tomato,state_change,fetch_tomato_from_cabinet,"[""2240:1""]","[""relocate""]",False,productivity
1754,3,retrieve_missing_pear,fetch,fetch_pear_from_cabinet,[],[],False,productivity
1754,4,retrieve_missing_tomato,fetch,fetch_tomato_from_cabinet,[],[],False,productivity
1754,5,check_cabinet_for_pear,state_change,fetch_pear_from_cabinet,[],[],False,productivity
1754,6,check_cabinet_for_tomato,state_change,fetch_tomato_from_cabinet,[],[],False,productivity
1759,0,move_to_pear_1,,move_to_pear,[],[],,productivity
1759,1,move_to_wooden_cutting_board_2,,move_to_cabinet,[],[],,productivity
1759,2,place_pear_on_wooden_cutting_board,relocate,place_pear_on_table,[],[],False,productivity
1759,3,move_to_knife_0,,cut_with_knife,"[""2255:2"",""782:2""]","[""state_change""]",,productivity
1759,4,slice_pear_with_knife,state_change,cut_with_knife,[],[],False,productivity
1765,0,move_to_kettle_0,,move_to,[],[],,productivity
1765,1,pick_kettle_0,fetch,cardboardbox_spoon,[],[],False,productivity
1765,2,move_to_kitchen_work_area,,move_to_cabinet,[],[],,productivity
1765,3,place_kettle_0,relocate,place_spoon,"[""1982:3"",""1454:3""]","[""relocate""]",True,productivity
1766,0,get_wooden_cutting_board_2,fetch,cut_with_knife,"[""2255:2"",""782:2""]","[""state_change""]",False,productivity
1766,1,get_apple_1,fetch,fetch_apple,[],[],False,productivity
1766,2,place_apple_on_wooden_cutting_board,relocate,place_apple_on_table,[],[],False,productivity
1766,3,get_knife_0,fetch,cut_with_knife,[],[],False,productivity
1766,4,cut_apple_with_knife,state_change,cut_with_knife,[],[],False,productivity
1774,0,observe_table_for_apple_and_tomato,,check_table_fruits,[],[],,productivity
1774,1,check_if_apple_is_missing,state_change,fetch_apple_from_cabinet,[],[],False,productivity
1774,2,check_if_tomato_is_missing,state_change,fetch_tomato_from_cabinet,"[""2240:1""]","[""relocate""]",False,productivity
1774,3,find_missing_apple,fetch,fetch_apple_from_cabinet,[],[],False,productivity
1774,4,find_missing_tomato,fetch,fetch_tomato_from_cabinet,[],[],False,productivity
1774,5,bring_missing_apple_from_location,relocate,fetch_apple_from_cabinet,[],[],False,productivity
1774,6,bring_missing_tomato_from_location,relocate,fetch_tomato_from_cabinet,[],[],False,productivity
1779,0,move_to_banana_0,,place_banana,[],[],,productivity
1779,1,pick_up_banana_0,fetch,fetch_banana,"[""2804:1""]","[""relocate""]",False,productivity
1779,2,move_to_kitchen_work_area,,move_to_cabinet,[],[],,productivity
1779,3,place_banana_0,relocate,place_banana,[],[],False,productivity
1780,0,get_apple_from_r1,fetch,fetch_apple,[],[],False,productivity
1780,1,check_distance_to_sink,state_change,inspect_location,"[""2581:1"",""2650:1""]","[""state_change""]",True,productivity
1780,2,put_apple_in_cardboardbox,relocate,cardboardbox_object,"[""2919:1"",""4773:1""]","[""state_change""]",False,productivity
1780,3,move_cardboardbox_to_sink,relocate,move_cardboardbox,"[""4873:1""]","[""state_change""]",False,productivity
1780,4,retrieve_apple_from_cardboardbox,fetch,fetch_apple_from_cabinet,[],[],False,productivity
1794,0,move_to_cardboardbox_0,,move_cardboardbox,"[""4873:1""]","[""state_change""]",,productivity
1794,1,pick_cardboardbox_0,fetch,cardboardbox_spoon,[],[],False,productivity
1794,2,move_to_kitchen_work_area,,move_to_cabinet,[],[],,productivity
1794,3,place_cardboardbox_0,relocate,move_cardboardbox,[],[],False,productivity
