channel,index,c0_full_signature,expected_primitive_kinds,route_primitive_kinds,unit_multiset_agreement,unit_multiset_f1,order_agreement,order_lcs_ratio,scorable_subgoals,retrieval_hits,retrieval_hit_rate,all_subgoals_retrieval_hit,route_correct,skill_success,flat_success
instance,1,"{""object_count"":1,""ordered_units"":[""fetch(tomato)"",""relocate(tomato,sink)"",""state_change(interact,sink)"",""fetch(tomato)"",""check_then_act(sink,tomato)"",""relocate(tomato,plate)""],""plan_length"":11}","[""fetch"",""relocate"",""state_change"",""fetch"",""relocate""]","[""fetch"",""state_change"",""relocate""]",False,0.75,False,0.6,3,0,0.0,False,False,False,False
instance,13,"{""object_count"":2,""ordered_units"":[""state_change(open,cabinet)"",""fetch(bowl)"",""relocate(bowl,kitchen work area)"",""fetch(tomato)"",""open_container_then_retrieve(cabinet,tomato)"",""relocate(tomato,bowl)"",""multi_object_sequence(2)""],""plan_length"":8}","[""state_change"",""fetch"",""relocate"",""fetch"",""relocate""]","[""fetch"",""relocate"",""fetch"",""relocate""]",False,0.8888888888888888,False,0.8,4,2,0.5,False,False,False,False
instance,18,"{""object_count"":1,""ordered_units"":[""fetch(pear)"",""relocate(pear,sink)"",""state_change(interact,sink)"",""fetch(pear)"",""check_then_act(sink,pear)"",""relocate(pear,bowl)""],""plan_length"":11}","[""fetch"",""relocate"",""state_change"",""fetch"",""relocate""]","[""fetch"",""state_change"",""relocate""]",False,0.75,False,0.6,3,0,0.0,False,False,False,False
instance,20,"{""object_count"":2,""ordered_units"":[""state_change(open,cabinet)"",""fetch(tomato)"",""relocate(tomato,table)"",""fetch(peach)"",""open_container_then_retrieve(cabinet,peach)"",""relocate(peach,table)"",""multi_object_sequence(2)""],""plan_length"":8}","[""state_change"",""fetch"",""relocate"",""fetch"",""relocate""]","[""state_change"",""state_change"",""relocate"",""relocate""]",False,0.6666666666666666,False,0.6,4,1,0.25,False,False,False,False
instance,29,"{""object_count"":1,""ordered_units"":[""fetch(peach)"",""relocate(peach,sink)"",""state_change(interact,sink)"",""fetch(peach)"",""check_then_act(sink,peach)"",""relocate(peach,bowl)""],""plan_length"":11}","[""fetch"",""relocate"",""state_change"",""fetch"",""relocate""]","[""fetch"",""relocate""]",False,0.5714285714285714,False,0.4,2,0,0.0,False,False,False,False
instance,33,"{""object_count"":1,""ordered_units"":[""state_change(open,cabinet)"",""fetch(bread)"",""open_container_then_retrieve(cabinet,bread)"",""relocate(bread,bowl)""],""plan_length"":8}","[""state_change"",""fetch"",""relocate""]","[""fetch"",""fetch"",""fetch"",""fetch"",""fetch"",""relocate""]",False,0.4444444444444444,False,0.6666666666666666,6,3,0.5,False,False,False,False
instance,40,"{""object_count"":2,""ordered_units"":[""fetch(knife)"",""fetch(peach)"",""fetch(tomato)"",""relocate(peach,wooden cutting board)"",""relocate(tomato,wooden cutting board)"",""state_change(interact,knife)"",""multi_object_sequence(2)""],""plan_length"":9}","[""fetch"",""fetch"",""fetch"",""relocate"",""relocate"",""state_change""]","[""fetch"",""relocate"",""fetch"",""relocate"",""fetch"",""state_change"",""state_change""]",False,0.9230769230769231,False,0.6666666666666666,7,0,0.0,False,False,False,False
instance,41,"{""object_count"":2,""ordered_units"":[""fetch(tomato)"",""fetch(green peas)"",""relocate(tomato,bowl)"",""relocate(green peas,bowl)"",""multi_object_sequence(2)""],""plan_length"":8}","[""fetch"",""fetch"",""relocate"",""relocate""]","[""fetch"",""fetch"",""fetch"",""relocate"",""relocate""]",False,0.8888888888888888,False,1.0,5,0,0.0,False,False,False,False
instance,42,"{""object_count"":1,""ordered_units"":[""state_change(push,cardboardbox,R2)"",""fetch(meat)"",""relocate(meat,cardboardbox)"",""state_change(push,cardboardbox,R3)"",""fetch(meat)"",""relocate(meat,sink)""],""plan_length"":7}","[""state_change"",""fetch"",""relocate"",""state_change"",""fetch"",""relocate""]","[""fetch"",""state_change"",""relocate"",""relocate"",""fetch""]",False,0.9090909090909091,False,0.5,5,1,0.2,False,False,False,False
instance,45,"{""object_count"":1,""ordered_units"":[""fetch(peach)"",""relocate(peach,sink)"",""state_change(interact,sink)"",""fetch(peach)"",""check_then_act(sink,peach)"",""relocate(peach,bowl)""],""plan_length"":11}","[""fetch"",""relocate"",""state_change"",""fetch"",""relocate""]","[""fetch"",""relocate""]",False,0.5714285714285714,False,0.4,2,0,0.0,False,False,False,False
instance,47,"{""object_count"":2,""ordered_units"":[""fetch(peach)"",""fetch(knife)"",""fetch(bread)"",""relocate(peach,wooden cutting board)"",""relocate(bread,wooden cutting board)"",""state_change(interact,knife)"",""multi_object_sequence(2)""],""plan_length"":9}","[""fetch"",""fetch"",""fetch"",""relocate"",""relocate"",""state_change""]","[""relocate"",""relocate""]",False,0.5,False,0.3333333333333333,2,0,0.0,False,False,False,False
instance,49,"{""object_count"":2,""ordered_units"":[""fetch(apple)"",""fetch(pear)"",""relocate(apple,bowl)"",""relocate(pear,bowl)"",""multi_object_sequence(2)""],""plan_length"":8}","[""fetch"",""fetch"",""relocate"",""relocate""]","[""fetch"",""relocate"",""fetch"",""relocate""]",True,1.0,False,0.75,4,0,0.0,False,False,False,False
instance,51,"{""object_count"":1,""ordered_units"":[""fetch(pear)"",""relocate(pear,kitchen work area)""],""plan_length"":5}","[""fetch"",""relocate""]","[""fetch"",""relocate""]",True,1.0,True,1.0,2,0,0.0,False,False,False,False
instance,52,"{""object_count"":2,""ordered_units"":[""fetch(knife)"",""fetch(apple)"",""state_change(open,cabinet)"",""relocate(knife,cabinet)"",""relocate(apple,cabinet)"",""multi_object_sequence(2)""],""plan_length"":7}","[""fetch"",""fetch"",""state_change"",""relocate"",""relocate""]","[""fetch"",""relocate"",""fetch"",""relocate""]",False,0.8888888888888888,False,0.6,4,0,0.0,False,False,False,False
instance,53,"{""object_count"":2,""ordered_units"":[""fetch(bowl)"",""state_change(open,cabinet)"",""relocate(bowl,kitchen work area)"",""fetch(apple)"",""open_container_then_retrieve(cabinet,apple)"",""relocate(apple,bowl)"",""multi_object_sequence(2)""],""plan_length"":8}","[""fetch"",""state_change"",""relocate"",""fetch"",""relocate""]","[""fetch"",""relocate"",""fetch"",""relocate""]",False,0.8888888888888888,False,0.8,4,3,0.75,False,False,False,False
instance,54,"{""object_count"":2,""ordered_units"":[""fetch(plate)"",""fetch(bread)"",""relocate(plate,kitchen island area)"",""relocate(bread,toaster)"",""state_change(interact,toaster)"",""multi_object_sequence(2)""],""plan_length"":6}","[""fetch"",""fetch"",""relocate"",""relocate"",""state_change""]","[""fetch"",""relocate"",""state_change"",""fetch"",""relocate""]",True,1.0,False,0.6,5,0,0.0,False,False,False,False
instance,59,"{""object_count"":1,""ordered_units"":[""fetch(banana)"",""relocate(banana,sink)"",""state_change(interact,sink)"",""fetch(banana)"",""check_then_act(sink,banana)"",""relocate(banana,plate)""],""plan_length"":11}","[""fetch"",""relocate"",""state_change"",""fetch"",""relocate""]","[""fetch"",""relocate""]",False,0.5714285714285714,False,0.4,2,0,0.0,False,False,False,False
instance,61,"{""object_count"":2,""ordered_units"":[""fetch(spoon)"",""fetch(apple)"",""state_change(open,cabinet)"",""relocate(spoon,cabinet)"",""relocate(apple,cabinet)"",""multi_object_sequence(2)""],""plan_length"":7}","[""fetch"",""fetch"",""state_change"",""relocate"",""relocate""]","[""fetch"",""relocate"",""fetch"",""relocate""]",False,0.8888888888888888,False,0.6,4,0,0.0,False,False,False,False
instance,62,"{""object_count"":1,""ordered_units"":[""fetch(tomato)"",""relocate(tomato,sink)"",""state_change(interact,sink)"",""fetch(tomato)"",""check_then_act(sink,tomato)"",""relocate(tomato,plate)""],""plan_length"":11}","[""fetch"",""relocate"",""state_change"",""fetch"",""relocate""]","[""fetch"",""state_change"",""relocate""]",False,0.75,False,0.6,3,0,0.0,False,False,False,False
instance,68,"{""object_count"":1,""ordered_units"":[""fetch(pear)"",""fetch(knife)"",""relocate(pear,wooden cutting board)"",""state_change(interact,knife)""],""plan_length"":6}","[""fetch"",""fetch"",""relocate"",""state_change""]","[""fetch"",""relocate"",""fetch"",""state_change""]",True,1.0,False,0.75,4,0,0.0,False,False,False,False
instance,71,"{""object_count"":2,""ordered_units"":[""fetch(spoon)"",""fetch(pumpkin)"",""state_change(open,cabinet)"",""relocate(spoon,cabinet)"",""relocate(pumpkin,cabinet)"",""multi_object_sequence(2)""],""plan_length"":7}","[""fetch"",""fetch"",""state_change"",""relocate"",""relocate""]","[""fetch"",""fetch"",""relocate""]",False,0.75,False,0.6,3,0,0.0,False,False,False,False
instance,73,"{""object_count"":1,""ordered_units"":[""fetch(scissors)"",""relocate(scissors,rack)""],""plan_length"":5}","[""fetch"",""relocate""]","[""fetch"",""relocate""]",True,1.0,True,1.0,2,0,0.0,False,False,False,False
instance,76,"{""object_count"":1,""ordered_units"":[""fetch(banana)"",""relocate(banana,table)""],""plan_length"":5}","[""fetch"",""relocate""]","[""state_change"",""state_change"",""fetch"",""fetch""]",False,0.3333333333333333,False,0.5,4,2,0.5,False,False,False,True
instance,78,"{""object_count"":2,""ordered_units"":[""fetch(knife)"",""fetch(peach)"",""fetch(tomato)"",""relocate(peach,wooden cutting board)"",""relocate(tomato,wooden cutting board)"",""state_change(interact,knife)"",""multi_object_sequence(2)""],""plan_length"":9}","[""fetch"",""fetch"",""fetch"",""relocate"",""relocate"",""state_change""]",[],False,0.0,False,0.0,0,0,,False,False,False,False
instance,82,"{""object_count"":1,""ordered_units"":[""fetch(apple)"",""relocate(apple,table)""],""plan_length"":5}","[""fetch"",""relocate""]","[""state_change"",""state_change"",""fetch"",""fetch"",""relocate"",""relocate""]",False,0.5,False,1.0,6,3,0.5,False,False,False,True
instance,84,"{""object_count"":1,""ordered_units"":[""fetch(apple)"",""relocate(apple,bowl)""],""plan_length"":5}","[""fetch"",""relocate""]","[""fetch"",""fetch"",""relocate""]",False,0.8,False,1.0,3,0,0.0,False,False,False,False
instance,85,"{""object_count"":1,""ordered_units"":[""fetch(peach)"",""relocate(peach,sink)"",""state_change(interact,sink)"",""fetch(peach)"",""check_then_act(sink,peach)"",""relocate(peach,bowl)""],""plan_length"":11}","[""fetch"",""relocate"",""state_change"",""fetch"",""relocate""]","[""fetch"",""state_change"",""relocate""]",False,0.75,False,0.6,3,0,0.0,False,False,False,False
instance,88,"{""object_count"":1,""ordered_units"":[""fetch(banana)"",""relocate(banana,table)""],""plan_length"":5}","[""fetch"",""relocate""]","[""state_change"",""state_change"",""fetch"",""fetch"",""relocate""]",False,0.5714285714285714,False,1.0,5,2,0.4,False,False,False,True
instance,91,"{""object_count"":1,""ordered_units"":[""fetch(peach)"",""relocate(peach,kitchen island area)""],""plan_length"":5}","[""fetch"",""relocate""]","[""fetch"",""relocate""]",True,1.0,True,1.0,2,0,0.0,False,False,False,False
instance,93,"{""object_count"":0,""ordered_units"":[""state_change(interact,fridge)""],""plan_length"":2}","[""state_change""]",[],False,0.0,False,0.0,0,0,,False,False,True,True
instance,94,"{""object_count"":2,""ordered_units"":[""fetch(plate)"",""state_change(open,cabinet)"",""relocate(plate,kitchen work area)"",""fetch(banana)"",""open_container_then_retrieve(cabinet,banana)"",""relocate(banana,plate)"",""multi_object_sequence(2)""],""plan_length"":8}","[""fetch"",""state_change"",""relocate"",""fetch"",""relocate""]","[""fetch"",""relocate"",""state_change"",""fetch"",""state_change"",""relocate""]",False,0.9090909090909091,False,0.8,6,1,0.16666666666666666,False,False,False,False
instance,95,"{""object_count"":2,""ordered_units"":[""fetch(apple)"",""fetch(knife)"",""fetch(banana)"",""relocate(apple,wooden cutting board)"",""relocate(banana,wooden cutting board)"",""state_change(interact,knife)"",""multi_object_sequence(2)""],""plan_length"":9}","[""fetch"",""fetch"",""fetch"",""relocate"",""relocate"",""state_change""]",[],False,0.0,False,0.0,0,0,,False,False,False,False
instance,115,"{""object_count"":2,""ordered_units"":[""state_change(open,cabinet)"",""fetch(bowl)"",""relocate(bowl,kitchen island area)"",""fetch(bread)"",""open_container_then_retrieve(cabinet,bread)"",""relocate(bread,bowl)"",""multi_object_sequence(2)""],""plan_length"":8}","[""state_change"",""fetch"",""relocate"",""fetch"",""relocate""]","[""relocate"",""fetch"",""relocate""]",False,0.75,False,0.6,3,2,0.6666666666666666,False,False,False,False
instance,118,"{""object_count"":2,""ordered_units"":[""state_change(open,cabinet)"",""fetch(banana)"",""relocate(banana,table)"",""fetch(pear)"",""open_container_then_retrieve(cabinet,pear)"",""relocate(pear,table)"",""multi_object_sequence(2)""],""plan_length"":8}","[""state_change"",""fetch"",""relocate"",""fetch"",""relocate""]","[""state_change"",""state_change"",""state_change"",""fetch""]",False,0.4444444444444444,False,0.4,4,2,0.5,False,False,False,False
instance,121,"{""object_count"":2,""ordered_units"":[""fetch(tomato)"",""state_change(open,cabinet)"",""relocate(tomato,table)"",""fetch(peach)"",""open_container_then_retrieve(cabinet,peach)"",""relocate(peach,table)"",""multi_object_sequence(2)""],""plan_length"":8}","[""fetch"",""state_change"",""relocate"",""fetch"",""relocate""]","[""state_change"",""state_change"",""fetch"",""fetch"",""relocate"",""relocate""]",False,0.9090909090909091,False,0.6,6,1,0.16666666666666666,False,False,False,False
instance,122,"{""object_count"":1,""ordered_units"":[""state_change(push,cardboardbox,R2)"",""fetch(fork)"",""relocate(fork,cardboardbox)"",""state_change(push,cardboardbox,R3)"",""fetch(fork)"",""relocate(fork,sink)""],""plan_length"":7}","[""state_change"",""fetch"",""relocate"",""state_change"",""fetch"",""relocate""]","[""fetch"",""relocate"",""relocate""]",False,0.6666666666666666,False,0.5,3,2,0.6666666666666666,False,False,False,False
instance,129,"{""object_count"":2,""ordered_units"":[""fetch(bread)"",""fetch(plate)"",""relocate(bread,toaster)"",""relocate(plate,kitchen island area)"",""state_change(interact,toaster)"",""multi_object_sequence(2)""],""plan_length"":6}","[""fetch"",""fetch"",""relocate"",""relocate"",""state_change""]","[""relocate""]",False,0.3333333333333333,False,0.2,1,0,0.0,False,False,False,False
instance,133,"{""object_count"":1,""ordered_units"":[""fetch(banana)"",""relocate(banana,sink)"",""state_change(interact,sink)"",""fetch(banana)"",""check_then_act(sink,banana)"",""relocate(banana,bowl)""],""plan_length"":11}","[""fetch"",""relocate"",""state_change"",""fetch"",""relocate""]","[""fetch"",""state_change"",""relocate""]",False,0.75,False,0.6,3,0,0.0,False,False,False,False
instance,134,"{""object_count"":2,""ordered_units"":[""fetch(bread)"",""fetch(plate)"",""relocate(bread,toaster)"",""relocate(plate,kitchen work area)"",""state_change(interact,toaster)"",""multi_object_sequence(2)""],""plan_length"":6}","[""fetch"",""fetch"",""relocate"",""relocate"",""state_change""]","[""fetch"",""relocate"",""state_change"",""fetch"",""relocate""]",True,1.0,False,0.6,5,0,0.0,False,False,True,True
instance,136,"{""object_count"":1,""ordered_units"":[""fetch(apple)"",""relocate(apple,table)""],""plan_length"":5}","[""fetch"",""relocate""]","[""state_change"",""state_change"",""state_change"",""fetch"",""fetch""]",False,0.2857142857142857,False,0.5,5,2,0.4,False,False,False,False
instance,138,"{""object_count"":2,""ordered_units"":[""fetch(spoon)"",""fetch(peach)"",""state_change(open,cabinet)"",""relocate(spoon,cabinet)"",""relocate(peach,cabinet)"",""multi_object_sequence(2)""],""plan_length"":7}","[""fetch"",""fetch"",""state_change"",""relocate"",""relocate""]","[""fetch"",""fetch""]",False,0.5714285714285714,False,0.4,2,0,0.0,False,False,False,False
instance,145,"{""object_count"":2,""ordered_units"":[""state_change(open,cabinet)"",""fetch(bowl)"",""relocate(bowl,kitchen work area)"",""fetch(apple)"",""open_container_then_retrieve(cabinet,apple)"",""relocate(apple,bowl)"",""multi_object_sequence(2)""],""plan_length"":8}","[""state_change"",""fetch"",""relocate"",""fetch"",""relocate""]","[""relocate"",""fetch"",""relocate""]",False,0.75,False,0.6,3,1,0.3333333333333333,False,False,False,False
instance,147,"{""object_count"":2,""ordered_units"":[""fetch(bread)"",""fetch(plate)"",""relocate(bread,toaster)"",""relocate(plate,kitchen work area)"",""state_change(interact,toaster)"",""multi_object_sequence(2)""],""plan_length"":6}","[""fetch"",""fetch"",""relocate"",""relocate"",""state_change""]","[""fetch"",""relocate"",""state_change"",""fetch"",""relocate""]",True,1.0,False,0.6,5,0,0.0,False,False,False,False
instance,153,"{""object_count"":1,""ordered_units"":[""fetch(apple)"",""relocate(apple,plate)""],""plan_length"":5}","[""fetch"",""relocate""]","[""fetch"",""state_change"",""fetch"",""fetch"",""relocate""]",False,0.5714285714285714,False,1.0,5,0,0.0,False,False,False,False
instance,161,"{""object_count"":1,""ordered_units"":[""fetch(peach)"",""relocate(peach,table)""],""plan_length"":5}","[""fetch"",""relocate""]","[""state_change"",""state_change"",""fetch"",""fetch"",""state_change"",""state_change""]",False,0.25,False,0.5,6,2,0.3333333333333333,False,False,False,False
instance,164,"{""object_count"":2,""ordered_units"":[""fetch(tomato)"",""fetch(meat)"",""relocate(tomato,bowl)"",""relocate(meat,bowl)"",""multi_object_sequence(2)""],""plan_length"":5}","[""fetch"",""fetch"",""relocate"",""relocate""]","[""relocate"",""relocate""]",False,0.6666666666666666,False,0.5,2,0,0.0,False,False,True,False
instance,171,"{""object_count"":1,""ordered_units"":[""fetch(knife)"",""fetch(pear)"",""relocate(pear,wooden cutting board)"",""state_change(interact,knife)""],""plan_length"":6}","[""fetch"",""fetch"",""relocate"",""state_change""]","[""fetch"",""fetch"",""relocate"",""state_change""]",True,1.0,True,1.0,4,0,0.0,False,False,False,False
instance,176,"{""object_count"":2,""ordered_units"":[""fetch(knife)"",""fetch(pear)"",""fetch(tomato)"",""relocate(pear,wooden cutting board)"",""relocate(tomato,wooden cutting board)"",""state_change(interact,knife)"",""multi_object_sequence(2)""],""plan_length"":9}","[""fetch"",""fetch"",""fetch"",""relocate"",""relocate"",""state_change""]","[""relocate"",""relocate"",""state_change"",""state_change""]",False,0.6,False,0.5,4,0,0.0,False,False,False,False
instance,177,"{""object_count"":2,""ordered_units"":[""fetch(bread)"",""fetch(plate)"",""relocate(bread,toaster)"",""relocate(plate,kitchen work area)"",""state_change(interact,toaster)"",""multi_object_sequence(2)""],""plan_length"":6}","[""fetch"",""fetch"",""relocate"",""relocate"",""state_change""]","[""fetch"",""relocate"",""state_change"",""fetch"",""relocate""]",True,1.0,False,0.6,5,0,0.0,False,False,True,False
instance,179,"{""object_count"":2,""ordered_units"":[""fetch(plate)"",""fetch(bread)"",""relocate(plate,kitchen work area)"",""relocate(bread,toaster)"",""state_change(interact,toaster)"",""multi_object_sequence(2)""],""plan_length"":6}","[""fetch"",""fetch"",""relocate"",""relocate"",""state_change""]","[""fetch"",""relocate"",""state_change"",""fetch"",""relocate""]",True,1.0,False,0.6,5,0,0.0,False,False,False,False
instance,187,"{""object_count"":1,""ordered_units"":[""fetch(bread)"",""relocate(bread,plate)""],""plan_length"":5}","[""fetch"",""relocate""]","[""state_change"",""state_change"",""state_change"",""relocate""]",False,0.3333333333333333,False,0.5,4,0,0.0,False,False,False,False
instance,192,"{""object_count"":1,""ordered_units"":[""fetch(peach)"",""relocate(peach,sink)"",""state_change(interact,sink)"",""fetch(peach)"",""check_then_act(sink,peach)"",""relocate(peach,plate)""],""plan_length"":11}","[""fetch"",""relocate"",""state_change"",""fetch"",""relocate""]",[],False,0.0,False,0.0,0,0,,False,False,False,False
instance,193,"{""object_count"":1,""ordered_units"":[""fetch(bottle)"",""relocate(bottle,rack)""],""plan_length"":5}","[""fetch"",""relocate""]","[""fetch"",""relocate""]",True,1.0,True,1.0,2,0,0.0,False,False,False,False
instance,197,"{""object_count"":2,""ordered_units"":[""fetch(knife)"",""fetch(peach)"",""state_change(open,cabinet)"",""relocate(knife,cabinet)"",""relocate(peach,cabinet)"",""multi_object_sequence(2)""],""plan_length"":7}","[""fetch"",""fetch"",""state_change"",""relocate"",""relocate""]","[""fetch"",""fetch"",""relocate"",""relocate""]",False,0.8888888888888888,False,0.8,4,1,0.25,False,False,False,False
instance,202,"{""object_count"":1,""ordered_units"":[""fetch(banana)"",""relocate(banana,table)""],""plan_length"":5}","[""fetch"",""relocate""]","[""state_change"",""state_change"",""fetch"",""fetch""]",False,0.3333333333333333,False,0.5,4,2,0.5,False,False,False,True
instance,209,"{""object_count"":2,""ordered_units"":[""fetch(spoon)"",""fetch(apple)"",""state_change(open,cabinet)"",""relocate(spoon,cabinet)"",""relocate(apple,cabinet)"",""multi_object_sequence(2)""],""plan_length"":7}","[""fetch"",""fetch"",""state_change"",""relocate"",""relocate""]","[""fetch"",""fetch"",""relocate"",""relocate""]",False,0.8888888888888888,False,0.8,4,0,0.0,False,False,False,False
instance,222,"{""object_count"":2,""ordered_units"":[""fetch(peach)"",""fetch(knife)"",""fetch(tomato)"",""relocate(peach,wooden cutting board)"",""relocate(tomato,wooden cutting board)"",""state_change(interact,knife)"",""multi_object_sequence(2)""],""plan_length"":9}","[""fetch"",""fetch"",""fetch"",""relocate"",""relocate"",""state_change""]","[""fetch"",""relocate"",""fetch"",""relocate"",""fetch"",""state_change"",""state_change""]",False,0.9230769230769231,False,0.6666666666666666,7,0,0.0,False,False,False,False
instance,225,"{""object_count"":1,""ordered_units"":[""fetch(cardboardbox)"",""relocate(cardboardbox,kitchen island area)""],""plan_length"":5}","[""fetch"",""relocate""]","[""relocate""]",False,0.6666666666666666,False,0.5,1,0,0.0,False,False,False,False
instance,228,"{""object_count"":1,""ordered_units"":[""state_change(push,cardboardbox,R3)"",""fetch(pumpkin)"",""relocate(pumpkin,cardboardbox)"",""state_change(push,cardboardbox,R1)"",""fetch(pumpkin)"",""relocate(pumpkin,sink)""],""plan_length"":7}","[""state_change"",""fetch"",""relocate"",""state_change"",""fetch"",""relocate""]","[""fetch"",""relocate"",""relocate"",""relocate""]",False,0.6,False,0.5,4,2,0.5,False,False,False,False
instance,230,"{""object_count"":2,""ordered_units"":[""fetch(pear)"",""fetch(pizza)"",""relocate(pear,plate)"",""relocate(pizza,plate)"",""multi_object_sequence(2)""],""plan_length"":5}","[""fetch"",""fetch"",""relocate"",""relocate""]","[""fetch"",""fetch"",""relocate"",""relocate""]",True,1.0,True,1.0,4,0,0.0,False,False,False,False
instance,234,"{""object_count"":1,""ordered_units"":[""fetch(apple)"",""relocate(apple,sink)"",""state_change(interact,sink)"",""fetch(apple)"",""check_then_act(sink,apple)"",""relocate(apple,plate)""],""plan_length"":11}","[""fetch"",""relocate"",""state_change"",""fetch"",""relocate""]","[""fetch"",""state_change"",""relocate""]",False,0.75,False,0.6,3,0,0.0,False,False,False,False
instance,235,"{""object_count"":2,""ordered_units"":[""state_change(open,cabinet)"",""fetch(tomato)"",""relocate(tomato,table)"",""fetch(peach)"",""open_container_then_retrieve(cabinet,peach)"",""relocate(peach,table)"",""multi_object_sequence(2)""],""plan_length"":8}","[""state_change"",""fetch"",""relocate"",""fetch"",""relocate""]","[""state_change"",""state_change"",""fetch"",""relocate"",""state_change"",""fetch"",""relocate""]",False,0.8333333333333334,False,1.0,7,3,0.42857142857142855,False,False,False,False
instance,247,"{""object_count"":1,""ordered_units"":[""fetch(peach)"",""relocate(peach,sink)"",""state_change(interact,sink)"",""fetch(peach)"",""check_then_act(sink,peach)"",""relocate(peach,plate)""],""plan_length"":11}","[""fetch"",""relocate"",""state_change"",""fetch"",""relocate""]","[""fetch"",""relocate""]",False,0.5714285714285714,False,0.4,2,0,0.0,False,False,False,False
instance,250,"{""object_count"":2,""ordered_units"":[""fetch(tomato)"",""fetch(pumpkin)"",""relocate(tomato,bowl)"",""relocate(pumpkin,bowl)"",""multi_object_sequence(2)""],""plan_length"":8}","[""fetch"",""fetch"",""relocate"",""relocate""]","[""fetch"",""relocate"",""fetch"",""relocate""]",True,1.0,False,0.75,4,0,0.0,False,False,False,False
instance,253,"{""object_count"":2,""ordered_units"":[""fetch(tomato)"",""fetch(meat)"",""relocate(tomato,bowl)"",""relocate(meat,bowl)"",""multi_object_sequence(2)""],""plan_length"":5}","[""fetch"",""fetch"",""relocate"",""relocate""]","[""fetch"",""relocate"",""fetch"",""relocate""]",True,1.0,False,0.75,4,1,0.25,False,False,True,False
instance,257,"{""object_count"":1,""ordered_units"":[""fetch(bottle)"",""relocate(bottle,rack)""],""plan_length"":5}","[""fetch"",""relocate""]","[""fetch"",""relocate""]",True,1.0,True,1.0,2,0,0.0,False,False,False,False
instance,265,"{""object_count"":1,""ordered_units"":[""fetch(banana)"",""relocate(banana,sink)"",""state_change(interact,sink)"",""fetch(banana)"",""check_then_act(sink,banana)"",""relocate(banana,bowl)""],""plan_length"":11}","[""fetch"",""relocate"",""state_change"",""fetch"",""relocate""]","[""fetch"",""relocate""]",False,0.5714285714285714,False,0.4,2,0,0.0,False,False,False,False
instance,270,"{""object_count"":2,""ordered_units"":[""fetch(bread)"",""fetch(bowl)"",""relocate(bread,toaster)"",""relocate(bowl,kitchen island area)"",""state_change(interact,toaster)"",""multi_object_sequence(2)""],""plan_length"":6}","[""fetch"",""fetch"",""relocate"",""relocate"",""state_change""]","[""relocate""]",False,0.3333333333333333,False,0.2,1,0,0.0,False,False,False,False
instance,276,"{""object_count"":1,""ordered_units"":[""fetch(banana)"",""relocate(banana,table)""],""plan_length"":5}","[""fetch"",""relocate""]","[""state_change"",""state_change"",""fetch"",""fetch"",""relocate"",""relocate""]",False,0.5,False,1.0,6,0,0.0,False,False,False,True
instance,279,"{""object_count"":2,""ordered_units"":[""fetch(apple)"",""fetch(meat)"",""relocate(apple,plate)"",""relocate(meat,plate)"",""multi_object_sequence(2)""],""plan_length"":5}","[""fetch"",""fetch"",""relocate"",""relocate""]","[""fetch"",""relocate"",""fetch"",""relocate""]",True,1.0,False,0.75,4,0,0.0,False,False,False,True
instance,282,"{""object_count"":1,""ordered_units"":[""fetch(apple)"",""relocate(apple,bowl)""],""plan_length"":5}","[""fetch"",""relocate""]","[""state_change"",""fetch"",""relocate""]",False,0.8,False,1.0,3,0,0.0,False,False,False,False
instance,291,"{""object_count"":1,""ordered_units"":[""state_change(open,cabinet)"",""fetch(bread)"",""open_container_then_retrieve(cabinet,bread)"",""relocate(bread,plate)""],""plan_length"":8}","[""state_change"",""fetch"",""relocate""]","[""state_change"",""state_change"",""fetch"",""relocate""]",False,0.8571428571428571,False,1.0,4,1,0.25,False,False,False,False
instance,294,"{""object_count"":1,""ordered_units"":[""fetch(apple)"",""relocate(apple,table)""],""plan_length"":5}","[""fetch"",""relocate""]","[""fetch"",""fetch"",""fetch"",""relocate""]",False,0.6666666666666666,False,1.0,4,1,0.25,False,False,False,False
instance,301,"{""object_count"":1,""ordered_units"":[""state_change(open,cabinet)"",""fetch(apple)"",""open_container_then_retrieve(cabinet,apple)"",""relocate(apple,plate)""],""plan_length"":8}","[""state_change"",""fetch"",""relocate""]","[""fetch"",""fetch"",""relocate""]",False,0.6666666666666666,False,0.6666666666666666,3,0,0.0,False,False,False,False
instance,304,"{""object_count"":0,""ordered_units"":[""state_change(interact,oven)""],""plan_length"":2}","[""state_change""]",[],False,0.0,False,0.0,0,0,,False,False,True,True
instance,314,"{""object_count"":1,""ordered_units"":[""state_change(open,cabinet)"",""fetch(apple)"",""open_container_then_retrieve(cabinet,apple)"",""relocate(apple,plate)""],""plan_length"":8}","[""state_change"",""fetch"",""relocate""]","[""fetch"",""fetch"",""relocate""]",False,0.6666666666666666,False,0.6666666666666666,3,0,0.0,False,False,False,False
instance,318,"{""object_count"":2,""ordered_units"":[""fetch(pumpkin)"",""fetch(spoon)"",""state_change(open,cabinet)"",""relocate(pumpkin,cabinet)"",""relocate(spoon,cabinet)"",""multi_object_sequence(2)""],""plan_length"":7}","[""fetch"",""fetch"",""state_change"",""relocate"",""relocate""]","[""fetch"",""fetch"",""state_change"",""relocate"",""relocate"",""state_change""]",False,0.9090909090909091,False,1.0,6,3,0.5,False,False,False,False
instance,323,"{""object_count"":1,""ordered_units"":[""fetch(knife)"",""fetch(apple)"",""relocate(apple,wooden cutting board)"",""state_change(interact,knife)""],""plan_length"":6}","[""fetch"",""fetch"",""relocate"",""state_change""]","[""fetch"",""state_change""]",False,0.6666666666666666,False,0.5,2,0,0.0,False,False,False,False
instance,324,"{""object_count"":2,""ordered_units"":[""fetch(bowl)"",""fetch(bread)"",""relocate(bowl,kitchen island area)"",""relocate(bread,toaster)"",""state_change(interact,toaster)"",""multi_object_sequence(2)""],""plan_length"":6}","[""fetch"",""fetch"",""relocate"",""relocate"",""state_change""]","[""fetch"",""state_change"",""fetch"",""relocate""]",False,0.8888888888888888,False,0.6,4,1,0.25,False,False,False,False
instance,329,"{""object_count"":2,""ordered_units"":[""fetch(apple)"",""fetch(knife)"",""state_change(open,cabinet)"",""relocate(apple,cabinet)"",""relocate(knife,cabinet)"",""multi_object_sequence(2)""],""plan_length"":7}","[""fetch"",""fetch"",""state_change"",""relocate"",""relocate""]","[""fetch"",""relocate"",""fetch"",""relocate""]",False,0.8888888888888888,False,0.6,4,1,0.25,False,False,False,False
instance,334,"{""object_count"":2,""ordered_units"":[""fetch(plate)"",""state_change(open,cabinet)"",""relocate(plate,kitchen work area)"",""fetch(bread)"",""open_container_then_retrieve(cabinet,bread)"",""relocate(bread,plate)"",""multi_object_sequence(2)""],""plan_length"":8}","[""fetch"",""state_change"",""relocate"",""fetch"",""relocate""]","[""fetch"",""relocate""]",False,0.5714285714285714,False,0.4,2,1,0.5,False,False,False,False
instance,335,"{""object_count"":1,""ordered_units"":[""fetch(apple)"",""relocate(apple,sink)"",""state_change(interact,sink)"",""fetch(apple)"",""check_then_act(sink,apple)"",""relocate(apple,bowl)""],""plan_length"":11}","[""fetch"",""relocate"",""state_change"",""fetch"",""relocate""]","[""fetch"",""state_change"",""relocate""]",False,0.75,False,0.6,3,0,0.0,False,False,False,False
instance,337,"{""object_count"":2,""ordered_units"":[""fetch(meat)"",""fetch(green peas)"",""relocate(meat,bowl)"",""relocate(green peas,bowl)"",""multi_object_sequence(2)""],""plan_length"":8}","[""fetch"",""fetch"",""relocate"",""relocate""]","[""fetch"",""relocate"",""fetch"",""relocate""]",True,1.0,False,0.75,4,0,0.0,False,False,False,False
instance,340,"{""object_count"":2,""ordered_units"":[""state_change(open,cabinet)"",""fetch(bowl)"",""relocate(bowl,kitchen island area)"",""fetch(apple)"",""open_container_then_retrieve(cabinet,apple)"",""relocate(apple,bowl)"",""multi_object_sequence(2)""],""plan_length"":8}","[""state_change"",""fetch"",""relocate"",""fetch"",""relocate""]","[""fetch"",""relocate"",""state_change"",""fetch"",""relocate""]",True,1.0,False,0.8,5,2,0.4,False,False,False,False
instance,349,"{""object_count"":2,""ordered_units"":[""fetch(bowl)"",""fetch(bread)"",""relocate(bowl,kitchen work area)"",""relocate(bread,toaster)"",""state_change(interact,toaster)"",""multi_object_sequence(2)""],""plan_length"":6}","[""fetch"",""fetch"",""relocate"",""relocate"",""state_change""]","[""fetch"",""relocate"",""state_change"",""fetch"",""relocate""]",True,1.0,False,0.6,5,0,0.0,False,False,False,False
instance,352,"{""object_count"":2,""ordered_units"":[""fetch(knife)"",""fetch(pear)"",""fetch(tomato)"",""relocate(pear,wooden cutting board)"",""relocate(tomato,wooden cutting board)"",""state_change(interact,knife)"",""multi_object_sequence(2)""],""plan_length"":9}","[""fetch"",""fetch"",""fetch"",""relocate"",""relocate"",""state_change""]",[],False,0.0,False,0.0,0,0,,False,False,False,False
instance,370,"{""object_count"":1,""ordered_units"":[""fetch(banana)"",""relocate(banana,plate)""],""plan_length"":5}","[""fetch"",""relocate""]","[""fetch"",""fetch"",""relocate""]",False,0.8,False,1.0,3,0,0.0,False,False,False,False
instance,393,"{""object_count"":1,""ordered_units"":[""fetch(knife)"",""fetch(peach)"",""relocate(peach,wooden cutting board)"",""state_change(interact,knife)""],""plan_length"":6}","[""fetch"",""fetch"",""relocate"",""state_change""]","[""fetch"",""fetch"",""fetch"",""state_change""]",False,0.75,False,0.75,4,0,0.0,False,False,False,False
instance,395,"{""object_count"":2,""ordered_units"":[""fetch(tomato)"",""fetch(pumpkin)"",""relocate(tomato,plate)"",""relocate(pumpkin,plate)"",""multi_object_sequence(2)""],""plan_length"":5}","[""fetch"",""fetch"",""relocate"",""relocate""]","[""fetch"",""relocate"",""fetch"",""relocate""]",True,1.0,False,0.75,4,0,0.0,False,False,False,False
instance,396,"{""object_count"":1,""ordered_units"":[""fetch(bread)"",""relocate(bread,plate)""],""plan_length"":5}","[""fetch"",""relocate""]","[""state_change"",""state_change"",""state_change"",""relocate""]",False,0.3333333333333333,False,0.5,4,0,0.0,False,False,False,False
instance,397,"{""object_count"":2,""ordered_units"":[""fetch(tomato)"",""fetch(fork)"",""state_change(open,cabinet)"",""relocate(tomato,cabinet)"",""relocate(fork,cabinet)"",""multi_object_sequence(2)""],""plan_length"":7}","[""fetch"",""fetch"",""state_change"",""relocate"",""relocate""]","[""fetch"",""fetch"",""relocate""]",False,0.75,False,0.6,3,0,0.0,False,False,False,False
instance,400,"{""object_count"":2,""ordered_units"":[""fetch(banana)"",""fetch(green peas)"",""relocate(banana,plate)"",""relocate(green peas,plate)"",""multi_object_sequence(2)""],""plan_length"":8}","[""fetch"",""fetch"",""relocate"",""relocate""]","[""fetch"",""relocate"",""fetch"",""relocate""]",True,1.0,False,0.75,4,0,0.0,False,False,False,False
instance,401,"{""object_count"":2,""ordered_units"":[""fetch(pear)"",""fetch(knife)"",""fetch(banana)"",""relocate(pear,wooden cutting board)"",""relocate(banana,wooden cutting board)"",""state_change(interact,knife)"",""multi_object_sequence(2)""],""plan_length"":9}","[""fetch"",""fetch"",""fetch"",""relocate"",""relocate"",""state_change""]","[""state_change"",""state_change""]",False,0.25,False,0.16666666666666666,2,0,0.0,False,False,False,False
instance,405,"{""object_count"":1,""ordered_units"":[""state_change(open,cabinet)"",""fetch(apple)"",""open_container_then_retrieve(cabinet,apple)"",""relocate(apple,bowl)""],""plan_length"":8}","[""state_change"",""fetch"",""relocate""]","[""fetch"",""fetch"",""relocate""]",False,0.6666666666666666,False,0.6666666666666666,3,1,0.3333333333333333,False,False,False,True
instance,427,"{""object_count"":1,""ordered_units"":[""fetch(peach)"",""relocate(peach,table)""],""plan_length"":5}","[""fetch"",""relocate""]","[""state_change"",""state_change"",""fetch"",""fetch"",""state_change"",""state_change""]",False,0.25,False,0.5,6,2,0.3333333333333333,False,False,False,False
instance,436,"{""object_count"":2,""ordered_units"":[""fetch(pear)"",""fetch(knife)"",""fetch(bread)"",""relocate(pear,wooden cutting board)"",""relocate(bread,wooden cutting board)"",""state_change(interact,knife)"",""multi_object_sequence(2)""],""plan_length"":9}","[""fetch"",""fetch"",""fetch"",""relocate"",""relocate"",""state_change""]","[""relocate"",""relocate"",""state_change"",""state_change""]",False,0.6,False,0.5,4,0,0.0,False,False,False,False
instance,440,"{""object_count"":2,""ordered_units"":[""fetch(peach)"",""fetch(spoon)"",""state_change(open,cabinet)"",""relocate(peach,cabinet)"",""relocate(spoon,cabinet)"",""multi_object_sequence(2)""],""plan_length"":7}","[""fetch"",""fetch"",""state_change"",""relocate"",""relocate""]","[""fetch"",""fetch"",""relocate"",""relocate""]",False,0.8888888888888888,False,0.8,4,0,0.0,False,False,False,False
instance,441,"{""object_count"":0,""ordered_units"":[""state_change(interact,oven)""],""plan_length"":2}","[""state_change""]","[""state_change""]",True,1.0,True,1.0,1,1,1.0,True,True,True,True
instance,458,"{""object_count"":1,""ordered_units"":[""fetch(peach)"",""fetch(knife)"",""relocate(peach,wooden cutting board)"",""state_change(interact,knife)""],""plan_length"":6}","[""fetch"",""fetch"",""relocate"",""state_change""]","[""fetch"",""fetch"",""relocate"",""fetch"",""state_change""]",False,0.8888888888888888,False,1.0,5,0,0.0,False,False,False,False
instance,465,"{""object_count"":1,""ordered_units"":[""state_change(open,cabinet)"",""fetch(banana)"",""open_container_then_retrieve(cabinet,banana)"",""relocate(banana,plate)""],""plan_length"":8}","[""state_change"",""fetch"",""relocate""]","[""state_change"",""state_change"",""fetch"",""relocate""]",False,0.8571428571428571,False,1.0,4,1,0.25,False,False,False,False
instance,467,"{""object_count"":1,""ordered_units"":[""fetch(apple)"",""relocate(apple,sink)"",""state_change(interact,sink)"",""fetch(apple)"",""check_then_act(sink,apple)"",""relocate(apple,bowl)""],""plan_length"":11}","[""fetch"",""relocate"",""state_change"",""fetch"",""relocate""]","[""fetch"",""fetch""]",False,0.5714285714285714,False,0.4,2,0,0.0,False,False,False,False
instance,472,"{""object_count"":2,""ordered_units"":[""fetch(pear)"",""fetch(tomato)"",""relocate(pear,bowl)"",""relocate(tomato,bowl)"",""multi_object_sequence(2)""],""plan_length"":5}","[""fetch"",""fetch"",""relocate"",""relocate""]","[""fetch"",""fetch"",""fetch"",""fetch"",""relocate"",""relocate""]",False,0.8,False,1.0,6,0,0.0,False,False,False,False
instance,475,"{""object_count"":2,""ordered_units"":[""fetch(scissors)"",""fetch(bread)"",""state_change(open,cabinet)"",""relocate(scissors,cabinet)"",""relocate(bread,cabinet)"",""multi_object_sequence(2)""],""plan_length"":7}","[""fetch"",""fetch"",""state_change"",""relocate"",""relocate""]","[""fetch"",""fetch"",""relocate"",""relocate""]",False,0.8888888888888888,False,0.8,4,1,0.25,False,False,False,False
instance,477,"{""object_count"":1,""ordered_units"":[""fetch(cooling fan)"",""relocate(cooling fan,kitchen island area)""],""plan_length"":5}","[""fetch"",""relocate""]","[""relocate""]",False,0.6666666666666666,False,0.5,1,0,0.0,False,False,False,False
instance,482,"{""object_count"":1,""ordered_units"":[""fetch(apple)"",""relocate(apple,plate)""],""plan_length"":5}","[""fetch"",""relocate""]","[""fetch"",""fetch"",""relocate""]",False,0.8,False,1.0,3,0,0.0,False,False,False,False
instance,498,"{""object_count"":1,""ordered_units"":[""fetch(knife)"",""fetch(apple)"",""relocate(apple,wooden cutting board)"",""state_change(interact,knife)""],""plan_length"":6}","[""fetch"",""fetch"",""relocate"",""state_change""]","[""fetch"",""state_change""]",False,0.6666666666666666,False,0.5,2,0,0.0,False,False,False,False
instance,502,"{""object_count"":2,""ordered_units"":[""fetch(tomato)"",""fetch(scissors)"",""state_change(open,cabinet)"",""relocate(tomato,cabinet)"",""relocate(scissors,cabinet)"",""multi_object_sequence(2)""],""plan_length"":7}","[""fetch"",""fetch"",""state_change"",""relocate"",""relocate""]","[""fetch"",""fetch"",""relocate"",""relocate""]",False,0.8888888888888888,False,0.8,4,1,0.25,False,False,False,False
instance,503,"{""object_count"":2,""ordered_units"":[""fetch(pizza)"",""fetch(bread)"",""relocate(pizza,bowl)"",""relocate(bread,bowl)"",""multi_object_sequence(2)""],""plan_length"":5}","[""fetch"",""fetch"",""relocate"",""relocate""]","[""fetch"",""fetch"",""relocate"",""relocate""]",True,1.0,True,1.0,4,1,0.25,False,False,True,True
instance,512,"{""object_count"":2,""ordered_units"":[""fetch(pumpkin)"",""fetch(fork)"",""state_change(open,cabinet)"",""relocate(pumpkin,cabinet)"",""relocate(fork,cabinet)"",""multi_object_sequence(2)""],""plan_length"":7}","[""fetch"",""fetch"",""state_change"",""relocate"",""relocate""]","[""fetch"",""fetch"",""fetch"",""fetch"",""relocate"",""relocate""]",False,0.7272727272727273,False,0.8,6,2,0.3333333333333333,False,False,False,False
instance,527,"{""object_count"":1,""ordered_units"":[""fetch(banana)"",""relocate(banana,rack)""],""plan_length"":5}","[""fetch"",""relocate""]","[""fetch"",""relocate""]",True,1.0,True,1.0,2,0,0.0,False,False,False,False
instance,537,"{""object_count"":2,""ordered_units"":[""state_change(open,cabinet)"",""fetch(banana)"",""relocate(banana,table)"",""fetch(peach)"",""open_container_then_retrieve(cabinet,peach)"",""relocate(peach,table)"",""multi_object_sequence(2)""],""plan_length"":8}","[""state_change"",""fetch"",""relocate"",""fetch"",""relocate""]","[""fetch"",""fetch"",""fetch"",""fetch"",""relocate""]",False,0.6,False,0.6,5,1,0.2,False,False,False,False
instance,541,"{""object_count"":1,""ordered_units"":[""fetch(pear)"",""fetch(knife)"",""relocate(pear,wooden cutting board)"",""state_change(interact,knife)""],""plan_length"":6}","[""fetch"",""fetch"",""relocate"",""state_change""]","[""fetch"",""fetch"",""state_change""]",False,0.8571428571428571,False,0.75,3,1,0.3333333333333333,False,False,False,False
instance,547,"{""object_count"":1,""ordered_units"":[""fetch(apple)"",""relocate(apple,table)""],""plan_length"":5}","[""fetch"",""relocate""]","[""state_change"",""state_change"",""fetch"",""relocate""]",False,0.6666666666666666,False,1.0,4,0,0.0,False,False,False,True
instance,552,"{""object_count"":2,""ordered_units"":[""fetch(pear)"",""fetch(knife)"",""fetch(tomato)"",""relocate(pear,wooden cutting board)"",""relocate(tomato,wooden cutting board)"",""state_change(interact,knife)"",""multi_object_sequence(2)""],""plan_length"":9}","[""fetch"",""fetch"",""fetch"",""relocate"",""relocate"",""state_change""]",[],False,0.0,False,0.0,0,0,,False,False,False,False
instance,556,"{""object_count"":1,""ordered_units"":[""fetch(cup)"",""relocate(cup,kitchen work area)""],""plan_length"":5}","[""fetch"",""relocate""]","[""fetch"",""relocate""]",True,1.0,True,1.0,2,0,0.0,False,False,False,False
instance,559,"{""object_count"":2,""ordered_units"":[""state_change(open,cabinet)"",""fetch(tomato)"",""relocate(tomato,table)"",""fetch(apple)"",""open_container_then_retrieve(cabinet,apple)"",""relocate(apple,table)"",""multi_object_sequence(2)""],""plan_length"":8}","[""state_change"",""fetch"",""relocate"",""fetch"",""relocate""]","[""state_change"",""relocate""]",False,0.5714285714285714,False,0.4,2,1,0.5,False,False,False,False
instance,564,"{""object_count"":2,""ordered_units"":[""state_change(open,cabinet)"",""fetch(bowl)"",""relocate(bowl,kitchen island area)"",""fetch(tomato)"",""open_container_then_retrieve(cabinet,tomato)"",""relocate(tomato,bowl)"",""multi_object_sequence(2)""],""plan_length"":8}","[""state_change"",""fetch"",""relocate"",""fetch"",""relocate""]","[""fetch"",""relocate""]",False,0.5714285714285714,False,0.4,2,1,0.5,False,False,False,False
instance,571,"{""object_count"":1,""ordered_units"":[""fetch(knife)"",""fetch(apple)"",""relocate(apple,wooden cutting board)"",""state_change(interact,knife)""],""plan_length"":6}","[""fetch"",""fetch"",""relocate"",""state_change""]","[""fetch"",""fetch"",""relocate"",""fetch"",""state_change""]",False,0.8888888888888888,False,1.0,5,0,0.0,False,False,False,False
instance,572,"{""object_count"":2,""ordered_units"":[""fetch(bread)"",""fetch(plate)"",""relocate(bread,toaster)"",""relocate(plate,kitchen island area)"",""state_change(interact,toaster)"",""multi_object_sequence(2)""],""plan_length"":6}","[""fetch"",""fetch"",""relocate"",""relocate"",""state_change""]","[""fetch"",""relocate"",""state_change"",""fetch"",""relocate""]",True,1.0,False,0.6,5,0,0.0,False,False,False,False
instance,576,"{""object_count"":2,""ordered_units"":[""fetch(apple)"",""fetch(pear)"",""relocate(apple,bowl)"",""relocate(pear,bowl)"",""multi_object_sequence(2)""],""plan_length"":5}","[""fetch"",""fetch"",""relocate"",""relocate""]","[""fetch"",""fetch"",""relocate"",""relocate""]",True,1.0,True,1.0,4,1,0.25,False,False,True,True
instance,578,"{""object_count"":2,""ordered_units"":[""fetch(tomato)"",""state_change(open,cabinet)"",""relocate(tomato,table)"",""fetch(peach)"",""open_container_then_retrieve(cabinet,peach)"",""relocate(peach,table)"",""multi_object_sequence(2)""],""plan_length"":8}","[""fetch"",""state_change"",""relocate"",""fetch"",""relocate""]","[""state_change"",""state_change"",""fetch"",""fetch"",""state_change"",""state_change""]",False,0.5454545454545454,False,0.4,6,1,0.16666666666666666,False,False,False,False
instance,580,"{""object_count"":1,""ordered_units"":[""fetch(peach)"",""relocate(peach,table)""],""plan_length"":5}","[""fetch"",""relocate""]","[""state_change"",""fetch"",""fetch""]",False,0.4,False,0.5,3,2,0.6666666666666666,False,False,False,True
instance,583,"{""object_count"":1,""ordered_units"":[""fetch(peach)"",""relocate(peach,table)""],""plan_length"":5}","[""fetch"",""relocate""]","[""state_change"",""state_change"",""fetch"",""fetch"",""relocate""]",False,0.5714285714285714,False,1.0,5,0,0.0,False,False,False,True
instance,584,"{""object_count"":2,""ordered_units"":[""fetch(plate)"",""state_change(open,cabinet)"",""relocate(plate,kitchen island area)"",""fetch(apple)"",""open_container_then_retrieve(cabinet,apple)"",""relocate(apple,plate)"",""multi_object_sequence(2)""],""plan_length"":8}","[""fetch"",""state_change"",""relocate"",""fetch"",""relocate""]","[""relocate"",""fetch"",""relocate""]",False,0.75,False,0.6,3,1,0.3333333333333333,False,False,False,False
instance,588,"{""object_count"":1,""ordered_units"":[""fetch(banana)"",""relocate(banana,table)""],""plan_length"":5}","[""fetch"",""relocate""]","[""state_change"",""state_change"",""fetch"",""fetch"",""relocate"",""relocate""]",False,0.5,False,1.0,6,2,0.3333333333333333,False,False,False,True
instance,591,"{""object_count"":1,""ordered_units"":[""fetch(pumpkin)"",""relocate(pumpkin,kitchen work area)""],""plan_length"":5}","[""fetch"",""relocate""]","[""fetch"",""relocate""]",True,1.0,True,1.0,2,0,0.0,False,False,False,False
instance,595,"{""object_count"":1,""ordered_units"":[""fetch(apple)"",""relocate(apple,sink)"",""state_change(interact,sink)"",""fetch(apple)"",""check_then_act(sink,apple)"",""relocate(apple,plate)""],""plan_length"":11}","[""fetch"",""relocate"",""state_change"",""fetch"",""relocate""]","[""fetch"",""state_change"",""relocate""]",False,0.75,False,0.6,3,0,0.0,False,False,False,False
instance,597,"{""object_count"":1,""ordered_units"":[""state_change(open,cabinet)"",""fetch(banana)"",""open_container_then_retrieve(cabinet,banana)"",""relocate(banana,plate)""],""plan_length"":8}","[""state_change"",""fetch"",""relocate""]","[""fetch"",""fetch"",""relocate""]",False,0.6666666666666666,False,0.6666666666666666,3,1,0.3333333333333333,False,False,False,False
instance,600,"{""object_count"":2,""ordered_units"":[""fetch(pear)"",""fetch(knife)"",""fetch(tomato)"",""relocate(pear,wooden cutting board)"",""relocate(tomato,wooden cutting board)"",""state_change(interact,knife)"",""multi_object_sequence(2)""],""plan_length"":9}","[""fetch"",""fetch"",""fetch"",""relocate"",""relocate"",""state_change""]","[""fetch"",""relocate"",""fetch"",""relocate"",""fetch""]",False,0.9090909090909091,False,0.5,5,0,0.0,False,False,False,False
instance,602,"{""object_count"":2,""ordered_units"":[""fetch(fork)"",""fetch(bread)"",""state_change(open,cabinet)"",""relocate(fork,cabinet)"",""relocate(bread,cabinet)"",""multi_object_sequence(2)""],""plan_length"":7}","[""fetch"",""fetch"",""state_change"",""relocate"",""relocate""]","[""fetch"",""fetch"",""state_change"",""relocate"",""relocate"",""state_change""]",False,0.9090909090909091,False,1.0,6,3,0.5,False,False,False,False
instance,604,"{""object_count"":1,""ordered_units"":[""fetch(tomato)"",""relocate(tomato,table)""],""plan_length"":5}","[""fetch"",""relocate""]","[""fetch"",""fetch"",""relocate""]",False,0.8,False,1.0,3,1,0.3333333333333333,False,False,True,False
instance,607,"{""object_count"":2,""ordered_units"":[""fetch(bowl)"",""fetch(bread)"",""relocate(bowl,kitchen work area)"",""relocate(bread,toaster)"",""state_change(interact,toaster)"",""multi_object_sequence(2)""],""plan_length"":6}","[""fetch"",""fetch"",""relocate"",""relocate"",""state_change""]","[""fetch"",""relocate"",""state_change"",""fetch"",""relocate""]",True,1.0,False,0.6,5,0,0.0,False,False,False,False
instance,617,"{""object_count"":1,""ordered_units"":[""fetch(peach)"",""fetch(knife)"",""relocate(peach,wooden cutting board)"",""state_change(interact,knife)""],""plan_length"":6}","[""fetch"",""fetch"",""relocate"",""state_change""]","[""fetch"",""fetch"",""fetch"",""state_change""]",False,0.75,False,0.75,4,0,0.0,False,False,False,False
instance,629,"{""object_count"":1,""ordered_units"":[""fetch(peach)"",""relocate(peach,table)""],""plan_length"":5}","[""fetch"",""relocate""]","[""state_change"",""state_change"",""fetch"",""fetch"",""fetch"",""fetch"",""relocate"",""relocate""]",False,0.4,False,1.0,8,2,0.25,False,False,False,False
instance,631,"{""object_count"":2,""ordered_units"":[""state_change(open,cabinet)"",""fetch(banana)"",""relocate(banana,table)"",""fetch(peach)"",""open_container_then_retrieve(cabinet,peach)"",""relocate(peach,table)"",""multi_object_sequence(2)""],""plan_length"":8}","[""state_change"",""fetch"",""relocate"",""fetch"",""relocate""]","[""state_change"",""fetch"",""fetch""]",False,0.75,False,0.6,3,2,0.6666666666666666,False,False,False,False
instance,633,"{""object_count"":1,""ordered_units"":[""fetch(banana)"",""relocate(banana,plate)""],""plan_length"":5}","[""fetch"",""relocate""]","[""fetch"",""fetch"",""relocate"",""state_change"",""fetch"",""fetch"",""relocate""]",False,0.4444444444444444,False,1.0,7,0,0.0,False,False,False,True
instance,635,"{""object_count"":2,""ordered_units"":[""fetch(bread)"",""fetch(banana)"",""relocate(bread,bowl)"",""relocate(banana,bowl)"",""multi_object_sequence(2)""],""plan_length"":5}","[""fetch"",""fetch"",""relocate"",""relocate""]","[""fetch"",""fetch"",""relocate"",""relocate""]",True,1.0,True,1.0,4,0,0.0,False,False,True,True
instance,637,"{""object_count"":1,""ordered_units"":[""fetch(apple)"",""relocate(apple,table)""],""plan_length"":5}","[""fetch"",""relocate""]","[""state_change"",""relocate""]",False,0.5,False,0.5,2,1,0.5,False,False,False,False
instance,642,"{""object_count"":1,""ordered_units"":[""fetch(pear)"",""fetch(knife)"",""relocate(pear,wooden cutting board)"",""state_change(interact,knife)""],""plan_length"":6}","[""fetch"",""fetch"",""relocate"",""state_change""]","[""fetch"",""relocate"",""fetch"",""state_change""]",True,1.0,False,0.75,4,0,0.0,False,False,False,False
instance,654,"{""object_count"":2,""ordered_units"":[""fetch(knife)"",""fetch(pear)"",""fetch(tomato)"",""relocate(pear,wooden cutting board)"",""relocate(tomato,wooden cutting board)"",""state_change(interact,knife)"",""multi_object_sequence(2)""],""plan_length"":9}","[""fetch"",""fetch"",""fetch"",""relocate"",""relocate"",""state_change""]",[],False,0.0,False,0.0,0,0,,False,False,False,False
instance,655,"{""object_count"":2,""ordered_units"":[""fetch(peach)"",""fetch(knife)"",""fetch(tomato)"",""relocate(peach,wooden cutting board)"",""relocate(tomato,wooden cutting board)"",""state_change(interact,knife)"",""multi_object_sequence(2)""],""plan_length"":9}","[""fetch"",""fetch"",""fetch"",""relocate"",""relocate"",""state_change""]","[""fetch"",""fetch"",""fetch"",""fetch"",""state_change"",""state_change""]",False,0.6666666666666666,False,0.6666666666666666,6,0,0.0,False,False,False,False
instance,657,"{""object_count"":2,""ordered_units"":[""fetch(scissors)"",""fetch(apple)"",""state_change(open,cabinet)"",""relocate(scissors,cabinet)"",""relocate(apple,cabinet)"",""multi_object_sequence(2)""],""plan_length"":7}","[""fetch"",""fetch"",""state_change"",""relocate"",""relocate""]","[""fetch"",""fetch"",""relocate"",""relocate""]",False,0.8888888888888888,False,0.8,4,0,0.0,False,False,False,False
instance,658,"{""object_count"":1,""ordered_units"":[""fetch(bread)"",""relocate(bread,plate)""],""plan_length"":5}","[""fetch"",""relocate""]","[""fetch"",""fetch"",""relocate""]",False,0.8,False,1.0,3,0,0.0,False,False,False,False
instance,659,"{""object_count"":1,""ordered_units"":[""fetch(apple)"",""relocate(apple,table)""],""plan_length"":5}","[""fetch"",""relocate""]","[""fetch"",""fetch"",""fetch"",""relocate""]",False,0.6666666666666666,False,1.0,4,1,0.25,False,False,False,True
instance,663,"{""object_count"":1,""ordered_units"":[""fetch(knife)"",""fetch(peach)"",""relocate(peach,wooden cutting board)"",""state_change(interact,knife)""],""plan_length"":6}","[""fetch"",""fetch"",""relocate"",""state_change""]","[""relocate"",""relocate"",""state_change""]",False,0.5714285714285714,False,0.5,3,0,0.0,False,False,False,False
instance,677,"{""object_count"":2,""ordered_units"":[""fetch(pear)"",""fetch(knife)"",""fetch(tomato)"",""relocate(pear,wooden cutting board)"",""relocate(tomato,wooden cutting board)"",""state_change(interact,knife)"",""multi_object_sequence(2)""],""plan_length"":9}","[""fetch"",""fetch"",""fetch"",""relocate"",""relocate"",""state_change""]","[""fetch"",""fetch"",""relocate"",""relocate"",""state_change""]",False,0.9090909090909091,False,0.8333333333333334,5,0,0.0,False,False,False,False
instance,681,"{""object_count"":1,""ordered_units"":[""fetch(tomato)"",""relocate(tomato,table)""],""plan_length"":5}","[""fetch"",""relocate""]","[""state_change"",""state_change"",""fetch"",""fetch"",""relocate"",""relocate""]",False,0.5,False,1.0,6,2,0.3333333333333333,False,False,False,False
instance,684,"{""object_count"":2,""ordered_units"":[""fetch(meat)"",""fetch(pear)"",""relocate(meat,plate)"",""relocate(pear,plate)"",""multi_object_sequence(2)""],""plan_length"":8}","[""fetch"",""fetch"",""relocate"",""relocate""]","[""fetch"",""relocate"",""fetch"",""relocate""]",True,1.0,False,0.75,4,0,0.0,False,False,False,False
instance,692,"{""object_count"":1,""ordered_units"":[""state_change(push,cardboardbox,R2)"",""fetch(peach)"",""relocate(peach,cardboardbox)"",""state_change(push,cardboardbox,R3)"",""fetch(peach)"",""relocate(peach,sink)""],""plan_length"":7}","[""state_change"",""fetch"",""relocate"",""state_change"",""fetch"",""relocate""]","[""fetch"",""state_change"",""relocate"",""relocate"",""fetch"",""relocate""]",False,0.8333333333333334,False,0.6666666666666666,6,2,0.3333333333333333,False,False,False,False
instance,697,"{""object_count"":1,""ordered_units"":[""fetch(pear)"",""fetch(knife)"",""relocate(pear,wooden cutting board)"",""state_change(interact,knife)""],""plan_length"":6}","[""fetch"",""fetch"",""relocate"",""state_change""]","[""fetch"",""relocate"",""fetch""]",False,0.8571428571428571,False,0.5,3,0,0.0,False,False,False,False
instance,702,"{""object_count"":1,""ordered_units"":[""fetch(bottle)"",""relocate(bottle,kitchen island area)""],""plan_length"":5}","[""fetch"",""relocate""]","[""fetch"",""relocate""]",True,1.0,True,1.0,2,0,0.0,False,False,False,False
instance,706,"{""object_count"":1,""ordered_units"":[""fetch(pear)"",""relocate(pear,sink)"",""state_change(interact,sink)"",""fetch(pear)"",""check_then_act(sink,pear)"",""relocate(pear,plate)""],""plan_length"":11}","[""fetch"",""relocate"",""state_change"",""fetch"",""relocate""]","[""fetch"",""state_change"",""relocate""]",False,0.75,False,0.6,3,0,0.0,False,False,False,False
instance,718,"{""object_count"":1,""ordered_units"":[""fetch(apple)"",""fetch(knife)"",""relocate(apple,wooden cutting board)"",""state_change(interact,knife)""],""plan_length"":6}","[""fetch"",""fetch"",""relocate"",""state_change""]","[""fetch"",""relocate"",""fetch"",""state_change""]",True,1.0,False,0.75,4,0,0.0,False,False,False,False
instance,719,"{""object_count"":1,""ordered_units"":[""fetch(pear)"",""relocate(pear,table)""],""plan_length"":5}","[""fetch"",""relocate""]","[""state_change"",""state_change"",""fetch"",""fetch"",""fetch"",""fetch"",""relocate"",""relocate""]",False,0.4,False,1.0,8,2,0.25,False,False,False,True
instance,721,"{""object_count"":1,""ordered_units"":[""fetch(banana)"",""relocate(banana,bowl)""],""plan_length"":5}","[""fetch"",""relocate""]","[""fetch"",""fetch"",""fetch"",""state_change"",""fetch"",""fetch"",""fetch"",""fetch"",""fetch"",""fetch"",""fetch"",""fetch"",""relocate""]",False,0.26666666666666666,False,1.0,13,0,0.0,False,False,False,False
instance,722,"{""object_count"":1,""ordered_units"":[""fetch(bread)"",""relocate(bread,plate)""],""plan_length"":5}","[""fetch"",""relocate""]","[""state_change"",""relocate""]",False,0.5,False,0.5,2,0,0.0,False,False,False,False
instance,725,"{""object_count"":1,""ordered_units"":[""fetch(peach)"",""fetch(knife)"",""relocate(peach,wooden cutting board)"",""state_change(interact,knife)""],""plan_length"":6}","[""fetch"",""fetch"",""relocate"",""state_change""]","[""state_change""]",False,0.4,False,0.25,1,1,1.0,True,False,False,False
instance,726,"{""object_count"":2,""ordered_units"":[""fetch(bread)"",""fetch(spoon)"",""state_change(open,cabinet)"",""relocate(bread,cabinet)"",""relocate(spoon,cabinet)"",""multi_object_sequence(2)""],""plan_length"":7}","[""fetch"",""fetch"",""state_change"",""relocate"",""relocate""]","[""fetch"",""fetch"",""relocate"",""relocate""]",False,0.8888888888888888,False,0.8,4,0,0.0,False,False,False,False
instance,730,"{""object_count"":1,""ordered_units"":[""fetch(apple)"",""relocate(apple,sink)"",""state_change(interact,sink)"",""fetch(apple)"",""check_then_act(sink,apple)"",""relocate(apple,plate)""],""plan_length"":11}","[""fetch"",""relocate"",""state_change"",""fetch"",""relocate""]","[""fetch"",""state_change"",""relocate""]",False,0.75,False,0.6,3,0,0.0,False,False,False,False
instance,737,"{""object_count"":2,""ordered_units"":[""fetch(pumpkin)"",""fetch(knife)"",""state_change(open,cabinet)"",""relocate(pumpkin,cabinet)"",""relocate(knife,cabinet)"",""multi_object_sequence(2)""],""plan_length"":7}","[""fetch"",""fetch"",""state_change"",""relocate"",""relocate""]","[""fetch"",""fetch""]",False,0.5714285714285714,False,0.4,2,0,0.0,False,False,False,False
instance,738,"{""object_count"":1,""ordered_units"":[""fetch(peach)"",""relocate(peach,sink)"",""state_change(interact,sink)"",""fetch(peach)"",""check_then_act(sink,peach)"",""relocate(peach,plate)""],""plan_length"":11}","[""fetch"",""relocate"",""state_change"",""fetch"",""relocate""]","[""fetch"",""state_change"",""relocate""]",False,0.75,False,0.6,3,0,0.0,False,False,False,False
instance,742,"{""object_count"":2,""ordered_units"":[""fetch(banana)"",""state_change(open,cabinet)"",""relocate(banana,table)"",""fetch(pear)"",""open_container_then_retrieve(cabinet,pear)"",""relocate(pear,table)"",""multi_object_sequence(2)""],""plan_length"":8}","[""fetch"",""state_change"",""relocate"",""fetch"",""relocate""]","[""state_change"",""state_change"",""fetch"",""relocate"",""fetch"",""relocate""]",False,0.9090909090909091,False,0.8,6,1,0.16666666666666666,False,False,False,False
instance,751,"{""object_count"":2,""ordered_units"":[""fetch(pear)"",""fetch(tomato)"",""relocate(pear,bowl)"",""relocate(tomato,bowl)"",""multi_object_sequence(2)""],""plan_length"":5}","[""fetch"",""fetch"",""relocate"",""relocate""]","[""fetch"",""fetch""]",False,0.6666666666666666,False,0.5,2,0,0.0,False,False,True,True
instance,757,"{""object_count"":2,""ordered_units"":[""state_change(open,cabinet)"",""fetch(banana)"",""relocate(banana,table)"",""fetch(apple)"",""open_container_then_retrieve(cabinet,apple)"",""relocate(apple,table)"",""multi_object_sequence(2)""],""plan_length"":8}","[""state_change"",""fetch"",""relocate"",""fetch"",""relocate""]","[""state_change"",""state_change"",""state_change"",""fetch"",""fetch""]",False,0.6,False,0.6,5,2,0.4,False,False,False,False
instance,758,"{""object_count"":0,""ordered_units"":[""state_change(interact,drawer)""],""plan_length"":2}","[""state_change""]",[],False,0.0,False,0.0,0,0,,False,False,True,True
instance,764,"{""object_count"":1,""ordered_units"":[""fetch(peach)"",""relocate(peach,table)""],""plan_length"":5}","[""fetch"",""relocate""]","[""state_change"",""state_change"",""fetch"",""fetch""]",False,0.3333333333333333,False,0.5,4,2,0.5,False,False,False,True
instance,768,"{""object_count"":1,""ordered_units"":[""fetch(cup)"",""relocate(cup,kitchen work area)""],""plan_length"":5}","[""fetch"",""relocate""]","[""fetch"",""relocate""]",True,1.0,True,1.0,2,0,0.0,False,False,False,False
instance,769,"{""object_count"":2,""ordered_units"":[""fetch(pizza)"",""fetch(meat)"",""relocate(pizza,plate)"",""relocate(meat,plate)"",""multi_object_sequence(2)""],""plan_length"":5}","[""fetch"",""fetch"",""relocate"",""relocate""]","[""fetch"",""relocate"",""fetch"",""relocate""]",True,1.0,False,0.75,4,0,0.0,False,False,False,False
instance,776,"{""object_count"":2,""ordered_units"":[""state_change(open,cabinet)"",""fetch(tomato)"",""relocate(tomato,table)"",""fetch(pear)"",""open_container_then_retrieve(cabinet,pear)"",""relocate(pear,table)"",""multi_object_sequence(2)""],""plan_length"":8}","[""state_change"",""fetch"",""relocate"",""fetch"",""relocate""]","[""fetch"",""fetch"",""relocate""]",False,0.75,False,0.6,3,1,0.3333333333333333,False,False,False,False
instance,783,"{""object_count"":2,""ordered_units"":[""state_change(open,cabinet)"",""fetch(plate)"",""relocate(plate,kitchen island area)"",""fetch(tomato)"",""open_container_then_retrieve(cabinet,tomato)"",""relocate(tomato,plate)"",""multi_object_sequence(2)""],""plan_length"":8}","[""state_change"",""fetch"",""relocate"",""fetch"",""relocate""]","[""relocate"",""fetch"",""relocate""]",False,0.75,False,0.6,3,2,0.6666666666666666,False,False,False,False
instance,790,"{""object_count"":2,""ordered_units"":[""fetch(tomato)"",""state_change(open,cabinet)"",""relocate(tomato,table)"",""fetch(pear)"",""open_container_then_retrieve(cabinet,pear)"",""relocate(pear,table)"",""multi_object_sequence(2)""],""plan_length"":8}","[""fetch"",""state_change"",""relocate"",""fetch"",""relocate""]","[""state_change"",""relocate"",""state_change"",""relocate""]",False,0.6666666666666666,False,0.6,4,1,0.25,False,False,False,False
instance,797,"{""object_count"":1,""ordered_units"":[""fetch(knife)"",""fetch(apple)"",""relocate(apple,wooden cutting board)"",""state_change(interact,knife)""],""plan_length"":6}","[""fetch"",""fetch"",""relocate"",""state_change""]","[""fetch"",""relocate"",""fetch"",""state_change""]",True,1.0,False,0.75,4,1,0.25,False,False,False,False
instance,801,"{""object_count"":2,""ordered_units"":[""fetch(apple)"",""fetch(knife)"",""fetch(banana)"",""relocate(apple,wooden cutting board)"",""relocate(banana,wooden cutting board)"",""state_change(interact,knife)"",""multi_object_sequence(2)""],""plan_length"":9}","[""fetch"",""fetch"",""fetch"",""relocate"",""relocate"",""state_change""]",[],False,0.0,False,0.0,0,0,,False,False,False,False
instance,802,"{""object_count"":1,""ordered_units"":[""fetch(cardboardbox)"",""relocate(cardboardbox,kitchen work area)""],""plan_length"":5}","[""fetch"",""relocate""]","[""relocate""]",False,0.6666666666666666,False,0.5,1,0,0.0,False,False,False,False
instance,807,"{""object_count"":2,""ordered_units"":[""fetch(banana)"",""fetch(meat)"",""relocate(banana,plate)"",""relocate(meat,plate)"",""multi_object_sequence(2)""],""plan_length"":5}","[""fetch"",""fetch"",""relocate"",""relocate""]","[""fetch"",""relocate"",""fetch"",""relocate""]",True,1.0,False,0.75,4,0,0.0,False,False,True,True
instance,813,"{""object_count"":1,""ordered_units"":[""fetch(knife)"",""fetch(apple)"",""relocate(apple,wooden cutting board)"",""state_change(interact,knife)""],""plan_length"":6}","[""fetch"",""fetch"",""relocate"",""state_change""]","[""fetch"",""relocate"",""fetch"",""state_change""]",True,1.0,False,0.75,4,0,0.0,False,False,False,False
instance,817,"{""object_count"":2,""ordered_units"":[""fetch(apple)"",""fetch(green peas)"",""relocate(apple,bowl)"",""relocate(green peas,bowl)"",""multi_object_sequence(2)""],""plan_length"":8}","[""fetch"",""fetch"",""relocate"",""relocate""]","[""fetch"",""relocate"",""fetch"",""relocate""]",True,1.0,False,0.75,4,0,0.0,False,False,False,False
instance,820,"{""object_count"":2,""ordered_units"":[""fetch(bread)"",""fetch(bowl)"",""relocate(bread,toaster)"",""relocate(bowl,kitchen island area)"",""state_change(interact,toaster)"",""multi_object_sequence(2)""],""plan_length"":6}","[""fetch"",""fetch"",""relocate"",""relocate"",""state_change""]","[""relocate""]",False,0.3333333333333333,False,0.2,1,0,0.0,False,False,False,False
instance,825,"{""object_count"":2,""ordered_units"":[""fetch(tomato)"",""state_change(open,cabinet)"",""relocate(tomato,table)"",""fetch(peach)"",""open_container_then_retrieve(cabinet,peach)"",""relocate(peach,table)"",""multi_object_sequence(2)""],""plan_length"":8}","[""fetch"",""state_change"",""relocate"",""fetch"",""relocate""]","[""state_change"",""state_change"",""fetch"",""fetch"",""fetch"",""fetch"",""relocate"",""relocate""]",False,0.7692307692307693,False,0.6,8,2,0.25,False,False,False,False
instance,827,"{""object_count"":2,""ordered_units"":[""fetch(plate)"",""fetch(bread)"",""relocate(plate,kitchen work area)"",""relocate(bread,toaster)"",""state_change(interact,toaster)"",""multi_object_sequence(2)""],""plan_length"":6}","[""fetch"",""fetch"",""relocate"",""relocate"",""state_change""]","[""fetch"",""state_change"",""fetch"",""relocate""]",False,0.8888888888888888,False,0.6,4,1,0.25,False,False,False,True
instance,829,"{""object_count"":1,""ordered_units"":[""fetch(pear)"",""relocate(pear,sink)"",""state_change(interact,sink)"",""fetch(pear)"",""check_then_act(sink,pear)"",""relocate(pear,bowl)""],""plan_length"":11}","[""fetch"",""relocate"",""state_change"",""fetch"",""relocate""]",[],False,0.0,False,0.0,0,0,,False,False,False,False
instance,836,"{""object_count"":0,""ordered_units"":[""state_change(interact,fridge)""],""plan_length"":2}","[""state_change""]",[],False,0.0,False,0.0,0,0,,False,False,True,True
instance,849,"{""object_count"":2,""ordered_units"":[""fetch(fork)"",""fetch(tomato)"",""state_change(open,cabinet)"",""relocate(fork,cabinet)"",""relocate(tomato,cabinet)"",""multi_object_sequence(2)""],""plan_length"":7}","[""fetch"",""fetch"",""state_change"",""relocate"",""relocate""]","[""fetch"",""relocate"",""fetch"",""relocate""]",False,0.8888888888888888,False,0.6,4,1,0.25,False,False,False,False
instance,851,"{""object_count"":1,""ordered_units"":[""fetch(bread)"",""relocate(bread,kitchen island area)""],""plan_length"":5}","[""fetch"",""relocate""]","[""fetch"",""relocate""]",True,1.0,True,1.0,2,0,0.0,False,False,False,False
instance,852,"{""object_count"":2,""ordered_units"":[""fetch(meat)"",""fetch(pumpkin)"",""relocate(meat,plate)"",""relocate(pumpkin,plate)"",""multi_object_sequence(2)""],""plan_length"":8}","[""fetch"",""fetch"",""relocate"",""relocate""]","[""fetch"",""relocate"",""fetch"",""relocate""]",True,1.0,False,0.75,4,0,0.0,False,False,False,False
instance,859,"{""object_count"":1,""ordered_units"":[""fetch(pear)"",""relocate(pear,table)""],""plan_length"":5}","[""fetch"",""relocate""]","[""state_change"",""state_change"",""fetch"",""fetch""]",False,0.3333333333333333,False,0.5,4,2,0.5,False,False,False,False
instance,862,"{""object_count"":2,""ordered_units"":[""fetch(meat)"",""fetch(banana)"",""relocate(meat,plate)"",""relocate(banana,plate)"",""multi_object_sequence(2)""],""plan_length"":5}","[""fetch"",""fetch"",""relocate"",""relocate""]","[""relocate"",""relocate""]",False,0.6666666666666666,False,0.5,2,0,0.0,False,False,True,True
instance,864,"{""object_count"":2,""ordered_units"":[""fetch(banana)"",""state_change(open,cabinet)"",""relocate(banana,table)"",""fetch(apple)"",""open_container_then_retrieve(cabinet,apple)"",""relocate(apple,table)"",""multi_object_sequence(2)""],""plan_length"":8}","[""fetch"",""state_change"",""relocate"",""fetch"",""relocate""]","[""state_change"",""state_change"",""fetch"",""fetch""]",False,0.6666666666666666,False,0.4,4,0,0.0,False,False,False,False
instance,869,"{""object_count"":2,""ordered_units"":[""fetch(scissors)"",""fetch(apple)"",""state_change(open,cabinet)"",""relocate(scissors,cabinet)"",""relocate(apple,cabinet)"",""multi_object_sequence(2)""],""plan_length"":7}","[""fetch"",""fetch"",""state_change"",""relocate"",""relocate""]","[""fetch"",""relocate"",""fetch"",""relocate""]",False,0.8888888888888888,False,0.6,4,1,0.25,False,False,False,False
instance,872,"{""object_count"":1,""ordered_units"":[""fetch(apple)"",""relocate(apple,table)""],""plan_length"":5}","[""fetch"",""relocate""]","[""fetch"",""fetch"",""fetch"",""fetch"",""fetch"",""fetch"",""fetch"",""fetch"",""relocate"",""relocate""]",False,0.3333333333333333,False,1.0,10,1,0.1,False,False,False,False
instance,874,"{""object_count"":1,""ordered_units"":[""fetch(peach)"",""fetch(knife)"",""relocate(peach,wooden cutting board)"",""state_change(interact,knife)""],""plan_length"":6}","[""fetch"",""fetch"",""relocate"",""state_change""]","[""fetch"",""relocate"",""fetch"",""state_change""]",True,1.0,False,0.75,4,0,0.0,False,False,False,False
instance,879,"{""object_count"":1,""ordered_units"":[""fetch(knife)"",""fetch(pear)"",""relocate(pear,wooden cutting board)"",""state_change(interact,knife)""],""plan_length"":6}","[""fetch"",""fetch"",""relocate"",""state_change""]","[""fetch"",""fetch"",""relocate"",""state_change""]",True,1.0,True,1.0,4,0,0.0,False,False,False,False
instance,881,"{""object_count"":1,""ordered_units"":[""fetch(knife)"",""fetch(peach)"",""relocate(peach,wooden cutting board)"",""state_change(interact,knife)""],""plan_length"":6}","[""fetch"",""fetch"",""relocate"",""state_change""]","[""fetch"",""fetch"",""state_change""]",False,0.8571428571428571,False,0.75,3,0,0.0,False,False,False,False
instance,885,"{""object_count"":2,""ordered_units"":[""fetch(tomato)"",""fetch(bread)"",""relocate(tomato,bowl)"",""relocate(bread,bowl)"",""multi_object_sequence(2)""],""plan_length"":8}","[""fetch"",""fetch"",""relocate"",""relocate""]","[""fetch"",""relocate"",""fetch"",""relocate""]",True,1.0,False,0.75,4,0,0.0,False,False,False,False
instance,887,"{""object_count"":1,""ordered_units"":[""fetch(cooling fan)"",""relocate(cooling fan,kitchen island area)""],""plan_length"":5}","[""fetch"",""relocate""]","[""relocate""]",False,0.6666666666666666,False,0.5,1,0,0.0,False,False,False,False
instance,890,"{""object_count"":1,""ordered_units"":[""fetch(peach)"",""fetch(knife)"",""relocate(peach,wooden cutting board)"",""state_change(interact,knife)""],""plan_length"":6}","[""fetch"",""fetch"",""relocate"",""state_change""]","[""fetch"",""fetch"",""relocate"",""fetch""]",False,0.75,False,0.75,4,0,0.0,False,False,False,False
instance,897,"{""object_count"":2,""ordered_units"":[""state_change(open,cabinet)"",""fetch(plate)"",""relocate(plate,kitchen island area)"",""fetch(tomato)"",""open_container_then_retrieve(cabinet,tomato)"",""relocate(tomato,plate)"",""multi_object_sequence(2)""],""plan_length"":8}","[""state_change"",""fetch"",""relocate"",""fetch"",""relocate""]","[""fetch"",""relocate"",""fetch"",""relocate""]",False,0.8888888888888888,False,0.8,4,2,0.5,False,False,False,False
instance,899,"{""object_count"":1,""ordered_units"":[""fetch(plate)"",""relocate(plate,kitchen work area)""],""plan_length"":5}","[""fetch"",""relocate""]","[""fetch"",""relocate""]",True,1.0,True,1.0,2,0,0.0,False,False,False,False
instance,901,"{""object_count"":1,""ordered_units"":[""fetch(peach)"",""fetch(knife)"",""relocate(peach,wooden cutting board)"",""state_change(interact,knife)""],""plan_length"":6}","[""fetch"",""fetch"",""relocate"",""state_change""]","[""state_change""]",False,0.4,False,0.25,1,1,1.0,True,False,False,False
instance,903,"{""object_count"":2,""ordered_units"":[""fetch(spoon)"",""fetch(bread)"",""state_change(open,cabinet)"",""relocate(spoon,cabinet)"",""relocate(bread,cabinet)"",""multi_object_sequence(2)""],""plan_length"":7}","[""fetch"",""fetch"",""state_change"",""relocate"",""relocate""]","[""fetch"",""relocate"",""fetch"",""relocate""]",False,0.8888888888888888,False,0.6,4,0,0.0,False,False,False,False
instance,907,"{""object_count"":1,""ordered_units"":[""fetch(kettle)"",""relocate(kettle,kitchen work area)""],""plan_length"":5}","[""fetch"",""relocate""]","[""fetch"",""relocate""]",True,1.0,True,1.0,2,0,0.0,False,False,True,True
instance,910,"{""object_count"":2,""ordered_units"":[""fetch(apple)"",""fetch(scissors)"",""state_change(open,cabinet)"",""relocate(apple,cabinet)"",""relocate(scissors,cabinet)"",""multi_object_sequence(2)""],""plan_length"":7}","[""fetch"",""fetch"",""state_change"",""relocate"",""relocate""]","[""fetch"",""fetch"",""relocate"",""relocate""]",False,0.8888888888888888,False,0.8,4,0,0.0,False,False,False,False
instance,921,"{""object_count"":2,""ordered_units"":[""fetch(meat)"",""fetch(green peas)"",""relocate(meat,plate)"",""relocate(green peas,plate)"",""multi_object_sequence(2)""],""plan_length"":8}","[""fetch"",""fetch"",""relocate"",""relocate""]","[""fetch"",""fetch"",""fetch"",""relocate"",""relocate""]",False,0.8888888888888888,False,1.0,5,0,0.0,False,False,False,False
instance,923,"{""object_count"":2,""ordered_units"":[""state_change(open,cabinet)"",""fetch(bowl)"",""relocate(bowl,kitchen island area)"",""fetch(apple)"",""open_container_then_retrieve(cabinet,apple)"",""relocate(apple,bowl)"",""multi_object_sequence(2)""],""plan_length"":8}","[""state_change"",""fetch"",""relocate"",""fetch"",""relocate""]","[""fetch"",""relocate""]",False,0.5714285714285714,False,0.4,2,0,0.0,False,False,False,False
instance,924,"{""object_count"":1,""ordered_units"":[""fetch(tomato)"",""relocate(tomato,sink)"",""state_change(interact,sink)"",""fetch(tomato)"",""check_then_act(sink,tomato)"",""relocate(tomato,bowl)""],""plan_length"":11}","[""fetch"",""relocate"",""state_change"",""fetch"",""relocate""]",[],False,0.0,False,0.0,0,0,,False,False,False,False
instance,935,"{""object_count"":1,""ordered_units"":[""fetch(tomato)"",""relocate(tomato,table)""],""plan_length"":5}","[""fetch"",""relocate""]","[""fetch"",""fetch"",""relocate""]",False,0.8,False,1.0,3,1,0.3333333333333333,False,False,False,False
instance,937,"{""object_count"":1,""ordered_units"":[""fetch(peach)"",""relocate(peach,table)""],""plan_length"":5}","[""fetch"",""relocate""]","[""state_change"",""state_change"",""fetch"",""fetch"",""state_change"",""state_change""]",False,0.25,False,0.5,6,2,0.3333333333333333,False,False,False,False
instance,946,"{""object_count"":1,""ordered_units"":[""fetch(apple)"",""relocate(apple,sink)"",""state_change(interact,sink)"",""fetch(apple)"",""check_then_act(sink,apple)"",""relocate(apple,plate)""],""plan_length"":11}","[""fetch"",""relocate"",""state_change"",""fetch"",""relocate""]","[""fetch"",""state_change"",""relocate""]",False,0.75,False,0.6,3,0,0.0,False,False,False,False
instance,953,"{""object_count"":1,""ordered_units"":[""state_change(open,cabinet)"",""fetch(banana)"",""open_container_then_retrieve(cabinet,banana)"",""relocate(banana,plate)""],""plan_length"":8}","[""state_change"",""fetch"",""relocate""]","[""fetch"",""fetch"",""relocate""]",False,0.6666666666666666,False,0.6666666666666666,3,1,0.3333333333333333,False,False,False,False
instance,960,"{""object_count"":2,""ordered_units"":[""fetch(knife)"",""fetch(pear)"",""fetch(tomato)"",""relocate(pear,wooden cutting board)"",""relocate(tomato,wooden cutting board)"",""state_change(interact,knife)"",""multi_object_sequence(2)""],""plan_length"":9}","[""fetch"",""fetch"",""fetch"",""relocate"",""relocate"",""state_change""]","[""fetch"",""fetch"",""state_change"",""fetch"",""state_change""]",False,0.7272727272727273,False,0.6666666666666666,5,0,0.0,False,False,False,False
instance,965,"{""object_count"":2,""ordered_units"":[""state_change(open,cabinet)"",""fetch(banana)"",""relocate(banana,table)"",""fetch(apple)"",""open_container_then_retrieve(cabinet,apple)"",""relocate(apple,table)"",""multi_object_sequence(2)""],""plan_length"":8}","[""state_change"",""fetch"",""relocate"",""fetch"",""relocate""]","[""state_change"",""state_change"",""fetch"",""fetch"",""relocate"",""relocate""]",False,0.9090909090909091,False,0.8,6,2,0.3333333333333333,False,False,False,False
instance,977,"{""object_count"":1,""ordered_units"":[""fetch(knife)"",""fetch(pear)"",""relocate(pear,wooden cutting board)"",""state_change(interact,knife)""],""plan_length"":6}","[""fetch"",""fetch"",""relocate"",""state_change""]","[""fetch"",""relocate"",""fetch"",""state_change""]",True,1.0,False,0.75,4,0,0.0,False,False,False,False
instance,979,"{""object_count"":1,""ordered_units"":[""fetch(pear)"",""fetch(knife)"",""relocate(pear,wooden cutting board)"",""state_change(interact,knife)""],""plan_length"":6}","[""fetch"",""fetch"",""relocate"",""state_change""]","[""fetch"",""relocate"",""fetch""]",False,0.8571428571428571,False,0.5,3,0,0.0,False,False,False,False
instance,984,"{""object_count"":2,""ordered_units"":[""fetch(fork)"",""fetch(peach)"",""state_change(open,cabinet)"",""relocate(fork,cabinet)"",""relocate(peach,cabinet)"",""multi_object_sequence(2)""],""plan_length"":7}","[""fetch"",""fetch"",""state_change"",""relocate"",""relocate""]","[""fetch"",""fetch"",""relocate"",""relocate""]",False,0.8888888888888888,False,0.8,4,1,0.25,False,False,False,False
instance,990,"{""object_count"":1,""ordered_units"":[""fetch(tomato)"",""relocate(tomato,sink)"",""state_change(interact,sink)"",""fetch(tomato)"",""check_then_act(sink,tomato)"",""relocate(tomato,bowl)""],""plan_length"":11}","[""fetch"",""relocate"",""state_change"",""fetch"",""relocate""]","[""fetch"",""state_change"",""relocate""]",False,0.75,False,0.6,3,0,0.0,False,False,False,False
instance,994,"{""object_count"":1,""ordered_units"":[""fetch(bread)"",""relocate(bread,bowl)""],""plan_length"":5}","[""fetch"",""relocate""]","[""state_change"",""state_change"",""state_change"",""fetch"",""relocate""]",False,0.5714285714285714,False,1.0,5,0,0.0,False,False,False,False
instance,995,"{""object_count"":2,""ordered_units"":[""fetch(bread)"",""fetch(apple)"",""relocate(bread,plate)"",""relocate(apple,plate)"",""multi_object_sequence(2)""],""plan_length"":5}","[""fetch"",""fetch"",""relocate"",""relocate""]","[""fetch"",""fetch"",""fetch"",""relocate"",""relocate""]",False,0.8888888888888888,False,1.0,5,0,0.0,False,False,False,False
instance,1003,"{""object_count"":1,""ordered_units"":[""fetch(apple)"",""relocate(apple,sink)"",""state_change(interact,sink)"",""fetch(apple)"",""check_then_act(sink,apple)"",""relocate(apple,plate)""],""plan_length"":11}","[""fetch"",""relocate"",""state_change"",""fetch"",""relocate""]","[""fetch"",""relocate""]",False,0.5714285714285714,False,0.4,2,0,0.0,False,False,False,False
instance,1016,"{""object_count"":1,""ordered_units"":[""fetch(tomato)"",""relocate(tomato,table)""],""plan_length"":5}","[""fetch"",""relocate""]","[""state_change"",""state_change"",""fetch"",""fetch"",""fetch"",""fetch"",""relocate"",""relocate""]",False,0.4,False,1.0,8,2,0.25,False,False,False,False
instance,1020,"{""object_count"":2,""ordered_units"":[""fetch(bread)"",""fetch(spoon)"",""state_change(open,cabinet)"",""relocate(bread,cabinet)"",""relocate(spoon,cabinet)"",""multi_object_sequence(2)""],""plan_length"":7}","[""fetch"",""fetch"",""state_change"",""relocate"",""relocate""]","[""fetch"",""fetch"",""relocate"",""relocate""]",False,0.8888888888888888,False,0.8,4,0,0.0,False,False,False,False
instance,1023,"{""object_count"":1,""ordered_units"":[""fetch(fork)"",""relocate(fork,kitchen island area)""],""plan_length"":5}","[""fetch"",""relocate""]","[""fetch"",""relocate""]",True,1.0,True,1.0,2,0,0.0,False,False,False,False
instance,1025,"{""object_count"":1,""ordered_units"":[""fetch(apple)"",""relocate(apple,table)""],""plan_length"":5}","[""fetch"",""relocate""]","[""state_change"",""state_change"",""fetch"",""fetch""]",False,0.3333333333333333,False,0.5,4,3,0.75,False,False,False,False
instance,1027,"{""object_count"":2,""ordered_units"":[""fetch(knife)"",""fetch(apple)"",""fetch(banana)"",""relocate(apple,wooden cutting board)"",""relocate(banana,wooden cutting board)"",""state_change(interact,knife)"",""multi_object_sequence(2)""],""plan_length"":9}","[""fetch"",""fetch"",""fetch"",""relocate"",""relocate"",""state_change""]","[""state_change"",""state_change""]",False,0.25,False,0.16666666666666666,2,0,0.0,False,False,False,False
instance,1035,"{""object_count"":1,""ordered_units"":[""fetch(peach)"",""relocate(peach,table)""],""plan_length"":5}","[""fetch"",""relocate""]","[""state_change"",""state_change"",""state_change"",""fetch"",""fetch""]",False,0.2857142857142857,False,0.5,5,2,0.4,False,False,False,False
instance,1037,"{""object_count"":2,""ordered_units"":[""fetch(bowl)"",""state_change(open,cabinet)"",""relocate(bowl,kitchen work area)"",""fetch(tomato)"",""open_container_then_retrieve(cabinet,tomato)"",""relocate(tomato,bowl)"",""multi_object_sequence(2)""],""plan_length"":8}","[""fetch"",""state_change"",""relocate"",""fetch"",""relocate""]","[""fetch"",""relocate""]",False,0.5714285714285714,False,0.4,2,1,0.5,False,False,False,False
instance,1038,"{""object_count"":1,""ordered_units"":[""fetch(kettle)"",""relocate(kettle,rack)""],""plan_length"":5}","[""fetch"",""relocate""]","[""fetch"",""relocate""]",True,1.0,True,1.0,2,0,0.0,False,False,False,False
instance,1051,"{""object_count"":1,""ordered_units"":[""fetch(knife)"",""fetch(pear)"",""relocate(pear,wooden cutting board)"",""state_change(interact,knife)""],""plan_length"":6}","[""fetch"",""fetch"",""relocate"",""state_change""]","[""fetch"",""fetch"",""relocate"",""fetch"",""state_change""]",False,0.8888888888888888,False,1.0,5,0,0.0,False,False,False,False
instance,1052,"{""object_count"":1,""ordered_units"":[""fetch(tomato)"",""relocate(tomato,sink)"",""state_change(interact,sink)"",""fetch(tomato)"",""check_then_act(sink,tomato)"",""relocate(tomato,bowl)""],""plan_length"":11}","[""fetch"",""relocate"",""state_change"",""fetch"",""relocate""]","[""state_change"",""relocate""]",False,0.5714285714285714,False,0.4,2,0,0.0,False,False,False,False
instance,1053,"{""object_count"":2,""ordered_units"":[""fetch(spoon)"",""fetch(apple)"",""state_change(open,cabinet)"",""relocate(spoon,cabinet)"",""relocate(apple,cabinet)"",""multi_object_sequence(2)""],""plan_length"":7}","[""fetch"",""fetch"",""state_change"",""relocate"",""relocate""]","[""fetch"",""fetch"",""relocate"",""relocate""]",False,0.8888888888888888,False,0.8,4,0,0.0,False,False,False,False
instance,1057,"{""object_count"":1,""ordered_units"":[""state_change(open,cabinet)"",""fetch(bread)"",""open_container_then_retrieve(cabinet,bread)"",""relocate(bread,bowl)""],""plan_length"":8}","[""state_change"",""fetch"",""relocate""]","[""fetch"",""fetch"",""fetch"",""fetch"",""fetch"",""state_change"",""relocate""]",False,0.6,False,0.6666666666666666,7,3,0.42857142857142855,False,False,False,False
instance,1062,"{""object_count"":1,""ordered_units"":[""fetch(apple)"",""relocate(apple,plate)""],""plan_length"":5}","[""fetch"",""relocate""]","[""state_change"",""fetch"",""relocate""]",False,0.8,False,1.0,3,0,0.0,False,False,False,False
instance,1063,"{""object_count"":1,""ordered_units"":[""fetch(knife)"",""fetch(peach)"",""relocate(peach,wooden cutting board)"",""state_change(interact,knife)""],""plan_length"":6}","[""fetch"",""fetch"",""relocate"",""state_change""]","[""fetch"",""fetch"",""relocate"",""fetch"",""state_change""]",False,0.8888888888888888,False,1.0,5,0,0.0,False,False,False,False
instance,1067,"{""object_count"":2,""ordered_units"":[""fetch(knife)"",""fetch(peach)"",""state_change(open,cabinet)"",""relocate(knife,cabinet)"",""relocate(peach,cabinet)"",""multi_object_sequence(2)""],""plan_length"":7}","[""fetch"",""fetch"",""state_change"",""relocate"",""relocate""]","[""fetch"",""relocate"",""fetch"",""relocate""]",False,0.8888888888888888,False,0.6,4,1,0.25,False,False,False,False
instance,1071,"{""object_count"":1,""ordered_units"":[""fetch(bread)"",""relocate(bread,plate)""],""plan_length"":5}","[""fetch"",""relocate""]","[""state_change"",""state_change"",""state_change"",""relocate""]",False,0.3333333333333333,False,0.5,4,0,0.0,False,False,False,False
instance,1079,"{""object_count"":1,""ordered_units"":[""fetch(pear)"",""fetch(knife)"",""relocate(pear,wooden cutting board)"",""state_change(interact,knife)""],""plan_length"":6}","[""fetch"",""fetch"",""relocate"",""state_change""]","[""fetch"",""relocate"",""fetch""]",False,0.8571428571428571,False,0.5,3,0,0.0,False,False,False,False
instance,1081,"{""object_count"":2,""ordered_units"":[""state_change(open,cabinet)"",""fetch(tomato)"",""relocate(tomato,table)"",""fetch(peach)"",""open_container_then_retrieve(cabinet,peach)"",""relocate(peach,table)"",""multi_object_sequence(2)""],""plan_length"":8}","[""state_change"",""fetch"",""relocate"",""fetch"",""relocate""]","[""state_change"",""state_change"",""fetch"",""fetch"",""state_change"",""state_change""]",False,0.5454545454545454,False,0.6,6,1,0.16666666666666666,False,False,False,False
instance,1082,"{""object_count"":2,""ordered_units"":[""fetch(pumpkin)"",""fetch(spoon)"",""state_change(open,cabinet)"",""relocate(pumpkin,cabinet)"",""relocate(spoon,cabinet)"",""multi_object_sequence(2)""],""plan_length"":7}","[""fetch"",""fetch"",""state_change"",""relocate"",""relocate""]","[""fetch"",""fetch"",""relocate""]",False,0.75,False,0.6,3,0,0.0,False,False,False,False
instance,1093,"{""object_count"":2,""ordered_units"":[""fetch(tomato)"",""fetch(green peas)"",""relocate(tomato,bowl)"",""relocate(green peas,bowl)"",""multi_object_sequence(2)""],""plan_length"":8}","[""fetch"",""fetch"",""relocate"",""relocate""]","[""fetch"",""relocate"",""fetch"",""relocate""]",True,1.0,False,0.75,4,0,0.0,False,False,False,False
instance,1099,"{""object_count"":1,""ordered_units"":[""fetch(pear)"",""relocate(pear,table)""],""plan_length"":5}","[""fetch"",""relocate""]","[""state_change"",""state_change"",""state_change"",""fetch"",""fetch"",""relocate"",""relocate""]",False,0.4444444444444444,False,1.0,7,1,0.14285714285714285,False,False,False,True
instance,1100,"{""object_count"":2,""ordered_units"":[""fetch(banana)"",""fetch(green peas)"",""relocate(banana,bowl)"",""relocate(green peas,bowl)"",""multi_object_sequence(2)""],""plan_length"":8}","[""fetch"",""fetch"",""relocate"",""relocate""]","[""fetch"",""relocate"",""fetch"",""relocate""]",True,1.0,False,0.75,4,0,0.0,False,False,False,False
instance,1102,"{""object_count"":1,""ordered_units"":[""fetch(apple)"",""relocate(apple,sink)"",""state_change(interact,sink)"",""fetch(apple)"",""check_then_act(sink,apple)"",""relocate(apple,plate)""],""plan_length"":11}","[""fetch"",""relocate"",""state_change"",""fetch"",""relocate""]","[""state_change"",""relocate""]",False,0.5714285714285714,False,0.4,2,0,0.0,False,False,False,False
instance,1114,"{""object_count"":2,""ordered_units"":[""fetch(pear)"",""fetch(knife)"",""fetch(banana)"",""relocate(pear,wooden cutting board)"",""relocate(banana,wooden cutting board)"",""state_change(interact,knife)"",""multi_object_sequence(2)""],""plan_length"":9}","[""fetch"",""fetch"",""fetch"",""relocate"",""relocate"",""state_change""]","[""state_change"",""state_change""]",False,0.25,False,0.16666666666666666,2,0,0.0,False,False,False,False
instance,1118,"{""object_count"":1,""ordered_units"":[""state_change(open,cabinet)"",""fetch(apple)"",""open_container_then_retrieve(cabinet,apple)"",""relocate(apple,plate)""],""plan_length"":8}","[""state_change"",""fetch"",""relocate""]","[""fetch"",""relocate""]",False,0.8,False,0.6666666666666666,2,0,0.0,False,False,False,False
instance,1121,"{""object_count"":2,""ordered_units"":[""fetch(apple)"",""fetch(green peas)"",""relocate(apple,bowl)"",""relocate(green peas,bowl)"",""multi_object_sequence(2)""],""plan_length"":8}","[""fetch"",""fetch"",""relocate"",""relocate""]","[""fetch"",""relocate"",""fetch"",""relocate""]",True,1.0,False,0.75,4,0,0.0,False,False,False,False
instance,1127,"{""object_count"":2,""ordered_units"":[""fetch(knife)"",""fetch(pear)"",""fetch(banana)"",""relocate(pear,wooden cutting board)"",""relocate(banana,wooden cutting board)"",""state_change(interact,knife)"",""multi_object_sequence(2)""],""plan_length"":9}","[""fetch"",""fetch"",""fetch"",""relocate"",""relocate"",""state_change""]","[""fetch"",""fetch"",""fetch"",""fetch""]",False,0.6,False,0.5,4,0,0.0,False,False,False,False
instance,1128,"{""object_count"":2,""ordered_units"":[""fetch(bread)"",""fetch(plate)"",""relocate(bread,toaster)"",""relocate(plate,kitchen island area)"",""state_change(interact,toaster)"",""multi_object_sequence(2)""],""plan_length"":6}","[""fetch"",""fetch"",""relocate"",""relocate"",""state_change""]","[""fetch"",""state_change"",""fetch"",""relocate""]",False,0.8888888888888888,False,0.6,4,1,0.25,False,False,False,False
instance,1130,"{""object_count"":2,""ordered_units"":[""fetch(plate)"",""fetch(bread)"",""relocate(plate,kitchen island area)"",""relocate(bread,toaster)"",""state_change(interact,toaster)"",""multi_object_sequence(2)""],""plan_length"":6}","[""fetch"",""fetch"",""relocate"",""relocate"",""state_change""]","[""fetch"",""relocate"",""state_change"",""fetch"",""relocate""]",True,1.0,False,0.6,5,0,0.0,False,False,False,False
instance,1131,"{""object_count"":1,""ordered_units"":[""fetch(cooling fan)"",""relocate(cooling fan,kitchen work area)""],""plan_length"":5}","[""fetch"",""relocate""]","[""relocate""]",False,0.6666666666666666,False,0.5,1,0,0.0,False,False,False,False
instance,1134,"{""object_count"":2,""ordered_units"":[""fetch(bread)"",""fetch(bowl)"",""relocate(bread,toaster)"",""relocate(bowl,kitchen work area)"",""state_change(interact,toaster)"",""multi_object_sequence(2)""],""plan_length"":6}","[""fetch"",""fetch"",""relocate"",""relocate"",""state_change""]","[""relocate""]",False,0.3333333333333333,False,0.2,1,0,0.0,False,False,True,True
instance,1144,"{""object_count"":1,""ordered_units"":[""fetch(tomato)"",""relocate(tomato,table)""],""plan_length"":5}","[""fetch"",""relocate""]","[""state_change"",""state_change"",""state_change"",""fetch"",""fetch""]",False,0.2857142857142857,False,0.5,5,2,0.4,False,False,False,False
instance,1150,"{""object_count"":1,""ordered_units"":[""fetch(banana)"",""relocate(banana,sink)"",""state_change(interact,sink)"",""fetch(banana)"",""check_then_act(sink,banana)"",""relocate(banana,plate)""],""plan_length"":11}","[""fetch"",""relocate"",""state_change"",""fetch"",""relocate""]","[""fetch"",""state_change"",""relocate""]",False,0.75,False,0.6,3,0,0.0,False,False,False,False
instance,1155,"{""object_count"":2,""ordered_units"":[""fetch(knife)"",""fetch(apple)"",""fetch(tomato)"",""relocate(apple,wooden cutting board)"",""relocate(tomato,wooden cutting board)"",""state_change(interact,knife)"",""multi_object_sequence(2)""],""plan_length"":9}","[""fetch"",""fetch"",""fetch"",""relocate"",""relocate"",""state_change""]","[""fetch"",""fetch"",""relocate"",""relocate"",""fetch"",""state_change"",""state_change""]",False,0.9230769230769231,False,0.8333333333333334,7,0,0.0,False,False,False,False
instance,1160,"{""object_count"":1,""ordered_units"":[""fetch(pear)"",""relocate(pear,table)""],""plan_length"":5}","[""fetch"",""relocate""]","[""state_change"",""state_change"",""fetch"",""fetch"",""fetch"",""fetch"",""relocate"",""relocate""]",False,0.4,False,1.0,8,2,0.25,False,False,False,False
instance,1169,"{""object_count"":1,""ordered_units"":[""fetch(wine)"",""relocate(wine,kitchen work area)""],""plan_length"":5}","[""fetch"",""relocate""]","[""relocate""]",False,0.6666666666666666,False,0.5,1,0,0.0,False,False,False,False
instance,1170,"{""object_count"":1,""ordered_units"":[""fetch(peach)"",""relocate(peach,table)""],""plan_length"":5}","[""fetch"",""relocate""]","[""state_change"",""state_change"",""fetch"",""fetch"",""relocate""]",False,0.5714285714285714,False,1.0,5,0,0.0,False,False,False,False
instance,1176,"{""object_count"":2,""ordered_units"":[""fetch(bowl)"",""fetch(bread)"",""relocate(bowl,kitchen work area)"",""relocate(bread,toaster)"",""state_change(interact,toaster)"",""multi_object_sequence(2)""],""plan_length"":6}","[""fetch"",""fetch"",""relocate"",""relocate"",""state_change""]","[""relocate""]",False,0.3333333333333333,False,0.2,1,0,0.0,False,False,False,False
instance,1179,"{""object_count"":1,""ordered_units"":[""fetch(peach)"",""relocate(peach,kitchen island area)""],""plan_length"":5}","[""fetch"",""relocate""]","[""relocate""]",False,0.6666666666666666,False,0.5,1,0,0.0,False,False,False,False
instance,1182,"{""object_count"":1,""ordered_units"":[""fetch(tomato)"",""relocate(tomato,table)""],""plan_length"":5}","[""fetch"",""relocate""]","[""state_change"",""state_change"",""relocate"",""relocate""]",False,0.3333333333333333,False,0.5,4,0,0.0,False,False,False,False
instance,1183,"{""object_count"":2,""ordered_units"":[""fetch(tomato)"",""fetch(green peas)"",""relocate(tomato,bowl)"",""relocate(green peas,bowl)"",""multi_object_sequence(2)""],""plan_length"":8}","[""fetch"",""fetch"",""relocate"",""relocate""]","[""fetch"",""fetch"",""relocate"",""relocate""]",True,1.0,True,1.0,4,0,0.0,False,False,False,False
instance,1184,"{""object_count"":1,""ordered_units"":[""fetch(scissors)"",""relocate(scissors,kitchen island area)""],""plan_length"":5}","[""fetch"",""relocate""]","[""fetch"",""relocate""]",True,1.0,True,1.0,2,0,0.0,False,False,False,False
instance,1193,"{""object_count"":2,""ordered_units"":[""fetch(knife)"",""fetch(pear)"",""fetch(bread)"",""relocate(pear,wooden cutting board)"",""relocate(bread,wooden cutting board)"",""state_change(interact,knife)"",""multi_object_sequence(2)""],""plan_length"":9}","[""fetch"",""fetch"",""fetch"",""relocate"",""relocate"",""state_change""]","[""relocate"",""relocate"",""state_change"",""state_change""]",False,0.6,False,0.5,4,0,0.0,False,False,False,False
instance,1199,"{""object_count"":1,""ordered_units"":[""fetch(tomato)"",""relocate(tomato,kitchen work area)""],""plan_length"":5}","[""fetch"",""relocate""]","[""fetch"",""relocate""]",True,1.0,True,1.0,2,0,0.0,False,False,False,False
instance,1200,"{""object_count"":2,""ordered_units"":[""fetch(knife)"",""fetch(peach)"",""fetch(bread)"",""relocate(peach,wooden cutting board)"",""relocate(bread,wooden cutting board)"",""state_change(interact,knife)"",""multi_object_sequence(2)""],""plan_length"":9}","[""fetch"",""fetch"",""fetch"",""relocate"",""relocate"",""state_change""]","[""relocate"",""relocate""]",False,0.5,False,0.3333333333333333,2,0,0.0,False,False,False,False
instance,1217,"{""object_count"":1,""ordered_units"":[""fetch(bread)"",""relocate(bread,kitchen work area)""],""plan_length"":5}","[""fetch"",""relocate""]","[""fetch"",""relocate""]",True,1.0,True,1.0,2,0,0.0,False,False,False,False
instance,1222,"{""object_count"":1,""ordered_units"":[""fetch(banana)"",""relocate(banana,bowl)""],""plan_length"":5}","[""fetch"",""relocate""]","[""state_change"",""fetch"",""relocate""]",False,0.8,False,1.0,3,0,0.0,False,False,False,False
instance,1225,"{""object_count"":2,""ordered_units"":[""fetch(bowl)"",""fetch(bread)"",""relocate(bowl,kitchen work area)"",""relocate(bread,toaster)"",""state_change(interact,toaster)"",""multi_object_sequence(2)""],""plan_length"":6}","[""fetch"",""fetch"",""relocate"",""relocate"",""state_change""]","[""fetch"",""relocate"",""state_change"",""fetch"",""relocate""]",True,1.0,False,0.6,5,0,0.0,False,False,True,True
instance,1227,"{""object_count"":1,""ordered_units"":[""fetch(knife)"",""fetch(pear)"",""relocate(pear,wooden cutting board)"",""state_change(interact,knife)""],""plan_length"":6}","[""fetch"",""fetch"",""relocate"",""state_change""]","[""fetch"",""fetch"",""relocate"",""fetch"",""state_change""]",False,0.8888888888888888,False,1.0,5,0,0.0,False,False,False,False
instance,1236,"{""object_count"":2,""ordered_units"":[""fetch(bowl)"",""state_change(open,cabinet)"",""relocate(bowl,kitchen island area)"",""fetch(bread)"",""open_container_then_retrieve(cabinet,bread)"",""relocate(bread,bowl)"",""multi_object_sequence(2)""],""plan_length"":8}","[""fetch"",""state_change"",""relocate"",""fetch"",""relocate""]","[""fetch"",""relocate"",""fetch"",""relocate""]",False,0.8888888888888888,False,0.8,4,2,0.5,False,False,False,True
instance,1237,"{""object_count"":1,""ordered_units"":[""state_change(open,cabinet)"",""fetch(apple)"",""open_container_then_retrieve(cabinet,apple)"",""relocate(apple,plate)""],""plan_length"":8}","[""state_change"",""fetch"",""relocate""]","[""fetch"",""state_change"",""fetch"",""relocate""]",False,0.8571428571428571,False,1.0,4,1,0.25,False,False,False,False
instance,1240,"{""object_count"":1,""ordered_units"":[""fetch(pear)"",""relocate(pear,kitchen island area)""],""plan_length"":5}","[""fetch"",""relocate""]","[""fetch"",""relocate""]",True,1.0,True,1.0,2,0,0.0,False,False,False,False
instance,1243,"{""object_count"":1,""ordered_units"":[""fetch(apple)"",""relocate(apple,table)""],""plan_length"":5}","[""fetch"",""relocate""]","[""state_change"",""state_change"",""fetch"",""fetch"",""relocate""]",False,0.5714285714285714,False,1.0,5,4,0.8,False,False,False,False
instance,1245,"{""object_count"":0,""ordered_units"":[""state_change(interact,fridge)""],""plan_length"":2}","[""state_change""]",[],False,0.0,False,0.0,0,0,,False,False,True,True
instance,1246,"{""object_count"":1,""ordered_units"":[""state_change(open,cabinet)"",""fetch(bread)"",""open_container_then_retrieve(cabinet,bread)"",""relocate(bread,bowl)""],""plan_length"":8}","[""state_change"",""fetch"",""relocate""]","[""state_change"",""state_change"",""fetch"",""relocate""]",False,0.8571428571428571,False,1.0,4,1,0.25,False,False,False,False
instance,1247,"{""object_count"":1,""ordered_units"":[""fetch(knife)"",""fetch(apple)"",""relocate(apple,wooden cutting board)"",""state_change(interact,knife)""],""plan_length"":6}","[""fetch"",""fetch"",""relocate"",""state_change""]","[""fetch"",""state_change""]",False,0.6666666666666666,False,0.5,2,0,0.0,False,False,False,False
instance,1251,"{""object_count"":1,""ordered_units"":[""fetch(tomato)"",""relocate(tomato,table)""],""plan_length"":5}","[""fetch"",""relocate""]","[""state_change"",""state_change"",""fetch"",""fetch"",""relocate"",""relocate""]",False,0.5,False,1.0,6,1,0.16666666666666666,False,False,True,True
instance,1259,"{""object_count"":1,""ordered_units"":[""fetch(bread)"",""relocate(bread,kitchen island area)""],""plan_length"":5}","[""fetch"",""relocate""]","[""relocate""]",False,0.6666666666666666,False,0.5,1,0,0.0,False,False,False,False
instance,1262,"{""object_count"":1,""ordered_units"":[""state_change(open,cabinet)"",""fetch(apple)"",""open_container_then_retrieve(cabinet,apple)"",""relocate(apple,bowl)""],""plan_length"":8}","[""state_change"",""fetch"",""relocate""]","[""state_change"",""fetch"",""relocate""]",True,1.0,True,1.0,3,0,0.0,False,False,False,False
instance,1265,"{""object_count"":1,""ordered_units"":[""fetch(knife)"",""fetch(pear)"",""relocate(pear,wooden cutting board)"",""state_change(interact,knife)""],""plan_length"":6}","[""fetch"",""fetch"",""relocate"",""state_change""]","[""fetch"",""fetch"",""state_change""]",False,0.8571428571428571,False,0.75,3,1,0.3333333333333333,False,False,False,False
instance,1266,"{""object_count"":1,""ordered_units"":[""fetch(apple)"",""relocate(apple,kitchen island area)""],""plan_length"":5}","[""fetch"",""relocate""]","[""fetch"",""relocate""]",True,1.0,True,1.0,2,0,0.0,False,False,False,False
instance,1270,"{""object_count"":2,""ordered_units"":[""fetch(banana)"",""fetch(bread)"",""relocate(banana,plate)"",""relocate(bread,plate)"",""multi_object_sequence(2)""],""plan_length"":8}","[""fetch"",""fetch"",""relocate"",""relocate""]","[""fetch"",""relocate"",""fetch"",""relocate""]",True,1.0,False,0.75,4,0,0.0,False,False,False,False
instance,1284,"{""object_count"":1,""ordered_units"":[""fetch(pear)"",""relocate(pear,table)""],""plan_length"":5}","[""fetch"",""relocate""]","[""state_change"",""state_change"",""fetch"",""fetch"",""state_change"",""state_change""]",False,0.25,False,0.5,6,2,0.3333333333333333,False,False,False,False
instance,1294,"{""object_count"":2,""ordered_units"":[""fetch(pear)"",""fetch(knife)"",""fetch(tomato)"",""relocate(pear,wooden cutting board)"",""relocate(tomato,wooden cutting board)"",""state_change(interact,knife)"",""multi_object_sequence(2)""],""plan_length"":9}","[""fetch"",""fetch"",""fetch"",""relocate"",""relocate"",""state_change""]",[],False,0.0,False,0.0,0,0,,False,False,False,False
instance,1296,"{""object_count"":1,""ordered_units"":[""fetch(peach)"",""relocate(peach,table)""],""plan_length"":5}","[""fetch"",""relocate""]","[""state_change"",""state_change"",""state_change"",""fetch"",""fetch""]",False,0.2857142857142857,False,0.5,5,1,0.2,False,False,False,False
instance,1298,"{""object_count"":1,""ordered_units"":[""fetch(peach)"",""relocate(peach,kitchen island area)""],""plan_length"":5}","[""fetch"",""relocate""]","[""relocate""]",False,0.6666666666666666,False,0.5,1,0,0.0,False,False,False,False
instance,1302,"{""object_count"":1,""ordered_units"":[""fetch(tomato)"",""relocate(tomato,sink)"",""state_change(interact,sink)"",""fetch(tomato)"",""check_then_act(sink,tomato)"",""relocate(tomato,plate)""],""plan_length"":11}","[""fetch"",""relocate"",""state_change"",""fetch"",""relocate""]",[],False,0.0,False,0.0,0,0,,False,False,False,False
instance,1304,"{""object_count"":2,""ordered_units"":[""state_change(open,cabinet)"",""fetch(bowl)"",""relocate(bowl,kitchen work area)"",""fetch(apple)"",""open_container_then_retrieve(cabinet,apple)"",""relocate(apple,bowl)"",""multi_object_sequence(2)""],""plan_length"":8}","[""state_change"",""fetch"",""relocate"",""fetch"",""relocate""]","[""fetch"",""relocate"",""fetch""]",False,0.75,False,0.6,3,2,0.6666666666666666,False,False,False,False
instance,1307,"{""object_count"":2,""ordered_units"":[""fetch(spoon)"",""fetch(apple)"",""state_change(open,cabinet)"",""relocate(spoon,cabinet)"",""relocate(apple,cabinet)"",""multi_object_sequence(2)""],""plan_length"":7}","[""fetch"",""fetch"",""state_change"",""relocate"",""relocate""]","[""fetch"",""relocate"",""fetch"",""relocate""]",False,0.8888888888888888,False,0.6,4,0,0.0,False,False,False,False
instance,1310,"{""object_count"":1,""ordered_units"":[""fetch(scissors)"",""relocate(scissors,kitchen work area)""],""plan_length"":5}","[""fetch"",""relocate""]","[""fetch"",""relocate""]",True,1.0,True,1.0,2,0,0.0,False,False,False,False
instance,1313,"{""object_count"":2,""ordered_units"":[""fetch(plate)"",""state_change(open,cabinet)"",""relocate(plate,kitchen work area)"",""fetch(apple)"",""open_container_then_retrieve(cabinet,apple)"",""relocate(apple,plate)"",""multi_object_sequence(2)""],""plan_length"":8}","[""fetch"",""state_change"",""relocate"",""fetch"",""relocate""]","[""fetch"",""relocate"",""state_change"",""fetch"",""relocate""]",True,1.0,False,0.8,5,1,0.2,False,False,False,False
instance,1318,"{""object_count"":1,""ordered_units"":[""fetch(banana)"",""relocate(banana,plate)""],""plan_length"":5}","[""fetch"",""relocate""]","[""fetch"",""fetch"",""relocate""]",False,0.8,False,1.0,3,0,0.0,False,False,False,False
instance,1319,"{""object_count"":1,""ordered_units"":[""fetch(apple)"",""relocate(apple,sink)"",""state_change(interact,sink)"",""fetch(apple)"",""check_then_act(sink,apple)"",""relocate(apple,plate)""],""plan_length"":11}","[""fetch"",""relocate"",""state_change"",""fetch"",""relocate""]","[""fetch"",""state_change"",""relocate""]",False,0.75,False,0.6,3,0,0.0,False,False,False,False
instance,1326,"{""object_count"":1,""ordered_units"":[""fetch(pear)"",""relocate(pear,rack)""],""plan_length"":5}","[""fetch"",""relocate""]","[""fetch"",""relocate""]",True,1.0,True,1.0,2,0,0.0,False,False,False,False
instance,1329,"{""object_count"":1,""ordered_units"":[""fetch(bottle)"",""relocate(bottle,kitchen work area)""],""plan_length"":5}","[""fetch"",""relocate""]","[""fetch"",""relocate""]",True,1.0,True,1.0,2,0,0.0,False,False,False,False
instance,1341,"{""object_count"":1,""ordered_units"":[""fetch(apple)"",""relocate(apple,sink)"",""state_change(interact,sink)"",""fetch(apple)"",""check_then_act(sink,apple)"",""relocate(apple,plate)""],""plan_length"":11}","[""fetch"",""relocate"",""state_change"",""fetch"",""relocate""]","[""fetch"",""state_change"",""relocate""]",False,0.75,False,0.6,3,0,0.0,False,False,False,False
instance,1342,"{""object_count"":2,""ordered_units"":[""fetch(tomato)"",""fetch(scissors)"",""state_change(open,cabinet)"",""relocate(tomato,cabinet)"",""relocate(scissors,cabinet)"",""multi_object_sequence(2)""],""plan_length"":7}","[""fetch"",""fetch"",""state_change"",""relocate"",""relocate""]","[""fetch"",""fetch"",""relocate"",""relocate""]",False,0.8888888888888888,False,0.8,4,1,0.25,False,False,False,False
instance,1344,"{""object_count"":1,""ordered_units"":[""fetch(tomato)"",""relocate(tomato,sink)"",""state_change(interact,sink)"",""fetch(tomato)"",""check_then_act(sink,tomato)"",""relocate(tomato,bowl)""],""plan_length"":11}","[""fetch"",""relocate"",""state_change"",""fetch"",""relocate""]","[""fetch"",""relocate""]",False,0.5714285714285714,False,0.4,2,0,0.0,False,False,False,False
instance,1345,"{""object_count"":2,""ordered_units"":[""fetch(plate)"",""state_change(open,cabinet)"",""relocate(plate,kitchen island area)"",""fetch(tomato)"",""open_container_then_retrieve(cabinet,tomato)"",""relocate(tomato,plate)"",""multi_object_sequence(2)""],""plan_length"":8}","[""fetch"",""state_change"",""relocate"",""fetch"",""relocate""]","[""relocate"",""fetch"",""relocate""]",False,0.75,False,0.6,3,2,0.6666666666666666,False,False,False,False
instance,1346,"{""object_count"":1,""ordered_units"":[""fetch(peach)"",""relocate(peach,table)""],""plan_length"":5}","[""fetch"",""relocate""]","[""state_change"",""state_change"",""fetch"",""fetch""]",False,0.3333333333333333,False,0.5,4,2,0.5,False,False,False,False
instance,1353,"{""object_count"":2,""ordered_units"":[""state_change(open,cabinet)"",""fetch(banana)"",""relocate(banana,table)"",""fetch(peach)"",""open_container_then_retrieve(cabinet,peach)"",""relocate(peach,table)"",""multi_object_sequence(2)""],""plan_length"":8}","[""state_change"",""fetch"",""relocate"",""fetch"",""relocate""]","[""state_change"",""state_change"",""fetch"",""relocate"",""fetch"",""relocate""]",False,0.9090909090909091,False,1.0,6,1,0.16666666666666666,False,False,False,False
instance,1357,"{""object_count"":2,""ordered_units"":[""fetch(knife)"",""fetch(pear)"",""fetch(tomato)"",""relocate(pear,wooden cutting board)"",""relocate(tomato,wooden cutting board)"",""state_change(interact,knife)"",""multi_object_sequence(2)""],""plan_length"":9}","[""fetch"",""fetch"",""fetch"",""relocate"",""relocate"",""state_change""]","[""fetch"",""fetch"",""fetch"",""fetch""]",False,0.6,False,0.5,4,0,0.0,False,False,False,False
instance,1359,"{""object_count"":2,""ordered_units"":[""fetch(plate)"",""state_change(open,cabinet)"",""relocate(plate,kitchen work area)"",""fetch(tomato)"",""open_container_then_retrieve(cabinet,tomato)"",""relocate(tomato,plate)"",""multi_object_sequence(2)""],""plan_length"":8}","[""fetch"",""state_change"",""relocate"",""fetch"",""relocate""]","[""relocate"",""fetch"",""relocate""]",False,0.75,False,0.6,3,2,0.6666666666666666,False,False,False,False
instance,1360,"{""object_count"":1,""ordered_units"":[""fetch(meat)"",""relocate(meat,kitchen island area)""],""plan_length"":5}","[""fetch"",""relocate""]","[""fetch"",""relocate""]",True,1.0,True,1.0,2,0,0.0,False,False,False,False
instance,1365,"{""object_count"":1,""ordered_units"":[""fetch(knife)"",""fetch(apple)"",""relocate(apple,wooden cutting board)"",""state_change(interact,knife)""],""plan_length"":6}","[""fetch"",""fetch"",""relocate"",""state_change""]","[""fetch"",""fetch"",""relocate"",""fetch"",""state_change""]",False,0.8888888888888888,False,1.0,5,0,0.0,False,False,False,False
instance,1367,"{""object_count"":1,""ordered_units"":[""fetch(pear)"",""relocate(pear,sink)"",""state_change(interact,sink)"",""fetch(pear)"",""check_then_act(sink,pear)"",""relocate(pear,bowl)""],""plan_length"":11}","[""fetch"",""relocate"",""state_change"",""fetch"",""relocate""]","[""fetch"",""state_change"",""relocate""]",False,0.75,False,0.6,3,0,0.0,False,False,False,False
instance,1371,"{""object_count"":0,""ordered_units"":[""state_change(interact,fridge)""],""plan_length"":2}","[""state_change""]",[],False,0.0,False,0.0,0,0,,False,False,True,True
instance,1381,"{""object_count"":1,""ordered_units"":[""state_change(open,cabinet)"",""fetch(banana)"",""open_container_then_retrieve(cabinet,banana)"",""relocate(banana,bowl)""],""plan_length"":8}","[""state_change"",""fetch"",""relocate""]","[""state_change"",""state_change"",""fetch"",""relocate""]",False,0.8571428571428571,False,1.0,4,0,0.0,False,False,False,False
instance,1383,"{""object_count"":1,""ordered_units"":[""fetch(pear)"",""fetch(knife)"",""relocate(pear,wooden cutting board)"",""state_change(interact,knife)""],""plan_length"":6}","[""fetch"",""fetch"",""relocate"",""state_change""]","[""fetch"",""fetch"",""relocate"",""fetch"",""state_change""]",False,0.8888888888888888,False,1.0,5,0,0.0,False,False,False,False
instance,1387,"{""object_count"":1,""ordered_units"":[""fetch(pear)"",""fetch(knife)"",""relocate(pear,wooden cutting board)"",""state_change(interact,knife)""],""plan_length"":6}","[""fetch"",""fetch"",""relocate"",""state_change""]","[""relocate"",""state_change""]",False,0.6666666666666666,False,0.5,2,0,0.0,False,False,False,False
instance,1398,"{""object_count"":2,""ordered_units"":[""fetch(knife)"",""fetch(pear)"",""fetch(banana)"",""relocate(pear,wooden cutting board)"",""relocate(banana,wooden cutting board)"",""state_change(interact,knife)"",""multi_object_sequence(2)""],""plan_length"":9}","[""fetch"",""fetch"",""fetch"",""relocate"",""relocate"",""state_change""]","[""fetch"",""fetch"",""relocate"",""fetch"",""relocate"",""fetch""]",False,0.8333333333333334,False,0.6666666666666666,6,0,0.0,False,False,False,False
instance,1401,"{""object_count"":2,""ordered_units"":[""fetch(bread)"",""fetch(plate)"",""relocate(bread,toaster)"",""relocate(plate,kitchen work area)"",""state_change(interact,toaster)"",""multi_object_sequence(2)""],""plan_length"":6}","[""fetch"",""fetch"",""relocate"",""relocate"",""state_change""]","[""fetch"",""relocate"",""state_change"",""fetch"",""relocate""]",True,1.0,False,0.6,5,0,0.0,False,False,False,False
instance,1403,"{""object_count"":1,""ordered_units"":[""fetch(knife)"",""fetch(pear)"",""relocate(pear,wooden cutting board)"",""state_change(interact,knife)""],""plan_length"":6}","[""fetch"",""fetch"",""relocate"",""state_change""]","[""fetch"",""fetch"",""relocate"",""state_change""]",True,1.0,True,1.0,4,0,0.0,False,False,False,False
instance,1408,"{""object_count"":1,""ordered_units"":[""fetch(peach)"",""relocate(peach,table)""],""plan_length"":5}","[""fetch"",""relocate""]","[""state_change"",""state_change"",""fetch"",""fetch"",""fetch"",""fetch"",""relocate"",""relocate""]",False,0.4,False,1.0,8,2,0.25,False,False,False,False
instance,1421,"{""object_count"":2,""ordered_units"":[""fetch(banana)"",""fetch(pumpkin)"",""relocate(banana,bowl)"",""relocate(pumpkin,bowl)"",""multi_object_sequence(2)""],""plan_length"":8}","[""fetch"",""fetch"",""relocate"",""relocate""]","[""fetch"",""fetch"",""fetch"",""fetch"",""fetch"",""fetch"",""fetch"",""relocate"",""relocate""]",False,0.6153846153846154,False,1.0,9,0,0.0,False,False,False,False
instance,1429,"{""object_count"":2,""ordered_units"":[""state_change(open,cabinet)"",""fetch(banana)"",""relocate(banana,table)"",""fetch(pear)"",""open_container_then_retrieve(cabinet,pear)"",""relocate(pear,table)"",""multi_object_sequence(2)""],""plan_length"":8}","[""state_change"",""fetch"",""relocate"",""fetch"",""relocate""]","[""state_change"",""state_change"",""state_change"",""fetch"",""fetch""]",False,0.6,False,0.6,5,2,0.4,False,False,False,False
instance,1430,"{""object_count"":1,""ordered_units"":[""fetch(apple)"",""relocate(apple,sink)"",""state_change(interact,sink)"",""fetch(apple)"",""check_then_act(sink,apple)"",""relocate(apple,bowl)""],""plan_length"":11}","[""fetch"",""relocate"",""state_change"",""fetch"",""relocate""]","[""fetch"",""state_change"",""relocate""]",False,0.75,False,0.6,3,0,0.0,False,False,False,False
instance,1438,"{""object_count"":1,""ordered_units"":[""fetch(apple)"",""relocate(apple,plate)""],""plan_length"":5}","[""fetch"",""relocate""]","[""fetch"",""fetch"",""relocate""]",False,0.8,False,1.0,3,0,0.0,False,False,False,False
instance,1444,"{""object_count"":2,""ordered_units"":[""fetch(pumpkin)"",""fetch(knife)"",""state_change(open,cabinet)"",""relocate(pumpkin,cabinet)"",""relocate(knife,cabinet)"",""multi_object_sequence(2)""],""plan_length"":7}","[""fetch"",""fetch"",""state_change"",""relocate"",""relocate""]","[""fetch"",""relocate"",""fetch"",""relocate""]",False,0.8888888888888888,False,0.6,4,2,0.5,False,False,False,False
instance,1445,"{""object_count"":1,""ordered_units"":[""fetch(pear)"",""relocate(pear,table)""],""plan_length"":5}","[""fetch"",""relocate""]","[""state_change"",""state_change"",""fetch"",""fetch"",""fetch"",""fetch"",""relocate"",""relocate""]",False,0.4,False,1.0,8,2,0.25,False,False,False,False
instance,1447,"{""object_count"":2,""ordered_units"":[""fetch(peach)"",""fetch(knife)"",""state_change(open,cabinet)"",""relocate(peach,cabinet)"",""relocate(knife,cabinet)"",""multi_object_sequence(2)""],""plan_length"":7}","[""fetch"",""fetch"",""state_change"",""relocate"",""relocate""]","[""fetch"",""relocate"",""fetch"",""relocate""]",False,0.8888888888888888,False,0.6,4,1,0.25,False,False,False,False
instance,1454,"{""object_count"":1,""ordered_units"":[""fetch(wine)"",""relocate(wine,kitchen work area)""],""plan_length"":5}","[""fetch"",""relocate""]","[""relocate""]",False,0.6666666666666666,False,0.5,1,0,0.0,False,False,False,False
instance,1460,"{""object_count"":2,""ordered_units"":[""state_change(open,cabinet)"",""fetch(tomato)"",""relocate(tomato,table)"",""fetch(peach)"",""open_container_then_retrieve(cabinet,peach)"",""relocate(peach,table)"",""multi_object_sequence(2)""],""plan_length"":8}","[""state_change"",""fetch"",""relocate"",""fetch"",""relocate""]","[""state_change"",""relocate"",""state_change"",""relocate""]",False,0.6666666666666666,False,0.6,4,1,0.25,False,False,False,False
instance,1462,"{""object_count"":1,""ordered_units"":[""fetch(pear)"",""relocate(pear,rack)""],""plan_length"":5}","[""fetch"",""relocate""]","[""fetch"",""relocate""]",True,1.0,True,1.0,2,0,0.0,False,False,False,False
instance,1467,"{""object_count"":1,""ordered_units"":[""state_change(push,cardboardbox,R3)"",""fetch(pumpkin)"",""relocate(pumpkin,cardboardbox)"",""state_change(push,cardboardbox,R2)"",""fetch(pumpkin)"",""relocate(pumpkin,sink)""],""plan_length"":7}","[""state_change"",""fetch"",""relocate"",""state_change"",""fetch"",""relocate""]","[""relocate""]",False,0.2857142857142857,False,0.16666666666666666,1,0,0.0,False,False,False,False
instance,1469,"{""object_count"":1,""ordered_units"":[""fetch(pear)"",""relocate(pear,sink)"",""state_change(interact,sink)"",""fetch(pear)"",""check_then_act(sink,pear)"",""relocate(pear,plate)""],""plan_length"":11}","[""fetch"",""relocate"",""state_change"",""fetch"",""relocate""]","[""fetch"",""relocate""]",False,0.5714285714285714,False,0.4,2,0,0.0,False,False,False,False
instance,1470,"{""object_count"":1,""ordered_units"":[""fetch(knife)"",""fetch(pear)"",""relocate(pear,wooden cutting board)"",""state_change(interact,knife)""],""plan_length"":6}","[""fetch"",""fetch"",""relocate"",""state_change""]","[""fetch"",""fetch"",""relocate"",""state_change""]",True,1.0,True,1.0,4,0,0.0,False,False,False,False
instance,1474,"{""object_count"":1,""ordered_units"":[""fetch(apple)"",""relocate(apple,kitchen island area)""],""plan_length"":5}","[""fetch"",""relocate""]","[""fetch"",""relocate""]",True,1.0,True,1.0,2,0,0.0,False,False,False,False
instance,1477,"{""object_count"":1,""ordered_units"":[""fetch(peach)"",""fetch(knife)"",""relocate(peach,wooden cutting board)"",""state_change(interact,knife)""],""plan_length"":6}","[""fetch"",""fetch"",""relocate"",""state_change""]","[""fetch"",""relocate"",""fetch"",""state_change""]",True,1.0,False,0.75,4,0,0.0,False,False,False,False
instance,1478,"{""object_count"":2,""ordered_units"":[""fetch(apple)"",""fetch(green peas)"",""relocate(apple,bowl)"",""relocate(green peas,bowl)"",""multi_object_sequence(2)""],""plan_length"":8}","[""fetch"",""fetch"",""relocate"",""relocate""]","[""fetch"",""relocate"",""fetch"",""relocate""]",True,1.0,False,0.75,4,0,0.0,False,False,False,False
instance,1480,"{""object_count"":1,""ordered_units"":[""fetch(bread)"",""relocate(bread,bowl)""],""plan_length"":5}","[""fetch"",""relocate""]","[""fetch"",""fetch"",""fetch"",""fetch"",""fetch"",""relocate""]",False,0.5,False,1.0,6,0,0.0,False,False,False,False
instance,1482,"{""object_count"":1,""ordered_units"":[""fetch(tomato)"",""relocate(tomato,table)""],""plan_length"":5}","[""fetch"",""relocate""]","[""state_change"",""state_change"",""fetch"",""fetch"",""state_change"",""state_change""]",False,0.25,False,0.5,6,1,0.16666666666666666,False,False,False,False
instance,1484,"{""object_count"":2,""ordered_units"":[""fetch(knife)"",""fetch(apple)"",""fetch(banana)"",""relocate(apple,wooden cutting board)"",""relocate(banana,wooden cutting board)"",""state_change(interact,knife)"",""multi_object_sequence(2)""],""plan_length"":9}","[""fetch"",""fetch"",""fetch"",""relocate"",""relocate"",""state_change""]","[""fetch"",""fetch"",""fetch"",""relocate"",""fetch""]",False,0.7272727272727273,False,0.6666666666666666,5,0,0.0,False,False,False,False
instance,1500,"{""object_count"":2,""ordered_units"":[""fetch(meat)"",""fetch(green peas)"",""relocate(meat,plate)"",""relocate(green peas,plate)"",""multi_object_sequence(2)""],""plan_length"":8}","[""fetch"",""fetch"",""relocate"",""relocate""]","[""fetch"",""fetch"",""fetch"",""relocate"",""relocate""]",False,0.8888888888888888,False,1.0,5,0,0.0,False,False,False,False
instance,1501,"{""object_count"":1,""ordered_units"":[""fetch(pear)"",""relocate(pear,sink)"",""state_change(interact,sink)"",""fetch(pear)"",""check_then_act(sink,pear)"",""relocate(pear,plate)""],""plan_length"":11}","[""fetch"",""relocate"",""state_change"",""fetch"",""relocate""]","[""fetch"",""state_change"",""relocate""]",False,0.75,False,0.6,3,0,0.0,False,False,False,False
instance,1507,"{""object_count"":1,""ordered_units"":[""fetch(peach)"",""fetch(knife)"",""relocate(peach,wooden cutting board)"",""state_change(interact,knife)""],""plan_length"":6}","[""fetch"",""fetch"",""relocate"",""state_change""]","[""fetch"",""relocate"",""fetch"",""state_change""]",True,1.0,False,0.75,4,0,0.0,False,False,False,False
instance,1509,"{""object_count"":2,""ordered_units"":[""fetch(plate)"",""state_change(open,cabinet)"",""relocate(plate,kitchen work area)"",""fetch(tomato)"",""open_container_then_retrieve(cabinet,tomato)"",""relocate(tomato,plate)"",""multi_object_sequence(2)""],""plan_length"":8}","[""fetch"",""state_change"",""relocate"",""fetch"",""relocate""]","[""relocate"",""fetch"",""relocate""]",False,0.75,False,0.6,3,2,0.6666666666666666,False,False,False,False
instance,1510,"{""object_count"":2,""ordered_units"":[""fetch(knife)"",""fetch(apple)"",""state_change(open,cabinet)"",""relocate(knife,cabinet)"",""relocate(apple,cabinet)"",""multi_object_sequence(2)""],""plan_length"":7}","[""fetch"",""fetch"",""state_change"",""relocate"",""relocate""]","[""fetch"",""fetch"",""relocate"",""relocate""]",False,0.8888888888888888,False,0.8,4,1,0.25,False,False,False,False
instance,1513,"{""object_count"":1,""ordered_units"":[""fetch(pizza)"",""relocate(pizza,kitchen island area)""],""plan_length"":5}","[""fetch"",""relocate""]","[""fetch"",""relocate""]",True,1.0,True,1.0,2,0,0.0,False,False,False,False
instance,1531,"{""object_count"":1,""ordered_units"":[""fetch(banana)"",""relocate(banana,table)""],""plan_length"":5}","[""fetch"",""relocate""]","[""fetch"",""fetch"",""fetch"",""fetch"",""fetch"",""fetch"",""relocate""]",False,0.4444444444444444,False,1.0,7,0,0.0,False,False,True,True
instance,1539,"{""object_count"":2,""ordered_units"":[""fetch(pear)"",""fetch(tomato)"",""relocate(pear,bowl)"",""relocate(tomato,bowl)"",""multi_object_sequence(2)""],""plan_length"":5}","[""fetch"",""fetch"",""relocate"",""relocate""]","[""fetch"",""relocate"",""fetch"",""relocate""]",True,1.0,False,0.75,4,0,0.0,False,False,True,True
instance,1540,"{""object_count"":1,""ordered_units"":[""fetch(cup)"",""relocate(cup,kitchen island area)""],""plan_length"":5}","[""fetch"",""relocate""]","[""relocate""]",False,0.6666666666666666,False,0.5,1,0,0.0,False,False,False,False
instance,1544,"{""object_count"":1,""ordered_units"":[""state_change(open,cabinet)"",""fetch(banana)"",""open_container_then_retrieve(cabinet,banana)"",""relocate(banana,plate)""],""plan_length"":8}","[""state_change"",""fetch"",""relocate""]","[""fetch"",""state_change"",""fetch"",""relocate""]",False,0.8571428571428571,False,1.0,4,2,0.5,False,False,False,True
instance,1549,"{""object_count"":2,""ordered_units"":[""fetch(plate)"",""fetch(bread)"",""relocate(plate,kitchen work area)"",""relocate(bread,toaster)"",""state_change(interact,toaster)"",""multi_object_sequence(2)""],""plan_length"":6}","[""fetch"",""fetch"",""relocate"",""relocate"",""state_change""]","[""fetch"",""relocate"",""state_change"",""fetch"",""relocate""]",True,1.0,False,0.6,5,0,0.0,False,False,False,False
instance,1554,"{""object_count"":2,""ordered_units"":[""fetch(peach)"",""fetch(spoon)"",""state_change(open,cabinet)"",""relocate(peach,cabinet)"",""relocate(spoon,cabinet)"",""multi_object_sequence(2)""],""plan_length"":7}","[""fetch"",""fetch"",""state_change"",""relocate"",""relocate""]","[""fetch"",""relocate"",""fetch"",""relocate""]",False,0.8888888888888888,False,0.6,4,0,0.0,False,False,False,False
instance,1558,"{""object_count"":1,""ordered_units"":[""state_change(open,cabinet)"",""fetch(banana)"",""open_container_then_retrieve(cabinet,banana)"",""relocate(banana,plate)""],""plan_length"":8}","[""state_change"",""fetch"",""relocate""]","[""fetch"",""fetch""]",False,0.4,False,0.3333333333333333,2,1,0.5,False,False,False,False
instance,1564,"{""object_count"":1,""ordered_units"":[""fetch(wine)"",""relocate(wine,kitchen island area)""],""plan_length"":5}","[""fetch"",""relocate""]","[""relocate""]",False,0.6666666666666666,False,0.5,1,0,0.0,False,False,False,False
instance,1569,"{""object_count"":1,""ordered_units"":[""fetch(apple)"",""state_change(push,cardboardbox,R2)"",""relocate(apple,cardboardbox)"",""state_change(push,cardboardbox,R1)"",""fetch(apple)"",""relocate(apple,sink)""],""plan_length"":7}","[""fetch"",""state_change"",""relocate"",""state_change"",""fetch"",""relocate""]","[""relocate"",""relocate""]",False,0.5,False,0.3333333333333333,2,0,0.0,False,False,False,False
instance,1570,"{""object_count"":2,""ordered_units"":[""fetch(fork)"",""fetch(apple)"",""state_change(open,cabinet)"",""relocate(fork,cabinet)"",""relocate(apple,cabinet)"",""multi_object_sequence(2)""],""plan_length"":7}","[""fetch"",""fetch"",""state_change"",""relocate"",""relocate""]","[""fetch"",""fetch"",""relocate"",""relocate""]",False,0.8888888888888888,False,0.8,4,1,0.25,False,False,False,False
instance,1575,"{""object_count"":2,""ordered_units"":[""fetch(tomato)"",""fetch(green peas)"",""relocate(tomato,plate)"",""relocate(green peas,plate)"",""multi_object_sequence(2)""],""plan_length"":8}","[""fetch"",""fetch"",""relocate"",""relocate""]","[""fetch"",""relocate"",""fetch"",""relocate""]",True,1.0,False,0.75,4,0,0.0,False,False,False,False
instance,1578,"{""object_count"":2,""ordered_units"":[""fetch(apple)"",""fetch(scissors)"",""state_change(open,cabinet)"",""relocate(apple,cabinet)"",""relocate(scissors,cabinet)"",""multi_object_sequence(2)""],""plan_length"":7}","[""fetch"",""fetch"",""state_change"",""relocate"",""relocate""]","[""fetch"",""fetch"",""relocate"",""relocate""]",False,0.8888888888888888,False,0.8,4,1,0.25,False,False,False,False
instance,1579,"{""object_count"":2,""ordered_units"":[""fetch(peach)"",""fetch(knife)"",""fetch(tomato)"",""relocate(peach,wooden cutting board)"",""relocate(tomato,wooden cutting board)"",""state_change(interact,knife)"",""multi_object_sequence(2)""],""plan_length"":9}","[""fetch"",""fetch"",""fetch"",""relocate"",""relocate"",""state_change""]","[""fetch"",""relocate"",""fetch"",""relocate"",""fetch"",""state_change"",""state_change""]",False,0.9230769230769231,False,0.6666666666666666,7,0,0.0,False,False,False,False
instance,1581,"{""object_count"":1,""ordered_units"":[""fetch(pear)"",""relocate(pear,sink)"",""state_change(interact,sink)"",""fetch(pear)"",""check_then_act(sink,pear)"",""relocate(pear,plate)""],""plan_length"":11}","[""fetch"",""relocate"",""state_change"",""fetch"",""relocate""]",[],False,0.0,False,0.0,0,0,,False,False,False,False
instance,1582,"{""object_count"":1,""ordered_units"":[""state_change(open,cabinet)"",""fetch(banana)"",""open_container_then_retrieve(cabinet,banana)"",""relocate(banana,plate)""],""plan_length"":8}","[""state_change"",""fetch"",""relocate""]","[""fetch"",""state_change"",""fetch"",""relocate""]",False,0.8571428571428571,False,1.0,4,2,0.5,False,False,False,True
instance,1583,"{""object_count"":1,""ordered_units"":[""fetch(knife)"",""fetch(peach)"",""relocate(peach,wooden cutting board)"",""state_change(interact,knife)""],""plan_length"":6}","[""fetch"",""fetch"",""relocate"",""state_change""]","[""relocate"",""relocate"",""state_change""]",False,0.5714285714285714,False,0.5,3,0,0.0,False,False,False,False
instance,1589,"{""object_count"":2,""ordered_units"":[""fetch(plate)"",""fetch(bread)"",""relocate(plate,kitchen island area)"",""relocate(bread,toaster)"",""state_change(interact,toaster)"",""multi_object_sequence(2)""],""plan_length"":6}","[""fetch"",""fetch"",""relocate"",""relocate"",""state_change""]","[""relocate""]",False,0.3333333333333333,False,0.2,1,0,0.0,False,False,False,False
instance,1594,"{""object_count"":2,""ordered_units"":[""fetch(pumpkin)"",""fetch(spoon)"",""state_change(open,cabinet)"",""relocate(pumpkin,cabinet)"",""relocate(spoon,cabinet)"",""multi_object_sequence(2)""],""plan_length"":7}","[""fetch"",""fetch"",""state_change"",""relocate"",""relocate""]","[""fetch"",""relocate"",""fetch"",""relocate""]",False,0.8888888888888888,False,0.6,4,1,0.25,False,False,False,False
instance,1595,"{""object_count"":1,""ordered_units"":[""state_change(open,cabinet)"",""fetch(apple)"",""open_container_then_retrieve(cabinet,apple)"",""relocate(apple,plate)""],""plan_length"":8}","[""state_change"",""fetch"",""relocate""]","[""state_change"",""fetch"",""relocate""]",True,1.0,True,1.0,3,1,0.3333333333333333,False,False,False,True
instance,1600,"{""object_count"":2,""ordered_units"":[""fetch(bowl)"",""fetch(bread)"",""relocate(bowl,kitchen work area)"",""relocate(bread,toaster)"",""state_change(interact,toaster)"",""multi_object_sequence(2)""],""plan_length"":6}","[""fetch"",""fetch"",""relocate"",""relocate"",""state_change""]","[""relocate""]",False,0.3333333333333333,False,0.2,1,0,0.0,False,False,True,True
instance,1606,"{""object_count"":1,""ordered_units"":[""state_change(open,cabinet)"",""fetch(banana)"",""open_container_then_retrieve(cabinet,banana)"",""relocate(banana,bowl)""],""plan_length"":8}","[""state_change"",""fetch"",""relocate""]","[""fetch"",""state_change"",""fetch"",""fetch"",""relocate""]",False,0.75,False,1.0,5,2,0.4,False,False,True,True
instance,1608,"{""object_count"":1,""ordered_units"":[""fetch(banana)"",""relocate(banana,plate)""],""plan_length"":5}","[""fetch"",""relocate""]","[""fetch"",""fetch"",""relocate""]",False,0.8,False,1.0,3,0,0.0,False,False,False,False
instance,1615,"{""object_count"":1,""ordered_units"":[""fetch(apple)"",""relocate(apple,table)""],""plan_length"":5}","[""fetch"",""relocate""]","[""state_change"",""state_change"",""fetch"",""fetch"",""relocate"",""relocate""]",False,0.5,False,1.0,6,1,0.16666666666666666,False,False,False,True
instance,1619,"{""object_count"":1,""ordered_units"":[""fetch(banana)"",""relocate(banana,plate)""],""plan_length"":5}","[""fetch"",""relocate""]","[""state_change"",""state_change"",""state_change"",""relocate""]",False,0.3333333333333333,False,0.5,4,0,0.0,False,False,False,False
instance,1621,"{""object_count"":1,""ordered_units"":[""fetch(wine)"",""relocate(wine,kitchen work area)""],""plan_length"":5}","[""fetch"",""relocate""]","[""fetch"",""relocate""]",True,1.0,True,1.0,2,0,0.0,False,False,False,True
instance,1623,"{""object_count"":1,""ordered_units"":[""fetch(pear)"",""relocate(pear,sink)"",""state_change(interact,sink)"",""fetch(pear)"",""check_then_act(sink,pear)"",""relocate(pear,plate)""],""plan_length"":11}","[""fetch"",""relocate"",""state_change"",""fetch"",""relocate""]","[""fetch"",""state_change"",""relocate""]",False,0.75,False,0.6,3,0,0.0,False,False,False,False
instance,1625,"{""object_count"":1,""ordered_units"":[""fetch(banana)"",""relocate(banana,plate)""],""plan_length"":5}","[""fetch"",""relocate""]","[""state_change"",""state_change"",""state_change"",""relocate""]",False,0.3333333333333333,False,0.5,4,0,0.0,False,False,False,False
instance,1627,"{""object_count"":2,""ordered_units"":[""fetch(banana)"",""state_change(open,cabinet)"",""relocate(banana,table)"",""fetch(apple)"",""open_container_then_retrieve(cabinet,apple)"",""relocate(apple,table)"",""multi_object_sequence(2)""],""plan_length"":8}","[""fetch"",""state_change"",""relocate"",""fetch"",""relocate""]","[""fetch"",""fetch"",""fetch"",""fetch"",""fetch"",""fetch"",""fetch"",""relocate"",""relocate""]",False,0.5714285714285714,False,0.6,9,0,0.0,False,False,False,False
instance,1630,"{""object_count"":1,""ordered_units"":[""fetch(peach)"",""fetch(knife)"",""relocate(peach,wooden cutting board)"",""state_change(interact,knife)""],""plan_length"":6}","[""fetch"",""fetch"",""relocate"",""state_change""]","[""relocate"",""state_change""]",False,0.6666666666666666,False,0.5,2,0,0.0,False,False,False,False
instance,1634,"{""object_count"":1,""ordered_units"":[""fetch(meat)"",""state_change(push,cardboardbox,R2)"",""relocate(meat,cardboardbox)"",""state_change(push,cardboardbox,R1)"",""fetch(meat)"",""relocate(meat,sink)""],""plan_length"":7}","[""fetch"",""state_change"",""relocate"",""state_change"",""fetch"",""relocate""]","[""relocate"",""relocate""]",False,0.5,False,0.3333333333333333,2,0,0.0,False,False,False,False
instance,1635,"{""object_count"":2,""ordered_units"":[""fetch(pear)"",""fetch(knife)"",""fetch(bread)"",""relocate(pear,wooden cutting board)"",""relocate(bread,wooden cutting board)"",""state_change(interact,knife)"",""multi_object_sequence(2)""],""plan_length"":9}","[""fetch"",""fetch"",""fetch"",""relocate"",""relocate"",""state_change""]","[""fetch"",""fetch"",""relocate"",""relocate"",""state_change""]",False,0.9090909090909091,False,0.8333333333333334,5,0,0.0,False,False,False,False
instance,1643,"{""object_count"":2,""ordered_units"":[""fetch(knife)"",""fetch(peach)"",""fetch(banana)"",""relocate(peach,wooden cutting board)"",""relocate(banana,wooden cutting board)"",""state_change(interact,knife)"",""multi_object_sequence(2)""],""plan_length"":9}","[""fetch"",""fetch"",""fetch"",""relocate"",""relocate"",""state_change""]","[""state_change"",""state_change""]",False,0.25,False,0.16666666666666666,2,0,0.0,False,False,False,False
instance,1644,"{""object_count"":1,""ordered_units"":[""fetch(knife)"",""fetch(peach)"",""relocate(peach,wooden cutting board)"",""state_change(interact,knife)""],""plan_length"":6}","[""fetch"",""fetch"",""relocate"",""state_change""]","[""fetch"",""relocate"",""fetch"",""state_change""]",True,1.0,False,0.75,4,0,0.0,False,False,False,False
instance,1652,"{""object_count"":1,""ordered_units"":[""fetch(meat)"",""relocate(meat,rack)""],""plan_length"":5}","[""fetch"",""relocate""]","[""fetch"",""relocate""]",True,1.0,True,1.0,2,0,0.0,False,False,False,False
instance,1653,"{""object_count"":1,""ordered_units"":[""fetch(bread)"",""relocate(bread,bowl)""],""plan_length"":5}","[""fetch"",""relocate""]","[""fetch"",""fetch"",""fetch"",""fetch"",""fetch"",""state_change"",""fetch"",""relocate""]",False,0.4,False,1.0,8,0,0.0,False,False,False,False
instance,1654,"{""object_count"":1,""ordered_units"":[""fetch(pear)"",""fetch(knife)"",""relocate(pear,wooden cutting board)"",""state_change(interact,knife)""],""plan_length"":6}","[""fetch"",""fetch"",""relocate"",""state_change""]","[""relocate"",""relocate"",""state_change""]",False,0.5714285714285714,False,0.5,3,0,0.0,False,False,False,False
instance,1671,"{""object_count"":2,""ordered_units"":[""fetch(knife)"",""fetch(pear)"",""fetch(tomato)"",""relocate(pear,wooden cutting board)"",""relocate(tomato,wooden cutting board)"",""state_change(interact,knife)"",""multi_object_sequence(2)""],""plan_length"":9}","[""fetch"",""fetch"",""fetch"",""relocate"",""relocate"",""state_change""]","[""fetch"",""fetch"",""relocate"",""relocate"",""fetch"",""state_change"",""state_change""]",False,0.9230769230769231,False,0.8333333333333334,7,0,0.0,False,False,False,False
instance,1673,"{""object_count"":2,""ordered_units"":[""fetch(meat)"",""fetch(pear)"",""relocate(meat,bowl)"",""relocate(pear,bowl)"",""multi_object_sequence(2)""],""plan_length"":8}","[""fetch"",""fetch"",""relocate"",""relocate""]","[""fetch"",""relocate"",""fetch"",""relocate""]",True,1.0,False,0.75,4,0,0.0,False,False,False,False
instance,1677,"{""object_count"":2,""ordered_units"":[""fetch(bread)"",""fetch(spoon)"",""state_change(open,cabinet)"",""relocate(bread,cabinet)"",""relocate(spoon,cabinet)"",""multi_object_sequence(2)""],""plan_length"":7}","[""fetch"",""fetch"",""state_change"",""relocate"",""relocate""]","[""fetch"",""fetch"",""state_change"",""relocate"",""relocate"",""state_change""]",False,0.9090909090909091,False,1.0,6,2,0.3333333333333333,False,False,False,False
instance,1685,"{""object_count"":2,""ordered_units"":[""fetch(plate)"",""state_change(open,cabinet)"",""relocate(plate,kitchen island area)"",""fetch(bread)"",""open_container_then_retrieve(cabinet,bread)"",""relocate(bread,plate)"",""multi_object_sequence(2)""],""plan_length"":8}","[""fetch"",""state_change"",""relocate"",""fetch"",""relocate""]","[""fetch"",""relocate""]",False,0.5714285714285714,False,0.4,2,1,0.5,False,False,False,False
instance,1689,"{""object_count"":2,""ordered_units"":[""fetch(apple)"",""fetch(meat)"",""relocate(apple,plate)"",""relocate(meat,plate)"",""multi_object_sequence(2)""],""plan_length"":5}","[""fetch"",""fetch"",""relocate"",""relocate""]",[],False,0.0,False,0.0,0,0,,False,False,True,True
instance,1691,"{""object_count"":1,""ordered_units"":[""fetch(banana)"",""relocate(banana,kitchen island area)""],""plan_length"":5}","[""fetch"",""relocate""]","[""fetch"",""relocate""]",True,1.0,True,1.0,2,0,0.0,False,False,False,False
instance,1693,"{""object_count"":2,""ordered_units"":[""fetch(scissors)"",""fetch(tomato)"",""state_change(open,cabinet)"",""relocate(scissors,cabinet)"",""relocate(tomato,cabinet)"",""multi_object_sequence(2)""],""plan_length"":7}","[""fetch"",""fetch"",""state_change"",""relocate"",""relocate""]","[""fetch"",""fetch"",""relocate"",""relocate""]",False,0.8888888888888888,False,0.8,4,1,0.25,False,False,False,False
instance,1713,"{""object_count"":1,""ordered_units"":[""fetch(apple)"",""relocate(apple,sink)"",""state_change(interact,sink)"",""fetch(apple)"",""check_then_act(sink,apple)"",""relocate(apple,plate)""],""plan_length"":11}","[""fetch"",""relocate"",""state_change"",""fetch"",""relocate""]","[""fetch"",""state_change"",""relocate""]",False,0.75,False,0.6,3,0,0.0,False,False,False,False
instance,1718,"{""object_count"":1,""ordered_units"":[""fetch(tomato)"",""relocate(tomato,table)""],""plan_length"":5}","[""fetch"",""relocate""]","[""state_change"",""state_change"",""fetch"",""fetch"",""relocate"",""relocate""]",False,0.5,False,1.0,6,1,0.16666666666666666,False,False,False,False
instance,1729,"{""object_count"":2,""ordered_units"":[""fetch(banana)"",""state_change(open,cabinet)"",""relocate(banana,table)"",""fetch(peach)"",""open_container_then_retrieve(cabinet,peach)"",""relocate(peach,table)"",""multi_object_sequence(2)""],""plan_length"":8}","[""fetch"",""state_change"",""relocate"",""fetch"",""relocate""]","[""fetch"",""fetch"",""fetch"",""fetch"",""fetch"",""fetch"",""fetch"",""relocate""]",False,0.46153846153846156,False,0.6,8,1,0.125,False,False,False,False
instance,1736,"{""object_count"":2,""ordered_units"":[""fetch(bread)"",""fetch(spoon)"",""state_change(open,cabinet)"",""relocate(bread,cabinet)"",""relocate(spoon,cabinet)"",""multi_object_sequence(2)""],""plan_length"":7}","[""fetch"",""fetch"",""state_change"",""relocate"",""relocate""]","[""fetch"",""relocate"",""fetch"",""relocate""]",False,0.8888888888888888,False,0.6,4,0,0.0,False,False,False,False
instance,1740,"{""object_count"":1,""ordered_units"":[""state_change(push,cardboardbox,R2)"",""fetch(pear)"",""relocate(pear,cardboardbox)"",""state_change(push,cardboardbox,R3)"",""fetch(pear)"",""relocate(pear,sink)""],""plan_length"":7}","[""state_change"",""fetch"",""relocate"",""state_change"",""fetch"",""relocate""]","[""fetch"",""state_change"",""relocate"",""relocate"",""fetch"",""relocate""]",False,0.8333333333333334,False,0.6666666666666666,6,1,0.16666666666666666,False,False,False,False
instance,1741,"{""object_count"":1,""ordered_units"":[""fetch(knife)"",""fetch(apple)"",""relocate(apple,wooden cutting board)"",""state_change(interact,knife)""],""plan_length"":6}","[""fetch"",""fetch"",""relocate"",""state_change""]","[""fetch"",""fetch"",""relocate"",""fetch"",""state_change""]",False,0.8888888888888888,False,1.0,5,0,0.0,False,False,False,False
instance,1743,"{""object_count"":1,""ordered_units"":[""fetch(knife)"",""fetch(pear)"",""relocate(pear,wooden cutting board)"",""state_change(interact,knife)""],""plan_length"":6}","[""fetch"",""fetch"",""relocate"",""state_change""]","[""fetch"",""fetch"",""relocate"",""fetch"",""state_change""]",False,0.8888888888888888,False,1.0,5,0,0.0,False,False,False,False
instance,1746,"{""object_count"":2,""ordered_units"":[""fetch(apple)"",""fetch(pear)"",""relocate(apple,plate)"",""relocate(pear,plate)"",""multi_object_sequence(2)""],""plan_length"":8}","[""fetch"",""fetch"",""relocate"",""relocate""]","[""fetch"",""fetch"",""relocate"",""relocate""]",True,1.0,True,1.0,4,0,0.0,False,False,False,False
instance,1750,"{""object_count"":1,""ordered_units"":[""fetch(apple)"",""fetch(knife)"",""relocate(apple,wooden cutting board)"",""state_change(interact,knife)""],""plan_length"":6}","[""fetch"",""fetch"",""relocate"",""state_change""]","[""fetch"",""relocate"",""fetch"",""state_change""]",True,1.0,False,0.75,4,0,0.0,False,False,False,False
instance,1751,"{""object_count"":2,""ordered_units"":[""fetch(fork)"",""fetch(apple)"",""state_change(open,cabinet)"",""relocate(fork,cabinet)"",""relocate(apple,cabinet)"",""multi_object_sequence(2)""],""plan_length"":7}","[""fetch"",""fetch"",""state_change"",""relocate"",""relocate""]","[""fetch"",""relocate"",""fetch"",""relocate""]",False,0.8888888888888888,False,0.6,4,1,0.25,False,False,False,False
instance,1753,"{""object_count"":2,""ordered_units"":[""fetch(scissors)"",""fetch(apple)"",""state_change(open,cabinet)"",""relocate(scissors,cabinet)"",""relocate(apple,cabinet)"",""multi_object_sequence(2)""],""plan_length"":7}","[""fetch"",""fetch"",""state_change"",""relocate"",""relocate""]","[""fetch"",""relocate"",""fetch"",""relocate""]",False,0.8888888888888888,False,0.6,4,0,0.0,False,False,False,False
instance,1755,"{""object_count"":1,""ordered_units"":[""fetch(peach)"",""fetch(knife)"",""relocate(peach,wooden cutting board)"",""state_change(interact,knife)""],""plan_length"":6}","[""fetch"",""fetch"",""relocate"",""state_change""]","[""fetch"",""fetch"",""relocate"",""fetch"",""state_change""]",False,0.8888888888888888,False,1.0,5,0,0.0,False,False,False,False
instance,1756,"{""object_count"":1,""ordered_units"":[""fetch(spoon)"",""relocate(spoon,rack)""],""plan_length"":5}","[""fetch"",""relocate""]","[""fetch"",""relocate""]",True,1.0,True,1.0,2,0,0.0,False,False,False,False
instance,1763,"{""object_count"":2,""ordered_units"":[""fetch(apple)"",""fetch(meat)"",""relocate(apple,plate)"",""relocate(meat,plate)"",""multi_object_sequence(2)""],""plan_length"":5}","[""fetch"",""fetch"",""relocate"",""relocate""]",[],False,0.0,False,0.0,0,0,,False,False,True,True
instance,1784,"{""object_count"":2,""ordered_units"":[""fetch(bread)"",""fetch(plate)"",""relocate(bread,toaster)"",""relocate(plate,kitchen work area)"",""state_change(interact,toaster)"",""multi_object_sequence(2)""],""plan_length"":6}","[""fetch"",""fetch"",""relocate"",""relocate"",""state_change""]","[""fetch"",""fetch"",""relocate""]",False,0.75,False,0.6,3,0,0.0,False,False,False,False
instance,1788,"{""object_count"":1,""ordered_units"":[""fetch(pear)"",""relocate(pear,rack)""],""plan_length"":5}","[""fetch"",""relocate""]","[""fetch"",""relocate""]",True,1.0,True,1.0,2,0,0.0,False,False,False,False
instance,1789,"{""object_count"":1,""ordered_units"":[""fetch(bread)"",""relocate(bread,bowl)""],""plan_length"":5}","[""fetch"",""relocate""]","[""fetch"",""fetch"",""fetch"",""fetch"",""fetch"",""state_change"",""fetch"",""relocate""]",False,0.4,False,1.0,8,0,0.0,False,False,False,False
instance,1790,"{""object_count"":1,""ordered_units"":[""fetch(apple)"",""relocate(apple,sink)"",""state_change(interact,sink)"",""fetch(apple)"",""check_then_act(sink,apple)"",""relocate(apple,plate)""],""plan_length"":11}","[""fetch"",""relocate"",""state_change"",""fetch"",""relocate""]","[""fetch"",""state_change"",""relocate""]",False,0.75,False,0.6,3,0,0.0,False,False,False,False
instance,1793,"{""object_count"":1,""ordered_units"":[""fetch(tomato)"",""relocate(tomato,sink)"",""state_change(interact,sink)"",""fetch(tomato)"",""check_then_act(sink,tomato)"",""relocate(tomato,bowl)""],""plan_length"":11}","[""fetch"",""relocate"",""state_change"",""fetch"",""relocate""]",[],False,0.0,False,0.0,0,0,,False,False,False,False
instance,1797,"{""object_count"":2,""ordered_units"":[""fetch(bowl)"",""state_change(open,cabinet)"",""relocate(bowl,kitchen work area)"",""fetch(banana)"",""open_container_then_retrieve(cabinet,banana)"",""relocate(banana,bowl)"",""multi_object_sequence(2)""],""plan_length"":8}","[""fetch"",""state_change"",""relocate"",""fetch"",""relocate""]","[""fetch"",""relocate"",""fetch"",""relocate""]",False,0.8888888888888888,False,0.8,4,3,0.75,False,False,False,False
productivity,0,"{""object_count"":1,""ordered_units"":[""fetch(wine)"",""relocate(wine,kitchen work area)""],""plan_length"":5}","[""fetch"",""relocate""]","[""relocate""]",False,0.6666666666666666,False,0.5,1,1,1.0,True,False,False,False
productivity,4,"{""object_count"":1,""ordered_units"":[""fetch(bread)"",""relocate(bread,plate)""],""plan_length"":5}","[""fetch"",""relocate""]","[""fetch"",""fetch"",""relocate""]",False,0.8,False,1.0,3,1,0.3333333333333333,False,False,False,False
productivity,6,"{""object_count"":1,""ordered_units"":[""fetch(bread)"",""relocate(bread,kitchen work area)""],""plan_length"":5}","[""fetch"",""relocate""]","[""relocate""]",False,0.6666666666666666,False,0.5,1,1,1.0,True,False,False,True
productivity,16,"{""object_count"":1,""ordered_units"":[""fetch(tomato)"",""relocate(tomato,table)""],""plan_length"":5}","[""fetch"",""relocate""]","[""state_change"",""state_change"",""fetch"",""fetch"",""relocate"",""relocate""]",False,0.5,False,1.0,6,0,0.0,False,False,False,False
productivity,19,"{""object_count"":1,""ordered_units"":[""fetch(pear)"",""fetch(knife)"",""relocate(pear,wooden cutting board)"",""state_change(interact,knife)""],""plan_length"":6}","[""fetch"",""fetch"",""relocate"",""state_change""]","[""fetch"",""relocate"",""fetch"",""state_change""]",True,1.0,False,0.75,4,0,0.0,False,False,False,False
productivity,24,"{""object_count"":1,""ordered_units"":[""fetch(knife)"",""fetch(peach)"",""relocate(peach,wooden cutting board)"",""state_change(interact,knife)""],""plan_length"":6}","[""fetch"",""fetch"",""relocate"",""state_change""]","[""relocate"",""state_change""]",False,0.6666666666666666,False,0.5,2,0,0.0,False,False,False,False
productivity,25,"{""object_count"":1,""ordered_units"":[""fetch(banana)"",""relocate(banana,bowl)""],""plan_length"":5}","[""fetch"",""relocate""]","[""state_change"",""state_change"",""state_change"",""fetch"",""fetch"",""relocate""]",False,0.5,False,1.0,6,1,0.16666666666666666,False,False,False,False
productivity,36,"{""object_count"":1,""ordered_units"":[""fetch(kettle)"",""relocate(kettle,kitchen work area)""],""plan_length"":5}","[""fetch"",""relocate""]","[""fetch"",""relocate""]",True,1.0,True,1.0,2,1,0.5,False,False,True,True
productivity,42,"{""object_count"":1,""ordered_units"":[""state_change(push,cardboardbox,R2)"",""fetch(meat)"",""relocate(meat,cardboardbox)"",""state_change(push,cardboardbox,R3)"",""fetch(meat)"",""relocate(meat,sink)""],""plan_length"":7}","[""state_change"",""fetch"",""relocate"",""state_change"",""fetch"",""relocate""]","[""fetch"",""state_change"",""relocate"",""relocate"",""fetch""]",False,0.9090909090909091,False,0.5,5,1,0.2,False,False,False,False
productivity,48,"{""object_count"":1,""ordered_units"":[""fetch(apple)"",""fetch(knife)"",""relocate(apple,wooden cutting board)"",""state_change(interact,knife)""],""plan_length"":6}","[""fetch"",""fetch"",""relocate"",""state_change""]","[""fetch"",""state_change""]",False,0.6666666666666666,False,0.5,2,0,0.0,False,False,False,False
productivity,58,"{""object_count"":1,""ordered_units"":[""fetch(plate)"",""relocate(plate,kitchen island area)""],""plan_length"":5}","[""fetch"",""relocate""]","[""relocate""]",False,0.6666666666666666,False,0.5,1,1,1.0,True,False,False,False
productivity,60,"{""object_count"":1,""ordered_units"":[""fetch(pumpkin)"",""relocate(pumpkin,kitchen work area)""],""plan_length"":5}","[""fetch"",""relocate""]","[""relocate""]",False,0.6666666666666666,False,0.5,1,1,1.0,True,False,False,False
productivity,64,"{""object_count"":1,""ordered_units"":[""fetch(banana)"",""relocate(banana,plate)""],""plan_length"":5}","[""fetch"",""relocate""]","[""fetch"",""fetch"",""relocate""]",False,0.8,False,1.0,3,1,0.3333333333333333,False,False,False,False
productivity,66,"{""object_count"":1,""ordered_units"":[""fetch(pear)"",""relocate(pear,table)""],""plan_length"":5}","[""fetch"",""relocate""]","[""state_change"",""state_change"",""fetch"",""fetch"",""fetch"",""fetch"",""relocate"",""relocate""]",False,0.4,False,1.0,8,1,0.125,False,False,False,False
productivity,69,"{""object_count"":1,""ordered_units"":[""fetch(apple)"",""relocate(apple,plate)""],""plan_length"":5}","[""fetch"",""relocate""]","[""state_change"",""fetch"",""relocate""]",False,0.8,False,1.0,3,1,0.3333333333333333,False,False,False,False
productivity,70,"{""object_count"":1,""ordered_units"":[""fetch(peach)"",""relocate(peach,kitchen work area)""],""plan_length"":5}","[""fetch"",""relocate""]","[""relocate""]",False,0.6666666666666666,False,0.5,1,0,0.0,False,False,False,False
productivity,73,"{""object_count"":1,""ordered_units"":[""fetch(scissors)"",""relocate(scissors,rack)""],""plan_length"":5}","[""fetch"",""relocate""]","[""fetch"",""relocate""]",True,1.0,True,1.0,2,0,0.0,False,False,False,True
productivity,74,"{""object_count"":1,""ordered_units"":[""fetch(bread)"",""relocate(bread,plate)""],""plan_length"":5}","[""fetch"",""relocate""]","[""fetch"",""fetch"",""relocate"",""state_change"",""fetch""]",False,0.5714285714285714,False,1.0,5,1,0.2,False,False,False,False
productivity,76,"{""object_count"":1,""ordered_units"":[""fetch(banana)"",""relocate(banana,table)""],""plan_length"":5}","[""fetch"",""relocate""]","[""state_change"",""state_change"",""fetch"",""fetch""]",False,0.3333333333333333,False,0.5,4,0,0.0,False,False,False,False
productivity,83,"{""object_count"":1,""ordered_units"":[""fetch(apple)"",""relocate(apple,table)""],""plan_length"":5}","[""fetch"",""relocate""]","[""state_change"",""state_change"",""fetch"",""relocate"",""fetch"",""relocate""]",False,0.5,False,1.0,6,0,0.0,False,False,False,False
productivity,84,"{""object_count"":1,""ordered_units"":[""fetch(apple)"",""relocate(apple,bowl)""],""plan_length"":5}","[""fetch"",""relocate""]","[""fetch"",""fetch"",""relocate""]",False,0.8,False,1.0,3,1,0.3333333333333333,False,False,False,False
productivity,88,"{""object_count"":1,""ordered_units"":[""fetch(banana)"",""relocate(banana,table)""],""plan_length"":5}","[""fetch"",""relocate""]","[""state_change"",""state_change"",""fetch"",""fetch"",""relocate""]",False,0.5714285714285714,False,1.0,5,1,0.2,False,False,False,True
productivity,91,"{""object_count"":1,""ordered_units"":[""fetch(peach)"",""relocate(peach,kitchen island area)""],""plan_length"":5}","[""fetch"",""relocate""]","[""fetch"",""relocate""]",True,1.0,True,1.0,2,0,0.0,False,False,False,False
productivity,102,"{""object_count"":1,""ordered_units"":[""fetch(pear)"",""fetch(knife)"",""relocate(pear,wooden cutting board)"",""state_change(interact,knife)""],""plan_length"":6}","[""fetch"",""fetch"",""relocate"",""state_change""]","[""fetch"",""fetch"",""relocate"",""fetch"",""state_change""]",False,0.8888888888888888,False,1.0,5,0,0.0,False,False,False,False
productivity,106,"{""object_count"":1,""ordered_units"":[""fetch(apple)"",""relocate(apple,table)""],""plan_length"":5}","[""fetch"",""relocate""]","[""state_change"",""state_change"",""state_change"",""fetch"",""fetch""]",False,0.2857142857142857,False,0.5,5,0,0.0,False,False,False,False
productivity,109,"{""object_count"":1,""ordered_units"":[""fetch(knife)"",""fetch(peach)"",""relocate(peach,wooden cutting board)"",""state_change(interact,knife)""],""plan_length"":6}","[""fetch"",""fetch"",""relocate"",""state_change""]","[""fetch"",""fetch"",""relocate"",""fetch"",""state_change""]",False,0.8888888888888888,False,1.0,5,0,0.0,False,False,False,False
productivity,122,"{""object_count"":1,""ordered_units"":[""state_change(push,cardboardbox,R2)"",""fetch(fork)"",""relocate(fork,cardboardbox)"",""state_change(push,cardboardbox,R3)"",""fetch(fork)"",""relocate(fork,sink)""],""plan_length"":7}","[""state_change"",""fetch"",""relocate"",""state_change"",""fetch"",""relocate""]","[""fetch"",""relocate"",""relocate""]",False,0.6666666666666666,False,0.5,3,0,0.0,False,False,False,False
productivity,130,"{""object_count"":1,""ordered_units"":[""fetch(peach)"",""relocate(peach,rack)""],""plan_length"":5}","[""fetch"",""relocate""]","[""fetch"",""relocate""]",True,1.0,True,1.0,2,0,0.0,False,False,False,False
productivity,139,"{""object_count"":1,""ordered_units"":[""fetch(banana)"",""relocate(banana,table)""],""plan_length"":5}","[""fetch"",""relocate""]","[""state_change"",""state_change"",""fetch"",""fetch"",""relocate""]",False,0.5714285714285714,False,1.0,5,1,0.2,False,False,False,False
productivity,143,"{""object_count"":1,""ordered_units"":[""fetch(peach)"",""relocate(peach,table)""],""plan_length"":5}","[""fetch"",""relocate""]","[""fetch"",""fetch"",""relocate""]",False,0.8,False,1.0,3,1,0.3333333333333333,False,False,False,False
productivity,150,"{""object_count"":1,""ordered_units"":[""fetch(banana)"",""relocate(banana,plate)""],""plan_length"":5}","[""fetch"",""relocate""]","[""state_change"",""state_change"",""state_change"",""relocate""]",False,0.3333333333333333,False,0.5,4,2,0.5,False,False,False,False
productivity,155,"{""object_count"":1,""ordered_units"":[""fetch(apple)"",""fetch(knife)"",""relocate(apple,wooden cutting board)"",""state_change(interact,knife)""],""plan_length"":6}","[""fetch"",""fetch"",""relocate"",""state_change""]","[""fetch"",""relocate"",""fetch"",""state_change""]",True,1.0,False,0.75,4,1,0.25,False,False,False,False
productivity,160,"{""object_count"":1,""ordered_units"":[""fetch(peach)"",""relocate(peach,table)""],""plan_length"":5}","[""fetch"",""relocate""]","[""fetch"",""fetch"",""fetch"",""fetch"",""relocate""]",False,0.5714285714285714,False,1.0,5,0,0.0,False,False,False,False
productivity,161,"{""object_count"":1,""ordered_units"":[""fetch(peach)"",""relocate(peach,table)""],""plan_length"":5}","[""fetch"",""relocate""]","[""state_change"",""state_change"",""fetch"",""fetch"",""state_change"",""state_change""]",False,0.25,False,0.5,6,0,0.0,False,False,False,False
productivity,162,"{""object_count"":1,""ordered_units"":[""fetch(bread)"",""relocate(bread,kitchen island area)""],""plan_length"":5}","[""fetch"",""relocate""]","[""fetch"",""relocate""]",True,1.0,True,1.0,2,0,0.0,False,False,False,False
productivity,171,"{""object_count"":1,""ordered_units"":[""fetch(knife)"",""fetch(pear)"",""relocate(pear,wooden cutting board)"",""state_change(interact,knife)""],""plan_length"":6}","[""fetch"",""fetch"",""relocate"",""state_change""]","[""fetch"",""fetch"",""relocate"",""state_change""]",True,1.0,True,1.0,4,0,0.0,False,False,False,False
productivity,174,"{""object_count"":1,""ordered_units"":[""fetch(knife)"",""fetch(pear)"",""relocate(pear,wooden cutting board)"",""state_change(interact,knife)""],""plan_length"":6}","[""fetch"",""fetch"",""relocate"",""state_change""]","[""fetch"",""fetch"",""relocate"",""fetch"",""state_change""]",False,0.8888888888888888,False,1.0,5,0,0.0,False,False,False,False
productivity,190,"{""object_count"":1,""ordered_units"":[""fetch(knife)"",""fetch(pear)"",""relocate(pear,wooden cutting board)"",""state_change(interact,knife)""],""plan_length"":6}","[""fetch"",""fetch"",""relocate"",""state_change""]","[""fetch"",""relocate"",""fetch""]",False,0.8571428571428571,False,0.5,3,0,0.0,False,False,False,False
productivity,191,"{""object_count"":1,""ordered_units"":[""fetch(peach)"",""relocate(peach,table)""],""plan_length"":5}","[""fetch"",""relocate""]","[""state_change"",""fetch"",""fetch""]",False,0.4,False,0.5,3,0,0.0,False,False,False,False
productivity,193,"{""object_count"":1,""ordered_units"":[""fetch(bottle)"",""relocate(bottle,rack)""],""plan_length"":5}","[""fetch"",""relocate""]","[""fetch"",""relocate""]",True,1.0,True,1.0,2,1,0.5,False,False,False,False
productivity,195,"{""object_count"":1,""ordered_units"":[""fetch(banana)"",""relocate(banana,table)""],""plan_length"":5}","[""fetch"",""relocate""]","[""state_change"",""state_change"",""state_change"",""fetch"",""fetch""]",False,0.2857142857142857,False,0.5,5,0,0.0,False,False,False,False
productivity,201,"{""object_count"":1,""ordered_units"":[""fetch(peach)"",""relocate(peach,table)""],""plan_length"":5}","[""fetch"",""relocate""]","[""state_change"",""state_change"",""fetch"",""fetch"",""state_change"",""state_change""]",False,0.25,False,0.5,6,0,0.0,False,False,False,False
productivity,203,"{""object_count"":1,""ordered_units"":[""fetch(apple)"",""relocate(apple,kitchen island area)""],""plan_length"":5}","[""fetch"",""relocate""]","[""fetch"",""relocate""]",True,1.0,True,1.0,2,0,0.0,False,False,False,False
productivity,204,"{""object_count"":1,""ordered_units"":[""fetch(knife)"",""fetch(apple)"",""relocate(apple,wooden cutting board)"",""state_change(interact,knife)""],""plan_length"":6}","[""fetch"",""fetch"",""relocate"",""state_change""]","[""fetch"",""relocate"",""fetch""]",False,0.8571428571428571,False,0.5,3,1,0.3333333333333333,False,False,False,False
productivity,210,"{""object_count"":1,""ordered_units"":[""fetch(cup)"",""relocate(cup,kitchen work area)""],""plan_length"":5}","[""fetch"",""relocate""]","[""fetch"",""relocate""]",True,1.0,True,1.0,2,1,0.5,False,False,False,False
productivity,220,"{""object_count"":1,""ordered_units"":[""fetch(tomato)"",""relocate(tomato,kitchen work area)""],""plan_length"":5}","[""fetch"",""relocate""]","[""fetch"",""relocate""]",True,1.0,True,1.0,2,0,0.0,False,False,False,False
productivity,225,"{""object_count"":1,""ordered_units"":[""fetch(cardboardbox)"",""relocate(cardboardbox,kitchen island area)""],""plan_length"":5}","[""fetch"",""relocate""]","[""relocate""]",False,0.6666666666666666,False,0.5,1,0,0.0,False,False,False,False
productivity,228,"{""object_count"":1,""ordered_units"":[""state_change(push,cardboardbox,R3)"",""fetch(pumpkin)"",""relocate(pumpkin,cardboardbox)"",""state_change(push,cardboardbox,R1)"",""fetch(pumpkin)"",""relocate(pumpkin,sink)""],""plan_length"":7}","[""state_change"",""fetch"",""relocate"",""state_change"",""fetch"",""relocate""]","[""fetch"",""relocate"",""relocate""]",False,0.6666666666666666,False,0.5,3,0,0.0,False,False,False,False
productivity,229,"{""object_count"":1,""ordered_units"":[""fetch(knife)"",""fetch(peach)"",""relocate(peach,wooden cutting board)"",""state_change(interact,knife)""],""plan_length"":6}","[""fetch"",""fetch"",""relocate"",""state_change""]","[""fetch"",""fetch"",""state_change""]",False,0.8571428571428571,False,0.75,3,0,0.0,False,False,False,False
productivity,233,"{""object_count"":1,""ordered_units"":[""fetch(knife)"",""fetch(pear)"",""relocate(pear,wooden cutting board)"",""state_change(interact,knife)""],""plan_length"":6}","[""fetch"",""fetch"",""relocate"",""state_change""]","[""fetch"",""fetch"",""relocate"",""fetch"",""state_change""]",False,0.8888888888888888,False,1.0,5,0,0.0,False,False,False,False
productivity,238,"{""object_count"":1,""ordered_units"":[""fetch(banana)"",""relocate(banana,plate)""],""plan_length"":5}","[""fetch"",""relocate""]","[""state_change"",""state_change"",""fetch"",""relocate""]",False,0.6666666666666666,False,1.0,4,1,0.25,False,False,False,False
productivity,240,"{""object_count"":1,""ordered_units"":[""fetch(pear)"",""fetch(knife)"",""relocate(pear,wooden cutting board)"",""state_change(interact,knife)""],""plan_length"":6}","[""fetch"",""fetch"",""relocate"",""state_change""]","[""fetch"",""fetch"",""relocate"",""fetch"",""state_change""]",False,0.8888888888888888,False,1.0,5,0,0.0,False,False,False,False
productivity,248,"{""object_count"":1,""ordered_units"":[""fetch(peach)"",""fetch(knife)"",""relocate(peach,wooden cutting board)"",""state_change(interact,knife)""],""plan_length"":6}","[""fetch"",""fetch"",""relocate"",""state_change""]","[""relocate"",""relocate"",""state_change""]",False,0.5714285714285714,False,0.5,3,0,0.0,False,False,False,False
productivity,252,"{""object_count"":1,""ordered_units"":[""fetch(peach)"",""relocate(peach,table)""],""plan_length"":5}","[""fetch"",""relocate""]","[""state_change"",""state_change"",""fetch"",""fetch"",""state_change"",""state_change""]",False,0.25,False,0.5,6,0,0.0,False,False,False,False
productivity,256,"{""object_count"":1,""ordered_units"":[""fetch(wine)"",""relocate(wine,kitchen island area)""],""plan_length"":5}","[""fetch"",""relocate""]","[""relocate""]",False,0.6666666666666666,False,0.5,1,0,0.0,False,False,False,False
productivity,257,"{""object_count"":1,""ordered_units"":[""fetch(bottle)"",""relocate(bottle,rack)""],""plan_length"":5}","[""fetch"",""relocate""]","[""fetch"",""relocate""]",True,1.0,True,1.0,2,1,0.5,False,False,False,False
productivity,258,"{""object_count"":1,""ordered_units"":[""fetch(spoon)"",""state_change(push,cardboardbox,R2)"",""relocate(spoon,cardboardbox)"",""state_change(push,cardboardbox,R1)"",""fetch(spoon)"",""relocate(spoon,sink)""],""plan_length"":7}","[""fetch"",""state_change"",""relocate"",""state_change"",""fetch"",""relocate""]","[""relocate"",""relocate""]",False,0.5,False,0.3333333333333333,2,1,0.5,False,False,False,False
productivity,263,"{""object_count"":1,""ordered_units"":[""fetch(bottle)"",""relocate(bottle,rack)""],""plan_length"":5}","[""fetch"",""relocate""]","[""fetch"",""relocate""]",True,1.0,True,1.0,2,1,0.5,False,False,True,False
productivity,266,"{""object_count"":1,""ordered_units"":[""fetch(banana)"",""relocate(banana,table)""],""plan_length"":5}","[""fetch"",""relocate""]","[""state_change"",""relocate""]",False,0.5,False,0.5,2,1,0.5,False,False,False,False
productivity,282,"{""object_count"":1,""ordered_units"":[""fetch(apple)"",""relocate(apple,bowl)""],""plan_length"":5}","[""fetch"",""relocate""]","[""state_change"",""fetch"",""relocate""]",False,0.8,False,1.0,3,2,0.6666666666666666,False,False,False,False
productivity,284,"{""object_count"":1,""ordered_units"":[""fetch(spoon)"",""state_change(push,cardboardbox,R1)"",""relocate(spoon,cardboardbox)"",""state_change(push,cardboardbox,R2)"",""fetch(spoon)"",""relocate(spoon,sink)""],""plan_length"":7}","[""fetch"",""state_change"",""relocate"",""state_change"",""fetch"",""relocate""]","[""relocate""]",False,0.2857142857142857,False,0.16666666666666666,1,0,0.0,False,False,False,False
productivity,296,"{""object_count"":1,""ordered_units"":[""fetch(pear)"",""fetch(knife)"",""relocate(pear,wooden cutting board)"",""state_change(interact,knife)""],""plan_length"":6}","[""fetch"",""fetch"",""relocate"",""state_change""]","[""fetch"",""fetch"",""state_change""]",False,0.8571428571428571,False,0.75,3,1,0.3333333333333333,False,False,False,True
productivity,306,"{""object_count"":1,""ordered_units"":[""fetch(apple)"",""relocate(apple,table)""],""plan_length"":5}","[""fetch"",""relocate""]","[""state_change"",""state_change"",""fetch"",""state_change""]",False,0.3333333333333333,False,0.5,4,0,0.0,False,False,False,False
productivity,320,"{""object_count"":1,""ordered_units"":[""fetch(tomato)"",""relocate(tomato,table)""],""plan_length"":5}","[""fetch"",""relocate""]","[""fetch"",""fetch"",""fetch"",""relocate""]",False,0.6666666666666666,False,1.0,4,0,0.0,False,False,False,True
productivity,327,"{""object_count"":1,""ordered_units"":[""fetch(spoon)"",""relocate(spoon,rack)""],""plan_length"":5}","[""fetch"",""relocate""]","[""fetch"",""relocate""]",True,1.0,True,1.0,2,1,0.5,False,False,False,True
productivity,331,"{""object_count"":1,""ordered_units"":[""fetch(pizza)"",""relocate(pizza,kitchen island area)""],""plan_length"":5}","[""fetch"",""relocate""]","[""relocate""]",False,0.6666666666666666,False,0.5,1,1,1.0,True,False,True,True
productivity,336,"{""object_count"":1,""ordered_units"":[""fetch(pear)"",""relocate(pear,kitchen island area)""],""plan_length"":5}","[""fetch"",""relocate""]","[""relocate""]",False,0.6666666666666666,False,0.5,1,0,0.0,False,False,False,False
productivity,338,"{""object_count"":1,""ordered_units"":[""fetch(bread)"",""relocate(bread,plate)""],""plan_length"":5}","[""fetch"",""relocate""]","[""state_change"",""state_change"",""state_change"",""relocate""]",False,0.3333333333333333,False,0.5,4,1,0.25,False,False,False,False
productivity,341,"{""object_count"":1,""ordered_units"":[""fetch(apple)"",""relocate(apple,plate)""],""plan_length"":5}","[""fetch"",""relocate""]","[""state_change"",""state_change"",""fetch"",""relocate""]",False,0.6666666666666666,False,1.0,4,0,0.0,False,False,False,False
productivity,344,"{""object_count"":1,""ordered_units"":[""fetch(peach)"",""fetch(knife)"",""relocate(peach,wooden cutting board)"",""state_change(interact,knife)""],""plan_length"":6}","[""fetch"",""fetch"",""relocate"",""state_change""]","[""fetch"",""fetch"",""relocate"",""fetch"",""state_change""]",False,0.8888888888888888,False,1.0,5,0,0.0,False,False,False,False
productivity,347,"{""object_count"":1,""ordered_units"":[""fetch(peach)"",""fetch(knife)"",""relocate(peach,wooden cutting board)"",""state_change(interact,knife)""],""plan_length"":6}","[""fetch"",""fetch"",""relocate"",""state_change""]","[""fetch"",""fetch"",""relocate"",""fetch"",""state_change""]",False,0.8888888888888888,False,1.0,5,0,0.0,False,False,False,False
productivity,350,"{""object_count"":1,""ordered_units"":[""fetch(tomato)"",""relocate(tomato,table)""],""plan_length"":5}","[""fetch"",""relocate""]","[""state_change"",""state_change"",""fetch"",""fetch""]",False,0.3333333333333333,False,0.5,4,0,0.0,False,False,False,False
productivity,354,"{""object_count"":1,""ordered_units"":[""fetch(banana)"",""relocate(banana,table)""],""plan_length"":5}","[""fetch"",""relocate""]","[""state_change"",""relocate""]",False,0.5,False,0.5,2,1,0.5,False,False,False,False
productivity,355,"{""object_count"":1,""ordered_units"":[""fetch(apple)"",""relocate(apple,kitchen island area)""],""plan_length"":5}","[""fetch"",""relocate""]","[""fetch"",""relocate""]",True,1.0,True,1.0,2,0,0.0,False,False,False,False
productivity,357,"{""object_count"":1,""ordered_units"":[""fetch(peach)"",""relocate(peach,kitchen island area)""],""plan_length"":5}","[""fetch"",""relocate""]","[""relocate""]",False,0.6666666666666666,False,0.5,1,0,0.0,False,False,False,False
productivity,365,"{""object_count"":1,""ordered_units"":[""fetch(pear)"",""fetch(knife)"",""relocate(pear,wooden cutting board)"",""state_change(interact,knife)""],""plan_length"":6}","[""fetch"",""fetch"",""relocate"",""state_change""]","[""fetch"",""relocate"",""fetch"",""state_change""]",True,1.0,False,0.75,4,0,0.0,False,False,False,False
productivity,366,"{""object_count"":1,""ordered_units"":[""fetch(meat)"",""state_change(push,cardboardbox,R1)"",""relocate(meat,cardboardbox)"",""state_change(push,cardboardbox,R3)"",""fetch(meat)"",""relocate(meat,sink)""],""plan_length"":7}","[""fetch"",""state_change"",""relocate"",""state_change"",""fetch"",""relocate""]","[""relocate"",""state_change"",""relocate"",""fetch""]",False,0.8,False,0.5,4,1,0.25,False,False,False,False
productivity,369,"{""object_count"":1,""ordered_units"":[""fetch(peach)"",""relocate(peach,table)""],""plan_length"":5}","[""fetch"",""relocate""]","[""state_change"",""fetch"",""fetch"",""relocate"",""relocate""]",False,0.5714285714285714,False,1.0,5,1,0.2,False,False,False,False
productivity,375,"{""object_count"":1,""ordered_units"":[""fetch(knife)"",""fetch(apple)"",""relocate(apple,wooden cutting board)"",""state_change(interact,knife)""],""plan_length"":6}","[""fetch"",""fetch"",""relocate"",""state_change""]","[""fetch"",""fetch"",""relocate"",""fetch"",""state_change""]",False,0.8888888888888888,False,1.0,5,0,0.0,False,False,False,False
productivity,376,"{""object_count"":1,""ordered_units"":[""fetch(knife)"",""fetch(apple)"",""relocate(apple,wooden cutting board)"",""state_change(interact,knife)""],""plan_length"":6}","[""fetch"",""fetch"",""relocate"",""state_change""]","[""fetch"",""relocate"",""fetch""]",False,0.8571428571428571,False,0.5,3,0,0.0,False,False,False,False
productivity,379,"{""object_count"":1,""ordered_units"":[""fetch(peach)"",""relocate(peach,table)""],""plan_length"":5}","[""fetch"",""relocate""]","[""state_change"",""fetch"",""fetch"",""relocate""]",False,0.6666666666666666,False,1.0,4,1,0.25,False,False,False,False
productivity,380,"{""object_count"":1,""ordered_units"":[""fetch(pear)"",""relocate(pear,table)""],""plan_length"":5}","[""fetch"",""relocate""]","[""state_change"",""state_change"",""fetch"",""state_change""]",False,0.3333333333333333,False,0.5,4,0,0.0,False,False,False,False
productivity,384,"{""object_count"":1,""ordered_units"":[""fetch(banana)"",""relocate(banana,plate)""],""plan_length"":5}","[""fetch"",""relocate""]","[""state_change"",""state_change"",""state_change"",""relocate""]",False,0.3333333333333333,False,0.5,4,2,0.5,False,False,False,False
productivity,390,"{""object_count"":1,""ordered_units"":[""fetch(banana)"",""relocate(banana,rack)""],""plan_length"":5}","[""fetch"",""relocate""]","[""fetch"",""relocate""]",True,1.0,True,1.0,2,0,0.0,False,False,True,False
productivity,396,"{""object_count"":1,""ordered_units"":[""fetch(bread)"",""relocate(bread,plate)""],""plan_length"":5}","[""fetch"",""relocate""]","[""state_change"",""state_change"",""state_change"",""relocate""]",False,0.3333333333333333,False,0.5,4,1,0.25,False,False,False,False
productivity,403,"{""object_count"":1,""ordered_units"":[""fetch(fork)"",""relocate(fork,kitchen work area)""],""plan_length"":5}","[""fetch"",""relocate""]","[""fetch"",""relocate""]",True,1.0,True,1.0,2,1,0.5,False,False,False,True
productivity,408,"{""object_count"":1,""ordered_units"":[""fetch(tomato)"",""relocate(tomato,table)""],""plan_length"":5}","[""fetch"",""relocate""]","[""state_change"",""state_change"",""fetch"",""fetch"",""state_change"",""state_change""]",False,0.25,False,0.5,6,0,0.0,False,False,False,False
productivity,414,"{""object_count"":1,""ordered_units"":[""fetch(meat)"",""relocate(meat,kitchen island area)""],""plan_length"":5}","[""fetch"",""relocate""]","[""fetch"",""relocate""]",True,1.0,True,1.0,2,0,0.0,False,False,False,True
productivity,421,"{""object_count"":1,""ordered_units"":[""fetch(apple)"",""fetch(knife)"",""relocate(apple,wooden cutting board)"",""state_change(interact,knife)""],""plan_length"":6}","[""fetch"",""fetch"",""relocate"",""state_change""]","[""fetch"",""fetch"",""relocate"",""state_change""]",True,1.0,True,1.0,4,0,0.0,False,False,False,False
productivity,425,"{""object_count"":1,""ordered_units"":[""fetch(tomato)"",""relocate(tomato,table)""],""plan_length"":5}","[""fetch"",""relocate""]","[""state_change"",""state_change"",""fetch"",""fetch"",""relocate"",""relocate""]",False,0.5,False,1.0,6,0,0.0,False,False,False,False
productivity,430,"{""object_count"":1,""ordered_units"":[""fetch(knife)"",""fetch(pear)"",""relocate(pear,wooden cutting board)"",""state_change(interact,knife)""],""plan_length"":6}","[""fetch"",""fetch"",""relocate"",""state_change""]","[""fetch"",""fetch"",""relocate"",""state_change""]",True,1.0,True,1.0,4,0,0.0,False,False,False,False
productivity,431,"{""object_count"":1,""ordered_units"":[""fetch(tomato)"",""relocate(tomato,table)""],""plan_length"":5}","[""fetch"",""relocate""]","[""state_change"",""state_change"",""fetch"",""fetch"",""relocate""]",False,0.5714285714285714,False,1.0,5,0,0.0,False,False,False,False
productivity,432,"{""object_count"":1,""ordered_units"":[""fetch(wine)"",""relocate(wine,kitchen island area)""],""plan_length"":5}","[""fetch"",""relocate""]","[""relocate""]",False,0.6666666666666666,False,0.5,1,1,1.0,True,False,False,False
productivity,435,"{""object_count"":1,""ordered_units"":[""fetch(apple)"",""relocate(apple,bowl)""],""plan_length"":5}","[""fetch"",""relocate""]","[""state_change"",""fetch"",""relocate""]",False,0.8,False,1.0,3,2,0.6666666666666666,False,False,False,False
productivity,447,"{""object_count"":1,""ordered_units"":[""fetch(meat)"",""state_change(push,cardboardbox,R1)"",""relocate(meat,cardboardbox)"",""state_change(push,cardboardbox,R2)"",""fetch(meat)"",""relocate(meat,sink)""],""plan_length"":7}","[""fetch"",""state_change"",""relocate"",""state_change"",""fetch"",""relocate""]","[""fetch"",""state_change"",""relocate"",""relocate"",""fetch""]",False,0.9090909090909091,False,0.6666666666666666,5,1,0.2,False,False,False,False
productivity,448,"{""object_count"":1,""ordered_units"":[""fetch(spoon)"",""relocate(spoon,kitchen work area)""],""plan_length"":5}","[""fetch"",""relocate""]","[""relocate""]",False,0.6666666666666666,False,0.5,1,1,1.0,True,False,True,True
productivity,457,"{""object_count"":1,""ordered_units"":[""fetch(tomato)"",""relocate(tomato,table)""],""plan_length"":5}","[""fetch"",""relocate""]","[""state_change"",""state_change"",""relocate"",""relocate"",""relocate"",""relocate""]",False,0.25,False,0.5,6,0,0.0,False,False,False,False
productivity,469,"{""object_count"":1,""ordered_units"":[""fetch(pumpkin)"",""relocate(pumpkin,kitchen island area)""],""plan_length"":5}","[""fetch"",""relocate""]","[""fetch"",""relocate""]",True,1.0,True,1.0,2,0,0.0,False,False,False,False
productivity,474,"{""object_count"":1,""ordered_units"":[""fetch(knife)"",""fetch(peach)"",""relocate(peach,wooden cutting board)"",""state_change(interact,knife)""],""plan_length"":6}","[""fetch"",""fetch"",""relocate"",""state_change""]","[""fetch"",""relocate"",""fetch"",""state_change""]",True,1.0,False,0.75,4,0,0.0,False,False,False,False
productivity,477,"{""object_count"":1,""ordered_units"":[""fetch(cooling fan)"",""relocate(cooling fan,kitchen island area)""],""plan_length"":5}","[""fetch"",""relocate""]","[""relocate""]",False,0.6666666666666666,False,0.5,1,1,1.0,True,False,True,True
productivity,484,"{""object_count"":1,""ordered_units"":[""fetch(knife)"",""fetch(apple)"",""relocate(apple,wooden cutting board)"",""state_change(interact,knife)""],""plan_length"":6}","[""fetch"",""fetch"",""relocate"",""state_change""]","[""fetch"",""fetch"",""relocate"",""fetch"",""state_change""]",False,0.8888888888888888,False,1.0,5,0,0.0,False,False,False,False
productivity,487,"{""object_count"":1,""ordered_units"":[""state_change(push,cardboardbox,R3)"",""fetch(pumpkin)"",""relocate(pumpkin,cardboardbox)"",""state_change(push,cardboardbox,R2)"",""fetch(pumpkin)"",""relocate(pumpkin,sink)""],""plan_length"":7}","[""state_change"",""fetch"",""relocate"",""state_change"",""fetch"",""relocate""]","[""fetch"",""state_change"",""relocate"",""relocate"",""fetch""]",False,0.9090909090909091,False,0.5,5,1,0.2,False,False,False,False
productivity,491,"{""object_count"":1,""ordered_units"":[""fetch(pear)"",""relocate(pear,table)""],""plan_length"":5}","[""fetch"",""relocate""]","[""state_change"",""state_change"",""state_change"",""fetch"",""fetch"",""relocate"",""relocate""]",False,0.4444444444444444,False,1.0,7,1,0.14285714285714285,False,False,False,True
productivity,498,"{""object_count"":1,""ordered_units"":[""fetch(knife)"",""fetch(apple)"",""relocate(apple,wooden cutting board)"",""state_change(interact,knife)""],""plan_length"":6}","[""fetch"",""fetch"",""relocate"",""state_change""]","[""fetch"",""state_change""]",False,0.6666666666666666,False,0.5,2,0,0.0,False,False,False,False
productivity,499,"{""object_count"":1,""ordered_units"":[""fetch(bread)"",""relocate(bread,bowl)""],""plan_length"":5}","[""fetch"",""relocate""]","[""fetch"",""fetch"",""fetch"",""fetch"",""fetch"",""relocate""]",False,0.5,False,1.0,6,1,0.16666666666666666,False,False,False,False
productivity,508,"{""object_count"":1,""ordered_units"":[""fetch(kettle)"",""relocate(kettle,kitchen work area)""],""plan_length"":5}","[""fetch"",""relocate""]","[""relocate""]",False,0.6666666666666666,False,0.5,1,1,1.0,True,False,True,False
productivity,514,"{""object_count"":1,""ordered_units"":[""fetch(cooling fan)"",""relocate(cooling fan,kitchen work area)""],""plan_length"":5}","[""fetch"",""relocate""]","[""fetch"",""relocate""]",True,1.0,True,1.0,2,1,0.5,False,False,True,False
productivity,516,"{""object_count"":1,""ordered_units"":[""fetch(pear)"",""fetch(knife)"",""relocate(pear,wooden cutting board)"",""state_change(interact,knife)""],""plan_length"":6}","[""fetch"",""fetch"",""relocate"",""state_change""]","[""fetch"",""relocate"",""fetch"",""state_change""]",True,1.0,False,0.75,4,0,0.0,False,False,False,False
productivity,527,"{""object_count"":1,""ordered_units"":[""fetch(banana)"",""relocate(banana,rack)""],""plan_length"":5}","[""fetch"",""relocate""]","[""fetch"",""relocate""]",True,1.0,True,1.0,2,0,0.0,False,False,False,False
productivity,541,"{""object_count"":1,""ordered_units"":[""fetch(pear)"",""fetch(knife)"",""relocate(pear,wooden cutting board)"",""state_change(interact,knife)""],""plan_length"":6}","[""fetch"",""fetch"",""relocate"",""state_change""]","[""fetch"",""fetch"",""state_change""]",False,0.8571428571428571,False,0.75,3,1,0.3333333333333333,False,False,False,False
productivity,547,"{""object_count"":1,""ordered_units"":[""fetch(apple)"",""relocate(apple,table)""],""plan_length"":5}","[""fetch"",""relocate""]","[""state_change"",""state_change"",""fetch"",""relocate""]",False,0.6666666666666666,False,1.0,4,1,0.25,False,False,False,True
productivity,553,"{""object_count"":1,""ordered_units"":[""fetch(wine)"",""relocate(wine,rack)""],""plan_length"":5}","[""fetch"",""relocate""]","[""fetch"",""relocate""]",True,1.0,True,1.0,2,0,0.0,False,False,False,False
productivity,556,"{""object_count"":1,""ordered_units"":[""fetch(cup)"",""relocate(cup,kitchen work area)""],""plan_length"":5}","[""fetch"",""relocate""]","[""fetch"",""relocate""]",True,1.0,True,1.0,2,1,0.5,False,False,True,False
productivity,557,"{""object_count"":1,""ordered_units"":[""fetch(banana)"",""relocate(banana,kitchen island area)""],""plan_length"":5}","[""fetch"",""relocate""]","[""fetch"",""relocate""]",True,1.0,True,1.0,2,0,0.0,False,False,True,False
productivity,560,"{""object_count"":1,""ordered_units"":[""fetch(cup)"",""relocate(cup,kitchen island area)""],""plan_length"":5}","[""fetch"",""relocate""]","[""relocate""]",False,0.6666666666666666,False,0.5,1,1,1.0,True,False,True,False
productivity,563,"{""object_count"":1,""ordered_units"":[""fetch(knife)"",""fetch(pear)"",""relocate(pear,wooden cutting board)"",""state_change(interact,knife)""],""plan_length"":6}","[""fetch"",""fetch"",""relocate"",""state_change""]","[""fetch"",""relocate"",""fetch"",""state_change""]",True,1.0,False,0.75,4,0,0.0,False,False,False,False
productivity,568,"{""object_count"":1,""ordered_units"":[""fetch(tomato)"",""relocate(tomato,table)""],""plan_length"":5}","[""fetch"",""relocate""]","[""state_change"",""state_change"",""relocate"",""relocate"",""relocate"",""relocate""]",False,0.25,False,0.5,6,0,0.0,False,False,False,False
productivity,580,"{""object_count"":1,""ordered_units"":[""fetch(peach)"",""relocate(peach,table)""],""plan_length"":5}","[""fetch"",""relocate""]","[""state_change"",""fetch"",""fetch""]",False,0.4,False,0.5,3,0,0.0,False,False,False,False
productivity,587,"{""object_count"":1,""ordered_units"":[""fetch(peach)"",""fetch(knife)"",""relocate(peach,wooden cutting board)"",""state_change(interact,knife)""],""plan_length"":6}","[""fetch"",""fetch"",""relocate"",""state_change""]","[""fetch"",""relocate"",""fetch"",""state_change""]",True,1.0,False,0.75,4,0,0.0,False,False,False,False
productivity,591,"{""object_count"":1,""ordered_units"":[""fetch(pumpkin)"",""relocate(pumpkin,kitchen work area)""],""plan_length"":5}","[""fetch"",""relocate""]","[""fetch"",""relocate""]",True,1.0,True,1.0,2,0,0.0,False,False,True,False
productivity,603,"{""object_count"":1,""ordered_units"":[""fetch(kettle)"",""relocate(kettle,rack)""],""plan_length"":5}","[""fetch"",""relocate""]","[""relocate""]",False,0.6666666666666666,False,0.5,1,1,1.0,True,False,False,False
productivity,604,"{""object_count"":1,""ordered_units"":[""fetch(tomato)"",""relocate(tomato,table)""],""plan_length"":5}","[""fetch"",""relocate""]","[""fetch"",""fetch"",""relocate""]",False,0.8,False,1.0,3,1,0.3333333333333333,False,False,True,False
productivity,609,"{""object_count"":1,""ordered_units"":[""fetch(pear)"",""relocate(pear,table)""],""plan_length"":5}","[""fetch"",""relocate""]","[""state_change"",""state_change"",""fetch"",""state_change""]",False,0.3333333333333333,False,0.5,4,0,0.0,False,False,False,False
productivity,614,"{""object_count"":1,""ordered_units"":[""fetch(apple)"",""relocate(apple,table)""],""plan_length"":5}","[""fetch"",""relocate""]","[""state_change"",""state_change"",""state_change"",""fetch"",""fetch""]",False,0.2857142857142857,False,0.5,5,0,0.0,False,False,False,False
productivity,616,"{""object_count"":1,""ordered_units"":[""fetch(bread)"",""relocate(bread,rack)""],""plan_length"":5}","[""fetch"",""relocate""]","[""fetch"",""relocate""]",True,1.0,True,1.0,2,1,0.5,False,False,False,True
productivity,621,"{""object_count"":1,""ordered_units"":[""fetch(peach)"",""fetch(knife)"",""relocate(peach,wooden cutting board)"",""state_change(interact,knife)""],""plan_length"":6}","[""fetch"",""fetch"",""relocate"",""state_change""]","[""fetch"",""fetch"",""state_change""]",False,0.8571428571428571,False,0.75,3,0,0.0,False,False,False,False
productivity,624,"{""object_count"":1,""ordered_units"":[""fetch(spoon)"",""relocate(spoon,kitchen work area)""],""plan_length"":5}","[""fetch"",""relocate""]","[""relocate""]",False,0.6666666666666666,False,0.5,1,1,1.0,True,False,True,False
productivity,625,"{""object_count"":1,""ordered_units"":[""fetch(kettle)"",""relocate(kettle,kitchen island area)""],""plan_length"":5}","[""fetch"",""relocate""]","[""relocate""]",False,0.6666666666666666,False,0.5,1,1,1.0,True,False,True,False
productivity,629,"{""object_count"":1,""ordered_units"":[""fetch(peach)"",""relocate(peach,table)""],""plan_length"":5}","[""fetch"",""relocate""]","[""state_change"",""state_change"",""fetch"",""fetch"",""fetch"",""fetch"",""relocate"",""relocate""]",False,0.4,False,1.0,8,1,0.125,False,False,False,True
productivity,630,"{""object_count"":1,""ordered_units"":[""fetch(peach)"",""fetch(knife)"",""relocate(peach,wooden cutting board)"",""state_change(interact,knife)""],""plan_length"":6}","[""fetch"",""fetch"",""relocate"",""state_change""]","[""fetch"",""fetch"",""relocate"",""fetch"",""state_change""]",False,0.8888888888888888,False,1.0,5,0,0.0,False,False,False,False
productivity,636,"{""object_count"":1,""ordered_units"":[""fetch(knife)"",""fetch(peach)"",""relocate(peach,wooden cutting board)"",""state_change(interact,knife)""],""plan_length"":6}","[""fetch"",""fetch"",""relocate"",""state_change""]","[""fetch"",""relocate"",""fetch"",""state_change""]",True,1.0,False,0.75,4,0,0.0,False,False,False,False
productivity,637,"{""object_count"":1,""ordered_units"":[""fetch(apple)"",""relocate(apple,table)""],""plan_length"":5}","[""fetch"",""relocate""]","[""state_change"",""relocate""]",False,0.5,False,0.5,2,1,0.5,False,False,False,False
productivity,648,"{""object_count"":1,""ordered_units"":[""fetch(cup)"",""relocate(cup,rack)""],""plan_length"":5}","[""fetch"",""relocate""]","[""fetch"",""relocate""]",True,1.0,True,1.0,2,1,0.5,False,False,False,False
productivity,653,"{""object_count"":1,""ordered_units"":[""fetch(apple)"",""relocate(apple,table)""],""plan_length"":5}","[""fetch"",""relocate""]","[""state_change"",""state_change"",""fetch"",""fetch"",""state_change"",""state_change""]",False,0.25,False,0.5,6,0,0.0,False,False,False,False
productivity,659,"{""object_count"":1,""ordered_units"":[""fetch(apple)"",""relocate(apple,table)""],""plan_length"":5}","[""fetch"",""relocate""]","[""state_change"",""fetch"",""relocate""]",False,0.8,False,1.0,3,1,0.3333333333333333,False,False,False,True
productivity,663,"{""object_count"":1,""ordered_units"":[""fetch(knife)"",""fetch(peach)"",""relocate(peach,wooden cutting board)"",""state_change(interact,knife)""],""plan_length"":6}","[""fetch"",""fetch"",""relocate"",""state_change""]","[""relocate"",""relocate"",""state_change""]",False,0.5714285714285714,False,0.5,3,0,0.0,False,False,False,False
productivity,664,"{""object_count"":1,""ordered_units"":[""fetch(apple)"",""fetch(knife)"",""relocate(apple,wooden cutting board)"",""state_change(interact,knife)""],""plan_length"":6}","[""fetch"",""fetch"",""relocate"",""state_change""]","[""fetch"",""relocate"",""fetch"",""state_change""]",True,1.0,False,0.75,4,1,0.25,False,False,False,False
productivity,665,"{""object_count"":1,""ordered_units"":[""fetch(tomato)"",""relocate(tomato,table)""],""plan_length"":5}","[""fetch"",""relocate""]","[""state_change"",""state_change"",""fetch"",""fetch"",""relocate"",""relocate""]",False,0.5,False,1.0,6,0,0.0,False,False,False,False
productivity,666,"{""object_count"":1,""ordered_units"":[""fetch(apple)"",""relocate(apple,rack)""],""plan_length"":5}","[""fetch"",""relocate""]","[""fetch"",""relocate""]",True,1.0,True,1.0,2,0,0.0,False,False,False,False
productivity,667,"{""object_count"":1,""ordered_units"":[""fetch(peach)"",""relocate(peach,table)""],""plan_length"":5}","[""fetch"",""relocate""]","[""state_change"",""state_change"",""fetch"",""fetch"",""relocate"",""relocate""]",False,0.5,False,1.0,6,0,0.0,False,False,False,False
productivity,668,"{""object_count"":1,""ordered_units"":[""fetch(knife)"",""fetch(peach)"",""relocate(peach,wooden cutting board)"",""state_change(interact,knife)""],""plan_length"":6}","[""fetch"",""fetch"",""relocate"",""state_change""]","[""fetch"",""fetch"",""relocate"",""fetch"",""state_change""]",False,0.8888888888888888,False,1.0,5,0,0.0,False,False,False,False
productivity,670,"{""object_count"":1,""ordered_units"":[""fetch(scissors)"",""relocate(scissors,kitchen work area)""],""plan_length"":5}","[""fetch"",""relocate""]","[""fetch"",""relocate""]",True,1.0,True,1.0,2,0,0.0,False,False,False,False
productivity,673,"{""object_count"":1,""ordered_units"":[""fetch(tomato)"",""relocate(tomato,table)""],""plan_length"":5}","[""fetch"",""relocate""]","[""fetch"",""fetch"",""relocate""]",False,0.8,False,1.0,3,1,0.3333333333333333,False,False,False,False
productivity,675,"{""object_count"":1,""ordered_units"":[""fetch(knife)"",""fetch(peach)"",""relocate(peach,wooden cutting board)"",""state_change(interact,knife)""],""plan_length"":6}","[""fetch"",""fetch"",""relocate"",""state_change""]","[""fetch"",""fetch"",""relocate"",""fetch"",""state_change""]",False,0.8888888888888888,False,1.0,5,0,0.0,False,False,False,False
productivity,676,"{""object_count"":1,""ordered_units"":[""fetch(peach)"",""fetch(knife)"",""relocate(peach,wooden cutting board)"",""state_change(interact,knife)""],""plan_length"":6}","[""fetch"",""fetch"",""relocate"",""state_change""]","[""fetch"",""fetch"",""relocate"",""fetch"",""state_change""]",False,0.8888888888888888,False,1.0,5,0,0.0,False,False,False,False
productivity,681,"{""object_count"":1,""ordered_units"":[""fetch(tomato)"",""relocate(tomato,table)""],""plan_length"":5}","[""fetch"",""relocate""]","[""state_change"",""state_change"",""fetch"",""fetch"",""relocate"",""relocate""]",False,0.5,False,1.0,6,0,0.0,False,False,False,False
productivity,698,"{""object_count"":1,""ordered_units"":[""fetch(pear)"",""fetch(knife)"",""relocate(pear,wooden cutting board)"",""state_change(interact,knife)""],""plan_length"":6}","[""fetch"",""fetch"",""relocate"",""state_change""]","[""fetch"",""relocate"",""fetch""]",False,0.8571428571428571,False,0.5,3,0,0.0,False,False,False,False
productivity,702,"{""object_count"":1,""ordered_units"":[""fetch(bottle)"",""relocate(bottle,kitchen island area)""],""plan_length"":5}","[""fetch"",""relocate""]","[""fetch"",""relocate""]",True,1.0,True,1.0,2,1,0.5,False,False,False,False
productivity,703,"{""object_count"":1,""ordered_units"":[""fetch(apple)"",""fetch(knife)"",""relocate(apple,wooden cutting board)"",""state_change(interact,knife)""],""plan_length"":6}","[""fetch"",""fetch"",""relocate"",""state_change""]","[""fetch"",""state_change""]",False,0.6666666666666666,False,0.5,2,0,0.0,False,False,False,False
productivity,719,"{""object_count"":1,""ordered_units"":[""fetch(pear)"",""relocate(pear,table)""],""plan_length"":5}","[""fetch"",""relocate""]","[""state_change"",""state_change"",""fetch"",""fetch"",""fetch"",""fetch"",""relocate"",""relocate""]",False,0.4,False,1.0,8,1,0.125,False,False,False,False
productivity,722,"{""object_count"":1,""ordered_units"":[""fetch(bread)"",""relocate(bread,plate)""],""plan_length"":5}","[""fetch"",""relocate""]","[""state_change"",""relocate""]",False,0.5,False,0.5,2,2,1.0,True,False,False,False
productivity,729,"{""object_count"":1,""ordered_units"":[""fetch(tomato)"",""relocate(tomato,table)""],""plan_length"":5}","[""fetch"",""relocate""]","[""state_change"",""state_change"",""fetch"",""fetch"",""fetch"",""fetch"",""relocate"",""relocate""]",False,0.4,False,1.0,8,0,0.0,False,False,False,False
productivity,732,"{""object_count"":1,""ordered_units"":[""fetch(pear)"",""relocate(pear,table)""],""plan_length"":5}","[""fetch"",""relocate""]","[""state_change"",""state_change"",""fetch"",""fetch"",""relocate"",""relocate""]",False,0.5,False,1.0,6,0,0.0,False,False,False,True
productivity,734,"{""object_count"":1,""ordered_units"":[""fetch(cooling fan)"",""relocate(cooling fan,rack)""],""plan_length"":5}","[""fetch"",""relocate""]","[""relocate""]",False,0.6666666666666666,False,0.5,1,1,1.0,True,False,False,False
productivity,750,"{""object_count"":1,""ordered_units"":[""fetch(knife)"",""fetch(pear)"",""relocate(pear,wooden cutting board)"",""state_change(interact,knife)""],""plan_length"":6}","[""fetch"",""fetch"",""relocate"",""state_change""]","[""fetch"",""relocate"",""fetch""]",False,0.8571428571428571,False,0.5,3,0,0.0,False,False,False,False
productivity,752,"{""object_count"":1,""ordered_units"":[""fetch(apple)"",""relocate(apple,table)""],""plan_length"":5}","[""fetch"",""relocate""]","[""state_change"",""state_change"",""fetch"",""fetch""]",False,0.3333333333333333,False,0.5,4,0,0.0,False,False,False,False
productivity,754,"{""object_count"":1,""ordered_units"":[""fetch(tomato)"",""relocate(tomato,table)""],""plan_length"":5}","[""fetch"",""relocate""]","[""state_change"",""state_change"",""fetch"",""fetch"",""relocate"",""relocate""]",False,0.5,False,1.0,6,0,0.0,False,False,False,True
productivity,755,"{""object_count"":1,""ordered_units"":[""fetch(pear)"",""relocate(pear,kitchen work area)""],""plan_length"":5}","[""fetch"",""relocate""]","[""fetch"",""relocate""]",True,1.0,True,1.0,2,0,0.0,False,False,True,False
productivity,756,"{""object_count"":1,""ordered_units"":[""fetch(pear)"",""relocate(pear,table)""],""plan_length"":5}","[""fetch"",""relocate""]","[""state_change"",""state_change"",""fetch"",""fetch"",""state_change"",""state_change""]",False,0.25,False,0.5,6,0,0.0,False,False,False,False
productivity,759,"{""object_count"":1,""ordered_units"":[""fetch(cardboardbox)"",""relocate(cardboardbox,rack)""],""plan_length"":5}","[""fetch"",""relocate""]","[""fetch"",""relocate""]",True,1.0,True,1.0,2,0,0.0,False,False,False,False
productivity,765,"{""object_count"":1,""ordered_units"":[""fetch(pear)"",""relocate(pear,table)""],""plan_length"":5}","[""fetch"",""relocate""]",[],False,0.0,False,0.0,0,0,,False,False,False,False
productivity,768,"{""object_count"":1,""ordered_units"":[""fetch(cup)"",""relocate(cup,kitchen work area)""],""plan_length"":5}","[""fetch"",""relocate""]","[""fetch"",""relocate""]",True,1.0,True,1.0,2,1,0.5,False,False,False,False
productivity,780,"{""object_count"":1,""ordered_units"":[""fetch(pear)"",""fetch(knife)"",""relocate(pear,wooden cutting board)"",""state_change(interact,knife)""],""plan_length"":6}","[""fetch"",""fetch"",""relocate"",""state_change""]","[""fetch"",""fetch"",""relocate"",""state_change""]",True,1.0,True,1.0,4,0,0.0,False,False,False,False
productivity,789,"{""object_count"":1,""ordered_units"":[""fetch(apple)"",""fetch(knife)"",""relocate(apple,wooden cutting board)"",""state_change(interact,knife)""],""plan_length"":6}","[""fetch"",""fetch"",""relocate"",""state_change""]","[""fetch"",""relocate"",""fetch"",""state_change""]",True,1.0,False,0.75,4,1,0.25,False,False,False,False
productivity,794,"{""object_count"":1,""ordered_units"":[""fetch(banana)"",""relocate(banana,bowl)""],""plan_length"":5}","[""fetch"",""relocate""]","[""fetch"",""fetch"",""fetch"",""fetch"",""fetch"",""relocate""]",False,0.5,False,1.0,6,0,0.0,False,False,False,True
productivity,797,"{""object_count"":1,""ordered_units"":[""fetch(knife)"",""fetch(apple)"",""relocate(apple,wooden cutting board)"",""state_change(interact,knife)""],""plan_length"":6}","[""fetch"",""fetch"",""relocate"",""state_change""]","[""fetch"",""relocate"",""fetch"",""state_change""]",True,1.0,False,0.75,4,1,0.25,False,False,False,False
productivity,799,"{""object_count"":1,""ordered_units"":[""fetch(knife)"",""fetch(peach)"",""relocate(peach,wooden cutting board)"",""state_change(interact,knife)""],""plan_length"":6}","[""fetch"",""fetch"",""relocate"",""state_change""]","[""fetch"",""fetch"",""relocate"",""fetch"",""state_change""]",False,0.8888888888888888,False,1.0,5,0,0.0,False,False,False,False
productivity,802,"{""object_count"":1,""ordered_units"":[""fetch(cardboardbox)"",""relocate(cardboardbox,kitchen work area)""],""plan_length"":5}","[""fetch"",""relocate""]","[""relocate""]",False,0.6666666666666666,False,0.5,1,0,0.0,False,False,False,False
productivity,804,"{""object_count"":1,""ordered_units"":[""fetch(knife)"",""fetch(pear)"",""relocate(pear,wooden cutting board)"",""state_change(interact,knife)""],""plan_length"":6}","[""fetch"",""fetch"",""relocate"",""state_change""]","[""fetch"",""fetch"",""relocate"",""state_change""]",True,1.0,True,1.0,4,0,0.0,False,False,False,False
productivity,811,"{""object_count"":1,""ordered_units"":[""fetch(kettle)"",""relocate(kettle,kitchen island area)""],""plan_length"":5}","[""fetch"",""relocate""]","[""relocate""]",False,0.6666666666666666,False,0.5,1,1,1.0,True,False,True,False
productivity,814,"{""object_count"":1,""ordered_units"":[""fetch(apple)"",""fetch(knife)"",""relocate(apple,wooden cutting board)"",""state_change(interact,knife)""],""plan_length"":6}","[""fetch"",""fetch"",""relocate"",""state_change""]","[""fetch"",""fetch"",""relocate"",""fetch"",""state_change""]",False,0.8888888888888888,False,1.0,5,0,0.0,False,False,False,False
productivity,821,"{""object_count"":1,""ordered_units"":[""fetch(banana)"",""relocate(banana,table)""],""plan_length"":5}","[""fetch"",""relocate""]","[""state_change"",""state_change"",""fetch"",""fetch"",""state_change"",""state_change""]",False,0.25,False,0.5,6,0,0.0,False,False,False,False
productivity,823,"{""object_count"":1,""ordered_units"":[""fetch(fork)"",""relocate(fork,kitchen island area)""],""plan_length"":5}","[""fetch"",""relocate""]","[""relocate""]",False,0.6666666666666666,False,0.5,1,1,1.0,True,False,False,False
productivity,835,"{""object_count"":1,""ordered_units"":[""fetch(wine)"",""relocate(wine,kitchen island area)""],""plan_length"":5}","[""fetch"",""relocate""]","[""relocate""]",False,0.6666666666666666,False,0.5,1,1,1.0,True,False,True,False
productivity,844,"{""object_count"":1,""ordered_units"":[""fetch(knife)"",""fetch(apple)"",""relocate(apple,wooden cutting board)"",""state_change(interact,knife)""],""plan_length"":6}","[""fetch"",""fetch"",""relocate"",""state_change""]","[""fetch"",""relocate"",""fetch"",""state_change""]",True,1.0,False,0.75,4,0,0.0,False,False,False,False
productivity,850,"{""object_count"":1,""ordered_units"":[""fetch(apple)"",""fetch(knife)"",""relocate(apple,wooden cutting board)"",""state_change(interact,knife)""],""plan_length"":6}","[""fetch"",""fetch"",""relocate"",""state_change""]","[""fetch"",""fetch"",""relocate"",""fetch"",""state_change""]",False,0.8888888888888888,False,1.0,5,0,0.0,False,False,False,False
productivity,851,"{""object_count"":1,""ordered_units"":[""fetch(bread)"",""relocate(bread,kitchen island area)""],""plan_length"":5}","[""fetch"",""relocate""]","[""fetch"",""relocate""]",True,1.0,True,1.0,2,0,0.0,False,False,False,False
productivity,854,"{""object_count"":1,""ordered_units"":[""fetch(banana)"",""relocate(banana,table)""],""plan_length"":5}","[""fetch"",""relocate""]","[""state_change"",""state_change"",""fetch"",""state_change""]",False,0.3333333333333333,False,0.5,4,0,0.0,False,False,False,False
productivity,855,"{""object_count"":1,""ordered_units"":[""fetch(peach)"",""relocate(peach,table)""],""plan_length"":5}","[""fetch"",""relocate""]","[""state_change"",""state_change"",""state_change"",""fetch"",""fetch""]",False,0.2857142857142857,False,0.5,5,0,0.0,False,False,False,False
productivity,858,"{""object_count"":1,""ordered_units"":[""fetch(tomato)"",""relocate(tomato,table)""],""plan_length"":5}","[""fetch"",""relocate""]","[""state_change"",""state_change"",""fetch"",""fetch"",""relocate"",""relocate""]",False,0.5,False,1.0,6,0,0.0,False,False,False,False
productivity,861,"{""object_count"":1,""ordered_units"":[""fetch(apple)"",""relocate(apple,plate)""],""plan_length"":5}","[""fetch"",""relocate""]","[""state_change"",""fetch"",""relocate""]",False,0.8,False,1.0,3,1,0.3333333333333333,False,False,False,False
productivity,863,"{""object_count"":1,""ordered_units"":[""fetch(knife)"",""fetch(pear)"",""relocate(pear,wooden cutting board)"",""state_change(interact,knife)""],""plan_length"":6}","[""fetch"",""fetch"",""relocate"",""state_change""]","[""fetch"",""fetch"",""relocate"",""state_change""]",True,1.0,True,1.0,4,0,0.0,False,False,False,False
productivity,874,"{""object_count"":1,""ordered_units"":[""fetch(peach)"",""fetch(knife)"",""relocate(peach,wooden cutting board)"",""state_change(interact,knife)""],""plan_length"":6}","[""fetch"",""fetch"",""relocate"",""state_change""]","[""fetch"",""relocate"",""fetch"",""state_change""]",True,1.0,False,0.75,4,0,0.0,False,False,False,False
productivity,879,"{""object_count"":1,""ordered_units"":[""fetch(knife)"",""fetch(pear)"",""relocate(pear,wooden cutting board)"",""state_change(interact,knife)""],""plan_length"":6}","[""fetch"",""fetch"",""relocate"",""state_change""]","[""fetch"",""fetch"",""relocate"",""state_change""]",True,1.0,True,1.0,4,0,0.0,False,False,False,False
productivity,882,"{""object_count"":1,""ordered_units"":[""fetch(peach)"",""relocate(peach,table)""],""plan_length"":5}","[""fetch"",""relocate""]","[""state_change"",""state_change"",""state_change"",""fetch"",""fetch""]",False,0.2857142857142857,False,0.5,5,0,0.0,False,False,False,False
productivity,883,"{""object_count"":1,""ordered_units"":[""fetch(knife)"",""fetch(apple)"",""relocate(apple,wooden cutting board)"",""state_change(interact,knife)""],""plan_length"":6}","[""fetch"",""fetch"",""relocate"",""state_change""]","[""fetch"",""relocate"",""fetch"",""state_change""]",True,1.0,False,0.75,4,0,0.0,False,False,False,False
productivity,890,"{""object_count"":1,""ordered_units"":[""fetch(peach)"",""fetch(knife)"",""relocate(peach,wooden cutting board)"",""state_change(interact,knife)""],""plan_length"":6}","[""fetch"",""fetch"",""relocate"",""state_change""]","[""fetch"",""fetch"",""relocate"",""fetch""]",False,0.75,False,0.75,4,0,0.0,False,False,False,False
productivity,896,"{""object_count"":1,""ordered_units"":[""fetch(tomato)"",""relocate(tomato,table)""],""plan_length"":5}","[""fetch"",""relocate""]","[""fetch"",""fetch"",""relocate""]",False,0.8,False,1.0,3,1,0.3333333333333333,False,False,True,True
productivity,901,"{""object_count"":1,""ordered_units"":[""fetch(peach)"",""fetch(knife)"",""relocate(peach,wooden cutting board)"",""state_change(interact,knife)""],""plan_length"":6}","[""fetch"",""fetch"",""relocate"",""state_change""]","[""state_change""]",False,0.4,False,0.25,1,1,1.0,True,False,False,False
productivity,907,"{""object_count"":1,""ordered_units"":[""fetch(kettle)"",""relocate(kettle,kitchen work area)""],""plan_length"":5}","[""fetch"",""relocate""]","[""fetch"",""relocate""]",True,1.0,True,1.0,2,1,0.5,False,False,False,True
productivity,914,"{""object_count"":1,""ordered_units"":[""fetch(bread)"",""relocate(bread,plate)""],""plan_length"":5}","[""fetch"",""relocate""]","[""state_change"",""state_change"",""state_change"",""relocate""]",False,0.3333333333333333,False,0.5,4,1,0.25,False,False,False,False
productivity,917,"{""object_count"":1,""ordered_units"":[""fetch(peach)"",""relocate(peach,table)""],""plan_length"":5}","[""fetch"",""relocate""]","[""state_change"",""state_change"",""fetch"",""fetch"",""relocate"",""relocate""]",False,0.5,False,1.0,6,0,0.0,False,False,False,False
productivity,918,"{""object_count"":1,""ordered_units"":[""fetch(peach)"",""fetch(knife)"",""relocate(peach,wooden cutting board)"",""state_change(interact,knife)""],""plan_length"":6}","[""fetch"",""fetch"",""relocate"",""state_change""]","[""fetch"",""fetch"",""relocate"",""fetch""]",False,0.75,False,0.75,4,0,0.0,False,False,False,False
productivity,919,"{""object_count"":1,""ordered_units"":[""fetch(peach)"",""relocate(peach,table)""],""plan_length"":5}","[""fetch"",""relocate""]","[""state_change"",""relocate""]",False,0.5,False,0.5,2,1,0.5,False,False,False,False
productivity,920,"{""object_count"":1,""ordered_units"":[""fetch(banana)"",""relocate(banana,bowl)""],""plan_length"":5}","[""fetch"",""relocate""]","[""fetch"",""fetch"",""fetch"",""state_change"",""fetch"",""fetch"",""fetch"",""fetch"",""fetch"",""fetch"",""fetch"",""fetch"",""relocate""]",False,0.26666666666666666,False,1.0,13,1,0.07692307692307693,False,False,False,False
productivity,922,"{""object_count"":1,""ordered_units"":[""fetch(bottle)"",""relocate(bottle,kitchen island area)""],""plan_length"":5}","[""fetch"",""relocate""]","[""fetch"",""relocate""]",True,1.0,True,1.0,2,1,0.5,False,False,False,False
productivity,934,"{""object_count"":1,""ordered_units"":[""fetch(wine)"",""relocate(wine,kitchen work area)""],""plan_length"":5}","[""fetch"",""relocate""]","[""relocate""]",False,0.6666666666666666,False,0.5,1,0,0.0,False,False,False,False
productivity,935,"{""object_count"":1,""ordered_units"":[""fetch(tomato)"",""relocate(tomato,table)""],""plan_length"":5}","[""fetch"",""relocate""]","[""fetch"",""fetch"",""relocate""]",False,0.8,False,1.0,3,1,0.3333333333333333,False,False,True,False
productivity,936,"{""object_count"":1,""ordered_units"":[""fetch(tomato)"",""relocate(tomato,table)""],""plan_length"":5}","[""fetch"",""relocate""]","[""state_change"",""state_change"",""fetch"",""fetch"",""relocate""]",False,0.5714285714285714,False,1.0,5,0,0.0,False,False,False,False
productivity,937,"{""object_count"":1,""ordered_units"":[""fetch(peach)"",""relocate(peach,table)""],""plan_length"":5}","[""fetch"",""relocate""]","[""state_change"",""state_change"",""fetch"",""fetch"",""state_change"",""state_change""]",False,0.25,False,0.5,6,0,0.0,False,False,False,False
productivity,938,"{""object_count"":1,""ordered_units"":[""fetch(banana)"",""relocate(banana,plate)""],""plan_length"":5}","[""fetch"",""relocate""]","[""state_change"",""state_change"",""state_change"",""relocate""]",False,0.3333333333333333,False,0.5,4,2,0.5,False,False,False,True
productivity,940,"{""object_count"":1,""ordered_units"":[""fetch(fork)"",""relocate(fork,kitchen island area)""],""plan_length"":5}","[""fetch"",""relocate""]","[""relocate""]",False,0.6666666666666666,False,0.5,1,1,1.0,True,False,True,False
productivity,944,"{""object_count"":1,""ordered_units"":[""fetch(bread)"",""relocate(bread,bowl)""],""plan_length"":5}","[""fetch"",""relocate""]","[""fetch"",""fetch"",""relocate"",""state_change"",""fetch""]",False,0.5714285714285714,False,1.0,5,2,0.4,False,False,True,False
productivity,951,"{""object_count"":1,""ordered_units"":[""fetch(spoon)"",""relocate(spoon,rack)""],""plan_length"":5}","[""fetch"",""relocate""]","[""relocate""]",False,0.6666666666666666,False,0.5,1,1,1.0,True,False,False,True
productivity,957,"{""object_count"":1,""ordered_units"":[""fetch(knife)"",""fetch(apple)"",""relocate(apple,wooden cutting board)"",""state_change(interact,knife)""],""plan_length"":6}","[""fetch"",""fetch"",""relocate"",""state_change""]","[""fetch"",""state_change""]",False,0.6666666666666666,False,0.5,2,0,0.0,False,False,False,False
productivity,969,"{""object_count"":1,""ordered_units"":[""fetch(apple)"",""relocate(apple,bowl)""],""plan_length"":5}","[""fetch"",""relocate""]","[""state_change"",""fetch"",""relocate""]",False,0.8,False,1.0,3,2,0.6666666666666666,False,False,False,True
productivity,971,"{""object_count"":1,""ordered_units"":[""fetch(knife)"",""fetch(peach)"",""relocate(peach,wooden cutting board)"",""state_change(interact,knife)""],""plan_length"":6}","[""fetch"",""fetch"",""relocate"",""state_change""]","[""fetch"",""fetch"",""state_change""]",False,0.8571428571428571,False,0.75,3,0,0.0,False,False,False,False
productivity,979,"{""object_count"":1,""ordered_units"":[""fetch(pear)"",""fetch(knife)"",""relocate(pear,wooden cutting board)"",""state_change(interact,knife)""],""plan_length"":6}","[""fetch"",""fetch"",""relocate"",""state_change""]","[""fetch"",""relocate"",""fetch""]",False,0.8571428571428571,False,0.5,3,0,0.0,False,False,False,False
productivity,980,"{""object_count"":1,""ordered_units"":[""fetch(knife)"",""fetch(pear)"",""relocate(pear,wooden cutting board)"",""state_change(interact,knife)""],""plan_length"":6}","[""fetch"",""fetch"",""relocate"",""state_change""]","[""fetch"",""relocate"",""fetch"",""state_change""]",True,1.0,False,0.75,4,0,0.0,False,False,False,False
productivity,991,"{""object_count"":1,""ordered_units"":[""fetch(peach)"",""state_change(push,cardboardbox,R1)"",""relocate(peach,cardboardbox)"",""state_change(push,cardboardbox,R3)"",""fetch(peach)"",""relocate(peach,sink)""],""plan_length"":7}","[""fetch"",""state_change"",""relocate"",""state_change"",""fetch"",""relocate""]","[""fetch"",""relocate"",""fetch"",""relocate""]",False,0.8,False,0.6666666666666666,4,0,0.0,False,False,False,False
productivity,992,"{""object_count"":1,""ordered_units"":[""fetch(banana)"",""relocate(banana,table)""],""plan_length"":5}","[""fetch"",""relocate""]","[""state_change"",""state_change"",""relocate"",""relocate""]",False,0.3333333333333333,False,0.5,4,0,0.0,False,False,False,False
productivity,993,"{""object_count"":1,""ordered_units"":[""fetch(pumpkin)"",""state_change(push,cardboardbox,R2)"",""relocate(pumpkin,cardboardbox)"",""state_change(push,cardboardbox,R1)"",""fetch(pumpkin)"",""relocate(pumpkin,sink)""],""plan_length"":7}","[""fetch"",""state_change"",""relocate"",""state_change"",""fetch"",""relocate""]","[""state_change"",""relocate"",""fetch"",""relocate""]",False,0.8,False,0.6666666666666666,4,1,0.25,False,False,False,False
productivity,994,"{""object_count"":1,""ordered_units"":[""fetch(bread)"",""relocate(bread,bowl)""],""plan_length"":5}","[""fetch"",""relocate""]","[""state_change"",""state_change"",""state_change"",""fetch"",""relocate""]",False,0.5714285714285714,False,1.0,5,1,0.2,False,False,False,False
productivity,1006,"{""object_count"":1,""ordered_units"":[""fetch(scissors)"",""relocate(scissors,rack)""],""plan_length"":5}","[""fetch"",""relocate""]","[""fetch"",""relocate""]",True,1.0,True,1.0,2,0,0.0,False,False,False,True
productivity,1008,"{""object_count"":1,""ordered_units"":[""fetch(peach)"",""relocate(peach,table)""],""plan_length"":5}","[""fetch"",""relocate""]","[""fetch"",""fetch"",""fetch"",""fetch"",""relocate""]",False,0.5714285714285714,False,1.0,5,0,0.0,False,False,False,False
productivity,1011,"{""object_count"":1,""ordered_units"":[""fetch(tomato)"",""relocate(tomato,table)""],""plan_length"":5}","[""fetch"",""relocate""]","[""fetch"",""fetch"",""relocate""]",False,0.8,False,1.0,3,1,0.3333333333333333,False,False,False,False
productivity,1016,"{""object_count"":1,""ordered_units"":[""fetch(tomato)"",""relocate(tomato,table)""],""plan_length"":5}","[""fetch"",""relocate""]","[""state_change"",""state_change"",""fetch"",""fetch"",""fetch"",""fetch"",""relocate"",""relocate""]",False,0.4,False,1.0,8,0,0.0,False,False,False,False
productivity,1025,"{""object_count"":1,""ordered_units"":[""fetch(apple)"",""relocate(apple,table)""],""plan_length"":5}","[""fetch"",""relocate""]","[""state_change"",""state_change"",""fetch"",""fetch""]",False,0.3333333333333333,False,0.5,4,0,0.0,False,False,False,False
productivity,1031,"{""object_count"":1,""ordered_units"":[""fetch(scissors)"",""relocate(scissors,kitchen work area)""],""plan_length"":5}","[""fetch"",""relocate""]","[""fetch"",""relocate""]",True,1.0,True,1.0,2,0,0.0,False,False,False,True
productivity,1033,"{""object_count"":1,""ordered_units"":[""fetch(cardboardbox)"",""relocate(cardboardbox,kitchen island area)""],""plan_length"":5}","[""fetch"",""relocate""]","[""fetch"",""relocate""]",True,1.0,True,1.0,2,1,0.5,False,False,False,False
productivity,1035,"{""object_count"":1,""ordered_units"":[""fetch(peach)"",""relocate(peach,table)""],""plan_length"":5}","[""fetch"",""relocate""]","[""state_change"",""state_change"",""state_change"",""fetch"",""fetch""]",False,0.2857142857142857,False,0.5,5,0,0.0,False,False,False,False
productivity,1039,"{""object_count"":1,""ordered_units"":[""fetch(apple)"",""fetch(knife)"",""relocate(apple,wooden cutting board)"",""state_change(interact,knife)""],""plan_length"":6}","[""fetch"",""fetch"",""relocate"",""state_change""]","[""fetch"",""fetch"",""relocate"",""fetch"",""state_change""]",False,0.8888888888888888,False,1.0,5,0,0.0,False,False,False,False
productivity,1043,"{""object_count"":1,""ordered_units"":[""fetch(pear)"",""fetch(knife)"",""relocate(pear,wooden cutting board)"",""state_change(interact,knife)""],""plan_length"":6}","[""fetch"",""fetch"",""relocate"",""state_change""]","[""fetch"",""relocate"",""fetch"",""state_change""]",True,1.0,False,0.75,4,0,0.0,False,False,False,False
productivity,1047,"{""object_count"":1,""ordered_units"":[""fetch(apple)"",""relocate(apple,table)""],""plan_length"":5}","[""fetch"",""relocate""]","[""state_change"",""state_change"",""fetch"",""fetch"",""relocate"",""relocate""]",False,0.5,False,1.0,6,1,0.16666666666666666,False,False,False,True
productivity,1049,"{""object_count"":1,""ordered_units"":[""fetch(wine)"",""relocate(wine,kitchen island area)""],""plan_length"":5}","[""fetch"",""relocate""]","[""fetch"",""relocate""]",True,1.0,True,1.0,2,1,0.5,False,False,True,False
productivity,1051,"{""object_count"":1,""ordered_units"":[""fetch(knife)"",""fetch(pear)"",""relocate(pear,wooden cutting board)"",""state_change(interact,knife)""],""plan_length"":6}","[""fetch"",""fetch"",""relocate"",""state_change""]","[""fetch"",""fetch"",""relocate"",""fetch"",""state_change""]",False,0.8888888888888888,False,1.0,5,0,0.0,False,False,False,False
productivity,1056,"{""object_count"":1,""ordered_units"":[""fetch(pizza)"",""relocate(pizza,rack)""],""plan_length"":5}","[""fetch"",""relocate""]","[""fetch"",""relocate""]",True,1.0,True,1.0,2,1,0.5,False,False,False,False
productivity,1058,"{""object_count"":1,""ordered_units"":[""fetch(apple)"",""fetch(knife)"",""relocate(apple,wooden cutting board)"",""state_change(interact,knife)""],""plan_length"":6}","[""fetch"",""fetch"",""relocate"",""state_change""]","[""fetch"",""fetch"",""relocate"",""fetch"",""state_change""]",False,0.8888888888888888,False,1.0,5,0,0.0,False,False,False,False
productivity,1062,"{""object_count"":1,""ordered_units"":[""fetch(apple)"",""relocate(apple,plate)""],""plan_length"":5}","[""fetch"",""relocate""]","[""state_change"",""fetch"",""relocate""]",False,0.8,False,1.0,3,1,0.3333333333333333,False,False,False,False
productivity,1063,"{""object_count"":1,""ordered_units"":[""fetch(knife)"",""fetch(peach)"",""relocate(peach,wooden cutting board)"",""state_change(interact,knife)""],""plan_length"":6}","[""fetch"",""fetch"",""relocate"",""state_change""]","[""fetch"",""fetch"",""relocate"",""fetch"",""state_change""]",False,0.8888888888888888,False,1.0,5,0,0.0,False,False,False,False
productivity,1071,"{""object_count"":1,""ordered_units"":[""fetch(bread)"",""relocate(bread,plate)""],""plan_length"":5}","[""fetch"",""relocate""]","[""state_change"",""state_change"",""state_change"",""fetch"",""relocate""]",False,0.5714285714285714,False,1.0,5,1,0.2,False,False,False,False
productivity,1072,"{""object_count"":1,""ordered_units"":[""state_change(push,cardboardbox,R3)"",""fetch(apple)"",""relocate(apple,cardboardbox)"",""state_change(push,cardboardbox,R1)"",""fetch(apple)"",""relocate(apple,sink)""],""plan_length"":7}","[""state_change"",""fetch"",""relocate"",""state_change"",""fetch"",""relocate""]","[""fetch"",""relocate"",""relocate""]",False,0.6666666666666666,False,0.5,3,0,0.0,False,False,False,False
productivity,1073,"{""object_count"":1,""ordered_units"":[""fetch(kettle)"",""relocate(kettle,rack)""],""plan_length"":5}","[""fetch"",""relocate""]","[""relocate""]",False,0.6666666666666666,False,0.5,1,1,1.0,True,False,True,False
productivity,1077,"{""object_count"":1,""ordered_units"":[""fetch(cooling fan)"",""relocate(cooling fan,kitchen island area)""],""plan_length"":5}","[""fetch"",""relocate""]","[""relocate""]",False,0.6666666666666666,False,0.5,1,1,1.0,True,False,False,False
productivity,1079,"{""object_count"":1,""ordered_units"":[""fetch(pear)"",""fetch(knife)"",""relocate(pear,wooden cutting board)"",""state_change(interact,knife)""],""plan_length"":6}","[""fetch"",""fetch"",""relocate"",""state_change""]","[""fetch"",""relocate"",""fetch""]",False,0.8571428571428571,False,0.5,3,0,0.0,False,False,False,False
productivity,1086,"{""object_count"":1,""ordered_units"":[""fetch(bread)"",""relocate(bread,bowl)""],""plan_length"":5}","[""fetch"",""relocate""]","[""fetch"",""fetch"",""relocate"",""state_change"",""fetch""]",False,0.5714285714285714,False,1.0,5,2,0.4,False,False,False,False
productivity,1090,"{""object_count"":1,""ordered_units"":[""fetch(spoon)"",""relocate(spoon,kitchen work area)""],""plan_length"":5}","[""fetch"",""relocate""]","[""fetch"",""relocate""]",True,1.0,True,1.0,2,0,0.0,False,False,False,True
productivity,1103,"{""object_count"":1,""ordered_units"":[""state_change(push,cardboardbox,R2)"",""fetch(fork)"",""relocate(fork,cardboardbox)"",""state_change(push,cardboardbox,R3)"",""fetch(fork)"",""relocate(fork,sink)""],""plan_length"":7}","[""state_change"",""fetch"",""relocate"",""state_change"",""fetch"",""relocate""]","[""state_change"",""state_change"",""relocate"",""fetch""]",False,0.8,False,0.5,4,1,0.25,False,False,False,False
productivity,1106,"{""object_count"":1,""ordered_units"":[""fetch(knife)"",""fetch(apple)"",""relocate(apple,wooden cutting board)"",""state_change(interact,knife)""],""plan_length"":6}","[""fetch"",""fetch"",""relocate"",""state_change""]","[""fetch"",""relocate"",""fetch"",""state_change""]",True,1.0,False,0.75,4,0,0.0,False,False,False,False
productivity,1111,"{""object_count"":1,""ordered_units"":[""fetch(spoon)"",""relocate(spoon,rack)""],""plan_length"":5}","[""fetch"",""relocate""]","[""fetch"",""relocate""]",True,1.0,True,1.0,2,1,0.5,False,False,False,False
productivity,1112,"{""object_count"":1,""ordered_units"":[""fetch(banana)"",""relocate(banana,table)""],""plan_length"":5}","[""fetch"",""relocate""]","[""state_change"",""relocate""]",False,0.5,False,0.5,2,1,0.5,False,False,False,False
productivity,1115,"{""object_count"":1,""ordered_units"":[""fetch(bread)"",""relocate(bread,plate)""],""plan_length"":5}","[""fetch"",""relocate""]","[""state_change"",""state_change"",""state_change"",""relocate""]",False,0.3333333333333333,False,0.5,4,1,0.25,False,False,False,False
productivity,1117,"{""object_count"":1,""ordered_units"":[""fetch(apple)"",""state_change(push,cardboardbox,R1)"",""relocate(apple,cardboardbox)"",""state_change(push,cardboardbox,R3)"",""fetch(apple)"",""relocate(apple,sink)""],""plan_length"":7}","[""fetch"",""state_change"",""relocate"",""state_change"",""fetch"",""relocate""]","[""fetch"",""relocate"",""relocate""]",False,0.6666666666666666,False,0.5,3,0,0.0,False,False,False,False
productivity,1123,"{""object_count"":1,""ordered_units"":[""fetch(cup)"",""relocate(cup,rack)""],""plan_length"":5}","[""fetch"",""relocate""]","[""relocate""]",False,0.6666666666666666,False,0.5,1,0,0.0,False,False,False,False
productivity,1131,"{""object_count"":1,""ordered_units"":[""fetch(cooling fan)"",""relocate(cooling fan,kitchen work area)""],""plan_length"":5}","[""fetch"",""relocate""]","[""relocate""]",False,0.6666666666666666,False,0.5,1,1,1.0,True,False,False,False
productivity,1132,"{""object_count"":1,""ordered_units"":[""fetch(banana)"",""relocate(banana,plate)""],""plan_length"":5}","[""fetch"",""relocate""]","[""state_change"",""state_change"",""fetch"",""relocate""]",False,0.6666666666666666,False,1.0,4,1,0.25,False,False,True,False
productivity,1133,"{""object_count"":1,""ordered_units"":[""fetch(apple)"",""relocate(apple,table)""],""plan_length"":5}","[""fetch"",""relocate""]","[""state_change"",""state_change"",""fetch"",""fetch""]",False,0.3333333333333333,False,0.5,4,0,0.0,False,False,False,False
productivity,1139,"{""object_count"":1,""ordered_units"":[""fetch(pear)"",""relocate(pear,table)""],""plan_length"":5}","[""fetch"",""relocate""]","[""state_change"",""state_change"",""state_change"",""fetch"",""fetch"",""relocate"",""relocate""]",False,0.4444444444444444,False,1.0,7,1,0.14285714285714285,False,False,False,False
productivity,1144,"{""object_count"":1,""ordered_units"":[""fetch(tomato)"",""relocate(tomato,table)""],""plan_length"":5}","[""fetch"",""relocate""]","[""state_change"",""state_change"",""state_change"",""fetch"",""fetch""]",False,0.2857142857142857,False,0.5,5,0,0.0,False,False,False,True
productivity,1148,"{""object_count"":1,""ordered_units"":[""fetch(peach)"",""relocate(peach,table)""],""plan_length"":5}","[""fetch"",""relocate""]","[""state_change"",""state_change"",""fetch"",""fetch"",""state_change"",""state_change""]",False,0.25,False,0.5,6,0,0.0,False,False,False,False
productivity,1151,"{""object_count"":1,""ordered_units"":[""fetch(banana)"",""relocate(banana,table)""],""plan_length"":5}","[""fetch"",""relocate""]","[""state_change"",""state_change"",""fetch"",""state_change""]",False,0.3333333333333333,False,0.5,4,0,0.0,False,False,False,False
productivity,1160,"{""object_count"":1,""ordered_units"":[""fetch(pear)"",""relocate(pear,table)""],""plan_length"":5}","[""fetch"",""relocate""]","[""state_change"",""state_change"",""fetch"",""fetch"",""fetch"",""fetch"",""relocate"",""relocate""]",False,0.4,False,1.0,8,0,0.0,False,False,False,False
productivity,1161,"{""object_count"":1,""ordered_units"":[""fetch(pear)"",""relocate(pear,table)""],""plan_length"":5}","[""fetch"",""relocate""]","[""state_change"",""state_change"",""fetch"",""fetch"",""state_change""]",False,0.2857142857142857,False,0.5,5,0,0.0,False,False,False,False
productivity,1170,"{""object_count"":1,""ordered_units"":[""fetch(peach)"",""relocate(peach,table)""],""plan_length"":5}","[""fetch"",""relocate""]","[""state_change"",""state_change"",""fetch"",""fetch"",""relocate""]",False,0.5714285714285714,False,1.0,5,0,0.0,False,False,False,False
productivity,1175,"{""object_count"":1,""ordered_units"":[""fetch(pear)"",""relocate(pear,table)""],""plan_length"":5}","[""fetch"",""relocate""]","[""state_change"",""state_change"",""relocate"",""relocate""]",False,0.3333333333333333,False,0.5,4,0,0.0,False,False,False,False
productivity,1179,"{""object_count"":1,""ordered_units"":[""fetch(peach)"",""relocate(peach,kitchen island area)""],""plan_length"":5}","[""fetch"",""relocate""]","[""relocate""]",False,0.6666666666666666,False,0.5,1,0,0.0,False,False,False,False
productivity,1182,"{""object_count"":1,""ordered_units"":[""fetch(tomato)"",""relocate(tomato,table)""],""plan_length"":5}","[""fetch"",""relocate""]","[""state_change"",""state_change"",""relocate"",""relocate""]",False,0.3333333333333333,False,0.5,4,0,0.0,False,False,False,False
productivity,1184,"{""object_count"":1,""ordered_units"":[""fetch(scissors)"",""relocate(scissors,kitchen island area)""],""plan_length"":5}","[""fetch"",""relocate""]","[""fetch"",""relocate""]",True,1.0,True,1.0,2,0,0.0,False,False,False,False
productivity,1185,"{""object_count"":1,""ordered_units"":[""fetch(apple)"",""fetch(knife)"",""relocate(apple,wooden cutting board)"",""state_change(interact,knife)""],""plan_length"":6}","[""fetch"",""fetch"",""relocate"",""state_change""]","[""fetch"",""fetch"",""relocate"",""fetch"",""state_change""]",False,0.8888888888888888,False,1.0,5,0,0.0,False,False,False,True
productivity,1186,"{""object_count"":1,""ordered_units"":[""fetch(bread)"",""relocate(bread,kitchen work area)""],""plan_length"":5}","[""fetch"",""relocate""]","[""fetch"",""relocate""]",True,1.0,True,1.0,2,0,0.0,False,False,True,True
productivity,1190,"{""object_count"":1,""ordered_units"":[""fetch(pear)"",""fetch(knife)"",""relocate(pear,wooden cutting board)"",""state_change(interact,knife)""],""plan_length"":6}","[""fetch"",""fetch"",""relocate"",""state_change""]","[""fetch"",""fetch"",""relocate"",""fetch"",""state_change""]",False,0.8888888888888888,False,1.0,5,0,0.0,False,False,False,False
productivity,1194,"{""object_count"":1,""ordered_units"":[""fetch(cardboardbox)"",""relocate(cardboardbox,kitchen island area)""],""plan_length"":5}","[""fetch"",""relocate""]","[""fetch"",""relocate""]",True,1.0,True,1.0,2,0,0.0,False,False,False,True
productivity,1199,"{""object_count"":1,""ordered_units"":[""fetch(tomato)"",""relocate(tomato,kitchen work area)""],""plan_length"":5}","[""fetch"",""relocate""]","[""fetch"",""relocate""]",True,1.0,True,1.0,2,0,0.0,False,False,False,False
productivity,1203,"{""object_count"":1,""ordered_units"":[""fetch(banana)"",""relocate(banana,table)""],""plan_length"":5}","[""fetch"",""relocate""]","[""state_change"",""state_change"",""state_change"",""fetch"",""fetch""]",False,0.2857142857142857,False,0.5,5,0,0.0,False,False,False,False
productivity,1210,"{""object_count"":1,""ordered_units"":[""fetch(knife)"",""fetch(apple)"",""relocate(apple,wooden cutting board)"",""state_change(interact,knife)""],""plan_length"":6}","[""fetch"",""fetch"",""relocate"",""state_change""]","[""fetch"",""fetch"",""relocate"",""fetch"",""state_change""]",False,0.8888888888888888,False,1.0,5,0,0.0,False,False,False,True
productivity,1212,"{""object_count"":1,""ordered_units"":[""fetch(pear)"",""relocate(pear,table)""],""plan_length"":5}","[""fetch"",""relocate""]","[""state_change"",""state_change"",""fetch"",""state_change""]",False,0.3333333333333333,False,0.5,4,0,0.0,False,False,False,False
productivity,1214,"{""object_count"":1,""ordered_units"":[""fetch(plate)"",""relocate(plate,kitchen island area)""],""plan_length"":5}","[""fetch"",""relocate""]","[""fetch"",""relocate""]",True,1.0,True,1.0,2,0,0.0,False,False,False,True
productivity,1217,"{""object_count"":1,""ordered_units"":[""fetch(bread)"",""relocate(bread,kitchen work area)""],""plan_length"":5}","[""fetch"",""relocate""]","[""fetch"",""relocate""]",True,1.0,True,1.0,2,0,0.0,False,False,False,False
productivity,1227,"{""object_count"":1,""ordered_units"":[""fetch(knife)"",""fetch(pear)"",""relocate(pear,wooden cutting board)"",""state_change(interact,knife)""],""plan_length"":6}","[""fetch"",""fetch"",""relocate"",""state_change""]","[""fetch"",""fetch"",""relocate"",""fetch"",""state_change""]",False,0.8888888888888888,False,1.0,5,0,0.0,False,False,False,False
productivity,1228,"{""object_count"":1,""ordered_units"":[""fetch(pear)"",""fetch(knife)"",""relocate(pear,wooden cutting board)"",""state_change(interact,knife)""],""plan_length"":6}","[""fetch"",""fetch"",""relocate"",""state_change""]","[""fetch"",""relocate"",""fetch"",""state_change""]",True,1.0,False,0.75,4,0,0.0,False,False,False,False
productivity,1240,"{""object_count"":1,""ordered_units"":[""fetch(pear)"",""relocate(pear,kitchen island area)""],""plan_length"":5}","[""fetch"",""relocate""]","[""fetch"",""relocate""]",True,1.0,True,1.0,2,0,0.0,False,False,False,False
productivity,1249,"{""object_count"":1,""ordered_units"":[""fetch(bottle)"",""relocate(bottle,kitchen island area)""],""plan_length"":5}","[""fetch"",""relocate""]","[""fetch"",""relocate""]",True,1.0,True,1.0,2,1,0.5,False,False,False,True
productivity,1256,"{""object_count"":1,""ordered_units"":[""fetch(cup)"",""relocate(cup,rack)""],""plan_length"":5}","[""fetch"",""relocate""]","[""relocate""]",False,0.6666666666666666,False,0.5,1,1,1.0,True,False,False,False
productivity,1259,"{""object_count"":1,""ordered_units"":[""fetch(bread)"",""relocate(bread,kitchen island area)""],""plan_length"":5}","[""fetch"",""relocate""]","[""relocate""]",False,0.6666666666666666,False,0.5,1,1,1.0,True,False,False,True
productivity,1265,"{""object_count"":1,""ordered_units"":[""fetch(knife)"",""fetch(pear)"",""relocate(pear,wooden cutting board)"",""state_change(interact,knife)""],""plan_length"":6}","[""fetch"",""fetch"",""relocate"",""state_change""]","[""fetch"",""fetch"",""state_change""]",False,0.8571428571428571,False,0.75,3,1,0.3333333333333333,False,False,False,False
productivity,1266,"{""object_count"":1,""ordered_units"":[""fetch(apple)"",""relocate(apple,kitchen island area)""],""plan_length"":5}","[""fetch"",""relocate""]","[""fetch"",""relocate""]",True,1.0,True,1.0,2,0,0.0,False,False,False,False
productivity,1271,"{""object_count"":1,""ordered_units"":[""fetch(banana)"",""relocate(banana,bowl)""],""plan_length"":5}","[""fetch"",""relocate""]","[""fetch"",""fetch"",""fetch"",""fetch"",""fetch"",""relocate""]",False,0.5,False,1.0,6,0,0.0,False,False,False,False
productivity,1273,"{""object_count"":1,""ordered_units"":[""fetch(tomato)"",""relocate(tomato,table)""],""plan_length"":5}","[""fetch"",""relocate""]","[""state_change"",""state_change"",""state_change"",""fetch"",""fetch""]",False,0.2857142857142857,False,0.5,5,0,0.0,False,False,False,False
productivity,1288,"{""object_count"":1,""ordered_units"":[""fetch(tomato)"",""relocate(tomato,kitchen island area)""],""plan_length"":5}","[""fetch"",""relocate""]","[""relocate""]",False,0.6666666666666666,False,0.5,1,1,1.0,True,False,True,False
productivity,1292,"{""object_count"":1,""ordered_units"":[""fetch(tomato)"",""relocate(tomato,table)""],""plan_length"":5}","[""fetch"",""relocate""]","[""fetch"",""fetch"",""relocate""]",False,0.8,False,1.0,3,1,0.3333333333333333,False,False,True,True
productivity,1299,"{""object_count"":1,""ordered_units"":[""fetch(wine)"",""relocate(wine,rack)""],""plan_length"":5}","[""fetch"",""relocate""]","[""fetch"",""relocate""]",True,1.0,True,1.0,2,1,0.5,False,False,False,True
productivity,1301,"{""object_count"":1,""ordered_units"":[""fetch(banana)"",""relocate(banana,table)""],""plan_length"":5}","[""fetch"",""relocate""]","[""state_change"",""state_change"",""fetch"",""fetch"",""state_change"",""state_change""]",False,0.25,False,0.5,6,0,0.0,False,False,False,False
productivity,1310,"{""object_count"":1,""ordered_units"":[""fetch(scissors)"",""relocate(scissors,kitchen work area)""],""plan_length"":5}","[""fetch"",""relocate""]","[""fetch"",""relocate""]",True,1.0,True,1.0,2,0,0.0,False,False,False,False
productivity,1312,"{""object_count"":1,""ordered_units"":[""fetch(pear)"",""fetch(knife)"",""relocate(pear,wooden cutting board)"",""state_change(interact,knife)""],""plan_length"":6}","[""fetch"",""fetch"",""relocate"",""state_change""]","[""fetch"",""relocate"",""fetch"",""state_change""]",True,1.0,False,0.75,4,0,0.0,False,False,False,False
productivity,1316,"{""object_count"":1,""ordered_units"":[""fetch(banana)"",""relocate(banana,table)""],""plan_length"":5}","[""fetch"",""relocate""]","[""state_change"",""state_change"",""fetch"",""fetch"",""relocate"",""relocate""]",False,0.5,False,1.0,6,0,0.0,False,False,False,True
productivity,1318,"{""object_count"":1,""ordered_units"":[""fetch(banana)"",""relocate(banana,plate)""],""plan_length"":5}","[""fetch"",""relocate""]","[""fetch"",""fetch"",""relocate""]",False,0.8,False,1.0,3,1,0.3333333333333333,False,False,True,False
productivity,1322,"{""object_count"":1,""ordered_units"":[""fetch(apple)"",""fetch(knife)"",""relocate(apple,wooden cutting board)"",""state_change(interact,knife)""],""plan_length"":6}","[""fetch"",""fetch"",""relocate"",""state_change""]","[""fetch"",""fetch"",""relocate"",""fetch"",""state_change""]",False,0.8888888888888888,False,1.0,5,0,0.0,False,False,False,False
productivity,1329,"{""object_count"":1,""ordered_units"":[""fetch(bottle)"",""relocate(bottle,kitchen work area)""],""plan_length"":5}","[""fetch"",""relocate""]","[""fetch"",""relocate""]",True,1.0,True,1.0,2,1,0.5,False,False,False,True
productivity,1331,"{""object_count"":1,""ordered_units"":[""fetch(pear)"",""fetch(knife)"",""relocate(pear,wooden cutting board)"",""state_change(interact,knife)""],""plan_length"":6}","[""fetch"",""fetch"",""relocate"",""state_change""]","[""fetch"",""fetch"",""relocate"",""state_change""]",True,1.0,True,1.0,4,0,0.0,False,False,False,False
productivity,1343,"{""object_count"":1,""ordered_units"":[""fetch(kettle)"",""relocate(kettle,rack)""],""plan_length"":5}","[""fetch"",""relocate""]","[""fetch"",""relocate""]",True,1.0,True,1.0,2,1,0.5,False,False,False,False
productivity,1346,"{""object_count"":1,""ordered_units"":[""fetch(peach)"",""relocate(peach,table)""],""plan_length"":5}","[""fetch"",""relocate""]","[""state_change"",""state_change"",""fetch"",""fetch""]",False,0.3333333333333333,False,0.5,4,0,0.0,False,False,False,False
productivity,1348,"{""object_count"":1,""ordered_units"":[""state_change(push,cardboardbox,R3)"",""fetch(fork)"",""relocate(fork,cardboardbox)"",""state_change(push,cardboardbox,R2)"",""fetch(fork)"",""relocate(fork,sink)""],""plan_length"":7}","[""state_change"",""fetch"",""relocate"",""state_change"",""fetch"",""relocate""]","[""state_change"",""relocate"",""fetch""]",False,0.6666666666666666,False,0.5,3,0,0.0,False,False,False,False
productivity,1354,"{""object_count"":1,""ordered_units"":[""fetch(peach)"",""relocate(peach,table)""],""plan_length"":5}","[""fetch"",""relocate""]","[""state_change"",""relocate""]",False,0.5,False,0.5,2,1,0.5,False,False,False,False
productivity,1358,"{""object_count"":1,""ordered_units"":[""state_change(push,cardboardbox,R3)"",""fetch(peach)"",""relocate(peach,cardboardbox)"",""state_change(push,cardboardbox,R1)"",""fetch(peach)"",""relocate(peach,sink)""],""plan_length"":7}","[""state_change"",""fetch"",""relocate"",""state_change"",""fetch"",""relocate""]","[""relocate"",""state_change"",""relocate"",""fetch""]",False,0.8,False,0.5,4,0,0.0,False,False,False,False
productivity,1360,"{""object_count"":1,""ordered_units"":[""fetch(meat)"",""relocate(meat,kitchen island area)""],""plan_length"":5}","[""fetch"",""relocate""]","[""fetch"",""relocate""]",True,1.0,True,1.0,2,0,0.0,False,False,False,True
productivity,1362,"{""object_count"":1,""ordered_units"":[""fetch(cooling fan)"",""relocate(cooling fan,kitchen work area)""],""plan_length"":5}","[""fetch"",""relocate""]","[""fetch"",""relocate""]",True,1.0,True,1.0,2,1,0.5,False,False,False,True
productivity,1364,"{""object_count"":1,""ordered_units"":[""fetch(cardboardbox)"",""relocate(cardboardbox,kitchen island area)""],""plan_length"":5}","[""fetch"",""relocate""]","[""fetch"",""relocate""]",True,1.0,True,1.0,2,0,0.0,False,False,False,False
productivity,1365,"{""object_count"":1,""ordered_units"":[""fetch(knife)"",""fetch(apple)"",""relocate(apple,wooden cutting board)"",""state_change(interact,knife)""],""plan_length"":6}","[""fetch"",""fetch"",""relocate"",""state_change""]","[""fetch"",""fetch"",""relocate"",""fetch"",""state_change""]",False,0.8888888888888888,False,1.0,5,0,0.0,False,False,False,False
productivity,1366,"{""object_count"":1,""ordered_units"":[""fetch(apple)"",""fetch(knife)"",""relocate(apple,wooden cutting board)"",""state_change(interact,knife)""],""plan_length"":6}","[""fetch"",""fetch"",""relocate"",""state_change""]","[""fetch"",""relocate"",""fetch"",""state_change""]",True,1.0,False,0.75,4,1,0.25,False,False,False,False
productivity,1370,"{""object_count"":1,""ordered_units"":[""fetch(bottle)"",""relocate(bottle,rack)""],""plan_length"":5}","[""fetch"",""relocate""]","[""fetch"",""relocate""]",True,1.0,True,1.0,2,1,0.5,False,False,False,False
productivity,1372,"{""object_count"":1,""ordered_units"":[""fetch(pumpkin)"",""relocate(pumpkin,kitchen island area)""],""plan_length"":5}","[""fetch"",""relocate""]","[""fetch"",""relocate""]",True,1.0,True,1.0,2,1,0.5,False,False,False,True
productivity,1377,"{""object_count"":1,""ordered_units"":[""fetch(pear)"",""relocate(pear,table)""],""plan_length"":5}","[""fetch"",""relocate""]","[""state_change"",""state_change"",""fetch"",""fetch"",""state_change"",""state_change""]",False,0.25,False,0.5,6,0,0.0,False,False,False,False
productivity,1382,"{""object_count"":1,""ordered_units"":[""fetch(pear)"",""relocate(pear,table)""],""plan_length"":5}","[""fetch"",""relocate""]","[""state_change"",""state_change"",""fetch"",""fetch"",""state_change"",""state_change""]",False,0.25,False,0.5,6,0,0.0,False,False,False,False
productivity,1383,"{""object_count"":1,""ordered_units"":[""fetch(pear)"",""fetch(knife)"",""relocate(pear,wooden cutting board)"",""state_change(interact,knife)""],""plan_length"":6}","[""fetch"",""fetch"",""relocate"",""state_change""]","[""fetch"",""fetch"",""relocate"",""fetch"",""state_change""]",False,0.8888888888888888,False,1.0,5,0,0.0,False,False,False,False
productivity,1387,"{""object_count"":1,""ordered_units"":[""fetch(pear)"",""fetch(knife)"",""relocate(pear,wooden cutting board)"",""state_change(interact,knife)""],""plan_length"":6}","[""fetch"",""fetch"",""relocate"",""state_change""]","[""relocate"",""state_change""]",False,0.6666666666666666,False,0.5,2,0,0.0,False,False,False,False
productivity,1390,"{""object_count"":1,""ordered_units"":[""fetch(banana)"",""relocate(banana,table)""],""plan_length"":5}","[""fetch"",""relocate""]","[""state_change"",""state_change"",""fetch"",""fetch""]",False,0.3333333333333333,False,0.5,4,0,0.0,False,False,False,False
productivity,1391,"{""object_count"":1,""ordered_units"":[""fetch(apple)"",""relocate(apple,table)""],""plan_length"":5}","[""fetch"",""relocate""]","[""state_change"",""state_change"",""state_change"",""fetch"",""fetch"",""relocate""]",False,0.5,False,1.0,6,1,0.16666666666666666,False,False,False,False
productivity,1392,"{""object_count"":1,""ordered_units"":[""fetch(peach)"",""fetch(knife)"",""relocate(peach,wooden cutting board)"",""state_change(interact,knife)""],""plan_length"":6}","[""fetch"",""fetch"",""relocate"",""state_change""]","[""relocate"",""relocate"",""state_change""]",False,0.5714285714285714,False,0.5,3,0,0.0,False,False,False,False
productivity,1396,"{""object_count"":1,""ordered_units"":[""fetch(scissors)"",""relocate(scissors,kitchen island area)""],""plan_length"":5}","[""fetch"",""relocate""]","[""relocate""]",False,0.6666666666666666,False,0.5,1,0,0.0,False,False,False,False
productivity,1404,"{""object_count"":1,""ordered_units"":[""fetch(pear)"",""state_change(push,cardboardbox,R1)"",""relocate(pear,cardboardbox)"",""state_change(push,cardboardbox,R2)"",""fetch(pear)"",""relocate(pear,sink)""],""plan_length"":7}","[""fetch"",""state_change"",""relocate"",""state_change"",""fetch"",""relocate""]","[""fetch"",""state_change"",""relocate"",""relocate"",""fetch"",""relocate""]",False,0.8333333333333334,False,0.8333333333333334,6,1,0.16666666666666666,False,False,False,False
productivity,1408,"{""object_count"":1,""ordered_units"":[""fetch(peach)"",""relocate(peach,table)""],""plan_length"":5}","[""fetch"",""relocate""]","[""state_change"",""state_change"",""fetch"",""fetch"",""fetch"",""fetch"",""relocate"",""relocate""]",False,0.4,False,1.0,8,0,0.0,False,False,False,False
productivity,1412,"{""object_count"":1,""ordered_units"":[""fetch(scissors)"",""relocate(scissors,kitchen island area)""],""plan_length"":5}","[""fetch"",""relocate""]","[""fetch"",""relocate""]",True,1.0,True,1.0,2,0,0.0,False,False,False,False
productivity,1418,"{""object_count"":1,""ordered_units"":[""fetch(tomato)"",""relocate(tomato,table)""],""plan_length"":5}","[""fetch"",""relocate""]","[""state_change"",""state_change"",""fetch"",""fetch"",""state_change"",""state_change""]",False,0.25,False,0.5,6,0,0.0,False,False,False,False
productivity,1423,"{""object_count"":1,""ordered_units"":[""fetch(banana)"",""relocate(banana,bowl)""],""plan_length"":5}","[""fetch"",""relocate""]","[""fetch"",""fetch"",""fetch"",""state_change"",""fetch"",""fetch"",""fetch"",""fetch"",""fetch"",""fetch"",""fetch"",""fetch"",""relocate""]",False,0.26666666666666666,False,1.0,13,1,0.07692307692307693,False,False,False,False
productivity,1424,"{""object_count"":1,""ordered_units"":[""state_change(push,cardboardbox,R3)"",""fetch(pear)"",""relocate(pear,cardboardbox)"",""state_change(push,cardboardbox,R1)"",""fetch(pear)"",""relocate(pear,sink)""],""plan_length"":7}","[""state_change"",""fetch"",""relocate"",""state_change"",""fetch"",""relocate""]","[""relocate"",""state_change"",""relocate"",""fetch""]",False,0.8,False,0.5,4,0,0.0,False,False,False,False
productivity,1425,"{""object_count"":1,""ordered_units"":[""fetch(peach)"",""state_change(push,cardboardbox,R1)"",""relocate(peach,cardboardbox)"",""state_change(push,cardboardbox,R3)"",""fetch(peach)"",""relocate(peach,sink)""],""plan_length"":7}","[""fetch"",""state_change"",""relocate"",""state_change"",""fetch"",""relocate""]","[""fetch"",""state_change"",""relocate"",""relocate"",""fetch""]",False,0.9090909090909091,False,0.6666666666666666,5,1,0.2,False,False,False,False
productivity,1426,"{""object_count"":1,""ordered_units"":[""fetch(bread)"",""relocate(bread,kitchen work area)""],""plan_length"":5}","[""fetch"",""relocate""]","[""fetch"",""relocate""]",True,1.0,True,1.0,2,0,0.0,False,False,False,False
productivity,1427,"{""object_count"":1,""ordered_units"":[""fetch(cardboardbox)"",""relocate(cardboardbox,kitchen island area)""],""plan_length"":5}","[""fetch"",""relocate""]","[""relocate""]",False,0.6666666666666666,False,0.5,1,0,0.0,False,False,False,False
productivity,1433,"{""object_count"":1,""ordered_units"":[""fetch(pear)"",""relocate(pear,table)""],""plan_length"":5}","[""fetch"",""relocate""]",[],False,0.0,False,0.0,0,0,,False,False,False,False
productivity,1437,"{""object_count"":1,""ordered_units"":[""fetch(tomato)"",""relocate(tomato,table)""],""plan_length"":5}","[""fetch"",""relocate""]","[""state_change"",""state_change"",""fetch"",""fetch"",""relocate""]",False,0.5714285714285714,False,1.0,5,0,0.0,False,False,False,False
productivity,1438,"{""object_count"":1,""ordered_units"":[""fetch(apple)"",""relocate(apple,plate)""],""plan_length"":5}","[""fetch"",""relocate""]","[""fetch"",""relocate""]",True,1.0,True,1.0,2,0,0.0,False,False,False,False
productivity,1445,"{""object_count"":1,""ordered_units"":[""fetch(pear)"",""relocate(pear,table)""],""plan_length"":5}","[""fetch"",""relocate""]","[""state_change"",""state_change"",""fetch"",""fetch"",""fetch"",""fetch"",""relocate"",""relocate""]",False,0.4,False,1.0,8,0,0.0,False,False,False,False
productivity,1446,"{""object_count"":1,""ordered_units"":[""fetch(banana)"",""relocate(banana,table)""],""plan_length"":5}","[""fetch"",""relocate""]","[""state_change"",""relocate""]",False,0.5,False,0.5,2,1,0.5,False,False,False,False
productivity,1454,"{""object_count"":1,""ordered_units"":[""fetch(wine)"",""relocate(wine,kitchen work area)""],""plan_length"":5}","[""fetch"",""relocate""]","[""relocate""]",False,0.6666666666666666,False,0.5,1,0,0.0,False,False,False,False
productivity,1455,"{""object_count"":1,""ordered_units"":[""fetch(pear)"",""fetch(knife)"",""relocate(pear,wooden cutting board)"",""state_change(interact,knife)""],""plan_length"":6}","[""fetch"",""fetch"",""relocate"",""state_change""]","[""fetch"",""relocate"",""fetch"",""state_change""]",True,1.0,False,0.75,4,0,0.0,False,False,False,False
productivity,1458,"{""object_count"":1,""ordered_units"":[""fetch(tomato)"",""relocate(tomato,kitchen work area)""],""plan_length"":5}","[""fetch"",""relocate""]","[""fetch"",""relocate""]",True,1.0,True,1.0,2,1,0.5,False,False,False,False
productivity,1462,"{""object_count"":1,""ordered_units"":[""fetch(pear)"",""relocate(pear,rack)""],""plan_length"":5}","[""fetch"",""relocate""]","[""fetch"",""relocate""]",True,1.0,True,1.0,2,0,0.0,False,False,False,False
productivity,1464,"{""object_count"":1,""ordered_units"":[""fetch(tomato)"",""relocate(tomato,table)""],""plan_length"":5}","[""fetch"",""relocate""]","[""state_change"",""state_change"",""fetch"",""fetch"",""fetch"",""fetch"",""relocate"",""relocate""]",False,0.4,False,1.0,8,0,0.0,False,False,False,False
productivity,1465,"{""object_count"":1,""ordered_units"":[""fetch(knife)"",""fetch(pear)"",""relocate(pear,wooden cutting board)"",""state_change(interact,knife)""],""plan_length"":6}","[""fetch"",""fetch"",""relocate"",""state_change""]","[""fetch"",""relocate"",""fetch"",""state_change""]",True,1.0,False,0.75,4,0,0.0,False,False,False,True
productivity,1471,"{""object_count"":1,""ordered_units"":[""fetch(tomato)"",""relocate(tomato,kitchen work area)""],""plan_length"":5}","[""fetch"",""relocate""]","[""relocate""]",False,0.6666666666666666,False,0.5,1,1,1.0,True,False,True,False
productivity,1476,"{""object_count"":1,""ordered_units"":[""fetch(pear)"",""relocate(pear,table)""],""plan_length"":5}","[""fetch"",""relocate""]","[""state_change"",""state_change"",""fetch"",""fetch"",""relocate"",""relocate""]",False,0.5,False,1.0,6,0,0.0,False,False,False,True
productivity,1477,"{""object_count"":1,""ordered_units"":[""fetch(peach)"",""fetch(knife)"",""relocate(peach,wooden cutting board)"",""state_change(interact,knife)""],""plan_length"":6}","[""fetch"",""fetch"",""relocate"",""state_change""]","[""fetch"",""fetch"",""state_change""]",False,0.8571428571428571,False,0.75,3,0,0.0,False,False,False,False
productivity,1479,"{""object_count"":1,""ordered_units"":[""fetch(plate)"",""relocate(plate,kitchen work area)""],""plan_length"":5}","[""fetch"",""relocate""]","[""relocate""]",False,0.6666666666666666,False,0.5,1,1,1.0,True,False,False,False
productivity,1480,"{""object_count"":1,""ordered_units"":[""fetch(bread)"",""relocate(bread,bowl)""],""plan_length"":5}","[""fetch"",""relocate""]","[""fetch"",""fetch"",""fetch"",""fetch"",""fetch"",""relocate""]",False,0.5,False,1.0,6,1,0.16666666666666666,False,False,True,True
productivity,1491,"{""object_count"":1,""ordered_units"":[""fetch(cup)"",""relocate(cup,kitchen work area)""],""plan_length"":5}","[""fetch"",""relocate""]","[""fetch"",""relocate""]",True,1.0,True,1.0,2,1,0.5,False,False,True,False
productivity,1494,"{""object_count"":1,""ordered_units"":[""fetch(bread)"",""relocate(bread,bowl)""],""plan_length"":5}","[""fetch"",""relocate""]","[""fetch"",""fetch"",""fetch"",""fetch"",""fetch"",""relocate""]",False,0.5,False,1.0,6,1,0.16666666666666666,False,False,False,False
productivity,1496,"{""object_count"":1,""ordered_units"":[""fetch(knife)"",""fetch(pear)"",""relocate(pear,wooden cutting board)"",""state_change(interact,knife)""],""plan_length"":6}","[""fetch"",""fetch"",""relocate"",""state_change""]","[""fetch"",""relocate"",""fetch""]",False,0.8571428571428571,False,0.5,3,0,0.0,False,False,False,False
productivity,1507,"{""object_count"":1,""ordered_units"":[""fetch(peach)"",""fetch(knife)"",""relocate(peach,wooden cutting board)"",""state_change(interact,knife)""],""plan_length"":6}","[""fetch"",""fetch"",""relocate"",""state_change""]","[""fetch"",""relocate"",""fetch"",""state_change""]",True,1.0,False,0.75,4,0,0.0,False,False,False,False
productivity,1513,"{""object_count"":1,""ordered_units"":[""fetch(pizza)"",""relocate(pizza,kitchen island area)""],""plan_length"":5}","[""fetch"",""relocate""]","[""fetch"",""relocate""]",True,1.0,True,1.0,2,0,0.0,False,False,False,False
productivity,1517,"{""object_count"":1,""ordered_units"":[""fetch(pizza)"",""relocate(pizza,rack)""],""plan_length"":5}","[""fetch"",""relocate""]","[""fetch"",""relocate""]",True,1.0,True,1.0,2,1,0.5,False,False,False,True
productivity,1527,"{""object_count"":1,""ordered_units"":[""fetch(pumpkin)"",""state_change(push,cardboardbox,R2)"",""relocate(pumpkin,cardboardbox)"",""state_change(push,cardboardbox,R1)"",""fetch(pumpkin)"",""relocate(pumpkin,sink)""],""plan_length"":7}","[""fetch"",""state_change"",""relocate"",""state_change"",""fetch"",""relocate""]","[""relocate"",""relocate""]",False,0.5,False,0.3333333333333333,2,1,0.5,False,False,False,False
productivity,1528,"{""object_count"":1,""ordered_units"":[""fetch(peach)"",""state_change(push,cardboardbox,R1)"",""relocate(peach,cardboardbox)"",""state_change(push,cardboardbox,R2)"",""fetch(peach)"",""relocate(peach,sink)""],""plan_length"":7}","[""fetch"",""state_change"",""relocate"",""state_change"",""fetch"",""relocate""]","[""relocate"",""state_change"",""relocate"",""fetch""]",False,0.8,False,0.5,4,0,0.0,False,False,False,False
productivity,1531,"{""object_count"":1,""ordered_units"":[""fetch(banana)"",""relocate(banana,table)""],""plan_length"":5}","[""fetch"",""relocate""]","[""fetch"",""fetch"",""fetch"",""fetch"",""fetch"",""fetch"",""relocate""]",False,0.4444444444444444,False,1.0,7,1,0.14285714285714285,False,False,False,True
productivity,1532,"{""object_count"":1,""ordered_units"":[""state_change(push,cardboardbox,R3)"",""fetch(spoon)"",""relocate(spoon,cardboardbox)"",""state_change(push,cardboardbox,R1)"",""fetch(spoon)"",""relocate(spoon,sink)""],""plan_length"":7}","[""state_change"",""fetch"",""relocate"",""state_change"",""fetch"",""relocate""]","[""fetch"",""relocate"",""relocate""]",False,0.6666666666666666,False,0.5,3,0,0.0,False,False,False,False
productivity,1535,"{""object_count"":1,""ordered_units"":[""fetch(tomato)"",""relocate(tomato,table)""],""plan_length"":5}","[""fetch"",""relocate""]","[""state_change"",""state_change"",""fetch"",""fetch"",""relocate"",""relocate""]",False,0.5,False,1.0,6,0,0.0,False,False,False,False
productivity,1536,"{""object_count"":1,""ordered_units"":[""fetch(apple)"",""relocate(apple,table)""],""plan_length"":5}","[""fetch"",""relocate""]","[""state_change"",""state_change"",""fetch"",""relocate""]",False,0.6666666666666666,False,1.0,4,1,0.25,False,False,False,True
productivity,1540,"{""object_count"":1,""ordered_units"":[""fetch(cup)"",""relocate(cup,kitchen island area)""],""plan_length"":5}","[""fetch"",""relocate""]","[""relocate""]",False,0.6666666666666666,False,0.5,1,1,1.0,True,False,True,False
productivity,1542,"{""object_count"":1,""ordered_units"":[""fetch(apple)"",""relocate(apple,bowl)""],""plan_length"":5}","[""fetch"",""relocate""]","[""fetch"",""fetch"",""relocate""]",False,0.8,False,1.0,3,0,0.0,False,False,False,False
productivity,1550,"{""object_count"":1,""ordered_units"":[""fetch(apple)"",""relocate(apple,kitchen island area)""],""plan_length"":5}","[""fetch"",""relocate""]","[""fetch"",""relocate""]",True,1.0,True,1.0,2,0,0.0,False,False,False,False
productivity,1551,"{""object_count"":1,""ordered_units"":[""fetch(cardboardbox)"",""relocate(cardboardbox,rack)""],""plan_length"":5}","[""fetch"",""relocate""]","[""fetch"",""relocate""]",True,1.0,True,1.0,2,0,0.0,False,False,False,False
productivity,1559,"{""object_count"":1,""ordered_units"":[""fetch(peach)"",""fetch(knife)"",""relocate(peach,wooden cutting board)"",""state_change(interact,knife)""],""plan_length"":6}","[""fetch"",""fetch"",""relocate"",""state_change""]","[""fetch"",""fetch"",""relocate"",""fetch"",""state_change""]",False,0.8888888888888888,False,1.0,5,0,0.0,False,False,False,False
productivity,1564,"{""object_count"":1,""ordered_units"":[""fetch(wine)"",""relocate(wine,kitchen island area)""],""plan_length"":5}","[""fetch"",""relocate""]","[""relocate""]",False,0.6666666666666666,False,0.5,1,1,1.0,True,False,False,False
productivity,1567,"{""object_count"":1,""ordered_units"":[""fetch(apple)"",""relocate(apple,table)""],""plan_length"":5}","[""fetch"",""relocate""]","[""state_change"",""state_change"",""fetch"",""fetch"",""relocate""]",False,0.5714285714285714,False,1.0,5,0,0.0,False,False,False,False
productivity,1568,"{""object_count"":1,""ordered_units"":[""fetch(spoon)"",""relocate(spoon,kitchen island area)""],""plan_length"":5}","[""fetch"",""relocate""]","[""relocate""]",False,0.6666666666666666,False,0.5,1,1,1.0,True,False,False,True
productivity,1571,"{""object_count"":1,""ordered_units"":[""fetch(knife)"",""fetch(apple)"",""relocate(apple,wooden cutting board)"",""state_change(interact,knife)""],""plan_length"":6}","[""fetch"",""fetch"",""relocate"",""state_change""]","[""fetch"",""relocate"",""fetch"",""state_change""]",True,1.0,False,0.75,4,0,0.0,False,False,False,False
productivity,1574,"{""object_count"":1,""ordered_units"":[""fetch(knife)"",""fetch(peach)"",""relocate(peach,wooden cutting board)"",""state_change(interact,knife)""],""plan_length"":6}","[""fetch"",""fetch"",""relocate"",""state_change""]","[""relocate"",""state_change""]",False,0.6666666666666666,False,0.5,2,0,0.0,False,False,False,False
productivity,1583,"{""object_count"":1,""ordered_units"":[""fetch(knife)"",""fetch(peach)"",""relocate(peach,wooden cutting board)"",""state_change(interact,knife)""],""plan_length"":6}","[""fetch"",""fetch"",""relocate"",""state_change""]","[""state_change""]",False,0.4,False,0.25,1,1,1.0,True,False,False,False
productivity,1585,"{""object_count"":1,""ordered_units"":[""fetch(peach)"",""fetch(knife)"",""relocate(peach,wooden cutting board)"",""state_change(interact,knife)""],""plan_length"":6}","[""fetch"",""fetch"",""relocate"",""state_change""]","[""relocate"",""state_change""]",False,0.6666666666666666,False,0.5,2,0,0.0,False,False,False,False
productivity,1598,"{""object_count"":1,""ordered_units"":[""fetch(knife)"",""fetch(apple)"",""relocate(apple,wooden cutting board)"",""state_change(interact,knife)""],""plan_length"":6}","[""fetch"",""fetch"",""relocate"",""state_change""]","[""fetch"",""relocate"",""fetch"",""state_change""]",True,1.0,False,0.75,4,1,0.25,False,False,False,False
productivity,1601,"{""object_count"":1,""ordered_units"":[""fetch(apple)"",""relocate(apple,rack)""],""plan_length"":5}","[""fetch"",""relocate""]","[""fetch"",""relocate""]",True,1.0,True,1.0,2,0,0.0,False,False,False,False
productivity,1602,"{""object_count"":1,""ordered_units"":[""fetch(bottle)"",""relocate(bottle,rack)""],""plan_length"":5}","[""fetch"",""relocate""]","[""fetch"",""relocate""]",True,1.0,True,1.0,2,1,0.5,False,False,False,False
productivity,1603,"{""object_count"":1,""ordered_units"":[""fetch(kettle)"",""relocate(kettle,kitchen island area)""],""plan_length"":5}","[""fetch"",""relocate""]","[""fetch"",""relocate""]",True,1.0,True,1.0,2,1,0.5,False,False,False,True
productivity,1607,"{""object_count"":1,""ordered_units"":[""fetch(bottle)"",""relocate(bottle,rack)""],""plan_length"":5}","[""fetch"",""relocate""]","[""fetch"",""relocate""]",True,1.0,True,1.0,2,1,0.5,False,False,False,False
productivity,1608,"{""object_count"":1,""ordered_units"":[""fetch(banana)"",""relocate(banana,plate)""],""plan_length"":5}","[""fetch"",""relocate""]","[""fetch"",""fetch"",""relocate""]",False,0.8,False,1.0,3,1,0.3333333333333333,False,False,False,False
productivity,1609,"{""object_count"":1,""ordered_units"":[""fetch(apple)"",""state_change(push,cardboardbox,R1)"",""relocate(apple,cardboardbox)"",""state_change(push,cardboardbox,R3)"",""fetch(apple)"",""relocate(apple,sink)""],""plan_length"":7}","[""fetch"",""state_change"",""relocate"",""state_change"",""fetch"",""relocate""]","[""state_change"",""relocate"",""fetch"",""relocate""]",False,0.8,False,0.6666666666666666,4,0,0.0,False,False,False,False
productivity,1613,"{""object_count"":1,""ordered_units"":[""fetch(peach)"",""fetch(knife)"",""relocate(peach,wooden cutting board)"",""state_change(interact,knife)""],""plan_length"":6}","[""fetch"",""fetch"",""relocate"",""state_change""]","[""fetch"",""relocate"",""fetch"",""state_change""]",True,1.0,False,0.75,4,0,0.0,False,False,False,False
productivity,1619,"{""object_count"":1,""ordered_units"":[""fetch(banana)"",""relocate(banana,plate)""],""plan_length"":5}","[""fetch"",""relocate""]","[""state_change"",""state_change"",""state_change"",""relocate""]",False,0.3333333333333333,False,0.5,4,2,0.5,False,False,False,False
productivity,1637,"{""object_count"":1,""ordered_units"":[""state_change(push,cardboardbox,R3)"",""fetch(fork)"",""relocate(fork,cardboardbox)"",""state_change(push,cardboardbox,R1)"",""fetch(fork)"",""relocate(fork,sink)""],""plan_length"":7}","[""state_change"",""fetch"",""relocate"",""state_change"",""fetch"",""relocate""]","[""state_change"",""relocate"",""fetch""]",False,0.6666666666666666,False,0.5,3,1,0.3333333333333333,False,False,False,False
productivity,1644,"{""object_count"":1,""ordered_units"":[""fetch(knife)"",""fetch(peach)"",""relocate(peach,wooden cutting board)"",""state_change(interact,knife)""],""plan_length"":6}","[""fetch"",""fetch"",""relocate"",""state_change""]","[""fetch"",""relocate"",""fetch"",""state_change""]",True,1.0,False,0.75,4,0,0.0,False,False,False,False
productivity,1651,"{""object_count"":1,""ordered_units"":[""fetch(meat)"",""state_change(push,cardboardbox,R2)"",""relocate(meat,cardboardbox)"",""state_change(push,cardboardbox,R1)"",""fetch(meat)"",""relocate(meat,sink)""],""plan_length"":7}","[""fetch"",""state_change"",""relocate"",""state_change"",""fetch"",""relocate""]","[""fetch"",""state_change"",""relocate"",""relocate"",""fetch"",""relocate""]",False,0.8333333333333334,False,0.8333333333333334,6,1,0.16666666666666666,False,False,False,False
productivity,1653,"{""object_count"":1,""ordered_units"":[""fetch(bread)"",""relocate(bread,bowl)""],""plan_length"":5}","[""fetch"",""relocate""]","[""fetch"",""fetch"",""fetch"",""fetch"",""fetch"",""state_change"",""fetch"",""relocate""]",False,0.4,False,1.0,8,0,0.0,False,False,True,False
productivity,1657,"{""object_count"":1,""ordered_units"":[""fetch(banana)"",""relocate(banana,table)""],""plan_length"":5}","[""fetch"",""relocate""]","[""state_change"",""state_change"",""fetch"",""fetch"",""state_change"",""state_change"",""relocate"",""relocate""]",False,0.4,False,1.0,8,1,0.125,False,False,False,False
productivity,1658,"{""object_count"":1,""ordered_units"":[""fetch(cooling fan)"",""relocate(cooling fan,kitchen work area)""],""plan_length"":5}","[""fetch"",""relocate""]","[""relocate""]",False,0.6666666666666666,False,0.5,1,1,1.0,True,False,False,False
productivity,1659,"{""object_count"":1,""ordered_units"":[""fetch(scissors)"",""relocate(scissors,kitchen work area)""],""plan_length"":5}","[""fetch"",""relocate""]","[""fetch"",""relocate""]",True,1.0,True,1.0,2,1,0.5,False,False,False,True
productivity,1660,"{""object_count"":1,""ordered_units"":[""fetch(tomato)"",""relocate(tomato,table)""],""plan_length"":5}","[""fetch"",""relocate""]","[""fetch"",""fetch"",""relocate""]",False,0.8,False,1.0,3,1,0.3333333333333333,False,False,True,False
productivity,1661,"{""object_count"":1,""ordered_units"":[""fetch(apple)"",""relocate(apple,kitchen island area)""],""plan_length"":5}","[""fetch"",""relocate""]","[""fetch"",""relocate""]",True,1.0,True,1.0,2,0,0.0,False,False,False,False
productivity,1669,"{""object_count"":1,""ordered_units"":[""fetch(pumpkin)"",""relocate(pumpkin,kitchen work area)""],""plan_length"":5}","[""fetch"",""relocate""]","[""fetch"",""relocate""]",True,1.0,True,1.0,2,1,0.5,False,False,True,False
productivity,1683,"{""object_count"":1,""ordered_units"":[""fetch(scissors)"",""relocate(scissors,kitchen island area)""],""plan_length"":5}","[""fetch"",""relocate""]","[""fetch"",""relocate""]",True,1.0,True,1.0,2,0,0.0,False,False,False,False
productivity,1692,"{""object_count"":1,""ordered_units"":[""fetch(peach)"",""relocate(peach,table)""],""plan_length"":5}","[""fetch"",""relocate""]","[""state_change"",""state_change"",""state_change"",""fetch"",""fetch""]",False,0.2857142857142857,False,0.5,5,0,0.0,False,False,False,False
productivity,1695,"{""object_count"":1,""ordered_units"":[""fetch(wine)"",""relocate(wine,kitchen island area)""],""plan_length"":5}","[""fetch"",""relocate""]",[],False,0.0,False,0.0,0,0,,False,False,False,False
productivity,1712,"{""object_count"":1,""ordered_units"":[""fetch(peach)"",""relocate(peach,table)""],""plan_length"":5}","[""fetch"",""relocate""]","[""state_change"",""state_change"",""fetch"",""fetch""]",False,0.3333333333333333,False,0.5,4,0,0.0,False,False,False,False
productivity,1717,"{""object_count"":1,""ordered_units"":[""fetch(bread)"",""relocate(bread,bowl)""],""plan_length"":5}","[""fetch"",""relocate""]","[""state_change"",""relocate""]",False,0.5,False,0.5,2,2,1.0,True,False,False,True
productivity,1720,"{""object_count"":1,""ordered_units"":[""fetch(pear)"",""fetch(knife)"",""relocate(pear,wooden cutting board)"",""state_change(interact,knife)""],""plan_length"":6}","[""fetch"",""fetch"",""relocate"",""state_change""]","[""fetch"",""fetch"",""relocate"",""fetch"",""state_change""]",False,0.8888888888888888,False,1.0,5,0,0.0,False,False,False,False
productivity,1721,"{""object_count"":1,""ordered_units"":[""fetch(spoon)"",""relocate(spoon,kitchen work area)""],""plan_length"":5}","[""fetch"",""relocate""]","[""relocate""]",False,0.6666666666666666,False,0.5,1,1,1.0,True,False,False,True
productivity,1722,"{""object_count"":1,""ordered_units"":[""fetch(apple)"",""relocate(apple,kitchen work area)""],""plan_length"":5}","[""fetch"",""relocate""]","[""fetch"",""relocate""]",True,1.0,True,1.0,2,0,0.0,False,False,False,True
productivity,1730,"{""object_count"":1,""ordered_units"":[""fetch(peach)"",""fetch(knife)"",""relocate(peach,wooden cutting board)"",""state_change(interact,knife)""],""plan_length"":6}","[""fetch"",""fetch"",""relocate"",""state_change""]","[""fetch"",""fetch"",""relocate"",""fetch""]",False,0.75,False,0.75,4,0,0.0,False,False,False,False
productivity,1734,"{""object_count"":1,""ordered_units"":[""fetch(knife)"",""fetch(peach)"",""relocate(peach,wooden cutting board)"",""state_change(interact,knife)""],""plan_length"":6}","[""fetch"",""fetch"",""relocate"",""state_change""]","[""fetch"",""fetch"",""relocate"",""fetch"",""state_change""]",False,0.8888888888888888,False,1.0,5,0,0.0,False,False,False,False
productivity,1740,"{""object_count"":1,""ordered_units"":[""state_change(push,cardboardbox,R2)"",""fetch(pear)"",""relocate(pear,cardboardbox)"",""state_change(push,cardboardbox,R3)"",""fetch(pear)"",""relocate(pear,sink)""],""plan_length"":7}","[""state_change"",""fetch"",""relocate"",""state_change"",""fetch"",""relocate""]","[""fetch"",""state_change"",""relocate"",""relocate"",""fetch"",""relocate""]",False,0.8333333333333334,False,0.6666666666666666,6,1,0.16666666666666666,False,False,False,False
productivity,1741,"{""object_count"":1,""ordered_units"":[""fetch(knife)"",""fetch(apple)"",""relocate(apple,wooden cutting board)"",""state_change(interact,knife)""],""plan_length"":6}","[""fetch"",""fetch"",""relocate"",""state_change""]","[""fetch"",""fetch"",""relocate"",""fetch"",""state_change""]",False,0.8888888888888888,False,1.0,5,0,0.0,False,False,False,False
productivity,1742,"{""object_count"":1,""ordered_units"":[""fetch(pear)"",""relocate(pear,table)""],""plan_length"":5}","[""fetch"",""relocate""]","[""state_change"",""state_change"",""fetch"",""fetch"",""relocate"",""relocate""]",False,0.5,False,1.0,6,1,0.16666666666666666,False,False,False,False
productivity,1743,"{""object_count"":1,""ordered_units"":[""fetch(knife)"",""fetch(pear)"",""relocate(pear,wooden cutting board)"",""state_change(interact,knife)""],""plan_length"":6}","[""fetch"",""fetch"",""relocate"",""state_change""]","[""fetch"",""fetch"",""relocate"",""fetch"",""state_change""]",False,0.8888888888888888,False,1.0,5,0,0.0,False,False,False,False
productivity,1747,"{""object_count"":1,""ordered_units"":[""fetch(pear)"",""relocate(pear,kitchen island area)""],""plan_length"":5}","[""fetch"",""relocate""]","[""fetch"",""relocate""]",True,1.0,True,1.0,2,0,0.0,False,False,False,False
productivity,1754,"{""object_count"":1,""ordered_units"":[""fetch(pear)"",""relocate(pear,table)""],""plan_length"":5}","[""fetch"",""relocate""]","[""state_change"",""state_change"",""fetch"",""fetch"",""state_change"",""state_change""]",False,0.25,False,0.5,6,0,0.0,False,False,False,False
productivity,1759,"{""object_count"":1,""ordered_units"":[""fetch(pear)"",""fetch(knife)"",""relocate(pear,wooden cutting board)"",""state_change(interact,knife)""],""plan_length"":6}","[""fetch"",""fetch"",""relocate"",""state_change""]","[""relocate"",""state_change""]",False,0.6666666666666666,False,0.5,2,0,0.0,False,False,False,False
productivity,1765,"{""object_count"":1,""ordered_units"":[""fetch(kettle)"",""relocate(kettle,kitchen work area)""],""plan_length"":5}","[""fetch"",""relocate""]","[""fetch"",""relocate""]",True,1.0,True,1.0,2,1,0.5,False,False,False,True
productivity,1766,"{""object_count"":1,""ordered_units"":[""fetch(apple)"",""fetch(knife)"",""relocate(apple,wooden cutting board)"",""state_change(interact,knife)""],""plan_length"":6}","[""fetch"",""fetch"",""relocate"",""state_change""]","[""fetch"",""fetch"",""relocate"",""fetch"",""state_change""]",False,0.8888888888888888,False,1.0,5,0,0.0,False,False,False,False
productivity,1774,"{""object_count"":1,""ordered_units"":[""fetch(apple)"",""relocate(apple,table)""],""plan_length"":5}","[""fetch"",""relocate""]","[""state_change"",""state_change"",""fetch"",""fetch"",""relocate"",""relocate""]",False,0.5,False,1.0,6,0,0.0,False,False,False,False
productivity,1779,"{""object_count"":1,""ordered_units"":[""fetch(banana)"",""relocate(banana,kitchen work area)""],""plan_length"":5}","[""fetch"",""relocate""]","[""fetch"",""relocate""]",True,1.0,True,1.0,2,0,0.0,False,False,False,False
productivity,1780,"{""object_count"":1,""ordered_units"":[""fetch(apple)"",""state_change(push,cardboardbox,R1)"",""relocate(apple,cardboardbox)"",""state_change(push,cardboardbox,R3)"",""fetch(apple)"",""relocate(apple,sink)""],""plan_length"":7}","[""fetch"",""state_change"",""relocate"",""state_change"",""fetch"",""relocate""]","[""fetch"",""state_change"",""relocate"",""relocate"",""fetch""]",False,0.9090909090909091,False,0.6666666666666666,5,1,0.2,False,False,False,False
productivity,1794,"{""object_count"":1,""ordered_units"":[""fetch(cardboardbox)"",""relocate(cardboardbox,kitchen work area)""],""plan_length"":5}","[""fetch"",""relocate""]","[""fetch"",""relocate""]",True,1.0,True,1.0,2,0,0.0,False,False,False,False
