channel,index,c0_full_signature,expected_primitive_kinds,route_primitive_kinds,unit_multiset_agreement,unit_multiset_f1,order_agreement,order_lcs_ratio,scorable_subgoals,retrieval_hits,retrieval_hit_rate,all_subgoals_retrieval_hit,route_correct,zero_shot_success,skill_success,transition
ood,0,"{""object_count"":1,""ordered_units"":[""fetch(bowl)"",""relocate(bowl,table)""],""plan_length"":5}","[""fetch"",""relocate""]","[""fetch"",""fetch"",""relocate""]",False,0.8,False,1.0,3,2,0.6666666666666666,False,False,False,False,unchanged_failure
ood,1,"{""object_count"":1,""ordered_units"":[""fetch(plate)"",""relocate(plate,table)""],""plan_length"":5}","[""fetch"",""relocate""]","[""state_change"",""fetch"",""fetch"",""relocate""]",False,0.6666666666666666,False,1.0,4,3,0.75,False,False,False,False,unchanged_failure
ood,2,"{""object_count"":1,""ordered_units"":[""fetch(bowl)"",""relocate(bowl,table)""],""plan_length"":5}","[""fetch"",""relocate""]","[""state_change"",""state_change"",""relocate"",""relocate""]",False,0.3333333333333333,False,0.5,4,2,0.5,False,False,False,False,unchanged_failure
ood,3,"{""object_count"":1,""ordered_units"":[""fetch(plate)"",""relocate(plate,table)""],""plan_length"":5}","[""fetch"",""relocate""]","[""state_change"",""fetch"",""relocate"",""fetch"",""relocate""]",False,0.5714285714285714,False,1.0,5,3,0.6,False,False,False,False,unchanged_failure
ood,4,"{""object_count"":1,""ordered_units"":[""fetch(plate)"",""relocate(plate,table)""],""plan_length"":5}","[""fetch"",""relocate""]","[""fetch""]",False,0.6666666666666666,False,0.5,1,1,1.0,True,False,False,True,fix
ood,5,"{""object_count"":1,""ordered_units"":[""fetch(bowl)"",""relocate(bowl,table)""],""plan_length"":5}","[""fetch"",""relocate""]","[""fetch"",""fetch"",""relocate""]",False,0.8,False,1.0,3,2,0.6666666666666666,False,False,False,False,unchanged_failure
ood,6,"{""object_count"":1,""ordered_units"":[""fetch(bowl)"",""relocate(bowl,table)""],""plan_length"":5}","[""fetch"",""relocate""]","[""fetch"",""fetch""]",False,0.5,False,0.5,2,1,0.5,False,False,False,False,unchanged_failure
ood,7,"{""object_count"":1,""ordered_units"":[""fetch(bowl)"",""relocate(bowl,table)""],""plan_length"":5}","[""fetch"",""relocate""]","[""state_change"",""state_change"",""relocate"",""relocate""]",False,0.3333333333333333,False,0.5,4,2,0.5,False,False,False,False,unchanged_failure
ood,8,"{""object_count"":1,""ordered_units"":[""fetch(plate)"",""relocate(plate,table)""],""plan_length"":5}","[""fetch"",""relocate""]","[""relocate""]",False,0.6666666666666666,False,0.5,1,1,1.0,True,False,False,False,unchanged_failure
ood,9,"{""object_count"":2,""ordered_units"":[""fetch(bowl)"",""fetch(plate)"",""relocate(bowl,table)"",""relocate(plate,table)"",""multi_object_sequence(2)""],""plan_length"":8}","[""fetch"",""fetch"",""relocate"",""relocate""]","[""fetch""]",False,0.4,False,0.25,1,1,1.0,True,False,False,False,unchanged_failure
ood,10,"{""object_count"":1,""ordered_units"":[""fetch(bowl)"",""relocate(bowl,table)""],""plan_length"":5}","[""fetch"",""relocate""]","[""state_change""]",False,0.0,False,0.0,1,1,1.0,True,False,False,False,unchanged_failure
ood,11,"{""object_count"":1,""ordered_units"":[""fetch(plate)"",""relocate(plate,table)""],""plan_length"":5}","[""fetch"",""relocate""]","[""fetch""]",False,0.6666666666666666,False,0.5,1,1,1.0,True,False,False,False,unchanged_failure
ood,12,"{""object_count"":1,""ordered_units"":[""fetch(bowl)"",""relocate(bowl,table)""],""plan_length"":5}","[""fetch"",""relocate""]","[""state_change""]",False,0.0,False,0.0,1,1,1.0,True,False,False,False,unchanged_failure
ood,13,"{""object_count"":2,""ordered_units"":[""fetch(bowl)"",""fetch(plate)"",""relocate(bowl,table)"",""relocate(plate,table)"",""multi_object_sequence(2)""],""plan_length"":8}","[""fetch"",""fetch"",""relocate"",""relocate""]","[""state_change""]",False,0.0,False,0.0,1,1,1.0,True,False,False,False,unchanged_failure
ood,14,"{""object_count"":1,""ordered_units"":[""fetch(plate)"",""relocate(plate,table)""],""plan_length"":5}","[""fetch"",""relocate""]","[""fetch""]",False,0.6666666666666666,False,0.5,1,1,1.0,True,False,False,False,unchanged_failure
ood,15,"{""object_count"":1,""ordered_units"":[""fetch(bowl)"",""relocate(bowl,table)""],""plan_length"":5}","[""fetch"",""relocate""]","[""state_change""]",False,0.0,False,0.0,1,1,1.0,True,False,False,False,unchanged_failure
ood,16,"{""object_count"":1,""ordered_units"":[""fetch(bowl)"",""relocate(bowl,table)""],""plan_length"":5}","[""fetch"",""relocate""]","[""state_change"",""fetch"",""fetch"",""relocate""]",False,0.6666666666666666,False,1.0,4,3,0.75,False,False,False,False,unchanged_failure
ood,17,"{""object_count"":2,""ordered_units"":[""fetch(bowl)"",""fetch(plate)"",""relocate(bowl,table)"",""relocate(plate,table)"",""multi_object_sequence(2)""],""plan_length"":8}","[""fetch"",""fetch"",""relocate"",""relocate""]","[""fetch""]",False,0.4,False,0.25,1,1,1.0,True,False,False,False,unchanged_failure
ood,18,"{""object_count"":1,""ordered_units"":[""fetch(plate)"",""relocate(plate,table)""],""plan_length"":5}","[""fetch"",""relocate""]","[""fetch""]",False,0.6666666666666666,False,0.5,1,1,1.0,True,False,False,True,fix
ood,19,"{""object_count"":2,""ordered_units"":[""fetch(bowl)"",""fetch(plate)"",""relocate(bowl,table)"",""relocate(plate,table)"",""multi_object_sequence(2)""],""plan_length"":8}","[""fetch"",""fetch"",""relocate"",""relocate""]","[""fetch""]",False,0.4,False,0.25,1,1,1.0,True,False,False,False,unchanged_failure
ood,20,"{""object_count"":1,""ordered_units"":[""fetch(bowl)"",""relocate(bowl,table)""],""plan_length"":5}","[""fetch"",""relocate""]","[""fetch""]",False,0.6666666666666666,False,0.5,1,1,1.0,True,False,False,False,unchanged_failure
ood,21,"{""object_count"":1,""ordered_units"":[""fetch(bowl)"",""relocate(bowl,table)""],""plan_length"":5}","[""fetch"",""relocate""]","[""fetch""]",False,0.6666666666666666,False,0.5,1,1,1.0,True,False,False,False,unchanged_failure
ood,22,"{""object_count"":2,""ordered_units"":[""fetch(bowl)"",""fetch(plate)"",""relocate(bowl,table)"",""relocate(plate,table)"",""multi_object_sequence(2)""],""plan_length"":8}","[""fetch"",""fetch"",""relocate"",""relocate""]","[""state_change""]",False,0.0,False,0.0,1,1,1.0,True,False,False,False,unchanged_failure
ood,23,"{""object_count"":1,""ordered_units"":[""fetch(plate)"",""relocate(plate,table)""],""plan_length"":5}","[""fetch"",""relocate""]","[""fetch""]",False,0.6666666666666666,False,0.5,1,1,1.0,True,False,False,False,unchanged_failure
ood,24,"{""object_count"":1,""ordered_units"":[""fetch(plate)"",""relocate(plate,table)""],""plan_length"":5}","[""fetch"",""relocate""]","[""state_change"",""state_change"",""relocate"",""relocate""]",False,0.3333333333333333,False,0.5,4,0,0.0,False,False,False,False,unchanged_failure
ood,25,"{""object_count"":2,""ordered_units"":[""fetch(bowl)"",""fetch(plate)"",""relocate(bowl,table)"",""relocate(plate,table)"",""multi_object_sequence(2)""],""plan_length"":8}","[""fetch"",""fetch"",""relocate"",""relocate""]","[""fetch"",""fetch"",""relocate""]",False,0.8571428571428571,False,0.75,3,2,0.6666666666666666,False,False,False,False,unchanged_failure
ood,26,"{""object_count"":1,""ordered_units"":[""fetch(plate)"",""relocate(plate,table)""],""plan_length"":5}","[""fetch"",""relocate""]","[""state_change"",""state_change"",""relocate"",""relocate""]",False,0.3333333333333333,False,0.5,4,0,0.0,False,False,False,False,unchanged_failure
ood,27,"{""object_count"":1,""ordered_units"":[""fetch(plate)"",""relocate(plate,table)""],""plan_length"":5}","[""fetch"",""relocate""]","[""fetch""]",False,0.6666666666666666,False,0.5,1,1,1.0,True,False,False,False,unchanged_failure
ood,28,"{""object_count"":1,""ordered_units"":[""fetch(bowl)"",""relocate(bowl,table)""],""plan_length"":5}","[""fetch"",""relocate""]","[""fetch""]",False,0.6666666666666666,False,0.5,1,1,1.0,True,False,False,False,unchanged_failure
ood,29,"{""object_count"":1,""ordered_units"":[""fetch(plate)"",""relocate(plate,table)""],""plan_length"":5}","[""fetch"",""relocate""]","[""state_change"",""fetch"",""fetch"",""relocate""]",False,0.6666666666666666,False,1.0,4,3,0.75,False,False,False,False,unchanged_failure
ood,30,"{""object_count"":1,""ordered_units"":[""fetch(plate)"",""relocate(plate,table)""],""plan_length"":5}","[""fetch"",""relocate""]","[""fetch""]",False,0.6666666666666666,False,0.5,1,1,1.0,True,False,False,False,unchanged_failure
ood,31,"{""object_count"":1,""ordered_units"":[""fetch(bowl)"",""relocate(bowl,table)""],""plan_length"":5}","[""fetch"",""relocate""]","[""fetch""]",False,0.6666666666666666,False,0.5,1,1,1.0,True,False,False,False,unchanged_failure
ood,32,"{""object_count"":2,""ordered_units"":[""fetch(bowl)"",""fetch(plate)"",""relocate(bowl,table)"",""relocate(plate,table)"",""multi_object_sequence(2)""],""plan_length"":8}","[""fetch"",""fetch"",""relocate"",""relocate""]","[""state_change""]",False,0.0,False,0.0,1,1,1.0,True,False,False,False,unchanged_failure
ood,33,"{""object_count"":1,""ordered_units"":[""fetch(plate)"",""relocate(plate,table)""],""plan_length"":5}","[""fetch"",""relocate""]","[""state_change"",""state_change"",""state_change"",""relocate"",""relocate""]",False,0.2857142857142857,False,0.5,5,3,0.6,False,False,False,False,unchanged_failure
ood,34,"{""object_count"":1,""ordered_units"":[""fetch(bowl)"",""relocate(bowl,table)""],""plan_length"":5}","[""fetch"",""relocate""]","[""fetch""]",False,0.6666666666666666,False,0.5,1,1,1.0,True,False,False,False,unchanged_failure
ood,35,"{""object_count"":1,""ordered_units"":[""fetch(bowl)"",""relocate(bowl,table)""],""plan_length"":5}","[""fetch"",""relocate""]","[""state_change"",""state_change"",""relocate"",""relocate""]",False,0.3333333333333333,False,0.5,4,2,0.5,False,False,False,False,unchanged_failure
ood,36,"{""object_count"":1,""ordered_units"":[""fetch(bowl)"",""relocate(bowl,table)""],""plan_length"":5}","[""fetch"",""relocate""]","[""state_change"",""fetch"",""fetch"",""relocate""]",False,0.6666666666666666,False,1.0,4,3,0.75,False,False,False,False,unchanged_failure
ood,37,"{""object_count"":1,""ordered_units"":[""fetch(plate)"",""relocate(plate,table)""],""plan_length"":5}","[""fetch"",""relocate""]","[""state_change"",""state_change"",""fetch"",""relocate""]",False,0.6666666666666666,False,1.0,4,1,0.25,False,False,False,False,unchanged_failure
ood,38,"{""object_count"":2,""ordered_units"":[""fetch(bowl)"",""fetch(plate)"",""relocate(bowl,table)"",""relocate(plate,table)"",""multi_object_sequence(2)""],""plan_length"":8}","[""fetch"",""fetch"",""relocate"",""relocate""]","[""fetch""]",False,0.4,False,0.25,1,1,1.0,True,False,False,False,unchanged_failure
ood,39,"{""object_count"":1,""ordered_units"":[""fetch(bowl)"",""relocate(bowl,table)""],""plan_length"":5}","[""fetch"",""relocate""]","[""state_change"",""state_change"",""relocate"",""relocate""]",False,0.3333333333333333,False,0.5,4,2,0.5,False,False,False,False,unchanged_failure
ood,40,"{""object_count"":1,""ordered_units"":[""fetch(bowl)"",""relocate(bowl,table)""],""plan_length"":5}","[""fetch"",""relocate""]","[""state_change"",""state_change"",""relocate"",""relocate""]",False,0.3333333333333333,False,0.5,4,2,0.5,False,False,False,False,unchanged_failure
ood,41,"{""object_count"":2,""ordered_units"":[""fetch(bowl)"",""fetch(plate)"",""relocate(bowl,table)"",""relocate(plate,table)"",""multi_object_sequence(2)""],""plan_length"":8}","[""fetch"",""fetch"",""relocate"",""relocate""]","[""state_change"",""fetch"",""relocate"",""fetch"",""relocate""]",False,0.8888888888888888,False,0.75,5,3,0.6,False,False,False,False,unchanged_failure
ood,42,"{""object_count"":2,""ordered_units"":[""fetch(bowl)"",""fetch(plate)"",""relocate(bowl,table)"",""relocate(plate,table)"",""multi_object_sequence(2)""],""plan_length"":8}","[""fetch"",""fetch"",""relocate"",""relocate""]","[""state_change""]",False,0.0,False,0.0,1,1,1.0,True,False,False,False,unchanged_failure
ood,43,"{""object_count"":2,""ordered_units"":[""fetch(bowl)"",""fetch(plate)"",""relocate(bowl,table)"",""relocate(plate,table)"",""multi_object_sequence(2)""],""plan_length"":8}","[""fetch"",""fetch"",""relocate"",""relocate""]","[""state_change""]",False,0.0,False,0.0,1,1,1.0,True,False,False,False,unchanged_failure
ood,44,"{""object_count"":2,""ordered_units"":[""fetch(bowl)"",""fetch(plate)"",""relocate(bowl,table)"",""relocate(plate,table)"",""multi_object_sequence(2)""],""plan_length"":8}","[""fetch"",""fetch"",""relocate"",""relocate""]","[""fetch""]",False,0.4,False,0.25,1,0,0.0,False,False,False,False,unchanged_failure
ood,45,"{""object_count"":1,""ordered_units"":[""fetch(bowl)"",""relocate(bowl,table)""],""plan_length"":5}","[""fetch"",""relocate""]","[""fetch""]",False,0.6666666666666666,False,0.5,1,1,1.0,True,False,False,False,unchanged_failure
ood,46,"{""object_count"":2,""ordered_units"":[""fetch(bowl)"",""fetch(plate)"",""relocate(bowl,table)"",""relocate(plate,table)"",""multi_object_sequence(2)""],""plan_length"":8}","[""fetch"",""fetch"",""relocate"",""relocate""]","[""fetch"",""fetch"",""relocate"",""relocate""]",True,1.0,True,1.0,4,2,0.5,False,False,False,False,unchanged_failure
ood,47,"{""object_count"":1,""ordered_units"":[""fetch(bowl)"",""relocate(bowl,table)""],""plan_length"":5}","[""fetch"",""relocate""]","[""fetch""]",False,0.6666666666666666,False,0.5,1,1,1.0,True,False,False,False,unchanged_failure
ood,48,"{""object_count"":1,""ordered_units"":[""fetch(plate)"",""relocate(plate,table)""],""plan_length"":5}","[""fetch"",""relocate""]","[""state_change"",""state_change"",""state_change"",""relocate"",""relocate""]",False,0.2857142857142857,False,0.5,5,3,0.6,False,False,False,False,unchanged_failure
ood,49,"{""object_count"":1,""ordered_units"":[""fetch(bowl)"",""relocate(bowl,table)""],""plan_length"":5}","[""fetch"",""relocate""]","[""state_change"",""fetch"",""fetch"",""relocate""]",False,0.6666666666666666,False,1.0,4,3,0.75,False,False,False,False,unchanged_failure
ood,50,"{""object_count"":2,""ordered_units"":[""fetch(bowl)"",""fetch(plate)"",""relocate(bowl,table)"",""relocate(plate,table)"",""multi_object_sequence(2)""],""plan_length"":8}","[""fetch"",""fetch"",""relocate"",""relocate""]","[""state_change""]",False,0.0,False,0.0,1,1,1.0,True,False,False,False,unchanged_failure
ood,51,"{""object_count"":1,""ordered_units"":[""fetch(bowl)"",""relocate(bowl,table)""],""plan_length"":5}","[""fetch"",""relocate""]","[""state_change"",""fetch"",""relocate""]",False,0.8,False,1.0,3,3,1.0,True,False,False,False,unchanged_failure
ood,52,"{""object_count"":2,""ordered_units"":[""fetch(bowl)"",""fetch(plate)"",""relocate(bowl,table)"",""relocate(plate,table)"",""multi_object_sequence(2)""],""plan_length"":8}","[""fetch"",""fetch"",""relocate"",""relocate""]","[""state_change"",""state_change"",""relocate"",""relocate""]",False,0.5,False,0.5,4,1,0.25,False,False,False,False,unchanged_failure
ood,53,"{""object_count"":2,""ordered_units"":[""fetch(bowl)"",""fetch(plate)"",""relocate(bowl,table)"",""relocate(plate,table)"",""multi_object_sequence(2)""],""plan_length"":8}","[""fetch"",""fetch"",""relocate"",""relocate""]","[""fetch""]",False,0.4,False,0.25,1,0,0.0,False,False,False,False,unchanged_failure
ood,54,"{""object_count"":2,""ordered_units"":[""fetch(bowl)"",""fetch(plate)"",""relocate(bowl,table)"",""relocate(plate,table)"",""multi_object_sequence(2)""],""plan_length"":8}","[""fetch"",""fetch"",""relocate"",""relocate""]","[""state_change"",""state_change"",""state_change"",""relocate"",""relocate""]",False,0.4444444444444444,False,0.5,5,3,0.6,False,False,False,False,unchanged_failure
ood,55,"{""object_count"":1,""ordered_units"":[""fetch(plate)"",""relocate(plate,table)""],""plan_length"":5}","[""fetch"",""relocate""]","[""fetch""]",False,0.6666666666666666,False,0.5,1,1,1.0,True,False,False,False,unchanged_failure
ood,56,"{""object_count"":2,""ordered_units"":[""fetch(bowl)"",""fetch(plate)"",""relocate(bowl,table)"",""relocate(plate,table)"",""multi_object_sequence(2)""],""plan_length"":8}","[""fetch"",""fetch"",""relocate"",""relocate""]","[""fetch"",""fetch"",""relocate""]",False,0.8571428571428571,False,0.75,3,2,0.6666666666666666,False,False,False,False,unchanged_failure
ood,57,"{""object_count"":2,""ordered_units"":[""fetch(bowl)"",""fetch(plate)"",""relocate(bowl,table)"",""relocate(plate,table)"",""multi_object_sequence(2)""],""plan_length"":8}","[""fetch"",""fetch"",""relocate"",""relocate""]","[""fetch"",""fetch"",""relocate"",""relocate""]",True,1.0,True,1.0,4,2,0.5,False,False,False,False,unchanged_failure
ood,58,"{""object_count"":1,""ordered_units"":[""fetch(plate)"",""relocate(plate,table)""],""plan_length"":5}","[""fetch"",""relocate""]","[""fetch""]",False,0.6666666666666666,False,0.5,1,1,1.0,True,False,False,False,unchanged_failure
ood,59,"{""object_count"":2,""ordered_units"":[""fetch(bowl)"",""fetch(plate)"",""relocate(bowl,table)"",""relocate(plate,table)"",""multi_object_sequence(2)""],""plan_length"":8}","[""fetch"",""fetch"",""relocate"",""relocate""]","[""fetch""]",False,0.4,False,0.25,1,1,1.0,True,False,False,False,unchanged_failure
ood,60,"{""object_count"":2,""ordered_units"":[""fetch(bowl)"",""fetch(plate)"",""relocate(bowl,table)"",""relocate(plate,table)"",""multi_object_sequence(2)""],""plan_length"":8}","[""fetch"",""fetch"",""relocate"",""relocate""]","[""state_change""]",False,0.0,False,0.0,1,1,1.0,True,False,False,False,unchanged_failure
ood,61,"{""object_count"":1,""ordered_units"":[""fetch(plate)"",""relocate(plate,table)""],""plan_length"":5}","[""fetch"",""relocate""]","[""fetch"",""relocate""]",True,1.0,True,1.0,2,0,0.0,False,False,False,False,unchanged_failure
ood,62,"{""object_count"":2,""ordered_units"":[""fetch(bowl)"",""fetch(plate)"",""relocate(bowl,table)"",""relocate(plate,table)"",""multi_object_sequence(2)""],""plan_length"":8}","[""fetch"",""fetch"",""relocate"",""relocate""]","[""fetch""]",False,0.4,False,0.25,1,0,0.0,False,False,False,False,unchanged_failure
ood,63,"{""object_count"":1,""ordered_units"":[""fetch(plate)"",""relocate(plate,table)""],""plan_length"":5}","[""fetch"",""relocate""]","[""fetch""]",False,0.6666666666666666,False,0.5,1,1,1.0,True,False,False,False,unchanged_failure
ood,64,"{""object_count"":1,""ordered_units"":[""fetch(bowl)"",""relocate(bowl,table)""],""plan_length"":5}","[""fetch"",""relocate""]","[""state_change"",""state_change"",""relocate"",""relocate""]",False,0.3333333333333333,False,0.5,4,2,0.5,False,False,False,False,unchanged_failure
ood,65,"{""object_count"":1,""ordered_units"":[""fetch(plate)"",""relocate(plate,table)""],""plan_length"":5}","[""fetch"",""relocate""]","[""fetch""]",False,0.6666666666666666,False,0.5,1,1,1.0,True,False,False,False,unchanged_failure
ood,66,"{""object_count"":1,""ordered_units"":[""fetch(plate)"",""relocate(plate,table)""],""plan_length"":5}","[""fetch"",""relocate""]","[""state_change"",""fetch"",""relocate"",""fetch"",""relocate""]",False,0.5714285714285714,False,1.0,5,3,0.6,False,False,False,False,unchanged_failure
ood,67,"{""object_count"":1,""ordered_units"":[""fetch(bowl)"",""relocate(bowl,table)""],""plan_length"":5}","[""fetch"",""relocate""]","[""state_change"",""state_change"",""relocate"",""relocate""]",False,0.3333333333333333,False,0.5,4,2,0.5,False,False,False,False,unchanged_failure
ood,68,"{""object_count"":1,""ordered_units"":[""fetch(bowl)"",""relocate(bowl,table)""],""plan_length"":5}","[""fetch"",""relocate""]","[""fetch""]",False,0.6666666666666666,False,0.5,1,1,1.0,True,False,False,False,unchanged_failure
ood,69,"{""object_count"":1,""ordered_units"":[""fetch(bowl)"",""relocate(bowl,table)""],""plan_length"":5}","[""fetch"",""relocate""]","[""fetch""]",False,0.6666666666666666,False,0.5,1,1,1.0,True,False,False,False,unchanged_failure
ood,70,"{""object_count"":1,""ordered_units"":[""fetch(bowl)"",""relocate(bowl,table)""],""plan_length"":5}","[""fetch"",""relocate""]","[""fetch"",""fetch""]",False,0.5,False,0.5,2,1,0.5,False,False,False,False,unchanged_failure
ood,71,"{""object_count"":1,""ordered_units"":[""fetch(bowl)"",""relocate(bowl,table)""],""plan_length"":5}","[""fetch"",""relocate""]","[""fetch""]",False,0.6666666666666666,False,0.5,1,1,1.0,True,False,False,False,unchanged_failure
ood,72,"{""object_count"":2,""ordered_units"":[""fetch(bowl)"",""fetch(plate)"",""relocate(bowl,table)"",""relocate(plate,table)"",""multi_object_sequence(2)""],""plan_length"":8}","[""fetch"",""fetch"",""relocate"",""relocate""]","[""fetch"",""fetch"",""relocate"",""relocate""]",True,1.0,True,1.0,4,2,0.5,False,False,False,False,unchanged_failure
ood,73,"{""object_count"":1,""ordered_units"":[""fetch(plate)"",""relocate(plate,table)""],""plan_length"":5}","[""fetch"",""relocate""]","[""state_change"",""fetch"",""fetch"",""relocate""]",False,0.6666666666666666,False,1.0,4,3,0.75,False,False,False,False,unchanged_failure
ood,74,"{""object_count"":1,""ordered_units"":[""fetch(plate)"",""relocate(plate,table)""],""plan_length"":5}","[""fetch"",""relocate""]","[""fetch""]",False,0.6666666666666666,False,0.5,1,1,1.0,True,False,False,False,unchanged_failure
ood,75,"{""object_count"":1,""ordered_units"":[""fetch(plate)"",""relocate(plate,table)""],""plan_length"":5}","[""fetch"",""relocate""]","[""fetch""]",False,0.6666666666666666,False,0.5,1,1,1.0,True,False,False,False,unchanged_failure
ood,76,"{""object_count"":2,""ordered_units"":[""fetch(bowl)"",""fetch(plate)"",""relocate(bowl,table)"",""relocate(plate,table)"",""multi_object_sequence(2)""],""plan_length"":8}","[""fetch"",""fetch"",""relocate"",""relocate""]","[""fetch"",""fetch"",""relocate""]",False,0.8571428571428571,False,0.75,3,2,0.6666666666666666,False,False,False,False,unchanged_failure
ood,77,"{""object_count"":1,""ordered_units"":[""fetch(bowl)"",""relocate(bowl,table)""],""plan_length"":5}","[""fetch"",""relocate""]","[""state_change"",""fetch"",""relocate""]",False,0.8,False,1.0,3,3,1.0,True,False,False,False,unchanged_failure
ood,78,"{""object_count"":1,""ordered_units"":[""fetch(plate)"",""relocate(plate,table)""],""plan_length"":5}","[""fetch"",""relocate""]","[""fetch""]",False,0.6666666666666666,False,0.5,1,1,1.0,True,False,False,False,unchanged_failure
ood,79,"{""object_count"":2,""ordered_units"":[""fetch(bowl)"",""fetch(plate)"",""relocate(bowl,table)"",""relocate(plate,table)"",""multi_object_sequence(2)""],""plan_length"":8}","[""fetch"",""fetch"",""relocate"",""relocate""]","[""state_change""]",False,0.0,False,0.0,1,1,1.0,True,False,False,False,unchanged_failure
ood,80,"{""object_count"":1,""ordered_units"":[""fetch(plate)"",""relocate(plate,table)""],""plan_length"":5}","[""fetch"",""relocate""]","[""fetch""]",False,0.6666666666666666,False,0.5,1,1,1.0,True,False,False,False,unchanged_failure
ood,81,"{""object_count"":1,""ordered_units"":[""fetch(bowl)"",""relocate(bowl,table)""],""plan_length"":5}","[""fetch"",""relocate""]","[""state_change""]",False,0.0,False,0.0,1,1,1.0,True,False,False,True,fix
ood,82,"{""object_count"":1,""ordered_units"":[""fetch(plate)"",""relocate(plate,table)""],""plan_length"":5}","[""fetch"",""relocate""]","[""fetch""]",False,0.6666666666666666,False,0.5,1,1,1.0,True,False,False,False,unchanged_failure
ood,83,"{""object_count"":1,""ordered_units"":[""fetch(plate)"",""relocate(plate,table)""],""plan_length"":5}","[""fetch"",""relocate""]","[""state_change"",""state_change"",""state_change"",""relocate"",""relocate""]",False,0.2857142857142857,False,0.5,5,3,0.6,False,False,False,False,unchanged_failure
ood,84,"{""object_count"":2,""ordered_units"":[""fetch(bowl)"",""fetch(plate)"",""relocate(bowl,table)"",""relocate(plate,table)"",""multi_object_sequence(2)""],""plan_length"":8}","[""fetch"",""fetch"",""relocate"",""relocate""]","[""state_change"",""state_change"",""relocate"",""relocate""]",False,0.5,False,0.5,4,1,0.25,False,False,False,False,unchanged_failure
ood,85,"{""object_count"":1,""ordered_units"":[""fetch(bowl)"",""relocate(bowl,table)""],""plan_length"":5}","[""fetch"",""relocate""]","[""state_change"",""state_change"",""relocate"",""relocate""]",False,0.3333333333333333,False,0.5,4,2,0.5,False,False,False,False,unchanged_failure
ood,86,"{""object_count"":2,""ordered_units"":[""fetch(bowl)"",""fetch(plate)"",""relocate(bowl,table)"",""relocate(plate,table)"",""multi_object_sequence(2)""],""plan_length"":8}","[""fetch"",""fetch"",""relocate"",""relocate""]","[""fetch""]",False,0.4,False,0.25,1,1,1.0,True,False,False,False,unchanged_failure
ood,87,"{""object_count"":1,""ordered_units"":[""fetch(plate)"",""relocate(plate,table)""],""plan_length"":5}","[""fetch"",""relocate""]","[""fetch""]",False,0.6666666666666666,False,0.5,1,1,1.0,True,False,False,False,unchanged_failure
ood,88,"{""object_count"":1,""ordered_units"":[""fetch(plate)"",""relocate(plate,table)""],""plan_length"":5}","[""fetch"",""relocate""]","[""state_change"",""fetch"",""relocate"",""fetch"",""relocate""]",False,0.5714285714285714,False,1.0,5,3,0.6,False,False,False,False,unchanged_failure
ood,89,"{""object_count"":2,""ordered_units"":[""fetch(bowl)"",""fetch(plate)"",""relocate(bowl,table)"",""relocate(plate,table)"",""multi_object_sequence(2)""],""plan_length"":8}","[""fetch"",""fetch"",""relocate"",""relocate""]","[""state_change"",""fetch"",""relocate"",""fetch"",""relocate""]",False,0.8888888888888888,False,0.75,5,3,0.6,False,False,False,False,unchanged_failure
ood,90,"{""object_count"":2,""ordered_units"":[""fetch(bowl)"",""fetch(plate)"",""relocate(bowl,table)"",""relocate(plate,table)"",""multi_object_sequence(2)""],""plan_length"":8}","[""fetch"",""fetch"",""relocate"",""relocate""]","[""state_change"",""fetch"",""relocate"",""fetch"",""relocate""]",False,0.8888888888888888,False,0.75,5,3,0.6,False,False,False,False,unchanged_failure
ood,91,"{""object_count"":1,""ordered_units"":[""fetch(plate)"",""relocate(plate,table)""],""plan_length"":5}","[""fetch"",""relocate""]","[""state_change"",""state_change"",""state_change"",""relocate"",""relocate""]",False,0.2857142857142857,False,0.5,5,3,0.6,False,False,False,False,unchanged_failure
ood,92,"{""object_count"":1,""ordered_units"":[""fetch(plate)"",""relocate(plate,table)""],""plan_length"":5}","[""fetch"",""relocate""]","[""state_change"",""fetch"",""fetch"",""relocate""]",False,0.6666666666666666,False,1.0,4,3,0.75,False,False,False,False,unchanged_failure
ood,93,"{""object_count"":1,""ordered_units"":[""fetch(plate)"",""relocate(plate,table)""],""plan_length"":5}","[""fetch"",""relocate""]","[""fetch""]",False,0.6666666666666666,False,0.5,1,1,1.0,True,False,False,False,unchanged_failure
ood,94,"{""object_count"":2,""ordered_units"":[""fetch(bowl)"",""fetch(plate)"",""relocate(bowl,table)"",""relocate(plate,table)"",""multi_object_sequence(2)""],""plan_length"":8}","[""fetch"",""fetch"",""relocate"",""relocate""]","[""fetch"",""fetch"",""relocate""]",False,0.8571428571428571,False,0.75,3,2,0.6666666666666666,False,False,False,False,unchanged_failure
ood,95,"{""object_count"":1,""ordered_units"":[""fetch(plate)"",""relocate(plate,table)""],""plan_length"":5}","[""fetch"",""relocate""]","[""state_change"",""state_change"",""state_change"",""relocate"",""relocate""]",False,0.2857142857142857,False,0.5,5,3,0.6,False,False,False,False,unchanged_failure
ood,96,"{""object_count"":1,""ordered_units"":[""fetch(plate)"",""relocate(plate,table)""],""plan_length"":5}","[""fetch"",""relocate""]","[""fetch""]",False,0.6666666666666666,False,0.5,1,1,1.0,True,False,False,False,unchanged_failure
ood,97,"{""object_count"":2,""ordered_units"":[""fetch(bowl)"",""fetch(plate)"",""relocate(bowl,table)"",""relocate(plate,table)"",""multi_object_sequence(2)""],""plan_length"":8}","[""fetch"",""fetch"",""relocate"",""relocate""]","[""fetch""]",False,0.4,False,0.25,1,1,1.0,True,False,False,False,unchanged_failure
ood,98,"{""object_count"":1,""ordered_units"":[""fetch(plate)"",""relocate(plate,table)""],""plan_length"":5}","[""fetch"",""relocate""]","[""state_change"",""fetch"",""fetch"",""relocate""]",False,0.6666666666666666,False,1.0,4,3,0.75,False,False,False,False,unchanged_failure
ood,99,"{""object_count"":1,""ordered_units"":[""fetch(bowl)"",""relocate(bowl,table)""],""plan_length"":5}","[""fetch"",""relocate""]","[""state_change""]",False,0.0,False,0.0,1,1,1.0,True,False,False,False,unchanged_failure
ood,100,"{""object_count"":1,""ordered_units"":[""fetch(bowl)"",""relocate(bowl,table)""],""plan_length"":5}","[""fetch"",""relocate""]","[""state_change""]",False,0.0,False,0.0,1,1,1.0,True,False,False,False,unchanged_failure
ood,101,"{""object_count"":1,""ordered_units"":[""fetch(bowl)"",""relocate(bowl,table)""],""plan_length"":5}","[""fetch"",""relocate""]","[""fetch"",""fetch""]",False,0.5,False,0.5,2,1,0.5,False,False,False,False,unchanged_failure
ood,102,"{""object_count"":2,""ordered_units"":[""fetch(bowl)"",""fetch(plate)"",""relocate(bowl,table)"",""relocate(plate,table)"",""multi_object_sequence(2)""],""plan_length"":8}","[""fetch"",""fetch"",""relocate"",""relocate""]","[""state_change"",""state_change"",""relocate"",""relocate""]",False,0.5,False,0.5,4,2,0.5,False,False,False,False,unchanged_failure
ood,103,"{""object_count"":2,""ordered_units"":[""fetch(bowl)"",""fetch(plate)"",""relocate(bowl,table)"",""relocate(plate,table)"",""multi_object_sequence(2)""],""plan_length"":8}","[""fetch"",""fetch"",""relocate"",""relocate""]","[""fetch""]",False,0.4,False,0.25,1,1,1.0,True,False,False,False,unchanged_failure
ood,104,"{""object_count"":1,""ordered_units"":[""fetch(bowl)"",""relocate(bowl,table)""],""plan_length"":5}","[""fetch"",""relocate""]","[""fetch"",""fetch""]",False,0.5,False,0.5,2,2,1.0,True,False,False,False,unchanged_failure
ood,105,"{""object_count"":1,""ordered_units"":[""fetch(plate)"",""relocate(plate,table)""],""plan_length"":5}","[""fetch"",""relocate""]","[""fetch"",""relocate""]",True,1.0,True,1.0,2,0,0.0,False,False,False,False,unchanged_failure
ood,106,"{""object_count"":1,""ordered_units"":[""fetch(plate)"",""relocate(plate,table)""],""plan_length"":5}","[""fetch"",""relocate""]","[""state_change"",""fetch"",""relocate"",""fetch"",""relocate""]",False,0.5714285714285714,False,1.0,5,3,0.6,False,False,False,False,unchanged_failure
ood,107,"{""object_count"":2,""ordered_units"":[""fetch(bowl)"",""fetch(plate)"",""relocate(bowl,table)"",""relocate(plate,table)"",""multi_object_sequence(2)""],""plan_length"":8}","[""fetch"",""fetch"",""relocate"",""relocate""]","[""state_change"",""state_change"",""relocate"",""relocate""]",False,0.5,False,0.5,4,2,0.5,False,False,False,False,unchanged_failure
ood,108,"{""object_count"":1,""ordered_units"":[""fetch(plate)"",""relocate(plate,table)""],""plan_length"":5}","[""fetch"",""relocate""]","[""state_change"",""fetch"",""fetch"",""relocate""]",False,0.6666666666666666,False,1.0,4,3,0.75,False,False,False,False,unchanged_failure
ood,109,"{""object_count"":1,""ordered_units"":[""fetch(bowl)"",""relocate(bowl,table)""],""plan_length"":5}","[""fetch"",""relocate""]","[""fetch"",""fetch"",""relocate"",""relocate""]",False,0.6666666666666666,False,1.0,4,2,0.5,False,False,False,False,unchanged_failure
ood,110,"{""object_count"":1,""ordered_units"":[""fetch(plate)"",""relocate(plate,table)""],""plan_length"":5}","[""fetch"",""relocate""]","[""fetch""]",False,0.6666666666666666,False,0.5,1,1,1.0,True,False,False,False,unchanged_failure
ood,111,"{""object_count"":1,""ordered_units"":[""fetch(plate)"",""relocate(plate,table)""],""plan_length"":5}","[""fetch"",""relocate""]","[""state_change"",""fetch"",""fetch"",""relocate""]",False,0.6666666666666666,False,1.0,4,3,0.75,False,False,False,False,unchanged_failure
ood,112,"{""object_count"":1,""ordered_units"":[""fetch(bowl)"",""relocate(bowl,table)""],""plan_length"":5}","[""fetch"",""relocate""]","[""state_change""]",False,0.0,False,0.0,1,1,1.0,True,False,False,False,unchanged_failure
ood,113,"{""object_count"":1,""ordered_units"":[""fetch(plate)"",""relocate(plate,table)""],""plan_length"":5}","[""fetch"",""relocate""]","[""fetch"",""relocate""]",True,1.0,True,1.0,2,0,0.0,False,False,False,False,unchanged_failure
ood,114,"{""object_count"":2,""ordered_units"":[""fetch(bowl)"",""fetch(plate)"",""relocate(bowl,table)"",""relocate(plate,table)"",""multi_object_sequence(2)""],""plan_length"":8}","[""fetch"",""fetch"",""relocate"",""relocate""]","[""state_change"",""state_change"",""state_change"",""fetch"",""fetch"",""relocate"",""relocate""]",False,0.7272727272727273,False,1.0,7,3,0.42857142857142855,False,False,False,False,unchanged_failure
ood,115,"{""object_count"":1,""ordered_units"":[""fetch(plate)"",""relocate(plate,table)""],""plan_length"":5}","[""fetch"",""relocate""]","[""fetch"",""relocate""]",True,1.0,True,1.0,2,0,0.0,False,False,False,False,unchanged_failure
ood,116,"{""object_count"":2,""ordered_units"":[""fetch(bowl)"",""fetch(plate)"",""relocate(bowl,table)"",""relocate(plate,table)"",""multi_object_sequence(2)""],""plan_length"":8}","[""fetch"",""fetch"",""relocate"",""relocate""]","[""fetch""]",False,0.4,False,0.25,1,1,1.0,True,False,False,False,unchanged_failure
ood,117,"{""object_count"":1,""ordered_units"":[""fetch(plate)"",""relocate(plate,table)""],""plan_length"":5}","[""fetch"",""relocate""]","[""state_change"",""fetch"",""relocate"",""fetch"",""relocate""]",False,0.5714285714285714,False,1.0,5,3,0.6,False,False,False,False,unchanged_failure
ood,118,"{""object_count"":2,""ordered_units"":[""fetch(bowl)"",""fetch(plate)"",""relocate(bowl,table)"",""relocate(plate,table)"",""multi_object_sequence(2)""],""plan_length"":8}","[""fetch"",""fetch"",""relocate"",""relocate""]","[""fetch"",""fetch"",""relocate"",""relocate""]",True,1.0,True,1.0,4,2,0.5,False,False,False,False,unchanged_failure
ood,119,"{""object_count"":1,""ordered_units"":[""fetch(bowl)"",""relocate(bowl,table)""],""plan_length"":5}","[""fetch"",""relocate""]","[""fetch""]",False,0.6666666666666666,False,0.5,1,1,1.0,True,False,False,False,unchanged_failure
ood,120,"{""object_count"":1,""ordered_units"":[""fetch(plate)"",""relocate(plate,table)""],""plan_length"":5}","[""fetch"",""relocate""]","[""state_change"",""fetch"",""relocate"",""fetch"",""relocate""]",False,0.5714285714285714,False,1.0,5,3,0.6,False,False,False,False,unchanged_failure
ood,121,"{""object_count"":2,""ordered_units"":[""fetch(bowl)"",""fetch(plate)"",""relocate(bowl,table)"",""relocate(plate,table)"",""multi_object_sequence(2)""],""plan_length"":8}","[""fetch"",""fetch"",""relocate"",""relocate""]","[""fetch"",""fetch"",""relocate"",""relocate""]",True,1.0,True,1.0,4,2,0.5,False,False,False,False,unchanged_failure
ood,122,"{""object_count"":2,""ordered_units"":[""fetch(bowl)"",""fetch(plate)"",""relocate(bowl,table)"",""relocate(plate,table)"",""multi_object_sequence(2)""],""plan_length"":8}","[""fetch"",""fetch"",""relocate"",""relocate""]","[""fetch""]",False,0.4,False,0.25,1,1,1.0,True,False,False,False,unchanged_failure
ood,123,"{""object_count"":2,""ordered_units"":[""fetch(bowl)"",""fetch(plate)"",""relocate(bowl,table)"",""relocate(plate,table)"",""multi_object_sequence(2)""],""plan_length"":8}","[""fetch"",""fetch"",""relocate"",""relocate""]","[""state_change"",""fetch"",""relocate"",""fetch"",""relocate""]",False,0.8888888888888888,False,0.75,5,3,0.6,False,False,False,False,unchanged_failure
ood,124,"{""object_count"":1,""ordered_units"":[""fetch(plate)"",""relocate(plate,table)""],""plan_length"":5}","[""fetch"",""relocate""]","[""state_change""]",False,0.0,False,0.0,1,1,1.0,True,False,False,False,unchanged_failure
ood,125,"{""object_count"":1,""ordered_units"":[""fetch(plate)"",""relocate(plate,table)""],""plan_length"":5}","[""fetch"",""relocate""]","[""state_change"",""state_change"",""relocate"",""relocate""]",False,0.3333333333333333,False,0.5,4,0,0.0,False,False,False,False,unchanged_failure
ood,126,"{""object_count"":1,""ordered_units"":[""fetch(plate)"",""relocate(plate,table)""],""plan_length"":5}","[""fetch"",""relocate""]","[""state_change"",""fetch"",""fetch"",""relocate""]",False,0.6666666666666666,False,1.0,4,3,0.75,False,False,False,False,unchanged_failure
ood,127,"{""object_count"":1,""ordered_units"":[""fetch(bowl)"",""relocate(bowl,table)""],""plan_length"":5}","[""fetch"",""relocate""]","[""fetch"",""fetch""]",False,0.5,False,0.5,2,1,0.5,False,False,False,False,unchanged_failure
ood,128,"{""object_count"":1,""ordered_units"":[""fetch(plate)"",""relocate(plate,table)""],""plan_length"":5}","[""fetch"",""relocate""]","[""state_change"",""fetch"",""relocate"",""fetch"",""relocate""]",False,0.5714285714285714,False,1.0,5,3,0.6,False,False,False,False,unchanged_failure
ood,129,"{""object_count"":1,""ordered_units"":[""fetch(plate)"",""relocate(plate,table)""],""plan_length"":5}","[""fetch"",""relocate""]","[""fetch""]",False,0.6666666666666666,False,0.5,1,1,1.0,True,False,False,False,unchanged_failure
ood,130,"{""object_count"":2,""ordered_units"":[""fetch(bowl)"",""fetch(plate)"",""relocate(bowl,table)"",""relocate(plate,table)"",""multi_object_sequence(2)""],""plan_length"":8}","[""fetch"",""fetch"",""relocate"",""relocate""]","[""fetch""]",False,0.4,False,0.25,1,1,1.0,True,False,False,False,unchanged_failure
ood,131,"{""object_count"":1,""ordered_units"":[""fetch(plate)"",""relocate(plate,table)""],""plan_length"":5}","[""fetch"",""relocate""]","[""fetch"",""relocate""]",True,1.0,True,1.0,2,0,0.0,False,False,False,False,unchanged_failure
ood,132,"{""object_count"":2,""ordered_units"":[""fetch(bowl)"",""fetch(plate)"",""relocate(bowl,table)"",""relocate(plate,table)"",""multi_object_sequence(2)""],""plan_length"":8}","[""fetch"",""fetch"",""relocate"",""relocate""]","[""fetch""]",False,0.4,False,0.25,1,1,1.0,True,False,False,False,unchanged_failure
ood,133,"{""object_count"":1,""ordered_units"":[""fetch(bowl)"",""relocate(bowl,table)""],""plan_length"":5}","[""fetch"",""relocate""]","[""state_change"",""fetch"",""relocate""]",False,0.8,False,1.0,3,3,1.0,True,False,False,False,unchanged_failure
ood,134,"{""object_count"":1,""ordered_units"":[""fetch(plate)"",""relocate(plate,table)""],""plan_length"":5}","[""fetch"",""relocate""]","[""relocate""]",False,0.6666666666666666,False,0.5,1,1,1.0,True,False,False,False,unchanged_failure
ood,135,"{""object_count"":2,""ordered_units"":[""fetch(bowl)"",""fetch(plate)"",""relocate(bowl,table)"",""relocate(plate,table)"",""multi_object_sequence(2)""],""plan_length"":8}","[""fetch"",""fetch"",""relocate"",""relocate""]","[""fetch""]",False,0.4,False,0.25,1,1,1.0,True,False,False,False,unchanged_failure
ood,136,"{""object_count"":1,""ordered_units"":[""fetch(plate)"",""relocate(plate,table)""],""plan_length"":5}","[""fetch"",""relocate""]","[""state_change""]",False,0.0,False,0.0,1,1,1.0,True,False,True,False,regression
ood,137,"{""object_count"":2,""ordered_units"":[""fetch(bowl)"",""fetch(plate)"",""relocate(bowl,table)"",""relocate(plate,table)"",""multi_object_sequence(2)""],""plan_length"":8}","[""fetch"",""fetch"",""relocate"",""relocate""]","[""state_change"",""state_change"",""relocate"",""relocate""]",False,0.5,False,0.5,4,1,0.25,False,False,False,False,unchanged_failure
ood,138,"{""object_count"":1,""ordered_units"":[""fetch(plate)"",""relocate(plate,table)""],""plan_length"":5}","[""fetch"",""relocate""]","[""state_change"",""state_change"",""state_change"",""relocate"",""relocate""]",False,0.2857142857142857,False,0.5,5,3,0.6,False,False,False,False,unchanged_failure
ood,139,"{""object_count"":1,""ordered_units"":[""fetch(plate)"",""relocate(plate,table)""],""plan_length"":5}","[""fetch"",""relocate""]","[""state_change"",""state_change"",""state_change"",""relocate"",""relocate""]",False,0.2857142857142857,False,0.5,5,3,0.6,False,False,False,False,unchanged_failure
ood,140,"{""object_count"":1,""ordered_units"":[""fetch(plate)"",""relocate(plate,table)""],""plan_length"":5}","[""fetch"",""relocate""]","[""relocate""]",False,0.6666666666666666,False,0.5,1,1,1.0,True,False,False,False,unchanged_failure
ood,141,"{""object_count"":2,""ordered_units"":[""fetch(bowl)"",""fetch(plate)"",""relocate(bowl,table)"",""relocate(plate,table)"",""multi_object_sequence(2)""],""plan_length"":8}","[""fetch"",""fetch"",""relocate"",""relocate""]","[""state_change""]",False,0.0,False,0.0,1,1,1.0,True,False,False,False,unchanged_failure
ood,142,"{""object_count"":1,""ordered_units"":[""fetch(bowl)"",""relocate(bowl,table)""],""plan_length"":5}","[""fetch"",""relocate""]","[""fetch"",""fetch"",""relocate"",""relocate""]",False,0.6666666666666666,False,1.0,4,2,0.5,False,False,False,False,unchanged_failure
ood,143,"{""object_count"":2,""ordered_units"":[""fetch(bowl)"",""fetch(plate)"",""relocate(bowl,table)"",""relocate(plate,table)"",""multi_object_sequence(2)""],""plan_length"":8}","[""fetch"",""fetch"",""relocate"",""relocate""]","[""state_change"",""fetch"",""relocate"",""fetch"",""relocate""]",False,0.8888888888888888,False,0.75,5,3,0.6,False,False,False,False,unchanged_failure
ood,144,"{""object_count"":1,""ordered_units"":[""fetch(plate)"",""relocate(plate,table)""],""plan_length"":5}","[""fetch"",""relocate""]","[""state_change"",""state_change"",""relocate"",""relocate""]",False,0.3333333333333333,False,0.5,4,0,0.0,False,False,False,False,unchanged_failure
ood,145,"{""object_count"":2,""ordered_units"":[""fetch(bowl)"",""fetch(plate)"",""relocate(bowl,table)"",""relocate(plate,table)"",""multi_object_sequence(2)""],""plan_length"":8}","[""fetch"",""fetch"",""relocate"",""relocate""]","[""fetch""]",False,0.4,False,0.25,1,0,0.0,False,False,False,False,unchanged_failure
ood,146,"{""object_count"":2,""ordered_units"":[""fetch(bowl)"",""fetch(plate)"",""relocate(bowl,table)"",""relocate(plate,table)"",""multi_object_sequence(2)""],""plan_length"":8}","[""fetch"",""fetch"",""relocate"",""relocate""]","[""state_change""]",False,0.0,False,0.0,1,1,1.0,True,False,False,False,unchanged_failure
ood,147,"{""object_count"":2,""ordered_units"":[""fetch(bowl)"",""fetch(plate)"",""relocate(bowl,table)"",""relocate(plate,table)"",""multi_object_sequence(2)""],""plan_length"":8}","[""fetch"",""fetch"",""relocate"",""relocate""]","[""state_change"",""fetch"",""relocate"",""fetch"",""relocate""]",False,0.8888888888888888,False,0.75,5,3,0.6,False,False,False,False,unchanged_failure
ood,148,"{""object_count"":1,""ordered_units"":[""fetch(plate)"",""relocate(plate,table)""],""plan_length"":5}","[""fetch"",""relocate""]","[""state_change"",""fetch"",""fetch"",""relocate""]",False,0.6666666666666666,False,1.0,4,3,0.75,False,False,False,False,unchanged_failure
ood,149,"{""object_count"":1,""ordered_units"":[""fetch(bowl)"",""relocate(bowl,table)""],""plan_length"":5}","[""fetch"",""relocate""]","[""fetch"",""fetch"",""relocate""]",False,0.8,False,1.0,3,2,0.6666666666666666,False,False,False,False,unchanged_failure
ood,150,"{""object_count"":2,""ordered_units"":[""fetch(bowl)"",""fetch(plate)"",""relocate(bowl,table)"",""relocate(plate,table)"",""multi_object_sequence(2)""],""plan_length"":8}","[""fetch"",""fetch"",""relocate"",""relocate""]","[""state_change""]",False,0.0,False,0.0,1,1,1.0,True,False,False,False,unchanged_failure
ood,151,"{""object_count"":1,""ordered_units"":[""fetch(plate)"",""relocate(plate,table)""],""plan_length"":5}","[""fetch"",""relocate""]","[""fetch""]",False,0.6666666666666666,False,0.5,1,1,1.0,True,False,False,False,unchanged_failure
ood,152,"{""object_count"":1,""ordered_units"":[""fetch(bowl)"",""relocate(bowl,table)""],""plan_length"":5}","[""fetch"",""relocate""]","[""state_change"",""fetch"",""fetch"",""relocate""]",False,0.6666666666666666,False,1.0,4,3,0.75,False,False,False,False,unchanged_failure
ood,153,"{""object_count"":1,""ordered_units"":[""fetch(plate)"",""relocate(plate,table)""],""plan_length"":5}","[""fetch"",""relocate""]","[""fetch""]",False,0.6666666666666666,False,0.5,1,1,1.0,True,False,False,False,unchanged_failure
ood,154,"{""object_count"":2,""ordered_units"":[""fetch(bowl)"",""fetch(plate)"",""relocate(bowl,table)"",""relocate(plate,table)"",""multi_object_sequence(2)""],""plan_length"":8}","[""fetch"",""fetch"",""relocate"",""relocate""]","[""fetch"",""fetch"",""relocate""]",False,0.8571428571428571,False,0.75,3,1,0.3333333333333333,False,False,False,False,unchanged_failure
ood,155,"{""object_count"":1,""ordered_units"":[""fetch(bowl)"",""relocate(bowl,table)""],""plan_length"":5}","[""fetch"",""relocate""]","[""fetch"",""fetch"",""relocate""]",False,0.8,False,1.0,3,2,0.6666666666666666,False,False,False,False,unchanged_failure
ood,156,"{""object_count"":2,""ordered_units"":[""fetch(bowl)"",""fetch(plate)"",""relocate(bowl,table)"",""relocate(plate,table)"",""multi_object_sequence(2)""],""plan_length"":8}","[""fetch"",""fetch"",""relocate"",""relocate""]","[""state_change""]",False,0.0,False,0.0,1,1,1.0,True,False,False,False,unchanged_failure
ood,157,"{""object_count"":1,""ordered_units"":[""fetch(bowl)"",""relocate(bowl,table)""],""plan_length"":5}","[""fetch"",""relocate""]","[""state_change"",""fetch"",""relocate""]",False,0.8,False,1.0,3,3,1.0,True,False,False,False,unchanged_failure
ood,158,"{""object_count"":1,""ordered_units"":[""fetch(plate)"",""relocate(plate,table)""],""plan_length"":5}","[""fetch"",""relocate""]","[""state_change"",""fetch"",""relocate"",""fetch"",""relocate""]",False,0.5714285714285714,False,1.0,5,3,0.6,False,False,False,True,fix
ood,159,"{""object_count"":1,""ordered_units"":[""fetch(plate)"",""relocate(plate,table)""],""plan_length"":5}","[""fetch"",""relocate""]","[""state_change"",""fetch"",""relocate"",""fetch"",""relocate""]",False,0.5714285714285714,False,1.0,5,3,0.6,False,False,False,False,unchanged_failure
ood,160,"{""object_count"":1,""ordered_units"":[""fetch(bowl)"",""relocate(bowl,table)""],""plan_length"":5}","[""fetch"",""relocate""]","[""fetch"",""fetch"",""relocate""]",False,0.8,False,1.0,3,2,0.6666666666666666,False,False,False,False,unchanged_failure
ood,161,"{""object_count"":1,""ordered_units"":[""fetch(plate)"",""relocate(plate,table)""],""plan_length"":5}","[""fetch"",""relocate""]","[""state_change"",""fetch"",""fetch"",""relocate""]",False,0.6666666666666666,False,1.0,4,3,0.75,False,False,True,False,regression
ood,162,"{""object_count"":1,""ordered_units"":[""fetch(plate)"",""relocate(plate,table)""],""plan_length"":5}","[""fetch"",""relocate""]","[""state_change"",""fetch"",""relocate"",""fetch"",""relocate""]",False,0.5714285714285714,False,1.0,5,3,0.6,False,False,False,False,unchanged_failure
ood,163,"{""object_count"":2,""ordered_units"":[""fetch(bowl)"",""fetch(plate)"",""relocate(bowl,table)"",""relocate(plate,table)"",""multi_object_sequence(2)""],""plan_length"":8}","[""fetch"",""fetch"",""relocate"",""relocate""]","[""state_change""]",False,0.0,False,0.0,1,1,1.0,True,False,False,False,unchanged_failure
ood,164,"{""object_count"":1,""ordered_units"":[""fetch(plate)"",""relocate(plate,table)""],""plan_length"":5}","[""fetch"",""relocate""]","[""state_change"",""fetch"",""relocate"",""fetch"",""relocate""]",False,0.5714285714285714,False,1.0,5,3,0.6,False,False,False,False,unchanged_failure
ood,165,"{""object_count"":2,""ordered_units"":[""fetch(bowl)"",""fetch(plate)"",""relocate(bowl,table)"",""relocate(plate,table)"",""multi_object_sequence(2)""],""plan_length"":8}","[""fetch"",""fetch"",""relocate"",""relocate""]","[""fetch""]",False,0.4,False,0.25,1,0,0.0,False,False,False,False,unchanged_failure
ood,166,"{""object_count"":1,""ordered_units"":[""fetch(plate)"",""relocate(plate,table)""],""plan_length"":5}","[""fetch"",""relocate""]","[""state_change"",""state_change"",""fetch"",""relocate""]",False,0.6666666666666666,False,1.0,4,1,0.25,False,False,False,False,unchanged_failure
ood,167,"{""object_count"":2,""ordered_units"":[""fetch(bowl)"",""fetch(plate)"",""relocate(bowl,table)"",""relocate(plate,table)"",""multi_object_sequence(2)""],""plan_length"":8}","[""fetch"",""fetch"",""relocate"",""relocate""]","[""state_change""]",False,0.0,False,0.0,1,1,1.0,True,False,False,False,unchanged_failure
ood,168,"{""object_count"":1,""ordered_units"":[""fetch(plate)"",""relocate(plate,table)""],""plan_length"":5}","[""fetch"",""relocate""]","[""state_change"",""fetch"",""relocate"",""fetch"",""relocate""]",False,0.5714285714285714,False,1.0,5,3,0.6,False,False,False,False,unchanged_failure
ood,169,"{""object_count"":1,""ordered_units"":[""fetch(bowl)"",""relocate(bowl,table)""],""plan_length"":5}","[""fetch"",""relocate""]","[""state_change""]",False,0.0,False,0.0,1,1,1.0,True,False,False,False,unchanged_failure
ood,170,"{""object_count"":2,""ordered_units"":[""fetch(bowl)"",""fetch(plate)"",""relocate(bowl,table)"",""relocate(plate,table)"",""multi_object_sequence(2)""],""plan_length"":8}","[""fetch"",""fetch"",""relocate"",""relocate""]","[""state_change""]",False,0.0,False,0.0,1,1,1.0,True,False,False,False,unchanged_failure
ood,171,"{""object_count"":2,""ordered_units"":[""fetch(bowl)"",""fetch(plate)"",""relocate(bowl,table)"",""relocate(plate,table)"",""multi_object_sequence(2)""],""plan_length"":8}","[""fetch"",""fetch"",""relocate"",""relocate""]","[""fetch"",""fetch"",""relocate"",""relocate""]",True,1.0,True,1.0,4,2,0.5,False,False,False,False,unchanged_failure
ood,172,"{""object_count"":1,""ordered_units"":[""fetch(plate)"",""relocate(plate,table)""],""plan_length"":5}","[""fetch"",""relocate""]","[""state_change"",""state_change"",""state_change"",""relocate"",""relocate""]",False,0.2857142857142857,False,0.5,5,3,0.6,False,False,False,False,unchanged_failure
ood,173,"{""object_count"":1,""ordered_units"":[""fetch(plate)"",""relocate(plate,table)""],""plan_length"":5}","[""fetch"",""relocate""]","[""state_change""]",False,0.0,False,0.0,1,1,1.0,True,False,False,False,unchanged_failure
ood,174,"{""object_count"":2,""ordered_units"":[""fetch(bowl)"",""fetch(plate)"",""relocate(bowl,table)"",""relocate(plate,table)"",""multi_object_sequence(2)""],""plan_length"":8}","[""fetch"",""fetch"",""relocate"",""relocate""]","[""state_change"",""state_change"",""relocate"",""relocate""]",False,0.5,False,0.5,4,1,0.25,False,False,False,False,unchanged_failure
ood,175,"{""object_count"":1,""ordered_units"":[""fetch(bowl)"",""relocate(bowl,table)""],""plan_length"":5}","[""fetch"",""relocate""]","[""fetch""]",False,0.6666666666666666,False,0.5,1,1,1.0,True,False,False,False,unchanged_failure
ood,176,"{""object_count"":2,""ordered_units"":[""fetch(bowl)"",""fetch(plate)"",""relocate(bowl,table)"",""relocate(plate,table)"",""multi_object_sequence(2)""],""plan_length"":8}","[""fetch"",""fetch"",""relocate"",""relocate""]","[""state_change"",""fetch"",""relocate"",""fetch"",""relocate""]",False,0.8888888888888888,False,0.75,5,3,0.6,False,False,False,False,unchanged_failure
ood,177,"{""object_count"":1,""ordered_units"":[""fetch(plate)"",""relocate(plate,table)""],""plan_length"":5}","[""fetch"",""relocate""]","[""state_change"",""fetch"",""relocate"",""fetch"",""relocate""]",False,0.5714285714285714,False,1.0,5,3,0.6,False,False,False,False,unchanged_failure
ood,178,"{""object_count"":1,""ordered_units"":[""fetch(bowl)"",""relocate(bowl,table)""],""plan_length"":5}","[""fetch"",""relocate""]","[""fetch"",""fetch"",""relocate""]",False,0.8,False,1.0,3,2,0.6666666666666666,False,False,False,False,unchanged_failure
ood,179,"{""object_count"":1,""ordered_units"":[""fetch(bowl)"",""relocate(bowl,table)""],""plan_length"":5}","[""fetch"",""relocate""]","[""state_change"",""state_change"",""relocate"",""relocate""]",False,0.3333333333333333,False,0.5,4,2,0.5,False,False,False,False,unchanged_failure
ood,180,"{""object_count"":1,""ordered_units"":[""fetch(bowl)"",""relocate(bowl,table)""],""plan_length"":5}","[""fetch"",""relocate""]","[""state_change"",""state_change"",""relocate"",""relocate""]",False,0.3333333333333333,False,0.5,4,2,0.5,False,False,False,False,unchanged_failure
ood,181,"{""object_count"":2,""ordered_units"":[""fetch(bowl)"",""fetch(plate)"",""relocate(bowl,table)"",""relocate(plate,table)"",""multi_object_sequence(2)""],""plan_length"":8}","[""fetch"",""fetch"",""relocate"",""relocate""]","[""fetch""]",False,0.4,False,0.25,1,1,1.0,True,False,False,False,unchanged_failure
ood,182,"{""object_count"":1,""ordered_units"":[""fetch(plate)"",""relocate(plate,table)""],""plan_length"":5}","[""fetch"",""relocate""]","[""state_change"",""fetch"",""relocate"",""fetch"",""relocate""]",False,0.5714285714285714,False,1.0,5,3,0.6,False,False,False,False,unchanged_failure
ood,183,"{""object_count"":1,""ordered_units"":[""fetch(bowl)"",""relocate(bowl,table)""],""plan_length"":5}","[""fetch"",""relocate""]","[""fetch"",""fetch""]",False,0.5,False,0.5,2,2,1.0,True,False,False,False,unchanged_failure
ood,184,"{""object_count"":2,""ordered_units"":[""fetch(bowl)"",""fetch(plate)"",""relocate(bowl,table)"",""relocate(plate,table)"",""multi_object_sequence(2)""],""plan_length"":8}","[""fetch"",""fetch"",""relocate"",""relocate""]","[""fetch"",""fetch"",""relocate"",""relocate""]",True,1.0,True,1.0,4,2,0.5,False,False,False,False,unchanged_failure
ood,185,"{""object_count"":2,""ordered_units"":[""fetch(bowl)"",""fetch(plate)"",""relocate(bowl,table)"",""relocate(plate,table)"",""multi_object_sequence(2)""],""plan_length"":8}","[""fetch"",""fetch"",""relocate"",""relocate""]","[""state_change"",""fetch"",""relocate"",""fetch"",""relocate""]",False,0.8888888888888888,False,0.75,5,3,0.6,False,False,False,False,unchanged_failure
ood,186,"{""object_count"":1,""ordered_units"":[""fetch(bowl)"",""relocate(bowl,table)""],""plan_length"":5}","[""fetch"",""relocate""]","[""state_change"",""state_change"",""relocate"",""relocate""]",False,0.3333333333333333,False,0.5,4,2,0.5,False,False,False,False,unchanged_failure
ood,187,"{""object_count"":1,""ordered_units"":[""fetch(plate)"",""relocate(plate,table)""],""plan_length"":5}","[""fetch"",""relocate""]","[""state_change"",""state_change"",""fetch"",""relocate""]",False,0.6666666666666666,False,1.0,4,1,0.25,False,False,False,False,unchanged_failure
ood,188,"{""object_count"":2,""ordered_units"":[""fetch(bowl)"",""fetch(plate)"",""relocate(bowl,table)"",""relocate(plate,table)"",""multi_object_sequence(2)""],""plan_length"":8}","[""fetch"",""fetch"",""relocate"",""relocate""]","[""state_change"",""fetch"",""relocate"",""fetch"",""relocate""]",False,0.8888888888888888,False,0.75,5,3,0.6,False,False,False,False,unchanged_failure
ood,189,"{""object_count"":1,""ordered_units"":[""fetch(bowl)"",""relocate(bowl,table)""],""plan_length"":5}","[""fetch"",""relocate""]","[""state_change"",""state_change"",""relocate"",""relocate""]",False,0.3333333333333333,False,0.5,4,2,0.5,False,False,False,False,unchanged_failure
ood,190,"{""object_count"":2,""ordered_units"":[""fetch(bowl)"",""fetch(plate)"",""relocate(bowl,table)"",""relocate(plate,table)"",""multi_object_sequence(2)""],""plan_length"":8}","[""fetch"",""fetch"",""relocate"",""relocate""]","[""state_change"",""fetch"",""relocate"",""fetch"",""relocate""]",False,0.8888888888888888,False,0.75,5,3,0.6,False,False,False,False,unchanged_failure
ood,191,"{""object_count"":2,""ordered_units"":[""fetch(bowl)"",""fetch(plate)"",""relocate(bowl,table)"",""relocate(plate,table)"",""multi_object_sequence(2)""],""plan_length"":8}","[""fetch"",""fetch"",""relocate"",""relocate""]","[""fetch""]",False,0.4,False,0.25,1,1,1.0,True,False,False,False,unchanged_failure
ood,192,"{""object_count"":1,""ordered_units"":[""fetch(bowl)"",""relocate(bowl,table)""],""plan_length"":5}","[""fetch"",""relocate""]","[""state_change"",""state_change"",""relocate"",""relocate""]",False,0.3333333333333333,False,0.5,4,2,0.5,False,False,False,False,unchanged_failure
ood,193,"{""object_count"":2,""ordered_units"":[""fetch(bowl)"",""fetch(plate)"",""relocate(bowl,table)"",""relocate(plate,table)"",""multi_object_sequence(2)""],""plan_length"":8}","[""fetch"",""fetch"",""relocate"",""relocate""]","[""state_change"",""fetch"",""relocate"",""fetch"",""relocate""]",False,0.8888888888888888,False,0.75,5,3,0.6,False,False,False,False,unchanged_failure
ood,194,"{""object_count"":1,""ordered_units"":[""fetch(plate)"",""relocate(plate,table)""],""plan_length"":5}","[""fetch"",""relocate""]","[""state_change"",""state_change"",""relocate"",""relocate""]",False,0.3333333333333333,False,0.5,4,0,0.0,False,False,False,False,unchanged_failure
ood,195,"{""object_count"":1,""ordered_units"":[""fetch(plate)"",""relocate(plate,table)""],""plan_length"":5}","[""fetch"",""relocate""]","[""state_change"",""fetch"",""fetch"",""relocate""]",False,0.6666666666666666,False,1.0,4,3,0.75,False,False,False,False,unchanged_failure
ood,196,"{""object_count"":1,""ordered_units"":[""fetch(plate)"",""relocate(plate,table)""],""plan_length"":5}","[""fetch"",""relocate""]","[""state_change""]",False,0.0,False,0.0,1,1,1.0,True,False,False,False,unchanged_failure
ood,197,"{""object_count"":1,""ordered_units"":[""fetch(bowl)"",""relocate(bowl,table)""],""plan_length"":5}","[""fetch"",""relocate""]","[""state_change"",""state_change"",""relocate"",""relocate""]",False,0.3333333333333333,False,0.5,4,2,0.5,False,False,False,False,unchanged_failure
ood,198,"{""object_count"":1,""ordered_units"":[""fetch(plate)"",""relocate(plate,table)""],""plan_length"":5}","[""fetch"",""relocate""]","[""state_change"",""state_change"",""state_change"",""relocate"",""relocate""]",False,0.2857142857142857,False,0.5,5,3,0.6,False,False,False,False,unchanged_failure
ood,199,"{""object_count"":2,""ordered_units"":[""fetch(bowl)"",""fetch(plate)"",""relocate(bowl,table)"",""relocate(plate,table)"",""multi_object_sequence(2)""],""plan_length"":8}","[""fetch"",""fetch"",""relocate"",""relocate""]","[""state_change"",""fetch"",""fetch"",""relocate""]",False,0.75,False,0.75,4,3,0.75,False,False,False,False,unchanged_failure
ood,200,"{""object_count"":2,""ordered_units"":[""fetch(bowl)"",""fetch(plate)"",""relocate(bowl,table)"",""relocate(plate,table)"",""multi_object_sequence(2)""],""plan_length"":8}","[""fetch"",""fetch"",""relocate"",""relocate""]","[""state_change""]",False,0.0,False,0.0,1,1,1.0,True,False,False,False,unchanged_failure
ood,201,"{""object_count"":1,""ordered_units"":[""fetch(bowl)"",""relocate(bowl,table)""],""plan_length"":5}","[""fetch"",""relocate""]","[""fetch"",""fetch""]",False,0.5,False,0.5,2,2,1.0,True,False,False,False,unchanged_failure
ood,202,"{""object_count"":2,""ordered_units"":[""fetch(bowl)"",""fetch(plate)"",""relocate(bowl,table)"",""relocate(plate,table)"",""multi_object_sequence(2)""],""plan_length"":8}","[""fetch"",""fetch"",""relocate"",""relocate""]","[""state_change""]",False,0.0,False,0.0,1,1,1.0,True,False,False,False,unchanged_failure
ood,203,"{""object_count"":1,""ordered_units"":[""fetch(bowl)"",""relocate(bowl,table)""],""plan_length"":5}","[""fetch"",""relocate""]","[""state_change"",""fetch"",""fetch"",""relocate""]",False,0.6666666666666666,False,1.0,4,3,0.75,False,False,False,False,unchanged_failure
ood,204,"{""object_count"":1,""ordered_units"":[""fetch(plate)"",""relocate(plate,table)""],""plan_length"":5}","[""fetch"",""relocate""]","[""relocate""]",False,0.6666666666666666,False,0.5,1,1,1.0,True,False,False,False,unchanged_failure
ood,205,"{""object_count"":1,""ordered_units"":[""fetch(bowl)"",""relocate(bowl,table)""],""plan_length"":5}","[""fetch"",""relocate""]","[""fetch""]",False,0.6666666666666666,False,0.5,1,1,1.0,True,False,False,False,unchanged_failure
ood,206,"{""object_count"":2,""ordered_units"":[""fetch(bowl)"",""fetch(plate)"",""relocate(bowl,table)"",""relocate(plate,table)"",""multi_object_sequence(2)""],""plan_length"":8}","[""fetch"",""fetch"",""relocate"",""relocate""]","[""state_change"",""fetch"",""relocate"",""fetch"",""relocate""]",False,0.8888888888888888,False,0.75,5,3,0.6,False,False,False,False,unchanged_failure
ood,207,"{""object_count"":1,""ordered_units"":[""fetch(bowl)"",""relocate(bowl,table)""],""plan_length"":5}","[""fetch"",""relocate""]","[""state_change""]",False,0.0,False,0.0,1,1,1.0,True,False,False,False,unchanged_failure
ood,208,"{""object_count"":1,""ordered_units"":[""fetch(bowl)"",""relocate(bowl,table)""],""plan_length"":5}","[""fetch"",""relocate""]","[""state_change"",""state_change"",""relocate"",""relocate""]",False,0.3333333333333333,False,0.5,4,2,0.5,False,False,False,False,unchanged_failure
ood,209,"{""object_count"":2,""ordered_units"":[""fetch(bowl)"",""fetch(plate)"",""relocate(bowl,table)"",""relocate(plate,table)"",""multi_object_sequence(2)""],""plan_length"":8}","[""fetch"",""fetch"",""relocate"",""relocate""]","[""state_change"",""state_change"",""state_change"",""relocate"",""relocate""]",False,0.4444444444444444,False,0.5,5,3,0.6,False,False,False,False,unchanged_failure
ood,210,"{""object_count"":1,""ordered_units"":[""fetch(bowl)"",""relocate(bowl,table)""],""plan_length"":5}","[""fetch"",""relocate""]","[""state_change""]",False,0.0,False,0.0,1,1,1.0,True,False,False,True,fix
ood,211,"{""object_count"":2,""ordered_units"":[""fetch(bowl)"",""fetch(plate)"",""relocate(bowl,table)"",""relocate(plate,table)"",""multi_object_sequence(2)""],""plan_length"":8}","[""fetch"",""fetch"",""relocate"",""relocate""]","[""fetch""]",False,0.4,False,0.25,1,1,1.0,True,False,False,False,unchanged_failure
ood,212,"{""object_count"":2,""ordered_units"":[""fetch(bowl)"",""fetch(plate)"",""relocate(bowl,table)"",""relocate(plate,table)"",""multi_object_sequence(2)""],""plan_length"":8}","[""fetch"",""fetch"",""relocate"",""relocate""]","[""state_change"",""state_change"",""relocate"",""relocate""]",False,0.5,False,0.5,4,1,0.25,False,False,False,False,unchanged_failure
ood,213,"{""object_count"":1,""ordered_units"":[""fetch(plate)"",""relocate(plate,table)""],""plan_length"":5}","[""fetch"",""relocate""]","[""state_change"",""state_change"",""fetch"",""relocate""]",False,0.6666666666666666,False,1.0,4,1,0.25,False,False,False,False,unchanged_failure
ood,214,"{""object_count"":1,""ordered_units"":[""fetch(bowl)"",""relocate(bowl,table)""],""plan_length"":5}","[""fetch"",""relocate""]","[""state_change""]",False,0.0,False,0.0,1,1,1.0,True,False,False,False,unchanged_failure
ood,215,"{""object_count"":1,""ordered_units"":[""fetch(bowl)"",""relocate(bowl,table)""],""plan_length"":5}","[""fetch"",""relocate""]","[""state_change""]",False,0.0,False,0.0,1,1,1.0,True,False,False,False,unchanged_failure
ood,216,"{""object_count"":2,""ordered_units"":[""fetch(bowl)"",""fetch(plate)"",""relocate(bowl,table)"",""relocate(plate,table)"",""multi_object_sequence(2)""],""plan_length"":8}","[""fetch"",""fetch"",""relocate"",""relocate""]","[""state_change""]",False,0.0,False,0.0,1,1,1.0,True,False,False,False,unchanged_failure
ood,217,"{""object_count"":1,""ordered_units"":[""fetch(bowl)"",""relocate(bowl,table)""],""plan_length"":5}","[""fetch"",""relocate""]","[""fetch"",""fetch"",""relocate""]",False,0.8,False,1.0,3,2,0.6666666666666666,False,False,False,False,unchanged_failure
ood,218,"{""object_count"":1,""ordered_units"":[""fetch(plate)"",""relocate(plate,table)""],""plan_length"":5}","[""fetch"",""relocate""]","[""fetch""]",False,0.6666666666666666,False,0.5,1,1,1.0,True,False,False,False,unchanged_failure
ood,219,"{""object_count"":1,""ordered_units"":[""fetch(plate)"",""relocate(plate,table)""],""plan_length"":5}","[""fetch"",""relocate""]","[""fetch""]",False,0.6666666666666666,False,0.5,1,1,1.0,True,False,False,False,unchanged_failure
ood,220,"{""object_count"":1,""ordered_units"":[""fetch(bowl)"",""relocate(bowl,table)""],""plan_length"":5}","[""fetch"",""relocate""]","[""state_change"",""state_change"",""relocate"",""relocate""]",False,0.3333333333333333,False,0.5,4,2,0.5,False,False,False,False,unchanged_failure
ood,221,"{""object_count"":1,""ordered_units"":[""fetch(plate)"",""relocate(plate,table)""],""plan_length"":5}","[""fetch"",""relocate""]","[""state_change"",""state_change"",""fetch"",""relocate""]",False,0.6666666666666666,False,1.0,4,1,0.25,False,False,False,False,unchanged_failure
ood,222,"{""object_count"":1,""ordered_units"":[""fetch(plate)"",""relocate(plate,table)""],""plan_length"":5}","[""fetch"",""relocate""]","[""state_change"",""fetch"",""fetch"",""relocate""]",False,0.6666666666666666,False,1.0,4,3,0.75,False,False,False,False,unchanged_failure
ood,223,"{""object_count"":1,""ordered_units"":[""fetch(bowl)"",""relocate(bowl,table)""],""plan_length"":5}","[""fetch"",""relocate""]","[""state_change"",""fetch"",""fetch"",""relocate""]",False,0.6666666666666666,False,1.0,4,3,0.75,False,False,False,False,unchanged_failure
ood,224,"{""object_count"":1,""ordered_units"":[""fetch(bowl)"",""relocate(bowl,table)""],""plan_length"":5}","[""fetch"",""relocate""]","[""state_change"",""fetch"",""relocate""]",False,0.8,False,1.0,3,3,1.0,True,False,False,False,unchanged_failure
ood,225,"{""object_count"":2,""ordered_units"":[""fetch(bowl)"",""fetch(plate)"",""relocate(bowl,table)"",""relocate(plate,table)"",""multi_object_sequence(2)""],""plan_length"":8}","[""fetch"",""fetch"",""relocate"",""relocate""]","[""state_change"",""state_change"",""relocate"",""relocate""]",False,0.5,False,0.5,4,1,0.25,False,False,False,False,unchanged_failure
ood,226,"{""object_count"":1,""ordered_units"":[""fetch(bowl)"",""relocate(bowl,table)""],""plan_length"":5}","[""fetch"",""relocate""]","[""fetch"",""fetch"",""relocate""]",False,0.8,False,1.0,3,2,0.6666666666666666,False,False,False,False,unchanged_failure
ood,227,"{""object_count"":2,""ordered_units"":[""fetch(bowl)"",""fetch(plate)"",""relocate(bowl,table)"",""relocate(plate,table)"",""multi_object_sequence(2)""],""plan_length"":8}","[""fetch"",""fetch"",""relocate"",""relocate""]","[""state_change"",""state_change"",""state_change"",""fetch"",""fetch"",""relocate"",""relocate""]",False,0.7272727272727273,False,1.0,7,3,0.42857142857142855,False,False,False,False,unchanged_failure
ood,228,"{""object_count"":1,""ordered_units"":[""fetch(plate)"",""relocate(plate,table)""],""plan_length"":5}","[""fetch"",""relocate""]","[""state_change""]",False,0.0,False,0.0,1,1,1.0,True,False,False,False,unchanged_failure
ood,229,"{""object_count"":1,""ordered_units"":[""fetch(bowl)"",""relocate(bowl,table)""],""plan_length"":5}","[""fetch"",""relocate""]","[""fetch""]",False,0.6666666666666666,False,0.5,1,1,1.0,True,False,False,False,unchanged_failure
ood,230,"{""object_count"":1,""ordered_units"":[""fetch(bowl)"",""relocate(bowl,table)""],""plan_length"":5}","[""fetch"",""relocate""]","[""state_change"",""fetch"",""relocate""]",False,0.8,False,1.0,3,3,1.0,True,False,False,False,unchanged_failure
ood,231,"{""object_count"":1,""ordered_units"":[""fetch(plate)"",""relocate(plate,table)""],""plan_length"":5}","[""fetch"",""relocate""]","[""fetch"",""relocate""]",True,1.0,True,1.0,2,0,0.0,False,False,False,False,unchanged_failure
ood,232,"{""object_count"":1,""ordered_units"":[""fetch(bowl)"",""relocate(bowl,table)""],""plan_length"":5}","[""fetch"",""relocate""]","[""state_change"",""fetch"",""relocate""]",False,0.8,False,1.0,3,3,1.0,True,False,False,False,unchanged_failure
ood,233,"{""object_count"":1,""ordered_units"":[""fetch(bowl)"",""relocate(bowl,table)""],""plan_length"":5}","[""fetch"",""relocate""]","[""fetch""]",False,0.6666666666666666,False,0.5,1,1,1.0,True,False,False,False,unchanged_failure
ood,234,"{""object_count"":1,""ordered_units"":[""fetch(plate)"",""relocate(plate,table)""],""plan_length"":5}","[""fetch"",""relocate""]","[""state_change""]",False,0.0,False,0.0,1,1,1.0,True,False,False,False,unchanged_failure
ood,235,"{""object_count"":1,""ordered_units"":[""fetch(plate)"",""relocate(plate,table)""],""plan_length"":5}","[""fetch"",""relocate""]","[""fetch""]",False,0.6666666666666666,False,0.5,1,1,1.0,True,False,False,False,unchanged_failure
ood,236,"{""object_count"":1,""ordered_units"":[""fetch(bowl)"",""relocate(bowl,table)""],""plan_length"":5}","[""fetch"",""relocate""]","[""state_change"",""state_change"",""relocate"",""relocate""]",False,0.3333333333333333,False,0.5,4,2,0.5,False,False,False,False,unchanged_failure
ood,237,"{""object_count"":1,""ordered_units"":[""fetch(plate)"",""relocate(plate,table)""],""plan_length"":5}","[""fetch"",""relocate""]","[""state_change"",""state_change"",""state_change"",""relocate"",""relocate""]",False,0.2857142857142857,False,0.5,5,3,0.6,False,False,False,False,unchanged_failure
ood,238,"{""object_count"":1,""ordered_units"":[""fetch(bowl)"",""relocate(bowl,table)""],""plan_length"":5}","[""fetch"",""relocate""]","[""fetch"",""fetch""]",False,0.5,False,0.5,2,1,0.5,False,False,False,False,unchanged_failure
ood,239,"{""object_count"":1,""ordered_units"":[""fetch(plate)"",""relocate(plate,table)""],""plan_length"":5}","[""fetch"",""relocate""]","[""state_change"",""state_change"",""relocate"",""relocate""]",False,0.3333333333333333,False,0.5,4,0,0.0,False,False,False,False,unchanged_failure
ood,240,"{""object_count"":1,""ordered_units"":[""fetch(plate)"",""relocate(plate,table)""],""plan_length"":5}","[""fetch"",""relocate""]","[""fetch""]",False,0.6666666666666666,False,0.5,1,1,1.0,True,False,False,False,unchanged_failure
ood,241,"{""object_count"":2,""ordered_units"":[""fetch(bowl)"",""fetch(plate)"",""relocate(bowl,table)"",""relocate(plate,table)"",""multi_object_sequence(2)""],""plan_length"":8}","[""fetch"",""fetch"",""relocate"",""relocate""]","[""state_change"",""state_change"",""relocate"",""relocate""]",False,0.5,False,0.5,4,2,0.5,False,False,False,False,unchanged_failure
ood,242,"{""object_count"":2,""ordered_units"":[""fetch(bowl)"",""fetch(plate)"",""relocate(bowl,table)"",""relocate(plate,table)"",""multi_object_sequence(2)""],""plan_length"":8}","[""fetch"",""fetch"",""relocate"",""relocate""]","[""state_change""]",False,0.0,False,0.0,1,1,1.0,True,False,False,False,unchanged_failure
ood,243,"{""object_count"":2,""ordered_units"":[""fetch(bowl)"",""fetch(plate)"",""relocate(bowl,table)"",""relocate(plate,table)"",""multi_object_sequence(2)""],""plan_length"":8}","[""fetch"",""fetch"",""relocate"",""relocate""]","[""state_change"",""state_change"",""state_change"",""fetch"",""fetch"",""relocate"",""relocate""]",False,0.7272727272727273,False,1.0,7,3,0.42857142857142855,False,False,False,False,unchanged_failure
ood,244,"{""object_count"":2,""ordered_units"":[""fetch(bowl)"",""fetch(plate)"",""relocate(bowl,table)"",""relocate(plate,table)"",""multi_object_sequence(2)""],""plan_length"":8}","[""fetch"",""fetch"",""relocate"",""relocate""]","[""state_change""]",False,0.0,False,0.0,1,1,1.0,True,False,False,False,unchanged_failure
ood,245,"{""object_count"":1,""ordered_units"":[""fetch(plate)"",""relocate(plate,table)""],""plan_length"":5}","[""fetch"",""relocate""]","[""fetch""]",False,0.6666666666666666,False,0.5,1,1,1.0,True,False,False,False,unchanged_failure
ood,246,"{""object_count"":1,""ordered_units"":[""fetch(bowl)"",""relocate(bowl,table)""],""plan_length"":5}","[""fetch"",""relocate""]","[""state_change"",""fetch"",""fetch"",""relocate""]",False,0.6666666666666666,False,1.0,4,3,0.75,False,False,False,False,unchanged_failure
ood,247,"{""object_count"":1,""ordered_units"":[""fetch(bowl)"",""relocate(bowl,table)""],""plan_length"":5}","[""fetch"",""relocate""]","[""state_change"",""fetch"",""relocate""]",False,0.8,False,1.0,3,3,1.0,True,False,False,False,unchanged_failure
ood,248,"{""object_count"":2,""ordered_units"":[""fetch(bowl)"",""fetch(plate)"",""relocate(bowl,table)"",""relocate(plate,table)"",""multi_object_sequence(2)""],""plan_length"":8}","[""fetch"",""fetch"",""relocate"",""relocate""]","[""fetch""]",False,0.4,False,0.25,1,0,0.0,False,False,False,False,unchanged_failure
ood,249,"{""object_count"":1,""ordered_units"":[""fetch(bowl)"",""relocate(bowl,table)""],""plan_length"":5}","[""fetch"",""relocate""]","[""fetch""]",False,0.6666666666666666,False,0.5,1,1,1.0,True,False,False,False,unchanged_failure
ood,250,"{""object_count"":2,""ordered_units"":[""fetch(bowl)"",""fetch(plate)"",""relocate(bowl,table)"",""relocate(plate,table)"",""multi_object_sequence(2)""],""plan_length"":8}","[""fetch"",""fetch"",""relocate"",""relocate""]","[""state_change""]",False,0.0,False,0.0,1,1,1.0,True,False,False,False,unchanged_failure
ood,251,"{""object_count"":1,""ordered_units"":[""fetch(bowl)"",""relocate(bowl,table)""],""plan_length"":5}","[""fetch"",""relocate""]","[""state_change"",""fetch"",""fetch"",""relocate""]",False,0.6666666666666666,False,1.0,4,3,0.75,False,False,False,False,unchanged_failure
ood,252,"{""object_count"":1,""ordered_units"":[""fetch(plate)"",""relocate(plate,table)""],""plan_length"":5}","[""fetch"",""relocate""]","[""state_change"",""state_change"",""fetch"",""relocate""]",False,0.6666666666666666,False,1.0,4,1,0.25,False,False,False,False,unchanged_failure
ood,253,"{""object_count"":1,""ordered_units"":[""fetch(bowl)"",""relocate(bowl,table)""],""plan_length"":5}","[""fetch"",""relocate""]","[""state_change"",""state_change"",""relocate"",""relocate""]",False,0.3333333333333333,False,0.5,4,2,0.5,False,False,False,False,unchanged_failure
ood,254,"{""object_count"":2,""ordered_units"":[""fetch(bowl)"",""fetch(plate)"",""relocate(bowl,table)"",""relocate(plate,table)"",""multi_object_sequence(2)""],""plan_length"":8}","[""fetch"",""fetch"",""relocate"",""relocate""]","[""fetch""]",False,0.4,False,0.25,1,1,1.0,True,False,False,False,unchanged_failure
ood,255,"{""object_count"":1,""ordered_units"":[""fetch(plate)"",""relocate(plate,table)""],""plan_length"":5}","[""fetch"",""relocate""]","[""state_change""]",False,0.0,False,0.0,1,1,1.0,True,False,False,True,fix
ood,256,"{""object_count"":1,""ordered_units"":[""fetch(plate)"",""relocate(plate,table)""],""plan_length"":5}","[""fetch"",""relocate""]","[""state_change""]",False,0.0,False,0.0,1,1,1.0,True,False,True,False,regression
ood,257,"{""object_count"":1,""ordered_units"":[""fetch(plate)"",""relocate(plate,table)""],""plan_length"":5}","[""fetch"",""relocate""]","[""state_change"",""fetch"",""relocate"",""fetch"",""relocate""]",False,0.5714285714285714,False,1.0,5,3,0.6,False,False,False,False,unchanged_failure
ood,258,"{""object_count"":2,""ordered_units"":[""fetch(bowl)"",""fetch(plate)"",""relocate(bowl,table)"",""relocate(plate,table)"",""multi_object_sequence(2)""],""plan_length"":8}","[""fetch"",""fetch"",""relocate"",""relocate""]","[""fetch""]",False,0.4,False,0.25,1,1,1.0,True,False,False,False,unchanged_failure
ood,259,"{""object_count"":2,""ordered_units"":[""fetch(bowl)"",""fetch(plate)"",""relocate(bowl,table)"",""relocate(plate,table)"",""multi_object_sequence(2)""],""plan_length"":8}","[""fetch"",""fetch"",""relocate"",""relocate""]","[""fetch""]",False,0.4,False,0.25,1,0,0.0,False,False,False,False,unchanged_failure
ood,260,"{""object_count"":2,""ordered_units"":[""fetch(bowl)"",""fetch(plate)"",""relocate(bowl,table)"",""relocate(plate,table)"",""multi_object_sequence(2)""],""plan_length"":8}","[""fetch"",""fetch"",""relocate"",""relocate""]","[""state_change"",""state_change"",""relocate"",""relocate""]",False,0.5,False,0.5,4,2,0.5,False,False,False,False,unchanged_failure
ood,261,"{""object_count"":1,""ordered_units"":[""fetch(plate)"",""relocate(plate,table)""],""plan_length"":5}","[""fetch"",""relocate""]","[""state_change"",""state_change"",""state_change"",""relocate"",""relocate""]",False,0.2857142857142857,False,0.5,5,3,0.6,False,False,False,False,unchanged_failure
ood,262,"{""object_count"":1,""ordered_units"":[""fetch(plate)"",""relocate(plate,table)""],""plan_length"":5}","[""fetch"",""relocate""]","[""state_change"",""state_change"",""relocate"",""relocate""]",False,0.3333333333333333,False,0.5,4,0,0.0,False,False,False,False,unchanged_failure
ood,263,"{""object_count"":2,""ordered_units"":[""fetch(bowl)"",""fetch(plate)"",""relocate(bowl,table)"",""relocate(plate,table)"",""multi_object_sequence(2)""],""plan_length"":8}","[""fetch"",""fetch"",""relocate"",""relocate""]","[""state_change"",""state_change"",""relocate"",""relocate""]",False,0.5,False,0.5,4,1,0.25,False,False,False,False,unchanged_failure
ood,264,"{""object_count"":1,""ordered_units"":[""fetch(bowl)"",""relocate(bowl,table)""],""plan_length"":5}","[""fetch"",""relocate""]","[""fetch""]",False,0.6666666666666666,False,0.5,1,1,1.0,True,False,False,False,unchanged_failure
ood,265,"{""object_count"":1,""ordered_units"":[""fetch(bowl)"",""relocate(bowl,table)""],""plan_length"":5}","[""fetch"",""relocate""]","[""state_change"",""fetch"",""relocate""]",False,0.8,False,1.0,3,3,1.0,True,False,False,False,unchanged_failure
ood,266,"{""object_count"":1,""ordered_units"":[""fetch(bowl)"",""relocate(bowl,table)""],""plan_length"":5}","[""fetch"",""relocate""]","[""fetch"",""fetch"",""relocate""]",False,0.8,False,1.0,3,2,0.6666666666666666,False,False,False,False,unchanged_failure
ood,267,"{""object_count"":2,""ordered_units"":[""fetch(bowl)"",""fetch(plate)"",""relocate(bowl,table)"",""relocate(plate,table)"",""multi_object_sequence(2)""],""plan_length"":8}","[""fetch"",""fetch"",""relocate"",""relocate""]","[""fetch""]",False,0.4,False,0.25,1,1,1.0,True,False,False,False,unchanged_failure
ood,268,"{""object_count"":1,""ordered_units"":[""fetch(plate)"",""relocate(plate,table)""],""plan_length"":5}","[""fetch"",""relocate""]","[""state_change"",""state_change"",""fetch"",""relocate""]",False,0.6666666666666666,False,1.0,4,1,0.25,False,False,False,False,unchanged_failure
ood,269,"{""object_count"":1,""ordered_units"":[""fetch(plate)"",""relocate(plate,table)""],""plan_length"":5}","[""fetch"",""relocate""]","[""state_change"",""state_change"",""relocate"",""relocate""]",False,0.3333333333333333,False,0.5,4,0,0.0,False,False,False,False,unchanged_failure
ood,270,"{""object_count"":1,""ordered_units"":[""fetch(plate)"",""relocate(plate,table)""],""plan_length"":5}","[""fetch"",""relocate""]","[""state_change"",""fetch"",""relocate"",""fetch"",""relocate""]",False,0.5714285714285714,False,1.0,5,3,0.6,False,False,False,False,unchanged_failure
ood,271,"{""object_count"":1,""ordered_units"":[""fetch(bowl)"",""relocate(bowl,table)""],""plan_length"":5}","[""fetch"",""relocate""]","[""fetch"",""fetch""]",False,0.5,False,0.5,2,2,1.0,True,False,False,False,unchanged_failure
ood,272,"{""object_count"":1,""ordered_units"":[""fetch(bowl)"",""relocate(bowl,table)""],""plan_length"":5}","[""fetch"",""relocate""]","[""state_change"",""fetch"",""fetch"",""relocate""]",False,0.6666666666666666,False,1.0,4,3,0.75,False,False,False,False,unchanged_failure
ood,273,"{""object_count"":1,""ordered_units"":[""fetch(bowl)"",""relocate(bowl,table)""],""plan_length"":5}","[""fetch"",""relocate""]","[""state_change"",""state_change"",""relocate"",""relocate""]",False,0.3333333333333333,False,0.5,4,2,0.5,False,False,False,False,unchanged_failure
ood,274,"{""object_count"":2,""ordered_units"":[""fetch(bowl)"",""fetch(plate)"",""relocate(bowl,table)"",""relocate(plate,table)"",""multi_object_sequence(2)""],""plan_length"":8}","[""fetch"",""fetch"",""relocate"",""relocate""]","[""state_change"",""state_change"",""relocate"",""relocate""]",False,0.5,False,0.5,4,2,0.5,False,False,False,False,unchanged_failure
ood,275,"{""object_count"":1,""ordered_units"":[""fetch(plate)"",""relocate(plate,table)""],""plan_length"":5}","[""fetch"",""relocate""]","[""relocate""]",False,0.6666666666666666,False,0.5,1,1,1.0,True,False,False,False,unchanged_failure
ood,276,"{""object_count"":2,""ordered_units"":[""fetch(bowl)"",""fetch(plate)"",""relocate(bowl,table)"",""relocate(plate,table)"",""multi_object_sequence(2)""],""plan_length"":8}","[""fetch"",""fetch"",""relocate"",""relocate""]","[""fetch"",""fetch"",""relocate"",""relocate""]",True,1.0,True,1.0,4,2,0.5,False,False,False,False,unchanged_failure
ood,277,"{""object_count"":1,""ordered_units"":[""fetch(bowl)"",""relocate(bowl,table)""],""plan_length"":5}","[""fetch"",""relocate""]","[""fetch"",""fetch""]",False,0.5,False,0.5,2,2,1.0,True,False,False,False,unchanged_failure
ood,278,"{""object_count"":2,""ordered_units"":[""fetch(bowl)"",""fetch(plate)"",""relocate(bowl,table)"",""relocate(plate,table)"",""multi_object_sequence(2)""],""plan_length"":8}","[""fetch"",""fetch"",""relocate"",""relocate""]","[""fetch"",""fetch"",""relocate"",""relocate""]",True,1.0,True,1.0,4,2,0.5,False,False,False,False,unchanged_failure
ood,279,"{""object_count"":1,""ordered_units"":[""fetch(plate)"",""relocate(plate,table)""],""plan_length"":5}","[""fetch"",""relocate""]","[""state_change"",""state_change"",""state_change"",""relocate"",""relocate""]",False,0.2857142857142857,False,0.5,5,3,0.6,False,False,False,False,unchanged_failure
ood,280,"{""object_count"":1,""ordered_units"":[""fetch(plate)"",""relocate(plate,table)""],""plan_length"":5}","[""fetch"",""relocate""]","[""state_change"",""state_change"",""relocate"",""relocate""]",False,0.3333333333333333,False,0.5,4,0,0.0,False,False,False,False,unchanged_failure
ood,281,"{""object_count"":1,""ordered_units"":[""fetch(bowl)"",""relocate(bowl,table)""],""plan_length"":5}","[""fetch"",""relocate""]","[""state_change"",""fetch"",""relocate""]",False,0.8,False,1.0,3,3,1.0,True,False,False,False,unchanged_failure
ood,282,"{""object_count"":1,""ordered_units"":[""fetch(bowl)"",""relocate(bowl,table)""],""plan_length"":5}","[""fetch"",""relocate""]","[""state_change"",""state_change"",""relocate"",""relocate""]",False,0.3333333333333333,False,0.5,4,2,0.5,False,False,False,False,unchanged_failure
ood,283,"{""object_count"":1,""ordered_units"":[""fetch(plate)"",""relocate(plate,table)""],""plan_length"":5}","[""fetch"",""relocate""]","[""fetch""]",False,0.6666666666666666,False,0.5,1,1,1.0,True,False,False,False,unchanged_failure
ood,284,"{""object_count"":2,""ordered_units"":[""fetch(bowl)"",""fetch(plate)"",""relocate(bowl,table)"",""relocate(plate,table)"",""multi_object_sequence(2)""],""plan_length"":8}","[""fetch"",""fetch"",""relocate"",""relocate""]","[""state_change"",""state_change"",""relocate"",""relocate""]",False,0.5,False,0.5,4,1,0.25,False,False,False,False,unchanged_failure
ood,285,"{""object_count"":1,""ordered_units"":[""fetch(bowl)"",""relocate(bowl,table)""],""plan_length"":5}","[""fetch"",""relocate""]","[""state_change"",""state_change"",""relocate"",""relocate""]",False,0.3333333333333333,False,0.5,4,2,0.5,False,False,False,False,unchanged_failure
ood,286,"{""object_count"":2,""ordered_units"":[""fetch(bowl)"",""fetch(plate)"",""relocate(bowl,table)"",""relocate(plate,table)"",""multi_object_sequence(2)""],""plan_length"":8}","[""fetch"",""fetch"",""relocate"",""relocate""]","[""fetch""]",False,0.4,False,0.25,1,1,1.0,True,False,False,False,unchanged_failure
ood,287,"{""object_count"":1,""ordered_units"":[""fetch(plate)"",""relocate(plate,table)""],""plan_length"":5}","[""fetch"",""relocate""]","[""state_change"",""state_change"",""relocate"",""relocate""]",False,0.3333333333333333,False,0.5,4,0,0.0,False,False,False,False,unchanged_failure
ood,288,"{""object_count"":1,""ordered_units"":[""fetch(plate)"",""relocate(plate,table)""],""plan_length"":5}","[""fetch"",""relocate""]","[""state_change"",""state_change"",""state_change"",""relocate"",""relocate""]",False,0.2857142857142857,False,0.5,5,3,0.6,False,False,False,False,unchanged_failure
ood,289,"{""object_count"":1,""ordered_units"":[""fetch(plate)"",""relocate(plate,table)""],""plan_length"":5}","[""fetch"",""relocate""]","[""state_change"",""fetch"",""fetch"",""relocate""]",False,0.6666666666666666,False,1.0,4,3,0.75,False,False,False,False,unchanged_failure
ood,290,"{""object_count"":2,""ordered_units"":[""fetch(bowl)"",""fetch(plate)"",""relocate(bowl,table)"",""relocate(plate,table)"",""multi_object_sequence(2)""],""plan_length"":8}","[""fetch"",""fetch"",""relocate"",""relocate""]","[""fetch"",""fetch"",""relocate""]",False,0.8571428571428571,False,0.75,3,1,0.3333333333333333,False,False,False,False,unchanged_failure
ood,291,"{""object_count"":1,""ordered_units"":[""fetch(plate)"",""relocate(plate,table)""],""plan_length"":5}","[""fetch"",""relocate""]","[""state_change""]",False,0.0,False,0.0,1,1,1.0,True,False,False,True,fix
ood,292,"{""object_count"":2,""ordered_units"":[""fetch(bowl)"",""fetch(plate)"",""relocate(bowl,table)"",""relocate(plate,table)"",""multi_object_sequence(2)""],""plan_length"":8}","[""fetch"",""fetch"",""relocate"",""relocate""]","[""state_change""]",False,0.0,False,0.0,1,1,1.0,True,False,False,False,unchanged_failure
ood,293,"{""object_count"":1,""ordered_units"":[""fetch(bowl)"",""relocate(bowl,table)""],""plan_length"":5}","[""fetch"",""relocate""]","[""fetch"",""fetch""]",False,0.5,False,0.5,2,1,0.5,False,False,False,False,unchanged_failure
ood,294,"{""object_count"":1,""ordered_units"":[""fetch(plate)"",""relocate(plate,table)""],""plan_length"":5}","[""fetch"",""relocate""]","[""state_change"",""fetch"",""relocate"",""fetch"",""relocate""]",False,0.5714285714285714,False,1.0,5,3,0.6,False,False,False,False,unchanged_failure
ood,295,"{""object_count"":1,""ordered_units"":[""fetch(plate)"",""relocate(plate,table)""],""plan_length"":5}","[""fetch"",""relocate""]","[""state_change"",""state_change"",""state_change"",""relocate"",""relocate""]",False,0.2857142857142857,False,0.5,5,3,0.6,False,False,False,False,unchanged_failure
ood,296,"{""object_count"":1,""ordered_units"":[""fetch(plate)"",""relocate(plate,table)""],""plan_length"":5}","[""fetch"",""relocate""]","[""state_change""]",False,0.0,False,0.0,1,1,1.0,True,False,False,False,unchanged_failure
ood,297,"{""object_count"":1,""ordered_units"":[""fetch(bowl)"",""relocate(bowl,table)""],""plan_length"":5}","[""fetch"",""relocate""]","[""state_change"",""fetch"",""fetch"",""relocate""]",False,0.6666666666666666,False,1.0,4,3,0.75,False,False,False,False,unchanged_failure
ood,298,"{""object_count"":1,""ordered_units"":[""fetch(plate)"",""relocate(plate,table)""],""plan_length"":5}","[""fetch"",""relocate""]","[""state_change"",""fetch"",""fetch"",""relocate""]",False,0.6666666666666666,False,1.0,4,3,0.75,False,False,False,False,unchanged_failure
ood,299,"{""object_count"":1,""ordered_units"":[""fetch(plate)"",""relocate(plate,table)""],""plan_length"":5}","[""fetch"",""relocate""]","[""state_change""]",False,0.0,False,0.0,1,1,1.0,True,False,False,False,unchanged_failure
ood,300,"{""object_count"":1,""ordered_units"":[""fetch(bowl)"",""relocate(bowl,table)""],""plan_length"":5}","[""fetch"",""relocate""]","[""fetch"",""fetch""]",False,0.5,False,0.5,2,1,0.5,False,False,False,False,unchanged_failure
ood,301,"{""object_count"":1,""ordered_units"":[""fetch(plate)"",""relocate(plate,table)""],""plan_length"":5}","[""fetch"",""relocate""]","[""fetch""]",False,0.6666666666666666,False,0.5,1,1,1.0,True,False,False,False,unchanged_failure
ood,302,"{""object_count"":2,""ordered_units"":[""fetch(bowl)"",""fetch(plate)"",""relocate(bowl,table)"",""relocate(plate,table)"",""multi_object_sequence(2)""],""plan_length"":8}","[""fetch"",""fetch"",""relocate"",""relocate""]","[""fetch"",""fetch"",""relocate"",""relocate""]",True,1.0,True,1.0,4,2,0.5,False,False,False,False,unchanged_failure
ood,303,"{""object_count"":2,""ordered_units"":[""fetch(bowl)"",""fetch(plate)"",""relocate(bowl,table)"",""relocate(plate,table)"",""multi_object_sequence(2)""],""plan_length"":8}","[""fetch"",""fetch"",""relocate"",""relocate""]","[""state_change"",""state_change"",""relocate"",""relocate""]",False,0.5,False,0.5,4,1,0.25,False,False,False,False,unchanged_failure
ood,304,"{""object_count"":2,""ordered_units"":[""fetch(bowl)"",""fetch(plate)"",""relocate(bowl,table)"",""relocate(plate,table)"",""multi_object_sequence(2)""],""plan_length"":8}","[""fetch"",""fetch"",""relocate"",""relocate""]","[""state_change""]",False,0.0,False,0.0,1,1,1.0,True,False,False,False,unchanged_failure
ood,305,"{""object_count"":2,""ordered_units"":[""fetch(bowl)"",""fetch(plate)"",""relocate(bowl,table)"",""relocate(plate,table)"",""multi_object_sequence(2)""],""plan_length"":8}","[""fetch"",""fetch"",""relocate"",""relocate""]","[""fetch""]",False,0.4,False,0.25,1,0,0.0,False,False,False,False,unchanged_failure
ood,306,"{""object_count"":1,""ordered_units"":[""fetch(plate)"",""relocate(plate,table)""],""plan_length"":5}","[""fetch"",""relocate""]","[""state_change"",""fetch"",""fetch"",""relocate""]",False,0.6666666666666666,False,1.0,4,3,0.75,False,False,False,False,unchanged_failure
ood,307,"{""object_count"":1,""ordered_units"":[""fetch(bowl)"",""relocate(bowl,table)""],""plan_length"":5}","[""fetch"",""relocate""]","[""state_change"",""fetch"",""fetch"",""relocate""]",False,0.6666666666666666,False,1.0,4,3,0.75,False,False,False,False,unchanged_failure
ood,308,"{""object_count"":1,""ordered_units"":[""fetch(bowl)"",""relocate(bowl,table)""],""plan_length"":5}","[""fetch"",""relocate""]","[""fetch"",""fetch"",""relocate""]",False,0.8,False,1.0,3,2,0.6666666666666666,False,False,False,False,unchanged_failure
ood,309,"{""object_count"":1,""ordered_units"":[""fetch(plate)"",""relocate(plate,table)""],""plan_length"":5}","[""fetch"",""relocate""]","[""state_change""]",False,0.0,False,0.0,1,1,1.0,True,False,False,False,unchanged_failure
ood,310,"{""object_count"":1,""ordered_units"":[""fetch(plate)"",""relocate(plate,table)""],""plan_length"":5}","[""fetch"",""relocate""]","[""state_change"",""fetch"",""fetch"",""relocate""]",False,0.6666666666666666,False,1.0,4,3,0.75,False,False,False,False,unchanged_failure
ood,311,"{""object_count"":1,""ordered_units"":[""fetch(bowl)"",""relocate(bowl,table)""],""plan_length"":5}","[""fetch"",""relocate""]","[""fetch""]",False,0.6666666666666666,False,0.5,1,1,1.0,True,False,False,False,unchanged_failure
ood,312,"{""object_count"":2,""ordered_units"":[""fetch(bowl)"",""fetch(plate)"",""relocate(bowl,table)"",""relocate(plate,table)"",""multi_object_sequence(2)""],""plan_length"":8}","[""fetch"",""fetch"",""relocate"",""relocate""]","[""state_change"",""state_change"",""state_change"",""fetch"",""fetch"",""relocate"",""relocate""]",False,0.7272727272727273,False,1.0,7,3,0.42857142857142855,False,False,False,False,unchanged_failure
ood,313,"{""object_count"":1,""ordered_units"":[""fetch(plate)"",""relocate(plate,table)""],""plan_length"":5}","[""fetch"",""relocate""]","[""fetch"",""relocate""]",True,1.0,True,1.0,2,0,0.0,False,False,False,False,unchanged_failure
ood,314,"{""object_count"":1,""ordered_units"":[""fetch(bowl)"",""relocate(bowl,table)""],""plan_length"":5}","[""fetch"",""relocate""]","[""fetch""]",False,0.6666666666666666,False,0.5,1,1,1.0,True,False,False,False,unchanged_failure
ood,315,"{""object_count"":1,""ordered_units"":[""fetch(bowl)"",""relocate(bowl,table)""],""plan_length"":5}","[""fetch"",""relocate""]","[""fetch""]",False,0.6666666666666666,False,0.5,1,1,1.0,True,False,False,False,unchanged_failure
ood,316,"{""object_count"":1,""ordered_units"":[""fetch(plate)"",""relocate(plate,table)""],""plan_length"":5}","[""fetch"",""relocate""]","[""state_change"",""state_change"",""relocate"",""relocate""]",False,0.3333333333333333,False,0.5,4,0,0.0,False,False,False,False,unchanged_failure
ood,317,"{""object_count"":1,""ordered_units"":[""fetch(bowl)"",""relocate(bowl,table)""],""plan_length"":5}","[""fetch"",""relocate""]","[""state_change"",""fetch"",""relocate""]",False,0.8,False,1.0,3,3,1.0,True,False,False,False,unchanged_failure
ood,318,"{""object_count"":1,""ordered_units"":[""fetch(plate)"",""relocate(plate,table)""],""plan_length"":5}","[""fetch"",""relocate""]","[""state_change"",""state_change"",""state_change"",""relocate"",""relocate""]",False,0.2857142857142857,False,0.5,5,3,0.6,False,False,False,False,unchanged_failure
ood,319,"{""object_count"":1,""ordered_units"":[""fetch(bowl)"",""relocate(bowl,table)""],""plan_length"":5}","[""fetch"",""relocate""]","[""fetch""]",False,0.6666666666666666,False,0.5,1,1,1.0,True,False,False,False,unchanged_failure
ood,320,"{""object_count"":2,""ordered_units"":[""fetch(bowl)"",""fetch(plate)"",""relocate(bowl,table)"",""relocate(plate,table)"",""multi_object_sequence(2)""],""plan_length"":8}","[""fetch"",""fetch"",""relocate"",""relocate""]","[""fetch"",""fetch"",""relocate""]",False,0.8571428571428571,False,0.75,3,2,0.6666666666666666,False,False,False,False,unchanged_failure
ood,321,"{""object_count"":1,""ordered_units"":[""fetch(bowl)"",""relocate(bowl,table)""],""plan_length"":5}","[""fetch"",""relocate""]","[""state_change""]",False,0.0,False,0.0,1,1,1.0,True,False,False,False,unchanged_failure
ood,322,"{""object_count"":1,""ordered_units"":[""fetch(plate)"",""relocate(plate,table)""],""plan_length"":5}","[""fetch"",""relocate""]","[""state_change"",""state_change"",""state_change"",""relocate"",""relocate""]",False,0.2857142857142857,False,0.5,5,3,0.6,False,False,False,False,unchanged_failure
ood,323,"{""object_count"":2,""ordered_units"":[""fetch(bowl)"",""fetch(plate)"",""relocate(bowl,table)"",""relocate(plate,table)"",""multi_object_sequence(2)""],""plan_length"":8}","[""fetch"",""fetch"",""relocate"",""relocate""]","[""fetch"",""fetch"",""relocate""]",False,0.8571428571428571,False,0.75,3,1,0.3333333333333333,False,False,False,False,unchanged_failure
ood,324,"{""object_count"":1,""ordered_units"":[""fetch(bowl)"",""relocate(bowl,table)""],""plan_length"":5}","[""fetch"",""relocate""]","[""state_change"",""state_change"",""relocate"",""relocate""]",False,0.3333333333333333,False,0.5,4,2,0.5,False,False,False,False,unchanged_failure
ood,325,"{""object_count"":2,""ordered_units"":[""fetch(bowl)"",""fetch(plate)"",""relocate(bowl,table)"",""relocate(plate,table)"",""multi_object_sequence(2)""],""plan_length"":8}","[""fetch"",""fetch"",""relocate"",""relocate""]","[""fetch""]",False,0.4,False,0.25,1,0,0.0,False,False,False,False,unchanged_failure
ood,326,"{""object_count"":1,""ordered_units"":[""fetch(bowl)"",""relocate(bowl,table)""],""plan_length"":5}","[""fetch"",""relocate""]","[""fetch"",""fetch""]",False,0.5,False,0.5,2,1,0.5,False,False,False,False,unchanged_failure
ood,327,"{""object_count"":2,""ordered_units"":[""fetch(bowl)"",""fetch(plate)"",""relocate(bowl,table)"",""relocate(plate,table)"",""multi_object_sequence(2)""],""plan_length"":8}","[""fetch"",""fetch"",""relocate"",""relocate""]","[""state_change"",""fetch"",""relocate"",""fetch"",""relocate""]",False,0.8888888888888888,False,0.75,5,3,0.6,False,False,False,False,unchanged_failure
ood,328,"{""object_count"":1,""ordered_units"":[""fetch(bowl)"",""relocate(bowl,table)""],""plan_length"":5}","[""fetch"",""relocate""]","[""fetch""]",False,0.6666666666666666,False,0.5,1,1,1.0,True,False,False,False,unchanged_failure
ood,329,"{""object_count"":1,""ordered_units"":[""fetch(bowl)"",""relocate(bowl,table)""],""plan_length"":5}","[""fetch"",""relocate""]","[""fetch""]",False,0.6666666666666666,False,0.5,1,1,1.0,True,False,False,False,unchanged_failure
ood,330,"{""object_count"":1,""ordered_units"":[""fetch(plate)"",""relocate(plate,table)""],""plan_length"":5}","[""fetch"",""relocate""]","[""fetch""]",False,0.6666666666666666,False,0.5,1,1,1.0,True,False,False,False,unchanged_failure
ood,331,"{""object_count"":1,""ordered_units"":[""fetch(plate)"",""relocate(plate,table)""],""plan_length"":5}","[""fetch"",""relocate""]","[""state_change"",""fetch"",""relocate"",""fetch"",""relocate""]",False,0.5714285714285714,False,1.0,5,3,0.6,False,False,False,False,unchanged_failure
ood,332,"{""object_count"":1,""ordered_units"":[""fetch(bowl)"",""relocate(bowl,table)""],""plan_length"":5}","[""fetch"",""relocate""]","[""fetch""]",False,0.6666666666666666,False,0.5,1,1,1.0,True,False,False,False,unchanged_failure
ood,333,"{""object_count"":1,""ordered_units"":[""fetch(plate)"",""relocate(plate,table)""],""plan_length"":5}","[""fetch"",""relocate""]","[""fetch""]",False,0.6666666666666666,False,0.5,1,1,1.0,True,False,False,False,unchanged_failure
ood,334,"{""object_count"":1,""ordered_units"":[""fetch(bowl)"",""relocate(bowl,table)""],""plan_length"":5}","[""fetch"",""relocate""]","[""fetch""]",False,0.6666666666666666,False,0.5,1,1,1.0,True,False,False,False,unchanged_failure
ood,335,"{""object_count"":1,""ordered_units"":[""fetch(plate)"",""relocate(plate,table)""],""plan_length"":5}","[""fetch"",""relocate""]","[""state_change"",""state_change"",""state_change"",""relocate"",""relocate""]",False,0.2857142857142857,False,0.5,5,3,0.6,False,False,False,False,unchanged_failure
ood,336,"{""object_count"":1,""ordered_units"":[""fetch(plate)"",""relocate(plate,table)""],""plan_length"":5}","[""fetch"",""relocate""]","[""state_change"",""state_change"",""relocate"",""relocate""]",False,0.3333333333333333,False,0.5,4,0,0.0,False,False,False,False,unchanged_failure
ood,337,"{""object_count"":1,""ordered_units"":[""fetch(bowl)"",""relocate(bowl,table)""],""plan_length"":5}","[""fetch"",""relocate""]","[""fetch"",""fetch"",""relocate""]",False,0.8,False,1.0,3,2,0.6666666666666666,False,False,False,True,fix
ood,338,"{""object_count"":1,""ordered_units"":[""fetch(bowl)"",""relocate(bowl,table)""],""plan_length"":5}","[""fetch"",""relocate""]","[""fetch""]",False,0.6666666666666666,False,0.5,1,1,1.0,True,False,False,False,unchanged_failure
ood,339,"{""object_count"":1,""ordered_units"":[""fetch(bowl)"",""relocate(bowl,table)""],""plan_length"":5}","[""fetch"",""relocate""]","[""state_change"",""state_change"",""relocate"",""relocate""]",False,0.3333333333333333,False,0.5,4,2,0.5,False,False,False,False,unchanged_failure
ood,340,"{""object_count"":2,""ordered_units"":[""fetch(bowl)"",""fetch(plate)"",""relocate(bowl,table)"",""relocate(plate,table)"",""multi_object_sequence(2)""],""plan_length"":8}","[""fetch"",""fetch"",""relocate"",""relocate""]","[""state_change""]",False,0.0,False,0.0,1,1,1.0,True,False,False,False,unchanged_failure
ood,341,"{""object_count"":1,""ordered_units"":[""fetch(plate)"",""relocate(plate,table)""],""plan_length"":5}","[""fetch"",""relocate""]","[""state_change"",""state_change"",""fetch"",""relocate""]",False,0.6666666666666666,False,1.0,4,1,0.25,False,False,False,False,unchanged_failure
ood,342,"{""object_count"":1,""ordered_units"":[""fetch(bowl)"",""relocate(bowl,table)""],""plan_length"":5}","[""fetch"",""relocate""]","[""fetch"",""fetch"",""relocate""]",False,0.8,False,1.0,3,2,0.6666666666666666,False,False,False,False,unchanged_failure
ood,343,"{""object_count"":1,""ordered_units"":[""fetch(bowl)"",""relocate(bowl,table)""],""plan_length"":5}","[""fetch"",""relocate""]","[""fetch""]",False,0.6666666666666666,False,0.5,1,1,1.0,True,False,False,False,unchanged_failure
ood,344,"{""object_count"":1,""ordered_units"":[""fetch(plate)"",""relocate(plate,table)""],""plan_length"":5}","[""fetch"",""relocate""]","[""fetch""]",False,0.6666666666666666,False,0.5,1,1,1.0,True,False,False,False,unchanged_failure
ood,345,"{""object_count"":1,""ordered_units"":[""fetch(bowl)"",""relocate(bowl,table)""],""plan_length"":5}","[""fetch"",""relocate""]","[""state_change""]",False,0.0,False,0.0,1,1,1.0,True,False,False,False,unchanged_failure
ood,346,"{""object_count"":1,""ordered_units"":[""fetch(plate)"",""relocate(plate,table)""],""plan_length"":5}","[""fetch"",""relocate""]","[""fetch""]",False,0.6666666666666666,False,0.5,1,1,1.0,True,False,False,False,unchanged_failure
ood,347,"{""object_count"":2,""ordered_units"":[""fetch(bowl)"",""fetch(plate)"",""relocate(bowl,table)"",""relocate(plate,table)"",""multi_object_sequence(2)""],""plan_length"":8}","[""fetch"",""fetch"",""relocate"",""relocate""]","[""state_change""]",False,0.0,False,0.0,1,1,1.0,True,False,False,False,unchanged_failure
ood,348,"{""object_count"":1,""ordered_units"":[""fetch(plate)"",""relocate(plate,table)""],""plan_length"":5}","[""fetch"",""relocate""]","[""state_change"",""state_change"",""state_change"",""relocate"",""relocate""]",False,0.2857142857142857,False,0.5,5,3,0.6,False,False,False,False,unchanged_failure
ood,349,"{""object_count"":1,""ordered_units"":[""fetch(plate)"",""relocate(plate,table)""],""plan_length"":5}","[""fetch"",""relocate""]","[""state_change"",""state_change"",""relocate"",""relocate""]",False,0.3333333333333333,False,0.5,4,0,0.0,False,False,False,False,unchanged_failure
ood,350,"{""object_count"":1,""ordered_units"":[""fetch(bowl)"",""relocate(bowl,table)""],""plan_length"":5}","[""fetch"",""relocate""]","[""fetch""]",False,0.6666666666666666,False,0.5,1,1,1.0,True,False,False,False,unchanged_failure
ood,351,"{""object_count"":1,""ordered_units"":[""fetch(plate)"",""relocate(plate,table)""],""plan_length"":5}","[""fetch"",""relocate""]","[""state_change"",""fetch"",""relocate"",""fetch"",""relocate""]",False,0.5714285714285714,False,1.0,5,3,0.6,False,False,False,False,unchanged_failure
ood,352,"{""object_count"":2,""ordered_units"":[""fetch(bowl)"",""fetch(plate)"",""relocate(bowl,table)"",""relocate(plate,table)"",""multi_object_sequence(2)""],""plan_length"":8}","[""fetch"",""fetch"",""relocate"",""relocate""]","[""fetch""]",False,0.4,False,0.25,1,0,0.0,False,False,False,False,unchanged_failure
ood,353,"{""object_count"":1,""ordered_units"":[""fetch(bowl)"",""relocate(bowl,table)""],""plan_length"":5}","[""fetch"",""relocate""]","[""state_change"",""fetch"",""relocate""]",False,0.8,False,1.0,3,3,1.0,True,False,False,False,unchanged_failure
ood,354,"{""object_count"":2,""ordered_units"":[""fetch(bowl)"",""fetch(plate)"",""relocate(bowl,table)"",""relocate(plate,table)"",""multi_object_sequence(2)""],""plan_length"":8}","[""fetch"",""fetch"",""relocate"",""relocate""]","[""fetch""]",False,0.4,False,0.25,1,1,1.0,True,False,False,False,unchanged_failure
ood,355,"{""object_count"":1,""ordered_units"":[""fetch(bowl)"",""relocate(bowl,table)""],""plan_length"":5}","[""fetch"",""relocate""]","[""fetch""]",False,0.6666666666666666,False,0.5,1,1,1.0,True,False,False,False,unchanged_failure
ood,356,"{""object_count"":2,""ordered_units"":[""fetch(bowl)"",""fetch(plate)"",""relocate(bowl,table)"",""relocate(plate,table)"",""multi_object_sequence(2)""],""plan_length"":8}","[""fetch"",""fetch"",""relocate"",""relocate""]","[""fetch""]",False,0.4,False,0.25,1,1,1.0,True,False,False,False,unchanged_failure
ood,357,"{""object_count"":1,""ordered_units"":[""fetch(bowl)"",""relocate(bowl,table)""],""plan_length"":5}","[""fetch"",""relocate""]","[""fetch""]",False,0.6666666666666666,False,0.5,1,1,1.0,True,False,False,False,unchanged_failure
ood,358,"{""object_count"":2,""ordered_units"":[""fetch(bowl)"",""fetch(plate)"",""relocate(bowl,table)"",""relocate(plate,table)"",""multi_object_sequence(2)""],""plan_length"":8}","[""fetch"",""fetch"",""relocate"",""relocate""]","[""state_change""]",False,0.0,False,0.0,1,1,1.0,True,False,False,False,unchanged_failure
ood,359,"{""object_count"":2,""ordered_units"":[""fetch(bowl)"",""fetch(plate)"",""relocate(bowl,table)"",""relocate(plate,table)"",""multi_object_sequence(2)""],""plan_length"":8}","[""fetch"",""fetch"",""relocate"",""relocate""]","[""state_change"",""state_change"",""state_change"",""fetch"",""fetch"",""relocate"",""relocate""]",False,0.7272727272727273,False,1.0,7,3,0.42857142857142855,False,False,False,False,unchanged_failure
ood,360,"{""object_count"":1,""ordered_units"":[""fetch(bowl)"",""relocate(bowl,table)""],""plan_length"":5}","[""fetch"",""relocate""]","[""fetch""]",False,0.6666666666666666,False,0.5,1,1,1.0,True,False,False,False,unchanged_failure
ood,361,"{""object_count"":1,""ordered_units"":[""fetch(bowl)"",""relocate(bowl,table)""],""plan_length"":5}","[""fetch"",""relocate""]","[""fetch""]",False,0.6666666666666666,False,0.5,1,1,1.0,True,False,False,False,unchanged_failure
ood,362,"{""object_count"":2,""ordered_units"":[""fetch(bowl)"",""fetch(plate)"",""relocate(bowl,table)"",""relocate(plate,table)"",""multi_object_sequence(2)""],""plan_length"":8}","[""fetch"",""fetch"",""relocate"",""relocate""]","[""state_change"",""fetch"",""relocate"",""fetch"",""relocate""]",False,0.8888888888888888,False,0.75,5,3,0.6,False,False,False,False,unchanged_failure
ood,363,"{""object_count"":1,""ordered_units"":[""fetch(bowl)"",""relocate(bowl,table)""],""plan_length"":5}","[""fetch"",""relocate""]","[""fetch""]",False,0.6666666666666666,False,0.5,1,1,1.0,True,False,False,False,unchanged_failure
ood,364,"{""object_count"":1,""ordered_units"":[""fetch(plate)"",""relocate(plate,table)""],""plan_length"":5}","[""fetch"",""relocate""]","[""fetch""]",False,0.6666666666666666,False,0.5,1,1,1.0,True,False,False,False,unchanged_failure
ood,365,"{""object_count"":2,""ordered_units"":[""fetch(bowl)"",""fetch(plate)"",""relocate(bowl,table)"",""relocate(plate,table)"",""multi_object_sequence(2)""],""plan_length"":8}","[""fetch"",""fetch"",""relocate"",""relocate""]","[""fetch""]",False,0.4,False,0.25,1,1,1.0,True,False,False,False,unchanged_failure
ood,366,"{""object_count"":1,""ordered_units"":[""fetch(bowl)"",""relocate(bowl,table)""],""plan_length"":5}","[""fetch"",""relocate""]","[""fetch""]",False,0.6666666666666666,False,0.5,1,1,1.0,True,False,False,False,unchanged_failure
ood,367,"{""object_count"":1,""ordered_units"":[""fetch(plate)"",""relocate(plate,table)""],""plan_length"":5}","[""fetch"",""relocate""]","[""fetch""]",False,0.6666666666666666,False,0.5,1,1,1.0,True,False,False,False,unchanged_failure
ood,368,"{""object_count"":2,""ordered_units"":[""fetch(bowl)"",""fetch(plate)"",""relocate(bowl,table)"",""relocate(plate,table)"",""multi_object_sequence(2)""],""plan_length"":8}","[""fetch"",""fetch"",""relocate"",""relocate""]","[""state_change"",""state_change"",""state_change"",""relocate"",""relocate""]",False,0.4444444444444444,False,0.5,5,3,0.6,False,False,False,False,unchanged_failure
ood,369,"{""object_count"":1,""ordered_units"":[""fetch(bowl)"",""relocate(bowl,table)""],""plan_length"":5}","[""fetch"",""relocate""]","[""fetch""]",False,0.6666666666666666,False,0.5,1,1,1.0,True,False,False,False,unchanged_failure
ood,370,"{""object_count"":2,""ordered_units"":[""fetch(bowl)"",""fetch(plate)"",""relocate(bowl,table)"",""relocate(plate,table)"",""multi_object_sequence(2)""],""plan_length"":8}","[""fetch"",""fetch"",""relocate"",""relocate""]","[""state_change"",""state_change"",""relocate"",""relocate""]",False,0.5,False,0.5,4,1,0.25,False,False,False,False,unchanged_failure
ood,371,"{""object_count"":2,""ordered_units"":[""fetch(bowl)"",""fetch(plate)"",""relocate(bowl,table)"",""relocate(plate,table)"",""multi_object_sequence(2)""],""plan_length"":8}","[""fetch"",""fetch"",""relocate"",""relocate""]","[""state_change"",""state_change"",""relocate"",""relocate""]",False,0.5,False,0.5,4,1,0.25,False,False,False,False,unchanged_failure
ood,372,"{""object_count"":2,""ordered_units"":[""fetch(bowl)"",""fetch(plate)"",""relocate(bowl,table)"",""relocate(plate,table)"",""multi_object_sequence(2)""],""plan_length"":8}","[""fetch"",""fetch"",""relocate"",""relocate""]","[""state_change""]",False,0.0,False,0.0,1,1,1.0,True,False,False,False,unchanged_failure
ood,373,"{""object_count"":1,""ordered_units"":[""fetch(plate)"",""relocate(plate,table)""],""plan_length"":5}","[""fetch"",""relocate""]","[""state_change"",""state_change"",""state_change"",""relocate"",""relocate""]",False,0.2857142857142857,False,0.5,5,3,0.6,False,False,False,False,unchanged_failure
ood,374,"{""object_count"":1,""ordered_units"":[""fetch(bowl)"",""relocate(bowl,table)""],""plan_length"":5}","[""fetch"",""relocate""]","[""fetch""]",False,0.6666666666666666,False,0.5,1,1,1.0,True,False,False,False,unchanged_failure
ood,375,"{""object_count"":1,""ordered_units"":[""fetch(plate)"",""relocate(plate,table)""],""plan_length"":5}","[""fetch"",""relocate""]","[""fetch""]",False,0.6666666666666666,False,0.5,1,1,1.0,True,False,False,False,unchanged_failure
ood,376,"{""object_count"":2,""ordered_units"":[""fetch(bowl)"",""fetch(plate)"",""relocate(bowl,table)"",""relocate(plate,table)"",""multi_object_sequence(2)""],""plan_length"":8}","[""fetch"",""fetch"",""relocate"",""relocate""]","[""state_change"",""state_change"",""relocate"",""relocate""]",False,0.5,False,0.5,4,1,0.25,False,False,False,False,unchanged_failure
ood,377,"{""object_count"":1,""ordered_units"":[""fetch(plate)"",""relocate(plate,table)""],""plan_length"":5}","[""fetch"",""relocate""]","[""state_change""]",False,0.0,False,0.0,1,1,1.0,True,False,False,False,unchanged_failure
ood,378,"{""object_count"":2,""ordered_units"":[""fetch(bowl)"",""fetch(plate)"",""relocate(bowl,table)"",""relocate(plate,table)"",""multi_object_sequence(2)""],""plan_length"":8}","[""fetch"",""fetch"",""relocate"",""relocate""]","[""state_change"",""fetch"",""relocate"",""fetch"",""relocate""]",False,0.8888888888888888,False,0.75,5,3,0.6,False,False,False,False,unchanged_failure
ood,379,"{""object_count"":1,""ordered_units"":[""fetch(bowl)"",""relocate(bowl,table)""],""plan_length"":5}","[""fetch"",""relocate""]","[""fetch"",""fetch""]",False,0.5,False,0.5,2,1,0.5,False,False,False,False,unchanged_failure
ood,380,"{""object_count"":1,""ordered_units"":[""fetch(plate)"",""relocate(plate,table)""],""plan_length"":5}","[""fetch"",""relocate""]","[""state_change"",""fetch"",""fetch"",""relocate""]",False,0.6666666666666666,False,1.0,4,3,0.75,False,False,False,False,unchanged_failure
ood,381,"{""object_count"":1,""ordered_units"":[""fetch(plate)"",""relocate(plate,table)""],""plan_length"":5}","[""fetch"",""relocate""]","[""fetch"",""relocate""]",True,1.0,True,1.0,2,0,0.0,False,False,False,False,unchanged_failure
ood,382,"{""object_count"":1,""ordered_units"":[""fetch(bowl)"",""relocate(bowl,table)""],""plan_length"":5}","[""fetch"",""relocate""]","[""state_change""]",False,0.0,False,0.0,1,1,1.0,True,False,False,False,unchanged_failure
ood,383,"{""object_count"":1,""ordered_units"":[""fetch(bowl)"",""relocate(bowl,table)""],""plan_length"":5}","[""fetch"",""relocate""]","[""fetch"",""fetch"",""relocate"",""relocate""]",False,0.6666666666666666,False,1.0,4,2,0.5,False,False,False,False,unchanged_failure
ood,384,"{""object_count"":1,""ordered_units"":[""fetch(bowl)"",""relocate(bowl,table)""],""plan_length"":5}","[""fetch"",""relocate""]","[""state_change"",""state_change"",""relocate"",""relocate""]",False,0.3333333333333333,False,0.5,4,2,0.5,False,False,False,False,unchanged_failure
ood,385,"{""object_count"":1,""ordered_units"":[""fetch(bowl)"",""relocate(bowl,table)""],""plan_length"":5}","[""fetch"",""relocate""]","[""fetch"",""fetch"",""relocate""]",False,0.8,False,1.0,3,2,0.6666666666666666,False,False,False,False,unchanged_failure
ood,386,"{""object_count"":1,""ordered_units"":[""fetch(bowl)"",""relocate(bowl,table)""],""plan_length"":5}","[""fetch"",""relocate""]","[""fetch""]",False,0.6666666666666666,False,0.5,1,1,1.0,True,False,False,False,unchanged_failure
ood,387,"{""object_count"":1,""ordered_units"":[""fetch(bowl)"",""relocate(bowl,table)""],""plan_length"":5}","[""fetch"",""relocate""]","[""state_change"",""state_change"",""relocate"",""relocate""]",False,0.3333333333333333,False,0.5,4,2,0.5,False,False,False,False,unchanged_failure
ood,388,"{""object_count"":2,""ordered_units"":[""fetch(bowl)"",""fetch(plate)"",""relocate(bowl,table)"",""relocate(plate,table)"",""multi_object_sequence(2)""],""plan_length"":8}","[""fetch"",""fetch"",""relocate"",""relocate""]","[""fetch""]",False,0.4,False,0.25,1,1,1.0,True,False,False,False,unchanged_failure
ood,389,"{""object_count"":1,""ordered_units"":[""fetch(bowl)"",""relocate(bowl,table)""],""plan_length"":5}","[""fetch"",""relocate""]","[""state_change"",""fetch"",""relocate""]",False,0.8,False,1.0,3,3,1.0,True,False,False,False,unchanged_failure
ood,390,"{""object_count"":2,""ordered_units"":[""fetch(bowl)"",""fetch(plate)"",""relocate(bowl,table)"",""relocate(plate,table)"",""multi_object_sequence(2)""],""plan_length"":8}","[""fetch"",""fetch"",""relocate"",""relocate""]","[""fetch"",""fetch"",""relocate""]",False,0.8571428571428571,False,0.75,3,1,0.3333333333333333,False,False,False,False,unchanged_failure
ood,391,"{""object_count"":1,""ordered_units"":[""fetch(bowl)"",""relocate(bowl,table)""],""plan_length"":5}","[""fetch"",""relocate""]","[""fetch""]",False,0.6666666666666666,False,0.5,1,1,1.0,True,False,False,False,unchanged_failure
ood,392,"{""object_count"":2,""ordered_units"":[""fetch(bowl)"",""fetch(plate)"",""relocate(bowl,table)"",""relocate(plate,table)"",""multi_object_sequence(2)""],""plan_length"":8}","[""fetch"",""fetch"",""relocate"",""relocate""]","[""state_change""]",False,0.0,False,0.0,1,1,1.0,True,False,False,False,unchanged_failure
ood,393,"{""object_count"":2,""ordered_units"":[""fetch(bowl)"",""fetch(plate)"",""relocate(bowl,table)"",""relocate(plate,table)"",""multi_object_sequence(2)""],""plan_length"":8}","[""fetch"",""fetch"",""relocate"",""relocate""]","[""fetch"",""fetch"",""relocate"",""relocate""]",True,1.0,True,1.0,4,2,0.5,False,False,False,False,unchanged_failure
ood,394,"{""object_count"":2,""ordered_units"":[""fetch(bowl)"",""fetch(plate)"",""relocate(bowl,table)"",""relocate(plate,table)"",""multi_object_sequence(2)""],""plan_length"":8}","[""fetch"",""fetch"",""relocate"",""relocate""]","[""fetch""]",False,0.4,False,0.25,1,1,1.0,True,False,False,False,unchanged_failure
ood,395,"{""object_count"":1,""ordered_units"":[""fetch(plate)"",""relocate(plate,table)""],""plan_length"":5}","[""fetch"",""relocate""]","[""state_change"",""state_change"",""relocate"",""relocate""]",False,0.3333333333333333,False,0.5,4,0,0.0,False,False,False,False,unchanged_failure
ood,396,"{""object_count"":1,""ordered_units"":[""fetch(bowl)"",""relocate(bowl,table)""],""plan_length"":5}","[""fetch"",""relocate""]","[""state_change"",""fetch"",""relocate""]",False,0.8,False,1.0,3,3,1.0,True,False,False,False,unchanged_failure
ood,397,"{""object_count"":1,""ordered_units"":[""fetch(bowl)"",""relocate(bowl,table)""],""plan_length"":5}","[""fetch"",""relocate""]","[""fetch"",""fetch"",""relocate"",""relocate""]",False,0.6666666666666666,False,1.0,4,2,0.5,False,False,False,False,unchanged_failure
ood,398,"{""object_count"":1,""ordered_units"":[""fetch(plate)"",""relocate(plate,table)""],""plan_length"":5}","[""fetch"",""relocate""]","[""state_change"",""fetch"",""fetch"",""relocate""]",False,0.6666666666666666,False,1.0,4,3,0.75,False,False,False,False,unchanged_failure
ood,399,"{""object_count"":1,""ordered_units"":[""fetch(bowl)"",""relocate(bowl,table)""],""plan_length"":5}","[""fetch"",""relocate""]","[""state_change"",""fetch"",""fetch"",""relocate""]",False,0.6666666666666666,False,1.0,4,3,0.75,False,False,False,False,unchanged_failure
ood,400,"{""object_count"":1,""ordered_units"":[""fetch(plate)"",""relocate(plate,table)""],""plan_length"":5}","[""fetch"",""relocate""]","[""state_change"",""state_change"",""relocate"",""relocate""]",False,0.3333333333333333,False,0.5,4,0,0.0,False,False,False,False,unchanged_failure
ood,401,"{""object_count"":2,""ordered_units"":[""fetch(bowl)"",""fetch(plate)"",""relocate(bowl,table)"",""relocate(plate,table)"",""multi_object_sequence(2)""],""plan_length"":8}","[""fetch"",""fetch"",""relocate"",""relocate""]","[""fetch""]",False,0.4,False,0.25,1,0,0.0,False,False,False,False,unchanged_failure
ood,402,"{""object_count"":1,""ordered_units"":[""fetch(bowl)"",""relocate(bowl,table)""],""plan_length"":5}","[""fetch"",""relocate""]","[""fetch"",""fetch"",""relocate""]",False,0.8,False,1.0,3,2,0.6666666666666666,False,False,False,False,unchanged_failure
ood,403,"{""object_count"":1,""ordered_units"":[""fetch(bowl)"",""relocate(bowl,table)""],""plan_length"":5}","[""fetch"",""relocate""]","[""fetch"",""fetch""]",False,0.5,False,0.5,2,1,0.5,False,False,False,False,unchanged_failure
ood,404,"{""object_count"":2,""ordered_units"":[""fetch(bowl)"",""fetch(plate)"",""relocate(bowl,table)"",""relocate(plate,table)"",""multi_object_sequence(2)""],""plan_length"":8}","[""fetch"",""fetch"",""relocate"",""relocate""]","[""fetch"",""fetch"",""relocate""]",False,0.8571428571428571,False,0.75,3,1,0.3333333333333333,False,False,False,False,unchanged_failure
ood,405,"{""object_count"":1,""ordered_units"":[""fetch(plate)"",""relocate(plate,table)""],""plan_length"":5}","[""fetch"",""relocate""]","[""fetch""]",False,0.6666666666666666,False,0.5,1,1,1.0,True,False,False,False,unchanged_failure
ood,406,"{""object_count"":1,""ordered_units"":[""fetch(plate)"",""relocate(plate,table)""],""plan_length"":5}","[""fetch"",""relocate""]","[""fetch""]",False,0.6666666666666666,False,0.5,1,1,1.0,True,False,False,True,fix
ood,407,"{""object_count"":2,""ordered_units"":[""fetch(bowl)"",""fetch(plate)"",""relocate(bowl,table)"",""relocate(plate,table)"",""multi_object_sequence(2)""],""plan_length"":8}","[""fetch"",""fetch"",""relocate"",""relocate""]","[""state_change""]",False,0.0,False,0.0,1,1,1.0,True,False,False,False,unchanged_failure
ood,408,"{""object_count"":1,""ordered_units"":[""fetch(plate)"",""relocate(plate,table)""],""plan_length"":5}","[""fetch"",""relocate""]","[""state_change"",""state_change"",""relocate"",""relocate""]",False,0.3333333333333333,False,0.5,4,0,0.0,False,False,False,False,unchanged_failure
ood,409,"{""object_count"":1,""ordered_units"":[""fetch(bowl)"",""relocate(bowl,table)""],""plan_length"":5}","[""fetch"",""relocate""]","[""fetch""]",False,0.6666666666666666,False,0.5,1,1,1.0,True,False,False,False,unchanged_failure
ood,410,"{""object_count"":1,""ordered_units"":[""fetch(plate)"",""relocate(plate,table)""],""plan_length"":5}","[""fetch"",""relocate""]","[""fetch""]",False,0.6666666666666666,False,0.5,1,1,1.0,True,False,False,False,unchanged_failure
ood,411,"{""object_count"":2,""ordered_units"":[""fetch(bowl)"",""fetch(plate)"",""relocate(bowl,table)"",""relocate(plate,table)"",""multi_object_sequence(2)""],""plan_length"":8}","[""fetch"",""fetch"",""relocate"",""relocate""]","[""fetch"",""fetch"",""relocate"",""relocate""]",True,1.0,True,1.0,4,2,0.5,False,False,False,False,unchanged_failure
ood,412,"{""object_count"":2,""ordered_units"":[""fetch(bowl)"",""fetch(plate)"",""relocate(bowl,table)"",""relocate(plate,table)"",""multi_object_sequence(2)""],""plan_length"":8}","[""fetch"",""fetch"",""relocate"",""relocate""]","[""fetch"",""fetch"",""relocate""]",False,0.8571428571428571,False,0.75,3,2,0.6666666666666666,False,False,False,False,unchanged_failure
ood,413,"{""object_count"":1,""ordered_units"":[""fetch(bowl)"",""relocate(bowl,table)""],""plan_length"":5}","[""fetch"",""relocate""]","[""state_change"",""fetch"",""relocate""]",False,0.8,False,1.0,3,3,1.0,True,False,False,False,unchanged_failure
ood,414,"{""object_count"":2,""ordered_units"":[""fetch(bowl)"",""fetch(plate)"",""relocate(bowl,table)"",""relocate(plate,table)"",""multi_object_sequence(2)""],""plan_length"":8}","[""fetch"",""fetch"",""relocate"",""relocate""]","[""state_change"",""fetch"",""relocate"",""fetch"",""relocate""]",False,0.8888888888888888,False,0.75,5,3,0.6,False,False,False,False,unchanged_failure
ood,415,"{""object_count"":2,""ordered_units"":[""fetch(bowl)"",""fetch(plate)"",""relocate(bowl,table)"",""relocate(plate,table)"",""multi_object_sequence(2)""],""plan_length"":8}","[""fetch"",""fetch"",""relocate"",""relocate""]","[""state_change"",""state_change"",""relocate"",""relocate""]",False,0.5,False,0.5,4,1,0.25,False,False,False,False,unchanged_failure
ood,416,"{""object_count"":1,""ordered_units"":[""fetch(bowl)"",""relocate(bowl,table)""],""plan_length"":5}","[""fetch"",""relocate""]","[""fetch"",""fetch""]",False,0.5,False,0.5,2,1,0.5,False,False,False,False,unchanged_failure
ood,417,"{""object_count"":1,""ordered_units"":[""fetch(bowl)"",""relocate(bowl,table)""],""plan_length"":5}","[""fetch"",""relocate""]","[""fetch""]",False,0.6666666666666666,False,0.5,1,1,1.0,True,False,False,False,unchanged_failure
ood,418,"{""object_count"":2,""ordered_units"":[""fetch(bowl)"",""fetch(plate)"",""relocate(bowl,table)"",""relocate(plate,table)"",""multi_object_sequence(2)""],""plan_length"":8}","[""fetch"",""fetch"",""relocate"",""relocate""]","[""state_change"",""state_change"",""relocate"",""relocate""]",False,0.5,False,0.5,4,1,0.25,False,False,False,False,unchanged_failure
ood,419,"{""object_count"":1,""ordered_units"":[""fetch(bowl)"",""relocate(bowl,table)""],""plan_length"":5}","[""fetch"",""relocate""]","[""fetch"",""fetch""]",False,0.5,False,0.5,2,1,0.5,False,False,False,False,unchanged_failure
ood,420,"{""object_count"":2,""ordered_units"":[""fetch(bowl)"",""fetch(plate)"",""relocate(bowl,table)"",""relocate(plate,table)"",""multi_object_sequence(2)""],""plan_length"":8}","[""fetch"",""fetch"",""relocate"",""relocate""]","[""fetch""]",False,0.4,False,0.25,1,1,1.0,True,False,False,False,unchanged_failure
ood,421,"{""object_count"":2,""ordered_units"":[""fetch(bowl)"",""fetch(plate)"",""relocate(bowl,table)"",""relocate(plate,table)"",""multi_object_sequence(2)""],""plan_length"":8}","[""fetch"",""fetch"",""relocate"",""relocate""]","[""state_change"",""fetch"",""relocate"",""fetch"",""relocate""]",False,0.8888888888888888,False,0.75,5,3,0.6,False,False,False,False,unchanged_failure
ood,422,"{""object_count"":1,""ordered_units"":[""fetch(bowl)"",""relocate(bowl,table)""],""plan_length"":5}","[""fetch"",""relocate""]","[""fetch""]",False,0.6666666666666666,False,0.5,1,1,1.0,True,False,False,False,unchanged_failure
ood,423,"{""object_count"":2,""ordered_units"":[""fetch(bowl)"",""fetch(plate)"",""relocate(bowl,table)"",""relocate(plate,table)"",""multi_object_sequence(2)""],""plan_length"":8}","[""fetch"",""fetch"",""relocate"",""relocate""]","[""state_change"",""state_change"",""relocate"",""relocate""]",False,0.5,False,0.5,4,1,0.25,False,False,False,False,unchanged_failure
ood,424,"{""object_count"":2,""ordered_units"":[""fetch(bowl)"",""fetch(plate)"",""relocate(bowl,table)"",""relocate(plate,table)"",""multi_object_sequence(2)""],""plan_length"":8}","[""fetch"",""fetch"",""relocate"",""relocate""]","[""state_change"",""state_change"",""relocate"",""relocate""]",False,0.5,False,0.5,4,1,0.25,False,False,False,False,unchanged_failure
ood,425,"{""object_count"":1,""ordered_units"":[""fetch(plate)"",""relocate(plate,table)""],""plan_length"":5}","[""fetch"",""relocate""]","[""fetch""]",False,0.6666666666666666,False,0.5,1,1,1.0,True,False,False,False,unchanged_failure
ood,426,"{""object_count"":1,""ordered_units"":[""fetch(plate)"",""relocate(plate,table)""],""plan_length"":5}","[""fetch"",""relocate""]","[""fetch""]",False,0.6666666666666666,False,0.5,1,1,1.0,True,False,False,False,unchanged_failure
ood,427,"{""object_count"":1,""ordered_units"":[""fetch(plate)"",""relocate(plate,table)""],""plan_length"":5}","[""fetch"",""relocate""]","[""state_change"",""state_change"",""relocate"",""relocate""]",False,0.3333333333333333,False,0.5,4,0,0.0,False,False,False,False,unchanged_failure
ood,428,"{""object_count"":1,""ordered_units"":[""fetch(bowl)"",""relocate(bowl,table)""],""plan_length"":5}","[""fetch"",""relocate""]","[""fetch"",""fetch"",""relocate""]",False,0.8,False,1.0,3,2,0.6666666666666666,False,False,False,False,unchanged_failure
ood,429,"{""object_count"":1,""ordered_units"":[""fetch(bowl)"",""relocate(bowl,table)""],""plan_length"":5}","[""fetch"",""relocate""]","[""state_change"",""state_change"",""relocate"",""relocate""]",False,0.3333333333333333,False,0.5,4,2,0.5,False,False,False,False,unchanged_failure
ood,430,"{""object_count"":1,""ordered_units"":[""fetch(plate)"",""relocate(plate,table)""],""plan_length"":5}","[""fetch"",""relocate""]","[""fetch""]",False,0.6666666666666666,False,0.5,1,1,1.0,True,False,False,False,unchanged_failure
ood,431,"{""object_count"":2,""ordered_units"":[""fetch(bowl)"",""fetch(plate)"",""relocate(bowl,table)"",""relocate(plate,table)"",""multi_object_sequence(2)""],""plan_length"":8}","[""fetch"",""fetch"",""relocate"",""relocate""]","[""state_change"",""fetch"",""fetch"",""relocate""]",False,0.75,False,0.75,4,3,0.75,False,False,False,False,unchanged_failure
ood,432,"{""object_count"":2,""ordered_units"":[""fetch(bowl)"",""fetch(plate)"",""relocate(bowl,table)"",""relocate(plate,table)"",""multi_object_sequence(2)""],""plan_length"":8}","[""fetch"",""fetch"",""relocate"",""relocate""]","[""fetch"",""fetch"",""relocate"",""relocate""]",True,1.0,True,1.0,4,2,0.5,False,False,False,False,unchanged_failure
ood,433,"{""object_count"":1,""ordered_units"":[""fetch(bowl)"",""relocate(bowl,table)""],""plan_length"":5}","[""fetch"",""relocate""]","[""state_change""]",False,0.0,False,0.0,1,1,1.0,True,False,False,False,unchanged_failure
ood,434,"{""object_count"":2,""ordered_units"":[""fetch(bowl)"",""fetch(plate)"",""relocate(bowl,table)"",""relocate(plate,table)"",""multi_object_sequence(2)""],""plan_length"":8}","[""fetch"",""fetch"",""relocate"",""relocate""]","[""state_change"",""state_change"",""state_change"",""relocate"",""relocate""]",False,0.4444444444444444,False,0.5,5,3,0.6,False,False,False,False,unchanged_failure
ood,435,"{""object_count"":2,""ordered_units"":[""fetch(bowl)"",""fetch(plate)"",""relocate(bowl,table)"",""relocate(plate,table)"",""multi_object_sequence(2)""],""plan_length"":8}","[""fetch"",""fetch"",""relocate"",""relocate""]","[""state_change""]",False,0.0,False,0.0,1,1,1.0,True,False,False,False,unchanged_failure
ood,436,"{""object_count"":1,""ordered_units"":[""fetch(bowl)"",""relocate(bowl,table)""],""plan_length"":5}","[""fetch"",""relocate""]","[""fetch"",""fetch""]",False,0.5,False,0.5,2,2,1.0,True,False,False,False,unchanged_failure
ood,437,"{""object_count"":2,""ordered_units"":[""fetch(bowl)"",""fetch(plate)"",""relocate(bowl,table)"",""relocate(plate,table)"",""multi_object_sequence(2)""],""plan_length"":8}","[""fetch"",""fetch"",""relocate"",""relocate""]","[""state_change""]",False,0.0,False,0.0,1,1,1.0,True,False,False,False,unchanged_failure
ood,438,"{""object_count"":1,""ordered_units"":[""fetch(plate)"",""relocate(plate,table)""],""plan_length"":5}","[""fetch"",""relocate""]","[""state_change""]",False,0.0,False,0.0,1,1,1.0,True,False,False,False,unchanged_failure
ood,439,"{""object_count"":1,""ordered_units"":[""fetch(bowl)"",""relocate(bowl,table)""],""plan_length"":5}","[""fetch"",""relocate""]","[""fetch"",""fetch""]",False,0.5,False,0.5,2,1,0.5,False,False,False,False,unchanged_failure
ood,440,"{""object_count"":1,""ordered_units"":[""fetch(plate)"",""relocate(plate,table)""],""plan_length"":5}","[""fetch"",""relocate""]","[""state_change"",""state_change"",""relocate"",""relocate""]",False,0.3333333333333333,False,0.5,4,0,0.0,False,False,False,False,unchanged_failure
ood,441,"{""object_count"":2,""ordered_units"":[""fetch(bowl)"",""fetch(plate)"",""relocate(bowl,table)"",""relocate(plate,table)"",""multi_object_sequence(2)""],""plan_length"":8}","[""fetch"",""fetch"",""relocate"",""relocate""]","[""fetch""]",False,0.4,False,0.25,1,0,0.0,False,False,False,False,unchanged_failure
ood,442,"{""object_count"":1,""ordered_units"":[""fetch(plate)"",""relocate(plate,table)""],""plan_length"":5}","[""fetch"",""relocate""]","[""state_change"",""state_change"",""state_change"",""relocate"",""relocate""]",False,0.2857142857142857,False,0.5,5,3,0.6,False,False,False,False,unchanged_failure
ood,443,"{""object_count"":2,""ordered_units"":[""fetch(bowl)"",""fetch(plate)"",""relocate(bowl,table)"",""relocate(plate,table)"",""multi_object_sequence(2)""],""plan_length"":8}","[""fetch"",""fetch"",""relocate"",""relocate""]","[""fetch"",""fetch"",""relocate""]",False,0.8571428571428571,False,0.75,3,1,0.3333333333333333,False,False,False,False,unchanged_failure
ood,444,"{""object_count"":1,""ordered_units"":[""fetch(plate)"",""relocate(plate,table)""],""plan_length"":5}","[""fetch"",""relocate""]","[""state_change"",""fetch"",""relocate"",""fetch"",""relocate""]",False,0.5714285714285714,False,1.0,5,3,0.6,False,False,False,False,unchanged_failure
ood,445,"{""object_count"":1,""ordered_units"":[""fetch(plate)"",""relocate(plate,table)""],""plan_length"":5}","[""fetch"",""relocate""]","[""state_change"",""fetch"",""fetch"",""relocate""]",False,0.6666666666666666,False,1.0,4,3,0.75,False,False,False,False,unchanged_failure
ood,446,"{""object_count"":1,""ordered_units"":[""fetch(plate)"",""relocate(plate,table)""],""plan_length"":5}","[""fetch"",""relocate""]","[""state_change"",""fetch"",""relocate"",""fetch"",""relocate""]",False,0.5714285714285714,False,1.0,5,3,0.6,False,False,False,False,unchanged_failure
ood,447,"{""object_count"":1,""ordered_units"":[""fetch(plate)"",""relocate(plate,table)""],""plan_length"":5}","[""fetch"",""relocate""]","[""fetch""]",False,0.6666666666666666,False,0.5,1,1,1.0,True,False,False,False,unchanged_failure
ood,448,"{""object_count"":1,""ordered_units"":[""fetch(bowl)"",""relocate(bowl,table)""],""plan_length"":5}","[""fetch"",""relocate""]","[""state_change"",""fetch"",""relocate""]",False,0.8,False,1.0,3,3,1.0,True,False,False,False,unchanged_failure
ood,449,"{""object_count"":1,""ordered_units"":[""fetch(plate)"",""relocate(plate,table)""],""plan_length"":5}","[""fetch"",""relocate""]","[""state_change""]",False,0.0,False,0.0,1,1,1.0,True,False,False,False,unchanged_failure
ood,450,"{""object_count"":1,""ordered_units"":[""fetch(bowl)"",""relocate(bowl,table)""],""plan_length"":5}","[""fetch"",""relocate""]","[""state_change"",""fetch"",""relocate""]",False,0.8,False,1.0,3,3,1.0,True,False,False,False,unchanged_failure
ood,451,"{""object_count"":1,""ordered_units"":[""fetch(plate)"",""relocate(plate,table)""],""plan_length"":5}","[""fetch"",""relocate""]","[""fetch"",""relocate""]",True,1.0,True,1.0,2,0,0.0,False,False,False,False,unchanged_failure
ood,452,"{""object_count"":1,""ordered_units"":[""fetch(plate)"",""relocate(plate,table)""],""plan_length"":5}","[""fetch"",""relocate""]","[""fetch""]",False,0.6666666666666666,False,0.5,1,1,1.0,True,False,False,False,unchanged_failure
ood,453,"{""object_count"":1,""ordered_units"":[""fetch(bowl)"",""relocate(bowl,table)""],""plan_length"":5}","[""fetch"",""relocate""]","[""state_change"",""state_change"",""relocate"",""relocate""]",False,0.3333333333333333,False,0.5,4,2,0.5,False,False,False,False,unchanged_failure
ood,454,"{""object_count"":2,""ordered_units"":[""fetch(bowl)"",""fetch(plate)"",""relocate(bowl,table)"",""relocate(plate,table)"",""multi_object_sequence(2)""],""plan_length"":8}","[""fetch"",""fetch"",""relocate"",""relocate""]","[""fetch""]",False,0.4,False,0.25,1,1,1.0,True,False,False,False,unchanged_failure
ood,455,"{""object_count"":1,""ordered_units"":[""fetch(plate)"",""relocate(plate,table)""],""plan_length"":5}","[""fetch"",""relocate""]","[""fetch""]",False,0.6666666666666666,False,0.5,1,1,1.0,True,False,False,False,unchanged_failure
ood,456,"{""object_count"":1,""ordered_units"":[""fetch(bowl)"",""relocate(bowl,table)""],""plan_length"":5}","[""fetch"",""relocate""]","[""state_change"",""fetch"",""fetch"",""relocate""]",False,0.6666666666666666,False,1.0,4,3,0.75,False,False,False,False,unchanged_failure
ood,457,"{""object_count"":2,""ordered_units"":[""fetch(bowl)"",""fetch(plate)"",""relocate(bowl,table)"",""relocate(plate,table)"",""multi_object_sequence(2)""],""plan_length"":8}","[""fetch"",""fetch"",""relocate"",""relocate""]","[""fetch"",""fetch"",""relocate"",""relocate""]",True,1.0,True,1.0,4,2,0.5,False,False,False,False,unchanged_failure
ood,458,"{""object_count"":2,""ordered_units"":[""fetch(bowl)"",""fetch(plate)"",""relocate(bowl,table)"",""relocate(plate,table)"",""multi_object_sequence(2)""],""plan_length"":8}","[""fetch"",""fetch"",""relocate"",""relocate""]","[""fetch""]",False,0.4,False,0.25,1,1,1.0,True,False,False,False,unchanged_failure
ood,459,"{""object_count"":1,""ordered_units"":[""fetch(plate)"",""relocate(plate,table)""],""plan_length"":5}","[""fetch"",""relocate""]","[""state_change"",""state_change"",""state_change"",""relocate"",""relocate""]",False,0.2857142857142857,False,0.5,5,3,0.6,False,False,False,False,unchanged_failure
ood,460,"{""object_count"":1,""ordered_units"":[""fetch(plate)"",""relocate(plate,table)""],""plan_length"":5}","[""fetch"",""relocate""]","[""state_change"",""state_change"",""state_change"",""relocate"",""relocate""]",False,0.2857142857142857,False,0.5,5,3,0.6,False,False,False,False,unchanged_failure
ood,461,"{""object_count"":1,""ordered_units"":[""fetch(plate)"",""relocate(plate,table)""],""plan_length"":5}","[""fetch"",""relocate""]","[""state_change"",""state_change"",""fetch"",""relocate""]",False,0.6666666666666666,False,1.0,4,1,0.25,False,False,False,False,unchanged_failure
ood,462,"{""object_count"":2,""ordered_units"":[""fetch(bowl)"",""fetch(plate)"",""relocate(bowl,table)"",""relocate(plate,table)"",""multi_object_sequence(2)""],""plan_length"":8}","[""fetch"",""fetch"",""relocate"",""relocate""]","[""state_change"",""state_change"",""state_change"",""fetch"",""fetch"",""relocate"",""relocate""]",False,0.7272727272727273,False,1.0,7,3,0.42857142857142855,False,False,False,False,unchanged_failure
ood,463,"{""object_count"":1,""ordered_units"":[""fetch(bowl)"",""relocate(bowl,table)""],""plan_length"":5}","[""fetch"",""relocate""]","[""state_change""]",False,0.0,False,0.0,1,1,1.0,True,False,False,False,unchanged_failure
ood,464,"{""object_count"":2,""ordered_units"":[""fetch(bowl)"",""fetch(plate)"",""relocate(bowl,table)"",""relocate(plate,table)"",""multi_object_sequence(2)""],""plan_length"":8}","[""fetch"",""fetch"",""relocate"",""relocate""]","[""fetch""]",False,0.4,False,0.25,1,1,1.0,True,False,False,False,unchanged_failure
ood,465,"{""object_count"":1,""ordered_units"":[""fetch(plate)"",""relocate(plate,table)""],""plan_length"":5}","[""fetch"",""relocate""]","[""state_change"",""state_change"",""state_change"",""fetch"",""fetch"",""relocate"",""relocate""]",False,0.4444444444444444,False,1.0,7,3,0.42857142857142855,False,False,False,False,unchanged_failure
ood,466,"{""object_count"":1,""ordered_units"":[""fetch(bowl)"",""relocate(bowl,table)""],""plan_length"":5}","[""fetch"",""relocate""]","[""fetch"",""fetch"",""relocate""]",False,0.8,False,1.0,3,2,0.6666666666666666,False,False,False,False,unchanged_failure
ood,467,"{""object_count"":1,""ordered_units"":[""fetch(bowl)"",""relocate(bowl,table)""],""plan_length"":5}","[""fetch"",""relocate""]","[""fetch"",""fetch"",""relocate"",""relocate""]",False,0.6666666666666666,False,1.0,4,2,0.5,False,False,False,False,unchanged_failure
ood,468,"{""object_count"":2,""ordered_units"":[""fetch(bowl)"",""fetch(plate)"",""relocate(bowl,table)"",""relocate(plate,table)"",""multi_object_sequence(2)""],""plan_length"":8}","[""fetch"",""fetch"",""relocate"",""relocate""]","[""state_change""]",False,0.0,False,0.0,1,1,1.0,True,False,False,False,unchanged_failure
ood,469,"{""object_count"":2,""ordered_units"":[""fetch(bowl)"",""fetch(plate)"",""relocate(bowl,table)"",""relocate(plate,table)"",""multi_object_sequence(2)""],""plan_length"":8}","[""fetch"",""fetch"",""relocate"",""relocate""]","[""state_change""]",False,0.0,False,0.0,1,1,1.0,True,False,False,False,unchanged_failure
ood,470,"{""object_count"":2,""ordered_units"":[""fetch(bowl)"",""fetch(plate)"",""relocate(bowl,table)"",""relocate(plate,table)"",""multi_object_sequence(2)""],""plan_length"":8}","[""fetch"",""fetch"",""relocate"",""relocate""]","[""fetch""]",False,0.4,False,0.25,1,0,0.0,False,False,False,False,unchanged_failure
ood,471,"{""object_count"":2,""ordered_units"":[""fetch(bowl)"",""fetch(plate)"",""relocate(bowl,table)"",""relocate(plate,table)"",""multi_object_sequence(2)""],""plan_length"":8}","[""fetch"",""fetch"",""relocate"",""relocate""]","[""fetch""]",False,0.4,False,0.25,1,1,1.0,True,False,False,False,unchanged_failure
ood,472,"{""object_count"":1,""ordered_units"":[""fetch(plate)"",""relocate(plate,table)""],""plan_length"":5}","[""fetch"",""relocate""]","[""state_change"",""state_change"",""relocate"",""relocate""]",False,0.3333333333333333,False,0.5,4,0,0.0,False,False,False,False,unchanged_failure
ood,473,"{""object_count"":1,""ordered_units"":[""fetch(plate)"",""relocate(plate,table)""],""plan_length"":5}","[""fetch"",""relocate""]","[""state_change"",""fetch"",""fetch"",""relocate""]",False,0.6666666666666666,False,1.0,4,3,0.75,False,False,False,False,unchanged_failure
ood,474,"{""object_count"":2,""ordered_units"":[""fetch(bowl)"",""fetch(plate)"",""relocate(bowl,table)"",""relocate(plate,table)"",""multi_object_sequence(2)""],""plan_length"":8}","[""fetch"",""fetch"",""relocate"",""relocate""]","[""state_change"",""fetch"",""relocate"",""fetch"",""relocate""]",False,0.8888888888888888,False,0.75,5,3,0.6,False,False,False,False,unchanged_failure
ood,475,"{""object_count"":2,""ordered_units"":[""fetch(bowl)"",""fetch(plate)"",""relocate(bowl,table)"",""relocate(plate,table)"",""multi_object_sequence(2)""],""plan_length"":8}","[""fetch"",""fetch"",""relocate"",""relocate""]","[""state_change"",""state_change"",""relocate"",""relocate""]",False,0.5,False,0.5,4,1,0.25,False,False,False,False,unchanged_failure
ood,476,"{""object_count"":2,""ordered_units"":[""fetch(bowl)"",""fetch(plate)"",""relocate(bowl,table)"",""relocate(plate,table)"",""multi_object_sequence(2)""],""plan_length"":8}","[""fetch"",""fetch"",""relocate"",""relocate""]","[""fetch"",""fetch"",""relocate"",""relocate""]",True,1.0,True,1.0,4,2,0.5,False,False,False,False,unchanged_failure
ood,477,"{""object_count"":1,""ordered_units"":[""fetch(plate)"",""relocate(plate,table)""],""plan_length"":5}","[""fetch"",""relocate""]","[""state_change""]",False,0.0,False,0.0,1,1,1.0,True,False,False,False,unchanged_failure
ood,478,"{""object_count"":1,""ordered_units"":[""fetch(plate)"",""relocate(plate,table)""],""plan_length"":5}","[""fetch"",""relocate""]","[""state_change"",""state_change"",""fetch"",""relocate""]",False,0.6666666666666666,False,1.0,4,1,0.25,False,False,False,False,unchanged_failure
ood,479,"{""object_count"":1,""ordered_units"":[""fetch(plate)"",""relocate(plate,table)""],""plan_length"":5}","[""fetch"",""relocate""]","[""fetch""]",False,0.6666666666666666,False,0.5,1,1,1.0,True,False,False,False,unchanged_failure
ood,480,"{""object_count"":2,""ordered_units"":[""fetch(bowl)"",""fetch(plate)"",""relocate(bowl,table)"",""relocate(plate,table)"",""multi_object_sequence(2)""],""plan_length"":8}","[""fetch"",""fetch"",""relocate"",""relocate""]","[""state_change"",""fetch"",""relocate"",""fetch"",""relocate""]",False,0.8888888888888888,False,0.75,5,3,0.6,False,False,False,False,unchanged_failure
ood,481,"{""object_count"":2,""ordered_units"":[""fetch(bowl)"",""fetch(plate)"",""relocate(bowl,table)"",""relocate(plate,table)"",""multi_object_sequence(2)""],""plan_length"":8}","[""fetch"",""fetch"",""relocate"",""relocate""]","[""state_change""]",False,0.0,False,0.0,1,1,1.0,True,False,False,False,unchanged_failure
ood,482,"{""object_count"":1,""ordered_units"":[""fetch(bowl)"",""relocate(bowl,table)""],""plan_length"":5}","[""fetch"",""relocate""]","[""fetch""]",False,0.6666666666666666,False,0.5,1,1,1.0,True,False,False,False,unchanged_failure
ood,483,"{""object_count"":2,""ordered_units"":[""fetch(bowl)"",""fetch(plate)"",""relocate(bowl,table)"",""relocate(plate,table)"",""multi_object_sequence(2)""],""plan_length"":8}","[""fetch"",""fetch"",""relocate"",""relocate""]","[""fetch"",""fetch"",""relocate""]",False,0.8571428571428571,False,0.75,3,2,0.6666666666666666,False,False,False,False,unchanged_failure
ood,484,"{""object_count"":1,""ordered_units"":[""fetch(plate)"",""relocate(plate,table)""],""plan_length"":5}","[""fetch"",""relocate""]","[""state_change"",""fetch"",""relocate"",""fetch"",""relocate""]",False,0.5714285714285714,False,1.0,5,3,0.6,False,False,False,False,unchanged_failure
ood,485,"{""object_count"":1,""ordered_units"":[""fetch(bowl)"",""relocate(bowl,table)""],""plan_length"":5}","[""fetch"",""relocate""]","[""state_change"",""fetch"",""relocate""]",False,0.8,False,1.0,3,3,1.0,True,False,False,False,unchanged_failure
ood,486,"{""object_count"":1,""ordered_units"":[""fetch(plate)"",""relocate(plate,table)""],""plan_length"":5}","[""fetch"",""relocate""]","[""fetch"",""relocate""]",True,1.0,True,1.0,2,0,0.0,False,False,False,False,unchanged_failure
ood,487,"{""object_count"":1,""ordered_units"":[""fetch(bowl)"",""relocate(bowl,table)""],""plan_length"":5}","[""fetch"",""relocate""]","[""fetch""]",False,0.6666666666666666,False,0.5,1,1,1.0,True,False,False,False,unchanged_failure
ood,488,"{""object_count"":1,""ordered_units"":[""fetch(plate)"",""relocate(plate,table)""],""plan_length"":5}","[""fetch"",""relocate""]","[""state_change"",""state_change"",""fetch"",""relocate""]",False,0.6666666666666666,False,1.0,4,1,0.25,False,False,False,False,unchanged_failure
ood,489,"{""object_count"":1,""ordered_units"":[""fetch(bowl)"",""relocate(bowl,table)""],""plan_length"":5}","[""fetch"",""relocate""]","[""fetch""]",False,0.6666666666666666,False,0.5,1,1,1.0,True,False,False,False,unchanged_failure
ood,490,"{""object_count"":1,""ordered_units"":[""fetch(bowl)"",""relocate(bowl,table)""],""plan_length"":5}","[""fetch"",""relocate""]","[""fetch""]",False,0.6666666666666666,False,0.5,1,1,1.0,True,False,False,False,unchanged_failure
ood,491,"{""object_count"":2,""ordered_units"":[""fetch(bowl)"",""fetch(plate)"",""relocate(bowl,table)"",""relocate(plate,table)"",""multi_object_sequence(2)""],""plan_length"":8}","[""fetch"",""fetch"",""relocate"",""relocate""]","[""state_change""]",False,0.0,False,0.0,1,1,1.0,True,False,False,False,unchanged_failure
ood,492,"{""object_count"":1,""ordered_units"":[""fetch(plate)"",""relocate(plate,table)""],""plan_length"":5}","[""fetch"",""relocate""]","[""state_change""]",False,0.0,False,0.0,1,1,1.0,True,False,False,False,unchanged_failure
ood,493,"{""object_count"":1,""ordered_units"":[""fetch(bowl)"",""relocate(bowl,table)""],""plan_length"":5}","[""fetch"",""relocate""]","[""fetch"",""fetch""]",False,0.5,False,0.5,2,1,0.5,False,False,False,False,unchanged_failure
ood,494,"{""object_count"":2,""ordered_units"":[""fetch(bowl)"",""fetch(plate)"",""relocate(bowl,table)"",""relocate(plate,table)"",""multi_object_sequence(2)""],""plan_length"":8}","[""fetch"",""fetch"",""relocate"",""relocate""]","[""state_change"",""state_change"",""state_change"",""relocate"",""relocate""]",False,0.4444444444444444,False,0.5,5,3,0.6,False,False,False,False,unchanged_failure
ood,495,"{""object_count"":1,""ordered_units"":[""fetch(plate)"",""relocate(plate,table)""],""plan_length"":5}","[""fetch"",""relocate""]","[""state_change"",""state_change"",""state_change"",""relocate"",""relocate""]",False,0.2857142857142857,False,0.5,5,3,0.6,False,False,False,False,unchanged_failure
ood,496,"{""object_count"":1,""ordered_units"":[""fetch(bowl)"",""relocate(bowl,table)""],""plan_length"":5}","[""fetch"",""relocate""]","[""state_change"",""state_change"",""relocate"",""relocate""]",False,0.3333333333333333,False,0.5,4,2,0.5,False,False,False,False,unchanged_failure
ood,497,"{""object_count"":1,""ordered_units"":[""fetch(plate)"",""relocate(plate,table)""],""plan_length"":5}","[""fetch"",""relocate""]","[""state_change"",""state_change"",""state_change"",""relocate"",""relocate""]",False,0.2857142857142857,False,0.5,5,3,0.6,False,False,False,False,unchanged_failure
ood,498,"{""object_count"":1,""ordered_units"":[""fetch(bowl)"",""relocate(bowl,table)""],""plan_length"":5}","[""fetch"",""relocate""]","[""state_change"",""state_change"",""relocate"",""relocate""]",False,0.3333333333333333,False,0.5,4,2,0.5,False,False,False,False,unchanged_failure
ood,499,"{""object_count"":1,""ordered_units"":[""fetch(plate)"",""relocate(plate,table)""],""plan_length"":5}","[""fetch"",""relocate""]","[""fetch""]",False,0.6666666666666666,False,0.5,1,1,1.0,True,False,False,False,unchanged_failure
ood,500,"{""object_count"":1,""ordered_units"":[""fetch(bowl)"",""relocate(bowl,table)""],""plan_length"":5}","[""fetch"",""relocate""]","[""fetch"",""fetch"",""relocate""]",False,0.8,False,1.0,3,2,0.6666666666666666,False,False,False,False,unchanged_failure
ood,501,"{""object_count"":1,""ordered_units"":[""fetch(plate)"",""relocate(plate,table)""],""plan_length"":5}","[""fetch"",""relocate""]","[""state_change"",""fetch"",""relocate"",""fetch"",""relocate""]",False,0.5714285714285714,False,1.0,5,3,0.6,False,False,False,False,unchanged_failure
ood,502,"{""object_count"":1,""ordered_units"":[""fetch(plate)"",""relocate(plate,table)""],""plan_length"":5}","[""fetch"",""relocate""]","[""fetch"",""relocate""]",True,1.0,True,1.0,2,0,0.0,False,False,False,False,unchanged_failure
ood,503,"{""object_count"":2,""ordered_units"":[""fetch(bowl)"",""fetch(plate)"",""relocate(bowl,table)"",""relocate(plate,table)"",""multi_object_sequence(2)""],""plan_length"":8}","[""fetch"",""fetch"",""relocate"",""relocate""]","[""state_change"",""state_change"",""relocate"",""relocate""]",False,0.5,False,0.5,4,2,0.5,False,False,False,False,unchanged_failure
ood,504,"{""object_count"":1,""ordered_units"":[""fetch(plate)"",""relocate(plate,table)""],""plan_length"":5}","[""fetch"",""relocate""]","[""fetch""]",False,0.6666666666666666,False,0.5,1,1,1.0,True,False,False,False,unchanged_failure
ood,505,"{""object_count"":1,""ordered_units"":[""fetch(plate)"",""relocate(plate,table)""],""plan_length"":5}","[""fetch"",""relocate""]","[""state_change"",""state_change"",""state_change"",""relocate"",""relocate""]",False,0.2857142857142857,False,0.5,5,3,0.6,False,False,False,False,unchanged_failure
ood,506,"{""object_count"":2,""ordered_units"":[""fetch(bowl)"",""fetch(plate)"",""relocate(bowl,table)"",""relocate(plate,table)"",""multi_object_sequence(2)""],""plan_length"":8}","[""fetch"",""fetch"",""relocate"",""relocate""]","[""state_change"",""state_change"",""relocate"",""relocate""]",False,0.5,False,0.5,4,2,0.5,False,False,False,False,unchanged_failure
ood,507,"{""object_count"":2,""ordered_units"":[""fetch(bowl)"",""fetch(plate)"",""relocate(bowl,table)"",""relocate(plate,table)"",""multi_object_sequence(2)""],""plan_length"":8}","[""fetch"",""fetch"",""relocate"",""relocate""]","[""state_change""]",False,0.0,False,0.0,1,1,1.0,True,False,False,False,unchanged_failure
ood,508,"{""object_count"":1,""ordered_units"":[""fetch(bowl)"",""relocate(bowl,table)""],""plan_length"":5}","[""fetch"",""relocate""]","[""fetch""]",False,0.6666666666666666,False,0.5,1,1,1.0,True,False,False,False,unchanged_failure
ood,509,"{""object_count"":1,""ordered_units"":[""fetch(plate)"",""relocate(plate,table)""],""plan_length"":5}","[""fetch"",""relocate""]","[""state_change"",""state_change"",""state_change"",""relocate"",""relocate""]",False,0.2857142857142857,False,0.5,5,3,0.6,False,False,False,False,unchanged_failure
ood,510,"{""object_count"":1,""ordered_units"":[""fetch(bowl)"",""relocate(bowl,table)""],""plan_length"":5}","[""fetch"",""relocate""]","[""state_change"",""fetch"",""fetch"",""relocate""]",False,0.6666666666666666,False,1.0,4,3,0.75,False,False,False,False,unchanged_failure
ood,511,"{""object_count"":1,""ordered_units"":[""fetch(bowl)"",""relocate(bowl,table)""],""plan_length"":5}","[""fetch"",""relocate""]","[""state_change""]",False,0.0,False,0.0,1,1,1.0,True,False,False,False,unchanged_failure
ood,512,"{""object_count"":1,""ordered_units"":[""fetch(plate)"",""relocate(plate,table)""],""plan_length"":5}","[""fetch"",""relocate""]","[""fetch"",""relocate""]",True,1.0,True,1.0,2,0,0.0,False,False,False,False,unchanged_failure
ood,513,"{""object_count"":2,""ordered_units"":[""fetch(bowl)"",""fetch(plate)"",""relocate(bowl,table)"",""relocate(plate,table)"",""multi_object_sequence(2)""],""plan_length"":8}","[""fetch"",""fetch"",""relocate"",""relocate""]","[""state_change"",""state_change"",""relocate"",""relocate""]",False,0.5,False,0.5,4,2,0.5,False,False,False,False,unchanged_failure
ood,514,"{""object_count"":2,""ordered_units"":[""fetch(bowl)"",""fetch(plate)"",""relocate(bowl,table)"",""relocate(plate,table)"",""multi_object_sequence(2)""],""plan_length"":8}","[""fetch"",""fetch"",""relocate"",""relocate""]","[""fetch""]",False,0.4,False,0.25,1,0,0.0,False,False,False,False,unchanged_failure
ood,515,"{""object_count"":1,""ordered_units"":[""fetch(plate)"",""relocate(plate,table)""],""plan_length"":5}","[""fetch"",""relocate""]","[""fetch""]",False,0.6666666666666666,False,0.5,1,1,1.0,True,False,False,False,unchanged_failure
ood,516,"{""object_count"":1,""ordered_units"":[""fetch(plate)"",""relocate(plate,table)""],""plan_length"":5}","[""fetch"",""relocate""]","[""fetch""]",False,0.6666666666666666,False,0.5,1,1,1.0,True,False,False,False,unchanged_failure
ood,517,"{""object_count"":1,""ordered_units"":[""fetch(bowl)"",""relocate(bowl,table)""],""plan_length"":5}","[""fetch"",""relocate""]","[""state_change"",""fetch"",""relocate""]",False,0.8,False,1.0,3,3,1.0,True,False,False,False,unchanged_failure
ood,518,"{""object_count"":1,""ordered_units"":[""fetch(bowl)"",""relocate(bowl,table)""],""plan_length"":5}","[""fetch"",""relocate""]","[""fetch"",""fetch"",""relocate""]",False,0.8,False,1.0,3,2,0.6666666666666666,False,False,False,False,unchanged_failure
ood,519,"{""object_count"":1,""ordered_units"":[""fetch(plate)"",""relocate(plate,table)""],""plan_length"":5}","[""fetch"",""relocate""]","[""state_change""]",False,0.0,False,0.0,1,1,1.0,True,False,False,False,unchanged_failure
ood,520,"{""object_count"":1,""ordered_units"":[""fetch(plate)"",""relocate(plate,table)""],""plan_length"":5}","[""fetch"",""relocate""]","[""state_change"",""state_change"",""fetch"",""relocate""]",False,0.6666666666666666,False,1.0,4,1,0.25,False,False,False,False,unchanged_failure
ood,521,"{""object_count"":1,""ordered_units"":[""fetch(bowl)"",""relocate(bowl,table)""],""plan_length"":5}","[""fetch"",""relocate""]","[""state_change""]",False,0.0,False,0.0,1,1,1.0,True,False,False,False,unchanged_failure
ood,522,"{""object_count"":1,""ordered_units"":[""fetch(bowl)"",""relocate(bowl,table)""],""plan_length"":5}","[""fetch"",""relocate""]","[""state_change""]",False,0.0,False,0.0,1,1,1.0,True,False,False,True,fix
ood,523,"{""object_count"":1,""ordered_units"":[""fetch(bowl)"",""relocate(bowl,table)""],""plan_length"":5}","[""fetch"",""relocate""]","[""state_change"",""fetch"",""fetch"",""relocate""]",False,0.6666666666666666,False,1.0,4,3,0.75,False,False,False,False,unchanged_failure
ood,524,"{""object_count"":1,""ordered_units"":[""fetch(bowl)"",""relocate(bowl,table)""],""plan_length"":5}","[""fetch"",""relocate""]","[""fetch""]",False,0.6666666666666666,False,0.5,1,1,1.0,True,False,False,False,unchanged_failure
ood,525,"{""object_count"":1,""ordered_units"":[""fetch(bowl)"",""relocate(bowl,table)""],""plan_length"":5}","[""fetch"",""relocate""]","[""fetch""]",False,0.6666666666666666,False,0.5,1,1,1.0,True,False,False,False,unchanged_failure
ood,526,"{""object_count"":1,""ordered_units"":[""fetch(bowl)"",""relocate(bowl,table)""],""plan_length"":5}","[""fetch"",""relocate""]","[""state_change"",""fetch"",""relocate""]",False,0.8,False,1.0,3,3,1.0,True,False,False,False,unchanged_failure
ood,527,"{""object_count"":2,""ordered_units"":[""fetch(bowl)"",""fetch(plate)"",""relocate(bowl,table)"",""relocate(plate,table)"",""multi_object_sequence(2)""],""plan_length"":8}","[""fetch"",""fetch"",""relocate"",""relocate""]","[""state_change"",""fetch"",""relocate"",""fetch"",""relocate""]",False,0.8888888888888888,False,0.75,5,3,0.6,False,False,False,False,unchanged_failure
ood,528,"{""object_count"":2,""ordered_units"":[""fetch(bowl)"",""fetch(plate)"",""relocate(bowl,table)"",""relocate(plate,table)"",""multi_object_sequence(2)""],""plan_length"":8}","[""fetch"",""fetch"",""relocate"",""relocate""]","[""fetch"",""fetch"",""relocate"",""relocate""]",True,1.0,True,1.0,4,2,0.5,False,False,False,False,unchanged_failure
ood,529,"{""object_count"":1,""ordered_units"":[""fetch(plate)"",""relocate(plate,table)""],""plan_length"":5}","[""fetch"",""relocate""]","[""state_change"",""fetch"",""fetch"",""relocate""]",False,0.6666666666666666,False,1.0,4,3,0.75,False,False,False,False,unchanged_failure
ood,530,"{""object_count"":1,""ordered_units"":[""fetch(plate)"",""relocate(plate,table)""],""plan_length"":5}","[""fetch"",""relocate""]","[""state_change"",""state_change"",""relocate"",""relocate""]",False,0.3333333333333333,False,0.5,4,0,0.0,False,False,False,False,unchanged_failure
ood,531,"{""object_count"":1,""ordered_units"":[""fetch(bowl)"",""relocate(bowl,table)""],""plan_length"":5}","[""fetch"",""relocate""]","[""fetch"",""fetch""]",False,0.5,False,0.5,2,1,0.5,False,False,False,False,unchanged_failure
ood,532,"{""object_count"":1,""ordered_units"":[""fetch(bowl)"",""relocate(bowl,table)""],""plan_length"":5}","[""fetch"",""relocate""]","[""state_change"",""fetch"",""fetch"",""relocate""]",False,0.6666666666666666,False,1.0,4,3,0.75,False,False,False,False,unchanged_failure
ood,533,"{""object_count"":1,""ordered_units"":[""fetch(bowl)"",""relocate(bowl,table)""],""plan_length"":5}","[""fetch"",""relocate""]","[""fetch"",""fetch""]",False,0.5,False,0.5,2,1,0.5,False,False,False,False,unchanged_failure
ood,534,"{""object_count"":1,""ordered_units"":[""fetch(bowl)"",""relocate(bowl,table)""],""plan_length"":5}","[""fetch"",""relocate""]","[""fetch"",""fetch"",""relocate"",""relocate""]",False,0.6666666666666666,False,1.0,4,2,0.5,False,False,False,False,unchanged_failure
ood,535,"{""object_count"":1,""ordered_units"":[""fetch(bowl)"",""relocate(bowl,table)""],""plan_length"":5}","[""fetch"",""relocate""]","[""fetch""]",False,0.6666666666666666,False,0.5,1,1,1.0,True,False,False,False,unchanged_failure
ood,536,"{""object_count"":1,""ordered_units"":[""fetch(bowl)"",""relocate(bowl,table)""],""plan_length"":5}","[""fetch"",""relocate""]","[""state_change"",""fetch"",""relocate""]",False,0.8,False,1.0,3,3,1.0,True,False,False,False,unchanged_failure
ood,537,"{""object_count"":2,""ordered_units"":[""fetch(bowl)"",""fetch(plate)"",""relocate(bowl,table)"",""relocate(plate,table)"",""multi_object_sequence(2)""],""plan_length"":8}","[""fetch"",""fetch"",""relocate"",""relocate""]","[""state_change"",""state_change"",""relocate"",""relocate""]",False,0.5,False,0.5,4,2,0.5,False,False,False,False,unchanged_failure
ood,538,"{""object_count"":2,""ordered_units"":[""fetch(bowl)"",""fetch(plate)"",""relocate(bowl,table)"",""relocate(plate,table)"",""multi_object_sequence(2)""],""plan_length"":8}","[""fetch"",""fetch"",""relocate"",""relocate""]","[""fetch""]",False,0.4,False,0.25,1,0,0.0,False,False,False,False,unchanged_failure
ood,539,"{""object_count"":2,""ordered_units"":[""fetch(bowl)"",""fetch(plate)"",""relocate(bowl,table)"",""relocate(plate,table)"",""multi_object_sequence(2)""],""plan_length"":8}","[""fetch"",""fetch"",""relocate"",""relocate""]","[""fetch"",""fetch"",""relocate""]",False,0.8571428571428571,False,0.75,3,1,0.3333333333333333,False,False,False,False,unchanged_failure
ood,540,"{""object_count"":1,""ordered_units"":[""fetch(plate)"",""relocate(plate,table)""],""plan_length"":5}","[""fetch"",""relocate""]","[""fetch"",""relocate""]",True,1.0,True,1.0,2,0,0.0,False,False,False,False,unchanged_failure
ood,541,"{""object_count"":1,""ordered_units"":[""fetch(bowl)"",""relocate(bowl,table)""],""plan_length"":5}","[""fetch"",""relocate""]","[""state_change""]",False,0.0,False,0.0,1,1,1.0,True,False,False,False,unchanged_failure
ood,542,"{""object_count"":1,""ordered_units"":[""fetch(plate)"",""relocate(plate,table)""],""plan_length"":5}","[""fetch"",""relocate""]","[""state_change"",""state_change"",""fetch"",""relocate""]",False,0.6666666666666666,False,1.0,4,1,0.25,False,False,False,False,unchanged_failure
ood,543,"{""object_count"":1,""ordered_units"":[""fetch(bowl)"",""relocate(bowl,table)""],""plan_length"":5}","[""fetch"",""relocate""]","[""state_change"",""fetch"",""fetch"",""relocate""]",False,0.6666666666666666,False,1.0,4,3,0.75,False,False,False,False,unchanged_failure
ood,544,"{""object_count"":2,""ordered_units"":[""fetch(bowl)"",""fetch(plate)"",""relocate(bowl,table)"",""relocate(plate,table)"",""multi_object_sequence(2)""],""plan_length"":8}","[""fetch"",""fetch"",""relocate"",""relocate""]","[""fetch""]",False,0.4,False,0.25,1,1,1.0,True,False,False,False,unchanged_failure
ood,545,"{""object_count"":1,""ordered_units"":[""fetch(plate)"",""relocate(plate,table)""],""plan_length"":5}","[""fetch"",""relocate""]","[""state_change"",""state_change"",""relocate"",""relocate""]",False,0.3333333333333333,False,0.5,4,0,0.0,False,False,False,False,unchanged_failure
ood,546,"{""object_count"":2,""ordered_units"":[""fetch(bowl)"",""fetch(plate)"",""relocate(bowl,table)"",""relocate(plate,table)"",""multi_object_sequence(2)""],""plan_length"":8}","[""fetch"",""fetch"",""relocate"",""relocate""]","[""fetch""]",False,0.4,False,0.25,1,1,1.0,True,False,False,False,unchanged_failure
ood,547,"{""object_count"":2,""ordered_units"":[""fetch(bowl)"",""fetch(plate)"",""relocate(bowl,table)"",""relocate(plate,table)"",""multi_object_sequence(2)""],""plan_length"":8}","[""fetch"",""fetch"",""relocate"",""relocate""]","[""fetch""]",False,0.4,False,0.25,1,1,1.0,True,False,False,False,unchanged_failure
ood,548,"{""object_count"":2,""ordered_units"":[""fetch(bowl)"",""fetch(plate)"",""relocate(bowl,table)"",""relocate(plate,table)"",""multi_object_sequence(2)""],""plan_length"":8}","[""fetch"",""fetch"",""relocate"",""relocate""]","[""fetch""]",False,0.4,False,0.25,1,1,1.0,True,False,False,False,unchanged_failure
ood,549,"{""object_count"":2,""ordered_units"":[""fetch(bowl)"",""fetch(plate)"",""relocate(bowl,table)"",""relocate(plate,table)"",""multi_object_sequence(2)""],""plan_length"":8}","[""fetch"",""fetch"",""relocate"",""relocate""]","[""fetch""]",False,0.4,False,0.25,1,0,0.0,False,False,False,False,unchanged_failure
ood,550,"{""object_count"":1,""ordered_units"":[""fetch(plate)"",""relocate(plate,table)""],""plan_length"":5}","[""fetch"",""relocate""]","[""fetch""]",False,0.6666666666666666,False,0.5,1,1,1.0,True,False,False,False,unchanged_failure
ood,551,"{""object_count"":1,""ordered_units"":[""fetch(bowl)"",""relocate(bowl,table)""],""plan_length"":5}","[""fetch"",""relocate""]","[""state_change"",""state_change"",""relocate"",""relocate""]",False,0.3333333333333333,False,0.5,4,2,0.5,False,False,False,False,unchanged_failure
ood,552,"{""object_count"":1,""ordered_units"":[""fetch(plate)"",""relocate(plate,table)""],""plan_length"":5}","[""fetch"",""relocate""]","[""state_change"",""fetch"",""fetch"",""relocate""]",False,0.6666666666666666,False,1.0,4,3,0.75,False,False,False,False,unchanged_failure
ood,553,"{""object_count"":1,""ordered_units"":[""fetch(bowl)"",""relocate(bowl,table)""],""plan_length"":5}","[""fetch"",""relocate""]","[""fetch"",""fetch""]",False,0.5,False,0.5,2,1,0.5,False,False,False,False,unchanged_failure
ood,554,"{""object_count"":1,""ordered_units"":[""fetch(plate)"",""relocate(plate,table)""],""plan_length"":5}","[""fetch"",""relocate""]","[""state_change""]",False,0.0,False,0.0,1,1,1.0,True,False,False,False,unchanged_failure
ood,555,"{""object_count"":1,""ordered_units"":[""fetch(bowl)"",""relocate(bowl,table)""],""plan_length"":5}","[""fetch"",""relocate""]","[""state_change"",""state_change"",""relocate"",""relocate""]",False,0.3333333333333333,False,0.5,4,2,0.5,False,False,False,False,unchanged_failure
ood,556,"{""object_count"":1,""ordered_units"":[""fetch(bowl)"",""relocate(bowl,table)""],""plan_length"":5}","[""fetch"",""relocate""]","[""fetch"",""fetch"",""relocate""]",False,0.8,False,1.0,3,2,0.6666666666666666,False,False,False,False,unchanged_failure
ood,557,"{""object_count"":1,""ordered_units"":[""fetch(bowl)"",""relocate(bowl,table)""],""plan_length"":5}","[""fetch"",""relocate""]","[""fetch"",""fetch""]",False,0.5,False,0.5,2,1,0.5,False,False,False,False,unchanged_failure
ood,558,"{""object_count"":1,""ordered_units"":[""fetch(plate)"",""relocate(plate,table)""],""plan_length"":5}","[""fetch"",""relocate""]","[""state_change"",""fetch"",""relocate"",""fetch"",""relocate""]",False,0.5714285714285714,False,1.0,5,3,0.6,False,False,False,False,unchanged_failure
ood,559,"{""object_count"":1,""ordered_units"":[""fetch(plate)"",""relocate(plate,table)""],""plan_length"":5}","[""fetch"",""relocate""]","[""state_change"",""fetch"",""relocate"",""fetch"",""relocate""]",False,0.5714285714285714,False,1.0,5,3,0.6,False,False,False,False,unchanged_failure
ood,560,"{""object_count"":1,""ordered_units"":[""fetch(bowl)"",""relocate(bowl,table)""],""plan_length"":5}","[""fetch"",""relocate""]","[""fetch"",""fetch"",""relocate"",""relocate""]",False,0.6666666666666666,False,1.0,4,2,0.5,False,False,False,False,unchanged_failure
ood,561,"{""object_count"":2,""ordered_units"":[""fetch(bowl)"",""fetch(plate)"",""relocate(bowl,table)"",""relocate(plate,table)"",""multi_object_sequence(2)""],""plan_length"":8}","[""fetch"",""fetch"",""relocate"",""relocate""]","[""fetch"",""fetch"",""relocate"",""relocate""]",True,1.0,True,1.0,4,2,0.5,False,False,False,False,unchanged_failure
ood,562,"{""object_count"":2,""ordered_units"":[""fetch(bowl)"",""fetch(plate)"",""relocate(bowl,table)"",""relocate(plate,table)"",""multi_object_sequence(2)""],""plan_length"":8}","[""fetch"",""fetch"",""relocate"",""relocate""]","[""fetch""]",False,0.4,False,0.25,1,0,0.0,False,False,False,False,unchanged_failure
ood,563,"{""object_count"":1,""ordered_units"":[""fetch(plate)"",""relocate(plate,table)""],""plan_length"":5}","[""fetch"",""relocate""]","[""state_change"",""state_change"",""state_change"",""relocate"",""relocate""]",False,0.2857142857142857,False,0.5,5,3,0.6,False,False,False,False,unchanged_failure
ood,564,"{""object_count"":2,""ordered_units"":[""fetch(bowl)"",""fetch(plate)"",""relocate(bowl,table)"",""relocate(plate,table)"",""multi_object_sequence(2)""],""plan_length"":8}","[""fetch"",""fetch"",""relocate"",""relocate""]","[""fetch""]",False,0.4,False,0.25,1,1,1.0,True,False,False,False,unchanged_failure
ood,565,"{""object_count"":1,""ordered_units"":[""fetch(plate)"",""relocate(plate,table)""],""plan_length"":5}","[""fetch"",""relocate""]","[""state_change"",""state_change"",""fetch"",""relocate""]",False,0.6666666666666666,False,1.0,4,1,0.25,False,False,False,False,unchanged_failure
ood,566,"{""object_count"":1,""ordered_units"":[""fetch(plate)"",""relocate(plate,table)""],""plan_length"":5}","[""fetch"",""relocate""]","[""state_change""]",False,0.0,False,0.0,1,1,1.0,True,False,False,False,unchanged_failure
ood,567,"{""object_count"":1,""ordered_units"":[""fetch(plate)"",""relocate(plate,table)""],""plan_length"":5}","[""fetch"",""relocate""]","[""fetch"",""relocate""]",True,1.0,True,1.0,2,0,0.0,False,False,False,False,unchanged_failure
ood,568,"{""object_count"":2,""ordered_units"":[""fetch(bowl)"",""fetch(plate)"",""relocate(bowl,table)"",""relocate(plate,table)"",""multi_object_sequence(2)""],""plan_length"":8}","[""fetch"",""fetch"",""relocate"",""relocate""]","[""fetch""]",False,0.4,False,0.25,1,0,0.0,False,False,False,False,unchanged_failure
ood,569,"{""object_count"":1,""ordered_units"":[""fetch(plate)"",""relocate(plate,table)""],""plan_length"":5}","[""fetch"",""relocate""]","[""state_change"",""state_change"",""fetch"",""relocate""]",False,0.6666666666666666,False,1.0,4,1,0.25,False,False,False,False,unchanged_failure
ood,570,"{""object_count"":2,""ordered_units"":[""fetch(bowl)"",""fetch(plate)"",""relocate(bowl,table)"",""relocate(plate,table)"",""multi_object_sequence(2)""],""plan_length"":8}","[""fetch"",""fetch"",""relocate"",""relocate""]","[""fetch""]",False,0.4,False,0.25,1,1,1.0,True,False,False,False,unchanged_failure
ood,571,"{""object_count"":1,""ordered_units"":[""fetch(bowl)"",""relocate(bowl,table)""],""plan_length"":5}","[""fetch"",""relocate""]","[""state_change"",""fetch"",""fetch"",""relocate""]",False,0.6666666666666666,False,1.0,4,3,0.75,False,False,False,False,unchanged_failure
ood,572,"{""object_count"":1,""ordered_units"":[""fetch(plate)"",""relocate(plate,table)""],""plan_length"":5}","[""fetch"",""relocate""]","[""state_change"",""fetch"",""fetch"",""relocate""]",False,0.6666666666666666,False,1.0,4,3,0.75,False,False,False,False,unchanged_failure
ood,573,"{""object_count"":1,""ordered_units"":[""fetch(bowl)"",""relocate(bowl,table)""],""plan_length"":5}","[""fetch"",""relocate""]","[""state_change"",""state_change"",""relocate"",""relocate""]",False,0.3333333333333333,False,0.5,4,2,0.5,False,False,False,False,unchanged_failure
ood,574,"{""object_count"":1,""ordered_units"":[""fetch(plate)"",""relocate(plate,table)""],""plan_length"":5}","[""fetch"",""relocate""]","[""relocate""]",False,0.6666666666666666,False,0.5,1,1,1.0,True,False,False,False,unchanged_failure
ood,575,"{""object_count"":2,""ordered_units"":[""fetch(bowl)"",""fetch(plate)"",""relocate(bowl,table)"",""relocate(plate,table)"",""multi_object_sequence(2)""],""plan_length"":8}","[""fetch"",""fetch"",""relocate"",""relocate""]","[""fetch""]",False,0.4,False,0.25,1,0,0.0,False,False,False,False,unchanged_failure
ood,576,"{""object_count"":1,""ordered_units"":[""fetch(plate)"",""relocate(plate,table)""],""plan_length"":5}","[""fetch"",""relocate""]","[""state_change"",""state_change"",""fetch"",""relocate""]",False,0.6666666666666666,False,1.0,4,1,0.25,False,False,True,False,regression
ood,577,"{""object_count"":1,""ordered_units"":[""fetch(plate)"",""relocate(plate,table)""],""plan_length"":5}","[""fetch"",""relocate""]","[""state_change"",""state_change"",""state_change"",""relocate"",""relocate""]",False,0.2857142857142857,False,0.5,5,3,0.6,False,False,False,False,unchanged_failure
ood,578,"{""object_count"":1,""ordered_units"":[""fetch(bowl)"",""relocate(bowl,table)""],""plan_length"":5}","[""fetch"",""relocate""]","[""state_change"",""fetch"",""fetch"",""relocate""]",False,0.6666666666666666,False,1.0,4,3,0.75,False,False,False,False,unchanged_failure
ood,579,"{""object_count"":2,""ordered_units"":[""fetch(bowl)"",""fetch(plate)"",""relocate(bowl,table)"",""relocate(plate,table)"",""multi_object_sequence(2)""],""plan_length"":8}","[""fetch"",""fetch"",""relocate"",""relocate""]","[""fetch""]",False,0.4,False,0.25,1,0,0.0,False,False,False,False,unchanged_failure
ood,580,"{""object_count"":2,""ordered_units"":[""fetch(bowl)"",""fetch(plate)"",""relocate(bowl,table)"",""relocate(plate,table)"",""multi_object_sequence(2)""],""plan_length"":8}","[""fetch"",""fetch"",""relocate"",""relocate""]","[""state_change""]",False,0.0,False,0.0,1,1,1.0,True,False,False,False,unchanged_failure
ood,581,"{""object_count"":1,""ordered_units"":[""fetch(plate)"",""relocate(plate,table)""],""plan_length"":5}","[""fetch"",""relocate""]","[""state_change"",""state_change"",""fetch"",""relocate""]",False,0.6666666666666666,False,1.0,4,1,0.25,False,False,False,False,unchanged_failure
ood,582,"{""object_count"":2,""ordered_units"":[""fetch(bowl)"",""fetch(plate)"",""relocate(bowl,table)"",""relocate(plate,table)"",""multi_object_sequence(2)""],""plan_length"":8}","[""fetch"",""fetch"",""relocate"",""relocate""]","[""fetch""]",False,0.4,False,0.25,1,0,0.0,False,False,False,False,unchanged_failure
ood,583,"{""object_count"":2,""ordered_units"":[""fetch(bowl)"",""fetch(plate)"",""relocate(bowl,table)"",""relocate(plate,table)"",""multi_object_sequence(2)""],""plan_length"":8}","[""fetch"",""fetch"",""relocate"",""relocate""]","[""state_change"",""state_change"",""state_change"",""fetch"",""fetch"",""relocate"",""relocate""]",False,0.7272727272727273,False,1.0,7,3,0.42857142857142855,False,False,False,False,unchanged_failure
ood,584,"{""object_count"":2,""ordered_units"":[""fetch(bowl)"",""fetch(plate)"",""relocate(bowl,table)"",""relocate(plate,table)"",""multi_object_sequence(2)""],""plan_length"":8}","[""fetch"",""fetch"",""relocate"",""relocate""]","[""state_change""]",False,0.0,False,0.0,1,1,1.0,True,False,False,False,unchanged_failure
ood,585,"{""object_count"":1,""ordered_units"":[""fetch(plate)"",""relocate(plate,table)""],""plan_length"":5}","[""fetch"",""relocate""]","[""fetch""]",False,0.6666666666666666,False,0.5,1,1,1.0,True,False,False,False,unchanged_failure
ood,586,"{""object_count"":1,""ordered_units"":[""fetch(plate)"",""relocate(plate,table)""],""plan_length"":5}","[""fetch"",""relocate""]","[""state_change"",""state_change"",""relocate"",""relocate""]",False,0.3333333333333333,False,0.5,4,0,0.0,False,False,False,False,unchanged_failure
ood,587,"{""object_count"":2,""ordered_units"":[""fetch(bowl)"",""fetch(plate)"",""relocate(bowl,table)"",""relocate(plate,table)"",""multi_object_sequence(2)""],""plan_length"":8}","[""fetch"",""fetch"",""relocate"",""relocate""]","[""state_change"",""fetch"",""relocate"",""fetch"",""relocate""]",False,0.8888888888888888,False,0.75,5,3,0.6,False,False,False,False,unchanged_failure
ood,588,"{""object_count"":1,""ordered_units"":[""fetch(bowl)"",""relocate(bowl,table)""],""plan_length"":5}","[""fetch"",""relocate""]","[""fetch"",""fetch"",""relocate""]",False,0.8,False,1.0,3,2,0.6666666666666666,False,False,False,False,unchanged_failure
ood,589,"{""object_count"":1,""ordered_units"":[""fetch(plate)"",""relocate(plate,table)""],""plan_length"":5}","[""fetch"",""relocate""]","[""fetch"",""relocate""]",True,1.0,True,1.0,2,0,0.0,False,False,False,False,unchanged_failure
ood,590,"{""object_count"":1,""ordered_units"":[""fetch(bowl)"",""relocate(bowl,table)""],""plan_length"":5}","[""fetch"",""relocate""]","[""fetch""]",False,0.6666666666666666,False,0.5,1,1,1.0,True,False,False,False,unchanged_failure
ood,591,"{""object_count"":1,""ordered_units"":[""fetch(plate)"",""relocate(plate,table)""],""plan_length"":5}","[""fetch"",""relocate""]","[""state_change"",""fetch"",""relocate"",""fetch"",""relocate""]",False,0.5714285714285714,False,1.0,5,3,0.6,False,False,False,False,unchanged_failure
ood,592,"{""object_count"":1,""ordered_units"":[""fetch(plate)"",""relocate(plate,table)""],""plan_length"":5}","[""fetch"",""relocate""]","[""state_change"",""state_change"",""state_change"",""relocate"",""relocate""]",False,0.2857142857142857,False,0.5,5,3,0.6,False,False,False,False,unchanged_failure
ood,593,"{""object_count"":1,""ordered_units"":[""fetch(bowl)"",""relocate(bowl,table)""],""plan_length"":5}","[""fetch"",""relocate""]","[""state_change"",""state_change"",""relocate"",""relocate""]",False,0.3333333333333333,False,0.5,4,2,0.5,False,False,False,False,unchanged_failure
ood,594,"{""object_count"":1,""ordered_units"":[""fetch(bowl)"",""relocate(bowl,table)""],""plan_length"":5}","[""fetch"",""relocate""]","[""state_change"",""state_change"",""relocate"",""relocate""]",False,0.3333333333333333,False,0.5,4,2,0.5,False,False,False,False,unchanged_failure
ood,595,"{""object_count"":1,""ordered_units"":[""fetch(bowl)"",""relocate(bowl,table)""],""plan_length"":5}","[""fetch"",""relocate""]","[""state_change""]",False,0.0,False,0.0,1,1,1.0,True,False,False,False,unchanged_failure
ood,596,"{""object_count"":2,""ordered_units"":[""fetch(bowl)"",""fetch(plate)"",""relocate(bowl,table)"",""relocate(plate,table)"",""multi_object_sequence(2)""],""plan_length"":8}","[""fetch"",""fetch"",""relocate"",""relocate""]","[""fetch""]",False,0.4,False,0.25,1,1,1.0,True,False,False,False,unchanged_failure
ood,597,"{""object_count"":1,""ordered_units"":[""fetch(bowl)"",""relocate(bowl,table)""],""plan_length"":5}","[""fetch"",""relocate""]","[""fetch""]",False,0.6666666666666666,False,0.5,1,1,1.0,True,False,False,False,unchanged_failure
ood,598,"{""object_count"":2,""ordered_units"":[""fetch(bowl)"",""fetch(plate)"",""relocate(bowl,table)"",""relocate(plate,table)"",""multi_object_sequence(2)""],""plan_length"":8}","[""fetch"",""fetch"",""relocate"",""relocate""]","[""state_change"",""state_change"",""state_change"",""fetch"",""fetch"",""relocate"",""relocate""]",False,0.7272727272727273,False,1.0,7,3,0.42857142857142855,False,False,False,False,unchanged_failure
ood,599,"{""object_count"":2,""ordered_units"":[""fetch(bowl)"",""fetch(plate)"",""relocate(bowl,table)"",""relocate(plate,table)"",""multi_object_sequence(2)""],""plan_length"":8}","[""fetch"",""fetch"",""relocate"",""relocate""]","[""state_change"",""state_change"",""relocate"",""relocate""]",False,0.5,False,0.5,4,1,0.25,False,False,False,False,unchanged_failure
ood,600,"{""object_count"":2,""ordered_units"":[""fetch(bowl)"",""fetch(plate)"",""relocate(bowl,table)"",""relocate(plate,table)"",""multi_object_sequence(2)""],""plan_length"":8}","[""fetch"",""fetch"",""relocate"",""relocate""]","[""state_change"",""state_change"",""state_change"",""fetch"",""fetch"",""relocate"",""relocate""]",False,0.7272727272727273,False,1.0,7,3,0.42857142857142855,False,False,False,False,unchanged_failure
ood,601,"{""object_count"":1,""ordered_units"":[""fetch(bowl)"",""relocate(bowl,table)""],""plan_length"":5}","[""fetch"",""relocate""]","[""fetch""]",False,0.6666666666666666,False,0.5,1,1,1.0,True,False,False,False,unchanged_failure
ood,602,"{""object_count"":1,""ordered_units"":[""fetch(plate)"",""relocate(plate,table)""],""plan_length"":5}","[""fetch"",""relocate""]","[""fetch""]",False,0.6666666666666666,False,0.5,1,1,1.0,True,False,False,False,unchanged_failure
ood,603,"{""object_count"":1,""ordered_units"":[""fetch(bowl)"",""relocate(bowl,table)""],""plan_length"":5}","[""fetch"",""relocate""]","[""state_change"",""state_change"",""relocate"",""relocate""]",False,0.3333333333333333,False,0.5,4,2,0.5,False,False,False,False,unchanged_failure
ood,604,"{""object_count"":2,""ordered_units"":[""fetch(bowl)"",""fetch(plate)"",""relocate(bowl,table)"",""relocate(plate,table)"",""multi_object_sequence(2)""],""plan_length"":8}","[""fetch"",""fetch"",""relocate"",""relocate""]","[""fetch""]",False,0.4,False,0.25,1,1,1.0,True,False,False,False,unchanged_failure
ood,605,"{""object_count"":1,""ordered_units"":[""fetch(plate)"",""relocate(plate,table)""],""plan_length"":5}","[""fetch"",""relocate""]","[""state_change"",""state_change"",""relocate"",""relocate""]",False,0.3333333333333333,False,0.5,4,0,0.0,False,False,False,False,unchanged_failure
ood,606,"{""object_count"":1,""ordered_units"":[""fetch(plate)"",""relocate(plate,table)""],""plan_length"":5}","[""fetch"",""relocate""]","[""fetch""]",False,0.6666666666666666,False,0.5,1,1,1.0,True,False,False,False,unchanged_failure
ood,607,"{""object_count"":1,""ordered_units"":[""fetch(bowl)"",""relocate(bowl,table)""],""plan_length"":5}","[""fetch"",""relocate""]","[""fetch"",""fetch"",""relocate""]",False,0.8,False,1.0,3,2,0.6666666666666666,False,False,False,False,unchanged_failure
ood,608,"{""object_count"":2,""ordered_units"":[""fetch(bowl)"",""fetch(plate)"",""relocate(bowl,table)"",""relocate(plate,table)"",""multi_object_sequence(2)""],""plan_length"":8}","[""fetch"",""fetch"",""relocate"",""relocate""]","[""fetch""]",False,0.4,False,0.25,1,1,1.0,True,False,False,False,unchanged_failure
ood,609,"{""object_count"":1,""ordered_units"":[""fetch(bowl)"",""relocate(bowl,table)""],""plan_length"":5}","[""fetch"",""relocate""]","[""fetch"",""fetch""]",False,0.5,False,0.5,2,1,0.5,False,False,False,False,unchanged_failure
ood,610,"{""object_count"":1,""ordered_units"":[""fetch(plate)"",""relocate(plate,table)""],""plan_length"":5}","[""fetch"",""relocate""]","[""fetch""]",False,0.6666666666666666,False,0.5,1,1,1.0,True,False,False,False,unchanged_failure
ood,611,"{""object_count"":1,""ordered_units"":[""fetch(plate)"",""relocate(plate,table)""],""plan_length"":5}","[""fetch"",""relocate""]","[""state_change"",""state_change"",""state_change"",""relocate"",""relocate""]",False,0.2857142857142857,False,0.5,5,3,0.6,False,False,False,False,unchanged_failure
ood,612,"{""object_count"":1,""ordered_units"":[""fetch(bowl)"",""relocate(bowl,table)""],""plan_length"":5}","[""fetch"",""relocate""]","[""state_change"",""fetch"",""fetch"",""relocate""]",False,0.6666666666666666,False,1.0,4,3,0.75,False,False,False,False,unchanged_failure
ood,613,"{""object_count"":2,""ordered_units"":[""fetch(bowl)"",""fetch(plate)"",""relocate(bowl,table)"",""relocate(plate,table)"",""multi_object_sequence(2)""],""plan_length"":8}","[""fetch"",""fetch"",""relocate"",""relocate""]","[""state_change"",""state_change"",""state_change"",""fetch"",""fetch"",""relocate"",""relocate""]",False,0.7272727272727273,False,1.0,7,3,0.42857142857142855,False,False,False,False,unchanged_failure
ood,614,"{""object_count"":1,""ordered_units"":[""fetch(plate)"",""relocate(plate,table)""],""plan_length"":5}","[""fetch"",""relocate""]","[""state_change"",""fetch"",""relocate"",""fetch"",""relocate""]",False,0.5714285714285714,False,1.0,5,3,0.6,False,False,False,False,unchanged_failure
ood,615,"{""object_count"":1,""ordered_units"":[""fetch(bowl)"",""relocate(bowl,table)""],""plan_length"":5}","[""fetch"",""relocate""]","[""state_change"",""state_change"",""relocate"",""relocate""]",False,0.3333333333333333,False,0.5,4,2,0.5,False,False,False,False,unchanged_failure
ood,616,"{""object_count"":1,""ordered_units"":[""fetch(plate)"",""relocate(plate,table)""],""plan_length"":5}","[""fetch"",""relocate""]","[""state_change"",""fetch"",""fetch"",""relocate""]",False,0.6666666666666666,False,1.0,4,3,0.75,False,False,False,False,unchanged_failure
ood,617,"{""object_count"":1,""ordered_units"":[""fetch(bowl)"",""relocate(bowl,table)""],""plan_length"":5}","[""fetch"",""relocate""]","[""state_change"",""state_change"",""relocate"",""relocate""]",False,0.3333333333333333,False,0.5,4,2,0.5,False,False,False,False,unchanged_failure
ood,618,"{""object_count"":2,""ordered_units"":[""fetch(bowl)"",""fetch(plate)"",""relocate(bowl,table)"",""relocate(plate,table)"",""multi_object_sequence(2)""],""plan_length"":8}","[""fetch"",""fetch"",""relocate"",""relocate""]","[""state_change"",""state_change"",""state_change"",""relocate"",""relocate""]",False,0.4444444444444444,False,0.5,5,3,0.6,False,False,False,False,unchanged_failure
ood,619,"{""object_count"":1,""ordered_units"":[""fetch(plate)"",""relocate(plate,table)""],""plan_length"":5}","[""fetch"",""relocate""]","[""state_change"",""state_change"",""state_change"",""relocate"",""relocate""]",False,0.2857142857142857,False,0.5,5,3,0.6,False,False,False,False,unchanged_failure
ood,620,"{""object_count"":2,""ordered_units"":[""fetch(bowl)"",""fetch(plate)"",""relocate(bowl,table)"",""relocate(plate,table)"",""multi_object_sequence(2)""],""plan_length"":8}","[""fetch"",""fetch"",""relocate"",""relocate""]","[""fetch""]",False,0.4,False,0.25,1,1,1.0,True,False,False,False,unchanged_failure
ood,621,"{""object_count"":1,""ordered_units"":[""fetch(bowl)"",""relocate(bowl,table)""],""plan_length"":5}","[""fetch"",""relocate""]","[""fetch"",""fetch"",""relocate""]",False,0.8,False,1.0,3,2,0.6666666666666666,False,False,False,True,fix
ood,622,"{""object_count"":1,""ordered_units"":[""fetch(bowl)"",""relocate(bowl,table)""],""plan_length"":5}","[""fetch"",""relocate""]","[""state_change"",""state_change"",""relocate"",""relocate""]",False,0.3333333333333333,False,0.5,4,2,0.5,False,False,False,False,unchanged_failure
ood,623,"{""object_count"":1,""ordered_units"":[""fetch(bowl)"",""relocate(bowl,table)""],""plan_length"":5}","[""fetch"",""relocate""]","[""fetch""]",False,0.6666666666666666,False,0.5,1,1,1.0,True,False,False,False,unchanged_failure
ood,624,"{""object_count"":1,""ordered_units"":[""fetch(bowl)"",""relocate(bowl,table)""],""plan_length"":5}","[""fetch"",""relocate""]","[""state_change"",""state_change"",""relocate"",""relocate""]",False,0.3333333333333333,False,0.5,4,2,0.5,False,False,False,False,unchanged_failure
ood,625,"{""object_count"":1,""ordered_units"":[""fetch(bowl)"",""relocate(bowl,table)""],""plan_length"":5}","[""fetch"",""relocate""]","[""state_change""]",False,0.0,False,0.0,1,1,1.0,True,False,False,False,unchanged_failure
ood,626,"{""object_count"":1,""ordered_units"":[""fetch(bowl)"",""relocate(bowl,table)""],""plan_length"":5}","[""fetch"",""relocate""]","[""fetch""]",False,0.6666666666666666,False,0.5,1,1,1.0,True,False,False,False,unchanged_failure
ood,627,"{""object_count"":2,""ordered_units"":[""fetch(bowl)"",""fetch(plate)"",""relocate(bowl,table)"",""relocate(plate,table)"",""multi_object_sequence(2)""],""plan_length"":8}","[""fetch"",""fetch"",""relocate"",""relocate""]","[""state_change""]",False,0.0,False,0.0,1,1,1.0,True,False,False,False,unchanged_failure
ood,628,"{""object_count"":2,""ordered_units"":[""fetch(bowl)"",""fetch(plate)"",""relocate(bowl,table)"",""relocate(plate,table)"",""multi_object_sequence(2)""],""plan_length"":8}","[""fetch"",""fetch"",""relocate"",""relocate""]","[""state_change"",""fetch"",""relocate"",""fetch"",""relocate""]",False,0.8888888888888888,False,0.75,5,3,0.6,False,False,False,False,unchanged_failure
ood,629,"{""object_count"":1,""ordered_units"":[""fetch(bowl)"",""relocate(bowl,table)""],""plan_length"":5}","[""fetch"",""relocate""]","[""state_change"",""fetch"",""fetch"",""relocate""]",False,0.6666666666666666,False,1.0,4,3,0.75,False,False,False,False,unchanged_failure
ood,630,"{""object_count"":1,""ordered_units"":[""fetch(bowl)"",""relocate(bowl,table)""],""plan_length"":5}","[""fetch"",""relocate""]","[""fetch""]",False,0.6666666666666666,False,0.5,1,1,1.0,True,False,False,False,unchanged_failure
ood,631,"{""object_count"":1,""ordered_units"":[""fetch(bowl)"",""relocate(bowl,table)""],""plan_length"":5}","[""fetch"",""relocate""]","[""state_change""]",False,0.0,False,0.0,1,1,1.0,True,False,False,False,unchanged_failure
ood,632,"{""object_count"":1,""ordered_units"":[""fetch(bowl)"",""relocate(bowl,table)""],""plan_length"":5}","[""fetch"",""relocate""]","[""fetch"",""fetch"",""relocate""]",False,0.8,False,1.0,3,2,0.6666666666666666,False,False,False,False,unchanged_failure
ood,633,"{""object_count"":2,""ordered_units"":[""fetch(bowl)"",""fetch(plate)"",""relocate(bowl,table)"",""relocate(plate,table)"",""multi_object_sequence(2)""],""plan_length"":8}","[""fetch"",""fetch"",""relocate"",""relocate""]","[""state_change""]",False,0.0,False,0.0,1,1,1.0,True,False,False,False,unchanged_failure
ood,634,"{""object_count"":1,""ordered_units"":[""fetch(bowl)"",""relocate(bowl,table)""],""plan_length"":5}","[""fetch"",""relocate""]","[""fetch""]",False,0.6666666666666666,False,0.5,1,1,1.0,True,False,False,False,unchanged_failure
ood,635,"{""object_count"":2,""ordered_units"":[""fetch(bowl)"",""fetch(plate)"",""relocate(bowl,table)"",""relocate(plate,table)"",""multi_object_sequence(2)""],""plan_length"":8}","[""fetch"",""fetch"",""relocate"",""relocate""]","[""fetch""]",False,0.4,False,0.25,1,0,0.0,False,False,False,False,unchanged_failure
ood,636,"{""object_count"":2,""ordered_units"":[""fetch(bowl)"",""fetch(plate)"",""relocate(bowl,table)"",""relocate(plate,table)"",""multi_object_sequence(2)""],""plan_length"":8}","[""fetch"",""fetch"",""relocate"",""relocate""]","[""state_change"",""state_change"",""relocate"",""relocate""]",False,0.5,False,0.5,4,1,0.25,False,False,False,False,unchanged_failure
ood,637,"{""object_count"":2,""ordered_units"":[""fetch(bowl)"",""fetch(plate)"",""relocate(bowl,table)"",""relocate(plate,table)"",""multi_object_sequence(2)""],""plan_length"":8}","[""fetch"",""fetch"",""relocate"",""relocate""]","[""fetch""]",False,0.4,False,0.25,1,0,0.0,False,False,False,False,unchanged_failure
ood,638,"{""object_count"":1,""ordered_units"":[""fetch(bowl)"",""relocate(bowl,table)""],""plan_length"":5}","[""fetch"",""relocate""]","[""fetch"",""fetch"",""relocate""]",False,0.8,False,1.0,3,2,0.6666666666666666,False,False,False,False,unchanged_failure
ood,639,"{""object_count"":2,""ordered_units"":[""fetch(bowl)"",""fetch(plate)"",""relocate(bowl,table)"",""relocate(plate,table)"",""multi_object_sequence(2)""],""plan_length"":8}","[""fetch"",""fetch"",""relocate"",""relocate""]","[""fetch"",""fetch"",""relocate"",""relocate""]",True,1.0,True,1.0,4,2,0.5,False,False,False,False,unchanged_failure
ood,640,"{""object_count"":1,""ordered_units"":[""fetch(plate)"",""relocate(plate,table)""],""plan_length"":5}","[""fetch"",""relocate""]","[""state_change"",""fetch"",""fetch"",""relocate""]",False,0.6666666666666666,False,1.0,4,3,0.75,False,False,False,False,unchanged_failure
ood,641,"{""object_count"":1,""ordered_units"":[""fetch(bowl)"",""relocate(bowl,table)""],""plan_length"":5}","[""fetch"",""relocate""]","[""fetch"",""fetch""]",False,0.5,False,0.5,2,1,0.5,False,False,False,False,unchanged_failure
ood,642,"{""object_count"":1,""ordered_units"":[""fetch(bowl)"",""relocate(bowl,table)""],""plan_length"":5}","[""fetch"",""relocate""]","[""fetch"",""fetch""]",False,0.5,False,0.5,2,2,1.0,True,False,False,False,unchanged_failure
ood,643,"{""object_count"":2,""ordered_units"":[""fetch(bowl)"",""fetch(plate)"",""relocate(bowl,table)"",""relocate(plate,table)"",""multi_object_sequence(2)""],""plan_length"":8}","[""fetch"",""fetch"",""relocate"",""relocate""]","[""fetch""]",False,0.4,False,0.25,1,0,0.0,False,False,False,False,unchanged_failure
ood,644,"{""object_count"":1,""ordered_units"":[""fetch(bowl)"",""relocate(bowl,table)""],""plan_length"":5}","[""fetch"",""relocate""]","[""state_change"",""state_change"",""relocate"",""relocate""]",False,0.3333333333333333,False,0.5,4,2,0.5,False,False,False,False,unchanged_failure
ood,645,"{""object_count"":2,""ordered_units"":[""fetch(bowl)"",""fetch(plate)"",""relocate(bowl,table)"",""relocate(plate,table)"",""multi_object_sequence(2)""],""plan_length"":8}","[""fetch"",""fetch"",""relocate"",""relocate""]","[""state_change""]",False,0.0,False,0.0,1,1,1.0,True,False,False,False,unchanged_failure
ood,646,"{""object_count"":1,""ordered_units"":[""fetch(bowl)"",""relocate(bowl,table)""],""plan_length"":5}","[""fetch"",""relocate""]","[""fetch""]",False,0.6666666666666666,False,0.5,1,1,1.0,True,False,False,False,unchanged_failure
ood,647,"{""object_count"":1,""ordered_units"":[""fetch(plate)"",""relocate(plate,table)""],""plan_length"":5}","[""fetch"",""relocate""]","[""fetch""]",False,0.6666666666666666,False,0.5,1,1,1.0,True,False,False,False,unchanged_failure
ood,648,"{""object_count"":1,""ordered_units"":[""fetch(plate)"",""relocate(plate,table)""],""plan_length"":5}","[""fetch"",""relocate""]","[""state_change"",""fetch"",""relocate"",""fetch"",""relocate""]",False,0.5714285714285714,False,1.0,5,3,0.6,False,False,False,False,unchanged_failure
ood,649,"{""object_count"":1,""ordered_units"":[""fetch(plate)"",""relocate(plate,table)""],""plan_length"":5}","[""fetch"",""relocate""]","[""fetch""]",False,0.6666666666666666,False,0.5,1,1,1.0,True,False,False,False,unchanged_failure
ood,650,"{""object_count"":1,""ordered_units"":[""fetch(plate)"",""relocate(plate,table)""],""plan_length"":5}","[""fetch"",""relocate""]","[""state_change"",""state_change"",""relocate"",""relocate""]",False,0.3333333333333333,False,0.5,4,0,0.0,False,False,False,False,unchanged_failure
ood,651,"{""object_count"":2,""ordered_units"":[""fetch(bowl)"",""fetch(plate)"",""relocate(bowl,table)"",""relocate(plate,table)"",""multi_object_sequence(2)""],""plan_length"":8}","[""fetch"",""fetch"",""relocate"",""relocate""]","[""fetch""]",False,0.4,False,0.25,1,1,1.0,True,False,False,False,unchanged_failure
ood,652,"{""object_count"":2,""ordered_units"":[""fetch(bowl)"",""fetch(plate)"",""relocate(bowl,table)"",""relocate(plate,table)"",""multi_object_sequence(2)""],""plan_length"":8}","[""fetch"",""fetch"",""relocate"",""relocate""]","[""fetch""]",False,0.4,False,0.25,1,0,0.0,False,False,False,False,unchanged_failure
ood,653,"{""object_count"":1,""ordered_units"":[""fetch(bowl)"",""relocate(bowl,table)""],""plan_length"":5}","[""fetch"",""relocate""]","[""fetch"",""fetch"",""relocate""]",False,0.8,False,1.0,3,2,0.6666666666666666,False,False,False,True,fix
ood,654,"{""object_count"":1,""ordered_units"":[""fetch(bowl)"",""relocate(bowl,table)""],""plan_length"":5}","[""fetch"",""relocate""]","[""state_change"",""fetch"",""fetch"",""relocate""]",False,0.6666666666666666,False,1.0,4,3,0.75,False,False,False,False,unchanged_failure
ood,655,"{""object_count"":1,""ordered_units"":[""fetch(plate)"",""relocate(plate,table)""],""plan_length"":5}","[""fetch"",""relocate""]","[""state_change"",""fetch"",""relocate"",""fetch"",""relocate""]",False,0.5714285714285714,False,1.0,5,3,0.6,False,False,False,False,unchanged_failure
ood,656,"{""object_count"":1,""ordered_units"":[""fetch(plate)"",""relocate(plate,table)""],""plan_length"":5}","[""fetch"",""relocate""]","[""state_change""]",False,0.0,False,0.0,1,1,1.0,True,False,False,False,unchanged_failure
ood,657,"{""object_count"":1,""ordered_units"":[""fetch(plate)"",""relocate(plate,table)""],""plan_length"":5}","[""fetch"",""relocate""]","[""state_change"",""state_change"",""relocate"",""relocate""]",False,0.3333333333333333,False,0.5,4,0,0.0,False,False,False,False,unchanged_failure
ood,658,"{""object_count"":2,""ordered_units"":[""fetch(bowl)"",""fetch(plate)"",""relocate(bowl,table)"",""relocate(plate,table)"",""multi_object_sequence(2)""],""plan_length"":8}","[""fetch"",""fetch"",""relocate"",""relocate""]","[""state_change"",""state_change"",""state_change"",""fetch"",""fetch"",""relocate"",""relocate""]",False,0.7272727272727273,False,1.0,7,3,0.42857142857142855,False,False,False,False,unchanged_failure
ood,659,"{""object_count"":1,""ordered_units"":[""fetch(plate)"",""relocate(plate,table)""],""plan_length"":5}","[""fetch"",""relocate""]","[""fetch"",""relocate""]",True,1.0,True,1.0,2,0,0.0,False,False,False,False,unchanged_failure
ood,660,"{""object_count"":1,""ordered_units"":[""fetch(bowl)"",""relocate(bowl,table)""],""plan_length"":5}","[""fetch"",""relocate""]","[""state_change"",""fetch"",""relocate""]",False,0.8,False,1.0,3,3,1.0,True,False,False,False,unchanged_failure
ood,661,"{""object_count"":1,""ordered_units"":[""fetch(bowl)"",""relocate(bowl,table)""],""plan_length"":5}","[""fetch"",""relocate""]","[""state_change"",""state_change"",""relocate"",""relocate""]",False,0.3333333333333333,False,0.5,4,2,0.5,False,False,False,False,unchanged_failure
ood,662,"{""object_count"":1,""ordered_units"":[""fetch(plate)"",""relocate(plate,table)""],""plan_length"":5}","[""fetch"",""relocate""]","[""state_change"",""fetch"",""fetch"",""relocate""]",False,0.6666666666666666,False,1.0,4,3,0.75,False,False,False,False,unchanged_failure
ood,663,"{""object_count"":2,""ordered_units"":[""fetch(bowl)"",""fetch(plate)"",""relocate(bowl,table)"",""relocate(plate,table)"",""multi_object_sequence(2)""],""plan_length"":8}","[""fetch"",""fetch"",""relocate"",""relocate""]","[""fetch""]",False,0.4,False,0.25,1,0,0.0,False,False,False,False,unchanged_failure
ood,664,"{""object_count"":1,""ordered_units"":[""fetch(plate)"",""relocate(plate,table)""],""plan_length"":5}","[""fetch"",""relocate""]","[""fetch"",""relocate""]",True,1.0,True,1.0,2,0,0.0,False,False,False,False,unchanged_failure
ood,665,"{""object_count"":1,""ordered_units"":[""fetch(plate)"",""relocate(plate,table)""],""plan_length"":5}","[""fetch"",""relocate""]","[""state_change"",""state_change"",""fetch"",""relocate""]",False,0.6666666666666666,False,1.0,4,1,0.25,False,False,False,False,unchanged_failure
ood,666,"{""object_count"":1,""ordered_units"":[""fetch(plate)"",""relocate(plate,table)""],""plan_length"":5}","[""fetch"",""relocate""]","[""fetch""]",False,0.6666666666666666,False,0.5,1,1,1.0,True,False,False,False,unchanged_failure
ood,667,"{""object_count"":1,""ordered_units"":[""fetch(plate)"",""relocate(plate,table)""],""plan_length"":5}","[""fetch"",""relocate""]","[""state_change"",""state_change"",""fetch"",""relocate""]",False,0.6666666666666666,False,1.0,4,1,0.25,False,False,False,False,unchanged_failure
ood,668,"{""object_count"":1,""ordered_units"":[""fetch(bowl)"",""relocate(bowl,table)""],""plan_length"":5}","[""fetch"",""relocate""]","[""fetch""]",False,0.6666666666666666,False,0.5,1,1,1.0,True,False,False,False,unchanged_failure
ood,669,"{""object_count"":1,""ordered_units"":[""fetch(bowl)"",""relocate(bowl,table)""],""plan_length"":5}","[""fetch"",""relocate""]","[""fetch"",""fetch""]",False,0.5,False,0.5,2,2,1.0,True,False,False,False,unchanged_failure
ood,670,"{""object_count"":1,""ordered_units"":[""fetch(bowl)"",""relocate(bowl,table)""],""plan_length"":5}","[""fetch"",""relocate""]","[""fetch""]",False,0.6666666666666666,False,0.5,1,1,1.0,True,False,False,False,unchanged_failure
ood,671,"{""object_count"":1,""ordered_units"":[""fetch(bowl)"",""relocate(bowl,table)""],""plan_length"":5}","[""fetch"",""relocate""]","[""fetch""]",False,0.6666666666666666,False,0.5,1,1,1.0,True,False,False,False,unchanged_failure
ood,672,"{""object_count"":2,""ordered_units"":[""fetch(bowl)"",""fetch(plate)"",""relocate(bowl,table)"",""relocate(plate,table)"",""multi_object_sequence(2)""],""plan_length"":8}","[""fetch"",""fetch"",""relocate"",""relocate""]","[""state_change"",""state_change"",""state_change"",""fetch"",""fetch"",""relocate"",""relocate""]",False,0.7272727272727273,False,1.0,7,3,0.42857142857142855,False,False,False,False,unchanged_failure
ood,673,"{""object_count"":1,""ordered_units"":[""fetch(bowl)"",""relocate(bowl,table)""],""plan_length"":5}","[""fetch"",""relocate""]","[""state_change"",""fetch"",""relocate""]",False,0.8,False,1.0,3,3,1.0,True,False,False,False,unchanged_failure
ood,674,"{""object_count"":1,""ordered_units"":[""fetch(plate)"",""relocate(plate,table)""],""plan_length"":5}","[""fetch"",""relocate""]","[""fetch""]",False,0.6666666666666666,False,0.5,1,1,1.0,True,False,False,False,unchanged_failure
ood,675,"{""object_count"":1,""ordered_units"":[""fetch(bowl)"",""relocate(bowl,table)""],""plan_length"":5}","[""fetch"",""relocate""]","[""state_change"",""fetch"",""relocate""]",False,0.8,False,1.0,3,3,1.0,True,False,False,False,unchanged_failure
ood,676,"{""object_count"":2,""ordered_units"":[""fetch(bowl)"",""fetch(plate)"",""relocate(bowl,table)"",""relocate(plate,table)"",""multi_object_sequence(2)""],""plan_length"":8}","[""fetch"",""fetch"",""relocate"",""relocate""]","[""fetch""]",False,0.4,False,0.25,1,0,0.0,False,False,False,False,unchanged_failure
ood,677,"{""object_count"":1,""ordered_units"":[""fetch(plate)"",""relocate(plate,table)""],""plan_length"":5}","[""fetch"",""relocate""]","[""state_change""]",False,0.0,False,0.0,1,1,1.0,True,False,False,False,unchanged_failure
ood,678,"{""object_count"":1,""ordered_units"":[""fetch(bowl)"",""relocate(bowl,table)""],""plan_length"":5}","[""fetch"",""relocate""]","[""fetch""]",False,0.6666666666666666,False,0.5,1,1,1.0,True,False,False,False,unchanged_failure
ood,679,"{""object_count"":2,""ordered_units"":[""fetch(bowl)"",""fetch(plate)"",""relocate(bowl,table)"",""relocate(plate,table)"",""multi_object_sequence(2)""],""plan_length"":8}","[""fetch"",""fetch"",""relocate"",""relocate""]","[""fetch"",""fetch"",""relocate""]",False,0.8571428571428571,False,0.75,3,1,0.3333333333333333,False,False,False,False,unchanged_failure
ood,680,"{""object_count"":2,""ordered_units"":[""fetch(bowl)"",""fetch(plate)"",""relocate(bowl,table)"",""relocate(plate,table)"",""multi_object_sequence(2)""],""plan_length"":8}","[""fetch"",""fetch"",""relocate"",""relocate""]","[""fetch"",""fetch"",""relocate"",""relocate""]",True,1.0,True,1.0,4,2,0.5,False,False,False,False,unchanged_failure
ood,681,"{""object_count"":2,""ordered_units"":[""fetch(bowl)"",""fetch(plate)"",""relocate(bowl,table)"",""relocate(plate,table)"",""multi_object_sequence(2)""],""plan_length"":8}","[""fetch"",""fetch"",""relocate"",""relocate""]","[""fetch"",""fetch"",""relocate"",""relocate""]",True,1.0,True,1.0,4,2,0.5,False,False,False,False,unchanged_failure
ood,682,"{""object_count"":1,""ordered_units"":[""fetch(bowl)"",""relocate(bowl,table)""],""plan_length"":5}","[""fetch"",""relocate""]","[""fetch""]",False,0.6666666666666666,False,0.5,1,1,1.0,True,False,False,False,unchanged_failure
ood,683,"{""object_count"":2,""ordered_units"":[""fetch(bowl)"",""fetch(plate)"",""relocate(bowl,table)"",""relocate(plate,table)"",""multi_object_sequence(2)""],""plan_length"":8}","[""fetch"",""fetch"",""relocate"",""relocate""]","[""fetch""]",False,0.4,False,0.25,1,1,1.0,True,False,False,False,unchanged_failure
ood,684,"{""object_count"":1,""ordered_units"":[""fetch(plate)"",""relocate(plate,table)""],""plan_length"":5}","[""fetch"",""relocate""]","[""state_change"",""fetch"",""relocate"",""fetch"",""relocate""]",False,0.5714285714285714,False,1.0,5,3,0.6,False,False,False,False,unchanged_failure
ood,685,"{""object_count"":1,""ordered_units"":[""fetch(bowl)"",""relocate(bowl,table)""],""plan_length"":5}","[""fetch"",""relocate""]","[""fetch""]",False,0.6666666666666666,False,0.5,1,1,1.0,True,False,False,False,unchanged_failure
ood,686,"{""object_count"":2,""ordered_units"":[""fetch(bowl)"",""fetch(plate)"",""relocate(bowl,table)"",""relocate(plate,table)"",""multi_object_sequence(2)""],""plan_length"":8}","[""fetch"",""fetch"",""relocate"",""relocate""]","[""state_change""]",False,0.0,False,0.0,1,1,1.0,True,False,False,False,unchanged_failure
ood,687,"{""object_count"":2,""ordered_units"":[""fetch(bowl)"",""fetch(plate)"",""relocate(bowl,table)"",""relocate(plate,table)"",""multi_object_sequence(2)""],""plan_length"":8}","[""fetch"",""fetch"",""relocate"",""relocate""]","[""fetch""]",False,0.4,False,0.25,1,1,1.0,True,False,False,False,unchanged_failure
ood,688,"{""object_count"":1,""ordered_units"":[""fetch(bowl)"",""relocate(bowl,table)""],""plan_length"":5}","[""fetch"",""relocate""]","[""fetch"",""fetch""]",False,0.5,False,0.5,2,2,1.0,True,False,False,False,unchanged_failure
ood,689,"{""object_count"":2,""ordered_units"":[""fetch(bowl)"",""fetch(plate)"",""relocate(bowl,table)"",""relocate(plate,table)"",""multi_object_sequence(2)""],""plan_length"":8}","[""fetch"",""fetch"",""relocate"",""relocate""]","[""fetch""]",False,0.4,False,0.25,1,1,1.0,True,False,False,False,unchanged_failure
ood,690,"{""object_count"":2,""ordered_units"":[""fetch(bowl)"",""fetch(plate)"",""relocate(bowl,table)"",""relocate(plate,table)"",""multi_object_sequence(2)""],""plan_length"":8}","[""fetch"",""fetch"",""relocate"",""relocate""]","[""state_change"",""fetch"",""fetch"",""relocate""]",False,0.75,False,0.75,4,3,0.75,False,False,False,False,unchanged_failure
ood,691,"{""object_count"":1,""ordered_units"":[""fetch(bowl)"",""relocate(bowl,table)""],""plan_length"":5}","[""fetch"",""relocate""]","[""fetch"",""fetch"",""relocate""]",False,0.8,False,1.0,3,2,0.6666666666666666,False,False,False,False,unchanged_failure
ood,692,"{""object_count"":1,""ordered_units"":[""fetch(plate)"",""relocate(plate,table)""],""plan_length"":5}","[""fetch"",""relocate""]","[""state_change"",""fetch"",""relocate"",""fetch"",""relocate""]",False,0.5714285714285714,False,1.0,5,3,0.6,False,False,False,False,unchanged_failure
ood,693,"{""object_count"":1,""ordered_units"":[""fetch(bowl)"",""relocate(bowl,table)""],""plan_length"":5}","[""fetch"",""relocate""]","[""state_change""]",False,0.0,False,0.0,1,1,1.0,True,False,False,False,unchanged_failure
ood,694,"{""object_count"":1,""ordered_units"":[""fetch(bowl)"",""relocate(bowl,table)""],""plan_length"":5}","[""fetch"",""relocate""]","[""fetch""]",False,0.6666666666666666,False,0.5,1,1,1.0,True,False,False,False,unchanged_failure
ood,695,"{""object_count"":2,""ordered_units"":[""fetch(bowl)"",""fetch(plate)"",""relocate(bowl,table)"",""relocate(plate,table)"",""multi_object_sequence(2)""],""plan_length"":8}","[""fetch"",""fetch"",""relocate"",""relocate""]","[""fetch""]",False,0.4,False,0.25,1,1,1.0,True,False,False,False,unchanged_failure
ood,696,"{""object_count"":2,""ordered_units"":[""fetch(bowl)"",""fetch(plate)"",""relocate(bowl,table)"",""relocate(plate,table)"",""multi_object_sequence(2)""],""plan_length"":8}","[""fetch"",""fetch"",""relocate"",""relocate""]","[""state_change"",""state_change"",""relocate"",""relocate""]",False,0.5,False,0.5,4,1,0.25,False,False,False,False,unchanged_failure
ood,697,"{""object_count"":2,""ordered_units"":[""fetch(bowl)"",""fetch(plate)"",""relocate(bowl,table)"",""relocate(plate,table)"",""multi_object_sequence(2)""],""plan_length"":8}","[""fetch"",""fetch"",""relocate"",""relocate""]","[""fetch"",""fetch"",""relocate"",""relocate""]",True,1.0,True,1.0,4,2,0.5,False,False,False,False,unchanged_failure
ood,698,"{""object_count"":1,""ordered_units"":[""fetch(bowl)"",""relocate(bowl,table)""],""plan_length"":5}","[""fetch"",""relocate""]","[""fetch"",""fetch""]",False,0.5,False,0.5,2,1,0.5,False,False,False,False,unchanged_failure
ood,699,"{""object_count"":2,""ordered_units"":[""fetch(bowl)"",""fetch(plate)"",""relocate(bowl,table)"",""relocate(plate,table)"",""multi_object_sequence(2)""],""plan_length"":8}","[""fetch"",""fetch"",""relocate"",""relocate""]","[""fetch""]",False,0.4,False,0.25,1,1,1.0,True,False,False,False,unchanged_failure
ood,700,"{""object_count"":2,""ordered_units"":[""fetch(bowl)"",""fetch(plate)"",""relocate(bowl,table)"",""relocate(plate,table)"",""multi_object_sequence(2)""],""plan_length"":8}","[""fetch"",""fetch"",""relocate"",""relocate""]","[""fetch"",""fetch"",""relocate"",""relocate""]",True,1.0,True,1.0,4,2,0.5,False,False,False,False,unchanged_failure
ood,701,"{""object_count"":2,""ordered_units"":[""fetch(bowl)"",""fetch(plate)"",""relocate(bowl,table)"",""relocate(plate,table)"",""multi_object_sequence(2)""],""plan_length"":8}","[""fetch"",""fetch"",""relocate"",""relocate""]","[""state_change""]",False,0.0,False,0.0,1,1,1.0,True,False,False,False,unchanged_failure
ood,702,"{""object_count"":1,""ordered_units"":[""fetch(bowl)"",""relocate(bowl,table)""],""plan_length"":5}","[""fetch"",""relocate""]","[""state_change""]",False,0.0,False,0.0,1,1,1.0,True,False,False,False,unchanged_failure
ood,703,"{""object_count"":1,""ordered_units"":[""fetch(bowl)"",""relocate(bowl,table)""],""plan_length"":5}","[""fetch"",""relocate""]","[""fetch""]",False,0.6666666666666666,False,0.5,1,1,1.0,True,False,False,False,unchanged_failure
ood,704,"{""object_count"":1,""ordered_units"":[""fetch(bowl)"",""relocate(bowl,table)""],""plan_length"":5}","[""fetch"",""relocate""]","[""fetch"",""fetch"",""relocate""]",False,0.8,False,1.0,3,2,0.6666666666666666,False,False,False,False,unchanged_failure
ood,705,"{""object_count"":2,""ordered_units"":[""fetch(bowl)"",""fetch(plate)"",""relocate(bowl,table)"",""relocate(plate,table)"",""multi_object_sequence(2)""],""plan_length"":8}","[""fetch"",""fetch"",""relocate"",""relocate""]","[""fetch"",""fetch"",""relocate"",""relocate""]",True,1.0,True,1.0,4,2,0.5,False,False,False,False,unchanged_failure
ood,706,"{""object_count"":1,""ordered_units"":[""fetch(plate)"",""relocate(plate,table)""],""plan_length"":5}","[""fetch"",""relocate""]","[""fetch""]",False,0.6666666666666666,False,0.5,1,1,1.0,True,False,False,True,fix
ood,707,"{""object_count"":1,""ordered_units"":[""fetch(bowl)"",""relocate(bowl,table)""],""plan_length"":5}","[""fetch"",""relocate""]","[""fetch"",""fetch""]",False,0.5,False,0.5,2,1,0.5,False,False,False,False,unchanged_failure
ood,708,"{""object_count"":1,""ordered_units"":[""fetch(plate)"",""relocate(plate,table)""],""plan_length"":5}","[""fetch"",""relocate""]","[""fetch"",""relocate""]",True,1.0,True,1.0,2,0,0.0,False,False,False,False,unchanged_failure
ood,709,"{""object_count"":1,""ordered_units"":[""fetch(bowl)"",""relocate(bowl,table)""],""plan_length"":5}","[""fetch"",""relocate""]","[""fetch"",""fetch""]",False,0.5,False,0.5,2,2,1.0,True,False,False,False,unchanged_failure
ood,710,"{""object_count"":1,""ordered_units"":[""fetch(bowl)"",""relocate(bowl,table)""],""plan_length"":5}","[""fetch"",""relocate""]","[""fetch"",""fetch""]",False,0.5,False,0.5,2,2,1.0,True,False,False,False,unchanged_failure
ood,711,"{""object_count"":1,""ordered_units"":[""fetch(bowl)"",""relocate(bowl,table)""],""plan_length"":5}","[""fetch"",""relocate""]","[""fetch""]",False,0.6666666666666666,False,0.5,1,1,1.0,True,False,False,False,unchanged_failure
ood,712,"{""object_count"":1,""ordered_units"":[""fetch(bowl)"",""relocate(bowl,table)""],""plan_length"":5}","[""fetch"",""relocate""]","[""state_change"",""fetch"",""fetch"",""relocate""]",False,0.6666666666666666,False,1.0,4,3,0.75,False,False,False,False,unchanged_failure
ood,713,"{""object_count"":1,""ordered_units"":[""fetch(bowl)"",""relocate(bowl,table)""],""plan_length"":5}","[""fetch"",""relocate""]","[""fetch"",""fetch"",""relocate""]",False,0.8,False,1.0,3,2,0.6666666666666666,False,False,False,False,unchanged_failure
ood,714,"{""object_count"":1,""ordered_units"":[""fetch(bowl)"",""relocate(bowl,table)""],""plan_length"":5}","[""fetch"",""relocate""]","[""state_change"",""state_change"",""relocate"",""relocate""]",False,0.3333333333333333,False,0.5,4,2,0.5,False,False,False,False,unchanged_failure
ood,715,"{""object_count"":1,""ordered_units"":[""fetch(plate)"",""relocate(plate,table)""],""plan_length"":5}","[""fetch"",""relocate""]","[""fetch"",""relocate""]",True,1.0,True,1.0,2,0,0.0,False,False,False,False,unchanged_failure
ood,716,"{""object_count"":2,""ordered_units"":[""fetch(bowl)"",""fetch(plate)"",""relocate(bowl,table)"",""relocate(plate,table)"",""multi_object_sequence(2)""],""plan_length"":8}","[""fetch"",""fetch"",""relocate"",""relocate""]","[""fetch"",""fetch"",""relocate""]",False,0.8571428571428571,False,0.75,3,2,0.6666666666666666,False,False,False,False,unchanged_failure
ood,717,"{""object_count"":2,""ordered_units"":[""fetch(bowl)"",""fetch(plate)"",""relocate(bowl,table)"",""relocate(plate,table)"",""multi_object_sequence(2)""],""plan_length"":8}","[""fetch"",""fetch"",""relocate"",""relocate""]","[""fetch"",""fetch"",""relocate"",""relocate""]",True,1.0,True,1.0,4,2,0.5,False,False,False,False,unchanged_failure
ood,718,"{""object_count"":1,""ordered_units"":[""fetch(bowl)"",""relocate(bowl,table)""],""plan_length"":5}","[""fetch"",""relocate""]","[""fetch""]",False,0.6666666666666666,False,0.5,1,1,1.0,True,False,False,False,unchanged_failure
ood,719,"{""object_count"":1,""ordered_units"":[""fetch(bowl)"",""relocate(bowl,table)""],""plan_length"":5}","[""fetch"",""relocate""]","[""fetch"",""fetch"",""relocate""]",False,0.8,False,1.0,3,2,0.6666666666666666,False,False,False,False,unchanged_failure
ood,720,"{""object_count"":2,""ordered_units"":[""fetch(bowl)"",""fetch(plate)"",""relocate(bowl,table)"",""relocate(plate,table)"",""multi_object_sequence(2)""],""plan_length"":8}","[""fetch"",""fetch"",""relocate"",""relocate""]","[""fetch""]",False,0.4,False,0.25,1,0,0.0,False,False,False,False,unchanged_failure
ood,721,"{""object_count"":2,""ordered_units"":[""fetch(bowl)"",""fetch(plate)"",""relocate(bowl,table)"",""relocate(plate,table)"",""multi_object_sequence(2)""],""plan_length"":8}","[""fetch"",""fetch"",""relocate"",""relocate""]","[""fetch""]",False,0.4,False,0.25,1,1,1.0,True,False,False,False,unchanged_failure
ood,722,"{""object_count"":2,""ordered_units"":[""fetch(bowl)"",""fetch(plate)"",""relocate(bowl,table)"",""relocate(plate,table)"",""multi_object_sequence(2)""],""plan_length"":8}","[""fetch"",""fetch"",""relocate"",""relocate""]","[""state_change"",""fetch"",""relocate"",""fetch"",""relocate""]",False,0.8888888888888888,False,0.75,5,3,0.6,False,False,False,False,unchanged_failure
ood,723,"{""object_count"":1,""ordered_units"":[""fetch(bowl)"",""relocate(bowl,table)""],""plan_length"":5}","[""fetch"",""relocate""]","[""state_change"",""fetch"",""fetch"",""relocate""]",False,0.6666666666666666,False,1.0,4,3,0.75,False,False,False,False,unchanged_failure
ood,724,"{""object_count"":1,""ordered_units"":[""fetch(bowl)"",""relocate(bowl,table)""],""plan_length"":5}","[""fetch"",""relocate""]","[""state_change"",""fetch"",""relocate""]",False,0.8,False,1.0,3,3,1.0,True,False,False,False,unchanged_failure
ood,725,"{""object_count"":1,""ordered_units"":[""fetch(plate)"",""relocate(plate,table)""],""plan_length"":5}","[""fetch"",""relocate""]","[""state_change""]",False,0.0,False,0.0,1,1,1.0,True,False,False,False,unchanged_failure
ood,726,"{""object_count"":1,""ordered_units"":[""fetch(plate)"",""relocate(plate,table)""],""plan_length"":5}","[""fetch"",""relocate""]","[""fetch"",""relocate""]",True,1.0,True,1.0,2,0,0.0,False,False,False,False,unchanged_failure
ood,727,"{""object_count"":2,""ordered_units"":[""fetch(bowl)"",""fetch(plate)"",""relocate(bowl,table)"",""relocate(plate,table)"",""multi_object_sequence(2)""],""plan_length"":8}","[""fetch"",""fetch"",""relocate"",""relocate""]","[""fetch""]",False,0.4,False,0.25,1,0,0.0,False,False,False,False,unchanged_failure
ood,728,"{""object_count"":1,""ordered_units"":[""fetch(plate)"",""relocate(plate,table)""],""plan_length"":5}","[""fetch"",""relocate""]","[""state_change"",""fetch"",""fetch"",""relocate""]",False,0.6666666666666666,False,1.0,4,3,0.75,False,False,True,False,regression
ood,729,"{""object_count"":1,""ordered_units"":[""fetch(bowl)"",""relocate(bowl,table)""],""plan_length"":5}","[""fetch"",""relocate""]","[""state_change"",""fetch"",""fetch"",""relocate""]",False,0.6666666666666666,False,1.0,4,3,0.75,False,False,False,False,unchanged_failure
ood,730,"{""object_count"":2,""ordered_units"":[""fetch(bowl)"",""fetch(plate)"",""relocate(bowl,table)"",""relocate(plate,table)"",""multi_object_sequence(2)""],""plan_length"":8}","[""fetch"",""fetch"",""relocate"",""relocate""]","[""fetch""]",False,0.4,False,0.25,1,0,0.0,False,False,False,False,unchanged_failure
ood,731,"{""object_count"":2,""ordered_units"":[""fetch(bowl)"",""fetch(plate)"",""relocate(bowl,table)"",""relocate(plate,table)"",""multi_object_sequence(2)""],""plan_length"":8}","[""fetch"",""fetch"",""relocate"",""relocate""]","[""state_change"",""state_change"",""state_change"",""relocate"",""relocate""]",False,0.4444444444444444,False,0.5,5,3,0.6,False,False,False,False,unchanged_failure
ood,732,"{""object_count"":2,""ordered_units"":[""fetch(bowl)"",""fetch(plate)"",""relocate(bowl,table)"",""relocate(plate,table)"",""multi_object_sequence(2)""],""plan_length"":8}","[""fetch"",""fetch"",""relocate"",""relocate""]","[""state_change""]",False,0.0,False,0.0,1,1,1.0,True,False,False,False,unchanged_failure
ood,733,"{""object_count"":1,""ordered_units"":[""fetch(plate)"",""relocate(plate,table)""],""plan_length"":5}","[""fetch"",""relocate""]","[""state_change""]",False,0.0,False,0.0,1,1,1.0,True,False,False,False,unchanged_failure
ood,734,"{""object_count"":1,""ordered_units"":[""fetch(plate)"",""relocate(plate,table)""],""plan_length"":5}","[""fetch"",""relocate""]","[""state_change"",""state_change"",""relocate"",""relocate""]",False,0.3333333333333333,False,0.5,4,0,0.0,False,False,False,False,unchanged_failure
ood,735,"{""object_count"":1,""ordered_units"":[""fetch(plate)"",""relocate(plate,table)""],""plan_length"":5}","[""fetch"",""relocate""]","[""fetch""]",False,0.6666666666666666,False,0.5,1,1,1.0,True,False,False,True,fix
ood,736,"{""object_count"":2,""ordered_units"":[""fetch(bowl)"",""fetch(plate)"",""relocate(bowl,table)"",""relocate(plate,table)"",""multi_object_sequence(2)""],""plan_length"":8}","[""fetch"",""fetch"",""relocate"",""relocate""]","[""state_change"",""state_change"",""state_change"",""fetch"",""fetch"",""relocate"",""relocate""]",False,0.7272727272727273,False,1.0,7,3,0.42857142857142855,False,False,False,False,unchanged_failure
ood,737,"{""object_count"":1,""ordered_units"":[""fetch(bowl)"",""relocate(bowl,table)""],""plan_length"":5}","[""fetch"",""relocate""]","[""fetch""]",False,0.6666666666666666,False,0.5,1,1,1.0,True,False,False,False,unchanged_failure
ood,738,"{""object_count"":2,""ordered_units"":[""fetch(bowl)"",""fetch(plate)"",""relocate(bowl,table)"",""relocate(plate,table)"",""multi_object_sequence(2)""],""plan_length"":8}","[""fetch"",""fetch"",""relocate"",""relocate""]","[""fetch""]",False,0.4,False,0.25,1,0,0.0,False,False,False,False,unchanged_failure
ood,739,"{""object_count"":2,""ordered_units"":[""fetch(bowl)"",""fetch(plate)"",""relocate(bowl,table)"",""relocate(plate,table)"",""multi_object_sequence(2)""],""plan_length"":8}","[""fetch"",""fetch"",""relocate"",""relocate""]","[""state_change"",""state_change"",""relocate"",""relocate""]",False,0.5,False,0.5,4,1,0.25,False,False,False,False,unchanged_failure
ood,740,"{""object_count"":2,""ordered_units"":[""fetch(bowl)"",""fetch(plate)"",""relocate(bowl,table)"",""relocate(plate,table)"",""multi_object_sequence(2)""],""plan_length"":8}","[""fetch"",""fetch"",""relocate"",""relocate""]","[""fetch""]",False,0.4,False,0.25,1,1,1.0,True,False,False,False,unchanged_failure
ood,741,"{""object_count"":1,""ordered_units"":[""fetch(bowl)"",""relocate(bowl,table)""],""plan_length"":5}","[""fetch"",""relocate""]","[""fetch"",""fetch""]",False,0.5,False,0.5,2,1,0.5,False,False,False,False,unchanged_failure
ood,742,"{""object_count"":1,""ordered_units"":[""fetch(bowl)"",""relocate(bowl,table)""],""plan_length"":5}","[""fetch"",""relocate""]","[""state_change""]",False,0.0,False,0.0,1,1,1.0,True,False,False,False,unchanged_failure
ood,743,"{""object_count"":1,""ordered_units"":[""fetch(plate)"",""relocate(plate,table)""],""plan_length"":5}","[""fetch"",""relocate""]","[""fetch""]",False,0.6666666666666666,False,0.5,1,1,1.0,True,False,False,False,unchanged_failure
ood,744,"{""object_count"":2,""ordered_units"":[""fetch(bowl)"",""fetch(plate)"",""relocate(bowl,table)"",""relocate(plate,table)"",""multi_object_sequence(2)""],""plan_length"":8}","[""fetch"",""fetch"",""relocate"",""relocate""]","[""state_change"",""state_change"",""relocate"",""relocate""]",False,0.5,False,0.5,4,2,0.5,False,False,False,False,unchanged_failure
ood,745,"{""object_count"":1,""ordered_units"":[""fetch(plate)"",""relocate(plate,table)""],""plan_length"":5}","[""fetch"",""relocate""]","[""fetch"",""relocate""]",True,1.0,True,1.0,2,0,0.0,False,False,False,False,unchanged_failure
ood,746,"{""object_count"":1,""ordered_units"":[""fetch(bowl)"",""relocate(bowl,table)""],""plan_length"":5}","[""fetch"",""relocate""]","[""fetch""]",False,0.6666666666666666,False,0.5,1,1,1.0,True,False,False,False,unchanged_failure
ood,747,"{""object_count"":1,""ordered_units"":[""fetch(plate)"",""relocate(plate,table)""],""plan_length"":5}","[""fetch"",""relocate""]","[""state_change""]",False,0.0,False,0.0,1,1,1.0,True,False,False,False,unchanged_failure
ood,748,"{""object_count"":1,""ordered_units"":[""fetch(plate)"",""relocate(plate,table)""],""plan_length"":5}","[""fetch"",""relocate""]","[""fetch""]",False,0.6666666666666666,False,0.5,1,1,1.0,True,False,False,False,unchanged_failure
ood,749,"{""object_count"":2,""ordered_units"":[""fetch(bowl)"",""fetch(plate)"",""relocate(bowl,table)"",""relocate(plate,table)"",""multi_object_sequence(2)""],""plan_length"":8}","[""fetch"",""fetch"",""relocate"",""relocate""]","[""fetch""]",False,0.4,False,0.25,1,1,1.0,True,False,False,False,unchanged_failure
ood,750,"{""object_count"":1,""ordered_units"":[""fetch(plate)"",""relocate(plate,table)""],""plan_length"":5}","[""fetch"",""relocate""]","[""state_change"",""state_change"",""relocate"",""relocate""]",False,0.3333333333333333,False,0.5,4,0,0.0,False,False,False,False,unchanged_failure
ood,751,"{""object_count"":2,""ordered_units"":[""fetch(bowl)"",""fetch(plate)"",""relocate(bowl,table)"",""relocate(plate,table)"",""multi_object_sequence(2)""],""plan_length"":8}","[""fetch"",""fetch"",""relocate"",""relocate""]","[""fetch""]",False,0.4,False,0.25,1,0,0.0,False,False,False,False,unchanged_failure
ood,752,"{""object_count"":2,""ordered_units"":[""fetch(bowl)"",""fetch(plate)"",""relocate(bowl,table)"",""relocate(plate,table)"",""multi_object_sequence(2)""],""plan_length"":8}","[""fetch"",""fetch"",""relocate"",""relocate""]","[""state_change""]",False,0.0,False,0.0,1,1,1.0,True,False,False,False,unchanged_failure
ood,753,"{""object_count"":1,""ordered_units"":[""fetch(bowl)"",""relocate(bowl,table)""],""plan_length"":5}","[""fetch"",""relocate""]","[""fetch""]",False,0.6666666666666666,False,0.5,1,1,1.0,True,False,False,False,unchanged_failure
ood,754,"{""object_count"":1,""ordered_units"":[""fetch(bowl)"",""relocate(bowl,table)""],""plan_length"":5}","[""fetch"",""relocate""]","[""fetch"",""fetch""]",False,0.5,False,0.5,2,1,0.5,False,False,False,False,unchanged_failure
ood,755,"{""object_count"":2,""ordered_units"":[""fetch(bowl)"",""fetch(plate)"",""relocate(bowl,table)"",""relocate(plate,table)"",""multi_object_sequence(2)""],""plan_length"":8}","[""fetch"",""fetch"",""relocate"",""relocate""]","[""fetch"",""fetch"",""relocate"",""relocate""]",True,1.0,True,1.0,4,2,0.5,False,False,False,False,unchanged_failure
ood,756,"{""object_count"":1,""ordered_units"":[""fetch(plate)"",""relocate(plate,table)""],""plan_length"":5}","[""fetch"",""relocate""]","[""fetch""]",False,0.6666666666666666,False,0.5,1,1,1.0,True,False,False,False,unchanged_failure
ood,757,"{""object_count"":1,""ordered_units"":[""fetch(plate)"",""relocate(plate,table)""],""plan_length"":5}","[""fetch"",""relocate""]","[""state_change"",""fetch"",""relocate"",""fetch"",""relocate""]",False,0.5714285714285714,False,1.0,5,3,0.6,False,False,False,False,unchanged_failure
ood,758,"{""object_count"":1,""ordered_units"":[""fetch(plate)"",""relocate(plate,table)""],""plan_length"":5}","[""fetch"",""relocate""]","[""state_change"",""state_change"",""relocate"",""relocate""]",False,0.3333333333333333,False,0.5,4,0,0.0,False,False,False,False,unchanged_failure
ood,759,"{""object_count"":1,""ordered_units"":[""fetch(plate)"",""relocate(plate,table)""],""plan_length"":5}","[""fetch"",""relocate""]","[""state_change"",""state_change"",""fetch"",""relocate""]",False,0.6666666666666666,False,1.0,4,1,0.25,False,False,False,False,unchanged_failure
ood,760,"{""object_count"":1,""ordered_units"":[""fetch(bowl)"",""relocate(bowl,table)""],""plan_length"":5}","[""fetch"",""relocate""]","[""fetch""]",False,0.6666666666666666,False,0.5,1,1,1.0,True,False,False,False,unchanged_failure
ood,761,"{""object_count"":1,""ordered_units"":[""fetch(plate)"",""relocate(plate,table)""],""plan_length"":5}","[""fetch"",""relocate""]","[""fetch"",""relocate""]",True,1.0,True,1.0,2,0,0.0,False,False,False,False,unchanged_failure
ood,762,"{""object_count"":2,""ordered_units"":[""fetch(bowl)"",""fetch(plate)"",""relocate(bowl,table)"",""relocate(plate,table)"",""multi_object_sequence(2)""],""plan_length"":8}","[""fetch"",""fetch"",""relocate"",""relocate""]","[""fetch"",""fetch"",""relocate"",""relocate""]",True,1.0,True,1.0,4,2,0.5,False,False,False,False,unchanged_failure
ood,763,"{""object_count"":1,""ordered_units"":[""fetch(plate)"",""relocate(plate,table)""],""plan_length"":5}","[""fetch"",""relocate""]","[""state_change"",""fetch"",""relocate"",""fetch"",""relocate""]",False,0.5714285714285714,False,1.0,5,3,0.6,False,False,False,False,unchanged_failure
ood,764,"{""object_count"":1,""ordered_units"":[""fetch(plate)"",""relocate(plate,table)""],""plan_length"":5}","[""fetch"",""relocate""]","[""relocate""]",False,0.6666666666666666,False,0.5,1,1,1.0,True,False,False,False,unchanged_failure
ood,765,"{""object_count"":1,""ordered_units"":[""fetch(bowl)"",""relocate(bowl,table)""],""plan_length"":5}","[""fetch"",""relocate""]","[""fetch""]",False,0.6666666666666666,False,0.5,1,1,1.0,True,False,False,False,unchanged_failure
ood,766,"{""object_count"":1,""ordered_units"":[""fetch(plate)"",""relocate(plate,table)""],""plan_length"":5}","[""fetch"",""relocate""]","[""fetch"",""relocate""]",True,1.0,True,1.0,2,0,0.0,False,False,False,False,unchanged_failure
ood,767,"{""object_count"":1,""ordered_units"":[""fetch(plate)"",""relocate(plate,table)""],""plan_length"":5}","[""fetch"",""relocate""]","[""state_change"",""state_change"",""fetch"",""relocate""]",False,0.6666666666666666,False,1.0,4,1,0.25,False,False,False,False,unchanged_failure
ood,768,"{""object_count"":2,""ordered_units"":[""fetch(bowl)"",""fetch(plate)"",""relocate(bowl,table)"",""relocate(plate,table)"",""multi_object_sequence(2)""],""plan_length"":8}","[""fetch"",""fetch"",""relocate"",""relocate""]","[""state_change"",""state_change"",""relocate"",""relocate""]",False,0.5,False,0.5,4,1,0.25,False,False,False,False,unchanged_failure
ood,769,"{""object_count"":1,""ordered_units"":[""fetch(bowl)"",""relocate(bowl,table)""],""plan_length"":5}","[""fetch"",""relocate""]","[""state_change"",""state_change"",""relocate"",""relocate""]",False,0.3333333333333333,False,0.5,4,2,0.5,False,False,False,False,unchanged_failure
ood,770,"{""object_count"":1,""ordered_units"":[""fetch(bowl)"",""relocate(bowl,table)""],""plan_length"":5}","[""fetch"",""relocate""]","[""fetch""]",False,0.6666666666666666,False,0.5,1,1,1.0,True,False,False,False,unchanged_failure
ood,771,"{""object_count"":1,""ordered_units"":[""fetch(bowl)"",""relocate(bowl,table)""],""plan_length"":5}","[""fetch"",""relocate""]","[""state_change"",""fetch"",""fetch"",""relocate""]",False,0.6666666666666666,False,1.0,4,3,0.75,False,False,False,False,unchanged_failure
ood,772,"{""object_count"":2,""ordered_units"":[""fetch(bowl)"",""fetch(plate)"",""relocate(bowl,table)"",""relocate(plate,table)"",""multi_object_sequence(2)""],""plan_length"":8}","[""fetch"",""fetch"",""relocate"",""relocate""]","[""state_change"",""state_change"",""state_change"",""fetch"",""fetch"",""relocate"",""relocate""]",False,0.7272727272727273,False,1.0,7,3,0.42857142857142855,False,False,False,False,unchanged_failure
ood,773,"{""object_count"":2,""ordered_units"":[""fetch(bowl)"",""fetch(plate)"",""relocate(bowl,table)"",""relocate(plate,table)"",""multi_object_sequence(2)""],""plan_length"":8}","[""fetch"",""fetch"",""relocate"",""relocate""]","[""state_change"",""state_change"",""relocate"",""relocate""]",False,0.5,False,0.5,4,2,0.5,False,False,False,False,unchanged_failure
ood,774,"{""object_count"":2,""ordered_units"":[""fetch(bowl)"",""fetch(plate)"",""relocate(bowl,table)"",""relocate(plate,table)"",""multi_object_sequence(2)""],""plan_length"":8}","[""fetch"",""fetch"",""relocate"",""relocate""]","[""fetch""]",False,0.4,False,0.25,1,0,0.0,False,False,False,False,unchanged_failure
ood,775,"{""object_count"":2,""ordered_units"":[""fetch(bowl)"",""fetch(plate)"",""relocate(bowl,table)"",""relocate(plate,table)"",""multi_object_sequence(2)""],""plan_length"":8}","[""fetch"",""fetch"",""relocate"",""relocate""]","[""state_change"",""state_change"",""relocate"",""relocate""]",False,0.5,False,0.5,4,2,0.5,False,False,False,False,unchanged_failure
ood,776,"{""object_count"":1,""ordered_units"":[""fetch(bowl)"",""relocate(bowl,table)""],""plan_length"":5}","[""fetch"",""relocate""]","[""state_change"",""fetch"",""fetch"",""relocate""]",False,0.6666666666666666,False,1.0,4,3,0.75,False,False,False,False,unchanged_failure
ood,777,"{""object_count"":1,""ordered_units"":[""fetch(bowl)"",""relocate(bowl,table)""],""plan_length"":5}","[""fetch"",""relocate""]","[""fetch""]",False,0.6666666666666666,False,0.5,1,1,1.0,True,False,False,False,unchanged_failure
ood,778,"{""object_count"":2,""ordered_units"":[""fetch(bowl)"",""fetch(plate)"",""relocate(bowl,table)"",""relocate(plate,table)"",""multi_object_sequence(2)""],""plan_length"":8}","[""fetch"",""fetch"",""relocate"",""relocate""]","[""fetch""]",False,0.4,False,0.25,1,1,1.0,True,False,False,False,unchanged_failure
ood,779,"{""object_count"":1,""ordered_units"":[""fetch(plate)"",""relocate(plate,table)""],""plan_length"":5}","[""fetch"",""relocate""]","[""fetch""]",False,0.6666666666666666,False,0.5,1,1,1.0,True,False,False,False,unchanged_failure
ood,780,"{""object_count"":1,""ordered_units"":[""fetch(plate)"",""relocate(plate,table)""],""plan_length"":5}","[""fetch"",""relocate""]","[""fetch""]",False,0.6666666666666666,False,0.5,1,1,1.0,True,False,False,False,unchanged_failure
ood,781,"{""object_count"":1,""ordered_units"":[""fetch(plate)"",""relocate(plate,table)""],""plan_length"":5}","[""fetch"",""relocate""]","[""state_change"",""fetch"",""fetch"",""relocate""]",False,0.6666666666666666,False,1.0,4,3,0.75,False,False,False,False,unchanged_failure
ood,782,"{""object_count"":1,""ordered_units"":[""fetch(plate)"",""relocate(plate,table)""],""plan_length"":5}","[""fetch"",""relocate""]","[""state_change""]",False,0.0,False,0.0,1,1,1.0,True,False,False,False,unchanged_failure
ood,783,"{""object_count"":1,""ordered_units"":[""fetch(bowl)"",""relocate(bowl,table)""],""plan_length"":5}","[""fetch"",""relocate""]","[""fetch"",""fetch"",""relocate""]",False,0.8,False,1.0,3,2,0.6666666666666666,False,False,False,False,unchanged_failure
ood,784,"{""object_count"":2,""ordered_units"":[""fetch(bowl)"",""fetch(plate)"",""relocate(bowl,table)"",""relocate(plate,table)"",""multi_object_sequence(2)""],""plan_length"":8}","[""fetch"",""fetch"",""relocate"",""relocate""]","[""state_change"",""state_change"",""state_change"",""fetch"",""fetch"",""relocate"",""relocate""]",False,0.7272727272727273,False,1.0,7,3,0.42857142857142855,False,False,False,False,unchanged_failure
ood,785,"{""object_count"":1,""ordered_units"":[""fetch(plate)"",""relocate(plate,table)""],""plan_length"":5}","[""fetch"",""relocate""]","[""state_change"",""state_change"",""fetch"",""relocate""]",False,0.6666666666666666,False,1.0,4,1,0.25,False,False,False,False,unchanged_failure
ood,786,"{""object_count"":2,""ordered_units"":[""fetch(bowl)"",""fetch(plate)"",""relocate(bowl,table)"",""relocate(plate,table)"",""multi_object_sequence(2)""],""plan_length"":8}","[""fetch"",""fetch"",""relocate"",""relocate""]","[""state_change"",""state_change"",""state_change"",""fetch"",""fetch"",""relocate"",""relocate""]",False,0.7272727272727273,False,1.0,7,3,0.42857142857142855,False,False,False,False,unchanged_failure
ood,787,"{""object_count"":1,""ordered_units"":[""fetch(plate)"",""relocate(plate,table)""],""plan_length"":5}","[""fetch"",""relocate""]","[""relocate""]",False,0.6666666666666666,False,0.5,1,1,1.0,True,False,False,False,unchanged_failure
ood,788,"{""object_count"":1,""ordered_units"":[""fetch(bowl)"",""relocate(bowl,table)""],""plan_length"":5}","[""fetch"",""relocate""]","[""state_change"",""state_change"",""relocate"",""relocate""]",False,0.3333333333333333,False,0.5,4,2,0.5,False,False,False,False,unchanged_failure
ood,789,"{""object_count"":1,""ordered_units"":[""fetch(bowl)"",""relocate(bowl,table)""],""plan_length"":5}","[""fetch"",""relocate""]","[""state_change"",""fetch"",""fetch"",""relocate""]",False,0.6666666666666666,False,1.0,4,3,0.75,False,False,False,False,unchanged_failure
ood,790,"{""object_count"":1,""ordered_units"":[""fetch(bowl)"",""relocate(bowl,table)""],""plan_length"":5}","[""fetch"",""relocate""]","[""state_change""]",False,0.0,False,0.0,1,1,1.0,True,False,False,False,unchanged_failure
ood,791,"{""object_count"":2,""ordered_units"":[""fetch(bowl)"",""fetch(plate)"",""relocate(bowl,table)"",""relocate(plate,table)"",""multi_object_sequence(2)""],""plan_length"":8}","[""fetch"",""fetch"",""relocate"",""relocate""]","[""state_change"",""state_change"",""relocate"",""relocate""]",False,0.5,False,0.5,4,2,0.5,False,False,False,False,unchanged_failure
ood,792,"{""object_count"":2,""ordered_units"":[""fetch(bowl)"",""fetch(plate)"",""relocate(bowl,table)"",""relocate(plate,table)"",""multi_object_sequence(2)""],""plan_length"":8}","[""fetch"",""fetch"",""relocate"",""relocate""]","[""fetch""]",False,0.4,False,0.25,1,0,0.0,False,False,False,False,unchanged_failure
ood,793,"{""object_count"":1,""ordered_units"":[""fetch(bowl)"",""relocate(bowl,table)""],""plan_length"":5}","[""fetch"",""relocate""]","[""state_change""]",False,0.0,False,0.0,1,1,1.0,True,False,False,False,unchanged_failure
ood,794,"{""object_count"":2,""ordered_units"":[""fetch(bowl)"",""fetch(plate)"",""relocate(bowl,table)"",""relocate(plate,table)"",""multi_object_sequence(2)""],""plan_length"":8}","[""fetch"",""fetch"",""relocate"",""relocate""]","[""fetch"",""fetch"",""relocate"",""relocate""]",True,1.0,True,1.0,4,2,0.5,False,False,False,False,unchanged_failure
ood,795,"{""object_count"":1,""ordered_units"":[""fetch(plate)"",""relocate(plate,table)""],""plan_length"":5}","[""fetch"",""relocate""]","[""fetch""]",False,0.6666666666666666,False,0.5,1,1,1.0,True,False,False,False,unchanged_failure
ood,796,"{""object_count"":2,""ordered_units"":[""fetch(bowl)"",""fetch(plate)"",""relocate(bowl,table)"",""relocate(plate,table)"",""multi_object_sequence(2)""],""plan_length"":8}","[""fetch"",""fetch"",""relocate"",""relocate""]","[""fetch""]",False,0.4,False,0.25,1,0,0.0,False,False,False,False,unchanged_failure
ood,797,"{""object_count"":1,""ordered_units"":[""fetch(plate)"",""relocate(plate,table)""],""plan_length"":5}","[""fetch"",""relocate""]","[""state_change"",""fetch"",""fetch"",""relocate""]",False,0.6666666666666666,False,1.0,4,3,0.75,False,False,False,False,unchanged_failure
ood,798,"{""object_count"":1,""ordered_units"":[""fetch(plate)"",""relocate(plate,table)""],""plan_length"":5}","[""fetch"",""relocate""]","[""state_change"",""fetch"",""fetch"",""relocate""]",False,0.6666666666666666,False,1.0,4,3,0.75,False,False,False,False,unchanged_failure
ood,799,"{""object_count"":1,""ordered_units"":[""fetch(bowl)"",""relocate(bowl,table)""],""plan_length"":5}","[""fetch"",""relocate""]","[""state_change"",""state_change"",""relocate"",""relocate""]",False,0.3333333333333333,False,0.5,4,2,0.5,False,False,False,False,unchanged_failure
ood,800,"{""object_count"":1,""ordered_units"":[""fetch(bowl)"",""relocate(bowl,table)""],""plan_length"":5}","[""fetch"",""relocate""]","[""fetch""]",False,0.6666666666666666,False,0.5,1,1,1.0,True,False,False,False,unchanged_failure
ood,801,"{""object_count"":2,""ordered_units"":[""fetch(bowl)"",""fetch(plate)"",""relocate(bowl,table)"",""relocate(plate,table)"",""multi_object_sequence(2)""],""plan_length"":8}","[""fetch"",""fetch"",""relocate"",""relocate""]","[""fetch"",""fetch"",""relocate"",""relocate""]",True,1.0,True,1.0,4,2,0.5,False,False,False,False,unchanged_failure
ood,802,"{""object_count"":1,""ordered_units"":[""fetch(bowl)"",""relocate(bowl,table)""],""plan_length"":5}","[""fetch"",""relocate""]","[""fetch"",""fetch"",""relocate""]",False,0.8,False,1.0,3,2,0.6666666666666666,False,False,False,False,unchanged_failure
ood,803,"{""object_count"":2,""ordered_units"":[""fetch(bowl)"",""fetch(plate)"",""relocate(bowl,table)"",""relocate(plate,table)"",""multi_object_sequence(2)""],""plan_length"":8}","[""fetch"",""fetch"",""relocate"",""relocate""]","[""fetch"",""fetch"",""relocate"",""relocate""]",True,1.0,True,1.0,4,2,0.5,False,False,False,False,unchanged_failure
ood,804,"{""object_count"":1,""ordered_units"":[""fetch(bowl)"",""relocate(bowl,table)""],""plan_length"":5}","[""fetch"",""relocate""]","[""fetch"",""fetch"",""relocate""]",False,0.8,False,1.0,3,2,0.6666666666666666,False,False,False,False,unchanged_failure
ood,805,"{""object_count"":1,""ordered_units"":[""fetch(bowl)"",""relocate(bowl,table)""],""plan_length"":5}","[""fetch"",""relocate""]","[""state_change"",""fetch"",""relocate""]",False,0.8,False,1.0,3,3,1.0,True,False,False,False,unchanged_failure
ood,806,"{""object_count"":2,""ordered_units"":[""fetch(bowl)"",""fetch(plate)"",""relocate(bowl,table)"",""relocate(plate,table)"",""multi_object_sequence(2)""],""plan_length"":8}","[""fetch"",""fetch"",""relocate"",""relocate""]","[""state_change"",""state_change"",""state_change"",""fetch"",""fetch"",""relocate"",""relocate""]",False,0.7272727272727273,False,1.0,7,3,0.42857142857142855,False,False,False,False,unchanged_failure
ood,807,"{""object_count"":1,""ordered_units"":[""fetch(plate)"",""relocate(plate,table)""],""plan_length"":5}","[""fetch"",""relocate""]","[""state_change"",""state_change"",""relocate"",""relocate""]",False,0.3333333333333333,False,0.5,4,0,0.0,False,False,False,False,unchanged_failure
ood,808,"{""object_count"":1,""ordered_units"":[""fetch(plate)"",""relocate(plate,table)""],""plan_length"":5}","[""fetch"",""relocate""]","[""state_change""]",False,0.0,False,0.0,1,1,1.0,True,False,False,False,unchanged_failure
ood,809,"{""object_count"":1,""ordered_units"":[""fetch(plate)"",""relocate(plate,table)""],""plan_length"":5}","[""fetch"",""relocate""]","[""fetch""]",False,0.6666666666666666,False,0.5,1,1,1.0,True,False,False,False,unchanged_failure
ood,810,"{""object_count"":2,""ordered_units"":[""fetch(bowl)"",""fetch(plate)"",""relocate(bowl,table)"",""relocate(plate,table)"",""multi_object_sequence(2)""],""plan_length"":8}","[""fetch"",""fetch"",""relocate"",""relocate""]","[""state_change"",""state_change"",""relocate"",""relocate""]",False,0.5,False,0.5,4,1,0.25,False,False,False,False,unchanged_failure
ood,811,"{""object_count"":1,""ordered_units"":[""fetch(plate)"",""relocate(plate,table)""],""plan_length"":5}","[""fetch"",""relocate""]","[""fetch"",""relocate""]",True,1.0,True,1.0,2,0,0.0,False,False,False,False,unchanged_failure
ood,812,"{""object_count"":1,""ordered_units"":[""fetch(plate)"",""relocate(plate,table)""],""plan_length"":5}","[""fetch"",""relocate""]","[""fetch""]",False,0.6666666666666666,False,0.5,1,1,1.0,True,False,False,False,unchanged_failure
ood,813,"{""object_count"":2,""ordered_units"":[""fetch(bowl)"",""fetch(plate)"",""relocate(bowl,table)"",""relocate(plate,table)"",""multi_object_sequence(2)""],""plan_length"":8}","[""fetch"",""fetch"",""relocate"",""relocate""]","[""state_change"",""state_change"",""relocate"",""relocate""]",False,0.5,False,0.5,4,1,0.25,False,False,False,False,unchanged_failure
ood,814,"{""object_count"":2,""ordered_units"":[""fetch(bowl)"",""fetch(plate)"",""relocate(bowl,table)"",""relocate(plate,table)"",""multi_object_sequence(2)""],""plan_length"":8}","[""fetch"",""fetch"",""relocate"",""relocate""]","[""fetch""]",False,0.4,False,0.25,1,0,0.0,False,False,False,False,unchanged_failure
ood,815,"{""object_count"":2,""ordered_units"":[""fetch(bowl)"",""fetch(plate)"",""relocate(bowl,table)"",""relocate(plate,table)"",""multi_object_sequence(2)""],""plan_length"":8}","[""fetch"",""fetch"",""relocate"",""relocate""]","[""state_change"",""fetch"",""relocate"",""fetch"",""relocate""]",False,0.8888888888888888,False,0.75,5,3,0.6,False,False,False,False,unchanged_failure
ood,816,"{""object_count"":1,""ordered_units"":[""fetch(bowl)"",""relocate(bowl,table)""],""plan_length"":5}","[""fetch"",""relocate""]","[""state_change"",""fetch"",""relocate""]",False,0.8,False,1.0,3,3,1.0,True,False,False,False,unchanged_failure
ood,817,"{""object_count"":1,""ordered_units"":[""fetch(bowl)"",""relocate(bowl,table)""],""plan_length"":5}","[""fetch"",""relocate""]","[""fetch""]",False,0.6666666666666666,False,0.5,1,1,1.0,True,False,False,False,unchanged_failure
ood,818,"{""object_count"":1,""ordered_units"":[""fetch(plate)"",""relocate(plate,table)""],""plan_length"":5}","[""fetch"",""relocate""]","[""state_change"",""state_change"",""fetch"",""relocate""]",False,0.6666666666666666,False,1.0,4,1,0.25,False,False,False,False,unchanged_failure
ood,819,"{""object_count"":2,""ordered_units"":[""fetch(bowl)"",""fetch(plate)"",""relocate(bowl,table)"",""relocate(plate,table)"",""multi_object_sequence(2)""],""plan_length"":8}","[""fetch"",""fetch"",""relocate"",""relocate""]","[""state_change"",""state_change"",""state_change"",""fetch"",""fetch"",""relocate"",""relocate""]",False,0.7272727272727273,False,1.0,7,3,0.42857142857142855,False,False,False,False,unchanged_failure
ood,820,"{""object_count"":1,""ordered_units"":[""fetch(bowl)"",""relocate(bowl,table)""],""plan_length"":5}","[""fetch"",""relocate""]","[""state_change"",""state_change"",""relocate"",""relocate""]",False,0.3333333333333333,False,0.5,4,2,0.5,False,False,False,False,unchanged_failure
ood,821,"{""object_count"":1,""ordered_units"":[""fetch(plate)"",""relocate(plate,table)""],""plan_length"":5}","[""fetch"",""relocate""]","[""fetch""]",False,0.6666666666666666,False,0.5,1,1,1.0,True,False,False,False,unchanged_failure
ood,822,"{""object_count"":1,""ordered_units"":[""fetch(plate)"",""relocate(plate,table)""],""plan_length"":5}","[""fetch"",""relocate""]","[""fetch""]",False,0.6666666666666666,False,0.5,1,1,1.0,True,False,False,False,unchanged_failure
ood,823,"{""object_count"":1,""ordered_units"":[""fetch(bowl)"",""relocate(bowl,table)""],""plan_length"":5}","[""fetch"",""relocate""]","[""state_change"",""state_change"",""relocate"",""relocate""]",False,0.3333333333333333,False,0.5,4,2,0.5,False,False,False,False,unchanged_failure
ood,824,"{""object_count"":2,""ordered_units"":[""fetch(bowl)"",""fetch(plate)"",""relocate(bowl,table)"",""relocate(plate,table)"",""multi_object_sequence(2)""],""plan_length"":8}","[""fetch"",""fetch"",""relocate"",""relocate""]","[""state_change"",""state_change"",""relocate"",""relocate""]",False,0.5,False,0.5,4,2,0.5,False,False,False,False,unchanged_failure
ood,825,"{""object_count"":1,""ordered_units"":[""fetch(bowl)"",""relocate(bowl,table)""],""plan_length"":5}","[""fetch"",""relocate""]","[""state_change"",""fetch"",""relocate""]",False,0.8,False,1.0,3,3,1.0,True,False,False,False,unchanged_failure
ood,826,"{""object_count"":1,""ordered_units"":[""fetch(plate)"",""relocate(plate,table)""],""plan_length"":5}","[""fetch"",""relocate""]","[""state_change""]",False,0.0,False,0.0,1,1,1.0,True,False,True,False,regression
ood,827,"{""object_count"":1,""ordered_units"":[""fetch(plate)"",""relocate(plate,table)""],""plan_length"":5}","[""fetch"",""relocate""]","[""state_change"",""fetch"",""relocate"",""fetch"",""relocate""]",False,0.5714285714285714,False,1.0,5,3,0.6,False,False,False,False,unchanged_failure
ood,828,"{""object_count"":1,""ordered_units"":[""fetch(plate)"",""relocate(plate,table)""],""plan_length"":5}","[""fetch"",""relocate""]","[""state_change"",""state_change"",""state_change"",""relocate"",""relocate""]",False,0.2857142857142857,False,0.5,5,3,0.6,False,False,False,False,unchanged_failure
ood,829,"{""object_count"":1,""ordered_units"":[""fetch(bowl)"",""relocate(bowl,table)""],""plan_length"":5}","[""fetch"",""relocate""]","[""state_change""]",False,0.0,False,0.0,1,1,1.0,True,False,False,False,unchanged_failure
ood,830,"{""object_count"":2,""ordered_units"":[""fetch(bowl)"",""fetch(plate)"",""relocate(bowl,table)"",""relocate(plate,table)"",""multi_object_sequence(2)""],""plan_length"":8}","[""fetch"",""fetch"",""relocate"",""relocate""]","[""state_change"",""state_change"",""relocate"",""relocate""]",False,0.5,False,0.5,4,2,0.5,False,False,False,False,unchanged_failure
ood,831,"{""object_count"":1,""ordered_units"":[""fetch(plate)"",""relocate(plate,table)""],""plan_length"":5}","[""fetch"",""relocate""]","[""fetch""]",False,0.6666666666666666,False,0.5,1,1,1.0,True,False,False,False,unchanged_failure
ood,832,"{""object_count"":2,""ordered_units"":[""fetch(bowl)"",""fetch(plate)"",""relocate(bowl,table)"",""relocate(plate,table)"",""multi_object_sequence(2)""],""plan_length"":8}","[""fetch"",""fetch"",""relocate"",""relocate""]","[""fetch""]",False,0.4,False,0.25,1,0,0.0,False,False,False,False,unchanged_failure
ood,833,"{""object_count"":1,""ordered_units"":[""fetch(plate)"",""relocate(plate,table)""],""plan_length"":5}","[""fetch"",""relocate""]","[""fetch""]",False,0.6666666666666666,False,0.5,1,1,1.0,True,False,False,False,unchanged_failure
ood,834,"{""object_count"":2,""ordered_units"":[""fetch(bowl)"",""fetch(plate)"",""relocate(bowl,table)"",""relocate(plate,table)"",""multi_object_sequence(2)""],""plan_length"":8}","[""fetch"",""fetch"",""relocate"",""relocate""]","[""state_change"",""state_change"",""relocate"",""relocate""]",False,0.5,False,0.5,4,1,0.25,False,False,False,False,unchanged_failure
ood,835,"{""object_count"":2,""ordered_units"":[""fetch(bowl)"",""fetch(plate)"",""relocate(bowl,table)"",""relocate(plate,table)"",""multi_object_sequence(2)""],""plan_length"":8}","[""fetch"",""fetch"",""relocate"",""relocate""]","[""state_change"",""fetch"",""relocate"",""fetch"",""relocate""]",False,0.8888888888888888,False,0.75,5,3,0.6,False,False,False,False,unchanged_failure
ood,836,"{""object_count"":1,""ordered_units"":[""fetch(plate)"",""relocate(plate,table)""],""plan_length"":5}","[""fetch"",""relocate""]","[""fetch""]",False,0.6666666666666666,False,0.5,1,1,1.0,True,False,False,False,unchanged_failure
ood,837,"{""object_count"":1,""ordered_units"":[""fetch(bowl)"",""relocate(bowl,table)""],""plan_length"":5}","[""fetch"",""relocate""]","[""state_change"",""state_change"",""relocate"",""relocate""]",False,0.3333333333333333,False,0.5,4,2,0.5,False,False,False,False,unchanged_failure
ood,838,"{""object_count"":1,""ordered_units"":[""fetch(plate)"",""relocate(plate,table)""],""plan_length"":5}","[""fetch"",""relocate""]","[""state_change"",""state_change"",""state_change"",""relocate"",""relocate""]",False,0.2857142857142857,False,0.5,5,3,0.6,False,False,False,False,unchanged_failure
ood,839,"{""object_count"":1,""ordered_units"":[""fetch(bowl)"",""relocate(bowl,table)""],""plan_length"":5}","[""fetch"",""relocate""]","[""fetch""]",False,0.6666666666666666,False,0.5,1,1,1.0,True,False,False,False,unchanged_failure
ood,840,"{""object_count"":1,""ordered_units"":[""fetch(plate)"",""relocate(plate,table)""],""plan_length"":5}","[""fetch"",""relocate""]","[""state_change""]",False,0.0,False,0.0,1,1,1.0,True,False,False,False,unchanged_failure
ood,841,"{""object_count"":1,""ordered_units"":[""fetch(plate)"",""relocate(plate,table)""],""plan_length"":5}","[""fetch"",""relocate""]","[""state_change"",""state_change"",""relocate"",""relocate""]",False,0.3333333333333333,False,0.5,4,0,0.0,False,False,False,False,unchanged_failure
ood,842,"{""object_count"":1,""ordered_units"":[""fetch(bowl)"",""relocate(bowl,table)""],""plan_length"":5}","[""fetch"",""relocate""]","[""fetch""]",False,0.6666666666666666,False,0.5,1,1,1.0,True,False,False,False,unchanged_failure
ood,843,"{""object_count"":1,""ordered_units"":[""fetch(plate)"",""relocate(plate,table)""],""plan_length"":5}","[""fetch"",""relocate""]","[""fetch""]",False,0.6666666666666666,False,0.5,1,1,1.0,True,False,False,False,unchanged_failure
ood,844,"{""object_count"":1,""ordered_units"":[""fetch(plate)"",""relocate(plate,table)""],""plan_length"":5}","[""fetch"",""relocate""]","[""state_change"",""fetch"",""relocate"",""fetch"",""relocate""]",False,0.5714285714285714,False,1.0,5,3,0.6,False,False,False,False,unchanged_failure
ood,845,"{""object_count"":1,""ordered_units"":[""fetch(plate)"",""relocate(plate,table)""],""plan_length"":5}","[""fetch"",""relocate""]","[""state_change"",""state_change"",""fetch"",""relocate""]",False,0.6666666666666666,False,1.0,4,1,0.25,False,False,False,False,unchanged_failure
ood,846,"{""object_count"":1,""ordered_units"":[""fetch(bowl)"",""relocate(bowl,table)""],""plan_length"":5}","[""fetch"",""relocate""]","[""state_change""]",False,0.0,False,0.0,1,1,1.0,True,False,False,False,unchanged_failure
ood,847,"{""object_count"":2,""ordered_units"":[""fetch(bowl)"",""fetch(plate)"",""relocate(bowl,table)"",""relocate(plate,table)"",""multi_object_sequence(2)""],""plan_length"":8}","[""fetch"",""fetch"",""relocate"",""relocate""]","[""fetch""]",False,0.4,False,0.25,1,1,1.0,True,False,False,False,unchanged_failure
ood,848,"{""object_count"":2,""ordered_units"":[""fetch(bowl)"",""fetch(plate)"",""relocate(bowl,table)"",""relocate(plate,table)"",""multi_object_sequence(2)""],""plan_length"":8}","[""fetch"",""fetch"",""relocate"",""relocate""]","[""fetch"",""fetch"",""relocate"",""relocate""]",True,1.0,True,1.0,4,2,0.5,False,False,False,False,unchanged_failure
ood,849,"{""object_count"":1,""ordered_units"":[""fetch(plate)"",""relocate(plate,table)""],""plan_length"":5}","[""fetch"",""relocate""]","[""state_change""]",False,0.0,False,0.0,1,1,1.0,True,False,False,False,unchanged_failure
ood,850,"{""object_count"":2,""ordered_units"":[""fetch(bowl)"",""fetch(plate)"",""relocate(bowl,table)"",""relocate(plate,table)"",""multi_object_sequence(2)""],""plan_length"":8}","[""fetch"",""fetch"",""relocate"",""relocate""]","[""fetch""]",False,0.4,False,0.25,1,1,1.0,True,False,False,False,unchanged_failure
ood,851,"{""object_count"":1,""ordered_units"":[""fetch(bowl)"",""relocate(bowl,table)""],""plan_length"":5}","[""fetch"",""relocate""]","[""fetch""]",False,0.6666666666666666,False,0.5,1,1,1.0,True,False,False,False,unchanged_failure
ood,852,"{""object_count"":1,""ordered_units"":[""fetch(bowl)"",""relocate(bowl,table)""],""plan_length"":5}","[""fetch"",""relocate""]","[""state_change"",""fetch"",""fetch"",""relocate""]",False,0.6666666666666666,False,1.0,4,3,0.75,False,False,False,False,unchanged_failure
ood,853,"{""object_count"":1,""ordered_units"":[""fetch(plate)"",""relocate(plate,table)""],""plan_length"":5}","[""fetch"",""relocate""]","[""state_change"",""fetch"",""relocate"",""fetch"",""relocate""]",False,0.5714285714285714,False,1.0,5,3,0.6,False,False,False,False,unchanged_failure
ood,854,"{""object_count"":2,""ordered_units"":[""fetch(bowl)"",""fetch(plate)"",""relocate(bowl,table)"",""relocate(plate,table)"",""multi_object_sequence(2)""],""plan_length"":8}","[""fetch"",""fetch"",""relocate"",""relocate""]","[""fetch""]",False,0.4,False,0.25,1,1,1.0,True,False,False,False,unchanged_failure
ood,855,"{""object_count"":2,""ordered_units"":[""fetch(bowl)"",""fetch(plate)"",""relocate(bowl,table)"",""relocate(plate,table)"",""multi_object_sequence(2)""],""plan_length"":8}","[""fetch"",""fetch"",""relocate"",""relocate""]","[""fetch""]",False,0.4,False,0.25,1,0,0.0,False,False,False,False,unchanged_failure
ood,856,"{""object_count"":1,""ordered_units"":[""fetch(plate)"",""relocate(plate,table)""],""plan_length"":5}","[""fetch"",""relocate""]","[""fetch""]",False,0.6666666666666666,False,0.5,1,1,1.0,True,False,False,False,unchanged_failure
ood,857,"{""object_count"":1,""ordered_units"":[""fetch(bowl)"",""relocate(bowl,table)""],""plan_length"":5}","[""fetch"",""relocate""]","[""fetch"",""fetch"",""relocate""]",False,0.8,False,1.0,3,2,0.6666666666666666,False,False,False,True,fix
ood,858,"{""object_count"":2,""ordered_units"":[""fetch(bowl)"",""fetch(plate)"",""relocate(bowl,table)"",""relocate(plate,table)"",""multi_object_sequence(2)""],""plan_length"":8}","[""fetch"",""fetch"",""relocate"",""relocate""]","[""fetch""]",False,0.4,False,0.25,1,1,1.0,True,False,False,False,unchanged_failure
ood,859,"{""object_count"":2,""ordered_units"":[""fetch(bowl)"",""fetch(plate)"",""relocate(bowl,table)"",""relocate(plate,table)"",""multi_object_sequence(2)""],""plan_length"":8}","[""fetch"",""fetch"",""relocate"",""relocate""]","[""state_change"",""state_change"",""relocate"",""relocate""]",False,0.5,False,0.5,4,2,0.5,False,False,False,False,unchanged_failure
ood,860,"{""object_count"":1,""ordered_units"":[""fetch(bowl)"",""relocate(bowl,table)""],""plan_length"":5}","[""fetch"",""relocate""]","[""fetch"",""fetch""]",False,0.5,False,0.5,2,1,0.5,False,False,False,False,unchanged_failure
ood,861,"{""object_count"":1,""ordered_units"":[""fetch(plate)"",""relocate(plate,table)""],""plan_length"":5}","[""fetch"",""relocate""]","[""state_change"",""fetch"",""relocate"",""fetch"",""relocate""]",False,0.5714285714285714,False,1.0,5,3,0.6,False,False,False,False,unchanged_failure
ood,862,"{""object_count"":2,""ordered_units"":[""fetch(bowl)"",""fetch(plate)"",""relocate(bowl,table)"",""relocate(plate,table)"",""multi_object_sequence(2)""],""plan_length"":8}","[""fetch"",""fetch"",""relocate"",""relocate""]","[""fetch"",""fetch"",""relocate""]",False,0.8571428571428571,False,0.75,3,2,0.6666666666666666,False,False,False,False,unchanged_failure
ood,863,"{""object_count"":1,""ordered_units"":[""fetch(plate)"",""relocate(plate,table)""],""plan_length"":5}","[""fetch"",""relocate""]","[""state_change"",""state_change"",""state_change"",""relocate"",""relocate""]",False,0.2857142857142857,False,0.5,5,3,0.6,False,False,False,False,unchanged_failure
ood,864,"{""object_count"":1,""ordered_units"":[""fetch(plate)"",""relocate(plate,table)""],""plan_length"":5}","[""fetch"",""relocate""]","[""state_change""]",False,0.0,False,0.0,1,1,1.0,True,False,False,False,unchanged_failure
ood,865,"{""object_count"":2,""ordered_units"":[""fetch(bowl)"",""fetch(plate)"",""relocate(bowl,table)"",""relocate(plate,table)"",""multi_object_sequence(2)""],""plan_length"":8}","[""fetch"",""fetch"",""relocate"",""relocate""]","[""fetch""]",False,0.4,False,0.25,1,1,1.0,True,False,False,False,unchanged_failure
ood,866,"{""object_count"":2,""ordered_units"":[""fetch(bowl)"",""fetch(plate)"",""relocate(bowl,table)"",""relocate(plate,table)"",""multi_object_sequence(2)""],""plan_length"":8}","[""fetch"",""fetch"",""relocate"",""relocate""]","[""fetch""]",False,0.4,False,0.25,1,0,0.0,False,False,False,False,unchanged_failure
ood,867,"{""object_count"":1,""ordered_units"":[""fetch(plate)"",""relocate(plate,table)""],""plan_length"":5}","[""fetch"",""relocate""]","[""state_change"",""fetch"",""fetch"",""relocate""]",False,0.6666666666666666,False,1.0,4,3,0.75,False,False,False,False,unchanged_failure
ood,868,"{""object_count"":2,""ordered_units"":[""fetch(bowl)"",""fetch(plate)"",""relocate(bowl,table)"",""relocate(plate,table)"",""multi_object_sequence(2)""],""plan_length"":8}","[""fetch"",""fetch"",""relocate"",""relocate""]","[""fetch"",""fetch"",""relocate"",""relocate""]",True,1.0,True,1.0,4,2,0.5,False,False,False,False,unchanged_failure
ood,869,"{""object_count"":2,""ordered_units"":[""fetch(bowl)"",""fetch(plate)"",""relocate(bowl,table)"",""relocate(plate,table)"",""multi_object_sequence(2)""],""plan_length"":8}","[""fetch"",""fetch"",""relocate"",""relocate""]","[""fetch""]",False,0.4,False,0.25,1,0,0.0,False,False,False,False,unchanged_failure
ood,870,"{""object_count"":1,""ordered_units"":[""fetch(plate)"",""relocate(plate,table)""],""plan_length"":5}","[""fetch"",""relocate""]","[""fetch""]",False,0.6666666666666666,False,0.5,1,1,1.0,True,False,False,False,unchanged_failure
ood,871,"{""object_count"":2,""ordered_units"":[""fetch(bowl)"",""fetch(plate)"",""relocate(bowl,table)"",""relocate(plate,table)"",""multi_object_sequence(2)""],""plan_length"":8}","[""fetch"",""fetch"",""relocate"",""relocate""]","[""state_change"",""state_change"",""relocate"",""relocate""]",False,0.5,False,0.5,4,1,0.25,False,False,False,False,unchanged_failure
ood,872,"{""object_count"":1,""ordered_units"":[""fetch(bowl)"",""relocate(bowl,table)""],""plan_length"":5}","[""fetch"",""relocate""]","[""state_change""]",False,0.0,False,0.0,1,1,1.0,True,False,False,False,unchanged_failure
ood,873,"{""object_count"":1,""ordered_units"":[""fetch(bowl)"",""relocate(bowl,table)""],""plan_length"":5}","[""fetch"",""relocate""]","[""state_change"",""state_change"",""relocate"",""relocate""]",False,0.3333333333333333,False,0.5,4,2,0.5,False,False,False,False,unchanged_failure
ood,874,"{""object_count"":1,""ordered_units"":[""fetch(plate)"",""relocate(plate,table)""],""plan_length"":5}","[""fetch"",""relocate""]","[""state_change"",""fetch"",""relocate"",""fetch"",""relocate""]",False,0.5714285714285714,False,1.0,5,3,0.6,False,False,False,False,unchanged_failure
ood,875,"{""object_count"":2,""ordered_units"":[""fetch(bowl)"",""fetch(plate)"",""relocate(bowl,table)"",""relocate(plate,table)"",""multi_object_sequence(2)""],""plan_length"":8}","[""fetch"",""fetch"",""relocate"",""relocate""]","[""fetch""]",False,0.4,False,0.25,1,1,1.0,True,False,False,False,unchanged_failure
ood,876,"{""object_count"":1,""ordered_units"":[""fetch(plate)"",""relocate(plate,table)""],""plan_length"":5}","[""fetch"",""relocate""]","[""state_change"",""fetch"",""fetch"",""relocate""]",False,0.6666666666666666,False,1.0,4,3,0.75,False,False,False,False,unchanged_failure
ood,877,"{""object_count"":2,""ordered_units"":[""fetch(bowl)"",""fetch(plate)"",""relocate(bowl,table)"",""relocate(plate,table)"",""multi_object_sequence(2)""],""plan_length"":8}","[""fetch"",""fetch"",""relocate"",""relocate""]","[""fetch""]",False,0.4,False,0.25,1,1,1.0,True,False,False,False,unchanged_failure
ood,878,"{""object_count"":2,""ordered_units"":[""fetch(bowl)"",""fetch(plate)"",""relocate(bowl,table)"",""relocate(plate,table)"",""multi_object_sequence(2)""],""plan_length"":8}","[""fetch"",""fetch"",""relocate"",""relocate""]","[""fetch""]",False,0.4,False,0.25,1,1,1.0,True,False,False,False,unchanged_failure
ood,879,"{""object_count"":2,""ordered_units"":[""fetch(bowl)"",""fetch(plate)"",""relocate(bowl,table)"",""relocate(plate,table)"",""multi_object_sequence(2)""],""plan_length"":8}","[""fetch"",""fetch"",""relocate"",""relocate""]","[""fetch""]",False,0.4,False,0.25,1,1,1.0,True,False,False,False,unchanged_failure
ood,880,"{""object_count"":1,""ordered_units"":[""fetch(bowl)"",""relocate(bowl,table)""],""plan_length"":5}","[""fetch"",""relocate""]","[""state_change"",""state_change"",""relocate"",""relocate""]",False,0.3333333333333333,False,0.5,4,2,0.5,False,False,False,False,unchanged_failure
ood,881,"{""object_count"":1,""ordered_units"":[""fetch(plate)"",""relocate(plate,table)""],""plan_length"":5}","[""fetch"",""relocate""]","[""state_change"",""fetch"",""fetch"",""relocate""]",False,0.6666666666666666,False,1.0,4,3,0.75,False,False,False,False,unchanged_failure
ood,882,"{""object_count"":1,""ordered_units"":[""fetch(bowl)"",""relocate(bowl,table)""],""plan_length"":5}","[""fetch"",""relocate""]","[""state_change""]",False,0.0,False,0.0,1,1,1.0,True,False,False,False,unchanged_failure
ood,883,"{""object_count"":1,""ordered_units"":[""fetch(bowl)"",""relocate(bowl,table)""],""plan_length"":5}","[""fetch"",""relocate""]","[""state_change"",""fetch"",""fetch"",""relocate""]",False,0.6666666666666666,False,1.0,4,3,0.75,False,False,False,False,unchanged_failure
ood,884,"{""object_count"":2,""ordered_units"":[""fetch(bowl)"",""fetch(plate)"",""relocate(bowl,table)"",""relocate(plate,table)"",""multi_object_sequence(2)""],""plan_length"":8}","[""fetch"",""fetch"",""relocate"",""relocate""]","[""fetch""]",False,0.4,False,0.25,1,0,0.0,False,False,False,False,unchanged_failure
ood,885,"{""object_count"":1,""ordered_units"":[""fetch(plate)"",""relocate(plate,table)""],""plan_length"":5}","[""fetch"",""relocate""]","[""state_change"",""state_change"",""state_change"",""relocate"",""relocate""]",False,0.2857142857142857,False,0.5,5,3,0.6,False,False,False,False,unchanged_failure
ood,886,"{""object_count"":1,""ordered_units"":[""fetch(plate)"",""relocate(plate,table)""],""plan_length"":5}","[""fetch"",""relocate""]","[""state_change"",""state_change"",""relocate"",""relocate""]",False,0.3333333333333333,False,0.5,4,0,0.0,False,False,False,False,unchanged_failure
ood,887,"{""object_count"":1,""ordered_units"":[""fetch(bowl)"",""relocate(bowl,table)""],""plan_length"":5}","[""fetch"",""relocate""]","[""fetch""]",False,0.6666666666666666,False,0.5,1,1,1.0,True,False,False,False,unchanged_failure
ood,888,"{""object_count"":1,""ordered_units"":[""fetch(plate)"",""relocate(plate,table)""],""plan_length"":5}","[""fetch"",""relocate""]","[""state_change"",""fetch"",""relocate"",""fetch"",""relocate""]",False,0.5714285714285714,False,1.0,5,3,0.6,False,False,False,False,unchanged_failure
ood,889,"{""object_count"":1,""ordered_units"":[""fetch(plate)"",""relocate(plate,table)""],""plan_length"":5}","[""fetch"",""relocate""]","[""fetch""]",False,0.6666666666666666,False,0.5,1,1,1.0,True,False,False,False,unchanged_failure
ood,890,"{""object_count"":1,""ordered_units"":[""fetch(bowl)"",""relocate(bowl,table)""],""plan_length"":5}","[""fetch"",""relocate""]","[""fetch""]",False,0.6666666666666666,False,0.5,1,1,1.0,True,False,False,False,unchanged_failure
ood,891,"{""object_count"":1,""ordered_units"":[""fetch(bowl)"",""relocate(bowl,table)""],""plan_length"":5}","[""fetch"",""relocate""]","[""fetch"",""fetch"",""relocate""]",False,0.8,False,1.0,3,2,0.6666666666666666,False,False,False,False,unchanged_failure
ood,892,"{""object_count"":2,""ordered_units"":[""fetch(bowl)"",""fetch(plate)"",""relocate(bowl,table)"",""relocate(plate,table)"",""multi_object_sequence(2)""],""plan_length"":8}","[""fetch"",""fetch"",""relocate"",""relocate""]","[""state_change"",""fetch"",""relocate"",""fetch"",""relocate""]",False,0.8888888888888888,False,0.75,5,3,0.6,False,False,False,False,unchanged_failure
ood,893,"{""object_count"":1,""ordered_units"":[""fetch(bowl)"",""relocate(bowl,table)""],""plan_length"":5}","[""fetch"",""relocate""]","[""fetch"",""fetch""]",False,0.5,False,0.5,2,1,0.5,False,False,False,False,unchanged_failure
ood,894,"{""object_count"":1,""ordered_units"":[""fetch(plate)"",""relocate(plate,table)""],""plan_length"":5}","[""fetch"",""relocate""]","[""state_change"",""fetch"",""fetch"",""relocate""]",False,0.6666666666666666,False,1.0,4,3,0.75,False,False,False,False,unchanged_failure
ood,895,"{""object_count"":1,""ordered_units"":[""fetch(bowl)"",""relocate(bowl,table)""],""plan_length"":5}","[""fetch"",""relocate""]","[""fetch""]",False,0.6666666666666666,False,0.5,1,1,1.0,True,False,False,False,unchanged_failure
ood,896,"{""object_count"":2,""ordered_units"":[""fetch(bowl)"",""fetch(plate)"",""relocate(bowl,table)"",""relocate(plate,table)"",""multi_object_sequence(2)""],""plan_length"":8}","[""fetch"",""fetch"",""relocate"",""relocate""]","[""fetch"",""fetch"",""relocate"",""relocate""]",True,1.0,True,1.0,4,2,0.5,False,False,False,False,unchanged_failure
ood,897,"{""object_count"":2,""ordered_units"":[""fetch(bowl)"",""fetch(plate)"",""relocate(bowl,table)"",""relocate(plate,table)"",""multi_object_sequence(2)""],""plan_length"":8}","[""fetch"",""fetch"",""relocate"",""relocate""]","[""state_change"",""fetch"",""fetch"",""relocate""]",False,0.75,False,0.75,4,3,0.75,False,False,False,False,unchanged_failure
ood,898,"{""object_count"":1,""ordered_units"":[""fetch(plate)"",""relocate(plate,table)""],""plan_length"":5}","[""fetch"",""relocate""]","[""state_change"",""state_change"",""relocate"",""relocate""]",False,0.3333333333333333,False,0.5,4,0,0.0,False,False,False,False,unchanged_failure
ood,899,"{""object_count"":2,""ordered_units"":[""fetch(bowl)"",""fetch(plate)"",""relocate(bowl,table)"",""relocate(plate,table)"",""multi_object_sequence(2)""],""plan_length"":8}","[""fetch"",""fetch"",""relocate"",""relocate""]","[""state_change"",""state_change"",""relocate"",""relocate""]",False,0.5,False,0.5,4,2,0.5,False,False,False,False,unchanged_failure
ood,900,"{""object_count"":2,""ordered_units"":[""fetch(bowl)"",""fetch(plate)"",""relocate(bowl,table)"",""relocate(plate,table)"",""multi_object_sequence(2)""],""plan_length"":8}","[""fetch"",""fetch"",""relocate"",""relocate""]","[""state_change"",""fetch"",""relocate"",""fetch"",""relocate""]",False,0.8888888888888888,False,0.75,5,3,0.6,False,False,False,False,unchanged_failure
ood,901,"{""object_count"":1,""ordered_units"":[""fetch(plate)"",""relocate(plate,table)""],""plan_length"":5}","[""fetch"",""relocate""]","[""state_change"",""state_change"",""relocate"",""relocate""]",False,0.3333333333333333,False,0.5,4,0,0.0,False,False,False,False,unchanged_failure
ood,902,"{""object_count"":1,""ordered_units"":[""fetch(plate)"",""relocate(plate,table)""],""plan_length"":5}","[""fetch"",""relocate""]","[""state_change"",""state_change"",""fetch"",""relocate""]",False,0.6666666666666666,False,1.0,4,0,0.0,False,False,False,False,unchanged_failure
ood,903,"{""object_count"":1,""ordered_units"":[""fetch(bowl)"",""relocate(bowl,table)""],""plan_length"":5}","[""fetch"",""relocate""]","[""fetch""]",False,0.6666666666666666,False,0.5,1,1,1.0,True,False,False,False,unchanged_failure
ood,904,"{""object_count"":1,""ordered_units"":[""fetch(plate)"",""relocate(plate,table)""],""plan_length"":5}","[""fetch"",""relocate""]","[""fetch"",""relocate""]",True,1.0,True,1.0,2,0,0.0,False,False,False,False,unchanged_failure
ood,905,"{""object_count"":2,""ordered_units"":[""fetch(bowl)"",""fetch(plate)"",""relocate(bowl,table)"",""relocate(plate,table)"",""multi_object_sequence(2)""],""plan_length"":8}","[""fetch"",""fetch"",""relocate"",""relocate""]","[""state_change"",""state_change"",""relocate"",""relocate""]",False,0.5,False,0.5,4,2,0.5,False,False,False,False,unchanged_failure
ood,906,"{""object_count"":1,""ordered_units"":[""fetch(plate)"",""relocate(plate,table)""],""plan_length"":5}","[""fetch"",""relocate""]","[""state_change"",""fetch"",""fetch"",""relocate""]",False,0.6666666666666666,False,1.0,4,3,0.75,False,False,True,False,regression
ood,907,"{""object_count"":1,""ordered_units"":[""fetch(bowl)"",""relocate(bowl,table)""],""plan_length"":5}","[""fetch"",""relocate""]","[""state_change"",""fetch"",""relocate""]",False,0.8,False,1.0,3,3,1.0,True,False,False,False,unchanged_failure
ood,908,"{""object_count"":1,""ordered_units"":[""fetch(bowl)"",""relocate(bowl,table)""],""plan_length"":5}","[""fetch"",""relocate""]","[""fetch""]",False,0.6666666666666666,False,0.5,1,1,1.0,True,False,False,False,unchanged_failure
ood,909,"{""object_count"":1,""ordered_units"":[""fetch(plate)"",""relocate(plate,table)""],""plan_length"":5}","[""fetch"",""relocate""]","[""fetch"",""relocate""]",True,1.0,True,1.0,2,0,0.0,False,False,False,False,unchanged_failure
ood,910,"{""object_count"":1,""ordered_units"":[""fetch(bowl)"",""relocate(bowl,table)""],""plan_length"":5}","[""fetch"",""relocate""]","[""fetch"",""fetch""]",False,0.5,False,0.5,2,1,0.5,False,False,False,False,unchanged_failure
ood,911,"{""object_count"":1,""ordered_units"":[""fetch(bowl)"",""relocate(bowl,table)""],""plan_length"":5}","[""fetch"",""relocate""]","[""fetch"",""fetch"",""relocate"",""relocate""]",False,0.6666666666666666,False,1.0,4,2,0.5,False,False,False,False,unchanged_failure
ood,912,"{""object_count"":2,""ordered_units"":[""fetch(bowl)"",""fetch(plate)"",""relocate(bowl,table)"",""relocate(plate,table)"",""multi_object_sequence(2)""],""plan_length"":8}","[""fetch"",""fetch"",""relocate"",""relocate""]","[""fetch""]",False,0.4,False,0.25,1,0,0.0,False,False,False,False,unchanged_failure
ood,913,"{""object_count"":1,""ordered_units"":[""fetch(plate)"",""relocate(plate,table)""],""plan_length"":5}","[""fetch"",""relocate""]","[""fetch""]",False,0.6666666666666666,False,0.5,1,1,1.0,True,False,False,False,unchanged_failure
ood,914,"{""object_count"":1,""ordered_units"":[""fetch(plate)"",""relocate(plate,table)""],""plan_length"":5}","[""fetch"",""relocate""]","[""fetch"",""relocate""]",True,1.0,True,1.0,2,0,0.0,False,False,False,False,unchanged_failure
ood,915,"{""object_count"":1,""ordered_units"":[""fetch(plate)"",""relocate(plate,table)""],""plan_length"":5}","[""fetch"",""relocate""]","[""state_change"",""state_change"",""state_change"",""relocate"",""relocate""]",False,0.2857142857142857,False,0.5,5,3,0.6,False,False,False,False,unchanged_failure
ood,916,"{""object_count"":1,""ordered_units"":[""fetch(bowl)"",""relocate(bowl,table)""],""plan_length"":5}","[""fetch"",""relocate""]","[""fetch"",""fetch""]",False,0.5,False,0.5,2,1,0.5,False,False,False,False,unchanged_failure
ood,917,"{""object_count"":2,""ordered_units"":[""fetch(bowl)"",""fetch(plate)"",""relocate(bowl,table)"",""relocate(plate,table)"",""multi_object_sequence(2)""],""plan_length"":8}","[""fetch"",""fetch"",""relocate"",""relocate""]","[""fetch""]",False,0.4,False,0.25,1,1,1.0,True,False,False,False,unchanged_failure
ood,918,"{""object_count"":1,""ordered_units"":[""fetch(plate)"",""relocate(plate,table)""],""plan_length"":5}","[""fetch"",""relocate""]","[""state_change"",""fetch"",""relocate"",""fetch"",""relocate""]",False,0.5714285714285714,False,1.0,5,3,0.6,False,False,False,False,unchanged_failure
ood,919,"{""object_count"":2,""ordered_units"":[""fetch(bowl)"",""fetch(plate)"",""relocate(bowl,table)"",""relocate(plate,table)"",""multi_object_sequence(2)""],""plan_length"":8}","[""fetch"",""fetch"",""relocate"",""relocate""]","[""fetch""]",False,0.4,False,0.25,1,0,0.0,False,False,False,False,unchanged_failure
ood,920,"{""object_count"":1,""ordered_units"":[""fetch(plate)"",""relocate(plate,table)""],""plan_length"":5}","[""fetch"",""relocate""]","[""state_change"",""state_change"",""relocate"",""relocate""]",False,0.3333333333333333,False,0.5,4,0,0.0,False,False,False,False,unchanged_failure
ood,921,"{""object_count"":1,""ordered_units"":[""fetch(plate)"",""relocate(plate,table)""],""plan_length"":5}","[""fetch"",""relocate""]","[""fetch""]",False,0.6666666666666666,False,0.5,1,1,1.0,True,False,False,False,unchanged_failure
ood,922,"{""object_count"":1,""ordered_units"":[""fetch(plate)"",""relocate(plate,table)""],""plan_length"":5}","[""fetch"",""relocate""]","[""state_change"",""state_change"",""fetch"",""relocate""]",False,0.6666666666666666,False,1.0,4,1,0.25,False,False,False,False,unchanged_failure
ood,923,"{""object_count"":2,""ordered_units"":[""fetch(bowl)"",""fetch(plate)"",""relocate(bowl,table)"",""relocate(plate,table)"",""multi_object_sequence(2)""],""plan_length"":8}","[""fetch"",""fetch"",""relocate"",""relocate""]","[""fetch"",""fetch"",""relocate""]",False,0.8571428571428571,False,0.75,3,1,0.3333333333333333,False,False,False,False,unchanged_failure
ood,924,"{""object_count"":1,""ordered_units"":[""fetch(plate)"",""relocate(plate,table)""],""plan_length"":5}","[""fetch"",""relocate""]","[""state_change"",""state_change"",""fetch"",""relocate""]",False,0.6666666666666666,False,1.0,4,0,0.0,False,False,False,False,unchanged_failure
ood,925,"{""object_count"":1,""ordered_units"":[""fetch(bowl)"",""relocate(bowl,table)""],""plan_length"":5}","[""fetch"",""relocate""]","[""fetch"",""fetch"",""relocate"",""relocate""]",False,0.6666666666666666,False,1.0,4,2,0.5,False,False,False,False,unchanged_failure
ood,926,"{""object_count"":1,""ordered_units"":[""fetch(plate)"",""relocate(plate,table)""],""plan_length"":5}","[""fetch"",""relocate""]","[""fetch""]",False,0.6666666666666666,False,0.5,1,1,1.0,True,False,False,False,unchanged_failure
ood,927,"{""object_count"":1,""ordered_units"":[""fetch(plate)"",""relocate(plate,table)""],""plan_length"":5}","[""fetch"",""relocate""]","[""state_change"",""state_change"",""state_change"",""relocate"",""relocate""]",False,0.2857142857142857,False,0.5,5,3,0.6,False,False,False,False,unchanged_failure
ood,928,"{""object_count"":1,""ordered_units"":[""fetch(bowl)"",""relocate(bowl,table)""],""plan_length"":5}","[""fetch"",""relocate""]","[""fetch""]",False,0.6666666666666666,False,0.5,1,1,1.0,True,False,False,False,unchanged_failure
ood,929,"{""object_count"":1,""ordered_units"":[""fetch(bowl)"",""relocate(bowl,table)""],""plan_length"":5}","[""fetch"",""relocate""]","[""state_change"",""fetch"",""fetch"",""relocate""]",False,0.6666666666666666,False,1.0,4,3,0.75,False,False,False,False,unchanged_failure
ood,930,"{""object_count"":2,""ordered_units"":[""fetch(bowl)"",""fetch(plate)"",""relocate(bowl,table)"",""relocate(plate,table)"",""multi_object_sequence(2)""],""plan_length"":8}","[""fetch"",""fetch"",""relocate"",""relocate""]","[""state_change"",""state_change"",""state_change"",""fetch"",""fetch"",""relocate"",""relocate""]",False,0.7272727272727273,False,1.0,7,3,0.42857142857142855,False,False,False,False,unchanged_failure
ood,931,"{""object_count"":1,""ordered_units"":[""fetch(bowl)"",""relocate(bowl,table)""],""plan_length"":5}","[""fetch"",""relocate""]","[""state_change"",""state_change"",""relocate"",""relocate""]",False,0.3333333333333333,False,0.5,4,2,0.5,False,False,False,False,unchanged_failure
ood,932,"{""object_count"":1,""ordered_units"":[""fetch(bowl)"",""relocate(bowl,table)""],""plan_length"":5}","[""fetch"",""relocate""]","[""fetch""]",False,0.6666666666666666,False,0.5,1,1,1.0,True,False,False,False,unchanged_failure
ood,933,"{""object_count"":1,""ordered_units"":[""fetch(plate)"",""relocate(plate,table)""],""plan_length"":5}","[""fetch"",""relocate""]","[""state_change"",""fetch"",""relocate"",""fetch"",""relocate""]",False,0.5714285714285714,False,1.0,5,3,0.6,False,False,False,False,unchanged_failure
ood,934,"{""object_count"":1,""ordered_units"":[""fetch(plate)"",""relocate(plate,table)""],""plan_length"":5}","[""fetch"",""relocate""]","[""fetch""]",False,0.6666666666666666,False,0.5,1,1,1.0,True,False,False,True,fix
ood,935,"{""object_count"":1,""ordered_units"":[""fetch(bowl)"",""relocate(bowl,table)""],""plan_length"":5}","[""fetch"",""relocate""]","[""state_change""]",False,0.0,False,0.0,1,1,1.0,True,False,False,False,unchanged_failure
ood,936,"{""object_count"":1,""ordered_units"":[""fetch(plate)"",""relocate(plate,table)""],""plan_length"":5}","[""fetch"",""relocate""]","[""state_change"",""state_change"",""state_change"",""relocate"",""relocate""]",False,0.2857142857142857,False,0.5,5,3,0.6,False,False,False,False,unchanged_failure
ood,937,"{""object_count"":1,""ordered_units"":[""fetch(bowl)"",""relocate(bowl,table)""],""plan_length"":5}","[""fetch"",""relocate""]","[""fetch""]",False,0.6666666666666666,False,0.5,1,1,1.0,True,False,False,False,unchanged_failure
ood,938,"{""object_count"":1,""ordered_units"":[""fetch(plate)"",""relocate(plate,table)""],""plan_length"":5}","[""fetch"",""relocate""]","[""state_change"",""state_change"",""relocate"",""relocate""]",False,0.3333333333333333,False,0.5,4,0,0.0,False,False,False,False,unchanged_failure
ood,939,"{""object_count"":2,""ordered_units"":[""fetch(bowl)"",""fetch(plate)"",""relocate(bowl,table)"",""relocate(plate,table)"",""multi_object_sequence(2)""],""plan_length"":8}","[""fetch"",""fetch"",""relocate"",""relocate""]","[""state_change"",""fetch"",""relocate"",""fetch"",""relocate""]",False,0.8888888888888888,False,0.75,5,3,0.6,False,False,False,False,unchanged_failure
ood,940,"{""object_count"":1,""ordered_units"":[""fetch(bowl)"",""relocate(bowl,table)""],""plan_length"":5}","[""fetch"",""relocate""]","[""state_change"",""state_change"",""relocate"",""relocate""]",False,0.3333333333333333,False,0.5,4,2,0.5,False,False,False,False,unchanged_failure
ood,941,"{""object_count"":1,""ordered_units"":[""fetch(plate)"",""relocate(plate,table)""],""plan_length"":5}","[""fetch"",""relocate""]","[""state_change"",""state_change"",""state_change"",""relocate"",""relocate""]",False,0.2857142857142857,False,0.5,5,3,0.6,False,False,False,False,unchanged_failure
ood,942,"{""object_count"":1,""ordered_units"":[""fetch(plate)"",""relocate(plate,table)""],""plan_length"":5}","[""fetch"",""relocate""]","[""state_change""]",False,0.0,False,0.0,1,1,1.0,True,False,False,False,unchanged_failure
ood,943,"{""object_count"":1,""ordered_units"":[""fetch(bowl)"",""relocate(bowl,table)""],""plan_length"":5}","[""fetch"",""relocate""]","[""fetch""]",False,0.6666666666666666,False,0.5,1,1,1.0,True,False,False,False,unchanged_failure
ood,944,"{""object_count"":1,""ordered_units"":[""fetch(bowl)"",""relocate(bowl,table)""],""plan_length"":5}","[""fetch"",""relocate""]","[""state_change"",""state_change"",""relocate"",""relocate""]",False,0.3333333333333333,False,0.5,4,2,0.5,False,False,False,False,unchanged_failure
ood,945,"{""object_count"":1,""ordered_units"":[""fetch(plate)"",""relocate(plate,table)""],""plan_length"":5}","[""fetch"",""relocate""]","[""state_change"",""state_change"",""state_change"",""relocate"",""relocate""]",False,0.2857142857142857,False,0.5,5,3,0.6,False,False,False,False,unchanged_failure
ood,946,"{""object_count"":2,""ordered_units"":[""fetch(bowl)"",""fetch(plate)"",""relocate(bowl,table)"",""relocate(plate,table)"",""multi_object_sequence(2)""],""plan_length"":8}","[""fetch"",""fetch"",""relocate"",""relocate""]","[""state_change""]",False,0.0,False,0.0,1,1,1.0,True,False,False,False,unchanged_failure
ood,947,"{""object_count"":1,""ordered_units"":[""fetch(plate)"",""relocate(plate,table)""],""plan_length"":5}","[""fetch"",""relocate""]","[""state_change"",""state_change"",""fetch"",""relocate""]",False,0.6666666666666666,False,1.0,4,1,0.25,False,False,False,False,unchanged_failure
ood,948,"{""object_count"":1,""ordered_units"":[""fetch(plate)"",""relocate(plate,table)""],""plan_length"":5}","[""fetch"",""relocate""]","[""fetch"",""relocate""]",True,1.0,True,1.0,2,0,0.0,False,False,False,False,unchanged_failure
ood,949,"{""object_count"":1,""ordered_units"":[""fetch(bowl)"",""relocate(bowl,table)""],""plan_length"":5}","[""fetch"",""relocate""]","[""fetch"",""fetch"",""relocate"",""relocate""]",False,0.6666666666666666,False,1.0,4,2,0.5,False,False,False,False,unchanged_failure
ood,950,"{""object_count"":1,""ordered_units"":[""fetch(bowl)"",""relocate(bowl,table)""],""plan_length"":5}","[""fetch"",""relocate""]","[""fetch""]",False,0.6666666666666666,False,0.5,1,1,1.0,True,False,False,False,unchanged_failure
ood,951,"{""object_count"":1,""ordered_units"":[""fetch(plate)"",""relocate(plate,table)""],""plan_length"":5}","[""fetch"",""relocate""]","[""fetch""]",False,0.6666666666666666,False,0.5,1,1,1.0,True,False,False,False,unchanged_failure
ood,952,"{""object_count"":1,""ordered_units"":[""fetch(bowl)"",""relocate(bowl,table)""],""plan_length"":5}","[""fetch"",""relocate""]","[""fetch"",""fetch"",""relocate""]",False,0.8,False,1.0,3,2,0.6666666666666666,False,False,False,False,unchanged_failure
ood,953,"{""object_count"":1,""ordered_units"":[""fetch(plate)"",""relocate(plate,table)""],""plan_length"":5}","[""fetch"",""relocate""]","[""state_change"",""state_change"",""relocate"",""relocate""]",False,0.3333333333333333,False,0.5,4,0,0.0,False,False,False,False,unchanged_failure
ood,954,"{""object_count"":1,""ordered_units"":[""fetch(bowl)"",""relocate(bowl,table)""],""plan_length"":5}","[""fetch"",""relocate""]","[""fetch"",""fetch""]",False,0.5,False,0.5,2,1,0.5,False,False,False,False,unchanged_failure
ood,955,"{""object_count"":1,""ordered_units"":[""fetch(plate)"",""relocate(plate,table)""],""plan_length"":5}","[""fetch"",""relocate""]","[""state_change"",""state_change"",""fetch"",""relocate""]",False,0.6666666666666666,False,1.0,4,1,0.25,False,False,False,False,unchanged_failure
ood,956,"{""object_count"":2,""ordered_units"":[""fetch(bowl)"",""fetch(plate)"",""relocate(bowl,table)"",""relocate(plate,table)"",""multi_object_sequence(2)""],""plan_length"":8}","[""fetch"",""fetch"",""relocate"",""relocate""]","[""state_change""]",False,0.0,False,0.0,1,1,1.0,True,False,False,False,unchanged_failure
ood,957,"{""object_count"":1,""ordered_units"":[""fetch(plate)"",""relocate(plate,table)""],""plan_length"":5}","[""fetch"",""relocate""]","[""state_change"",""fetch"",""relocate"",""fetch"",""relocate""]",False,0.5714285714285714,False,1.0,5,3,0.6,False,False,False,False,unchanged_failure
ood,958,"{""object_count"":2,""ordered_units"":[""fetch(bowl)"",""fetch(plate)"",""relocate(bowl,table)"",""relocate(plate,table)"",""multi_object_sequence(2)""],""plan_length"":8}","[""fetch"",""fetch"",""relocate"",""relocate""]","[""fetch""]",False,0.4,False,0.25,1,1,1.0,True,False,False,False,unchanged_failure
ood,959,"{""object_count"":1,""ordered_units"":[""fetch(bowl)"",""relocate(bowl,table)""],""plan_length"":5}","[""fetch"",""relocate""]","[""fetch""]",False,0.6666666666666666,False,0.5,1,1,1.0,True,False,False,False,unchanged_failure
ood,960,"{""object_count"":1,""ordered_units"":[""fetch(bowl)"",""relocate(bowl,table)""],""plan_length"":5}","[""fetch"",""relocate""]","[""state_change""]",False,0.0,False,0.0,1,1,1.0,True,False,False,False,unchanged_failure
ood,961,"{""object_count"":1,""ordered_units"":[""fetch(plate)"",""relocate(plate,table)""],""plan_length"":5}","[""fetch"",""relocate""]","[""fetch"",""relocate""]",True,1.0,True,1.0,2,0,0.0,False,False,False,False,unchanged_failure
ood,962,"{""object_count"":2,""ordered_units"":[""fetch(bowl)"",""fetch(plate)"",""relocate(bowl,table)"",""relocate(plate,table)"",""multi_object_sequence(2)""],""plan_length"":8}","[""fetch"",""fetch"",""relocate"",""relocate""]","[""state_change"",""state_change"",""relocate"",""relocate""]",False,0.5,False,0.5,4,1,0.25,False,False,False,False,unchanged_failure
ood,963,"{""object_count"":1,""ordered_units"":[""fetch(bowl)"",""relocate(bowl,table)""],""plan_length"":5}","[""fetch"",""relocate""]","[""fetch"",""fetch"",""relocate""]",False,0.8,False,1.0,3,2,0.6666666666666666,False,False,False,False,unchanged_failure
ood,964,"{""object_count"":1,""ordered_units"":[""fetch(bowl)"",""relocate(bowl,table)""],""plan_length"":5}","[""fetch"",""relocate""]","[""state_change"",""state_change"",""relocate"",""relocate""]",False,0.3333333333333333,False,0.5,4,2,0.5,False,False,False,False,unchanged_failure
ood,965,"{""object_count"":1,""ordered_units"":[""fetch(bowl)"",""relocate(bowl,table)""],""plan_length"":5}","[""fetch"",""relocate""]","[""fetch"",""fetch"",""relocate"",""relocate""]",False,0.6666666666666666,False,1.0,4,2,0.5,False,False,False,False,unchanged_failure
ood,966,"{""object_count"":2,""ordered_units"":[""fetch(bowl)"",""fetch(plate)"",""relocate(bowl,table)"",""relocate(plate,table)"",""multi_object_sequence(2)""],""plan_length"":8}","[""fetch"",""fetch"",""relocate"",""relocate""]","[""state_change""]",False,0.0,False,0.0,1,1,1.0,True,False,False,False,unchanged_failure
ood,967,"{""object_count"":1,""ordered_units"":[""fetch(bowl)"",""relocate(bowl,table)""],""plan_length"":5}","[""fetch"",""relocate""]","[""state_change""]",False,0.0,False,0.0,1,1,1.0,True,False,False,True,fix
ood,968,"{""object_count"":1,""ordered_units"":[""fetch(plate)"",""relocate(plate,table)""],""plan_length"":5}","[""fetch"",""relocate""]","[""state_change""]",False,0.0,False,0.0,1,1,1.0,True,False,False,False,unchanged_failure
ood,969,"{""object_count"":2,""ordered_units"":[""fetch(bowl)"",""fetch(plate)"",""relocate(bowl,table)"",""relocate(plate,table)"",""multi_object_sequence(2)""],""plan_length"":8}","[""fetch"",""fetch"",""relocate"",""relocate""]","[""fetch"",""fetch"",""relocate"",""relocate""]",True,1.0,True,1.0,4,2,0.5,False,False,False,False,unchanged_failure
ood,970,"{""object_count"":2,""ordered_units"":[""fetch(bowl)"",""fetch(plate)"",""relocate(bowl,table)"",""relocate(plate,table)"",""multi_object_sequence(2)""],""plan_length"":8}","[""fetch"",""fetch"",""relocate"",""relocate""]","[""state_change"",""fetch"",""relocate"",""fetch"",""relocate""]",False,0.8888888888888888,False,0.75,5,3,0.6,False,False,False,False,unchanged_failure
ood,971,"{""object_count"":1,""ordered_units"":[""fetch(bowl)"",""relocate(bowl,table)""],""plan_length"":5}","[""fetch"",""relocate""]","[""state_change"",""state_change"",""relocate"",""relocate""]",False,0.3333333333333333,False,0.5,4,2,0.5,False,False,False,False,unchanged_failure
ood,972,"{""object_count"":1,""ordered_units"":[""fetch(bowl)"",""relocate(bowl,table)""],""plan_length"":5}","[""fetch"",""relocate""]","[""fetch"",""fetch""]",False,0.5,False,0.5,2,2,1.0,True,False,False,False,unchanged_failure
ood,973,"{""object_count"":1,""ordered_units"":[""fetch(plate)"",""relocate(plate,table)""],""plan_length"":5}","[""fetch"",""relocate""]","[""state_change"",""state_change"",""fetch"",""relocate""]",False,0.6666666666666666,False,1.0,4,1,0.25,False,False,False,False,unchanged_failure
ood,974,"{""object_count"":2,""ordered_units"":[""fetch(bowl)"",""fetch(plate)"",""relocate(bowl,table)"",""relocate(plate,table)"",""multi_object_sequence(2)""],""plan_length"":8}","[""fetch"",""fetch"",""relocate"",""relocate""]","[""state_change"",""state_change"",""state_change"",""fetch"",""fetch"",""relocate"",""relocate""]",False,0.7272727272727273,False,1.0,7,3,0.42857142857142855,False,False,False,False,unchanged_failure
ood,975,"{""object_count"":1,""ordered_units"":[""fetch(bowl)"",""relocate(bowl,table)""],""plan_length"":5}","[""fetch"",""relocate""]","[""fetch""]",False,0.6666666666666666,False,0.5,1,1,1.0,True,False,False,False,unchanged_failure
ood,976,"{""object_count"":2,""ordered_units"":[""fetch(bowl)"",""fetch(plate)"",""relocate(bowl,table)"",""relocate(plate,table)"",""multi_object_sequence(2)""],""plan_length"":8}","[""fetch"",""fetch"",""relocate"",""relocate""]","[""state_change"",""state_change"",""state_change"",""relocate"",""relocate""]",False,0.4444444444444444,False,0.5,5,3,0.6,False,False,False,False,unchanged_failure
ood,977,"{""object_count"":1,""ordered_units"":[""fetch(plate)"",""relocate(plate,table)""],""plan_length"":5}","[""fetch"",""relocate""]","[""fetch""]",False,0.6666666666666666,False,0.5,1,1,1.0,True,False,False,True,fix
ood,978,"{""object_count"":1,""ordered_units"":[""fetch(bowl)"",""relocate(bowl,table)""],""plan_length"":5}","[""fetch"",""relocate""]","[""fetch""]",False,0.6666666666666666,False,0.5,1,1,1.0,True,False,False,False,unchanged_failure
ood,979,"{""object_count"":2,""ordered_units"":[""fetch(bowl)"",""fetch(plate)"",""relocate(bowl,table)"",""relocate(plate,table)"",""multi_object_sequence(2)""],""plan_length"":8}","[""fetch"",""fetch"",""relocate"",""relocate""]","[""state_change"",""fetch"",""relocate"",""fetch"",""relocate""]",False,0.8888888888888888,False,0.75,5,3,0.6,False,False,False,False,unchanged_failure
ood,980,"{""object_count"":1,""ordered_units"":[""fetch(bowl)"",""relocate(bowl,table)""],""plan_length"":5}","[""fetch"",""relocate""]","[""state_change"",""state_change"",""relocate"",""relocate""]",False,0.3333333333333333,False,0.5,4,2,0.5,False,False,False,False,unchanged_failure
ood,981,"{""object_count"":1,""ordered_units"":[""fetch(bowl)"",""relocate(bowl,table)""],""plan_length"":5}","[""fetch"",""relocate""]","[""state_change"",""fetch"",""fetch"",""relocate""]",False,0.6666666666666666,False,1.0,4,3,0.75,False,False,False,False,unchanged_failure
ood,982,"{""object_count"":1,""ordered_units"":[""fetch(bowl)"",""relocate(bowl,table)""],""plan_length"":5}","[""fetch"",""relocate""]","[""fetch""]",False,0.6666666666666666,False,0.5,1,1,1.0,True,False,False,False,unchanged_failure
ood,983,"{""object_count"":1,""ordered_units"":[""fetch(bowl)"",""relocate(bowl,table)""],""plan_length"":5}","[""fetch"",""relocate""]","[""fetch"",""fetch""]",False,0.5,False,0.5,2,1,0.5,False,False,False,False,unchanged_failure
ood,984,"{""object_count"":1,""ordered_units"":[""fetch(bowl)"",""relocate(bowl,table)""],""plan_length"":5}","[""fetch"",""relocate""]","[""fetch"",""fetch""]",False,0.5,False,0.5,2,2,1.0,True,False,False,False,unchanged_failure
ood,985,"{""object_count"":1,""ordered_units"":[""fetch(plate)"",""relocate(plate,table)""],""plan_length"":5}","[""fetch"",""relocate""]","[""fetch""]",False,0.6666666666666666,False,0.5,1,1,1.0,True,False,False,False,unchanged_failure
ood,986,"{""object_count"":1,""ordered_units"":[""fetch(bowl)"",""relocate(bowl,table)""],""plan_length"":5}","[""fetch"",""relocate""]","[""fetch"",""fetch""]",False,0.5,False,0.5,2,1,0.5,False,False,False,False,unchanged_failure
ood,987,"{""object_count"":2,""ordered_units"":[""fetch(bowl)"",""fetch(plate)"",""relocate(bowl,table)"",""relocate(plate,table)"",""multi_object_sequence(2)""],""plan_length"":8}","[""fetch"",""fetch"",""relocate"",""relocate""]","[""fetch"",""fetch"",""relocate"",""relocate""]",True,1.0,True,1.0,4,2,0.5,False,False,False,False,unchanged_failure
ood,988,"{""object_count"":1,""ordered_units"":[""fetch(bowl)"",""relocate(bowl,table)""],""plan_length"":5}","[""fetch"",""relocate""]","[""state_change"",""state_change"",""relocate"",""relocate""]",False,0.3333333333333333,False,0.5,4,2,0.5,False,False,False,False,unchanged_failure
ood,989,"{""object_count"":2,""ordered_units"":[""fetch(bowl)"",""fetch(plate)"",""relocate(bowl,table)"",""relocate(plate,table)"",""multi_object_sequence(2)""],""plan_length"":8}","[""fetch"",""fetch"",""relocate"",""relocate""]","[""fetch""]",False,0.4,False,0.25,1,1,1.0,True,False,False,False,unchanged_failure
ood,990,"{""object_count"":1,""ordered_units"":[""fetch(plate)"",""relocate(plate,table)""],""plan_length"":5}","[""fetch"",""relocate""]","[""state_change""]",False,0.0,False,0.0,1,1,1.0,True,False,False,False,unchanged_failure
ood,991,"{""object_count"":2,""ordered_units"":[""fetch(bowl)"",""fetch(plate)"",""relocate(bowl,table)"",""relocate(plate,table)"",""multi_object_sequence(2)""],""plan_length"":8}","[""fetch"",""fetch"",""relocate"",""relocate""]","[""fetch""]",False,0.4,False,0.25,1,1,1.0,True,False,False,False,unchanged_failure
ood,992,"{""object_count"":1,""ordered_units"":[""fetch(bowl)"",""relocate(bowl,table)""],""plan_length"":5}","[""fetch"",""relocate""]","[""state_change""]",False,0.0,False,0.0,1,1,1.0,True,False,False,False,unchanged_failure
ood,993,"{""object_count"":1,""ordered_units"":[""fetch(bowl)"",""relocate(bowl,table)""],""plan_length"":5}","[""fetch"",""relocate""]","[""fetch""]",False,0.6666666666666666,False,0.5,1,1,1.0,True,False,False,False,unchanged_failure
ood,994,"{""object_count"":1,""ordered_units"":[""fetch(plate)"",""relocate(plate,table)""],""plan_length"":5}","[""fetch"",""relocate""]","[""state_change"",""state_change"",""fetch"",""relocate""]",False,0.6666666666666666,False,1.0,4,1,0.25,False,False,False,False,unchanged_failure
ood,995,"{""object_count"":2,""ordered_units"":[""fetch(bowl)"",""fetch(plate)"",""relocate(bowl,table)"",""relocate(plate,table)"",""multi_object_sequence(2)""],""plan_length"":8}","[""fetch"",""fetch"",""relocate"",""relocate""]","[""state_change""]",False,0.0,False,0.0,1,1,1.0,True,False,False,False,unchanged_failure
ood,996,"{""object_count"":1,""ordered_units"":[""fetch(bowl)"",""relocate(bowl,table)""],""plan_length"":5}","[""fetch"",""relocate""]","[""state_change"",""fetch"",""fetch"",""relocate""]",False,0.6666666666666666,False,1.0,4,3,0.75,False,False,False,False,unchanged_failure
ood,997,"{""object_count"":1,""ordered_units"":[""fetch(plate)"",""relocate(plate,table)""],""plan_length"":5}","[""fetch"",""relocate""]","[""state_change"",""fetch"",""fetch"",""relocate""]",False,0.6666666666666666,False,1.0,4,3,0.75,False,False,True,False,regression
ood,998,"{""object_count"":1,""ordered_units"":[""fetch(bowl)"",""relocate(bowl,table)""],""plan_length"":5}","[""fetch"",""relocate""]","[""fetch"",""fetch"",""relocate"",""relocate""]",False,0.6666666666666666,False,1.0,4,2,0.5,False,False,False,False,unchanged_failure
ood,999,"{""object_count"":1,""ordered_units"":[""fetch(bowl)"",""relocate(bowl,table)""],""plan_length"":5}","[""fetch"",""relocate""]","[""state_change"",""fetch"",""relocate""]",False,0.8,False,1.0,3,3,1.0,True,False,False,False,unchanged_failure
ood,1000,"{""object_count"":1,""ordered_units"":[""fetch(plate)"",""relocate(plate,table)""],""plan_length"":5}","[""fetch"",""relocate""]","[""fetch""]",False,0.6666666666666666,False,0.5,1,1,1.0,True,False,False,False,unchanged_failure
ood,1001,"{""object_count"":1,""ordered_units"":[""fetch(plate)"",""relocate(plate,table)""],""plan_length"":5}","[""fetch"",""relocate""]","[""fetch"",""relocate""]",True,1.0,True,1.0,2,0,0.0,False,False,False,False,unchanged_failure
ood,1002,"{""object_count"":1,""ordered_units"":[""fetch(bowl)"",""relocate(bowl,table)""],""plan_length"":5}","[""fetch"",""relocate""]","[""state_change""]",False,0.0,False,0.0,1,1,1.0,True,False,False,False,unchanged_failure
ood,1003,"{""object_count"":2,""ordered_units"":[""fetch(bowl)"",""fetch(plate)"",""relocate(bowl,table)"",""relocate(plate,table)"",""multi_object_sequence(2)""],""plan_length"":8}","[""fetch"",""fetch"",""relocate"",""relocate""]","[""state_change"",""state_change"",""relocate"",""relocate""]",False,0.5,False,0.5,4,1,0.25,False,False,False,False,unchanged_failure
ood,1004,"{""object_count"":1,""ordered_units"":[""fetch(plate)"",""relocate(plate,table)""],""plan_length"":5}","[""fetch"",""relocate""]","[""fetch"",""relocate""]",True,1.0,True,1.0,2,0,0.0,False,False,False,False,unchanged_failure
ood,1005,"{""object_count"":2,""ordered_units"":[""fetch(bowl)"",""fetch(plate)"",""relocate(bowl,table)"",""relocate(plate,table)"",""multi_object_sequence(2)""],""plan_length"":8}","[""fetch"",""fetch"",""relocate"",""relocate""]","[""fetch""]",False,0.4,False,0.25,1,0,0.0,False,False,False,False,unchanged_failure
ood,1006,"{""object_count"":1,""ordered_units"":[""fetch(plate)"",""relocate(plate,table)""],""plan_length"":5}","[""fetch"",""relocate""]","[""relocate""]",False,0.6666666666666666,False,0.5,1,1,1.0,True,False,False,False,unchanged_failure
ood,1007,"{""object_count"":2,""ordered_units"":[""fetch(bowl)"",""fetch(plate)"",""relocate(bowl,table)"",""relocate(plate,table)"",""multi_object_sequence(2)""],""plan_length"":8}","[""fetch"",""fetch"",""relocate"",""relocate""]","[""state_change"",""state_change"",""relocate"",""relocate""]",False,0.5,False,0.5,4,2,0.5,False,False,False,False,unchanged_failure
ood,1008,"{""object_count"":2,""ordered_units"":[""fetch(bowl)"",""fetch(plate)"",""relocate(bowl,table)"",""relocate(plate,table)"",""multi_object_sequence(2)""],""plan_length"":8}","[""fetch"",""fetch"",""relocate"",""relocate""]","[""fetch"",""fetch"",""relocate"",""relocate""]",True,1.0,True,1.0,4,2,0.5,False,False,False,False,unchanged_failure
ood,1009,"{""object_count"":2,""ordered_units"":[""fetch(bowl)"",""fetch(plate)"",""relocate(bowl,table)"",""relocate(plate,table)"",""multi_object_sequence(2)""],""plan_length"":8}","[""fetch"",""fetch"",""relocate"",""relocate""]","[""fetch"",""fetch"",""relocate"",""relocate""]",True,1.0,True,1.0,4,2,0.5,False,False,False,False,unchanged_failure
ood,1010,"{""object_count"":1,""ordered_units"":[""fetch(bowl)"",""relocate(bowl,table)""],""plan_length"":5}","[""fetch"",""relocate""]","[""state_change"",""fetch"",""fetch"",""relocate""]",False,0.6666666666666666,False,1.0,4,3,0.75,False,False,False,False,unchanged_failure
ood,1011,"{""object_count"":1,""ordered_units"":[""fetch(bowl)"",""relocate(bowl,table)""],""plan_length"":5}","[""fetch"",""relocate""]","[""fetch"",""fetch"",""relocate"",""relocate""]",False,0.6666666666666666,False,1.0,4,2,0.5,False,False,False,False,unchanged_failure
ood,1012,"{""object_count"":2,""ordered_units"":[""fetch(bowl)"",""fetch(plate)"",""relocate(bowl,table)"",""relocate(plate,table)"",""multi_object_sequence(2)""],""plan_length"":8}","[""fetch"",""fetch"",""relocate"",""relocate""]","[""fetch"",""fetch"",""relocate""]",False,0.8571428571428571,False,0.75,3,2,0.6666666666666666,False,False,False,False,unchanged_failure
ood,1013,"{""object_count"":2,""ordered_units"":[""fetch(bowl)"",""fetch(plate)"",""relocate(bowl,table)"",""relocate(plate,table)"",""multi_object_sequence(2)""],""plan_length"":8}","[""fetch"",""fetch"",""relocate"",""relocate""]","[""fetch"",""fetch"",""relocate"",""relocate""]",True,1.0,True,1.0,4,2,0.5,False,False,False,False,unchanged_failure
ood,1014,"{""object_count"":1,""ordered_units"":[""fetch(bowl)"",""relocate(bowl,table)""],""plan_length"":5}","[""fetch"",""relocate""]","[""state_change"",""state_change"",""relocate"",""relocate""]",False,0.3333333333333333,False,0.5,4,2,0.5,False,False,False,False,unchanged_failure
ood,1015,"{""object_count"":2,""ordered_units"":[""fetch(bowl)"",""fetch(plate)"",""relocate(bowl,table)"",""relocate(plate,table)"",""multi_object_sequence(2)""],""plan_length"":8}","[""fetch"",""fetch"",""relocate"",""relocate""]","[""state_change""]",False,0.0,False,0.0,1,1,1.0,True,False,False,False,unchanged_failure
ood,1016,"{""object_count"":1,""ordered_units"":[""fetch(bowl)"",""relocate(bowl,table)""],""plan_length"":5}","[""fetch"",""relocate""]","[""state_change"",""state_change"",""relocate"",""relocate""]",False,0.3333333333333333,False,0.5,4,2,0.5,False,False,False,False,unchanged_failure
ood,1017,"{""object_count"":2,""ordered_units"":[""fetch(bowl)"",""fetch(plate)"",""relocate(bowl,table)"",""relocate(plate,table)"",""multi_object_sequence(2)""],""plan_length"":8}","[""fetch"",""fetch"",""relocate"",""relocate""]","[""state_change"",""state_change"",""relocate"",""relocate""]",False,0.5,False,0.5,4,2,0.5,False,False,False,False,unchanged_failure
ood,1018,"{""object_count"":2,""ordered_units"":[""fetch(bowl)"",""fetch(plate)"",""relocate(bowl,table)"",""relocate(plate,table)"",""multi_object_sequence(2)""],""plan_length"":8}","[""fetch"",""fetch"",""relocate"",""relocate""]","[""fetch"",""fetch"",""relocate""]",False,0.8571428571428571,False,0.75,3,1,0.3333333333333333,False,False,False,False,unchanged_failure
ood,1019,"{""object_count"":1,""ordered_units"":[""fetch(plate)"",""relocate(plate,table)""],""plan_length"":5}","[""fetch"",""relocate""]","[""state_change"",""state_change"",""relocate"",""relocate""]",False,0.3333333333333333,False,0.5,4,0,0.0,False,False,False,False,unchanged_failure
ood,1020,"{""object_count"":2,""ordered_units"":[""fetch(bowl)"",""fetch(plate)"",""relocate(bowl,table)"",""relocate(plate,table)"",""multi_object_sequence(2)""],""plan_length"":8}","[""fetch"",""fetch"",""relocate"",""relocate""]","[""fetch""]",False,0.4,False,0.25,1,0,0.0,False,False,False,False,unchanged_failure
ood,1021,"{""object_count"":2,""ordered_units"":[""fetch(bowl)"",""fetch(plate)"",""relocate(bowl,table)"",""relocate(plate,table)"",""multi_object_sequence(2)""],""plan_length"":8}","[""fetch"",""fetch"",""relocate"",""relocate""]","[""state_change"",""state_change"",""relocate"",""relocate""]",False,0.5,False,0.5,4,2,0.5,False,False,False,False,unchanged_failure
ood,1022,"{""object_count"":1,""ordered_units"":[""fetch(bowl)"",""relocate(bowl,table)""],""plan_length"":5}","[""fetch"",""relocate""]","[""fetch""]",False,0.6666666666666666,False,0.5,1,1,1.0,True,False,False,False,unchanged_failure
ood,1023,"{""object_count"":1,""ordered_units"":[""fetch(bowl)"",""relocate(bowl,table)""],""plan_length"":5}","[""fetch"",""relocate""]","[""fetch"",""fetch"",""relocate"",""relocate""]",False,0.6666666666666666,False,1.0,4,2,0.5,False,False,False,False,unchanged_failure
ood,1024,"{""object_count"":1,""ordered_units"":[""fetch(bowl)"",""relocate(bowl,table)""],""plan_length"":5}","[""fetch"",""relocate""]","[""state_change""]",False,0.0,False,0.0,1,1,1.0,True,False,False,False,unchanged_failure
ood,1025,"{""object_count"":1,""ordered_units"":[""fetch(plate)"",""relocate(plate,table)""],""plan_length"":5}","[""fetch"",""relocate""]","[""state_change""]",False,0.0,False,0.0,1,1,1.0,True,False,False,False,unchanged_failure
ood,1026,"{""object_count"":2,""ordered_units"":[""fetch(bowl)"",""fetch(plate)"",""relocate(bowl,table)"",""relocate(plate,table)"",""multi_object_sequence(2)""],""plan_length"":8}","[""fetch"",""fetch"",""relocate"",""relocate""]","[""state_change"",""fetch"",""fetch"",""relocate""]",False,0.75,False,0.75,4,3,0.75,False,False,False,False,unchanged_failure
ood,1027,"{""object_count"":2,""ordered_units"":[""fetch(bowl)"",""fetch(plate)"",""relocate(bowl,table)"",""relocate(plate,table)"",""multi_object_sequence(2)""],""plan_length"":8}","[""fetch"",""fetch"",""relocate"",""relocate""]","[""state_change"",""state_change"",""state_change"",""fetch"",""fetch"",""relocate"",""relocate""]",False,0.7272727272727273,False,1.0,7,3,0.42857142857142855,False,False,False,False,unchanged_failure
ood,1028,"{""object_count"":1,""ordered_units"":[""fetch(bowl)"",""relocate(bowl,table)""],""plan_length"":5}","[""fetch"",""relocate""]","[""fetch"",""fetch""]",False,0.5,False,0.5,2,1,0.5,False,False,False,False,unchanged_failure
ood,1029,"{""object_count"":1,""ordered_units"":[""fetch(plate)"",""relocate(plate,table)""],""plan_length"":5}","[""fetch"",""relocate""]","[""fetch""]",False,0.6666666666666666,False,0.5,1,1,1.0,True,False,False,False,unchanged_failure
ood,1030,"{""object_count"":1,""ordered_units"":[""fetch(plate)"",""relocate(plate,table)""],""plan_length"":5}","[""fetch"",""relocate""]","[""state_change""]",False,0.0,False,0.0,1,1,1.0,True,False,True,False,regression
ood,1031,"{""object_count"":1,""ordered_units"":[""fetch(bowl)"",""relocate(bowl,table)""],""plan_length"":5}","[""fetch"",""relocate""]","[""state_change"",""fetch"",""relocate""]",False,0.8,False,1.0,3,3,1.0,True,False,False,False,unchanged_failure
ood,1032,"{""object_count"":1,""ordered_units"":[""fetch(bowl)"",""relocate(bowl,table)""],""plan_length"":5}","[""fetch"",""relocate""]","[""fetch"",""fetch"",""relocate""]",False,0.8,False,1.0,3,2,0.6666666666666666,False,False,False,True,fix
ood,1033,"{""object_count"":1,""ordered_units"":[""fetch(plate)"",""relocate(plate,table)""],""plan_length"":5}","[""fetch"",""relocate""]","[""fetch""]",False,0.6666666666666666,False,0.5,1,1,1.0,True,False,False,False,unchanged_failure
ood,1034,"{""object_count"":2,""ordered_units"":[""fetch(bowl)"",""fetch(plate)"",""relocate(bowl,table)"",""relocate(plate,table)"",""multi_object_sequence(2)""],""plan_length"":8}","[""fetch"",""fetch"",""relocate"",""relocate""]","[""fetch""]",False,0.4,False,0.25,1,1,1.0,True,False,False,False,unchanged_failure
ood,1035,"{""object_count"":1,""ordered_units"":[""fetch(plate)"",""relocate(plate,table)""],""plan_length"":5}","[""fetch"",""relocate""]","[""fetch""]",False,0.6666666666666666,False,0.5,1,1,1.0,True,False,False,False,unchanged_failure
ood,1036,"{""object_count"":2,""ordered_units"":[""fetch(bowl)"",""fetch(plate)"",""relocate(bowl,table)"",""relocate(plate,table)"",""multi_object_sequence(2)""],""plan_length"":8}","[""fetch"",""fetch"",""relocate"",""relocate""]","[""fetch"",""fetch"",""relocate""]",False,0.8571428571428571,False,0.75,3,1,0.3333333333333333,False,False,False,False,unchanged_failure
ood,1037,"{""object_count"":2,""ordered_units"":[""fetch(bowl)"",""fetch(plate)"",""relocate(bowl,table)"",""relocate(plate,table)"",""multi_object_sequence(2)""],""plan_length"":8}","[""fetch"",""fetch"",""relocate"",""relocate""]","[""state_change"",""state_change"",""state_change"",""fetch"",""fetch"",""relocate"",""relocate""]",False,0.7272727272727273,False,1.0,7,3,0.42857142857142855,False,False,False,False,unchanged_failure
ood,1038,"{""object_count"":1,""ordered_units"":[""fetch(plate)"",""relocate(plate,table)""],""plan_length"":5}","[""fetch"",""relocate""]","[""fetch""]",False,0.6666666666666666,False,0.5,1,1,1.0,True,False,False,False,unchanged_failure
ood,1039,"{""object_count"":1,""ordered_units"":[""fetch(plate)"",""relocate(plate,table)""],""plan_length"":5}","[""fetch"",""relocate""]","[""state_change"",""state_change"",""relocate"",""relocate""]",False,0.3333333333333333,False,0.5,4,0,0.0,False,False,False,False,unchanged_failure
ood,1040,"{""object_count"":1,""ordered_units"":[""fetch(plate)"",""relocate(plate,table)""],""plan_length"":5}","[""fetch"",""relocate""]","[""fetch""]",False,0.6666666666666666,False,0.5,1,1,1.0,True,False,False,False,unchanged_failure
ood,1041,"{""object_count"":1,""ordered_units"":[""fetch(bowl)"",""relocate(bowl,table)""],""plan_length"":5}","[""fetch"",""relocate""]","[""fetch"",""fetch"",""relocate"",""relocate""]",False,0.6666666666666666,False,1.0,4,2,0.5,False,False,False,False,unchanged_failure
ood,1042,"{""object_count"":1,""ordered_units"":[""fetch(plate)"",""relocate(plate,table)""],""plan_length"":5}","[""fetch"",""relocate""]","[""state_change"",""state_change"",""fetch"",""relocate""]",False,0.6666666666666666,False,1.0,4,1,0.25,False,False,False,False,unchanged_failure
ood,1043,"{""object_count"":2,""ordered_units"":[""fetch(bowl)"",""fetch(plate)"",""relocate(bowl,table)"",""relocate(plate,table)"",""multi_object_sequence(2)""],""plan_length"":8}","[""fetch"",""fetch"",""relocate"",""relocate""]","[""fetch""]",False,0.4,False,0.25,1,1,1.0,True,False,False,False,unchanged_failure
ood,1044,"{""object_count"":1,""ordered_units"":[""fetch(plate)"",""relocate(plate,table)""],""plan_length"":5}","[""fetch"",""relocate""]","[""relocate""]",False,0.6666666666666666,False,0.5,1,1,1.0,True,False,False,False,unchanged_failure
ood,1045,"{""object_count"":1,""ordered_units"":[""fetch(bowl)"",""relocate(bowl,table)""],""plan_length"":5}","[""fetch"",""relocate""]","[""state_change"",""fetch"",""relocate""]",False,0.8,False,1.0,3,3,1.0,True,False,False,False,unchanged_failure
ood,1046,"{""object_count"":2,""ordered_units"":[""fetch(bowl)"",""fetch(plate)"",""relocate(bowl,table)"",""relocate(plate,table)"",""multi_object_sequence(2)""],""plan_length"":8}","[""fetch"",""fetch"",""relocate"",""relocate""]","[""state_change""]",False,0.0,False,0.0,1,1,1.0,True,False,False,False,unchanged_failure
ood,1047,"{""object_count"":2,""ordered_units"":[""fetch(bowl)"",""fetch(plate)"",""relocate(bowl,table)"",""relocate(plate,table)"",""multi_object_sequence(2)""],""plan_length"":8}","[""fetch"",""fetch"",""relocate"",""relocate""]","[""fetch"",""fetch"",""relocate""]",False,0.8571428571428571,False,0.75,3,2,0.6666666666666666,False,False,False,False,unchanged_failure
ood,1048,"{""object_count"":1,""ordered_units"":[""fetch(bowl)"",""relocate(bowl,table)""],""plan_length"":5}","[""fetch"",""relocate""]","[""fetch""]",False,0.6666666666666666,False,0.5,1,1,1.0,True,False,False,False,unchanged_failure
ood,1049,"{""object_count"":1,""ordered_units"":[""fetch(bowl)"",""relocate(bowl,table)""],""plan_length"":5}","[""fetch"",""relocate""]","[""state_change"",""fetch"",""relocate""]",False,0.8,False,1.0,3,3,1.0,True,False,False,False,unchanged_failure
ood,1050,"{""object_count"":1,""ordered_units"":[""fetch(plate)"",""relocate(plate,table)""],""plan_length"":5}","[""fetch"",""relocate""]","[""fetch""]",False,0.6666666666666666,False,0.5,1,1,1.0,True,False,False,False,unchanged_failure
ood,1051,"{""object_count"":2,""ordered_units"":[""fetch(bowl)"",""fetch(plate)"",""relocate(bowl,table)"",""relocate(plate,table)"",""multi_object_sequence(2)""],""plan_length"":8}","[""fetch"",""fetch"",""relocate"",""relocate""]","[""fetch""]",False,0.4,False,0.25,1,0,0.0,False,False,False,False,unchanged_failure
ood,1052,"{""object_count"":1,""ordered_units"":[""fetch(bowl)"",""relocate(bowl,table)""],""plan_length"":5}","[""fetch"",""relocate""]","[""fetch""]",False,0.6666666666666666,False,0.5,1,1,1.0,True,False,False,False,unchanged_failure
ood,1053,"{""object_count"":1,""ordered_units"":[""fetch(bowl)"",""relocate(bowl,table)""],""plan_length"":5}","[""fetch"",""relocate""]","[""state_change"",""state_change"",""relocate"",""relocate""]",False,0.3333333333333333,False,0.5,4,2,0.5,False,False,False,False,unchanged_failure
ood,1054,"{""object_count"":2,""ordered_units"":[""fetch(bowl)"",""fetch(plate)"",""relocate(bowl,table)"",""relocate(plate,table)"",""multi_object_sequence(2)""],""plan_length"":8}","[""fetch"",""fetch"",""relocate"",""relocate""]","[""state_change"",""state_change"",""state_change"",""fetch"",""fetch"",""relocate"",""relocate""]",False,0.7272727272727273,False,1.0,7,3,0.42857142857142855,False,False,False,False,unchanged_failure
ood,1055,"{""object_count"":1,""ordered_units"":[""fetch(plate)"",""relocate(plate,table)""],""plan_length"":5}","[""fetch"",""relocate""]","[""fetch""]",False,0.6666666666666666,False,0.5,1,1,1.0,True,False,False,False,unchanged_failure
ood,1056,"{""object_count"":1,""ordered_units"":[""fetch(bowl)"",""relocate(bowl,table)""],""plan_length"":5}","[""fetch"",""relocate""]","[""fetch"",""fetch""]",False,0.5,False,0.5,2,1,0.5,False,False,False,False,unchanged_failure
ood,1057,"{""object_count"":1,""ordered_units"":[""fetch(plate)"",""relocate(plate,table)""],""plan_length"":5}","[""fetch"",""relocate""]","[""fetch""]",False,0.6666666666666666,False,0.5,1,1,1.0,True,False,False,False,unchanged_failure
ood,1058,"{""object_count"":1,""ordered_units"":[""fetch(bowl)"",""relocate(bowl,table)""],""plan_length"":5}","[""fetch"",""relocate""]","[""state_change"",""fetch"",""fetch"",""relocate""]",False,0.6666666666666666,False,1.0,4,3,0.75,False,False,False,False,unchanged_failure
ood,1059,"{""object_count"":1,""ordered_units"":[""fetch(bowl)"",""relocate(bowl,table)""],""plan_length"":5}","[""fetch"",""relocate""]","[""state_change"",""fetch"",""fetch"",""relocate""]",False,0.6666666666666666,False,1.0,4,3,0.75,False,False,False,False,unchanged_failure
ood,1060,"{""object_count"":1,""ordered_units"":[""fetch(plate)"",""relocate(plate,table)""],""plan_length"":5}","[""fetch"",""relocate""]","[""state_change"",""fetch"",""relocate"",""fetch"",""relocate""]",False,0.5714285714285714,False,1.0,5,3,0.6,False,False,False,False,unchanged_failure
ood,1061,"{""object_count"":1,""ordered_units"":[""fetch(plate)"",""relocate(plate,table)""],""plan_length"":5}","[""fetch"",""relocate""]","[""state_change"",""fetch"",""relocate"",""fetch"",""relocate""]",False,0.5714285714285714,False,1.0,5,3,0.6,False,False,False,False,unchanged_failure
ood,1062,"{""object_count"":2,""ordered_units"":[""fetch(bowl)"",""fetch(plate)"",""relocate(bowl,table)"",""relocate(plate,table)"",""multi_object_sequence(2)""],""plan_length"":8}","[""fetch"",""fetch"",""relocate"",""relocate""]","[""state_change""]",False,0.0,False,0.0,1,1,1.0,True,False,False,False,unchanged_failure
ood,1063,"{""object_count"":2,""ordered_units"":[""fetch(bowl)"",""fetch(plate)"",""relocate(bowl,table)"",""relocate(plate,table)"",""multi_object_sequence(2)""],""plan_length"":8}","[""fetch"",""fetch"",""relocate"",""relocate""]","[""fetch""]",False,0.4,False,0.25,1,0,0.0,False,False,False,False,unchanged_failure
ood,1064,"{""object_count"":1,""ordered_units"":[""fetch(bowl)"",""relocate(bowl,table)""],""plan_length"":5}","[""fetch"",""relocate""]","[""state_change""]",False,0.0,False,0.0,1,1,1.0,True,False,False,False,unchanged_failure
ood,1065,"{""object_count"":2,""ordered_units"":[""fetch(bowl)"",""fetch(plate)"",""relocate(bowl,table)"",""relocate(plate,table)"",""multi_object_sequence(2)""],""plan_length"":8}","[""fetch"",""fetch"",""relocate"",""relocate""]","[""state_change""]",False,0.0,False,0.0,1,1,1.0,True,False,False,False,unchanged_failure
ood,1066,"{""object_count"":1,""ordered_units"":[""fetch(plate)"",""relocate(plate,table)""],""plan_length"":5}","[""fetch"",""relocate""]","[""state_change""]",False,0.0,False,0.0,1,1,1.0,True,False,False,False,unchanged_failure
ood,1067,"{""object_count"":1,""ordered_units"":[""fetch(plate)"",""relocate(plate,table)""],""plan_length"":5}","[""fetch"",""relocate""]","[""state_change"",""fetch"",""fetch"",""relocate""]",False,0.6666666666666666,False,1.0,4,3,0.75,False,False,False,False,unchanged_failure
ood,1068,"{""object_count"":2,""ordered_units"":[""fetch(bowl)"",""fetch(plate)"",""relocate(bowl,table)"",""relocate(plate,table)"",""multi_object_sequence(2)""],""plan_length"":8}","[""fetch"",""fetch"",""relocate"",""relocate""]","[""state_change"",""state_change"",""state_change"",""relocate"",""relocate""]",False,0.4444444444444444,False,0.5,5,3,0.6,False,False,False,False,unchanged_failure
ood,1069,"{""object_count"":1,""ordered_units"":[""fetch(plate)"",""relocate(plate,table)""],""plan_length"":5}","[""fetch"",""relocate""]","[""fetch""]",False,0.6666666666666666,False,0.5,1,1,1.0,True,False,False,False,unchanged_failure
ood,1070,"{""object_count"":1,""ordered_units"":[""fetch(plate)"",""relocate(plate,table)""],""plan_length"":5}","[""fetch"",""relocate""]","[""state_change"",""fetch"",""fetch"",""relocate""]",False,0.6666666666666666,False,1.0,4,3,0.75,False,False,False,False,unchanged_failure
ood,1071,"{""object_count"":1,""ordered_units"":[""fetch(plate)"",""relocate(plate,table)""],""plan_length"":5}","[""fetch"",""relocate""]","[""fetch""]",False,0.6666666666666666,False,0.5,1,1,1.0,True,False,False,False,unchanged_failure
ood,1072,"{""object_count"":1,""ordered_units"":[""fetch(bowl)"",""relocate(bowl,table)""],""plan_length"":5}","[""fetch"",""relocate""]","[""state_change"",""state_change"",""relocate"",""relocate""]",False,0.3333333333333333,False,0.5,4,2,0.5,False,False,False,False,unchanged_failure
ood,1073,"{""object_count"":2,""ordered_units"":[""fetch(bowl)"",""fetch(plate)"",""relocate(bowl,table)"",""relocate(plate,table)"",""multi_object_sequence(2)""],""plan_length"":8}","[""fetch"",""fetch"",""relocate"",""relocate""]","[""fetch"",""fetch"",""relocate""]",False,0.8571428571428571,False,0.75,3,2,0.6666666666666666,False,False,False,False,unchanged_failure
ood,1074,"{""object_count"":2,""ordered_units"":[""fetch(bowl)"",""fetch(plate)"",""relocate(bowl,table)"",""relocate(plate,table)"",""multi_object_sequence(2)""],""plan_length"":8}","[""fetch"",""fetch"",""relocate"",""relocate""]","[""fetch""]",False,0.4,False,0.25,1,1,1.0,True,False,False,False,unchanged_failure
ood,1075,"{""object_count"":1,""ordered_units"":[""fetch(bowl)"",""relocate(bowl,table)""],""plan_length"":5}","[""fetch"",""relocate""]","[""state_change"",""fetch"",""relocate""]",False,0.8,False,1.0,3,3,1.0,True,False,False,False,unchanged_failure
ood,1076,"{""object_count"":2,""ordered_units"":[""fetch(bowl)"",""fetch(plate)"",""relocate(bowl,table)"",""relocate(plate,table)"",""multi_object_sequence(2)""],""plan_length"":8}","[""fetch"",""fetch"",""relocate"",""relocate""]","[""state_change"",""state_change"",""relocate"",""relocate""]",False,0.5,False,0.5,4,2,0.5,False,False,False,False,unchanged_failure
ood,1077,"{""object_count"":1,""ordered_units"":[""fetch(bowl)"",""relocate(bowl,table)""],""plan_length"":5}","[""fetch"",""relocate""]","[""fetch""]",False,0.6666666666666666,False,0.5,1,1,1.0,True,False,False,False,unchanged_failure
ood,1078,"{""object_count"":1,""ordered_units"":[""fetch(bowl)"",""relocate(bowl,table)""],""plan_length"":5}","[""fetch"",""relocate""]","[""fetch""]",False,0.6666666666666666,False,0.5,1,1,1.0,True,False,False,False,unchanged_failure
ood,1079,"{""object_count"":2,""ordered_units"":[""fetch(bowl)"",""fetch(plate)"",""relocate(bowl,table)"",""relocate(plate,table)"",""multi_object_sequence(2)""],""plan_length"":8}","[""fetch"",""fetch"",""relocate"",""relocate""]","[""state_change"",""state_change"",""relocate"",""relocate""]",False,0.5,False,0.5,4,1,0.25,False,False,False,False,unchanged_failure
ood,1080,"{""object_count"":1,""ordered_units"":[""fetch(bowl)"",""relocate(bowl,table)""],""plan_length"":5}","[""fetch"",""relocate""]","[""state_change"",""state_change"",""relocate"",""relocate""]",False,0.3333333333333333,False,0.5,4,2,0.5,False,False,False,False,unchanged_failure
ood,1081,"{""object_count"":1,""ordered_units"":[""fetch(plate)"",""relocate(plate,table)""],""plan_length"":5}","[""fetch"",""relocate""]","[""fetch"",""relocate""]",True,1.0,True,1.0,2,0,0.0,False,False,False,False,unchanged_failure
ood,1082,"{""object_count"":1,""ordered_units"":[""fetch(plate)"",""relocate(plate,table)""],""plan_length"":5}","[""fetch"",""relocate""]","[""fetch"",""relocate""]",True,1.0,True,1.0,2,0,0.0,False,False,False,False,unchanged_failure
ood,1083,"{""object_count"":1,""ordered_units"":[""fetch(bowl)"",""relocate(bowl,table)""],""plan_length"":5}","[""fetch"",""relocate""]","[""state_change"",""state_change"",""relocate"",""relocate""]",False,0.3333333333333333,False,0.5,4,2,0.5,False,False,False,False,unchanged_failure
ood,1084,"{""object_count"":1,""ordered_units"":[""fetch(plate)"",""relocate(plate,table)""],""plan_length"":5}","[""fetch"",""relocate""]","[""state_change"",""fetch"",""fetch"",""relocate""]",False,0.6666666666666666,False,1.0,4,3,0.75,False,False,False,False,unchanged_failure
ood,1085,"{""object_count"":2,""ordered_units"":[""fetch(bowl)"",""fetch(plate)"",""relocate(bowl,table)"",""relocate(plate,table)"",""multi_object_sequence(2)""],""plan_length"":8}","[""fetch"",""fetch"",""relocate"",""relocate""]","[""fetch""]",False,0.4,False,0.25,1,1,1.0,True,False,False,False,unchanged_failure
ood,1086,"{""object_count"":1,""ordered_units"":[""fetch(bowl)"",""relocate(bowl,table)""],""plan_length"":5}","[""fetch"",""relocate""]","[""fetch"",""fetch"",""relocate""]",False,0.8,False,1.0,3,2,0.6666666666666666,False,False,False,False,unchanged_failure
ood,1087,"{""object_count"":1,""ordered_units"":[""fetch(plate)"",""relocate(plate,table)""],""plan_length"":5}","[""fetch"",""relocate""]","[""state_change"",""state_change"",""state_change"",""relocate"",""relocate""]",False,0.2857142857142857,False,0.5,5,3,0.6,False,False,False,False,unchanged_failure
ood,1088,"{""object_count"":1,""ordered_units"":[""fetch(plate)"",""relocate(plate,table)""],""plan_length"":5}","[""fetch"",""relocate""]","[""fetch"",""relocate""]",True,1.0,True,1.0,2,0,0.0,False,False,False,False,unchanged_failure
ood,1089,"{""object_count"":1,""ordered_units"":[""fetch(bowl)"",""relocate(bowl,table)""],""plan_length"":5}","[""fetch"",""relocate""]","[""fetch"",""fetch"",""relocate""]",False,0.8,False,1.0,3,2,0.6666666666666666,False,False,False,True,fix
ood,1090,"{""object_count"":1,""ordered_units"":[""fetch(plate)"",""relocate(plate,table)""],""plan_length"":5}","[""fetch"",""relocate""]","[""state_change"",""state_change"",""relocate"",""relocate""]",False,0.3333333333333333,False,0.5,4,0,0.0,False,False,False,False,unchanged_failure
ood,1091,"{""object_count"":1,""ordered_units"":[""fetch(plate)"",""relocate(plate,table)""],""plan_length"":5}","[""fetch"",""relocate""]","[""state_change"",""state_change"",""relocate"",""relocate""]",False,0.3333333333333333,False,0.5,4,0,0.0,False,False,False,False,unchanged_failure
ood,1092,"{""object_count"":1,""ordered_units"":[""fetch(plate)"",""relocate(plate,table)""],""plan_length"":5}","[""fetch"",""relocate""]","[""state_change""]",False,0.0,False,0.0,1,1,1.0,True,False,False,False,unchanged_failure
ood,1093,"{""object_count"":2,""ordered_units"":[""fetch(bowl)"",""fetch(plate)"",""relocate(bowl,table)"",""relocate(plate,table)"",""multi_object_sequence(2)""],""plan_length"":8}","[""fetch"",""fetch"",""relocate"",""relocate""]","[""state_change"",""state_change"",""relocate"",""relocate""]",False,0.5,False,0.5,4,1,0.25,False,False,False,False,unchanged_failure
ood,1094,"{""object_count"":2,""ordered_units"":[""fetch(bowl)"",""fetch(plate)"",""relocate(bowl,table)"",""relocate(plate,table)"",""multi_object_sequence(2)""],""plan_length"":8}","[""fetch"",""fetch"",""relocate"",""relocate""]","[""fetch""]",False,0.4,False,0.25,1,0,0.0,False,False,False,False,unchanged_failure
ood,1095,"{""object_count"":2,""ordered_units"":[""fetch(bowl)"",""fetch(plate)"",""relocate(bowl,table)"",""relocate(plate,table)"",""multi_object_sequence(2)""],""plan_length"":8}","[""fetch"",""fetch"",""relocate"",""relocate""]","[""fetch""]",False,0.4,False,0.25,1,1,1.0,True,False,False,False,unchanged_failure
ood,1096,"{""object_count"":1,""ordered_units"":[""fetch(plate)"",""relocate(plate,table)""],""plan_length"":5}","[""fetch"",""relocate""]","[""fetch""]",False,0.6666666666666666,False,0.5,1,1,1.0,True,False,False,True,fix
ood,1097,"{""object_count"":2,""ordered_units"":[""fetch(bowl)"",""fetch(plate)"",""relocate(bowl,table)"",""relocate(plate,table)"",""multi_object_sequence(2)""],""plan_length"":8}","[""fetch"",""fetch"",""relocate"",""relocate""]","[""state_change"",""fetch"",""fetch"",""relocate""]",False,0.75,False,0.75,4,3,0.75,False,False,False,False,unchanged_failure
ood,1098,"{""object_count"":1,""ordered_units"":[""fetch(bowl)"",""relocate(bowl,table)""],""plan_length"":5}","[""fetch"",""relocate""]","[""state_change"",""state_change"",""relocate"",""relocate""]",False,0.3333333333333333,False,0.5,4,2,0.5,False,False,False,False,unchanged_failure
ood,1099,"{""object_count"":1,""ordered_units"":[""fetch(bowl)"",""relocate(bowl,table)""],""plan_length"":5}","[""fetch"",""relocate""]","[""state_change""]",False,0.0,False,0.0,1,1,1.0,True,False,False,False,unchanged_failure
ood,1100,"{""object_count"":1,""ordered_units"":[""fetch(bowl)"",""relocate(bowl,table)""],""plan_length"":5}","[""fetch"",""relocate""]","[""state_change"",""state_change"",""relocate"",""relocate""]",False,0.3333333333333333,False,0.5,4,2,0.5,False,False,False,False,unchanged_failure
ood,1101,"{""object_count"":1,""ordered_units"":[""fetch(plate)"",""relocate(plate,table)""],""plan_length"":5}","[""fetch"",""relocate""]","[""state_change"",""state_change"",""relocate"",""relocate""]",False,0.3333333333333333,False,0.5,4,0,0.0,False,False,False,False,unchanged_failure
ood,1102,"{""object_count"":1,""ordered_units"":[""fetch(bowl)"",""relocate(bowl,table)""],""plan_length"":5}","[""fetch"",""relocate""]","[""fetch"",""fetch"",""relocate""]",False,0.8,False,1.0,3,2,0.6666666666666666,False,False,False,False,unchanged_failure
ood,1103,"{""object_count"":1,""ordered_units"":[""fetch(plate)"",""relocate(plate,table)""],""plan_length"":5}","[""fetch"",""relocate""]","[""fetch""]",False,0.6666666666666666,False,0.5,1,1,1.0,True,False,False,False,unchanged_failure
ood,1104,"{""object_count"":2,""ordered_units"":[""fetch(bowl)"",""fetch(plate)"",""relocate(bowl,table)"",""relocate(plate,table)"",""multi_object_sequence(2)""],""plan_length"":8}","[""fetch"",""fetch"",""relocate"",""relocate""]","[""fetch""]",False,0.4,False,0.25,1,0,0.0,False,False,False,False,unchanged_failure
ood,1105,"{""object_count"":1,""ordered_units"":[""fetch(bowl)"",""relocate(bowl,table)""],""plan_length"":5}","[""fetch"",""relocate""]","[""state_change"",""fetch"",""relocate""]",False,0.8,False,1.0,3,3,1.0,True,False,False,False,unchanged_failure
ood,1106,"{""object_count"":1,""ordered_units"":[""fetch(plate)"",""relocate(plate,table)""],""plan_length"":5}","[""fetch"",""relocate""]","[""state_change"",""fetch"",""relocate"",""fetch"",""relocate""]",False,0.5714285714285714,False,1.0,5,3,0.6,False,False,False,False,unchanged_failure
ood,1107,"{""object_count"":1,""ordered_units"":[""fetch(plate)"",""relocate(plate,table)""],""plan_length"":5}","[""fetch"",""relocate""]","[""fetch""]",False,0.6666666666666666,False,0.5,1,1,1.0,True,False,False,False,unchanged_failure
ood,1108,"{""object_count"":1,""ordered_units"":[""fetch(plate)"",""relocate(plate,table)""],""plan_length"":5}","[""fetch"",""relocate""]","[""state_change"",""state_change"",""relocate"",""relocate""]",False,0.3333333333333333,False,0.5,4,0,0.0,False,False,False,False,unchanged_failure
ood,1109,"{""object_count"":1,""ordered_units"":[""fetch(plate)"",""relocate(plate,table)""],""plan_length"":5}","[""fetch"",""relocate""]","[""state_change"",""state_change"",""fetch"",""relocate""]",False,0.6666666666666666,False,1.0,4,1,0.25,False,False,False,False,unchanged_failure
ood,1110,"{""object_count"":2,""ordered_units"":[""fetch(bowl)"",""fetch(plate)"",""relocate(bowl,table)"",""relocate(plate,table)"",""multi_object_sequence(2)""],""plan_length"":8}","[""fetch"",""fetch"",""relocate"",""relocate""]","[""state_change"",""fetch"",""fetch"",""relocate""]",False,0.75,False,0.75,4,3,0.75,False,False,False,False,unchanged_failure
ood,1111,"{""object_count"":1,""ordered_units"":[""fetch(plate)"",""relocate(plate,table)""],""plan_length"":5}","[""fetch"",""relocate""]","[""state_change"",""fetch"",""relocate"",""fetch"",""relocate""]",False,0.5714285714285714,False,1.0,5,3,0.6,False,False,False,False,unchanged_failure
ood,1112,"{""object_count"":2,""ordered_units"":[""fetch(bowl)"",""fetch(plate)"",""relocate(bowl,table)"",""relocate(plate,table)"",""multi_object_sequence(2)""],""plan_length"":8}","[""fetch"",""fetch"",""relocate"",""relocate""]","[""fetch"",""fetch"",""relocate""]",False,0.8571428571428571,False,0.75,3,2,0.6666666666666666,False,False,False,False,unchanged_failure
ood,1113,"{""object_count"":1,""ordered_units"":[""fetch(plate)"",""relocate(plate,table)""],""plan_length"":5}","[""fetch"",""relocate""]","[""state_change"",""state_change"",""state_change"",""relocate"",""relocate""]",False,0.2857142857142857,False,0.5,5,3,0.6,False,False,False,False,unchanged_failure
ood,1114,"{""object_count"":2,""ordered_units"":[""fetch(bowl)"",""fetch(plate)"",""relocate(bowl,table)"",""relocate(plate,table)"",""multi_object_sequence(2)""],""plan_length"":8}","[""fetch"",""fetch"",""relocate"",""relocate""]","[""state_change"",""fetch"",""relocate"",""fetch"",""relocate""]",False,0.8888888888888888,False,0.75,5,3,0.6,False,False,False,False,unchanged_failure
ood,1115,"{""object_count"":2,""ordered_units"":[""fetch(bowl)"",""fetch(plate)"",""relocate(bowl,table)"",""relocate(plate,table)"",""multi_object_sequence(2)""],""plan_length"":8}","[""fetch"",""fetch"",""relocate"",""relocate""]","[""fetch"",""fetch"",""relocate""]",False,0.8571428571428571,False,0.75,3,1,0.3333333333333333,False,False,False,False,unchanged_failure
ood,1116,"{""object_count"":1,""ordered_units"":[""fetch(plate)"",""relocate(plate,table)""],""plan_length"":5}","[""fetch"",""relocate""]","[""state_change"",""fetch"",""relocate"",""fetch"",""relocate""]",False,0.5714285714285714,False,1.0,5,3,0.6,False,False,False,False,unchanged_failure
ood,1117,"{""object_count"":1,""ordered_units"":[""fetch(plate)"",""relocate(plate,table)""],""plan_length"":5}","[""fetch"",""relocate""]","[""fetch""]",False,0.6666666666666666,False,0.5,1,1,1.0,True,False,False,False,unchanged_failure
ood,1118,"{""object_count"":1,""ordered_units"":[""fetch(plate)"",""relocate(plate,table)""],""plan_length"":5}","[""fetch"",""relocate""]","[""state_change"",""fetch"",""relocate"",""fetch"",""relocate""]",False,0.5714285714285714,False,1.0,5,3,0.6,False,False,False,False,unchanged_failure
ood,1119,"{""object_count"":2,""ordered_units"":[""fetch(bowl)"",""fetch(plate)"",""relocate(bowl,table)"",""relocate(plate,table)"",""multi_object_sequence(2)""],""plan_length"":8}","[""fetch"",""fetch"",""relocate"",""relocate""]","[""fetch""]",False,0.4,False,0.25,1,1,1.0,True,False,False,False,unchanged_failure
ood,1120,"{""object_count"":1,""ordered_units"":[""fetch(bowl)"",""relocate(bowl,table)""],""plan_length"":5}","[""fetch"",""relocate""]","[""fetch""]",False,0.6666666666666666,False,0.5,1,1,1.0,True,False,False,False,unchanged_failure
ood,1121,"{""object_count"":1,""ordered_units"":[""fetch(plate)"",""relocate(plate,table)""],""plan_length"":5}","[""fetch"",""relocate""]","[""fetch""]",False,0.6666666666666666,False,0.5,1,1,1.0,True,False,False,True,fix
ood,1122,"{""object_count"":2,""ordered_units"":[""fetch(bowl)"",""fetch(plate)"",""relocate(bowl,table)"",""relocate(plate,table)"",""multi_object_sequence(2)""],""plan_length"":8}","[""fetch"",""fetch"",""relocate"",""relocate""]","[""fetch""]",False,0.4,False,0.25,1,1,1.0,True,False,False,False,unchanged_failure
ood,1123,"{""object_count"":1,""ordered_units"":[""fetch(plate)"",""relocate(plate,table)""],""plan_length"":5}","[""fetch"",""relocate""]","[""fetch""]",False,0.6666666666666666,False,0.5,1,1,1.0,True,False,False,False,unchanged_failure
ood,1124,"{""object_count"":1,""ordered_units"":[""fetch(plate)"",""relocate(plate,table)""],""plan_length"":5}","[""fetch"",""relocate""]","[""state_change""]",False,0.0,False,0.0,1,1,1.0,True,False,False,False,unchanged_failure
ood,1125,"{""object_count"":1,""ordered_units"":[""fetch(bowl)"",""relocate(bowl,table)""],""plan_length"":5}","[""fetch"",""relocate""]","[""fetch"",""fetch""]",False,0.5,False,0.5,2,1,0.5,False,False,False,False,unchanged_failure
ood,1126,"{""object_count"":1,""ordered_units"":[""fetch(plate)"",""relocate(plate,table)""],""plan_length"":5}","[""fetch"",""relocate""]","[""fetch""]",False,0.6666666666666666,False,0.5,1,1,1.0,True,False,False,False,unchanged_failure
ood,1127,"{""object_count"":1,""ordered_units"":[""fetch(plate)"",""relocate(plate,table)""],""plan_length"":5}","[""fetch"",""relocate""]","[""fetch""]",False,0.6666666666666666,False,0.5,1,1,1.0,True,False,False,False,unchanged_failure
ood,1128,"{""object_count"":2,""ordered_units"":[""fetch(bowl)"",""fetch(plate)"",""relocate(bowl,table)"",""relocate(plate,table)"",""multi_object_sequence(2)""],""plan_length"":8}","[""fetch"",""fetch"",""relocate"",""relocate""]","[""fetch""]",False,0.4,False,0.25,1,1,1.0,True,False,False,False,unchanged_failure
ood,1129,"{""object_count"":2,""ordered_units"":[""fetch(bowl)"",""fetch(plate)"",""relocate(bowl,table)"",""relocate(plate,table)"",""multi_object_sequence(2)""],""plan_length"":8}","[""fetch"",""fetch"",""relocate"",""relocate""]","[""fetch"",""fetch"",""relocate"",""relocate""]",True,1.0,True,1.0,4,2,0.5,False,False,False,False,unchanged_failure
ood,1130,"{""object_count"":1,""ordered_units"":[""fetch(plate)"",""relocate(plate,table)""],""plan_length"":5}","[""fetch"",""relocate""]","[""fetch"",""relocate""]",True,1.0,True,1.0,2,0,0.0,False,False,False,False,unchanged_failure
ood,1131,"{""object_count"":2,""ordered_units"":[""fetch(bowl)"",""fetch(plate)"",""relocate(bowl,table)"",""relocate(plate,table)"",""multi_object_sequence(2)""],""plan_length"":8}","[""fetch"",""fetch"",""relocate"",""relocate""]","[""state_change"",""state_change"",""state_change"",""fetch"",""fetch"",""relocate"",""relocate""]",False,0.7272727272727273,False,1.0,7,3,0.42857142857142855,False,False,False,False,unchanged_failure
ood,1132,"{""object_count"":2,""ordered_units"":[""fetch(bowl)"",""fetch(plate)"",""relocate(bowl,table)"",""relocate(plate,table)"",""multi_object_sequence(2)""],""plan_length"":8}","[""fetch"",""fetch"",""relocate"",""relocate""]","[""fetch""]",False,0.4,False,0.25,1,0,0.0,False,False,False,False,unchanged_failure
ood,1133,"{""object_count"":1,""ordered_units"":[""fetch(bowl)"",""relocate(bowl,table)""],""plan_length"":5}","[""fetch"",""relocate""]","[""state_change"",""fetch"",""fetch"",""relocate""]",False,0.6666666666666666,False,1.0,4,3,0.75,False,False,False,False,unchanged_failure
ood,1134,"{""object_count"":1,""ordered_units"":[""fetch(plate)"",""relocate(plate,table)""],""plan_length"":5}","[""fetch"",""relocate""]","[""state_change"",""fetch"",""fetch"",""relocate""]",False,0.6666666666666666,False,1.0,4,3,0.75,False,False,False,False,unchanged_failure
ood,1135,"{""object_count"":1,""ordered_units"":[""fetch(bowl)"",""relocate(bowl,table)""],""plan_length"":5}","[""fetch"",""relocate""]","[""state_change"",""fetch"",""relocate""]",False,0.8,False,1.0,3,3,1.0,True,False,False,False,unchanged_failure
ood,1136,"{""object_count"":1,""ordered_units"":[""fetch(bowl)"",""relocate(bowl,table)""],""plan_length"":5}","[""fetch"",""relocate""]","[""state_change"",""state_change"",""relocate"",""relocate""]",False,0.3333333333333333,False,0.5,4,2,0.5,False,False,False,False,unchanged_failure
ood,1137,"{""object_count"":1,""ordered_units"":[""fetch(plate)"",""relocate(plate,table)""],""plan_length"":5}","[""fetch"",""relocate""]","[""state_change"",""state_change"",""relocate"",""relocate""]",False,0.3333333333333333,False,0.5,4,0,0.0,False,False,False,False,unchanged_failure
ood,1138,"{""object_count"":1,""ordered_units"":[""fetch(plate)"",""relocate(plate,table)""],""plan_length"":5}","[""fetch"",""relocate""]","[""state_change"",""fetch"",""fetch"",""relocate""]",False,0.6666666666666666,False,1.0,4,3,0.75,False,False,False,False,unchanged_failure
ood,1139,"{""object_count"":2,""ordered_units"":[""fetch(bowl)"",""fetch(plate)"",""relocate(bowl,table)"",""relocate(plate,table)"",""multi_object_sequence(2)""],""plan_length"":8}","[""fetch"",""fetch"",""relocate"",""relocate""]","[""state_change"",""state_change"",""state_change"",""relocate"",""relocate""]",False,0.4444444444444444,False,0.5,5,3,0.6,False,False,False,False,unchanged_failure
ood,1140,"{""object_count"":1,""ordered_units"":[""fetch(plate)"",""relocate(plate,table)""],""plan_length"":5}","[""fetch"",""relocate""]","[""fetch"",""relocate""]",True,1.0,True,1.0,2,0,0.0,False,False,False,False,unchanged_failure
ood,1141,"{""object_count"":1,""ordered_units"":[""fetch(plate)"",""relocate(plate,table)""],""plan_length"":5}","[""fetch"",""relocate""]","[""state_change"",""state_change"",""state_change"",""relocate"",""relocate""]",False,0.2857142857142857,False,0.5,5,3,0.6,False,False,False,False,unchanged_failure
ood,1142,"{""object_count"":2,""ordered_units"":[""fetch(bowl)"",""fetch(plate)"",""relocate(bowl,table)"",""relocate(plate,table)"",""multi_object_sequence(2)""],""plan_length"":8}","[""fetch"",""fetch"",""relocate"",""relocate""]","[""state_change"",""state_change"",""relocate"",""relocate""]",False,0.5,False,0.5,4,1,0.25,False,False,False,False,unchanged_failure
ood,1143,"{""object_count"":2,""ordered_units"":[""fetch(bowl)"",""fetch(plate)"",""relocate(bowl,table)"",""relocate(plate,table)"",""multi_object_sequence(2)""],""plan_length"":8}","[""fetch"",""fetch"",""relocate"",""relocate""]","[""state_change""]",False,0.0,False,0.0,1,1,1.0,True,False,False,False,unchanged_failure
ood,1144,"{""object_count"":2,""ordered_units"":[""fetch(bowl)"",""fetch(plate)"",""relocate(bowl,table)"",""relocate(plate,table)"",""multi_object_sequence(2)""],""plan_length"":8}","[""fetch"",""fetch"",""relocate"",""relocate""]","[""state_change""]",False,0.0,False,0.0,1,1,1.0,True,False,False,False,unchanged_failure
ood,1145,"{""object_count"":2,""ordered_units"":[""fetch(bowl)"",""fetch(plate)"",""relocate(bowl,table)"",""relocate(plate,table)"",""multi_object_sequence(2)""],""plan_length"":8}","[""fetch"",""fetch"",""relocate"",""relocate""]","[""fetch""]",False,0.4,False,0.25,1,0,0.0,False,False,False,False,unchanged_failure
ood,1146,"{""object_count"":1,""ordered_units"":[""fetch(plate)"",""relocate(plate,table)""],""plan_length"":5}","[""fetch"",""relocate""]","[""state_change"",""state_change"",""relocate"",""relocate""]",False,0.3333333333333333,False,0.5,4,0,0.0,False,False,False,False,unchanged_failure
ood,1147,"{""object_count"":1,""ordered_units"":[""fetch(bowl)"",""relocate(bowl,table)""],""plan_length"":5}","[""fetch"",""relocate""]","[""fetch"",""fetch"",""relocate""]",False,0.8,False,1.0,3,2,0.6666666666666666,False,False,False,False,unchanged_failure
ood,1148,"{""object_count"":1,""ordered_units"":[""fetch(bowl)"",""relocate(bowl,table)""],""plan_length"":5}","[""fetch"",""relocate""]","[""fetch"",""fetch"",""relocate""]",False,0.8,False,1.0,3,2,0.6666666666666666,False,False,False,False,unchanged_failure
ood,1149,"{""object_count"":1,""ordered_units"":[""fetch(plate)"",""relocate(plate,table)""],""plan_length"":5}","[""fetch"",""relocate""]","[""relocate""]",False,0.6666666666666666,False,0.5,1,1,1.0,True,False,False,False,unchanged_failure
ood,1150,"{""object_count"":1,""ordered_units"":[""fetch(plate)"",""relocate(plate,table)""],""plan_length"":5}","[""fetch"",""relocate""]","[""fetch""]",False,0.6666666666666666,False,0.5,1,1,1.0,True,False,False,False,unchanged_failure
ood,1151,"{""object_count"":1,""ordered_units"":[""fetch(bowl)"",""relocate(bowl,table)""],""plan_length"":5}","[""fetch"",""relocate""]","[""state_change""]",False,0.0,False,0.0,1,1,1.0,True,False,False,False,unchanged_failure
ood,1152,"{""object_count"":1,""ordered_units"":[""fetch(bowl)"",""relocate(bowl,table)""],""plan_length"":5}","[""fetch"",""relocate""]","[""fetch""]",False,0.6666666666666666,False,0.5,1,1,1.0,True,False,False,False,unchanged_failure
ood,1153,"{""object_count"":2,""ordered_units"":[""fetch(bowl)"",""fetch(plate)"",""relocate(bowl,table)"",""relocate(plate,table)"",""multi_object_sequence(2)""],""plan_length"":8}","[""fetch"",""fetch"",""relocate"",""relocate""]","[""fetch""]",False,0.4,False,0.25,1,1,1.0,True,False,False,False,unchanged_failure
ood,1154,"{""object_count"":1,""ordered_units"":[""fetch(bowl)"",""relocate(bowl,table)""],""plan_length"":5}","[""fetch"",""relocate""]","[""state_change"",""state_change"",""relocate"",""relocate""]",False,0.3333333333333333,False,0.5,4,2,0.5,False,False,False,False,unchanged_failure
ood,1155,"{""object_count"":1,""ordered_units"":[""fetch(bowl)"",""relocate(bowl,table)""],""plan_length"":5}","[""fetch"",""relocate""]","[""fetch""]",False,0.6666666666666666,False,0.5,1,1,1.0,True,False,False,False,unchanged_failure
ood,1156,"{""object_count"":1,""ordered_units"":[""fetch(bowl)"",""relocate(bowl,table)""],""plan_length"":5}","[""fetch"",""relocate""]","[""fetch"",""fetch"",""relocate"",""relocate""]",False,0.6666666666666666,False,1.0,4,2,0.5,False,False,False,False,unchanged_failure
ood,1157,"{""object_count"":1,""ordered_units"":[""fetch(bowl)"",""relocate(bowl,table)""],""plan_length"":5}","[""fetch"",""relocate""]","[""fetch"",""fetch""]",False,0.5,False,0.5,2,1,0.5,False,False,False,False,unchanged_failure
ood,1158,"{""object_count"":1,""ordered_units"":[""fetch(plate)"",""relocate(plate,table)""],""plan_length"":5}","[""fetch"",""relocate""]","[""state_change"",""fetch"",""fetch"",""relocate""]",False,0.6666666666666666,False,1.0,4,3,0.75,False,False,False,False,unchanged_failure
ood,1159,"{""object_count"":2,""ordered_units"":[""fetch(bowl)"",""fetch(plate)"",""relocate(bowl,table)"",""relocate(plate,table)"",""multi_object_sequence(2)""],""plan_length"":8}","[""fetch"",""fetch"",""relocate"",""relocate""]","[""fetch"",""fetch"",""relocate""]",False,0.8571428571428571,False,0.75,3,2,0.6666666666666666,False,False,False,False,unchanged_failure
ood,1160,"{""object_count"":2,""ordered_units"":[""fetch(bowl)"",""fetch(plate)"",""relocate(bowl,table)"",""relocate(plate,table)"",""multi_object_sequence(2)""],""plan_length"":8}","[""fetch"",""fetch"",""relocate"",""relocate""]","[""state_change"",""state_change"",""state_change"",""fetch"",""fetch"",""relocate"",""relocate""]",False,0.7272727272727273,False,1.0,7,3,0.42857142857142855,False,False,False,False,unchanged_failure
ood,1161,"{""object_count"":2,""ordered_units"":[""fetch(bowl)"",""fetch(plate)"",""relocate(bowl,table)"",""relocate(plate,table)"",""multi_object_sequence(2)""],""plan_length"":8}","[""fetch"",""fetch"",""relocate"",""relocate""]","[""state_change"",""state_change"",""state_change"",""fetch"",""fetch"",""relocate"",""relocate""]",False,0.7272727272727273,False,1.0,7,3,0.42857142857142855,False,False,False,False,unchanged_failure
ood,1162,"{""object_count"":1,""ordered_units"":[""fetch(plate)"",""relocate(plate,table)""],""plan_length"":5}","[""fetch"",""relocate""]","[""state_change"",""fetch"",""relocate"",""fetch"",""relocate""]",False,0.5714285714285714,False,1.0,5,3,0.6,False,False,False,False,unchanged_failure
ood,1163,"{""object_count"":2,""ordered_units"":[""fetch(bowl)"",""fetch(plate)"",""relocate(bowl,table)"",""relocate(plate,table)"",""multi_object_sequence(2)""],""plan_length"":8}","[""fetch"",""fetch"",""relocate"",""relocate""]","[""state_change"",""fetch"",""relocate"",""fetch"",""relocate""]",False,0.8888888888888888,False,0.75,5,3,0.6,False,False,False,False,unchanged_failure
ood,1164,"{""object_count"":1,""ordered_units"":[""fetch(plate)"",""relocate(plate,table)""],""plan_length"":5}","[""fetch"",""relocate""]","[""fetch""]",False,0.6666666666666666,False,0.5,1,1,1.0,True,False,False,False,unchanged_failure
ood,1165,"{""object_count"":1,""ordered_units"":[""fetch(plate)"",""relocate(plate,table)""],""plan_length"":5}","[""fetch"",""relocate""]","[""fetch""]",False,0.6666666666666666,False,0.5,1,1,1.0,True,False,False,True,fix
ood,1166,"{""object_count"":1,""ordered_units"":[""fetch(bowl)"",""relocate(bowl,table)""],""plan_length"":5}","[""fetch"",""relocate""]","[""state_change"",""state_change"",""relocate"",""relocate""]",False,0.3333333333333333,False,0.5,4,2,0.5,False,False,False,False,unchanged_failure
ood,1167,"{""object_count"":1,""ordered_units"":[""fetch(bowl)"",""relocate(bowl,table)""],""plan_length"":5}","[""fetch"",""relocate""]","[""fetch""]",False,0.6666666666666666,False,0.5,1,1,1.0,True,False,False,False,unchanged_failure
ood,1168,"{""object_count"":1,""ordered_units"":[""fetch(bowl)"",""relocate(bowl,table)""],""plan_length"":5}","[""fetch"",""relocate""]","[""state_change"",""fetch"",""relocate""]",False,0.8,False,1.0,3,3,1.0,True,False,False,False,unchanged_failure
ood,1169,"{""object_count"":2,""ordered_units"":[""fetch(bowl)"",""fetch(plate)"",""relocate(bowl,table)"",""relocate(plate,table)"",""multi_object_sequence(2)""],""plan_length"":8}","[""fetch"",""fetch"",""relocate"",""relocate""]","[""fetch""]",False,0.4,False,0.25,1,1,1.0,True,False,False,False,unchanged_failure
ood,1170,"{""object_count"":2,""ordered_units"":[""fetch(bowl)"",""fetch(plate)"",""relocate(bowl,table)"",""relocate(plate,table)"",""multi_object_sequence(2)""],""plan_length"":8}","[""fetch"",""fetch"",""relocate"",""relocate""]","[""fetch"",""fetch"",""relocate""]",False,0.8571428571428571,False,0.75,3,2,0.6666666666666666,False,False,False,False,unchanged_failure
ood,1171,"{""object_count"":2,""ordered_units"":[""fetch(bowl)"",""fetch(plate)"",""relocate(bowl,table)"",""relocate(plate,table)"",""multi_object_sequence(2)""],""plan_length"":8}","[""fetch"",""fetch"",""relocate"",""relocate""]","[""state_change"",""state_change"",""state_change"",""relocate"",""relocate""]",False,0.4444444444444444,False,0.5,5,3,0.6,False,False,False,False,unchanged_failure
ood,1172,"{""object_count"":2,""ordered_units"":[""fetch(bowl)"",""fetch(plate)"",""relocate(bowl,table)"",""relocate(plate,table)"",""multi_object_sequence(2)""],""plan_length"":8}","[""fetch"",""fetch"",""relocate"",""relocate""]","[""fetch"",""fetch"",""relocate""]",False,0.8571428571428571,False,0.75,3,2,0.6666666666666666,False,False,False,False,unchanged_failure
ood,1173,"{""object_count"":1,""ordered_units"":[""fetch(bowl)"",""relocate(bowl,table)""],""plan_length"":5}","[""fetch"",""relocate""]","[""state_change"",""fetch"",""relocate""]",False,0.8,False,1.0,3,3,1.0,True,False,False,False,unchanged_failure
ood,1174,"{""object_count"":1,""ordered_units"":[""fetch(bowl)"",""relocate(bowl,table)""],""plan_length"":5}","[""fetch"",""relocate""]","[""fetch""]",False,0.6666666666666666,False,0.5,1,1,1.0,True,False,False,False,unchanged_failure
ood,1175,"{""object_count"":1,""ordered_units"":[""fetch(plate)"",""relocate(plate,table)""],""plan_length"":5}","[""fetch"",""relocate""]","[""state_change"",""state_change"",""fetch"",""relocate""]",False,0.6666666666666666,False,1.0,4,1,0.25,False,False,True,False,regression
ood,1176,"{""object_count"":1,""ordered_units"":[""fetch(plate)"",""relocate(plate,table)""],""plan_length"":5}","[""fetch"",""relocate""]","[""fetch""]",False,0.6666666666666666,False,0.5,1,1,1.0,True,False,False,False,unchanged_failure
ood,1177,"{""object_count"":1,""ordered_units"":[""fetch(plate)"",""relocate(plate,table)""],""plan_length"":5}","[""fetch"",""relocate""]","[""state_change"",""fetch"",""relocate"",""fetch"",""relocate""]",False,0.5714285714285714,False,1.0,5,3,0.6,False,False,False,False,unchanged_failure
ood,1178,"{""object_count"":2,""ordered_units"":[""fetch(bowl)"",""fetch(plate)"",""relocate(bowl,table)"",""relocate(plate,table)"",""multi_object_sequence(2)""],""plan_length"":8}","[""fetch"",""fetch"",""relocate"",""relocate""]","[""state_change"",""state_change"",""relocate"",""relocate""]",False,0.5,False,0.5,4,2,0.5,False,False,False,False,unchanged_failure
ood,1179,"{""object_count"":1,""ordered_units"":[""fetch(bowl)"",""relocate(bowl,table)""],""plan_length"":5}","[""fetch"",""relocate""]","[""state_change"",""state_change"",""relocate"",""relocate""]",False,0.3333333333333333,False,0.5,4,2,0.5,False,False,False,False,unchanged_failure
ood,1180,"{""object_count"":1,""ordered_units"":[""fetch(plate)"",""relocate(plate,table)""],""plan_length"":5}","[""fetch"",""relocate""]","[""state_change"",""fetch"",""relocate"",""fetch"",""relocate""]",False,0.5714285714285714,False,1.0,5,3,0.6,False,False,False,False,unchanged_failure
ood,1181,"{""object_count"":1,""ordered_units"":[""fetch(bowl)"",""relocate(bowl,table)""],""plan_length"":5}","[""fetch"",""relocate""]","[""fetch""]",False,0.6666666666666666,False,0.5,1,1,1.0,True,False,False,False,unchanged_failure
ood,1182,"{""object_count"":2,""ordered_units"":[""fetch(bowl)"",""fetch(plate)"",""relocate(bowl,table)"",""relocate(plate,table)"",""multi_object_sequence(2)""],""plan_length"":8}","[""fetch"",""fetch"",""relocate"",""relocate""]","[""state_change"",""fetch"",""relocate"",""fetch"",""relocate""]",False,0.8888888888888888,False,0.75,5,3,0.6,False,False,False,False,unchanged_failure
ood,1183,"{""object_count"":1,""ordered_units"":[""fetch(plate)"",""relocate(plate,table)""],""plan_length"":5}","[""fetch"",""relocate""]","[""fetch""]",False,0.6666666666666666,False,0.5,1,1,1.0,True,False,False,False,unchanged_failure
ood,1184,"{""object_count"":2,""ordered_units"":[""fetch(bowl)"",""fetch(plate)"",""relocate(bowl,table)"",""relocate(plate,table)"",""multi_object_sequence(2)""],""plan_length"":8}","[""fetch"",""fetch"",""relocate"",""relocate""]","[""state_change"",""fetch"",""relocate"",""fetch"",""relocate""]",False,0.8888888888888888,False,0.75,5,3,0.6,False,False,False,False,unchanged_failure
ood,1185,"{""object_count"":1,""ordered_units"":[""fetch(bowl)"",""relocate(bowl,table)""],""plan_length"":5}","[""fetch"",""relocate""]","[""state_change"",""fetch"",""relocate""]",False,0.8,False,1.0,3,3,1.0,True,False,False,False,unchanged_failure
ood,1186,"{""object_count"":1,""ordered_units"":[""fetch(plate)"",""relocate(plate,table)""],""plan_length"":5}","[""fetch"",""relocate""]","[""fetch""]",False,0.6666666666666666,False,0.5,1,1,1.0,True,False,False,False,unchanged_failure
ood,1187,"{""object_count"":2,""ordered_units"":[""fetch(bowl)"",""fetch(plate)"",""relocate(bowl,table)"",""relocate(plate,table)"",""multi_object_sequence(2)""],""plan_length"":8}","[""fetch"",""fetch"",""relocate"",""relocate""]","[""fetch"",""fetch"",""relocate""]",False,0.8571428571428571,False,0.75,3,2,0.6666666666666666,False,False,False,False,unchanged_failure
ood,1188,"{""object_count"":1,""ordered_units"":[""fetch(bowl)"",""relocate(bowl,table)""],""plan_length"":5}","[""fetch"",""relocate""]","[""state_change"",""state_change"",""relocate"",""relocate""]",False,0.3333333333333333,False,0.5,4,2,0.5,False,False,False,False,unchanged_failure
ood,1189,"{""object_count"":2,""ordered_units"":[""fetch(bowl)"",""fetch(plate)"",""relocate(bowl,table)"",""relocate(plate,table)"",""multi_object_sequence(2)""],""plan_length"":8}","[""fetch"",""fetch"",""relocate"",""relocate""]","[""fetch""]",False,0.4,False,0.25,1,0,0.0,False,False,False,False,unchanged_failure
ood,1190,"{""object_count"":1,""ordered_units"":[""fetch(plate)"",""relocate(plate,table)""],""plan_length"":5}","[""fetch"",""relocate""]","[""fetch""]",False,0.6666666666666666,False,0.5,1,1,1.0,True,False,False,False,unchanged_failure
ood,1191,"{""object_count"":1,""ordered_units"":[""fetch(plate)"",""relocate(plate,table)""],""plan_length"":5}","[""fetch"",""relocate""]","[""state_change"",""fetch"",""fetch"",""relocate""]",False,0.6666666666666666,False,1.0,4,3,0.75,False,False,False,False,unchanged_failure
ood,1192,"{""object_count"":1,""ordered_units"":[""fetch(bowl)"",""relocate(bowl,table)""],""plan_length"":5}","[""fetch"",""relocate""]","[""state_change"",""state_change"",""relocate"",""relocate""]",False,0.3333333333333333,False,0.5,4,2,0.5,False,False,False,False,unchanged_failure
ood,1193,"{""object_count"":2,""ordered_units"":[""fetch(bowl)"",""fetch(plate)"",""relocate(bowl,table)"",""relocate(plate,table)"",""multi_object_sequence(2)""],""plan_length"":8}","[""fetch"",""fetch"",""relocate"",""relocate""]","[""fetch""]",False,0.4,False,0.25,1,1,1.0,True,False,False,False,unchanged_failure
ood,1194,"{""object_count"":1,""ordered_units"":[""fetch(bowl)"",""relocate(bowl,table)""],""plan_length"":5}","[""fetch"",""relocate""]","[""state_change"",""state_change"",""relocate"",""relocate""]",False,0.3333333333333333,False,0.5,4,2,0.5,False,False,False,False,unchanged_failure
ood,1195,"{""object_count"":2,""ordered_units"":[""fetch(bowl)"",""fetch(plate)"",""relocate(bowl,table)"",""relocate(plate,table)"",""multi_object_sequence(2)""],""plan_length"":8}","[""fetch"",""fetch"",""relocate"",""relocate""]","[""fetch"",""fetch"",""relocate""]",False,0.8571428571428571,False,0.75,3,2,0.6666666666666666,False,False,False,False,unchanged_failure
ood,1196,"{""object_count"":1,""ordered_units"":[""fetch(bowl)"",""relocate(bowl,table)""],""plan_length"":5}","[""fetch"",""relocate""]","[""fetch"",""fetch""]",False,0.5,False,0.5,2,2,1.0,True,False,False,False,unchanged_failure
ood,1197,"{""object_count"":2,""ordered_units"":[""fetch(bowl)"",""fetch(plate)"",""relocate(bowl,table)"",""relocate(plate,table)"",""multi_object_sequence(2)""],""plan_length"":8}","[""fetch"",""fetch"",""relocate"",""relocate""]","[""state_change""]",False,0.0,False,0.0,1,1,1.0,True,False,False,False,unchanged_failure
ood,1198,"{""object_count"":1,""ordered_units"":[""fetch(plate)"",""relocate(plate,table)""],""plan_length"":5}","[""fetch"",""relocate""]","[""state_change"",""state_change"",""fetch"",""relocate""]",False,0.6666666666666666,False,1.0,4,1,0.25,False,False,False,False,unchanged_failure
ood,1199,"{""object_count"":2,""ordered_units"":[""fetch(bowl)"",""fetch(plate)"",""relocate(bowl,table)"",""relocate(plate,table)"",""multi_object_sequence(2)""],""plan_length"":8}","[""fetch"",""fetch"",""relocate"",""relocate""]","[""state_change"",""state_change"",""state_change"",""fetch"",""fetch"",""relocate"",""relocate""]",False,0.7272727272727273,False,1.0,7,3,0.42857142857142855,False,False,False,False,unchanged_failure
ood,1200,"{""object_count"":2,""ordered_units"":[""fetch(bowl)"",""fetch(plate)"",""relocate(bowl,table)"",""relocate(plate,table)"",""multi_object_sequence(2)""],""plan_length"":8}","[""fetch"",""fetch"",""relocate"",""relocate""]","[""state_change"",""state_change"",""relocate"",""relocate""]",False,0.5,False,0.5,4,2,0.5,False,False,False,False,unchanged_failure
ood,1201,"{""object_count"":2,""ordered_units"":[""fetch(bowl)"",""fetch(plate)"",""relocate(bowl,table)"",""relocate(plate,table)"",""multi_object_sequence(2)""],""plan_length"":8}","[""fetch"",""fetch"",""relocate"",""relocate""]","[""state_change"",""state_change"",""relocate"",""relocate""]",False,0.5,False,0.5,4,2,0.5,False,False,False,False,unchanged_failure
ood,1202,"{""object_count"":2,""ordered_units"":[""fetch(bowl)"",""fetch(plate)"",""relocate(bowl,table)"",""relocate(plate,table)"",""multi_object_sequence(2)""],""plan_length"":8}","[""fetch"",""fetch"",""relocate"",""relocate""]","[""fetch""]",False,0.4,False,0.25,1,1,1.0,True,False,False,False,unchanged_failure
ood,1203,"{""object_count"":2,""ordered_units"":[""fetch(bowl)"",""fetch(plate)"",""relocate(bowl,table)"",""relocate(plate,table)"",""multi_object_sequence(2)""],""plan_length"":8}","[""fetch"",""fetch"",""relocate"",""relocate""]","[""state_change"",""state_change"",""state_change"",""fetch"",""fetch"",""relocate"",""relocate""]",False,0.7272727272727273,False,1.0,7,3,0.42857142857142855,False,False,False,False,unchanged_failure
ood,1204,"{""object_count"":1,""ordered_units"":[""fetch(bowl)"",""relocate(bowl,table)""],""plan_length"":5}","[""fetch"",""relocate""]","[""fetch""]",False,0.6666666666666666,False,0.5,1,1,1.0,True,False,False,False,unchanged_failure
ood,1205,"{""object_count"":2,""ordered_units"":[""fetch(bowl)"",""fetch(plate)"",""relocate(bowl,table)"",""relocate(plate,table)"",""multi_object_sequence(2)""],""plan_length"":8}","[""fetch"",""fetch"",""relocate"",""relocate""]","[""state_change""]",False,0.0,False,0.0,1,1,1.0,True,False,False,False,unchanged_failure
ood,1206,"{""object_count"":1,""ordered_units"":[""fetch(bowl)"",""relocate(bowl,table)""],""plan_length"":5}","[""fetch"",""relocate""]","[""fetch"",""fetch""]",False,0.5,False,0.5,2,1,0.5,False,False,False,False,unchanged_failure
ood,1207,"{""object_count"":2,""ordered_units"":[""fetch(bowl)"",""fetch(plate)"",""relocate(bowl,table)"",""relocate(plate,table)"",""multi_object_sequence(2)""],""plan_length"":8}","[""fetch"",""fetch"",""relocate"",""relocate""]","[""state_change"",""state_change"",""relocate"",""relocate""]",False,0.5,False,0.5,4,2,0.5,False,False,False,False,unchanged_failure
ood,1208,"{""object_count"":1,""ordered_units"":[""fetch(bowl)"",""relocate(bowl,table)""],""plan_length"":5}","[""fetch"",""relocate""]","[""fetch""]",False,0.6666666666666666,False,0.5,1,1,1.0,True,False,False,False,unchanged_failure
ood,1209,"{""object_count"":1,""ordered_units"":[""fetch(bowl)"",""relocate(bowl,table)""],""plan_length"":5}","[""fetch"",""relocate""]","[""fetch"",""fetch"",""relocate"",""relocate""]",False,0.6666666666666666,False,1.0,4,2,0.5,False,False,False,False,unchanged_failure
ood,1210,"{""object_count"":2,""ordered_units"":[""fetch(bowl)"",""fetch(plate)"",""relocate(bowl,table)"",""relocate(plate,table)"",""multi_object_sequence(2)""],""plan_length"":8}","[""fetch"",""fetch"",""relocate"",""relocate""]","[""state_change"",""state_change"",""state_change"",""fetch"",""fetch"",""relocate"",""relocate""]",False,0.7272727272727273,False,1.0,7,3,0.42857142857142855,False,False,False,False,unchanged_failure
ood,1211,"{""object_count"":2,""ordered_units"":[""fetch(bowl)"",""fetch(plate)"",""relocate(bowl,table)"",""relocate(plate,table)"",""multi_object_sequence(2)""],""plan_length"":8}","[""fetch"",""fetch"",""relocate"",""relocate""]","[""state_change"",""fetch"",""relocate"",""fetch"",""relocate""]",False,0.8888888888888888,False,0.75,5,3,0.6,False,False,False,False,unchanged_failure
ood,1212,"{""object_count"":1,""ordered_units"":[""fetch(plate)"",""relocate(plate,table)""],""plan_length"":5}","[""fetch"",""relocate""]","[""fetch""]",False,0.6666666666666666,False,0.5,1,1,1.0,True,False,False,False,unchanged_failure
ood,1213,"{""object_count"":1,""ordered_units"":[""fetch(bowl)"",""relocate(bowl,table)""],""plan_length"":5}","[""fetch"",""relocate""]","[""fetch"",""fetch""]",False,0.5,False,0.5,2,1,0.5,False,False,False,False,unchanged_failure
ood,1214,"{""object_count"":1,""ordered_units"":[""fetch(plate)"",""relocate(plate,table)""],""plan_length"":5}","[""fetch"",""relocate""]","[""fetch"",""relocate""]",True,1.0,True,1.0,2,0,0.0,False,False,False,False,unchanged_failure
ood,1215,"{""object_count"":1,""ordered_units"":[""fetch(plate)"",""relocate(plate,table)""],""plan_length"":5}","[""fetch"",""relocate""]","[""state_change"",""state_change"",""state_change"",""relocate"",""relocate""]",False,0.2857142857142857,False,0.5,5,3,0.6,False,False,False,False,unchanged_failure
ood,1216,"{""object_count"":1,""ordered_units"":[""fetch(bowl)"",""relocate(bowl,table)""],""plan_length"":5}","[""fetch"",""relocate""]","[""fetch"",""fetch""]",False,0.5,False,0.5,2,2,1.0,True,False,False,False,unchanged_failure
ood,1217,"{""object_count"":1,""ordered_units"":[""fetch(bowl)"",""relocate(bowl,table)""],""plan_length"":5}","[""fetch"",""relocate""]","[""fetch""]",False,0.6666666666666666,False,0.5,1,1,1.0,True,False,False,False,unchanged_failure
