index,subgoal_position,predicted_subgoal,predicted_primitive_kind,matched_skill_name,injected_instance_ids,injected_unit_kinds,retrieval_hit,channel
0,0,find_non_table_item,fetch,inspect_table,"[""1700:0"",""1958:0""]","[""fetch"",""state_change""]",True,ood
0,1,move_to_non_table_item,,move_to_table,"[""1210:1"",""2918:1""]","[""relocate""]",,ood
0,2,pick_non_table_item,fetch,move_to_table,"[""3979:1""]","[""relocate""]",False,ood
0,3,move_to_table,,move_to_table,[],[],,ood
0,4,place_non_table_item_on_table,relocate,place_on_table,"[""3156:2""]","[""multi_object_sequence"",""relocate""]",True,ood
1,0,check_table_for_bowl_and_plate,state_change,check_table,"[""1502:0"",""1663:0""]","[""fetch"",""state_change""]",True,ood
1,1,if_bowl_missing_get_bowl,fetch,fetch_bowl,"[""1488:0"",""2686:0""]","[""fetch"",""state_change""]",True,ood
1,2,if_plate_missing_get_plate,fetch,set_plate,"[""5528:0"",""2966:0""]","[""fetch"",""state_change""]",True,ood
1,3,place_missing_dish_on_table,relocate,place_plate_on_kitchen_island,[],[],False,ood
2,0,check_table_for_bowl_0,state_change,check_table,"[""1039:0"",""1737:0""]","[""fetch"",""state_change""]",True,ood
2,1,check_table_for_plate_0,state_change,check_table,"[""2239:0"",""6057:0""]","[""fetch"",""state_change""]",True,ood
2,2,deliver_bowl_0_if_missing,relocate,fetch_bowl,"[""1488:0"",""2686:0""]","[""fetch"",""state_change""]",False,ood
2,3,deliver_plate_0_if_missing,relocate,place_plate,[],[],False,ood
3,0,inspect_table,state_change,inspect_table,"[""1700:0"",""1958:0""]","[""fetch"",""state_change""]",True,ood
3,1,fetch_bowl_0,fetch,fetch_bowl,"[""4764:0"",""1488:0""]","[""fetch"",""state_change""]",True,ood
3,2,place_bowl_0_on_table,relocate,place_bowl,"[""4764:1"",""1488:2""]","[""fetch"",""multi_object_sequence"",""open_container_then_retrieve"",""relocate""]",True,ood
3,3,fetch_plate_0,fetch,place_plate,[],[],False,ood
3,4,place_plate_0_on_table,relocate,place_on_plate,[],[],False,ood
4,0,examine_table,,inspect_table,"[""1700:0"",""1958:0""]","[""fetch"",""state_change""]",,ood
4,1,find_single_dish,fetch,fetch_bowl,"[""4764:0"",""1488:0""]","[""fetch"",""state_change""]",True,ood
4,2,supply_missing_dish,,fetch_bowl,"[""2686:0""]","[""fetch"",""state_change""]",,ood
4,3,position_both_dishes,,place_plate_on_kitchen_island,"[""1484:1""]","[""relocate""]",,ood
5,0,find_non_table_item,fetch,inspect_table,"[""1700:0"",""1958:0""]","[""fetch"",""state_change""]",True,ood
5,1,move_to_non_table_item,,move_to_table,"[""1210:1"",""2918:1""]","[""relocate""]",,ood
5,2,pick_non_table_item,fetch,move_to_table,"[""3979:1""]","[""relocate""]",False,ood
5,3,move_to_table,,move_to_table,[],[],,ood
5,4,place_non_table_item_on_table,relocate,place_on_table,"[""3156:2""]","[""multi_object_sequence"",""relocate""]",True,ood
6,0,observe_table,,inspect_table,"[""1700:0"",""1958:0""]","[""fetch"",""state_change""]",,ood
6,1,observe_kitchen_work_area,,navigate_to_kitchen_island,"[""1484:0""]","[""fetch"",""state_change""]",,ood
6,2,pick_bowl_0,fetch,fetch_bowl,"[""1488:0"",""2686:0""]","[""fetch"",""state_change""]",True,ood
6,3,pick_plate_0,fetch,place_plate,"[""3266:2""]","[""relocate""]",False,ood
7,0,scan_table,,scan_table,"[""5235:0"",""1209:0""]","[""fetch"",""state_change""]",,ood
7,1,check_for_bowl,state_change,fetch_bowl,"[""4764:0"",""1488:0""]","[""fetch"",""state_change""]",True,ood
7,2,check_for_plate,state_change,set_plate,"[""7118:0"",""911:0""]","[""fetch"",""state_change""]",True,ood
7,3,place_bowl_on_table,relocate,place_on_table,[],[],False,ood
7,4,place_plate_on_table,relocate,place_on_plate,[],[],False,ood
8,0,observe_table_for_bowl_0,,inspect_table,"[""1700:0"",""1958:0""]","[""fetch"",""state_change""]",,ood
8,1,observe_table_for_plate_0,,inspect_table,"[""3510:0"",""3156:1""]","[""fetch"",""open_container_then_retrieve"",""relocate"",""state_change""]",,ood
8,2,bring_along_undetected_bowl_or_plate,relocate,place_on_plate,"[""5169:2""]","[""relocate""]",True,ood
9,0,glance_at_table,,inspect_table,"[""1633:0"",""2098:0""]","[""fetch"",""state_change""]",,ood
9,1,confirm_one_bowl_and_one_plate,,place_bowl,"[""2501:1"",""1488:2""]","[""fetch"",""multi_object_sequence"",""open_container_then_retrieve"",""relocate""]",,ood
9,2,fetch_absent_dish,fetch,fetch_bowl,"[""1488:0"",""2686:0""]","[""fetch"",""state_change""]",True,ood
10,0,survey_table,state_change,survey_table,"[""1173:0"",""2647:0""]","[""fetch"",""state_change""]",True,ood
10,1,identify_missing_item,,fetch_missing_fruit,"[""1207:1"",""2444:1""]","[""fetch"",""open_container_then_retrieve"",""relocate""]",,ood
10,2,carry_missing_item_to_table,,move_to_table,"[""1210:1"",""2918:1""]","[""relocate""]",,ood
11,0,glance_at_table,,inspect_table,"[""1633:0"",""2098:0""]","[""fetch"",""state_change""]",,ood
11,1,confirm_bowl_and_plate,,place_bowl,"[""1488:2"",""2686:2""]","[""fetch"",""multi_object_sequence"",""open_container_then_retrieve"",""relocate""]",,ood
11,2,fetch_absent_dish,fetch,fetch_bowl,"[""1488:0"",""2686:0""]","[""fetch"",""state_change""]",True,ood
12,0,survey_table,state_change,survey_table,"[""1173:0"",""2647:0""]","[""fetch"",""state_change""]",True,ood
12,1,identify_missing_item,,fetch_missing_fruit,"[""1207:1"",""2444:1""]","[""fetch"",""open_container_then_retrieve"",""relocate""]",,ood
12,2,carry_missing_item_to_table,,move_to_table,"[""1210:1"",""2918:1""]","[""relocate""]",,ood
13,0,survey_kitchen_work_area,state_change,navigate_to_kitchen_island,"[""1484:0""]","[""fetch"",""state_change""]",True,ood
13,1,identify_missing_item,,fetch_missing_fruit,"[""1207:1"",""2444:1""]","[""fetch"",""open_container_then_retrieve"",""relocate""]",,ood
13,2,carry_missing_item_to_table,,move_to_table,"[""1210:1"",""2918:1""]","[""relocate""]",,ood
14,0,observe_table,,inspect_table,"[""1700:0"",""1958:0""]","[""fetch"",""state_change""]",,ood
14,1,observe_kitchen_work_area,,navigate_to_kitchen_island,"[""1484:0""]","[""fetch"",""state_change""]",,ood
14,2,decide_missing_object,,inspect_object,"[""6838:1"",""1367:1""]","[""state_change""]",,ood
14,3,fetch_missing_object,fetch,fetch_object,"[""6411:0""]","[""fetch""]",True,ood
15,0,survey_table,state_change,survey_table,"[""1173:0"",""2647:0""]","[""fetch"",""state_change""]",True,ood
15,1,identify_missing_item,,fetch_missing_fruit,"[""1207:1"",""2444:1""]","[""fetch"",""open_container_then_retrieve"",""relocate""]",,ood
15,2,carry_missing_item_to_table,,move_to_table,"[""1210:1"",""2918:1""]","[""relocate""]",,ood
16,0,check_table_for_bowl_and_plate,state_change,check_table,"[""1502:0"",""1663:0""]","[""fetch"",""state_change""]",True,ood
16,1,if_bowl_missing_get_bowl,fetch,fetch_bowl,"[""1488:0"",""2686:0""]","[""fetch"",""state_change""]",True,ood
16,2,if_plate_missing_get_plate,fetch,set_plate,"[""5528:0"",""2966:0""]","[""fetch"",""state_change""]",True,ood
16,3,place_missing_dish_on_table,relocate,place_plate_on_kitchen_island,[],[],False,ood
17,0,glance_at_table,,inspect_table,"[""1633:0"",""2098:0""]","[""fetch"",""state_change""]",,ood
17,1,confirm_one_bowl_and_one_plate,,place_bowl,"[""2501:1"",""1488:2""]","[""fetch"",""multi_object_sequence"",""open_container_then_retrieve"",""relocate""]",,ood
17,2,fetch_absent_dish,fetch,fetch_bowl,"[""1488:0"",""2686:0""]","[""fetch"",""state_change""]",True,ood
18,0,examine_table,,inspect_table,"[""1700:0"",""1958:0""]","[""fetch"",""state_change""]",,ood
18,1,find_single_dish,fetch,fetch_bowl,"[""4764:0"",""1488:0""]","[""fetch"",""state_change""]",True,ood
18,2,supply_missing_dish,,fetch_bowl,"[""2686:0""]","[""fetch"",""state_change""]",,ood
18,3,position_both_dishes,,place_plate_on_kitchen_island,"[""1484:1""]","[""relocate""]",,ood
19,0,examine_kitchen_work_area,,navigate_to_kitchen_island,"[""1484:0""]","[""fetch"",""state_change""]",,ood
19,1,find_single_dish,fetch,fetch_bowl,"[""4764:0"",""1488:0""]","[""fetch"",""state_change""]",True,ood
19,2,supply_missing_dish,,fetch_bowl,"[""2686:0""]","[""fetch"",""state_change""]",,ood
20,0,examine_table,,inspect_table,"[""1700:0"",""1958:0""]","[""fetch"",""state_change""]",,ood
20,1,find_single_dish,fetch,fetch_bowl,"[""4764:0"",""1488:0""]","[""fetch"",""state_change""]",True,ood
20,2,supply_other_dish,,place_on_plate,"[""5169:2""]","[""relocate""]",,ood
20,3,position_both_dishes,,place_plate_on_kitchen_island,"[""1484:1""]","[""relocate""]",,ood
21,0,glance_at_table,,inspect_table,"[""1633:0"",""2098:0""]","[""fetch"",""state_change""]",,ood
21,1,confirm_one_bowl_and_one_plate,,place_bowl,"[""1488:2"",""2686:2""]","[""fetch"",""multi_object_sequence"",""open_container_then_retrieve"",""relocate""]",,ood
21,2,fetch_absent_dish,fetch,fetch_bowl,"[""1488:0"",""2686:0""]","[""fetch"",""state_change""]",True,ood
22,0,survey_kitchen_work_area,state_change,navigate_to_kitchen_island,"[""1484:0""]","[""fetch"",""state_change""]",True,ood
22,1,identify_missing_item,,fetch_missing_fruit,"[""1207:1"",""2444:1""]","[""fetch"",""open_container_then_retrieve"",""relocate""]",,ood
22,2,carry_missing_item_to_table,,move_to_table,"[""1210:1"",""2918:1""]","[""relocate""]",,ood
23,0,observe_table,,inspect_table,"[""1700:0"",""1958:0""]","[""fetch"",""state_change""]",,ood
23,1,observe_kitchen_work_area,,navigate_to_kitchen_island,"[""1484:0""]","[""fetch"",""state_change""]",,ood
23,2,decide_missing_object,,inspect_object,"[""6838:1"",""1367:1""]","[""state_change""]",,ood
23,3,fetch_missing_object,fetch,fetch_object,"[""6411:0""]","[""fetch""]",True,ood
24,0,scan_table,,scan_table,"[""5235:0"",""1209:0""]","[""fetch"",""state_change""]",,ood
24,1,check_bowl_presence,state_change,place_bowl,"[""3697:1"",""6464:1""]","[""multi_object_sequence"",""relocate""]",False,ood
24,2,check_plate_presence,state_change,place_plate,"[""3266:2"",""5679:2""]","[""relocate""]",False,ood
24,3,place_bowl_if_needed,relocate,place_bowl,[],[],False,ood
24,4,place_plate_if_needed,relocate,place_plate,[],[],False,ood
25,0,find_non_resting_bowl_or_plate,fetch,place_bowl,"[""4764:1"",""1488:2""]","[""fetch"",""multi_object_sequence"",""open_container_then_retrieve"",""relocate""]",True,ood
25,1,move_to_non_resting_bowl_or_plate,,place_on_plate,"[""5169:2""]","[""relocate""]",,ood
25,2,pick_non_resting_bowl_or_plate,fetch,place_on_plate,[],[],False,ood
25,3,move_to_table,,move_to_table,"[""1210:1"",""2918:1""]","[""relocate""]",,ood
25,4,place_bowl_or_plate_on_table,relocate,place_plate_on_kitchen_island,"[""1484:1""]","[""relocate""]",True,ood
26,0,scan_table,,scan_table,"[""5235:0"",""1209:0""]","[""fetch"",""state_change""]",,ood
26,1,check_bowl_presence,state_change,place_bowl,"[""3697:1"",""6464:1""]","[""multi_object_sequence"",""relocate""]",False,ood
26,2,check_plate_presence,state_change,place_plate,"[""3266:2"",""5679:2""]","[""relocate""]",False,ood
26,3,place_bowl_if_needed,relocate,place_bowl,[],[],False,ood
26,4,place_plate_if_needed,relocate,place_plate,[],[],False,ood
27,0,observe_table,,inspect_table,"[""1700:0"",""1958:0""]","[""fetch"",""state_change""]",,ood
27,1,observe_kitchen_work_area,,navigate_to_kitchen_island,"[""1484:0""]","[""fetch"",""state_change""]",,ood
27,2,decide_missing_object,,inspect_object,"[""6838:1"",""1367:1""]","[""state_change""]",,ood
27,3,fetch_missing_object,fetch,fetch_object,"[""6411:0""]","[""fetch""]",True,ood
28,0,glance_at_table,,inspect_table,"[""1633:0"",""2098:0""]","[""fetch"",""state_change""]",,ood
28,1,confirm_one_bowl_and_one_plate,,place_bowl,"[""1488:2"",""2686:2""]","[""fetch"",""multi_object_sequence"",""open_container_then_retrieve"",""relocate""]",,ood
28,2,fetch_absent_dish,fetch,fetch_bowl,"[""1488:0"",""2686:0""]","[""fetch"",""state_change""]",True,ood
29,0,check_table_for_bowl_and_plate,state_change,check_table,"[""1502:0"",""1663:0""]","[""fetch"",""state_change""]",True,ood
29,1,if_bowl_missing_get_bowl,fetch,fetch_bowl,"[""1488:0"",""2686:0""]","[""fetch"",""state_change""]",True,ood
29,2,if_plate_missing_get_plate,fetch,set_plate,"[""5528:0"",""2966:0""]","[""fetch"",""state_change""]",True,ood
29,3,place_missing_dish_on_table,relocate,place_plate_on_kitchen_island,[],[],False,ood
30,0,glance_at_table,,inspect_table,"[""1633:0"",""2098:0""]","[""fetch"",""state_change""]",,ood
30,1,confirm_bowl_and_plate,,place_bowl,"[""1488:2"",""2686:2""]","[""fetch"",""multi_object_sequence"",""open_container_then_retrieve"",""relocate""]",,ood
30,2,fetch_absent_dish,fetch,fetch_bowl,"[""1488:0"",""2686:0""]","[""fetch"",""state_change""]",True,ood
31,0,glance_at_table,,inspect_table,"[""1633:0"",""2098:0""]","[""fetch"",""state_change""]",,ood
31,1,confirm_one_bowl_and_one_plate,,place_bowl,"[""1488:2"",""2686:2""]","[""fetch"",""multi_object_sequence"",""open_container_then_retrieve"",""relocate""]",,ood
31,2,fetch_absent_dish,fetch,fetch_bowl,"[""1488:0"",""2686:0""]","[""fetch"",""state_change""]",True,ood
32,0,survey_kitchen_work_area,state_change,navigate_to_kitchen_island,"[""1484:0""]","[""fetch"",""state_change""]",True,ood
32,1,identify_missing_item,,fetch_missing_fruit,"[""1207:1"",""2444:1""]","[""fetch"",""open_container_then_retrieve"",""relocate""]",,ood
32,2,carry_missing_item_to_table,,move_to_table,"[""1210:1"",""2918:1""]","[""relocate""]",,ood
33,0,check_table_for_bowl_and_plate,state_change,check_table,"[""1039:0"",""1737:0""]","[""fetch"",""state_change""]",True,ood
33,1,check_if_bowl_is_missing,state_change,fetch_bowl,"[""1488:0"",""2686:0""]","[""fetch"",""state_change""]",True,ood
33,2,check_if_plate_is_missing,state_change,set_plate,"[""7118:0"",""911:0""]","[""fetch"",""state_change""]",True,ood
33,3,deliver_missing_bowl,relocate,fetch_bowl,[],[],False,ood
33,4,deliver_missing_plate,relocate,place_plate,[],[],False,ood
34,0,glance_at_table,,inspect_table,"[""1633:0"",""2098:0""]","[""fetch"",""state_change""]",,ood
34,1,confirm_one_bowl_and_one_plate,,place_bowl,"[""1488:2"",""2686:2""]","[""fetch"",""multi_object_sequence"",""open_container_then_retrieve"",""relocate""]",,ood
34,2,fetch_absent_dish,fetch,fetch_bowl,"[""1488:0"",""2686:0""]","[""fetch"",""state_change""]",True,ood
35,0,check_table_for_bowl_0,state_change,check_table,"[""1039:0"",""1737:0""]","[""fetch"",""state_change""]",True,ood
35,1,check_table_for_plate_0,state_change,check_table,"[""2239:0"",""6057:0""]","[""fetch"",""state_change""]",True,ood
35,2,deliver_bowl_0_if_missing,relocate,fetch_bowl,"[""1488:0"",""2686:0""]","[""fetch"",""state_change""]",False,ood
35,3,deliver_plate_0_if_missing,relocate,place_plate,[],[],False,ood
36,0,check_table_for_bowl_and_plate,state_change,check_table,"[""1502:0"",""1663:0""]","[""fetch"",""state_change""]",True,ood
36,1,if_bowl_missing_get_bowl,fetch,fetch_bowl,"[""1488:0"",""2686:0""]","[""fetch"",""state_change""]",True,ood
36,2,if_plate_missing_get_plate,fetch,set_plate,"[""5528:0"",""2966:0""]","[""fetch"",""state_change""]",True,ood
36,3,place_missing_dish_on_table,relocate,place_plate_on_kitchen_island,[],[],False,ood
37,0,look_over_table,,inspect_table,"[""1700:0"",""1958:0""]","[""fetch"",""state_change""]",,ood
37,1,check_bowl_0_location,state_change,place_bowl,"[""1488:2"",""2686:2""]","[""fetch"",""multi_object_sequence"",""open_container_then_retrieve"",""relocate""]",False,ood
37,2,check_plate_0_location,state_change,place_plate,"[""1379:0"",""4075:0""]","[""fetch"",""state_change""]",True,ood
37,3,get_missing_item,fetch,fetch_missing_fruit,[],[],False,ood
37,4,place_item_on_table,relocate,place_on_table,[],[],False,ood
38,0,examine_kitchen_work_area,,navigate_to_kitchen_island,"[""1484:0""]","[""fetch"",""state_change""]",,ood
38,1,find_single_dish,fetch,fetch_bowl,"[""4764:0"",""1488:0""]","[""fetch"",""state_change""]",True,ood
38,2,supply_missing_dish,,fetch_bowl,"[""2686:0""]","[""fetch"",""state_change""]",,ood
39,0,scan_table,,scan_table,"[""5235:0"",""1209:0""]","[""fetch"",""state_change""]",,ood
39,1,check_for_bowl,state_change,fetch_bowl,"[""4764:0"",""1488:0""]","[""fetch"",""state_change""]",True,ood
39,2,check_for_plate,state_change,set_plate,"[""7118:0"",""911:0""]","[""fetch"",""state_change""]",True,ood
39,3,place_bowl_on_table,relocate,place_on_table,[],[],False,ood
39,4,place_plate_on_table,relocate,place_on_plate,[],[],False,ood
40,0,scan_table,,scan_table,"[""5235:0"",""1209:0""]","[""fetch"",""state_change""]",,ood
40,1,check_for_bowl,state_change,fetch_bowl,"[""4764:0"",""1488:0""]","[""fetch"",""state_change""]",True,ood
40,2,check_for_plate,state_change,set_plate,"[""7118:0"",""911:0""]","[""fetch"",""state_change""]",True,ood
40,3,place_bowl_on_table,relocate,place_on_table,[],[],False,ood
40,4,place_plate_on_table,relocate,place_on_plate,[],[],False,ood
41,0,inspect_kitchen_work_area,state_change,inspect_cabinet,"[""144:0"",""1774:0""]","[""state_change""]",True,ood
41,1,fetch_bowl_1,fetch,fetch_bowl,"[""4764:0"",""1488:0""]","[""fetch"",""state_change""]",True,ood
41,2,place_bowl_1_on_table,relocate,place_bowl,"[""4764:1"",""3697:1""]","[""multi_object_sequence"",""relocate""]",True,ood
41,3,fetch_plate_0,fetch,place_plate,[],[],False,ood
41,4,place_plate_0_on_table,relocate,place_on_plate,[],[],False,ood
42,0,survey_kitchen_work_area,state_change,navigate_to_kitchen_island,"[""1484:0""]","[""fetch"",""state_change""]",True,ood
42,1,identify_missing_item,,fetch_missing_fruit,"[""1207:1"",""2444:1""]","[""fetch"",""open_container_then_retrieve"",""relocate""]",,ood
42,2,carry_missing_item_to_table,,move_to_table,"[""1210:1"",""2918:1""]","[""relocate""]",,ood
43,0,survey_kitchen_work_area,state_change,navigate_to_kitchen_island,"[""1484:0""]","[""fetch"",""state_change""]",True,ood
43,1,identify_missing_item,,fetch_missing_fruit,"[""1207:1"",""2444:1""]","[""fetch"",""open_container_then_retrieve"",""relocate""]",,ood
43,2,carry_missing_item_to_table,,move_to_table,"[""1210:1"",""2918:1""]","[""relocate""]",,ood
44,0,observe_kitchen_work_area,,navigate_to_kitchen_island,"[""1484:0""]","[""fetch"",""state_change""]",,ood
44,1,detect_bowl,,fetch_bowl,"[""1488:0"",""2686:0""]","[""fetch"",""state_change""]",,ood
44,2,detect_plate,,set_plate,"[""7118:0"",""911:0""]","[""fetch"",""state_change""]",,ood
44,3,choose_missing_item,,fetch_missing_fruit,"[""1207:1""]","[""fetch"",""open_container_then_retrieve"",""relocate""]",,ood
44,4,move_to_kitchen_work_area,,move_to_cabinet,[],[],,ood
44,5,pick_missing_item,fetch,fetch_missing_fruit,[],[],False,ood
45,0,glance_at_table,,inspect_table,"[""1633:0"",""2098:0""]","[""fetch"",""state_change""]",,ood
45,1,confirm_one_bowl_and_one_plate,,place_bowl,"[""1488:2"",""2686:2""]","[""fetch"",""multi_object_sequence"",""open_container_then_retrieve"",""relocate""]",,ood
45,2,fetch_absent_dish,fetch,fetch_bowl,"[""1488:0"",""2686:0""]","[""fetch"",""state_change""]",True,ood
46,0,look_for_bowl_0_on_table,,fetch_bowl,"[""4764:0"",""1488:0""]","[""fetch"",""state_change""]",,ood
46,1,look_for_plate_0_on_table,,place_on_plate,"[""5169:2""]","[""relocate""]",,ood
46,2,retrieve_bowl_0_if_missing,fetch,fetch_bowl,"[""2686:0""]","[""fetch"",""state_change""]",True,ood
46,3,retrieve_plate_0_if_missing,fetch,set_plate,"[""5528:0"",""2966:0""]","[""fetch"",""state_change""]",True,ood
46,4,place_bowl_0_on_table_if_missing,relocate,place_bowl,[],[],False,ood
46,5,place_plate_0_on_table_if_missing,relocate,place_on_plate,[],[],False,ood
47,0,glance_at_table,,inspect_table,"[""1633:0"",""2098:0""]","[""fetch"",""state_change""]",,ood
47,1,confirm_one_bowl_and_one_plate,,place_bowl,"[""1488:2"",""2686:2""]","[""fetch"",""multi_object_sequence"",""open_container_then_retrieve"",""relocate""]",,ood
47,2,fetch_absent_dish,fetch,fetch_bowl,"[""1488:0"",""2686:0""]","[""fetch"",""state_change""]",True,ood
48,0,check_table_for_bowl_and_plate,state_change,check_table,"[""1039:0"",""1737:0""]","[""fetch"",""state_change""]",True,ood
48,1,check_if_bowl_is_missing,state_change,fetch_bowl,"[""1488:0"",""2686:0""]","[""fetch"",""state_change""]",True,ood
48,2,check_if_plate_is_missing,state_change,set_plate,"[""7118:0"",""911:0""]","[""fetch"",""state_change""]",True,ood
48,3,deliver_missing_bowl,relocate,fetch_bowl,[],[],False,ood
48,4,deliver_missing_plate,relocate,place_plate,[],[],False,ood
49,0,check_table_for_bowl_and_plate,state_change,check_table,"[""1502:0"",""1663:0""]","[""fetch"",""state_change""]",True,ood
49,1,if_bowl_missing_get_bowl,fetch,fetch_bowl,"[""1488:0"",""2686:0""]","[""fetch"",""state_change""]",True,ood
49,2,if_plate_missing_get_plate,fetch,set_plate,"[""5528:0"",""2966:0""]","[""fetch"",""state_change""]",True,ood
49,3,place_missing_dish_on_table,relocate,place_plate_on_kitchen_island,[],[],False,ood
50,0,survey_kitchen_work_area,state_change,navigate_to_kitchen_island,"[""1484:0""]","[""fetch"",""state_change""]",True,ood
50,1,identify_missing_item,,fetch_missing_fruit,"[""1207:1"",""2444:1""]","[""fetch"",""open_container_then_retrieve"",""relocate""]",,ood
50,2,carry_missing_item_to_table,,move_to_table,"[""1210:1"",""2918:1""]","[""relocate""]",,ood
51,0,inspect_table,state_change,inspect_table,"[""1700:0"",""1958:0""]","[""fetch"",""state_change""]",True,ood
51,1,fetch_hidden_dish,fetch,fetch_bowl,"[""4764:0"",""1488:0""]","[""fetch"",""state_change""]",True,ood
51,2,place_dish_on_table,relocate,place_on_table,"[""3156:2"",""3173:2""]","[""multi_object_sequence"",""relocate""]",True,ood
52,0,scan_kitchen_work_area,,scan_table,"[""5235:0"",""1209:0""]","[""fetch"",""state_change""]",,ood
52,1,check_for_bowl_0,state_change,fetch_bowl,"[""4764:0"",""1488:0""]","[""fetch"",""state_change""]",True,ood
52,2,check_for_plate_0,state_change,place_plate,"[""3266:2"",""5679:2""]","[""relocate""]",False,ood
52,3,place_bowl_0_if_missing,relocate,place_bowl,[],[],False,ood
52,4,place_plate_0_if_missing,relocate,place_plate,[],[],False,ood
53,0,observe_kitchen_work_area,,navigate_to_kitchen_island,"[""1484:0""]","[""fetch"",""state_change""]",,ood
53,1,detect_bowl,,fetch_bowl,"[""1488:0"",""2686:0""]","[""fetch"",""state_change""]",,ood
53,2,detect_plate,,set_plate,"[""7118:0"",""911:0""]","[""fetch"",""state_change""]",,ood
53,3,choose_missing_item,,fetch_missing_fruit,"[""1207:1""]","[""fetch"",""open_container_then_retrieve"",""relocate""]",,ood
53,4,move_to_kitchen_work_area,,move_to_cabinet,[],[],,ood
53,5,pick_missing_item,fetch,fetch_missing_fruit,[],[],False,ood
54,0,check_kitchen_work_area,state_change,navigate_to_kitchen_island,"[""1484:0""]","[""fetch"",""state_change""]",True,ood
54,1,check_for_bowl,state_change,fetch_bowl,"[""1488:0"",""2686:0""]","[""fetch"",""state_change""]",True,ood
54,2,check_for_plate,state_change,set_plate,"[""7118:0"",""911:0""]","[""fetch"",""state_change""]",True,ood
54,3,deliver_missing_bowl,relocate,fetch_bowl,"[""4764:0""]","[""fetch"",""state_change""]",False,ood
54,4,deliver_missing_plate,relocate,place_plate,[],[],False,ood
55,0,glance_at_table,,inspect_table,"[""1633:0"",""2098:0""]","[""fetch"",""state_change""]",,ood
55,1,confirm_bowl_and_plate,,place_bowl,"[""1488:2"",""2686:2""]","[""fetch"",""multi_object_sequence"",""open_container_then_retrieve"",""relocate""]",,ood
55,2,fetch_absent_dish,fetch,fetch_bowl,"[""1488:0"",""2686:0""]","[""fetch"",""state_change""]",True,ood
56,0,find_non_resting_bowl_or_plate,fetch,place_bowl,"[""4764:1"",""1488:2""]","[""fetch"",""multi_object_sequence"",""open_container_then_retrieve"",""relocate""]",True,ood
56,1,move_to_non_resting_bowl_or_plate,,place_on_plate,"[""5169:2""]","[""relocate""]",,ood
56,2,pick_non_resting_bowl_or_plate,fetch,place_on_plate,[],[],False,ood
56,3,move_to_kitchen_work_area,,move_to_cabinet,"[""3800:0"",""2775:1""]","[""fetch"",""state_change""]",,ood
56,4,place_bowl_or_plate_on_kitchen_work_area,relocate,place_plate_on_kitchen_island,"[""1484:1""]","[""relocate""]",True,ood
57,0,look_for_bowl_0_on_table,,fetch_bowl,"[""4764:0"",""1488:0""]","[""fetch"",""state_change""]",,ood
57,1,look_for_plate_0_on_table,,place_on_plate,"[""5169:2""]","[""relocate""]",,ood
57,2,retrieve_bowl_0_if_missing,fetch,fetch_bowl,"[""2686:0""]","[""fetch"",""state_change""]",True,ood
57,3,retrieve_plate_0_if_missing,fetch,set_plate,"[""5528:0"",""2966:0""]","[""fetch"",""state_change""]",True,ood
57,4,place_bowl_0_on_table_if_missing,relocate,place_bowl,[],[],False,ood
57,5,place_plate_0_on_table_if_missing,relocate,place_on_plate,[],[],False,ood
58,0,observe_table,,inspect_table,"[""1700:0"",""1958:0""]","[""fetch"",""state_change""]",,ood
58,1,observe_kitchen_work_area,,navigate_to_kitchen_island,"[""1484:0""]","[""fetch"",""state_change""]",,ood
58,2,decide_missing_object,,inspect_object,"[""6838:1"",""1367:1""]","[""state_change""]",,ood
58,3,fetch_missing_object,fetch,fetch_object,"[""6411:0""]","[""fetch""]",True,ood
59,0,glance_at_table,,inspect_table,"[""1633:0"",""2098:0""]","[""fetch"",""state_change""]",,ood
59,1,confirm_one_bowl_and_one_plate,,place_bowl,"[""2501:1"",""1488:2""]","[""fetch"",""multi_object_sequence"",""open_container_then_retrieve"",""relocate""]",,ood
59,2,fetch_absent_dish,fetch,fetch_bowl,"[""1488:0"",""2686:0""]","[""fetch"",""state_change""]",True,ood
60,0,survey_kitchen_work_area,state_change,navigate_to_kitchen_island,"[""1484:0""]","[""fetch"",""state_change""]",True,ood
60,1,identify_missing_item,,fetch_missing_fruit,"[""1207:1"",""2444:1""]","[""fetch"",""open_container_then_retrieve"",""relocate""]",,ood
60,2,carry_missing_item_to_table,,move_to_table,"[""1210:1"",""2918:1""]","[""relocate""]",,ood
61,0,look_at_table,,inspect_table,"[""1700:0"",""1958:0""]","[""fetch"",""state_change""]",,ood
61,1,verify_bowl_0_on_table,,check_table,"[""1039:0"",""1737:0""]","[""fetch"",""state_change""]",,ood
61,2,verify_plate_0_on_table,,check_table,"[""2239:0"",""6057:0""]","[""fetch"",""state_change""]",,ood
61,3,go_to_kitchen_work_area,,navigate_to_kitchen_island,[],[],,ood
61,4,retrieve_plate_0,fetch,set_plate,[],[],False,ood
61,5,place_plate_0_on_table,relocate,place_on_plate,[],[],False,ood
62,0,observe_kitchen_work_area,,navigate_to_kitchen_island,"[""1484:0""]","[""fetch"",""state_change""]",,ood
62,1,decide_missing_item,,fetch_missing_fruit,"[""1207:1"",""2444:1""]","[""fetch"",""open_container_then_retrieve"",""relocate""]",,ood
62,2,fetch_missing_item,fetch,fetch_missing_fruit,[],[],False,ood
63,0,glance_at_table,,inspect_table,"[""1633:0"",""2098:0""]","[""fetch"",""state_change""]",,ood
63,1,confirm_bowl_and_plate,,place_bowl,"[""1488:2"",""2686:2""]","[""fetch"",""multi_object_sequence"",""open_container_then_retrieve"",""relocate""]",,ood
63,2,fetch_absent_dish,fetch,fetch_bowl,"[""1488:0"",""2686:0""]","[""fetch"",""state_change""]",True,ood
64,0,check_table_for_bowl_0,state_change,check_table,"[""1039:0"",""1737:0""]","[""fetch"",""state_change""]",True,ood
64,1,check_table_for_plate_0,state_change,check_table,"[""2239:0"",""6057:0""]","[""fetch"",""state_change""]",True,ood
64,2,deliver_bowl_0_if_missing,relocate,fetch_bowl,"[""1488:0"",""2686:0""]","[""fetch"",""state_change""]",False,ood
64,3,deliver_plate_0_if_missing,relocate,place_plate,[],[],False,ood
65,0,glance_at_table,,inspect_table,"[""1633:0"",""2098:0""]","[""fetch"",""state_change""]",,ood
65,1,confirm_bowl_and_plate,,place_bowl,"[""1488:2"",""2686:2""]","[""fetch"",""multi_object_sequence"",""open_container_then_retrieve"",""relocate""]",,ood
65,2,fetch_absent_dish,fetch,fetch_bowl,"[""1488:0"",""2686:0""]","[""fetch"",""state_change""]",True,ood
66,0,inspect_table,state_change,inspect_table,"[""1700:0"",""1958:0""]","[""fetch"",""state_change""]",True,ood
66,1,fetch_bowl_0,fetch,fetch_bowl,"[""4764:0"",""1488:0""]","[""fetch"",""state_change""]",True,ood
66,2,place_bowl_0_on_table,relocate,place_bowl,"[""4764:1"",""1488:2""]","[""fetch"",""multi_object_sequence"",""open_container_then_retrieve"",""relocate""]",True,ood
66,3,fetch_plate_0,fetch,place_plate,[],[],False,ood
66,4,place_plate_0_on_table,relocate,place_on_plate,[],[],False,ood
67,0,scan_table,,scan_table,"[""5235:0"",""1209:0""]","[""fetch"",""state_change""]",,ood
67,1,check_for_bowl,state_change,fetch_bowl,"[""4764:0"",""1488:0""]","[""fetch"",""state_change""]",True,ood
67,2,check_for_plate,state_change,set_plate,"[""7118:0"",""911:0""]","[""fetch"",""state_change""]",True,ood
67,3,place_bowl_on_table,relocate,place_on_table,[],[],False,ood
67,4,place_plate_on_table,relocate,place_on_plate,[],[],False,ood
68,0,examine_table,,inspect_table,"[""1700:0"",""1958:0""]","[""fetch"",""state_change""]",,ood
68,1,find_single_dish,fetch,fetch_bowl,"[""4764:0"",""1488:0""]","[""fetch"",""state_change""]",True,ood
68,2,supply_other_dish,,place_on_plate,"[""5169:2""]","[""relocate""]",,ood
68,3,position_both_dishes,,place_plate_on_kitchen_island,"[""1484:1""]","[""relocate""]",,ood
69,0,look_for_bowl_0_on_table,,fetch_bowl,"[""4764:0"",""1488:0""]","[""fetch"",""state_change""]",,ood
69,1,look_for_plate_0_on_table,,place_on_plate,"[""5169:2""]","[""relocate""]",,ood
69,2,retrieve_missing_bowl_or_plate,fetch,fetch_bowl,"[""2686:0""]","[""fetch"",""state_change""]",True,ood
70,0,observe_table,,inspect_table,"[""1700:0"",""1958:0""]","[""fetch"",""state_change""]",,ood
70,1,observe_kitchen_work_area,,navigate_to_kitchen_island,"[""1484:0""]","[""fetch"",""state_change""]",,ood
70,2,pick_bowl_0,fetch,fetch_bowl,"[""1488:0"",""2686:0""]","[""fetch"",""state_change""]",True,ood
70,3,pick_plate_0,fetch,place_plate,"[""3266:2""]","[""relocate""]",False,ood
71,0,examine_table,,inspect_table,"[""1700:0"",""1958:0""]","[""fetch"",""state_change""]",,ood
71,1,find_single_dish,fetch,fetch_bowl,"[""4764:0"",""1488:0""]","[""fetch"",""state_change""]",True,ood
71,2,supply_other_dish,,place_on_plate,"[""5169:2""]","[""relocate""]",,ood
71,3,position_both_dishes,,place_plate_on_kitchen_island,"[""1484:1""]","[""relocate""]",,ood
72,0,look_for_bowl_0_on_table,,fetch_bowl,"[""4764:0"",""1488:0""]","[""fetch"",""state_change""]",,ood
72,1,look_for_plate_0_on_table,,place_on_plate,"[""5169:2""]","[""relocate""]",,ood
72,2,retrieve_bowl_0_if_missing,fetch,fetch_bowl,"[""2686:0""]","[""fetch"",""state_change""]",True,ood
72,3,retrieve_plate_0_if_missing,fetch,set_plate,"[""5528:0"",""2966:0""]","[""fetch"",""state_change""]",True,ood
72,4,place_bowl_0_on_table_if_missing,relocate,place_bowl,[],[],False,ood
72,5,place_plate_0_on_table_if_missing,relocate,place_on_plate,[],[],False,ood
73,0,check_table_for_bowl_and_plate,state_change,check_table,"[""1502:0"",""1663:0""]","[""fetch"",""state_change""]",True,ood
73,1,if_bowl_missing_get_bowl,fetch,fetch_bowl,"[""1488:0"",""2686:0""]","[""fetch"",""state_change""]",True,ood
73,2,if_plate_missing_get_plate,fetch,set_plate,"[""5528:0"",""2966:0""]","[""fetch"",""state_change""]",True,ood
73,3,place_missing_dish_on_table,relocate,place_plate_on_kitchen_island,[],[],False,ood
74,0,glance_at_table,,inspect_table,"[""1633:0"",""2098:0""]","[""fetch"",""state_change""]",,ood
74,1,confirm_bowl_and_plate,,place_bowl,"[""1488:2"",""2686:2""]","[""fetch"",""multi_object_sequence"",""open_container_then_retrieve"",""relocate""]",,ood
74,2,fetch_absent_dish,fetch,fetch_bowl,"[""1488:0"",""2686:0""]","[""fetch"",""state_change""]",True,ood
75,0,glance_at_table,,inspect_table,"[""1633:0"",""2098:0""]","[""fetch"",""state_change""]",,ood
75,1,confirm_bowl_and_plate,,place_bowl,"[""1488:2"",""2686:2""]","[""fetch"",""multi_object_sequence"",""open_container_then_retrieve"",""relocate""]",,ood
75,2,fetch_absent_dish,fetch,fetch_bowl,"[""1488:0"",""2686:0""]","[""fetch"",""state_change""]",True,ood
76,0,find_non_resting_bowl_or_plate,fetch,place_bowl,"[""4764:1"",""1488:2""]","[""fetch"",""multi_object_sequence"",""open_container_then_retrieve"",""relocate""]",True,ood
76,1,move_to_non_resting_bowl_or_plate,,place_on_plate,"[""5169:2""]","[""relocate""]",,ood
76,2,pick_non_resting_bowl_or_plate,fetch,place_on_plate,[],[],False,ood
76,3,move_to_kitchen_work_area,,move_to_cabinet,"[""3800:0"",""2775:1""]","[""fetch"",""state_change""]",,ood
76,4,place_bowl_or_plate_on_kitchen_work_area,relocate,place_plate_on_kitchen_island,"[""1484:1""]","[""relocate""]",True,ood
77,0,inspect_table,state_change,inspect_table,"[""1700:0"",""1958:0""]","[""fetch"",""state_change""]",True,ood
77,1,fetch_hidden_dish,fetch,fetch_bowl,"[""4764:0"",""1488:0""]","[""fetch"",""state_change""]",True,ood
77,2,place_dish_on_table,relocate,place_on_table,"[""3156:2"",""3173:2""]","[""multi_object_sequence"",""relocate""]",True,ood
78,0,glance_at_table,,inspect_table,"[""1633:0"",""2098:0""]","[""fetch"",""state_change""]",,ood
78,1,confirm_bowl_and_plate,,place_bowl,"[""1488:2"",""2686:2""]","[""fetch"",""multi_object_sequence"",""open_container_then_retrieve"",""relocate""]",,ood
78,2,fetch_absent_dish,fetch,fetch_bowl,"[""1488:0"",""2686:0""]","[""fetch"",""state_change""]",True,ood
79,0,survey_kitchen_work_area,state_change,navigate_to_kitchen_island,"[""1484:0""]","[""fetch"",""state_change""]",True,ood
79,1,identify_missing_item,,fetch_missing_fruit,"[""1207:1"",""2444:1""]","[""fetch"",""open_container_then_retrieve"",""relocate""]",,ood
79,2,carry_missing_item_to_table,,move_to_table,"[""1210:1"",""2918:1""]","[""relocate""]",,ood
80,0,glance_at_table,,inspect_table,"[""1633:0"",""2098:0""]","[""fetch"",""state_change""]",,ood
80,1,confirm_bowl_and_plate,,place_bowl,"[""1488:2"",""2686:2""]","[""fetch"",""multi_object_sequence"",""open_container_then_retrieve"",""relocate""]",,ood
80,2,fetch_absent_dish,fetch,fetch_bowl,"[""1488:0"",""2686:0""]","[""fetch"",""state_change""]",True,ood
81,0,survey_table,state_change,survey_table,"[""1173:0"",""2647:0""]","[""fetch"",""state_change""]",True,ood
81,1,identify_missing_item,,fetch_missing_fruit,"[""1207:1"",""2444:1""]","[""fetch"",""open_container_then_retrieve"",""relocate""]",,ood
81,2,carry_missing_item_to_table,,move_to_table,"[""1210:1"",""2918:1""]","[""relocate""]",,ood
82,0,examine_table,,inspect_table,"[""1700:0"",""1958:0""]","[""fetch"",""state_change""]",,ood
82,1,find_single_dish,fetch,fetch_bowl,"[""4764:0"",""1488:0""]","[""fetch"",""state_change""]",True,ood
82,2,supply_missing_dish,,fetch_bowl,"[""2686:0""]","[""fetch"",""state_change""]",,ood
82,3,position_both_dishes,,place_plate_on_kitchen_island,"[""1484:1""]","[""relocate""]",,ood
83,0,check_table_for_bowl_and_plate,state_change,check_table,"[""1039:0"",""1737:0""]","[""fetch"",""state_change""]",True,ood
83,1,check_if_bowl_is_missing,state_change,fetch_bowl,"[""1488:0"",""2686:0""]","[""fetch"",""state_change""]",True,ood
83,2,check_if_plate_is_missing,state_change,set_plate,"[""7118:0"",""911:0""]","[""fetch"",""state_change""]",True,ood
83,3,deliver_missing_bowl,relocate,fetch_bowl,[],[],False,ood
83,4,deliver_missing_plate,relocate,place_plate,[],[],False,ood
84,0,scan_kitchen_work_area,,scan_table,"[""5235:0"",""1209:0""]","[""fetch"",""state_change""]",,ood
84,1,check_for_bowl_0,state_change,fetch_bowl,"[""4764:0"",""1488:0""]","[""fetch"",""state_change""]",True,ood
84,2,check_for_plate_0,state_change,place_plate,"[""3266:2"",""5679:2""]","[""relocate""]",False,ood
84,3,place_bowl_0_if_missing,relocate,place_bowl,[],[],False,ood
84,4,place_plate_0_if_missing,relocate,place_plate,[],[],False,ood
85,0,check_table_for_bowl_0,state_change,check_table,"[""1039:0"",""1737:0""]","[""fetch"",""state_change""]",True,ood
85,1,check_table_for_plate_0,state_change,check_table,"[""2239:0"",""6057:0""]","[""fetch"",""state_change""]",True,ood
85,2,deliver_bowl_0_if_missing,relocate,fetch_bowl,"[""1488:0"",""2686:0""]","[""fetch"",""state_change""]",False,ood
85,3,deliver_plate_0_if_missing,relocate,place_plate,[],[],False,ood
86,0,examine_kitchen_work_area,,navigate_to_kitchen_island,"[""1484:0""]","[""fetch"",""state_change""]",,ood
86,1,find_single_dish,fetch,fetch_bowl,"[""4764:0"",""1488:0""]","[""fetch"",""state_change""]",True,ood
86,2,supply_missing_dish,,fetch_bowl,"[""2686:0""]","[""fetch"",""state_change""]",,ood
87,0,glance_at_table,,inspect_table,"[""1633:0"",""2098:0""]","[""fetch"",""state_change""]",,ood
87,1,confirm_bowl_and_plate,,place_bowl,"[""1488:2"",""2686:2""]","[""fetch"",""multi_object_sequence"",""open_container_then_retrieve"",""relocate""]",,ood
87,2,fetch_absent_dish,fetch,fetch_bowl,"[""1488:0"",""2686:0""]","[""fetch"",""state_change""]",True,ood
88,0,inspect_table,state_change,inspect_table,"[""1700:0"",""1958:0""]","[""fetch"",""state_change""]",True,ood
88,1,fetch_bowl_0,fetch,fetch_bowl,"[""4764:0"",""1488:0""]","[""fetch"",""state_change""]",True,ood
88,2,place_bowl_0_on_table,relocate,place_bowl,"[""4764:1"",""1488:2""]","[""fetch"",""multi_object_sequence"",""open_container_then_retrieve"",""relocate""]",True,ood
88,3,fetch_plate_0,fetch,place_plate,[],[],False,ood
88,4,place_plate_0_on_table,relocate,place_on_plate,[],[],False,ood
89,0,inspect_kitchen_work_area,state_change,inspect_cabinet,"[""144:0"",""1774:0""]","[""state_change""]",True,ood
89,1,fetch_bowl_1,fetch,fetch_bowl,"[""4764:0"",""1488:0""]","[""fetch"",""state_change""]",True,ood
89,2,place_bowl_1_on_table,relocate,place_bowl,"[""4764:1"",""3697:1""]","[""multi_object_sequence"",""relocate""]",True,ood
89,3,fetch_plate_0,fetch,place_plate,[],[],False,ood
89,4,place_plate_0_on_table,relocate,place_on_plate,[],[],False,ood
90,0,inspect_kitchen_work_area,state_change,inspect_cabinet,"[""144:0"",""1774:0""]","[""state_change""]",True,ood
90,1,fetch_bowl_1,fetch,fetch_bowl,"[""4764:0"",""1488:0""]","[""fetch"",""state_change""]",True,ood
90,2,place_bowl_1_on_table,relocate,place_bowl,"[""4764:1"",""3697:1""]","[""multi_object_sequence"",""relocate""]",True,ood
90,3,fetch_plate_0,fetch,place_plate,[],[],False,ood
90,4,place_plate_0_on_table,relocate,place_on_plate,[],[],False,ood
91,0,check_table_for_bowl_and_plate,state_change,check_table,"[""1039:0"",""1737:0""]","[""fetch"",""state_change""]",True,ood
91,1,check_if_bowl_is_missing,state_change,fetch_bowl,"[""1488:0"",""2686:0""]","[""fetch"",""state_change""]",True,ood
91,2,check_if_plate_is_missing,state_change,set_plate,"[""7118:0"",""911:0""]","[""fetch"",""state_change""]",True,ood
91,3,deliver_missing_bowl,relocate,fetch_bowl,[],[],False,ood
91,4,deliver_missing_plate,relocate,place_plate,[],[],False,ood
92,0,check_table_for_bowl_and_plate,state_change,check_table,"[""1502:0"",""1663:0""]","[""fetch"",""state_change""]",True,ood
92,1,if_bowl_missing_get_bowl,fetch,fetch_bowl,"[""1488:0"",""2686:0""]","[""fetch"",""state_change""]",True,ood
92,2,if_plate_missing_get_plate,fetch,set_plate,"[""5528:0"",""2966:0""]","[""fetch"",""state_change""]",True,ood
92,3,place_missing_dish_on_table,relocate,place_plate_on_kitchen_island,[],[],False,ood
93,0,glance_at_table,,inspect_table,"[""1633:0"",""2098:0""]","[""fetch"",""state_change""]",,ood
93,1,confirm_bowl_and_plate,,place_bowl,"[""1488:2"",""2686:2""]","[""fetch"",""multi_object_sequence"",""open_container_then_retrieve"",""relocate""]",,ood
93,2,fetch_absent_dish,fetch,fetch_bowl,"[""1488:0"",""2686:0""]","[""fetch"",""state_change""]",True,ood
94,0,find_non_resting_bowl_or_plate,fetch,place_bowl,"[""4764:1"",""1488:2""]","[""fetch"",""multi_object_sequence"",""open_container_then_retrieve"",""relocate""]",True,ood
94,1,move_to_non_resting_bowl_or_plate,,place_on_plate,"[""5169:2""]","[""relocate""]",,ood
94,2,pick_non_resting_bowl_or_plate,fetch,place_on_plate,[],[],False,ood
94,3,move_to_kitchen_work_area,,move_to_cabinet,"[""3800:0"",""2775:1""]","[""fetch"",""state_change""]",,ood
94,4,place_bowl_or_plate_on_kitchen_work_area,relocate,place_plate_on_kitchen_island,"[""1484:1""]","[""relocate""]",True,ood
95,0,check_table_for_bowl_and_plate,state_change,check_table,"[""1039:0"",""1737:0""]","[""fetch"",""state_change""]",True,ood
95,1,check_if_bowl_is_missing,state_change,fetch_bowl,"[""1488:0"",""2686:0""]","[""fetch"",""state_change""]",True,ood
95,2,check_if_plate_is_missing,state_change,set_plate,"[""7118:0"",""911:0""]","[""fetch"",""state_change""]",True,ood
95,3,deliver_missing_bowl,relocate,fetch_bowl,[],[],False,ood
95,4,deliver_missing_plate,relocate,place_plate,[],[],False,ood
96,0,examine_table,,inspect_table,"[""1700:0"",""1958:0""]","[""fetch"",""state_change""]",,ood
96,1,find_single_dish,fetch,fetch_bowl,"[""4764:0"",""1488:0""]","[""fetch"",""state_change""]",True,ood
96,2,supply_missing_dish,,fetch_bowl,"[""2686:0""]","[""fetch"",""state_change""]",,ood
96,3,position_both_dishes,,place_plate_on_kitchen_island,"[""1484:1""]","[""relocate""]",,ood
97,0,glance_at_table,,inspect_table,"[""1633:0"",""2098:0""]","[""fetch"",""state_change""]",,ood
97,1,confirm_one_bowl_and_one_plate,,place_bowl,"[""2501:1"",""1488:2""]","[""fetch"",""multi_object_sequence"",""open_container_then_retrieve"",""relocate""]",,ood
97,2,fetch_absent_dish,fetch,fetch_bowl,"[""1488:0"",""2686:0""]","[""fetch"",""state_change""]",True,ood
98,0,check_table_for_bowl_and_plate,state_change,check_table,"[""1502:0"",""1663:0""]","[""fetch"",""state_change""]",True,ood
98,1,if_bowl_missing_get_bowl,fetch,fetch_bowl,"[""1488:0"",""2686:0""]","[""fetch"",""state_change""]",True,ood
98,2,if_plate_missing_get_plate,fetch,set_plate,"[""5528:0"",""2966:0""]","[""fetch"",""state_change""]",True,ood
98,3,place_missing_dish_on_table,relocate,place_plate_on_kitchen_island,[],[],False,ood
99,0,survey_table,state_change,survey_table,"[""1173:0"",""2647:0""]","[""fetch"",""state_change""]",True,ood
99,1,identify_missing_item,,fetch_missing_fruit,"[""1207:1"",""2444:1""]","[""fetch"",""open_container_then_retrieve"",""relocate""]",,ood
99,2,carry_missing_item_to_table,,move_to_table,"[""1210:1"",""2918:1""]","[""relocate""]",,ood
100,0,survey_table,state_change,survey_table,"[""1173:0"",""2647:0""]","[""fetch"",""state_change""]",True,ood
100,1,identify_missing_item,,fetch_missing_fruit,"[""1207:1"",""2444:1""]","[""fetch"",""open_container_then_retrieve"",""relocate""]",,ood
100,2,carry_missing_item_to_table,,move_to_table,"[""1210:1"",""2918:1""]","[""relocate""]",,ood
101,0,observe_table,,inspect_table,"[""1700:0"",""1958:0""]","[""fetch"",""state_change""]",,ood
101,1,observe_kitchen_work_area,,navigate_to_kitchen_island,"[""1484:0""]","[""fetch"",""state_change""]",,ood
101,2,pick_bowl_0,fetch,fetch_bowl,"[""1488:0"",""2686:0""]","[""fetch"",""state_change""]",True,ood
101,3,pick_plate_0,fetch,place_plate,"[""3266:2""]","[""relocate""]",False,ood
102,0,check_table_for_bowl,state_change,check_table,"[""1039:0"",""1737:0""]","[""fetch"",""state_change""]",True,ood
102,1,check_table_for_plate,state_change,check_table,"[""2239:0"",""6057:0""]","[""fetch"",""state_change""]",True,ood
102,2,deliver_missing_bowl,relocate,fetch_bowl,"[""1488:0"",""2686:0""]","[""fetch"",""state_change""]",False,ood
102,3,deliver_missing_plate,relocate,place_plate,[],[],False,ood
103,0,glance_at_table,,inspect_table,"[""1633:0"",""2098:0""]","[""fetch"",""state_change""]",,ood
103,1,confirm_one_bowl_and_one_plate,,place_bowl,"[""2501:1"",""1488:2""]","[""fetch"",""multi_object_sequence"",""open_container_then_retrieve"",""relocate""]",,ood
103,2,fetch_absent_dish,fetch,fetch_bowl,"[""1488:0"",""2686:0""]","[""fetch"",""state_change""]",True,ood
104,0,look_for_bowl_0_on_table,,fetch_bowl,"[""4764:0"",""1488:0""]","[""fetch"",""state_change""]",,ood
104,1,look_for_plate_0_on_table,,place_on_plate,"[""5169:2""]","[""relocate""]",,ood
104,2,retrieve_bowl_0_if_missing,fetch,fetch_bowl,"[""2686:0""]","[""fetch"",""state_change""]",True,ood
104,3,retrieve_plate_0_if_missing,fetch,set_plate,"[""5528:0"",""2966:0""]","[""fetch"",""state_change""]",True,ood
105,0,look_at_table,,inspect_table,"[""1700:0"",""1958:0""]","[""fetch"",""state_change""]",,ood
105,1,verify_bowl_on_table,,check_table,"[""1039:0"",""1737:0""]","[""fetch"",""state_change""]",,ood
105,2,verify_plate_on_table,,check_table,"[""2239:0"",""6057:0""]","[""fetch"",""state_change""]",,ood
105,3,go_to_kitchen_work_area,,navigate_to_kitchen_island,[],[],,ood
105,4,retrieve_missing_plate,fetch,set_plate,[],[],False,ood
105,5,place_plate_on_table,relocate,place_on_plate,[],[],False,ood
106,0,inspect_table,state_change,inspect_table,"[""1700:0"",""1958:0""]","[""fetch"",""state_change""]",True,ood
106,1,fetch_bowl_0,fetch,fetch_bowl,"[""4764:0"",""1488:0""]","[""fetch"",""state_change""]",True,ood
106,2,place_bowl_0_on_table,relocate,place_bowl,"[""4764:1"",""1488:2""]","[""fetch"",""multi_object_sequence"",""open_container_then_retrieve"",""relocate""]",True,ood
106,3,fetch_plate_0,fetch,place_plate,[],[],False,ood
106,4,place_plate_0_on_table,relocate,place_on_plate,[],[],False,ood
107,0,check_table_for_bowl,state_change,check_table,"[""1039:0"",""1737:0""]","[""fetch"",""state_change""]",True,ood
107,1,check_table_for_plate,state_change,check_table,"[""2239:0"",""6057:0""]","[""fetch"",""state_change""]",True,ood
107,2,deliver_missing_bowl,relocate,fetch_bowl,"[""1488:0"",""2686:0""]","[""fetch"",""state_change""]",False,ood
107,3,deliver_missing_plate,relocate,place_plate,[],[],False,ood
108,0,check_table_for_bowl_and_plate,state_change,check_table,"[""1502:0"",""1663:0""]","[""fetch"",""state_change""]",True,ood
108,1,if_bowl_missing_get_bowl,fetch,fetch_bowl,"[""1488:0"",""2686:0""]","[""fetch"",""state_change""]",True,ood
108,2,if_plate_missing_get_plate,fetch,set_plate,"[""5528:0"",""2966:0""]","[""fetch"",""state_change""]",True,ood
108,3,place_missing_dish_on_table,relocate,place_plate_on_kitchen_island,[],[],False,ood
109,0,look_for_bowl_0_on_table,,fetch_bowl,"[""4764:0"",""1488:0""]","[""fetch"",""state_change""]",,ood
109,1,look_for_plate_0_on_table,,place_on_plate,"[""5169:2""]","[""relocate""]",,ood
109,2,retrieve_bowl_0_if_missing,fetch,fetch_bowl,"[""2686:0""]","[""fetch"",""state_change""]",True,ood
109,3,retrieve_plate_0_if_missing,fetch,set_plate,"[""5528:0"",""2966:0""]","[""fetch"",""state_change""]",True,ood
109,4,place_bowl_0_on_table,relocate,place_bowl,[],[],False,ood
109,5,place_plate_0_on_table,relocate,place_on_plate,[],[],False,ood
110,0,glance_at_table,,inspect_table,"[""1633:0"",""2098:0""]","[""fetch"",""state_change""]",,ood
110,1,confirm_bowl_and_plate,,place_bowl,"[""1488:2"",""2686:2""]","[""fetch"",""multi_object_sequence"",""open_container_then_retrieve"",""relocate""]",,ood
110,2,fetch_absent_dish,fetch,fetch_bowl,"[""1488:0"",""2686:0""]","[""fetch"",""state_change""]",True,ood
111,0,check_table_for_bowl_and_plate,state_change,check_table,"[""1502:0"",""1663:0""]","[""fetch"",""state_change""]",True,ood
111,1,if_bowl_missing_get_bowl,fetch,fetch_bowl,"[""1488:0"",""2686:0""]","[""fetch"",""state_change""]",True,ood
111,2,if_plate_missing_get_plate,fetch,set_plate,"[""5528:0"",""2966:0""]","[""fetch"",""state_change""]",True,ood
111,3,place_missing_dish_on_table,relocate,place_plate_on_kitchen_island,[],[],False,ood
112,0,survey_table,state_change,survey_table,"[""1173:0"",""2647:0""]","[""fetch"",""state_change""]",True,ood
112,1,identify_missing_item,,fetch_missing_fruit,"[""1207:1"",""2444:1""]","[""fetch"",""open_container_then_retrieve"",""relocate""]",,ood
112,2,carry_missing_item_to_table,,move_to_table,"[""1210:1"",""2918:1""]","[""relocate""]",,ood
113,0,look_at_table,,inspect_table,"[""1700:0"",""1958:0""]","[""fetch"",""state_change""]",,ood
113,1,verify_bowl_on_table,,check_table,"[""1039:0"",""1737:0""]","[""fetch"",""state_change""]",,ood
113,2,verify_plate_on_table,,check_table,"[""2239:0"",""6057:0""]","[""fetch"",""state_change""]",,ood
113,3,go_to_kitchen_work_area,,navigate_to_kitchen_island,[],[],,ood
113,4,retrieve_missing_plate,fetch,set_plate,[],[],False,ood
113,5,place_plate_on_table,relocate,place_on_plate,[],[],False,ood
114,0,check_kitchen_work_area_for_dishes,state_change,place_plate_on_kitchen_island,"[""2240:0"",""1484:1""]","[""fetch"",""relocate"",""state_change""]",True,ood
114,1,check_if_bowl_is_missing,state_change,fetch_bowl,"[""1488:0"",""2686:0""]","[""fetch"",""state_change""]",True,ood
114,2,check_if_plate_is_missing,state_change,set_plate,"[""5528:0"",""2966:0""]","[""fetch"",""state_change""]",True,ood
114,3,get_bowl_from_kitchen_work_area,fetch,place_bowl,[],[],False,ood
114,4,get_plate_from_kitchen_work_area,fetch,place_plate_on_kitchen_island,[],[],False,ood
114,5,place_bowl_on_table,relocate,place_on_table,[],[],False,ood
114,6,place_plate_on_table,relocate,place_on_plate,[],[],False,ood
115,0,look_at_table,,inspect_table,"[""1700:0"",""1958:0""]","[""fetch"",""state_change""]",,ood
115,1,verify_bowl_on_table,,check_table,"[""1039:0"",""1737:0""]","[""fetch"",""state_change""]",,ood
115,2,verify_plate_on_table,,check_table,"[""2239:0"",""6057:0""]","[""fetch"",""state_change""]",,ood
115,3,go_to_kitchen_work_area,,navigate_to_kitchen_island,[],[],,ood
115,4,retrieve_missing_plate,fetch,set_plate,[],[],False,ood
115,5,place_plate_on_table,relocate,place_on_plate,[],[],False,ood
116,0,glance_at_table,,inspect_table,"[""1633:0"",""2098:0""]","[""fetch"",""state_change""]",,ood
116,1,confirm_one_bowl_and_one_plate,,place_bowl,"[""2501:1"",""1488:2""]","[""fetch"",""multi_object_sequence"",""open_container_then_retrieve"",""relocate""]",,ood
116,2,fetch_absent_dish,fetch,fetch_bowl,"[""1488:0"",""2686:0""]","[""fetch"",""state_change""]",True,ood
117,0,inspect_table,state_change,inspect_table,"[""1700:0"",""1958:0""]","[""fetch"",""state_change""]",True,ood
117,1,fetch_bowl_0,fetch,fetch_bowl,"[""4764:0"",""1488:0""]","[""fetch"",""state_change""]",True,ood
117,2,place_bowl_0_on_table,relocate,place_bowl,"[""4764:1"",""1488:2""]","[""fetch"",""multi_object_sequence"",""open_container_then_retrieve"",""relocate""]",True,ood
117,3,fetch_plate_0,fetch,place_plate,[],[],False,ood
117,4,place_plate_0_on_table,relocate,place_on_plate,[],[],False,ood
118,0,look_for_bowl_0_on_table,,fetch_bowl,"[""4764:0"",""1488:0""]","[""fetch"",""state_change""]",,ood
118,1,look_for_plate_0_on_table,,place_on_plate,"[""5169:2""]","[""relocate""]",,ood
118,2,retrieve_bowl_0_if_missing,fetch,fetch_bowl,"[""2686:0""]","[""fetch"",""state_change""]",True,ood
118,3,retrieve_plate_0_if_missing,fetch,set_plate,"[""5528:0"",""2966:0""]","[""fetch"",""state_change""]",True,ood
118,4,place_bowl_0_on_table_if_missing,relocate,place_bowl,[],[],False,ood
118,5,place_plate_0_on_table_if_missing,relocate,place_on_plate,[],[],False,ood
119,0,look_for_bowl_0_on_table,,fetch_bowl,"[""4764:0"",""1488:0""]","[""fetch"",""state_change""]",,ood
119,1,look_for_plate_0_on_table,,place_on_plate,"[""5169:2""]","[""relocate""]",,ood
119,2,retrieve_missing_bowl_or_plate,fetch,fetch_bowl,"[""2686:0""]","[""fetch"",""state_change""]",True,ood
120,0,inspect_table,state_change,inspect_table,"[""1700:0"",""1958:0""]","[""fetch"",""state_change""]",True,ood
120,1,fetch_bowl_0,fetch,fetch_bowl,"[""4764:0"",""1488:0""]","[""fetch"",""state_change""]",True,ood
120,2,place_bowl_0_on_table,relocate,place_bowl,"[""4764:1"",""1488:2""]","[""fetch"",""multi_object_sequence"",""open_container_then_retrieve"",""relocate""]",True,ood
120,3,fetch_plate_0,fetch,place_plate,[],[],False,ood
120,4,place_plate_0_on_table,relocate,place_on_plate,[],[],False,ood
121,0,look_for_bowl_0_on_table,,fetch_bowl,"[""4764:0"",""1488:0""]","[""fetch"",""state_change""]",,ood
121,1,look_for_plate_0_on_table,,place_on_plate,"[""5169:2""]","[""relocate""]",,ood
121,2,retrieve_bowl_0_if_missing,fetch,fetch_bowl,"[""2686:0""]","[""fetch"",""state_change""]",True,ood
121,3,retrieve_plate_0_if_missing,fetch,set_plate,"[""5528:0"",""2966:0""]","[""fetch"",""state_change""]",True,ood
121,4,place_bowl_0_on_table_if_missing,relocate,place_bowl,[],[],False,ood
121,5,place_plate_0_on_table_if_missing,relocate,place_on_plate,[],[],False,ood
122,0,glance_at_table,,inspect_table,"[""1633:0"",""2098:0""]","[""fetch"",""state_change""]",,ood
122,1,confirm_one_bowl_and_one_plate,,place_bowl,"[""2501:1"",""1488:2""]","[""fetch"",""multi_object_sequence"",""open_container_then_retrieve"",""relocate""]",,ood
122,2,fetch_absent_dish,fetch,fetch_bowl,"[""1488:0"",""2686:0""]","[""fetch"",""state_change""]",True,ood
123,0,inspect_kitchen_work_area,state_change,inspect_cabinet,"[""144:0"",""1774:0""]","[""state_change""]",True,ood
123,1,fetch_bowl_1,fetch,fetch_bowl,"[""4764:0"",""1488:0""]","[""fetch"",""state_change""]",True,ood
123,2,place_bowl_1_on_table,relocate,place_bowl,"[""4764:1"",""3697:1""]","[""multi_object_sequence"",""relocate""]",True,ood
123,3,fetch_plate_0,fetch,place_plate,[],[],False,ood
123,4,place_plate_0_on_table,relocate,place_on_plate,[],[],False,ood
124,0,survey_table,state_change,survey_table,"[""1173:0"",""2647:0""]","[""fetch"",""state_change""]",True,ood
124,1,identify_missing_item,,fetch_missing_fruit,"[""1207:1"",""2444:1""]","[""fetch"",""open_container_then_retrieve"",""relocate""]",,ood
124,2,carry_missing_item_to_table,,move_to_table,"[""1210:1"",""2918:1""]","[""relocate""]",,ood
125,0,scan_table,,scan_table,"[""5235:0"",""1209:0""]","[""fetch"",""state_change""]",,ood
125,1,check_bowl_presence,state_change,place_bowl,"[""3697:1"",""6464:1""]","[""multi_object_sequence"",""relocate""]",False,ood
125,2,check_plate_presence,state_change,place_plate,"[""3266:2"",""5679:2""]","[""relocate""]",False,ood
125,3,place_bowl_if_needed,relocate,place_bowl,[],[],False,ood
125,4,place_plate_if_needed,relocate,place_plate,[],[],False,ood
126,0,check_table_for_bowl_and_plate,state_change,check_table,"[""1502:0"",""1663:0""]","[""fetch"",""state_change""]",True,ood
126,1,if_bowl_missing_get_bowl,fetch,fetch_bowl,"[""1488:0"",""2686:0""]","[""fetch"",""state_change""]",True,ood
126,2,if_plate_missing_get_plate,fetch,set_plate,"[""5528:0"",""2966:0""]","[""fetch"",""state_change""]",True,ood
126,3,place_missing_dish_on_table,relocate,place_plate_on_kitchen_island,[],[],False,ood
127,0,observe_table,,inspect_table,"[""1700:0"",""1958:0""]","[""fetch"",""state_change""]",,ood
127,1,observe_kitchen_work_area,,navigate_to_kitchen_island,"[""1484:0""]","[""fetch"",""state_change""]",,ood
127,2,pick_bowl_0,fetch,fetch_bowl,"[""1488:0"",""2686:0""]","[""fetch"",""state_change""]",True,ood
127,3,pick_plate_0,fetch,place_plate,"[""3266:2""]","[""relocate""]",False,ood
128,0,inspect_table,state_change,inspect_table,"[""1700:0"",""1958:0""]","[""fetch"",""state_change""]",True,ood
128,1,fetch_bowl_0,fetch,fetch_bowl,"[""4764:0"",""1488:0""]","[""fetch"",""state_change""]",True,ood
128,2,place_bowl_0_on_table,relocate,place_bowl,"[""4764:1"",""1488:2""]","[""fetch"",""multi_object_sequence"",""open_container_then_retrieve"",""relocate""]",True,ood
128,3,fetch_plate_0,fetch,place_plate,[],[],False,ood
128,4,place_plate_0_on_table,relocate,place_on_plate,[],[],False,ood
129,0,glance_at_table,,inspect_table,"[""1633:0"",""2098:0""]","[""fetch"",""state_change""]",,ood
129,1,confirm_bowl_and_plate,,place_bowl,"[""1488:2"",""2686:2""]","[""fetch"",""multi_object_sequence"",""open_container_then_retrieve"",""relocate""]",,ood
129,2,fetch_absent_dish,fetch,fetch_bowl,"[""1488:0"",""2686:0""]","[""fetch"",""state_change""]",True,ood
130,0,glance_at_table,,inspect_table,"[""1633:0"",""2098:0""]","[""fetch"",""state_change""]",,ood
130,1,confirm_one_bowl_and_one_plate,,place_bowl,"[""2501:1"",""1488:2""]","[""fetch"",""multi_object_sequence"",""open_container_then_retrieve"",""relocate""]",,ood
130,2,fetch_absent_dish,fetch,fetch_bowl,"[""1488:0"",""2686:0""]","[""fetch"",""state_change""]",True,ood
131,0,look_at_table,,inspect_table,"[""1700:0"",""1958:0""]","[""fetch"",""state_change""]",,ood
131,1,verify_bowl_on_table,,check_table,"[""1039:0"",""1737:0""]","[""fetch"",""state_change""]",,ood
131,2,verify_plate_on_table,,check_table,"[""2239:0"",""6057:0""]","[""fetch"",""state_change""]",,ood
131,3,go_to_kitchen_work_area,,navigate_to_kitchen_island,[],[],,ood
131,4,retrieve_missing_plate,fetch,set_plate,[],[],False,ood
131,5,place_plate_on_table,relocate,place_on_plate,[],[],False,ood
132,0,examine_kitchen_work_area,,navigate_to_kitchen_island,"[""1484:0""]","[""fetch"",""state_change""]",,ood
132,1,find_single_dish,fetch,fetch_bowl,"[""4764:0"",""1488:0""]","[""fetch"",""state_change""]",True,ood
132,2,supply_missing_dish,,fetch_bowl,"[""2686:0""]","[""fetch"",""state_change""]",,ood
133,0,inspect_table,state_change,inspect_table,"[""1700:0"",""1958:0""]","[""fetch"",""state_change""]",True,ood
133,1,fetch_hidden_dish,fetch,fetch_bowl,"[""4764:0"",""1488:0""]","[""fetch"",""state_change""]",True,ood
133,2,place_dish_on_table,relocate,place_on_table,"[""3156:2"",""3173:2""]","[""multi_object_sequence"",""relocate""]",True,ood
134,0,observe_table_for_bowl_0,,inspect_table,"[""1700:0"",""1958:0""]","[""fetch"",""state_change""]",,ood
134,1,observe_table_for_plate_0,,inspect_table,"[""3510:0"",""3156:1""]","[""fetch"",""open_container_then_retrieve"",""relocate"",""state_change""]",,ood
134,2,bring_along_undetected_bowl_or_plate,relocate,place_on_plate,"[""5169:2""]","[""relocate""]",True,ood
135,0,examine_kitchen_work_area,,navigate_to_kitchen_island,"[""1484:0""]","[""fetch"",""state_change""]",,ood
135,1,find_single_dish,fetch,fetch_bowl,"[""4764:0"",""1488:0""]","[""fetch"",""state_change""]",True,ood
135,2,supply_missing_dish,,fetch_bowl,"[""2686:0""]","[""fetch"",""state_change""]",,ood
136,0,survey_table,state_change,survey_table,"[""1173:0"",""2647:0""]","[""fetch"",""state_change""]",True,ood
136,1,identify_missing_item,,fetch_missing_fruit,"[""1207:1"",""2444:1""]","[""fetch"",""open_container_then_retrieve"",""relocate""]",,ood
136,2,carry_missing_item_to_table,,move_to_table,"[""1210:1"",""2918:1""]","[""relocate""]",,ood
137,0,scan_kitchen_work_area,,scan_table,"[""5235:0"",""1209:0""]","[""fetch"",""state_change""]",,ood
137,1,check_for_bowl_0,state_change,fetch_bowl,"[""4764:0"",""1488:0""]","[""fetch"",""state_change""]",True,ood
137,2,check_for_plate_0,state_change,place_plate,"[""3266:2"",""5679:2""]","[""relocate""]",False,ood
137,3,place_bowl_0_if_missing,relocate,place_bowl,[],[],False,ood
137,4,place_plate_0_if_missing,relocate,place_plate,[],[],False,ood
138,0,check_table_for_bowl_and_plate,state_change,check_table,"[""1039:0"",""1737:0""]","[""fetch"",""state_change""]",True,ood
138,1,check_if_bowl_is_missing,state_change,fetch_bowl,"[""1488:0"",""2686:0""]","[""fetch"",""state_change""]",True,ood
138,2,check_if_plate_is_missing,state_change,set_plate,"[""7118:0"",""911:0""]","[""fetch"",""state_change""]",True,ood
138,3,deliver_missing_bowl,relocate,fetch_bowl,[],[],False,ood
138,4,deliver_missing_plate,relocate,place_plate,[],[],False,ood
139,0,check_table_for_bowl_and_plate,state_change,check_table,"[""1039:0"",""1737:0""]","[""fetch"",""state_change""]",True,ood
139,1,check_if_bowl_is_missing,state_change,fetch_bowl,"[""1488:0"",""2686:0""]","[""fetch"",""state_change""]",True,ood
139,2,check_if_plate_is_missing,state_change,set_plate,"[""7118:0"",""911:0""]","[""fetch"",""state_change""]",True,ood
139,3,deliver_missing_bowl,relocate,fetch_bowl,[],[],False,ood
139,4,deliver_missing_plate,relocate,place_plate,[],[],False,ood
140,0,observe_table_for_bowl_0,,inspect_table,"[""1700:0"",""1958:0""]","[""fetch"",""state_change""]",,ood
140,1,observe_table_for_plate_0,,inspect_table,"[""3510:0"",""3156:1""]","[""fetch"",""open_container_then_retrieve"",""relocate"",""state_change""]",,ood
140,2,bring_along_undetected_bowl_or_plate,relocate,place_on_plate,"[""5169:2""]","[""relocate""]",True,ood
141,0,survey_kitchen_work_area,state_change,navigate_to_kitchen_island,"[""1484:0""]","[""fetch"",""state_change""]",True,ood
141,1,identify_missing_item,,fetch_missing_fruit,"[""1207:1"",""2444:1""]","[""fetch"",""open_container_then_retrieve"",""relocate""]",,ood
141,2,carry_missing_item_to_table,,move_to_table,"[""1210:1"",""2918:1""]","[""relocate""]",,ood
142,0,look_for_bowl_0_on_table,,fetch_bowl,"[""4764:0"",""1488:0""]","[""fetch"",""state_change""]",,ood
142,1,look_for_plate_0_on_table,,place_on_plate,"[""5169:2""]","[""relocate""]",,ood
142,2,retrieve_bowl_0_if_missing,fetch,fetch_bowl,"[""2686:0""]","[""fetch"",""state_change""]",True,ood
142,3,retrieve_plate_0_if_missing,fetch,set_plate,"[""5528:0"",""2966:0""]","[""fetch"",""state_change""]",True,ood
142,4,place_bowl_0_on_table,relocate,place_bowl,[],[],False,ood
142,5,place_plate_0_on_table,relocate,place_on_plate,[],[],False,ood
143,0,inspect_kitchen_work_area,state_change,inspect_cabinet,"[""144:0"",""1774:0""]","[""state_change""]",True,ood
143,1,fetch_bowl_1,fetch,fetch_bowl,"[""4764:0"",""1488:0""]","[""fetch"",""state_change""]",True,ood
143,2,place_bowl_1_on_table,relocate,place_bowl,"[""4764:1"",""3697:1""]","[""multi_object_sequence"",""relocate""]",True,ood
143,3,fetch_plate_0,fetch,place_plate,[],[],False,ood
143,4,place_plate_0_on_table,relocate,place_on_plate,[],[],False,ood
144,0,scan_table,,scan_table,"[""5235:0"",""1209:0""]","[""fetch"",""state_change""]",,ood
144,1,check_bowl_presence,state_change,place_bowl,"[""3697:1"",""6464:1""]","[""multi_object_sequence"",""relocate""]",False,ood
144,2,check_plate_presence,state_change,place_plate,"[""3266:2"",""5679:2""]","[""relocate""]",False,ood
144,3,place_bowl_if_needed,relocate,place_bowl,[],[],False,ood
144,4,place_plate_if_needed,relocate,place_plate,[],[],False,ood
145,0,observe_kitchen_work_area,,navigate_to_kitchen_island,"[""1484:0""]","[""fetch"",""state_change""]",,ood
145,1,detect_bowl,,fetch_bowl,"[""1488:0"",""2686:0""]","[""fetch"",""state_change""]",,ood
145,2,detect_plate,,set_plate,"[""7118:0"",""911:0""]","[""fetch"",""state_change""]",,ood
145,3,choose_missing_item,,fetch_missing_fruit,"[""1207:1""]","[""fetch"",""open_container_then_retrieve"",""relocate""]",,ood
145,4,move_to_kitchen_work_area,,move_to_cabinet,[],[],,ood
145,5,pick_missing_item,fetch,fetch_missing_fruit,[],[],False,ood
146,0,survey_kitchen_work_area,state_change,navigate_to_kitchen_island,"[""1484:0""]","[""fetch"",""state_change""]",True,ood
146,1,identify_missing_item,,fetch_missing_fruit,"[""1207:1"",""2444:1""]","[""fetch"",""open_container_then_retrieve"",""relocate""]",,ood
146,2,carry_missing_item_to_table,,move_to_table,"[""1210:1"",""2918:1""]","[""relocate""]",,ood
147,0,inspect_kitchen_work_area,state_change,inspect_cabinet,"[""144:0"",""1774:0""]","[""state_change""]",True,ood
147,1,fetch_bowl_1,fetch,fetch_bowl,"[""4764:0"",""1488:0""]","[""fetch"",""state_change""]",True,ood
147,2,place_bowl_1_on_table,relocate,place_bowl,"[""4764:1"",""3697:1""]","[""multi_object_sequence"",""relocate""]",True,ood
147,3,fetch_plate_0,fetch,place_plate,[],[],False,ood
147,4,place_plate_0_on_table,relocate,place_on_plate,[],[],False,ood
148,0,check_table_for_bowl_and_plate,state_change,check_table,"[""1502:0"",""1663:0""]","[""fetch"",""state_change""]",True,ood
148,1,if_bowl_missing_get_bowl,fetch,fetch_bowl,"[""1488:0"",""2686:0""]","[""fetch"",""state_change""]",True,ood
148,2,if_plate_missing_get_plate,fetch,set_plate,"[""5528:0"",""2966:0""]","[""fetch"",""state_change""]",True,ood
148,3,place_missing_dish_on_table,relocate,place_plate_on_kitchen_island,[],[],False,ood
149,0,find_non_table_item,fetch,inspect_table,"[""1700:0"",""1958:0""]","[""fetch"",""state_change""]",True,ood
149,1,move_to_non_table_item,,move_to_table,"[""1210:1"",""2918:1""]","[""relocate""]",,ood
149,2,pick_non_table_item,fetch,move_to_table,"[""3979:1""]","[""relocate""]",False,ood
149,3,move_to_table,,move_to_table,[],[],,ood
149,4,place_non_table_item_on_table,relocate,place_on_table,"[""3156:2""]","[""multi_object_sequence"",""relocate""]",True,ood
150,0,survey_kitchen_work_area,state_change,navigate_to_kitchen_island,"[""1484:0""]","[""fetch"",""state_change""]",True,ood
150,1,identify_missing_item,,fetch_missing_fruit,"[""1207:1"",""2444:1""]","[""fetch"",""open_container_then_retrieve"",""relocate""]",,ood
150,2,carry_missing_item_to_table,,move_to_table,"[""1210:1"",""2918:1""]","[""relocate""]",,ood
151,0,glance_at_table,,inspect_table,"[""1633:0"",""2098:0""]","[""fetch"",""state_change""]",,ood
151,1,confirm_bowl_and_plate,,place_bowl,"[""1488:2"",""2686:2""]","[""fetch"",""multi_object_sequence"",""open_container_then_retrieve"",""relocate""]",,ood
151,2,fetch_absent_dish,fetch,fetch_bowl,"[""1488:0"",""2686:0""]","[""fetch"",""state_change""]",True,ood
152,0,check_table_for_bowl_and_plate,state_change,check_table,"[""1502:0"",""1663:0""]","[""fetch"",""state_change""]",True,ood
152,1,if_bowl_missing_get_bowl,fetch,fetch_bowl,"[""1488:0"",""2686:0""]","[""fetch"",""state_change""]",True,ood
152,2,if_plate_missing_get_plate,fetch,set_plate,"[""5528:0"",""2966:0""]","[""fetch"",""state_change""]",True,ood
152,3,place_missing_dish_on_table,relocate,place_plate_on_kitchen_island,[],[],False,ood
153,0,examine_table,,inspect_table,"[""1700:0"",""1958:0""]","[""fetch"",""state_change""]",,ood
153,1,find_single_dish,fetch,fetch_bowl,"[""4764:0"",""1488:0""]","[""fetch"",""state_change""]",True,ood
153,2,supply_missing_dish,,fetch_bowl,"[""2686:0""]","[""fetch"",""state_change""]",,ood
153,3,position_both_dishes,,place_plate_on_kitchen_island,"[""1484:1""]","[""relocate""]",,ood
154,0,find_non_resting_bowl_or_plate,fetch,place_bowl,"[""4764:1"",""1488:2""]","[""fetch"",""multi_object_sequence"",""open_container_then_retrieve"",""relocate""]",True,ood
154,1,move_to_non_resting_bowl_or_plate,,place_on_plate,"[""5169:2""]","[""relocate""]",,ood
154,2,pick_non_resting_bowl_or_plate,fetch,place_on_plate,[],[],False,ood
154,3,move_to_kitchen_work_area,,move_to_cabinet,"[""3800:0"",""2775:1""]","[""fetch"",""state_change""]",,ood
154,4,place_non_resting_bowl_or_plate,relocate,place_on_plate,[],[],False,ood
155,0,find_non_table_item,fetch,inspect_table,"[""1700:0"",""1958:0""]","[""fetch"",""state_change""]",True,ood
155,1,move_to_non_table_item,,move_to_table,"[""1210:1"",""2918:1""]","[""relocate""]",,ood
155,2,pick_non_table_item,fetch,move_to_table,"[""3979:1""]","[""relocate""]",False,ood
155,3,move_to_table,,move_to_table,[],[],,ood
155,4,place_non_table_item_on_table,relocate,place_on_table,"[""3156:2""]","[""multi_object_sequence"",""relocate""]",True,ood
156,0,survey_kitchen_work_area,state_change,navigate_to_kitchen_island,"[""1484:0""]","[""fetch"",""state_change""]",True,ood
156,1,identify_missing_item,,fetch_missing_fruit,"[""1207:1"",""2444:1""]","[""fetch"",""open_container_then_retrieve"",""relocate""]",,ood
156,2,carry_missing_item_to_table,,move_to_table,"[""1210:1"",""2918:1""]","[""relocate""]",,ood
157,0,inspect_table,state_change,inspect_table,"[""1700:0"",""1958:0""]","[""fetch"",""state_change""]",True,ood
157,1,fetch_hidden_dish,fetch,fetch_bowl,"[""4764:0"",""1488:0""]","[""fetch"",""state_change""]",True,ood
157,2,place_dish_on_table,relocate,place_on_table,"[""3156:2"",""3173:2""]","[""multi_object_sequence"",""relocate""]",True,ood
158,0,inspect_table,state_change,inspect_table,"[""1700:0"",""1958:0""]","[""fetch"",""state_change""]",True,ood
158,1,fetch_bowl_0,fetch,fetch_bowl,"[""4764:0"",""1488:0""]","[""fetch"",""state_change""]",True,ood
158,2,place_bowl_0_on_table,relocate,place_bowl,"[""4764:1"",""1488:2""]","[""fetch"",""multi_object_sequence"",""open_container_then_retrieve"",""relocate""]",True,ood
158,3,fetch_plate_0,fetch,place_plate,[],[],False,ood
158,4,place_plate_0_on_table,relocate,place_on_plate,[],[],False,ood
159,0,inspect_table,state_change,inspect_table,"[""1700:0"",""1958:0""]","[""fetch"",""state_change""]",True,ood
159,1,fetch_bowl_0,fetch,fetch_bowl,"[""4764:0"",""1488:0""]","[""fetch"",""state_change""]",True,ood
159,2,place_bowl_0_on_table,relocate,place_bowl,"[""4764:1"",""1488:2""]","[""fetch"",""multi_object_sequence"",""open_container_then_retrieve"",""relocate""]",True,ood
159,3,fetch_plate_0,fetch,place_plate,[],[],False,ood
159,4,place_plate_0_on_table,relocate,place_on_plate,[],[],False,ood
160,0,find_non_table_item,fetch,inspect_table,"[""1700:0"",""1958:0""]","[""fetch"",""state_change""]",True,ood
160,1,move_to_non_table_item,,move_to_table,"[""1210:1"",""2918:1""]","[""relocate""]",,ood
160,2,pick_non_table_item,fetch,move_to_table,"[""3979:1""]","[""relocate""]",False,ood
160,3,move_to_table,,move_to_table,[],[],,ood
160,4,place_non_table_item_on_table,relocate,place_on_table,"[""3156:2""]","[""multi_object_sequence"",""relocate""]",True,ood
161,0,check_table_for_bowl_and_plate,state_change,check_table,"[""1502:0"",""1663:0""]","[""fetch"",""state_change""]",True,ood
161,1,if_bowl_missing_get_bowl,fetch,fetch_bowl,"[""1488:0"",""2686:0""]","[""fetch"",""state_change""]",True,ood
161,2,if_plate_missing_get_plate,fetch,set_plate,"[""5528:0"",""2966:0""]","[""fetch"",""state_change""]",True,ood
161,3,place_missing_dish_on_table,relocate,place_plate_on_kitchen_island,[],[],False,ood
162,0,inspect_table,state_change,inspect_table,"[""1700:0"",""1958:0""]","[""fetch"",""state_change""]",True,ood
162,1,fetch_bowl_0,fetch,fetch_bowl,"[""4764:0"",""1488:0""]","[""fetch"",""state_change""]",True,ood
162,2,place_bowl_0_on_table,relocate,place_bowl,"[""4764:1"",""1488:2""]","[""fetch"",""multi_object_sequence"",""open_container_then_retrieve"",""relocate""]",True,ood
162,3,fetch_plate_0,fetch,place_plate,[],[],False,ood
162,4,place_plate_0_on_table,relocate,place_on_plate,[],[],False,ood
163,0,survey_kitchen_work_area,state_change,navigate_to_kitchen_island,"[""1484:0""]","[""fetch"",""state_change""]",True,ood
163,1,identify_missing_item,,fetch_missing_fruit,"[""1207:1"",""2444:1""]","[""fetch"",""open_container_then_retrieve"",""relocate""]",,ood
163,2,carry_missing_item_to_table,,move_to_table,"[""1210:1"",""2918:1""]","[""relocate""]",,ood
164,0,inspect_table,state_change,inspect_table,"[""1700:0"",""1958:0""]","[""fetch"",""state_change""]",True,ood
164,1,fetch_bowl_0,fetch,fetch_bowl,"[""4764:0"",""1488:0""]","[""fetch"",""state_change""]",True,ood
164,2,place_bowl_0_on_table,relocate,place_bowl,"[""4764:1"",""1488:2""]","[""fetch"",""multi_object_sequence"",""open_container_then_retrieve"",""relocate""]",True,ood
164,3,fetch_plate_0,fetch,place_plate,[],[],False,ood
164,4,place_plate_0_on_table,relocate,place_on_plate,[],[],False,ood
165,0,observe_kitchen_work_area,,navigate_to_kitchen_island,"[""1484:0""]","[""fetch"",""state_change""]",,ood
165,1,detect_bowl,,fetch_bowl,"[""1488:0"",""2686:0""]","[""fetch"",""state_change""]",,ood
165,2,detect_plate,,set_plate,"[""7118:0"",""911:0""]","[""fetch"",""state_change""]",,ood
165,3,choose_missing_item,,fetch_missing_fruit,"[""1207:1""]","[""fetch"",""open_container_then_retrieve"",""relocate""]",,ood
165,4,move_to_kitchen_work_area,,move_to_cabinet,[],[],,ood
165,5,pick_missing_item,fetch,fetch_missing_fruit,[],[],False,ood
166,0,look_over_table,,inspect_table,"[""1700:0"",""1958:0""]","[""fetch"",""state_change""]",,ood
166,1,check_bowl_0_location,state_change,place_bowl,"[""1488:2"",""2686:2""]","[""fetch"",""multi_object_sequence"",""open_container_then_retrieve"",""relocate""]",False,ood
166,2,check_plate_0_location,state_change,place_plate,"[""1379:0"",""4075:0""]","[""fetch"",""state_change""]",True,ood
166,3,get_missing_item,fetch,fetch_missing_fruit,[],[],False,ood
166,4,place_item_on_table,relocate,place_on_table,[],[],False,ood
167,0,survey_kitchen_work_area,state_change,navigate_to_kitchen_island,"[""1484:0""]","[""fetch"",""state_change""]",True,ood
167,1,identify_missing_item,,fetch_missing_fruit,"[""1207:1"",""2444:1""]","[""fetch"",""open_container_then_retrieve"",""relocate""]",,ood
167,2,carry_missing_item_to_table,,move_to_table,"[""1210:1"",""2918:1""]","[""relocate""]",,ood
168,0,inspect_table,state_change,inspect_table,"[""1700:0"",""1958:0""]","[""fetch"",""state_change""]",True,ood
168,1,fetch_bowl_0,fetch,fetch_bowl,"[""4764:0"",""1488:0""]","[""fetch"",""state_change""]",True,ood
168,2,place_bowl_0_on_table,relocate,place_bowl,"[""4764:1"",""1488:2""]","[""fetch"",""multi_object_sequence"",""open_container_then_retrieve"",""relocate""]",True,ood
168,3,fetch_plate_0,fetch,place_plate,[],[],False,ood
168,4,place_plate_0_on_table,relocate,place_on_plate,[],[],False,ood
169,0,survey_table,state_change,survey_table,"[""1173:0"",""2647:0""]","[""fetch"",""state_change""]",True,ood
169,1,identify_missing_item,,fetch_missing_fruit,"[""1207:1"",""2444:1""]","[""fetch"",""open_container_then_retrieve"",""relocate""]",,ood
169,2,carry_missing_item_to_table,,move_to_table,"[""1210:1"",""2918:1""]","[""relocate""]",,ood
170,0,survey_kitchen_work_area,state_change,navigate_to_kitchen_island,"[""1484:0""]","[""fetch"",""state_change""]",True,ood
170,1,identify_missing_item,,fetch_missing_fruit,"[""1207:1"",""2444:1""]","[""fetch"",""open_container_then_retrieve"",""relocate""]",,ood
170,2,carry_missing_item_to_table,,move_to_table,"[""1210:1"",""2918:1""]","[""relocate""]",,ood
171,0,look_for_bowl_0_on_table,,fetch_bowl,"[""4764:0"",""1488:0""]","[""fetch"",""state_change""]",,ood
171,1,look_for_plate_0_on_table,,place_on_plate,"[""5169:2""]","[""relocate""]",,ood
171,2,retrieve_bowl_0_if_missing,fetch,fetch_bowl,"[""2686:0""]","[""fetch"",""state_change""]",True,ood
171,3,retrieve_plate_0_if_missing,fetch,set_plate,"[""5528:0"",""2966:0""]","[""fetch"",""state_change""]",True,ood
171,4,place_bowl_0_on_table_if_missing,relocate,place_bowl,[],[],False,ood
171,5,place_plate_0_on_table_if_missing,relocate,place_on_plate,[],[],False,ood
172,0,check_table_for_bowl_and_plate,state_change,check_table,"[""1039:0"",""1737:0""]","[""fetch"",""state_change""]",True,ood
172,1,check_if_bowl_is_missing,state_change,fetch_bowl,"[""1488:0"",""2686:0""]","[""fetch"",""state_change""]",True,ood
172,2,check_if_plate_is_missing,state_change,set_plate,"[""7118:0"",""911:0""]","[""fetch"",""state_change""]",True,ood
172,3,deliver_missing_bowl,relocate,fetch_bowl,[],[],False,ood
172,4,deliver_missing_plate,relocate,place_plate,[],[],False,ood
173,0,survey_table,state_change,survey_table,"[""1173:0"",""2647:0""]","[""fetch"",""state_change""]",True,ood
173,1,identify_missing_item,,fetch_missing_fruit,"[""1207:1"",""2444:1""]","[""fetch"",""open_container_then_retrieve"",""relocate""]",,ood
173,2,carry_missing_item_to_table,,move_to_table,"[""1210:1"",""2918:1""]","[""relocate""]",,ood
174,0,scan_kitchen_work_area,,scan_table,"[""5235:0"",""1209:0""]","[""fetch"",""state_change""]",,ood
174,1,check_for_bowl_0,state_change,fetch_bowl,"[""4764:0"",""1488:0""]","[""fetch"",""state_change""]",True,ood
174,2,check_for_plate_0,state_change,place_plate,"[""3266:2"",""5679:2""]","[""relocate""]",False,ood
174,3,place_bowl_0_if_missing,relocate,place_bowl,[],[],False,ood
174,4,place_plate_0_if_missing,relocate,place_plate,[],[],False,ood
175,0,glance_at_table,,inspect_table,"[""1633:0"",""2098:0""]","[""fetch"",""state_change""]",,ood
175,1,confirm_one_bowl_and_one_plate,,place_bowl,"[""1488:2"",""2686:2""]","[""fetch"",""multi_object_sequence"",""open_container_then_retrieve"",""relocate""]",,ood
175,2,fetch_absent_dish,fetch,fetch_bowl,"[""1488:0"",""2686:0""]","[""fetch"",""state_change""]",True,ood
176,0,inspect_kitchen_work_area,state_change,inspect_cabinet,"[""144:0"",""1774:0""]","[""state_change""]",True,ood
176,1,fetch_bowl_1,fetch,fetch_bowl,"[""4764:0"",""1488:0""]","[""fetch"",""state_change""]",True,ood
176,2,place_bowl_1_on_table,relocate,place_bowl,"[""4764:1"",""3697:1""]","[""multi_object_sequence"",""relocate""]",True,ood
176,3,fetch_plate_0,fetch,place_plate,[],[],False,ood
176,4,place_plate_0_on_table,relocate,place_on_plate,[],[],False,ood
177,0,inspect_table,state_change,inspect_table,"[""1700:0"",""1958:0""]","[""fetch"",""state_change""]",True,ood
177,1,fetch_bowl_0,fetch,fetch_bowl,"[""4764:0"",""1488:0""]","[""fetch"",""state_change""]",True,ood
177,2,place_bowl_0_on_table,relocate,place_bowl,"[""4764:1"",""1488:2""]","[""fetch"",""multi_object_sequence"",""open_container_then_retrieve"",""relocate""]",True,ood
177,3,fetch_plate_0,fetch,place_plate,[],[],False,ood
177,4,place_plate_0_on_table,relocate,place_on_plate,[],[],False,ood
178,0,find_non_table_item,fetch,inspect_table,"[""1700:0"",""1958:0""]","[""fetch"",""state_change""]",True,ood
178,1,move_to_non_table_item,,move_to_table,"[""1210:1"",""2918:1""]","[""relocate""]",,ood
178,2,pick_non_table_item,fetch,move_to_table,"[""3979:1""]","[""relocate""]",False,ood
178,3,move_to_table,,move_to_table,[],[],,ood
178,4,place_non_table_item_on_table,relocate,place_on_table,"[""3156:2""]","[""multi_object_sequence"",""relocate""]",True,ood
179,0,check_table_for_bowl_0,state_change,check_table,"[""1039:0"",""1737:0""]","[""fetch"",""state_change""]",True,ood
179,1,check_table_for_plate_0,state_change,check_table,"[""2239:0"",""6057:0""]","[""fetch"",""state_change""]",True,ood
179,2,deliver_bowl_0_if_missing,relocate,fetch_bowl,"[""1488:0"",""2686:0""]","[""fetch"",""state_change""]",False,ood
179,3,deliver_plate_0_if_missing,relocate,place_plate,[],[],False,ood
180,0,scan_table,,scan_table,"[""5235:0"",""1209:0""]","[""fetch"",""state_change""]",,ood
180,1,check_for_bowl,state_change,fetch_bowl,"[""4764:0"",""1488:0""]","[""fetch"",""state_change""]",True,ood
180,2,check_for_plate,state_change,set_plate,"[""7118:0"",""911:0""]","[""fetch"",""state_change""]",True,ood
180,3,place_bowl_on_table,relocate,place_on_table,[],[],False,ood
180,4,place_plate_on_table,relocate,place_on_plate,[],[],False,ood
181,0,glance_at_table,,inspect_table,"[""1633:0"",""2098:0""]","[""fetch"",""state_change""]",,ood
181,1,confirm_one_bowl_and_one_plate,,place_bowl,"[""2501:1"",""1488:2""]","[""fetch"",""multi_object_sequence"",""open_container_then_retrieve"",""relocate""]",,ood
181,2,fetch_absent_dish,fetch,fetch_bowl,"[""1488:0"",""2686:0""]","[""fetch"",""state_change""]",True,ood
182,0,inspect_table,state_change,inspect_table,"[""1700:0"",""1958:0""]","[""fetch"",""state_change""]",True,ood
182,1,fetch_bowl_0,fetch,fetch_bowl,"[""4764:0"",""1488:0""]","[""fetch"",""state_change""]",True,ood
182,2,place_bowl_0_on_table,relocate,place_bowl,"[""4764:1"",""1488:2""]","[""fetch"",""multi_object_sequence"",""open_container_then_retrieve"",""relocate""]",True,ood
182,3,fetch_plate_0,fetch,place_plate,[],[],False,ood
182,4,place_plate_0_on_table,relocate,place_on_plate,[],[],False,ood
183,0,look_for_bowl_0_on_table,,fetch_bowl,"[""4764:0"",""1488:0""]","[""fetch"",""state_change""]",,ood
183,1,look_for_plate_0_on_table,,place_on_plate,"[""5169:2""]","[""relocate""]",,ood
183,2,retrieve_bowl_0_if_missing,fetch,fetch_bowl,"[""2686:0""]","[""fetch"",""state_change""]",True,ood
183,3,retrieve_plate_0_if_missing,fetch,set_plate,"[""5528:0"",""2966:0""]","[""fetch"",""state_change""]",True,ood
184,0,look_for_bowl_0_on_table,,fetch_bowl,"[""4764:0"",""1488:0""]","[""fetch"",""state_change""]",,ood
184,1,look_for_plate_0_on_table,,place_on_plate,"[""5169:2""]","[""relocate""]",,ood
184,2,retrieve_bowl_0_if_missing,fetch,fetch_bowl,"[""2686:0""]","[""fetch"",""state_change""]",True,ood
184,3,retrieve_plate_0_if_missing,fetch,set_plate,"[""5528:0"",""2966:0""]","[""fetch"",""state_change""]",True,ood
184,4,place_bowl_0_on_table_if_missing,relocate,place_bowl,[],[],False,ood
184,5,place_plate_0_on_table_if_missing,relocate,place_on_plate,[],[],False,ood
185,0,inspect_kitchen_work_area,state_change,inspect_cabinet,"[""144:0"",""1774:0""]","[""state_change""]",True,ood
185,1,fetch_bowl_1,fetch,fetch_bowl,"[""4764:0"",""1488:0""]","[""fetch"",""state_change""]",True,ood
185,2,place_bowl_1_on_table,relocate,place_bowl,"[""4764:1"",""3697:1""]","[""multi_object_sequence"",""relocate""]",True,ood
185,3,fetch_plate_0,fetch,place_plate,[],[],False,ood
185,4,place_plate_0_on_table,relocate,place_on_plate,[],[],False,ood
186,0,check_table_for_bowl_0,state_change,check_table,"[""1039:0"",""1737:0""]","[""fetch"",""state_change""]",True,ood
186,1,check_table_for_plate_0,state_change,check_table,"[""2239:0"",""6057:0""]","[""fetch"",""state_change""]",True,ood
186,2,deliver_bowl_0_if_missing,relocate,fetch_bowl,"[""1488:0"",""2686:0""]","[""fetch"",""state_change""]",False,ood
186,3,deliver_plate_0_if_missing,relocate,place_plate,[],[],False,ood
187,0,look_over_table,,inspect_table,"[""1700:0"",""1958:0""]","[""fetch"",""state_change""]",,ood
187,1,check_bowl_0_location,state_change,place_bowl,"[""1488:2"",""2686:2""]","[""fetch"",""multi_object_sequence"",""open_container_then_retrieve"",""relocate""]",False,ood
187,2,check_plate_0_location,state_change,place_plate,"[""1379:0"",""4075:0""]","[""fetch"",""state_change""]",True,ood
187,3,get_missing_item,fetch,fetch_missing_fruit,[],[],False,ood
187,4,place_item_on_table,relocate,place_on_table,[],[],False,ood
188,0,inspect_kitchen_work_area,state_change,inspect_cabinet,"[""144:0"",""1774:0""]","[""state_change""]",True,ood
188,1,fetch_bowl_1,fetch,fetch_bowl,"[""4764:0"",""1488:0""]","[""fetch"",""state_change""]",True,ood
188,2,place_bowl_1_on_table,relocate,place_bowl,"[""4764:1"",""3697:1""]","[""multi_object_sequence"",""relocate""]",True,ood
188,3,fetch_plate_0,fetch,place_plate,[],[],False,ood
188,4,place_plate_0_on_table,relocate,place_on_plate,[],[],False,ood
189,0,scan_table,,scan_table,"[""5235:0"",""1209:0""]","[""fetch"",""state_change""]",,ood
189,1,check_for_bowl,state_change,fetch_bowl,"[""4764:0"",""1488:0""]","[""fetch"",""state_change""]",True,ood
189,2,check_for_plate,state_change,set_plate,"[""7118:0"",""911:0""]","[""fetch"",""state_change""]",True,ood
189,3,place_bowl_on_table,relocate,place_on_table,[],[],False,ood
189,4,place_plate_on_table,relocate,place_on_plate,[],[],False,ood
190,0,inspect_kitchen_work_area,state_change,inspect_cabinet,"[""144:0"",""1774:0""]","[""state_change""]",True,ood
190,1,fetch_bowl_1,fetch,fetch_bowl,"[""4764:0"",""1488:0""]","[""fetch"",""state_change""]",True,ood
190,2,place_bowl_1_on_table,relocate,place_bowl,"[""4764:1"",""3697:1""]","[""multi_object_sequence"",""relocate""]",True,ood
190,3,fetch_plate_0,fetch,place_plate,[],[],False,ood
190,4,place_plate_0_on_table,relocate,place_on_plate,[],[],False,ood
191,0,examine_kitchen_work_area,,navigate_to_kitchen_island,"[""1484:0""]","[""fetch"",""state_change""]",,ood
191,1,find_single_dish,fetch,fetch_bowl,"[""4764:0"",""1488:0""]","[""fetch"",""state_change""]",True,ood
191,2,supply_missing_dish,,fetch_bowl,"[""2686:0""]","[""fetch"",""state_change""]",,ood
192,0,check_table_for_bowl_0,state_change,check_table,"[""1039:0"",""1737:0""]","[""fetch"",""state_change""]",True,ood
192,1,check_table_for_plate_0,state_change,check_table,"[""2239:0"",""6057:0""]","[""fetch"",""state_change""]",True,ood
192,2,deliver_bowl_0_if_missing,relocate,fetch_bowl,"[""1488:0"",""2686:0""]","[""fetch"",""state_change""]",False,ood
192,3,deliver_plate_0_if_missing,relocate,place_plate,[],[],False,ood
193,0,inspect_kitchen_work_area,state_change,inspect_cabinet,"[""144:0"",""1774:0""]","[""state_change""]",True,ood
193,1,fetch_bowl_1,fetch,fetch_bowl,"[""4764:0"",""1488:0""]","[""fetch"",""state_change""]",True,ood
193,2,place_bowl_1_on_table,relocate,place_bowl,"[""4764:1"",""3697:1""]","[""multi_object_sequence"",""relocate""]",True,ood
193,3,fetch_plate_0,fetch,place_plate,[],[],False,ood
193,4,place_plate_0_on_table,relocate,place_on_plate,[],[],False,ood
194,0,scan_table,,scan_table,"[""5235:0"",""1209:0""]","[""fetch"",""state_change""]",,ood
194,1,check_bowl_presence,state_change,place_bowl,"[""3697:1"",""6464:1""]","[""multi_object_sequence"",""relocate""]",False,ood
194,2,check_plate_presence,state_change,place_plate,"[""3266:2"",""5679:2""]","[""relocate""]",False,ood
194,3,place_bowl_if_needed,relocate,place_bowl,[],[],False,ood
194,4,place_plate_if_needed,relocate,place_plate,[],[],False,ood
195,0,check_table_for_bowl_and_plate,state_change,check_table,"[""1502:0"",""1663:0""]","[""fetch"",""state_change""]",True,ood
195,1,if_bowl_missing_get_bowl,fetch,fetch_bowl,"[""1488:0"",""2686:0""]","[""fetch"",""state_change""]",True,ood
195,2,if_plate_missing_get_plate,fetch,set_plate,"[""5528:0"",""2966:0""]","[""fetch"",""state_change""]",True,ood
195,3,place_missing_dish_on_table,relocate,place_plate_on_kitchen_island,[],[],False,ood
196,0,survey_table,state_change,survey_table,"[""1173:0"",""2647:0""]","[""fetch"",""state_change""]",True,ood
196,1,identify_missing_item,,fetch_missing_fruit,"[""1207:1"",""2444:1""]","[""fetch"",""open_container_then_retrieve"",""relocate""]",,ood
196,2,carry_missing_item_to_table,,move_to_table,"[""1210:1"",""2918:1""]","[""relocate""]",,ood
197,0,scan_table,,scan_table,"[""5235:0"",""1209:0""]","[""fetch"",""state_change""]",,ood
197,1,check_for_bowl,state_change,fetch_bowl,"[""4764:0"",""1488:0""]","[""fetch"",""state_change""]",True,ood
197,2,check_for_plate,state_change,set_plate,"[""7118:0"",""911:0""]","[""fetch"",""state_change""]",True,ood
197,3,place_bowl_on_table,relocate,place_on_table,[],[],False,ood
197,4,place_plate_on_table,relocate,place_on_plate,[],[],False,ood
198,0,check_table_for_bowl_and_plate,state_change,check_table,"[""1039:0"",""1737:0""]","[""fetch"",""state_change""]",True,ood
198,1,check_if_bowl_is_missing,state_change,fetch_bowl,"[""1488:0"",""2686:0""]","[""fetch"",""state_change""]",True,ood
198,2,check_if_plate_is_missing,state_change,set_plate,"[""7118:0"",""911:0""]","[""fetch"",""state_change""]",True,ood
198,3,deliver_missing_bowl,relocate,fetch_bowl,[],[],False,ood
198,4,deliver_missing_plate,relocate,place_plate,[],[],False,ood
199,0,check_kitchen_work_area_for_bowl_and_plate,state_change,place_plate_on_kitchen_island,"[""2240:0"",""1484:1""]","[""fetch"",""relocate"",""state_change""]",True,ood
199,1,if_bowl_missing_get_bowl,fetch,fetch_bowl,"[""1488:0"",""2686:0""]","[""fetch"",""state_change""]",True,ood
199,2,if_plate_missing_get_plate,fetch,set_plate,"[""5528:0"",""2966:0""]","[""fetch"",""state_change""]",True,ood
199,3,place_missing_dish_on_table,relocate,place_plate_on_kitchen_island,[],[],False,ood
200,0,survey_kitchen_work_area,state_change,navigate_to_kitchen_island,"[""1484:0""]","[""fetch"",""state_change""]",True,ood
200,1,identify_missing_item,,fetch_missing_fruit,"[""1207:1"",""2444:1""]","[""fetch"",""open_container_then_retrieve"",""relocate""]",,ood
200,2,carry_missing_item_to_table,,move_to_table,"[""1210:1"",""2918:1""]","[""relocate""]",,ood
201,0,look_for_bowl_0_on_table,,fetch_bowl,"[""4764:0"",""1488:0""]","[""fetch"",""state_change""]",,ood
201,1,look_for_plate_0_on_table,,place_on_plate,"[""5169:2""]","[""relocate""]",,ood
201,2,retrieve_bowl_0_if_missing,fetch,fetch_bowl,"[""2686:0""]","[""fetch"",""state_change""]",True,ood
201,3,retrieve_plate_0_if_missing,fetch,set_plate,"[""5528:0"",""2966:0""]","[""fetch"",""state_change""]",True,ood
202,0,survey_kitchen_work_area,state_change,navigate_to_kitchen_island,"[""1484:0""]","[""fetch"",""state_change""]",True,ood
202,1,identify_missing_item,,fetch_missing_fruit,"[""1207:1"",""2444:1""]","[""fetch"",""open_container_then_retrieve"",""relocate""]",,ood
202,2,carry_missing_item_to_table,,move_to_table,"[""1210:1"",""2918:1""]","[""relocate""]",,ood
203,0,check_table_for_bowl_and_plate,state_change,check_table,"[""1502:0"",""1663:0""]","[""fetch"",""state_change""]",True,ood
203,1,if_bowl_missing_get_bowl,fetch,fetch_bowl,"[""1488:0"",""2686:0""]","[""fetch"",""state_change""]",True,ood
203,2,if_plate_missing_get_plate,fetch,set_plate,"[""5528:0"",""2966:0""]","[""fetch"",""state_change""]",True,ood
203,3,place_missing_dish_on_table,relocate,place_plate_on_kitchen_island,[],[],False,ood
204,0,observe_table_for_bowl_0,,inspect_table,"[""1700:0"",""1958:0""]","[""fetch"",""state_change""]",,ood
204,1,observe_table_for_plate_0,,inspect_table,"[""3510:0"",""3156:1""]","[""fetch"",""open_container_then_retrieve"",""relocate"",""state_change""]",,ood
204,2,bring_along_undetected_bowl_or_plate,relocate,place_on_plate,"[""5169:2""]","[""relocate""]",True,ood
205,0,glance_at_table,,inspect_table,"[""1633:0"",""2098:0""]","[""fetch"",""state_change""]",,ood
205,1,confirm_one_bowl_and_one_plate,,place_bowl,"[""1488:2"",""2686:2""]","[""fetch"",""multi_object_sequence"",""open_container_then_retrieve"",""relocate""]",,ood
205,2,fetch_absent_dish,fetch,fetch_bowl,"[""1488:0"",""2686:0""]","[""fetch"",""state_change""]",True,ood
206,0,inspect_kitchen_work_area,state_change,inspect_cabinet,"[""144:0"",""1774:0""]","[""state_change""]",True,ood
206,1,fetch_bowl_1,fetch,fetch_bowl,"[""4764:0"",""1488:0""]","[""fetch"",""state_change""]",True,ood
206,2,place_bowl_1_on_table,relocate,place_bowl,"[""4764:1"",""3697:1""]","[""multi_object_sequence"",""relocate""]",True,ood
206,3,fetch_plate_0,fetch,place_plate,[],[],False,ood
206,4,place_plate_0_on_table,relocate,place_on_plate,[],[],False,ood
207,0,survey_table,state_change,survey_table,"[""1173:0"",""2647:0""]","[""fetch"",""state_change""]",True,ood
207,1,identify_missing_item,,fetch_missing_fruit,"[""1207:1"",""2444:1""]","[""fetch"",""open_container_then_retrieve"",""relocate""]",,ood
207,2,carry_missing_item_to_table,,move_to_table,"[""1210:1"",""2918:1""]","[""relocate""]",,ood
208,0,check_table_for_bowl_0,state_change,check_table,"[""1039:0"",""1737:0""]","[""fetch"",""state_change""]",True,ood
208,1,check_table_for_plate_0,state_change,check_table,"[""2239:0"",""6057:0""]","[""fetch"",""state_change""]",True,ood
208,2,deliver_bowl_0_if_missing,relocate,fetch_bowl,"[""1488:0"",""2686:0""]","[""fetch"",""state_change""]",False,ood
208,3,deliver_plate_0_if_missing,relocate,place_plate,[],[],False,ood
209,0,check_kitchen_work_area,state_change,navigate_to_kitchen_island,"[""1484:0""]","[""fetch"",""state_change""]",True,ood
209,1,check_for_bowl,state_change,fetch_bowl,"[""1488:0"",""2686:0""]","[""fetch"",""state_change""]",True,ood
209,2,check_for_plate,state_change,set_plate,"[""7118:0"",""911:0""]","[""fetch"",""state_change""]",True,ood
209,3,deliver_missing_bowl,relocate,fetch_bowl,"[""4764:0""]","[""fetch"",""state_change""]",False,ood
209,4,deliver_missing_plate,relocate,place_plate,[],[],False,ood
210,0,survey_table,state_change,survey_table,"[""1173:0"",""2647:0""]","[""fetch"",""state_change""]",True,ood
210,1,identify_missing_item,,fetch_missing_fruit,"[""1207:1"",""2444:1""]","[""fetch"",""open_container_then_retrieve"",""relocate""]",,ood
210,2,carry_missing_item_to_table,,move_to_table,"[""1210:1"",""2918:1""]","[""relocate""]",,ood
211,0,examine_kitchen_work_area,,navigate_to_kitchen_island,"[""1484:0""]","[""fetch"",""state_change""]",,ood
211,1,find_single_dish,fetch,fetch_bowl,"[""4764:0"",""1488:0""]","[""fetch"",""state_change""]",True,ood
211,2,supply_missing_dish,,fetch_bowl,"[""2686:0""]","[""fetch"",""state_change""]",,ood
212,0,scan_kitchen_work_area,,scan_table,"[""5235:0"",""1209:0""]","[""fetch"",""state_change""]",,ood
212,1,check_for_bowl_0,state_change,fetch_bowl,"[""4764:0"",""1488:0""]","[""fetch"",""state_change""]",True,ood
212,2,check_for_plate_0,state_change,place_plate,"[""3266:2"",""5679:2""]","[""relocate""]",False,ood
212,3,place_bowl_0_if_missing,relocate,place_bowl,[],[],False,ood
212,4,place_plate_0_if_missing,relocate,place_plate,[],[],False,ood
213,0,look_over_table,,inspect_table,"[""1700:0"",""1958:0""]","[""fetch"",""state_change""]",,ood
213,1,check_bowl_0_location,state_change,place_bowl,"[""1488:2"",""2686:2""]","[""fetch"",""multi_object_sequence"",""open_container_then_retrieve"",""relocate""]",False,ood
213,2,check_plate_0_location,state_change,place_plate,"[""1379:0"",""4075:0""]","[""fetch"",""state_change""]",True,ood
213,3,get_missing_item,fetch,fetch_missing_fruit,[],[],False,ood
213,4,place_item_on_table,relocate,place_on_table,[],[],False,ood
214,0,survey_table,state_change,survey_table,"[""1173:0"",""2647:0""]","[""fetch"",""state_change""]",True,ood
214,1,identify_missing_item,,fetch_missing_fruit,"[""1207:1"",""2444:1""]","[""fetch"",""open_container_then_retrieve"",""relocate""]",,ood
214,2,carry_missing_item_to_table,,move_to_table,"[""1210:1"",""2918:1""]","[""relocate""]",,ood
215,0,survey_table,state_change,survey_table,"[""1173:0"",""2647:0""]","[""fetch"",""state_change""]",True,ood
215,1,identify_missing_item,,fetch_missing_fruit,"[""1207:1"",""2444:1""]","[""fetch"",""open_container_then_retrieve"",""relocate""]",,ood
215,2,carry_missing_item_to_table,,move_to_table,"[""1210:1"",""2918:1""]","[""relocate""]",,ood
216,0,survey_kitchen_work_area,state_change,navigate_to_kitchen_island,"[""1484:0""]","[""fetch"",""state_change""]",True,ood
216,1,identify_missing_item,,fetch_missing_fruit,"[""1207:1"",""2444:1""]","[""fetch"",""open_container_then_retrieve"",""relocate""]",,ood
216,2,carry_missing_item_to_table,,move_to_table,"[""1210:1"",""2918:1""]","[""relocate""]",,ood
217,0,find_non_table_item,fetch,inspect_table,"[""1700:0"",""1958:0""]","[""fetch"",""state_change""]",True,ood
217,1,move_to_non_table_item,,move_to_table,"[""1210:1"",""2918:1""]","[""relocate""]",,ood
217,2,pick_non_table_item,fetch,move_to_table,"[""3979:1""]","[""relocate""]",False,ood
217,3,move_to_table,,move_to_table,[],[],,ood
217,4,place_non_table_item_on_table,relocate,place_on_table,"[""3156:2""]","[""multi_object_sequence"",""relocate""]",True,ood
218,0,examine_table,,inspect_table,"[""1700:0"",""1958:0""]","[""fetch"",""state_change""]",,ood
218,1,find_single_dish,fetch,fetch_bowl,"[""4764:0"",""1488:0""]","[""fetch"",""state_change""]",True,ood
218,2,supply_missing_dish,,fetch_bowl,"[""2686:0""]","[""fetch"",""state_change""]",,ood
218,3,position_both_dishes,,place_plate_on_kitchen_island,"[""1484:1""]","[""relocate""]",,ood
219,0,examine_table,,inspect_table,"[""1700:0"",""1958:0""]","[""fetch"",""state_change""]",,ood
219,1,find_single_dish,fetch,fetch_bowl,"[""4764:0"",""1488:0""]","[""fetch"",""state_change""]",True,ood
219,2,supply_missing_dish,,fetch_bowl,"[""2686:0""]","[""fetch"",""state_change""]",,ood
219,3,position_both_dishes,,place_plate_on_kitchen_island,"[""1484:1""]","[""relocate""]",,ood
220,0,check_table_for_bowl_0,state_change,check_table,"[""1039:0"",""1737:0""]","[""fetch"",""state_change""]",True,ood
220,1,check_table_for_plate_0,state_change,check_table,"[""2239:0"",""6057:0""]","[""fetch"",""state_change""]",True,ood
220,2,deliver_bowl_0_if_missing,relocate,fetch_bowl,"[""1488:0"",""2686:0""]","[""fetch"",""state_change""]",False,ood
220,3,deliver_plate_0_if_missing,relocate,place_plate,[],[],False,ood
221,0,look_over_table,,inspect_table,"[""1700:0"",""1958:0""]","[""fetch"",""state_change""]",,ood
221,1,check_bowl_0_location,state_change,place_bowl,"[""1488:2"",""2686:2""]","[""fetch"",""multi_object_sequence"",""open_container_then_retrieve"",""relocate""]",False,ood
221,2,check_plate_0_location,state_change,place_plate,"[""1379:0"",""4075:0""]","[""fetch"",""state_change""]",True,ood
221,3,get_missing_item,fetch,fetch_missing_fruit,[],[],False,ood
221,4,place_item_on_table,relocate,place_on_table,[],[],False,ood
222,0,check_table_for_bowl_and_plate,state_change,check_table,"[""1502:0"",""1663:0""]","[""fetch"",""state_change""]",True,ood
222,1,if_bowl_missing_get_bowl,fetch,fetch_bowl,"[""1488:0"",""2686:0""]","[""fetch"",""state_change""]",True,ood
222,2,if_plate_missing_get_plate,fetch,set_plate,"[""5528:0"",""2966:0""]","[""fetch"",""state_change""]",True,ood
222,3,place_missing_dish_on_table,relocate,place_plate_on_kitchen_island,[],[],False,ood
223,0,check_table_for_bowl_and_plate,state_change,check_table,"[""1502:0"",""1663:0""]","[""fetch"",""state_change""]",True,ood
223,1,if_bowl_missing_get_bowl,fetch,fetch_bowl,"[""1488:0"",""2686:0""]","[""fetch"",""state_change""]",True,ood
223,2,if_plate_missing_get_plate,fetch,set_plate,"[""5528:0"",""2966:0""]","[""fetch"",""state_change""]",True,ood
223,3,place_missing_dish_on_table,relocate,place_plate_on_kitchen_island,[],[],False,ood
224,0,inspect_table,state_change,inspect_table,"[""1700:0"",""1958:0""]","[""fetch"",""state_change""]",True,ood
224,1,fetch_hidden_dish,fetch,fetch_bowl,"[""4764:0"",""1488:0""]","[""fetch"",""state_change""]",True,ood
224,2,place_dish_on_table,relocate,place_on_table,"[""3156:2"",""3173:2""]","[""multi_object_sequence"",""relocate""]",True,ood
225,0,scan_kitchen_work_area,,scan_table,"[""5235:0"",""1209:0""]","[""fetch"",""state_change""]",,ood
225,1,check_for_bowl_0,state_change,fetch_bowl,"[""4764:0"",""1488:0""]","[""fetch"",""state_change""]",True,ood
225,2,check_for_plate_0,state_change,place_plate,"[""3266:2"",""5679:2""]","[""relocate""]",False,ood
225,3,place_bowl_0_if_missing,relocate,place_bowl,[],[],False,ood
225,4,place_plate_0_if_missing,relocate,place_plate,[],[],False,ood
226,0,find_non_table_item,fetch,inspect_table,"[""1700:0"",""1958:0""]","[""fetch"",""state_change""]",True,ood
226,1,move_to_non_table_item,,move_to_table,"[""1210:1"",""2918:1""]","[""relocate""]",,ood
226,2,pick_non_table_item,fetch,move_to_table,"[""3979:1""]","[""relocate""]",False,ood
226,3,move_to_table,,move_to_table,[],[],,ood
226,4,place_non_table_item_on_table,relocate,place_on_table,"[""3156:2""]","[""multi_object_sequence"",""relocate""]",True,ood
227,0,check_kitchen_work_area_for_dishes,state_change,place_plate_on_kitchen_island,"[""2240:0"",""1484:1""]","[""fetch"",""relocate"",""state_change""]",True,ood
227,1,check_if_bowl_is_missing,state_change,fetch_bowl,"[""1488:0"",""2686:0""]","[""fetch"",""state_change""]",True,ood
227,2,check_if_plate_is_missing,state_change,set_plate,"[""5528:0"",""2966:0""]","[""fetch"",""state_change""]",True,ood
227,3,get_bowl_from_kitchen_work_area,fetch,place_bowl,[],[],False,ood
227,4,get_plate_from_kitchen_work_area,fetch,place_plate_on_kitchen_island,[],[],False,ood
227,5,place_bowl_on_table,relocate,place_on_table,[],[],False,ood
227,6,place_plate_on_table,relocate,place_on_plate,[],[],False,ood
228,0,survey_table,state_change,survey_table,"[""1173:0"",""2647:0""]","[""fetch"",""state_change""]",True,ood
228,1,identify_missing_item,,fetch_missing_fruit,"[""1207:1"",""2444:1""]","[""fetch"",""open_container_then_retrieve"",""relocate""]",,ood
228,2,carry_missing_item_to_table,,move_to_table,"[""1210:1"",""2918:1""]","[""relocate""]",,ood
229,0,glance_at_table,,inspect_table,"[""1633:0"",""2098:0""]","[""fetch"",""state_change""]",,ood
229,1,confirm_one_bowl_and_one_plate,,place_bowl,"[""1488:2"",""2686:2""]","[""fetch"",""multi_object_sequence"",""open_container_then_retrieve"",""relocate""]",,ood
229,2,fetch_absent_dish,fetch,fetch_bowl,"[""1488:0"",""2686:0""]","[""fetch"",""state_change""]",True,ood
230,0,inspect_table,state_change,inspect_table,"[""1700:0"",""1958:0""]","[""fetch"",""state_change""]",True,ood
230,1,fetch_hidden_dish,fetch,fetch_bowl,"[""4764:0"",""1488:0""]","[""fetch"",""state_change""]",True,ood
230,2,place_dish_on_table,relocate,place_on_table,"[""3156:2"",""3173:2""]","[""multi_object_sequence"",""relocate""]",True,ood
231,0,look_at_table,,inspect_table,"[""1700:0"",""1958:0""]","[""fetch"",""state_change""]",,ood
231,1,verify_bowl_0_on_table,,check_table,"[""1039:0"",""1737:0""]","[""fetch"",""state_change""]",,ood
231,2,verify_plate_0_on_table,,check_table,"[""2239:0"",""6057:0""]","[""fetch"",""state_change""]",,ood
231,3,go_to_kitchen_work_area,,navigate_to_kitchen_island,[],[],,ood
231,4,retrieve_plate_0,fetch,set_plate,[],[],False,ood
231,5,place_plate_0_on_table,relocate,place_on_plate,[],[],False,ood
232,0,inspect_table,state_change,inspect_table,"[""1700:0"",""1958:0""]","[""fetch"",""state_change""]",True,ood
232,1,fetch_hidden_dish,fetch,fetch_bowl,"[""4764:0"",""1488:0""]","[""fetch"",""state_change""]",True,ood
232,2,place_dish_on_table,relocate,place_on_table,"[""3156:2"",""3173:2""]","[""multi_object_sequence"",""relocate""]",True,ood
233,0,glance_at_table,,inspect_table,"[""1633:0"",""2098:0""]","[""fetch"",""state_change""]",,ood
233,1,confirm_one_bowl_and_one_plate,,place_bowl,"[""1488:2"",""2686:2""]","[""fetch"",""multi_object_sequence"",""open_container_then_retrieve"",""relocate""]",,ood
233,2,fetch_absent_dish,fetch,fetch_bowl,"[""1488:0"",""2686:0""]","[""fetch"",""state_change""]",True,ood
234,0,survey_table,state_change,survey_table,"[""1173:0"",""2647:0""]","[""fetch"",""state_change""]",True,ood
234,1,identify_missing_item,,fetch_missing_fruit,"[""1207:1"",""2444:1""]","[""fetch"",""open_container_then_retrieve"",""relocate""]",,ood
234,2,carry_missing_item_to_table,,move_to_table,"[""1210:1"",""2918:1""]","[""relocate""]",,ood
235,0,examine_table,,inspect_table,"[""1700:0"",""1958:0""]","[""fetch"",""state_change""]",,ood
235,1,find_single_dish,fetch,fetch_bowl,"[""4764:0"",""1488:0""]","[""fetch"",""state_change""]",True,ood
235,2,supply_missing_dish,,fetch_bowl,"[""2686:0""]","[""fetch"",""state_change""]",,ood
235,3,position_both_dishes,,place_plate_on_kitchen_island,"[""1484:1""]","[""relocate""]",,ood
236,0,scan_table,,scan_table,"[""5235:0"",""1209:0""]","[""fetch"",""state_change""]",,ood
236,1,check_for_bowl,state_change,fetch_bowl,"[""4764:0"",""1488:0""]","[""fetch"",""state_change""]",True,ood
236,2,check_for_plate,state_change,set_plate,"[""7118:0"",""911:0""]","[""fetch"",""state_change""]",True,ood
236,3,place_bowl_on_table,relocate,place_on_table,[],[],False,ood
236,4,place_plate_on_table,relocate,place_on_plate,[],[],False,ood
237,0,check_table_for_bowl_and_plate,state_change,check_table,"[""1039:0"",""1737:0""]","[""fetch"",""state_change""]",True,ood
237,1,check_if_bowl_is_missing,state_change,fetch_bowl,"[""1488:0"",""2686:0""]","[""fetch"",""state_change""]",True,ood
237,2,check_if_plate_is_missing,state_change,set_plate,"[""7118:0"",""911:0""]","[""fetch"",""state_change""]",True,ood
237,3,deliver_missing_bowl,relocate,fetch_bowl,[],[],False,ood
237,4,deliver_missing_plate,relocate,place_plate,[],[],False,ood
238,0,observe_table,,inspect_table,"[""1700:0"",""1958:0""]","[""fetch"",""state_change""]",,ood
238,1,observe_kitchen_work_area,,navigate_to_kitchen_island,"[""1484:0""]","[""fetch"",""state_change""]",,ood
238,2,pick_bowl_0,fetch,fetch_bowl,"[""1488:0"",""2686:0""]","[""fetch"",""state_change""]",True,ood
238,3,pick_plate_0,fetch,place_plate,"[""3266:2""]","[""relocate""]",False,ood
239,0,scan_table,,scan_table,"[""5235:0"",""1209:0""]","[""fetch"",""state_change""]",,ood
239,1,check_bowl_presence,state_change,place_bowl,"[""3697:1"",""6464:1""]","[""multi_object_sequence"",""relocate""]",False,ood
239,2,check_plate_presence,state_change,place_plate,"[""3266:2"",""5679:2""]","[""relocate""]",False,ood
239,3,place_bowl_if_needed,relocate,place_bowl,[],[],False,ood
239,4,place_plate_if_needed,relocate,place_plate,[],[],False,ood
240,0,examine_table,,inspect_table,"[""1700:0"",""1958:0""]","[""fetch"",""state_change""]",,ood
240,1,find_single_dish,fetch,fetch_bowl,"[""4764:0"",""1488:0""]","[""fetch"",""state_change""]",True,ood
240,2,supply_missing_dish,,fetch_bowl,"[""2686:0""]","[""fetch"",""state_change""]",,ood
240,3,position_both_dishes,,place_plate_on_kitchen_island,"[""1484:1""]","[""relocate""]",,ood
241,0,check_table_for_bowl,state_change,check_table,"[""1039:0"",""1737:0""]","[""fetch"",""state_change""]",True,ood
241,1,check_table_for_plate,state_change,check_table,"[""2239:0"",""6057:0""]","[""fetch"",""state_change""]",True,ood
241,2,deliver_missing_bowl,relocate,fetch_bowl,"[""1488:0"",""2686:0""]","[""fetch"",""state_change""]",False,ood
241,3,deliver_missing_plate,relocate,place_plate,[],[],False,ood
242,0,survey_kitchen_work_area,state_change,navigate_to_kitchen_island,"[""1484:0""]","[""fetch"",""state_change""]",True,ood
242,1,identify_missing_item,,fetch_missing_fruit,"[""1207:1"",""2444:1""]","[""fetch"",""open_container_then_retrieve"",""relocate""]",,ood
242,2,carry_missing_item_to_table,,move_to_table,"[""1210:1"",""2918:1""]","[""relocate""]",,ood
243,0,check_kitchen_work_area_for_dishes,state_change,place_plate_on_kitchen_island,"[""2240:0"",""1484:1""]","[""fetch"",""relocate"",""state_change""]",True,ood
243,1,check_if_bowl_is_missing,state_change,fetch_bowl,"[""1488:0"",""2686:0""]","[""fetch"",""state_change""]",True,ood
243,2,check_if_plate_is_missing,state_change,set_plate,"[""5528:0"",""2966:0""]","[""fetch"",""state_change""]",True,ood
243,3,get_bowl_from_kitchen_work_area,fetch,place_bowl,[],[],False,ood
243,4,get_plate_from_kitchen_work_area,fetch,place_plate_on_kitchen_island,[],[],False,ood
243,5,place_bowl_on_table,relocate,place_on_table,[],[],False,ood
243,6,place_plate_on_table,relocate,place_on_plate,[],[],False,ood
244,0,survey_kitchen_work_area,state_change,navigate_to_kitchen_island,"[""1484:0""]","[""fetch"",""state_change""]",True,ood
244,1,identify_missing_item,,fetch_missing_fruit,"[""1207:1"",""2444:1""]","[""fetch"",""open_container_then_retrieve"",""relocate""]",,ood
244,2,carry_missing_item_to_table,,move_to_table,"[""1210:1"",""2918:1""]","[""relocate""]",,ood
245,0,glance_at_table,,inspect_table,"[""1633:0"",""2098:0""]","[""fetch"",""state_change""]",,ood
245,1,confirm_bowl_and_plate,,place_bowl,"[""1488:2"",""2686:2""]","[""fetch"",""multi_object_sequence"",""open_container_then_retrieve"",""relocate""]",,ood
245,2,fetch_absent_dish,fetch,fetch_bowl,"[""1488:0"",""2686:0""]","[""fetch"",""state_change""]",True,ood
246,0,check_table_for_bowl_and_plate,state_change,check_table,"[""1502:0"",""1663:0""]","[""fetch"",""state_change""]",True,ood
246,1,if_bowl_missing_get_bowl,fetch,fetch_bowl,"[""1488:0"",""2686:0""]","[""fetch"",""state_change""]",True,ood
246,2,if_plate_missing_get_plate,fetch,set_plate,"[""5528:0"",""2966:0""]","[""fetch"",""state_change""]",True,ood
246,3,place_missing_dish_on_table,relocate,place_plate_on_kitchen_island,[],[],False,ood
247,0,inspect_table,state_change,inspect_table,"[""1700:0"",""1958:0""]","[""fetch"",""state_change""]",True,ood
247,1,fetch_hidden_dish,fetch,fetch_bowl,"[""4764:0"",""1488:0""]","[""fetch"",""state_change""]",True,ood
247,2,place_dish_on_table,relocate,place_on_table,"[""3156:2"",""3173:2""]","[""multi_object_sequence"",""relocate""]",True,ood
248,0,observe_kitchen_work_area,,navigate_to_kitchen_island,"[""1484:0""]","[""fetch"",""state_change""]",,ood
248,1,detect_bowl,,fetch_bowl,"[""1488:0"",""2686:0""]","[""fetch"",""state_change""]",,ood
248,2,detect_plate,,set_plate,"[""7118:0"",""911:0""]","[""fetch"",""state_change""]",,ood
248,3,choose_missing_item,,fetch_missing_fruit,"[""1207:1""]","[""fetch"",""open_container_then_retrieve"",""relocate""]",,ood
248,4,move_to_kitchen_work_area,,move_to_cabinet,[],[],,ood
248,5,pick_missing_item,fetch,fetch_missing_fruit,[],[],False,ood
249,0,glance_at_table,,inspect_table,"[""1633:0"",""2098:0""]","[""fetch"",""state_change""]",,ood
249,1,confirm_one_bowl_and_one_plate,,place_bowl,"[""1488:2"",""2686:2""]","[""fetch"",""multi_object_sequence"",""open_container_then_retrieve"",""relocate""]",,ood
249,2,fetch_absent_dish,fetch,fetch_bowl,"[""1488:0"",""2686:0""]","[""fetch"",""state_change""]",True,ood
250,0,survey_kitchen_work_area,state_change,navigate_to_kitchen_island,"[""1484:0""]","[""fetch"",""state_change""]",True,ood
250,1,identify_missing_item,,fetch_missing_fruit,"[""1207:1"",""2444:1""]","[""fetch"",""open_container_then_retrieve"",""relocate""]",,ood
250,2,carry_missing_item_to_table,,move_to_table,"[""1210:1"",""2918:1""]","[""relocate""]",,ood
251,0,check_table_for_bowl_and_plate,state_change,check_table,"[""1502:0"",""1663:0""]","[""fetch"",""state_change""]",True,ood
251,1,if_bowl_missing_get_bowl,fetch,fetch_bowl,"[""1488:0"",""2686:0""]","[""fetch"",""state_change""]",True,ood
251,2,if_plate_missing_get_plate,fetch,set_plate,"[""5528:0"",""2966:0""]","[""fetch"",""state_change""]",True,ood
251,3,place_missing_dish_on_table,relocate,place_plate_on_kitchen_island,[],[],False,ood
252,0,look_over_table,,inspect_table,"[""1700:0"",""1958:0""]","[""fetch"",""state_change""]",,ood
252,1,check_bowl_0_location,state_change,place_bowl,"[""1488:2"",""2686:2""]","[""fetch"",""multi_object_sequence"",""open_container_then_retrieve"",""relocate""]",False,ood
252,2,check_plate_0_location,state_change,place_plate,"[""1379:0"",""4075:0""]","[""fetch"",""state_change""]",True,ood
252,3,get_missing_item,fetch,fetch_missing_fruit,[],[],False,ood
252,4,place_item_on_table,relocate,place_on_table,[],[],False,ood
253,0,scan_table,,scan_table,"[""5235:0"",""1209:0""]","[""fetch"",""state_change""]",,ood
253,1,check_for_bowl,state_change,fetch_bowl,"[""4764:0"",""1488:0""]","[""fetch"",""state_change""]",True,ood
253,2,check_for_plate,state_change,set_plate,"[""7118:0"",""911:0""]","[""fetch"",""state_change""]",True,ood
253,3,place_bowl_on_table,relocate,place_on_table,[],[],False,ood
253,4,place_plate_on_table,relocate,place_on_plate,[],[],False,ood
254,0,glance_at_table,,inspect_table,"[""1633:0"",""2098:0""]","[""fetch"",""state_change""]",,ood
254,1,confirm_one_bowl_and_one_plate,,place_bowl,"[""2501:1"",""1488:2""]","[""fetch"",""multi_object_sequence"",""open_container_then_retrieve"",""relocate""]",,ood
254,2,fetch_absent_dish,fetch,fetch_bowl,"[""1488:0"",""2686:0""]","[""fetch"",""state_change""]",True,ood
255,0,survey_table,state_change,survey_table,"[""1173:0"",""2647:0""]","[""fetch"",""state_change""]",True,ood
255,1,identify_missing_item,,fetch_missing_fruit,"[""1207:1"",""2444:1""]","[""fetch"",""open_container_then_retrieve"",""relocate""]",,ood
255,2,carry_missing_item_to_table,,move_to_table,"[""1210:1"",""2918:1""]","[""relocate""]",,ood
256,0,survey_table,state_change,survey_table,"[""1173:0"",""2647:0""]","[""fetch"",""state_change""]",True,ood
256,1,identify_missing_item,,fetch_missing_fruit,"[""1207:1"",""2444:1""]","[""fetch"",""open_container_then_retrieve"",""relocate""]",,ood
256,2,carry_missing_item_to_table,,move_to_table,"[""1210:1"",""2918:1""]","[""relocate""]",,ood
257,0,inspect_table,state_change,inspect_table,"[""1700:0"",""1958:0""]","[""fetch"",""state_change""]",True,ood
257,1,fetch_bowl_0,fetch,fetch_bowl,"[""4764:0"",""1488:0""]","[""fetch"",""state_change""]",True,ood
257,2,place_bowl_0_on_table,relocate,place_bowl,"[""4764:1"",""1488:2""]","[""fetch"",""multi_object_sequence"",""open_container_then_retrieve"",""relocate""]",True,ood
257,3,fetch_plate_0,fetch,place_plate,[],[],False,ood
257,4,place_plate_0_on_table,relocate,place_on_plate,[],[],False,ood
258,0,glance_at_table,,inspect_table,"[""1633:0"",""2098:0""]","[""fetch"",""state_change""]",,ood
258,1,confirm_one_bowl_and_one_plate,,place_bowl,"[""2501:1"",""1488:2""]","[""fetch"",""multi_object_sequence"",""open_container_then_retrieve"",""relocate""]",,ood
258,2,fetch_absent_dish,fetch,fetch_bowl,"[""1488:0"",""2686:0""]","[""fetch"",""state_change""]",True,ood
259,0,observe_kitchen_work_area,,navigate_to_kitchen_island,"[""1484:0""]","[""fetch"",""state_change""]",,ood
259,1,decide_missing_item,,fetch_missing_fruit,"[""1207:1"",""2444:1""]","[""fetch"",""open_container_then_retrieve"",""relocate""]",,ood
259,2,fetch_missing_item,fetch,fetch_missing_fruit,[],[],False,ood
260,0,check_table_for_bowl,state_change,check_table,"[""1039:0"",""1737:0""]","[""fetch"",""state_change""]",True,ood
260,1,check_table_for_plate,state_change,check_table,"[""2239:0"",""6057:0""]","[""fetch"",""state_change""]",True,ood
260,2,deliver_missing_bowl,relocate,fetch_bowl,"[""1488:0"",""2686:0""]","[""fetch"",""state_change""]",False,ood
260,3,deliver_missing_plate,relocate,place_plate,[],[],False,ood
261,0,check_table_for_bowl_and_plate,state_change,check_table,"[""1039:0"",""1737:0""]","[""fetch"",""state_change""]",True,ood
261,1,check_if_bowl_is_missing,state_change,fetch_bowl,"[""1488:0"",""2686:0""]","[""fetch"",""state_change""]",True,ood
261,2,check_if_plate_is_missing,state_change,set_plate,"[""7118:0"",""911:0""]","[""fetch"",""state_change""]",True,ood
261,3,deliver_missing_bowl,relocate,fetch_bowl,[],[],False,ood
261,4,deliver_missing_plate,relocate,place_plate,[],[],False,ood
262,0,scan_table,,scan_table,"[""5235:0"",""1209:0""]","[""fetch"",""state_change""]",,ood
262,1,check_bowl_presence,state_change,place_bowl,"[""3697:1"",""6464:1""]","[""multi_object_sequence"",""relocate""]",False,ood
262,2,check_plate_presence,state_change,place_plate,"[""3266:2"",""5679:2""]","[""relocate""]",False,ood
262,3,place_bowl_if_needed,relocate,place_bowl,[],[],False,ood
262,4,place_plate_if_needed,relocate,place_plate,[],[],False,ood
263,0,scan_kitchen_work_area,,scan_table,"[""5235:0"",""1209:0""]","[""fetch"",""state_change""]",,ood
263,1,check_for_bowl_0,state_change,fetch_bowl,"[""4764:0"",""1488:0""]","[""fetch"",""state_change""]",True,ood
263,2,check_for_plate_0,state_change,place_plate,"[""3266:2"",""5679:2""]","[""relocate""]",False,ood
263,3,place_bowl_0_if_missing,relocate,place_bowl,[],[],False,ood
263,4,place_plate_0_if_missing,relocate,place_plate,[],[],False,ood
264,0,look_for_bowl_0_on_table,,fetch_bowl,"[""4764:0"",""1488:0""]","[""fetch"",""state_change""]",,ood
264,1,look_for_plate_0_on_table,,place_on_plate,"[""5169:2""]","[""relocate""]",,ood
264,2,retrieve_missing_bowl_or_plate,fetch,fetch_bowl,"[""2686:0""]","[""fetch"",""state_change""]",True,ood
265,0,inspect_table,state_change,inspect_table,"[""1700:0"",""1958:0""]","[""fetch"",""state_change""]",True,ood
265,1,fetch_hidden_dish,fetch,fetch_bowl,"[""4764:0"",""1488:0""]","[""fetch"",""state_change""]",True,ood
265,2,place_dish_on_table,relocate,place_on_table,"[""3156:2"",""3173:2""]","[""multi_object_sequence"",""relocate""]",True,ood
266,0,find_non_table_item,fetch,inspect_table,"[""1700:0"",""1958:0""]","[""fetch"",""state_change""]",True,ood
266,1,move_to_non_table_item,,move_to_table,"[""1210:1"",""2918:1""]","[""relocate""]",,ood
266,2,pick_non_table_item,fetch,move_to_table,"[""3979:1""]","[""relocate""]",False,ood
266,3,move_to_table,,move_to_table,[],[],,ood
266,4,place_non_table_item_on_table,relocate,place_on_table,"[""3156:2""]","[""multi_object_sequence"",""relocate""]",True,ood
267,0,glance_at_table,,inspect_table,"[""1633:0"",""2098:0""]","[""fetch"",""state_change""]",,ood
267,1,confirm_one_bowl_and_one_plate,,place_bowl,"[""2501:1"",""1488:2""]","[""fetch"",""multi_object_sequence"",""open_container_then_retrieve"",""relocate""]",,ood
267,2,fetch_absent_dish,fetch,fetch_bowl,"[""1488:0"",""2686:0""]","[""fetch"",""state_change""]",True,ood
268,0,look_over_table,,inspect_table,"[""1700:0"",""1958:0""]","[""fetch"",""state_change""]",,ood
268,1,check_bowl_0_location,state_change,place_bowl,"[""1488:2"",""2686:2""]","[""fetch"",""multi_object_sequence"",""open_container_then_retrieve"",""relocate""]",False,ood
268,2,check_plate_0_location,state_change,place_plate,"[""1379:0"",""4075:0""]","[""fetch"",""state_change""]",True,ood
268,3,get_missing_item,fetch,fetch_missing_fruit,[],[],False,ood
268,4,place_item_on_table,relocate,place_on_table,[],[],False,ood
269,0,scan_table,,scan_table,"[""5235:0"",""1209:0""]","[""fetch"",""state_change""]",,ood
269,1,check_bowl_presence,state_change,place_bowl,"[""3697:1"",""6464:1""]","[""multi_object_sequence"",""relocate""]",False,ood
269,2,check_plate_presence,state_change,place_plate,"[""3266:2"",""5679:2""]","[""relocate""]",False,ood
269,3,place_bowl_if_needed,relocate,place_bowl,[],[],False,ood
269,4,place_plate_if_needed,relocate,place_plate,[],[],False,ood
270,0,inspect_table,state_change,inspect_table,"[""1700:0"",""1958:0""]","[""fetch"",""state_change""]",True,ood
270,1,fetch_bowl_0,fetch,fetch_bowl,"[""4764:0"",""1488:0""]","[""fetch"",""state_change""]",True,ood
270,2,place_bowl_0_on_table,relocate,place_bowl,"[""4764:1"",""1488:2""]","[""fetch"",""multi_object_sequence"",""open_container_then_retrieve"",""relocate""]",True,ood
270,3,fetch_plate_0,fetch,place_plate,[],[],False,ood
270,4,place_plate_0_on_table,relocate,place_on_plate,[],[],False,ood
271,0,look_for_bowl_0_on_table,,fetch_bowl,"[""4764:0"",""1488:0""]","[""fetch"",""state_change""]",,ood
271,1,look_for_plate_0_on_table,,place_on_plate,"[""5169:2""]","[""relocate""]",,ood
271,2,retrieve_bowl_0_if_missing,fetch,fetch_bowl,"[""2686:0""]","[""fetch"",""state_change""]",True,ood
271,3,retrieve_plate_0_if_missing,fetch,set_plate,"[""5528:0"",""2966:0""]","[""fetch"",""state_change""]",True,ood
272,0,check_table_for_bowl_and_plate,state_change,check_table,"[""1502:0"",""1663:0""]","[""fetch"",""state_change""]",True,ood
272,1,if_bowl_missing_get_bowl,fetch,fetch_bowl,"[""1488:0"",""2686:0""]","[""fetch"",""state_change""]",True,ood
272,2,if_plate_missing_get_plate,fetch,set_plate,"[""5528:0"",""2966:0""]","[""fetch"",""state_change""]",True,ood
272,3,place_missing_dish_on_table,relocate,place_plate_on_kitchen_island,[],[],False,ood
273,0,check_table_for_bowl_0,state_change,check_table,"[""1039:0"",""1737:0""]","[""fetch"",""state_change""]",True,ood
273,1,check_table_for_plate_0,state_change,check_table,"[""2239:0"",""6057:0""]","[""fetch"",""state_change""]",True,ood
273,2,deliver_bowl_0_if_missing,relocate,fetch_bowl,"[""1488:0"",""2686:0""]","[""fetch"",""state_change""]",False,ood
273,3,deliver_plate_0_if_missing,relocate,place_plate,[],[],False,ood
274,0,check_table_for_bowl,state_change,check_table,"[""1039:0"",""1737:0""]","[""fetch"",""state_change""]",True,ood
274,1,check_table_for_plate,state_change,check_table,"[""2239:0"",""6057:0""]","[""fetch"",""state_change""]",True,ood
274,2,deliver_missing_bowl,relocate,fetch_bowl,"[""1488:0"",""2686:0""]","[""fetch"",""state_change""]",False,ood
274,3,deliver_missing_plate,relocate,place_plate,[],[],False,ood
275,0,observe_table_for_bowl_0,,inspect_table,"[""1700:0"",""1958:0""]","[""fetch"",""state_change""]",,ood
275,1,observe_table_for_plate_0,,inspect_table,"[""3510:0"",""3156:1""]","[""fetch"",""open_container_then_retrieve"",""relocate"",""state_change""]",,ood
275,2,bring_along_undetected_bowl_or_plate,relocate,place_on_plate,"[""5169:2""]","[""relocate""]",True,ood
276,0,look_for_bowl_0_on_table,,fetch_bowl,"[""4764:0"",""1488:0""]","[""fetch"",""state_change""]",,ood
276,1,look_for_plate_0_on_table,,place_on_plate,"[""5169:2""]","[""relocate""]",,ood
276,2,retrieve_bowl_0_if_missing,fetch,fetch_bowl,"[""2686:0""]","[""fetch"",""state_change""]",True,ood
276,3,retrieve_plate_0_if_missing,fetch,set_plate,"[""5528:0"",""2966:0""]","[""fetch"",""state_change""]",True,ood
276,4,place_bowl_0_on_table_if_missing,relocate,place_bowl,[],[],False,ood
276,5,place_plate_0_on_table_if_missing,relocate,place_on_plate,[],[],False,ood
277,0,look_for_bowl_0_on_table,,fetch_bowl,"[""4764:0"",""1488:0""]","[""fetch"",""state_change""]",,ood
277,1,look_for_plate_0_on_table,,place_on_plate,"[""5169:2""]","[""relocate""]",,ood
277,2,retrieve_bowl_0_if_missing,fetch,fetch_bowl,"[""2686:0""]","[""fetch"",""state_change""]",True,ood
277,3,retrieve_plate_0_if_missing,fetch,set_plate,"[""5528:0"",""2966:0""]","[""fetch"",""state_change""]",True,ood
278,0,look_for_bowl_0_on_table,,fetch_bowl,"[""4764:0"",""1488:0""]","[""fetch"",""state_change""]",,ood
278,1,look_for_plate_0_on_table,,place_on_plate,"[""5169:2""]","[""relocate""]",,ood
278,2,retrieve_bowl_0_if_missing,fetch,fetch_bowl,"[""2686:0""]","[""fetch"",""state_change""]",True,ood
278,3,retrieve_plate_0_if_missing,fetch,set_plate,"[""5528:0"",""2966:0""]","[""fetch"",""state_change""]",True,ood
278,4,place_bowl_0_on_table_if_missing,relocate,place_bowl,[],[],False,ood
278,5,place_plate_0_on_table_if_missing,relocate,place_on_plate,[],[],False,ood
279,0,check_table_for_bowl_and_plate,state_change,check_table,"[""1039:0"",""1737:0""]","[""fetch"",""state_change""]",True,ood
279,1,check_if_bowl_is_missing,state_change,fetch_bowl,"[""1488:0"",""2686:0""]","[""fetch"",""state_change""]",True,ood
279,2,check_if_plate_is_missing,state_change,set_plate,"[""7118:0"",""911:0""]","[""fetch"",""state_change""]",True,ood
279,3,deliver_missing_bowl,relocate,fetch_bowl,[],[],False,ood
279,4,deliver_missing_plate,relocate,place_plate,[],[],False,ood
280,0,scan_table,,scan_table,"[""5235:0"",""1209:0""]","[""fetch"",""state_change""]",,ood
280,1,check_bowl_presence,state_change,place_bowl,"[""3697:1"",""6464:1""]","[""multi_object_sequence"",""relocate""]",False,ood
280,2,check_plate_presence,state_change,place_plate,"[""3266:2"",""5679:2""]","[""relocate""]",False,ood
280,3,place_bowl_if_needed,relocate,place_bowl,[],[],False,ood
280,4,place_plate_if_needed,relocate,place_plate,[],[],False,ood
281,0,inspect_table,state_change,inspect_table,"[""1700:0"",""1958:0""]","[""fetch"",""state_change""]",True,ood
281,1,fetch_hidden_dish,fetch,fetch_bowl,"[""4764:0"",""1488:0""]","[""fetch"",""state_change""]",True,ood
281,2,place_dish_on_table,relocate,place_on_table,"[""3156:2"",""3173:2""]","[""multi_object_sequence"",""relocate""]",True,ood
282,0,scan_table,,scan_table,"[""5235:0"",""1209:0""]","[""fetch"",""state_change""]",,ood
282,1,check_for_bowl,state_change,fetch_bowl,"[""4764:0"",""1488:0""]","[""fetch"",""state_change""]",True,ood
282,2,check_for_plate,state_change,set_plate,"[""7118:0"",""911:0""]","[""fetch"",""state_change""]",True,ood
282,3,place_bowl_on_table,relocate,place_on_table,[],[],False,ood
282,4,place_plate_on_table,relocate,place_on_plate,[],[],False,ood
283,0,examine_table,,inspect_table,"[""1700:0"",""1958:0""]","[""fetch"",""state_change""]",,ood
283,1,find_single_dish,fetch,fetch_bowl,"[""4764:0"",""1488:0""]","[""fetch"",""state_change""]",True,ood
283,2,supply_missing_dish,,fetch_bowl,"[""2686:0""]","[""fetch"",""state_change""]",,ood
283,3,position_both_dishes,,place_plate_on_kitchen_island,"[""1484:1""]","[""relocate""]",,ood
284,0,scan_kitchen_work_area,,scan_table,"[""5235:0"",""1209:0""]","[""fetch"",""state_change""]",,ood
284,1,check_for_bowl_0,state_change,fetch_bowl,"[""4764:0"",""1488:0""]","[""fetch"",""state_change""]",True,ood
284,2,check_for_plate_0,state_change,place_plate,"[""3266:2"",""5679:2""]","[""relocate""]",False,ood
284,3,place_bowl_0_if_missing,relocate,place_bowl,[],[],False,ood
284,4,place_plate_0_if_missing,relocate,place_plate,[],[],False,ood
285,0,scan_table,,scan_table,"[""5235:0"",""1209:0""]","[""fetch"",""state_change""]",,ood
285,1,check_for_bowl,state_change,fetch_bowl,"[""4764:0"",""1488:0""]","[""fetch"",""state_change""]",True,ood
285,2,check_for_plate,state_change,set_plate,"[""7118:0"",""911:0""]","[""fetch"",""state_change""]",True,ood
285,3,place_bowl_on_table,relocate,place_on_table,[],[],False,ood
285,4,place_plate_on_table,relocate,place_on_plate,[],[],False,ood
286,0,examine_kitchen_work_area,,navigate_to_kitchen_island,"[""1484:0""]","[""fetch"",""state_change""]",,ood
286,1,find_single_dish,fetch,fetch_bowl,"[""4764:0"",""1488:0""]","[""fetch"",""state_change""]",True,ood
286,2,supply_missing_dish,,fetch_bowl,"[""2686:0""]","[""fetch"",""state_change""]",,ood
287,0,scan_table,,scan_table,"[""5235:0"",""1209:0""]","[""fetch"",""state_change""]",,ood
287,1,check_bowl_presence,state_change,place_bowl,"[""3697:1"",""6464:1""]","[""multi_object_sequence"",""relocate""]",False,ood
287,2,check_plate_presence,state_change,place_plate,"[""3266:2"",""5679:2""]","[""relocate""]",False,ood
287,3,place_bowl_if_needed,relocate,place_bowl,[],[],False,ood
287,4,place_plate_if_needed,relocate,place_plate,[],[],False,ood
288,0,check_table_for_bowl_and_plate,state_change,check_table,"[""1039:0"",""1737:0""]","[""fetch"",""state_change""]",True,ood
288,1,check_if_bowl_is_missing,state_change,fetch_bowl,"[""1488:0"",""2686:0""]","[""fetch"",""state_change""]",True,ood
288,2,check_if_plate_is_missing,state_change,set_plate,"[""7118:0"",""911:0""]","[""fetch"",""state_change""]",True,ood
288,3,deliver_missing_bowl,relocate,fetch_bowl,[],[],False,ood
288,4,deliver_missing_plate,relocate,place_plate,[],[],False,ood
289,0,check_table_for_bowl_and_plate,state_change,check_table,"[""1502:0"",""1663:0""]","[""fetch"",""state_change""]",True,ood
289,1,if_bowl_missing_get_bowl,fetch,fetch_bowl,"[""1488:0"",""2686:0""]","[""fetch"",""state_change""]",True,ood
289,2,if_plate_missing_get_plate,fetch,set_plate,"[""5528:0"",""2966:0""]","[""fetch"",""state_change""]",True,ood
289,3,place_missing_dish_on_table,relocate,place_plate_on_kitchen_island,[],[],False,ood
290,0,find_non_resting_bowl_or_plate,fetch,place_bowl,"[""4764:1"",""1488:2""]","[""fetch"",""multi_object_sequence"",""open_container_then_retrieve"",""relocate""]",True,ood
290,1,move_to_non_resting_bowl_or_plate,,place_on_plate,"[""5169:2""]","[""relocate""]",,ood
290,2,pick_non_resting_bowl_or_plate,fetch,place_on_plate,[],[],False,ood
290,3,move_to_kitchen_work_area,,move_to_cabinet,"[""3800:0"",""2775:1""]","[""fetch"",""state_change""]",,ood
290,4,place_non_resting_bowl_or_plate,relocate,place_on_plate,[],[],False,ood
291,0,survey_table,state_change,survey_table,"[""1173:0"",""2647:0""]","[""fetch"",""state_change""]",True,ood
291,1,identify_missing_item,,fetch_missing_fruit,"[""1207:1"",""2444:1""]","[""fetch"",""open_container_then_retrieve"",""relocate""]",,ood
291,2,carry_missing_item_to_table,,move_to_table,"[""1210:1"",""2918:1""]","[""relocate""]",,ood
292,0,survey_kitchen_work_area,state_change,navigate_to_kitchen_island,"[""1484:0""]","[""fetch"",""state_change""]",True,ood
292,1,identify_missing_item,,fetch_missing_fruit,"[""1207:1"",""2444:1""]","[""fetch"",""open_container_then_retrieve"",""relocate""]",,ood
292,2,carry_missing_item_to_table,,move_to_table,"[""1210:1"",""2918:1""]","[""relocate""]",,ood
293,0,observe_table,,inspect_table,"[""1700:0"",""1958:0""]","[""fetch"",""state_change""]",,ood
293,1,observe_kitchen_work_area,,navigate_to_kitchen_island,"[""1484:0""]","[""fetch"",""state_change""]",,ood
293,2,pick_bowl_0,fetch,fetch_bowl,"[""1488:0"",""2686:0""]","[""fetch"",""state_change""]",True,ood
293,3,pick_plate_0,fetch,place_plate,"[""3266:2""]","[""relocate""]",False,ood
294,0,inspect_table,state_change,inspect_table,"[""1700:0"",""1958:0""]","[""fetch"",""state_change""]",True,ood
294,1,fetch_bowl_0,fetch,fetch_bowl,"[""4764:0"",""1488:0""]","[""fetch"",""state_change""]",True,ood
294,2,place_bowl_0_on_table,relocate,place_bowl,"[""4764:1"",""1488:2""]","[""fetch"",""multi_object_sequence"",""open_container_then_retrieve"",""relocate""]",True,ood
294,3,fetch_plate_0,fetch,place_plate,[],[],False,ood
294,4,place_plate_0_on_table,relocate,place_on_plate,[],[],False,ood
295,0,check_table_for_bowl_and_plate,state_change,check_table,"[""1039:0"",""1737:0""]","[""fetch"",""state_change""]",True,ood
295,1,check_if_bowl_is_missing,state_change,fetch_bowl,"[""1488:0"",""2686:0""]","[""fetch"",""state_change""]",True,ood
295,2,check_if_plate_is_missing,state_change,set_plate,"[""7118:0"",""911:0""]","[""fetch"",""state_change""]",True,ood
295,3,deliver_missing_bowl,relocate,fetch_bowl,[],[],False,ood
295,4,deliver_missing_plate,relocate,place_plate,[],[],False,ood
296,0,survey_table,state_change,survey_table,"[""1173:0"",""2647:0""]","[""fetch"",""state_change""]",True,ood
296,1,identify_missing_item,,fetch_missing_fruit,"[""1207:1"",""2444:1""]","[""fetch"",""open_container_then_retrieve"",""relocate""]",,ood
296,2,carry_missing_item_to_table,,move_to_table,"[""1210:1"",""2918:1""]","[""relocate""]",,ood
297,0,check_table_for_bowl_and_plate,state_change,check_table,"[""1502:0"",""1663:0""]","[""fetch"",""state_change""]",True,ood
297,1,if_bowl_missing_get_bowl,fetch,fetch_bowl,"[""1488:0"",""2686:0""]","[""fetch"",""state_change""]",True,ood
297,2,if_plate_missing_get_plate,fetch,set_plate,"[""5528:0"",""2966:0""]","[""fetch"",""state_change""]",True,ood
297,3,place_missing_dish_on_table,relocate,place_plate_on_kitchen_island,[],[],False,ood
298,0,check_table_for_bowl_and_plate,state_change,check_table,"[""1502:0"",""1663:0""]","[""fetch"",""state_change""]",True,ood
298,1,if_bowl_missing_get_bowl,fetch,fetch_bowl,"[""1488:0"",""2686:0""]","[""fetch"",""state_change""]",True,ood
298,2,if_plate_missing_get_plate,fetch,set_plate,"[""5528:0"",""2966:0""]","[""fetch"",""state_change""]",True,ood
298,3,place_missing_dish_on_table,relocate,place_plate_on_kitchen_island,[],[],False,ood
299,0,survey_table,state_change,survey_table,"[""1173:0"",""2647:0""]","[""fetch"",""state_change""]",True,ood
299,1,identify_missing_item,,fetch_missing_fruit,"[""1207:1"",""2444:1""]","[""fetch"",""open_container_then_retrieve"",""relocate""]",,ood
299,2,carry_missing_item_to_table,,move_to_table,"[""1210:1"",""2918:1""]","[""relocate""]",,ood
300,0,observe_table,,inspect_table,"[""1700:0"",""1958:0""]","[""fetch"",""state_change""]",,ood
300,1,observe_kitchen_work_area,,navigate_to_kitchen_island,"[""1484:0""]","[""fetch"",""state_change""]",,ood
300,2,pick_bowl_0,fetch,fetch_bowl,"[""1488:0"",""2686:0""]","[""fetch"",""state_change""]",True,ood
300,3,pick_plate_0,fetch,place_plate,"[""3266:2""]","[""relocate""]",False,ood
301,0,observe_table,,inspect_table,"[""1700:0"",""1958:0""]","[""fetch"",""state_change""]",,ood
301,1,observe_kitchen_work_area,,navigate_to_kitchen_island,"[""1484:0""]","[""fetch"",""state_change""]",,ood
301,2,decide_missing_object,,inspect_object,"[""6838:1"",""1367:1""]","[""state_change""]",,ood
301,3,fetch_missing_object,fetch,fetch_object,"[""6411:0""]","[""fetch""]",True,ood
302,0,look_for_bowl_0_on_table,,fetch_bowl,"[""4764:0"",""1488:0""]","[""fetch"",""state_change""]",,ood
302,1,look_for_plate_0_on_table,,place_on_plate,"[""5169:2""]","[""relocate""]",,ood
302,2,retrieve_bowl_0_if_missing,fetch,fetch_bowl,"[""2686:0""]","[""fetch"",""state_change""]",True,ood
302,3,retrieve_plate_0_if_missing,fetch,set_plate,"[""5528:0"",""2966:0""]","[""fetch"",""state_change""]",True,ood
302,4,place_bowl_0_on_table_if_missing,relocate,place_bowl,[],[],False,ood
302,5,place_plate_0_on_table_if_missing,relocate,place_on_plate,[],[],False,ood
303,0,scan_kitchen_work_area,,scan_table,"[""5235:0"",""1209:0""]","[""fetch"",""state_change""]",,ood
303,1,check_for_bowl_0,state_change,fetch_bowl,"[""4764:0"",""1488:0""]","[""fetch"",""state_change""]",True,ood
303,2,check_for_plate_0,state_change,place_plate,"[""3266:2"",""5679:2""]","[""relocate""]",False,ood
303,3,place_bowl_0_if_missing,relocate,place_bowl,[],[],False,ood
303,4,place_plate_0_if_missing,relocate,place_plate,[],[],False,ood
304,0,survey_kitchen_work_area,state_change,navigate_to_kitchen_island,"[""1484:0""]","[""fetch"",""state_change""]",True,ood
304,1,identify_missing_item,,fetch_missing_fruit,"[""1207:1"",""2444:1""]","[""fetch"",""open_container_then_retrieve"",""relocate""]",,ood
304,2,carry_missing_item_to_table,,move_to_table,"[""1210:1"",""2918:1""]","[""relocate""]",,ood
305,0,observe_kitchen_work_area,,navigate_to_kitchen_island,"[""1484:0""]","[""fetch"",""state_change""]",,ood
305,1,decide_missing_item,,fetch_missing_fruit,"[""1207:1"",""2444:1""]","[""fetch"",""open_container_then_retrieve"",""relocate""]",,ood
305,2,fetch_missing_item,fetch,fetch_missing_fruit,[],[],False,ood
306,0,check_table_for_bowl_and_plate,state_change,check_table,"[""1502:0"",""1663:0""]","[""fetch"",""state_change""]",True,ood
306,1,if_bowl_missing_get_bowl,fetch,fetch_bowl,"[""1488:0"",""2686:0""]","[""fetch"",""state_change""]",True,ood
306,2,if_plate_missing_get_plate,fetch,set_plate,"[""5528:0"",""2966:0""]","[""fetch"",""state_change""]",True,ood
306,3,place_missing_dish_on_table,relocate,place_plate_on_kitchen_island,[],[],False,ood
307,0,check_table_for_bowl_and_plate,state_change,check_table,"[""1502:0"",""1663:0""]","[""fetch"",""state_change""]",True,ood
307,1,if_bowl_missing_get_bowl,fetch,fetch_bowl,"[""1488:0"",""2686:0""]","[""fetch"",""state_change""]",True,ood
307,2,if_plate_missing_get_plate,fetch,set_plate,"[""5528:0"",""2966:0""]","[""fetch"",""state_change""]",True,ood
307,3,place_missing_dish_on_table,relocate,place_plate_on_kitchen_island,[],[],False,ood
308,0,find_non_table_item,fetch,inspect_table,"[""1700:0"",""1958:0""]","[""fetch"",""state_change""]",True,ood
308,1,move_to_non_table_item,,move_to_table,"[""1210:1"",""2918:1""]","[""relocate""]",,ood
308,2,pick_non_table_item,fetch,move_to_table,"[""3979:1""]","[""relocate""]",False,ood
308,3,move_to_table,,move_to_table,[],[],,ood
308,4,place_non_table_item_on_table,relocate,place_on_table,"[""3156:2""]","[""multi_object_sequence"",""relocate""]",True,ood
309,0,survey_table,state_change,survey_table,"[""1173:0"",""2647:0""]","[""fetch"",""state_change""]",True,ood
309,1,identify_missing_item,,fetch_missing_fruit,"[""1207:1"",""2444:1""]","[""fetch"",""open_container_then_retrieve"",""relocate""]",,ood
309,2,carry_missing_item_to_table,,move_to_table,"[""1210:1"",""2918:1""]","[""relocate""]",,ood
310,0,check_table_for_bowl_and_plate,state_change,check_table,"[""1502:0"",""1663:0""]","[""fetch"",""state_change""]",True,ood
310,1,if_bowl_missing_get_bowl,fetch,fetch_bowl,"[""1488:0"",""2686:0""]","[""fetch"",""state_change""]",True,ood
310,2,if_plate_missing_get_plate,fetch,set_plate,"[""5528:0"",""2966:0""]","[""fetch"",""state_change""]",True,ood
310,3,place_missing_dish_on_table,relocate,place_plate_on_kitchen_island,[],[],False,ood
311,0,glance_at_table,,inspect_table,"[""1633:0"",""2098:0""]","[""fetch"",""state_change""]",,ood
311,1,confirm_one_bowl_and_one_plate,,place_bowl,"[""1488:2"",""2686:2""]","[""fetch"",""multi_object_sequence"",""open_container_then_retrieve"",""relocate""]",,ood
311,2,fetch_absent_dish,fetch,fetch_bowl,"[""1488:0"",""2686:0""]","[""fetch"",""state_change""]",True,ood
312,0,check_kitchen_work_area_for_dishes,state_change,place_plate_on_kitchen_island,"[""2240:0"",""1484:1""]","[""fetch"",""relocate"",""state_change""]",True,ood
312,1,check_if_bowl_is_missing,state_change,fetch_bowl,"[""1488:0"",""2686:0""]","[""fetch"",""state_change""]",True,ood
312,2,check_if_plate_is_missing,state_change,set_plate,"[""5528:0"",""2966:0""]","[""fetch"",""state_change""]",True,ood
312,3,get_bowl_from_kitchen_work_area,fetch,place_bowl,[],[],False,ood
312,4,get_plate_from_kitchen_work_area,fetch,place_plate_on_kitchen_island,[],[],False,ood
312,5,place_bowl_on_table,relocate,place_on_table,[],[],False,ood
312,6,place_plate_on_table,relocate,place_on_plate,[],[],False,ood
313,0,look_at_table,,inspect_table,"[""1700:0"",""1958:0""]","[""fetch"",""state_change""]",,ood
313,1,verify_bowl_on_table,,check_table,"[""1039:0"",""1737:0""]","[""fetch"",""state_change""]",,ood
313,2,verify_plate_on_table,,check_table,"[""2239:0"",""6057:0""]","[""fetch"",""state_change""]",,ood
313,3,go_to_kitchen_work_area,,navigate_to_kitchen_island,[],[],,ood
313,4,retrieve_missing_plate,fetch,set_plate,[],[],False,ood
313,5,place_plate_on_table,relocate,place_on_plate,[],[],False,ood
314,0,examine_table,,inspect_table,"[""1700:0"",""1958:0""]","[""fetch"",""state_change""]",,ood
314,1,find_single_dish,fetch,fetch_bowl,"[""4764:0"",""1488:0""]","[""fetch"",""state_change""]",True,ood
314,2,supply_other_dish,,place_on_plate,"[""5169:2""]","[""relocate""]",,ood
314,3,position_both_dishes,,place_plate_on_kitchen_island,"[""1484:1""]","[""relocate""]",,ood
315,0,glance_at_table,,inspect_table,"[""1633:0"",""2098:0""]","[""fetch"",""state_change""]",,ood
315,1,confirm_one_bowl_and_one_plate,,place_bowl,"[""1488:2"",""2686:2""]","[""fetch"",""multi_object_sequence"",""open_container_then_retrieve"",""relocate""]",,ood
315,2,fetch_absent_dish,fetch,fetch_bowl,"[""1488:0"",""2686:0""]","[""fetch"",""state_change""]",True,ood
316,0,scan_table,,scan_table,"[""5235:0"",""1209:0""]","[""fetch"",""state_change""]",,ood
316,1,check_bowl_presence,state_change,place_bowl,"[""3697:1"",""6464:1""]","[""multi_object_sequence"",""relocate""]",False,ood
316,2,check_plate_presence,state_change,place_plate,"[""3266:2"",""5679:2""]","[""relocate""]",False,ood
316,3,place_bowl_if_needed,relocate,place_bowl,[],[],False,ood
316,4,place_plate_if_needed,relocate,place_plate,[],[],False,ood
317,0,inspect_table,state_change,inspect_table,"[""1700:0"",""1958:0""]","[""fetch"",""state_change""]",True,ood
317,1,fetch_hidden_dish,fetch,fetch_bowl,"[""4764:0"",""1488:0""]","[""fetch"",""state_change""]",True,ood
317,2,place_dish_on_table,relocate,place_on_table,"[""3156:2"",""3173:2""]","[""multi_object_sequence"",""relocate""]",True,ood
318,0,check_table_for_bowl_and_plate,state_change,check_table,"[""1039:0"",""1737:0""]","[""fetch"",""state_change""]",True,ood
318,1,check_if_bowl_is_missing,state_change,fetch_bowl,"[""1488:0"",""2686:0""]","[""fetch"",""state_change""]",True,ood
318,2,check_if_plate_is_missing,state_change,set_plate,"[""7118:0"",""911:0""]","[""fetch"",""state_change""]",True,ood
318,3,deliver_missing_bowl,relocate,fetch_bowl,[],[],False,ood
318,4,deliver_missing_plate,relocate,place_plate,[],[],False,ood
319,0,examine_table,,inspect_table,"[""1700:0"",""1958:0""]","[""fetch"",""state_change""]",,ood
319,1,find_single_dish,fetch,fetch_bowl,"[""4764:0"",""1488:0""]","[""fetch"",""state_change""]",True,ood
319,2,supply_other_dish,,place_on_plate,"[""5169:2""]","[""relocate""]",,ood
319,3,position_both_dishes,,place_plate_on_kitchen_island,"[""1484:1""]","[""relocate""]",,ood
320,0,find_non_resting_bowl_or_plate,fetch,place_bowl,"[""4764:1"",""1488:2""]","[""fetch"",""multi_object_sequence"",""open_container_then_retrieve"",""relocate""]",True,ood
320,1,move_to_non_resting_bowl_or_plate,,place_on_plate,"[""5169:2""]","[""relocate""]",,ood
320,2,pick_non_resting_bowl_or_plate,fetch,place_on_plate,[],[],False,ood
320,3,move_to_kitchen_work_area,,move_to_cabinet,"[""3800:0"",""2775:1""]","[""fetch"",""state_change""]",,ood
320,4,place_bowl_or_plate_on_kitchen_work_area,relocate,place_plate_on_kitchen_island,"[""1484:1""]","[""relocate""]",True,ood
321,0,survey_table,state_change,survey_table,"[""1173:0"",""2647:0""]","[""fetch"",""state_change""]",True,ood
321,1,identify_missing_item,,fetch_missing_fruit,"[""1207:1"",""2444:1""]","[""fetch"",""open_container_then_retrieve"",""relocate""]",,ood
321,2,carry_missing_item_to_table,,move_to_table,"[""1210:1"",""2918:1""]","[""relocate""]",,ood
322,0,check_table_for_bowl_and_plate,state_change,check_table,"[""1039:0"",""1737:0""]","[""fetch"",""state_change""]",True,ood
322,1,check_if_bowl_is_missing,state_change,fetch_bowl,"[""1488:0"",""2686:0""]","[""fetch"",""state_change""]",True,ood
322,2,check_if_plate_is_missing,state_change,set_plate,"[""7118:0"",""911:0""]","[""fetch"",""state_change""]",True,ood
322,3,deliver_missing_bowl,relocate,fetch_bowl,[],[],False,ood
322,4,deliver_missing_plate,relocate,place_plate,[],[],False,ood
323,0,find_non_resting_bowl_or_plate,fetch,place_bowl,"[""4764:1"",""1488:2""]","[""fetch"",""multi_object_sequence"",""open_container_then_retrieve"",""relocate""]",True,ood
323,1,move_to_non_resting_bowl_or_plate,,place_on_plate,"[""5169:2""]","[""relocate""]",,ood
323,2,pick_non_resting_bowl_or_plate,fetch,place_on_plate,[],[],False,ood
323,3,move_to_kitchen_work_area,,move_to_cabinet,"[""3800:0"",""2775:1""]","[""fetch"",""state_change""]",,ood
323,4,place_non_resting_bowl_or_plate,relocate,place_on_plate,[],[],False,ood
324,0,check_table_for_bowl_0,state_change,check_table,"[""1039:0"",""1737:0""]","[""fetch"",""state_change""]",True,ood
324,1,check_table_for_plate_0,state_change,check_table,"[""2239:0"",""6057:0""]","[""fetch"",""state_change""]",True,ood
324,2,deliver_bowl_0_if_missing,relocate,fetch_bowl,"[""1488:0"",""2686:0""]","[""fetch"",""state_change""]",False,ood
324,3,deliver_plate_0_if_missing,relocate,place_plate,[],[],False,ood
325,0,observe_kitchen_work_area,,navigate_to_kitchen_island,"[""1484:0""]","[""fetch"",""state_change""]",,ood
325,1,decide_missing_item,,fetch_missing_fruit,"[""1207:1"",""2444:1""]","[""fetch"",""open_container_then_retrieve"",""relocate""]",,ood
325,2,fetch_missing_item,fetch,fetch_missing_fruit,[],[],False,ood
326,0,observe_table,,inspect_table,"[""1700:0"",""1958:0""]","[""fetch"",""state_change""]",,ood
326,1,observe_kitchen_work_area,,navigate_to_kitchen_island,"[""1484:0""]","[""fetch"",""state_change""]",,ood
326,2,pick_bowl_0,fetch,fetch_bowl,"[""1488:0"",""2686:0""]","[""fetch"",""state_change""]",True,ood
326,3,pick_plate_0,fetch,place_plate,"[""3266:2""]","[""relocate""]",False,ood
327,0,inspect_kitchen_work_area,state_change,inspect_cabinet,"[""144:0"",""1774:0""]","[""state_change""]",True,ood
327,1,fetch_bowl_1,fetch,fetch_bowl,"[""4764:0"",""1488:0""]","[""fetch"",""state_change""]",True,ood
327,2,place_bowl_1_on_table,relocate,place_bowl,"[""4764:1"",""3697:1""]","[""multi_object_sequence"",""relocate""]",True,ood
327,3,fetch_plate_0,fetch,place_plate,[],[],False,ood
327,4,place_plate_0_on_table,relocate,place_on_plate,[],[],False,ood
328,0,glance_at_table,,inspect_table,"[""1633:0"",""2098:0""]","[""fetch"",""state_change""]",,ood
328,1,confirm_one_bowl_and_one_plate,,place_bowl,"[""1488:2"",""2686:2""]","[""fetch"",""multi_object_sequence"",""open_container_then_retrieve"",""relocate""]",,ood
328,2,fetch_absent_dish,fetch,fetch_bowl,"[""1488:0"",""2686:0""]","[""fetch"",""state_change""]",True,ood
329,0,examine_table,,inspect_table,"[""1700:0"",""1958:0""]","[""fetch"",""state_change""]",,ood
329,1,find_single_dish,fetch,fetch_bowl,"[""4764:0"",""1488:0""]","[""fetch"",""state_change""]",True,ood
329,2,supply_other_dish,,place_on_plate,"[""5169:2""]","[""relocate""]",,ood
329,3,position_both_dishes,,place_plate_on_kitchen_island,"[""1484:1""]","[""relocate""]",,ood
330,0,examine_table,,inspect_table,"[""1700:0"",""1958:0""]","[""fetch"",""state_change""]",,ood
330,1,find_single_dish,fetch,fetch_bowl,"[""4764:0"",""1488:0""]","[""fetch"",""state_change""]",True,ood
330,2,supply_missing_dish,,fetch_bowl,"[""2686:0""]","[""fetch"",""state_change""]",,ood
330,3,position_both_dishes,,place_plate_on_kitchen_island,"[""1484:1""]","[""relocate""]",,ood
331,0,inspect_table,state_change,inspect_table,"[""1700:0"",""1958:0""]","[""fetch"",""state_change""]",True,ood
331,1,fetch_bowl_0,fetch,fetch_bowl,"[""4764:0"",""1488:0""]","[""fetch"",""state_change""]",True,ood
331,2,place_bowl_0_on_table,relocate,place_bowl,"[""4764:1"",""1488:2""]","[""fetch"",""multi_object_sequence"",""open_container_then_retrieve"",""relocate""]",True,ood
331,3,fetch_plate_0,fetch,place_plate,[],[],False,ood
331,4,place_plate_0_on_table,relocate,place_on_plate,[],[],False,ood
332,0,glance_at_table,,inspect_table,"[""1633:0"",""2098:0""]","[""fetch"",""state_change""]",,ood
332,1,confirm_one_bowl_and_one_plate,,place_bowl,"[""1488:2"",""2686:2""]","[""fetch"",""multi_object_sequence"",""open_container_then_retrieve"",""relocate""]",,ood
332,2,fetch_absent_dish,fetch,fetch_bowl,"[""1488:0"",""2686:0""]","[""fetch"",""state_change""]",True,ood
333,0,glance_at_table,,inspect_table,"[""1633:0"",""2098:0""]","[""fetch"",""state_change""]",,ood
333,1,confirm_bowl_and_plate,,place_bowl,"[""1488:2"",""2686:2""]","[""fetch"",""multi_object_sequence"",""open_container_then_retrieve"",""relocate""]",,ood
333,2,fetch_absent_dish,fetch,fetch_bowl,"[""1488:0"",""2686:0""]","[""fetch"",""state_change""]",True,ood
334,0,examine_table,,inspect_table,"[""1700:0"",""1958:0""]","[""fetch"",""state_change""]",,ood
334,1,find_single_dish,fetch,fetch_bowl,"[""4764:0"",""1488:0""]","[""fetch"",""state_change""]",True,ood
334,2,supply_other_dish,,place_on_plate,"[""5169:2""]","[""relocate""]",,ood
334,3,position_both_dishes,,place_plate_on_kitchen_island,"[""1484:1""]","[""relocate""]",,ood
335,0,check_table_for_bowl_and_plate,state_change,check_table,"[""1039:0"",""1737:0""]","[""fetch"",""state_change""]",True,ood
335,1,check_if_bowl_is_missing,state_change,fetch_bowl,"[""1488:0"",""2686:0""]","[""fetch"",""state_change""]",True,ood
335,2,check_if_plate_is_missing,state_change,set_plate,"[""7118:0"",""911:0""]","[""fetch"",""state_change""]",True,ood
335,3,deliver_missing_bowl,relocate,fetch_bowl,[],[],False,ood
335,4,deliver_missing_plate,relocate,place_plate,[],[],False,ood
336,0,scan_table,,scan_table,"[""5235:0"",""1209:0""]","[""fetch"",""state_change""]",,ood
336,1,check_bowl_presence,state_change,place_bowl,"[""3697:1"",""6464:1""]","[""multi_object_sequence"",""relocate""]",False,ood
336,2,check_plate_presence,state_change,place_plate,"[""3266:2"",""5679:2""]","[""relocate""]",False,ood
336,3,place_bowl_if_needed,relocate,place_bowl,[],[],False,ood
336,4,place_plate_if_needed,relocate,place_plate,[],[],False,ood
337,0,find_non_table_item,fetch,inspect_table,"[""1700:0"",""1958:0""]","[""fetch"",""state_change""]",True,ood
337,1,move_to_non_table_item,,move_to_table,"[""1210:1"",""2918:1""]","[""relocate""]",,ood
337,2,pick_non_table_item,fetch,move_to_table,"[""3979:1""]","[""relocate""]",False,ood
337,3,move_to_table,,move_to_table,[],[],,ood
337,4,place_non_table_item_on_table,relocate,place_on_table,"[""3156:2""]","[""multi_object_sequence"",""relocate""]",True,ood
338,0,examine_table,,inspect_table,"[""1700:0"",""1958:0""]","[""fetch"",""state_change""]",,ood
338,1,find_single_dish,fetch,fetch_bowl,"[""4764:0"",""1488:0""]","[""fetch"",""state_change""]",True,ood
338,2,supply_other_dish,,place_on_plate,"[""5169:2""]","[""relocate""]",,ood
338,3,position_both_dishes,,place_plate_on_kitchen_island,"[""1484:1""]","[""relocate""]",,ood
339,0,scan_table,,scan_table,"[""5235:0"",""1209:0""]","[""fetch"",""state_change""]",,ood
339,1,check_for_bowl,state_change,fetch_bowl,"[""4764:0"",""1488:0""]","[""fetch"",""state_change""]",True,ood
339,2,check_for_plate,state_change,set_plate,"[""7118:0"",""911:0""]","[""fetch"",""state_change""]",True,ood
339,3,place_bowl_on_table,relocate,place_on_table,[],[],False,ood
339,4,place_plate_on_table,relocate,place_on_plate,[],[],False,ood
340,0,survey_kitchen_work_area,state_change,navigate_to_kitchen_island,"[""1484:0""]","[""fetch"",""state_change""]",True,ood
340,1,identify_missing_item,,fetch_missing_fruit,"[""1207:1"",""2444:1""]","[""fetch"",""open_container_then_retrieve"",""relocate""]",,ood
340,2,carry_missing_item_to_table,,move_to_table,"[""1210:1"",""2918:1""]","[""relocate""]",,ood
341,0,look_over_table,,inspect_table,"[""1700:0"",""1958:0""]","[""fetch"",""state_change""]",,ood
341,1,check_bowl_0_location,state_change,place_bowl,"[""1488:2"",""2686:2""]","[""fetch"",""multi_object_sequence"",""open_container_then_retrieve"",""relocate""]",False,ood
341,2,check_plate_0_location,state_change,place_plate,"[""1379:0"",""4075:0""]","[""fetch"",""state_change""]",True,ood
341,3,get_missing_item,fetch,fetch_missing_fruit,[],[],False,ood
341,4,place_item_on_table,relocate,place_on_table,[],[],False,ood
342,0,find_non_table_item,fetch,inspect_table,"[""1700:0"",""1958:0""]","[""fetch"",""state_change""]",True,ood
342,1,move_to_non_table_item,,move_to_table,"[""1210:1"",""2918:1""]","[""relocate""]",,ood
342,2,pick_non_table_item,fetch,move_to_table,"[""3979:1""]","[""relocate""]",False,ood
342,3,move_to_table,,move_to_table,[],[],,ood
342,4,place_non_table_item_on_table,relocate,place_on_table,"[""3156:2""]","[""multi_object_sequence"",""relocate""]",True,ood
343,0,look_for_bowl_0_on_table,,fetch_bowl,"[""4764:0"",""1488:0""]","[""fetch"",""state_change""]",,ood
343,1,look_for_plate_0_on_table,,place_on_plate,"[""5169:2""]","[""relocate""]",,ood
343,2,retrieve_missing_bowl_or_plate,fetch,fetch_bowl,"[""2686:0""]","[""fetch"",""state_change""]",True,ood
344,0,examine_table,,inspect_table,"[""1700:0"",""1958:0""]","[""fetch"",""state_change""]",,ood
344,1,find_single_dish,fetch,fetch_bowl,"[""4764:0"",""1488:0""]","[""fetch"",""state_change""]",True,ood
344,2,supply_missing_dish,,fetch_bowl,"[""2686:0""]","[""fetch"",""state_change""]",,ood
344,3,position_both_dishes,,place_plate_on_kitchen_island,"[""1484:1""]","[""relocate""]",,ood
345,0,survey_table,state_change,survey_table,"[""1173:0"",""2647:0""]","[""fetch"",""state_change""]",True,ood
345,1,identify_missing_item,,fetch_missing_fruit,"[""1207:1"",""2444:1""]","[""fetch"",""open_container_then_retrieve"",""relocate""]",,ood
345,2,carry_missing_item_to_table,,move_to_table,"[""1210:1"",""2918:1""]","[""relocate""]",,ood
346,0,observe_table,,inspect_table,"[""1700:0"",""1958:0""]","[""fetch"",""state_change""]",,ood
346,1,observe_kitchen_work_area,,navigate_to_kitchen_island,"[""1484:0""]","[""fetch"",""state_change""]",,ood
346,2,decide_missing_object,,inspect_object,"[""6838:1"",""1367:1""]","[""state_change""]",,ood
346,3,fetch_missing_object,fetch,fetch_object,"[""6411:0""]","[""fetch""]",True,ood
347,0,survey_kitchen_work_area,state_change,navigate_to_kitchen_island,"[""1484:0""]","[""fetch"",""state_change""]",True,ood
347,1,identify_missing_item,,fetch_missing_fruit,"[""1207:1"",""2444:1""]","[""fetch"",""open_container_then_retrieve"",""relocate""]",,ood
347,2,carry_missing_item_to_table,,move_to_table,"[""1210:1"",""2918:1""]","[""relocate""]",,ood
348,0,check_table_for_bowl_and_plate,state_change,check_table,"[""1039:0"",""1737:0""]","[""fetch"",""state_change""]",True,ood
348,1,check_if_bowl_is_missing,state_change,fetch_bowl,"[""1488:0"",""2686:0""]","[""fetch"",""state_change""]",True,ood
348,2,check_if_plate_is_missing,state_change,set_plate,"[""7118:0"",""911:0""]","[""fetch"",""state_change""]",True,ood
348,3,deliver_missing_bowl,relocate,fetch_bowl,[],[],False,ood
348,4,deliver_missing_plate,relocate,place_plate,[],[],False,ood
349,0,scan_table,,scan_table,"[""5235:0"",""1209:0""]","[""fetch"",""state_change""]",,ood
349,1,check_bowl_presence,state_change,place_bowl,"[""3697:1"",""6464:1""]","[""multi_object_sequence"",""relocate""]",False,ood
349,2,check_plate_presence,state_change,place_plate,"[""3266:2"",""5679:2""]","[""relocate""]",False,ood
349,3,place_bowl_if_needed,relocate,place_bowl,[],[],False,ood
349,4,place_plate_if_needed,relocate,place_plate,[],[],False,ood
350,0,glance_at_table,,inspect_table,"[""1633:0"",""2098:0""]","[""fetch"",""state_change""]",,ood
350,1,confirm_one_bowl_and_one_plate,,place_bowl,"[""1488:2"",""2686:2""]","[""fetch"",""multi_object_sequence"",""open_container_then_retrieve"",""relocate""]",,ood
350,2,fetch_absent_dish,fetch,fetch_bowl,"[""1488:0"",""2686:0""]","[""fetch"",""state_change""]",True,ood
351,0,inspect_table,state_change,inspect_table,"[""1700:0"",""1958:0""]","[""fetch"",""state_change""]",True,ood
351,1,fetch_bowl_0,fetch,fetch_bowl,"[""4764:0"",""1488:0""]","[""fetch"",""state_change""]",True,ood
351,2,place_bowl_0_on_table,relocate,place_bowl,"[""4764:1"",""1488:2""]","[""fetch"",""multi_object_sequence"",""open_container_then_retrieve"",""relocate""]",True,ood
351,3,fetch_plate_0,fetch,place_plate,[],[],False,ood
351,4,place_plate_0_on_table,relocate,place_on_plate,[],[],False,ood
352,0,observe_kitchen_work_area,,navigate_to_kitchen_island,"[""1484:0""]","[""fetch"",""state_change""]",,ood
352,1,decide_missing_item,,fetch_missing_fruit,"[""1207:1"",""2444:1""]","[""fetch"",""open_container_then_retrieve"",""relocate""]",,ood
352,2,fetch_missing_item,fetch,fetch_missing_fruit,[],[],False,ood
353,0,inspect_table,state_change,inspect_table,"[""1700:0"",""1958:0""]","[""fetch"",""state_change""]",True,ood
353,1,fetch_hidden_dish,fetch,fetch_bowl,"[""4764:0"",""1488:0""]","[""fetch"",""state_change""]",True,ood
353,2,place_dish_on_table,relocate,place_on_table,"[""3156:2"",""3173:2""]","[""multi_object_sequence"",""relocate""]",True,ood
354,0,glance_at_table,,inspect_table,"[""1633:0"",""2098:0""]","[""fetch"",""state_change""]",,ood
354,1,confirm_one_bowl_and_one_plate,,place_bowl,"[""2501:1"",""1488:2""]","[""fetch"",""multi_object_sequence"",""open_container_then_retrieve"",""relocate""]",,ood
354,2,fetch_absent_dish,fetch,fetch_bowl,"[""1488:0"",""2686:0""]","[""fetch"",""state_change""]",True,ood
355,0,examine_table,,inspect_table,"[""1700:0"",""1958:0""]","[""fetch"",""state_change""]",,ood
355,1,find_single_dish,fetch,fetch_bowl,"[""4764:0"",""1488:0""]","[""fetch"",""state_change""]",True,ood
355,2,supply_other_dish,,place_on_plate,"[""5169:2""]","[""relocate""]",,ood
355,3,position_both_dishes,,place_plate_on_kitchen_island,"[""1484:1""]","[""relocate""]",,ood
356,0,glance_at_table,,inspect_table,"[""1633:0"",""2098:0""]","[""fetch"",""state_change""]",,ood
356,1,confirm_one_bowl_and_one_plate,,place_bowl,"[""2501:1"",""1488:2""]","[""fetch"",""multi_object_sequence"",""open_container_then_retrieve"",""relocate""]",,ood
356,2,fetch_absent_dish,fetch,fetch_bowl,"[""1488:0"",""2686:0""]","[""fetch"",""state_change""]",True,ood
357,0,glance_at_table,,inspect_table,"[""1633:0"",""2098:0""]","[""fetch"",""state_change""]",,ood
357,1,confirm_one_bowl_and_one_plate,,place_bowl,"[""1488:2"",""2686:2""]","[""fetch"",""multi_object_sequence"",""open_container_then_retrieve"",""relocate""]",,ood
357,2,fetch_absent_dish,fetch,fetch_bowl,"[""1488:0"",""2686:0""]","[""fetch"",""state_change""]",True,ood
358,0,survey_kitchen_work_area,state_change,navigate_to_kitchen_island,"[""1484:0""]","[""fetch"",""state_change""]",True,ood
358,1,identify_missing_item,,fetch_missing_fruit,"[""1207:1"",""2444:1""]","[""fetch"",""open_container_then_retrieve"",""relocate""]",,ood
358,2,carry_missing_item_to_table,,move_to_table,"[""1210:1"",""2918:1""]","[""relocate""]",,ood
359,0,check_kitchen_work_area_for_dishes,state_change,place_plate_on_kitchen_island,"[""2240:0"",""1484:1""]","[""fetch"",""relocate"",""state_change""]",True,ood
359,1,check_if_bowl_is_missing,state_change,fetch_bowl,"[""1488:0"",""2686:0""]","[""fetch"",""state_change""]",True,ood
359,2,check_if_plate_is_missing,state_change,set_plate,"[""5528:0"",""2966:0""]","[""fetch"",""state_change""]",True,ood
359,3,get_bowl_from_kitchen_work_area,fetch,place_bowl,[],[],False,ood
359,4,get_plate_from_kitchen_work_area,fetch,place_plate_on_kitchen_island,[],[],False,ood
359,5,place_bowl_on_table,relocate,place_on_table,[],[],False,ood
359,6,place_plate_on_table,relocate,place_on_plate,[],[],False,ood
360,0,examine_table,,inspect_table,"[""1700:0"",""1958:0""]","[""fetch"",""state_change""]",,ood
360,1,find_single_dish,fetch,fetch_bowl,"[""4764:0"",""1488:0""]","[""fetch"",""state_change""]",True,ood
360,2,supply_other_dish,,place_on_plate,"[""5169:2""]","[""relocate""]",,ood
360,3,position_both_dishes,,place_plate_on_kitchen_island,"[""1484:1""]","[""relocate""]",,ood
361,0,examine_table,,inspect_table,"[""1700:0"",""1958:0""]","[""fetch"",""state_change""]",,ood
361,1,find_single_dish,fetch,fetch_bowl,"[""4764:0"",""1488:0""]","[""fetch"",""state_change""]",True,ood
361,2,supply_other_dish,,place_on_plate,"[""5169:2""]","[""relocate""]",,ood
361,3,position_bowl_and_plate,,place_on_plate,[],[],,ood
362,0,inspect_kitchen_work_area,state_change,inspect_cabinet,"[""144:0"",""1774:0""]","[""state_change""]",True,ood
362,1,fetch_bowl_1,fetch,fetch_bowl,"[""4764:0"",""1488:0""]","[""fetch"",""state_change""]",True,ood
362,2,place_bowl_1_on_table,relocate,place_bowl,"[""4764:1"",""3697:1""]","[""multi_object_sequence"",""relocate""]",True,ood
362,3,fetch_plate_0,fetch,place_plate,[],[],False,ood
362,4,place_plate_0_on_table,relocate,place_on_plate,[],[],False,ood
363,0,examine_table,,inspect_table,"[""1700:0"",""1958:0""]","[""fetch"",""state_change""]",,ood
363,1,find_single_dish,fetch,fetch_bowl,"[""4764:0"",""1488:0""]","[""fetch"",""state_change""]",True,ood
363,2,supply_other_dish,,place_on_plate,"[""5169:2""]","[""relocate""]",,ood
363,3,position_both_dishes,,place_plate_on_kitchen_island,"[""1484:1""]","[""relocate""]",,ood
364,0,observe_table,,inspect_table,"[""1700:0"",""1958:0""]","[""fetch"",""state_change""]",,ood
364,1,observe_kitchen_work_area,,navigate_to_kitchen_island,"[""1484:0""]","[""fetch"",""state_change""]",,ood
364,2,decide_missing_object,,inspect_object,"[""6838:1"",""1367:1""]","[""state_change""]",,ood
364,3,fetch_missing_object,fetch,fetch_object,"[""6411:0""]","[""fetch""]",True,ood
365,0,glance_at_table,,inspect_table,"[""1633:0"",""2098:0""]","[""fetch"",""state_change""]",,ood
365,1,confirm_one_bowl_and_one_plate,,place_bowl,"[""2501:1"",""1488:2""]","[""fetch"",""multi_object_sequence"",""open_container_then_retrieve"",""relocate""]",,ood
365,2,fetch_absent_dish,fetch,fetch_bowl,"[""1488:0"",""2686:0""]","[""fetch"",""state_change""]",True,ood
366,0,examine_table,,inspect_table,"[""1700:0"",""1958:0""]","[""fetch"",""state_change""]",,ood
366,1,find_single_dish,fetch,fetch_bowl,"[""4764:0"",""1488:0""]","[""fetch"",""state_change""]",True,ood
366,2,supply_other_dish,,place_on_plate,"[""5169:2""]","[""relocate""]",,ood
366,3,position_both_dishes,,place_plate_on_kitchen_island,"[""1484:1""]","[""relocate""]",,ood
367,0,glance_at_table,,inspect_table,"[""1633:0"",""2098:0""]","[""fetch"",""state_change""]",,ood
367,1,confirm_bowl_and_plate,,place_bowl,"[""1488:2"",""2686:2""]","[""fetch"",""multi_object_sequence"",""open_container_then_retrieve"",""relocate""]",,ood
367,2,fetch_absent_dish,fetch,fetch_bowl,"[""1488:0"",""2686:0""]","[""fetch"",""state_change""]",True,ood
368,0,check_kitchen_work_area,state_change,navigate_to_kitchen_island,"[""1484:0""]","[""fetch"",""state_change""]",True,ood
368,1,check_for_bowl,state_change,fetch_bowl,"[""1488:0"",""2686:0""]","[""fetch"",""state_change""]",True,ood
368,2,check_for_plate,state_change,set_plate,"[""7118:0"",""911:0""]","[""fetch"",""state_change""]",True,ood
368,3,deliver_missing_bowl,relocate,fetch_bowl,"[""4764:0""]","[""fetch"",""state_change""]",False,ood
368,4,deliver_missing_plate,relocate,place_plate,[],[],False,ood
369,0,glance_at_table,,inspect_table,"[""1633:0"",""2098:0""]","[""fetch"",""state_change""]",,ood
369,1,confirm_one_bowl_and_one_plate,,place_bowl,"[""1488:2"",""2686:2""]","[""fetch"",""multi_object_sequence"",""open_container_then_retrieve"",""relocate""]",,ood
369,2,fetch_absent_dish,fetch,fetch_bowl,"[""1488:0"",""2686:0""]","[""fetch"",""state_change""]",True,ood
370,0,scan_kitchen_work_area,,scan_table,"[""5235:0"",""1209:0""]","[""fetch"",""state_change""]",,ood
370,1,check_for_bowl_0,state_change,fetch_bowl,"[""4764:0"",""1488:0""]","[""fetch"",""state_change""]",True,ood
370,2,check_for_plate_0,state_change,place_plate,"[""3266:2"",""5679:2""]","[""relocate""]",False,ood
370,3,place_bowl_0_if_missing,relocate,place_bowl,[],[],False,ood
370,4,place_plate_0_if_missing,relocate,place_plate,[],[],False,ood
371,0,scan_kitchen_work_area,,scan_table,"[""5235:0"",""1209:0""]","[""fetch"",""state_change""]",,ood
371,1,check_for_bowl_0,state_change,fetch_bowl,"[""4764:0"",""1488:0""]","[""fetch"",""state_change""]",True,ood
371,2,check_for_plate_0,state_change,place_plate,"[""3266:2"",""5679:2""]","[""relocate""]",False,ood
371,3,place_bowl_0_if_missing,relocate,place_bowl,[],[],False,ood
371,4,place_plate_0_if_missing,relocate,place_plate,[],[],False,ood
372,0,survey_kitchen_work_area,state_change,navigate_to_kitchen_island,"[""1484:0""]","[""fetch"",""state_change""]",True,ood
372,1,identify_missing_item,,fetch_missing_fruit,"[""1207:1"",""2444:1""]","[""fetch"",""open_container_then_retrieve"",""relocate""]",,ood
372,2,carry_missing_item_to_table,,move_to_table,"[""1210:1"",""2918:1""]","[""relocate""]",,ood
373,0,check_table_for_bowl_and_plate,state_change,check_table,"[""1039:0"",""1737:0""]","[""fetch"",""state_change""]",True,ood
373,1,check_if_bowl_is_missing,state_change,fetch_bowl,"[""1488:0"",""2686:0""]","[""fetch"",""state_change""]",True,ood
373,2,check_if_plate_is_missing,state_change,set_plate,"[""7118:0"",""911:0""]","[""fetch"",""state_change""]",True,ood
373,3,deliver_missing_bowl,relocate,fetch_bowl,[],[],False,ood
373,4,deliver_missing_plate,relocate,place_plate,[],[],False,ood
374,0,glance_at_table,,inspect_table,"[""1633:0"",""2098:0""]","[""fetch"",""state_change""]",,ood
374,1,confirm_one_bowl_and_one_plate,,place_bowl,"[""1488:2"",""2686:2""]","[""fetch"",""multi_object_sequence"",""open_container_then_retrieve"",""relocate""]",,ood
374,2,fetch_absent_dish,fetch,fetch_bowl,"[""1488:0"",""2686:0""]","[""fetch"",""state_change""]",True,ood
375,0,examine_table,,inspect_table,"[""1700:0"",""1958:0""]","[""fetch"",""state_change""]",,ood
375,1,find_single_dish,fetch,fetch_bowl,"[""4764:0"",""1488:0""]","[""fetch"",""state_change""]",True,ood
375,2,supply_missing_dish,,fetch_bowl,"[""2686:0""]","[""fetch"",""state_change""]",,ood
375,3,position_both_dishes,,place_plate_on_kitchen_island,"[""1484:1""]","[""relocate""]",,ood
376,0,scan_kitchen_work_area,,scan_table,"[""5235:0"",""1209:0""]","[""fetch"",""state_change""]",,ood
376,1,check_for_bowl_0,state_change,fetch_bowl,"[""4764:0"",""1488:0""]","[""fetch"",""state_change""]",True,ood
376,2,check_for_plate_0,state_change,place_plate,"[""3266:2"",""5679:2""]","[""relocate""]",False,ood
376,3,place_bowl_0_if_missing,relocate,place_bowl,[],[],False,ood
376,4,place_plate_0_if_missing,relocate,place_plate,[],[],False,ood
377,0,survey_table,state_change,survey_table,"[""1173:0"",""2647:0""]","[""fetch"",""state_change""]",True,ood
377,1,identify_missing_item,,fetch_missing_fruit,"[""1207:1"",""2444:1""]","[""fetch"",""open_container_then_retrieve"",""relocate""]",,ood
377,2,carry_missing_item_to_table,,move_to_table,"[""1210:1"",""2918:1""]","[""relocate""]",,ood
378,0,inspect_kitchen_work_area,state_change,inspect_cabinet,"[""144:0"",""1774:0""]","[""state_change""]",True,ood
378,1,fetch_bowl_1,fetch,fetch_bowl,"[""4764:0"",""1488:0""]","[""fetch"",""state_change""]",True,ood
378,2,place_bowl_1_on_table,relocate,place_bowl,"[""4764:1"",""3697:1""]","[""multi_object_sequence"",""relocate""]",True,ood
378,3,fetch_plate_0,fetch,place_plate,[],[],False,ood
378,4,place_plate_0_on_table,relocate,place_on_plate,[],[],False,ood
379,0,observe_table,,inspect_table,"[""1700:0"",""1958:0""]","[""fetch"",""state_change""]",,ood
379,1,observe_kitchen_work_area,,navigate_to_kitchen_island,"[""1484:0""]","[""fetch"",""state_change""]",,ood
379,2,pick_bowl_0,fetch,fetch_bowl,"[""1488:0"",""2686:0""]","[""fetch"",""state_change""]",True,ood
379,3,pick_plate_0,fetch,place_plate,"[""3266:2""]","[""relocate""]",False,ood
380,0,check_table_for_bowl_and_plate,state_change,check_table,"[""1502:0"",""1663:0""]","[""fetch"",""state_change""]",True,ood
380,1,if_bowl_missing_get_bowl,fetch,fetch_bowl,"[""1488:0"",""2686:0""]","[""fetch"",""state_change""]",True,ood
380,2,if_plate_missing_get_plate,fetch,set_plate,"[""5528:0"",""2966:0""]","[""fetch"",""state_change""]",True,ood
380,3,place_missing_dish_on_table,relocate,place_plate_on_kitchen_island,[],[],False,ood
381,0,look_at_table,,inspect_table,"[""1700:0"",""1958:0""]","[""fetch"",""state_change""]",,ood
381,1,verify_bowl_0_on_table,,check_table,"[""1039:0"",""1737:0""]","[""fetch"",""state_change""]",,ood
381,2,verify_plate_0_on_table,,check_table,"[""2239:0"",""6057:0""]","[""fetch"",""state_change""]",,ood
381,3,go_to_kitchen_work_area,,navigate_to_kitchen_island,[],[],,ood
381,4,retrieve_plate_0,fetch,set_plate,[],[],False,ood
381,5,place_plate_0_on_table,relocate,place_on_plate,[],[],False,ood
382,0,survey_table,state_change,survey_table,"[""1173:0"",""2647:0""]","[""fetch"",""state_change""]",True,ood
382,1,identify_missing_item,,fetch_missing_fruit,"[""1207:1"",""2444:1""]","[""fetch"",""open_container_then_retrieve"",""relocate""]",,ood
382,2,carry_missing_item_to_table,,move_to_table,"[""1210:1"",""2918:1""]","[""relocate""]",,ood
383,0,look_for_bowl_0_on_table,,fetch_bowl,"[""4764:0"",""1488:0""]","[""fetch"",""state_change""]",,ood
383,1,look_for_plate_0_on_table,,place_on_plate,"[""5169:2""]","[""relocate""]",,ood
383,2,retrieve_bowl_0_if_missing,fetch,fetch_bowl,"[""2686:0""]","[""fetch"",""state_change""]",True,ood
383,3,retrieve_plate_0_if_missing,fetch,set_plate,"[""5528:0"",""2966:0""]","[""fetch"",""state_change""]",True,ood
383,4,place_bowl_0_on_table,relocate,place_bowl,[],[],False,ood
383,5,place_plate_0_on_table,relocate,place_on_plate,[],[],False,ood
384,0,scan_table,,scan_table,"[""5235:0"",""1209:0""]","[""fetch"",""state_change""]",,ood
384,1,check_for_bowl,state_change,fetch_bowl,"[""4764:0"",""1488:0""]","[""fetch"",""state_change""]",True,ood
384,2,check_for_plate,state_change,set_plate,"[""7118:0"",""911:0""]","[""fetch"",""state_change""]",True,ood
384,3,place_bowl_on_table,relocate,place_on_table,[],[],False,ood
384,4,place_plate_on_table,relocate,place_on_plate,[],[],False,ood
385,0,find_non_table_item,fetch,inspect_table,"[""1700:0"",""1958:0""]","[""fetch"",""state_change""]",True,ood
385,1,move_to_non_table_item,,move_to_table,"[""1210:1"",""2918:1""]","[""relocate""]",,ood
385,2,pick_non_table_item,fetch,move_to_table,"[""3979:1""]","[""relocate""]",False,ood
385,3,move_to_table,,move_to_table,[],[],,ood
385,4,place_non_table_item_on_table,relocate,place_on_table,"[""3156:2""]","[""multi_object_sequence"",""relocate""]",True,ood
386,0,examine_table,,inspect_table,"[""1700:0"",""1958:0""]","[""fetch"",""state_change""]",,ood
386,1,find_single_dish,fetch,fetch_bowl,"[""4764:0"",""1488:0""]","[""fetch"",""state_change""]",True,ood
386,2,supply_other_dish,,place_on_plate,"[""5169:2""]","[""relocate""]",,ood
386,3,position_both_dishes,,place_plate_on_kitchen_island,"[""1484:1""]","[""relocate""]",,ood
387,0,check_table_for_bowl_0,state_change,check_table,"[""1039:0"",""1737:0""]","[""fetch"",""state_change""]",True,ood
387,1,check_table_for_plate_0,state_change,check_table,"[""2239:0"",""6057:0""]","[""fetch"",""state_change""]",True,ood
387,2,deliver_bowl_0_if_missing,relocate,fetch_bowl,"[""1488:0"",""2686:0""]","[""fetch"",""state_change""]",False,ood
387,3,deliver_plate_0_if_missing,relocate,place_plate,[],[],False,ood
388,0,glance_at_table,,inspect_table,"[""1633:0"",""2098:0""]","[""fetch"",""state_change""]",,ood
388,1,confirm_one_bowl_and_one_plate,,place_bowl,"[""2501:1"",""1488:2""]","[""fetch"",""multi_object_sequence"",""open_container_then_retrieve"",""relocate""]",,ood
388,2,fetch_absent_dish,fetch,fetch_bowl,"[""1488:0"",""2686:0""]","[""fetch"",""state_change""]",True,ood
389,0,inspect_table,state_change,inspect_table,"[""1700:0"",""1958:0""]","[""fetch"",""state_change""]",True,ood
389,1,fetch_hidden_dish,fetch,fetch_bowl,"[""4764:0"",""1488:0""]","[""fetch"",""state_change""]",True,ood
389,2,place_dish_on_table,relocate,place_on_table,"[""3156:2"",""3173:2""]","[""multi_object_sequence"",""relocate""]",True,ood
390,0,find_non_resting_bowl_or_plate,fetch,place_bowl,"[""4764:1"",""1488:2""]","[""fetch"",""multi_object_sequence"",""open_container_then_retrieve"",""relocate""]",True,ood
390,1,move_to_non_resting_bowl_or_plate,,place_on_plate,"[""5169:2""]","[""relocate""]",,ood
390,2,pick_non_resting_bowl_or_plate,fetch,place_on_plate,[],[],False,ood
390,3,move_to_kitchen_work_area,,move_to_cabinet,"[""3800:0"",""2775:1""]","[""fetch"",""state_change""]",,ood
390,4,place_non_resting_bowl_or_plate,relocate,place_on_plate,[],[],False,ood
391,0,glance_at_table,,inspect_table,"[""1633:0"",""2098:0""]","[""fetch"",""state_change""]",,ood
391,1,confirm_one_bowl_and_one_plate,,place_bowl,"[""1488:2"",""2686:2""]","[""fetch"",""multi_object_sequence"",""open_container_then_retrieve"",""relocate""]",,ood
391,2,fetch_absent_dish,fetch,fetch_bowl,"[""1488:0"",""2686:0""]","[""fetch"",""state_change""]",True,ood
392,0,survey_kitchen_work_area,state_change,navigate_to_kitchen_island,"[""1484:0""]","[""fetch"",""state_change""]",True,ood
392,1,identify_missing_item,,fetch_missing_fruit,"[""1207:1"",""2444:1""]","[""fetch"",""open_container_then_retrieve"",""relocate""]",,ood
392,2,carry_missing_item_to_table,,move_to_table,"[""1210:1"",""2918:1""]","[""relocate""]",,ood
393,0,look_for_bowl_0_on_table,,fetch_bowl,"[""4764:0"",""1488:0""]","[""fetch"",""state_change""]",,ood
393,1,look_for_plate_0_on_table,,place_on_plate,"[""5169:2""]","[""relocate""]",,ood
393,2,retrieve_bowl_0_if_missing,fetch,fetch_bowl,"[""2686:0""]","[""fetch"",""state_change""]",True,ood
393,3,retrieve_plate_0_if_missing,fetch,set_plate,"[""5528:0"",""2966:0""]","[""fetch"",""state_change""]",True,ood
393,4,place_bowl_0_on_table_if_missing,relocate,place_bowl,[],[],False,ood
393,5,place_plate_0_on_table_if_missing,relocate,place_on_plate,[],[],False,ood
394,0,examine_kitchen_work_area,,navigate_to_kitchen_island,"[""1484:0""]","[""fetch"",""state_change""]",,ood
394,1,find_single_dish,fetch,fetch_bowl,"[""4764:0"",""1488:0""]","[""fetch"",""state_change""]",True,ood
394,2,supply_missing_dish,,fetch_bowl,"[""2686:0""]","[""fetch"",""state_change""]",,ood
395,0,scan_table,,scan_table,"[""5235:0"",""1209:0""]","[""fetch"",""state_change""]",,ood
395,1,check_bowl_presence,state_change,place_bowl,"[""3697:1"",""6464:1""]","[""multi_object_sequence"",""relocate""]",False,ood
395,2,check_plate_presence,state_change,place_plate,"[""3266:2"",""5679:2""]","[""relocate""]",False,ood
395,3,place_bowl_if_needed,relocate,place_bowl,[],[],False,ood
395,4,place_plate_if_needed,relocate,place_plate,[],[],False,ood
396,0,inspect_table,state_change,inspect_table,"[""1700:0"",""1958:0""]","[""fetch"",""state_change""]",True,ood
396,1,fetch_hidden_dish,fetch,fetch_bowl,"[""4764:0"",""1488:0""]","[""fetch"",""state_change""]",True,ood
396,2,place_dish_on_table,relocate,place_on_table,"[""3156:2"",""3173:2""]","[""multi_object_sequence"",""relocate""]",True,ood
397,0,look_for_bowl_0_on_table,,fetch_bowl,"[""4764:0"",""1488:0""]","[""fetch"",""state_change""]",,ood
397,1,look_for_plate_0_on_table,,place_on_plate,"[""5169:2""]","[""relocate""]",,ood
397,2,retrieve_bowl_0_if_missing,fetch,fetch_bowl,"[""2686:0""]","[""fetch"",""state_change""]",True,ood
397,3,retrieve_plate_0_if_missing,fetch,set_plate,"[""5528:0"",""2966:0""]","[""fetch"",""state_change""]",True,ood
397,4,place_bowl_0_on_table,relocate,place_bowl,[],[],False,ood
397,5,place_plate_0_on_table,relocate,place_on_plate,[],[],False,ood
398,0,check_table_for_bowl_and_plate,state_change,check_table,"[""1502:0"",""1663:0""]","[""fetch"",""state_change""]",True,ood
398,1,if_bowl_missing_get_bowl,fetch,fetch_bowl,"[""1488:0"",""2686:0""]","[""fetch"",""state_change""]",True,ood
398,2,if_plate_missing_get_plate,fetch,set_plate,"[""5528:0"",""2966:0""]","[""fetch"",""state_change""]",True,ood
398,3,place_missing_dish_on_table,relocate,place_plate_on_kitchen_island,[],[],False,ood
399,0,check_table_for_bowl_and_plate,state_change,check_table,"[""1502:0"",""1663:0""]","[""fetch"",""state_change""]",True,ood
399,1,if_bowl_missing_get_bowl,fetch,fetch_bowl,"[""1488:0"",""2686:0""]","[""fetch"",""state_change""]",True,ood
399,2,if_plate_missing_get_plate,fetch,set_plate,"[""5528:0"",""2966:0""]","[""fetch"",""state_change""]",True,ood
399,3,place_missing_dish_on_table,relocate,place_plate_on_kitchen_island,[],[],False,ood
400,0,scan_table,,scan_table,"[""5235:0"",""1209:0""]","[""fetch"",""state_change""]",,ood
400,1,check_bowl_presence,state_change,place_bowl,"[""3697:1"",""6464:1""]","[""multi_object_sequence"",""relocate""]",False,ood
400,2,check_plate_presence,state_change,place_plate,"[""3266:2"",""5679:2""]","[""relocate""]",False,ood
400,3,place_bowl_if_needed,relocate,place_bowl,[],[],False,ood
400,4,place_plate_if_needed,relocate,place_plate,[],[],False,ood
401,0,observe_kitchen_work_area,,navigate_to_kitchen_island,"[""1484:0""]","[""fetch"",""state_change""]",,ood
401,1,decide_missing_item,,fetch_missing_fruit,"[""1207:1"",""2444:1""]","[""fetch"",""open_container_then_retrieve"",""relocate""]",,ood
401,2,fetch_missing_item,fetch,fetch_missing_fruit,[],[],False,ood
402,0,find_non_table_item,fetch,inspect_table,"[""1700:0"",""1958:0""]","[""fetch"",""state_change""]",True,ood
402,1,move_to_non_table_item,,move_to_table,"[""1210:1"",""2918:1""]","[""relocate""]",,ood
402,2,pick_non_table_item,fetch,move_to_table,"[""3979:1""]","[""relocate""]",False,ood
402,3,move_to_table,,move_to_table,[],[],,ood
402,4,place_non_table_item_on_table,relocate,place_on_table,"[""3156:2""]","[""multi_object_sequence"",""relocate""]",True,ood
403,0,observe_table,,inspect_table,"[""1700:0"",""1958:0""]","[""fetch"",""state_change""]",,ood
403,1,observe_kitchen_work_area,,navigate_to_kitchen_island,"[""1484:0""]","[""fetch"",""state_change""]",,ood
403,2,pick_bowl_0,fetch,fetch_bowl,"[""1488:0"",""2686:0""]","[""fetch"",""state_change""]",True,ood
403,3,pick_plate_0,fetch,place_plate,"[""3266:2""]","[""relocate""]",False,ood
404,0,find_non_resting_bowl_or_plate,fetch,place_bowl,"[""4764:1"",""1488:2""]","[""fetch"",""multi_object_sequence"",""open_container_then_retrieve"",""relocate""]",True,ood
404,1,move_to_non_resting_bowl_or_plate,,place_on_plate,"[""5169:2""]","[""relocate""]",,ood
404,2,pick_non_resting_bowl_or_plate,fetch,place_on_plate,[],[],False,ood
404,3,move_to_kitchen_work_area,,move_to_cabinet,"[""3800:0"",""2775:1""]","[""fetch"",""state_change""]",,ood
404,4,place_non_resting_bowl_or_plate,relocate,place_on_plate,[],[],False,ood
405,0,observe_table,,inspect_table,"[""1700:0"",""1958:0""]","[""fetch"",""state_change""]",,ood
405,1,observe_kitchen_work_area,,navigate_to_kitchen_island,"[""1484:0""]","[""fetch"",""state_change""]",,ood
405,2,decide_missing_object,,inspect_object,"[""6838:1"",""1367:1""]","[""state_change""]",,ood
405,3,fetch_missing_object,fetch,fetch_object,"[""6411:0""]","[""fetch""]",True,ood
406,0,examine_table,,inspect_table,"[""1700:0"",""1958:0""]","[""fetch"",""state_change""]",,ood
406,1,find_single_dish,fetch,fetch_bowl,"[""4764:0"",""1488:0""]","[""fetch"",""state_change""]",True,ood
406,2,supply_missing_dish,,fetch_bowl,"[""2686:0""]","[""fetch"",""state_change""]",,ood
406,3,position_both_dishes,,place_plate_on_kitchen_island,"[""1484:1""]","[""relocate""]",,ood
407,0,survey_kitchen_work_area,state_change,navigate_to_kitchen_island,"[""1484:0""]","[""fetch"",""state_change""]",True,ood
407,1,identify_missing_item,,fetch_missing_fruit,"[""1207:1"",""2444:1""]","[""fetch"",""open_container_then_retrieve"",""relocate""]",,ood
407,2,carry_missing_item_to_table,,move_to_table,"[""1210:1"",""2918:1""]","[""relocate""]",,ood
408,0,scan_table,,scan_table,"[""5235:0"",""1209:0""]","[""fetch"",""state_change""]",,ood
408,1,check_bowl_presence,state_change,place_bowl,"[""3697:1"",""6464:1""]","[""multi_object_sequence"",""relocate""]",False,ood
408,2,check_plate_presence,state_change,place_plate,"[""3266:2"",""5679:2""]","[""relocate""]",False,ood
408,3,place_bowl_if_needed,relocate,place_bowl,[],[],False,ood
408,4,place_plate_if_needed,relocate,place_plate,[],[],False,ood
409,0,examine_table,,inspect_table,"[""1700:0"",""1958:0""]","[""fetch"",""state_change""]",,ood
409,1,find_single_dish,fetch,fetch_bowl,"[""4764:0"",""1488:0""]","[""fetch"",""state_change""]",True,ood
409,2,supply_other_dish,,place_on_plate,"[""5169:2""]","[""relocate""]",,ood
409,3,position_both_dishes,,place_plate_on_kitchen_island,"[""1484:1""]","[""relocate""]",,ood
410,0,examine_table,,inspect_table,"[""1700:0"",""1958:0""]","[""fetch"",""state_change""]",,ood
410,1,find_single_dish,fetch,fetch_bowl,"[""4764:0"",""1488:0""]","[""fetch"",""state_change""]",True,ood
410,2,supply_missing_dish,,fetch_bowl,"[""2686:0""]","[""fetch"",""state_change""]",,ood
410,3,position_both_dishes,,place_plate_on_kitchen_island,"[""1484:1""]","[""relocate""]",,ood
411,0,look_for_bowl_0_on_table,,fetch_bowl,"[""4764:0"",""1488:0""]","[""fetch"",""state_change""]",,ood
411,1,look_for_plate_0_on_table,,place_on_plate,"[""5169:2""]","[""relocate""]",,ood
411,2,retrieve_bowl_0_if_missing,fetch,fetch_bowl,"[""2686:0""]","[""fetch"",""state_change""]",True,ood
411,3,retrieve_plate_0_if_missing,fetch,set_plate,"[""5528:0"",""2966:0""]","[""fetch"",""state_change""]",True,ood
411,4,place_bowl_0_on_table_if_missing,relocate,place_bowl,[],[],False,ood
411,5,place_plate_0_on_table_if_missing,relocate,place_on_plate,[],[],False,ood
412,0,find_non_resting_bowl_or_plate,fetch,place_bowl,"[""4764:1"",""1488:2""]","[""fetch"",""multi_object_sequence"",""open_container_then_retrieve"",""relocate""]",True,ood
412,1,move_to_non_resting_bowl_or_plate,,place_on_plate,"[""5169:2""]","[""relocate""]",,ood
412,2,pick_non_resting_bowl_or_plate,fetch,place_on_plate,[],[],False,ood
412,3,move_to_kitchen_work_area,,move_to_cabinet,"[""3800:0"",""2775:1""]","[""fetch"",""state_change""]",,ood
412,4,place_bowl_or_plate_on_kitchen_work_area,relocate,place_plate_on_kitchen_island,"[""1484:1""]","[""relocate""]",True,ood
413,0,inspect_table,state_change,inspect_table,"[""1700:0"",""1958:0""]","[""fetch"",""state_change""]",True,ood
413,1,fetch_hidden_dish,fetch,fetch_bowl,"[""4764:0"",""1488:0""]","[""fetch"",""state_change""]",True,ood
413,2,place_dish_on_table,relocate,place_on_table,"[""3156:2"",""3173:2""]","[""multi_object_sequence"",""relocate""]",True,ood
414,0,inspect_kitchen_work_area,state_change,inspect_cabinet,"[""144:0"",""1774:0""]","[""state_change""]",True,ood
414,1,fetch_bowl_1,fetch,fetch_bowl,"[""4764:0"",""1488:0""]","[""fetch"",""state_change""]",True,ood
414,2,place_bowl_1_on_table,relocate,place_bowl,"[""4764:1"",""3697:1""]","[""multi_object_sequence"",""relocate""]",True,ood
414,3,fetch_plate_0,fetch,place_plate,[],[],False,ood
414,4,place_plate_0_on_table,relocate,place_on_plate,[],[],False,ood
415,0,scan_kitchen_work_area,,scan_table,"[""5235:0"",""1209:0""]","[""fetch"",""state_change""]",,ood
415,1,check_for_bowl_0,state_change,fetch_bowl,"[""4764:0"",""1488:0""]","[""fetch"",""state_change""]",True,ood
415,2,check_for_plate_0,state_change,place_plate,"[""3266:2"",""5679:2""]","[""relocate""]",False,ood
415,3,place_bowl_0_if_missing,relocate,place_bowl,[],[],False,ood
415,4,place_plate_0_if_missing,relocate,place_plate,[],[],False,ood
416,0,observe_table,,inspect_table,"[""1700:0"",""1958:0""]","[""fetch"",""state_change""]",,ood
416,1,observe_kitchen_work_area,,navigate_to_kitchen_island,"[""1484:0""]","[""fetch"",""state_change""]",,ood
416,2,pick_bowl_0,fetch,fetch_bowl,"[""1488:0"",""2686:0""]","[""fetch"",""state_change""]",True,ood
416,3,pick_plate_0,fetch,place_plate,"[""3266:2""]","[""relocate""]",False,ood
417,0,examine_table,,inspect_table,"[""1700:0"",""1958:0""]","[""fetch"",""state_change""]",,ood
417,1,find_single_dish,fetch,fetch_bowl,"[""4764:0"",""1488:0""]","[""fetch"",""state_change""]",True,ood
417,2,supply_other_dish,,place_on_plate,"[""5169:2""]","[""relocate""]",,ood
417,3,position_both_dishes,,place_plate_on_kitchen_island,"[""1484:1""]","[""relocate""]",,ood
418,0,scan_kitchen_work_area,,scan_table,"[""5235:0"",""1209:0""]","[""fetch"",""state_change""]",,ood
418,1,check_for_bowl_0,state_change,fetch_bowl,"[""4764:0"",""1488:0""]","[""fetch"",""state_change""]",True,ood
418,2,check_for_plate_0,state_change,place_plate,"[""3266:2"",""5679:2""]","[""relocate""]",False,ood
418,3,place_bowl_0_if_missing,relocate,place_bowl,[],[],False,ood
418,4,place_plate_0_if_missing,relocate,place_plate,[],[],False,ood
419,0,observe_table,,inspect_table,"[""1700:0"",""1958:0""]","[""fetch"",""state_change""]",,ood
419,1,observe_kitchen_work_area,,navigate_to_kitchen_island,"[""1484:0""]","[""fetch"",""state_change""]",,ood
419,2,pick_bowl_0,fetch,fetch_bowl,"[""1488:0"",""2686:0""]","[""fetch"",""state_change""]",True,ood
419,3,pick_plate_0,fetch,place_plate,"[""3266:2""]","[""relocate""]",False,ood
420,0,examine_kitchen_work_area,,navigate_to_kitchen_island,"[""1484:0""]","[""fetch"",""state_change""]",,ood
420,1,find_single_dish,fetch,fetch_bowl,"[""4764:0"",""1488:0""]","[""fetch"",""state_change""]",True,ood
420,2,supply_missing_dish,,fetch_bowl,"[""2686:0""]","[""fetch"",""state_change""]",,ood
421,0,inspect_kitchen_work_area,state_change,inspect_cabinet,"[""144:0"",""1774:0""]","[""state_change""]",True,ood
421,1,fetch_bowl_1,fetch,fetch_bowl,"[""4764:0"",""1488:0""]","[""fetch"",""state_change""]",True,ood
421,2,place_bowl_1_on_table,relocate,place_bowl,"[""4764:1"",""3697:1""]","[""multi_object_sequence"",""relocate""]",True,ood
421,3,fetch_plate_0,fetch,place_plate,[],[],False,ood
421,4,place_plate_0_on_table,relocate,place_on_plate,[],[],False,ood
422,0,examine_table,,inspect_table,"[""1700:0"",""1958:0""]","[""fetch"",""state_change""]",,ood
422,1,find_single_dish,fetch,fetch_bowl,"[""4764:0"",""1488:0""]","[""fetch"",""state_change""]",True,ood
422,2,supply_other_dish,,place_on_plate,"[""5169:2""]","[""relocate""]",,ood
422,3,position_both_dishes,,place_plate_on_kitchen_island,"[""1484:1""]","[""relocate""]",,ood
423,0,scan_kitchen_work_area,,scan_table,"[""5235:0"",""1209:0""]","[""fetch"",""state_change""]",,ood
423,1,check_for_bowl_0,state_change,fetch_bowl,"[""4764:0"",""1488:0""]","[""fetch"",""state_change""]",True,ood
423,2,check_for_plate_0,state_change,place_plate,"[""3266:2"",""5679:2""]","[""relocate""]",False,ood
423,3,place_bowl_0_if_missing,relocate,place_bowl,[],[],False,ood
423,4,place_plate_0_if_missing,relocate,place_plate,[],[],False,ood
424,0,scan_kitchen_work_area,,scan_table,"[""5235:0"",""1209:0""]","[""fetch"",""state_change""]",,ood
424,1,check_for_bowl_0,state_change,fetch_bowl,"[""4764:0"",""1488:0""]","[""fetch"",""state_change""]",True,ood
424,2,check_for_plate_0,state_change,place_plate,"[""3266:2"",""5679:2""]","[""relocate""]",False,ood
424,3,place_bowl_0_if_missing,relocate,place_bowl,[],[],False,ood
424,4,place_plate_0_if_missing,relocate,place_plate,[],[],False,ood
425,0,examine_table,,inspect_table,"[""1700:0"",""1958:0""]","[""fetch"",""state_change""]",,ood
425,1,find_single_dish,fetch,fetch_bowl,"[""4764:0"",""1488:0""]","[""fetch"",""state_change""]",True,ood
425,2,supply_missing_dish,,fetch_bowl,"[""2686:0""]","[""fetch"",""state_change""]",,ood
425,3,position_both_dishes,,place_plate_on_kitchen_island,"[""1484:1""]","[""relocate""]",,ood
426,0,observe_table,,inspect_table,"[""1700:0"",""1958:0""]","[""fetch"",""state_change""]",,ood
426,1,observe_kitchen_work_area,,navigate_to_kitchen_island,"[""1484:0""]","[""fetch"",""state_change""]",,ood
426,2,decide_missing_object,,inspect_object,"[""6838:1"",""1367:1""]","[""state_change""]",,ood
426,3,fetch_missing_object,fetch,fetch_object,"[""6411:0""]","[""fetch""]",True,ood
427,0,scan_table,,scan_table,"[""5235:0"",""1209:0""]","[""fetch"",""state_change""]",,ood
427,1,check_bowl_presence,state_change,place_bowl,"[""3697:1"",""6464:1""]","[""multi_object_sequence"",""relocate""]",False,ood
427,2,check_plate_presence,state_change,place_plate,"[""3266:2"",""5679:2""]","[""relocate""]",False,ood
427,3,place_bowl_if_needed,relocate,place_bowl,[],[],False,ood
427,4,place_plate_if_needed,relocate,place_plate,[],[],False,ood
428,0,find_non_table_item,fetch,inspect_table,"[""1700:0"",""1958:0""]","[""fetch"",""state_change""]",True,ood
428,1,move_to_non_table_item,,move_to_table,"[""1210:1"",""2918:1""]","[""relocate""]",,ood
428,2,pick_non_table_item,fetch,move_to_table,"[""3979:1""]","[""relocate""]",False,ood
428,3,move_to_table,,move_to_table,[],[],,ood
428,4,place_non_table_item_on_table,relocate,place_on_table,"[""3156:2""]","[""multi_object_sequence"",""relocate""]",True,ood
429,0,scan_table,,scan_table,"[""5235:0"",""1209:0""]","[""fetch"",""state_change""]",,ood
429,1,check_for_bowl,state_change,fetch_bowl,"[""4764:0"",""1488:0""]","[""fetch"",""state_change""]",True,ood
429,2,check_for_plate,state_change,set_plate,"[""7118:0"",""911:0""]","[""fetch"",""state_change""]",True,ood
429,3,place_bowl_on_table,relocate,place_on_table,[],[],False,ood
429,4,place_plate_on_table,relocate,place_on_plate,[],[],False,ood
430,0,glance_at_table,,inspect_table,"[""1633:0"",""2098:0""]","[""fetch"",""state_change""]",,ood
430,1,confirm_bowl_and_plate,,place_bowl,"[""1488:2"",""2686:2""]","[""fetch"",""multi_object_sequence"",""open_container_then_retrieve"",""relocate""]",,ood
430,2,fetch_absent_dish,fetch,fetch_bowl,"[""1488:0"",""2686:0""]","[""fetch"",""state_change""]",True,ood
431,0,check_kitchen_work_area_for_bowl_and_plate,state_change,place_plate_on_kitchen_island,"[""2240:0"",""1484:1""]","[""fetch"",""relocate"",""state_change""]",True,ood
431,1,if_bowl_missing_get_bowl,fetch,fetch_bowl,"[""1488:0"",""2686:0""]","[""fetch"",""state_change""]",True,ood
431,2,if_plate_missing_get_plate,fetch,set_plate,"[""5528:0"",""2966:0""]","[""fetch"",""state_change""]",True,ood
431,3,place_missing_dish_on_table,relocate,place_plate_on_kitchen_island,[],[],False,ood
432,0,look_for_bowl_0_on_table,,fetch_bowl,"[""4764:0"",""1488:0""]","[""fetch"",""state_change""]",,ood
432,1,look_for_plate_0_on_table,,place_on_plate,"[""5169:2""]","[""relocate""]",,ood
432,2,retrieve_bowl_0_if_missing,fetch,fetch_bowl,"[""2686:0""]","[""fetch"",""state_change""]",True,ood
432,3,retrieve_plate_0_if_missing,fetch,set_plate,"[""5528:0"",""2966:0""]","[""fetch"",""state_change""]",True,ood
432,4,place_bowl_0_on_table_if_missing,relocate,place_bowl,[],[],False,ood
432,5,place_plate_0_on_table_if_missing,relocate,place_on_plate,[],[],False,ood
433,0,survey_table,state_change,survey_table,"[""1173:0"",""2647:0""]","[""fetch"",""state_change""]",True,ood
433,1,identify_missing_item,,fetch_missing_fruit,"[""1207:1"",""2444:1""]","[""fetch"",""open_container_then_retrieve"",""relocate""]",,ood
433,2,carry_missing_item_to_table,,move_to_table,"[""1210:1"",""2918:1""]","[""relocate""]",,ood
434,0,check_kitchen_work_area,state_change,navigate_to_kitchen_island,"[""1484:0""]","[""fetch"",""state_change""]",True,ood
434,1,check_for_bowl,state_change,fetch_bowl,"[""1488:0"",""2686:0""]","[""fetch"",""state_change""]",True,ood
434,2,check_for_plate,state_change,set_plate,"[""7118:0"",""911:0""]","[""fetch"",""state_change""]",True,ood
434,3,deliver_missing_bowl,relocate,fetch_bowl,"[""4764:0""]","[""fetch"",""state_change""]",False,ood
434,4,deliver_missing_plate,relocate,place_plate,[],[],False,ood
435,0,survey_kitchen_work_area,state_change,navigate_to_kitchen_island,"[""1484:0""]","[""fetch"",""state_change""]",True,ood
435,1,identify_missing_item,,fetch_missing_fruit,"[""1207:1"",""2444:1""]","[""fetch"",""open_container_then_retrieve"",""relocate""]",,ood
435,2,carry_missing_item_to_table,,move_to_table,"[""1210:1"",""2918:1""]","[""relocate""]",,ood
436,0,look_for_bowl_0_on_table,,fetch_bowl,"[""4764:0"",""1488:0""]","[""fetch"",""state_change""]",,ood
436,1,look_for_plate_0_on_table,,place_on_plate,"[""5169:2""]","[""relocate""]",,ood
436,2,retrieve_bowl_0_if_missing,fetch,fetch_bowl,"[""2686:0""]","[""fetch"",""state_change""]",True,ood
436,3,retrieve_plate_0_if_missing,fetch,set_plate,"[""5528:0"",""2966:0""]","[""fetch"",""state_change""]",True,ood
437,0,survey_kitchen_work_area,state_change,navigate_to_kitchen_island,"[""1484:0""]","[""fetch"",""state_change""]",True,ood
437,1,identify_missing_item,,fetch_missing_fruit,"[""1207:1"",""2444:1""]","[""fetch"",""open_container_then_retrieve"",""relocate""]",,ood
437,2,carry_missing_item_to_table,,move_to_table,"[""1210:1"",""2918:1""]","[""relocate""]",,ood
438,0,survey_table,state_change,survey_table,"[""1173:0"",""2647:0""]","[""fetch"",""state_change""]",True,ood
438,1,identify_missing_item,,fetch_missing_fruit,"[""1207:1"",""2444:1""]","[""fetch"",""open_container_then_retrieve"",""relocate""]",,ood
438,2,carry_missing_item_to_table,,move_to_table,"[""1210:1"",""2918:1""]","[""relocate""]",,ood
439,0,observe_table,,inspect_table,"[""1700:0"",""1958:0""]","[""fetch"",""state_change""]",,ood
439,1,observe_kitchen_work_area,,navigate_to_kitchen_island,"[""1484:0""]","[""fetch"",""state_change""]",,ood
439,2,pick_bowl_0,fetch,fetch_bowl,"[""1488:0"",""2686:0""]","[""fetch"",""state_change""]",True,ood
439,3,pick_plate_0,fetch,place_plate,"[""3266:2""]","[""relocate""]",False,ood
440,0,scan_table,,scan_table,"[""5235:0"",""1209:0""]","[""fetch"",""state_change""]",,ood
440,1,check_bowl_presence,state_change,place_bowl,"[""3697:1"",""6464:1""]","[""multi_object_sequence"",""relocate""]",False,ood
440,2,check_plate_presence,state_change,place_plate,"[""3266:2"",""5679:2""]","[""relocate""]",False,ood
440,3,place_bowl_if_needed,relocate,place_bowl,[],[],False,ood
440,4,place_plate_if_needed,relocate,place_plate,[],[],False,ood
441,0,observe_kitchen_work_area,,navigate_to_kitchen_island,"[""1484:0""]","[""fetch"",""state_change""]",,ood
441,1,detect_bowl,,fetch_bowl,"[""1488:0"",""2686:0""]","[""fetch"",""state_change""]",,ood
441,2,detect_plate,,set_plate,"[""7118:0"",""911:0""]","[""fetch"",""state_change""]",,ood
441,3,choose_missing_item,,fetch_missing_fruit,"[""1207:1""]","[""fetch"",""open_container_then_retrieve"",""relocate""]",,ood
441,4,move_to_kitchen_work_area,,move_to_cabinet,[],[],,ood
441,5,pick_missing_item,fetch,fetch_missing_fruit,[],[],False,ood
442,0,check_table_for_bowl_and_plate,state_change,check_table,"[""1039:0"",""1737:0""]","[""fetch"",""state_change""]",True,ood
442,1,check_if_bowl_is_missing,state_change,fetch_bowl,"[""1488:0"",""2686:0""]","[""fetch"",""state_change""]",True,ood
442,2,check_if_plate_is_missing,state_change,set_plate,"[""7118:0"",""911:0""]","[""fetch"",""state_change""]",True,ood
442,3,deliver_missing_bowl,relocate,fetch_bowl,[],[],False,ood
442,4,deliver_missing_plate,relocate,place_plate,[],[],False,ood
443,0,find_non_resting_bowl_or_plate,fetch,place_bowl,"[""4764:1"",""1488:2""]","[""fetch"",""multi_object_sequence"",""open_container_then_retrieve"",""relocate""]",True,ood
443,1,move_to_non_resting_bowl_or_plate,,place_on_plate,"[""5169:2""]","[""relocate""]",,ood
443,2,pick_non_resting_bowl_or_plate,fetch,place_on_plate,[],[],False,ood
443,3,move_to_kitchen_work_area,,move_to_cabinet,"[""3800:0"",""2775:1""]","[""fetch"",""state_change""]",,ood
443,4,place_non_resting_bowl_or_plate,relocate,place_on_plate,[],[],False,ood
444,0,inspect_table,state_change,inspect_table,"[""1700:0"",""1958:0""]","[""fetch"",""state_change""]",True,ood
444,1,fetch_bowl_0,fetch,fetch_bowl,"[""4764:0"",""1488:0""]","[""fetch"",""state_change""]",True,ood
444,2,place_bowl_0_on_table,relocate,place_bowl,"[""4764:1"",""1488:2""]","[""fetch"",""multi_object_sequence"",""open_container_then_retrieve"",""relocate""]",True,ood
444,3,fetch_plate_0,fetch,place_plate,[],[],False,ood
444,4,place_plate_0_on_table,relocate,place_on_plate,[],[],False,ood
445,0,check_table_for_bowl_and_plate,state_change,check_table,"[""1502:0"",""1663:0""]","[""fetch"",""state_change""]",True,ood
445,1,if_bowl_missing_get_bowl,fetch,fetch_bowl,"[""1488:0"",""2686:0""]","[""fetch"",""state_change""]",True,ood
445,2,if_plate_missing_get_plate,fetch,set_plate,"[""5528:0"",""2966:0""]","[""fetch"",""state_change""]",True,ood
445,3,place_missing_dish_on_table,relocate,place_plate_on_kitchen_island,[],[],False,ood
446,0,inspect_table,state_change,inspect_table,"[""1700:0"",""1958:0""]","[""fetch"",""state_change""]",True,ood
446,1,fetch_bowl_0,fetch,fetch_bowl,"[""4764:0"",""1488:0""]","[""fetch"",""state_change""]",True,ood
446,2,place_bowl_0_on_table,relocate,place_bowl,"[""4764:1"",""1488:2""]","[""fetch"",""multi_object_sequence"",""open_container_then_retrieve"",""relocate""]",True,ood
446,3,fetch_plate_0,fetch,place_plate,[],[],False,ood
446,4,place_plate_0_on_table,relocate,place_on_plate,[],[],False,ood
447,0,examine_table,,inspect_table,"[""1700:0"",""1958:0""]","[""fetch"",""state_change""]",,ood
447,1,find_single_dish,fetch,fetch_bowl,"[""4764:0"",""1488:0""]","[""fetch"",""state_change""]",True,ood
447,2,supply_missing_dish,,fetch_bowl,"[""2686:0""]","[""fetch"",""state_change""]",,ood
447,3,position_both_dishes,,place_plate_on_kitchen_island,"[""1484:1""]","[""relocate""]",,ood
448,0,inspect_table,state_change,inspect_table,"[""1700:0"",""1958:0""]","[""fetch"",""state_change""]",True,ood
448,1,fetch_hidden_dish,fetch,fetch_bowl,"[""4764:0"",""1488:0""]","[""fetch"",""state_change""]",True,ood
448,2,place_dish_on_table,relocate,place_on_table,"[""3156:2"",""3173:2""]","[""multi_object_sequence"",""relocate""]",True,ood
449,0,survey_table,state_change,survey_table,"[""1173:0"",""2647:0""]","[""fetch"",""state_change""]",True,ood
449,1,identify_missing_item,,fetch_missing_fruit,"[""1207:1"",""2444:1""]","[""fetch"",""open_container_then_retrieve"",""relocate""]",,ood
449,2,carry_missing_item_to_table,,move_to_table,"[""1210:1"",""2918:1""]","[""relocate""]",,ood
450,0,inspect_table,state_change,inspect_table,"[""1700:0"",""1958:0""]","[""fetch"",""state_change""]",True,ood
450,1,fetch_hidden_dish,fetch,fetch_bowl,"[""4764:0"",""1488:0""]","[""fetch"",""state_change""]",True,ood
450,2,place_dish_on_table,relocate,place_on_table,"[""3156:2"",""3173:2""]","[""multi_object_sequence"",""relocate""]",True,ood
451,0,look_at_table,,inspect_table,"[""1700:0"",""1958:0""]","[""fetch"",""state_change""]",,ood
451,1,verify_bowl_0_on_table,,check_table,"[""1039:0"",""1737:0""]","[""fetch"",""state_change""]",,ood
451,2,verify_plate_0_on_table,,check_table,"[""2239:0"",""6057:0""]","[""fetch"",""state_change""]",,ood
451,3,go_to_kitchen_work_area,,navigate_to_kitchen_island,[],[],,ood
451,4,retrieve_plate_0,fetch,set_plate,[],[],False,ood
451,5,place_plate_0_on_table,relocate,place_on_plate,[],[],False,ood
452,0,glance_at_table,,inspect_table,"[""1633:0"",""2098:0""]","[""fetch"",""state_change""]",,ood
452,1,confirm_bowl_and_plate,,place_bowl,"[""1488:2"",""2686:2""]","[""fetch"",""multi_object_sequence"",""open_container_then_retrieve"",""relocate""]",,ood
452,2,fetch_absent_dish,fetch,fetch_bowl,"[""1488:0"",""2686:0""]","[""fetch"",""state_change""]",True,ood
453,0,scan_table,,scan_table,"[""5235:0"",""1209:0""]","[""fetch"",""state_change""]",,ood
453,1,check_for_bowl,state_change,fetch_bowl,"[""4764:0"",""1488:0""]","[""fetch"",""state_change""]",True,ood
453,2,check_for_plate,state_change,set_plate,"[""7118:0"",""911:0""]","[""fetch"",""state_change""]",True,ood
453,3,place_bowl_on_table,relocate,place_on_table,[],[],False,ood
453,4,place_plate_on_table,relocate,place_on_plate,[],[],False,ood
454,0,examine_kitchen_work_area,,navigate_to_kitchen_island,"[""1484:0""]","[""fetch"",""state_change""]",,ood
454,1,find_single_dish,fetch,fetch_bowl,"[""4764:0"",""1488:0""]","[""fetch"",""state_change""]",True,ood
454,2,supply_missing_dish,,fetch_bowl,"[""2686:0""]","[""fetch"",""state_change""]",,ood
455,0,glance_at_table,,inspect_table,"[""1633:0"",""2098:0""]","[""fetch"",""state_change""]",,ood
455,1,confirm_bowl_and_plate,,place_bowl,"[""1488:2"",""2686:2""]","[""fetch"",""multi_object_sequence"",""open_container_then_retrieve"",""relocate""]",,ood
455,2,fetch_absent_dish,fetch,fetch_bowl,"[""1488:0"",""2686:0""]","[""fetch"",""state_change""]",True,ood
456,0,check_table_for_bowl_and_plate,state_change,check_table,"[""1502:0"",""1663:0""]","[""fetch"",""state_change""]",True,ood
456,1,if_bowl_missing_get_bowl,fetch,fetch_bowl,"[""1488:0"",""2686:0""]","[""fetch"",""state_change""]",True,ood
456,2,if_plate_missing_get_plate,fetch,set_plate,"[""5528:0"",""2966:0""]","[""fetch"",""state_change""]",True,ood
456,3,place_missing_dish_on_table,relocate,place_plate_on_kitchen_island,[],[],False,ood
457,0,look_for_bowl_0_on_table,,fetch_bowl,"[""4764:0"",""1488:0""]","[""fetch"",""state_change""]",,ood
457,1,look_for_plate_0_on_table,,place_on_plate,"[""5169:2""]","[""relocate""]",,ood
457,2,retrieve_bowl_0_if_missing,fetch,fetch_bowl,"[""2686:0""]","[""fetch"",""state_change""]",True,ood
457,3,retrieve_plate_0_if_missing,fetch,set_plate,"[""5528:0"",""2966:0""]","[""fetch"",""state_change""]",True,ood
457,4,place_bowl_0_on_table_if_missing,relocate,place_bowl,[],[],False,ood
457,5,place_plate_0_on_table_if_missing,relocate,place_on_plate,[],[],False,ood
458,0,glance_at_table,,inspect_table,"[""1633:0"",""2098:0""]","[""fetch"",""state_change""]",,ood
458,1,confirm_one_bowl_and_one_plate,,place_bowl,"[""2501:1"",""1488:2""]","[""fetch"",""multi_object_sequence"",""open_container_then_retrieve"",""relocate""]",,ood
458,2,fetch_absent_dish,fetch,fetch_bowl,"[""1488:0"",""2686:0""]","[""fetch"",""state_change""]",True,ood
459,0,check_table_for_bowl_and_plate,state_change,check_table,"[""1039:0"",""1737:0""]","[""fetch"",""state_change""]",True,ood
459,1,check_if_bowl_is_missing,state_change,fetch_bowl,"[""1488:0"",""2686:0""]","[""fetch"",""state_change""]",True,ood
459,2,check_if_plate_is_missing,state_change,set_plate,"[""7118:0"",""911:0""]","[""fetch"",""state_change""]",True,ood
459,3,deliver_missing_bowl,relocate,fetch_bowl,[],[],False,ood
459,4,deliver_missing_plate,relocate,place_plate,[],[],False,ood
460,0,check_table_for_bowl_and_plate,state_change,check_table,"[""1039:0"",""1737:0""]","[""fetch"",""state_change""]",True,ood
460,1,check_if_bowl_is_missing,state_change,fetch_bowl,"[""1488:0"",""2686:0""]","[""fetch"",""state_change""]",True,ood
460,2,check_if_plate_is_missing,state_change,set_plate,"[""7118:0"",""911:0""]","[""fetch"",""state_change""]",True,ood
460,3,deliver_missing_bowl,relocate,fetch_bowl,[],[],False,ood
460,4,deliver_missing_plate,relocate,place_plate,[],[],False,ood
461,0,look_over_table,,inspect_table,"[""1700:0"",""1958:0""]","[""fetch"",""state_change""]",,ood
461,1,check_bowl_0_location,state_change,place_bowl,"[""1488:2"",""2686:2""]","[""fetch"",""multi_object_sequence"",""open_container_then_retrieve"",""relocate""]",False,ood
461,2,check_plate_0_location,state_change,place_plate,"[""1379:0"",""4075:0""]","[""fetch"",""state_change""]",True,ood
461,3,get_missing_item,fetch,fetch_missing_fruit,[],[],False,ood
461,4,place_item_on_table,relocate,place_on_table,[],[],False,ood
462,0,check_kitchen_work_area_for_dishes,state_change,place_plate_on_kitchen_island,"[""2240:0"",""1484:1""]","[""fetch"",""relocate"",""state_change""]",True,ood
462,1,check_if_bowl_is_missing,state_change,fetch_bowl,"[""1488:0"",""2686:0""]","[""fetch"",""state_change""]",True,ood
462,2,check_if_plate_is_missing,state_change,set_plate,"[""5528:0"",""2966:0""]","[""fetch"",""state_change""]",True,ood
462,3,get_bowl_from_kitchen_work_area,fetch,place_bowl,[],[],False,ood
462,4,get_plate_from_kitchen_work_area,fetch,place_plate_on_kitchen_island,[],[],False,ood
462,5,place_bowl_on_table,relocate,place_on_table,[],[],False,ood
462,6,place_plate_on_table,relocate,place_on_plate,[],[],False,ood
463,0,survey_table,state_change,survey_table,"[""1173:0"",""2647:0""]","[""fetch"",""state_change""]",True,ood
463,1,identify_missing_item,,fetch_missing_fruit,"[""1207:1"",""2444:1""]","[""fetch"",""open_container_then_retrieve"",""relocate""]",,ood
463,2,carry_missing_item_to_table,,move_to_table,"[""1210:1"",""2918:1""]","[""relocate""]",,ood
464,0,examine_kitchen_work_area,,navigate_to_kitchen_island,"[""1484:0""]","[""fetch"",""state_change""]",,ood
464,1,find_single_dish,fetch,fetch_bowl,"[""4764:0"",""1488:0""]","[""fetch"",""state_change""]",True,ood
464,2,supply_missing_dish,,fetch_bowl,"[""2686:0""]","[""fetch"",""state_change""]",,ood
465,0,check_table_for_bowl_and_plate,state_change,check_table,"[""1502:0"",""1663:0""]","[""fetch"",""state_change""]",True,ood
465,1,check_if_bowl_is_missing,state_change,fetch_bowl,"[""1488:0"",""2686:0""]","[""fetch"",""state_change""]",True,ood
465,2,check_if_plate_is_missing,state_change,set_plate,"[""5528:0"",""2966:0""]","[""fetch"",""state_change""]",True,ood
465,3,fetch_missing_bowl,fetch,fetch_bowl,[],[],False,ood
465,4,fetch_missing_plate,fetch,set_plate,[],[],False,ood
465,5,place_bowl_on_table,relocate,place_on_table,[],[],False,ood
465,6,place_plate_on_table,relocate,place_on_plate,[],[],False,ood
466,0,find_non_table_item,fetch,inspect_table,"[""1700:0"",""1958:0""]","[""fetch"",""state_change""]",True,ood
466,1,move_to_non_table_item,,move_to_table,"[""1210:1"",""2918:1""]","[""relocate""]",,ood
466,2,pick_non_table_item,fetch,move_to_table,"[""3979:1""]","[""relocate""]",False,ood
466,3,move_to_table,,move_to_table,[],[],,ood
466,4,place_non_table_item_on_table,relocate,place_on_table,"[""3156:2""]","[""multi_object_sequence"",""relocate""]",True,ood
467,0,look_for_bowl_0_on_table,,fetch_bowl,"[""4764:0"",""1488:0""]","[""fetch"",""state_change""]",,ood
467,1,look_for_plate_0_on_table,,place_on_plate,"[""5169:2""]","[""relocate""]",,ood
467,2,retrieve_bowl_0_if_missing,fetch,fetch_bowl,"[""2686:0""]","[""fetch"",""state_change""]",True,ood
467,3,retrieve_plate_0_if_missing,fetch,set_plate,"[""5528:0"",""2966:0""]","[""fetch"",""state_change""]",True,ood
467,4,place_bowl_0_on_table,relocate,place_bowl,[],[],False,ood
467,5,place_plate_0_on_table,relocate,place_on_plate,[],[],False,ood
468,0,survey_kitchen_work_area,state_change,navigate_to_kitchen_island,"[""1484:0""]","[""fetch"",""state_change""]",True,ood
468,1,identify_missing_item,,fetch_missing_fruit,"[""1207:1"",""2444:1""]","[""fetch"",""open_container_then_retrieve"",""relocate""]",,ood
468,2,carry_missing_item_to_table,,move_to_table,"[""1210:1"",""2918:1""]","[""relocate""]",,ood
469,0,survey_kitchen_work_area,state_change,navigate_to_kitchen_island,"[""1484:0""]","[""fetch"",""state_change""]",True,ood
469,1,identify_missing_item,,fetch_missing_fruit,"[""1207:1"",""2444:1""]","[""fetch"",""open_container_then_retrieve"",""relocate""]",,ood
469,2,carry_missing_item_to_table,,move_to_table,"[""1210:1"",""2918:1""]","[""relocate""]",,ood
470,0,observe_kitchen_work_area,,navigate_to_kitchen_island,"[""1484:0""]","[""fetch"",""state_change""]",,ood
470,1,decide_missing_item,,fetch_missing_fruit,"[""1207:1"",""2444:1""]","[""fetch"",""open_container_then_retrieve"",""relocate""]",,ood
470,2,fetch_missing_item,fetch,fetch_missing_fruit,[],[],False,ood
471,0,examine_kitchen_work_area,,navigate_to_kitchen_island,"[""1484:0""]","[""fetch"",""state_change""]",,ood
471,1,find_single_dish,fetch,fetch_bowl,"[""4764:0"",""1488:0""]","[""fetch"",""state_change""]",True,ood
471,2,supply_missing_dish,,fetch_bowl,"[""2686:0""]","[""fetch"",""state_change""]",,ood
472,0,scan_table,,scan_table,"[""5235:0"",""1209:0""]","[""fetch"",""state_change""]",,ood
472,1,check_bowl_presence,state_change,place_bowl,"[""3697:1"",""6464:1""]","[""multi_object_sequence"",""relocate""]",False,ood
472,2,check_plate_presence,state_change,place_plate,"[""3266:2"",""5679:2""]","[""relocate""]",False,ood
472,3,place_bowl_if_needed,relocate,place_bowl,[],[],False,ood
472,4,place_plate_if_needed,relocate,place_plate,[],[],False,ood
473,0,check_table_for_bowl_and_plate,state_change,check_table,"[""1502:0"",""1663:0""]","[""fetch"",""state_change""]",True,ood
473,1,if_bowl_missing_get_bowl,fetch,fetch_bowl,"[""1488:0"",""2686:0""]","[""fetch"",""state_change""]",True,ood
473,2,if_plate_missing_get_plate,fetch,set_plate,"[""5528:0"",""2966:0""]","[""fetch"",""state_change""]",True,ood
473,3,place_missing_dish_on_table,relocate,place_plate_on_kitchen_island,[],[],False,ood
474,0,inspect_kitchen_work_area,state_change,inspect_cabinet,"[""144:0"",""1774:0""]","[""state_change""]",True,ood
474,1,fetch_bowl_1,fetch,fetch_bowl,"[""4764:0"",""1488:0""]","[""fetch"",""state_change""]",True,ood
474,2,place_bowl_1_on_table,relocate,place_bowl,"[""4764:1"",""3697:1""]","[""multi_object_sequence"",""relocate""]",True,ood
474,3,fetch_plate_0,fetch,place_plate,[],[],False,ood
474,4,place_plate_0_on_table,relocate,place_on_plate,[],[],False,ood
475,0,scan_kitchen_work_area,,scan_table,"[""5235:0"",""1209:0""]","[""fetch"",""state_change""]",,ood
475,1,check_for_bowl_0,state_change,fetch_bowl,"[""4764:0"",""1488:0""]","[""fetch"",""state_change""]",True,ood
475,2,check_for_plate_0,state_change,place_plate,"[""3266:2"",""5679:2""]","[""relocate""]",False,ood
475,3,place_bowl_0_if_missing,relocate,place_bowl,[],[],False,ood
475,4,place_plate_0_if_missing,relocate,place_plate,[],[],False,ood
476,0,look_for_bowl_0_on_table,,fetch_bowl,"[""4764:0"",""1488:0""]","[""fetch"",""state_change""]",,ood
476,1,look_for_plate_0_on_table,,place_on_plate,"[""5169:2""]","[""relocate""]",,ood
476,2,retrieve_bowl_0_if_missing,fetch,fetch_bowl,"[""2686:0""]","[""fetch"",""state_change""]",True,ood
476,3,retrieve_plate_0_if_missing,fetch,set_plate,"[""5528:0"",""2966:0""]","[""fetch"",""state_change""]",True,ood
476,4,place_bowl_0_on_table_if_missing,relocate,place_bowl,[],[],False,ood
476,5,place_plate_0_on_table_if_missing,relocate,place_on_plate,[],[],False,ood
477,0,survey_table,state_change,survey_table,"[""1173:0"",""2647:0""]","[""fetch"",""state_change""]",True,ood
477,1,identify_missing_item,,fetch_missing_fruit,"[""1207:1"",""2444:1""]","[""fetch"",""open_container_then_retrieve"",""relocate""]",,ood
477,2,carry_missing_item_to_table,,move_to_table,"[""1210:1"",""2918:1""]","[""relocate""]",,ood
478,0,look_over_table,,inspect_table,"[""1700:0"",""1958:0""]","[""fetch"",""state_change""]",,ood
478,1,check_bowl_0_location,state_change,place_bowl,"[""1488:2"",""2686:2""]","[""fetch"",""multi_object_sequence"",""open_container_then_retrieve"",""relocate""]",False,ood
478,2,check_plate_0_location,state_change,place_plate,"[""1379:0"",""4075:0""]","[""fetch"",""state_change""]",True,ood
478,3,get_missing_item,fetch,fetch_missing_fruit,[],[],False,ood
478,4,place_item_on_table,relocate,place_on_table,[],[],False,ood
479,0,glance_at_table,,inspect_table,"[""1633:0"",""2098:0""]","[""fetch"",""state_change""]",,ood
479,1,confirm_bowl_and_plate,,place_bowl,"[""1488:2"",""2686:2""]","[""fetch"",""multi_object_sequence"",""open_container_then_retrieve"",""relocate""]",,ood
479,2,fetch_absent_dish,fetch,fetch_bowl,"[""1488:0"",""2686:0""]","[""fetch"",""state_change""]",True,ood
480,0,inspect_kitchen_work_area,state_change,inspect_cabinet,"[""144:0"",""1774:0""]","[""state_change""]",True,ood
480,1,fetch_bowl_1,fetch,fetch_bowl,"[""4764:0"",""1488:0""]","[""fetch"",""state_change""]",True,ood
480,2,place_bowl_1_on_table,relocate,place_bowl,"[""4764:1"",""3697:1""]","[""multi_object_sequence"",""relocate""]",True,ood
480,3,fetch_plate_0,fetch,place_plate,[],[],False,ood
480,4,place_plate_0_on_table,relocate,place_on_plate,[],[],False,ood
481,0,survey_kitchen_work_area,state_change,navigate_to_kitchen_island,"[""1484:0""]","[""fetch"",""state_change""]",True,ood
481,1,identify_missing_item,,fetch_missing_fruit,"[""1207:1"",""2444:1""]","[""fetch"",""open_container_then_retrieve"",""relocate""]",,ood
481,2,carry_missing_item_to_table,,move_to_table,"[""1210:1"",""2918:1""]","[""relocate""]",,ood
482,0,glance_at_table,,inspect_table,"[""1633:0"",""2098:0""]","[""fetch"",""state_change""]",,ood
482,1,confirm_one_bowl_and_one_plate,,place_bowl,"[""1488:2"",""2686:2""]","[""fetch"",""multi_object_sequence"",""open_container_then_retrieve"",""relocate""]",,ood
482,2,fetch_absent_dish,fetch,fetch_bowl,"[""1488:0"",""2686:0""]","[""fetch"",""state_change""]",True,ood
483,0,find_non_resting_bowl_or_plate,fetch,place_bowl,"[""4764:1"",""1488:2""]","[""fetch"",""multi_object_sequence"",""open_container_then_retrieve"",""relocate""]",True,ood
483,1,move_to_non_resting_bowl_or_plate,,place_on_plate,"[""5169:2""]","[""relocate""]",,ood
483,2,pick_non_resting_bowl_or_plate,fetch,place_on_plate,[],[],False,ood
483,3,move_to_kitchen_work_area,,move_to_cabinet,"[""3800:0"",""2775:1""]","[""fetch"",""state_change""]",,ood
483,4,place_bowl_or_plate_on_kitchen_work_area,relocate,place_plate_on_kitchen_island,"[""1484:1""]","[""relocate""]",True,ood
484,0,inspect_table,state_change,inspect_table,"[""1700:0"",""1958:0""]","[""fetch"",""state_change""]",True,ood
484,1,fetch_bowl_0,fetch,fetch_bowl,"[""4764:0"",""1488:0""]","[""fetch"",""state_change""]",True,ood
484,2,place_bowl_0_on_table,relocate,place_bowl,"[""4764:1"",""1488:2""]","[""fetch"",""multi_object_sequence"",""open_container_then_retrieve"",""relocate""]",True,ood
484,3,fetch_plate_0,fetch,place_plate,[],[],False,ood
484,4,place_plate_0_on_table,relocate,place_on_plate,[],[],False,ood
485,0,inspect_table,state_change,inspect_table,"[""1700:0"",""1958:0""]","[""fetch"",""state_change""]",True,ood
485,1,fetch_hidden_dish,fetch,fetch_bowl,"[""4764:0"",""1488:0""]","[""fetch"",""state_change""]",True,ood
485,2,place_dish_on_table,relocate,place_on_table,"[""3156:2"",""3173:2""]","[""multi_object_sequence"",""relocate""]",True,ood
486,0,look_at_table,,inspect_table,"[""1700:0"",""1958:0""]","[""fetch"",""state_change""]",,ood
486,1,verify_bowl_on_table,,check_table,"[""1039:0"",""1737:0""]","[""fetch"",""state_change""]",,ood
486,2,verify_plate_on_table,,check_table,"[""2239:0"",""6057:0""]","[""fetch"",""state_change""]",,ood
486,3,go_to_kitchen_work_area,,navigate_to_kitchen_island,[],[],,ood
486,4,retrieve_missing_plate,fetch,set_plate,[],[],False,ood
486,5,place_plate_on_table,relocate,place_on_plate,[],[],False,ood
487,0,look_for_bowl_0_on_table,,fetch_bowl,"[""4764:0"",""1488:0""]","[""fetch"",""state_change""]",,ood
487,1,look_for_plate_0_on_table,,place_on_plate,"[""5169:2""]","[""relocate""]",,ood
487,2,retrieve_missing_bowl_or_plate,fetch,fetch_bowl,"[""2686:0""]","[""fetch"",""state_change""]",True,ood
488,0,look_over_table,,inspect_table,"[""1700:0"",""1958:0""]","[""fetch"",""state_change""]",,ood
488,1,check_bowl_0_location,state_change,place_bowl,"[""1488:2"",""2686:2""]","[""fetch"",""multi_object_sequence"",""open_container_then_retrieve"",""relocate""]",False,ood
488,2,check_plate_0_location,state_change,place_plate,"[""1379:0"",""4075:0""]","[""fetch"",""state_change""]",True,ood
488,3,get_missing_item,fetch,fetch_missing_fruit,[],[],False,ood
488,4,place_item_on_table,relocate,place_on_table,[],[],False,ood
489,0,examine_table,,inspect_table,"[""1700:0"",""1958:0""]","[""fetch"",""state_change""]",,ood
489,1,find_single_dish,fetch,fetch_bowl,"[""4764:0"",""1488:0""]","[""fetch"",""state_change""]",True,ood
489,2,supply_other_dish,,place_on_plate,"[""5169:2""]","[""relocate""]",,ood
489,3,position_both_dishes,,place_plate_on_kitchen_island,"[""1484:1""]","[""relocate""]",,ood
490,0,glance_at_table,,inspect_table,"[""1633:0"",""2098:0""]","[""fetch"",""state_change""]",,ood
490,1,confirm_one_bowl_and_one_plate,,place_bowl,"[""1488:2"",""2686:2""]","[""fetch"",""multi_object_sequence"",""open_container_then_retrieve"",""relocate""]",,ood
490,2,fetch_absent_dish,fetch,fetch_bowl,"[""1488:0"",""2686:0""]","[""fetch"",""state_change""]",True,ood
491,0,survey_kitchen_work_area,state_change,navigate_to_kitchen_island,"[""1484:0""]","[""fetch"",""state_change""]",True,ood
491,1,identify_missing_item,,fetch_missing_fruit,"[""1207:1"",""2444:1""]","[""fetch"",""open_container_then_retrieve"",""relocate""]",,ood
491,2,carry_missing_item_to_table,,move_to_table,"[""1210:1"",""2918:1""]","[""relocate""]",,ood
492,0,survey_table,state_change,survey_table,"[""1173:0"",""2647:0""]","[""fetch"",""state_change""]",True,ood
492,1,identify_missing_item,,fetch_missing_fruit,"[""1207:1"",""2444:1""]","[""fetch"",""open_container_then_retrieve"",""relocate""]",,ood
492,2,carry_missing_item_to_table,,move_to_table,"[""1210:1"",""2918:1""]","[""relocate""]",,ood
493,0,observe_table,,inspect_table,"[""1700:0"",""1958:0""]","[""fetch"",""state_change""]",,ood
493,1,observe_kitchen_work_area,,navigate_to_kitchen_island,"[""1484:0""]","[""fetch"",""state_change""]",,ood
493,2,pick_bowl_0,fetch,fetch_bowl,"[""1488:0"",""2686:0""]","[""fetch"",""state_change""]",True,ood
493,3,pick_plate_0,fetch,place_plate,"[""3266:2""]","[""relocate""]",False,ood
494,0,check_kitchen_work_area,state_change,navigate_to_kitchen_island,"[""1484:0""]","[""fetch"",""state_change""]",True,ood
494,1,check_for_bowl,state_change,fetch_bowl,"[""1488:0"",""2686:0""]","[""fetch"",""state_change""]",True,ood
494,2,check_for_plate,state_change,set_plate,"[""7118:0"",""911:0""]","[""fetch"",""state_change""]",True,ood
494,3,deliver_missing_bowl,relocate,fetch_bowl,"[""4764:0""]","[""fetch"",""state_change""]",False,ood
494,4,deliver_missing_plate,relocate,place_plate,[],[],False,ood
495,0,check_table_for_bowl_and_plate,state_change,check_table,"[""1039:0"",""1737:0""]","[""fetch"",""state_change""]",True,ood
495,1,check_if_bowl_is_missing,state_change,fetch_bowl,"[""1488:0"",""2686:0""]","[""fetch"",""state_change""]",True,ood
495,2,check_if_plate_is_missing,state_change,set_plate,"[""7118:0"",""911:0""]","[""fetch"",""state_change""]",True,ood
495,3,deliver_missing_bowl,relocate,fetch_bowl,[],[],False,ood
495,4,deliver_missing_plate,relocate,place_plate,[],[],False,ood
496,0,scan_table,,scan_table,"[""5235:0"",""1209:0""]","[""fetch"",""state_change""]",,ood
496,1,check_for_bowl,state_change,fetch_bowl,"[""4764:0"",""1488:0""]","[""fetch"",""state_change""]",True,ood
496,2,check_for_plate,state_change,set_plate,"[""7118:0"",""911:0""]","[""fetch"",""state_change""]",True,ood
496,3,place_bowl_on_table,relocate,place_on_table,[],[],False,ood
496,4,place_plate_on_table,relocate,place_on_plate,[],[],False,ood
497,0,check_table_for_bowl_and_plate,state_change,check_table,"[""1039:0"",""1737:0""]","[""fetch"",""state_change""]",True,ood
497,1,check_if_bowl_is_missing,state_change,fetch_bowl,"[""1488:0"",""2686:0""]","[""fetch"",""state_change""]",True,ood
497,2,check_if_plate_is_missing,state_change,set_plate,"[""7118:0"",""911:0""]","[""fetch"",""state_change""]",True,ood
497,3,deliver_missing_bowl,relocate,fetch_bowl,[],[],False,ood
497,4,deliver_missing_plate,relocate,place_plate,[],[],False,ood
498,0,check_table_for_bowl_0,state_change,check_table,"[""1039:0"",""1737:0""]","[""fetch"",""state_change""]",True,ood
498,1,check_table_for_plate_0,state_change,check_table,"[""2239:0"",""6057:0""]","[""fetch"",""state_change""]",True,ood
498,2,deliver_bowl_0_if_missing,relocate,fetch_bowl,"[""1488:0"",""2686:0""]","[""fetch"",""state_change""]",False,ood
498,3,deliver_plate_0_if_missing,relocate,place_plate,[],[],False,ood
499,0,examine_table,,inspect_table,"[""1700:0"",""1958:0""]","[""fetch"",""state_change""]",,ood
499,1,find_single_dish,fetch,fetch_bowl,"[""4764:0"",""1488:0""]","[""fetch"",""state_change""]",True,ood
499,2,supply_missing_dish,,fetch_bowl,"[""2686:0""]","[""fetch"",""state_change""]",,ood
499,3,position_both_dishes,,place_plate_on_kitchen_island,"[""1484:1""]","[""relocate""]",,ood
500,0,find_non_table_item,fetch,inspect_table,"[""1700:0"",""1958:0""]","[""fetch"",""state_change""]",True,ood
500,1,move_to_non_table_item,,move_to_table,"[""1210:1"",""2918:1""]","[""relocate""]",,ood
500,2,pick_non_table_item,fetch,move_to_table,"[""3979:1""]","[""relocate""]",False,ood
500,3,move_to_table,,move_to_table,[],[],,ood
500,4,place_non_table_item_on_table,relocate,place_on_table,"[""3156:2""]","[""multi_object_sequence"",""relocate""]",True,ood
501,0,inspect_table,state_change,inspect_table,"[""1700:0"",""1958:0""]","[""fetch"",""state_change""]",True,ood
501,1,fetch_bowl_0,fetch,fetch_bowl,"[""4764:0"",""1488:0""]","[""fetch"",""state_change""]",True,ood
501,2,place_bowl_0_on_table,relocate,place_bowl,"[""4764:1"",""1488:2""]","[""fetch"",""multi_object_sequence"",""open_container_then_retrieve"",""relocate""]",True,ood
501,3,fetch_plate_0,fetch,place_plate,[],[],False,ood
501,4,place_plate_0_on_table,relocate,place_on_plate,[],[],False,ood
502,0,look_at_table,,inspect_table,"[""1700:0"",""1958:0""]","[""fetch"",""state_change""]",,ood
502,1,verify_bowl_on_table,,check_table,"[""1039:0"",""1737:0""]","[""fetch"",""state_change""]",,ood
502,2,verify_plate_on_table,,check_table,"[""2239:0"",""6057:0""]","[""fetch"",""state_change""]",,ood
502,3,go_to_kitchen_work_area,,navigate_to_kitchen_island,[],[],,ood
502,4,retrieve_missing_plate,fetch,set_plate,[],[],False,ood
502,5,place_plate_on_table,relocate,place_on_plate,[],[],False,ood
503,0,check_table_for_bowl,state_change,check_table,"[""1039:0"",""1737:0""]","[""fetch"",""state_change""]",True,ood
503,1,check_table_for_plate,state_change,check_table,"[""2239:0"",""6057:0""]","[""fetch"",""state_change""]",True,ood
503,2,deliver_missing_bowl,relocate,fetch_bowl,"[""1488:0"",""2686:0""]","[""fetch"",""state_change""]",False,ood
503,3,deliver_missing_plate,relocate,place_plate,[],[],False,ood
504,0,glance_at_table,,inspect_table,"[""1633:0"",""2098:0""]","[""fetch"",""state_change""]",,ood
504,1,confirm_bowl_and_plate,,place_bowl,"[""1488:2"",""2686:2""]","[""fetch"",""multi_object_sequence"",""open_container_then_retrieve"",""relocate""]",,ood
504,2,fetch_absent_dish,fetch,fetch_bowl,"[""1488:0"",""2686:0""]","[""fetch"",""state_change""]",True,ood
505,0,check_table_for_bowl_and_plate,state_change,check_table,"[""1039:0"",""1737:0""]","[""fetch"",""state_change""]",True,ood
505,1,check_if_bowl_is_missing,state_change,fetch_bowl,"[""1488:0"",""2686:0""]","[""fetch"",""state_change""]",True,ood
505,2,check_if_plate_is_missing,state_change,set_plate,"[""7118:0"",""911:0""]","[""fetch"",""state_change""]",True,ood
505,3,deliver_missing_bowl,relocate,fetch_bowl,[],[],False,ood
505,4,deliver_missing_plate,relocate,place_plate,[],[],False,ood
506,0,check_table_for_bowl,state_change,check_table,"[""1039:0"",""1737:0""]","[""fetch"",""state_change""]",True,ood
506,1,check_table_for_plate,state_change,check_table,"[""2239:0"",""6057:0""]","[""fetch"",""state_change""]",True,ood
506,2,deliver_missing_bowl,relocate,fetch_bowl,"[""1488:0"",""2686:0""]","[""fetch"",""state_change""]",False,ood
506,3,deliver_missing_plate,relocate,place_plate,[],[],False,ood
507,0,survey_kitchen_work_area,state_change,navigate_to_kitchen_island,"[""1484:0""]","[""fetch"",""state_change""]",True,ood
507,1,identify_missing_item,,fetch_missing_fruit,"[""1207:1"",""2444:1""]","[""fetch"",""open_container_then_retrieve"",""relocate""]",,ood
507,2,carry_missing_item_to_table,,move_to_table,"[""1210:1"",""2918:1""]","[""relocate""]",,ood
508,0,examine_table,,inspect_table,"[""1700:0"",""1958:0""]","[""fetch"",""state_change""]",,ood
508,1,find_single_dish,fetch,fetch_bowl,"[""4764:0"",""1488:0""]","[""fetch"",""state_change""]",True,ood
508,2,supply_other_dish,,place_on_plate,"[""5169:2""]","[""relocate""]",,ood
508,3,position_both_dishes,,place_plate_on_kitchen_island,"[""1484:1""]","[""relocate""]",,ood
509,0,check_table_for_bowl_and_plate,state_change,check_table,"[""1039:0"",""1737:0""]","[""fetch"",""state_change""]",True,ood
509,1,check_if_bowl_is_missing,state_change,fetch_bowl,"[""1488:0"",""2686:0""]","[""fetch"",""state_change""]",True,ood
509,2,check_if_plate_is_missing,state_change,set_plate,"[""7118:0"",""911:0""]","[""fetch"",""state_change""]",True,ood
509,3,deliver_missing_bowl,relocate,fetch_bowl,[],[],False,ood
509,4,deliver_missing_plate,relocate,place_plate,[],[],False,ood
510,0,check_table_for_bowl_and_plate,state_change,check_table,"[""1502:0"",""1663:0""]","[""fetch"",""state_change""]",True,ood
510,1,if_bowl_missing_get_bowl,fetch,fetch_bowl,"[""1488:0"",""2686:0""]","[""fetch"",""state_change""]",True,ood
510,2,if_plate_missing_get_plate,fetch,set_plate,"[""5528:0"",""2966:0""]","[""fetch"",""state_change""]",True,ood
510,3,place_missing_dish_on_table,relocate,place_plate_on_kitchen_island,[],[],False,ood
511,0,survey_table,state_change,survey_table,"[""1173:0"",""2647:0""]","[""fetch"",""state_change""]",True,ood
511,1,identify_missing_item,,fetch_missing_fruit,"[""1207:1"",""2444:1""]","[""fetch"",""open_container_then_retrieve"",""relocate""]",,ood
511,2,carry_missing_item_to_table,,move_to_table,"[""1210:1"",""2918:1""]","[""relocate""]",,ood
512,0,look_at_table,,inspect_table,"[""1700:0"",""1958:0""]","[""fetch"",""state_change""]",,ood
512,1,verify_bowl_0_on_table,,check_table,"[""1039:0"",""1737:0""]","[""fetch"",""state_change""]",,ood
512,2,verify_plate_0_on_table,,check_table,"[""2239:0"",""6057:0""]","[""fetch"",""state_change""]",,ood
512,3,go_to_kitchen_work_area,,navigate_to_kitchen_island,[],[],,ood
512,4,retrieve_plate_0,fetch,set_plate,[],[],False,ood
512,5,place_plate_0_on_table,relocate,place_on_plate,[],[],False,ood
513,0,check_table_for_bowl,state_change,check_table,"[""1039:0"",""1737:0""]","[""fetch"",""state_change""]",True,ood
513,1,check_table_for_plate,state_change,check_table,"[""2239:0"",""6057:0""]","[""fetch"",""state_change""]",True,ood
513,2,deliver_missing_bowl,relocate,fetch_bowl,"[""1488:0"",""2686:0""]","[""fetch"",""state_change""]",False,ood
513,3,deliver_missing_plate,relocate,place_plate,[],[],False,ood
514,0,observe_kitchen_work_area,,navigate_to_kitchen_island,"[""1484:0""]","[""fetch"",""state_change""]",,ood
514,1,decide_missing_item,,fetch_missing_fruit,"[""1207:1"",""2444:1""]","[""fetch"",""open_container_then_retrieve"",""relocate""]",,ood
514,2,fetch_missing_item,fetch,fetch_missing_fruit,[],[],False,ood
515,0,glance_at_table,,inspect_table,"[""1633:0"",""2098:0""]","[""fetch"",""state_change""]",,ood
515,1,confirm_bowl_and_plate,,place_bowl,"[""1488:2"",""2686:2""]","[""fetch"",""multi_object_sequence"",""open_container_then_retrieve"",""relocate""]",,ood
515,2,fetch_absent_dish,fetch,fetch_bowl,"[""1488:0"",""2686:0""]","[""fetch"",""state_change""]",True,ood
516,0,glance_at_table,,inspect_table,"[""1633:0"",""2098:0""]","[""fetch"",""state_change""]",,ood
516,1,confirm_bowl_and_plate,,place_bowl,"[""1488:2"",""2686:2""]","[""fetch"",""multi_object_sequence"",""open_container_then_retrieve"",""relocate""]",,ood
516,2,fetch_absent_dish,fetch,fetch_bowl,"[""1488:0"",""2686:0""]","[""fetch"",""state_change""]",True,ood
517,0,inspect_table,state_change,inspect_table,"[""1700:0"",""1958:0""]","[""fetch"",""state_change""]",True,ood
517,1,fetch_hidden_dish,fetch,fetch_bowl,"[""4764:0"",""1488:0""]","[""fetch"",""state_change""]",True,ood
517,2,place_dish_on_table,relocate,place_on_table,"[""3156:2"",""3173:2""]","[""multi_object_sequence"",""relocate""]",True,ood
518,0,find_non_table_item,fetch,inspect_table,"[""1700:0"",""1958:0""]","[""fetch"",""state_change""]",True,ood
518,1,move_to_non_table_item,,move_to_table,"[""1210:1"",""2918:1""]","[""relocate""]",,ood
518,2,pick_non_table_item,fetch,move_to_table,"[""3979:1""]","[""relocate""]",False,ood
518,3,move_to_table,,move_to_table,[],[],,ood
518,4,place_non_table_item_on_table,relocate,place_on_table,"[""3156:2""]","[""multi_object_sequence"",""relocate""]",True,ood
519,0,survey_table,state_change,survey_table,"[""1173:0"",""2647:0""]","[""fetch"",""state_change""]",True,ood
519,1,identify_missing_item,,fetch_missing_fruit,"[""1207:1"",""2444:1""]","[""fetch"",""open_container_then_retrieve"",""relocate""]",,ood
519,2,carry_missing_item_to_table,,move_to_table,"[""1210:1"",""2918:1""]","[""relocate""]",,ood
520,0,look_over_table,,inspect_table,"[""1700:0"",""1958:0""]","[""fetch"",""state_change""]",,ood
520,1,check_bowl_0_location,state_change,place_bowl,"[""1488:2"",""2686:2""]","[""fetch"",""multi_object_sequence"",""open_container_then_retrieve"",""relocate""]",False,ood
520,2,check_plate_0_location,state_change,place_plate,"[""1379:0"",""4075:0""]","[""fetch"",""state_change""]",True,ood
520,3,get_missing_item,fetch,fetch_missing_fruit,[],[],False,ood
520,4,place_item_on_table,relocate,place_on_table,[],[],False,ood
521,0,survey_table,state_change,survey_table,"[""1173:0"",""2647:0""]","[""fetch"",""state_change""]",True,ood
521,1,identify_missing_item,,fetch_missing_fruit,"[""1207:1"",""2444:1""]","[""fetch"",""open_container_then_retrieve"",""relocate""]",,ood
521,2,carry_missing_item_to_table,,move_to_table,"[""1210:1"",""2918:1""]","[""relocate""]",,ood
522,0,survey_table,state_change,survey_table,"[""1173:0"",""2647:0""]","[""fetch"",""state_change""]",True,ood
522,1,identify_missing_item,,fetch_missing_fruit,"[""1207:1"",""2444:1""]","[""fetch"",""open_container_then_retrieve"",""relocate""]",,ood
522,2,carry_missing_item_to_table,,move_to_table,"[""1210:1"",""2918:1""]","[""relocate""]",,ood
523,0,check_table_for_bowl_and_plate,state_change,check_table,"[""1502:0"",""1663:0""]","[""fetch"",""state_change""]",True,ood
523,1,if_bowl_missing_get_bowl,fetch,fetch_bowl,"[""1488:0"",""2686:0""]","[""fetch"",""state_change""]",True,ood
523,2,if_plate_missing_get_plate,fetch,set_plate,"[""5528:0"",""2966:0""]","[""fetch"",""state_change""]",True,ood
523,3,place_missing_dish_on_table,relocate,place_plate_on_kitchen_island,[],[],False,ood
524,0,examine_table,,inspect_table,"[""1700:0"",""1958:0""]","[""fetch"",""state_change""]",,ood
524,1,find_single_dish,fetch,fetch_bowl,"[""4764:0"",""1488:0""]","[""fetch"",""state_change""]",True,ood
524,2,supply_other_dish,,place_on_plate,"[""5169:2""]","[""relocate""]",,ood
524,3,position_both_dishes,,place_plate_on_kitchen_island,"[""1484:1""]","[""relocate""]",,ood
525,0,examine_table,,inspect_table,"[""1700:0"",""1958:0""]","[""fetch"",""state_change""]",,ood
525,1,find_single_dish,fetch,fetch_bowl,"[""4764:0"",""1488:0""]","[""fetch"",""state_change""]",True,ood
525,2,supply_other_dish,,place_on_plate,"[""5169:2""]","[""relocate""]",,ood
525,3,position_both_dishes,,place_plate_on_kitchen_island,"[""1484:1""]","[""relocate""]",,ood
526,0,inspect_table,state_change,inspect_table,"[""1700:0"",""1958:0""]","[""fetch"",""state_change""]",True,ood
526,1,fetch_hidden_dish,fetch,fetch_bowl,"[""4764:0"",""1488:0""]","[""fetch"",""state_change""]",True,ood
526,2,place_dish_on_table,relocate,place_on_table,"[""3156:2"",""3173:2""]","[""multi_object_sequence"",""relocate""]",True,ood
527,0,inspect_kitchen_work_area,state_change,inspect_cabinet,"[""144:0"",""1774:0""]","[""state_change""]",True,ood
527,1,fetch_bowl_1,fetch,fetch_bowl,"[""4764:0"",""1488:0""]","[""fetch"",""state_change""]",True,ood
527,2,place_bowl_1_on_table,relocate,place_bowl,"[""4764:1"",""3697:1""]","[""multi_object_sequence"",""relocate""]",True,ood
527,3,fetch_plate_0,fetch,place_plate,[],[],False,ood
527,4,place_plate_0_on_table,relocate,place_on_plate,[],[],False,ood
528,0,look_for_bowl_0_on_table,,fetch_bowl,"[""4764:0"",""1488:0""]","[""fetch"",""state_change""]",,ood
528,1,look_for_plate_0_on_table,,place_on_plate,"[""5169:2""]","[""relocate""]",,ood
528,2,retrieve_bowl_0_if_missing,fetch,fetch_bowl,"[""2686:0""]","[""fetch"",""state_change""]",True,ood
528,3,retrieve_plate_0_if_missing,fetch,set_plate,"[""5528:0"",""2966:0""]","[""fetch"",""state_change""]",True,ood
528,4,place_bowl_0_on_table_if_missing,relocate,place_bowl,[],[],False,ood
528,5,place_plate_0_on_table_if_missing,relocate,place_on_plate,[],[],False,ood
529,0,check_table_for_bowl_and_plate,state_change,check_table,"[""1502:0"",""1663:0""]","[""fetch"",""state_change""]",True,ood
529,1,if_bowl_missing_get_bowl,fetch,fetch_bowl,"[""1488:0"",""2686:0""]","[""fetch"",""state_change""]",True,ood
529,2,if_plate_missing_get_plate,fetch,set_plate,"[""5528:0"",""2966:0""]","[""fetch"",""state_change""]",True,ood
529,3,place_missing_dish_on_table,relocate,place_plate_on_kitchen_island,[],[],False,ood
530,0,scan_table,,scan_table,"[""5235:0"",""1209:0""]","[""fetch"",""state_change""]",,ood
530,1,check_bowl_presence,state_change,place_bowl,"[""3697:1"",""6464:1""]","[""multi_object_sequence"",""relocate""]",False,ood
530,2,check_plate_presence,state_change,place_plate,"[""3266:2"",""5679:2""]","[""relocate""]",False,ood
530,3,place_bowl_if_needed,relocate,place_bowl,[],[],False,ood
530,4,place_plate_if_needed,relocate,place_plate,[],[],False,ood
531,0,observe_table,,inspect_table,"[""1700:0"",""1958:0""]","[""fetch"",""state_change""]",,ood
531,1,observe_kitchen_work_area,,navigate_to_kitchen_island,"[""1484:0""]","[""fetch"",""state_change""]",,ood
531,2,pick_bowl_0,fetch,fetch_bowl,"[""1488:0"",""2686:0""]","[""fetch"",""state_change""]",True,ood
531,3,pick_plate_0,fetch,place_plate,"[""3266:2""]","[""relocate""]",False,ood
532,0,check_table_for_bowl_and_plate,state_change,check_table,"[""1502:0"",""1663:0""]","[""fetch"",""state_change""]",True,ood
532,1,if_bowl_missing_get_bowl,fetch,fetch_bowl,"[""1488:0"",""2686:0""]","[""fetch"",""state_change""]",True,ood
532,2,if_plate_missing_get_plate,fetch,set_plate,"[""5528:0"",""2966:0""]","[""fetch"",""state_change""]",True,ood
532,3,place_missing_dish_on_table,relocate,place_plate_on_kitchen_island,[],[],False,ood
533,0,observe_table,,inspect_table,"[""1700:0"",""1958:0""]","[""fetch"",""state_change""]",,ood
533,1,observe_kitchen_work_area,,navigate_to_kitchen_island,"[""1484:0""]","[""fetch"",""state_change""]",,ood
533,2,pick_bowl_0,fetch,fetch_bowl,"[""1488:0"",""2686:0""]","[""fetch"",""state_change""]",True,ood
533,3,pick_plate_0,fetch,place_plate,"[""3266:2""]","[""relocate""]",False,ood
534,0,look_for_bowl_0_on_table,,fetch_bowl,"[""4764:0"",""1488:0""]","[""fetch"",""state_change""]",,ood
534,1,look_for_plate_0_on_table,,place_on_plate,"[""5169:2""]","[""relocate""]",,ood
534,2,retrieve_bowl_0_if_missing,fetch,fetch_bowl,"[""2686:0""]","[""fetch"",""state_change""]",True,ood
534,3,retrieve_plate_0_if_missing,fetch,set_plate,"[""5528:0"",""2966:0""]","[""fetch"",""state_change""]",True,ood
534,4,place_bowl_0_on_table,relocate,place_bowl,[],[],False,ood
534,5,place_plate_0_on_table,relocate,place_on_plate,[],[],False,ood
535,0,examine_table,,inspect_table,"[""1700:0"",""1958:0""]","[""fetch"",""state_change""]",,ood
535,1,find_single_dish,fetch,fetch_bowl,"[""4764:0"",""1488:0""]","[""fetch"",""state_change""]",True,ood
535,2,supply_other_dish,,place_on_plate,"[""5169:2""]","[""relocate""]",,ood
535,3,position_both_dishes,,place_plate_on_kitchen_island,"[""1484:1""]","[""relocate""]",,ood
536,0,inspect_table,state_change,inspect_table,"[""1700:0"",""1958:0""]","[""fetch"",""state_change""]",True,ood
536,1,fetch_hidden_dish,fetch,fetch_bowl,"[""4764:0"",""1488:0""]","[""fetch"",""state_change""]",True,ood
536,2,place_dish_on_table,relocate,place_on_table,"[""3156:2"",""3173:2""]","[""multi_object_sequence"",""relocate""]",True,ood
537,0,check_table_for_bowl,state_change,check_table,"[""1039:0"",""1737:0""]","[""fetch"",""state_change""]",True,ood
537,1,check_table_for_plate,state_change,check_table,"[""2239:0"",""6057:0""]","[""fetch"",""state_change""]",True,ood
537,2,deliver_missing_bowl,relocate,fetch_bowl,"[""1488:0"",""2686:0""]","[""fetch"",""state_change""]",False,ood
537,3,deliver_missing_plate,relocate,place_plate,[],[],False,ood
538,0,observe_kitchen_work_area,,navigate_to_kitchen_island,"[""1484:0""]","[""fetch"",""state_change""]",,ood
538,1,decide_missing_item,,fetch_missing_fruit,"[""1207:1"",""2444:1""]","[""fetch"",""open_container_then_retrieve"",""relocate""]",,ood
538,2,fetch_missing_item,fetch,fetch_missing_fruit,[],[],False,ood
539,0,find_non_resting_bowl_or_plate,fetch,place_bowl,"[""4764:1"",""1488:2""]","[""fetch"",""multi_object_sequence"",""open_container_then_retrieve"",""relocate""]",True,ood
539,1,move_to_non_resting_bowl_or_plate,,place_on_plate,"[""5169:2""]","[""relocate""]",,ood
539,2,pick_non_resting_bowl_or_plate,fetch,place_on_plate,[],[],False,ood
539,3,move_to_kitchen_work_area,,move_to_cabinet,"[""3800:0"",""2775:1""]","[""fetch"",""state_change""]",,ood
539,4,place_non_resting_bowl_or_plate,relocate,place_on_plate,[],[],False,ood
540,0,look_at_table,,inspect_table,"[""1700:0"",""1958:0""]","[""fetch"",""state_change""]",,ood
540,1,verify_bowl_on_table,,check_table,"[""1039:0"",""1737:0""]","[""fetch"",""state_change""]",,ood
540,2,verify_plate_on_table,,check_table,"[""2239:0"",""6057:0""]","[""fetch"",""state_change""]",,ood
540,3,go_to_kitchen_work_area,,navigate_to_kitchen_island,[],[],,ood
540,4,retrieve_missing_plate,fetch,set_plate,[],[],False,ood
540,5,place_plate_on_table,relocate,place_on_plate,[],[],False,ood
541,0,survey_table,state_change,survey_table,"[""1173:0"",""2647:0""]","[""fetch"",""state_change""]",True,ood
541,1,identify_missing_item,,fetch_missing_fruit,"[""1207:1"",""2444:1""]","[""fetch"",""open_container_then_retrieve"",""relocate""]",,ood
541,2,carry_missing_item_to_table,,move_to_table,"[""1210:1"",""2918:1""]","[""relocate""]",,ood
542,0,look_over_table,,inspect_table,"[""1700:0"",""1958:0""]","[""fetch"",""state_change""]",,ood
542,1,check_bowl_0_location,state_change,place_bowl,"[""1488:2"",""2686:2""]","[""fetch"",""multi_object_sequence"",""open_container_then_retrieve"",""relocate""]",False,ood
542,2,check_plate_0_location,state_change,place_plate,"[""1379:0"",""4075:0""]","[""fetch"",""state_change""]",True,ood
542,3,get_missing_item,fetch,fetch_missing_fruit,[],[],False,ood
542,4,place_item_on_table,relocate,place_on_table,[],[],False,ood
543,0,check_table_for_bowl_and_plate,state_change,check_table,"[""1502:0"",""1663:0""]","[""fetch"",""state_change""]",True,ood
543,1,if_bowl_missing_get_bowl,fetch,fetch_bowl,"[""1488:0"",""2686:0""]","[""fetch"",""state_change""]",True,ood
543,2,if_plate_missing_get_plate,fetch,set_plate,"[""5528:0"",""2966:0""]","[""fetch"",""state_change""]",True,ood
543,3,place_missing_dish_on_table,relocate,place_plate_on_kitchen_island,[],[],False,ood
544,0,glance_at_table,,inspect_table,"[""1633:0"",""2098:0""]","[""fetch"",""state_change""]",,ood
544,1,confirm_one_bowl_and_one_plate,,place_bowl,"[""2501:1"",""1488:2""]","[""fetch"",""multi_object_sequence"",""open_container_then_retrieve"",""relocate""]",,ood
544,2,fetch_absent_dish,fetch,fetch_bowl,"[""1488:0"",""2686:0""]","[""fetch"",""state_change""]",True,ood
545,0,scan_table,,scan_table,"[""5235:0"",""1209:0""]","[""fetch"",""state_change""]",,ood
545,1,check_bowl_presence,state_change,place_bowl,"[""3697:1"",""6464:1""]","[""multi_object_sequence"",""relocate""]",False,ood
545,2,check_plate_presence,state_change,place_plate,"[""3266:2"",""5679:2""]","[""relocate""]",False,ood
545,3,place_bowl_if_needed,relocate,place_bowl,[],[],False,ood
545,4,place_plate_if_needed,relocate,place_plate,[],[],False,ood
546,0,examine_kitchen_work_area,,navigate_to_kitchen_island,"[""1484:0""]","[""fetch"",""state_change""]",,ood
546,1,find_single_dish,fetch,fetch_bowl,"[""4764:0"",""1488:0""]","[""fetch"",""state_change""]",True,ood
546,2,supply_missing_dish,,fetch_bowl,"[""2686:0""]","[""fetch"",""state_change""]",,ood
547,0,glance_at_table,,inspect_table,"[""1633:0"",""2098:0""]","[""fetch"",""state_change""]",,ood
547,1,confirm_one_bowl_and_one_plate,,place_bowl,"[""2501:1"",""1488:2""]","[""fetch"",""multi_object_sequence"",""open_container_then_retrieve"",""relocate""]",,ood
547,2,fetch_absent_dish,fetch,fetch_bowl,"[""1488:0"",""2686:0""]","[""fetch"",""state_change""]",True,ood
548,0,examine_kitchen_work_area,,navigate_to_kitchen_island,"[""1484:0""]","[""fetch"",""state_change""]",,ood
548,1,find_single_dish,fetch,fetch_bowl,"[""4764:0"",""1488:0""]","[""fetch"",""state_change""]",True,ood
548,2,supply_missing_dish,,fetch_bowl,"[""2686:0""]","[""fetch"",""state_change""]",,ood
549,0,observe_kitchen_work_area,,navigate_to_kitchen_island,"[""1484:0""]","[""fetch"",""state_change""]",,ood
549,1,decide_missing_item,,fetch_missing_fruit,"[""1207:1"",""2444:1""]","[""fetch"",""open_container_then_retrieve"",""relocate""]",,ood
549,2,fetch_missing_item,fetch,fetch_missing_fruit,[],[],False,ood
550,0,glance_at_table,,inspect_table,"[""1633:0"",""2098:0""]","[""fetch"",""state_change""]",,ood
550,1,confirm_bowl_and_plate,,place_bowl,"[""1488:2"",""2686:2""]","[""fetch"",""multi_object_sequence"",""open_container_then_retrieve"",""relocate""]",,ood
550,2,fetch_absent_dish,fetch,fetch_bowl,"[""1488:0"",""2686:0""]","[""fetch"",""state_change""]",True,ood
551,0,check_table_for_bowl_0,state_change,check_table,"[""1039:0"",""1737:0""]","[""fetch"",""state_change""]",True,ood
551,1,check_table_for_plate_0,state_change,check_table,"[""2239:0"",""6057:0""]","[""fetch"",""state_change""]",True,ood
551,2,deliver_bowl_0_if_missing,relocate,fetch_bowl,"[""1488:0"",""2686:0""]","[""fetch"",""state_change""]",False,ood
551,3,deliver_plate_0_if_missing,relocate,place_plate,[],[],False,ood
552,0,check_table_for_bowl_and_plate,state_change,check_table,"[""1502:0"",""1663:0""]","[""fetch"",""state_change""]",True,ood
552,1,if_bowl_missing_get_bowl,fetch,fetch_bowl,"[""1488:0"",""2686:0""]","[""fetch"",""state_change""]",True,ood
552,2,if_plate_missing_get_plate,fetch,set_plate,"[""5528:0"",""2966:0""]","[""fetch"",""state_change""]",True,ood
552,3,place_missing_dish_on_table,relocate,place_plate_on_kitchen_island,[],[],False,ood
553,0,observe_table,,inspect_table,"[""1700:0"",""1958:0""]","[""fetch"",""state_change""]",,ood
553,1,observe_kitchen_work_area,,navigate_to_kitchen_island,"[""1484:0""]","[""fetch"",""state_change""]",,ood
553,2,pick_bowl_0,fetch,fetch_bowl,"[""1488:0"",""2686:0""]","[""fetch"",""state_change""]",True,ood
553,3,pick_plate_0,fetch,place_plate,"[""3266:2""]","[""relocate""]",False,ood
554,0,survey_table,state_change,survey_table,"[""1173:0"",""2647:0""]","[""fetch"",""state_change""]",True,ood
554,1,identify_missing_item,,fetch_missing_fruit,"[""1207:1"",""2444:1""]","[""fetch"",""open_container_then_retrieve"",""relocate""]",,ood
554,2,carry_missing_item_to_table,,move_to_table,"[""1210:1"",""2918:1""]","[""relocate""]",,ood
555,0,check_table_for_bowl_0,state_change,check_table,"[""1039:0"",""1737:0""]","[""fetch"",""state_change""]",True,ood
555,1,check_table_for_plate_0,state_change,check_table,"[""2239:0"",""6057:0""]","[""fetch"",""state_change""]",True,ood
555,2,deliver_bowl_0_if_missing,relocate,fetch_bowl,"[""1488:0"",""2686:0""]","[""fetch"",""state_change""]",False,ood
555,3,deliver_plate_0_if_missing,relocate,place_plate,[],[],False,ood
556,0,find_non_table_item,fetch,inspect_table,"[""1700:0"",""1958:0""]","[""fetch"",""state_change""]",True,ood
556,1,move_to_non_table_item,,move_to_table,"[""1210:1"",""2918:1""]","[""relocate""]",,ood
556,2,pick_non_table_item,fetch,move_to_table,"[""3979:1""]","[""relocate""]",False,ood
556,3,move_to_table,,move_to_table,[],[],,ood
556,4,place_non_table_item_on_table,relocate,place_on_table,"[""3156:2""]","[""multi_object_sequence"",""relocate""]",True,ood
557,0,observe_table,,inspect_table,"[""1700:0"",""1958:0""]","[""fetch"",""state_change""]",,ood
557,1,observe_kitchen_work_area,,navigate_to_kitchen_island,"[""1484:0""]","[""fetch"",""state_change""]",,ood
557,2,pick_bowl_0,fetch,fetch_bowl,"[""1488:0"",""2686:0""]","[""fetch"",""state_change""]",True,ood
557,3,pick_plate_0,fetch,place_plate,"[""3266:2""]","[""relocate""]",False,ood
558,0,inspect_table,state_change,inspect_table,"[""1700:0"",""1958:0""]","[""fetch"",""state_change""]",True,ood
558,1,fetch_bowl_0,fetch,fetch_bowl,"[""4764:0"",""1488:0""]","[""fetch"",""state_change""]",True,ood
558,2,place_bowl_0_on_table,relocate,place_bowl,"[""4764:1"",""1488:2""]","[""fetch"",""multi_object_sequence"",""open_container_then_retrieve"",""relocate""]",True,ood
558,3,fetch_plate_0,fetch,place_plate,[],[],False,ood
558,4,place_plate_0_on_table,relocate,place_on_plate,[],[],False,ood
559,0,inspect_table,state_change,inspect_table,"[""1700:0"",""1958:0""]","[""fetch"",""state_change""]",True,ood
559,1,fetch_bowl_0,fetch,fetch_bowl,"[""4764:0"",""1488:0""]","[""fetch"",""state_change""]",True,ood
559,2,place_bowl_0_on_table,relocate,place_bowl,"[""4764:1"",""1488:2""]","[""fetch"",""multi_object_sequence"",""open_container_then_retrieve"",""relocate""]",True,ood
559,3,fetch_plate_0,fetch,place_plate,[],[],False,ood
559,4,place_plate_0_on_table,relocate,place_on_plate,[],[],False,ood
560,0,look_for_bowl_0_on_table,,fetch_bowl,"[""4764:0"",""1488:0""]","[""fetch"",""state_change""]",,ood
560,1,look_for_plate_0_on_table,,place_on_plate,"[""5169:2""]","[""relocate""]",,ood
560,2,retrieve_bowl_0_if_missing,fetch,fetch_bowl,"[""2686:0""]","[""fetch"",""state_change""]",True,ood
560,3,retrieve_plate_0_if_missing,fetch,set_plate,"[""5528:0"",""2966:0""]","[""fetch"",""state_change""]",True,ood
560,4,place_bowl_0_on_table,relocate,place_bowl,[],[],False,ood
560,5,place_plate_0_on_table,relocate,place_on_plate,[],[],False,ood
561,0,look_for_bowl_0_on_table,,fetch_bowl,"[""4764:0"",""1488:0""]","[""fetch"",""state_change""]",,ood
561,1,look_for_plate_0_on_table,,place_on_plate,"[""5169:2""]","[""relocate""]",,ood
561,2,retrieve_bowl_0_if_missing,fetch,fetch_bowl,"[""2686:0""]","[""fetch"",""state_change""]",True,ood
561,3,retrieve_plate_0_if_missing,fetch,set_plate,"[""5528:0"",""2966:0""]","[""fetch"",""state_change""]",True,ood
561,4,place_bowl_0_on_table_if_missing,relocate,place_bowl,[],[],False,ood
561,5,place_plate_0_on_table_if_missing,relocate,place_on_plate,[],[],False,ood
562,0,observe_kitchen_work_area,,navigate_to_kitchen_island,"[""1484:0""]","[""fetch"",""state_change""]",,ood
562,1,decide_missing_item,,fetch_missing_fruit,"[""1207:1"",""2444:1""]","[""fetch"",""open_container_then_retrieve"",""relocate""]",,ood
562,2,fetch_missing_item,fetch,fetch_missing_fruit,[],[],False,ood
563,0,check_table_for_bowl_and_plate,state_change,check_table,"[""1039:0"",""1737:0""]","[""fetch"",""state_change""]",True,ood
563,1,check_if_bowl_is_missing,state_change,fetch_bowl,"[""1488:0"",""2686:0""]","[""fetch"",""state_change""]",True,ood
563,2,check_if_plate_is_missing,state_change,set_plate,"[""7118:0"",""911:0""]","[""fetch"",""state_change""]",True,ood
563,3,deliver_missing_bowl,relocate,fetch_bowl,[],[],False,ood
563,4,deliver_missing_plate,relocate,place_plate,[],[],False,ood
564,0,examine_kitchen_work_area,,navigate_to_kitchen_island,"[""1484:0""]","[""fetch"",""state_change""]",,ood
564,1,find_single_dish,fetch,fetch_bowl,"[""4764:0"",""1488:0""]","[""fetch"",""state_change""]",True,ood
564,2,supply_missing_dish,,fetch_bowl,"[""2686:0""]","[""fetch"",""state_change""]",,ood
565,0,look_over_table,,inspect_table,"[""1700:0"",""1958:0""]","[""fetch"",""state_change""]",,ood
565,1,check_bowl_0_location,state_change,place_bowl,"[""1488:2"",""2686:2""]","[""fetch"",""multi_object_sequence"",""open_container_then_retrieve"",""relocate""]",False,ood
565,2,check_plate_0_location,state_change,place_plate,"[""1379:0"",""4075:0""]","[""fetch"",""state_change""]",True,ood
565,3,get_missing_item,fetch,fetch_missing_fruit,[],[],False,ood
565,4,place_item_on_table,relocate,place_on_table,[],[],False,ood
566,0,survey_table,state_change,survey_table,"[""1173:0"",""2647:0""]","[""fetch"",""state_change""]",True,ood
566,1,identify_missing_item,,fetch_missing_fruit,"[""1207:1"",""2444:1""]","[""fetch"",""open_container_then_retrieve"",""relocate""]",,ood
566,2,carry_missing_item_to_table,,move_to_table,"[""1210:1"",""2918:1""]","[""relocate""]",,ood
567,0,look_at_table,,inspect_table,"[""1700:0"",""1958:0""]","[""fetch"",""state_change""]",,ood
567,1,verify_bowl_on_table,,check_table,"[""1039:0"",""1737:0""]","[""fetch"",""state_change""]",,ood
567,2,verify_plate_on_table,,check_table,"[""2239:0"",""6057:0""]","[""fetch"",""state_change""]",,ood
567,3,go_to_kitchen_work_area,,navigate_to_kitchen_island,[],[],,ood
567,4,retrieve_missing_plate,fetch,set_plate,[],[],False,ood
567,5,place_plate_on_table,relocate,place_on_plate,[],[],False,ood
568,0,observe_kitchen_work_area,,navigate_to_kitchen_island,"[""1484:0""]","[""fetch"",""state_change""]",,ood
568,1,decide_missing_item,,fetch_missing_fruit,"[""1207:1"",""2444:1""]","[""fetch"",""open_container_then_retrieve"",""relocate""]",,ood
568,2,fetch_missing_item,fetch,fetch_missing_fruit,[],[],False,ood
569,0,look_over_table,,inspect_table,"[""1700:0"",""1958:0""]","[""fetch"",""state_change""]",,ood
569,1,check_bowl_0_location,state_change,place_bowl,"[""1488:2"",""2686:2""]","[""fetch"",""multi_object_sequence"",""open_container_then_retrieve"",""relocate""]",False,ood
569,2,check_plate_0_location,state_change,place_plate,"[""1379:0"",""4075:0""]","[""fetch"",""state_change""]",True,ood
569,3,get_missing_item,fetch,fetch_missing_fruit,[],[],False,ood
569,4,place_item_on_table,relocate,place_on_table,[],[],False,ood
570,0,examine_kitchen_work_area,,navigate_to_kitchen_island,"[""1484:0""]","[""fetch"",""state_change""]",,ood
570,1,find_single_dish,fetch,fetch_bowl,"[""4764:0"",""1488:0""]","[""fetch"",""state_change""]",True,ood
570,2,supply_missing_dish,,fetch_bowl,"[""2686:0""]","[""fetch"",""state_change""]",,ood
571,0,check_table_for_bowl_and_plate,state_change,check_table,"[""1502:0"",""1663:0""]","[""fetch"",""state_change""]",True,ood
571,1,if_bowl_missing_get_bowl,fetch,fetch_bowl,"[""1488:0"",""2686:0""]","[""fetch"",""state_change""]",True,ood
571,2,if_plate_missing_get_plate,fetch,set_plate,"[""5528:0"",""2966:0""]","[""fetch"",""state_change""]",True,ood
571,3,place_missing_dish_on_table,relocate,place_plate_on_kitchen_island,[],[],False,ood
572,0,check_table_for_bowl_and_plate,state_change,check_table,"[""1502:0"",""1663:0""]","[""fetch"",""state_change""]",True,ood
572,1,if_bowl_missing_get_bowl,fetch,fetch_bowl,"[""1488:0"",""2686:0""]","[""fetch"",""state_change""]",True,ood
572,2,if_plate_missing_get_plate,fetch,set_plate,"[""5528:0"",""2966:0""]","[""fetch"",""state_change""]",True,ood
572,3,place_missing_dish_on_table,relocate,place_plate_on_kitchen_island,[],[],False,ood
573,0,scan_table,,scan_table,"[""5235:0"",""1209:0""]","[""fetch"",""state_change""]",,ood
573,1,check_for_bowl,state_change,fetch_bowl,"[""4764:0"",""1488:0""]","[""fetch"",""state_change""]",True,ood
573,2,check_for_plate,state_change,set_plate,"[""7118:0"",""911:0""]","[""fetch"",""state_change""]",True,ood
573,3,place_bowl_on_table,relocate,place_on_table,[],[],False,ood
573,4,place_plate_on_table,relocate,place_on_plate,[],[],False,ood
574,0,observe_table_for_bowl_0,,inspect_table,"[""1700:0"",""1958:0""]","[""fetch"",""state_change""]",,ood
574,1,observe_table_for_plate_0,,inspect_table,"[""3510:0"",""3156:1""]","[""fetch"",""open_container_then_retrieve"",""relocate"",""state_change""]",,ood
574,2,bring_along_undetected_bowl_or_plate,relocate,place_on_plate,"[""5169:2""]","[""relocate""]",True,ood
575,0,observe_kitchen_work_area,,navigate_to_kitchen_island,"[""1484:0""]","[""fetch"",""state_change""]",,ood
575,1,decide_missing_item,,fetch_missing_fruit,"[""1207:1"",""2444:1""]","[""fetch"",""open_container_then_retrieve"",""relocate""]",,ood
575,2,fetch_missing_item,fetch,fetch_missing_fruit,[],[],False,ood
576,0,look_over_table,,inspect_table,"[""1700:0"",""1958:0""]","[""fetch"",""state_change""]",,ood
576,1,check_bowl_0_location,state_change,place_bowl,"[""1488:2"",""2686:2""]","[""fetch"",""multi_object_sequence"",""open_container_then_retrieve"",""relocate""]",False,ood
576,2,check_plate_0_location,state_change,place_plate,"[""1379:0"",""4075:0""]","[""fetch"",""state_change""]",True,ood
576,3,get_missing_item,fetch,fetch_missing_fruit,[],[],False,ood
576,4,place_item_on_table,relocate,place_on_table,[],[],False,ood
577,0,check_table_for_bowl_and_plate,state_change,check_table,"[""1039:0"",""1737:0""]","[""fetch"",""state_change""]",True,ood
577,1,check_if_bowl_is_missing,state_change,fetch_bowl,"[""1488:0"",""2686:0""]","[""fetch"",""state_change""]",True,ood
577,2,check_if_plate_is_missing,state_change,set_plate,"[""7118:0"",""911:0""]","[""fetch"",""state_change""]",True,ood
577,3,deliver_missing_bowl,relocate,fetch_bowl,[],[],False,ood
577,4,deliver_missing_plate,relocate,place_plate,[],[],False,ood
578,0,check_table_for_bowl_and_plate,state_change,check_table,"[""1502:0"",""1663:0""]","[""fetch"",""state_change""]",True,ood
578,1,if_bowl_missing_get_bowl,fetch,fetch_bowl,"[""1488:0"",""2686:0""]","[""fetch"",""state_change""]",True,ood
578,2,if_plate_missing_get_plate,fetch,set_plate,"[""5528:0"",""2966:0""]","[""fetch"",""state_change""]",True,ood
578,3,place_missing_dish_on_table,relocate,place_plate_on_kitchen_island,[],[],False,ood
579,0,observe_kitchen_work_area,,navigate_to_kitchen_island,"[""1484:0""]","[""fetch"",""state_change""]",,ood
579,1,decide_missing_item,,fetch_missing_fruit,"[""1207:1"",""2444:1""]","[""fetch"",""open_container_then_retrieve"",""relocate""]",,ood
579,2,fetch_missing_item,fetch,fetch_missing_fruit,[],[],False,ood
580,0,survey_kitchen_work_area,state_change,navigate_to_kitchen_island,"[""1484:0""]","[""fetch"",""state_change""]",True,ood
580,1,identify_missing_item,,fetch_missing_fruit,"[""1207:1"",""2444:1""]","[""fetch"",""open_container_then_retrieve"",""relocate""]",,ood
580,2,carry_missing_item_to_table,,move_to_table,"[""1210:1"",""2918:1""]","[""relocate""]",,ood
581,0,look_over_table,,inspect_table,"[""1700:0"",""1958:0""]","[""fetch"",""state_change""]",,ood
581,1,check_bowl_0_location,state_change,place_bowl,"[""1488:2"",""2686:2""]","[""fetch"",""multi_object_sequence"",""open_container_then_retrieve"",""relocate""]",False,ood
581,2,check_plate_0_location,state_change,place_plate,"[""1379:0"",""4075:0""]","[""fetch"",""state_change""]",True,ood
581,3,get_missing_item,fetch,fetch_missing_fruit,[],[],False,ood
581,4,place_item_on_table,relocate,place_on_table,[],[],False,ood
582,0,observe_kitchen_work_area,,navigate_to_kitchen_island,"[""1484:0""]","[""fetch"",""state_change""]",,ood
582,1,detect_bowl,,fetch_bowl,"[""1488:0"",""2686:0""]","[""fetch"",""state_change""]",,ood
582,2,detect_plate,,set_plate,"[""7118:0"",""911:0""]","[""fetch"",""state_change""]",,ood
582,3,choose_missing_item,,fetch_missing_fruit,"[""1207:1""]","[""fetch"",""open_container_then_retrieve"",""relocate""]",,ood
582,4,move_to_kitchen_work_area,,move_to_cabinet,[],[],,ood
582,5,pick_missing_item,fetch,fetch_missing_fruit,[],[],False,ood
583,0,check_kitchen_work_area_for_dishes,state_change,place_plate_on_kitchen_island,"[""2240:0"",""1484:1""]","[""fetch"",""relocate"",""state_change""]",True,ood
583,1,check_if_bowl_is_missing,state_change,fetch_bowl,"[""1488:0"",""2686:0""]","[""fetch"",""state_change""]",True,ood
583,2,check_if_plate_is_missing,state_change,set_plate,"[""5528:0"",""2966:0""]","[""fetch"",""state_change""]",True,ood
583,3,get_bowl_from_kitchen_work_area,fetch,place_bowl,[],[],False,ood
583,4,get_plate_from_kitchen_work_area,fetch,place_plate_on_kitchen_island,[],[],False,ood
583,5,place_bowl_on_table,relocate,place_on_table,[],[],False,ood
583,6,place_plate_on_table,relocate,place_on_plate,[],[],False,ood
584,0,survey_kitchen_work_area,state_change,navigate_to_kitchen_island,"[""1484:0""]","[""fetch"",""state_change""]",True,ood
584,1,identify_missing_item,,fetch_missing_fruit,"[""1207:1"",""2444:1""]","[""fetch"",""open_container_then_retrieve"",""relocate""]",,ood
584,2,carry_missing_item_to_table,,move_to_table,"[""1210:1"",""2918:1""]","[""relocate""]",,ood
585,0,observe_table,,inspect_table,"[""1700:0"",""1958:0""]","[""fetch"",""state_change""]",,ood
585,1,observe_kitchen_work_area,,navigate_to_kitchen_island,"[""1484:0""]","[""fetch"",""state_change""]",,ood
585,2,decide_missing_object,,inspect_object,"[""6838:1"",""1367:1""]","[""state_change""]",,ood
585,3,fetch_missing_object,fetch,fetch_object,"[""6411:0""]","[""fetch""]",True,ood
586,0,scan_table,,scan_table,"[""5235:0"",""1209:0""]","[""fetch"",""state_change""]",,ood
586,1,check_bowl_presence,state_change,place_bowl,"[""3697:1"",""6464:1""]","[""multi_object_sequence"",""relocate""]",False,ood
586,2,check_plate_presence,state_change,place_plate,"[""3266:2"",""5679:2""]","[""relocate""]",False,ood
586,3,place_bowl_if_needed,relocate,place_bowl,[],[],False,ood
586,4,place_plate_if_needed,relocate,place_plate,[],[],False,ood
587,0,inspect_kitchen_work_area,state_change,inspect_cabinet,"[""144:0"",""1774:0""]","[""state_change""]",True,ood
587,1,fetch_bowl_1,fetch,fetch_bowl,"[""4764:0"",""1488:0""]","[""fetch"",""state_change""]",True,ood
587,2,place_bowl_1_on_table,relocate,place_bowl,"[""4764:1"",""3697:1""]","[""multi_object_sequence"",""relocate""]",True,ood
587,3,fetch_plate_0,fetch,place_plate,[],[],False,ood
587,4,place_plate_0_on_table,relocate,place_on_plate,[],[],False,ood
588,0,find_non_table_item,fetch,inspect_table,"[""1700:0"",""1958:0""]","[""fetch"",""state_change""]",True,ood
588,1,move_to_non_table_item,,move_to_table,"[""1210:1"",""2918:1""]","[""relocate""]",,ood
588,2,pick_non_table_item,fetch,move_to_table,"[""3979:1""]","[""relocate""]",False,ood
588,3,move_to_table,,move_to_table,[],[],,ood
588,4,place_non_table_item_on_table,relocate,place_on_table,"[""3156:2""]","[""multi_object_sequence"",""relocate""]",True,ood
589,0,look_at_table,,inspect_table,"[""1700:0"",""1958:0""]","[""fetch"",""state_change""]",,ood
589,1,verify_bowl_on_table,,check_table,"[""1039:0"",""1737:0""]","[""fetch"",""state_change""]",,ood
589,2,verify_plate_on_table,,check_table,"[""2239:0"",""6057:0""]","[""fetch"",""state_change""]",,ood
589,3,go_to_kitchen_work_area,,navigate_to_kitchen_island,[],[],,ood
589,4,retrieve_missing_plate,fetch,set_plate,[],[],False,ood
589,5,place_plate_on_table,relocate,place_on_plate,[],[],False,ood
590,0,glance_at_table,,inspect_table,"[""1633:0"",""2098:0""]","[""fetch"",""state_change""]",,ood
590,1,confirm_one_bowl_and_one_plate,,place_bowl,"[""1488:2"",""2686:2""]","[""fetch"",""multi_object_sequence"",""open_container_then_retrieve"",""relocate""]",,ood
590,2,fetch_absent_dish,fetch,fetch_bowl,"[""1488:0"",""2686:0""]","[""fetch"",""state_change""]",True,ood
591,0,inspect_table,state_change,inspect_table,"[""1700:0"",""1958:0""]","[""fetch"",""state_change""]",True,ood
591,1,fetch_bowl_0,fetch,fetch_bowl,"[""4764:0"",""1488:0""]","[""fetch"",""state_change""]",True,ood
591,2,place_bowl_0_on_table,relocate,place_bowl,"[""4764:1"",""1488:2""]","[""fetch"",""multi_object_sequence"",""open_container_then_retrieve"",""relocate""]",True,ood
591,3,fetch_plate_0,fetch,place_plate,[],[],False,ood
591,4,place_plate_0_on_table,relocate,place_on_plate,[],[],False,ood
592,0,check_table_for_bowl_and_plate,state_change,check_table,"[""1039:0"",""1737:0""]","[""fetch"",""state_change""]",True,ood
592,1,check_if_bowl_is_missing,state_change,fetch_bowl,"[""1488:0"",""2686:0""]","[""fetch"",""state_change""]",True,ood
592,2,check_if_plate_is_missing,state_change,set_plate,"[""7118:0"",""911:0""]","[""fetch"",""state_change""]",True,ood
592,3,deliver_missing_bowl,relocate,fetch_bowl,[],[],False,ood
592,4,deliver_missing_plate,relocate,place_plate,[],[],False,ood
593,0,scan_table,,scan_table,"[""5235:0"",""1209:0""]","[""fetch"",""state_change""]",,ood
593,1,check_for_bowl,state_change,fetch_bowl,"[""4764:0"",""1488:0""]","[""fetch"",""state_change""]",True,ood
593,2,check_for_plate,state_change,set_plate,"[""7118:0"",""911:0""]","[""fetch"",""state_change""]",True,ood
593,3,place_bowl_on_table,relocate,place_on_table,[],[],False,ood
593,4,place_plate_on_table,relocate,place_on_plate,[],[],False,ood
594,0,scan_table,,scan_table,"[""5235:0"",""1209:0""]","[""fetch"",""state_change""]",,ood
594,1,check_for_bowl,state_change,fetch_bowl,"[""4764:0"",""1488:0""]","[""fetch"",""state_change""]",True,ood
594,2,check_for_plate,state_change,set_plate,"[""7118:0"",""911:0""]","[""fetch"",""state_change""]",True,ood
594,3,place_bowl_on_table,relocate,place_on_table,[],[],False,ood
594,4,place_plate_on_table,relocate,place_on_plate,[],[],False,ood
595,0,survey_table,state_change,survey_table,"[""1173:0"",""2647:0""]","[""fetch"",""state_change""]",True,ood
595,1,identify_missing_item,,fetch_missing_fruit,"[""1207:1"",""2444:1""]","[""fetch"",""open_container_then_retrieve"",""relocate""]",,ood
595,2,carry_missing_item_to_table,,move_to_table,"[""1210:1"",""2918:1""]","[""relocate""]",,ood
596,0,examine_kitchen_work_area,,navigate_to_kitchen_island,"[""1484:0""]","[""fetch"",""state_change""]",,ood
596,1,find_single_dish,fetch,fetch_bowl,"[""4764:0"",""1488:0""]","[""fetch"",""state_change""]",True,ood
596,2,supply_missing_dish,,fetch_bowl,"[""2686:0""]","[""fetch"",""state_change""]",,ood
597,0,glance_at_table,,inspect_table,"[""1633:0"",""2098:0""]","[""fetch"",""state_change""]",,ood
597,1,confirm_one_bowl_and_one_plate,,place_bowl,"[""1488:2"",""2686:2""]","[""fetch"",""multi_object_sequence"",""open_container_then_retrieve"",""relocate""]",,ood
597,2,fetch_absent_dish,fetch,fetch_bowl,"[""1488:0"",""2686:0""]","[""fetch"",""state_change""]",True,ood
598,0,check_kitchen_work_area_for_dishes,state_change,place_plate_on_kitchen_island,"[""2240:0"",""1484:1""]","[""fetch"",""relocate"",""state_change""]",True,ood
598,1,check_if_bowl_is_missing,state_change,fetch_bowl,"[""1488:0"",""2686:0""]","[""fetch"",""state_change""]",True,ood
598,2,check_if_plate_is_missing,state_change,set_plate,"[""5528:0"",""2966:0""]","[""fetch"",""state_change""]",True,ood
598,3,get_bowl_from_kitchen_work_area,fetch,place_bowl,[],[],False,ood
598,4,get_plate_from_kitchen_work_area,fetch,place_plate_on_kitchen_island,[],[],False,ood
598,5,place_bowl_on_table,relocate,place_on_table,[],[],False,ood
598,6,place_plate_on_table,relocate,place_on_plate,[],[],False,ood
599,0,scan_kitchen_work_area,,scan_table,"[""5235:0"",""1209:0""]","[""fetch"",""state_change""]",,ood
599,1,check_for_bowl_0,state_change,fetch_bowl,"[""4764:0"",""1488:0""]","[""fetch"",""state_change""]",True,ood
599,2,check_for_plate_0,state_change,place_plate,"[""3266:2"",""5679:2""]","[""relocate""]",False,ood
599,3,place_bowl_0_if_missing,relocate,place_bowl,[],[],False,ood
599,4,place_plate_0_if_missing,relocate,place_plate,[],[],False,ood
600,0,check_kitchen_work_area_for_dishes,state_change,place_plate_on_kitchen_island,"[""2240:0"",""1484:1""]","[""fetch"",""relocate"",""state_change""]",True,ood
600,1,check_if_bowl_is_missing,state_change,fetch_bowl,"[""1488:0"",""2686:0""]","[""fetch"",""state_change""]",True,ood
600,2,check_if_plate_is_missing,state_change,set_plate,"[""5528:0"",""2966:0""]","[""fetch"",""state_change""]",True,ood
600,3,get_bowl_from_kitchen_work_area,fetch,place_bowl,[],[],False,ood
600,4,get_plate_from_kitchen_work_area,fetch,place_plate_on_kitchen_island,[],[],False,ood
600,5,place_bowl_on_table,relocate,place_on_table,[],[],False,ood
600,6,place_plate_on_table,relocate,place_on_plate,[],[],False,ood
601,0,examine_table,,inspect_table,"[""1700:0"",""1958:0""]","[""fetch"",""state_change""]",,ood
601,1,find_single_dish,fetch,fetch_bowl,"[""4764:0"",""1488:0""]","[""fetch"",""state_change""]",True,ood
601,2,supply_other_dish,,place_on_plate,"[""5169:2""]","[""relocate""]",,ood
601,3,position_both_dishes,,place_plate_on_kitchen_island,"[""1484:1""]","[""relocate""]",,ood
602,0,examine_table,,inspect_table,"[""1700:0"",""1958:0""]","[""fetch"",""state_change""]",,ood
602,1,find_single_dish,fetch,fetch_bowl,"[""4764:0"",""1488:0""]","[""fetch"",""state_change""]",True,ood
602,2,supply_missing_dish,,fetch_bowl,"[""2686:0""]","[""fetch"",""state_change""]",,ood
602,3,position_bowl_and_plate,,place_on_plate,"[""5169:2""]","[""relocate""]",,ood
603,0,check_table_for_bowl_0,state_change,check_table,"[""1039:0"",""1737:0""]","[""fetch"",""state_change""]",True,ood
603,1,check_table_for_plate_0,state_change,check_table,"[""2239:0"",""6057:0""]","[""fetch"",""state_change""]",True,ood
603,2,deliver_bowl_0_if_missing,relocate,fetch_bowl,"[""1488:0"",""2686:0""]","[""fetch"",""state_change""]",False,ood
603,3,deliver_plate_0_if_missing,relocate,place_plate,[],[],False,ood
604,0,glance_at_table,,inspect_table,"[""1633:0"",""2098:0""]","[""fetch"",""state_change""]",,ood
604,1,confirm_one_bowl_and_one_plate,,place_bowl,"[""2501:1"",""1488:2""]","[""fetch"",""multi_object_sequence"",""open_container_then_retrieve"",""relocate""]",,ood
604,2,fetch_absent_dish,fetch,fetch_bowl,"[""1488:0"",""2686:0""]","[""fetch"",""state_change""]",True,ood
605,0,scan_table,,scan_table,"[""5235:0"",""1209:0""]","[""fetch"",""state_change""]",,ood
605,1,check_bowl_presence,state_change,place_bowl,"[""3697:1"",""6464:1""]","[""multi_object_sequence"",""relocate""]",False,ood
605,2,check_plate_presence,state_change,place_plate,"[""3266:2"",""5679:2""]","[""relocate""]",False,ood
605,3,place_bowl_if_needed,relocate,place_bowl,[],[],False,ood
605,4,place_plate_if_needed,relocate,place_plate,[],[],False,ood
606,0,examine_table,,inspect_table,"[""1700:0"",""1958:0""]","[""fetch"",""state_change""]",,ood
606,1,find_single_dish,fetch,fetch_bowl,"[""4764:0"",""1488:0""]","[""fetch"",""state_change""]",True,ood
606,2,supply_missing_dish,,fetch_bowl,"[""2686:0""]","[""fetch"",""state_change""]",,ood
606,3,position_both_dishes,,place_plate_on_kitchen_island,"[""1484:1""]","[""relocate""]",,ood
607,0,find_non_table_item,fetch,inspect_table,"[""1700:0"",""1958:0""]","[""fetch"",""state_change""]",True,ood
607,1,move_to_non_table_item,,move_to_table,"[""1210:1"",""2918:1""]","[""relocate""]",,ood
607,2,pick_non_table_item,fetch,move_to_table,"[""3979:1""]","[""relocate""]",False,ood
607,3,move_to_table,,move_to_table,[],[],,ood
607,4,place_non_table_item_on_table,relocate,place_on_table,"[""3156:2""]","[""multi_object_sequence"",""relocate""]",True,ood
608,0,examine_kitchen_work_area,,navigate_to_kitchen_island,"[""1484:0""]","[""fetch"",""state_change""]",,ood
608,1,find_single_dish,fetch,fetch_bowl,"[""4764:0"",""1488:0""]","[""fetch"",""state_change""]",True,ood
608,2,supply_missing_dish,,fetch_bowl,"[""2686:0""]","[""fetch"",""state_change""]",,ood
609,0,observe_table,,inspect_table,"[""1700:0"",""1958:0""]","[""fetch"",""state_change""]",,ood
609,1,observe_kitchen_work_area,,navigate_to_kitchen_island,"[""1484:0""]","[""fetch"",""state_change""]",,ood
609,2,pick_bowl_0,fetch,fetch_bowl,"[""1488:0"",""2686:0""]","[""fetch"",""state_change""]",True,ood
609,3,pick_plate_0,fetch,place_plate,"[""3266:2""]","[""relocate""]",False,ood
610,0,observe_table,,inspect_table,"[""1700:0"",""1958:0""]","[""fetch"",""state_change""]",,ood
610,1,observe_kitchen_work_area,,navigate_to_kitchen_island,"[""1484:0""]","[""fetch"",""state_change""]",,ood
610,2,decide_missing_object,,inspect_object,"[""6838:1"",""1367:1""]","[""state_change""]",,ood
610,3,fetch_missing_object,fetch,fetch_object,"[""6411:0""]","[""fetch""]",True,ood
611,0,check_table_for_bowl_and_plate,state_change,check_table,"[""1039:0"",""1737:0""]","[""fetch"",""state_change""]",True,ood
611,1,check_if_bowl_is_missing,state_change,fetch_bowl,"[""1488:0"",""2686:0""]","[""fetch"",""state_change""]",True,ood
611,2,check_if_plate_is_missing,state_change,set_plate,"[""7118:0"",""911:0""]","[""fetch"",""state_change""]",True,ood
611,3,deliver_missing_bowl,relocate,fetch_bowl,[],[],False,ood
611,4,deliver_missing_plate,relocate,place_plate,[],[],False,ood
612,0,check_table_for_bowl_and_plate,state_change,check_table,"[""1502:0"",""1663:0""]","[""fetch"",""state_change""]",True,ood
612,1,if_bowl_missing_get_bowl,fetch,fetch_bowl,"[""1488:0"",""2686:0""]","[""fetch"",""state_change""]",True,ood
612,2,if_plate_missing_get_plate,fetch,set_plate,"[""5528:0"",""2966:0""]","[""fetch"",""state_change""]",True,ood
612,3,place_missing_dish_on_table,relocate,place_plate_on_kitchen_island,[],[],False,ood
613,0,check_kitchen_work_area_for_dishes,state_change,place_plate_on_kitchen_island,"[""2240:0"",""1484:1""]","[""fetch"",""relocate"",""state_change""]",True,ood
613,1,check_if_bowl_is_missing,state_change,fetch_bowl,"[""1488:0"",""2686:0""]","[""fetch"",""state_change""]",True,ood
613,2,check_if_plate_is_missing,state_change,set_plate,"[""5528:0"",""2966:0""]","[""fetch"",""state_change""]",True,ood
613,3,get_bowl_from_kitchen_work_area,fetch,place_bowl,[],[],False,ood
613,4,get_plate_from_kitchen_work_area,fetch,place_plate_on_kitchen_island,[],[],False,ood
613,5,place_bowl_on_table,relocate,place_on_table,[],[],False,ood
613,6,place_plate_on_table,relocate,place_on_plate,[],[],False,ood
614,0,inspect_table,state_change,inspect_table,"[""1700:0"",""1958:0""]","[""fetch"",""state_change""]",True,ood
614,1,fetch_bowl_0,fetch,fetch_bowl,"[""4764:0"",""1488:0""]","[""fetch"",""state_change""]",True,ood
614,2,place_bowl_0_on_table,relocate,place_bowl,"[""4764:1"",""1488:2""]","[""fetch"",""multi_object_sequence"",""open_container_then_retrieve"",""relocate""]",True,ood
614,3,fetch_plate_0,fetch,place_plate,[],[],False,ood
614,4,place_plate_0_on_table,relocate,place_on_plate,[],[],False,ood
615,0,scan_table,,scan_table,"[""5235:0"",""1209:0""]","[""fetch"",""state_change""]",,ood
615,1,check_for_bowl,state_change,fetch_bowl,"[""4764:0"",""1488:0""]","[""fetch"",""state_change""]",True,ood
615,2,check_for_plate,state_change,set_plate,"[""7118:0"",""911:0""]","[""fetch"",""state_change""]",True,ood
615,3,place_bowl_on_table,relocate,place_on_table,[],[],False,ood
615,4,place_plate_on_table,relocate,place_on_plate,[],[],False,ood
616,0,check_table_for_bowl_and_plate,state_change,check_table,"[""1502:0"",""1663:0""]","[""fetch"",""state_change""]",True,ood
616,1,if_bowl_missing_get_bowl,fetch,fetch_bowl,"[""1488:0"",""2686:0""]","[""fetch"",""state_change""]",True,ood
616,2,if_plate_missing_get_plate,fetch,set_plate,"[""5528:0"",""2966:0""]","[""fetch"",""state_change""]",True,ood
616,3,place_missing_dish_on_table,relocate,place_plate_on_kitchen_island,[],[],False,ood
617,0,scan_table,,scan_table,"[""5235:0"",""1209:0""]","[""fetch"",""state_change""]",,ood
617,1,check_for_bowl,state_change,fetch_bowl,"[""4764:0"",""1488:0""]","[""fetch"",""state_change""]",True,ood
617,2,check_for_plate,state_change,set_plate,"[""7118:0"",""911:0""]","[""fetch"",""state_change""]",True,ood
617,3,place_bowl_on_table,relocate,place_on_table,[],[],False,ood
617,4,place_plate_on_table,relocate,place_on_plate,[],[],False,ood
618,0,check_kitchen_work_area,state_change,navigate_to_kitchen_island,"[""1484:0""]","[""fetch"",""state_change""]",True,ood
618,1,check_for_bowl,state_change,fetch_bowl,"[""1488:0"",""2686:0""]","[""fetch"",""state_change""]",True,ood
618,2,check_for_plate,state_change,set_plate,"[""7118:0"",""911:0""]","[""fetch"",""state_change""]",True,ood
618,3,deliver_missing_bowl,relocate,fetch_bowl,"[""4764:0""]","[""fetch"",""state_change""]",False,ood
618,4,deliver_missing_plate,relocate,place_plate,[],[],False,ood
619,0,check_table_for_bowl_and_plate,state_change,check_table,"[""1039:0"",""1737:0""]","[""fetch"",""state_change""]",True,ood
619,1,check_if_bowl_is_missing,state_change,fetch_bowl,"[""1488:0"",""2686:0""]","[""fetch"",""state_change""]",True,ood
619,2,check_if_plate_is_missing,state_change,set_plate,"[""7118:0"",""911:0""]","[""fetch"",""state_change""]",True,ood
619,3,deliver_missing_bowl,relocate,fetch_bowl,[],[],False,ood
619,4,deliver_missing_plate,relocate,place_plate,[],[],False,ood
620,0,glance_at_table,,inspect_table,"[""1633:0"",""2098:0""]","[""fetch"",""state_change""]",,ood
620,1,confirm_one_bowl_and_one_plate,,place_bowl,"[""2501:1"",""1488:2""]","[""fetch"",""multi_object_sequence"",""open_container_then_retrieve"",""relocate""]",,ood
620,2,fetch_absent_dish,fetch,fetch_bowl,"[""1488:0"",""2686:0""]","[""fetch"",""state_change""]",True,ood
621,0,find_non_table_item,fetch,inspect_table,"[""1700:0"",""1958:0""]","[""fetch"",""state_change""]",True,ood
621,1,move_to_non_table_item,,move_to_table,"[""1210:1"",""2918:1""]","[""relocate""]",,ood
621,2,pick_non_table_item,fetch,move_to_table,"[""3979:1""]","[""relocate""]",False,ood
621,3,move_to_table,,move_to_table,[],[],,ood
621,4,place_non_table_item_on_table,relocate,place_on_table,"[""3156:2""]","[""multi_object_sequence"",""relocate""]",True,ood
622,0,scan_table,,scan_table,"[""5235:0"",""1209:0""]","[""fetch"",""state_change""]",,ood
622,1,check_for_bowl,state_change,fetch_bowl,"[""4764:0"",""1488:0""]","[""fetch"",""state_change""]",True,ood
622,2,check_for_plate,state_change,set_plate,"[""7118:0"",""911:0""]","[""fetch"",""state_change""]",True,ood
622,3,place_bowl_on_table,relocate,place_on_table,[],[],False,ood
622,4,place_plate_on_table,relocate,place_on_plate,[],[],False,ood
623,0,glance_at_table,,inspect_table,"[""1633:0"",""2098:0""]","[""fetch"",""state_change""]",,ood
623,1,confirm_one_bowl_and_one_plate,,place_bowl,"[""1488:2"",""2686:2""]","[""fetch"",""multi_object_sequence"",""open_container_then_retrieve"",""relocate""]",,ood
623,2,fetch_absent_dish,fetch,fetch_bowl,"[""1488:0"",""2686:0""]","[""fetch"",""state_change""]",True,ood
624,0,scan_table,,scan_table,"[""5235:0"",""1209:0""]","[""fetch"",""state_change""]",,ood
624,1,check_for_bowl,state_change,fetch_bowl,"[""4764:0"",""1488:0""]","[""fetch"",""state_change""]",True,ood
624,2,check_for_plate,state_change,set_plate,"[""7118:0"",""911:0""]","[""fetch"",""state_change""]",True,ood
624,3,place_bowl_on_table,relocate,place_on_table,[],[],False,ood
624,4,place_plate_on_table,relocate,place_on_plate,[],[],False,ood
625,0,survey_table,state_change,survey_table,"[""1173:0"",""2647:0""]","[""fetch"",""state_change""]",True,ood
625,1,identify_missing_item,,fetch_missing_fruit,"[""1207:1"",""2444:1""]","[""fetch"",""open_container_then_retrieve"",""relocate""]",,ood
625,2,carry_missing_item_to_table,,move_to_table,"[""1210:1"",""2918:1""]","[""relocate""]",,ood
626,0,examine_table,,inspect_table,"[""1700:0"",""1958:0""]","[""fetch"",""state_change""]",,ood
626,1,find_single_dish,fetch,fetch_bowl,"[""4764:0"",""1488:0""]","[""fetch"",""state_change""]",True,ood
626,2,supply_other_dish,,place_on_plate,"[""5169:2""]","[""relocate""]",,ood
626,3,position_both_dishes,,place_plate_on_kitchen_island,"[""1484:1""]","[""relocate""]",,ood
627,0,survey_kitchen_work_area,state_change,navigate_to_kitchen_island,"[""1484:0""]","[""fetch"",""state_change""]",True,ood
627,1,identify_missing_item,,fetch_missing_fruit,"[""1207:1"",""2444:1""]","[""fetch"",""open_container_then_retrieve"",""relocate""]",,ood
627,2,carry_missing_item_to_table,,move_to_table,"[""1210:1"",""2918:1""]","[""relocate""]",,ood
628,0,inspect_kitchen_work_area,state_change,inspect_cabinet,"[""144:0"",""1774:0""]","[""state_change""]",True,ood
628,1,fetch_bowl_1,fetch,fetch_bowl,"[""4764:0"",""1488:0""]","[""fetch"",""state_change""]",True,ood
628,2,place_bowl_1_on_table,relocate,place_bowl,"[""4764:1"",""3697:1""]","[""multi_object_sequence"",""relocate""]",True,ood
628,3,fetch_plate_0,fetch,place_plate,[],[],False,ood
628,4,place_plate_0_on_table,relocate,place_on_plate,[],[],False,ood
629,0,check_table_for_bowl_and_plate,state_change,check_table,"[""1502:0"",""1663:0""]","[""fetch"",""state_change""]",True,ood
629,1,if_bowl_missing_get_bowl,fetch,fetch_bowl,"[""1488:0"",""2686:0""]","[""fetch"",""state_change""]",True,ood
629,2,if_plate_missing_get_plate,fetch,set_plate,"[""5528:0"",""2966:0""]","[""fetch"",""state_change""]",True,ood
629,3,place_missing_dish_on_table,relocate,place_plate_on_kitchen_island,[],[],False,ood
630,0,examine_table,,inspect_table,"[""1700:0"",""1958:0""]","[""fetch"",""state_change""]",,ood
630,1,find_single_dish,fetch,fetch_bowl,"[""4764:0"",""1488:0""]","[""fetch"",""state_change""]",True,ood
630,2,supply_other_dish,,place_on_plate,"[""5169:2""]","[""relocate""]",,ood
630,3,position_both_dishes,,place_plate_on_kitchen_island,"[""1484:1""]","[""relocate""]",,ood
631,0,survey_table,state_change,survey_table,"[""1173:0"",""2647:0""]","[""fetch"",""state_change""]",True,ood
631,1,identify_missing_item,,fetch_missing_fruit,"[""1207:1"",""2444:1""]","[""fetch"",""open_container_then_retrieve"",""relocate""]",,ood
631,2,carry_missing_item_to_table,,move_to_table,"[""1210:1"",""2918:1""]","[""relocate""]",,ood
632,0,find_non_table_item,fetch,inspect_table,"[""1700:0"",""1958:0""]","[""fetch"",""state_change""]",True,ood
632,1,move_to_non_table_item,,move_to_table,"[""1210:1"",""2918:1""]","[""relocate""]",,ood
632,2,pick_non_table_item,fetch,move_to_table,"[""3979:1""]","[""relocate""]",False,ood
632,3,move_to_table,,move_to_table,[],[],,ood
632,4,place_non_table_item_on_table,relocate,place_on_table,"[""3156:2""]","[""multi_object_sequence"",""relocate""]",True,ood
633,0,survey_kitchen_work_area,state_change,navigate_to_kitchen_island,"[""1484:0""]","[""fetch"",""state_change""]",True,ood
633,1,identify_missing_item,,fetch_missing_fruit,"[""1207:1"",""2444:1""]","[""fetch"",""open_container_then_retrieve"",""relocate""]",,ood
633,2,carry_missing_item_to_table,,move_to_table,"[""1210:1"",""2918:1""]","[""relocate""]",,ood
634,0,look_for_bowl_0_on_table,,fetch_bowl,"[""4764:0"",""1488:0""]","[""fetch"",""state_change""]",,ood
634,1,look_for_plate_0_on_table,,place_on_plate,"[""5169:2""]","[""relocate""]",,ood
634,2,retrieve_missing_bowl_or_plate,fetch,fetch_bowl,"[""2686:0""]","[""fetch"",""state_change""]",True,ood
635,0,observe_kitchen_work_area,,navigate_to_kitchen_island,"[""1484:0""]","[""fetch"",""state_change""]",,ood
635,1,detect_bowl,,fetch_bowl,"[""1488:0"",""2686:0""]","[""fetch"",""state_change""]",,ood
635,2,detect_plate,,set_plate,"[""7118:0"",""911:0""]","[""fetch"",""state_change""]",,ood
635,3,choose_missing_item,,fetch_missing_fruit,"[""1207:1""]","[""fetch"",""open_container_then_retrieve"",""relocate""]",,ood
635,4,move_to_kitchen_work_area,,move_to_cabinet,[],[],,ood
635,5,pick_missing_item,fetch,fetch_missing_fruit,[],[],False,ood
636,0,scan_kitchen_work_area,,scan_table,"[""5235:0"",""1209:0""]","[""fetch"",""state_change""]",,ood
636,1,check_for_bowl_0,state_change,fetch_bowl,"[""4764:0"",""1488:0""]","[""fetch"",""state_change""]",True,ood
636,2,check_for_plate_0,state_change,place_plate,"[""3266:2"",""5679:2""]","[""relocate""]",False,ood
636,3,place_bowl_0_if_missing,relocate,place_bowl,[],[],False,ood
636,4,place_plate_0_if_missing,relocate,place_plate,[],[],False,ood
637,0,observe_kitchen_work_area,,navigate_to_kitchen_island,"[""1484:0""]","[""fetch"",""state_change""]",,ood
637,1,decide_missing_item,,fetch_missing_fruit,"[""1207:1"",""2444:1""]","[""fetch"",""open_container_then_retrieve"",""relocate""]",,ood
637,2,fetch_missing_item,fetch,fetch_missing_fruit,[],[],False,ood
638,0,find_non_table_item,fetch,inspect_table,"[""1700:0"",""1958:0""]","[""fetch"",""state_change""]",True,ood
638,1,move_to_non_table_item,,move_to_table,"[""1210:1"",""2918:1""]","[""relocate""]",,ood
638,2,pick_non_table_item,fetch,move_to_table,"[""3979:1""]","[""relocate""]",False,ood
638,3,move_to_table,,move_to_table,[],[],,ood
638,4,place_non_table_item_on_table,relocate,place_on_table,"[""3156:2""]","[""multi_object_sequence"",""relocate""]",True,ood
639,0,look_for_bowl_0_on_table,,fetch_bowl,"[""4764:0"",""1488:0""]","[""fetch"",""state_change""]",,ood
639,1,look_for_plate_0_on_table,,place_on_plate,"[""5169:2""]","[""relocate""]",,ood
639,2,retrieve_bowl_0_if_missing,fetch,fetch_bowl,"[""2686:0""]","[""fetch"",""state_change""]",True,ood
639,3,retrieve_plate_0_if_missing,fetch,set_plate,"[""5528:0"",""2966:0""]","[""fetch"",""state_change""]",True,ood
639,4,place_bowl_0_on_table_if_missing,relocate,place_bowl,[],[],False,ood
639,5,place_plate_0_on_table_if_missing,relocate,place_on_plate,[],[],False,ood
640,0,check_table_for_bowl_and_plate,state_change,check_table,"[""1502:0"",""1663:0""]","[""fetch"",""state_change""]",True,ood
640,1,if_bowl_missing_get_bowl,fetch,fetch_bowl,"[""1488:0"",""2686:0""]","[""fetch"",""state_change""]",True,ood
640,2,if_plate_missing_get_plate,fetch,set_plate,"[""5528:0"",""2966:0""]","[""fetch"",""state_change""]",True,ood
640,3,place_missing_dish_on_table,relocate,place_plate_on_kitchen_island,[],[],False,ood
641,0,observe_table,,inspect_table,"[""1700:0"",""1958:0""]","[""fetch"",""state_change""]",,ood
641,1,observe_kitchen_work_area,,navigate_to_kitchen_island,"[""1484:0""]","[""fetch"",""state_change""]",,ood
641,2,pick_bowl_0,fetch,fetch_bowl,"[""1488:0"",""2686:0""]","[""fetch"",""state_change""]",True,ood
641,3,pick_plate_0,fetch,place_plate,"[""3266:2""]","[""relocate""]",False,ood
642,0,look_for_bowl_0_on_table,,fetch_bowl,"[""4764:0"",""1488:0""]","[""fetch"",""state_change""]",,ood
642,1,look_for_plate_0_on_table,,place_on_plate,"[""5169:2""]","[""relocate""]",,ood
642,2,retrieve_bowl_0_if_missing,fetch,fetch_bowl,"[""2686:0""]","[""fetch"",""state_change""]",True,ood
642,3,retrieve_plate_0_if_missing,fetch,set_plate,"[""5528:0"",""2966:0""]","[""fetch"",""state_change""]",True,ood
643,0,observe_kitchen_work_area,,navigate_to_kitchen_island,"[""1484:0""]","[""fetch"",""state_change""]",,ood
643,1,decide_missing_item,,fetch_missing_fruit,"[""1207:1"",""2444:1""]","[""fetch"",""open_container_then_retrieve"",""relocate""]",,ood
643,2,fetch_missing_item,fetch,fetch_missing_fruit,[],[],False,ood
644,0,check_table_for_bowl_0,state_change,check_table,"[""1039:0"",""1737:0""]","[""fetch"",""state_change""]",True,ood
644,1,check_table_for_plate_0,state_change,check_table,"[""2239:0"",""6057:0""]","[""fetch"",""state_change""]",True,ood
644,2,deliver_bowl_0_if_missing,relocate,fetch_bowl,"[""1488:0"",""2686:0""]","[""fetch"",""state_change""]",False,ood
644,3,deliver_plate_0_if_missing,relocate,place_plate,[],[],False,ood
645,0,survey_kitchen_work_area,state_change,navigate_to_kitchen_island,"[""1484:0""]","[""fetch"",""state_change""]",True,ood
645,1,identify_missing_item,,fetch_missing_fruit,"[""1207:1"",""2444:1""]","[""fetch"",""open_container_then_retrieve"",""relocate""]",,ood
645,2,carry_missing_item_to_table,,move_to_table,"[""1210:1"",""2918:1""]","[""relocate""]",,ood
646,0,glance_at_table,,inspect_table,"[""1633:0"",""2098:0""]","[""fetch"",""state_change""]",,ood
646,1,confirm_one_bowl_and_one_plate,,place_bowl,"[""1488:2"",""2686:2""]","[""fetch"",""multi_object_sequence"",""open_container_then_retrieve"",""relocate""]",,ood
646,2,fetch_absent_dish,fetch,fetch_bowl,"[""1488:0"",""2686:0""]","[""fetch"",""state_change""]",True,ood
647,0,examine_table,,inspect_table,"[""1700:0"",""1958:0""]","[""fetch"",""state_change""]",,ood
647,1,find_single_dish,fetch,fetch_bowl,"[""4764:0"",""1488:0""]","[""fetch"",""state_change""]",True,ood
647,2,supply_missing_dish,,fetch_bowl,"[""2686:0""]","[""fetch"",""state_change""]",,ood
647,3,position_both_dishes,,place_plate_on_kitchen_island,"[""1484:1""]","[""relocate""]",,ood
648,0,inspect_table,state_change,inspect_table,"[""1700:0"",""1958:0""]","[""fetch"",""state_change""]",True,ood
648,1,fetch_bowl_0,fetch,fetch_bowl,"[""4764:0"",""1488:0""]","[""fetch"",""state_change""]",True,ood
648,2,place_bowl_0_on_table,relocate,place_bowl,"[""4764:1"",""1488:2""]","[""fetch"",""multi_object_sequence"",""open_container_then_retrieve"",""relocate""]",True,ood
648,3,fetch_plate_0,fetch,place_plate,[],[],False,ood
648,4,place_plate_0_on_table,relocate,place_on_plate,[],[],False,ood
649,0,examine_table,,inspect_table,"[""1700:0"",""1958:0""]","[""fetch"",""state_change""]",,ood
649,1,find_single_dish,fetch,fetch_bowl,"[""4764:0"",""1488:0""]","[""fetch"",""state_change""]",True,ood
649,2,supply_missing_dish,,fetch_bowl,"[""2686:0""]","[""fetch"",""state_change""]",,ood
649,3,position_both_dishes,,place_plate_on_kitchen_island,"[""1484:1""]","[""relocate""]",,ood
650,0,scan_table,,scan_table,"[""5235:0"",""1209:0""]","[""fetch"",""state_change""]",,ood
650,1,check_bowl_presence,state_change,place_bowl,"[""3697:1"",""6464:1""]","[""multi_object_sequence"",""relocate""]",False,ood
650,2,check_plate_presence,state_change,place_plate,"[""3266:2"",""5679:2""]","[""relocate""]",False,ood
650,3,place_bowl_if_needed,relocate,place_bowl,[],[],False,ood
650,4,place_plate_if_needed,relocate,place_plate,[],[],False,ood
651,0,examine_kitchen_work_area,,navigate_to_kitchen_island,"[""1484:0""]","[""fetch"",""state_change""]",,ood
651,1,find_single_dish,fetch,fetch_bowl,"[""4764:0"",""1488:0""]","[""fetch"",""state_change""]",True,ood
651,2,supply_missing_dish,,fetch_bowl,"[""2686:0""]","[""fetch"",""state_change""]",,ood
652,0,observe_kitchen_work_area,,navigate_to_kitchen_island,"[""1484:0""]","[""fetch"",""state_change""]",,ood
652,1,decide_missing_item,,fetch_missing_fruit,"[""1207:1"",""2444:1""]","[""fetch"",""open_container_then_retrieve"",""relocate""]",,ood
652,2,fetch_missing_item,fetch,fetch_missing_fruit,[],[],False,ood
653,0,find_non_table_item,fetch,inspect_table,"[""1700:0"",""1958:0""]","[""fetch"",""state_change""]",True,ood
653,1,move_to_non_table_item,,move_to_table,"[""1210:1"",""2918:1""]","[""relocate""]",,ood
653,2,pick_non_table_item,fetch,move_to_table,"[""3979:1""]","[""relocate""]",False,ood
653,3,move_to_table,,move_to_table,[],[],,ood
653,4,place_non_table_item_on_table,relocate,place_on_table,"[""3156:2""]","[""multi_object_sequence"",""relocate""]",True,ood
654,0,check_table_for_bowl_and_plate,state_change,check_table,"[""1502:0"",""1663:0""]","[""fetch"",""state_change""]",True,ood
654,1,if_bowl_missing_get_bowl,fetch,fetch_bowl,"[""1488:0"",""2686:0""]","[""fetch"",""state_change""]",True,ood
654,2,if_plate_missing_get_plate,fetch,set_plate,"[""5528:0"",""2966:0""]","[""fetch"",""state_change""]",True,ood
654,3,place_missing_dish_on_table,relocate,place_plate_on_kitchen_island,[],[],False,ood
655,0,inspect_table,state_change,inspect_table,"[""1700:0"",""1958:0""]","[""fetch"",""state_change""]",True,ood
655,1,fetch_bowl_0,fetch,fetch_bowl,"[""4764:0"",""1488:0""]","[""fetch"",""state_change""]",True,ood
655,2,place_bowl_0_on_table,relocate,place_bowl,"[""4764:1"",""1488:2""]","[""fetch"",""multi_object_sequence"",""open_container_then_retrieve"",""relocate""]",True,ood
655,3,fetch_plate_0,fetch,place_plate,[],[],False,ood
655,4,place_plate_0_on_table,relocate,place_on_plate,[],[],False,ood
656,0,survey_table,state_change,survey_table,"[""1173:0"",""2647:0""]","[""fetch"",""state_change""]",True,ood
656,1,identify_missing_item,,fetch_missing_fruit,"[""1207:1"",""2444:1""]","[""fetch"",""open_container_then_retrieve"",""relocate""]",,ood
656,2,carry_missing_item_to_table,,move_to_table,"[""1210:1"",""2918:1""]","[""relocate""]",,ood
657,0,scan_table,,scan_table,"[""5235:0"",""1209:0""]","[""fetch"",""state_change""]",,ood
657,1,check_bowl_presence,state_change,place_bowl,"[""3697:1"",""6464:1""]","[""multi_object_sequence"",""relocate""]",False,ood
657,2,check_plate_presence,state_change,place_plate,"[""3266:2"",""5679:2""]","[""relocate""]",False,ood
657,3,place_bowl_if_needed,relocate,place_bowl,[],[],False,ood
657,4,place_plate_if_needed,relocate,place_plate,[],[],False,ood
658,0,check_kitchen_work_area_for_dishes,state_change,place_plate_on_kitchen_island,"[""2240:0"",""1484:1""]","[""fetch"",""relocate"",""state_change""]",True,ood
658,1,check_if_bowl_is_missing,state_change,fetch_bowl,"[""1488:0"",""2686:0""]","[""fetch"",""state_change""]",True,ood
658,2,check_if_plate_is_missing,state_change,set_plate,"[""5528:0"",""2966:0""]","[""fetch"",""state_change""]",True,ood
658,3,get_bowl_from_kitchen_work_area,fetch,place_bowl,[],[],False,ood
658,4,get_plate_from_kitchen_work_area,fetch,place_plate_on_kitchen_island,[],[],False,ood
658,5,place_bowl_on_table,relocate,place_on_table,[],[],False,ood
658,6,place_plate_on_table,relocate,place_on_plate,[],[],False,ood
659,0,look_at_table,,inspect_table,"[""1700:0"",""1958:0""]","[""fetch"",""state_change""]",,ood
659,1,verify_bowl_0_on_table,,check_table,"[""1039:0"",""1737:0""]","[""fetch"",""state_change""]",,ood
659,2,verify_plate_0_on_table,,check_table,"[""2239:0"",""6057:0""]","[""fetch"",""state_change""]",,ood
659,3,go_to_kitchen_work_area,,navigate_to_kitchen_island,[],[],,ood
659,4,retrieve_plate_0,fetch,set_plate,[],[],False,ood
659,5,place_plate_0_on_table,relocate,place_on_plate,[],[],False,ood
660,0,inspect_table,state_change,inspect_table,"[""1700:0"",""1958:0""]","[""fetch"",""state_change""]",True,ood
660,1,fetch_hidden_dish,fetch,fetch_bowl,"[""4764:0"",""1488:0""]","[""fetch"",""state_change""]",True,ood
660,2,place_dish_on_table,relocate,place_on_table,"[""3156:2"",""3173:2""]","[""multi_object_sequence"",""relocate""]",True,ood
661,0,check_table_for_bowl_0,state_change,check_table,"[""1039:0"",""1737:0""]","[""fetch"",""state_change""]",True,ood
661,1,check_table_for_plate_0,state_change,check_table,"[""2239:0"",""6057:0""]","[""fetch"",""state_change""]",True,ood
661,2,deliver_bowl_0_if_missing,relocate,fetch_bowl,"[""1488:0"",""2686:0""]","[""fetch"",""state_change""]",False,ood
661,3,deliver_plate_0_if_missing,relocate,place_plate,[],[],False,ood
662,0,check_table_for_bowl_and_plate,state_change,check_table,"[""1502:0"",""1663:0""]","[""fetch"",""state_change""]",True,ood
662,1,if_bowl_missing_get_bowl,fetch,fetch_bowl,"[""1488:0"",""2686:0""]","[""fetch"",""state_change""]",True,ood
662,2,if_plate_missing_get_plate,fetch,set_plate,"[""5528:0"",""2966:0""]","[""fetch"",""state_change""]",True,ood
662,3,place_missing_dish_on_table,relocate,place_plate_on_kitchen_island,[],[],False,ood
663,0,observe_kitchen_work_area,,navigate_to_kitchen_island,"[""1484:0""]","[""fetch"",""state_change""]",,ood
663,1,decide_missing_item,,fetch_missing_fruit,"[""1207:1"",""2444:1""]","[""fetch"",""open_container_then_retrieve"",""relocate""]",,ood
663,2,fetch_missing_item,fetch,fetch_missing_fruit,[],[],False,ood
664,0,look_at_table,,inspect_table,"[""1700:0"",""1958:0""]","[""fetch"",""state_change""]",,ood
664,1,verify_bowl_on_table,,check_table,"[""1039:0"",""1737:0""]","[""fetch"",""state_change""]",,ood
664,2,verify_plate_on_table,,check_table,"[""2239:0"",""6057:0""]","[""fetch"",""state_change""]",,ood
664,3,go_to_kitchen_work_area,,navigate_to_kitchen_island,[],[],,ood
664,4,retrieve_missing_plate,fetch,set_plate,[],[],False,ood
664,5,place_plate_on_table,relocate,place_on_plate,[],[],False,ood
665,0,look_over_table,,inspect_table,"[""1700:0"",""1958:0""]","[""fetch"",""state_change""]",,ood
665,1,check_bowl_0_location,state_change,place_bowl,"[""1488:2"",""2686:2""]","[""fetch"",""multi_object_sequence"",""open_container_then_retrieve"",""relocate""]",False,ood
665,2,check_plate_0_location,state_change,place_plate,"[""1379:0"",""4075:0""]","[""fetch"",""state_change""]",True,ood
665,3,get_missing_item,fetch,fetch_missing_fruit,[],[],False,ood
665,4,place_item_on_table,relocate,place_on_table,[],[],False,ood
666,0,glance_at_table,,inspect_table,"[""1633:0"",""2098:0""]","[""fetch"",""state_change""]",,ood
666,1,confirm_bowl_and_plate,,place_bowl,"[""1488:2"",""2686:2""]","[""fetch"",""multi_object_sequence"",""open_container_then_retrieve"",""relocate""]",,ood
666,2,fetch_absent_dish,fetch,fetch_bowl,"[""1488:0"",""2686:0""]","[""fetch"",""state_change""]",True,ood
667,0,look_over_table,,inspect_table,"[""1700:0"",""1958:0""]","[""fetch"",""state_change""]",,ood
667,1,check_bowl_0_location,state_change,place_bowl,"[""1488:2"",""2686:2""]","[""fetch"",""multi_object_sequence"",""open_container_then_retrieve"",""relocate""]",False,ood
667,2,check_plate_0_location,state_change,place_plate,"[""1379:0"",""4075:0""]","[""fetch"",""state_change""]",True,ood
667,3,get_missing_item,fetch,fetch_missing_fruit,[],[],False,ood
667,4,place_item_on_table,relocate,place_on_table,[],[],False,ood
668,0,examine_table,,inspect_table,"[""1700:0"",""1958:0""]","[""fetch"",""state_change""]",,ood
668,1,find_single_dish,fetch,fetch_bowl,"[""4764:0"",""1488:0""]","[""fetch"",""state_change""]",True,ood
668,2,supply_other_dish,,place_on_plate,"[""5169:2""]","[""relocate""]",,ood
668,3,position_both_dishes,,place_plate_on_kitchen_island,"[""1484:1""]","[""relocate""]",,ood
669,0,look_for_bowl_0_on_table,,fetch_bowl,"[""4764:0"",""1488:0""]","[""fetch"",""state_change""]",,ood
669,1,look_for_plate_0_on_table,,place_on_plate,"[""5169:2""]","[""relocate""]",,ood
669,2,retrieve_bowl_0_if_missing,fetch,fetch_bowl,"[""2686:0""]","[""fetch"",""state_change""]",True,ood
669,3,retrieve_plate_0_if_missing,fetch,set_plate,"[""5528:0"",""2966:0""]","[""fetch"",""state_change""]",True,ood
670,0,examine_table,,inspect_table,"[""1700:0"",""1958:0""]","[""fetch"",""state_change""]",,ood
670,1,find_single_dish,fetch,fetch_bowl,"[""4764:0"",""1488:0""]","[""fetch"",""state_change""]",True,ood
670,2,supply_other_dish,,place_on_plate,"[""5169:2""]","[""relocate""]",,ood
670,3,position_both_dishes,,place_plate_on_kitchen_island,"[""1484:1""]","[""relocate""]",,ood
671,0,examine_table,,inspect_table,"[""1700:0"",""1958:0""]","[""fetch"",""state_change""]",,ood
671,1,find_single_dish,fetch,fetch_bowl,"[""4764:0"",""1488:0""]","[""fetch"",""state_change""]",True,ood
671,2,supply_other_dish,,place_on_plate,"[""5169:2""]","[""relocate""]",,ood
671,3,position_both_dishes,,place_plate_on_kitchen_island,"[""1484:1""]","[""relocate""]",,ood
672,0,check_kitchen_work_area_for_dishes,state_change,place_plate_on_kitchen_island,"[""2240:0"",""1484:1""]","[""fetch"",""relocate"",""state_change""]",True,ood
672,1,check_if_bowl_is_missing,state_change,fetch_bowl,"[""1488:0"",""2686:0""]","[""fetch"",""state_change""]",True,ood
672,2,check_if_plate_is_missing,state_change,set_plate,"[""5528:0"",""2966:0""]","[""fetch"",""state_change""]",True,ood
672,3,get_bowl_from_kitchen_work_area,fetch,place_bowl,[],[],False,ood
672,4,get_plate_from_kitchen_work_area,fetch,place_plate_on_kitchen_island,[],[],False,ood
672,5,place_bowl_on_table,relocate,place_on_table,[],[],False,ood
672,6,place_plate_on_table,relocate,place_on_plate,[],[],False,ood
673,0,inspect_table,state_change,inspect_table,"[""1700:0"",""1958:0""]","[""fetch"",""state_change""]",True,ood
673,1,fetch_hidden_dish,fetch,fetch_bowl,"[""4764:0"",""1488:0""]","[""fetch"",""state_change""]",True,ood
673,2,place_dish_on_table,relocate,place_on_table,"[""3156:2"",""3173:2""]","[""multi_object_sequence"",""relocate""]",True,ood
674,0,examine_table,,inspect_table,"[""1700:0"",""1958:0""]","[""fetch"",""state_change""]",,ood
674,1,find_single_dish,fetch,fetch_bowl,"[""4764:0"",""1488:0""]","[""fetch"",""state_change""]",True,ood
674,2,supply_missing_dish,,fetch_bowl,"[""2686:0""]","[""fetch"",""state_change""]",,ood
674,3,position_both_dishes,,place_plate_on_kitchen_island,"[""1484:1""]","[""relocate""]",,ood
675,0,inspect_table,state_change,inspect_table,"[""1700:0"",""1958:0""]","[""fetch"",""state_change""]",True,ood
675,1,fetch_hidden_dish,fetch,fetch_bowl,"[""4764:0"",""1488:0""]","[""fetch"",""state_change""]",True,ood
675,2,place_dish_on_table,relocate,place_on_table,"[""3156:2"",""3173:2""]","[""multi_object_sequence"",""relocate""]",True,ood
676,0,observe_kitchen_work_area,,navigate_to_kitchen_island,"[""1484:0""]","[""fetch"",""state_change""]",,ood
676,1,detect_bowl,,fetch_bowl,"[""1488:0"",""2686:0""]","[""fetch"",""state_change""]",,ood
676,2,detect_plate,,set_plate,"[""7118:0"",""911:0""]","[""fetch"",""state_change""]",,ood
676,3,choose_missing_item,,fetch_missing_fruit,"[""1207:1""]","[""fetch"",""open_container_then_retrieve"",""relocate""]",,ood
676,4,move_to_kitchen_work_area,,move_to_cabinet,[],[],,ood
676,5,pick_missing_item,fetch,fetch_missing_fruit,[],[],False,ood
677,0,survey_table,state_change,survey_table,"[""1173:0"",""2647:0""]","[""fetch"",""state_change""]",True,ood
677,1,identify_missing_item,,fetch_missing_fruit,"[""1207:1"",""2444:1""]","[""fetch"",""open_container_then_retrieve"",""relocate""]",,ood
677,2,carry_missing_item_to_table,,move_to_table,"[""1210:1"",""2918:1""]","[""relocate""]",,ood
678,0,examine_table,,inspect_table,"[""1700:0"",""1958:0""]","[""fetch"",""state_change""]",,ood
678,1,find_single_dish,fetch,fetch_bowl,"[""4764:0"",""1488:0""]","[""fetch"",""state_change""]",True,ood
678,2,supply_other_dish,,place_on_plate,"[""5169:2""]","[""relocate""]",,ood
678,3,position_both_dishes,,place_plate_on_kitchen_island,"[""1484:1""]","[""relocate""]",,ood
679,0,find_non_resting_bowl_or_plate,fetch,place_bowl,"[""4764:1"",""1488:2""]","[""fetch"",""multi_object_sequence"",""open_container_then_retrieve"",""relocate""]",True,ood
679,1,move_to_non_resting_bowl_or_plate,,place_on_plate,"[""5169:2""]","[""relocate""]",,ood
679,2,pick_non_resting_bowl_or_plate,fetch,place_on_plate,[],[],False,ood
679,3,move_to_kitchen_work_area,,move_to_cabinet,"[""3800:0"",""2775:1""]","[""fetch"",""state_change""]",,ood
679,4,place_non_resting_bowl_or_plate,relocate,place_on_plate,[],[],False,ood
680,0,look_for_bowl_0_on_table,,fetch_bowl,"[""4764:0"",""1488:0""]","[""fetch"",""state_change""]",,ood
680,1,look_for_plate_0_on_table,,place_on_plate,"[""5169:2""]","[""relocate""]",,ood
680,2,retrieve_bowl_0_if_missing,fetch,fetch_bowl,"[""2686:0""]","[""fetch"",""state_change""]",True,ood
680,3,retrieve_plate_0_if_missing,fetch,set_plate,"[""5528:0"",""2966:0""]","[""fetch"",""state_change""]",True,ood
680,4,place_bowl_0_on_table_if_missing,relocate,place_bowl,[],[],False,ood
680,5,place_plate_0_on_table_if_missing,relocate,place_on_plate,[],[],False,ood
681,0,look_for_bowl_0_on_table,,fetch_bowl,"[""4764:0"",""1488:0""]","[""fetch"",""state_change""]",,ood
681,1,look_for_plate_0_on_table,,place_on_plate,"[""5169:2""]","[""relocate""]",,ood
681,2,retrieve_bowl_0_if_missing,fetch,fetch_bowl,"[""2686:0""]","[""fetch"",""state_change""]",True,ood
681,3,retrieve_plate_0_if_missing,fetch,set_plate,"[""5528:0"",""2966:0""]","[""fetch"",""state_change""]",True,ood
681,4,place_bowl_0_on_table_if_missing,relocate,place_bowl,[],[],False,ood
681,5,place_plate_0_on_table_if_missing,relocate,place_on_plate,[],[],False,ood
682,0,examine_table,,inspect_table,"[""1700:0"",""1958:0""]","[""fetch"",""state_change""]",,ood
682,1,find_single_dish,fetch,fetch_bowl,"[""4764:0"",""1488:0""]","[""fetch"",""state_change""]",True,ood
682,2,supply_other_dish,,place_on_plate,"[""5169:2""]","[""relocate""]",,ood
682,3,position_both_dishes,,place_plate_on_kitchen_island,"[""1484:1""]","[""relocate""]",,ood
683,0,glance_at_table,,inspect_table,"[""1633:0"",""2098:0""]","[""fetch"",""state_change""]",,ood
683,1,confirm_one_bowl_and_one_plate,,place_bowl,"[""2501:1"",""1488:2""]","[""fetch"",""multi_object_sequence"",""open_container_then_retrieve"",""relocate""]",,ood
683,2,fetch_absent_dish,fetch,fetch_bowl,"[""1488:0"",""2686:0""]","[""fetch"",""state_change""]",True,ood
684,0,inspect_table,state_change,inspect_table,"[""1700:0"",""1958:0""]","[""fetch"",""state_change""]",True,ood
684,1,fetch_bowl_0,fetch,fetch_bowl,"[""4764:0"",""1488:0""]","[""fetch"",""state_change""]",True,ood
684,2,place_bowl_0_on_table,relocate,place_bowl,"[""4764:1"",""1488:2""]","[""fetch"",""multi_object_sequence"",""open_container_then_retrieve"",""relocate""]",True,ood
684,3,fetch_plate_0,fetch,place_plate,[],[],False,ood
684,4,place_plate_0_on_table,relocate,place_on_plate,[],[],False,ood
685,0,glance_at_table,,inspect_table,"[""1633:0"",""2098:0""]","[""fetch"",""state_change""]",,ood
685,1,confirm_one_bowl_and_one_plate,,place_bowl,"[""1488:2"",""2686:2""]","[""fetch"",""multi_object_sequence"",""open_container_then_retrieve"",""relocate""]",,ood
685,2,fetch_absent_dish,fetch,fetch_bowl,"[""1488:0"",""2686:0""]","[""fetch"",""state_change""]",True,ood
686,0,survey_kitchen_work_area,state_change,navigate_to_kitchen_island,"[""1484:0""]","[""fetch"",""state_change""]",True,ood
686,1,identify_missing_item,,fetch_missing_fruit,"[""1207:1"",""2444:1""]","[""fetch"",""open_container_then_retrieve"",""relocate""]",,ood
686,2,carry_missing_item_to_table,,move_to_table,"[""1210:1"",""2918:1""]","[""relocate""]",,ood
687,0,glance_at_table,,inspect_table,"[""1633:0"",""2098:0""]","[""fetch"",""state_change""]",,ood
687,1,confirm_one_bowl_and_one_plate,,place_bowl,"[""2501:1"",""1488:2""]","[""fetch"",""multi_object_sequence"",""open_container_then_retrieve"",""relocate""]",,ood
687,2,fetch_absent_dish,fetch,fetch_bowl,"[""1488:0"",""2686:0""]","[""fetch"",""state_change""]",True,ood
688,0,look_for_bowl_0_on_table,,fetch_bowl,"[""4764:0"",""1488:0""]","[""fetch"",""state_change""]",,ood
688,1,look_for_plate_0_on_table,,place_on_plate,"[""5169:2""]","[""relocate""]",,ood
688,2,retrieve_bowl_0_if_missing,fetch,fetch_bowl,"[""2686:0""]","[""fetch"",""state_change""]",True,ood
688,3,retrieve_plate_0_if_missing,fetch,set_plate,"[""5528:0"",""2966:0""]","[""fetch"",""state_change""]",True,ood
689,0,examine_kitchen_work_area,,navigate_to_kitchen_island,"[""1484:0""]","[""fetch"",""state_change""]",,ood
689,1,find_single_dish,fetch,fetch_bowl,"[""4764:0"",""1488:0""]","[""fetch"",""state_change""]",True,ood
689,2,supply_missing_dish,,fetch_bowl,"[""2686:0""]","[""fetch"",""state_change""]",,ood
690,0,check_kitchen_work_area_for_bowl_and_plate,state_change,place_plate_on_kitchen_island,"[""2240:0"",""1484:1""]","[""fetch"",""relocate"",""state_change""]",True,ood
690,1,if_bowl_missing_get_bowl,fetch,fetch_bowl,"[""1488:0"",""2686:0""]","[""fetch"",""state_change""]",True,ood
690,2,if_plate_missing_get_plate,fetch,set_plate,"[""5528:0"",""2966:0""]","[""fetch"",""state_change""]",True,ood
690,3,place_missing_dish_on_table,relocate,place_plate_on_kitchen_island,[],[],False,ood
691,0,find_non_table_item,fetch,inspect_table,"[""1700:0"",""1958:0""]","[""fetch"",""state_change""]",True,ood
691,1,move_to_non_table_item,,move_to_table,"[""1210:1"",""2918:1""]","[""relocate""]",,ood
691,2,pick_non_table_item,fetch,move_to_table,"[""3979:1""]","[""relocate""]",False,ood
691,3,move_to_table,,move_to_table,[],[],,ood
691,4,place_non_table_item_on_table,relocate,place_on_table,"[""3156:2""]","[""multi_object_sequence"",""relocate""]",True,ood
692,0,inspect_table,state_change,inspect_table,"[""1700:0"",""1958:0""]","[""fetch"",""state_change""]",True,ood
692,1,fetch_bowl_0,fetch,fetch_bowl,"[""4764:0"",""1488:0""]","[""fetch"",""state_change""]",True,ood
692,2,place_bowl_0_on_table,relocate,place_bowl,"[""4764:1"",""1488:2""]","[""fetch"",""multi_object_sequence"",""open_container_then_retrieve"",""relocate""]",True,ood
692,3,fetch_plate_0,fetch,place_plate,[],[],False,ood
692,4,place_plate_0_on_table,relocate,place_on_plate,[],[],False,ood
693,0,survey_table,state_change,survey_table,"[""1173:0"",""2647:0""]","[""fetch"",""state_change""]",True,ood
693,1,identify_missing_item,,fetch_missing_fruit,"[""1207:1"",""2444:1""]","[""fetch"",""open_container_then_retrieve"",""relocate""]",,ood
693,2,carry_missing_item_to_table,,move_to_table,"[""1210:1"",""2918:1""]","[""relocate""]",,ood
694,0,look_for_bowl_0_on_table,,fetch_bowl,"[""4764:0"",""1488:0""]","[""fetch"",""state_change""]",,ood
694,1,look_for_plate_0_on_table,,place_on_plate,"[""5169:2""]","[""relocate""]",,ood
694,2,retrieve_missing_bowl_or_plate,fetch,fetch_bowl,"[""2686:0""]","[""fetch"",""state_change""]",True,ood
695,0,glance_at_table,,inspect_table,"[""1633:0"",""2098:0""]","[""fetch"",""state_change""]",,ood
695,1,confirm_one_bowl_and_one_plate,,place_bowl,"[""2501:1"",""1488:2""]","[""fetch"",""multi_object_sequence"",""open_container_then_retrieve"",""relocate""]",,ood
695,2,fetch_absent_dish,fetch,fetch_bowl,"[""1488:0"",""2686:0""]","[""fetch"",""state_change""]",True,ood
696,0,scan_kitchen_work_area,,scan_table,"[""5235:0"",""1209:0""]","[""fetch"",""state_change""]",,ood
696,1,check_for_bowl_0,state_change,fetch_bowl,"[""4764:0"",""1488:0""]","[""fetch"",""state_change""]",True,ood
696,2,check_for_plate_0,state_change,place_plate,"[""3266:2"",""5679:2""]","[""relocate""]",False,ood
696,3,place_bowl_0_if_missing,relocate,place_bowl,[],[],False,ood
696,4,place_plate_0_if_missing,relocate,place_plate,[],[],False,ood
697,0,look_for_bowl_0_on_table,,fetch_bowl,"[""4764:0"",""1488:0""]","[""fetch"",""state_change""]",,ood
697,1,look_for_plate_0_on_table,,place_on_plate,"[""5169:2""]","[""relocate""]",,ood
697,2,retrieve_bowl_0_if_missing,fetch,fetch_bowl,"[""2686:0""]","[""fetch"",""state_change""]",True,ood
697,3,retrieve_plate_0_if_missing,fetch,set_plate,"[""5528:0"",""2966:0""]","[""fetch"",""state_change""]",True,ood
697,4,place_bowl_0_on_table_if_missing,relocate,place_bowl,[],[],False,ood
697,5,place_plate_0_on_table_if_missing,relocate,place_on_plate,[],[],False,ood
698,0,observe_table,,inspect_table,"[""1700:0"",""1958:0""]","[""fetch"",""state_change""]",,ood
698,1,observe_kitchen_work_area,,navigate_to_kitchen_island,"[""1484:0""]","[""fetch"",""state_change""]",,ood
698,2,pick_bowl_0,fetch,fetch_bowl,"[""1488:0"",""2686:0""]","[""fetch"",""state_change""]",True,ood
698,3,pick_plate_0,fetch,place_plate,"[""3266:2""]","[""relocate""]",False,ood
699,0,glance_at_table,,inspect_table,"[""1633:0"",""2098:0""]","[""fetch"",""state_change""]",,ood
699,1,confirm_one_bowl_and_one_plate,,place_bowl,"[""2501:1"",""1488:2""]","[""fetch"",""multi_object_sequence"",""open_container_then_retrieve"",""relocate""]",,ood
699,2,fetch_absent_dish,fetch,fetch_bowl,"[""1488:0"",""2686:0""]","[""fetch"",""state_change""]",True,ood
700,0,look_for_bowl_0_on_table,,fetch_bowl,"[""4764:0"",""1488:0""]","[""fetch"",""state_change""]",,ood
700,1,look_for_plate_0_on_table,,place_on_plate,"[""5169:2""]","[""relocate""]",,ood
700,2,retrieve_bowl_0_if_missing,fetch,fetch_bowl,"[""2686:0""]","[""fetch"",""state_change""]",True,ood
700,3,retrieve_plate_0_if_missing,fetch,set_plate,"[""5528:0"",""2966:0""]","[""fetch"",""state_change""]",True,ood
700,4,place_bowl_0_on_table_if_missing,relocate,place_bowl,[],[],False,ood
700,5,place_plate_0_on_table_if_missing,relocate,place_on_plate,[],[],False,ood
701,0,survey_kitchen_work_area,state_change,navigate_to_kitchen_island,"[""1484:0""]","[""fetch"",""state_change""]",True,ood
701,1,identify_missing_item,,fetch_missing_fruit,"[""1207:1"",""2444:1""]","[""fetch"",""open_container_then_retrieve"",""relocate""]",,ood
701,2,carry_missing_item_to_table,,move_to_table,"[""1210:1"",""2918:1""]","[""relocate""]",,ood
702,0,survey_table,state_change,survey_table,"[""1173:0"",""2647:0""]","[""fetch"",""state_change""]",True,ood
702,1,identify_missing_item,,fetch_missing_fruit,"[""1207:1"",""2444:1""]","[""fetch"",""open_container_then_retrieve"",""relocate""]",,ood
702,2,carry_missing_item_to_table,,move_to_table,"[""1210:1"",""2918:1""]","[""relocate""]",,ood
703,0,look_for_bowl_0_on_table,,fetch_bowl,"[""4764:0"",""1488:0""]","[""fetch"",""state_change""]",,ood
703,1,look_for_plate_0_on_table,,place_on_plate,"[""5169:2""]","[""relocate""]",,ood
703,2,retrieve_missing_bowl_or_plate,fetch,fetch_bowl,"[""2686:0""]","[""fetch"",""state_change""]",True,ood
704,0,find_non_table_item,fetch,inspect_table,"[""1700:0"",""1958:0""]","[""fetch"",""state_change""]",True,ood
704,1,move_to_non_table_item,,move_to_table,"[""1210:1"",""2918:1""]","[""relocate""]",,ood
704,2,pick_non_table_item,fetch,move_to_table,"[""3979:1""]","[""relocate""]",False,ood
704,3,move_to_table,,move_to_table,[],[],,ood
704,4,place_non_table_item_on_table,relocate,place_on_table,"[""3156:2""]","[""multi_object_sequence"",""relocate""]",True,ood
705,0,look_for_bowl_0_on_table,,fetch_bowl,"[""4764:0"",""1488:0""]","[""fetch"",""state_change""]",,ood
705,1,look_for_plate_0_on_table,,place_on_plate,"[""5169:2""]","[""relocate""]",,ood
705,2,retrieve_bowl_0_if_missing,fetch,fetch_bowl,"[""2686:0""]","[""fetch"",""state_change""]",True,ood
705,3,retrieve_plate_0_if_missing,fetch,set_plate,"[""5528:0"",""2966:0""]","[""fetch"",""state_change""]",True,ood
705,4,place_bowl_0_on_table_if_missing,relocate,place_bowl,[],[],False,ood
705,5,place_plate_0_on_table_if_missing,relocate,place_on_plate,[],[],False,ood
706,0,examine_table,,inspect_table,"[""1700:0"",""1958:0""]","[""fetch"",""state_change""]",,ood
706,1,find_single_dish,fetch,fetch_bowl,"[""4764:0"",""1488:0""]","[""fetch"",""state_change""]",True,ood
706,2,supply_missing_dish,,fetch_bowl,"[""2686:0""]","[""fetch"",""state_change""]",,ood
706,3,position_both_dishes,,place_plate_on_kitchen_island,"[""1484:1""]","[""relocate""]",,ood
707,0,observe_table,,inspect_table,"[""1700:0"",""1958:0""]","[""fetch"",""state_change""]",,ood
707,1,observe_kitchen_work_area,,navigate_to_kitchen_island,"[""1484:0""]","[""fetch"",""state_change""]",,ood
707,2,pick_bowl_0,fetch,fetch_bowl,"[""1488:0"",""2686:0""]","[""fetch"",""state_change""]",True,ood
707,3,pick_plate_0,fetch,place_plate,"[""3266:2""]","[""relocate""]",False,ood
708,0,look_at_table,,inspect_table,"[""1700:0"",""1958:0""]","[""fetch"",""state_change""]",,ood
708,1,verify_bowl_on_table,,check_table,"[""1039:0"",""1737:0""]","[""fetch"",""state_change""]",,ood
708,2,verify_plate_on_table,,check_table,"[""2239:0"",""6057:0""]","[""fetch"",""state_change""]",,ood
708,3,go_to_kitchen_work_area,,navigate_to_kitchen_island,[],[],,ood
708,4,retrieve_missing_plate,fetch,set_plate,[],[],False,ood
708,5,place_plate_on_table,relocate,place_on_plate,[],[],False,ood
709,0,look_for_bowl_0_on_table,,fetch_bowl,"[""4764:0"",""1488:0""]","[""fetch"",""state_change""]",,ood
709,1,look_for_plate_0_on_table,,place_on_plate,"[""5169:2""]","[""relocate""]",,ood
709,2,retrieve_bowl_0_if_missing,fetch,fetch_bowl,"[""2686:0""]","[""fetch"",""state_change""]",True,ood
709,3,retrieve_plate_0_if_missing,fetch,set_plate,"[""5528:0"",""2966:0""]","[""fetch"",""state_change""]",True,ood
710,0,look_for_bowl_0_on_table,,fetch_bowl,"[""4764:0"",""1488:0""]","[""fetch"",""state_change""]",,ood
710,1,look_for_plate_0_on_table,,place_on_plate,"[""5169:2""]","[""relocate""]",,ood
710,2,retrieve_bowl_0_if_missing,fetch,fetch_bowl,"[""2686:0""]","[""fetch"",""state_change""]",True,ood
710,3,retrieve_plate_0_if_missing,fetch,set_plate,"[""5528:0"",""2966:0""]","[""fetch"",""state_change""]",True,ood
711,0,glance_at_table,,inspect_table,"[""1633:0"",""2098:0""]","[""fetch"",""state_change""]",,ood
711,1,confirm_one_bowl_and_one_plate,,place_bowl,"[""1488:2"",""2686:2""]","[""fetch"",""multi_object_sequence"",""open_container_then_retrieve"",""relocate""]",,ood
711,2,fetch_absent_dish,fetch,fetch_bowl,"[""1488:0"",""2686:0""]","[""fetch"",""state_change""]",True,ood
712,0,check_table_for_bowl_and_plate,state_change,check_table,"[""1502:0"",""1663:0""]","[""fetch"",""state_change""]",True,ood
712,1,if_bowl_missing_get_bowl,fetch,fetch_bowl,"[""1488:0"",""2686:0""]","[""fetch"",""state_change""]",True,ood
712,2,if_plate_missing_get_plate,fetch,set_plate,"[""5528:0"",""2966:0""]","[""fetch"",""state_change""]",True,ood
712,3,place_missing_dish_on_table,relocate,place_plate_on_kitchen_island,[],[],False,ood
713,0,find_non_table_item,fetch,inspect_table,"[""1700:0"",""1958:0""]","[""fetch"",""state_change""]",True,ood
713,1,move_to_non_table_item,,move_to_table,"[""1210:1"",""2918:1""]","[""relocate""]",,ood
713,2,pick_non_table_item,fetch,move_to_table,"[""3979:1""]","[""relocate""]",False,ood
713,3,move_to_table,,move_to_table,[],[],,ood
713,4,place_non_table_item_on_table,relocate,place_on_table,"[""3156:2""]","[""multi_object_sequence"",""relocate""]",True,ood
714,0,scan_table,,scan_table,"[""5235:0"",""1209:0""]","[""fetch"",""state_change""]",,ood
714,1,check_for_bowl,state_change,fetch_bowl,"[""4764:0"",""1488:0""]","[""fetch"",""state_change""]",True,ood
714,2,check_for_plate,state_change,set_plate,"[""7118:0"",""911:0""]","[""fetch"",""state_change""]",True,ood
714,3,place_bowl_on_table,relocate,place_on_table,[],[],False,ood
714,4,place_plate_on_table,relocate,place_on_plate,[],[],False,ood
715,0,look_at_table,,inspect_table,"[""1700:0"",""1958:0""]","[""fetch"",""state_change""]",,ood
715,1,verify_bowl_on_table,,check_table,"[""1039:0"",""1737:0""]","[""fetch"",""state_change""]",,ood
715,2,verify_plate_on_table,,check_table,"[""2239:0"",""6057:0""]","[""fetch"",""state_change""]",,ood
715,3,go_to_kitchen_work_area,,navigate_to_kitchen_island,[],[],,ood
715,4,retrieve_missing_plate,fetch,set_plate,[],[],False,ood
715,5,place_plate_on_table,relocate,place_on_plate,[],[],False,ood
716,0,find_non_resting_bowl_or_plate,fetch,place_bowl,"[""4764:1"",""1488:2""]","[""fetch"",""multi_object_sequence"",""open_container_then_retrieve"",""relocate""]",True,ood
716,1,move_to_non_resting_bowl_or_plate,,place_on_plate,"[""5169:2""]","[""relocate""]",,ood
716,2,pick_non_resting_bowl_or_plate,fetch,place_on_plate,[],[],False,ood
716,3,move_to_table,,move_to_table,"[""1210:1"",""2918:1""]","[""relocate""]",,ood
716,4,place_bowl_or_plate_on_table,relocate,place_plate_on_kitchen_island,"[""1484:1""]","[""relocate""]",True,ood
717,0,look_for_bowl_0_on_table,,fetch_bowl,"[""4764:0"",""1488:0""]","[""fetch"",""state_change""]",,ood
717,1,look_for_plate_0_on_table,,place_on_plate,"[""5169:2""]","[""relocate""]",,ood
717,2,retrieve_bowl_0_if_missing,fetch,fetch_bowl,"[""2686:0""]","[""fetch"",""state_change""]",True,ood
717,3,retrieve_plate_0_if_missing,fetch,set_plate,"[""5528:0"",""2966:0""]","[""fetch"",""state_change""]",True,ood
717,4,place_bowl_0_on_table_if_missing,relocate,place_bowl,[],[],False,ood
717,5,place_plate_0_on_table_if_missing,relocate,place_on_plate,[],[],False,ood
718,0,glance_at_table,,inspect_table,"[""1633:0"",""2098:0""]","[""fetch"",""state_change""]",,ood
718,1,confirm_one_bowl_and_one_plate,,place_bowl,"[""1488:2"",""2686:2""]","[""fetch"",""multi_object_sequence"",""open_container_then_retrieve"",""relocate""]",,ood
718,2,fetch_absent_dish,fetch,fetch_bowl,"[""1488:0"",""2686:0""]","[""fetch"",""state_change""]",True,ood
719,0,find_non_table_item,fetch,inspect_table,"[""1700:0"",""1958:0""]","[""fetch"",""state_change""]",True,ood
719,1,move_to_non_table_item,,move_to_table,"[""1210:1"",""2918:1""]","[""relocate""]",,ood
719,2,pick_non_table_item,fetch,move_to_table,"[""3979:1""]","[""relocate""]",False,ood
719,3,move_to_table,,move_to_table,[],[],,ood
719,4,place_non_table_item_on_table,relocate,place_on_table,"[""3156:2""]","[""multi_object_sequence"",""relocate""]",True,ood
720,0,observe_kitchen_work_area,,navigate_to_kitchen_island,"[""1484:0""]","[""fetch"",""state_change""]",,ood
720,1,decide_missing_item,,fetch_missing_fruit,"[""1207:1"",""2444:1""]","[""fetch"",""open_container_then_retrieve"",""relocate""]",,ood
720,2,fetch_missing_item,fetch,fetch_missing_fruit,[],[],False,ood
721,0,examine_kitchen_work_area,,navigate_to_kitchen_island,"[""1484:0""]","[""fetch"",""state_change""]",,ood
721,1,find_single_dish,fetch,fetch_bowl,"[""4764:0"",""1488:0""]","[""fetch"",""state_change""]",True,ood
721,2,supply_missing_dish,,fetch_bowl,"[""2686:0""]","[""fetch"",""state_change""]",,ood
722,0,inspect_kitchen_work_area,state_change,inspect_cabinet,"[""144:0"",""1774:0""]","[""state_change""]",True,ood
722,1,fetch_bowl_1,fetch,fetch_bowl,"[""4764:0"",""1488:0""]","[""fetch"",""state_change""]",True,ood
722,2,place_bowl_1_on_table,relocate,place_bowl,"[""4764:1"",""3697:1""]","[""multi_object_sequence"",""relocate""]",True,ood
722,3,fetch_plate_0,fetch,place_plate,[],[],False,ood
722,4,place_plate_0_on_table,relocate,place_on_plate,[],[],False,ood
723,0,check_table_for_bowl_and_plate,state_change,check_table,"[""1502:0"",""1663:0""]","[""fetch"",""state_change""]",True,ood
723,1,if_bowl_missing_get_bowl,fetch,fetch_bowl,"[""1488:0"",""2686:0""]","[""fetch"",""state_change""]",True,ood
723,2,if_plate_missing_get_plate,fetch,set_plate,"[""5528:0"",""2966:0""]","[""fetch"",""state_change""]",True,ood
723,3,place_missing_dish_on_table,relocate,place_plate_on_kitchen_island,[],[],False,ood
724,0,inspect_table,state_change,inspect_table,"[""1700:0"",""1958:0""]","[""fetch"",""state_change""]",True,ood
724,1,fetch_hidden_dish,fetch,fetch_bowl,"[""4764:0"",""1488:0""]","[""fetch"",""state_change""]",True,ood
724,2,place_dish_on_table,relocate,place_on_table,"[""3156:2"",""3173:2""]","[""multi_object_sequence"",""relocate""]",True,ood
725,0,survey_table,state_change,survey_table,"[""1173:0"",""2647:0""]","[""fetch"",""state_change""]",True,ood
725,1,identify_missing_item,,fetch_missing_fruit,"[""1207:1"",""2444:1""]","[""fetch"",""open_container_then_retrieve"",""relocate""]",,ood
725,2,carry_missing_item_to_table,,move_to_table,"[""1210:1"",""2918:1""]","[""relocate""]",,ood
726,0,look_at_table,,inspect_table,"[""1700:0"",""1958:0""]","[""fetch"",""state_change""]",,ood
726,1,verify_bowl_on_table,,check_table,"[""1039:0"",""1737:0""]","[""fetch"",""state_change""]",,ood
726,2,verify_plate_on_table,,check_table,"[""2239:0"",""6057:0""]","[""fetch"",""state_change""]",,ood
726,3,go_to_kitchen_work_area,,navigate_to_kitchen_island,[],[],,ood
726,4,retrieve_missing_plate,fetch,set_plate,[],[],False,ood
726,5,place_plate_on_table,relocate,place_on_plate,[],[],False,ood
727,0,observe_kitchen_work_area,,navigate_to_kitchen_island,"[""1484:0""]","[""fetch"",""state_change""]",,ood
727,1,decide_missing_item,,fetch_missing_fruit,"[""1207:1"",""2444:1""]","[""fetch"",""open_container_then_retrieve"",""relocate""]",,ood
727,2,fetch_missing_item,fetch,fetch_missing_fruit,[],[],False,ood
728,0,check_table_for_bowl_and_plate,state_change,check_table,"[""1502:0"",""1663:0""]","[""fetch"",""state_change""]",True,ood
728,1,if_bowl_missing_get_bowl,fetch,fetch_bowl,"[""1488:0"",""2686:0""]","[""fetch"",""state_change""]",True,ood
728,2,if_plate_missing_get_plate,fetch,set_plate,"[""5528:0"",""2966:0""]","[""fetch"",""state_change""]",True,ood
728,3,place_missing_dish_on_table,relocate,place_plate_on_kitchen_island,[],[],False,ood
729,0,check_table_for_bowl_and_plate,state_change,check_table,"[""1502:0"",""1663:0""]","[""fetch"",""state_change""]",True,ood
729,1,if_bowl_missing_get_bowl,fetch,fetch_bowl,"[""1488:0"",""2686:0""]","[""fetch"",""state_change""]",True,ood
729,2,if_plate_missing_get_plate,fetch,set_plate,"[""5528:0"",""2966:0""]","[""fetch"",""state_change""]",True,ood
729,3,place_missing_dish_on_table,relocate,place_plate_on_kitchen_island,[],[],False,ood
730,0,observe_kitchen_work_area,,navigate_to_kitchen_island,"[""1484:0""]","[""fetch"",""state_change""]",,ood
730,1,decide_missing_item,,fetch_missing_fruit,"[""1207:1"",""2444:1""]","[""fetch"",""open_container_then_retrieve"",""relocate""]",,ood
730,2,fetch_missing_item,fetch,fetch_missing_fruit,[],[],False,ood
731,0,check_kitchen_work_area,state_change,navigate_to_kitchen_island,"[""1484:0""]","[""fetch"",""state_change""]",True,ood
731,1,check_for_bowl,state_change,fetch_bowl,"[""1488:0"",""2686:0""]","[""fetch"",""state_change""]",True,ood
731,2,check_for_plate,state_change,set_plate,"[""7118:0"",""911:0""]","[""fetch"",""state_change""]",True,ood
731,3,deliver_missing_bowl,relocate,fetch_bowl,"[""4764:0""]","[""fetch"",""state_change""]",False,ood
731,4,deliver_missing_plate,relocate,place_plate,[],[],False,ood
732,0,survey_kitchen_work_area,state_change,navigate_to_kitchen_island,"[""1484:0""]","[""fetch"",""state_change""]",True,ood
732,1,identify_missing_item,,fetch_missing_fruit,"[""1207:1"",""2444:1""]","[""fetch"",""open_container_then_retrieve"",""relocate""]",,ood
732,2,carry_missing_item_to_table,,move_to_table,"[""1210:1"",""2918:1""]","[""relocate""]",,ood
733,0,survey_table,state_change,survey_table,"[""1173:0"",""2647:0""]","[""fetch"",""state_change""]",True,ood
733,1,identify_missing_item,,fetch_missing_fruit,"[""1207:1"",""2444:1""]","[""fetch"",""open_container_then_retrieve"",""relocate""]",,ood
733,2,carry_missing_item_to_table,,move_to_table,"[""1210:1"",""2918:1""]","[""relocate""]",,ood
734,0,scan_table,,scan_table,"[""5235:0"",""1209:0""]","[""fetch"",""state_change""]",,ood
734,1,check_bowl_presence,state_change,place_bowl,"[""3697:1"",""6464:1""]","[""multi_object_sequence"",""relocate""]",False,ood
734,2,check_plate_presence,state_change,place_plate,"[""3266:2"",""5679:2""]","[""relocate""]",False,ood
734,3,place_bowl_if_needed,relocate,place_bowl,[],[],False,ood
734,4,place_plate_if_needed,relocate,place_plate,[],[],False,ood
735,0,examine_table,,inspect_table,"[""1700:0"",""1958:0""]","[""fetch"",""state_change""]",,ood
735,1,find_single_dish,fetch,fetch_bowl,"[""4764:0"",""1488:0""]","[""fetch"",""state_change""]",True,ood
735,2,supply_missing_dish,,fetch_bowl,"[""2686:0""]","[""fetch"",""state_change""]",,ood
735,3,position_both_dishes,,place_plate_on_kitchen_island,"[""1484:1""]","[""relocate""]",,ood
736,0,check_kitchen_work_area_for_dishes,state_change,place_plate_on_kitchen_island,"[""2240:0"",""1484:1""]","[""fetch"",""relocate"",""state_change""]",True,ood
736,1,check_if_bowl_is_missing,state_change,fetch_bowl,"[""1488:0"",""2686:0""]","[""fetch"",""state_change""]",True,ood
736,2,check_if_plate_is_missing,state_change,set_plate,"[""5528:0"",""2966:0""]","[""fetch"",""state_change""]",True,ood
736,3,get_bowl_from_kitchen_work_area,fetch,place_bowl,[],[],False,ood
736,4,get_plate_from_kitchen_work_area,fetch,place_plate_on_kitchen_island,[],[],False,ood
736,5,place_bowl_on_table,relocate,place_on_table,[],[],False,ood
736,6,place_plate_on_table,relocate,place_on_plate,[],[],False,ood
737,0,glance_at_table,,inspect_table,"[""1633:0"",""2098:0""]","[""fetch"",""state_change""]",,ood
737,1,confirm_one_bowl_and_one_plate,,place_bowl,"[""1488:2"",""2686:2""]","[""fetch"",""multi_object_sequence"",""open_container_then_retrieve"",""relocate""]",,ood
737,2,fetch_absent_dish,fetch,fetch_bowl,"[""1488:0"",""2686:0""]","[""fetch"",""state_change""]",True,ood
738,0,observe_kitchen_work_area,,navigate_to_kitchen_island,"[""1484:0""]","[""fetch"",""state_change""]",,ood
738,1,detect_bowl,,fetch_bowl,"[""1488:0"",""2686:0""]","[""fetch"",""state_change""]",,ood
738,2,detect_plate,,set_plate,"[""7118:0"",""911:0""]","[""fetch"",""state_change""]",,ood
738,3,choose_missing_item,,fetch_missing_fruit,"[""1207:1""]","[""fetch"",""open_container_then_retrieve"",""relocate""]",,ood
738,4,move_to_kitchen_work_area,,move_to_cabinet,[],[],,ood
738,5,pick_missing_item,fetch,fetch_missing_fruit,[],[],False,ood
739,0,scan_kitchen_work_area,,scan_table,"[""5235:0"",""1209:0""]","[""fetch"",""state_change""]",,ood
739,1,check_for_bowl_0,state_change,fetch_bowl,"[""4764:0"",""1488:0""]","[""fetch"",""state_change""]",True,ood
739,2,check_for_plate_0,state_change,place_plate,"[""3266:2"",""5679:2""]","[""relocate""]",False,ood
739,3,place_bowl_0_if_missing,relocate,place_bowl,[],[],False,ood
739,4,place_plate_0_if_missing,relocate,place_plate,[],[],False,ood
740,0,examine_kitchen_work_area,,navigate_to_kitchen_island,"[""1484:0""]","[""fetch"",""state_change""]",,ood
740,1,find_single_dish,fetch,fetch_bowl,"[""4764:0"",""1488:0""]","[""fetch"",""state_change""]",True,ood
740,2,supply_missing_dish,,fetch_bowl,"[""2686:0""]","[""fetch"",""state_change""]",,ood
741,0,observe_table,,inspect_table,"[""1700:0"",""1958:0""]","[""fetch"",""state_change""]",,ood
741,1,observe_kitchen_work_area,,navigate_to_kitchen_island,"[""1484:0""]","[""fetch"",""state_change""]",,ood
741,2,pick_bowl_0,fetch,fetch_bowl,"[""1488:0"",""2686:0""]","[""fetch"",""state_change""]",True,ood
741,3,pick_plate_0,fetch,place_plate,"[""3266:2""]","[""relocate""]",False,ood
742,0,survey_table,state_change,survey_table,"[""1173:0"",""2647:0""]","[""fetch"",""state_change""]",True,ood
742,1,identify_missing_item,,fetch_missing_fruit,"[""1207:1"",""2444:1""]","[""fetch"",""open_container_then_retrieve"",""relocate""]",,ood
742,2,carry_missing_item_to_table,,move_to_table,"[""1210:1"",""2918:1""]","[""relocate""]",,ood
743,0,glance_at_table,,inspect_table,"[""1633:0"",""2098:0""]","[""fetch"",""state_change""]",,ood
743,1,confirm_bowl_and_plate,,place_bowl,"[""1488:2"",""2686:2""]","[""fetch"",""multi_object_sequence"",""open_container_then_retrieve"",""relocate""]",,ood
743,2,fetch_absent_dish,fetch,fetch_bowl,"[""1488:0"",""2686:0""]","[""fetch"",""state_change""]",True,ood
744,0,check_table_for_bowl,state_change,check_table,"[""1039:0"",""1737:0""]","[""fetch"",""state_change""]",True,ood
744,1,check_table_for_plate,state_change,check_table,"[""2239:0"",""6057:0""]","[""fetch"",""state_change""]",True,ood
744,2,deliver_missing_bowl,relocate,fetch_bowl,"[""1488:0"",""2686:0""]","[""fetch"",""state_change""]",False,ood
744,3,deliver_missing_plate,relocate,place_plate,[],[],False,ood
745,0,look_at_table,,inspect_table,"[""1700:0"",""1958:0""]","[""fetch"",""state_change""]",,ood
745,1,verify_bowl_on_table,,check_table,"[""1039:0"",""1737:0""]","[""fetch"",""state_change""]",,ood
745,2,verify_plate_on_table,,check_table,"[""2239:0"",""6057:0""]","[""fetch"",""state_change""]",,ood
745,3,go_to_kitchen_work_area,,navigate_to_kitchen_island,[],[],,ood
745,4,retrieve_missing_plate,fetch,set_plate,[],[],False,ood
745,5,place_plate_on_table,relocate,place_on_plate,[],[],False,ood
746,0,glance_at_table,,inspect_table,"[""1633:0"",""2098:0""]","[""fetch"",""state_change""]",,ood
746,1,confirm_one_bowl_and_one_plate,,place_bowl,"[""1488:2"",""2686:2""]","[""fetch"",""multi_object_sequence"",""open_container_then_retrieve"",""relocate""]",,ood
746,2,fetch_absent_dish,fetch,fetch_bowl,"[""1488:0"",""2686:0""]","[""fetch"",""state_change""]",True,ood
747,0,survey_table,state_change,survey_table,"[""1173:0"",""2647:0""]","[""fetch"",""state_change""]",True,ood
747,1,identify_missing_item,,fetch_missing_fruit,"[""1207:1"",""2444:1""]","[""fetch"",""open_container_then_retrieve"",""relocate""]",,ood
747,2,carry_missing_item_to_table,,move_to_table,"[""1210:1"",""2918:1""]","[""relocate""]",,ood
748,0,glance_at_table,,inspect_table,"[""1633:0"",""2098:0""]","[""fetch"",""state_change""]",,ood
748,1,confirm_bowl_and_plate,,place_bowl,"[""1488:2"",""2686:2""]","[""fetch"",""multi_object_sequence"",""open_container_then_retrieve"",""relocate""]",,ood
748,2,fetch_absent_dish,fetch,fetch_bowl,"[""1488:0"",""2686:0""]","[""fetch"",""state_change""]",True,ood
749,0,examine_kitchen_work_area,,navigate_to_kitchen_island,"[""1484:0""]","[""fetch"",""state_change""]",,ood
749,1,find_single_dish,fetch,fetch_bowl,"[""4764:0"",""1488:0""]","[""fetch"",""state_change""]",True,ood
749,2,supply_missing_dish,,fetch_bowl,"[""2686:0""]","[""fetch"",""state_change""]",,ood
750,0,scan_table,,scan_table,"[""5235:0"",""1209:0""]","[""fetch"",""state_change""]",,ood
750,1,check_bowl_presence,state_change,place_bowl,"[""3697:1"",""6464:1""]","[""multi_object_sequence"",""relocate""]",False,ood
750,2,check_plate_presence,state_change,place_plate,"[""3266:2"",""5679:2""]","[""relocate""]",False,ood
750,3,place_bowl_if_needed,relocate,place_bowl,[],[],False,ood
750,4,place_plate_if_needed,relocate,place_plate,[],[],False,ood
751,0,observe_kitchen_work_area,,navigate_to_kitchen_island,"[""1484:0""]","[""fetch"",""state_change""]",,ood
751,1,decide_missing_item,,fetch_missing_fruit,"[""1207:1"",""2444:1""]","[""fetch"",""open_container_then_retrieve"",""relocate""]",,ood
751,2,fetch_missing_item,fetch,fetch_missing_fruit,[],[],False,ood
752,0,survey_kitchen_work_area,state_change,navigate_to_kitchen_island,"[""1484:0""]","[""fetch"",""state_change""]",True,ood
752,1,identify_missing_item,,fetch_missing_fruit,"[""1207:1"",""2444:1""]","[""fetch"",""open_container_then_retrieve"",""relocate""]",,ood
752,2,carry_missing_item_to_table,,move_to_table,"[""1210:1"",""2918:1""]","[""relocate""]",,ood
753,0,glance_at_table,,inspect_table,"[""1633:0"",""2098:0""]","[""fetch"",""state_change""]",,ood
753,1,confirm_one_bowl_and_one_plate,,place_bowl,"[""1488:2"",""2686:2""]","[""fetch"",""multi_object_sequence"",""open_container_then_retrieve"",""relocate""]",,ood
753,2,fetch_absent_dish,fetch,fetch_bowl,"[""1488:0"",""2686:0""]","[""fetch"",""state_change""]",True,ood
754,0,observe_table,,inspect_table,"[""1700:0"",""1958:0""]","[""fetch"",""state_change""]",,ood
754,1,observe_kitchen_work_area,,navigate_to_kitchen_island,"[""1484:0""]","[""fetch"",""state_change""]",,ood
754,2,pick_bowl_0,fetch,fetch_bowl,"[""1488:0"",""2686:0""]","[""fetch"",""state_change""]",True,ood
754,3,pick_plate_0,fetch,place_plate,"[""3266:2""]","[""relocate""]",False,ood
755,0,look_for_bowl_0_on_table,,fetch_bowl,"[""4764:0"",""1488:0""]","[""fetch"",""state_change""]",,ood
755,1,look_for_plate_0_on_table,,place_on_plate,"[""5169:2""]","[""relocate""]",,ood
755,2,retrieve_bowl_0_if_missing,fetch,fetch_bowl,"[""2686:0""]","[""fetch"",""state_change""]",True,ood
755,3,retrieve_plate_0_if_missing,fetch,set_plate,"[""5528:0"",""2966:0""]","[""fetch"",""state_change""]",True,ood
755,4,place_bowl_0_on_table_if_missing,relocate,place_bowl,[],[],False,ood
755,5,place_plate_0_on_table_if_missing,relocate,place_on_plate,[],[],False,ood
756,0,glance_at_table,,inspect_table,"[""1633:0"",""2098:0""]","[""fetch"",""state_change""]",,ood
756,1,confirm_bowl_and_plate,,place_bowl,"[""1488:2"",""2686:2""]","[""fetch"",""multi_object_sequence"",""open_container_then_retrieve"",""relocate""]",,ood
756,2,fetch_absent_dish,fetch,fetch_bowl,"[""1488:0"",""2686:0""]","[""fetch"",""state_change""]",True,ood
757,0,inspect_table,state_change,inspect_table,"[""1700:0"",""1958:0""]","[""fetch"",""state_change""]",True,ood
757,1,fetch_bowl_0,fetch,fetch_bowl,"[""4764:0"",""1488:0""]","[""fetch"",""state_change""]",True,ood
757,2,place_bowl_0_on_table,relocate,place_bowl,"[""4764:1"",""1488:2""]","[""fetch"",""multi_object_sequence"",""open_container_then_retrieve"",""relocate""]",True,ood
757,3,fetch_plate_0,fetch,place_plate,[],[],False,ood
757,4,place_plate_0_on_table,relocate,place_on_plate,[],[],False,ood
758,0,scan_table,,scan_table,"[""5235:0"",""1209:0""]","[""fetch"",""state_change""]",,ood
758,1,check_bowl_presence,state_change,place_bowl,"[""3697:1"",""6464:1""]","[""multi_object_sequence"",""relocate""]",False,ood
758,2,check_plate_presence,state_change,place_plate,"[""3266:2"",""5679:2""]","[""relocate""]",False,ood
758,3,place_bowl_if_needed,relocate,place_bowl,[],[],False,ood
758,4,place_plate_if_needed,relocate,place_plate,[],[],False,ood
759,0,look_over_table,,inspect_table,"[""1700:0"",""1958:0""]","[""fetch"",""state_change""]",,ood
759,1,check_bowl_0_location,state_change,place_bowl,"[""1488:2"",""2686:2""]","[""fetch"",""multi_object_sequence"",""open_container_then_retrieve"",""relocate""]",False,ood
759,2,check_plate_0_location,state_change,place_plate,"[""1379:0"",""4075:0""]","[""fetch"",""state_change""]",True,ood
759,3,get_missing_item,fetch,fetch_missing_fruit,[],[],False,ood
759,4,place_item_on_table,relocate,place_on_table,[],[],False,ood
760,0,examine_table,,inspect_table,"[""1700:0"",""1958:0""]","[""fetch"",""state_change""]",,ood
760,1,find_single_dish,fetch,fetch_bowl,"[""4764:0"",""1488:0""]","[""fetch"",""state_change""]",True,ood
760,2,supply_other_dish,,place_on_plate,"[""5169:2""]","[""relocate""]",,ood
760,3,position_both_dishes,,place_plate_on_kitchen_island,"[""1484:1""]","[""relocate""]",,ood
761,0,look_at_table,,inspect_table,"[""1700:0"",""1958:0""]","[""fetch"",""state_change""]",,ood
761,1,verify_bowl_on_table,,check_table,"[""1039:0"",""1737:0""]","[""fetch"",""state_change""]",,ood
761,2,verify_plate_on_table,,check_table,"[""2239:0"",""6057:0""]","[""fetch"",""state_change""]",,ood
761,3,go_to_kitchen_work_area,,navigate_to_kitchen_island,[],[],,ood
761,4,retrieve_missing_plate,fetch,set_plate,[],[],False,ood
761,5,place_plate_on_table,relocate,place_on_plate,[],[],False,ood
762,0,look_for_bowl_0_on_table,,fetch_bowl,"[""4764:0"",""1488:0""]","[""fetch"",""state_change""]",,ood
762,1,look_for_plate_0_on_table,,place_on_plate,"[""5169:2""]","[""relocate""]",,ood
762,2,retrieve_bowl_0_if_missing,fetch,fetch_bowl,"[""2686:0""]","[""fetch"",""state_change""]",True,ood
762,3,retrieve_plate_0_if_missing,fetch,set_plate,"[""5528:0"",""2966:0""]","[""fetch"",""state_change""]",True,ood
762,4,place_bowl_0_on_table_if_missing,relocate,place_bowl,[],[],False,ood
762,5,place_plate_0_on_table_if_missing,relocate,place_on_plate,[],[],False,ood
763,0,inspect_table,state_change,inspect_table,"[""1700:0"",""1958:0""]","[""fetch"",""state_change""]",True,ood
763,1,fetch_bowl_0,fetch,fetch_bowl,"[""4764:0"",""1488:0""]","[""fetch"",""state_change""]",True,ood
763,2,place_bowl_0_on_table,relocate,place_bowl,"[""4764:1"",""1488:2""]","[""fetch"",""multi_object_sequence"",""open_container_then_retrieve"",""relocate""]",True,ood
763,3,fetch_plate_0,fetch,place_plate,[],[],False,ood
763,4,place_plate_0_on_table,relocate,place_on_plate,[],[],False,ood
764,0,observe_table_for_bowl_0,,inspect_table,"[""1700:0"",""1958:0""]","[""fetch"",""state_change""]",,ood
764,1,observe_table_for_plate_0,,inspect_table,"[""3510:0"",""3156:1""]","[""fetch"",""open_container_then_retrieve"",""relocate"",""state_change""]",,ood
764,2,bring_along_undetected_bowl_or_plate,relocate,place_on_plate,"[""5169:2""]","[""relocate""]",True,ood
765,0,glance_at_table,,inspect_table,"[""1633:0"",""2098:0""]","[""fetch"",""state_change""]",,ood
765,1,confirm_one_bowl_and_one_plate,,place_bowl,"[""1488:2"",""2686:2""]","[""fetch"",""multi_object_sequence"",""open_container_then_retrieve"",""relocate""]",,ood
765,2,fetch_absent_dish,fetch,fetch_bowl,"[""1488:0"",""2686:0""]","[""fetch"",""state_change""]",True,ood
766,0,look_at_table,,inspect_table,"[""1700:0"",""1958:0""]","[""fetch"",""state_change""]",,ood
766,1,verify_bowl_on_table,,check_table,"[""1039:0"",""1737:0""]","[""fetch"",""state_change""]",,ood
766,2,verify_plate_on_table,,check_table,"[""2239:0"",""6057:0""]","[""fetch"",""state_change""]",,ood
766,3,go_to_kitchen_work_area,,navigate_to_kitchen_island,[],[],,ood
766,4,retrieve_missing_plate,fetch,set_plate,[],[],False,ood
766,5,place_plate_on_table,relocate,place_on_plate,[],[],False,ood
767,0,look_over_table,,inspect_table,"[""1700:0"",""1958:0""]","[""fetch"",""state_change""]",,ood
767,1,check_bowl_0_location,state_change,place_bowl,"[""1488:2"",""2686:2""]","[""fetch"",""multi_object_sequence"",""open_container_then_retrieve"",""relocate""]",False,ood
767,2,check_plate_0_location,state_change,place_plate,"[""1379:0"",""4075:0""]","[""fetch"",""state_change""]",True,ood
767,3,get_missing_item,fetch,fetch_missing_fruit,[],[],False,ood
767,4,place_item_on_table,relocate,place_on_table,[],[],False,ood
768,0,scan_kitchen_work_area,,scan_table,"[""5235:0"",""1209:0""]","[""fetch"",""state_change""]",,ood
768,1,check_for_bowl_0,state_change,fetch_bowl,"[""4764:0"",""1488:0""]","[""fetch"",""state_change""]",True,ood
768,2,check_for_plate_0,state_change,place_plate,"[""3266:2"",""5679:2""]","[""relocate""]",False,ood
768,3,place_bowl_0_if_missing,relocate,place_bowl,[],[],False,ood
768,4,place_plate_0_if_missing,relocate,place_plate,[],[],False,ood
769,0,scan_table,,scan_table,"[""5235:0"",""1209:0""]","[""fetch"",""state_change""]",,ood
769,1,check_for_bowl,state_change,fetch_bowl,"[""4764:0"",""1488:0""]","[""fetch"",""state_change""]",True,ood
769,2,check_for_plate,state_change,set_plate,"[""7118:0"",""911:0""]","[""fetch"",""state_change""]",True,ood
769,3,place_bowl_on_table,relocate,place_on_table,[],[],False,ood
769,4,place_plate_on_table,relocate,place_on_plate,[],[],False,ood
770,0,examine_table,,inspect_table,"[""1700:0"",""1958:0""]","[""fetch"",""state_change""]",,ood
770,1,find_single_dish,fetch,fetch_bowl,"[""4764:0"",""1488:0""]","[""fetch"",""state_change""]",True,ood
770,2,supply_other_dish,,place_on_plate,"[""5169:2""]","[""relocate""]",,ood
770,3,position_both_dishes,,place_plate_on_kitchen_island,"[""1484:1""]","[""relocate""]",,ood
771,0,check_table_for_bowl_and_plate,state_change,check_table,"[""1502:0"",""1663:0""]","[""fetch"",""state_change""]",True,ood
771,1,if_bowl_missing_get_bowl,fetch,fetch_bowl,"[""1488:0"",""2686:0""]","[""fetch"",""state_change""]",True,ood
771,2,if_plate_missing_get_plate,fetch,set_plate,"[""5528:0"",""2966:0""]","[""fetch"",""state_change""]",True,ood
771,3,place_missing_dish_on_table,relocate,place_plate_on_kitchen_island,[],[],False,ood
772,0,check_kitchen_work_area_for_dishes,state_change,place_plate_on_kitchen_island,"[""2240:0"",""1484:1""]","[""fetch"",""relocate"",""state_change""]",True,ood
772,1,check_if_bowl_is_missing,state_change,fetch_bowl,"[""1488:0"",""2686:0""]","[""fetch"",""state_change""]",True,ood
772,2,check_if_plate_is_missing,state_change,set_plate,"[""5528:0"",""2966:0""]","[""fetch"",""state_change""]",True,ood
772,3,get_bowl_from_kitchen_work_area,fetch,place_bowl,[],[],False,ood
772,4,get_plate_from_kitchen_work_area,fetch,place_plate_on_kitchen_island,[],[],False,ood
772,5,place_bowl_on_table,relocate,place_on_table,[],[],False,ood
772,6,place_plate_on_table,relocate,place_on_plate,[],[],False,ood
773,0,check_table_for_bowl,state_change,check_table,"[""1039:0"",""1737:0""]","[""fetch"",""state_change""]",True,ood
773,1,check_table_for_plate,state_change,check_table,"[""2239:0"",""6057:0""]","[""fetch"",""state_change""]",True,ood
773,2,deliver_missing_bowl,relocate,fetch_bowl,"[""1488:0"",""2686:0""]","[""fetch"",""state_change""]",False,ood
773,3,deliver_missing_plate,relocate,place_plate,[],[],False,ood
774,0,observe_kitchen_work_area,,navigate_to_kitchen_island,"[""1484:0""]","[""fetch"",""state_change""]",,ood
774,1,decide_missing_item,,fetch_missing_fruit,"[""1207:1"",""2444:1""]","[""fetch"",""open_container_then_retrieve"",""relocate""]",,ood
774,2,fetch_missing_item,fetch,fetch_missing_fruit,[],[],False,ood
775,0,check_table_for_bowl,state_change,check_table,"[""1039:0"",""1737:0""]","[""fetch"",""state_change""]",True,ood
775,1,check_table_for_plate,state_change,check_table,"[""2239:0"",""6057:0""]","[""fetch"",""state_change""]",True,ood
775,2,deliver_missing_bowl,relocate,fetch_bowl,"[""1488:0"",""2686:0""]","[""fetch"",""state_change""]",False,ood
775,3,deliver_missing_plate,relocate,place_plate,[],[],False,ood
776,0,check_table_for_bowl_and_plate,state_change,check_table,"[""1502:0"",""1663:0""]","[""fetch"",""state_change""]",True,ood
776,1,if_bowl_missing_get_bowl,fetch,fetch_bowl,"[""1488:0"",""2686:0""]","[""fetch"",""state_change""]",True,ood
776,2,if_plate_missing_get_plate,fetch,set_plate,"[""5528:0"",""2966:0""]","[""fetch"",""state_change""]",True,ood
776,3,place_missing_dish_on_table,relocate,place_plate_on_kitchen_island,[],[],False,ood
777,0,examine_table,,inspect_table,"[""1700:0"",""1958:0""]","[""fetch"",""state_change""]",,ood
777,1,find_single_dish,fetch,fetch_bowl,"[""4764:0"",""1488:0""]","[""fetch"",""state_change""]",True,ood
777,2,supply_other_dish,,place_on_plate,"[""5169:2""]","[""relocate""]",,ood
777,3,position_both_dishes,,place_plate_on_kitchen_island,"[""1484:1""]","[""relocate""]",,ood
778,0,examine_kitchen_work_area,,navigate_to_kitchen_island,"[""1484:0""]","[""fetch"",""state_change""]",,ood
778,1,find_single_dish,fetch,fetch_bowl,"[""4764:0"",""1488:0""]","[""fetch"",""state_change""]",True,ood
778,2,supply_missing_dish,,fetch_bowl,"[""2686:0""]","[""fetch"",""state_change""]",,ood
779,0,observe_table,,inspect_table,"[""1700:0"",""1958:0""]","[""fetch"",""state_change""]",,ood
779,1,observe_kitchen_work_area,,navigate_to_kitchen_island,"[""1484:0""]","[""fetch"",""state_change""]",,ood
779,2,decide_missing_object,,inspect_object,"[""6838:1"",""1367:1""]","[""state_change""]",,ood
779,3,fetch_missing_object,fetch,fetch_object,"[""6411:0""]","[""fetch""]",True,ood
780,0,examine_table,,inspect_table,"[""1700:0"",""1958:0""]","[""fetch"",""state_change""]",,ood
780,1,find_single_dish,fetch,fetch_bowl,"[""4764:0"",""1488:0""]","[""fetch"",""state_change""]",True,ood
780,2,supply_missing_dish,,fetch_bowl,"[""2686:0""]","[""fetch"",""state_change""]",,ood
780,3,position_both_dishes,,place_plate_on_kitchen_island,"[""1484:1""]","[""relocate""]",,ood
781,0,check_table_for_bowl_and_plate,state_change,check_table,"[""1502:0"",""1663:0""]","[""fetch"",""state_change""]",True,ood
781,1,if_bowl_missing_get_bowl,fetch,fetch_bowl,"[""1488:0"",""2686:0""]","[""fetch"",""state_change""]",True,ood
781,2,if_plate_missing_get_plate,fetch,set_plate,"[""5528:0"",""2966:0""]","[""fetch"",""state_change""]",True,ood
781,3,place_missing_dish_on_table,relocate,place_plate_on_kitchen_island,[],[],False,ood
782,0,survey_table,state_change,survey_table,"[""1173:0"",""2647:0""]","[""fetch"",""state_change""]",True,ood
782,1,identify_missing_item,,fetch_missing_fruit,"[""1207:1"",""2444:1""]","[""fetch"",""open_container_then_retrieve"",""relocate""]",,ood
782,2,carry_missing_item_to_table,,move_to_table,"[""1210:1"",""2918:1""]","[""relocate""]",,ood
783,0,find_non_table_item,fetch,inspect_table,"[""1700:0"",""1958:0""]","[""fetch"",""state_change""]",True,ood
783,1,move_to_non_table_item,,move_to_table,"[""1210:1"",""2918:1""]","[""relocate""]",,ood
783,2,pick_non_table_item,fetch,move_to_table,"[""3979:1""]","[""relocate""]",False,ood
783,3,move_to_table,,move_to_table,[],[],,ood
783,4,place_non_table_item_on_table,relocate,place_on_table,"[""3156:2""]","[""multi_object_sequence"",""relocate""]",True,ood
784,0,check_kitchen_work_area_for_dishes,state_change,place_plate_on_kitchen_island,"[""2240:0"",""1484:1""]","[""fetch"",""relocate"",""state_change""]",True,ood
784,1,check_if_bowl_is_missing,state_change,fetch_bowl,"[""1488:0"",""2686:0""]","[""fetch"",""state_change""]",True,ood
784,2,check_if_plate_is_missing,state_change,set_plate,"[""5528:0"",""2966:0""]","[""fetch"",""state_change""]",True,ood
784,3,get_bowl_from_kitchen_work_area,fetch,place_bowl,[],[],False,ood
784,4,get_plate_from_kitchen_work_area,fetch,place_plate_on_kitchen_island,[],[],False,ood
784,5,place_bowl_on_table,relocate,place_on_table,[],[],False,ood
784,6,place_plate_on_table,relocate,place_on_plate,[],[],False,ood
785,0,look_over_table,,inspect_table,"[""1700:0"",""1958:0""]","[""fetch"",""state_change""]",,ood
785,1,check_bowl_0_location,state_change,place_bowl,"[""1488:2"",""2686:2""]","[""fetch"",""multi_object_sequence"",""open_container_then_retrieve"",""relocate""]",False,ood
785,2,check_plate_0_location,state_change,place_plate,"[""1379:0"",""4075:0""]","[""fetch"",""state_change""]",True,ood
785,3,get_missing_item,fetch,fetch_missing_fruit,[],[],False,ood
785,4,place_item_on_table,relocate,place_on_table,[],[],False,ood
786,0,check_kitchen_work_area_for_dishes,state_change,place_plate_on_kitchen_island,"[""2240:0"",""1484:1""]","[""fetch"",""relocate"",""state_change""]",True,ood
786,1,check_if_bowl_is_missing,state_change,fetch_bowl,"[""1488:0"",""2686:0""]","[""fetch"",""state_change""]",True,ood
786,2,check_if_plate_is_missing,state_change,set_plate,"[""5528:0"",""2966:0""]","[""fetch"",""state_change""]",True,ood
786,3,get_bowl_from_kitchen_work_area,fetch,place_bowl,[],[],False,ood
786,4,get_plate_from_kitchen_work_area,fetch,place_plate_on_kitchen_island,[],[],False,ood
786,5,place_bowl_on_table,relocate,place_on_table,[],[],False,ood
786,6,place_plate_on_table,relocate,place_on_plate,[],[],False,ood
787,0,observe_table_for_bowl_0,,inspect_table,"[""1700:0"",""1958:0""]","[""fetch"",""state_change""]",,ood
787,1,observe_table_for_plate_0,,inspect_table,"[""3510:0"",""3156:1""]","[""fetch"",""open_container_then_retrieve"",""relocate"",""state_change""]",,ood
787,2,bring_along_undetected_bowl_or_plate,relocate,place_on_plate,"[""5169:2""]","[""relocate""]",True,ood
788,0,scan_table,,scan_table,"[""5235:0"",""1209:0""]","[""fetch"",""state_change""]",,ood
788,1,check_for_bowl,state_change,fetch_bowl,"[""4764:0"",""1488:0""]","[""fetch"",""state_change""]",True,ood
788,2,check_for_plate,state_change,set_plate,"[""7118:0"",""911:0""]","[""fetch"",""state_change""]",True,ood
788,3,place_bowl_on_table,relocate,place_on_table,[],[],False,ood
788,4,place_plate_on_table,relocate,place_on_plate,[],[],False,ood
789,0,check_table_for_bowl_and_plate,state_change,check_table,"[""1502:0"",""1663:0""]","[""fetch"",""state_change""]",True,ood
789,1,if_bowl_missing_get_bowl,fetch,fetch_bowl,"[""1488:0"",""2686:0""]","[""fetch"",""state_change""]",True,ood
789,2,if_plate_missing_get_plate,fetch,set_plate,"[""5528:0"",""2966:0""]","[""fetch"",""state_change""]",True,ood
789,3,place_missing_dish_on_table,relocate,place_plate_on_kitchen_island,[],[],False,ood
790,0,survey_table,state_change,survey_table,"[""1173:0"",""2647:0""]","[""fetch"",""state_change""]",True,ood
790,1,identify_missing_item,,fetch_missing_fruit,"[""1207:1"",""2444:1""]","[""fetch"",""open_container_then_retrieve"",""relocate""]",,ood
790,2,carry_missing_item_to_table,,move_to_table,"[""1210:1"",""2918:1""]","[""relocate""]",,ood
791,0,check_table_for_bowl,state_change,check_table,"[""1039:0"",""1737:0""]","[""fetch"",""state_change""]",True,ood
791,1,check_table_for_plate,state_change,check_table,"[""2239:0"",""6057:0""]","[""fetch"",""state_change""]",True,ood
791,2,deliver_missing_bowl,relocate,fetch_bowl,"[""1488:0"",""2686:0""]","[""fetch"",""state_change""]",False,ood
791,3,deliver_missing_plate,relocate,place_plate,[],[],False,ood
792,0,observe_kitchen_work_area,,navigate_to_kitchen_island,"[""1484:0""]","[""fetch"",""state_change""]",,ood
792,1,decide_missing_item,,fetch_missing_fruit,"[""1207:1"",""2444:1""]","[""fetch"",""open_container_then_retrieve"",""relocate""]",,ood
792,2,fetch_missing_item,fetch,fetch_missing_fruit,[],[],False,ood
793,0,survey_table,state_change,survey_table,"[""1173:0"",""2647:0""]","[""fetch"",""state_change""]",True,ood
793,1,identify_missing_item,,fetch_missing_fruit,"[""1207:1"",""2444:1""]","[""fetch"",""open_container_then_retrieve"",""relocate""]",,ood
793,2,carry_missing_item_to_table,,move_to_table,"[""1210:1"",""2918:1""]","[""relocate""]",,ood
794,0,look_for_bowl_0_on_table,,fetch_bowl,"[""4764:0"",""1488:0""]","[""fetch"",""state_change""]",,ood
794,1,look_for_plate_0_on_table,,place_on_plate,"[""5169:2""]","[""relocate""]",,ood
794,2,retrieve_bowl_0_if_missing,fetch,fetch_bowl,"[""2686:0""]","[""fetch"",""state_change""]",True,ood
794,3,retrieve_plate_0_if_missing,fetch,set_plate,"[""5528:0"",""2966:0""]","[""fetch"",""state_change""]",True,ood
794,4,place_bowl_0_on_table_if_missing,relocate,place_bowl,[],[],False,ood
794,5,place_plate_0_on_table_if_missing,relocate,place_on_plate,[],[],False,ood
795,0,observe_table,,inspect_table,"[""1700:0"",""1958:0""]","[""fetch"",""state_change""]",,ood
795,1,observe_kitchen_work_area,,navigate_to_kitchen_island,"[""1484:0""]","[""fetch"",""state_change""]",,ood
795,2,decide_missing_object,,inspect_object,"[""6838:1"",""1367:1""]","[""state_change""]",,ood
795,3,fetch_missing_object,fetch,fetch_object,"[""6411:0""]","[""fetch""]",True,ood
796,0,observe_kitchen_work_area,,navigate_to_kitchen_island,"[""1484:0""]","[""fetch"",""state_change""]",,ood
796,1,decide_missing_item,,fetch_missing_fruit,"[""1207:1"",""2444:1""]","[""fetch"",""open_container_then_retrieve"",""relocate""]",,ood
796,2,fetch_missing_item,fetch,fetch_missing_fruit,[],[],False,ood
797,0,check_table_for_bowl_and_plate,state_change,check_table,"[""1502:0"",""1663:0""]","[""fetch"",""state_change""]",True,ood
797,1,if_bowl_missing_get_bowl,fetch,fetch_bowl,"[""1488:0"",""2686:0""]","[""fetch"",""state_change""]",True,ood
797,2,if_plate_missing_get_plate,fetch,set_plate,"[""5528:0"",""2966:0""]","[""fetch"",""state_change""]",True,ood
797,3,place_missing_dish_on_table,relocate,place_plate_on_kitchen_island,[],[],False,ood
798,0,check_table_for_bowl_and_plate,state_change,check_table,"[""1502:0"",""1663:0""]","[""fetch"",""state_change""]",True,ood
798,1,if_bowl_missing_get_bowl,fetch,fetch_bowl,"[""1488:0"",""2686:0""]","[""fetch"",""state_change""]",True,ood
798,2,if_plate_missing_get_plate,fetch,set_plate,"[""5528:0"",""2966:0""]","[""fetch"",""state_change""]",True,ood
798,3,place_missing_dish_on_table,relocate,place_plate_on_kitchen_island,[],[],False,ood
799,0,check_table_for_bowl_0,state_change,check_table,"[""1039:0"",""1737:0""]","[""fetch"",""state_change""]",True,ood
799,1,check_table_for_plate_0,state_change,check_table,"[""2239:0"",""6057:0""]","[""fetch"",""state_change""]",True,ood
799,2,deliver_bowl_0_if_missing,relocate,fetch_bowl,"[""1488:0"",""2686:0""]","[""fetch"",""state_change""]",False,ood
799,3,deliver_plate_0_if_missing,relocate,place_plate,[],[],False,ood
800,0,examine_table,,inspect_table,"[""1700:0"",""1958:0""]","[""fetch"",""state_change""]",,ood
800,1,find_single_dish,fetch,fetch_bowl,"[""4764:0"",""1488:0""]","[""fetch"",""state_change""]",True,ood
800,2,supply_other_dish,,place_on_plate,"[""5169:2""]","[""relocate""]",,ood
800,3,position_both_dishes,,place_plate_on_kitchen_island,"[""1484:1""]","[""relocate""]",,ood
801,0,look_for_bowl_0_on_table,,fetch_bowl,"[""4764:0"",""1488:0""]","[""fetch"",""state_change""]",,ood
801,1,look_for_plate_0_on_table,,place_on_plate,"[""5169:2""]","[""relocate""]",,ood
801,2,retrieve_bowl_0_if_missing,fetch,fetch_bowl,"[""2686:0""]","[""fetch"",""state_change""]",True,ood
801,3,retrieve_plate_0_if_missing,fetch,set_plate,"[""5528:0"",""2966:0""]","[""fetch"",""state_change""]",True,ood
801,4,place_bowl_0_on_table_if_missing,relocate,place_bowl,[],[],False,ood
801,5,place_plate_0_on_table_if_missing,relocate,place_on_plate,[],[],False,ood
802,0,find_non_table_item,fetch,inspect_table,"[""1700:0"",""1958:0""]","[""fetch"",""state_change""]",True,ood
802,1,move_to_non_table_item,,move_to_table,"[""1210:1"",""2918:1""]","[""relocate""]",,ood
802,2,pick_non_table_item,fetch,move_to_table,"[""3979:1""]","[""relocate""]",False,ood
802,3,move_to_table,,move_to_table,[],[],,ood
802,4,place_non_table_item_on_table,relocate,place_on_table,"[""3156:2""]","[""multi_object_sequence"",""relocate""]",True,ood
803,0,look_for_bowl_0_on_table,,fetch_bowl,"[""4764:0"",""1488:0""]","[""fetch"",""state_change""]",,ood
803,1,look_for_plate_0_on_table,,place_on_plate,"[""5169:2""]","[""relocate""]",,ood
803,2,retrieve_bowl_0_if_missing,fetch,fetch_bowl,"[""2686:0""]","[""fetch"",""state_change""]",True,ood
803,3,retrieve_plate_0_if_missing,fetch,set_plate,"[""5528:0"",""2966:0""]","[""fetch"",""state_change""]",True,ood
803,4,place_bowl_0_on_table_if_missing,relocate,place_bowl,[],[],False,ood
803,5,place_plate_0_on_table_if_missing,relocate,place_on_plate,[],[],False,ood
804,0,find_non_table_item,fetch,inspect_table,"[""1700:0"",""1958:0""]","[""fetch"",""state_change""]",True,ood
804,1,move_to_non_table_item,,move_to_table,"[""1210:1"",""2918:1""]","[""relocate""]",,ood
804,2,pick_non_table_item,fetch,move_to_table,"[""3979:1""]","[""relocate""]",False,ood
804,3,move_to_table,,move_to_table,[],[],,ood
804,4,place_non_table_item_on_table,relocate,place_on_table,"[""3156:2""]","[""multi_object_sequence"",""relocate""]",True,ood
805,0,inspect_table,state_change,inspect_table,"[""1700:0"",""1958:0""]","[""fetch"",""state_change""]",True,ood
805,1,fetch_hidden_dish,fetch,fetch_bowl,"[""4764:0"",""1488:0""]","[""fetch"",""state_change""]",True,ood
805,2,place_dish_on_table,relocate,place_on_table,"[""3156:2"",""3173:2""]","[""multi_object_sequence"",""relocate""]",True,ood
806,0,check_kitchen_work_area_for_dishes,state_change,place_plate_on_kitchen_island,"[""2240:0"",""1484:1""]","[""fetch"",""relocate"",""state_change""]",True,ood
806,1,check_if_bowl_is_missing,state_change,fetch_bowl,"[""1488:0"",""2686:0""]","[""fetch"",""state_change""]",True,ood
806,2,check_if_plate_is_missing,state_change,set_plate,"[""5528:0"",""2966:0""]","[""fetch"",""state_change""]",True,ood
806,3,get_bowl_from_kitchen_work_area,fetch,place_bowl,[],[],False,ood
806,4,get_plate_from_kitchen_work_area,fetch,place_plate_on_kitchen_island,[],[],False,ood
806,5,place_bowl_on_table,relocate,place_on_table,[],[],False,ood
806,6,place_plate_on_table,relocate,place_on_plate,[],[],False,ood
807,0,scan_table,,scan_table,"[""5235:0"",""1209:0""]","[""fetch"",""state_change""]",,ood
807,1,check_bowl_presence,state_change,place_bowl,"[""3697:1"",""6464:1""]","[""multi_object_sequence"",""relocate""]",False,ood
807,2,check_plate_presence,state_change,place_plate,"[""3266:2"",""5679:2""]","[""relocate""]",False,ood
807,3,place_bowl_if_needed,relocate,place_bowl,[],[],False,ood
807,4,place_plate_if_needed,relocate,place_plate,[],[],False,ood
808,0,survey_table,state_change,survey_table,"[""1173:0"",""2647:0""]","[""fetch"",""state_change""]",True,ood
808,1,identify_missing_item,,fetch_missing_fruit,"[""1207:1"",""2444:1""]","[""fetch"",""open_container_then_retrieve"",""relocate""]",,ood
808,2,carry_missing_item_to_table,,move_to_table,"[""1210:1"",""2918:1""]","[""relocate""]",,ood
809,0,observe_table,,inspect_table,"[""1700:0"",""1958:0""]","[""fetch"",""state_change""]",,ood
809,1,observe_kitchen_work_area,,navigate_to_kitchen_island,"[""1484:0""]","[""fetch"",""state_change""]",,ood
809,2,decide_missing_object,,inspect_object,"[""6838:1"",""1367:1""]","[""state_change""]",,ood
809,3,fetch_missing_object,fetch,fetch_object,"[""6411:0""]","[""fetch""]",True,ood
810,0,scan_kitchen_work_area,,scan_table,"[""5235:0"",""1209:0""]","[""fetch"",""state_change""]",,ood
810,1,check_for_bowl_0,state_change,fetch_bowl,"[""4764:0"",""1488:0""]","[""fetch"",""state_change""]",True,ood
810,2,check_for_plate_0,state_change,place_plate,"[""3266:2"",""5679:2""]","[""relocate""]",False,ood
810,3,place_bowl_0_if_missing,relocate,place_bowl,[],[],False,ood
810,4,place_plate_0_if_missing,relocate,place_plate,[],[],False,ood
811,0,look_at_table,,inspect_table,"[""1700:0"",""1958:0""]","[""fetch"",""state_change""]",,ood
811,1,verify_bowl_0_on_table,,check_table,"[""1039:0"",""1737:0""]","[""fetch"",""state_change""]",,ood
811,2,verify_plate_0_on_table,,check_table,"[""2239:0"",""6057:0""]","[""fetch"",""state_change""]",,ood
811,3,go_to_kitchen_work_area,,navigate_to_kitchen_island,[],[],,ood
811,4,retrieve_plate_0,fetch,set_plate,[],[],False,ood
811,5,place_plate_0_on_table,relocate,place_on_plate,[],[],False,ood
812,0,observe_table,,inspect_table,"[""1700:0"",""1958:0""]","[""fetch"",""state_change""]",,ood
812,1,observe_kitchen_work_area,,navigate_to_kitchen_island,"[""1484:0""]","[""fetch"",""state_change""]",,ood
812,2,decide_missing_object,,inspect_object,"[""6838:1"",""1367:1""]","[""state_change""]",,ood
812,3,fetch_missing_object,fetch,fetch_object,"[""6411:0""]","[""fetch""]",True,ood
813,0,scan_kitchen_work_area,,scan_table,"[""5235:0"",""1209:0""]","[""fetch"",""state_change""]",,ood
813,1,check_for_bowl_0,state_change,fetch_bowl,"[""4764:0"",""1488:0""]","[""fetch"",""state_change""]",True,ood
813,2,check_for_plate_0,state_change,place_plate,"[""3266:2"",""5679:2""]","[""relocate""]",False,ood
813,3,place_bowl_0_if_missing,relocate,place_bowl,[],[],False,ood
813,4,place_plate_0_if_missing,relocate,place_plate,[],[],False,ood
814,0,observe_kitchen_work_area,,navigate_to_kitchen_island,"[""1484:0""]","[""fetch"",""state_change""]",,ood
814,1,decide_missing_item,,fetch_missing_fruit,"[""1207:1"",""2444:1""]","[""fetch"",""open_container_then_retrieve"",""relocate""]",,ood
814,2,fetch_missing_item,fetch,fetch_missing_fruit,[],[],False,ood
815,0,inspect_kitchen_work_area,state_change,inspect_cabinet,"[""144:0"",""1774:0""]","[""state_change""]",True,ood
815,1,fetch_bowl_1,fetch,fetch_bowl,"[""4764:0"",""1488:0""]","[""fetch"",""state_change""]",True,ood
815,2,place_bowl_1_on_table,relocate,place_bowl,"[""4764:1"",""3697:1""]","[""multi_object_sequence"",""relocate""]",True,ood
815,3,fetch_plate_0,fetch,place_plate,[],[],False,ood
815,4,place_plate_0_on_table,relocate,place_on_plate,[],[],False,ood
816,0,inspect_table,state_change,inspect_table,"[""1700:0"",""1958:0""]","[""fetch"",""state_change""]",True,ood
816,1,fetch_hidden_dish,fetch,fetch_bowl,"[""4764:0"",""1488:0""]","[""fetch"",""state_change""]",True,ood
816,2,place_dish_on_table,relocate,place_on_table,"[""3156:2"",""3173:2""]","[""multi_object_sequence"",""relocate""]",True,ood
817,0,examine_table,,inspect_table,"[""1700:0"",""1958:0""]","[""fetch"",""state_change""]",,ood
817,1,find_single_dish,fetch,fetch_bowl,"[""4764:0"",""1488:0""]","[""fetch"",""state_change""]",True,ood
817,2,supply_other_dish,,place_on_plate,"[""5169:2""]","[""relocate""]",,ood
817,3,position_both_dishes,,place_plate_on_kitchen_island,"[""1484:1""]","[""relocate""]",,ood
818,0,look_over_table,,inspect_table,"[""1700:0"",""1958:0""]","[""fetch"",""state_change""]",,ood
818,1,check_bowl_0_location,state_change,place_bowl,"[""1488:2"",""2686:2""]","[""fetch"",""multi_object_sequence"",""open_container_then_retrieve"",""relocate""]",False,ood
818,2,check_plate_0_location,state_change,place_plate,"[""1379:0"",""4075:0""]","[""fetch"",""state_change""]",True,ood
818,3,get_missing_item,fetch,fetch_missing_fruit,[],[],False,ood
818,4,place_item_on_table,relocate,place_on_table,[],[],False,ood
819,0,check_kitchen_work_area_for_dishes,state_change,place_plate_on_kitchen_island,"[""2240:0"",""1484:1""]","[""fetch"",""relocate"",""state_change""]",True,ood
819,1,check_if_bowl_is_missing,state_change,fetch_bowl,"[""1488:0"",""2686:0""]","[""fetch"",""state_change""]",True,ood
819,2,check_if_plate_is_missing,state_change,set_plate,"[""5528:0"",""2966:0""]","[""fetch"",""state_change""]",True,ood
819,3,get_bowl_from_kitchen_work_area,fetch,place_bowl,[],[],False,ood
819,4,get_plate_from_kitchen_work_area,fetch,place_plate_on_kitchen_island,[],[],False,ood
819,5,place_bowl_on_table,relocate,place_on_table,[],[],False,ood
819,6,place_plate_on_table,relocate,place_on_plate,[],[],False,ood
820,0,check_table_for_bowl_0,state_change,check_table,"[""1039:0"",""1737:0""]","[""fetch"",""state_change""]",True,ood
820,1,check_table_for_plate_0,state_change,check_table,"[""2239:0"",""6057:0""]","[""fetch"",""state_change""]",True,ood
820,2,deliver_bowl_0_if_missing,relocate,fetch_bowl,"[""1488:0"",""2686:0""]","[""fetch"",""state_change""]",False,ood
820,3,deliver_plate_0_if_missing,relocate,place_plate,[],[],False,ood
821,0,examine_table,,inspect_table,"[""1700:0"",""1958:0""]","[""fetch"",""state_change""]",,ood
821,1,find_single_dish,fetch,fetch_bowl,"[""4764:0"",""1488:0""]","[""fetch"",""state_change""]",True,ood
821,2,supply_missing_dish,,fetch_bowl,"[""2686:0""]","[""fetch"",""state_change""]",,ood
821,3,position_both_dishes,,place_plate_on_kitchen_island,"[""1484:1""]","[""relocate""]",,ood
822,0,glance_at_table,,inspect_table,"[""1633:0"",""2098:0""]","[""fetch"",""state_change""]",,ood
822,1,confirm_bowl_and_plate,,place_bowl,"[""1488:2"",""2686:2""]","[""fetch"",""multi_object_sequence"",""open_container_then_retrieve"",""relocate""]",,ood
822,2,fetch_absent_dish,fetch,fetch_bowl,"[""1488:0"",""2686:0""]","[""fetch"",""state_change""]",True,ood
823,0,check_table_for_bowl_0,state_change,check_table,"[""1039:0"",""1737:0""]","[""fetch"",""state_change""]",True,ood
823,1,check_table_for_plate_0,state_change,check_table,"[""2239:0"",""6057:0""]","[""fetch"",""state_change""]",True,ood
823,2,deliver_bowl_0_if_missing,relocate,fetch_bowl,"[""1488:0"",""2686:0""]","[""fetch"",""state_change""]",False,ood
823,3,deliver_plate_0_if_missing,relocate,place_plate,[],[],False,ood
824,0,check_table_for_bowl,state_change,check_table,"[""1039:0"",""1737:0""]","[""fetch"",""state_change""]",True,ood
824,1,check_table_for_plate,state_change,check_table,"[""2239:0"",""6057:0""]","[""fetch"",""state_change""]",True,ood
824,2,deliver_missing_bowl,relocate,fetch_bowl,"[""1488:0"",""2686:0""]","[""fetch"",""state_change""]",False,ood
824,3,deliver_missing_plate,relocate,place_plate,[],[],False,ood
825,0,inspect_table,state_change,inspect_table,"[""1700:0"",""1958:0""]","[""fetch"",""state_change""]",True,ood
825,1,fetch_hidden_dish,fetch,fetch_bowl,"[""4764:0"",""1488:0""]","[""fetch"",""state_change""]",True,ood
825,2,place_dish_on_table,relocate,place_on_table,"[""3156:2"",""3173:2""]","[""multi_object_sequence"",""relocate""]",True,ood
826,0,survey_table,state_change,survey_table,"[""1173:0"",""2647:0""]","[""fetch"",""state_change""]",True,ood
826,1,identify_missing_item,,fetch_missing_fruit,"[""1207:1"",""2444:1""]","[""fetch"",""open_container_then_retrieve"",""relocate""]",,ood
826,2,carry_missing_item_to_table,,move_to_table,"[""1210:1"",""2918:1""]","[""relocate""]",,ood
827,0,inspect_table,state_change,inspect_table,"[""1700:0"",""1958:0""]","[""fetch"",""state_change""]",True,ood
827,1,fetch_bowl_0,fetch,fetch_bowl,"[""4764:0"",""1488:0""]","[""fetch"",""state_change""]",True,ood
827,2,place_bowl_0_on_table,relocate,place_bowl,"[""4764:1"",""1488:2""]","[""fetch"",""multi_object_sequence"",""open_container_then_retrieve"",""relocate""]",True,ood
827,3,fetch_plate_0,fetch,place_plate,[],[],False,ood
827,4,place_plate_0_on_table,relocate,place_on_plate,[],[],False,ood
828,0,check_table_for_bowl_and_plate,state_change,check_table,"[""1039:0"",""1737:0""]","[""fetch"",""state_change""]",True,ood
828,1,check_if_bowl_is_missing,state_change,fetch_bowl,"[""1488:0"",""2686:0""]","[""fetch"",""state_change""]",True,ood
828,2,check_if_plate_is_missing,state_change,set_plate,"[""7118:0"",""911:0""]","[""fetch"",""state_change""]",True,ood
828,3,deliver_missing_bowl,relocate,fetch_bowl,[],[],False,ood
828,4,deliver_missing_plate,relocate,place_plate,[],[],False,ood
829,0,survey_table,state_change,survey_table,"[""1173:0"",""2647:0""]","[""fetch"",""state_change""]",True,ood
829,1,identify_missing_item,,fetch_missing_fruit,"[""1207:1"",""2444:1""]","[""fetch"",""open_container_then_retrieve"",""relocate""]",,ood
829,2,carry_missing_item_to_table,,move_to_table,"[""1210:1"",""2918:1""]","[""relocate""]",,ood
830,0,check_table_for_bowl,state_change,check_table,"[""1039:0"",""1737:0""]","[""fetch"",""state_change""]",True,ood
830,1,check_table_for_plate,state_change,check_table,"[""2239:0"",""6057:0""]","[""fetch"",""state_change""]",True,ood
830,2,deliver_missing_bowl,relocate,fetch_bowl,"[""1488:0"",""2686:0""]","[""fetch"",""state_change""]",False,ood
830,3,deliver_missing_plate,relocate,place_plate,[],[],False,ood
831,0,observe_table,,inspect_table,"[""1700:0"",""1958:0""]","[""fetch"",""state_change""]",,ood
831,1,observe_kitchen_work_area,,navigate_to_kitchen_island,"[""1484:0""]","[""fetch"",""state_change""]",,ood
831,2,decide_missing_object,,inspect_object,"[""6838:1"",""1367:1""]","[""state_change""]",,ood
831,3,fetch_missing_object,fetch,fetch_object,"[""6411:0""]","[""fetch""]",True,ood
832,0,observe_kitchen_work_area,,navigate_to_kitchen_island,"[""1484:0""]","[""fetch"",""state_change""]",,ood
832,1,decide_missing_item,,fetch_missing_fruit,"[""1207:1"",""2444:1""]","[""fetch"",""open_container_then_retrieve"",""relocate""]",,ood
832,2,fetch_missing_item,fetch,fetch_missing_fruit,[],[],False,ood
833,0,glance_at_table,,inspect_table,"[""1633:0"",""2098:0""]","[""fetch"",""state_change""]",,ood
833,1,confirm_bowl_and_plate,,place_bowl,"[""1488:2"",""2686:2""]","[""fetch"",""multi_object_sequence"",""open_container_then_retrieve"",""relocate""]",,ood
833,2,fetch_absent_dish,fetch,fetch_bowl,"[""1488:0"",""2686:0""]","[""fetch"",""state_change""]",True,ood
834,0,scan_kitchen_work_area,,scan_table,"[""5235:0"",""1209:0""]","[""fetch"",""state_change""]",,ood
834,1,check_for_bowl_0,state_change,fetch_bowl,"[""4764:0"",""1488:0""]","[""fetch"",""state_change""]",True,ood
834,2,check_for_plate_0,state_change,place_plate,"[""3266:2"",""5679:2""]","[""relocate""]",False,ood
834,3,place_bowl_0_if_missing,relocate,place_bowl,[],[],False,ood
834,4,place_plate_0_if_missing,relocate,place_plate,[],[],False,ood
835,0,inspect_kitchen_work_area,state_change,inspect_cabinet,"[""144:0"",""1774:0""]","[""state_change""]",True,ood
835,1,fetch_bowl_1,fetch,fetch_bowl,"[""4764:0"",""1488:0""]","[""fetch"",""state_change""]",True,ood
835,2,place_bowl_1_on_kitchen_work_area,relocate,place_bowl,"[""4764:1"",""3697:1""]","[""multi_object_sequence"",""relocate""]",True,ood
835,3,fetch_plate_0,fetch,place_plate,[],[],False,ood
835,4,place_plate_0_on_kitchen_work_area,relocate,place_plate_on_kitchen_island,[],[],False,ood
836,0,observe_table,,inspect_table,"[""1700:0"",""1958:0""]","[""fetch"",""state_change""]",,ood
836,1,observe_kitchen_work_area,,navigate_to_kitchen_island,"[""1484:0""]","[""fetch"",""state_change""]",,ood
836,2,decide_missing_object,,inspect_object,"[""6838:1"",""1367:1""]","[""state_change""]",,ood
836,3,fetch_missing_object,fetch,fetch_object,"[""6411:0""]","[""fetch""]",True,ood
837,0,check_table_for_bowl_0,state_change,check_table,"[""1039:0"",""1737:0""]","[""fetch"",""state_change""]",True,ood
837,1,check_table_for_plate_0,state_change,check_table,"[""2239:0"",""6057:0""]","[""fetch"",""state_change""]",True,ood
837,2,deliver_bowl_0_if_missing,relocate,fetch_bowl,"[""1488:0"",""2686:0""]","[""fetch"",""state_change""]",False,ood
837,3,deliver_plate_0_if_missing,relocate,place_plate,[],[],False,ood
838,0,check_table_for_bowl_and_plate,state_change,check_table,"[""1039:0"",""1737:0""]","[""fetch"",""state_change""]",True,ood
838,1,check_if_bowl_is_missing,state_change,fetch_bowl,"[""1488:0"",""2686:0""]","[""fetch"",""state_change""]",True,ood
838,2,check_if_plate_is_missing,state_change,set_plate,"[""7118:0"",""911:0""]","[""fetch"",""state_change""]",True,ood
838,3,deliver_missing_bowl,relocate,fetch_bowl,[],[],False,ood
838,4,deliver_missing_plate,relocate,place_plate,[],[],False,ood
839,0,glance_at_table,,inspect_table,"[""1633:0"",""2098:0""]","[""fetch"",""state_change""]",,ood
839,1,confirm_one_bowl_and_one_plate,,place_bowl,"[""1488:2"",""2686:2""]","[""fetch"",""multi_object_sequence"",""open_container_then_retrieve"",""relocate""]",,ood
839,2,fetch_absent_dish,fetch,fetch_bowl,"[""1488:0"",""2686:0""]","[""fetch"",""state_change""]",True,ood
840,0,survey_table,state_change,survey_table,"[""1173:0"",""2647:0""]","[""fetch"",""state_change""]",True,ood
840,1,identify_missing_item,,fetch_missing_fruit,"[""1207:1"",""2444:1""]","[""fetch"",""open_container_then_retrieve"",""relocate""]",,ood
840,2,carry_missing_item_to_table,,move_to_table,"[""1210:1"",""2918:1""]","[""relocate""]",,ood
841,0,scan_table,,scan_table,"[""5235:0"",""1209:0""]","[""fetch"",""state_change""]",,ood
841,1,check_bowl_presence,state_change,place_bowl,"[""3697:1"",""6464:1""]","[""multi_object_sequence"",""relocate""]",False,ood
841,2,check_plate_presence,state_change,place_plate,"[""3266:2"",""5679:2""]","[""relocate""]",False,ood
841,3,place_bowl_if_needed,relocate,place_bowl,[],[],False,ood
841,4,place_plate_if_needed,relocate,place_plate,[],[],False,ood
842,0,look_for_bowl_0_on_table,,fetch_bowl,"[""4764:0"",""1488:0""]","[""fetch"",""state_change""]",,ood
842,1,look_for_plate_0_on_table,,place_on_plate,"[""5169:2""]","[""relocate""]",,ood
842,2,retrieve_missing_bowl_or_plate,fetch,fetch_bowl,"[""2686:0""]","[""fetch"",""state_change""]",True,ood
843,0,glance_at_table,,inspect_table,"[""1633:0"",""2098:0""]","[""fetch"",""state_change""]",,ood
843,1,confirm_bowl_and_plate,,place_bowl,"[""1488:2"",""2686:2""]","[""fetch"",""multi_object_sequence"",""open_container_then_retrieve"",""relocate""]",,ood
843,2,fetch_absent_dish,fetch,fetch_bowl,"[""1488:0"",""2686:0""]","[""fetch"",""state_change""]",True,ood
844,0,inspect_table,state_change,inspect_table,"[""1700:0"",""1958:0""]","[""fetch"",""state_change""]",True,ood
844,1,fetch_bowl_0,fetch,fetch_bowl,"[""4764:0"",""1488:0""]","[""fetch"",""state_change""]",True,ood
844,2,place_bowl_0_on_table,relocate,place_bowl,"[""4764:1"",""1488:2""]","[""fetch"",""multi_object_sequence"",""open_container_then_retrieve"",""relocate""]",True,ood
844,3,fetch_plate_0,fetch,place_plate,[],[],False,ood
844,4,place_plate_0_on_table,relocate,place_on_plate,[],[],False,ood
845,0,look_over_table,,inspect_table,"[""1700:0"",""1958:0""]","[""fetch"",""state_change""]",,ood
845,1,check_bowl_0_location,state_change,place_bowl,"[""1488:2"",""2686:2""]","[""fetch"",""multi_object_sequence"",""open_container_then_retrieve"",""relocate""]",False,ood
845,2,check_plate_0_location,state_change,place_plate,"[""1379:0"",""4075:0""]","[""fetch"",""state_change""]",True,ood
845,3,get_missing_item,fetch,fetch_missing_fruit,[],[],False,ood
845,4,place_item_on_table,relocate,place_on_table,[],[],False,ood
846,0,survey_table,state_change,survey_table,"[""1173:0"",""2647:0""]","[""fetch"",""state_change""]",True,ood
846,1,identify_missing_item,,fetch_missing_fruit,"[""1207:1"",""2444:1""]","[""fetch"",""open_container_then_retrieve"",""relocate""]",,ood
846,2,carry_missing_item_to_table,,move_to_table,"[""1210:1"",""2918:1""]","[""relocate""]",,ood
847,0,examine_kitchen_work_area,,navigate_to_kitchen_island,"[""1484:0""]","[""fetch"",""state_change""]",,ood
847,1,find_single_dish,fetch,fetch_bowl,"[""4764:0"",""1488:0""]","[""fetch"",""state_change""]",True,ood
847,2,supply_missing_dish,,fetch_bowl,"[""2686:0""]","[""fetch"",""state_change""]",,ood
848,0,look_for_bowl_0_on_table,,fetch_bowl,"[""4764:0"",""1488:0""]","[""fetch"",""state_change""]",,ood
848,1,look_for_plate_0_on_table,,place_on_plate,"[""5169:2""]","[""relocate""]",,ood
848,2,retrieve_bowl_0_if_missing,fetch,fetch_bowl,"[""2686:0""]","[""fetch"",""state_change""]",True,ood
848,3,retrieve_plate_0_if_missing,fetch,set_plate,"[""5528:0"",""2966:0""]","[""fetch"",""state_change""]",True,ood
848,4,place_bowl_0_on_table_if_missing,relocate,place_bowl,[],[],False,ood
848,5,place_plate_0_on_table_if_missing,relocate,place_on_plate,[],[],False,ood
849,0,survey_table,state_change,survey_table,"[""1173:0"",""2647:0""]","[""fetch"",""state_change""]",True,ood
849,1,identify_missing_item,,fetch_missing_fruit,"[""1207:1"",""2444:1""]","[""fetch"",""open_container_then_retrieve"",""relocate""]",,ood
849,2,carry_missing_item_to_table,,move_to_table,"[""1210:1"",""2918:1""]","[""relocate""]",,ood
850,0,examine_kitchen_work_area,,navigate_to_kitchen_island,"[""1484:0""]","[""fetch"",""state_change""]",,ood
850,1,find_single_dish,fetch,fetch_bowl,"[""4764:0"",""1488:0""]","[""fetch"",""state_change""]",True,ood
850,2,supply_missing_dish,,fetch_bowl,"[""2686:0""]","[""fetch"",""state_change""]",,ood
851,0,examine_table,,inspect_table,"[""1700:0"",""1958:0""]","[""fetch"",""state_change""]",,ood
851,1,find_single_dish,fetch,fetch_bowl,"[""4764:0"",""1488:0""]","[""fetch"",""state_change""]",True,ood
851,2,supply_other_dish,,place_on_plate,"[""5169:2""]","[""relocate""]",,ood
851,3,position_both_dishes,,place_plate_on_kitchen_island,"[""1484:1""]","[""relocate""]",,ood
852,0,check_table_for_bowl_and_plate,state_change,check_table,"[""1502:0"",""1663:0""]","[""fetch"",""state_change""]",True,ood
852,1,if_bowl_missing_get_bowl,fetch,fetch_bowl,"[""1488:0"",""2686:0""]","[""fetch"",""state_change""]",True,ood
852,2,if_plate_missing_get_plate,fetch,set_plate,"[""5528:0"",""2966:0""]","[""fetch"",""state_change""]",True,ood
852,3,place_missing_dish_on_table,relocate,place_plate_on_kitchen_island,[],[],False,ood
853,0,inspect_table,state_change,inspect_table,"[""1700:0"",""1958:0""]","[""fetch"",""state_change""]",True,ood
853,1,fetch_bowl_0,fetch,fetch_bowl,"[""4764:0"",""1488:0""]","[""fetch"",""state_change""]",True,ood
853,2,place_bowl_0_on_table,relocate,place_bowl,"[""4764:1"",""1488:2""]","[""fetch"",""multi_object_sequence"",""open_container_then_retrieve"",""relocate""]",True,ood
853,3,fetch_plate_0,fetch,place_plate,[],[],False,ood
853,4,place_plate_0_on_table,relocate,place_on_plate,[],[],False,ood
854,0,examine_kitchen_work_area,,navigate_to_kitchen_island,"[""1484:0""]","[""fetch"",""state_change""]",,ood
854,1,find_single_dish,fetch,fetch_bowl,"[""4764:0"",""1488:0""]","[""fetch"",""state_change""]",True,ood
854,2,supply_missing_dish,,fetch_bowl,"[""2686:0""]","[""fetch"",""state_change""]",,ood
855,0,observe_kitchen_work_area,,navigate_to_kitchen_island,"[""1484:0""]","[""fetch"",""state_change""]",,ood
855,1,decide_missing_item,,fetch_missing_fruit,"[""1207:1"",""2444:1""]","[""fetch"",""open_container_then_retrieve"",""relocate""]",,ood
855,2,fetch_missing_item,fetch,fetch_missing_fruit,[],[],False,ood
856,0,glance_at_table,,inspect_table,"[""1633:0"",""2098:0""]","[""fetch"",""state_change""]",,ood
856,1,confirm_bowl_and_plate,,place_bowl,"[""1488:2"",""2686:2""]","[""fetch"",""multi_object_sequence"",""open_container_then_retrieve"",""relocate""]",,ood
856,2,fetch_absent_dish,fetch,fetch_bowl,"[""1488:0"",""2686:0""]","[""fetch"",""state_change""]",True,ood
857,0,find_non_table_item,fetch,inspect_table,"[""1700:0"",""1958:0""]","[""fetch"",""state_change""]",True,ood
857,1,move_to_non_table_item,,move_to_table,"[""1210:1"",""2918:1""]","[""relocate""]",,ood
857,2,pick_non_table_item,fetch,move_to_table,"[""3979:1""]","[""relocate""]",False,ood
857,3,move_to_table,,move_to_table,[],[],,ood
857,4,place_non_table_item_on_table,relocate,place_on_table,"[""3156:2""]","[""multi_object_sequence"",""relocate""]",True,ood
858,0,glance_at_table,,inspect_table,"[""1633:0"",""2098:0""]","[""fetch"",""state_change""]",,ood
858,1,confirm_one_bowl_and_one_plate,,place_bowl,"[""2501:1"",""1488:2""]","[""fetch"",""multi_object_sequence"",""open_container_then_retrieve"",""relocate""]",,ood
858,2,fetch_absent_dish,fetch,fetch_bowl,"[""1488:0"",""2686:0""]","[""fetch"",""state_change""]",True,ood
859,0,check_table_for_bowl,state_change,check_table,"[""1039:0"",""1737:0""]","[""fetch"",""state_change""]",True,ood
859,1,check_table_for_plate,state_change,check_table,"[""2239:0"",""6057:0""]","[""fetch"",""state_change""]",True,ood
859,2,deliver_missing_bowl,relocate,fetch_bowl,"[""1488:0"",""2686:0""]","[""fetch"",""state_change""]",False,ood
859,3,deliver_missing_plate,relocate,place_plate,[],[],False,ood
860,0,observe_table,,inspect_table,"[""1700:0"",""1958:0""]","[""fetch"",""state_change""]",,ood
860,1,observe_kitchen_work_area,,navigate_to_kitchen_island,"[""1484:0""]","[""fetch"",""state_change""]",,ood
860,2,pick_bowl_0,fetch,fetch_bowl,"[""1488:0"",""2686:0""]","[""fetch"",""state_change""]",True,ood
860,3,pick_plate_0,fetch,place_plate,"[""3266:2""]","[""relocate""]",False,ood
861,0,inspect_table,state_change,inspect_table,"[""1700:0"",""1958:0""]","[""fetch"",""state_change""]",True,ood
861,1,fetch_bowl_0,fetch,fetch_bowl,"[""4764:0"",""1488:0""]","[""fetch"",""state_change""]",True,ood
861,2,place_bowl_0_on_table,relocate,place_bowl,"[""4764:1"",""1488:2""]","[""fetch"",""multi_object_sequence"",""open_container_then_retrieve"",""relocate""]",True,ood
861,3,fetch_plate_0,fetch,place_plate,[],[],False,ood
861,4,place_plate_0_on_table,relocate,place_on_plate,[],[],False,ood
862,0,find_non_resting_bowl_or_plate,fetch,place_bowl,"[""4764:1"",""1488:2""]","[""fetch"",""multi_object_sequence"",""open_container_then_retrieve"",""relocate""]",True,ood
862,1,move_to_non_resting_bowl_or_plate,,place_on_plate,"[""5169:2""]","[""relocate""]",,ood
862,2,pick_non_resting_bowl_or_plate,fetch,place_on_plate,[],[],False,ood
862,3,move_to_kitchen_work_area,,move_to_cabinet,"[""3800:0"",""2775:1""]","[""fetch"",""state_change""]",,ood
862,4,place_bowl_or_plate_on_kitchen_work_area,relocate,place_plate_on_kitchen_island,"[""1484:1""]","[""relocate""]",True,ood
863,0,check_table_for_bowl_and_plate,state_change,check_table,"[""1039:0"",""1737:0""]","[""fetch"",""state_change""]",True,ood
863,1,check_if_bowl_is_missing,state_change,fetch_bowl,"[""1488:0"",""2686:0""]","[""fetch"",""state_change""]",True,ood
863,2,check_if_plate_is_missing,state_change,set_plate,"[""7118:0"",""911:0""]","[""fetch"",""state_change""]",True,ood
863,3,deliver_missing_bowl,relocate,fetch_bowl,[],[],False,ood
863,4,deliver_missing_plate,relocate,place_plate,[],[],False,ood
864,0,survey_table,state_change,survey_table,"[""1173:0"",""2647:0""]","[""fetch"",""state_change""]",True,ood
864,1,identify_missing_item,,fetch_missing_fruit,"[""1207:1"",""2444:1""]","[""fetch"",""open_container_then_retrieve"",""relocate""]",,ood
864,2,carry_missing_item_to_table,,move_to_table,"[""1210:1"",""2918:1""]","[""relocate""]",,ood
865,0,glance_at_table,,inspect_table,"[""1633:0"",""2098:0""]","[""fetch"",""state_change""]",,ood
865,1,confirm_one_bowl_and_one_plate,,place_bowl,"[""2501:1"",""1488:2""]","[""fetch"",""multi_object_sequence"",""open_container_then_retrieve"",""relocate""]",,ood
865,2,fetch_absent_dish,fetch,fetch_bowl,"[""1488:0"",""2686:0""]","[""fetch"",""state_change""]",True,ood
866,0,observe_kitchen_work_area,,navigate_to_kitchen_island,"[""1484:0""]","[""fetch"",""state_change""]",,ood
866,1,decide_missing_item,,fetch_missing_fruit,"[""1207:1"",""2444:1""]","[""fetch"",""open_container_then_retrieve"",""relocate""]",,ood
866,2,fetch_missing_item,fetch,fetch_missing_fruit,[],[],False,ood
867,0,check_table_for_bowl_and_plate,state_change,check_table,"[""1502:0"",""1663:0""]","[""fetch"",""state_change""]",True,ood
867,1,if_bowl_missing_get_bowl,fetch,fetch_bowl,"[""1488:0"",""2686:0""]","[""fetch"",""state_change""]",True,ood
867,2,if_plate_missing_get_plate,fetch,set_plate,"[""5528:0"",""2966:0""]","[""fetch"",""state_change""]",True,ood
867,3,place_missing_dish_on_table,relocate,place_plate_on_kitchen_island,[],[],False,ood
868,0,look_for_bowl_0_on_table,,fetch_bowl,"[""4764:0"",""1488:0""]","[""fetch"",""state_change""]",,ood
868,1,look_for_plate_0_on_table,,place_on_plate,"[""5169:2""]","[""relocate""]",,ood
868,2,retrieve_bowl_0_if_missing,fetch,fetch_bowl,"[""2686:0""]","[""fetch"",""state_change""]",True,ood
868,3,retrieve_plate_0_if_missing,fetch,set_plate,"[""5528:0"",""2966:0""]","[""fetch"",""state_change""]",True,ood
868,4,place_bowl_0_on_table_if_missing,relocate,place_bowl,[],[],False,ood
868,5,place_plate_0_on_table_if_missing,relocate,place_on_plate,[],[],False,ood
869,0,observe_kitchen_work_area,,navigate_to_kitchen_island,"[""1484:0""]","[""fetch"",""state_change""]",,ood
869,1,decide_missing_item,,fetch_missing_fruit,"[""1207:1"",""2444:1""]","[""fetch"",""open_container_then_retrieve"",""relocate""]",,ood
869,2,fetch_missing_item,fetch,fetch_missing_fruit,[],[],False,ood
870,0,observe_table,,inspect_table,"[""1700:0"",""1958:0""]","[""fetch"",""state_change""]",,ood
870,1,observe_kitchen_work_area,,navigate_to_kitchen_island,"[""1484:0""]","[""fetch"",""state_change""]",,ood
870,2,decide_missing_object,,inspect_object,"[""6838:1"",""1367:1""]","[""state_change""]",,ood
870,3,fetch_missing_object,fetch,fetch_object,"[""6411:0""]","[""fetch""]",True,ood
871,0,scan_kitchen_work_area,,scan_table,"[""5235:0"",""1209:0""]","[""fetch"",""state_change""]",,ood
871,1,check_for_bowl_0,state_change,fetch_bowl,"[""4764:0"",""1488:0""]","[""fetch"",""state_change""]",True,ood
871,2,check_for_plate_0,state_change,place_plate,"[""3266:2"",""5679:2""]","[""relocate""]",False,ood
871,3,place_bowl_0_if_missing,relocate,place_bowl,[],[],False,ood
871,4,place_plate_0_if_missing,relocate,place_plate,[],[],False,ood
872,0,survey_table,state_change,survey_table,"[""1173:0"",""2647:0""]","[""fetch"",""state_change""]",True,ood
872,1,identify_missing_item,,fetch_missing_fruit,"[""1207:1"",""2444:1""]","[""fetch"",""open_container_then_retrieve"",""relocate""]",,ood
872,2,carry_missing_item_to_table,,move_to_table,"[""1210:1"",""2918:1""]","[""relocate""]",,ood
873,0,scan_table,,scan_table,"[""5235:0"",""1209:0""]","[""fetch"",""state_change""]",,ood
873,1,check_for_bowl,state_change,fetch_bowl,"[""4764:0"",""1488:0""]","[""fetch"",""state_change""]",True,ood
873,2,check_for_plate,state_change,set_plate,"[""7118:0"",""911:0""]","[""fetch"",""state_change""]",True,ood
873,3,place_bowl_on_table,relocate,place_on_table,[],[],False,ood
873,4,place_plate_on_table,relocate,place_on_plate,[],[],False,ood
874,0,inspect_table,state_change,inspect_table,"[""1700:0"",""1958:0""]","[""fetch"",""state_change""]",True,ood
874,1,fetch_bowl_0,fetch,fetch_bowl,"[""4764:0"",""1488:0""]","[""fetch"",""state_change""]",True,ood
874,2,place_bowl_0_on_table,relocate,place_bowl,"[""4764:1"",""1488:2""]","[""fetch"",""multi_object_sequence"",""open_container_then_retrieve"",""relocate""]",True,ood
874,3,fetch_plate_0,fetch,place_plate,[],[],False,ood
874,4,place_plate_0_on_table,relocate,place_on_plate,[],[],False,ood
875,0,examine_kitchen_work_area,,navigate_to_kitchen_island,"[""1484:0""]","[""fetch"",""state_change""]",,ood
875,1,find_single_dish,fetch,fetch_bowl,"[""4764:0"",""1488:0""]","[""fetch"",""state_change""]",True,ood
875,2,supply_missing_dish,,fetch_bowl,"[""2686:0""]","[""fetch"",""state_change""]",,ood
876,0,check_table_for_bowl_and_plate,state_change,check_table,"[""1502:0"",""1663:0""]","[""fetch"",""state_change""]",True,ood
876,1,if_bowl_missing_get_bowl,fetch,fetch_bowl,"[""1488:0"",""2686:0""]","[""fetch"",""state_change""]",True,ood
876,2,if_plate_missing_get_plate,fetch,set_plate,"[""5528:0"",""2966:0""]","[""fetch"",""state_change""]",True,ood
876,3,place_missing_dish_on_table,relocate,place_plate_on_kitchen_island,[],[],False,ood
877,0,examine_kitchen_work_area,,navigate_to_kitchen_island,"[""1484:0""]","[""fetch"",""state_change""]",,ood
877,1,find_single_dish,fetch,fetch_bowl,"[""4764:0"",""1488:0""]","[""fetch"",""state_change""]",True,ood
877,2,supply_missing_dish,,fetch_bowl,"[""2686:0""]","[""fetch"",""state_change""]",,ood
878,0,examine_kitchen_work_area,,navigate_to_kitchen_island,"[""1484:0""]","[""fetch"",""state_change""]",,ood
878,1,find_single_dish,fetch,fetch_bowl,"[""4764:0"",""1488:0""]","[""fetch"",""state_change""]",True,ood
878,2,supply_missing_dish,,fetch_bowl,"[""2686:0""]","[""fetch"",""state_change""]",,ood
879,0,examine_kitchen_work_area,,navigate_to_kitchen_island,"[""1484:0""]","[""fetch"",""state_change""]",,ood
879,1,find_single_dish,fetch,fetch_bowl,"[""4764:0"",""1488:0""]","[""fetch"",""state_change""]",True,ood
879,2,supply_missing_dish,,fetch_bowl,"[""2686:0""]","[""fetch"",""state_change""]",,ood
880,0,check_table_for_bowl_0,state_change,check_table,"[""1039:0"",""1737:0""]","[""fetch"",""state_change""]",True,ood
880,1,check_table_for_plate_0,state_change,check_table,"[""2239:0"",""6057:0""]","[""fetch"",""state_change""]",True,ood
880,2,deliver_bowl_0_if_missing,relocate,fetch_bowl,"[""1488:0"",""2686:0""]","[""fetch"",""state_change""]",False,ood
880,3,deliver_plate_0_if_missing,relocate,place_plate,[],[],False,ood
881,0,check_table_for_bowl_and_plate,state_change,check_table,"[""1502:0"",""1663:0""]","[""fetch"",""state_change""]",True,ood
881,1,if_bowl_missing_get_bowl,fetch,fetch_bowl,"[""1488:0"",""2686:0""]","[""fetch"",""state_change""]",True,ood
881,2,if_plate_missing_get_plate,fetch,set_plate,"[""5528:0"",""2966:0""]","[""fetch"",""state_change""]",True,ood
881,3,place_missing_dish_on_table,relocate,place_plate_on_kitchen_island,[],[],False,ood
882,0,survey_table,state_change,survey_table,"[""1173:0"",""2647:0""]","[""fetch"",""state_change""]",True,ood
882,1,identify_missing_item,,fetch_missing_fruit,"[""1207:1"",""2444:1""]","[""fetch"",""open_container_then_retrieve"",""relocate""]",,ood
882,2,carry_missing_item_to_table,,move_to_table,"[""1210:1"",""2918:1""]","[""relocate""]",,ood
883,0,check_table_for_bowl_and_plate,state_change,check_table,"[""1502:0"",""1663:0""]","[""fetch"",""state_change""]",True,ood
883,1,if_bowl_missing_get_bowl,fetch,fetch_bowl,"[""1488:0"",""2686:0""]","[""fetch"",""state_change""]",True,ood
883,2,if_plate_missing_get_plate,fetch,set_plate,"[""5528:0"",""2966:0""]","[""fetch"",""state_change""]",True,ood
883,3,place_missing_dish_on_table,relocate,place_plate_on_kitchen_island,[],[],False,ood
884,0,observe_kitchen_work_area,,navigate_to_kitchen_island,"[""1484:0""]","[""fetch"",""state_change""]",,ood
884,1,detect_bowl,,fetch_bowl,"[""1488:0"",""2686:0""]","[""fetch"",""state_change""]",,ood
884,2,detect_plate,,set_plate,"[""7118:0"",""911:0""]","[""fetch"",""state_change""]",,ood
884,3,choose_missing_item,,fetch_missing_fruit,"[""1207:1""]","[""fetch"",""open_container_then_retrieve"",""relocate""]",,ood
884,4,move_to_kitchen_work_area,,move_to_cabinet,[],[],,ood
884,5,pick_missing_item,fetch,fetch_missing_fruit,[],[],False,ood
885,0,check_table_for_bowl_and_plate,state_change,check_table,"[""1039:0"",""1737:0""]","[""fetch"",""state_change""]",True,ood
885,1,check_if_bowl_is_missing,state_change,fetch_bowl,"[""1488:0"",""2686:0""]","[""fetch"",""state_change""]",True,ood
885,2,check_if_plate_is_missing,state_change,set_plate,"[""7118:0"",""911:0""]","[""fetch"",""state_change""]",True,ood
885,3,deliver_missing_bowl,relocate,fetch_bowl,[],[],False,ood
885,4,deliver_missing_plate,relocate,place_plate,[],[],False,ood
886,0,scan_table,,scan_table,"[""5235:0"",""1209:0""]","[""fetch"",""state_change""]",,ood
886,1,check_bowl_presence,state_change,place_bowl,"[""3697:1"",""6464:1""]","[""multi_object_sequence"",""relocate""]",False,ood
886,2,check_plate_presence,state_change,place_plate,"[""3266:2"",""5679:2""]","[""relocate""]",False,ood
886,3,place_bowl_if_needed,relocate,place_bowl,[],[],False,ood
886,4,place_plate_if_needed,relocate,place_plate,[],[],False,ood
887,0,glance_at_table,,inspect_table,"[""1633:0"",""2098:0""]","[""fetch"",""state_change""]",,ood
887,1,confirm_one_bowl_and_one_plate,,place_bowl,"[""1488:2"",""2686:2""]","[""fetch"",""multi_object_sequence"",""open_container_then_retrieve"",""relocate""]",,ood
887,2,fetch_absent_dish,fetch,fetch_bowl,"[""1488:0"",""2686:0""]","[""fetch"",""state_change""]",True,ood
888,0,inspect_table,state_change,inspect_table,"[""1700:0"",""1958:0""]","[""fetch"",""state_change""]",True,ood
888,1,fetch_bowl_0,fetch,fetch_bowl,"[""4764:0"",""1488:0""]","[""fetch"",""state_change""]",True,ood
888,2,place_bowl_0_on_table,relocate,place_bowl,"[""4764:1"",""1488:2""]","[""fetch"",""multi_object_sequence"",""open_container_then_retrieve"",""relocate""]",True,ood
888,3,fetch_plate_0,fetch,place_plate,[],[],False,ood
888,4,place_plate_0_on_table,relocate,place_on_plate,[],[],False,ood
889,0,examine_table,,inspect_table,"[""1700:0"",""1958:0""]","[""fetch"",""state_change""]",,ood
889,1,find_single_dish,fetch,fetch_bowl,"[""4764:0"",""1488:0""]","[""fetch"",""state_change""]",True,ood
889,2,supply_missing_dish,,fetch_bowl,"[""2686:0""]","[""fetch"",""state_change""]",,ood
889,3,position_both_dishes,,place_plate_on_kitchen_island,"[""1484:1""]","[""relocate""]",,ood
890,0,glance_at_table,,inspect_table,"[""1633:0"",""2098:0""]","[""fetch"",""state_change""]",,ood
890,1,confirm_one_bowl_and_one_plate,,place_bowl,"[""1488:2"",""2686:2""]","[""fetch"",""multi_object_sequence"",""open_container_then_retrieve"",""relocate""]",,ood
890,2,fetch_absent_dish,fetch,fetch_bowl,"[""1488:0"",""2686:0""]","[""fetch"",""state_change""]",True,ood
891,0,find_non_table_item,fetch,inspect_table,"[""1700:0"",""1958:0""]","[""fetch"",""state_change""]",True,ood
891,1,move_to_non_table_item,,move_to_table,"[""1210:1"",""2918:1""]","[""relocate""]",,ood
891,2,pick_non_table_item,fetch,move_to_table,"[""3979:1""]","[""relocate""]",False,ood
891,3,move_to_table,,move_to_table,[],[],,ood
891,4,place_non_table_item_on_table,relocate,place_on_table,"[""3156:2""]","[""multi_object_sequence"",""relocate""]",True,ood
892,0,inspect_kitchen_work_area,state_change,inspect_cabinet,"[""144:0"",""1774:0""]","[""state_change""]",True,ood
892,1,fetch_bowl_1,fetch,fetch_bowl,"[""4764:0"",""1488:0""]","[""fetch"",""state_change""]",True,ood
892,2,place_bowl_1_on_table,relocate,place_bowl,"[""4764:1"",""3697:1""]","[""multi_object_sequence"",""relocate""]",True,ood
892,3,fetch_plate_0,fetch,place_plate,[],[],False,ood
892,4,place_plate_0_on_table,relocate,place_on_plate,[],[],False,ood
893,0,observe_table,,inspect_table,"[""1700:0"",""1958:0""]","[""fetch"",""state_change""]",,ood
893,1,observe_kitchen_work_area,,navigate_to_kitchen_island,"[""1484:0""]","[""fetch"",""state_change""]",,ood
893,2,pick_bowl_0,fetch,fetch_bowl,"[""1488:0"",""2686:0""]","[""fetch"",""state_change""]",True,ood
893,3,pick_plate_0,fetch,place_plate,"[""3266:2""]","[""relocate""]",False,ood
894,0,check_table_for_bowl_and_plate,state_change,check_table,"[""1502:0"",""1663:0""]","[""fetch"",""state_change""]",True,ood
894,1,if_bowl_missing_get_bowl,fetch,fetch_bowl,"[""1488:0"",""2686:0""]","[""fetch"",""state_change""]",True,ood
894,2,if_plate_missing_get_plate,fetch,set_plate,"[""5528:0"",""2966:0""]","[""fetch"",""state_change""]",True,ood
894,3,place_missing_dish_on_table,relocate,place_plate_on_kitchen_island,[],[],False,ood
895,0,examine_table,,inspect_table,"[""1700:0"",""1958:0""]","[""fetch"",""state_change""]",,ood
895,1,find_single_dish,fetch,fetch_bowl,"[""4764:0"",""1488:0""]","[""fetch"",""state_change""]",True,ood
895,2,supply_other_dish,,place_on_plate,"[""5169:2""]","[""relocate""]",,ood
895,3,position_both_dishes,,place_plate_on_kitchen_island,"[""1484:1""]","[""relocate""]",,ood
896,0,look_for_bowl_0_on_table,,fetch_bowl,"[""4764:0"",""1488:0""]","[""fetch"",""state_change""]",,ood
896,1,look_for_plate_0_on_table,,place_on_plate,"[""5169:2""]","[""relocate""]",,ood
896,2,retrieve_bowl_0_if_missing,fetch,fetch_bowl,"[""2686:0""]","[""fetch"",""state_change""]",True,ood
896,3,retrieve_plate_0_if_missing,fetch,set_plate,"[""5528:0"",""2966:0""]","[""fetch"",""state_change""]",True,ood
896,4,place_bowl_0_on_table_if_missing,relocate,place_bowl,[],[],False,ood
896,5,place_plate_0_on_table_if_missing,relocate,place_on_plate,[],[],False,ood
897,0,check_kitchen_work_area_for_bowl_and_plate,state_change,place_plate_on_kitchen_island,"[""2240:0"",""1484:1""]","[""fetch"",""relocate"",""state_change""]",True,ood
897,1,if_bowl_missing_get_bowl,fetch,fetch_bowl,"[""1488:0"",""2686:0""]","[""fetch"",""state_change""]",True,ood
897,2,if_plate_missing_get_plate,fetch,set_plate,"[""5528:0"",""2966:0""]","[""fetch"",""state_change""]",True,ood
897,3,place_missing_dish_on_table,relocate,place_plate_on_kitchen_island,[],[],False,ood
898,0,scan_table,,scan_table,"[""5235:0"",""1209:0""]","[""fetch"",""state_change""]",,ood
898,1,check_bowl_presence,state_change,place_bowl,"[""3697:1"",""6464:1""]","[""multi_object_sequence"",""relocate""]",False,ood
898,2,check_plate_presence,state_change,place_plate,"[""3266:2"",""5679:2""]","[""relocate""]",False,ood
898,3,place_bowl_if_needed,relocate,place_bowl,[],[],False,ood
898,4,place_plate_if_needed,relocate,place_plate,[],[],False,ood
899,0,check_table_for_bowl,state_change,check_table,"[""1039:0"",""1737:0""]","[""fetch"",""state_change""]",True,ood
899,1,check_table_for_plate,state_change,check_table,"[""2239:0"",""6057:0""]","[""fetch"",""state_change""]",True,ood
899,2,deliver_missing_bowl,relocate,fetch_bowl,"[""1488:0"",""2686:0""]","[""fetch"",""state_change""]",False,ood
899,3,deliver_missing_plate,relocate,place_plate,[],[],False,ood
900,0,inspect_kitchen_work_area,state_change,inspect_cabinet,"[""144:0"",""1774:0""]","[""state_change""]",True,ood
900,1,fetch_bowl_1,fetch,fetch_bowl,"[""4764:0"",""1488:0""]","[""fetch"",""state_change""]",True,ood
900,2,place_bowl_1_on_table,relocate,place_bowl,"[""4764:1"",""3697:1""]","[""multi_object_sequence"",""relocate""]",True,ood
900,3,fetch_plate_0,fetch,place_plate,[],[],False,ood
900,4,place_plate_0_on_table,relocate,place_on_plate,[],[],False,ood
901,0,scan_table,,scan_table,"[""5235:0"",""1209:0""]","[""fetch"",""state_change""]",,ood
901,1,check_bowl_presence,state_change,place_bowl,"[""3697:1"",""6464:1""]","[""multi_object_sequence"",""relocate""]",False,ood
901,2,check_plate_presence,state_change,place_plate,"[""3266:2"",""5679:2""]","[""relocate""]",False,ood
901,3,place_bowl_if_needed,relocate,place_bowl,[],[],False,ood
901,4,place_plate_if_needed,relocate,place_plate,[],[],False,ood
902,0,look_at_table,,inspect_table,"[""1700:0"",""1958:0""]","[""fetch"",""state_change""]",,ood
902,1,look_for_bowl_0,,fetch_bowl,"[""1488:0"",""2686:0""]","[""fetch"",""state_change""]",,ood
902,2,look_for_plate_0,,place_plate,"[""3266:2"",""5679:2""]","[""relocate""]",,ood
902,3,check_bowl_presence,state_change,place_bowl,[],[],False,ood
902,4,check_plate_presence,state_change,place_plate,[],[],False,ood
902,5,retrieve_missing_item,fetch,fetch_missing_fruit,[],[],False,ood
902,6,place_missing_item_on_table,relocate,place_on_table,[],[],False,ood
903,0,examine_table,,inspect_table,"[""1700:0"",""1958:0""]","[""fetch"",""state_change""]",,ood
903,1,find_single_dish,fetch,fetch_bowl,"[""4764:0"",""1488:0""]","[""fetch"",""state_change""]",True,ood
903,2,supply_other_dish,,place_on_plate,"[""5169:2""]","[""relocate""]",,ood
903,3,position_both_dishes,,place_plate_on_kitchen_island,"[""1484:1""]","[""relocate""]",,ood
904,0,look_at_table,,inspect_table,"[""1700:0"",""1958:0""]","[""fetch"",""state_change""]",,ood
904,1,verify_bowl_on_table,,check_table,"[""1039:0"",""1737:0""]","[""fetch"",""state_change""]",,ood
904,2,verify_plate_on_table,,check_table,"[""2239:0"",""6057:0""]","[""fetch"",""state_change""]",,ood
904,3,go_to_kitchen_work_area,,navigate_to_kitchen_island,[],[],,ood
904,4,retrieve_missing_plate,fetch,set_plate,[],[],False,ood
904,5,place_plate_on_table,relocate,place_on_plate,[],[],False,ood
905,0,check_table_for_bowl,state_change,check_table,"[""1039:0"",""1737:0""]","[""fetch"",""state_change""]",True,ood
905,1,check_table_for_plate,state_change,check_table,"[""2239:0"",""6057:0""]","[""fetch"",""state_change""]",True,ood
905,2,deliver_missing_bowl,relocate,fetch_bowl,"[""1488:0"",""2686:0""]","[""fetch"",""state_change""]",False,ood
905,3,deliver_missing_plate,relocate,place_plate,[],[],False,ood
906,0,check_table_for_bowl_and_plate,state_change,check_table,"[""1502:0"",""1663:0""]","[""fetch"",""state_change""]",True,ood
906,1,if_bowl_missing_get_bowl,fetch,fetch_bowl,"[""1488:0"",""2686:0""]","[""fetch"",""state_change""]",True,ood
906,2,if_plate_missing_get_plate,fetch,set_plate,"[""5528:0"",""2966:0""]","[""fetch"",""state_change""]",True,ood
906,3,place_missing_dish_on_table,relocate,place_plate_on_kitchen_island,[],[],False,ood
907,0,inspect_table,state_change,inspect_table,"[""1700:0"",""1958:0""]","[""fetch"",""state_change""]",True,ood
907,1,fetch_hidden_dish,fetch,fetch_bowl,"[""4764:0"",""1488:0""]","[""fetch"",""state_change""]",True,ood
907,2,place_dish_on_table,relocate,place_on_table,"[""3156:2"",""3173:2""]","[""multi_object_sequence"",""relocate""]",True,ood
908,0,look_for_bowl_0_on_table,,fetch_bowl,"[""4764:0"",""1488:0""]","[""fetch"",""state_change""]",,ood
908,1,look_for_plate_0_on_table,,place_on_plate,"[""5169:2""]","[""relocate""]",,ood
908,2,retrieve_missing_bowl_or_plate,fetch,fetch_bowl,"[""2686:0""]","[""fetch"",""state_change""]",True,ood
909,0,look_at_table,,inspect_table,"[""1700:0"",""1958:0""]","[""fetch"",""state_change""]",,ood
909,1,verify_bowl_on_table,,check_table,"[""1039:0"",""1737:0""]","[""fetch"",""state_change""]",,ood
909,2,verify_plate_on_table,,check_table,"[""2239:0"",""6057:0""]","[""fetch"",""state_change""]",,ood
909,3,go_to_kitchen_work_area,,navigate_to_kitchen_island,[],[],,ood
909,4,retrieve_missing_plate,fetch,set_plate,[],[],False,ood
909,5,place_plate_on_table,relocate,place_on_plate,[],[],False,ood
910,0,observe_table,,inspect_table,"[""1700:0"",""1958:0""]","[""fetch"",""state_change""]",,ood
910,1,observe_kitchen_work_area,,navigate_to_kitchen_island,"[""1484:0""]","[""fetch"",""state_change""]",,ood
910,2,pick_bowl_0,fetch,fetch_bowl,"[""1488:0"",""2686:0""]","[""fetch"",""state_change""]",True,ood
910,3,pick_plate_0,fetch,place_plate,"[""3266:2""]","[""relocate""]",False,ood
911,0,look_for_bowl_0_on_table,,fetch_bowl,"[""4764:0"",""1488:0""]","[""fetch"",""state_change""]",,ood
911,1,look_for_plate_0_on_table,,place_on_plate,"[""5169:2""]","[""relocate""]",,ood
911,2,retrieve_bowl_0_if_missing,fetch,fetch_bowl,"[""2686:0""]","[""fetch"",""state_change""]",True,ood
911,3,retrieve_plate_0_if_missing,fetch,set_plate,"[""5528:0"",""2966:0""]","[""fetch"",""state_change""]",True,ood
911,4,place_bowl_0_on_table,relocate,place_bowl,[],[],False,ood
911,5,place_plate_0_on_table,relocate,place_on_plate,[],[],False,ood
912,0,observe_kitchen_work_area,,navigate_to_kitchen_island,"[""1484:0""]","[""fetch"",""state_change""]",,ood
912,1,decide_missing_item,,fetch_missing_fruit,"[""1207:1"",""2444:1""]","[""fetch"",""open_container_then_retrieve"",""relocate""]",,ood
912,2,fetch_missing_item,fetch,fetch_missing_fruit,[],[],False,ood
913,0,glance_at_table,,inspect_table,"[""1633:0"",""2098:0""]","[""fetch"",""state_change""]",,ood
913,1,confirm_bowl_and_plate,,place_bowl,"[""1488:2"",""2686:2""]","[""fetch"",""multi_object_sequence"",""open_container_then_retrieve"",""relocate""]",,ood
913,2,fetch_absent_dish,fetch,fetch_bowl,"[""1488:0"",""2686:0""]","[""fetch"",""state_change""]",True,ood
914,0,look_at_table,,inspect_table,"[""1700:0"",""1958:0""]","[""fetch"",""state_change""]",,ood
914,1,verify_bowl_0_on_table,,check_table,"[""1039:0"",""1737:0""]","[""fetch"",""state_change""]",,ood
914,2,verify_plate_0_on_table,,check_table,"[""2239:0"",""6057:0""]","[""fetch"",""state_change""]",,ood
914,3,go_to_kitchen_work_area,,navigate_to_kitchen_island,[],[],,ood
914,4,retrieve_plate_0,fetch,set_plate,[],[],False,ood
914,5,place_plate_0_on_table,relocate,place_on_plate,[],[],False,ood
915,0,check_table_for_bowl_and_plate,state_change,check_table,"[""1039:0"",""1737:0""]","[""fetch"",""state_change""]",True,ood
915,1,check_if_bowl_is_missing,state_change,fetch_bowl,"[""1488:0"",""2686:0""]","[""fetch"",""state_change""]",True,ood
915,2,check_if_plate_is_missing,state_change,set_plate,"[""7118:0"",""911:0""]","[""fetch"",""state_change""]",True,ood
915,3,deliver_missing_bowl,relocate,fetch_bowl,[],[],False,ood
915,4,deliver_missing_plate,relocate,place_plate,[],[],False,ood
916,0,observe_table,,inspect_table,"[""1700:0"",""1958:0""]","[""fetch"",""state_change""]",,ood
916,1,observe_kitchen_work_area,,navigate_to_kitchen_island,"[""1484:0""]","[""fetch"",""state_change""]",,ood
916,2,pick_bowl_0,fetch,fetch_bowl,"[""1488:0"",""2686:0""]","[""fetch"",""state_change""]",True,ood
916,3,pick_plate_0,fetch,place_plate,"[""3266:2""]","[""relocate""]",False,ood
917,0,examine_kitchen_work_area,,navigate_to_kitchen_island,"[""1484:0""]","[""fetch"",""state_change""]",,ood
917,1,find_single_dish,fetch,fetch_bowl,"[""4764:0"",""1488:0""]","[""fetch"",""state_change""]",True,ood
917,2,supply_missing_dish,,fetch_bowl,"[""2686:0""]","[""fetch"",""state_change""]",,ood
918,0,inspect_table,state_change,inspect_table,"[""1700:0"",""1958:0""]","[""fetch"",""state_change""]",True,ood
918,1,fetch_bowl_0,fetch,fetch_bowl,"[""4764:0"",""1488:0""]","[""fetch"",""state_change""]",True,ood
918,2,place_bowl_0_on_table,relocate,place_bowl,"[""4764:1"",""1488:2""]","[""fetch"",""multi_object_sequence"",""open_container_then_retrieve"",""relocate""]",True,ood
918,3,fetch_plate_0,fetch,place_plate,[],[],False,ood
918,4,place_plate_0_on_table,relocate,place_on_plate,[],[],False,ood
919,0,observe_kitchen_work_area,,navigate_to_kitchen_island,"[""1484:0""]","[""fetch"",""state_change""]",,ood
919,1,detect_bowl,,fetch_bowl,"[""1488:0"",""2686:0""]","[""fetch"",""state_change""]",,ood
919,2,detect_plate,,set_plate,"[""7118:0"",""911:0""]","[""fetch"",""state_change""]",,ood
919,3,choose_missing_item,,fetch_missing_fruit,"[""1207:1""]","[""fetch"",""open_container_then_retrieve"",""relocate""]",,ood
919,4,move_to_kitchen_work_area,,move_to_cabinet,[],[],,ood
919,5,pick_missing_item,fetch,fetch_missing_fruit,[],[],False,ood
920,0,scan_table,,scan_table,"[""5235:0"",""1209:0""]","[""fetch"",""state_change""]",,ood
920,1,check_bowl_presence,state_change,place_bowl,"[""3697:1"",""6464:1""]","[""multi_object_sequence"",""relocate""]",False,ood
920,2,check_plate_presence,state_change,place_plate,"[""3266:2"",""5679:2""]","[""relocate""]",False,ood
920,3,place_bowl_if_needed,relocate,place_bowl,[],[],False,ood
920,4,place_plate_if_needed,relocate,place_plate,[],[],False,ood
921,0,examine_table,,inspect_table,"[""1700:0"",""1958:0""]","[""fetch"",""state_change""]",,ood
921,1,find_single_dish,fetch,fetch_bowl,"[""4764:0"",""1488:0""]","[""fetch"",""state_change""]",True,ood
921,2,supply_missing_dish,,fetch_bowl,"[""2686:0""]","[""fetch"",""state_change""]",,ood
921,3,position_both_dishes,,place_plate_on_kitchen_island,"[""1484:1""]","[""relocate""]",,ood
922,0,look_over_table,,inspect_table,"[""1700:0"",""1958:0""]","[""fetch"",""state_change""]",,ood
922,1,check_bowl_0_location,state_change,place_bowl,"[""1488:2"",""2686:2""]","[""fetch"",""multi_object_sequence"",""open_container_then_retrieve"",""relocate""]",False,ood
922,2,check_plate_0_location,state_change,place_plate,"[""1379:0"",""4075:0""]","[""fetch"",""state_change""]",True,ood
922,3,get_missing_item,fetch,fetch_missing_fruit,[],[],False,ood
922,4,place_item_on_table,relocate,place_on_table,[],[],False,ood
923,0,find_non_resting_bowl_or_plate,fetch,place_bowl,"[""4764:1"",""1488:2""]","[""fetch"",""multi_object_sequence"",""open_container_then_retrieve"",""relocate""]",True,ood
923,1,move_to_non_resting_bowl_or_plate,,place_on_plate,"[""5169:2""]","[""relocate""]",,ood
923,2,pick_non_resting_bowl_or_plate,fetch,place_on_plate,[],[],False,ood
923,3,move_to_kitchen_work_area,,move_to_cabinet,"[""3800:0"",""2775:1""]","[""fetch"",""state_change""]",,ood
923,4,place_non_resting_bowl_or_plate,relocate,place_on_plate,[],[],False,ood
924,0,look_at_table,,inspect_table,"[""1700:0"",""1958:0""]","[""fetch"",""state_change""]",,ood
924,1,look_for_bowl_0,,fetch_bowl,"[""1488:0"",""2686:0""]","[""fetch"",""state_change""]",,ood
924,2,look_for_plate_0,,place_plate,"[""3266:2"",""5679:2""]","[""relocate""]",,ood
924,3,check_bowl_presence,state_change,place_bowl,[],[],False,ood
924,4,check_plate_presence,state_change,place_plate,[],[],False,ood
924,5,retrieve_missing_item,fetch,fetch_missing_fruit,[],[],False,ood
924,6,place_missing_item_on_table,relocate,place_on_table,[],[],False,ood
925,0,look_for_bowl_0_on_table,,fetch_bowl,"[""4764:0"",""1488:0""]","[""fetch"",""state_change""]",,ood
925,1,look_for_plate_0_on_table,,place_on_plate,"[""5169:2""]","[""relocate""]",,ood
925,2,retrieve_bowl_0_if_missing,fetch,fetch_bowl,"[""2686:0""]","[""fetch"",""state_change""]",True,ood
925,3,retrieve_plate_0_if_missing,fetch,set_plate,"[""5528:0"",""2966:0""]","[""fetch"",""state_change""]",True,ood
925,4,place_bowl_0_on_table,relocate,place_bowl,[],[],False,ood
925,5,place_plate_0_on_table,relocate,place_on_plate,[],[],False,ood
926,0,glance_at_table,,inspect_table,"[""1633:0"",""2098:0""]","[""fetch"",""state_change""]",,ood
926,1,confirm_bowl_and_plate,,place_bowl,"[""1488:2"",""2686:2""]","[""fetch"",""multi_object_sequence"",""open_container_then_retrieve"",""relocate""]",,ood
926,2,fetch_absent_dish,fetch,fetch_bowl,"[""1488:0"",""2686:0""]","[""fetch"",""state_change""]",True,ood
927,0,check_table_for_bowl_and_plate,state_change,check_table,"[""1039:0"",""1737:0""]","[""fetch"",""state_change""]",True,ood
927,1,check_if_bowl_is_missing,state_change,fetch_bowl,"[""1488:0"",""2686:0""]","[""fetch"",""state_change""]",True,ood
927,2,check_if_plate_is_missing,state_change,set_plate,"[""7118:0"",""911:0""]","[""fetch"",""state_change""]",True,ood
927,3,deliver_missing_bowl,relocate,fetch_bowl,[],[],False,ood
927,4,deliver_missing_plate,relocate,place_plate,[],[],False,ood
928,0,glance_at_table,,inspect_table,"[""1633:0"",""2098:0""]","[""fetch"",""state_change""]",,ood
928,1,confirm_one_bowl_and_one_plate,,place_bowl,"[""1488:2"",""2686:2""]","[""fetch"",""multi_object_sequence"",""open_container_then_retrieve"",""relocate""]",,ood
928,2,fetch_absent_dish,fetch,fetch_bowl,"[""1488:0"",""2686:0""]","[""fetch"",""state_change""]",True,ood
929,0,check_table_for_bowl_and_plate,state_change,check_table,"[""1502:0"",""1663:0""]","[""fetch"",""state_change""]",True,ood
929,1,if_bowl_missing_get_bowl,fetch,fetch_bowl,"[""1488:0"",""2686:0""]","[""fetch"",""state_change""]",True,ood
929,2,if_plate_missing_get_plate,fetch,set_plate,"[""5528:0"",""2966:0""]","[""fetch"",""state_change""]",True,ood
929,3,place_missing_dish_on_table,relocate,place_plate_on_kitchen_island,[],[],False,ood
930,0,check_kitchen_work_area_for_dishes,state_change,place_plate_on_kitchen_island,"[""2240:0"",""1484:1""]","[""fetch"",""relocate"",""state_change""]",True,ood
930,1,check_if_bowl_is_missing,state_change,fetch_bowl,"[""1488:0"",""2686:0""]","[""fetch"",""state_change""]",True,ood
930,2,check_if_plate_is_missing,state_change,set_plate,"[""5528:0"",""2966:0""]","[""fetch"",""state_change""]",True,ood
930,3,get_bowl_from_kitchen_work_area,fetch,place_bowl,[],[],False,ood
930,4,get_plate_from_kitchen_work_area,fetch,place_plate_on_kitchen_island,[],[],False,ood
930,5,place_bowl_on_table,relocate,place_on_table,[],[],False,ood
930,6,place_plate_on_table,relocate,place_on_plate,[],[],False,ood
931,0,scan_table,,scan_table,"[""5235:0"",""1209:0""]","[""fetch"",""state_change""]",,ood
931,1,check_for_bowl,state_change,fetch_bowl,"[""4764:0"",""1488:0""]","[""fetch"",""state_change""]",True,ood
931,2,check_for_plate,state_change,set_plate,"[""7118:0"",""911:0""]","[""fetch"",""state_change""]",True,ood
931,3,place_bowl_on_table,relocate,place_on_table,[],[],False,ood
931,4,place_plate_on_table,relocate,place_on_plate,[],[],False,ood
932,0,examine_table,,inspect_table,"[""1700:0"",""1958:0""]","[""fetch"",""state_change""]",,ood
932,1,find_single_dish,fetch,fetch_bowl,"[""4764:0"",""1488:0""]","[""fetch"",""state_change""]",True,ood
932,2,supply_other_dish,,place_on_plate,"[""5169:2""]","[""relocate""]",,ood
932,3,position_both_dishes,,place_plate_on_kitchen_island,"[""1484:1""]","[""relocate""]",,ood
933,0,inspect_table,state_change,inspect_table,"[""1700:0"",""1958:0""]","[""fetch"",""state_change""]",True,ood
933,1,fetch_bowl_0,fetch,fetch_bowl,"[""4764:0"",""1488:0""]","[""fetch"",""state_change""]",True,ood
933,2,place_bowl_0_on_table,relocate,place_bowl,"[""4764:1"",""1488:2""]","[""fetch"",""multi_object_sequence"",""open_container_then_retrieve"",""relocate""]",True,ood
933,3,fetch_plate_0,fetch,place_plate,[],[],False,ood
933,4,place_plate_0_on_table,relocate,place_on_plate,[],[],False,ood
934,0,examine_table,,inspect_table,"[""1700:0"",""1958:0""]","[""fetch"",""state_change""]",,ood
934,1,find_single_dish,fetch,fetch_bowl,"[""4764:0"",""1488:0""]","[""fetch"",""state_change""]",True,ood
934,2,supply_missing_dish,,fetch_bowl,"[""2686:0""]","[""fetch"",""state_change""]",,ood
934,3,position_both_dishes,,place_plate_on_kitchen_island,"[""1484:1""]","[""relocate""]",,ood
935,0,survey_table,state_change,survey_table,"[""1173:0"",""2647:0""]","[""fetch"",""state_change""]",True,ood
935,1,identify_missing_item,,fetch_missing_fruit,"[""1207:1"",""2444:1""]","[""fetch"",""open_container_then_retrieve"",""relocate""]",,ood
935,2,carry_missing_item_to_table,,move_to_table,"[""1210:1"",""2918:1""]","[""relocate""]",,ood
936,0,check_table_for_bowl_and_plate,state_change,check_table,"[""1039:0"",""1737:0""]","[""fetch"",""state_change""]",True,ood
936,1,check_if_bowl_is_missing,state_change,fetch_bowl,"[""1488:0"",""2686:0""]","[""fetch"",""state_change""]",True,ood
936,2,check_if_plate_is_missing,state_change,set_plate,"[""7118:0"",""911:0""]","[""fetch"",""state_change""]",True,ood
936,3,deliver_missing_bowl,relocate,fetch_bowl,[],[],False,ood
936,4,deliver_missing_plate,relocate,place_plate,[],[],False,ood
937,0,look_for_bowl_0_on_table,,fetch_bowl,"[""4764:0"",""1488:0""]","[""fetch"",""state_change""]",,ood
937,1,look_for_plate_0_on_table,,place_on_plate,"[""5169:2""]","[""relocate""]",,ood
937,2,retrieve_missing_bowl_or_plate,fetch,fetch_bowl,"[""2686:0""]","[""fetch"",""state_change""]",True,ood
938,0,scan_table,,scan_table,"[""5235:0"",""1209:0""]","[""fetch"",""state_change""]",,ood
938,1,check_bowl_presence,state_change,place_bowl,"[""3697:1"",""6464:1""]","[""multi_object_sequence"",""relocate""]",False,ood
938,2,check_plate_presence,state_change,place_plate,"[""3266:2"",""5679:2""]","[""relocate""]",False,ood
938,3,place_bowl_if_needed,relocate,place_bowl,[],[],False,ood
938,4,place_plate_if_needed,relocate,place_plate,[],[],False,ood
939,0,inspect_kitchen_work_area,state_change,inspect_cabinet,"[""144:0"",""1774:0""]","[""state_change""]",True,ood
939,1,fetch_bowl_1,fetch,fetch_bowl,"[""4764:0"",""1488:0""]","[""fetch"",""state_change""]",True,ood
939,2,place_bowl_1_on_table,relocate,place_bowl,"[""4764:1"",""3697:1""]","[""multi_object_sequence"",""relocate""]",True,ood
939,3,fetch_plate_0,fetch,place_plate,[],[],False,ood
939,4,place_plate_0_on_table,relocate,place_on_plate,[],[],False,ood
940,0,check_table_for_bowl_0,state_change,check_table,"[""1039:0"",""1737:0""]","[""fetch"",""state_change""]",True,ood
940,1,check_table_for_plate_0,state_change,check_table,"[""2239:0"",""6057:0""]","[""fetch"",""state_change""]",True,ood
940,2,deliver_bowl_0_if_missing,relocate,fetch_bowl,"[""1488:0"",""2686:0""]","[""fetch"",""state_change""]",False,ood
940,3,deliver_plate_0_if_missing,relocate,place_plate,[],[],False,ood
941,0,check_table_for_bowl_and_plate,state_change,check_table,"[""1039:0"",""1737:0""]","[""fetch"",""state_change""]",True,ood
941,1,check_if_bowl_is_missing,state_change,fetch_bowl,"[""1488:0"",""2686:0""]","[""fetch"",""state_change""]",True,ood
941,2,check_if_plate_is_missing,state_change,set_plate,"[""7118:0"",""911:0""]","[""fetch"",""state_change""]",True,ood
941,3,deliver_missing_bowl,relocate,fetch_bowl,[],[],False,ood
941,4,deliver_missing_plate,relocate,place_plate,[],[],False,ood
942,0,survey_table,state_change,survey_table,"[""1173:0"",""2647:0""]","[""fetch"",""state_change""]",True,ood
942,1,identify_missing_item,,fetch_missing_fruit,"[""1207:1"",""2444:1""]","[""fetch"",""open_container_then_retrieve"",""relocate""]",,ood
942,2,carry_missing_item_to_table,,move_to_table,"[""1210:1"",""2918:1""]","[""relocate""]",,ood
943,0,glance_at_table,,inspect_table,"[""1633:0"",""2098:0""]","[""fetch"",""state_change""]",,ood
943,1,confirm_one_bowl_and_one_plate,,place_bowl,"[""1488:2"",""2686:2""]","[""fetch"",""multi_object_sequence"",""open_container_then_retrieve"",""relocate""]",,ood
943,2,fetch_absent_dish,fetch,fetch_bowl,"[""1488:0"",""2686:0""]","[""fetch"",""state_change""]",True,ood
944,0,check_table_for_bowl_0,state_change,check_table,"[""1039:0"",""1737:0""]","[""fetch"",""state_change""]",True,ood
944,1,check_table_for_plate_0,state_change,check_table,"[""2239:0"",""6057:0""]","[""fetch"",""state_change""]",True,ood
944,2,deliver_bowl_0_if_missing,relocate,fetch_bowl,"[""1488:0"",""2686:0""]","[""fetch"",""state_change""]",False,ood
944,3,deliver_plate_0_if_missing,relocate,place_plate,[],[],False,ood
945,0,check_table_for_bowl_and_plate,state_change,check_table,"[""1039:0"",""1737:0""]","[""fetch"",""state_change""]",True,ood
945,1,check_if_bowl_is_missing,state_change,fetch_bowl,"[""1488:0"",""2686:0""]","[""fetch"",""state_change""]",True,ood
945,2,check_if_plate_is_missing,state_change,set_plate,"[""7118:0"",""911:0""]","[""fetch"",""state_change""]",True,ood
945,3,deliver_missing_bowl,relocate,fetch_bowl,[],[],False,ood
945,4,deliver_missing_plate,relocate,place_plate,[],[],False,ood
946,0,survey_kitchen_work_area,state_change,navigate_to_kitchen_island,"[""1484:0""]","[""fetch"",""state_change""]",True,ood
946,1,identify_missing_item,,fetch_missing_fruit,"[""1207:1"",""2444:1""]","[""fetch"",""open_container_then_retrieve"",""relocate""]",,ood
946,2,carry_missing_item_to_table,,move_to_table,"[""1210:1"",""2918:1""]","[""relocate""]",,ood
947,0,look_over_table,,inspect_table,"[""1700:0"",""1958:0""]","[""fetch"",""state_change""]",,ood
947,1,check_bowl_0_location,state_change,place_bowl,"[""1488:2"",""2686:2""]","[""fetch"",""multi_object_sequence"",""open_container_then_retrieve"",""relocate""]",False,ood
947,2,check_plate_0_location,state_change,place_plate,"[""1379:0"",""4075:0""]","[""fetch"",""state_change""]",True,ood
947,3,get_missing_item,fetch,fetch_missing_fruit,[],[],False,ood
947,4,place_item_on_table,relocate,place_on_table,[],[],False,ood
948,0,look_at_table,,inspect_table,"[""1700:0"",""1958:0""]","[""fetch"",""state_change""]",,ood
948,1,verify_bowl_on_table,,check_table,"[""1039:0"",""1737:0""]","[""fetch"",""state_change""]",,ood
948,2,verify_plate_on_table,,check_table,"[""2239:0"",""6057:0""]","[""fetch"",""state_change""]",,ood
948,3,go_to_kitchen_work_area,,navigate_to_kitchen_island,[],[],,ood
948,4,retrieve_missing_plate,fetch,set_plate,[],[],False,ood
948,5,place_plate_on_table,relocate,place_on_plate,[],[],False,ood
949,0,look_for_bowl_0_on_table,,fetch_bowl,"[""4764:0"",""1488:0""]","[""fetch"",""state_change""]",,ood
949,1,look_for_plate_0_on_table,,place_on_plate,"[""5169:2""]","[""relocate""]",,ood
949,2,retrieve_bowl_0_if_missing,fetch,fetch_bowl,"[""2686:0""]","[""fetch"",""state_change""]",True,ood
949,3,retrieve_plate_0_if_missing,fetch,set_plate,"[""5528:0"",""2966:0""]","[""fetch"",""state_change""]",True,ood
949,4,place_bowl_0_on_table,relocate,place_bowl,[],[],False,ood
949,5,place_plate_0_on_table,relocate,place_on_plate,[],[],False,ood
950,0,glance_at_table,,inspect_table,"[""1633:0"",""2098:0""]","[""fetch"",""state_change""]",,ood
950,1,confirm_one_bowl_and_one_plate,,place_bowl,"[""1488:2"",""2686:2""]","[""fetch"",""multi_object_sequence"",""open_container_then_retrieve"",""relocate""]",,ood
950,2,fetch_absent_dish,fetch,fetch_bowl,"[""1488:0"",""2686:0""]","[""fetch"",""state_change""]",True,ood
951,0,examine_table,,inspect_table,"[""1700:0"",""1958:0""]","[""fetch"",""state_change""]",,ood
951,1,find_single_dish,fetch,fetch_bowl,"[""4764:0"",""1488:0""]","[""fetch"",""state_change""]",True,ood
951,2,supply_missing_dish,,fetch_bowl,"[""2686:0""]","[""fetch"",""state_change""]",,ood
951,3,position_both_dishes,,place_plate_on_kitchen_island,"[""1484:1""]","[""relocate""]",,ood
952,0,find_non_table_item,fetch,inspect_table,"[""1700:0"",""1958:0""]","[""fetch"",""state_change""]",True,ood
952,1,move_to_non_table_item,,move_to_table,"[""1210:1"",""2918:1""]","[""relocate""]",,ood
952,2,pick_non_table_item,fetch,move_to_table,"[""3979:1""]","[""relocate""]",False,ood
952,3,move_to_table,,move_to_table,[],[],,ood
952,4,place_non_table_item_on_table,relocate,place_on_table,"[""3156:2""]","[""multi_object_sequence"",""relocate""]",True,ood
953,0,scan_table,,scan_table,"[""5235:0"",""1209:0""]","[""fetch"",""state_change""]",,ood
953,1,check_bowl_presence,state_change,place_bowl,"[""3697:1"",""6464:1""]","[""multi_object_sequence"",""relocate""]",False,ood
953,2,check_plate_presence,state_change,place_plate,"[""3266:2"",""5679:2""]","[""relocate""]",False,ood
953,3,place_bowl_if_needed,relocate,place_bowl,[],[],False,ood
953,4,place_plate_if_needed,relocate,place_plate,[],[],False,ood
954,0,observe_table,,inspect_table,"[""1700:0"",""1958:0""]","[""fetch"",""state_change""]",,ood
954,1,observe_kitchen_work_area,,navigate_to_kitchen_island,"[""1484:0""]","[""fetch"",""state_change""]",,ood
954,2,pick_bowl_0,fetch,fetch_bowl,"[""1488:0"",""2686:0""]","[""fetch"",""state_change""]",True,ood
954,3,pick_plate_0,fetch,place_plate,"[""3266:2""]","[""relocate""]",False,ood
955,0,look_over_table,,inspect_table,"[""1700:0"",""1958:0""]","[""fetch"",""state_change""]",,ood
955,1,check_bowl_0_location,state_change,place_bowl,"[""1488:2"",""2686:2""]","[""fetch"",""multi_object_sequence"",""open_container_then_retrieve"",""relocate""]",False,ood
955,2,check_plate_0_location,state_change,place_plate,"[""1379:0"",""4075:0""]","[""fetch"",""state_change""]",True,ood
955,3,get_missing_item,fetch,fetch_missing_fruit,[],[],False,ood
955,4,place_item_on_table,relocate,place_on_table,[],[],False,ood
956,0,survey_kitchen_work_area,state_change,navigate_to_kitchen_island,"[""1484:0""]","[""fetch"",""state_change""]",True,ood
956,1,identify_missing_item,,fetch_missing_fruit,"[""1207:1"",""2444:1""]","[""fetch"",""open_container_then_retrieve"",""relocate""]",,ood
956,2,carry_missing_item_to_table,,move_to_table,"[""1210:1"",""2918:1""]","[""relocate""]",,ood
957,0,inspect_table,state_change,inspect_table,"[""1700:0"",""1958:0""]","[""fetch"",""state_change""]",True,ood
957,1,fetch_bowl_0,fetch,fetch_bowl,"[""4764:0"",""1488:0""]","[""fetch"",""state_change""]",True,ood
957,2,place_bowl_0_on_table,relocate,place_bowl,"[""4764:1"",""1488:2""]","[""fetch"",""multi_object_sequence"",""open_container_then_retrieve"",""relocate""]",True,ood
957,3,fetch_plate_0,fetch,place_plate,[],[],False,ood
957,4,place_plate_0_on_table,relocate,place_on_plate,[],[],False,ood
958,0,examine_kitchen_work_area,,navigate_to_kitchen_island,"[""1484:0""]","[""fetch"",""state_change""]",,ood
958,1,find_single_dish,fetch,fetch_bowl,"[""4764:0"",""1488:0""]","[""fetch"",""state_change""]",True,ood
958,2,supply_missing_dish,,fetch_bowl,"[""2686:0""]","[""fetch"",""state_change""]",,ood
959,0,glance_at_table,,inspect_table,"[""1633:0"",""2098:0""]","[""fetch"",""state_change""]",,ood
959,1,confirm_one_bowl_and_one_plate,,place_bowl,"[""1488:2"",""2686:2""]","[""fetch"",""multi_object_sequence"",""open_container_then_retrieve"",""relocate""]",,ood
959,2,fetch_absent_dish,fetch,fetch_bowl,"[""1488:0"",""2686:0""]","[""fetch"",""state_change""]",True,ood
960,0,survey_table,state_change,survey_table,"[""1173:0"",""2647:0""]","[""fetch"",""state_change""]",True,ood
960,1,identify_missing_item,,fetch_missing_fruit,"[""1207:1"",""2444:1""]","[""fetch"",""open_container_then_retrieve"",""relocate""]",,ood
960,2,carry_missing_item_to_table,,move_to_table,"[""1210:1"",""2918:1""]","[""relocate""]",,ood
961,0,look_at_table,,inspect_table,"[""1700:0"",""1958:0""]","[""fetch"",""state_change""]",,ood
961,1,verify_bowl_on_table,,check_table,"[""1039:0"",""1737:0""]","[""fetch"",""state_change""]",,ood
961,2,verify_plate_on_table,,check_table,"[""2239:0"",""6057:0""]","[""fetch"",""state_change""]",,ood
961,3,go_to_kitchen_work_area,,navigate_to_kitchen_island,[],[],,ood
961,4,retrieve_missing_plate,fetch,set_plate,[],[],False,ood
961,5,place_plate_on_table,relocate,place_on_plate,[],[],False,ood
962,0,scan_kitchen_work_area,,scan_table,"[""5235:0"",""1209:0""]","[""fetch"",""state_change""]",,ood
962,1,check_for_bowl_0,state_change,fetch_bowl,"[""4764:0"",""1488:0""]","[""fetch"",""state_change""]",True,ood
962,2,check_for_plate_0,state_change,place_plate,"[""3266:2"",""5679:2""]","[""relocate""]",False,ood
962,3,place_bowl_0_if_missing,relocate,place_bowl,[],[],False,ood
962,4,place_plate_0_if_missing,relocate,place_plate,[],[],False,ood
963,0,find_non_table_item,fetch,inspect_table,"[""1700:0"",""1958:0""]","[""fetch"",""state_change""]",True,ood
963,1,move_to_non_table_item,,move_to_table,"[""1210:1"",""2918:1""]","[""relocate""]",,ood
963,2,pick_non_table_item,fetch,move_to_table,"[""3979:1""]","[""relocate""]",False,ood
963,3,move_to_table,,move_to_table,[],[],,ood
963,4,place_non_table_item_on_table,relocate,place_on_table,"[""3156:2""]","[""multi_object_sequence"",""relocate""]",True,ood
964,0,scan_table,,scan_table,"[""5235:0"",""1209:0""]","[""fetch"",""state_change""]",,ood
964,1,check_for_bowl,state_change,fetch_bowl,"[""4764:0"",""1488:0""]","[""fetch"",""state_change""]",True,ood
964,2,check_for_plate,state_change,set_plate,"[""7118:0"",""911:0""]","[""fetch"",""state_change""]",True,ood
964,3,place_bowl_on_table,relocate,place_on_table,[],[],False,ood
964,4,place_plate_on_table,relocate,place_on_plate,[],[],False,ood
965,0,look_for_bowl_0_on_table,,fetch_bowl,"[""4764:0"",""1488:0""]","[""fetch"",""state_change""]",,ood
965,1,look_for_plate_0_on_table,,place_on_plate,"[""5169:2""]","[""relocate""]",,ood
965,2,retrieve_bowl_0_if_missing,fetch,fetch_bowl,"[""2686:0""]","[""fetch"",""state_change""]",True,ood
965,3,retrieve_plate_0_if_missing,fetch,set_plate,"[""5528:0"",""2966:0""]","[""fetch"",""state_change""]",True,ood
965,4,place_bowl_0_on_table,relocate,place_bowl,[],[],False,ood
965,5,place_plate_0_on_table,relocate,place_on_plate,[],[],False,ood
966,0,survey_kitchen_work_area,state_change,navigate_to_kitchen_island,"[""1484:0""]","[""fetch"",""state_change""]",True,ood
966,1,identify_missing_item,,fetch_missing_fruit,"[""1207:1"",""2444:1""]","[""fetch"",""open_container_then_retrieve"",""relocate""]",,ood
966,2,carry_missing_item_to_table,,move_to_table,"[""1210:1"",""2918:1""]","[""relocate""]",,ood
967,0,survey_table,state_change,survey_table,"[""1173:0"",""2647:0""]","[""fetch"",""state_change""]",True,ood
967,1,identify_missing_item,,fetch_missing_fruit,"[""1207:1"",""2444:1""]","[""fetch"",""open_container_then_retrieve"",""relocate""]",,ood
967,2,carry_missing_item_to_table,,move_to_table,"[""1210:1"",""2918:1""]","[""relocate""]",,ood
968,0,survey_table,state_change,survey_table,"[""1173:0"",""2647:0""]","[""fetch"",""state_change""]",True,ood
968,1,identify_missing_item,,fetch_missing_fruit,"[""1207:1"",""2444:1""]","[""fetch"",""open_container_then_retrieve"",""relocate""]",,ood
968,2,carry_missing_item_to_table,,move_to_table,"[""1210:1"",""2918:1""]","[""relocate""]",,ood
969,0,look_for_bowl_0_on_table,,fetch_bowl,"[""4764:0"",""1488:0""]","[""fetch"",""state_change""]",,ood
969,1,look_for_plate_0_on_table,,place_on_plate,"[""5169:2""]","[""relocate""]",,ood
969,2,retrieve_bowl_0_if_missing,fetch,fetch_bowl,"[""2686:0""]","[""fetch"",""state_change""]",True,ood
969,3,retrieve_plate_0_if_missing,fetch,set_plate,"[""5528:0"",""2966:0""]","[""fetch"",""state_change""]",True,ood
969,4,place_bowl_0_on_table_if_missing,relocate,place_bowl,[],[],False,ood
969,5,place_plate_0_on_table_if_missing,relocate,place_on_plate,[],[],False,ood
970,0,inspect_kitchen_work_area,state_change,inspect_cabinet,"[""144:0"",""1774:0""]","[""state_change""]",True,ood
970,1,fetch_bowl_1,fetch,fetch_bowl,"[""4764:0"",""1488:0""]","[""fetch"",""state_change""]",True,ood
970,2,place_bowl_1_on_table,relocate,place_bowl,"[""4764:1"",""3697:1""]","[""multi_object_sequence"",""relocate""]",True,ood
970,3,fetch_plate_0,fetch,place_plate,[],[],False,ood
970,4,place_plate_0_on_table,relocate,place_on_plate,[],[],False,ood
971,0,scan_table,,scan_table,"[""5235:0"",""1209:0""]","[""fetch"",""state_change""]",,ood
971,1,check_for_bowl,state_change,fetch_bowl,"[""4764:0"",""1488:0""]","[""fetch"",""state_change""]",True,ood
971,2,check_for_plate,state_change,set_plate,"[""7118:0"",""911:0""]","[""fetch"",""state_change""]",True,ood
971,3,place_bowl_on_table,relocate,place_on_table,[],[],False,ood
971,4,place_plate_on_table,relocate,place_on_plate,[],[],False,ood
972,0,look_for_bowl_0_on_table,,fetch_bowl,"[""4764:0"",""1488:0""]","[""fetch"",""state_change""]",,ood
972,1,look_for_plate_0_on_table,,place_on_plate,"[""5169:2""]","[""relocate""]",,ood
972,2,retrieve_bowl_0_if_missing,fetch,fetch_bowl,"[""2686:0""]","[""fetch"",""state_change""]",True,ood
972,3,retrieve_plate_0_if_missing,fetch,set_plate,"[""5528:0"",""2966:0""]","[""fetch"",""state_change""]",True,ood
973,0,look_over_table,,inspect_table,"[""1700:0"",""1958:0""]","[""fetch"",""state_change""]",,ood
973,1,check_bowl_0_location,state_change,place_bowl,"[""1488:2"",""2686:2""]","[""fetch"",""multi_object_sequence"",""open_container_then_retrieve"",""relocate""]",False,ood
973,2,check_plate_0_location,state_change,place_plate,"[""1379:0"",""4075:0""]","[""fetch"",""state_change""]",True,ood
973,3,get_missing_item,fetch,fetch_missing_fruit,[],[],False,ood
973,4,place_item_on_table,relocate,place_on_table,[],[],False,ood
974,0,check_kitchen_work_area_for_dishes,state_change,place_plate_on_kitchen_island,"[""2240:0"",""1484:1""]","[""fetch"",""relocate"",""state_change""]",True,ood
974,1,check_if_bowl_is_missing,state_change,fetch_bowl,"[""1488:0"",""2686:0""]","[""fetch"",""state_change""]",True,ood
974,2,check_if_plate_is_missing,state_change,set_plate,"[""5528:0"",""2966:0""]","[""fetch"",""state_change""]",True,ood
974,3,get_bowl_from_kitchen_work_area,fetch,place_bowl,[],[],False,ood
974,4,get_plate_from_kitchen_work_area,fetch,place_plate_on_kitchen_island,[],[],False,ood
974,5,place_bowl_on_table,relocate,place_on_table,[],[],False,ood
974,6,place_plate_on_table,relocate,place_on_plate,[],[],False,ood
975,0,glance_at_table,,inspect_table,"[""1633:0"",""2098:0""]","[""fetch"",""state_change""]",,ood
975,1,confirm_one_bowl_and_one_plate,,place_bowl,"[""1488:2"",""2686:2""]","[""fetch"",""multi_object_sequence"",""open_container_then_retrieve"",""relocate""]",,ood
975,2,fetch_absent_dish,fetch,fetch_bowl,"[""1488:0"",""2686:0""]","[""fetch"",""state_change""]",True,ood
976,0,check_kitchen_work_area,state_change,navigate_to_kitchen_island,"[""1484:0""]","[""fetch"",""state_change""]",True,ood
976,1,check_for_bowl,state_change,fetch_bowl,"[""1488:0"",""2686:0""]","[""fetch"",""state_change""]",True,ood
976,2,check_for_plate,state_change,set_plate,"[""7118:0"",""911:0""]","[""fetch"",""state_change""]",True,ood
976,3,deliver_missing_bowl,relocate,fetch_bowl,"[""4764:0""]","[""fetch"",""state_change""]",False,ood
976,4,deliver_missing_plate,relocate,place_plate,[],[],False,ood
977,0,examine_table,,inspect_table,"[""1700:0"",""1958:0""]","[""fetch"",""state_change""]",,ood
977,1,find_single_dish,fetch,fetch_bowl,"[""4764:0"",""1488:0""]","[""fetch"",""state_change""]",True,ood
977,2,supply_missing_dish,,fetch_bowl,"[""2686:0""]","[""fetch"",""state_change""]",,ood
977,3,position_both_dishes,,place_plate_on_kitchen_island,"[""1484:1""]","[""relocate""]",,ood
978,0,examine_table,,inspect_table,"[""1700:0"",""1958:0""]","[""fetch"",""state_change""]",,ood
978,1,find_single_dish,fetch,fetch_bowl,"[""4764:0"",""1488:0""]","[""fetch"",""state_change""]",True,ood
978,2,supply_other_dish,,place_on_plate,"[""5169:2""]","[""relocate""]",,ood
978,3,position_both_dishes,,place_plate_on_kitchen_island,"[""1484:1""]","[""relocate""]",,ood
979,0,inspect_kitchen_work_area,state_change,inspect_cabinet,"[""144:0"",""1774:0""]","[""state_change""]",True,ood
979,1,fetch_bowl_1,fetch,fetch_bowl,"[""4764:0"",""1488:0""]","[""fetch"",""state_change""]",True,ood
979,2,place_bowl_1_on_table,relocate,place_bowl,"[""4764:1"",""3697:1""]","[""multi_object_sequence"",""relocate""]",True,ood
979,3,fetch_plate_0,fetch,place_plate,[],[],False,ood
979,4,place_plate_0_on_table,relocate,place_on_plate,[],[],False,ood
980,0,check_table_for_bowl_0,state_change,check_table,"[""1039:0"",""1737:0""]","[""fetch"",""state_change""]",True,ood
980,1,check_table_for_plate_0,state_change,check_table,"[""2239:0"",""6057:0""]","[""fetch"",""state_change""]",True,ood
980,2,deliver_bowl_0_if_missing,relocate,fetch_bowl,"[""1488:0"",""2686:0""]","[""fetch"",""state_change""]",False,ood
980,3,deliver_plate_0_if_missing,relocate,place_plate,[],[],False,ood
981,0,check_table_for_bowl_and_plate,state_change,check_table,"[""1502:0"",""1663:0""]","[""fetch"",""state_change""]",True,ood
981,1,if_bowl_missing_get_bowl,fetch,fetch_bowl,"[""1488:0"",""2686:0""]","[""fetch"",""state_change""]",True,ood
981,2,if_plate_missing_get_plate,fetch,set_plate,"[""5528:0"",""2966:0""]","[""fetch"",""state_change""]",True,ood
981,3,place_missing_dish_on_table,relocate,place_plate_on_kitchen_island,[],[],False,ood
982,0,examine_table,,inspect_table,"[""1700:0"",""1958:0""]","[""fetch"",""state_change""]",,ood
982,1,find_single_dish,fetch,fetch_bowl,"[""4764:0"",""1488:0""]","[""fetch"",""state_change""]",True,ood
982,2,supply_other_dish,,place_on_plate,"[""5169:2""]","[""relocate""]",,ood
982,3,position_both_dishes,,place_plate_on_kitchen_island,"[""1484:1""]","[""relocate""]",,ood
983,0,observe_table,,inspect_table,"[""1700:0"",""1958:0""]","[""fetch"",""state_change""]",,ood
983,1,observe_kitchen_work_area,,navigate_to_kitchen_island,"[""1484:0""]","[""fetch"",""state_change""]",,ood
983,2,pick_bowl_0,fetch,fetch_bowl,"[""1488:0"",""2686:0""]","[""fetch"",""state_change""]",True,ood
983,3,pick_plate_0,fetch,place_plate,"[""3266:2""]","[""relocate""]",False,ood
984,0,look_for_bowl_0_on_table,,fetch_bowl,"[""4764:0"",""1488:0""]","[""fetch"",""state_change""]",,ood
984,1,look_for_plate_0_on_table,,place_on_plate,"[""5169:2""]","[""relocate""]",,ood
984,2,retrieve_bowl_0_if_missing,fetch,fetch_bowl,"[""2686:0""]","[""fetch"",""state_change""]",True,ood
984,3,retrieve_plate_0_if_missing,fetch,set_plate,"[""5528:0"",""2966:0""]","[""fetch"",""state_change""]",True,ood
985,0,glance_at_table,,inspect_table,"[""1633:0"",""2098:0""]","[""fetch"",""state_change""]",,ood
985,1,confirm_bowl_and_plate,,place_bowl,"[""1488:2"",""2686:2""]","[""fetch"",""multi_object_sequence"",""open_container_then_retrieve"",""relocate""]",,ood
985,2,fetch_absent_dish,fetch,fetch_bowl,"[""1488:0"",""2686:0""]","[""fetch"",""state_change""]",True,ood
986,0,observe_table,,inspect_table,"[""1700:0"",""1958:0""]","[""fetch"",""state_change""]",,ood
986,1,observe_kitchen_work_area,,navigate_to_kitchen_island,"[""1484:0""]","[""fetch"",""state_change""]",,ood
986,2,pick_bowl_0,fetch,fetch_bowl,"[""1488:0"",""2686:0""]","[""fetch"",""state_change""]",True,ood
986,3,pick_plate_0,fetch,place_plate,"[""3266:2""]","[""relocate""]",False,ood
987,0,look_for_bowl_0_on_table,,fetch_bowl,"[""4764:0"",""1488:0""]","[""fetch"",""state_change""]",,ood
987,1,look_for_plate_0_on_table,,place_on_plate,"[""5169:2""]","[""relocate""]",,ood
987,2,retrieve_bowl_0_if_missing,fetch,fetch_bowl,"[""2686:0""]","[""fetch"",""state_change""]",True,ood
987,3,retrieve_plate_0_if_missing,fetch,set_plate,"[""5528:0"",""2966:0""]","[""fetch"",""state_change""]",True,ood
987,4,place_bowl_0_on_table_if_missing,relocate,place_bowl,[],[],False,ood
987,5,place_plate_0_on_table_if_missing,relocate,place_on_plate,[],[],False,ood
988,0,check_table_for_bowl_0,state_change,check_table,"[""1039:0"",""1737:0""]","[""fetch"",""state_change""]",True,ood
988,1,check_table_for_plate_0,state_change,check_table,"[""2239:0"",""6057:0""]","[""fetch"",""state_change""]",True,ood
988,2,deliver_bowl_0_if_missing,relocate,fetch_bowl,"[""1488:0"",""2686:0""]","[""fetch"",""state_change""]",False,ood
988,3,deliver_plate_0_if_missing,relocate,place_plate,[],[],False,ood
989,0,glance_at_table,,inspect_table,"[""1633:0"",""2098:0""]","[""fetch"",""state_change""]",,ood
989,1,confirm_one_bowl_and_one_plate,,place_bowl,"[""2501:1"",""1488:2""]","[""fetch"",""multi_object_sequence"",""open_container_then_retrieve"",""relocate""]",,ood
989,2,fetch_absent_dish,fetch,fetch_bowl,"[""1488:0"",""2686:0""]","[""fetch"",""state_change""]",True,ood
990,0,survey_table,state_change,survey_table,"[""1173:0"",""2647:0""]","[""fetch"",""state_change""]",True,ood
990,1,identify_missing_item,,fetch_missing_fruit,"[""1207:1"",""2444:1""]","[""fetch"",""open_container_then_retrieve"",""relocate""]",,ood
990,2,carry_missing_item_to_table,,move_to_table,"[""1210:1"",""2918:1""]","[""relocate""]",,ood
991,0,examine_kitchen_work_area,,navigate_to_kitchen_island,"[""1484:0""]","[""fetch"",""state_change""]",,ood
991,1,find_single_dish,fetch,fetch_bowl,"[""4764:0"",""1488:0""]","[""fetch"",""state_change""]",True,ood
991,2,supply_missing_dish,,fetch_bowl,"[""2686:0""]","[""fetch"",""state_change""]",,ood
992,0,survey_table,state_change,survey_table,"[""1173:0"",""2647:0""]","[""fetch"",""state_change""]",True,ood
992,1,identify_missing_item,,fetch_missing_fruit,"[""1207:1"",""2444:1""]","[""fetch"",""open_container_then_retrieve"",""relocate""]",,ood
992,2,carry_missing_item_to_table,,move_to_table,"[""1210:1"",""2918:1""]","[""relocate""]",,ood
993,0,glance_at_table,,inspect_table,"[""1633:0"",""2098:0""]","[""fetch"",""state_change""]",,ood
993,1,confirm_one_bowl_and_one_plate,,place_bowl,"[""1488:2"",""2686:2""]","[""fetch"",""multi_object_sequence"",""open_container_then_retrieve"",""relocate""]",,ood
993,2,fetch_absent_dish,fetch,fetch_bowl,"[""1488:0"",""2686:0""]","[""fetch"",""state_change""]",True,ood
994,0,look_over_table,,inspect_table,"[""1700:0"",""1958:0""]","[""fetch"",""state_change""]",,ood
994,1,check_bowl_0_location,state_change,place_bowl,"[""1488:2"",""2686:2""]","[""fetch"",""multi_object_sequence"",""open_container_then_retrieve"",""relocate""]",False,ood
994,2,check_plate_0_location,state_change,place_plate,"[""1379:0"",""4075:0""]","[""fetch"",""state_change""]",True,ood
994,3,get_missing_item,fetch,fetch_missing_fruit,[],[],False,ood
994,4,place_item_on_table,relocate,place_on_table,[],[],False,ood
995,0,survey_kitchen_work_area,state_change,navigate_to_kitchen_island,"[""1484:0""]","[""fetch"",""state_change""]",True,ood
995,1,identify_missing_item,,fetch_missing_fruit,"[""1207:1"",""2444:1""]","[""fetch"",""open_container_then_retrieve"",""relocate""]",,ood
995,2,carry_missing_item_to_table,,move_to_table,"[""1210:1"",""2918:1""]","[""relocate""]",,ood
996,0,check_table_for_bowl_and_plate,state_change,check_table,"[""1502:0"",""1663:0""]","[""fetch"",""state_change""]",True,ood
996,1,if_bowl_missing_get_bowl,fetch,fetch_bowl,"[""1488:0"",""2686:0""]","[""fetch"",""state_change""]",True,ood
996,2,if_plate_missing_get_plate,fetch,set_plate,"[""5528:0"",""2966:0""]","[""fetch"",""state_change""]",True,ood
996,3,place_missing_dish_on_table,relocate,place_plate_on_kitchen_island,[],[],False,ood
997,0,check_table_for_bowl_and_plate,state_change,check_table,"[""1502:0"",""1663:0""]","[""fetch"",""state_change""]",True,ood
997,1,if_bowl_missing_get_bowl,fetch,fetch_bowl,"[""1488:0"",""2686:0""]","[""fetch"",""state_change""]",True,ood
997,2,if_plate_missing_get_plate,fetch,set_plate,"[""5528:0"",""2966:0""]","[""fetch"",""state_change""]",True,ood
997,3,place_missing_dish_on_table,relocate,place_plate_on_kitchen_island,[],[],False,ood
998,0,look_for_bowl_0_on_table,,fetch_bowl,"[""4764:0"",""1488:0""]","[""fetch"",""state_change""]",,ood
998,1,look_for_plate_0_on_table,,place_on_plate,"[""5169:2""]","[""relocate""]",,ood
998,2,retrieve_bowl_0_if_missing,fetch,fetch_bowl,"[""2686:0""]","[""fetch"",""state_change""]",True,ood
998,3,retrieve_plate_0_if_missing,fetch,set_plate,"[""5528:0"",""2966:0""]","[""fetch"",""state_change""]",True,ood
998,4,place_bowl_0_on_table,relocate,place_bowl,[],[],False,ood
998,5,place_plate_0_on_table,relocate,place_on_plate,[],[],False,ood
999,0,inspect_table,state_change,inspect_table,"[""1700:0"",""1958:0""]","[""fetch"",""state_change""]",True,ood
999,1,fetch_hidden_dish,fetch,fetch_bowl,"[""4764:0"",""1488:0""]","[""fetch"",""state_change""]",True,ood
999,2,place_dish_on_table,relocate,place_on_table,"[""3156:2"",""3173:2""]","[""multi_object_sequence"",""relocate""]",True,ood
1000,0,glance_at_table,,inspect_table,"[""1633:0"",""2098:0""]","[""fetch"",""state_change""]",,ood
1000,1,confirm_bowl_and_plate,,place_bowl,"[""1488:2"",""2686:2""]","[""fetch"",""multi_object_sequence"",""open_container_then_retrieve"",""relocate""]",,ood
1000,2,fetch_absent_dish,fetch,fetch_bowl,"[""1488:0"",""2686:0""]","[""fetch"",""state_change""]",True,ood
1001,0,look_at_table,,inspect_table,"[""1700:0"",""1958:0""]","[""fetch"",""state_change""]",,ood
1001,1,verify_bowl_on_table,,check_table,"[""1039:0"",""1737:0""]","[""fetch"",""state_change""]",,ood
1001,2,verify_plate_on_table,,check_table,"[""2239:0"",""6057:0""]","[""fetch"",""state_change""]",,ood
1001,3,go_to_kitchen_work_area,,navigate_to_kitchen_island,[],[],,ood
1001,4,retrieve_missing_plate,fetch,set_plate,[],[],False,ood
1001,5,place_plate_on_table,relocate,place_on_plate,[],[],False,ood
1002,0,survey_table,state_change,survey_table,"[""1173:0"",""2647:0""]","[""fetch"",""state_change""]",True,ood
1002,1,identify_missing_item,,fetch_missing_fruit,"[""1207:1"",""2444:1""]","[""fetch"",""open_container_then_retrieve"",""relocate""]",,ood
1002,2,carry_missing_item_to_table,,move_to_table,"[""1210:1"",""2918:1""]","[""relocate""]",,ood
1003,0,scan_kitchen_work_area,,scan_table,"[""5235:0"",""1209:0""]","[""fetch"",""state_change""]",,ood
1003,1,check_for_bowl_0,state_change,fetch_bowl,"[""4764:0"",""1488:0""]","[""fetch"",""state_change""]",True,ood
1003,2,check_for_plate_0,state_change,place_plate,"[""3266:2"",""5679:2""]","[""relocate""]",False,ood
1003,3,place_bowl_0_if_missing,relocate,place_bowl,[],[],False,ood
1003,4,place_plate_0_if_missing,relocate,place_plate,[],[],False,ood
1004,0,look_at_table,,inspect_table,"[""1700:0"",""1958:0""]","[""fetch"",""state_change""]",,ood
1004,1,verify_bowl_on_table,,check_table,"[""1039:0"",""1737:0""]","[""fetch"",""state_change""]",,ood
1004,2,verify_plate_on_table,,check_table,"[""2239:0"",""6057:0""]","[""fetch"",""state_change""]",,ood
1004,3,go_to_kitchen_work_area,,navigate_to_kitchen_island,[],[],,ood
1004,4,retrieve_missing_plate,fetch,set_plate,[],[],False,ood
1004,5,place_plate_on_table,relocate,place_on_plate,[],[],False,ood
1005,0,observe_kitchen_work_area,,navigate_to_kitchen_island,"[""1484:0""]","[""fetch"",""state_change""]",,ood
1005,1,detect_bowl,,fetch_bowl,"[""1488:0"",""2686:0""]","[""fetch"",""state_change""]",,ood
1005,2,detect_plate,,set_plate,"[""7118:0"",""911:0""]","[""fetch"",""state_change""]",,ood
1005,3,choose_missing_item,,fetch_missing_fruit,"[""1207:1""]","[""fetch"",""open_container_then_retrieve"",""relocate""]",,ood
1005,4,move_to_kitchen_work_area,,move_to_cabinet,[],[],,ood
1005,5,pick_missing_item,fetch,fetch_missing_fruit,[],[],False,ood
1006,0,observe_table_for_bowl_0,,inspect_table,"[""1700:0"",""1958:0""]","[""fetch"",""state_change""]",,ood
1006,1,observe_table_for_plate_0,,inspect_table,"[""3510:0"",""3156:1""]","[""fetch"",""open_container_then_retrieve"",""relocate"",""state_change""]",,ood
1006,2,bring_along_undetected_bowl_or_plate,relocate,place_on_plate,"[""5169:2""]","[""relocate""]",True,ood
1007,0,check_table_for_bowl,state_change,check_table,"[""1039:0"",""1737:0""]","[""fetch"",""state_change""]",True,ood
1007,1,check_table_for_plate,state_change,check_table,"[""2239:0"",""6057:0""]","[""fetch"",""state_change""]",True,ood
1007,2,deliver_missing_bowl,relocate,fetch_bowl,"[""1488:0"",""2686:0""]","[""fetch"",""state_change""]",False,ood
1007,3,deliver_missing_plate,relocate,place_plate,[],[],False,ood
1008,0,look_for_bowl_0_on_table,,fetch_bowl,"[""4764:0"",""1488:0""]","[""fetch"",""state_change""]",,ood
1008,1,look_for_plate_0_on_table,,place_on_plate,"[""5169:2""]","[""relocate""]",,ood
1008,2,retrieve_bowl_0_if_missing,fetch,fetch_bowl,"[""2686:0""]","[""fetch"",""state_change""]",True,ood
1008,3,retrieve_plate_0_if_missing,fetch,set_plate,"[""5528:0"",""2966:0""]","[""fetch"",""state_change""]",True,ood
1008,4,place_bowl_0_on_table_if_missing,relocate,place_bowl,[],[],False,ood
1008,5,place_plate_0_on_table_if_missing,relocate,place_on_plate,[],[],False,ood
1009,0,look_for_bowl_0_on_table,,fetch_bowl,"[""4764:0"",""1488:0""]","[""fetch"",""state_change""]",,ood
1009,1,look_for_plate_0_on_table,,place_on_plate,"[""5169:2""]","[""relocate""]",,ood
1009,2,retrieve_bowl_0_if_missing,fetch,fetch_bowl,"[""2686:0""]","[""fetch"",""state_change""]",True,ood
1009,3,retrieve_plate_0_if_missing,fetch,set_plate,"[""5528:0"",""2966:0""]","[""fetch"",""state_change""]",True,ood
1009,4,place_bowl_0_on_table_if_missing,relocate,place_bowl,[],[],False,ood
1009,5,place_plate_0_on_table_if_missing,relocate,place_on_plate,[],[],False,ood
1010,0,check_table_for_bowl_and_plate,state_change,check_table,"[""1502:0"",""1663:0""]","[""fetch"",""state_change""]",True,ood
1010,1,if_bowl_missing_get_bowl,fetch,fetch_bowl,"[""1488:0"",""2686:0""]","[""fetch"",""state_change""]",True,ood
1010,2,if_plate_missing_get_plate,fetch,set_plate,"[""5528:0"",""2966:0""]","[""fetch"",""state_change""]",True,ood
1010,3,place_missing_dish_on_table,relocate,place_plate_on_kitchen_island,[],[],False,ood
1011,0,look_for_bowl_0_on_table,,fetch_bowl,"[""4764:0"",""1488:0""]","[""fetch"",""state_change""]",,ood
1011,1,look_for_plate_0_on_table,,place_on_plate,"[""5169:2""]","[""relocate""]",,ood
1011,2,retrieve_bowl_0_if_missing,fetch,fetch_bowl,"[""2686:0""]","[""fetch"",""state_change""]",True,ood
1011,3,retrieve_plate_0_if_missing,fetch,set_plate,"[""5528:0"",""2966:0""]","[""fetch"",""state_change""]",True,ood
1011,4,place_bowl_0_on_table,relocate,place_bowl,[],[],False,ood
1011,5,place_plate_0_on_table,relocate,place_on_plate,[],[],False,ood
1012,0,find_non_resting_bowl_or_plate,fetch,place_bowl,"[""4764:1"",""1488:2""]","[""fetch"",""multi_object_sequence"",""open_container_then_retrieve"",""relocate""]",True,ood
1012,1,move_to_non_resting_bowl_or_plate,,place_on_plate,"[""5169:2""]","[""relocate""]",,ood
1012,2,pick_non_resting_bowl_or_plate,fetch,place_on_plate,[],[],False,ood
1012,3,move_to_kitchen_work_area,,move_to_cabinet,"[""3800:0"",""2775:1""]","[""fetch"",""state_change""]",,ood
1012,4,place_bowl_or_plate_on_kitchen_work_area,relocate,place_plate_on_kitchen_island,"[""1484:1""]","[""relocate""]",True,ood
1013,0,look_for_bowl_0_on_table,,fetch_bowl,"[""4764:0"",""1488:0""]","[""fetch"",""state_change""]",,ood
1013,1,look_for_plate_0_on_table,,place_on_plate,"[""5169:2""]","[""relocate""]",,ood
1013,2,retrieve_bowl_0_if_missing,fetch,fetch_bowl,"[""2686:0""]","[""fetch"",""state_change""]",True,ood
1013,3,retrieve_plate_0_if_missing,fetch,set_plate,"[""5528:0"",""2966:0""]","[""fetch"",""state_change""]",True,ood
1013,4,place_bowl_0_on_table_if_missing,relocate,place_bowl,[],[],False,ood
1013,5,place_plate_0_on_table_if_missing,relocate,place_on_plate,[],[],False,ood
1014,0,scan_table,,scan_table,"[""5235:0"",""1209:0""]","[""fetch"",""state_change""]",,ood
1014,1,check_for_bowl,state_change,fetch_bowl,"[""4764:0"",""1488:0""]","[""fetch"",""state_change""]",True,ood
1014,2,check_for_plate,state_change,set_plate,"[""7118:0"",""911:0""]","[""fetch"",""state_change""]",True,ood
1014,3,place_bowl_on_table,relocate,place_on_table,[],[],False,ood
1014,4,place_plate_on_table,relocate,place_on_plate,[],[],False,ood
1015,0,survey_kitchen_work_area,state_change,navigate_to_kitchen_island,"[""1484:0""]","[""fetch"",""state_change""]",True,ood
1015,1,identify_missing_item,,fetch_missing_fruit,"[""1207:1"",""2444:1""]","[""fetch"",""open_container_then_retrieve"",""relocate""]",,ood
1015,2,carry_missing_item_to_table,,move_to_table,"[""1210:1"",""2918:1""]","[""relocate""]",,ood
1016,0,scan_table,,scan_table,"[""5235:0"",""1209:0""]","[""fetch"",""state_change""]",,ood
1016,1,check_for_bowl,state_change,fetch_bowl,"[""4764:0"",""1488:0""]","[""fetch"",""state_change""]",True,ood
1016,2,check_for_plate,state_change,set_plate,"[""7118:0"",""911:0""]","[""fetch"",""state_change""]",True,ood
1016,3,place_bowl_on_table,relocate,place_on_table,[],[],False,ood
1016,4,place_plate_on_table,relocate,place_on_plate,[],[],False,ood
1017,0,check_table_for_bowl,state_change,check_table,"[""1039:0"",""1737:0""]","[""fetch"",""state_change""]",True,ood
1017,1,check_table_for_plate,state_change,check_table,"[""2239:0"",""6057:0""]","[""fetch"",""state_change""]",True,ood
1017,2,deliver_missing_bowl,relocate,fetch_bowl,"[""1488:0"",""2686:0""]","[""fetch"",""state_change""]",False,ood
1017,3,deliver_missing_plate,relocate,place_plate,[],[],False,ood
1018,0,find_non_resting_bowl_or_plate,fetch,place_bowl,"[""4764:1"",""1488:2""]","[""fetch"",""multi_object_sequence"",""open_container_then_retrieve"",""relocate""]",True,ood
1018,1,move_to_non_resting_bowl_or_plate,,place_on_plate,"[""5169:2""]","[""relocate""]",,ood
1018,2,pick_non_resting_bowl_or_plate,fetch,place_on_plate,[],[],False,ood
1018,3,move_to_kitchen_work_area,,move_to_cabinet,"[""3800:0"",""2775:1""]","[""fetch"",""state_change""]",,ood
1018,4,place_non_resting_bowl_or_plate,relocate,place_on_plate,[],[],False,ood
1019,0,scan_table,,scan_table,"[""5235:0"",""1209:0""]","[""fetch"",""state_change""]",,ood
1019,1,check_bowl_presence,state_change,place_bowl,"[""3697:1"",""6464:1""]","[""multi_object_sequence"",""relocate""]",False,ood
1019,2,check_plate_presence,state_change,place_plate,"[""3266:2"",""5679:2""]","[""relocate""]",False,ood
1019,3,place_bowl_if_needed,relocate,place_bowl,[],[],False,ood
1019,4,place_plate_if_needed,relocate,place_plate,[],[],False,ood
1020,0,observe_kitchen_work_area,,navigate_to_kitchen_island,"[""1484:0""]","[""fetch"",""state_change""]",,ood
1020,1,decide_missing_item,,fetch_missing_fruit,"[""1207:1"",""2444:1""]","[""fetch"",""open_container_then_retrieve"",""relocate""]",,ood
1020,2,fetch_missing_item,fetch,fetch_missing_fruit,[],[],False,ood
1021,0,check_table_for_bowl,state_change,check_table,"[""1039:0"",""1737:0""]","[""fetch"",""state_change""]",True,ood
1021,1,check_table_for_plate,state_change,check_table,"[""2239:0"",""6057:0""]","[""fetch"",""state_change""]",True,ood
1021,2,deliver_missing_bowl,relocate,fetch_bowl,"[""1488:0"",""2686:0""]","[""fetch"",""state_change""]",False,ood
1021,3,deliver_missing_plate,relocate,place_plate,[],[],False,ood
1022,0,examine_table,,inspect_table,"[""1700:0"",""1958:0""]","[""fetch"",""state_change""]",,ood
1022,1,find_single_dish,fetch,fetch_bowl,"[""4764:0"",""1488:0""]","[""fetch"",""state_change""]",True,ood
1022,2,supply_other_dish,,place_on_plate,"[""5169:2""]","[""relocate""]",,ood
1022,3,position_bowl_and_plate,,place_on_plate,[],[],,ood
1023,0,look_for_bowl_0_on_table,,fetch_bowl,"[""4764:0"",""1488:0""]","[""fetch"",""state_change""]",,ood
1023,1,look_for_plate_0_on_table,,place_on_plate,"[""5169:2""]","[""relocate""]",,ood
1023,2,retrieve_bowl_0_if_missing,fetch,fetch_bowl,"[""2686:0""]","[""fetch"",""state_change""]",True,ood
1023,3,retrieve_plate_0_if_missing,fetch,set_plate,"[""5528:0"",""2966:0""]","[""fetch"",""state_change""]",True,ood
1023,4,place_bowl_0_on_table,relocate,place_bowl,[],[],False,ood
1023,5,place_plate_0_on_table,relocate,place_on_plate,[],[],False,ood
1024,0,survey_table,state_change,survey_table,"[""1173:0"",""2647:0""]","[""fetch"",""state_change""]",True,ood
1024,1,identify_missing_item,,fetch_missing_fruit,"[""1207:1"",""2444:1""]","[""fetch"",""open_container_then_retrieve"",""relocate""]",,ood
1024,2,carry_missing_item_to_table,,move_to_table,"[""1210:1"",""2918:1""]","[""relocate""]",,ood
1025,0,survey_table,state_change,survey_table,"[""1173:0"",""2647:0""]","[""fetch"",""state_change""]",True,ood
1025,1,identify_missing_item,,fetch_missing_fruit,"[""1207:1"",""2444:1""]","[""fetch"",""open_container_then_retrieve"",""relocate""]",,ood
1025,2,carry_missing_item_to_table,,move_to_table,"[""1210:1"",""2918:1""]","[""relocate""]",,ood
1026,0,check_kitchen_work_area_for_bowl_and_plate,state_change,place_plate_on_kitchen_island,"[""2240:0"",""1484:1""]","[""fetch"",""relocate"",""state_change""]",True,ood
1026,1,if_bowl_missing_get_bowl,fetch,fetch_bowl,"[""1488:0"",""2686:0""]","[""fetch"",""state_change""]",True,ood
1026,2,if_plate_missing_get_plate,fetch,set_plate,"[""5528:0"",""2966:0""]","[""fetch"",""state_change""]",True,ood
1026,3,place_missing_dish_on_table,relocate,place_plate_on_kitchen_island,[],[],False,ood
1027,0,check_kitchen_work_area_for_dishes,state_change,place_plate_on_kitchen_island,"[""2240:0"",""1484:1""]","[""fetch"",""relocate"",""state_change""]",True,ood
1027,1,check_if_bowl_is_missing,state_change,fetch_bowl,"[""1488:0"",""2686:0""]","[""fetch"",""state_change""]",True,ood
1027,2,check_if_plate_is_missing,state_change,set_plate,"[""5528:0"",""2966:0""]","[""fetch"",""state_change""]",True,ood
1027,3,get_bowl_from_kitchen_work_area,fetch,place_bowl,[],[],False,ood
1027,4,get_plate_from_kitchen_work_area,fetch,place_plate_on_kitchen_island,[],[],False,ood
1027,5,place_bowl_on_table,relocate,place_on_table,[],[],False,ood
1027,6,place_plate_on_table,relocate,place_on_plate,[],[],False,ood
1028,0,observe_table,,inspect_table,"[""1700:0"",""1958:0""]","[""fetch"",""state_change""]",,ood
1028,1,observe_kitchen_work_area,,navigate_to_kitchen_island,"[""1484:0""]","[""fetch"",""state_change""]",,ood
1028,2,pick_bowl_0,fetch,fetch_bowl,"[""1488:0"",""2686:0""]","[""fetch"",""state_change""]",True,ood
1028,3,pick_plate_0,fetch,place_plate,"[""3266:2""]","[""relocate""]",False,ood
1029,0,observe_table,,inspect_table,"[""1700:0"",""1958:0""]","[""fetch"",""state_change""]",,ood
1029,1,observe_kitchen_work_area,,navigate_to_kitchen_island,"[""1484:0""]","[""fetch"",""state_change""]",,ood
1029,2,decide_missing_object,,inspect_object,"[""6838:1"",""1367:1""]","[""state_change""]",,ood
1029,3,fetch_missing_object,fetch,fetch_object,"[""6411:0""]","[""fetch""]",True,ood
1030,0,survey_table,state_change,survey_table,"[""1173:0"",""2647:0""]","[""fetch"",""state_change""]",True,ood
1030,1,identify_missing_item,,fetch_missing_fruit,"[""1207:1"",""2444:1""]","[""fetch"",""open_container_then_retrieve"",""relocate""]",,ood
1030,2,carry_missing_item_to_table,,move_to_table,"[""1210:1"",""2918:1""]","[""relocate""]",,ood
1031,0,inspect_table,state_change,inspect_table,"[""1700:0"",""1958:0""]","[""fetch"",""state_change""]",True,ood
1031,1,fetch_hidden_dish,fetch,fetch_bowl,"[""4764:0"",""1488:0""]","[""fetch"",""state_change""]",True,ood
1031,2,place_dish_on_table,relocate,place_on_table,"[""3156:2"",""3173:2""]","[""multi_object_sequence"",""relocate""]",True,ood
1032,0,find_non_table_item,fetch,inspect_table,"[""1700:0"",""1958:0""]","[""fetch"",""state_change""]",True,ood
1032,1,move_to_non_table_item,,move_to_table,"[""1210:1"",""2918:1""]","[""relocate""]",,ood
1032,2,pick_non_table_item,fetch,move_to_table,"[""3979:1""]","[""relocate""]",False,ood
1032,3,move_to_table,,move_to_table,[],[],,ood
1032,4,place_non_table_item_on_table,relocate,place_on_table,"[""3156:2""]","[""multi_object_sequence"",""relocate""]",True,ood
1033,0,glance_at_table,,inspect_table,"[""1633:0"",""2098:0""]","[""fetch"",""state_change""]",,ood
1033,1,confirm_bowl_and_plate,,place_bowl,"[""1488:2"",""2686:2""]","[""fetch"",""multi_object_sequence"",""open_container_then_retrieve"",""relocate""]",,ood
1033,2,fetch_absent_dish,fetch,fetch_bowl,"[""1488:0"",""2686:0""]","[""fetch"",""state_change""]",True,ood
1034,0,glance_at_table,,inspect_table,"[""1633:0"",""2098:0""]","[""fetch"",""state_change""]",,ood
1034,1,confirm_one_bowl_and_one_plate,,place_bowl,"[""2501:1"",""1488:2""]","[""fetch"",""multi_object_sequence"",""open_container_then_retrieve"",""relocate""]",,ood
1034,2,fetch_absent_dish,fetch,fetch_bowl,"[""1488:0"",""2686:0""]","[""fetch"",""state_change""]",True,ood
1035,0,glance_at_table,,inspect_table,"[""1633:0"",""2098:0""]","[""fetch"",""state_change""]",,ood
1035,1,confirm_bowl_and_plate,,place_bowl,"[""1488:2"",""2686:2""]","[""fetch"",""multi_object_sequence"",""open_container_then_retrieve"",""relocate""]",,ood
1035,2,fetch_absent_dish,fetch,fetch_bowl,"[""1488:0"",""2686:0""]","[""fetch"",""state_change""]",True,ood
1036,0,find_non_resting_bowl_or_plate,fetch,place_bowl,"[""4764:1"",""1488:2""]","[""fetch"",""multi_object_sequence"",""open_container_then_retrieve"",""relocate""]",True,ood
1036,1,move_to_non_resting_bowl_or_plate,,place_on_plate,"[""5169:2""]","[""relocate""]",,ood
1036,2,pick_non_resting_bowl_or_plate,fetch,place_on_plate,[],[],False,ood
1036,3,move_to_kitchen_work_area,,move_to_cabinet,"[""3800:0"",""2775:1""]","[""fetch"",""state_change""]",,ood
1036,4,place_non_resting_bowl_or_plate,relocate,place_on_plate,[],[],False,ood
1037,0,check_kitchen_work_area_for_dishes,state_change,place_plate_on_kitchen_island,"[""2240:0"",""1484:1""]","[""fetch"",""relocate"",""state_change""]",True,ood
1037,1,check_if_bowl_is_missing,state_change,fetch_bowl,"[""1488:0"",""2686:0""]","[""fetch"",""state_change""]",True,ood
1037,2,check_if_plate_is_missing,state_change,set_plate,"[""5528:0"",""2966:0""]","[""fetch"",""state_change""]",True,ood
1037,3,get_bowl_from_kitchen_work_area,fetch,place_bowl,[],[],False,ood
1037,4,get_plate_from_kitchen_work_area,fetch,place_plate_on_kitchen_island,[],[],False,ood
1037,5,place_bowl_on_table,relocate,place_on_table,[],[],False,ood
1037,6,place_plate_on_table,relocate,place_on_plate,[],[],False,ood
1038,0,glance_at_table,,inspect_table,"[""1633:0"",""2098:0""]","[""fetch"",""state_change""]",,ood
1038,1,confirm_bowl_and_plate,,place_bowl,"[""1488:2"",""2686:2""]","[""fetch"",""multi_object_sequence"",""open_container_then_retrieve"",""relocate""]",,ood
1038,2,fetch_absent_dish,fetch,fetch_bowl,"[""1488:0"",""2686:0""]","[""fetch"",""state_change""]",True,ood
1039,0,scan_table,,scan_table,"[""5235:0"",""1209:0""]","[""fetch"",""state_change""]",,ood
1039,1,check_bowl_presence,state_change,place_bowl,"[""3697:1"",""6464:1""]","[""multi_object_sequence"",""relocate""]",False,ood
1039,2,check_plate_presence,state_change,place_plate,"[""3266:2"",""5679:2""]","[""relocate""]",False,ood
1039,3,place_bowl_if_needed,relocate,place_bowl,[],[],False,ood
1039,4,place_plate_if_needed,relocate,place_plate,[],[],False,ood
1040,0,examine_table,,inspect_table,"[""1700:0"",""1958:0""]","[""fetch"",""state_change""]",,ood
1040,1,find_single_dish,fetch,fetch_bowl,"[""4764:0"",""1488:0""]","[""fetch"",""state_change""]",True,ood
1040,2,supply_missing_dish,,fetch_bowl,"[""2686:0""]","[""fetch"",""state_change""]",,ood
1040,3,position_both_dishes,,place_plate_on_kitchen_island,"[""1484:1""]","[""relocate""]",,ood
1041,0,look_for_bowl_0_on_table,,fetch_bowl,"[""4764:0"",""1488:0""]","[""fetch"",""state_change""]",,ood
1041,1,look_for_plate_0_on_table,,place_on_plate,"[""5169:2""]","[""relocate""]",,ood
1041,2,retrieve_bowl_0_if_missing,fetch,fetch_bowl,"[""2686:0""]","[""fetch"",""state_change""]",True,ood
1041,3,retrieve_plate_0_if_missing,fetch,set_plate,"[""5528:0"",""2966:0""]","[""fetch"",""state_change""]",True,ood
1041,4,place_bowl_0_on_table,relocate,place_bowl,[],[],False,ood
1041,5,place_plate_0_on_table,relocate,place_on_plate,[],[],False,ood
1042,0,look_over_table,,inspect_table,"[""1700:0"",""1958:0""]","[""fetch"",""state_change""]",,ood
1042,1,check_bowl_0_location,state_change,place_bowl,"[""1488:2"",""2686:2""]","[""fetch"",""multi_object_sequence"",""open_container_then_retrieve"",""relocate""]",False,ood
1042,2,check_plate_0_location,state_change,place_plate,"[""1379:0"",""4075:0""]","[""fetch"",""state_change""]",True,ood
1042,3,get_missing_item,fetch,fetch_missing_fruit,[],[],False,ood
1042,4,place_item_on_table,relocate,place_on_table,[],[],False,ood
1043,0,glance_at_table,,inspect_table,"[""1633:0"",""2098:0""]","[""fetch"",""state_change""]",,ood
1043,1,confirm_one_bowl_and_one_plate,,place_bowl,"[""2501:1"",""1488:2""]","[""fetch"",""multi_object_sequence"",""open_container_then_retrieve"",""relocate""]",,ood
1043,2,fetch_absent_dish,fetch,fetch_bowl,"[""1488:0"",""2686:0""]","[""fetch"",""state_change""]",True,ood
1044,0,observe_table_for_bowl_0,,inspect_table,"[""1700:0"",""1958:0""]","[""fetch"",""state_change""]",,ood
1044,1,observe_table_for_plate_0,,inspect_table,"[""3510:0"",""3156:1""]","[""fetch"",""open_container_then_retrieve"",""relocate"",""state_change""]",,ood
1044,2,bring_along_undetected_bowl_or_plate,relocate,place_on_plate,"[""5169:2""]","[""relocate""]",True,ood
1045,0,inspect_table,state_change,inspect_table,"[""1700:0"",""1958:0""]","[""fetch"",""state_change""]",True,ood
1045,1,fetch_hidden_dish,fetch,fetch_bowl,"[""4764:0"",""1488:0""]","[""fetch"",""state_change""]",True,ood
1045,2,place_dish_on_table,relocate,place_on_table,"[""3156:2"",""3173:2""]","[""multi_object_sequence"",""relocate""]",True,ood
1046,0,survey_kitchen_work_area,state_change,navigate_to_kitchen_island,"[""1484:0""]","[""fetch"",""state_change""]",True,ood
1046,1,identify_missing_item,,fetch_missing_fruit,"[""1207:1"",""2444:1""]","[""fetch"",""open_container_then_retrieve"",""relocate""]",,ood
1046,2,carry_missing_item_to_table,,move_to_table,"[""1210:1"",""2918:1""]","[""relocate""]",,ood
1047,0,find_non_resting_bowl_or_plate,fetch,place_bowl,"[""4764:1"",""1488:2""]","[""fetch"",""multi_object_sequence"",""open_container_then_retrieve"",""relocate""]",True,ood
1047,1,move_to_non_resting_bowl_or_plate,,place_on_plate,"[""5169:2""]","[""relocate""]",,ood
1047,2,pick_non_resting_bowl_or_plate,fetch,place_on_plate,[],[],False,ood
1047,3,move_to_table,,move_to_table,"[""1210:1"",""2918:1""]","[""relocate""]",,ood
1047,4,place_non_resting_bowl_or_plate_on_table,relocate,place_plate_on_kitchen_island,"[""1484:1""]","[""relocate""]",True,ood
1048,0,glance_at_table,,inspect_table,"[""1633:0"",""2098:0""]","[""fetch"",""state_change""]",,ood
1048,1,confirm_one_bowl_and_one_plate,,place_bowl,"[""1488:2"",""2686:2""]","[""fetch"",""multi_object_sequence"",""open_container_then_retrieve"",""relocate""]",,ood
1048,2,fetch_absent_dish,fetch,fetch_bowl,"[""1488:0"",""2686:0""]","[""fetch"",""state_change""]",True,ood
1049,0,inspect_table,state_change,inspect_table,"[""1700:0"",""1958:0""]","[""fetch"",""state_change""]",True,ood
1049,1,fetch_hidden_dish,fetch,fetch_bowl,"[""4764:0"",""1488:0""]","[""fetch"",""state_change""]",True,ood
1049,2,place_dish_on_table,relocate,place_on_table,"[""3156:2"",""3173:2""]","[""multi_object_sequence"",""relocate""]",True,ood
1050,0,observe_table,,inspect_table,"[""1700:0"",""1958:0""]","[""fetch"",""state_change""]",,ood
1050,1,observe_kitchen_work_area,,navigate_to_kitchen_island,"[""1484:0""]","[""fetch"",""state_change""]",,ood
1050,2,decide_missing_object,,inspect_object,"[""6838:1"",""1367:1""]","[""state_change""]",,ood
1050,3,fetch_missing_object,fetch,fetch_object,"[""6411:0""]","[""fetch""]",True,ood
1051,0,observe_kitchen_work_area,,navigate_to_kitchen_island,"[""1484:0""]","[""fetch"",""state_change""]",,ood
1051,1,decide_missing_item,,fetch_missing_fruit,"[""1207:1"",""2444:1""]","[""fetch"",""open_container_then_retrieve"",""relocate""]",,ood
1051,2,fetch_missing_item,fetch,fetch_missing_fruit,[],[],False,ood
1052,0,examine_table,,inspect_table,"[""1700:0"",""1958:0""]","[""fetch"",""state_change""]",,ood
1052,1,find_single_dish,fetch,fetch_bowl,"[""4764:0"",""1488:0""]","[""fetch"",""state_change""]",True,ood
1052,2,supply_other_dish,,place_on_plate,"[""5169:2""]","[""relocate""]",,ood
1052,3,position_both_dishes,,place_plate_on_kitchen_island,"[""1484:1""]","[""relocate""]",,ood
1053,0,scan_table,,scan_table,"[""5235:0"",""1209:0""]","[""fetch"",""state_change""]",,ood
1053,1,check_for_bowl,state_change,fetch_bowl,"[""4764:0"",""1488:0""]","[""fetch"",""state_change""]",True,ood
1053,2,check_for_plate,state_change,set_plate,"[""7118:0"",""911:0""]","[""fetch"",""state_change""]",True,ood
1053,3,place_bowl_on_table,relocate,place_on_table,[],[],False,ood
1053,4,place_plate_on_table,relocate,place_on_plate,[],[],False,ood
1054,0,check_kitchen_work_area_for_dishes,state_change,place_plate_on_kitchen_island,"[""2240:0"",""1484:1""]","[""fetch"",""relocate"",""state_change""]",True,ood
1054,1,check_if_bowl_is_missing,state_change,fetch_bowl,"[""1488:0"",""2686:0""]","[""fetch"",""state_change""]",True,ood
1054,2,check_if_plate_is_missing,state_change,set_plate,"[""5528:0"",""2966:0""]","[""fetch"",""state_change""]",True,ood
1054,3,get_bowl_from_kitchen_work_area,fetch,place_bowl,[],[],False,ood
1054,4,get_plate_from_kitchen_work_area,fetch,place_plate_on_kitchen_island,[],[],False,ood
1054,5,place_bowl_on_table,relocate,place_on_table,[],[],False,ood
1054,6,place_plate_on_table,relocate,place_on_plate,[],[],False,ood
1055,0,examine_table,,inspect_table,"[""1700:0"",""1958:0""]","[""fetch"",""state_change""]",,ood
1055,1,find_single_dish,fetch,fetch_bowl,"[""4764:0"",""1488:0""]","[""fetch"",""state_change""]",True,ood
1055,2,supply_missing_dish,,fetch_bowl,"[""2686:0""]","[""fetch"",""state_change""]",,ood
1055,3,position_both_dishes,,place_plate_on_kitchen_island,"[""1484:1""]","[""relocate""]",,ood
1056,0,observe_table,,inspect_table,"[""1700:0"",""1958:0""]","[""fetch"",""state_change""]",,ood
1056,1,observe_kitchen_work_area,,navigate_to_kitchen_island,"[""1484:0""]","[""fetch"",""state_change""]",,ood
1056,2,pick_bowl_0,fetch,fetch_bowl,"[""1488:0"",""2686:0""]","[""fetch"",""state_change""]",True,ood
1056,3,pick_plate_0,fetch,place_plate,"[""3266:2""]","[""relocate""]",False,ood
1057,0,glance_at_table,,inspect_table,"[""1633:0"",""2098:0""]","[""fetch"",""state_change""]",,ood
1057,1,confirm_bowl_and_plate,,place_bowl,"[""1488:2"",""2686:2""]","[""fetch"",""multi_object_sequence"",""open_container_then_retrieve"",""relocate""]",,ood
1057,2,fetch_absent_dish,fetch,fetch_bowl,"[""1488:0"",""2686:0""]","[""fetch"",""state_change""]",True,ood
1058,0,check_table_for_bowl_and_plate,state_change,check_table,"[""1502:0"",""1663:0""]","[""fetch"",""state_change""]",True,ood
1058,1,if_bowl_missing_get_bowl,fetch,fetch_bowl,"[""1488:0"",""2686:0""]","[""fetch"",""state_change""]",True,ood
1058,2,if_plate_missing_get_plate,fetch,set_plate,"[""5528:0"",""2966:0""]","[""fetch"",""state_change""]",True,ood
1058,3,place_missing_dish_on_table,relocate,place_plate_on_kitchen_island,[],[],False,ood
1059,0,check_table_for_bowl_and_plate,state_change,check_table,"[""1502:0"",""1663:0""]","[""fetch"",""state_change""]",True,ood
1059,1,if_bowl_missing_get_bowl,fetch,fetch_bowl,"[""1488:0"",""2686:0""]","[""fetch"",""state_change""]",True,ood
1059,2,if_plate_missing_get_plate,fetch,set_plate,"[""5528:0"",""2966:0""]","[""fetch"",""state_change""]",True,ood
1059,3,place_missing_dish_on_table,relocate,place_plate_on_kitchen_island,[],[],False,ood
1060,0,inspect_table,state_change,inspect_table,"[""1700:0"",""1958:0""]","[""fetch"",""state_change""]",True,ood
1060,1,fetch_bowl_0,fetch,fetch_bowl,"[""4764:0"",""1488:0""]","[""fetch"",""state_change""]",True,ood
1060,2,place_bowl_0_on_table,relocate,place_bowl,"[""4764:1"",""1488:2""]","[""fetch"",""multi_object_sequence"",""open_container_then_retrieve"",""relocate""]",True,ood
1060,3,fetch_plate_0,fetch,place_plate,[],[],False,ood
1060,4,place_plate_0_on_table,relocate,place_on_plate,[],[],False,ood
1061,0,inspect_table,state_change,inspect_table,"[""1700:0"",""1958:0""]","[""fetch"",""state_change""]",True,ood
1061,1,fetch_bowl_0,fetch,fetch_bowl,"[""4764:0"",""1488:0""]","[""fetch"",""state_change""]",True,ood
1061,2,place_bowl_0_on_table,relocate,place_bowl,"[""4764:1"",""1488:2""]","[""fetch"",""multi_object_sequence"",""open_container_then_retrieve"",""relocate""]",True,ood
1061,3,fetch_plate_0,fetch,place_plate,[],[],False,ood
1061,4,place_plate_0_on_table,relocate,place_on_plate,[],[],False,ood
1062,0,survey_kitchen_work_area,state_change,navigate_to_kitchen_island,"[""1484:0""]","[""fetch"",""state_change""]",True,ood
1062,1,identify_missing_item,,fetch_missing_fruit,"[""1207:1"",""2444:1""]","[""fetch"",""open_container_then_retrieve"",""relocate""]",,ood
1062,2,carry_missing_item_to_table,,move_to_table,"[""1210:1"",""2918:1""]","[""relocate""]",,ood
1063,0,observe_kitchen_work_area,,navigate_to_kitchen_island,"[""1484:0""]","[""fetch"",""state_change""]",,ood
1063,1,detect_bowl,,fetch_bowl,"[""1488:0"",""2686:0""]","[""fetch"",""state_change""]",,ood
1063,2,detect_plate,,set_plate,"[""7118:0"",""911:0""]","[""fetch"",""state_change""]",,ood
1063,3,choose_missing_item,,fetch_missing_fruit,"[""1207:1""]","[""fetch"",""open_container_then_retrieve"",""relocate""]",,ood
1063,4,move_to_kitchen_work_area,,move_to_cabinet,[],[],,ood
1063,5,pick_missing_item,fetch,fetch_missing_fruit,[],[],False,ood
1064,0,survey_table,state_change,survey_table,"[""1173:0"",""2647:0""]","[""fetch"",""state_change""]",True,ood
1064,1,identify_missing_item,,fetch_missing_fruit,"[""1207:1"",""2444:1""]","[""fetch"",""open_container_then_retrieve"",""relocate""]",,ood
1064,2,carry_missing_item_to_table,,move_to_table,"[""1210:1"",""2918:1""]","[""relocate""]",,ood
1065,0,survey_kitchen_work_area,state_change,navigate_to_kitchen_island,"[""1484:0""]","[""fetch"",""state_change""]",True,ood
1065,1,identify_missing_item,,fetch_missing_fruit,"[""1207:1"",""2444:1""]","[""fetch"",""open_container_then_retrieve"",""relocate""]",,ood
1065,2,carry_missing_item_to_table,,move_to_table,"[""1210:1"",""2918:1""]","[""relocate""]",,ood
1066,0,survey_table,state_change,survey_table,"[""1173:0"",""2647:0""]","[""fetch"",""state_change""]",True,ood
1066,1,identify_missing_item,,fetch_missing_fruit,"[""1207:1"",""2444:1""]","[""fetch"",""open_container_then_retrieve"",""relocate""]",,ood
1066,2,carry_missing_item_to_table,,move_to_table,"[""1210:1"",""2918:1""]","[""relocate""]",,ood
1067,0,check_table_for_bowl_and_plate,state_change,check_table,"[""1502:0"",""1663:0""]","[""fetch"",""state_change""]",True,ood
1067,1,if_bowl_missing_get_bowl,fetch,fetch_bowl,"[""1488:0"",""2686:0""]","[""fetch"",""state_change""]",True,ood
1067,2,if_plate_missing_get_plate,fetch,set_plate,"[""5528:0"",""2966:0""]","[""fetch"",""state_change""]",True,ood
1067,3,place_missing_dish_on_table,relocate,place_plate_on_kitchen_island,[],[],False,ood
1068,0,check_kitchen_work_area,state_change,navigate_to_kitchen_island,"[""1484:0""]","[""fetch"",""state_change""]",True,ood
1068,1,check_for_bowl,state_change,fetch_bowl,"[""1488:0"",""2686:0""]","[""fetch"",""state_change""]",True,ood
1068,2,check_for_plate,state_change,set_plate,"[""7118:0"",""911:0""]","[""fetch"",""state_change""]",True,ood
1068,3,deliver_missing_bowl,relocate,fetch_bowl,"[""4764:0""]","[""fetch"",""state_change""]",False,ood
1068,4,deliver_missing_plate,relocate,place_plate,[],[],False,ood
1069,0,glance_at_table,,inspect_table,"[""1633:0"",""2098:0""]","[""fetch"",""state_change""]",,ood
1069,1,confirm_bowl_and_plate,,place_bowl,"[""1488:2"",""2686:2""]","[""fetch"",""multi_object_sequence"",""open_container_then_retrieve"",""relocate""]",,ood
1069,2,fetch_absent_dish,fetch,fetch_bowl,"[""1488:0"",""2686:0""]","[""fetch"",""state_change""]",True,ood
1070,0,check_table_for_bowl_and_plate,state_change,check_table,"[""1502:0"",""1663:0""]","[""fetch"",""state_change""]",True,ood
1070,1,if_bowl_missing_get_bowl,fetch,fetch_bowl,"[""1488:0"",""2686:0""]","[""fetch"",""state_change""]",True,ood
1070,2,if_plate_missing_get_plate,fetch,set_plate,"[""5528:0"",""2966:0""]","[""fetch"",""state_change""]",True,ood
1070,3,place_missing_dish_on_table,relocate,place_plate_on_kitchen_island,[],[],False,ood
1071,0,observe_table,,inspect_table,"[""1700:0"",""1958:0""]","[""fetch"",""state_change""]",,ood
1071,1,observe_kitchen_work_area,,navigate_to_kitchen_island,"[""1484:0""]","[""fetch"",""state_change""]",,ood
1071,2,decide_missing_object,,inspect_object,"[""6838:1"",""1367:1""]","[""state_change""]",,ood
1071,3,fetch_missing_object,fetch,fetch_object,"[""6411:0""]","[""fetch""]",True,ood
1072,0,check_table_for_bowl_0,state_change,check_table,"[""1039:0"",""1737:0""]","[""fetch"",""state_change""]",True,ood
1072,1,check_table_for_plate_0,state_change,check_table,"[""2239:0"",""6057:0""]","[""fetch"",""state_change""]",True,ood
1072,2,deliver_bowl_0_if_missing,relocate,fetch_bowl,"[""1488:0"",""2686:0""]","[""fetch"",""state_change""]",False,ood
1072,3,deliver_plate_0_if_missing,relocate,place_plate,[],[],False,ood
1073,0,find_non_resting_bowl_or_plate,fetch,place_bowl,"[""4764:1"",""1488:2""]","[""fetch"",""multi_object_sequence"",""open_container_then_retrieve"",""relocate""]",True,ood
1073,1,move_to_non_resting_bowl_or_plate,,place_on_plate,"[""5169:2""]","[""relocate""]",,ood
1073,2,pick_non_resting_bowl_or_plate,fetch,place_on_plate,[],[],False,ood
1073,3,move_to_kitchen_work_area,,move_to_cabinet,"[""3800:0"",""2775:1""]","[""fetch"",""state_change""]",,ood
1073,4,place_bowl_or_plate_on_kitchen_work_area,relocate,place_plate_on_kitchen_island,"[""1484:1""]","[""relocate""]",True,ood
1074,0,examine_kitchen_work_area,,navigate_to_kitchen_island,"[""1484:0""]","[""fetch"",""state_change""]",,ood
1074,1,find_single_dish,fetch,fetch_bowl,"[""4764:0"",""1488:0""]","[""fetch"",""state_change""]",True,ood
1074,2,supply_missing_dish,,fetch_bowl,"[""2686:0""]","[""fetch"",""state_change""]",,ood
1075,0,inspect_table,state_change,inspect_table,"[""1700:0"",""1958:0""]","[""fetch"",""state_change""]",True,ood
1075,1,fetch_hidden_dish,fetch,fetch_bowl,"[""4764:0"",""1488:0""]","[""fetch"",""state_change""]",True,ood
1075,2,place_dish_on_table,relocate,place_on_table,"[""3156:2"",""3173:2""]","[""multi_object_sequence"",""relocate""]",True,ood
1076,0,check_table_for_bowl,state_change,check_table,"[""1039:0"",""1737:0""]","[""fetch"",""state_change""]",True,ood
1076,1,check_table_for_plate,state_change,check_table,"[""2239:0"",""6057:0""]","[""fetch"",""state_change""]",True,ood
1076,2,deliver_missing_bowl,relocate,fetch_bowl,"[""1488:0"",""2686:0""]","[""fetch"",""state_change""]",False,ood
1076,3,deliver_missing_plate,relocate,place_plate,[],[],False,ood
1077,0,glance_at_table,,inspect_table,"[""1633:0"",""2098:0""]","[""fetch"",""state_change""]",,ood
1077,1,confirm_one_bowl_and_one_plate,,place_bowl,"[""1488:2"",""2686:2""]","[""fetch"",""multi_object_sequence"",""open_container_then_retrieve"",""relocate""]",,ood
1077,2,fetch_absent_dish,fetch,fetch_bowl,"[""1488:0"",""2686:0""]","[""fetch"",""state_change""]",True,ood
1078,0,examine_table,,inspect_table,"[""1700:0"",""1958:0""]","[""fetch"",""state_change""]",,ood
1078,1,find_single_dish,fetch,fetch_bowl,"[""4764:0"",""1488:0""]","[""fetch"",""state_change""]",True,ood
1078,2,supply_other_dish,,place_on_plate,"[""5169:2""]","[""relocate""]",,ood
1078,3,position_both_dishes,,place_plate_on_kitchen_island,"[""1484:1""]","[""relocate""]",,ood
1079,0,scan_kitchen_work_area,,scan_table,"[""5235:0"",""1209:0""]","[""fetch"",""state_change""]",,ood
1079,1,check_for_bowl_0,state_change,fetch_bowl,"[""4764:0"",""1488:0""]","[""fetch"",""state_change""]",True,ood
1079,2,check_for_plate_0,state_change,place_plate,"[""3266:2"",""5679:2""]","[""relocate""]",False,ood
1079,3,place_bowl_0_if_missing,relocate,place_bowl,[],[],False,ood
1079,4,place_plate_0_if_missing,relocate,place_plate,[],[],False,ood
1080,0,check_table_for_bowl_0,state_change,check_table,"[""1039:0"",""1737:0""]","[""fetch"",""state_change""]",True,ood
1080,1,check_table_for_plate_0,state_change,check_table,"[""2239:0"",""6057:0""]","[""fetch"",""state_change""]",True,ood
1080,2,deliver_bowl_0_if_missing,relocate,fetch_bowl,"[""1488:0"",""2686:0""]","[""fetch"",""state_change""]",False,ood
1080,3,deliver_plate_0_if_missing,relocate,place_plate,[],[],False,ood
1081,0,look_at_table,,inspect_table,"[""1700:0"",""1958:0""]","[""fetch"",""state_change""]",,ood
1081,1,verify_bowl_0_on_table,,check_table,"[""1039:0"",""1737:0""]","[""fetch"",""state_change""]",,ood
1081,2,verify_plate_0_on_table,,check_table,"[""2239:0"",""6057:0""]","[""fetch"",""state_change""]",,ood
1081,3,go_to_kitchen_work_area,,navigate_to_kitchen_island,[],[],,ood
1081,4,retrieve_plate_0,fetch,set_plate,[],[],False,ood
1081,5,place_plate_0_on_table,relocate,place_on_plate,[],[],False,ood
1082,0,look_at_table,,inspect_table,"[""1700:0"",""1958:0""]","[""fetch"",""state_change""]",,ood
1082,1,look_for_bowl_0,,fetch_bowl,"[""1488:0"",""2686:0""]","[""fetch"",""state_change""]",,ood
1082,2,look_for_plate_0,,place_plate,"[""3266:2"",""5679:2""]","[""relocate""]",,ood
1082,3,retrieve_missing_bowl_or_plate,fetch,fetch_bowl,[],[],False,ood
1082,4,place_bowl_or_plate_on_table,relocate,place_plate_on_kitchen_island,[],[],False,ood
1083,0,scan_table,,scan_table,"[""5235:0"",""1209:0""]","[""fetch"",""state_change""]",,ood
1083,1,check_for_bowl,state_change,fetch_bowl,"[""4764:0"",""1488:0""]","[""fetch"",""state_change""]",True,ood
1083,2,check_for_plate,state_change,set_plate,"[""7118:0"",""911:0""]","[""fetch"",""state_change""]",True,ood
1083,3,place_bowl_on_table,relocate,place_on_table,[],[],False,ood
1083,4,place_plate_on_table,relocate,place_on_plate,[],[],False,ood
1084,0,check_table_for_bowl_and_plate,state_change,check_table,"[""1502:0"",""1663:0""]","[""fetch"",""state_change""]",True,ood
1084,1,if_bowl_missing_get_bowl,fetch,fetch_bowl,"[""1488:0"",""2686:0""]","[""fetch"",""state_change""]",True,ood
1084,2,if_plate_missing_get_plate,fetch,set_plate,"[""5528:0"",""2966:0""]","[""fetch"",""state_change""]",True,ood
1084,3,place_missing_dish_on_table,relocate,place_plate_on_kitchen_island,[],[],False,ood
1085,0,glance_at_table,,inspect_table,"[""1633:0"",""2098:0""]","[""fetch"",""state_change""]",,ood
1085,1,confirm_one_bowl_and_one_plate,,place_bowl,"[""2501:1"",""1488:2""]","[""fetch"",""multi_object_sequence"",""open_container_then_retrieve"",""relocate""]",,ood
1085,2,fetch_absent_dish,fetch,fetch_bowl,"[""1488:0"",""2686:0""]","[""fetch"",""state_change""]",True,ood
1086,0,find_non_table_item,fetch,inspect_table,"[""1700:0"",""1958:0""]","[""fetch"",""state_change""]",True,ood
1086,1,move_to_non_table_item,,move_to_table,"[""1210:1"",""2918:1""]","[""relocate""]",,ood
1086,2,pick_non_table_item,fetch,move_to_table,"[""3979:1""]","[""relocate""]",False,ood
1086,3,move_to_table,,move_to_table,[],[],,ood
1086,4,place_non_table_item_on_table,relocate,place_on_table,"[""3156:2""]","[""multi_object_sequence"",""relocate""]",True,ood
1087,0,check_table_for_bowl_and_plate,state_change,check_table,"[""1039:0"",""1737:0""]","[""fetch"",""state_change""]",True,ood
1087,1,check_if_bowl_is_missing,state_change,fetch_bowl,"[""1488:0"",""2686:0""]","[""fetch"",""state_change""]",True,ood
1087,2,check_if_plate_is_missing,state_change,set_plate,"[""7118:0"",""911:0""]","[""fetch"",""state_change""]",True,ood
1087,3,deliver_missing_bowl,relocate,fetch_bowl,[],[],False,ood
1087,4,deliver_missing_plate,relocate,place_plate,[],[],False,ood
1088,0,look_at_table,,inspect_table,"[""1700:0"",""1958:0""]","[""fetch"",""state_change""]",,ood
1088,1,verify_bowl_on_table,,check_table,"[""1039:0"",""1737:0""]","[""fetch"",""state_change""]",,ood
1088,2,verify_plate_on_table,,check_table,"[""2239:0"",""6057:0""]","[""fetch"",""state_change""]",,ood
1088,3,go_to_kitchen_work_area,,navigate_to_kitchen_island,[],[],,ood
1088,4,retrieve_missing_plate,fetch,set_plate,[],[],False,ood
1088,5,place_plate_on_table,relocate,place_on_plate,[],[],False,ood
1089,0,find_non_table_item,fetch,inspect_table,"[""1700:0"",""1958:0""]","[""fetch"",""state_change""]",True,ood
1089,1,move_to_non_table_item,,move_to_table,"[""1210:1"",""2918:1""]","[""relocate""]",,ood
1089,2,pick_non_table_item,fetch,move_to_table,"[""3979:1""]","[""relocate""]",False,ood
1089,3,move_to_table,,move_to_table,[],[],,ood
1089,4,place_non_table_item_on_table,relocate,place_on_table,"[""3156:2""]","[""multi_object_sequence"",""relocate""]",True,ood
1090,0,scan_table,,scan_table,"[""5235:0"",""1209:0""]","[""fetch"",""state_change""]",,ood
1090,1,check_bowl_presence,state_change,place_bowl,"[""3697:1"",""6464:1""]","[""multi_object_sequence"",""relocate""]",False,ood
1090,2,check_plate_presence,state_change,place_plate,"[""3266:2"",""5679:2""]","[""relocate""]",False,ood
1090,3,place_bowl_if_needed,relocate,place_bowl,[],[],False,ood
1090,4,place_plate_if_needed,relocate,place_plate,[],[],False,ood
1091,0,scan_table,,scan_table,"[""5235:0"",""1209:0""]","[""fetch"",""state_change""]",,ood
1091,1,check_bowl_presence,state_change,place_bowl,"[""3697:1"",""6464:1""]","[""multi_object_sequence"",""relocate""]",False,ood
1091,2,check_plate_presence,state_change,place_plate,"[""3266:2"",""5679:2""]","[""relocate""]",False,ood
1091,3,place_bowl_if_needed,relocate,place_bowl,[],[],False,ood
1091,4,place_plate_if_needed,relocate,place_plate,[],[],False,ood
1092,0,survey_table,state_change,survey_table,"[""1173:0"",""2647:0""]","[""fetch"",""state_change""]",True,ood
1092,1,identify_missing_item,,fetch_missing_fruit,"[""1207:1"",""2444:1""]","[""fetch"",""open_container_then_retrieve"",""relocate""]",,ood
1092,2,carry_missing_item_to_table,,move_to_table,"[""1210:1"",""2918:1""]","[""relocate""]",,ood
1093,0,scan_kitchen_work_area,,scan_table,"[""5235:0"",""1209:0""]","[""fetch"",""state_change""]",,ood
1093,1,check_for_bowl_0,state_change,fetch_bowl,"[""4764:0"",""1488:0""]","[""fetch"",""state_change""]",True,ood
1093,2,check_for_plate_0,state_change,place_plate,"[""3266:2"",""5679:2""]","[""relocate""]",False,ood
1093,3,place_bowl_0_if_missing,relocate,place_bowl,[],[],False,ood
1093,4,place_plate_0_if_missing,relocate,place_plate,[],[],False,ood
1094,0,observe_kitchen_work_area,,navigate_to_kitchen_island,"[""1484:0""]","[""fetch"",""state_change""]",,ood
1094,1,detect_bowl,,fetch_bowl,"[""1488:0"",""2686:0""]","[""fetch"",""state_change""]",,ood
1094,2,detect_plate,,set_plate,"[""7118:0"",""911:0""]","[""fetch"",""state_change""]",,ood
1094,3,choose_missing_item,,fetch_missing_fruit,"[""1207:1""]","[""fetch"",""open_container_then_retrieve"",""relocate""]",,ood
1094,4,move_to_kitchen_work_area,,move_to_cabinet,[],[],,ood
1094,5,pick_missing_item,fetch,fetch_missing_fruit,[],[],False,ood
1095,0,examine_kitchen_work_area,,navigate_to_kitchen_island,"[""1484:0""]","[""fetch"",""state_change""]",,ood
1095,1,find_single_dish,fetch,fetch_bowl,"[""4764:0"",""1488:0""]","[""fetch"",""state_change""]",True,ood
1095,2,supply_missing_dish,,fetch_bowl,"[""2686:0""]","[""fetch"",""state_change""]",,ood
1096,0,examine_table,,inspect_table,"[""1700:0"",""1958:0""]","[""fetch"",""state_change""]",,ood
1096,1,find_single_dish,fetch,fetch_bowl,"[""4764:0"",""1488:0""]","[""fetch"",""state_change""]",True,ood
1096,2,supply_missing_dish,,fetch_bowl,"[""2686:0""]","[""fetch"",""state_change""]",,ood
1096,3,position_both_dishes,,place_plate_on_kitchen_island,"[""1484:1""]","[""relocate""]",,ood
1097,0,check_kitchen_work_area_for_bowl_and_plate,state_change,place_plate_on_kitchen_island,"[""2240:0"",""1484:1""]","[""fetch"",""relocate"",""state_change""]",True,ood
1097,1,if_bowl_missing_get_bowl,fetch,fetch_bowl,"[""1488:0"",""2686:0""]","[""fetch"",""state_change""]",True,ood
1097,2,if_plate_missing_get_plate,fetch,set_plate,"[""5528:0"",""2966:0""]","[""fetch"",""state_change""]",True,ood
1097,3,place_missing_dish_on_table,relocate,place_plate_on_kitchen_island,[],[],False,ood
1098,0,check_table_for_bowl_0,state_change,check_table,"[""1039:0"",""1737:0""]","[""fetch"",""state_change""]",True,ood
1098,1,check_table_for_plate_0,state_change,check_table,"[""2239:0"",""6057:0""]","[""fetch"",""state_change""]",True,ood
1098,2,deliver_bowl_0_if_missing,relocate,fetch_bowl,"[""1488:0"",""2686:0""]","[""fetch"",""state_change""]",False,ood
1098,3,deliver_plate_0_if_missing,relocate,place_plate,[],[],False,ood
1099,0,survey_table,state_change,survey_table,"[""1173:0"",""2647:0""]","[""fetch"",""state_change""]",True,ood
1099,1,identify_missing_item,,fetch_missing_fruit,"[""1207:1"",""2444:1""]","[""fetch"",""open_container_then_retrieve"",""relocate""]",,ood
1099,2,carry_missing_item_to_table,,move_to_table,"[""1210:1"",""2918:1""]","[""relocate""]",,ood
1100,0,check_table_for_bowl_0,state_change,check_table,"[""1039:0"",""1737:0""]","[""fetch"",""state_change""]",True,ood
1100,1,check_table_for_plate_0,state_change,check_table,"[""2239:0"",""6057:0""]","[""fetch"",""state_change""]",True,ood
1100,2,deliver_bowl_0_if_missing,relocate,fetch_bowl,"[""1488:0"",""2686:0""]","[""fetch"",""state_change""]",False,ood
1100,3,deliver_plate_0_if_missing,relocate,place_plate,[],[],False,ood
1101,0,scan_table,,scan_table,"[""5235:0"",""1209:0""]","[""fetch"",""state_change""]",,ood
1101,1,check_bowl_presence,state_change,place_bowl,"[""3697:1"",""6464:1""]","[""multi_object_sequence"",""relocate""]",False,ood
1101,2,check_plate_presence,state_change,place_plate,"[""3266:2"",""5679:2""]","[""relocate""]",False,ood
1101,3,place_bowl_if_needed,relocate,place_bowl,[],[],False,ood
1101,4,place_plate_if_needed,relocate,place_plate,[],[],False,ood
1102,0,find_non_table_item,fetch,inspect_table,"[""1700:0"",""1958:0""]","[""fetch"",""state_change""]",True,ood
1102,1,move_to_non_table_item,,move_to_table,"[""1210:1"",""2918:1""]","[""relocate""]",,ood
1102,2,pick_non_table_item,fetch,move_to_table,"[""3979:1""]","[""relocate""]",False,ood
1102,3,move_to_table,,move_to_table,[],[],,ood
1102,4,place_non_table_item_on_table,relocate,place_on_table,"[""3156:2""]","[""multi_object_sequence"",""relocate""]",True,ood
1103,0,glance_at_table,,inspect_table,"[""1633:0"",""2098:0""]","[""fetch"",""state_change""]",,ood
1103,1,confirm_bowl_and_plate,,place_bowl,"[""1488:2"",""2686:2""]","[""fetch"",""multi_object_sequence"",""open_container_then_retrieve"",""relocate""]",,ood
1103,2,fetch_absent_dish,fetch,fetch_bowl,"[""1488:0"",""2686:0""]","[""fetch"",""state_change""]",True,ood
1104,0,observe_kitchen_work_area,,navigate_to_kitchen_island,"[""1484:0""]","[""fetch"",""state_change""]",,ood
1104,1,detect_bowl,,fetch_bowl,"[""1488:0"",""2686:0""]","[""fetch"",""state_change""]",,ood
1104,2,detect_plate,,set_plate,"[""7118:0"",""911:0""]","[""fetch"",""state_change""]",,ood
1104,3,choose_missing_item,,fetch_missing_fruit,"[""1207:1""]","[""fetch"",""open_container_then_retrieve"",""relocate""]",,ood
1104,4,move_to_kitchen_work_area,,move_to_cabinet,[],[],,ood
1104,5,pick_missing_item,fetch,fetch_missing_fruit,[],[],False,ood
1105,0,inspect_table,state_change,inspect_table,"[""1700:0"",""1958:0""]","[""fetch"",""state_change""]",True,ood
1105,1,fetch_hidden_dish,fetch,fetch_bowl,"[""4764:0"",""1488:0""]","[""fetch"",""state_change""]",True,ood
1105,2,place_dish_on_table,relocate,place_on_table,"[""3156:2"",""3173:2""]","[""multi_object_sequence"",""relocate""]",True,ood
1106,0,inspect_table,state_change,inspect_table,"[""1700:0"",""1958:0""]","[""fetch"",""state_change""]",True,ood
1106,1,fetch_bowl_0,fetch,fetch_bowl,"[""4764:0"",""1488:0""]","[""fetch"",""state_change""]",True,ood
1106,2,place_bowl_0_on_table,relocate,place_bowl,"[""4764:1"",""1488:2""]","[""fetch"",""multi_object_sequence"",""open_container_then_retrieve"",""relocate""]",True,ood
1106,3,fetch_plate_0,fetch,place_plate,[],[],False,ood
1106,4,place_plate_0_on_table,relocate,place_on_plate,[],[],False,ood
1107,0,glance_at_table,,inspect_table,"[""1633:0"",""2098:0""]","[""fetch"",""state_change""]",,ood
1107,1,confirm_bowl_and_plate,,place_bowl,"[""1488:2"",""2686:2""]","[""fetch"",""multi_object_sequence"",""open_container_then_retrieve"",""relocate""]",,ood
1107,2,fetch_absent_dish,fetch,fetch_bowl,"[""1488:0"",""2686:0""]","[""fetch"",""state_change""]",True,ood
1108,0,scan_table,,scan_table,"[""5235:0"",""1209:0""]","[""fetch"",""state_change""]",,ood
1108,1,check_bowl_presence,state_change,place_bowl,"[""3697:1"",""6464:1""]","[""multi_object_sequence"",""relocate""]",False,ood
1108,2,check_plate_presence,state_change,place_plate,"[""3266:2"",""5679:2""]","[""relocate""]",False,ood
1108,3,place_bowl_if_needed,relocate,place_bowl,[],[],False,ood
1108,4,place_plate_if_needed,relocate,place_plate,[],[],False,ood
1109,0,look_over_table,,inspect_table,"[""1700:0"",""1958:0""]","[""fetch"",""state_change""]",,ood
1109,1,check_bowl_0_location,state_change,place_bowl,"[""1488:2"",""2686:2""]","[""fetch"",""multi_object_sequence"",""open_container_then_retrieve"",""relocate""]",False,ood
1109,2,check_plate_0_location,state_change,place_plate,"[""1379:0"",""4075:0""]","[""fetch"",""state_change""]",True,ood
1109,3,get_missing_item,fetch,fetch_missing_fruit,[],[],False,ood
1109,4,place_item_on_table,relocate,place_on_table,[],[],False,ood
1110,0,check_kitchen_work_area_for_bowl_and_plate,state_change,place_plate_on_kitchen_island,"[""2240:0"",""1484:1""]","[""fetch"",""relocate"",""state_change""]",True,ood
1110,1,if_bowl_missing_get_bowl,fetch,fetch_bowl,"[""1488:0"",""2686:0""]","[""fetch"",""state_change""]",True,ood
1110,2,if_plate_missing_get_plate,fetch,set_plate,"[""5528:0"",""2966:0""]","[""fetch"",""state_change""]",True,ood
1110,3,place_missing_dish_on_table,relocate,place_plate_on_kitchen_island,[],[],False,ood
1111,0,inspect_table,state_change,inspect_table,"[""1700:0"",""1958:0""]","[""fetch"",""state_change""]",True,ood
1111,1,fetch_bowl_0,fetch,fetch_bowl,"[""4764:0"",""1488:0""]","[""fetch"",""state_change""]",True,ood
1111,2,place_bowl_0_on_table,relocate,place_bowl,"[""4764:1"",""1488:2""]","[""fetch"",""multi_object_sequence"",""open_container_then_retrieve"",""relocate""]",True,ood
1111,3,fetch_plate_0,fetch,place_plate,[],[],False,ood
1111,4,place_plate_0_on_table,relocate,place_on_plate,[],[],False,ood
1112,0,find_non_resting_bowl_or_plate,fetch,place_bowl,"[""4764:1"",""1488:2""]","[""fetch"",""multi_object_sequence"",""open_container_then_retrieve"",""relocate""]",True,ood
1112,1,move_to_non_resting_bowl_or_plate,,place_on_plate,"[""5169:2""]","[""relocate""]",,ood
1112,2,pick_non_resting_bowl_or_plate,fetch,place_on_plate,[],[],False,ood
1112,3,move_to_kitchen_work_area,,move_to_cabinet,"[""3800:0"",""2775:1""]","[""fetch"",""state_change""]",,ood
1112,4,place_bowl_or_plate_on_kitchen_work_area,relocate,place_plate_on_kitchen_island,"[""1484:1""]","[""relocate""]",True,ood
1113,0,check_table_for_bowl_and_plate,state_change,check_table,"[""1039:0"",""1737:0""]","[""fetch"",""state_change""]",True,ood
1113,1,check_if_bowl_is_missing,state_change,fetch_bowl,"[""1488:0"",""2686:0""]","[""fetch"",""state_change""]",True,ood
1113,2,check_if_plate_is_missing,state_change,set_plate,"[""7118:0"",""911:0""]","[""fetch"",""state_change""]",True,ood
1113,3,deliver_missing_bowl,relocate,fetch_bowl,[],[],False,ood
1113,4,deliver_missing_plate,relocate,place_plate,[],[],False,ood
1114,0,inspect_kitchen_work_area,state_change,inspect_cabinet,"[""144:0"",""1774:0""]","[""state_change""]",True,ood
1114,1,fetch_bowl_1,fetch,fetch_bowl,"[""4764:0"",""1488:0""]","[""fetch"",""state_change""]",True,ood
1114,2,place_bowl_1_on_table,relocate,place_bowl,"[""4764:1"",""3697:1""]","[""multi_object_sequence"",""relocate""]",True,ood
1114,3,fetch_plate_0,fetch,place_plate,[],[],False,ood
1114,4,place_plate_0_on_table,relocate,place_on_plate,[],[],False,ood
1115,0,find_non_resting_bowl_or_plate,fetch,place_bowl,"[""4764:1"",""1488:2""]","[""fetch"",""multi_object_sequence"",""open_container_then_retrieve"",""relocate""]",True,ood
1115,1,move_to_non_resting_bowl_or_plate,,place_on_plate,"[""5169:2""]","[""relocate""]",,ood
1115,2,pick_non_resting_bowl_or_plate,fetch,place_on_plate,[],[],False,ood
1115,3,move_to_kitchen_work_area,,move_to_cabinet,"[""3800:0"",""2775:1""]","[""fetch"",""state_change""]",,ood
1115,4,place_non_resting_bowl_or_plate,relocate,place_on_plate,[],[],False,ood
1116,0,inspect_table,state_change,inspect_table,"[""1700:0"",""1958:0""]","[""fetch"",""state_change""]",True,ood
1116,1,fetch_bowl_0,fetch,fetch_bowl,"[""4764:0"",""1488:0""]","[""fetch"",""state_change""]",True,ood
1116,2,place_bowl_0_on_table,relocate,place_bowl,"[""4764:1"",""1488:2""]","[""fetch"",""multi_object_sequence"",""open_container_then_retrieve"",""relocate""]",True,ood
1116,3,fetch_plate_0,fetch,place_plate,[],[],False,ood
1116,4,place_plate_0_on_table,relocate,place_on_plate,[],[],False,ood
1117,0,glance_at_table,,inspect_table,"[""1633:0"",""2098:0""]","[""fetch"",""state_change""]",,ood
1117,1,confirm_bowl_and_plate,,place_bowl,"[""1488:2"",""2686:2""]","[""fetch"",""multi_object_sequence"",""open_container_then_retrieve"",""relocate""]",,ood
1117,2,fetch_absent_dish,fetch,fetch_bowl,"[""1488:0"",""2686:0""]","[""fetch"",""state_change""]",True,ood
1118,0,inspect_table,state_change,inspect_table,"[""1700:0"",""1958:0""]","[""fetch"",""state_change""]",True,ood
1118,1,fetch_bowl_0,fetch,fetch_bowl,"[""4764:0"",""1488:0""]","[""fetch"",""state_change""]",True,ood
1118,2,place_bowl_0_on_table,relocate,place_bowl,"[""4764:1"",""1488:2""]","[""fetch"",""multi_object_sequence"",""open_container_then_retrieve"",""relocate""]",True,ood
1118,3,fetch_plate_0,fetch,place_plate,[],[],False,ood
1118,4,place_plate_0_on_table,relocate,place_on_plate,[],[],False,ood
1119,0,examine_kitchen_work_area,,navigate_to_kitchen_island,"[""1484:0""]","[""fetch"",""state_change""]",,ood
1119,1,find_single_dish,fetch,fetch_bowl,"[""4764:0"",""1488:0""]","[""fetch"",""state_change""]",True,ood
1119,2,supply_missing_dish,,fetch_bowl,"[""2686:0""]","[""fetch"",""state_change""]",,ood
1120,0,glance_at_table,,inspect_table,"[""1633:0"",""2098:0""]","[""fetch"",""state_change""]",,ood
1120,1,confirm_one_bowl_and_one_plate,,place_bowl,"[""1488:2"",""2686:2""]","[""fetch"",""multi_object_sequence"",""open_container_then_retrieve"",""relocate""]",,ood
1120,2,fetch_absent_dish,fetch,fetch_bowl,"[""1488:0"",""2686:0""]","[""fetch"",""state_change""]",True,ood
1121,0,examine_table,,inspect_table,"[""1700:0"",""1958:0""]","[""fetch"",""state_change""]",,ood
1121,1,find_single_dish,fetch,fetch_bowl,"[""4764:0"",""1488:0""]","[""fetch"",""state_change""]",True,ood
1121,2,supply_missing_dish,,fetch_bowl,"[""2686:0""]","[""fetch"",""state_change""]",,ood
1121,3,position_both_dishes,,place_plate_on_kitchen_island,"[""1484:1""]","[""relocate""]",,ood
1122,0,examine_kitchen_work_area,,navigate_to_kitchen_island,"[""1484:0""]","[""fetch"",""state_change""]",,ood
1122,1,find_single_dish,fetch,fetch_bowl,"[""4764:0"",""1488:0""]","[""fetch"",""state_change""]",True,ood
1122,2,supply_missing_dish,,fetch_bowl,"[""2686:0""]","[""fetch"",""state_change""]",,ood
1123,0,examine_table,,inspect_table,"[""1700:0"",""1958:0""]","[""fetch"",""state_change""]",,ood
1123,1,find_single_dish,fetch,fetch_bowl,"[""4764:0"",""1488:0""]","[""fetch"",""state_change""]",True,ood
1123,2,supply_missing_dish,,fetch_bowl,"[""2686:0""]","[""fetch"",""state_change""]",,ood
1123,3,position_both_dishes,,place_plate_on_kitchen_island,"[""1484:1""]","[""relocate""]",,ood
1124,0,survey_table,state_change,survey_table,"[""1173:0"",""2647:0""]","[""fetch"",""state_change""]",True,ood
1124,1,identify_missing_item,,fetch_missing_fruit,"[""1207:1"",""2444:1""]","[""fetch"",""open_container_then_retrieve"",""relocate""]",,ood
1124,2,carry_missing_item_to_table,,move_to_table,"[""1210:1"",""2918:1""]","[""relocate""]",,ood
1125,0,observe_table,,inspect_table,"[""1700:0"",""1958:0""]","[""fetch"",""state_change""]",,ood
1125,1,observe_kitchen_work_area,,navigate_to_kitchen_island,"[""1484:0""]","[""fetch"",""state_change""]",,ood
1125,2,pick_bowl_0,fetch,fetch_bowl,"[""1488:0"",""2686:0""]","[""fetch"",""state_change""]",True,ood
1125,3,pick_plate_0,fetch,place_plate,"[""3266:2""]","[""relocate""]",False,ood
1126,0,examine_table,,inspect_table,"[""1700:0"",""1958:0""]","[""fetch"",""state_change""]",,ood
1126,1,find_single_dish,fetch,fetch_bowl,"[""4764:0"",""1488:0""]","[""fetch"",""state_change""]",True,ood
1126,2,supply_missing_dish,,fetch_bowl,"[""2686:0""]","[""fetch"",""state_change""]",,ood
1126,3,position_both_dishes,,place_plate_on_kitchen_island,"[""1484:1""]","[""relocate""]",,ood
1127,0,glance_at_table,,inspect_table,"[""1633:0"",""2098:0""]","[""fetch"",""state_change""]",,ood
1127,1,confirm_bowl_and_plate,,place_bowl,"[""1488:2"",""2686:2""]","[""fetch"",""multi_object_sequence"",""open_container_then_retrieve"",""relocate""]",,ood
1127,2,fetch_absent_dish,fetch,fetch_bowl,"[""1488:0"",""2686:0""]","[""fetch"",""state_change""]",True,ood
1128,0,examine_kitchen_work_area,,navigate_to_kitchen_island,"[""1484:0""]","[""fetch"",""state_change""]",,ood
1128,1,find_single_dish,fetch,fetch_bowl,"[""4764:0"",""1488:0""]","[""fetch"",""state_change""]",True,ood
1128,2,supply_missing_dish,,fetch_bowl,"[""2686:0""]","[""fetch"",""state_change""]",,ood
1129,0,look_for_bowl_0_on_table,,fetch_bowl,"[""4764:0"",""1488:0""]","[""fetch"",""state_change""]",,ood
1129,1,look_for_plate_0_on_table,,place_on_plate,"[""5169:2""]","[""relocate""]",,ood
1129,2,retrieve_bowl_0_if_missing,fetch,fetch_bowl,"[""2686:0""]","[""fetch"",""state_change""]",True,ood
1129,3,retrieve_plate_0_if_missing,fetch,set_plate,"[""5528:0"",""2966:0""]","[""fetch"",""state_change""]",True,ood
1129,4,place_bowl_0_on_table_if_missing,relocate,place_bowl,[],[],False,ood
1129,5,place_plate_0_on_table_if_missing,relocate,place_on_plate,[],[],False,ood
1130,0,look_at_table,,inspect_table,"[""1700:0"",""1958:0""]","[""fetch"",""state_change""]",,ood
1130,1,verify_bowl_on_table,,check_table,"[""1039:0"",""1737:0""]","[""fetch"",""state_change""]",,ood
1130,2,verify_plate_on_table,,check_table,"[""2239:0"",""6057:0""]","[""fetch"",""state_change""]",,ood
1130,3,go_to_kitchen_work_area,,navigate_to_kitchen_island,[],[],,ood
1130,4,retrieve_missing_plate,fetch,set_plate,[],[],False,ood
1130,5,place_plate_on_table,relocate,place_on_plate,[],[],False,ood
1131,0,check_kitchen_work_area_for_dishes,state_change,place_plate_on_kitchen_island,"[""2240:0"",""1484:1""]","[""fetch"",""relocate"",""state_change""]",True,ood
1131,1,check_if_bowl_is_missing,state_change,fetch_bowl,"[""1488:0"",""2686:0""]","[""fetch"",""state_change""]",True,ood
1131,2,check_if_plate_is_missing,state_change,set_plate,"[""5528:0"",""2966:0""]","[""fetch"",""state_change""]",True,ood
1131,3,get_bowl_from_kitchen_work_area,fetch,place_bowl,[],[],False,ood
1131,4,get_plate_from_kitchen_work_area,fetch,place_plate_on_kitchen_island,[],[],False,ood
1131,5,place_bowl_on_table,relocate,place_on_table,[],[],False,ood
1131,6,place_plate_on_table,relocate,place_on_plate,[],[],False,ood
1132,0,observe_kitchen_work_area,,navigate_to_kitchen_island,"[""1484:0""]","[""fetch"",""state_change""]",,ood
1132,1,decide_missing_item,,fetch_missing_fruit,"[""1207:1"",""2444:1""]","[""fetch"",""open_container_then_retrieve"",""relocate""]",,ood
1132,2,fetch_missing_item,fetch,fetch_missing_fruit,[],[],False,ood
1133,0,check_table_for_bowl_and_plate,state_change,check_table,"[""1502:0"",""1663:0""]","[""fetch"",""state_change""]",True,ood
1133,1,if_bowl_missing_get_bowl,fetch,fetch_bowl,"[""1488:0"",""2686:0""]","[""fetch"",""state_change""]",True,ood
1133,2,if_plate_missing_get_plate,fetch,set_plate,"[""5528:0"",""2966:0""]","[""fetch"",""state_change""]",True,ood
1133,3,place_missing_dish_on_table,relocate,place_plate_on_kitchen_island,[],[],False,ood
1134,0,check_table_for_bowl_and_plate,state_change,check_table,"[""1502:0"",""1663:0""]","[""fetch"",""state_change""]",True,ood
1134,1,if_bowl_missing_get_bowl,fetch,fetch_bowl,"[""1488:0"",""2686:0""]","[""fetch"",""state_change""]",True,ood
1134,2,if_plate_missing_get_plate,fetch,set_plate,"[""5528:0"",""2966:0""]","[""fetch"",""state_change""]",True,ood
1134,3,place_missing_dish_on_table,relocate,place_plate_on_kitchen_island,[],[],False,ood
1135,0,inspect_table,state_change,inspect_table,"[""1700:0"",""1958:0""]","[""fetch"",""state_change""]",True,ood
1135,1,fetch_hidden_dish,fetch,fetch_bowl,"[""4764:0"",""1488:0""]","[""fetch"",""state_change""]",True,ood
1135,2,place_dish_on_table,relocate,place_on_table,"[""3156:2"",""3173:2""]","[""multi_object_sequence"",""relocate""]",True,ood
1136,0,check_table_for_bowl_0,state_change,check_table,"[""1039:0"",""1737:0""]","[""fetch"",""state_change""]",True,ood
1136,1,check_table_for_plate_0,state_change,check_table,"[""2239:0"",""6057:0""]","[""fetch"",""state_change""]",True,ood
1136,2,deliver_bowl_0_if_missing,relocate,fetch_bowl,"[""1488:0"",""2686:0""]","[""fetch"",""state_change""]",False,ood
1136,3,deliver_plate_0_if_missing,relocate,place_plate,[],[],False,ood
1137,0,scan_table,,scan_table,"[""5235:0"",""1209:0""]","[""fetch"",""state_change""]",,ood
1137,1,check_bowl_presence,state_change,place_bowl,"[""3697:1"",""6464:1""]","[""multi_object_sequence"",""relocate""]",False,ood
1137,2,check_plate_presence,state_change,place_plate,"[""3266:2"",""5679:2""]","[""relocate""]",False,ood
1137,3,place_bowl_if_needed,relocate,place_bowl,[],[],False,ood
1137,4,place_plate_if_needed,relocate,place_plate,[],[],False,ood
1138,0,check_table_for_bowl_and_plate,state_change,check_table,"[""1502:0"",""1663:0""]","[""fetch"",""state_change""]",True,ood
1138,1,if_bowl_missing_get_bowl,fetch,fetch_bowl,"[""1488:0"",""2686:0""]","[""fetch"",""state_change""]",True,ood
1138,2,if_plate_missing_get_plate,fetch,set_plate,"[""5528:0"",""2966:0""]","[""fetch"",""state_change""]",True,ood
1138,3,place_missing_dish_on_table,relocate,place_plate_on_kitchen_island,[],[],False,ood
1139,0,check_kitchen_work_area,state_change,navigate_to_kitchen_island,"[""1484:0""]","[""fetch"",""state_change""]",True,ood
1139,1,check_for_bowl,state_change,fetch_bowl,"[""1488:0"",""2686:0""]","[""fetch"",""state_change""]",True,ood
1139,2,check_for_plate,state_change,set_plate,"[""7118:0"",""911:0""]","[""fetch"",""state_change""]",True,ood
1139,3,deliver_missing_bowl,relocate,fetch_bowl,"[""4764:0""]","[""fetch"",""state_change""]",False,ood
1139,4,deliver_missing_plate,relocate,place_plate,[],[],False,ood
1140,0,look_at_table,,inspect_table,"[""1700:0"",""1958:0""]","[""fetch"",""state_change""]",,ood
1140,1,verify_bowl_on_table,,check_table,"[""1039:0"",""1737:0""]","[""fetch"",""state_change""]",,ood
1140,2,verify_plate_on_table,,check_table,"[""2239:0"",""6057:0""]","[""fetch"",""state_change""]",,ood
1140,3,go_to_kitchen_work_area,,navigate_to_kitchen_island,[],[],,ood
1140,4,retrieve_missing_plate,fetch,set_plate,[],[],False,ood
1140,5,place_plate_on_table,relocate,place_on_plate,[],[],False,ood
1141,0,check_table_for_bowl_and_plate,state_change,check_table,"[""1039:0"",""1737:0""]","[""fetch"",""state_change""]",True,ood
1141,1,check_if_bowl_is_missing,state_change,fetch_bowl,"[""1488:0"",""2686:0""]","[""fetch"",""state_change""]",True,ood
1141,2,check_if_plate_is_missing,state_change,set_plate,"[""7118:0"",""911:0""]","[""fetch"",""state_change""]",True,ood
1141,3,deliver_missing_bowl,relocate,fetch_bowl,[],[],False,ood
1141,4,deliver_missing_plate,relocate,place_plate,[],[],False,ood
1142,0,scan_kitchen_work_area,,scan_table,"[""5235:0"",""1209:0""]","[""fetch"",""state_change""]",,ood
1142,1,check_for_bowl_0,state_change,fetch_bowl,"[""4764:0"",""1488:0""]","[""fetch"",""state_change""]",True,ood
1142,2,check_for_plate_0,state_change,place_plate,"[""3266:2"",""5679:2""]","[""relocate""]",False,ood
1142,3,place_bowl_0_if_missing,relocate,place_bowl,[],[],False,ood
1142,4,place_plate_0_if_missing,relocate,place_plate,[],[],False,ood
1143,0,survey_kitchen_work_area,state_change,navigate_to_kitchen_island,"[""1484:0""]","[""fetch"",""state_change""]",True,ood
1143,1,identify_missing_item,,fetch_missing_fruit,"[""1207:1"",""2444:1""]","[""fetch"",""open_container_then_retrieve"",""relocate""]",,ood
1143,2,carry_missing_item_to_table,,move_to_table,"[""1210:1"",""2918:1""]","[""relocate""]",,ood
1144,0,survey_kitchen_work_area,state_change,navigate_to_kitchen_island,"[""1484:0""]","[""fetch"",""state_change""]",True,ood
1144,1,identify_missing_item,,fetch_missing_fruit,"[""1207:1"",""2444:1""]","[""fetch"",""open_container_then_retrieve"",""relocate""]",,ood
1144,2,carry_missing_item_to_table,,move_to_table,"[""1210:1"",""2918:1""]","[""relocate""]",,ood
1145,0,observe_kitchen_work_area,,navigate_to_kitchen_island,"[""1484:0""]","[""fetch"",""state_change""]",,ood
1145,1,decide_missing_item,,fetch_missing_fruit,"[""1207:1"",""2444:1""]","[""fetch"",""open_container_then_retrieve"",""relocate""]",,ood
1145,2,fetch_missing_item,fetch,fetch_missing_fruit,[],[],False,ood
1146,0,scan_table,,scan_table,"[""5235:0"",""1209:0""]","[""fetch"",""state_change""]",,ood
1146,1,check_bowl_presence,state_change,place_bowl,"[""3697:1"",""6464:1""]","[""multi_object_sequence"",""relocate""]",False,ood
1146,2,check_plate_presence,state_change,place_plate,"[""3266:2"",""5679:2""]","[""relocate""]",False,ood
1146,3,place_bowl_if_needed,relocate,place_bowl,[],[],False,ood
1146,4,place_plate_if_needed,relocate,place_plate,[],[],False,ood
1147,0,find_non_table_item,fetch,inspect_table,"[""1700:0"",""1958:0""]","[""fetch"",""state_change""]",True,ood
1147,1,move_to_non_table_item,,move_to_table,"[""1210:1"",""2918:1""]","[""relocate""]",,ood
1147,2,pick_non_table_item,fetch,move_to_table,"[""3979:1""]","[""relocate""]",False,ood
1147,3,move_to_table,,move_to_table,[],[],,ood
1147,4,place_non_table_item_on_table,relocate,place_on_table,"[""3156:2""]","[""multi_object_sequence"",""relocate""]",True,ood
1148,0,find_non_table_item,fetch,inspect_table,"[""1700:0"",""1958:0""]","[""fetch"",""state_change""]",True,ood
1148,1,move_to_non_table_item,,move_to_table,"[""1210:1"",""2918:1""]","[""relocate""]",,ood
1148,2,pick_non_table_item,fetch,move_to_table,"[""3979:1""]","[""relocate""]",False,ood
1148,3,move_to_table,,move_to_table,[],[],,ood
1148,4,place_non_table_item_on_table,relocate,place_on_table,"[""3156:2""]","[""multi_object_sequence"",""relocate""]",True,ood
1149,0,observe_table_for_bowl_0,,inspect_table,"[""1700:0"",""1958:0""]","[""fetch"",""state_change""]",,ood
1149,1,observe_table_for_plate_0,,inspect_table,"[""3510:0"",""3156:1""]","[""fetch"",""open_container_then_retrieve"",""relocate"",""state_change""]",,ood
1149,2,bring_along_undetected_bowl_or_plate,relocate,place_on_plate,"[""5169:2""]","[""relocate""]",True,ood
1150,0,observe_table,,inspect_table,"[""1700:0"",""1958:0""]","[""fetch"",""state_change""]",,ood
1150,1,observe_kitchen_work_area,,navigate_to_kitchen_island,"[""1484:0""]","[""fetch"",""state_change""]",,ood
1150,2,decide_missing_object,,inspect_object,"[""6838:1"",""1367:1""]","[""state_change""]",,ood
1150,3,fetch_missing_object,fetch,fetch_object,"[""6411:0""]","[""fetch""]",True,ood
1151,0,survey_table,state_change,survey_table,"[""1173:0"",""2647:0""]","[""fetch"",""state_change""]",True,ood
1151,1,identify_missing_item,,fetch_missing_fruit,"[""1207:1"",""2444:1""]","[""fetch"",""open_container_then_retrieve"",""relocate""]",,ood
1151,2,carry_missing_item_to_table,,move_to_table,"[""1210:1"",""2918:1""]","[""relocate""]",,ood
1152,0,look_for_bowl_0_on_table,,fetch_bowl,"[""4764:0"",""1488:0""]","[""fetch"",""state_change""]",,ood
1152,1,look_for_plate_0_on_table,,place_on_plate,"[""5169:2""]","[""relocate""]",,ood
1152,2,retrieve_missing_bowl_or_plate,fetch,fetch_bowl,"[""2686:0""]","[""fetch"",""state_change""]",True,ood
1153,0,examine_kitchen_work_area,,navigate_to_kitchen_island,"[""1484:0""]","[""fetch"",""state_change""]",,ood
1153,1,find_single_dish,fetch,fetch_bowl,"[""4764:0"",""1488:0""]","[""fetch"",""state_change""]",True,ood
1153,2,supply_missing_dish,,fetch_bowl,"[""2686:0""]","[""fetch"",""state_change""]",,ood
1154,0,check_table_for_bowl_0,state_change,check_table,"[""1039:0"",""1737:0""]","[""fetch"",""state_change""]",True,ood
1154,1,check_table_for_plate_0,state_change,check_table,"[""2239:0"",""6057:0""]","[""fetch"",""state_change""]",True,ood
1154,2,deliver_bowl_0_if_missing,relocate,fetch_bowl,"[""1488:0"",""2686:0""]","[""fetch"",""state_change""]",False,ood
1154,3,deliver_plate_0_if_missing,relocate,place_plate,[],[],False,ood
1155,0,examine_table,,inspect_table,"[""1700:0"",""1958:0""]","[""fetch"",""state_change""]",,ood
1155,1,find_single_dish,fetch,fetch_bowl,"[""4764:0"",""1488:0""]","[""fetch"",""state_change""]",True,ood
1155,2,supply_other_dish,,place_on_plate,"[""5169:2""]","[""relocate""]",,ood
1155,3,position_both_dishes,,place_plate_on_kitchen_island,"[""1484:1""]","[""relocate""]",,ood
1156,0,look_for_bowl_0_on_table,,fetch_bowl,"[""4764:0"",""1488:0""]","[""fetch"",""state_change""]",,ood
1156,1,look_for_plate_0_on_table,,place_on_plate,"[""5169:2""]","[""relocate""]",,ood
1156,2,retrieve_bowl_0_if_missing,fetch,fetch_bowl,"[""2686:0""]","[""fetch"",""state_change""]",True,ood
1156,3,retrieve_plate_0_if_missing,fetch,set_plate,"[""5528:0"",""2966:0""]","[""fetch"",""state_change""]",True,ood
1156,4,place_bowl_0_on_table,relocate,place_bowl,[],[],False,ood
1156,5,place_plate_0_on_table,relocate,place_on_plate,[],[],False,ood
1157,0,observe_table,,inspect_table,"[""1700:0"",""1958:0""]","[""fetch"",""state_change""]",,ood
1157,1,observe_kitchen_work_area,,navigate_to_kitchen_island,"[""1484:0""]","[""fetch"",""state_change""]",,ood
1157,2,pick_bowl_0,fetch,fetch_bowl,"[""1488:0"",""2686:0""]","[""fetch"",""state_change""]",True,ood
1157,3,pick_plate_0,fetch,place_plate,"[""3266:2""]","[""relocate""]",False,ood
1158,0,check_table_for_bowl_and_plate,state_change,check_table,"[""1502:0"",""1663:0""]","[""fetch"",""state_change""]",True,ood
1158,1,if_bowl_missing_get_bowl,fetch,fetch_bowl,"[""1488:0"",""2686:0""]","[""fetch"",""state_change""]",True,ood
1158,2,if_plate_missing_get_plate,fetch,set_plate,"[""5528:0"",""2966:0""]","[""fetch"",""state_change""]",True,ood
1158,3,place_missing_dish_on_table,relocate,place_plate_on_kitchen_island,[],[],False,ood
1159,0,find_non_resting_bowl_or_plate,fetch,place_bowl,"[""4764:1"",""1488:2""]","[""fetch"",""multi_object_sequence"",""open_container_then_retrieve"",""relocate""]",True,ood
1159,1,move_to_non_resting_bowl_or_plate,,place_on_plate,"[""5169:2""]","[""relocate""]",,ood
1159,2,pick_non_resting_bowl_or_plate,fetch,place_on_plate,[],[],False,ood
1159,3,move_to_kitchen_work_area,,move_to_cabinet,"[""3800:0"",""2775:1""]","[""fetch"",""state_change""]",,ood
1159,4,place_bowl_or_plate_on_kitchen_work_area,relocate,place_plate_on_kitchen_island,"[""1484:1""]","[""relocate""]",True,ood
1160,0,check_kitchen_work_area_for_dishes,state_change,place_plate_on_kitchen_island,"[""2240:0"",""1484:1""]","[""fetch"",""relocate"",""state_change""]",True,ood
1160,1,check_if_bowl_is_missing,state_change,fetch_bowl,"[""1488:0"",""2686:0""]","[""fetch"",""state_change""]",True,ood
1160,2,check_if_plate_is_missing,state_change,set_plate,"[""5528:0"",""2966:0""]","[""fetch"",""state_change""]",True,ood
1160,3,get_bowl_from_kitchen_work_area,fetch,place_bowl,[],[],False,ood
1160,4,get_plate_from_kitchen_work_area,fetch,place_plate_on_kitchen_island,[],[],False,ood
1160,5,place_bowl_on_table,relocate,place_on_table,[],[],False,ood
1160,6,place_plate_on_table,relocate,place_on_plate,[],[],False,ood
1161,0,check_kitchen_work_area_for_dishes,state_change,place_plate_on_kitchen_island,"[""2240:0"",""1484:1""]","[""fetch"",""relocate"",""state_change""]",True,ood
1161,1,check_if_bowl_is_missing,state_change,fetch_bowl,"[""1488:0"",""2686:0""]","[""fetch"",""state_change""]",True,ood
1161,2,check_if_plate_is_missing,state_change,set_plate,"[""5528:0"",""2966:0""]","[""fetch"",""state_change""]",True,ood
1161,3,get_bowl_from_kitchen_work_area,fetch,place_bowl,[],[],False,ood
1161,4,get_plate_from_kitchen_work_area,fetch,place_plate_on_kitchen_island,[],[],False,ood
1161,5,place_bowl_on_table,relocate,place_on_table,[],[],False,ood
1161,6,place_plate_on_table,relocate,place_on_plate,[],[],False,ood
1162,0,inspect_table,state_change,inspect_table,"[""1700:0"",""1958:0""]","[""fetch"",""state_change""]",True,ood
1162,1,fetch_bowl_0,fetch,fetch_bowl,"[""4764:0"",""1488:0""]","[""fetch"",""state_change""]",True,ood
1162,2,place_bowl_0_on_table,relocate,place_bowl,"[""4764:1"",""1488:2""]","[""fetch"",""multi_object_sequence"",""open_container_then_retrieve"",""relocate""]",True,ood
1162,3,fetch_plate_0,fetch,place_plate,[],[],False,ood
1162,4,place_plate_0_on_table,relocate,place_on_plate,[],[],False,ood
1163,0,inspect_kitchen_work_area,state_change,inspect_cabinet,"[""144:0"",""1774:0""]","[""state_change""]",True,ood
1163,1,fetch_bowl_1,fetch,fetch_bowl,"[""4764:0"",""1488:0""]","[""fetch"",""state_change""]",True,ood
1163,2,place_bowl_1_on_table,relocate,place_bowl,"[""4764:1"",""3697:1""]","[""multi_object_sequence"",""relocate""]",True,ood
1163,3,fetch_plate_0,fetch,place_plate,[],[],False,ood
1163,4,place_plate_0_on_table,relocate,place_on_plate,[],[],False,ood
1164,0,examine_table,,inspect_table,"[""1700:0"",""1958:0""]","[""fetch"",""state_change""]",,ood
1164,1,find_single_dish,fetch,fetch_bowl,"[""4764:0"",""1488:0""]","[""fetch"",""state_change""]",True,ood
1164,2,supply_missing_dish,,fetch_bowl,"[""2686:0""]","[""fetch"",""state_change""]",,ood
1164,3,position_both_dishes,,place_plate_on_kitchen_island,"[""1484:1""]","[""relocate""]",,ood
1165,0,examine_table,,inspect_table,"[""1700:0"",""1958:0""]","[""fetch"",""state_change""]",,ood
1165,1,find_single_dish,fetch,fetch_bowl,"[""4764:0"",""1488:0""]","[""fetch"",""state_change""]",True,ood
1165,2,supply_missing_dish,,fetch_bowl,"[""2686:0""]","[""fetch"",""state_change""]",,ood
1165,3,position_both_dishes,,place_plate_on_kitchen_island,"[""1484:1""]","[""relocate""]",,ood
1166,0,check_table_for_bowl_0,state_change,check_table,"[""1039:0"",""1737:0""]","[""fetch"",""state_change""]",True,ood
1166,1,check_table_for_plate_0,state_change,check_table,"[""2239:0"",""6057:0""]","[""fetch"",""state_change""]",True,ood
1166,2,deliver_bowl_0_if_missing,relocate,fetch_bowl,"[""1488:0"",""2686:0""]","[""fetch"",""state_change""]",False,ood
1166,3,deliver_plate_0_if_missing,relocate,place_plate,[],[],False,ood
1167,0,examine_table,,inspect_table,"[""1700:0"",""1958:0""]","[""fetch"",""state_change""]",,ood
1167,1,find_single_dish,fetch,fetch_bowl,"[""4764:0"",""1488:0""]","[""fetch"",""state_change""]",True,ood
1167,2,supply_other_dish,,place_on_plate,"[""5169:2""]","[""relocate""]",,ood
1167,3,position_both_dishes,,place_plate_on_kitchen_island,"[""1484:1""]","[""relocate""]",,ood
1168,0,inspect_table,state_change,inspect_table,"[""1700:0"",""1958:0""]","[""fetch"",""state_change""]",True,ood
1168,1,fetch_hidden_dish,fetch,fetch_bowl,"[""4764:0"",""1488:0""]","[""fetch"",""state_change""]",True,ood
1168,2,place_dish_on_table,relocate,place_on_table,"[""3156:2"",""3173:2""]","[""multi_object_sequence"",""relocate""]",True,ood
1169,0,glance_at_table,,inspect_table,"[""1633:0"",""2098:0""]","[""fetch"",""state_change""]",,ood
1169,1,confirm_one_bowl_and_one_plate,,place_bowl,"[""2501:1"",""1488:2""]","[""fetch"",""multi_object_sequence"",""open_container_then_retrieve"",""relocate""]",,ood
1169,2,fetch_absent_dish,fetch,fetch_bowl,"[""1488:0"",""2686:0""]","[""fetch"",""state_change""]",True,ood
1170,0,find_non_resting_bowl_or_plate,fetch,place_bowl,"[""4764:1"",""1488:2""]","[""fetch"",""multi_object_sequence"",""open_container_then_retrieve"",""relocate""]",True,ood
1170,1,move_to_non_resting_bowl_or_plate,,place_on_plate,"[""5169:2""]","[""relocate""]",,ood
1170,2,pick_non_resting_bowl_or_plate,fetch,place_on_plate,[],[],False,ood
1170,3,move_to_kitchen_work_area,,move_to_cabinet,"[""3800:0"",""2775:1""]","[""fetch"",""state_change""]",,ood
1170,4,place_bowl_or_plate_on_kitchen_work_area,relocate,place_plate_on_kitchen_island,"[""1484:1""]","[""relocate""]",True,ood
1171,0,check_kitchen_work_area,state_change,navigate_to_kitchen_island,"[""1484:0""]","[""fetch"",""state_change""]",True,ood
1171,1,check_for_bowl,state_change,fetch_bowl,"[""1488:0"",""2686:0""]","[""fetch"",""state_change""]",True,ood
1171,2,check_for_plate,state_change,set_plate,"[""7118:0"",""911:0""]","[""fetch"",""state_change""]",True,ood
1171,3,deliver_missing_bowl,relocate,fetch_bowl,"[""4764:0""]","[""fetch"",""state_change""]",False,ood
1171,4,deliver_missing_plate,relocate,place_plate,[],[],False,ood
1172,0,find_non_resting_bowl_or_plate,fetch,place_bowl,"[""4764:1"",""1488:2""]","[""fetch"",""multi_object_sequence"",""open_container_then_retrieve"",""relocate""]",True,ood
1172,1,move_to_non_resting_bowl_or_plate,,place_on_plate,"[""5169:2""]","[""relocate""]",,ood
1172,2,pick_non_resting_bowl_or_plate,fetch,place_on_plate,[],[],False,ood
1172,3,move_to_kitchen_work_area,,move_to_cabinet,"[""3800:0"",""2775:1""]","[""fetch"",""state_change""]",,ood
1172,4,place_bowl_or_plate_on_kitchen_work_area,relocate,place_plate_on_kitchen_island,"[""1484:1""]","[""relocate""]",True,ood
1173,0,inspect_table,state_change,inspect_table,"[""1700:0"",""1958:0""]","[""fetch"",""state_change""]",True,ood
1173,1,fetch_hidden_dish,fetch,fetch_bowl,"[""4764:0"",""1488:0""]","[""fetch"",""state_change""]",True,ood
1173,2,place_dish_on_table,relocate,place_on_table,"[""3156:2"",""3173:2""]","[""multi_object_sequence"",""relocate""]",True,ood
1174,0,glance_at_table,,inspect_table,"[""1633:0"",""2098:0""]","[""fetch"",""state_change""]",,ood
1174,1,confirm_one_bowl_and_one_plate,,place_bowl,"[""1488:2"",""2686:2""]","[""fetch"",""multi_object_sequence"",""open_container_then_retrieve"",""relocate""]",,ood
1174,2,fetch_absent_dish,fetch,fetch_bowl,"[""1488:0"",""2686:0""]","[""fetch"",""state_change""]",True,ood
1175,0,look_over_table,,inspect_table,"[""1700:0"",""1958:0""]","[""fetch"",""state_change""]",,ood
1175,1,check_bowl_0_location,state_change,place_bowl,"[""1488:2"",""2686:2""]","[""fetch"",""multi_object_sequence"",""open_container_then_retrieve"",""relocate""]",False,ood
1175,2,check_plate_0_location,state_change,place_plate,"[""1379:0"",""4075:0""]","[""fetch"",""state_change""]",True,ood
1175,3,get_missing_item,fetch,fetch_missing_fruit,[],[],False,ood
1175,4,place_item_on_table,relocate,place_on_table,[],[],False,ood
1176,0,examine_table,,inspect_table,"[""1700:0"",""1958:0""]","[""fetch"",""state_change""]",,ood
1176,1,find_single_dish,fetch,fetch_bowl,"[""4764:0"",""1488:0""]","[""fetch"",""state_change""]",True,ood
1176,2,supply_missing_dish,,fetch_bowl,"[""2686:0""]","[""fetch"",""state_change""]",,ood
1176,3,position_both_dishes,,place_plate_on_kitchen_island,"[""1484:1""]","[""relocate""]",,ood
1177,0,inspect_table,state_change,inspect_table,"[""1700:0"",""1958:0""]","[""fetch"",""state_change""]",True,ood
1177,1,fetch_bowl_0,fetch,fetch_bowl,"[""4764:0"",""1488:0""]","[""fetch"",""state_change""]",True,ood
1177,2,place_bowl_0_on_table,relocate,place_bowl,"[""4764:1"",""1488:2""]","[""fetch"",""multi_object_sequence"",""open_container_then_retrieve"",""relocate""]",True,ood
1177,3,fetch_plate_0,fetch,place_plate,[],[],False,ood
1177,4,place_plate_0_on_table,relocate,place_on_plate,[],[],False,ood
1178,0,check_table_for_bowl,state_change,check_table,"[""1039:0"",""1737:0""]","[""fetch"",""state_change""]",True,ood
1178,1,check_table_for_plate,state_change,check_table,"[""2239:0"",""6057:0""]","[""fetch"",""state_change""]",True,ood
1178,2,deliver_missing_bowl,relocate,fetch_bowl,"[""1488:0"",""2686:0""]","[""fetch"",""state_change""]",False,ood
1178,3,deliver_missing_plate,relocate,place_plate,[],[],False,ood
1179,0,scan_table,,scan_table,"[""5235:0"",""1209:0""]","[""fetch"",""state_change""]",,ood
1179,1,check_for_bowl,state_change,fetch_bowl,"[""4764:0"",""1488:0""]","[""fetch"",""state_change""]",True,ood
1179,2,check_for_plate,state_change,set_plate,"[""7118:0"",""911:0""]","[""fetch"",""state_change""]",True,ood
1179,3,place_bowl_on_table,relocate,place_on_table,[],[],False,ood
1179,4,place_plate_on_table,relocate,place_on_plate,[],[],False,ood
1180,0,inspect_table,state_change,inspect_table,"[""1700:0"",""1958:0""]","[""fetch"",""state_change""]",True,ood
1180,1,fetch_bowl_0,fetch,fetch_bowl,"[""4764:0"",""1488:0""]","[""fetch"",""state_change""]",True,ood
1180,2,place_bowl_0_on_table,relocate,place_bowl,"[""4764:1"",""1488:2""]","[""fetch"",""multi_object_sequence"",""open_container_then_retrieve"",""relocate""]",True,ood
1180,3,fetch_plate_0,fetch,place_plate,[],[],False,ood
1180,4,place_plate_0_on_table,relocate,place_on_plate,[],[],False,ood
1181,0,examine_table,,inspect_table,"[""1700:0"",""1958:0""]","[""fetch"",""state_change""]",,ood
1181,1,find_single_dish,fetch,fetch_bowl,"[""4764:0"",""1488:0""]","[""fetch"",""state_change""]",True,ood
1181,2,supply_other_dish,,place_on_plate,"[""5169:2""]","[""relocate""]",,ood
1181,3,position_both_dishes,,place_plate_on_kitchen_island,"[""1484:1""]","[""relocate""]",,ood
1182,0,inspect_kitchen_work_area,state_change,inspect_cabinet,"[""144:0"",""1774:0""]","[""state_change""]",True,ood
1182,1,fetch_bowl_1,fetch,fetch_bowl,"[""4764:0"",""1488:0""]","[""fetch"",""state_change""]",True,ood
1182,2,place_bowl_1_on_table,relocate,place_bowl,"[""4764:1"",""3697:1""]","[""multi_object_sequence"",""relocate""]",True,ood
1182,3,fetch_plate_0,fetch,place_plate,[],[],False,ood
1182,4,place_plate_0_on_table,relocate,place_on_plate,[],[],False,ood
1183,0,observe_table,,inspect_table,"[""1700:0"",""1958:0""]","[""fetch"",""state_change""]",,ood
1183,1,observe_kitchen_work_area,,navigate_to_kitchen_island,"[""1484:0""]","[""fetch"",""state_change""]",,ood
1183,2,decide_missing_object,,inspect_object,"[""6838:1"",""1367:1""]","[""state_change""]",,ood
1183,3,fetch_missing_object,fetch,fetch_object,"[""6411:0""]","[""fetch""]",True,ood
1184,0,inspect_kitchen_work_area,state_change,inspect_cabinet,"[""144:0"",""1774:0""]","[""state_change""]",True,ood
1184,1,fetch_bowl_1,fetch,fetch_bowl,"[""4764:0"",""1488:0""]","[""fetch"",""state_change""]",True,ood
1184,2,place_bowl_1_on_table,relocate,place_bowl,"[""4764:1"",""3697:1""]","[""multi_object_sequence"",""relocate""]",True,ood
1184,3,fetch_plate_0,fetch,place_plate,[],[],False,ood
1184,4,place_plate_0_on_table,relocate,place_on_plate,[],[],False,ood
1185,0,inspect_table,state_change,inspect_table,"[""1700:0"",""1958:0""]","[""fetch"",""state_change""]",True,ood
1185,1,fetch_hidden_dish,fetch,fetch_bowl,"[""4764:0"",""1488:0""]","[""fetch"",""state_change""]",True,ood
1185,2,place_dish_on_table,relocate,place_on_table,"[""3156:2"",""3173:2""]","[""multi_object_sequence"",""relocate""]",True,ood
1186,0,glance_at_table,,inspect_table,"[""1633:0"",""2098:0""]","[""fetch"",""state_change""]",,ood
1186,1,confirm_bowl_and_plate,,place_bowl,"[""1488:2"",""2686:2""]","[""fetch"",""multi_object_sequence"",""open_container_then_retrieve"",""relocate""]",,ood
1186,2,fetch_absent_dish,fetch,fetch_bowl,"[""1488:0"",""2686:0""]","[""fetch"",""state_change""]",True,ood
1187,0,find_non_resting_bowl_or_plate,fetch,place_bowl,"[""4764:1"",""1488:2""]","[""fetch"",""multi_object_sequence"",""open_container_then_retrieve"",""relocate""]",True,ood
1187,1,move_to_non_resting_bowl_or_plate,,place_on_plate,"[""5169:2""]","[""relocate""]",,ood
1187,2,pick_non_resting_bowl_or_plate,fetch,place_on_plate,[],[],False,ood
1187,3,move_to_kitchen_work_area,,move_to_cabinet,"[""3800:0"",""2775:1""]","[""fetch"",""state_change""]",,ood
1187,4,place_bowl_or_plate_on_kitchen_work_area,relocate,place_plate_on_kitchen_island,"[""1484:1""]","[""relocate""]",True,ood
1188,0,scan_table,,scan_table,"[""5235:0"",""1209:0""]","[""fetch"",""state_change""]",,ood
1188,1,check_for_bowl,state_change,fetch_bowl,"[""4764:0"",""1488:0""]","[""fetch"",""state_change""]",True,ood
1188,2,check_for_plate,state_change,set_plate,"[""7118:0"",""911:0""]","[""fetch"",""state_change""]",True,ood
1188,3,place_bowl_on_table,relocate,place_on_table,[],[],False,ood
1188,4,place_plate_on_table,relocate,place_on_plate,[],[],False,ood
1189,0,observe_kitchen_work_area,,navigate_to_kitchen_island,"[""1484:0""]","[""fetch"",""state_change""]",,ood
1189,1,detect_bowl,,fetch_bowl,"[""1488:0"",""2686:0""]","[""fetch"",""state_change""]",,ood
1189,2,detect_plate,,set_plate,"[""7118:0"",""911:0""]","[""fetch"",""state_change""]",,ood
1189,3,choose_missing_item,,fetch_missing_fruit,"[""1207:1""]","[""fetch"",""open_container_then_retrieve"",""relocate""]",,ood
1189,4,move_to_kitchen_work_area,,move_to_cabinet,[],[],,ood
1189,5,pick_missing_item,fetch,fetch_missing_fruit,[],[],False,ood
1190,0,glance_at_table,,inspect_table,"[""1633:0"",""2098:0""]","[""fetch"",""state_change""]",,ood
1190,1,confirm_bowl_and_plate,,place_bowl,"[""1488:2"",""2686:2""]","[""fetch"",""multi_object_sequence"",""open_container_then_retrieve"",""relocate""]",,ood
1190,2,fetch_absent_dish,fetch,fetch_bowl,"[""1488:0"",""2686:0""]","[""fetch"",""state_change""]",True,ood
1191,0,check_table_for_bowl_and_plate,state_change,check_table,"[""1502:0"",""1663:0""]","[""fetch"",""state_change""]",True,ood
1191,1,if_bowl_missing_get_bowl,fetch,fetch_bowl,"[""1488:0"",""2686:0""]","[""fetch"",""state_change""]",True,ood
1191,2,if_plate_missing_get_plate,fetch,set_plate,"[""5528:0"",""2966:0""]","[""fetch"",""state_change""]",True,ood
1191,3,place_missing_dish_on_table,relocate,place_plate_on_kitchen_island,[],[],False,ood
1192,0,check_table_for_bowl_0,state_change,check_table,"[""1039:0"",""1737:0""]","[""fetch"",""state_change""]",True,ood
1192,1,check_table_for_plate_0,state_change,check_table,"[""2239:0"",""6057:0""]","[""fetch"",""state_change""]",True,ood
1192,2,deliver_bowl_0_if_missing,relocate,fetch_bowl,"[""1488:0"",""2686:0""]","[""fetch"",""state_change""]",False,ood
1192,3,deliver_plate_0_if_missing,relocate,place_plate,[],[],False,ood
1193,0,glance_at_table,,inspect_table,"[""1633:0"",""2098:0""]","[""fetch"",""state_change""]",,ood
1193,1,confirm_one_bowl_and_one_plate,,place_bowl,"[""2501:1"",""1488:2""]","[""fetch"",""multi_object_sequence"",""open_container_then_retrieve"",""relocate""]",,ood
1193,2,fetch_absent_dish,fetch,fetch_bowl,"[""1488:0"",""2686:0""]","[""fetch"",""state_change""]",True,ood
1194,0,scan_table,,scan_table,"[""5235:0"",""1209:0""]","[""fetch"",""state_change""]",,ood
1194,1,check_for_bowl,state_change,fetch_bowl,"[""4764:0"",""1488:0""]","[""fetch"",""state_change""]",True,ood
1194,2,check_for_plate,state_change,set_plate,"[""7118:0"",""911:0""]","[""fetch"",""state_change""]",True,ood
1194,3,place_bowl_on_table,relocate,place_on_table,[],[],False,ood
1194,4,place_plate_on_table,relocate,place_on_plate,[],[],False,ood
1195,0,find_non_resting_bowl_or_plate,fetch,place_bowl,"[""4764:1"",""1488:2""]","[""fetch"",""multi_object_sequence"",""open_container_then_retrieve"",""relocate""]",True,ood
1195,1,move_to_non_resting_bowl_or_plate,,place_on_plate,"[""5169:2""]","[""relocate""]",,ood
1195,2,pick_non_resting_bowl_or_plate,fetch,place_on_plate,[],[],False,ood
1195,3,move_to_kitchen_work_area,,move_to_cabinet,"[""3800:0"",""2775:1""]","[""fetch"",""state_change""]",,ood
1195,4,place_bowl_or_plate_on_kitchen_work_area,relocate,place_plate_on_kitchen_island,"[""1484:1""]","[""relocate""]",True,ood
1196,0,look_for_bowl_0_on_table,,fetch_bowl,"[""4764:0"",""1488:0""]","[""fetch"",""state_change""]",,ood
1196,1,look_for_plate_0_on_table,,place_on_plate,"[""5169:2""]","[""relocate""]",,ood
1196,2,retrieve_bowl_0_if_missing,fetch,fetch_bowl,"[""2686:0""]","[""fetch"",""state_change""]",True,ood
1196,3,retrieve_plate_0_if_missing,fetch,set_plate,"[""5528:0"",""2966:0""]","[""fetch"",""state_change""]",True,ood
1197,0,survey_kitchen_work_area,state_change,navigate_to_kitchen_island,"[""1484:0""]","[""fetch"",""state_change""]",True,ood
1197,1,identify_missing_item,,fetch_missing_fruit,"[""1207:1"",""2444:1""]","[""fetch"",""open_container_then_retrieve"",""relocate""]",,ood
1197,2,carry_missing_item_to_table,,move_to_table,"[""1210:1"",""2918:1""]","[""relocate""]",,ood
1198,0,look_over_table,,inspect_table,"[""1700:0"",""1958:0""]","[""fetch"",""state_change""]",,ood
1198,1,check_bowl_0_location,state_change,place_bowl,"[""1488:2"",""2686:2""]","[""fetch"",""multi_object_sequence"",""open_container_then_retrieve"",""relocate""]",False,ood
1198,2,check_plate_0_location,state_change,place_plate,"[""1379:0"",""4075:0""]","[""fetch"",""state_change""]",True,ood
1198,3,get_missing_item,fetch,fetch_missing_fruit,[],[],False,ood
1198,4,place_item_on_table,relocate,place_on_table,[],[],False,ood
1199,0,check_kitchen_work_area_for_dishes,state_change,place_plate_on_kitchen_island,"[""2240:0"",""1484:1""]","[""fetch"",""relocate"",""state_change""]",True,ood
1199,1,check_if_bowl_is_missing,state_change,fetch_bowl,"[""1488:0"",""2686:0""]","[""fetch"",""state_change""]",True,ood
1199,2,check_if_plate_is_missing,state_change,set_plate,"[""5528:0"",""2966:0""]","[""fetch"",""state_change""]",True,ood
1199,3,get_bowl_from_kitchen_work_area,fetch,place_bowl,[],[],False,ood
1199,4,get_plate_from_kitchen_work_area,fetch,place_plate_on_kitchen_island,[],[],False,ood
1199,5,place_bowl_on_table,relocate,place_on_table,[],[],False,ood
1199,6,place_plate_on_table,relocate,place_on_plate,[],[],False,ood
1200,0,check_table_for_bowl,state_change,check_table,"[""1039:0"",""1737:0""]","[""fetch"",""state_change""]",True,ood
1200,1,check_table_for_plate,state_change,check_table,"[""2239:0"",""6057:0""]","[""fetch"",""state_change""]",True,ood
1200,2,deliver_missing_bowl,relocate,fetch_bowl,"[""1488:0"",""2686:0""]","[""fetch"",""state_change""]",False,ood
1200,3,deliver_missing_plate,relocate,place_plate,[],[],False,ood
1201,0,check_table_for_bowl,state_change,check_table,"[""1039:0"",""1737:0""]","[""fetch"",""state_change""]",True,ood
1201,1,check_table_for_plate,state_change,check_table,"[""2239:0"",""6057:0""]","[""fetch"",""state_change""]",True,ood
1201,2,deliver_missing_bowl,relocate,fetch_bowl,"[""1488:0"",""2686:0""]","[""fetch"",""state_change""]",False,ood
1201,3,deliver_missing_plate,relocate,place_plate,[],[],False,ood
1202,0,examine_kitchen_work_area,,navigate_to_kitchen_island,"[""1484:0""]","[""fetch"",""state_change""]",,ood
1202,1,find_single_dish,fetch,fetch_bowl,"[""4764:0"",""1488:0""]","[""fetch"",""state_change""]",True,ood
1202,2,supply_missing_dish,,fetch_bowl,"[""2686:0""]","[""fetch"",""state_change""]",,ood
1203,0,check_kitchen_work_area_for_dishes,state_change,place_plate_on_kitchen_island,"[""2240:0"",""1484:1""]","[""fetch"",""relocate"",""state_change""]",True,ood
1203,1,check_if_bowl_is_missing,state_change,fetch_bowl,"[""1488:0"",""2686:0""]","[""fetch"",""state_change""]",True,ood
1203,2,check_if_plate_is_missing,state_change,set_plate,"[""5528:0"",""2966:0""]","[""fetch"",""state_change""]",True,ood
1203,3,get_bowl_from_kitchen_work_area,fetch,place_bowl,[],[],False,ood
1203,4,get_plate_from_kitchen_work_area,fetch,place_plate_on_kitchen_island,[],[],False,ood
1203,5,place_bowl_on_table,relocate,place_on_table,[],[],False,ood
1203,6,place_plate_on_table,relocate,place_on_plate,[],[],False,ood
1204,0,glance_at_table,,inspect_table,"[""1633:0"",""2098:0""]","[""fetch"",""state_change""]",,ood
1204,1,confirm_one_bowl_and_one_plate,,place_bowl,"[""1488:2"",""2686:2""]","[""fetch"",""multi_object_sequence"",""open_container_then_retrieve"",""relocate""]",,ood
1204,2,fetch_absent_dish,fetch,fetch_bowl,"[""1488:0"",""2686:0""]","[""fetch"",""state_change""]",True,ood
1205,0,survey_kitchen_work_area,state_change,navigate_to_kitchen_island,"[""1484:0""]","[""fetch"",""state_change""]",True,ood
1205,1,identify_missing_item,,fetch_missing_fruit,"[""1207:1"",""2444:1""]","[""fetch"",""open_container_then_retrieve"",""relocate""]",,ood
1205,2,carry_missing_item_to_table,,move_to_table,"[""1210:1"",""2918:1""]","[""relocate""]",,ood
1206,0,observe_table,,inspect_table,"[""1700:0"",""1958:0""]","[""fetch"",""state_change""]",,ood
1206,1,observe_kitchen_work_area,,navigate_to_kitchen_island,"[""1484:0""]","[""fetch"",""state_change""]",,ood
1206,2,pick_bowl_0,fetch,fetch_bowl,"[""1488:0"",""2686:0""]","[""fetch"",""state_change""]",True,ood
1206,3,pick_plate_0,fetch,place_plate,"[""3266:2""]","[""relocate""]",False,ood
1207,0,check_table_for_bowl,state_change,check_table,"[""1039:0"",""1737:0""]","[""fetch"",""state_change""]",True,ood
1207,1,check_table_for_plate,state_change,check_table,"[""2239:0"",""6057:0""]","[""fetch"",""state_change""]",True,ood
1207,2,deliver_missing_bowl,relocate,fetch_bowl,"[""1488:0"",""2686:0""]","[""fetch"",""state_change""]",False,ood
1207,3,deliver_missing_plate,relocate,place_plate,[],[],False,ood
1208,0,examine_table,,inspect_table,"[""1700:0"",""1958:0""]","[""fetch"",""state_change""]",,ood
1208,1,find_single_dish,fetch,fetch_bowl,"[""4764:0"",""1488:0""]","[""fetch"",""state_change""]",True,ood
1208,2,supply_other_dish,,place_on_plate,"[""5169:2""]","[""relocate""]",,ood
1208,3,position_both_dishes,,place_plate_on_kitchen_island,"[""1484:1""]","[""relocate""]",,ood
1209,0,look_for_bowl_0_on_table,,fetch_bowl,"[""4764:0"",""1488:0""]","[""fetch"",""state_change""]",,ood
1209,1,look_for_plate_0_on_table,,place_on_plate,"[""5169:2""]","[""relocate""]",,ood
1209,2,retrieve_bowl_0_if_missing,fetch,fetch_bowl,"[""2686:0""]","[""fetch"",""state_change""]",True,ood
1209,3,retrieve_plate_0_if_missing,fetch,set_plate,"[""5528:0"",""2966:0""]","[""fetch"",""state_change""]",True,ood
1209,4,place_bowl_0_on_table,relocate,place_bowl,[],[],False,ood
1209,5,place_plate_0_on_table,relocate,place_on_plate,[],[],False,ood
1210,0,check_kitchen_work_area_for_dishes,state_change,place_plate_on_kitchen_island,"[""2240:0"",""1484:1""]","[""fetch"",""relocate"",""state_change""]",True,ood
1210,1,check_if_bowl_is_missing,state_change,fetch_bowl,"[""1488:0"",""2686:0""]","[""fetch"",""state_change""]",True,ood
1210,2,check_if_plate_is_missing,state_change,set_plate,"[""5528:0"",""2966:0""]","[""fetch"",""state_change""]",True,ood
1210,3,get_bowl_from_kitchen_work_area,fetch,place_bowl,[],[],False,ood
1210,4,get_plate_from_kitchen_work_area,fetch,place_plate_on_kitchen_island,[],[],False,ood
1210,5,place_bowl_on_table,relocate,place_on_table,[],[],False,ood
1210,6,place_plate_on_table,relocate,place_on_plate,[],[],False,ood
1211,0,inspect_kitchen_work_area,state_change,inspect_cabinet,"[""144:0"",""1774:0""]","[""state_change""]",True,ood
1211,1,fetch_bowl_1,fetch,fetch_bowl,"[""4764:0"",""1488:0""]","[""fetch"",""state_change""]",True,ood
1211,2,place_bowl_1_on_kitchen_work_area,relocate,place_bowl,"[""4764:1"",""3697:1""]","[""multi_object_sequence"",""relocate""]",True,ood
1211,3,fetch_plate_0,fetch,place_plate,[],[],False,ood
1211,4,place_plate_0_on_kitchen_work_area,relocate,place_plate_on_kitchen_island,[],[],False,ood
1212,0,glance_at_table,,inspect_table,"[""1633:0"",""2098:0""]","[""fetch"",""state_change""]",,ood
1212,1,confirm_bowl_and_plate,,place_bowl,"[""1488:2"",""2686:2""]","[""fetch"",""multi_object_sequence"",""open_container_then_retrieve"",""relocate""]",,ood
1212,2,fetch_absent_dish,fetch,fetch_bowl,"[""1488:0"",""2686:0""]","[""fetch"",""state_change""]",True,ood
1213,0,observe_table,,inspect_table,"[""1700:0"",""1958:0""]","[""fetch"",""state_change""]",,ood
1213,1,observe_kitchen_work_area,,navigate_to_kitchen_island,"[""1484:0""]","[""fetch"",""state_change""]",,ood
1213,2,pick_bowl_0,fetch,fetch_bowl,"[""1488:0"",""2686:0""]","[""fetch"",""state_change""]",True,ood
1213,3,pick_plate_0,fetch,place_plate,"[""3266:2""]","[""relocate""]",False,ood
1214,0,look_at_table,,inspect_table,"[""1700:0"",""1958:0""]","[""fetch"",""state_change""]",,ood
1214,1,verify_bowl_0_on_table,,check_table,"[""1039:0"",""1737:0""]","[""fetch"",""state_change""]",,ood
1214,2,verify_plate_0_on_table,,check_table,"[""2239:0"",""6057:0""]","[""fetch"",""state_change""]",,ood
1214,3,go_to_kitchen_work_area,,navigate_to_kitchen_island,[],[],,ood
1214,4,retrieve_plate_0,fetch,set_plate,[],[],False,ood
1214,5,place_plate_0_on_table,relocate,place_on_plate,[],[],False,ood
1215,0,check_table_for_bowl_and_plate,state_change,check_table,"[""1039:0"",""1737:0""]","[""fetch"",""state_change""]",True,ood
1215,1,check_if_bowl_is_missing,state_change,fetch_bowl,"[""1488:0"",""2686:0""]","[""fetch"",""state_change""]",True,ood
1215,2,check_if_plate_is_missing,state_change,set_plate,"[""7118:0"",""911:0""]","[""fetch"",""state_change""]",True,ood
1215,3,deliver_missing_bowl,relocate,fetch_bowl,[],[],False,ood
1215,4,deliver_missing_plate,relocate,place_plate,[],[],False,ood
1216,0,look_for_bowl_0_on_table,,fetch_bowl,"[""4764:0"",""1488:0""]","[""fetch"",""state_change""]",,ood
1216,1,look_for_plate_0_on_table,,place_on_plate,"[""5169:2""]","[""relocate""]",,ood
1216,2,retrieve_bowl_0_if_missing,fetch,fetch_bowl,"[""2686:0""]","[""fetch"",""state_change""]",True,ood
1216,3,retrieve_plate_0_if_missing,fetch,set_plate,"[""5528:0"",""2966:0""]","[""fetch"",""state_change""]",True,ood
1217,0,examine_table,,inspect_table,"[""1700:0"",""1958:0""]","[""fetch"",""state_change""]",,ood
1217,1,find_single_dish,fetch,fetch_bowl,"[""4764:0"",""1488:0""]","[""fetch"",""state_change""]",True,ood
1217,2,supply_other_dish,,place_on_plate,"[""5169:2""]","[""relocate""]",,ood
1217,3,position_both_dishes,,place_plate_on_kitchen_island,"[""1484:1""]","[""relocate""]",,ood
