model,split,index,task_name,reask,full_solved,full_replay_solved,first_turn_solved,archived_reason,first_turn_reason
72B,id,2,dog_push_box_for_two_panda_transport,1,0,0,0,infeasible_assignment,infeasible_assignment
72B,id,3,ensure_all_fruits_on_table,0,1,1,1,SOLVED,SOLVED
72B,id,5,toast_bread_and_set_plate,0,0,0,0,OVER_BUDGET,OVER_BUDGET
72B,id,10,cut_fruit_on_board,0,1,1,1,SOLVED,SOLVED
72B,id,13,set_plate_and_fork_on_table,0,1,1,1,SOLVED,SOLVED
72B,id,14,toast_bread_and_set_plate,0,0,0,0,OVER_BUDGET,OVER_BUDGET
72B,id,15,clear_table_with_two_robots_and_put_in_cabinet,0,1,1,1,SOLVED,SOLVED
72B,id,19,cut_fruit_on_board,0,1,1,1,SOLVED,SOLVED
72B,id,20,ensure_all_fruits_on_table,0,1,1,1,SOLVED,SOLVED
72B,id,21,toast_bread_and_set_plate,0,0,0,0,OVER_BUDGET,OVER_BUDGET
72B,id,24,cut_fruit_on_board,0,1,1,1,SOLVED,SOLVED
72B,id,26,cut_two_fruits_on_board,0,1,1,1,SOLVED,SOLVED
72B,id,27,cut_two_fruits_on_board,0,1,1,1,SOLVED,SOLVED
72B,id,28,cut_fruit_on_board,0,1,1,1,SOLVED,SOLVED
72B,id,34,toast_bread_and_set_plate,0,0,0,0,OVER_BUDGET,OVER_BUDGET
72B,id,37,clear_table_with_two_robots_and_put_in_cabinet,0,1,1,1,SOLVED,SOLVED
72B,id,39,cut_two_fruits_on_board,0,1,1,1,SOLVED,SOLVED
72B,id,40,cut_two_fruits_on_board,0,1,1,1,SOLVED,SOLVED
72B,id,42,dog_push_box_for_two_panda_transport,1,0,0,0,infeasible_assignment,infeasible_assignment
72B,id,43,dog_push_box_for_two_panda_transport,1,0,0,0,infeasible_assignment,infeasible_assignment
72B,id,47,cut_two_fruits_on_board,0,1,1,1,SOLVED,SOLVED
72B,id,48,cut_fruit_on_board,0,1,1,1,SOLVED,SOLVED
72B,id,50,clear_table_with_two_robots_and_put_in_cabinet,0,1,1,1,SOLVED,SOLVED
72B,id,52,clear_table_with_two_robots_and_put_in_cabinet,0,1,1,1,SOLVED,SOLVED
72B,id,53,set_plate_and_fork_on_table,0,1,1,1,SOLVED,SOLVED
72B,id,54,toast_bread_and_set_plate,0,0,0,0,OVER_BUDGET,OVER_BUDGET
72B,id,55,clear_table_with_two_robots_and_put_in_cabinet,0,1,1,1,SOLVED,SOLVED
72B,id,56,set_plate_and_fork_on_table,0,1,1,1,SOLVED,SOLVED
72B,id,61,clear_table_with_two_robots_and_put_in_cabinet,0,1,1,1,SOLVED,SOLVED
72B,id,63,clear_table_with_two_robots_and_put_in_cabinet,0,1,1,1,SOLVED,SOLVED
72B,id,67,toast_bread_and_set_plate,0,0,0,0,OVER_BUDGET,OVER_BUDGET
72B,id,68,cut_fruit_on_board,0,1,1,1,SOLVED,SOLVED
72B,id,71,clear_table_with_two_robots_and_put_in_cabinet,0,1,1,1,SOLVED,SOLVED
72B,id,75,cut_two_fruits_on_board,0,1,1,1,SOLVED,SOLVED
72B,id,78,cut_two_fruits_on_board,0,1,1,1,SOLVED,SOLVED
72B,id,81,clear_table_with_two_robots_and_put_in_cabinet,0,1,1,1,SOLVED,SOLVED
72B,id,87,parallel_human_dual_asset_to_plate_or_bowl,0,1,1,1,SOLVED,SOLVED
72B,id,94,set_plate_and_fork_on_table,0,1,1,1,SOLVED,SOLVED
72B,id,95,cut_two_fruits_on_board,0,1,1,1,SOLVED,SOLVED
72B,id,96,set_plate_and_fork_on_table,0,1,1,1,SOLVED,SOLVED
72B,id,97,clear_table_with_two_robots_and_put_in_cabinet,0,1,1,1,SOLVED,SOLVED
72B,id,98,cut_fruit_on_board,0,1,1,1,SOLVED,SOLVED
72B,id,99,clear_table_with_two_robots_and_put_in_cabinet,0,1,1,1,SOLVED,SOLVED
72B,id,100,set_plate_and_fork_on_table,0,1,1,1,SOLVED,SOLVED
72B,id,102,cut_fruit_on_board,0,1,1,1,SOLVED,SOLVED
72B,id,103,cut_two_fruits_on_board,0,1,1,1,SOLVED,SOLVED
72B,id,105,cut_fruit_on_board,0,1,1,1,SOLVED,SOLVED
72B,id,107,toast_bread_and_set_plate,0,0,0,0,OVER_BUDGET,OVER_BUDGET
72B,id,109,cut_fruit_on_board,0,1,1,1,SOLVED,SOLVED
72B,id,110,set_plate_and_fork_on_table,0,1,1,1,SOLVED,SOLVED
72B,id,111,clear_table_with_two_robots_and_put_in_cabinet,0,1,1,1,SOLVED,SOLVED
72B,id,115,set_plate_and_fork_on_table,0,1,1,1,SOLVED,SOLVED
72B,id,117,clear_table_with_two_robots_and_put_in_cabinet,0,1,1,1,SOLVED,SOLVED
72B,id,118,ensure_all_fruits_on_table,0,1,1,1,SOLVED,SOLVED
72B,id,119,cut_fruit_on_board,0,1,1,1,SOLVED,SOLVED
72B,id,120,toast_bread_and_set_plate,0,0,0,0,OVER_BUDGET,OVER_BUDGET
72B,id,121,ensure_all_fruits_on_table,0,1,1,1,SOLVED,SOLVED
72B,id,122,dog_push_box_for_two_panda_transport,1,0,0,0,infeasible_assignment,infeasible_assignment
72B,id,125,clear_table_with_two_robots_and_put_in_cabinet,0,1,1,1,SOLVED,SOLVED
72B,id,127,ensure_all_fruits_on_table,0,1,1,1,SOLVED,SOLVED
72B,id,128,cut_fruit_on_board,0,1,1,1,SOLVED,SOLVED
72B,id,129,toast_bread_and_set_plate,0,0,0,0,OVER_BUDGET,OVER_BUDGET
72B,id,131,set_plate_and_fork_on_table,0,1,1,1,SOLVED,SOLVED
72B,id,132,parallel_human_dual_asset_to_plate_or_bowl,0,1,1,1,SOLVED,SOLVED
72B,id,134,toast_bread_and_set_plate,0,0,0,0,OVER_BUDGET,OVER_BUDGET
72B,id,137,cut_fruit_on_board,0,1,1,1,SOLVED,SOLVED
72B,id,138,clear_table_with_two_robots_and_put_in_cabinet,0,1,1,1,SOLVED,SOLVED
72B,id,140,clear_table_with_two_robots_and_put_in_cabinet,0,1,1,1,SOLVED,SOLVED
72B,id,141,toast_bread_and_set_plate,0,0,0,0,OVER_BUDGET,OVER_BUDGET
72B,id,142,cut_two_fruits_on_board,0,1,1,1,SOLVED,SOLVED
72B,id,144,parallel_human_dual_asset_to_plate_or_bowl,0,1,1,1,SOLVED,SOLVED
72B,id,145,set_plate_and_fork_on_table,0,1,1,1,SOLVED,SOLVED
72B,id,146,ensure_all_fruits_on_table,0,1,1,1,SOLVED,SOLVED
72B,id,147,toast_bread_and_set_plate,0,0,0,0,OVER_BUDGET,OVER_BUDGET
72B,id,148,clear_table_with_two_robots_and_put_in_cabinet,0,1,1,1,SOLVED,SOLVED
72B,id,149,cut_two_fruits_on_board,0,1,1,1,SOLVED,SOLVED
72B,id,151,ensure_all_fruits_on_table,0,1,1,1,SOLVED,SOLVED
72B,id,152,ensure_all_fruits_on_table,0,1,1,1,SOLVED,SOLVED
72B,id,155,cut_fruit_on_board,0,1,1,1,SOLVED,SOLVED
72B,id,156,cut_two_fruits_on_board,0,1,1,1,SOLVED,SOLVED
72B,id,163,cut_two_fruits_on_board,0,1,1,1,SOLVED,SOLVED
72B,id,164,parallel_human_dual_asset_to_plate_or_bowl,0,1,1,1,SOLVED,SOLVED
72B,id,165,clear_table_with_two_robots_and_put_in_cabinet,0,1,1,1,SOLVED,SOLVED
72B,id,166,clear_table_with_two_robots_and_put_in_cabinet,0,1,1,1,SOLVED,SOLVED
72B,id,167,toast_bread_and_set_plate,0,0,0,0,OVER_BUDGET,OVER_BUDGET
72B,id,168,cut_fruit_on_board,0,0,0,0,GOAL_UNMET,GOAL_UNMET
72B,id,171,cut_fruit_on_board,0,0,0,0,GOAL_UNMET,GOAL_UNMET
72B,id,172,cut_two_fruits_on_board,0,1,1,1,SOLVED,SOLVED
72B,id,173,toast_bread_and_set_plate,0,0,0,0,OVER_BUDGET,OVER_BUDGET
72B,id,174,cut_fruit_on_board,0,1,1,1,SOLVED,SOLVED
72B,id,175,set_plate_and_fork_on_table,0,1,1,1,SOLVED,SOLVED
72B,id,176,cut_two_fruits_on_board,0,1,1,1,SOLVED,SOLVED
72B,id,177,toast_bread_and_set_plate,0,0,0,0,OVER_BUDGET,OVER_BUDGET
72B,id,178,clear_table_with_two_robots_and_put_in_cabinet,0,1,1,1,SOLVED,SOLVED
72B,id,179,toast_bread_and_set_plate,0,0,0,0,OVER_BUDGET,OVER_BUDGET
72B,id,180,parallel_human_dual_asset_to_plate_or_bowl,0,1,1,1,SOLVED,SOLVED
72B,id,181,clear_table_with_two_robots_and_put_in_cabinet,0,1,1,1,SOLVED,SOLVED
72B,id,182,clear_table_with_two_robots_and_put_in_cabinet,0,1,1,1,SOLVED,SOLVED
72B,id,184,clear_table_with_two_robots_and_put_in_cabinet,0,1,1,1,SOLVED,SOLVED
72B,id,186,toast_bread_and_set_plate,0,0,0,0,OVER_BUDGET,OVER_BUDGET
72B,id,188,cut_fruit_on_board,0,1,1,1,SOLVED,SOLVED
72B,id,190,cut_fruit_on_board,0,1,1,1,SOLVED,SOLVED
72B,id,196,set_plate_and_fork_on_table,0,1,1,1,SOLVED,SOLVED
72B,id,197,clear_table_with_two_robots_and_put_in_cabinet,0,1,1,1,SOLVED,SOLVED
72B,id,198,cut_two_fruits_on_board,0,1,1,1,SOLVED,SOLVED
72B,id,199,cut_two_fruits_on_board,0,1,1,1,SOLVED,SOLVED
72B,id,200,clear_table_with_two_robots_and_put_in_cabinet,0,1,1,1,SOLVED,SOLVED
72B,id,204,cut_fruit_on_board,0,1,1,1,SOLVED,SOLVED
72B,id,205,toast_bread_and_set_plate,0,0,0,0,OVER_BUDGET,OVER_BUDGET
72B,id,206,clear_table_with_two_robots_and_put_in_cabinet,0,1,1,1,SOLVED,SOLVED
72B,id,207,toast_bread_and_set_plate,0,0,0,0,OVER_BUDGET,OVER_BUDGET
72B,id,209,clear_table_with_two_robots_and_put_in_cabinet,0,1,1,1,SOLVED,SOLVED
72B,id,211,parallel_human_dual_asset_to_plate_or_bowl,0,1,1,1,SOLVED,SOLVED
72B,id,213,set_plate_and_fork_on_table,0,1,1,1,SOLVED,SOLVED
72B,id,214,ensure_all_fruits_on_table,0,1,1,1,SOLVED,SOLVED
72B,id,215,ensure_all_fruits_on_table,0,1,1,1,SOLVED,SOLVED
72B,id,216,ensure_all_fruits_on_table,0,1,1,1,SOLVED,SOLVED
72B,id,218,set_plate_and_fork_on_table,0,1,1,1,SOLVED,SOLVED
72B,id,221,clear_table_with_two_robots_and_put_in_cabinet,0,1,1,1,SOLVED,SOLVED
72B,id,222,cut_two_fruits_on_board,0,1,1,1,SOLVED,SOLVED
72B,id,223,clear_table_with_two_robots_and_put_in_cabinet,0,1,1,1,SOLVED,SOLVED
72B,id,224,clear_table_with_two_robots_and_put_in_cabinet,0,1,1,1,SOLVED,SOLVED
72B,id,227,toast_bread_and_set_plate,0,0,0,0,OVER_BUDGET,OVER_BUDGET
72B,id,228,dog_push_box_for_two_panda_transport,1,0,0,0,infeasible_assignment,infeasible_assignment
72B,id,229,cut_fruit_on_board,0,1,1,1,SOLVED,SOLVED
72B,id,230,parallel_human_dual_asset_to_plate_or_bowl,0,1,1,1,SOLVED,SOLVED
72B,id,233,cut_fruit_on_board,0,1,1,1,SOLVED,SOLVED
72B,id,235,ensure_all_fruits_on_table,0,1,1,1,SOLVED,SOLVED
72B,id,236,set_plate_and_fork_on_table,0,1,1,1,SOLVED,SOLVED
72B,id,237,parallel_human_dual_asset_to_plate_or_bowl,0,1,1,1,SOLVED,SOLVED
72B,id,240,cut_fruit_on_board,0,1,1,1,SOLVED,SOLVED
72B,id,241,set_plate_and_fork_on_table,0,1,1,1,SOLVED,SOLVED
72B,id,242,toast_bread_and_set_plate,0,0,0,0,OVER_BUDGET,OVER_BUDGET
72B,id,248,cut_fruit_on_board,0,1,1,1,SOLVED,SOLVED
72B,id,249,parallel_human_dual_asset_to_plate_or_bowl,0,1,1,1,SOLVED,SOLVED
72B,id,251,parallel_human_dual_asset_to_plate_or_bowl,0,1,1,1,SOLVED,SOLVED
72B,id,253,parallel_human_dual_asset_to_plate_or_bowl,0,1,1,1,SOLVED,SOLVED
72B,id,254,set_plate_and_fork_on_table,0,1,1,1,SOLVED,SOLVED
72B,id,255,clear_table_with_two_robots_and_put_in_cabinet,0,1,1,1,SOLVED,SOLVED
72B,id,258,dog_push_box_for_two_panda_transport,1,0,0,0,infeasible_assignment,infeasible_assignment
72B,id,261,parallel_human_dual_asset_to_plate_or_bowl,0,1,1,1,SOLVED,SOLVED
72B,id,267,parallel_human_dual_asset_to_plate_or_bowl,0,1,1,1,SOLVED,SOLVED
72B,id,269,toast_bread_and_set_plate,0,0,0,0,OVER_BUDGET,OVER_BUDGET
72B,id,270,toast_bread_and_set_plate,0,0,0,0,OVER_BUDGET,OVER_BUDGET
72B,id,271,clear_table_with_two_robots_and_put_in_cabinet,0,1,1,1,SOLVED,SOLVED
72B,id,272,set_plate_and_fork_on_table,0,1,1,1,SOLVED,SOLVED
72B,id,275,cut_fruit_on_board,0,1,1,1,SOLVED,SOLVED
72B,id,277,cut_two_fruits_on_board,0,0,0,0,GOAL_UNMET,GOAL_UNMET
72B,id,278,toast_bread_and_set_plate,0,0,0,0,OVER_BUDGET,OVER_BUDGET
72B,id,279,parallel_human_dual_asset_to_plate_or_bowl,0,1,1,1,SOLVED,SOLVED
72B,id,280,cut_fruit_on_board,0,1,1,1,SOLVED,SOLVED
72B,id,283,cut_two_fruits_on_board,0,1,1,1,SOLVED,SOLVED
72B,id,284,dog_push_box_for_two_panda_transport,1,0,0,0,infeasible_assignment,infeasible_assignment
72B,id,287,set_plate_and_fork_on_table,0,1,1,1,SOLVED,SOLVED
72B,id,293,ensure_all_fruits_on_table,0,1,1,1,SOLVED,SOLVED
72B,id,295,toast_bread_and_set_plate,0,0,0,0,OVER_BUDGET,OVER_BUDGET
72B,id,296,cut_fruit_on_board,0,1,1,1,SOLVED,SOLVED
72B,id,297,parallel_human_dual_asset_to_plate_or_bowl,0,1,1,1,SOLVED,SOLVED
72B,id,298,parallel_human_dual_asset_to_plate_or_bowl,0,1,1,1,SOLVED,SOLVED
72B,id,299,clear_table_with_two_robots_and_put_in_cabinet,0,1,1,1,SOLVED,SOLVED
72B,id,302,ensure_all_fruits_on_table,0,1,1,1,SOLVED,SOLVED
72B,id,303,parallel_human_dual_asset_to_plate_or_bowl,0,1,1,1,SOLVED,SOLVED
72B,id,311,clear_table_with_two_robots_and_put_in_cabinet,0,1,1,1,SOLVED,SOLVED
72B,id,313,parallel_human_dual_asset_to_plate_or_bowl,0,1,1,1,SOLVED,SOLVED
72B,id,315,toast_bread_and_set_plate,0,0,0,0,OVER_BUDGET,OVER_BUDGET
72B,id,316,set_plate_and_fork_on_table,0,1,1,1,SOLVED,SOLVED
72B,id,317,ensure_all_fruits_on_table,0,1,1,1,SOLVED,SOLVED
72B,id,318,clear_table_with_two_robots_and_put_in_cabinet,0,1,1,1,SOLVED,SOLVED
72B,id,323,cut_fruit_on_board,0,1,1,1,SOLVED,SOLVED
72B,id,324,toast_bread_and_set_plate,0,0,0,0,OVER_BUDGET,OVER_BUDGET
72B,id,325,clear_table_with_two_robots_and_put_in_cabinet,0,1,1,1,SOLVED,SOLVED
72B,id,329,clear_table_with_two_robots_and_put_in_cabinet,0,1,1,1,SOLVED,SOLVED
72B,id,330,ensure_all_fruits_on_table,0,0,0,0,GOAL_UNMET,GOAL_UNMET
72B,id,334,set_plate_and_fork_on_table,0,1,1,1,SOLVED,SOLVED
72B,id,339,toast_bread_and_set_plate,0,0,0,0,OVER_BUDGET,OVER_BUDGET
72B,id,340,set_plate_and_fork_on_table,0,1,1,1,SOLVED,SOLVED
72B,id,344,cut_fruit_on_board,0,1,1,1,SOLVED,SOLVED
72B,id,345,clear_table_with_two_robots_and_put_in_cabinet,0,1,1,1,SOLVED,SOLVED
72B,id,346,cut_fruit_on_board,0,1,1,1,SOLVED,SOLVED
72B,id,347,cut_fruit_on_board,0,1,1,1,SOLVED,SOLVED
72B,id,348,cut_fruit_on_board,0,1,1,1,SOLVED,SOLVED
72B,id,349,toast_bread_and_set_plate,0,0,0,0,OVER_BUDGET,OVER_BUDGET
72B,id,352,cut_two_fruits_on_board,0,1,1,1,SOLVED,SOLVED
72B,id,353,cut_two_fruits_on_board,0,0,0,0,GOAL_UNMET,GOAL_UNMET
72B,id,358,cut_two_fruits_on_board,0,1,1,1,SOLVED,SOLVED
72B,id,359,toast_bread_and_set_plate,0,0,0,0,OVER_BUDGET,OVER_BUDGET
72B,id,360,toast_bread_and_set_plate,0,0,0,0,OVER_BUDGET,OVER_BUDGET
72B,id,361,dog_push_box_for_two_panda_transport,1,0,0,0,infeasible_assignment,infeasible_assignment
72B,id,362,ensure_all_fruits_on_table,0,1,1,1,SOLVED,SOLVED
72B,id,364,parallel_human_dual_asset_to_plate_or_bowl,0,1,1,1,SOLVED,SOLVED
72B,id,365,cut_fruit_on_board,0,1,1,1,SOLVED,SOLVED
72B,id,366,dog_push_box_for_two_panda_transport,1,0,0,0,infeasible_assignment,infeasible_assignment
72B,id,367,cut_two_fruits_on_board,0,1,1,1,SOLVED,SOLVED
72B,id,368,set_plate_and_fork_on_table,0,1,1,1,SOLVED,SOLVED
72B,id,372,set_plate_and_fork_on_table,0,1,1,1,SOLVED,SOLVED
72B,id,375,cut_fruit_on_board,0,1,1,1,SOLVED,SOLVED
72B,id,376,cut_fruit_on_board,0,1,1,1,SOLVED,SOLVED
72B,id,378,clear_table_with_two_robots_and_put_in_cabinet,0,1,1,1,SOLVED,SOLVED
72B,id,381,clear_table_with_two_robots_and_put_in_cabinet,0,1,1,1,SOLVED,SOLVED
72B,id,382,toast_bread_and_set_plate,0,0,0,0,OVER_BUDGET,OVER_BUDGET
72B,id,383,clear_table_with_two_robots_and_put_in_cabinet,0,1,1,1,SOLVED,SOLVED
72B,id,391,parallel_human_dual_asset_to_plate_or_bowl,0,1,1,1,SOLVED,SOLVED
72B,id,392,set_plate_and_fork_on_table,0,1,1,1,SOLVED,SOLVED
72B,id,393,cut_fruit_on_board,0,1,1,1,SOLVED,SOLVED
72B,id,394,clear_table_with_two_robots_and_put_in_cabinet,0,1,1,1,SOLVED,SOLVED
72B,id,395,parallel_human_dual_asset_to_plate_or_bowl,0,1,1,1,SOLVED,SOLVED
72B,id,397,clear_table_with_two_robots_and_put_in_cabinet,0,1,1,1,SOLVED,SOLVED
72B,id,398,toast_bread_and_set_plate,0,0,0,0,OVER_BUDGET,OVER_BUDGET
72B,id,401,cut_two_fruits_on_board,0,0,0,0,GOAL_UNMET,GOAL_UNMET
72B,id,402,toast_bread_and_set_plate,0,0,0,0,OVER_BUDGET,OVER_BUDGET
72B,id,404,toast_bread_and_set_plate,0,0,0,0,OVER_BUDGET,OVER_BUDGET
72B,id,406,parallel_human_dual_asset_to_plate_or_bowl,0,1,1,1,SOLVED,SOLVED
72B,id,407,cut_two_fruits_on_board,0,1,1,1,SOLVED,SOLVED
72B,id,409,toast_bread_and_set_plate,0,0,0,0,OVER_BUDGET,OVER_BUDGET
72B,id,410,clear_table_with_two_robots_and_put_in_cabinet,0,1,1,1,SOLVED,SOLVED
72B,id,412,clear_table_with_two_robots_and_put_in_cabinet,0,1,1,1,SOLVED,SOLVED
72B,id,416,clear_table_with_two_robots_and_put_in_cabinet,0,1,1,1,SOLVED,SOLVED
72B,id,421,cut_fruit_on_board,0,1,1,1,SOLVED,SOLVED
72B,id,422,clear_table_with_two_robots_and_put_in_cabinet,0,1,1,1,SOLVED,SOLVED
72B,id,423,clear_table_with_two_robots_and_put_in_cabinet,0,1,1,1,SOLVED,SOLVED
72B,id,424,cut_two_fruits_on_board,0,1,1,1,SOLVED,SOLVED
72B,id,426,cut_two_fruits_on_board,0,1,1,1,SOLVED,SOLVED
72B,id,428,cut_two_fruits_on_board,0,1,1,1,SOLVED,SOLVED
72B,id,430,cut_fruit_on_board,0,0,0,0,GOAL_UNMET,GOAL_UNMET
72B,id,434,ensure_all_fruits_on_table,0,1,1,1,SOLVED,SOLVED
72B,id,436,cut_two_fruits_on_board,0,1,1,1,SOLVED,SOLVED
72B,id,437,toast_bread_and_set_plate,0,0,0,0,OVER_BUDGET,OVER_BUDGET
72B,id,439,cut_two_fruits_on_board,0,1,1,1,SOLVED,SOLVED
72B,id,440,clear_table_with_two_robots_and_put_in_cabinet,0,1,1,1,SOLVED,SOLVED
72B,id,443,toast_bread_and_set_plate,0,0,0,0,OVER_BUDGET,OVER_BUDGET
72B,id,447,dog_push_box_for_two_panda_transport,1,0,0,0,infeasible_assignment,infeasible_assignment
72B,id,451,cut_fruit_on_board,0,1,1,1,SOLVED,SOLVED
72B,id,452,cut_fruit_on_board,0,1,1,1,SOLVED,SOLVED
72B,id,454,set_plate_and_fork_on_table,0,1,1,1,SOLVED,SOLVED
72B,id,458,cut_fruit_on_board,0,1,1,1,SOLVED,SOLVED
72B,id,459,parallel_human_dual_asset_to_plate_or_bowl,0,1,1,1,SOLVED,SOLVED
72B,id,462,cut_two_fruits_on_board,0,1,1,1,SOLVED,SOLVED
72B,id,466,parallel_human_dual_asset_to_plate_or_bowl,0,1,1,1,SOLVED,SOLVED
72B,id,472,parallel_human_dual_asset_to_plate_or_bowl,0,1,1,1,SOLVED,SOLVED
72B,id,474,cut_fruit_on_board,0,1,1,1,SOLVED,SOLVED
72B,id,475,clear_table_with_two_robots_and_put_in_cabinet,0,1,1,1,SOLVED,SOLVED
72B,id,476,cut_two_fruits_on_board,0,0,0,0,GOAL_UNMET,GOAL_UNMET
72B,id,478,toast_bread_and_set_plate,0,0,0,0,OVER_BUDGET,OVER_BUDGET
72B,id,479,cut_fruit_on_board,0,1,1,1,SOLVED,SOLVED
72B,id,480,clear_table_with_two_robots_and_put_in_cabinet,0,1,1,1,SOLVED,SOLVED
72B,id,481,toast_bread_and_set_plate,0,0,0,0,OVER_BUDGET,OVER_BUDGET
72B,id,484,cut_fruit_on_board,0,1,1,1,SOLVED,SOLVED
72B,id,485,dog_push_box_for_two_panda_transport,1,0,0,0,infeasible_assignment,infeasible_assignment
72B,id,486,clear_table_with_two_robots_and_put_in_cabinet,0,1,1,1,SOLVED,SOLVED
72B,id,487,dog_push_box_for_two_panda_transport,1,0,0,0,infeasible_assignment,infeasible_assignment
72B,id,489,toast_bread_and_set_plate,0,0,0,0,OVER_BUDGET,OVER_BUDGET
72B,id,494,clear_table_with_two_robots_and_put_in_cabinet,0,1,1,1,SOLVED,SOLVED
72B,id,496,parallel_human_dual_asset_to_plate_or_bowl,0,1,1,1,SOLVED,SOLVED
72B,id,497,cut_fruit_on_board,0,0,0,0,GOAL_UNMET,GOAL_UNMET
72B,id,498,cut_fruit_on_board,0,1,1,1,SOLVED,SOLVED
72B,id,501,cut_fruit_on_board,0,1,1,1,SOLVED,SOLVED
72B,id,502,clear_table_with_two_robots_and_put_in_cabinet,0,1,1,1,SOLVED,SOLVED
72B,id,503,parallel_human_dual_asset_to_plate_or_bowl,0,1,1,1,SOLVED,SOLVED
72B,id,504,toast_bread_and_set_plate,0,0,0,0,OVER_BUDGET,OVER_BUDGET
72B,id,507,cut_two_fruits_on_board,0,0,0,0,GOAL_UNMET,GOAL_UNMET
72B,id,510,parallel_human_dual_asset_to_plate_or_bowl,0,1,1,1,SOLVED,SOLVED
72B,id,512,clear_table_with_two_robots_and_put_in_cabinet,0,1,1,1,SOLVED,SOLVED
72B,id,513,parallel_human_dual_asset_to_plate_or_bowl,0,1,1,1,SOLVED,SOLVED
72B,id,515,clear_table_with_two_robots_and_put_in_cabinet,0,1,1,1,SOLVED,SOLVED
72B,id,516,cut_fruit_on_board,0,1,1,1,SOLVED,SOLVED
72B,id,517,toast_bread_and_set_plate,0,0,0,0,OVER_BUDGET,OVER_BUDGET
72B,id,519,cut_fruit_on_board,0,1,1,1,SOLVED,SOLVED
72B,id,520,set_plate_and_fork_on_table,0,1,1,1,SOLVED,SOLVED
72B,id,525,clear_table_with_two_robots_and_put_in_cabinet,0,1,1,1,SOLVED,SOLVED
72B,id,531,cut_two_fruits_on_board,0,1,1,1,SOLVED,SOLVED
72B,id,532,ensure_all_fruits_on_table,0,1,1,1,SOLVED,SOLVED
72B,id,536,set_plate_and_fork_on_table,0,1,1,1,SOLVED,SOLVED
72B,id,537,ensure_all_fruits_on_table,0,1,1,1,SOLVED,SOLVED
72B,id,539,ensure_all_fruits_on_table,0,1,1,1,SOLVED,SOLVED
72B,id,541,cut_fruit_on_board,0,1,1,1,SOLVED,SOLVED
72B,id,544,clear_table_with_two_robots_and_put_in_cabinet,0,1,1,1,SOLVED,SOLVED
72B,id,545,clear_table_with_two_robots_and_put_in_cabinet,0,1,1,1,SOLVED,SOLVED
72B,id,546,ensure_all_fruits_on_table,0,1,1,1,SOLVED,SOLVED
72B,id,548,parallel_human_dual_asset_to_plate_or_bowl,0,1,1,1,SOLVED,SOLVED
72B,id,549,cut_two_fruits_on_board,0,1,1,1,SOLVED,SOLVED
72B,id,551,set_plate_and_fork_on_table,0,1,1,1,SOLVED,SOLVED
72B,id,552,cut_two_fruits_on_board,0,1,1,1,SOLVED,SOLVED
72B,id,555,parallel_human_dual_asset_to_plate_or_bowl,0,1,1,1,SOLVED,SOLVED
72B,id,559,ensure_all_fruits_on_table,0,1,1,1,SOLVED,SOLVED
72B,id,561,set_plate_and_fork_on_table,0,1,1,1,SOLVED,SOLVED
72B,id,562,ensure_all_fruits_on_table,0,0,0,0,GOAL_UNMET,GOAL_UNMET
72B,id,563,cut_fruit_on_board,0,1,1,1,SOLVED,SOLVED
72B,id,564,set_plate_and_fork_on_table,0,1,1,1,SOLVED,SOLVED
72B,id,566,set_plate_and_fork_on_table,0,1,1,1,SOLVED,SOLVED
72B,id,569,cut_two_fruits_on_board,0,1,1,1,SOLVED,SOLVED
72B,id,570,clear_table_with_two_robots_and_put_in_cabinet,0,1,1,1,SOLVED,SOLVED
72B,id,571,cut_fruit_on_board,0,1,1,1,SOLVED,SOLVED
72B,id,572,toast_bread_and_set_plate,0,0,0,0,OVER_BUDGET,OVER_BUDGET
72B,id,573,toast_bread_and_set_plate,0,0,0,0,OVER_BUDGET,OVER_BUDGET
72B,id,576,parallel_human_dual_asset_to_plate_or_bowl,0,1,1,1,SOLVED,SOLVED
72B,id,578,ensure_all_fruits_on_table,0,1,1,1,SOLVED,SOLVED
72B,id,579,toast_bread_and_set_plate,0,0,0,0,OVER_BUDGET,OVER_BUDGET
72B,id,581,clear_table_with_two_robots_and_put_in_cabinet,0,1,1,1,SOLVED,SOLVED
72B,id,582,ensure_all_fruits_on_table,0,0,0,0,GOAL_UNMET,GOAL_UNMET
72B,id,584,set_plate_and_fork_on_table,0,1,1,1,SOLVED,SOLVED
72B,id,586,ensure_all_fruits_on_table,0,1,1,1,SOLVED,SOLVED
72B,id,587,cut_fruit_on_board,0,1,1,1,SOLVED,SOLVED
72B,id,592,parallel_human_dual_asset_to_plate_or_bowl,0,1,1,1,SOLVED,SOLVED
72B,id,594,clear_table_with_two_robots_and_put_in_cabinet,0,1,1,1,SOLVED,SOLVED
72B,id,596,toast_bread_and_set_plate,0,0,0,0,OVER_BUDGET,OVER_BUDGET
72B,id,598,clear_table_with_two_robots_and_put_in_cabinet,0,1,1,1,SOLVED,SOLVED
72B,id,600,cut_two_fruits_on_board,0,1,1,1,SOLVED,SOLVED
72B,id,601,set_plate_and_fork_on_table,0,1,1,1,SOLVED,SOLVED
72B,id,602,clear_table_with_two_robots_and_put_in_cabinet,0,1,1,1,SOLVED,SOLVED
72B,id,605,toast_bread_and_set_plate,0,0,0,0,OVER_BUDGET,OVER_BUDGET
72B,id,607,toast_bread_and_set_plate,0,0,0,0,OVER_BUDGET,OVER_BUDGET
72B,id,608,clear_table_with_two_robots_and_put_in_cabinet,0,1,1,1,SOLVED,SOLVED
72B,id,612,clear_table_with_two_robots_and_put_in_cabinet,0,1,1,1,SOLVED,SOLVED
72B,id,613,toast_bread_and_set_plate,0,0,0,0,OVER_BUDGET,OVER_BUDGET
72B,id,617,cut_fruit_on_board,0,0,0,0,GOAL_UNMET,GOAL_UNMET
72B,id,620,toast_bread_and_set_plate,0,0,0,0,OVER_BUDGET,OVER_BUDGET
72B,id,621,cut_fruit_on_board,0,1,1,1,SOLVED,SOLVED
72B,id,622,parallel_human_dual_asset_to_plate_or_bowl,0,1,1,1,SOLVED,SOLVED
72B,id,623,cut_fruit_on_board,0,1,1,1,SOLVED,SOLVED
72B,id,628,toast_bread_and_set_plate,0,0,0,0,OVER_BUDGET,OVER_BUDGET
72B,id,630,cut_fruit_on_board,0,1,1,1,SOLVED,SOLVED
72B,id,631,ensure_all_fruits_on_table,0,1,1,1,SOLVED,SOLVED
72B,id,632,ensure_all_fruits_on_table,0,1,1,1,SOLVED,SOLVED
72B,id,634,set_plate_and_fork_on_table,0,1,1,1,SOLVED,SOLVED
72B,id,635,parallel_human_dual_asset_to_plate_or_bowl,0,1,1,1,SOLVED,SOLVED
72B,id,636,cut_fruit_on_board,0,1,1,1,SOLVED,SOLVED
72B,id,639,parallel_human_dual_asset_to_plate_or_bowl,0,1,1,1,SOLVED,SOLVED
72B,id,640,clear_table_with_two_robots_and_put_in_cabinet,0,1,1,1,SOLVED,SOLVED
72B,id,641,clear_table_with_two_robots_and_put_in_cabinet,0,1,1,1,SOLVED,SOLVED
72B,id,642,cut_fruit_on_board,0,1,1,1,SOLVED,SOLVED
72B,id,645,cut_two_fruits_on_board,0,1,1,1,SOLVED,SOLVED
72B,id,647,dog_push_box_for_two_panda_transport,1,0,0,0,infeasible_assignment,infeasible_assignment
72B,id,649,clear_table_with_two_robots_and_put_in_cabinet,0,1,1,1,SOLVED,SOLVED
72B,id,650,clear_table_with_two_robots_and_put_in_cabinet,0,1,1,1,SOLVED,SOLVED
72B,id,651,clear_table_with_two_robots_and_put_in_cabinet,0,1,1,1,SOLVED,SOLVED
72B,id,652,dog_push_box_for_two_panda_transport,1,0,0,0,infeasible_assignment,infeasible_assignment
72B,id,654,cut_two_fruits_on_board,0,0,0,0,GOAL_UNMET,GOAL_UNMET
72B,id,655,cut_two_fruits_on_board,0,1,1,1,SOLVED,SOLVED
72B,id,656,cut_two_fruits_on_board,0,0,0,0,GOAL_UNMET,GOAL_UNMET
72B,id,657,clear_table_with_two_robots_and_put_in_cabinet,0,1,1,1,SOLVED,SOLVED
72B,id,661,clear_table_with_two_robots_and_put_in_cabinet,0,1,1,1,SOLVED,SOLVED
72B,id,663,cut_fruit_on_board,0,1,1,1,SOLVED,SOLVED
72B,id,664,cut_fruit_on_board,0,1,1,1,SOLVED,SOLVED
72B,id,668,cut_fruit_on_board,0,1,1,1,SOLVED,SOLVED
72B,id,671,cut_two_fruits_on_board,0,1,1,1,SOLVED,SOLVED
72B,id,672,clear_table_with_two_robots_and_put_in_cabinet,0,1,1,1,SOLVED,SOLVED
72B,id,674,set_plate_and_fork_on_table,0,1,1,1,SOLVED,SOLVED
72B,id,675,cut_fruit_on_board,0,1,1,1,SOLVED,SOLVED
72B,id,676,cut_fruit_on_board,0,1,1,1,SOLVED,SOLVED
72B,id,677,cut_two_fruits_on_board,0,1,1,1,SOLVED,SOLVED
72B,id,678,toast_bread_and_set_plate,0,0,0,0,OVER_BUDGET,OVER_BUDGET
72B,id,683,toast_bread_and_set_plate,0,0,0,0,OVER_BUDGET,OVER_BUDGET
72B,id,687,clear_table_with_two_robots_and_put_in_cabinet,0,1,1,1,SOLVED,SOLVED
72B,id,688,toast_bread_and_set_plate,0,0,0,0,OVER_BUDGET,OVER_BUDGET
72B,id,689,parallel_human_dual_asset_to_plate_or_bowl,0,1,1,1,SOLVED,SOLVED
72B,id,690,cut_fruit_on_board,0,1,1,1,SOLVED,SOLVED
72B,id,691,clear_table_with_two_robots_and_put_in_cabinet,0,1,1,1,SOLVED,SOLVED
72B,id,692,dog_push_box_for_two_panda_transport,1,0,0,0,infeasible_assignment,infeasible_assignment
72B,id,694,clear_table_with_two_robots_and_put_in_cabinet,0,1,1,1,SOLVED,SOLVED
72B,id,697,cut_fruit_on_board,0,1,1,1,SOLVED,SOLVED
72B,id,698,cut_fruit_on_board,0,1,1,1,SOLVED,SOLVED
72B,id,699,ensure_all_fruits_on_table,0,1,1,1,SOLVED,SOLVED
72B,id,703,cut_fruit_on_board,0,1,1,1,SOLVED,SOLVED
72B,id,707,clear_table_with_two_robots_and_put_in_cabinet,0,1,1,1,SOLVED,SOLVED
72B,id,708,clear_table_with_two_robots_and_put_in_cabinet,0,1,1,1,SOLVED,SOLVED
72B,id,711,clear_table_with_two_robots_and_put_in_cabinet,0,1,1,1,SOLVED,SOLVED
72B,id,712,parallel_human_dual_asset_to_plate_or_bowl,0,1,1,1,SOLVED,SOLVED
72B,id,713,ensure_all_fruits_on_table,0,1,1,1,SOLVED,SOLVED
72B,id,714,ensure_all_fruits_on_table,0,1,1,1,SOLVED,SOLVED
72B,id,715,set_plate_and_fork_on_table,0,1,1,1,SOLVED,SOLVED
72B,id,716,cut_fruit_on_board,0,1,1,1,SOLVED,SOLVED
72B,id,718,cut_fruit_on_board,0,1,1,1,SOLVED,SOLVED
72B,id,725,cut_fruit_on_board,0,1,1,1,SOLVED,SOLVED
72B,id,726,clear_table_with_two_robots_and_put_in_cabinet,0,1,1,1,SOLVED,SOLVED
72B,id,731,ensure_all_fruits_on_table,0,1,1,1,SOLVED,SOLVED
72B,id,733,set_plate_and_fork_on_table,0,1,1,1,SOLVED,SOLVED
72B,id,735,clear_table_with_two_robots_and_put_in_cabinet,0,1,1,1,SOLVED,SOLVED
72B,id,736,cut_two_fruits_on_board,0,1,1,1,SOLVED,SOLVED
72B,id,737,clear_table_with_two_robots_and_put_in_cabinet,0,1,1,1,SOLVED,SOLVED
72B,id,739,clear_table_with_two_robots_and_put_in_cabinet,0,1,1,1,SOLVED,SOLVED
72B,id,740,dog_push_box_for_two_panda_transport,1,0,0,0,infeasible_assignment,infeasible_assignment
72B,id,742,ensure_all_fruits_on_table,0,1,1,1,SOLVED,SOLVED
72B,id,744,clear_table_with_two_robots_and_put_in_cabinet,0,1,1,1,SOLVED,SOLVED
72B,id,745,set_plate_and_fork_on_table,0,1,1,1,SOLVED,SOLVED
72B,id,746,toast_bread_and_set_plate,0,0,0,0,OVER_BUDGET,OVER_BUDGET
72B,id,747,toast_bread_and_set_plate,0,0,0,0,OVER_BUDGET,OVER_BUDGET
72B,id,749,cut_fruit_on_board,0,1,1,1,SOLVED,SOLVED
72B,id,750,cut_fruit_on_board,0,1,1,1,SOLVED,SOLVED
72B,id,751,parallel_human_dual_asset_to_plate_or_bowl,0,1,1,1,SOLVED,SOLVED
72B,id,753,clear_table_with_two_robots_and_put_in_cabinet,0,1,1,1,SOLVED,SOLVED
72B,id,757,ensure_all_fruits_on_table,0,1,1,1,SOLVED,SOLVED
72B,id,760,ensure_all_fruits_on_table,0,1,1,1,SOLVED,SOLVED
72B,id,761,clear_table_with_two_robots_and_put_in_cabinet,0,1,1,1,SOLVED,SOLVED
72B,id,763,cut_two_fruits_on_board,0,1,1,1,SOLVED,SOLVED
72B,id,769,parallel_human_dual_asset_to_plate_or_bowl,0,1,1,1,SOLVED,SOLVED
72B,id,770,parallel_human_dual_asset_to_plate_or_bowl,0,1,1,1,SOLVED,SOLVED
72B,id,772,cut_fruit_on_board,0,1,1,1,SOLVED,SOLVED
72B,id,775,parallel_human_dual_asset_to_plate_or_bowl,0,1,1,1,SOLVED,SOLVED
72B,id,776,ensure_all_fruits_on_table,0,0,0,0,GOAL_UNMET,GOAL_UNMET
72B,id,777,clear_table_with_two_robots_and_put_in_cabinet,0,1,1,1,SOLVED,SOLVED
72B,id,780,cut_fruit_on_board,0,1,1,1,SOLVED,SOLVED
72B,id,781,clear_table_with_two_robots_and_put_in_cabinet,0,1,1,1,SOLVED,SOLVED
72B,id,783,set_plate_and_fork_on_table,0,1,1,1,SOLVED,SOLVED
72B,id,786,parallel_human_dual_asset_to_plate_or_bowl,0,1,1,1,SOLVED,SOLVED
72B,id,787,cut_fruit_on_board,0,1,1,1,SOLVED,SOLVED
72B,id,789,cut_fruit_on_board,0,1,1,1,SOLVED,SOLVED
72B,id,790,ensure_all_fruits_on_table,0,1,1,1,SOLVED,SOLVED
72B,id,791,clear_table_with_two_robots_and_put_in_cabinet,0,1,1,1,SOLVED,SOLVED
72B,id,796,cut_fruit_on_board,0,1,1,1,SOLVED,SOLVED
72B,id,797,cut_fruit_on_board,0,1,1,1,SOLVED,SOLVED
72B,id,799,cut_fruit_on_board,0,1,1,1,SOLVED,SOLVED
72B,id,801,cut_two_fruits_on_board,0,1,1,1,SOLVED,SOLVED
72B,id,803,clear_table_with_two_robots_and_put_in_cabinet,0,1,1,1,SOLVED,SOLVED
72B,id,804,cut_fruit_on_board,0,1,1,1,SOLVED,SOLVED
72B,id,806,cut_two_fruits_on_board,0,1,1,1,SOLVED,SOLVED
72B,id,807,parallel_human_dual_asset_to_plate_or_bowl,0,1,1,1,SOLVED,SOLVED
72B,id,809,clear_table_with_two_robots_and_put_in_cabinet,0,1,1,1,SOLVED,SOLVED
72B,id,813,cut_fruit_on_board,0,1,1,1,SOLVED,SOLVED
72B,id,814,cut_fruit_on_board,0,1,1,1,SOLVED,SOLVED
72B,id,815,set_plate_and_fork_on_table,0,1,1,1,SOLVED,SOLVED
72B,id,816,clear_table_with_two_robots_and_put_in_cabinet,0,1,1,1,SOLVED,SOLVED
72B,id,819,set_plate_and_fork_on_table,0,1,1,1,SOLVED,SOLVED
72B,id,820,toast_bread_and_set_plate,0,0,0,0,OVER_BUDGET,OVER_BUDGET
72B,id,825,ensure_all_fruits_on_table,0,1,1,1,SOLVED,SOLVED
72B,id,826,cut_fruit_on_board,0,1,1,1,SOLVED,SOLVED
72B,id,827,toast_bread_and_set_plate,0,0,0,0,OVER_BUDGET,OVER_BUDGET
72B,id,828,ensure_all_fruits_on_table,0,1,1,1,SOLVED,SOLVED
72B,id,830,parallel_human_dual_asset_to_plate_or_bowl,0,1,1,1,SOLVED,SOLVED
72B,id,831,parallel_human_dual_asset_to_plate_or_bowl,0,1,1,1,SOLVED,SOLVED
72B,id,837,cut_fruit_on_board,0,1,1,1,SOLVED,SOLVED
72B,id,838,clear_table_with_two_robots_and_put_in_cabinet,0,1,1,1,SOLVED,SOLVED
72B,id,840,cut_fruit_on_board,0,1,1,1,SOLVED,SOLVED
72B,id,841,set_plate_and_fork_on_table,0,1,1,1,SOLVED,SOLVED
72B,id,842,toast_bread_and_set_plate,0,0,0,0,OVER_BUDGET,OVER_BUDGET
72B,id,844,cut_fruit_on_board,0,1,1,1,SOLVED,SOLVED
72B,id,848,parallel_human_dual_asset_to_plate_or_bowl,0,1,1,1,SOLVED,SOLVED
72B,id,849,clear_table_with_two_robots_and_put_in_cabinet,0,1,1,1,SOLVED,SOLVED
72B,id,850,cut_fruit_on_board,0,1,1,1,SOLVED,SOLVED
72B,id,853,toast_bread_and_set_plate,0,0,0,0,OVER_BUDGET,OVER_BUDGET
72B,id,856,toast_bread_and_set_plate,0,0,0,0,OVER_BUDGET,OVER_BUDGET
72B,id,857,clear_table_with_two_robots_and_put_in_cabinet,0,1,1,1,SOLVED,SOLVED
72B,id,862,parallel_human_dual_asset_to_plate_or_bowl,0,1,1,1,SOLVED,SOLVED
72B,id,863,cut_fruit_on_board,0,0,0,0,GOAL_UNMET,GOAL_UNMET
72B,id,864,ensure_all_fruits_on_table,0,1,1,1,SOLVED,SOLVED
72B,id,865,parallel_human_dual_asset_to_plate_or_bowl,0,1,1,1,SOLVED,SOLVED
72B,id,867,set_plate_and_fork_on_table,0,1,1,1,SOLVED,SOLVED
72B,id,869,clear_table_with_two_robots_and_put_in_cabinet,0,1,1,1,SOLVED,SOLVED
72B,id,870,cut_two_fruits_on_board,0,1,1,1,SOLVED,SOLVED
72B,id,874,cut_fruit_on_board,0,1,1,1,SOLVED,SOLVED
72B,id,875,parallel_human_dual_asset_to_plate_or_bowl,0,1,1,1,SOLVED,SOLVED
72B,id,876,cut_two_fruits_on_board,0,1,1,1,SOLVED,SOLVED
72B,id,879,cut_fruit_on_board,0,0,0,0,GOAL_UNMET,GOAL_UNMET
72B,id,881,cut_fruit_on_board,0,1,1,1,SOLVED,SOLVED
72B,id,883,cut_fruit_on_board,0,1,1,1,SOLVED,SOLVED
72B,id,884,ensure_all_fruits_on_table,0,1,1,1,SOLVED,SOLVED
72B,id,886,clear_table_with_two_robots_and_put_in_cabinet,0,1,1,1,SOLVED,SOLVED
72B,id,888,set_plate_and_fork_on_table,0,1,1,1,SOLVED,SOLVED
72B,id,890,cut_fruit_on_board,0,1,1,1,SOLVED,SOLVED
72B,id,891,clear_table_with_two_robots_and_put_in_cabinet,0,1,1,1,SOLVED,SOLVED
72B,id,895,set_plate_and_fork_on_table,0,1,1,1,SOLVED,SOLVED
72B,id,897,set_plate_and_fork_on_table,0,1,1,1,SOLVED,SOLVED
72B,id,901,cut_fruit_on_board,0,1,1,1,SOLVED,SOLVED
72B,id,903,clear_table_with_two_robots_and_put_in_cabinet,0,1,1,1,SOLVED,SOLVED
72B,id,904,clear_table_with_two_robots_and_put_in_cabinet,0,1,1,1,SOLVED,SOLVED
72B,id,905,clear_table_with_two_robots_and_put_in_cabinet,0,1,1,1,SOLVED,SOLVED
72B,id,908,toast_bread_and_set_plate,0,0,0,0,OVER_BUDGET,OVER_BUDGET
72B,id,910,clear_table_with_two_robots_and_put_in_cabinet,0,1,1,1,SOLVED,SOLVED
72B,id,912,clear_table_with_two_robots_and_put_in_cabinet,0,1,1,1,SOLVED,SOLVED
72B,id,913,parallel_human_dual_asset_to_plate_or_bowl,0,1,1,1,SOLVED,SOLVED
72B,id,915,parallel_human_dual_asset_to_plate_or_bowl,0,1,1,1,SOLVED,SOLVED
72B,id,918,cut_fruit_on_board,0,1,1,1,SOLVED,SOLVED
72B,id,923,set_plate_and_fork_on_table,0,1,1,1,SOLVED,SOLVED
72B,id,927,parallel_human_dual_asset_to_plate_or_bowl,0,1,1,1,SOLVED,SOLVED
72B,id,932,dog_push_box_for_two_panda_transport,1,0,0,0,infeasible_assignment,infeasible_assignment
72B,id,941,toast_bread_and_set_plate,0,0,0,0,OVER_BUDGET,OVER_BUDGET
72B,id,942,set_plate_and_fork_on_table,0,1,1,1,SOLVED,SOLVED
72B,id,943,clear_table_with_two_robots_and_put_in_cabinet,0,1,1,1,SOLVED,SOLVED
72B,id,947,cut_two_fruits_on_board,0,1,1,1,SOLVED,SOLVED
72B,id,949,cut_fruit_on_board,0,1,1,1,SOLVED,SOLVED
72B,id,950,parallel_human_dual_asset_to_plate_or_bowl,0,1,1,1,SOLVED,SOLVED
72B,id,952,cut_two_fruits_on_board,0,0,0,0,GOAL_UNMET,GOAL_UNMET
72B,id,956,clear_table_with_two_robots_and_put_in_cabinet,0,1,1,1,SOLVED,SOLVED
72B,id,957,cut_fruit_on_board,0,1,1,1,SOLVED,SOLVED
72B,id,959,parallel_human_dual_asset_to_plate_or_bowl,0,1,1,1,SOLVED,SOLVED
72B,id,960,cut_two_fruits_on_board,0,1,1,1,SOLVED,SOLVED
72B,id,962,toast_bread_and_set_plate,0,0,0,0,OVER_BUDGET,OVER_BUDGET
72B,id,963,clear_table_with_two_robots_and_put_in_cabinet,0,1,1,1,SOLVED,SOLVED
72B,id,964,cut_two_fruits_on_board,0,1,1,1,SOLVED,SOLVED
72B,id,965,ensure_all_fruits_on_table,0,1,1,1,SOLVED,SOLVED
72B,id,966,set_plate_and_fork_on_table,0,1,1,1,SOLVED,SOLVED
72B,id,967,cut_two_fruits_on_board,0,1,1,1,SOLVED,SOLVED
72B,id,968,cut_fruit_on_board,0,1,1,1,SOLVED,SOLVED
72B,id,970,clear_table_with_two_robots_and_put_in_cabinet,0,1,1,1,SOLVED,SOLVED
72B,id,971,cut_fruit_on_board,0,1,1,1,SOLVED,SOLVED
72B,id,972,set_plate_and_fork_on_table,0,1,1,1,SOLVED,SOLVED
72B,id,973,cut_fruit_on_board,0,1,1,1,SOLVED,SOLVED
72B,id,974,parallel_human_dual_asset_to_plate_or_bowl,0,1,1,1,SOLVED,SOLVED
72B,id,975,clear_table_with_two_robots_and_put_in_cabinet,0,1,1,1,SOLVED,SOLVED
72B,id,976,cut_two_fruits_on_board,0,0,0,0,GOAL_UNMET,GOAL_UNMET
72B,id,977,cut_fruit_on_board,0,1,1,1,SOLVED,SOLVED
72B,id,979,cut_fruit_on_board,0,1,1,1,SOLVED,SOLVED
72B,id,980,cut_fruit_on_board,0,1,1,1,SOLVED,SOLVED
72B,id,981,clear_table_with_two_robots_and_put_in_cabinet,0,1,1,1,SOLVED,SOLVED
72B,id,982,ensure_all_fruits_on_table,0,1,1,1,SOLVED,SOLVED
72B,id,984,clear_table_with_two_robots_and_put_in_cabinet,0,1,1,1,SOLVED,SOLVED
72B,id,985,ensure_all_fruits_on_table,0,1,1,1,SOLVED,SOLVED
72B,id,987,set_plate_and_fork_on_table,0,1,1,1,SOLVED,SOLVED
72B,id,991,dog_push_box_for_two_panda_transport,1,0,0,0,infeasible_assignment,infeasible_assignment
72B,id,993,dog_push_box_for_two_panda_transport,1,0,0,0,infeasible_assignment,infeasible_assignment
72B,id,995,parallel_human_dual_asset_to_plate_or_bowl,0,1,1,1,SOLVED,SOLVED
72B,id,996,ensure_all_fruits_on_table,0,1,1,1,SOLVED,SOLVED
72B,id,997,clear_table_with_two_robots_and_put_in_cabinet,0,1,1,1,SOLVED,SOLVED
72B,id,999,cut_two_fruits_on_board,0,1,1,1,SOLVED,SOLVED
72B,id,1000,clear_table_with_two_robots_and_put_in_cabinet,0,1,1,1,SOLVED,SOLVED
72B,id,1002,ensure_all_fruits_on_table,0,1,1,1,SOLVED,SOLVED
72B,id,1005,toast_bread_and_set_plate,0,0,0,0,OVER_BUDGET,OVER_BUDGET
72B,id,1010,ensure_all_fruits_on_table,0,1,1,1,SOLVED,SOLVED
72B,id,1013,toast_bread_and_set_plate,0,0,0,0,OVER_BUDGET,OVER_BUDGET
72B,id,1014,clear_table_with_two_robots_and_put_in_cabinet,0,1,1,1,SOLVED,SOLVED
72B,id,1019,toast_bread_and_set_plate,0,0,0,0,OVER_BUDGET,OVER_BUDGET
72B,id,1020,clear_table_with_two_robots_and_put_in_cabinet,0,1,1,1,SOLVED,SOLVED
72B,id,1021,set_plate_and_fork_on_table,0,1,1,1,SOLVED,SOLVED
72B,id,1026,clear_table_with_two_robots_and_put_in_cabinet,0,1,1,1,SOLVED,SOLVED
72B,id,1027,cut_two_fruits_on_board,0,1,1,1,SOLVED,SOLVED
72B,id,1029,cut_two_fruits_on_board,0,1,1,1,SOLVED,SOLVED
72B,id,1030,set_plate_and_fork_on_table,0,1,1,1,SOLVED,SOLVED
72B,id,1032,ensure_all_fruits_on_table,0,0,0,0,GOAL_UNMET,GOAL_UNMET
72B,id,1034,toast_bread_and_set_plate,0,0,0,0,OVER_BUDGET,OVER_BUDGET
72B,id,1037,set_plate_and_fork_on_table,0,1,1,1,SOLVED,SOLVED
72B,id,1039,cut_fruit_on_board,0,1,1,1,SOLVED,SOLVED
72B,id,1040,toast_bread_and_set_plate,0,0,0,0,OVER_BUDGET,OVER_BUDGET
72B,id,1042,cut_two_fruits_on_board,0,0,0,0,GOAL_UNMET,GOAL_UNMET
72B,id,1043,cut_fruit_on_board,0,1,1,1,SOLVED,SOLVED
72B,id,1044,set_plate_and_fork_on_table,0,1,1,1,SOLVED,SOLVED
72B,id,1045,cut_two_fruits_on_board,0,0,0,0,GOAL_UNMET,GOAL_UNMET
72B,id,1048,toast_bread_and_set_plate,0,0,0,0,OVER_BUDGET,OVER_BUDGET
72B,id,1050,clear_table_with_two_robots_and_put_in_cabinet,0,1,1,1,SOLVED,SOLVED
72B,id,1051,cut_fruit_on_board,0,1,1,1,SOLVED,SOLVED
72B,id,1053,clear_table_with_two_robots_and_put_in_cabinet,0,1,1,1,SOLVED,SOLVED
72B,id,1054,clear_table_with_two_robots_and_put_in_cabinet,0,1,1,1,SOLVED,SOLVED
72B,id,1058,cut_fruit_on_board,0,1,1,1,SOLVED,SOLVED
72B,id,1060,ensure_all_fruits_on_table,0,1,1,1,SOLVED,SOLVED
72B,id,1061,parallel_human_dual_asset_to_plate_or_bowl,0,1,1,1,SOLVED,SOLVED
72B,id,1063,cut_fruit_on_board,0,1,1,1,SOLVED,SOLVED
72B,id,1064,dog_push_box_for_two_panda_transport,1,0,0,0,infeasible_assignment,infeasible_assignment
72B,id,1066,toast_bread_and_set_plate,0,0,0,0,OVER_BUDGET,OVER_BUDGET
72B,id,1067,clear_table_with_two_robots_and_put_in_cabinet,0,1,1,1,SOLVED,SOLVED
72B,id,1068,parallel_human_dual_asset_to_plate_or_bowl,0,1,1,1,SOLVED,SOLVED
72B,id,1070,parallel_human_dual_asset_to_plate_or_bowl,0,1,1,1,SOLVED,SOLVED
72B,id,1072,dog_push_box_for_two_panda_transport,1,0,0,0,infeasible_assignment,infeasible_assignment
72B,id,1075,cut_fruit_on_board,0,1,1,1,SOLVED,SOLVED
72B,id,1076,ensure_all_fruits_on_table,0,1,1,1,SOLVED,SOLVED
72B,id,1079,cut_fruit_on_board,0,1,1,1,SOLVED,SOLVED
72B,id,1080,toast_bread_and_set_plate,0,0,0,0,OVER_BUDGET,OVER_BUDGET
72B,id,1081,ensure_all_fruits_on_table,0,1,1,1,SOLVED,SOLVED
72B,id,1082,clear_table_with_two_robots_and_put_in_cabinet,0,1,1,1,SOLVED,SOLVED
72B,id,1085,clear_table_with_two_robots_and_put_in_cabinet,0,1,1,1,SOLVED,SOLVED
72B,id,1096,clear_table_with_two_robots_and_put_in_cabinet,0,1,1,1,SOLVED,SOLVED
72B,id,1098,set_plate_and_fork_on_table,0,1,1,1,SOLVED,SOLVED
72B,id,1103,dog_push_box_for_two_panda_transport,1,0,0,0,infeasible_assignment,infeasible_assignment
72B,id,1104,cut_fruit_on_board,0,1,1,1,SOLVED,SOLVED
72B,id,1105,cut_two_fruits_on_board,0,1,1,1,SOLVED,SOLVED
72B,id,1106,cut_fruit_on_board,0,1,1,1,SOLVED,SOLVED
72B,id,1107,clear_table_with_two_robots_and_put_in_cabinet,0,1,1,1,SOLVED,SOLVED
72B,id,1108,clear_table_with_two_robots_and_put_in_cabinet,0,1,1,1,SOLVED,SOLVED
72B,id,1109,clear_table_with_two_robots_and_put_in_cabinet,0,1,1,1,SOLVED,SOLVED
72B,id,1110,clear_table_with_two_robots_and_put_in_cabinet,0,1,1,1,SOLVED,SOLVED
72B,id,1113,ensure_all_fruits_on_table,0,1,1,1,SOLVED,SOLVED
72B,id,1114,cut_two_fruits_on_board,0,0,0,0,GOAL_UNMET,GOAL_UNMET
72B,id,1117,dog_push_box_for_two_panda_transport,1,0,0,0,infeasible_assignment,infeasible_assignment
72B,id,1122,ensure_all_fruits_on_table,0,1,1,1,SOLVED,SOLVED
72B,id,1124,set_plate_and_fork_on_table,0,1,1,1,SOLVED,SOLVED
72B,id,1125,ensure_all_fruits_on_table,0,1,1,1,SOLVED,SOLVED
72B,id,1126,cut_two_fruits_on_board,0,0,0,0,GOAL_UNMET,GOAL_UNMET
72B,id,1127,cut_two_fruits_on_board,0,1,1,1,SOLVED,SOLVED
72B,id,1128,toast_bread_and_set_plate,0,0,0,0,OVER_BUDGET,OVER_BUDGET
72B,id,1130,toast_bread_and_set_plate,0,0,0,0,OVER_BUDGET,OVER_BUDGET
72B,id,1134,toast_bread_and_set_plate,0,0,0,0,OVER_BUDGET,OVER_BUDGET
72B,id,1135,cut_fruit_on_board,0,1,1,1,SOLVED,SOLVED
72B,id,1136,clear_table_with_two_robots_and_put_in_cabinet,0,1,1,1,SOLVED,SOLVED
72B,id,1138,clear_table_with_two_robots_and_put_in_cabinet,0,1,1,1,SOLVED,SOLVED
72B,id,1143,toast_bread_and_set_plate,0,0,0,0,OVER_BUDGET,OVER_BUDGET
72B,id,1146,parallel_human_dual_asset_to_plate_or_bowl,0,1,1,1,SOLVED,SOLVED
72B,id,1149,clear_table_with_two_robots_and_put_in_cabinet,0,1,1,1,SOLVED,SOLVED
72B,id,1152,cut_two_fruits_on_board,0,1,1,1,SOLVED,SOLVED
72B,id,1153,clear_table_with_two_robots_and_put_in_cabinet,0,1,1,1,SOLVED,SOLVED
72B,id,1155,cut_two_fruits_on_board,0,1,1,1,SOLVED,SOLVED
72B,id,1156,parallel_human_dual_asset_to_plate_or_bowl,0,1,1,1,SOLVED,SOLVED
72B,id,1157,dog_push_box_for_two_panda_transport,1,0,0,0,infeasible_assignment,infeasible_assignment
72B,id,1158,cut_fruit_on_board,0,1,1,1,SOLVED,SOLVED
72B,id,1159,clear_table_with_two_robots_and_put_in_cabinet,0,1,1,1,SOLVED,SOLVED
72B,id,1162,parallel_human_dual_asset_to_plate_or_bowl,0,1,1,1,SOLVED,SOLVED
72B,id,1163,cut_fruit_on_board,0,0,0,0,GOAL_UNMET,GOAL_UNMET
72B,id,1164,clear_table_with_two_robots_and_put_in_cabinet,0,1,1,1,SOLVED,SOLVED
72B,id,1165,ensure_all_fruits_on_table,0,1,1,1,SOLVED,SOLVED
72B,id,1167,clear_table_with_two_robots_and_put_in_cabinet,0,1,1,1,SOLVED,SOLVED
72B,id,1173,clear_table_with_two_robots_and_put_in_cabinet,0,1,1,1,SOLVED,SOLVED
72B,id,1174,clear_table_with_two_robots_and_put_in_cabinet,0,1,1,1,SOLVED,SOLVED
72B,id,1176,toast_bread_and_set_plate,0,0,0,0,OVER_BUDGET,OVER_BUDGET
72B,id,1180,clear_table_with_two_robots_and_put_in_cabinet,0,1,1,1,SOLVED,SOLVED
72B,id,1181,clear_table_with_two_robots_and_put_in_cabinet,0,1,1,1,SOLVED,SOLVED
72B,id,1185,cut_fruit_on_board,0,1,1,1,SOLVED,SOLVED
72B,id,1187,clear_table_with_two_robots_and_put_in_cabinet,0,1,1,1,SOLVED,SOLVED
72B,id,1189,clear_table_with_two_robots_and_put_in_cabinet,0,1,1,1,SOLVED,SOLVED
72B,id,1190,cut_fruit_on_board,0,1,1,1,SOLVED,SOLVED
72B,id,1192,cut_two_fruits_on_board,0,1,1,1,SOLVED,SOLVED
72B,id,1193,cut_two_fruits_on_board,0,1,1,1,SOLVED,SOLVED
72B,id,1195,set_plate_and_fork_on_table,0,1,1,1,SOLVED,SOLVED
72B,id,1197,dog_push_box_for_two_panda_transport,1,0,0,0,infeasible_assignment,infeasible_assignment
72B,id,1200,cut_two_fruits_on_board,0,0,0,0,GOAL_UNMET,GOAL_UNMET
72B,id,1201,cut_two_fruits_on_board,0,1,1,1,SOLVED,SOLVED
72B,id,1202,parallel_human_dual_asset_to_plate_or_bowl,0,1,1,1,SOLVED,SOLVED
72B,id,1204,clear_table_with_two_robots_and_put_in_cabinet,0,1,1,1,SOLVED,SOLVED
72B,id,1205,clear_table_with_two_robots_and_put_in_cabinet,0,1,1,1,SOLVED,SOLVED
72B,id,1207,cut_fruit_on_board,0,1,1,1,SOLVED,SOLVED
72B,id,1210,cut_fruit_on_board,0,1,1,1,SOLVED,SOLVED
72B,id,1218,parallel_human_dual_asset_to_plate_or_bowl,0,1,1,1,SOLVED,SOLVED
72B,id,1219,clear_table_with_two_robots_and_put_in_cabinet,0,1,1,1,SOLVED,SOLVED
72B,id,1224,cut_fruit_on_board,0,1,1,1,SOLVED,SOLVED
72B,id,1225,toast_bread_and_set_plate,0,0,0,0,OVER_BUDGET,OVER_BUDGET
72B,id,1226,parallel_human_dual_asset_to_plate_or_bowl,0,1,1,1,SOLVED,SOLVED
72B,id,1227,cut_fruit_on_board,0,1,1,1,SOLVED,SOLVED
72B,id,1228,cut_fruit_on_board,0,1,1,1,SOLVED,SOLVED
72B,id,1231,set_plate_and_fork_on_table,0,1,1,1,SOLVED,SOLVED
72B,id,1232,cut_two_fruits_on_board,0,1,1,1,SOLVED,SOLVED
72B,id,1233,cut_fruit_on_board,0,1,1,1,SOLVED,SOLVED
72B,id,1234,cut_fruit_on_board,0,1,1,1,SOLVED,SOLVED
72B,id,1235,toast_bread_and_set_plate,0,0,0,0,OVER_BUDGET,OVER_BUDGET
72B,id,1236,set_plate_and_fork_on_table,0,1,1,1,SOLVED,SOLVED
72B,id,1241,clear_table_with_two_robots_and_put_in_cabinet,0,1,1,1,SOLVED,SOLVED
72B,id,1244,clear_table_with_two_robots_and_put_in_cabinet,0,1,1,1,SOLVED,SOLVED
72B,id,1247,cut_fruit_on_board,0,1,1,1,SOLVED,SOLVED
72B,id,1248,cut_fruit_on_board,0,1,1,1,SOLVED,SOLVED
72B,id,1252,toast_bread_and_set_plate,0,0,0,0,OVER_BUDGET,OVER_BUDGET
72B,id,1253,clear_table_with_two_robots_and_put_in_cabinet,0,1,1,1,SOLVED,SOLVED
72B,id,1255,toast_bread_and_set_plate,0,0,0,0,OVER_BUDGET,OVER_BUDGET
72B,id,1257,set_plate_and_fork_on_table,0,1,1,1,SOLVED,SOLVED
72B,id,1260,clear_table_with_two_robots_and_put_in_cabinet,0,1,1,1,SOLVED,SOLVED
72B,id,1261,clear_table_with_two_robots_and_put_in_cabinet,0,1,1,1,SOLVED,SOLVED
72B,id,1263,ensure_all_fruits_on_table,0,1,1,1,SOLVED,SOLVED
72B,id,1264,clear_table_with_two_robots_and_put_in_cabinet,0,1,1,1,SOLVED,SOLVED
72B,id,1265,cut_fruit_on_board,0,1,1,1,SOLVED,SOLVED
72B,id,1267,clear_table_with_two_robots_and_put_in_cabinet,0,1,1,1,SOLVED,SOLVED
72B,id,1268,set_plate_and_fork_on_table,0,1,1,1,SOLVED,SOLVED
72B,id,1272,clear_table_with_two_robots_and_put_in_cabinet,0,1,1,1,SOLVED,SOLVED
72B,id,1274,cut_fruit_on_board,0,1,1,1,SOLVED,SOLVED
72B,id,1276,clear_table_with_two_robots_and_put_in_cabinet,0,1,1,1,SOLVED,SOLVED
72B,id,1277,clear_table_with_two_robots_and_put_in_cabinet,0,1,1,1,SOLVED,SOLVED
72B,id,1280,cut_two_fruits_on_board,0,1,1,1,SOLVED,SOLVED
72B,id,1281,clear_table_with_two_robots_and_put_in_cabinet,0,1,1,1,SOLVED,SOLVED
72B,id,1282,parallel_human_dual_asset_to_plate_or_bowl,0,1,1,1,SOLVED,SOLVED
72B,id,1285,ensure_all_fruits_on_table,0,1,1,1,SOLVED,SOLVED
72B,id,1286,clear_table_with_two_robots_and_put_in_cabinet,0,1,1,1,SOLVED,SOLVED
72B,id,1289,toast_bread_and_set_plate,0,0,0,0,OVER_BUDGET,OVER_BUDGET
72B,id,1291,cut_fruit_on_board,0,1,1,1,SOLVED,SOLVED
72B,id,1293,set_plate_and_fork_on_table,0,1,1,1,SOLVED,SOLVED
72B,id,1294,cut_two_fruits_on_board,0,0,0,0,GOAL_UNMET,GOAL_UNMET
72B,id,1295,set_plate_and_fork_on_table,0,1,1,1,SOLVED,SOLVED
72B,id,1300,toast_bread_and_set_plate,0,0,0,0,OVER_BUDGET,OVER_BUDGET
72B,id,1303,ensure_all_fruits_on_table,0,1,1,1,SOLVED,SOLVED
72B,id,1304,set_plate_and_fork_on_table,0,1,1,1,SOLVED,SOLVED
72B,id,1306,dog_push_box_for_two_panda_transport,1,0,0,0,infeasible_assignment,infeasible_assignment
72B,id,1307,clear_table_with_two_robots_and_put_in_cabinet,0,1,1,1,SOLVED,SOLVED
72B,id,1308,clear_table_with_two_robots_and_put_in_cabinet,0,1,1,1,SOLVED,SOLVED
72B,id,1311,toast_bread_and_set_plate,0,0,0,0,OVER_BUDGET,OVER_BUDGET
72B,id,1312,cut_fruit_on_board,0,1,1,1,SOLVED,SOLVED
72B,id,1313,set_plate_and_fork_on_table,0,1,1,1,SOLVED,SOLVED
72B,id,1314,set_plate_and_fork_on_table,0,1,1,1,SOLVED,SOLVED
72B,id,1315,clear_table_with_two_robots_and_put_in_cabinet,0,1,1,1,SOLVED,SOLVED
72B,id,1317,parallel_human_dual_asset_to_plate_or_bowl,0,1,1,1,SOLVED,SOLVED
72B,id,1320,ensure_all_fruits_on_table,0,1,1,1,SOLVED,SOLVED
72B,id,1321,cut_fruit_on_board,0,1,1,1,SOLVED,SOLVED
72B,id,1322,cut_fruit_on_board,0,1,1,1,SOLVED,SOLVED
72B,id,1325,cut_two_fruits_on_board,0,1,1,1,SOLVED,SOLVED
72B,id,1327,clear_table_with_two_robots_and_put_in_cabinet,0,1,1,1,SOLVED,SOLVED
72B,id,1328,cut_fruit_on_board,0,1,1,1,SOLVED,SOLVED
72B,id,1330,ensure_all_fruits_on_table,0,0,0,0,GOAL_UNMET,GOAL_UNMET
72B,id,1331,cut_fruit_on_board,0,0,0,0,GOAL_UNMET,GOAL_UNMET
72B,id,1333,dog_push_box_for_two_panda_transport,1,0,0,0,infeasible_assignment,infeasible_assignment
72B,id,1338,clear_table_with_two_robots_and_put_in_cabinet,0,1,1,1,SOLVED,SOLVED
72B,id,1342,clear_table_with_two_robots_and_put_in_cabinet,0,1,1,1,SOLVED,SOLVED
72B,id,1345,set_plate_and_fork_on_table,0,1,1,1,SOLVED,SOLVED
72B,id,1348,dog_push_box_for_two_panda_transport,1,0,0,0,infeasible_assignment,infeasible_assignment
72B,id,1350,cut_two_fruits_on_board,0,0,0,0,GOAL_UNMET,GOAL_UNMET
72B,id,1351,toast_bread_and_set_plate,0,0,0,0,OVER_BUDGET,OVER_BUDGET
72B,id,1352,ensure_all_fruits_on_table,0,1,1,1,SOLVED,SOLVED
72B,id,1353,ensure_all_fruits_on_table,0,1,1,1,SOLVED,SOLVED
72B,id,1355,clear_table_with_two_robots_and_put_in_cabinet,0,1,1,1,SOLVED,SOLVED
72B,id,1356,ensure_all_fruits_on_table,0,1,1,1,SOLVED,SOLVED
72B,id,1357,cut_two_fruits_on_board,0,1,1,1,SOLVED,SOLVED
72B,id,1358,dog_push_box_for_two_panda_transport,1,0,0,0,infeasible_assignment,infeasible_assignment
72B,id,1359,set_plate_and_fork_on_table,0,1,1,1,SOLVED,SOLVED
72B,id,1361,set_plate_and_fork_on_table,0,1,1,1,SOLVED,SOLVED
72B,id,1363,clear_table_with_two_robots_and_put_in_cabinet,0,1,1,1,SOLVED,SOLVED
72B,id,1365,cut_fruit_on_board,0,1,1,1,SOLVED,SOLVED
72B,id,1366,cut_fruit_on_board,0,1,1,1,SOLVED,SOLVED
72B,id,1373,clear_table_with_two_robots_and_put_in_cabinet,0,1,1,1,SOLVED,SOLVED
72B,id,1374,cut_two_fruits_on_board,0,0,0,0,GOAL_UNMET,GOAL_UNMET
72B,id,1378,clear_table_with_two_robots_and_put_in_cabinet,0,1,1,1,SOLVED,SOLVED
72B,id,1379,set_plate_and_fork_on_table,0,1,1,1,SOLVED,SOLVED
72B,id,1380,ensure_all_fruits_on_table,0,1,1,1,SOLVED,SOLVED
72B,id,1383,cut_fruit_on_board,0,1,1,1,SOLVED,SOLVED
72B,id,1384,set_plate_and_fork_on_table,0,1,1,1,SOLVED,SOLVED
72B,id,1385,clear_table_with_two_robots_and_put_in_cabinet,0,1,1,1,SOLVED,SOLVED
72B,id,1387,cut_fruit_on_board,0,1,1,1,SOLVED,SOLVED
72B,id,1388,toast_bread_and_set_plate,0,0,0,0,OVER_BUDGET,OVER_BUDGET
72B,id,1389,cut_two_fruits_on_board,0,1,1,1,SOLVED,SOLVED
72B,id,1392,cut_fruit_on_board,0,1,1,1,SOLVED,SOLVED
72B,id,1393,cut_two_fruits_on_board,0,1,1,1,SOLVED,SOLVED
72B,id,1395,dog_push_box_for_two_panda_transport,1,0,0,0,infeasible_assignment,infeasible_assignment
72B,id,1397,cut_two_fruits_on_board,0,0,0,0,GOAL_UNMET,GOAL_UNMET
72B,id,1398,cut_two_fruits_on_board,0,1,1,1,SOLVED,SOLVED
72B,id,1399,clear_table_with_two_robots_and_put_in_cabinet,0,1,1,1,SOLVED,SOLVED
72B,id,1400,parallel_human_dual_asset_to_plate_or_bowl,0,1,1,1,SOLVED,SOLVED
72B,id,1401,toast_bread_and_set_plate,0,0,0,0,OVER_BUDGET,OVER_BUDGET
72B,id,1402,set_plate_and_fork_on_table,0,1,1,1,SOLVED,SOLVED
72B,id,1403,cut_fruit_on_board,0,1,1,1,SOLVED,SOLVED
72B,id,1404,dog_push_box_for_two_panda_transport,1,0,0,0,infeasible_assignment,infeasible_assignment
72B,id,1405,cut_two_fruits_on_board,0,1,1,1,SOLVED,SOLVED
72B,id,1406,cut_fruit_on_board,0,1,1,1,SOLVED,SOLVED
72B,id,1410,cut_fruit_on_board,0,1,1,1,SOLVED,SOLVED
72B,id,1411,cut_fruit_on_board,0,1,1,1,SOLVED,SOLVED
72B,id,1413,clear_table_with_two_robots_and_put_in_cabinet,0,1,1,1,SOLVED,SOLVED
72B,id,1415,clear_table_with_two_robots_and_put_in_cabinet,0,1,1,1,SOLVED,SOLVED
72B,id,1416,toast_bread_and_set_plate,0,0,0,0,OVER_BUDGET,OVER_BUDGET
72B,id,1419,dog_push_box_for_two_panda_transport,1,0,0,0,infeasible_assignment,infeasible_assignment
72B,id,1420,cut_fruit_on_board,0,1,1,1,SOLVED,SOLVED
72B,id,1424,dog_push_box_for_two_panda_transport,1,0,0,0,infeasible_assignment,infeasible_assignment
72B,id,1425,dog_push_box_for_two_panda_transport,1,0,0,0,infeasible_assignment,infeasible_assignment
72B,id,1429,ensure_all_fruits_on_table,0,1,1,1,SOLVED,SOLVED
72B,id,1431,clear_table_with_two_robots_and_put_in_cabinet,0,1,1,1,SOLVED,SOLVED
72B,id,1432,cut_two_fruits_on_board,0,0,0,0,GOAL_UNMET,GOAL_UNMET
72B,id,1434,clear_table_with_two_robots_and_put_in_cabinet,0,1,1,1,SOLVED,SOLVED
72B,id,1439,parallel_human_dual_asset_to_plate_or_bowl,0,1,1,1,SOLVED,SOLVED
72B,id,1440,clear_table_with_two_robots_and_put_in_cabinet,0,1,1,1,SOLVED,SOLVED
72B,id,1442,cut_fruit_on_board,0,0,0,0,GOAL_UNMET,GOAL_UNMET
72B,id,1443,cut_fruit_on_board,0,1,1,1,SOLVED,SOLVED
72B,id,1444,clear_table_with_two_robots_and_put_in_cabinet,0,1,1,1,SOLVED,SOLVED
72B,id,1447,clear_table_with_two_robots_and_put_in_cabinet,0,1,1,1,SOLVED,SOLVED
72B,id,1450,cut_two_fruits_on_board,0,1,1,1,SOLVED,SOLVED
72B,id,1451,clear_table_with_two_robots_and_put_in_cabinet,0,1,1,1,SOLVED,SOLVED
72B,id,1455,cut_fruit_on_board,0,1,1,1,SOLVED,SOLVED
72B,id,1456,clear_table_with_two_robots_and_put_in_cabinet,0,1,1,1,SOLVED,SOLVED
72B,id,1459,toast_bread_and_set_plate,0,0,0,0,OVER_BUDGET,OVER_BUDGET
72B,id,1460,ensure_all_fruits_on_table,0,1,1,1,SOLVED,SOLVED
72B,id,1465,cut_fruit_on_board,0,1,1,1,SOLVED,SOLVED
72B,id,1467,dog_push_box_for_two_panda_transport,1,0,0,0,infeasible_assignment,infeasible_assignment
72B,id,1468,clear_table_with_two_robots_and_put_in_cabinet,0,1,1,1,SOLVED,SOLVED
72B,id,1470,cut_fruit_on_board,0,1,1,1,SOLVED,SOLVED
72B,id,1473,cut_fruit_on_board,0,1,1,1,SOLVED,SOLVED
72B,id,1475,cut_fruit_on_board,0,1,1,1,SOLVED,SOLVED
72B,id,1477,cut_fruit_on_board,0,1,1,1,SOLVED,SOLVED
72B,id,1483,toast_bread_and_set_plate,0,0,0,0,OVER_BUDGET,OVER_BUDGET
72B,id,1484,cut_two_fruits_on_board,0,0,0,0,GOAL_UNMET,GOAL_UNMET
72B,id,1485,parallel_human_dual_asset_to_plate_or_bowl,0,1,1,1,SOLVED,SOLVED
72B,id,1487,clear_table_with_two_robots_and_put_in_cabinet,0,1,1,1,SOLVED,SOLVED
72B,id,1490,cut_fruit_on_board,0,0,0,0,GOAL_UNMET,GOAL_UNMET
72B,id,1492,clear_table_with_two_robots_and_put_in_cabinet,0,1,1,1,SOLVED,SOLVED
72B,id,1493,clear_table_with_two_robots_and_put_in_cabinet,0,1,1,1,SOLVED,SOLVED
72B,id,1496,cut_fruit_on_board,0,1,1,1,SOLVED,SOLVED
72B,id,1497,toast_bread_and_set_plate,0,0,0,0,OVER_BUDGET,OVER_BUDGET
72B,id,1503,toast_bread_and_set_plate,0,0,0,0,OVER_BUDGET,OVER_BUDGET
72B,id,1505,cut_fruit_on_board,0,1,1,1,SOLVED,SOLVED
72B,id,1506,ensure_all_fruits_on_table,0,0,0,0,GOAL_UNMET,GOAL_UNMET
72B,id,1507,cut_fruit_on_board,0,1,1,1,SOLVED,SOLVED
72B,id,1509,set_plate_and_fork_on_table,0,1,1,1,SOLVED,SOLVED
72B,id,1510,clear_table_with_two_robots_and_put_in_cabinet,0,1,1,1,SOLVED,SOLVED
72B,id,1511,clear_table_with_two_robots_and_put_in_cabinet,0,1,1,1,SOLVED,SOLVED
72B,id,1512,toast_bread_and_set_plate,0,0,0,0,OVER_BUDGET,OVER_BUDGET
72B,id,1515,cut_two_fruits_on_board,0,0,0,0,GOAL_UNMET,GOAL_UNMET
72B,id,1516,clear_table_with_two_robots_and_put_in_cabinet,0,1,1,1,SOLVED,SOLVED
72B,id,1520,cut_two_fruits_on_board,0,0,0,0,GOAL_UNMET,GOAL_UNMET
72B,id,1521,parallel_human_dual_asset_to_plate_or_bowl,0,1,1,1,SOLVED,SOLVED
72B,id,1522,cut_two_fruits_on_board,0,1,1,1,SOLVED,SOLVED
72B,id,1523,cut_two_fruits_on_board,0,1,1,1,SOLVED,SOLVED
72B,id,1525,set_plate_and_fork_on_table,0,1,1,1,SOLVED,SOLVED
72B,id,1527,dog_push_box_for_two_panda_transport,1,0,0,0,infeasible_assignment,infeasible_assignment
72B,id,1528,dog_push_box_for_two_panda_transport,1,0,0,0,infeasible_assignment,infeasible_assignment
72B,id,1530,clear_table_with_two_robots_and_put_in_cabinet,0,1,1,1,SOLVED,SOLVED
72B,id,1532,dog_push_box_for_two_panda_transport,1,0,0,0,infeasible_assignment,infeasible_assignment
72B,id,1533,clear_table_with_two_robots_and_put_in_cabinet,0,1,1,1,SOLVED,SOLVED
72B,id,1534,set_plate_and_fork_on_table,0,1,1,1,SOLVED,SOLVED
72B,id,1537,clear_table_with_two_robots_and_put_in_cabinet,0,1,1,1,SOLVED,SOLVED
72B,id,1538,parallel_human_dual_asset_to_plate_or_bowl,0,1,1,1,SOLVED,SOLVED
72B,id,1539,parallel_human_dual_asset_to_plate_or_bowl,0,1,1,1,SOLVED,SOLVED
72B,id,1546,cut_two_fruits_on_board,0,0,0,0,GOAL_UNMET,GOAL_UNMET
72B,id,1547,parallel_human_dual_asset_to_plate_or_bowl,0,1,1,1,SOLVED,SOLVED
72B,id,1548,parallel_human_dual_asset_to_plate_or_bowl,0,1,1,1,SOLVED,SOLVED
72B,id,1549,toast_bread_and_set_plate,0,0,0,0,OVER_BUDGET,OVER_BUDGET
72B,id,1554,clear_table_with_two_robots_and_put_in_cabinet,0,1,1,1,SOLVED,SOLVED
72B,id,1555,parallel_human_dual_asset_to_plate_or_bowl,0,1,1,1,SOLVED,SOLVED
72B,id,1556,ensure_all_fruits_on_table,0,1,1,1,SOLVED,SOLVED
72B,id,1559,cut_fruit_on_board,0,1,1,1,SOLVED,SOLVED
72B,id,1560,parallel_human_dual_asset_to_plate_or_bowl,0,1,1,1,SOLVED,SOLVED
72B,id,1565,ensure_all_fruits_on_table,0,1,1,1,SOLVED,SOLVED
72B,id,1569,dog_push_box_for_two_panda_transport,1,0,0,0,infeasible_assignment,infeasible_assignment
72B,id,1570,clear_table_with_two_robots_and_put_in_cabinet,0,1,1,1,SOLVED,SOLVED
72B,id,1571,cut_fruit_on_board,0,1,1,1,SOLVED,SOLVED
72B,id,1574,cut_fruit_on_board,0,1,1,1,SOLVED,SOLVED
72B,id,1576,toast_bread_and_set_plate,0,0,0,0,OVER_BUDGET,OVER_BUDGET
72B,id,1578,clear_table_with_two_robots_and_put_in_cabinet,0,1,1,1,SOLVED,SOLVED
72B,id,1579,cut_two_fruits_on_board,0,1,1,1,SOLVED,SOLVED
72B,id,1583,cut_fruit_on_board,0,1,1,1,SOLVED,SOLVED
72B,id,1584,set_plate_and_fork_on_table,0,1,1,1,SOLVED,SOLVED
72B,id,1585,cut_fruit_on_board,0,1,1,1,SOLVED,SOLVED
72B,id,1586,clear_table_with_two_robots_and_put_in_cabinet,0,1,1,1,SOLVED,SOLVED
72B,id,1589,toast_bread_and_set_plate,0,0,0,0,OVER_BUDGET,OVER_BUDGET
72B,id,1590,cut_fruit_on_board,0,1,1,1,SOLVED,SOLVED
72B,id,1591,cut_fruit_on_board,0,1,1,1,SOLVED,SOLVED
72B,id,1593,dog_push_box_for_two_panda_transport,1,0,0,0,infeasible_assignment,infeasible_assignment
72B,id,1594,clear_table_with_two_robots_and_put_in_cabinet,0,1,1,1,SOLVED,SOLVED
72B,id,1598,cut_fruit_on_board,0,1,1,1,SOLVED,SOLVED
72B,id,1600,toast_bread_and_set_plate,0,0,0,0,OVER_BUDGET,OVER_BUDGET
72B,id,1604,toast_bread_and_set_plate,0,0,0,0,OVER_BUDGET,OVER_BUDGET
72B,id,1605,ensure_all_fruits_on_table,0,1,1,1,SOLVED,SOLVED
72B,id,1609,dog_push_box_for_two_panda_transport,1,0,0,0,infeasible_assignment,infeasible_assignment
72B,id,1610,cut_fruit_on_board,0,1,1,1,SOLVED,SOLVED
72B,id,1611,toast_bread_and_set_plate,0,0,0,0,OVER_BUDGET,OVER_BUDGET
72B,id,1612,clear_table_with_two_robots_and_put_in_cabinet,0,1,1,1,SOLVED,SOLVED
72B,id,1613,cut_fruit_on_board,0,1,1,1,SOLVED,SOLVED
72B,id,1614,clear_table_with_two_robots_and_put_in_cabinet,0,1,1,1,SOLVED,SOLVED
72B,id,1617,cut_two_fruits_on_board,0,1,1,1,SOLVED,SOLVED
72B,id,1618,cut_fruit_on_board,0,1,1,1,SOLVED,SOLVED
72B,id,1627,ensure_all_fruits_on_table,0,0,0,0,GOAL_UNMET,GOAL_UNMET
72B,id,1628,cut_two_fruits_on_board,0,1,1,1,SOLVED,SOLVED
72B,id,1629,cut_two_fruits_on_board,0,1,1,1,SOLVED,SOLVED
72B,id,1630,cut_fruit_on_board,0,1,1,1,SOLVED,SOLVED
72B,id,1631,ensure_all_fruits_on_table,0,0,0,0,GOAL_UNMET,GOAL_UNMET
72B,id,1633,clear_table_with_two_robots_and_put_in_cabinet,0,1,1,1,SOLVED,SOLVED
72B,id,1634,dog_push_box_for_two_panda_transport,1,0,0,0,infeasible_assignment,infeasible_assignment
72B,id,1635,cut_two_fruits_on_board,0,1,1,1,SOLVED,SOLVED
72B,id,1637,dog_push_box_for_two_panda_transport,1,0,0,0,infeasible_assignment,infeasible_assignment
72B,id,1638,clear_table_with_two_robots_and_put_in_cabinet,0,1,1,1,SOLVED,SOLVED
72B,id,1639,clear_table_with_two_robots_and_put_in_cabinet,0,1,1,1,SOLVED,SOLVED
72B,id,1641,parallel_human_dual_asset_to_plate_or_bowl,0,1,1,1,SOLVED,SOLVED
72B,id,1642,ensure_all_fruits_on_table,0,1,1,1,SOLVED,SOLVED
72B,id,1643,cut_two_fruits_on_board,0,1,1,1,SOLVED,SOLVED
72B,id,1644,cut_fruit_on_board,0,1,1,1,SOLVED,SOLVED
72B,id,1646,set_plate_and_fork_on_table,0,1,1,1,SOLVED,SOLVED
72B,id,1647,cut_two_fruits_on_board,0,0,0,0,GOAL_UNMET,GOAL_UNMET
72B,id,1648,ensure_all_fruits_on_table,0,1,1,1,SOLVED,SOLVED
72B,id,1650,cut_fruit_on_board,0,1,1,1,SOLVED,SOLVED
72B,id,1651,dog_push_box_for_two_panda_transport,1,0,0,0,infeasible_assignment,infeasible_assignment
72B,id,1654,cut_fruit_on_board,0,1,1,1,SOLVED,SOLVED
72B,id,1655,clear_table_with_two_robots_and_put_in_cabinet,0,1,1,1,SOLVED,SOLVED
72B,id,1656,toast_bread_and_set_plate,0,0,0,0,OVER_BUDGET,OVER_BUDGET
72B,id,1664,clear_table_with_two_robots_and_put_in_cabinet,0,1,1,1,SOLVED,SOLVED
72B,id,1665,cut_two_fruits_on_board,0,0,0,0,GOAL_UNMET,GOAL_UNMET
72B,id,1666,ensure_all_fruits_on_table,0,1,1,1,SOLVED,SOLVED
72B,id,1668,ensure_all_fruits_on_table,0,0,0,0,GOAL_UNMET,GOAL_UNMET
72B,id,1670,set_plate_and_fork_on_table,0,1,1,1,SOLVED,SOLVED
72B,id,1671,cut_two_fruits_on_board,0,1,1,1,SOLVED,SOLVED
72B,id,1672,parallel_human_dual_asset_to_plate_or_bowl,0,1,1,1,SOLVED,SOLVED
72B,id,1674,clear_table_with_two_robots_and_put_in_cabinet,0,1,1,1,SOLVED,SOLVED
72B,id,1675,ensure_all_fruits_on_table,0,0,0,0,GOAL_UNMET,GOAL_UNMET
72B,id,1677,clear_table_with_two_robots_and_put_in_cabinet,0,1,1,1,SOLVED,SOLVED
72B,id,1678,cut_fruit_on_board,0,1,1,1,SOLVED,SOLVED
72B,id,1679,parallel_human_dual_asset_to_plate_or_bowl,0,1,1,1,SOLVED,SOLVED
72B,id,1680,cut_two_fruits_on_board,0,1,1,1,SOLVED,SOLVED
72B,id,1682,ensure_all_fruits_on_table,0,1,1,1,SOLVED,SOLVED
72B,id,1684,parallel_human_dual_asset_to_plate_or_bowl,0,1,1,1,SOLVED,SOLVED
72B,id,1685,set_plate_and_fork_on_table,0,1,1,1,SOLVED,SOLVED
72B,id,1686,clear_table_with_two_robots_and_put_in_cabinet,0,1,1,1,SOLVED,SOLVED
72B,id,1689,parallel_human_dual_asset_to_plate_or_bowl,0,1,1,1,SOLVED,SOLVED
72B,id,1690,cut_two_fruits_on_board,0,1,1,1,SOLVED,SOLVED
72B,id,1693,clear_table_with_two_robots_and_put_in_cabinet,0,1,1,1,SOLVED,SOLVED
72B,id,1694,clear_table_with_two_robots_and_put_in_cabinet,0,1,1,1,SOLVED,SOLVED
72B,id,1696,toast_bread_and_set_plate,0,0,0,0,OVER_BUDGET,OVER_BUDGET
72B,id,1697,clear_table_with_two_robots_and_put_in_cabinet,0,1,1,1,SOLVED,SOLVED
72B,id,1703,toast_bread_and_set_plate,0,0,0,0,OVER_BUDGET,OVER_BUDGET
72B,id,1704,parallel_human_dual_asset_to_plate_or_bowl,0,1,1,1,SOLVED,SOLVED
72B,id,1706,clear_table_with_two_robots_and_put_in_cabinet,0,1,1,1,SOLVED,SOLVED
72B,id,1707,clear_table_with_two_robots_and_put_in_cabinet,0,1,1,1,SOLVED,SOLVED
72B,id,1709,toast_bread_and_set_plate,0,0,0,0,OVER_BUDGET,OVER_BUDGET
72B,id,1714,ensure_all_fruits_on_table,0,1,1,1,SOLVED,SOLVED
72B,id,1715,cut_two_fruits_on_board,0,1,1,1,SOLVED,SOLVED
72B,id,1716,cut_fruit_on_board,0,1,1,1,SOLVED,SOLVED
72B,id,1719,toast_bread_and_set_plate,0,0,0,0,OVER_BUDGET,OVER_BUDGET
72B,id,1720,cut_fruit_on_board,0,1,1,1,SOLVED,SOLVED
72B,id,1724,cut_two_fruits_on_board,0,1,1,1,SOLVED,SOLVED
72B,id,1725,clear_table_with_two_robots_and_put_in_cabinet,0,1,1,1,SOLVED,SOLVED
72B,id,1726,clear_table_with_two_robots_and_put_in_cabinet,0,1,1,1,SOLVED,SOLVED
72B,id,1728,cut_fruit_on_board,0,1,1,1,SOLVED,SOLVED
72B,id,1729,ensure_all_fruits_on_table,0,0,0,0,GOAL_UNMET,GOAL_UNMET
72B,id,1730,cut_fruit_on_board,0,1,1,1,SOLVED,SOLVED
72B,id,1731,cut_two_fruits_on_board,0,1,1,1,SOLVED,SOLVED
72B,id,1732,cut_fruit_on_board,0,1,1,1,SOLVED,SOLVED
72B,id,1734,cut_fruit_on_board,0,1,1,1,SOLVED,SOLVED
72B,id,1735,ensure_all_fruits_on_table,0,1,1,1,SOLVED,SOLVED
72B,id,1736,clear_table_with_two_robots_and_put_in_cabinet,0,1,1,1,SOLVED,SOLVED
72B,id,1738,toast_bread_and_set_plate,0,0,0,0,OVER_BUDGET,OVER_BUDGET
72B,id,1740,dog_push_box_for_two_panda_transport,1,0,0,0,infeasible_assignment,infeasible_assignment
72B,id,1741,cut_fruit_on_board,0,1,1,1,SOLVED,SOLVED
72B,id,1743,cut_fruit_on_board,0,1,1,1,SOLVED,SOLVED
72B,id,1744,clear_table_with_two_robots_and_put_in_cabinet,0,1,1,1,SOLVED,SOLVED
72B,id,1745,cut_fruit_on_board,0,1,1,1,SOLVED,SOLVED
72B,id,1750,cut_fruit_on_board,0,1,1,1,SOLVED,SOLVED
72B,id,1751,clear_table_with_two_robots_and_put_in_cabinet,0,1,1,1,SOLVED,SOLVED
72B,id,1753,clear_table_with_two_robots_and_put_in_cabinet,0,1,1,1,SOLVED,SOLVED
72B,id,1755,cut_fruit_on_board,0,1,1,1,SOLVED,SOLVED
72B,id,1759,cut_fruit_on_board,0,1,1,1,SOLVED,SOLVED
72B,id,1762,clear_table_with_two_robots_and_put_in_cabinet,0,1,1,1,SOLVED,SOLVED
72B,id,1763,parallel_human_dual_asset_to_plate_or_bowl,0,1,1,1,SOLVED,SOLVED
72B,id,1764,clear_table_with_two_robots_and_put_in_cabinet,0,1,1,1,SOLVED,SOLVED
72B,id,1766,cut_fruit_on_board,0,1,1,1,SOLVED,SOLVED
72B,id,1767,set_plate_and_fork_on_table,0,1,1,1,SOLVED,SOLVED
72B,id,1769,cut_fruit_on_board,0,1,1,1,SOLVED,SOLVED
72B,id,1770,clear_table_with_two_robots_and_put_in_cabinet,0,1,1,1,SOLVED,SOLVED
72B,id,1771,clear_table_with_two_robots_and_put_in_cabinet,0,1,1,1,SOLVED,SOLVED
72B,id,1772,cut_two_fruits_on_board,0,0,0,0,GOAL_UNMET,GOAL_UNMET
72B,id,1778,parallel_human_dual_asset_to_plate_or_bowl,0,1,1,1,SOLVED,SOLVED
72B,id,1780,dog_push_box_for_two_panda_transport,1,0,0,0,infeasible_assignment,infeasible_assignment
72B,id,1781,clear_table_with_two_robots_and_put_in_cabinet,0,1,1,1,SOLVED,SOLVED
72B,id,1782,toast_bread_and_set_plate,0,0,0,0,OVER_BUDGET,OVER_BUDGET
72B,id,1784,toast_bread_and_set_plate,0,0,0,0,OVER_BUDGET,OVER_BUDGET
72B,id,1785,clear_table_with_two_robots_and_put_in_cabinet,0,1,1,1,SOLVED,SOLVED
72B,id,1786,set_plate_and_fork_on_table,0,1,1,1,SOLVED,SOLVED
72B,id,1787,set_plate_and_fork_on_table,0,1,1,1,SOLVED,SOLVED
72B,id,1792,cut_fruit_on_board,0,1,1,1,SOLVED,SOLVED
72B,id,1795,clear_table_with_two_robots_and_put_in_cabinet,0,1,1,1,SOLVED,SOLVED
72B,id,1796,cut_two_fruits_on_board,0,1,1,1,SOLVED,SOLVED
72B,id,1797,set_plate_and_fork_on_table,0,1,1,1,SOLVED,SOLVED
72B,id,1798,clear_table_with_two_robots_and_put_in_cabinet,0,1,1,1,SOLVED,SOLVED
72B,id,1799,cut_fruit_on_board,0,1,1,1,SOLVED,SOLVED
72B,heldout,2,dog_push_box_for_two_panda_transport,1,0,0,0,infeasible_assignment,infeasible_assignment
72B,heldout,3,ensure_all_fruits_on_table,0,1,1,1,SOLVED,SOLVED
72B,heldout,5,toast_bread_and_set_plate,0,0,0,0,OVER_BUDGET,OVER_BUDGET
72B,heldout,10,cut_fruit_on_board,0,1,1,1,SOLVED,SOLVED
72B,heldout,13,set_plate_and_fork_on_table,0,1,1,1,SOLVED,SOLVED
72B,heldout,14,toast_bread_and_set_plate,0,0,0,0,OVER_BUDGET,OVER_BUDGET
72B,heldout,15,clear_table_with_two_robots_and_put_in_cabinet,1,0,0,0,infeasible_assignment,infeasible_assignment
72B,heldout,19,cut_fruit_on_board,0,1,1,1,SOLVED,SOLVED
72B,heldout,20,ensure_all_fruits_on_table,0,1,1,1,SOLVED,SOLVED
72B,heldout,21,toast_bread_and_set_plate,0,0,0,0,OVER_BUDGET,OVER_BUDGET
72B,heldout,24,cut_fruit_on_board,0,1,1,1,SOLVED,SOLVED
72B,heldout,26,cut_two_fruits_on_board,0,1,1,1,SOLVED,SOLVED
72B,heldout,27,cut_two_fruits_on_board,0,1,1,1,SOLVED,SOLVED
72B,heldout,28,cut_fruit_on_board,0,1,1,1,SOLVED,SOLVED
72B,heldout,34,toast_bread_and_set_plate,0,0,0,0,OVER_BUDGET,OVER_BUDGET
72B,heldout,37,clear_table_with_two_robots_and_put_in_cabinet,1,0,0,0,infeasible_assignment,infeasible_assignment
72B,heldout,39,cut_two_fruits_on_board,0,1,1,1,SOLVED,SOLVED
72B,heldout,40,cut_two_fruits_on_board,0,1,1,1,SOLVED,SOLVED
72B,heldout,42,dog_push_box_for_two_panda_transport,1,0,0,0,infeasible_assignment,infeasible_assignment
72B,heldout,43,dog_push_box_for_two_panda_transport,1,0,0,0,infeasible_assignment,infeasible_assignment
72B,heldout,47,cut_two_fruits_on_board,0,1,1,1,SOLVED,SOLVED
72B,heldout,48,cut_fruit_on_board,0,1,1,1,SOLVED,SOLVED
72B,heldout,50,clear_table_with_two_robots_and_put_in_cabinet,1,0,0,0,infeasible_assignment,infeasible_assignment
72B,heldout,52,clear_table_with_two_robots_and_put_in_cabinet,1,0,0,0,infeasible_assignment,infeasible_assignment
72B,heldout,53,set_plate_and_fork_on_table,0,1,1,1,SOLVED,SOLVED
72B,heldout,54,toast_bread_and_set_plate,0,0,0,0,OVER_BUDGET,OVER_BUDGET
72B,heldout,55,clear_table_with_two_robots_and_put_in_cabinet,1,0,0,0,infeasible_assignment,infeasible_assignment
72B,heldout,56,set_plate_and_fork_on_table,0,1,1,1,SOLVED,SOLVED
72B,heldout,61,clear_table_with_two_robots_and_put_in_cabinet,1,0,0,0,infeasible_assignment,infeasible_assignment
72B,heldout,63,clear_table_with_two_robots_and_put_in_cabinet,1,0,0,0,infeasible_assignment,infeasible_assignment
72B,heldout,67,toast_bread_and_set_plate,0,0,0,0,OVER_BUDGET,OVER_BUDGET
72B,heldout,68,cut_fruit_on_board,0,1,1,1,SOLVED,SOLVED
72B,heldout,71,clear_table_with_two_robots_and_put_in_cabinet,1,0,0,0,infeasible_assignment,infeasible_assignment
72B,heldout,75,cut_two_fruits_on_board,0,1,1,1,SOLVED,SOLVED
72B,heldout,78,cut_two_fruits_on_board,0,1,1,1,SOLVED,SOLVED
72B,heldout,81,clear_table_with_two_robots_and_put_in_cabinet,1,0,0,0,infeasible_assignment,infeasible_assignment
72B,heldout,87,parallel_human_dual_asset_to_plate_or_bowl,0,1,1,1,SOLVED,SOLVED
72B,heldout,94,set_plate_and_fork_on_table,0,1,1,1,SOLVED,SOLVED
72B,heldout,95,cut_two_fruits_on_board,0,1,1,1,SOLVED,SOLVED
72B,heldout,96,set_plate_and_fork_on_table,0,1,1,1,SOLVED,SOLVED
72B,heldout,97,clear_table_with_two_robots_and_put_in_cabinet,1,0,0,0,infeasible_assignment,infeasible_assignment
72B,heldout,98,cut_fruit_on_board,0,1,1,1,SOLVED,SOLVED
72B,heldout,99,clear_table_with_two_robots_and_put_in_cabinet,1,0,0,0,infeasible_assignment,infeasible_assignment
72B,heldout,100,set_plate_and_fork_on_table,0,1,1,1,SOLVED,SOLVED
72B,heldout,102,cut_fruit_on_board,0,1,1,1,SOLVED,SOLVED
72B,heldout,103,cut_two_fruits_on_board,0,1,1,1,SOLVED,SOLVED
72B,heldout,105,cut_fruit_on_board,0,1,1,1,SOLVED,SOLVED
72B,heldout,107,toast_bread_and_set_plate,0,0,0,0,OVER_BUDGET,OVER_BUDGET
72B,heldout,109,cut_fruit_on_board,0,1,1,1,SOLVED,SOLVED
72B,heldout,110,set_plate_and_fork_on_table,0,1,1,1,SOLVED,SOLVED
72B,heldout,111,clear_table_with_two_robots_and_put_in_cabinet,1,0,0,0,infeasible_assignment,infeasible_assignment
72B,heldout,115,set_plate_and_fork_on_table,0,1,1,1,SOLVED,SOLVED
72B,heldout,117,clear_table_with_two_robots_and_put_in_cabinet,1,0,0,0,infeasible_assignment,infeasible_assignment
72B,heldout,118,ensure_all_fruits_on_table,0,1,1,1,SOLVED,SOLVED
72B,heldout,119,cut_fruit_on_board,0,1,1,1,SOLVED,SOLVED
72B,heldout,120,toast_bread_and_set_plate,0,0,0,0,OVER_BUDGET,OVER_BUDGET
72B,heldout,121,ensure_all_fruits_on_table,0,1,1,1,SOLVED,SOLVED
72B,heldout,122,dog_push_box_for_two_panda_transport,1,0,0,0,infeasible_assignment,infeasible_assignment
72B,heldout,125,clear_table_with_two_robots_and_put_in_cabinet,1,0,0,0,infeasible_assignment,infeasible_assignment
72B,heldout,127,ensure_all_fruits_on_table,0,1,1,1,SOLVED,SOLVED
72B,heldout,128,cut_fruit_on_board,0,1,1,1,SOLVED,SOLVED
72B,heldout,129,toast_bread_and_set_plate,0,0,0,0,OVER_BUDGET,OVER_BUDGET
72B,heldout,131,set_plate_and_fork_on_table,0,1,1,1,SOLVED,SOLVED
72B,heldout,132,parallel_human_dual_asset_to_plate_or_bowl,0,1,1,1,SOLVED,SOLVED
72B,heldout,134,toast_bread_and_set_plate,0,0,0,0,OVER_BUDGET,OVER_BUDGET
72B,heldout,137,cut_fruit_on_board,0,1,1,1,SOLVED,SOLVED
72B,heldout,138,clear_table_with_two_robots_and_put_in_cabinet,1,0,0,0,infeasible_assignment,infeasible_assignment
72B,heldout,140,clear_table_with_two_robots_and_put_in_cabinet,1,0,0,0,infeasible_assignment,infeasible_assignment
72B,heldout,141,toast_bread_and_set_plate,0,0,0,0,OVER_BUDGET,OVER_BUDGET
72B,heldout,142,cut_two_fruits_on_board,0,1,1,1,SOLVED,SOLVED
72B,heldout,144,parallel_human_dual_asset_to_plate_or_bowl,0,1,1,1,SOLVED,SOLVED
72B,heldout,145,set_plate_and_fork_on_table,0,1,1,1,SOLVED,SOLVED
72B,heldout,146,ensure_all_fruits_on_table,0,1,1,1,SOLVED,SOLVED
72B,heldout,147,toast_bread_and_set_plate,0,0,0,0,OVER_BUDGET,OVER_BUDGET
72B,heldout,148,clear_table_with_two_robots_and_put_in_cabinet,1,0,0,0,infeasible_assignment,infeasible_assignment
72B,heldout,149,cut_two_fruits_on_board,0,1,1,1,SOLVED,SOLVED
72B,heldout,151,ensure_all_fruits_on_table,0,1,1,1,SOLVED,SOLVED
72B,heldout,152,ensure_all_fruits_on_table,0,1,1,1,SOLVED,SOLVED
72B,heldout,155,cut_fruit_on_board,0,1,1,1,SOLVED,SOLVED
72B,heldout,156,cut_two_fruits_on_board,0,1,1,1,SOLVED,SOLVED
72B,heldout,163,cut_two_fruits_on_board,0,1,1,1,SOLVED,SOLVED
72B,heldout,164,parallel_human_dual_asset_to_plate_or_bowl,0,1,1,1,SOLVED,SOLVED
72B,heldout,165,clear_table_with_two_robots_and_put_in_cabinet,1,0,0,0,infeasible_assignment,infeasible_assignment
72B,heldout,166,clear_table_with_two_robots_and_put_in_cabinet,1,0,0,0,infeasible_assignment,infeasible_assignment
72B,heldout,167,toast_bread_and_set_plate,0,0,0,0,OVER_BUDGET,OVER_BUDGET
72B,heldout,168,cut_fruit_on_board,0,0,0,0,GOAL_UNMET,GOAL_UNMET
72B,heldout,171,cut_fruit_on_board,0,0,0,0,GOAL_UNMET,GOAL_UNMET
72B,heldout,172,cut_two_fruits_on_board,0,1,1,1,SOLVED,SOLVED
72B,heldout,173,toast_bread_and_set_plate,0,0,0,0,OVER_BUDGET,OVER_BUDGET
72B,heldout,174,cut_fruit_on_board,0,1,1,1,SOLVED,SOLVED
72B,heldout,175,set_plate_and_fork_on_table,0,1,1,1,SOLVED,SOLVED
72B,heldout,176,cut_two_fruits_on_board,0,1,1,1,SOLVED,SOLVED
72B,heldout,177,toast_bread_and_set_plate,0,0,0,0,OVER_BUDGET,OVER_BUDGET
72B,heldout,178,clear_table_with_two_robots_and_put_in_cabinet,1,0,0,0,infeasible_assignment,infeasible_assignment
72B,heldout,179,toast_bread_and_set_plate,0,0,0,0,OVER_BUDGET,OVER_BUDGET
72B,heldout,180,parallel_human_dual_asset_to_plate_or_bowl,0,1,1,1,SOLVED,SOLVED
72B,heldout,181,clear_table_with_two_robots_and_put_in_cabinet,1,0,0,0,infeasible_assignment,infeasible_assignment
72B,heldout,182,clear_table_with_two_robots_and_put_in_cabinet,1,0,0,0,infeasible_assignment,infeasible_assignment
72B,heldout,184,clear_table_with_two_robots_and_put_in_cabinet,1,0,0,0,infeasible_assignment,infeasible_assignment
72B,heldout,186,toast_bread_and_set_plate,0,0,0,0,OVER_BUDGET,OVER_BUDGET
72B,heldout,188,cut_fruit_on_board,0,1,1,1,SOLVED,SOLVED
72B,heldout,190,cut_fruit_on_board,0,1,1,1,SOLVED,SOLVED
72B,heldout,196,set_plate_and_fork_on_table,0,1,1,1,SOLVED,SOLVED
72B,heldout,197,clear_table_with_two_robots_and_put_in_cabinet,1,0,0,0,infeasible_assignment,infeasible_assignment
72B,heldout,198,cut_two_fruits_on_board,0,1,1,1,SOLVED,SOLVED
72B,heldout,199,cut_two_fruits_on_board,0,1,1,1,SOLVED,SOLVED
72B,heldout,200,clear_table_with_two_robots_and_put_in_cabinet,1,0,0,0,infeasible_assignment,infeasible_assignment
72B,heldout,204,cut_fruit_on_board,0,1,1,1,SOLVED,SOLVED
72B,heldout,205,toast_bread_and_set_plate,0,0,0,0,OVER_BUDGET,OVER_BUDGET
72B,heldout,206,clear_table_with_two_robots_and_put_in_cabinet,1,0,0,0,infeasible_assignment,infeasible_assignment
72B,heldout,207,toast_bread_and_set_plate,0,0,0,0,OVER_BUDGET,OVER_BUDGET
72B,heldout,209,clear_table_with_two_robots_and_put_in_cabinet,1,0,0,0,infeasible_assignment,infeasible_assignment
72B,heldout,211,parallel_human_dual_asset_to_plate_or_bowl,0,1,1,1,SOLVED,SOLVED
72B,heldout,213,set_plate_and_fork_on_table,0,1,1,1,SOLVED,SOLVED
72B,heldout,214,ensure_all_fruits_on_table,0,1,1,1,SOLVED,SOLVED
72B,heldout,215,ensure_all_fruits_on_table,0,1,1,1,SOLVED,SOLVED
72B,heldout,216,ensure_all_fruits_on_table,0,1,1,1,SOLVED,SOLVED
72B,heldout,218,set_plate_and_fork_on_table,0,1,1,1,SOLVED,SOLVED
72B,heldout,221,clear_table_with_two_robots_and_put_in_cabinet,1,0,0,0,infeasible_assignment,infeasible_assignment
72B,heldout,222,cut_two_fruits_on_board,0,1,1,1,SOLVED,SOLVED
72B,heldout,223,clear_table_with_two_robots_and_put_in_cabinet,1,0,0,0,infeasible_assignment,infeasible_assignment
72B,heldout,224,clear_table_with_two_robots_and_put_in_cabinet,1,0,0,0,infeasible_assignment,infeasible_assignment
72B,heldout,227,toast_bread_and_set_plate,0,0,0,0,OVER_BUDGET,OVER_BUDGET
72B,heldout,228,dog_push_box_for_two_panda_transport,1,0,0,0,infeasible_assignment,infeasible_assignment
72B,heldout,229,cut_fruit_on_board,0,1,1,1,SOLVED,SOLVED
72B,heldout,230,parallel_human_dual_asset_to_plate_or_bowl,0,1,1,1,SOLVED,SOLVED
72B,heldout,233,cut_fruit_on_board,0,1,1,1,SOLVED,SOLVED
72B,heldout,235,ensure_all_fruits_on_table,0,1,1,1,SOLVED,SOLVED
72B,heldout,236,set_plate_and_fork_on_table,0,1,1,1,SOLVED,SOLVED
72B,heldout,237,parallel_human_dual_asset_to_plate_or_bowl,0,1,1,1,SOLVED,SOLVED
72B,heldout,240,cut_fruit_on_board,0,1,1,1,SOLVED,SOLVED
72B,heldout,241,set_plate_and_fork_on_table,0,1,1,1,SOLVED,SOLVED
72B,heldout,242,toast_bread_and_set_plate,0,0,0,0,OVER_BUDGET,OVER_BUDGET
72B,heldout,248,cut_fruit_on_board,0,1,1,1,SOLVED,SOLVED
72B,heldout,249,parallel_human_dual_asset_to_plate_or_bowl,0,1,1,1,SOLVED,SOLVED
72B,heldout,251,parallel_human_dual_asset_to_plate_or_bowl,0,1,1,1,SOLVED,SOLVED
72B,heldout,253,parallel_human_dual_asset_to_plate_or_bowl,0,1,1,1,SOLVED,SOLVED
72B,heldout,254,set_plate_and_fork_on_table,0,1,1,1,SOLVED,SOLVED
72B,heldout,255,clear_table_with_two_robots_and_put_in_cabinet,1,0,0,0,infeasible_assignment,infeasible_assignment
72B,heldout,258,dog_push_box_for_two_panda_transport,1,0,0,0,infeasible_assignment,infeasible_assignment
72B,heldout,261,parallel_human_dual_asset_to_plate_or_bowl,0,1,1,1,SOLVED,SOLVED
72B,heldout,267,parallel_human_dual_asset_to_plate_or_bowl,0,1,1,1,SOLVED,SOLVED
72B,heldout,269,toast_bread_and_set_plate,0,0,0,0,OVER_BUDGET,OVER_BUDGET
72B,heldout,270,toast_bread_and_set_plate,0,0,0,0,OVER_BUDGET,OVER_BUDGET
72B,heldout,271,clear_table_with_two_robots_and_put_in_cabinet,1,0,0,0,infeasible_assignment,infeasible_assignment
72B,heldout,272,set_plate_and_fork_on_table,0,1,1,1,SOLVED,SOLVED
72B,heldout,275,cut_fruit_on_board,0,1,1,1,SOLVED,SOLVED
72B,heldout,277,cut_two_fruits_on_board,0,0,0,0,GOAL_UNMET,GOAL_UNMET
72B,heldout,278,toast_bread_and_set_plate,0,0,0,0,OVER_BUDGET,OVER_BUDGET
72B,heldout,279,parallel_human_dual_asset_to_plate_or_bowl,0,1,1,1,SOLVED,SOLVED
72B,heldout,280,cut_fruit_on_board,0,1,1,1,SOLVED,SOLVED
72B,heldout,283,cut_two_fruits_on_board,0,1,1,1,SOLVED,SOLVED
72B,heldout,284,dog_push_box_for_two_panda_transport,1,0,0,0,infeasible_assignment,infeasible_assignment
72B,heldout,287,set_plate_and_fork_on_table,0,1,1,1,SOLVED,SOLVED
72B,heldout,293,ensure_all_fruits_on_table,0,1,1,1,SOLVED,SOLVED
72B,heldout,295,toast_bread_and_set_plate,0,0,0,0,OVER_BUDGET,OVER_BUDGET
72B,heldout,296,cut_fruit_on_board,0,1,1,1,SOLVED,SOLVED
72B,heldout,297,parallel_human_dual_asset_to_plate_or_bowl,0,1,1,1,SOLVED,SOLVED
72B,heldout,298,parallel_human_dual_asset_to_plate_or_bowl,0,1,1,1,SOLVED,SOLVED
72B,heldout,299,clear_table_with_two_robots_and_put_in_cabinet,1,0,0,0,infeasible_assignment,infeasible_assignment
72B,heldout,302,ensure_all_fruits_on_table,0,1,1,1,SOLVED,SOLVED
72B,heldout,303,parallel_human_dual_asset_to_plate_or_bowl,0,1,1,1,SOLVED,SOLVED
72B,heldout,311,clear_table_with_two_robots_and_put_in_cabinet,1,0,0,0,infeasible_assignment,infeasible_assignment
72B,heldout,313,parallel_human_dual_asset_to_plate_or_bowl,0,1,1,1,SOLVED,SOLVED
72B,heldout,315,toast_bread_and_set_plate,0,0,0,0,OVER_BUDGET,OVER_BUDGET
72B,heldout,316,set_plate_and_fork_on_table,0,1,1,1,SOLVED,SOLVED
72B,heldout,317,ensure_all_fruits_on_table,0,1,1,1,SOLVED,SOLVED
72B,heldout,318,clear_table_with_two_robots_and_put_in_cabinet,1,0,0,0,infeasible_assignment,infeasible_assignment
72B,heldout,323,cut_fruit_on_board,0,1,1,1,SOLVED,SOLVED
72B,heldout,324,toast_bread_and_set_plate,0,0,0,0,OVER_BUDGET,OVER_BUDGET
72B,heldout,325,clear_table_with_two_robots_and_put_in_cabinet,1,0,0,0,infeasible_assignment,infeasible_assignment
72B,heldout,329,clear_table_with_two_robots_and_put_in_cabinet,1,0,0,0,infeasible_assignment,infeasible_assignment
72B,heldout,330,ensure_all_fruits_on_table,0,0,0,0,GOAL_UNMET,GOAL_UNMET
72B,heldout,334,set_plate_and_fork_on_table,0,1,1,1,SOLVED,SOLVED
72B,heldout,339,toast_bread_and_set_plate,0,0,0,0,OVER_BUDGET,OVER_BUDGET
72B,heldout,340,set_plate_and_fork_on_table,0,1,1,1,SOLVED,SOLVED
72B,heldout,344,cut_fruit_on_board,0,1,1,1,SOLVED,SOLVED
72B,heldout,345,clear_table_with_two_robots_and_put_in_cabinet,1,0,0,0,infeasible_assignment,infeasible_assignment
72B,heldout,346,cut_fruit_on_board,0,1,1,1,SOLVED,SOLVED
72B,heldout,347,cut_fruit_on_board,0,1,1,1,SOLVED,SOLVED
72B,heldout,348,cut_fruit_on_board,0,1,1,1,SOLVED,SOLVED
72B,heldout,349,toast_bread_and_set_plate,0,0,0,0,OVER_BUDGET,OVER_BUDGET
72B,heldout,352,cut_two_fruits_on_board,0,1,1,1,SOLVED,SOLVED
72B,heldout,353,cut_two_fruits_on_board,0,0,0,0,GOAL_UNMET,GOAL_UNMET
72B,heldout,358,cut_two_fruits_on_board,0,1,1,1,SOLVED,SOLVED
72B,heldout,359,toast_bread_and_set_plate,0,0,0,0,OVER_BUDGET,OVER_BUDGET
72B,heldout,360,toast_bread_and_set_plate,0,0,0,0,OVER_BUDGET,OVER_BUDGET
72B,heldout,361,dog_push_box_for_two_panda_transport,1,0,0,0,infeasible_assignment,infeasible_assignment
72B,heldout,362,ensure_all_fruits_on_table,0,1,1,1,SOLVED,SOLVED
72B,heldout,364,parallel_human_dual_asset_to_plate_or_bowl,0,1,1,1,SOLVED,SOLVED
72B,heldout,365,cut_fruit_on_board,0,1,1,1,SOLVED,SOLVED
72B,heldout,366,dog_push_box_for_two_panda_transport,1,0,0,0,infeasible_assignment,infeasible_assignment
72B,heldout,367,cut_two_fruits_on_board,0,1,1,1,SOLVED,SOLVED
72B,heldout,368,set_plate_and_fork_on_table,0,1,1,1,SOLVED,SOLVED
72B,heldout,372,set_plate_and_fork_on_table,0,1,1,1,SOLVED,SOLVED
72B,heldout,375,cut_fruit_on_board,0,1,1,1,SOLVED,SOLVED
72B,heldout,376,cut_fruit_on_board,0,1,1,1,SOLVED,SOLVED
72B,heldout,378,clear_table_with_two_robots_and_put_in_cabinet,1,0,0,0,infeasible_assignment,infeasible_assignment
72B,heldout,381,clear_table_with_two_robots_and_put_in_cabinet,1,0,0,0,infeasible_assignment,infeasible_assignment
72B,heldout,382,toast_bread_and_set_plate,0,0,0,0,OVER_BUDGET,OVER_BUDGET
72B,heldout,383,clear_table_with_two_robots_and_put_in_cabinet,1,0,0,0,infeasible_assignment,infeasible_assignment
72B,heldout,391,parallel_human_dual_asset_to_plate_or_bowl,0,1,1,1,SOLVED,SOLVED
72B,heldout,392,set_plate_and_fork_on_table,0,1,1,1,SOLVED,SOLVED
72B,heldout,393,cut_fruit_on_board,0,1,1,1,SOLVED,SOLVED
72B,heldout,394,clear_table_with_two_robots_and_put_in_cabinet,1,0,0,0,infeasible_assignment,infeasible_assignment
72B,heldout,395,parallel_human_dual_asset_to_plate_or_bowl,0,1,1,1,SOLVED,SOLVED
72B,heldout,397,clear_table_with_two_robots_and_put_in_cabinet,1,0,0,0,infeasible_assignment,infeasible_assignment
72B,heldout,398,toast_bread_and_set_plate,0,0,0,0,OVER_BUDGET,OVER_BUDGET
72B,heldout,401,cut_two_fruits_on_board,0,0,0,0,GOAL_UNMET,GOAL_UNMET
72B,heldout,402,toast_bread_and_set_plate,0,0,0,0,OVER_BUDGET,OVER_BUDGET
72B,heldout,404,toast_bread_and_set_plate,0,0,0,0,OVER_BUDGET,OVER_BUDGET
72B,heldout,406,parallel_human_dual_asset_to_plate_or_bowl,0,1,1,1,SOLVED,SOLVED
72B,heldout,407,cut_two_fruits_on_board,0,1,1,1,SOLVED,SOLVED
72B,heldout,409,toast_bread_and_set_plate,0,0,0,0,OVER_BUDGET,OVER_BUDGET
72B,heldout,410,clear_table_with_two_robots_and_put_in_cabinet,1,0,0,0,infeasible_assignment,infeasible_assignment
72B,heldout,412,clear_table_with_two_robots_and_put_in_cabinet,1,0,0,0,infeasible_assignment,infeasible_assignment
72B,heldout,416,clear_table_with_two_robots_and_put_in_cabinet,1,0,0,0,infeasible_assignment,infeasible_assignment
72B,heldout,421,cut_fruit_on_board,0,1,1,1,SOLVED,SOLVED
72B,heldout,422,clear_table_with_two_robots_and_put_in_cabinet,1,0,0,0,infeasible_assignment,infeasible_assignment
72B,heldout,423,clear_table_with_two_robots_and_put_in_cabinet,1,0,0,0,infeasible_assignment,infeasible_assignment
72B,heldout,424,cut_two_fruits_on_board,0,1,1,1,SOLVED,SOLVED
72B,heldout,426,cut_two_fruits_on_board,0,1,1,1,SOLVED,SOLVED
72B,heldout,428,cut_two_fruits_on_board,0,1,1,1,SOLVED,SOLVED
72B,heldout,430,cut_fruit_on_board,0,0,0,0,GOAL_UNMET,GOAL_UNMET
72B,heldout,434,ensure_all_fruits_on_table,0,1,1,1,SOLVED,SOLVED
72B,heldout,436,cut_two_fruits_on_board,0,1,1,1,SOLVED,SOLVED
72B,heldout,437,toast_bread_and_set_plate,0,0,0,0,OVER_BUDGET,OVER_BUDGET
72B,heldout,439,cut_two_fruits_on_board,0,1,1,1,SOLVED,SOLVED
72B,heldout,440,clear_table_with_two_robots_and_put_in_cabinet,1,0,0,0,infeasible_assignment,infeasible_assignment
72B,heldout,443,toast_bread_and_set_plate,0,0,0,0,OVER_BUDGET,OVER_BUDGET
72B,heldout,447,dog_push_box_for_two_panda_transport,1,0,0,0,infeasible_assignment,infeasible_assignment
72B,heldout,451,cut_fruit_on_board,0,1,1,1,SOLVED,SOLVED
72B,heldout,452,cut_fruit_on_board,0,1,1,1,SOLVED,SOLVED
72B,heldout,454,set_plate_and_fork_on_table,0,1,1,1,SOLVED,SOLVED
72B,heldout,458,cut_fruit_on_board,0,1,1,1,SOLVED,SOLVED
72B,heldout,459,parallel_human_dual_asset_to_plate_or_bowl,0,1,1,1,SOLVED,SOLVED
72B,heldout,462,cut_two_fruits_on_board,0,1,1,1,SOLVED,SOLVED
72B,heldout,466,parallel_human_dual_asset_to_plate_or_bowl,0,1,1,1,SOLVED,SOLVED
72B,heldout,472,parallel_human_dual_asset_to_plate_or_bowl,0,1,1,1,SOLVED,SOLVED
72B,heldout,474,cut_fruit_on_board,0,1,1,1,SOLVED,SOLVED
72B,heldout,475,clear_table_with_two_robots_and_put_in_cabinet,1,0,0,0,infeasible_assignment,infeasible_assignment
72B,heldout,476,cut_two_fruits_on_board,0,0,0,0,GOAL_UNMET,GOAL_UNMET
72B,heldout,478,toast_bread_and_set_plate,0,0,0,0,OVER_BUDGET,OVER_BUDGET
72B,heldout,479,cut_fruit_on_board,0,1,1,1,SOLVED,SOLVED
72B,heldout,480,clear_table_with_two_robots_and_put_in_cabinet,1,0,0,0,infeasible_assignment,infeasible_assignment
72B,heldout,481,toast_bread_and_set_plate,0,0,0,0,OVER_BUDGET,OVER_BUDGET
72B,heldout,484,cut_fruit_on_board,0,1,1,1,SOLVED,SOLVED
72B,heldout,485,dog_push_box_for_two_panda_transport,1,0,0,0,infeasible_assignment,infeasible_assignment
72B,heldout,486,clear_table_with_two_robots_and_put_in_cabinet,1,0,0,0,infeasible_assignment,infeasible_assignment
72B,heldout,487,dog_push_box_for_two_panda_transport,1,0,0,0,infeasible_assignment,infeasible_assignment
72B,heldout,489,toast_bread_and_set_plate,0,0,0,0,OVER_BUDGET,OVER_BUDGET
72B,heldout,494,clear_table_with_two_robots_and_put_in_cabinet,1,0,0,0,infeasible_assignment,infeasible_assignment
72B,heldout,496,parallel_human_dual_asset_to_plate_or_bowl,0,1,1,1,SOLVED,SOLVED
72B,heldout,497,cut_fruit_on_board,0,0,0,0,GOAL_UNMET,GOAL_UNMET
72B,heldout,498,cut_fruit_on_board,0,1,1,1,SOLVED,SOLVED
72B,heldout,501,cut_fruit_on_board,0,1,1,1,SOLVED,SOLVED
72B,heldout,502,clear_table_with_two_robots_and_put_in_cabinet,1,0,0,0,infeasible_assignment,infeasible_assignment
72B,heldout,503,parallel_human_dual_asset_to_plate_or_bowl,0,1,1,1,SOLVED,SOLVED
72B,heldout,504,toast_bread_and_set_plate,0,0,0,0,OVER_BUDGET,OVER_BUDGET
72B,heldout,507,cut_two_fruits_on_board,0,0,0,0,GOAL_UNMET,GOAL_UNMET
72B,heldout,510,parallel_human_dual_asset_to_plate_or_bowl,0,1,1,1,SOLVED,SOLVED
72B,heldout,512,clear_table_with_two_robots_and_put_in_cabinet,1,0,0,0,infeasible_assignment,infeasible_assignment
72B,heldout,513,parallel_human_dual_asset_to_plate_or_bowl,0,1,1,1,SOLVED,SOLVED
72B,heldout,515,clear_table_with_two_robots_and_put_in_cabinet,1,0,0,0,infeasible_assignment,infeasible_assignment
72B,heldout,516,cut_fruit_on_board,0,1,1,1,SOLVED,SOLVED
72B,heldout,517,toast_bread_and_set_plate,0,0,0,0,OVER_BUDGET,OVER_BUDGET
72B,heldout,519,cut_fruit_on_board,0,1,1,1,SOLVED,SOLVED
72B,heldout,520,set_plate_and_fork_on_table,0,1,1,1,SOLVED,SOLVED
72B,heldout,525,clear_table_with_two_robots_and_put_in_cabinet,1,0,0,0,infeasible_assignment,infeasible_assignment
72B,heldout,531,cut_two_fruits_on_board,0,1,1,1,SOLVED,SOLVED
72B,heldout,532,ensure_all_fruits_on_table,0,1,1,1,SOLVED,SOLVED
72B,heldout,536,set_plate_and_fork_on_table,0,1,1,1,SOLVED,SOLVED
72B,heldout,537,ensure_all_fruits_on_table,0,1,1,1,SOLVED,SOLVED
72B,heldout,539,ensure_all_fruits_on_table,0,1,1,1,SOLVED,SOLVED
72B,heldout,541,cut_fruit_on_board,0,1,1,1,SOLVED,SOLVED
72B,heldout,544,clear_table_with_two_robots_and_put_in_cabinet,1,0,0,0,infeasible_assignment,infeasible_assignment
72B,heldout,545,clear_table_with_two_robots_and_put_in_cabinet,1,0,0,0,infeasible_assignment,infeasible_assignment
72B,heldout,546,ensure_all_fruits_on_table,0,1,1,1,SOLVED,SOLVED
72B,heldout,548,parallel_human_dual_asset_to_plate_or_bowl,0,1,1,1,SOLVED,SOLVED
72B,heldout,549,cut_two_fruits_on_board,0,1,1,1,SOLVED,SOLVED
72B,heldout,551,set_plate_and_fork_on_table,0,1,1,1,SOLVED,SOLVED
72B,heldout,552,cut_two_fruits_on_board,0,1,1,1,SOLVED,SOLVED
72B,heldout,555,parallel_human_dual_asset_to_plate_or_bowl,0,1,1,1,SOLVED,SOLVED
72B,heldout,559,ensure_all_fruits_on_table,0,1,1,1,SOLVED,SOLVED
72B,heldout,561,set_plate_and_fork_on_table,0,1,1,1,SOLVED,SOLVED
72B,heldout,562,ensure_all_fruits_on_table,0,0,0,0,GOAL_UNMET,GOAL_UNMET
72B,heldout,563,cut_fruit_on_board,0,1,1,1,SOLVED,SOLVED
72B,heldout,564,set_plate_and_fork_on_table,0,1,1,1,SOLVED,SOLVED
72B,heldout,566,set_plate_and_fork_on_table,0,1,1,1,SOLVED,SOLVED
72B,heldout,569,cut_two_fruits_on_board,0,1,1,1,SOLVED,SOLVED
72B,heldout,570,clear_table_with_two_robots_and_put_in_cabinet,1,0,0,0,infeasible_assignment,infeasible_assignment
72B,heldout,571,cut_fruit_on_board,0,1,1,1,SOLVED,SOLVED
72B,heldout,572,toast_bread_and_set_plate,0,0,0,0,OVER_BUDGET,OVER_BUDGET
72B,heldout,573,toast_bread_and_set_plate,0,0,0,0,OVER_BUDGET,OVER_BUDGET
72B,heldout,576,parallel_human_dual_asset_to_plate_or_bowl,0,1,1,1,SOLVED,SOLVED
72B,heldout,578,ensure_all_fruits_on_table,0,1,1,1,SOLVED,SOLVED
72B,heldout,579,toast_bread_and_set_plate,0,0,0,0,OVER_BUDGET,OVER_BUDGET
72B,heldout,581,clear_table_with_two_robots_and_put_in_cabinet,1,0,0,0,infeasible_assignment,infeasible_assignment
72B,heldout,582,ensure_all_fruits_on_table,0,0,0,0,GOAL_UNMET,GOAL_UNMET
72B,heldout,584,set_plate_and_fork_on_table,0,1,1,1,SOLVED,SOLVED
72B,heldout,586,ensure_all_fruits_on_table,0,1,1,1,SOLVED,SOLVED
72B,heldout,587,cut_fruit_on_board,0,1,1,1,SOLVED,SOLVED
72B,heldout,592,parallel_human_dual_asset_to_plate_or_bowl,0,1,1,1,SOLVED,SOLVED
72B,heldout,594,clear_table_with_two_robots_and_put_in_cabinet,1,0,0,0,infeasible_assignment,infeasible_assignment
72B,heldout,596,toast_bread_and_set_plate,0,0,0,0,OVER_BUDGET,OVER_BUDGET
72B,heldout,598,clear_table_with_two_robots_and_put_in_cabinet,1,0,0,0,infeasible_assignment,infeasible_assignment
72B,heldout,600,cut_two_fruits_on_board,0,1,1,1,SOLVED,SOLVED
72B,heldout,601,set_plate_and_fork_on_table,0,1,1,1,SOLVED,SOLVED
72B,heldout,602,clear_table_with_two_robots_and_put_in_cabinet,1,0,0,0,infeasible_assignment,infeasible_assignment
72B,heldout,605,toast_bread_and_set_plate,0,0,0,0,OVER_BUDGET,OVER_BUDGET
72B,heldout,607,toast_bread_and_set_plate,0,0,0,0,OVER_BUDGET,OVER_BUDGET
72B,heldout,608,clear_table_with_two_robots_and_put_in_cabinet,1,0,0,0,infeasible_assignment,infeasible_assignment
72B,heldout,612,clear_table_with_two_robots_and_put_in_cabinet,1,0,0,0,infeasible_assignment,infeasible_assignment
72B,heldout,613,toast_bread_and_set_plate,0,0,0,0,OVER_BUDGET,OVER_BUDGET
72B,heldout,617,cut_fruit_on_board,0,0,0,0,GOAL_UNMET,GOAL_UNMET
72B,heldout,620,toast_bread_and_set_plate,0,0,0,0,OVER_BUDGET,OVER_BUDGET
72B,heldout,621,cut_fruit_on_board,0,1,1,1,SOLVED,SOLVED
72B,heldout,622,parallel_human_dual_asset_to_plate_or_bowl,0,1,1,1,SOLVED,SOLVED
72B,heldout,623,cut_fruit_on_board,0,1,1,1,SOLVED,SOLVED
72B,heldout,628,toast_bread_and_set_plate,0,0,0,0,OVER_BUDGET,OVER_BUDGET
72B,heldout,630,cut_fruit_on_board,0,1,1,1,SOLVED,SOLVED
72B,heldout,631,ensure_all_fruits_on_table,0,1,1,1,SOLVED,SOLVED
72B,heldout,632,ensure_all_fruits_on_table,0,1,1,1,SOLVED,SOLVED
72B,heldout,634,set_plate_and_fork_on_table,0,1,1,1,SOLVED,SOLVED
72B,heldout,635,parallel_human_dual_asset_to_plate_or_bowl,0,1,1,1,SOLVED,SOLVED
72B,heldout,636,cut_fruit_on_board,0,1,1,1,SOLVED,SOLVED
72B,heldout,639,parallel_human_dual_asset_to_plate_or_bowl,0,1,1,1,SOLVED,SOLVED
72B,heldout,640,clear_table_with_two_robots_and_put_in_cabinet,1,0,0,0,infeasible_assignment,infeasible_assignment
72B,heldout,641,clear_table_with_two_robots_and_put_in_cabinet,1,0,0,0,infeasible_assignment,infeasible_assignment
72B,heldout,642,cut_fruit_on_board,0,1,1,1,SOLVED,SOLVED
72B,heldout,645,cut_two_fruits_on_board,0,1,1,1,SOLVED,SOLVED
72B,heldout,647,dog_push_box_for_two_panda_transport,1,0,0,0,infeasible_assignment,infeasible_assignment
72B,heldout,649,clear_table_with_two_robots_and_put_in_cabinet,1,0,0,0,infeasible_assignment,infeasible_assignment
72B,heldout,650,clear_table_with_two_robots_and_put_in_cabinet,1,0,0,0,infeasible_assignment,infeasible_assignment
72B,heldout,651,clear_table_with_two_robots_and_put_in_cabinet,1,0,0,0,infeasible_assignment,infeasible_assignment
72B,heldout,652,dog_push_box_for_two_panda_transport,1,0,0,0,infeasible_assignment,infeasible_assignment
72B,heldout,654,cut_two_fruits_on_board,0,0,0,0,GOAL_UNMET,GOAL_UNMET
72B,heldout,655,cut_two_fruits_on_board,0,1,1,1,SOLVED,SOLVED
72B,heldout,656,cut_two_fruits_on_board,0,0,0,0,GOAL_UNMET,GOAL_UNMET
72B,heldout,657,clear_table_with_two_robots_and_put_in_cabinet,1,0,0,0,infeasible_assignment,infeasible_assignment
72B,heldout,661,clear_table_with_two_robots_and_put_in_cabinet,1,0,0,0,infeasible_assignment,infeasible_assignment
72B,heldout,663,cut_fruit_on_board,0,1,1,1,SOLVED,SOLVED
72B,heldout,664,cut_fruit_on_board,0,1,1,1,SOLVED,SOLVED
72B,heldout,668,cut_fruit_on_board,0,1,1,1,SOLVED,SOLVED
72B,heldout,671,cut_two_fruits_on_board,0,1,1,1,SOLVED,SOLVED
72B,heldout,672,clear_table_with_two_robots_and_put_in_cabinet,1,0,0,0,infeasible_assignment,infeasible_assignment
72B,heldout,674,set_plate_and_fork_on_table,0,1,1,1,SOLVED,SOLVED
72B,heldout,675,cut_fruit_on_board,0,1,1,1,SOLVED,SOLVED
72B,heldout,676,cut_fruit_on_board,0,1,1,1,SOLVED,SOLVED
72B,heldout,677,cut_two_fruits_on_board,0,1,1,1,SOLVED,SOLVED
72B,heldout,678,toast_bread_and_set_plate,0,0,0,0,OVER_BUDGET,OVER_BUDGET
72B,heldout,683,toast_bread_and_set_plate,0,0,0,0,OVER_BUDGET,OVER_BUDGET
72B,heldout,687,clear_table_with_two_robots_and_put_in_cabinet,1,0,0,0,infeasible_assignment,infeasible_assignment
72B,heldout,688,toast_bread_and_set_plate,0,0,0,0,OVER_BUDGET,OVER_BUDGET
72B,heldout,689,parallel_human_dual_asset_to_plate_or_bowl,0,1,1,1,SOLVED,SOLVED
72B,heldout,690,cut_fruit_on_board,0,1,1,1,SOLVED,SOLVED
72B,heldout,691,clear_table_with_two_robots_and_put_in_cabinet,1,0,0,0,infeasible_assignment,infeasible_assignment
72B,heldout,692,dog_push_box_for_two_panda_transport,1,0,0,0,infeasible_assignment,infeasible_assignment
72B,heldout,694,clear_table_with_two_robots_and_put_in_cabinet,1,0,0,0,infeasible_assignment,infeasible_assignment
72B,heldout,697,cut_fruit_on_board,0,1,1,1,SOLVED,SOLVED
72B,heldout,698,cut_fruit_on_board,0,1,1,1,SOLVED,SOLVED
72B,heldout,699,ensure_all_fruits_on_table,0,1,1,1,SOLVED,SOLVED
72B,heldout,703,cut_fruit_on_board,0,1,1,1,SOLVED,SOLVED
72B,heldout,707,clear_table_with_two_robots_and_put_in_cabinet,1,0,0,0,infeasible_assignment,infeasible_assignment
72B,heldout,708,clear_table_with_two_robots_and_put_in_cabinet,1,0,0,0,infeasible_assignment,infeasible_assignment
72B,heldout,711,clear_table_with_two_robots_and_put_in_cabinet,1,0,0,0,infeasible_assignment,infeasible_assignment
72B,heldout,712,parallel_human_dual_asset_to_plate_or_bowl,0,1,1,1,SOLVED,SOLVED
72B,heldout,713,ensure_all_fruits_on_table,0,1,1,1,SOLVED,SOLVED
72B,heldout,714,ensure_all_fruits_on_table,0,1,1,1,SOLVED,SOLVED
72B,heldout,715,set_plate_and_fork_on_table,0,1,1,1,SOLVED,SOLVED
72B,heldout,716,cut_fruit_on_board,0,1,1,1,SOLVED,SOLVED
72B,heldout,718,cut_fruit_on_board,0,1,1,1,SOLVED,SOLVED
72B,heldout,725,cut_fruit_on_board,0,1,1,1,SOLVED,SOLVED
72B,heldout,726,clear_table_with_two_robots_and_put_in_cabinet,1,0,0,0,infeasible_assignment,infeasible_assignment
72B,heldout,731,ensure_all_fruits_on_table,0,1,1,1,SOLVED,SOLVED
72B,heldout,733,set_plate_and_fork_on_table,0,1,1,1,SOLVED,SOLVED
72B,heldout,735,clear_table_with_two_robots_and_put_in_cabinet,1,0,0,0,infeasible_assignment,infeasible_assignment
72B,heldout,736,cut_two_fruits_on_board,0,1,1,1,SOLVED,SOLVED
72B,heldout,737,clear_table_with_two_robots_and_put_in_cabinet,1,0,0,0,infeasible_assignment,infeasible_assignment
72B,heldout,739,clear_table_with_two_robots_and_put_in_cabinet,1,0,0,0,infeasible_assignment,infeasible_assignment
72B,heldout,740,dog_push_box_for_two_panda_transport,1,0,0,0,infeasible_assignment,infeasible_assignment
72B,heldout,742,ensure_all_fruits_on_table,0,1,1,1,SOLVED,SOLVED
72B,heldout,744,clear_table_with_two_robots_and_put_in_cabinet,1,0,0,0,infeasible_assignment,infeasible_assignment
72B,heldout,745,set_plate_and_fork_on_table,0,1,1,1,SOLVED,SOLVED
72B,heldout,746,toast_bread_and_set_plate,0,0,0,0,OVER_BUDGET,OVER_BUDGET
72B,heldout,747,toast_bread_and_set_plate,0,0,0,0,OVER_BUDGET,OVER_BUDGET
72B,heldout,749,cut_fruit_on_board,0,1,1,1,SOLVED,SOLVED
72B,heldout,750,cut_fruit_on_board,0,1,1,1,SOLVED,SOLVED
72B,heldout,751,parallel_human_dual_asset_to_plate_or_bowl,0,1,1,1,SOLVED,SOLVED
72B,heldout,753,clear_table_with_two_robots_and_put_in_cabinet,1,0,0,0,infeasible_assignment,infeasible_assignment
72B,heldout,757,ensure_all_fruits_on_table,0,1,1,1,SOLVED,SOLVED
72B,heldout,760,ensure_all_fruits_on_table,0,1,1,1,SOLVED,SOLVED
72B,heldout,761,clear_table_with_two_robots_and_put_in_cabinet,1,0,0,0,infeasible_assignment,infeasible_assignment
72B,heldout,763,cut_two_fruits_on_board,0,1,1,1,SOLVED,SOLVED
72B,heldout,769,parallel_human_dual_asset_to_plate_or_bowl,0,1,1,1,SOLVED,SOLVED
72B,heldout,770,parallel_human_dual_asset_to_plate_or_bowl,0,1,1,1,SOLVED,SOLVED
72B,heldout,772,cut_fruit_on_board,0,1,1,1,SOLVED,SOLVED
72B,heldout,775,parallel_human_dual_asset_to_plate_or_bowl,0,1,1,1,SOLVED,SOLVED
72B,heldout,776,ensure_all_fruits_on_table,0,0,0,0,GOAL_UNMET,GOAL_UNMET
72B,heldout,777,clear_table_with_two_robots_and_put_in_cabinet,1,0,0,0,infeasible_assignment,infeasible_assignment
72B,heldout,780,cut_fruit_on_board,0,1,1,1,SOLVED,SOLVED
72B,heldout,781,clear_table_with_two_robots_and_put_in_cabinet,1,0,0,0,infeasible_assignment,infeasible_assignment
72B,heldout,783,set_plate_and_fork_on_table,0,1,1,1,SOLVED,SOLVED
72B,heldout,786,parallel_human_dual_asset_to_plate_or_bowl,0,1,1,1,SOLVED,SOLVED
72B,heldout,787,cut_fruit_on_board,0,1,1,1,SOLVED,SOLVED
72B,heldout,789,cut_fruit_on_board,0,1,1,1,SOLVED,SOLVED
72B,heldout,790,ensure_all_fruits_on_table,0,1,1,1,SOLVED,SOLVED
72B,heldout,791,clear_table_with_two_robots_and_put_in_cabinet,1,0,0,0,infeasible_assignment,infeasible_assignment
72B,heldout,796,cut_fruit_on_board,0,1,1,1,SOLVED,SOLVED
72B,heldout,797,cut_fruit_on_board,0,1,1,1,SOLVED,SOLVED
72B,heldout,799,cut_fruit_on_board,0,1,1,1,SOLVED,SOLVED
72B,heldout,801,cut_two_fruits_on_board,0,1,1,1,SOLVED,SOLVED
72B,heldout,803,clear_table_with_two_robots_and_put_in_cabinet,1,0,0,0,infeasible_assignment,infeasible_assignment
72B,heldout,804,cut_fruit_on_board,0,1,1,1,SOLVED,SOLVED
72B,heldout,806,cut_two_fruits_on_board,0,1,1,1,SOLVED,SOLVED
72B,heldout,807,parallel_human_dual_asset_to_plate_or_bowl,0,1,1,1,SOLVED,SOLVED
72B,heldout,809,clear_table_with_two_robots_and_put_in_cabinet,1,0,0,0,infeasible_assignment,infeasible_assignment
72B,heldout,813,cut_fruit_on_board,0,1,1,1,SOLVED,SOLVED
72B,heldout,814,cut_fruit_on_board,0,1,1,1,SOLVED,SOLVED
72B,heldout,815,set_plate_and_fork_on_table,0,1,1,1,SOLVED,SOLVED
72B,heldout,816,clear_table_with_two_robots_and_put_in_cabinet,1,0,0,0,infeasible_assignment,infeasible_assignment
72B,heldout,819,set_plate_and_fork_on_table,0,1,1,1,SOLVED,SOLVED
72B,heldout,820,toast_bread_and_set_plate,0,0,0,0,OVER_BUDGET,OVER_BUDGET
72B,heldout,825,ensure_all_fruits_on_table,0,1,1,1,SOLVED,SOLVED
72B,heldout,826,cut_fruit_on_board,0,1,1,1,SOLVED,SOLVED
72B,heldout,827,toast_bread_and_set_plate,0,0,0,0,OVER_BUDGET,OVER_BUDGET
72B,heldout,828,ensure_all_fruits_on_table,0,1,1,1,SOLVED,SOLVED
72B,heldout,830,parallel_human_dual_asset_to_plate_or_bowl,0,1,1,1,SOLVED,SOLVED
72B,heldout,831,parallel_human_dual_asset_to_plate_or_bowl,0,1,1,1,SOLVED,SOLVED
72B,heldout,837,cut_fruit_on_board,0,1,1,1,SOLVED,SOLVED
72B,heldout,838,clear_table_with_two_robots_and_put_in_cabinet,1,0,0,0,infeasible_assignment,infeasible_assignment
72B,heldout,840,cut_fruit_on_board,0,1,1,1,SOLVED,SOLVED
72B,heldout,841,set_plate_and_fork_on_table,0,1,1,1,SOLVED,SOLVED
72B,heldout,842,toast_bread_and_set_plate,0,0,0,0,OVER_BUDGET,OVER_BUDGET
72B,heldout,844,cut_fruit_on_board,0,1,1,1,SOLVED,SOLVED
72B,heldout,848,parallel_human_dual_asset_to_plate_or_bowl,0,1,1,1,SOLVED,SOLVED
72B,heldout,849,clear_table_with_two_robots_and_put_in_cabinet,1,0,0,0,infeasible_assignment,infeasible_assignment
72B,heldout,850,cut_fruit_on_board,0,1,1,1,SOLVED,SOLVED
72B,heldout,853,toast_bread_and_set_plate,0,0,0,0,OVER_BUDGET,OVER_BUDGET
72B,heldout,856,toast_bread_and_set_plate,0,0,0,0,OVER_BUDGET,OVER_BUDGET
72B,heldout,857,clear_table_with_two_robots_and_put_in_cabinet,1,0,0,0,infeasible_assignment,infeasible_assignment
72B,heldout,862,parallel_human_dual_asset_to_plate_or_bowl,0,1,1,1,SOLVED,SOLVED
72B,heldout,863,cut_fruit_on_board,0,0,0,0,GOAL_UNMET,GOAL_UNMET
72B,heldout,864,ensure_all_fruits_on_table,0,1,1,1,SOLVED,SOLVED
72B,heldout,865,parallel_human_dual_asset_to_plate_or_bowl,0,1,1,1,SOLVED,SOLVED
72B,heldout,867,set_plate_and_fork_on_table,0,1,1,1,SOLVED,SOLVED
72B,heldout,869,clear_table_with_two_robots_and_put_in_cabinet,1,0,0,0,infeasible_assignment,infeasible_assignment
72B,heldout,870,cut_two_fruits_on_board,0,1,1,1,SOLVED,SOLVED
72B,heldout,874,cut_fruit_on_board,0,1,1,1,SOLVED,SOLVED
72B,heldout,875,parallel_human_dual_asset_to_plate_or_bowl,0,1,1,1,SOLVED,SOLVED
72B,heldout,876,cut_two_fruits_on_board,0,1,1,1,SOLVED,SOLVED
72B,heldout,879,cut_fruit_on_board,0,0,0,0,GOAL_UNMET,GOAL_UNMET
72B,heldout,881,cut_fruit_on_board,0,1,1,1,SOLVED,SOLVED
72B,heldout,883,cut_fruit_on_board,0,1,1,1,SOLVED,SOLVED
72B,heldout,884,ensure_all_fruits_on_table,0,1,1,1,SOLVED,SOLVED
72B,heldout,886,clear_table_with_two_robots_and_put_in_cabinet,1,0,0,0,infeasible_assignment,infeasible_assignment
72B,heldout,888,set_plate_and_fork_on_table,0,1,1,1,SOLVED,SOLVED
72B,heldout,890,cut_fruit_on_board,0,1,1,1,SOLVED,SOLVED
72B,heldout,891,clear_table_with_two_robots_and_put_in_cabinet,1,0,0,0,infeasible_assignment,infeasible_assignment
72B,heldout,895,set_plate_and_fork_on_table,0,1,1,1,SOLVED,SOLVED
72B,heldout,897,set_plate_and_fork_on_table,0,1,1,1,SOLVED,SOLVED
72B,heldout,901,cut_fruit_on_board,0,1,1,1,SOLVED,SOLVED
72B,heldout,903,clear_table_with_two_robots_and_put_in_cabinet,1,0,0,0,infeasible_assignment,infeasible_assignment
72B,heldout,904,clear_table_with_two_robots_and_put_in_cabinet,1,0,0,0,infeasible_assignment,infeasible_assignment
72B,heldout,905,clear_table_with_two_robots_and_put_in_cabinet,1,0,0,0,infeasible_assignment,infeasible_assignment
72B,heldout,908,toast_bread_and_set_plate,0,0,0,0,OVER_BUDGET,OVER_BUDGET
72B,heldout,910,clear_table_with_two_robots_and_put_in_cabinet,1,0,0,0,infeasible_assignment,infeasible_assignment
72B,heldout,912,clear_table_with_two_robots_and_put_in_cabinet,1,0,0,0,infeasible_assignment,infeasible_assignment
72B,heldout,913,parallel_human_dual_asset_to_plate_or_bowl,0,1,1,1,SOLVED,SOLVED
72B,heldout,915,parallel_human_dual_asset_to_plate_or_bowl,0,1,1,1,SOLVED,SOLVED
72B,heldout,918,cut_fruit_on_board,0,1,1,1,SOLVED,SOLVED
72B,heldout,923,set_plate_and_fork_on_table,0,1,1,1,SOLVED,SOLVED
72B,heldout,927,parallel_human_dual_asset_to_plate_or_bowl,0,1,1,1,SOLVED,SOLVED
72B,heldout,932,dog_push_box_for_two_panda_transport,1,0,0,0,infeasible_assignment,infeasible_assignment
72B,heldout,941,toast_bread_and_set_plate,0,0,0,0,OVER_BUDGET,OVER_BUDGET
72B,heldout,942,set_plate_and_fork_on_table,0,1,1,1,SOLVED,SOLVED
72B,heldout,943,clear_table_with_two_robots_and_put_in_cabinet,1,0,0,0,infeasible_assignment,infeasible_assignment
72B,heldout,947,cut_two_fruits_on_board,0,1,1,1,SOLVED,SOLVED
72B,heldout,949,cut_fruit_on_board,0,1,1,1,SOLVED,SOLVED
72B,heldout,950,parallel_human_dual_asset_to_plate_or_bowl,0,1,1,1,SOLVED,SOLVED
72B,heldout,952,cut_two_fruits_on_board,0,0,0,0,GOAL_UNMET,GOAL_UNMET
72B,heldout,956,clear_table_with_two_robots_and_put_in_cabinet,1,0,0,0,infeasible_assignment,infeasible_assignment
72B,heldout,957,cut_fruit_on_board,0,1,1,1,SOLVED,SOLVED
72B,heldout,959,parallel_human_dual_asset_to_plate_or_bowl,0,1,1,1,SOLVED,SOLVED
72B,heldout,960,cut_two_fruits_on_board,0,1,1,1,SOLVED,SOLVED
72B,heldout,962,toast_bread_and_set_plate,0,0,0,0,OVER_BUDGET,OVER_BUDGET
72B,heldout,963,clear_table_with_two_robots_and_put_in_cabinet,1,0,0,0,infeasible_assignment,infeasible_assignment
72B,heldout,964,cut_two_fruits_on_board,0,1,1,1,SOLVED,SOLVED
72B,heldout,965,ensure_all_fruits_on_table,0,1,1,1,SOLVED,SOLVED
72B,heldout,966,set_plate_and_fork_on_table,0,1,1,1,SOLVED,SOLVED
72B,heldout,967,cut_two_fruits_on_board,0,1,1,1,SOLVED,SOLVED
72B,heldout,968,cut_fruit_on_board,0,1,1,1,SOLVED,SOLVED
72B,heldout,970,clear_table_with_two_robots_and_put_in_cabinet,1,0,0,0,infeasible_assignment,infeasible_assignment
72B,heldout,971,cut_fruit_on_board,0,1,1,1,SOLVED,SOLVED
72B,heldout,972,set_plate_and_fork_on_table,0,1,1,1,SOLVED,SOLVED
72B,heldout,973,cut_fruit_on_board,0,1,1,1,SOLVED,SOLVED
72B,heldout,974,parallel_human_dual_asset_to_plate_or_bowl,0,1,1,1,SOLVED,SOLVED
72B,heldout,975,clear_table_with_two_robots_and_put_in_cabinet,1,0,0,0,infeasible_assignment,infeasible_assignment
72B,heldout,976,cut_two_fruits_on_board,0,0,0,0,GOAL_UNMET,GOAL_UNMET
72B,heldout,977,cut_fruit_on_board,0,1,1,1,SOLVED,SOLVED
72B,heldout,979,cut_fruit_on_board,0,1,1,1,SOLVED,SOLVED
72B,heldout,980,cut_fruit_on_board,0,1,1,1,SOLVED,SOLVED
72B,heldout,981,clear_table_with_two_robots_and_put_in_cabinet,1,0,0,0,infeasible_assignment,infeasible_assignment
72B,heldout,982,ensure_all_fruits_on_table,0,1,1,1,SOLVED,SOLVED
72B,heldout,984,clear_table_with_two_robots_and_put_in_cabinet,1,0,0,0,infeasible_assignment,infeasible_assignment
72B,heldout,985,ensure_all_fruits_on_table,0,1,1,1,SOLVED,SOLVED
72B,heldout,987,set_plate_and_fork_on_table,0,1,1,1,SOLVED,SOLVED
72B,heldout,991,dog_push_box_for_two_panda_transport,1,0,0,0,infeasible_assignment,infeasible_assignment
72B,heldout,993,dog_push_box_for_two_panda_transport,1,0,0,0,infeasible_assignment,infeasible_assignment
72B,heldout,995,parallel_human_dual_asset_to_plate_or_bowl,0,1,1,1,SOLVED,SOLVED
72B,heldout,996,ensure_all_fruits_on_table,0,1,1,1,SOLVED,SOLVED
72B,heldout,997,clear_table_with_two_robots_and_put_in_cabinet,1,0,0,0,infeasible_assignment,infeasible_assignment
72B,heldout,999,cut_two_fruits_on_board,0,1,1,1,SOLVED,SOLVED
72B,heldout,1000,clear_table_with_two_robots_and_put_in_cabinet,1,0,0,0,infeasible_assignment,infeasible_assignment
72B,heldout,1002,ensure_all_fruits_on_table,0,1,1,1,SOLVED,SOLVED
72B,heldout,1005,toast_bread_and_set_plate,0,0,0,0,OVER_BUDGET,OVER_BUDGET
72B,heldout,1010,ensure_all_fruits_on_table,0,1,1,1,SOLVED,SOLVED
72B,heldout,1013,toast_bread_and_set_plate,0,0,0,0,OVER_BUDGET,OVER_BUDGET
72B,heldout,1014,clear_table_with_two_robots_and_put_in_cabinet,1,0,0,0,infeasible_assignment,infeasible_assignment
72B,heldout,1019,toast_bread_and_set_plate,0,0,0,0,OVER_BUDGET,OVER_BUDGET
72B,heldout,1020,clear_table_with_two_robots_and_put_in_cabinet,1,0,0,0,infeasible_assignment,infeasible_assignment
72B,heldout,1021,set_plate_and_fork_on_table,0,1,1,1,SOLVED,SOLVED
72B,heldout,1026,clear_table_with_two_robots_and_put_in_cabinet,1,0,0,0,infeasible_assignment,infeasible_assignment
72B,heldout,1027,cut_two_fruits_on_board,0,1,1,1,SOLVED,SOLVED
72B,heldout,1029,cut_two_fruits_on_board,0,1,1,1,SOLVED,SOLVED
72B,heldout,1030,set_plate_and_fork_on_table,0,1,1,1,SOLVED,SOLVED
72B,heldout,1032,ensure_all_fruits_on_table,0,0,0,0,GOAL_UNMET,GOAL_UNMET
72B,heldout,1034,toast_bread_and_set_plate,0,0,0,0,OVER_BUDGET,OVER_BUDGET
72B,heldout,1037,set_plate_and_fork_on_table,0,1,1,1,SOLVED,SOLVED
72B,heldout,1039,cut_fruit_on_board,0,1,1,1,SOLVED,SOLVED
72B,heldout,1040,toast_bread_and_set_plate,0,0,0,0,OVER_BUDGET,OVER_BUDGET
72B,heldout,1042,cut_two_fruits_on_board,0,0,0,0,GOAL_UNMET,GOAL_UNMET
72B,heldout,1043,cut_fruit_on_board,0,1,1,1,SOLVED,SOLVED
72B,heldout,1044,set_plate_and_fork_on_table,0,1,1,1,SOLVED,SOLVED
72B,heldout,1045,cut_two_fruits_on_board,0,0,0,0,GOAL_UNMET,GOAL_UNMET
72B,heldout,1048,toast_bread_and_set_plate,0,0,0,0,OVER_BUDGET,OVER_BUDGET
72B,heldout,1050,clear_table_with_two_robots_and_put_in_cabinet,1,0,0,0,infeasible_assignment,infeasible_assignment
72B,heldout,1051,cut_fruit_on_board,0,1,1,1,SOLVED,SOLVED
72B,heldout,1053,clear_table_with_two_robots_and_put_in_cabinet,1,0,0,0,infeasible_assignment,infeasible_assignment
72B,heldout,1054,clear_table_with_two_robots_and_put_in_cabinet,1,0,0,0,infeasible_assignment,infeasible_assignment
72B,heldout,1058,cut_fruit_on_board,0,1,1,1,SOLVED,SOLVED
72B,heldout,1060,ensure_all_fruits_on_table,0,1,1,1,SOLVED,SOLVED
72B,heldout,1061,parallel_human_dual_asset_to_plate_or_bowl,0,1,1,1,SOLVED,SOLVED
72B,heldout,1063,cut_fruit_on_board,0,1,1,1,SOLVED,SOLVED
72B,heldout,1064,dog_push_box_for_two_panda_transport,1,0,0,0,infeasible_assignment,infeasible_assignment
72B,heldout,1066,toast_bread_and_set_plate,0,0,0,0,OVER_BUDGET,OVER_BUDGET
72B,heldout,1067,clear_table_with_two_robots_and_put_in_cabinet,1,0,0,0,infeasible_assignment,infeasible_assignment
72B,heldout,1068,parallel_human_dual_asset_to_plate_or_bowl,0,1,1,1,SOLVED,SOLVED
72B,heldout,1070,parallel_human_dual_asset_to_plate_or_bowl,0,1,1,1,SOLVED,SOLVED
72B,heldout,1072,dog_push_box_for_two_panda_transport,1,0,0,0,infeasible_assignment,infeasible_assignment
72B,heldout,1075,cut_fruit_on_board,0,1,1,1,SOLVED,SOLVED
72B,heldout,1076,ensure_all_fruits_on_table,0,1,1,1,SOLVED,SOLVED
72B,heldout,1079,cut_fruit_on_board,0,1,1,1,SOLVED,SOLVED
72B,heldout,1080,toast_bread_and_set_plate,0,0,0,0,OVER_BUDGET,OVER_BUDGET
72B,heldout,1081,ensure_all_fruits_on_table,0,1,1,1,SOLVED,SOLVED
72B,heldout,1082,clear_table_with_two_robots_and_put_in_cabinet,1,0,0,0,infeasible_assignment,infeasible_assignment
72B,heldout,1085,clear_table_with_two_robots_and_put_in_cabinet,1,0,0,0,infeasible_assignment,infeasible_assignment
72B,heldout,1096,clear_table_with_two_robots_and_put_in_cabinet,1,0,0,0,infeasible_assignment,infeasible_assignment
72B,heldout,1098,set_plate_and_fork_on_table,0,1,1,1,SOLVED,SOLVED
72B,heldout,1103,dog_push_box_for_two_panda_transport,1,0,0,0,infeasible_assignment,infeasible_assignment
72B,heldout,1104,cut_fruit_on_board,0,1,1,1,SOLVED,SOLVED
72B,heldout,1105,cut_two_fruits_on_board,0,1,1,1,SOLVED,SOLVED
72B,heldout,1106,cut_fruit_on_board,0,1,1,1,SOLVED,SOLVED
72B,heldout,1107,clear_table_with_two_robots_and_put_in_cabinet,1,0,0,0,infeasible_assignment,infeasible_assignment
72B,heldout,1108,clear_table_with_two_robots_and_put_in_cabinet,1,0,0,0,infeasible_assignment,infeasible_assignment
72B,heldout,1109,clear_table_with_two_robots_and_put_in_cabinet,1,0,0,0,infeasible_assignment,infeasible_assignment
72B,heldout,1110,clear_table_with_two_robots_and_put_in_cabinet,1,0,0,0,infeasible_assignment,infeasible_assignment
72B,heldout,1113,ensure_all_fruits_on_table,0,1,1,1,SOLVED,SOLVED
72B,heldout,1114,cut_two_fruits_on_board,0,0,0,0,GOAL_UNMET,GOAL_UNMET
72B,heldout,1117,dog_push_box_for_two_panda_transport,1,0,0,0,infeasible_assignment,infeasible_assignment
72B,heldout,1122,ensure_all_fruits_on_table,0,1,1,1,SOLVED,SOLVED
72B,heldout,1124,set_plate_and_fork_on_table,0,1,1,1,SOLVED,SOLVED
72B,heldout,1125,ensure_all_fruits_on_table,0,1,1,1,SOLVED,SOLVED
72B,heldout,1126,cut_two_fruits_on_board,0,0,0,0,GOAL_UNMET,GOAL_UNMET
72B,heldout,1127,cut_two_fruits_on_board,0,1,1,1,SOLVED,SOLVED
72B,heldout,1128,toast_bread_and_set_plate,0,0,0,0,OVER_BUDGET,OVER_BUDGET
72B,heldout,1130,toast_bread_and_set_plate,0,0,0,0,OVER_BUDGET,OVER_BUDGET
72B,heldout,1134,toast_bread_and_set_plate,0,0,0,0,OVER_BUDGET,OVER_BUDGET
72B,heldout,1135,cut_fruit_on_board,0,1,1,1,SOLVED,SOLVED
72B,heldout,1136,clear_table_with_two_robots_and_put_in_cabinet,1,0,0,0,infeasible_assignment,infeasible_assignment
72B,heldout,1138,clear_table_with_two_robots_and_put_in_cabinet,1,0,0,0,infeasible_assignment,infeasible_assignment
72B,heldout,1143,toast_bread_and_set_plate,0,0,0,0,OVER_BUDGET,OVER_BUDGET
72B,heldout,1146,parallel_human_dual_asset_to_plate_or_bowl,0,1,1,1,SOLVED,SOLVED
72B,heldout,1149,clear_table_with_two_robots_and_put_in_cabinet,1,0,0,0,infeasible_assignment,infeasible_assignment
72B,heldout,1152,cut_two_fruits_on_board,0,1,1,1,SOLVED,SOLVED
72B,heldout,1153,clear_table_with_two_robots_and_put_in_cabinet,1,0,0,0,infeasible_assignment,infeasible_assignment
72B,heldout,1155,cut_two_fruits_on_board,0,1,1,1,SOLVED,SOLVED
72B,heldout,1156,parallel_human_dual_asset_to_plate_or_bowl,0,1,1,1,SOLVED,SOLVED
72B,heldout,1157,dog_push_box_for_two_panda_transport,1,0,0,0,infeasible_assignment,infeasible_assignment
72B,heldout,1158,cut_fruit_on_board,0,1,1,1,SOLVED,SOLVED
72B,heldout,1159,clear_table_with_two_robots_and_put_in_cabinet,1,0,0,0,infeasible_assignment,infeasible_assignment
72B,heldout,1162,parallel_human_dual_asset_to_plate_or_bowl,0,1,1,1,SOLVED,SOLVED
72B,heldout,1163,cut_fruit_on_board,0,0,0,0,GOAL_UNMET,GOAL_UNMET
72B,heldout,1164,clear_table_with_two_robots_and_put_in_cabinet,1,0,0,0,infeasible_assignment,infeasible_assignment
72B,heldout,1165,ensure_all_fruits_on_table,0,1,1,1,SOLVED,SOLVED
72B,heldout,1167,clear_table_with_two_robots_and_put_in_cabinet,1,0,0,0,infeasible_assignment,infeasible_assignment
72B,heldout,1173,clear_table_with_two_robots_and_put_in_cabinet,1,0,0,0,infeasible_assignment,infeasible_assignment
72B,heldout,1174,clear_table_with_two_robots_and_put_in_cabinet,1,0,0,0,infeasible_assignment,infeasible_assignment
72B,heldout,1176,toast_bread_and_set_plate,0,0,0,0,OVER_BUDGET,OVER_BUDGET
72B,heldout,1180,clear_table_with_two_robots_and_put_in_cabinet,1,0,0,0,infeasible_assignment,infeasible_assignment
72B,heldout,1181,clear_table_with_two_robots_and_put_in_cabinet,1,0,0,0,infeasible_assignment,infeasible_assignment
72B,heldout,1185,cut_fruit_on_board,0,1,1,1,SOLVED,SOLVED
72B,heldout,1187,clear_table_with_two_robots_and_put_in_cabinet,1,0,0,0,infeasible_assignment,infeasible_assignment
72B,heldout,1189,clear_table_with_two_robots_and_put_in_cabinet,1,0,0,0,infeasible_assignment,infeasible_assignment
72B,heldout,1190,cut_fruit_on_board,0,1,1,1,SOLVED,SOLVED
72B,heldout,1192,cut_two_fruits_on_board,0,1,1,1,SOLVED,SOLVED
72B,heldout,1193,cut_two_fruits_on_board,0,1,1,1,SOLVED,SOLVED
72B,heldout,1195,set_plate_and_fork_on_table,0,1,1,1,SOLVED,SOLVED
72B,heldout,1197,dog_push_box_for_two_panda_transport,1,0,0,0,infeasible_assignment,infeasible_assignment
72B,heldout,1200,cut_two_fruits_on_board,0,0,0,0,GOAL_UNMET,GOAL_UNMET
72B,heldout,1201,cut_two_fruits_on_board,0,1,1,1,SOLVED,SOLVED
72B,heldout,1202,parallel_human_dual_asset_to_plate_or_bowl,0,1,1,1,SOLVED,SOLVED
72B,heldout,1204,clear_table_with_two_robots_and_put_in_cabinet,1,0,0,0,infeasible_assignment,infeasible_assignment
72B,heldout,1205,clear_table_with_two_robots_and_put_in_cabinet,1,0,0,0,infeasible_assignment,infeasible_assignment
72B,heldout,1207,cut_fruit_on_board,0,1,1,1,SOLVED,SOLVED
72B,heldout,1210,cut_fruit_on_board,0,1,1,1,SOLVED,SOLVED
72B,heldout,1218,parallel_human_dual_asset_to_plate_or_bowl,0,1,1,1,SOLVED,SOLVED
72B,heldout,1219,clear_table_with_two_robots_and_put_in_cabinet,1,0,0,0,infeasible_assignment,infeasible_assignment
72B,heldout,1224,cut_fruit_on_board,0,1,1,1,SOLVED,SOLVED
72B,heldout,1225,toast_bread_and_set_plate,0,0,0,0,OVER_BUDGET,OVER_BUDGET
72B,heldout,1226,parallel_human_dual_asset_to_plate_or_bowl,0,1,1,1,SOLVED,SOLVED
72B,heldout,1227,cut_fruit_on_board,0,1,1,1,SOLVED,SOLVED
72B,heldout,1228,cut_fruit_on_board,0,1,1,1,SOLVED,SOLVED
72B,heldout,1231,set_plate_and_fork_on_table,0,1,1,1,SOLVED,SOLVED
72B,heldout,1232,cut_two_fruits_on_board,0,1,1,1,SOLVED,SOLVED
72B,heldout,1233,cut_fruit_on_board,0,1,1,1,SOLVED,SOLVED
72B,heldout,1234,cut_fruit_on_board,0,1,1,1,SOLVED,SOLVED
72B,heldout,1235,toast_bread_and_set_plate,0,0,0,0,OVER_BUDGET,OVER_BUDGET
72B,heldout,1236,set_plate_and_fork_on_table,0,1,1,1,SOLVED,SOLVED
72B,heldout,1241,clear_table_with_two_robots_and_put_in_cabinet,1,0,0,0,infeasible_assignment,infeasible_assignment
72B,heldout,1244,clear_table_with_two_robots_and_put_in_cabinet,1,0,0,0,infeasible_assignment,infeasible_assignment
72B,heldout,1247,cut_fruit_on_board,0,1,1,1,SOLVED,SOLVED
72B,heldout,1248,cut_fruit_on_board,0,1,1,1,SOLVED,SOLVED
72B,heldout,1252,toast_bread_and_set_plate,0,0,0,0,OVER_BUDGET,OVER_BUDGET
72B,heldout,1253,clear_table_with_two_robots_and_put_in_cabinet,1,0,0,0,infeasible_assignment,infeasible_assignment
72B,heldout,1255,toast_bread_and_set_plate,0,0,0,0,OVER_BUDGET,OVER_BUDGET
72B,heldout,1257,set_plate_and_fork_on_table,0,1,1,1,SOLVED,SOLVED
72B,heldout,1260,clear_table_with_two_robots_and_put_in_cabinet,1,0,0,0,infeasible_assignment,infeasible_assignment
72B,heldout,1261,clear_table_with_two_robots_and_put_in_cabinet,1,0,0,0,infeasible_assignment,infeasible_assignment
72B,heldout,1263,ensure_all_fruits_on_table,0,1,1,1,SOLVED,SOLVED
72B,heldout,1264,clear_table_with_two_robots_and_put_in_cabinet,1,0,0,0,infeasible_assignment,infeasible_assignment
72B,heldout,1265,cut_fruit_on_board,0,1,1,1,SOLVED,SOLVED
72B,heldout,1267,clear_table_with_two_robots_and_put_in_cabinet,1,0,0,0,infeasible_assignment,infeasible_assignment
72B,heldout,1268,set_plate_and_fork_on_table,0,1,1,1,SOLVED,SOLVED
72B,heldout,1272,clear_table_with_two_robots_and_put_in_cabinet,1,0,0,0,infeasible_assignment,infeasible_assignment
72B,heldout,1274,cut_fruit_on_board,0,1,1,1,SOLVED,SOLVED
72B,heldout,1276,clear_table_with_two_robots_and_put_in_cabinet,1,0,0,0,infeasible_assignment,infeasible_assignment
72B,heldout,1277,clear_table_with_two_robots_and_put_in_cabinet,1,0,0,0,infeasible_assignment,infeasible_assignment
72B,heldout,1280,cut_two_fruits_on_board,0,1,1,1,SOLVED,SOLVED
72B,heldout,1281,clear_table_with_two_robots_and_put_in_cabinet,1,0,0,0,infeasible_assignment,infeasible_assignment
72B,heldout,1282,parallel_human_dual_asset_to_plate_or_bowl,0,1,1,1,SOLVED,SOLVED
72B,heldout,1285,ensure_all_fruits_on_table,0,1,1,1,SOLVED,SOLVED
72B,heldout,1286,clear_table_with_two_robots_and_put_in_cabinet,1,0,0,0,infeasible_assignment,infeasible_assignment
72B,heldout,1289,toast_bread_and_set_plate,0,0,0,0,OVER_BUDGET,OVER_BUDGET
72B,heldout,1291,cut_fruit_on_board,0,1,1,1,SOLVED,SOLVED
72B,heldout,1293,set_plate_and_fork_on_table,0,1,1,1,SOLVED,SOLVED
72B,heldout,1294,cut_two_fruits_on_board,0,0,0,0,GOAL_UNMET,GOAL_UNMET
72B,heldout,1295,set_plate_and_fork_on_table,0,1,1,1,SOLVED,SOLVED
72B,heldout,1300,toast_bread_and_set_plate,0,0,0,0,OVER_BUDGET,OVER_BUDGET
72B,heldout,1303,ensure_all_fruits_on_table,0,1,1,1,SOLVED,SOLVED
72B,heldout,1304,set_plate_and_fork_on_table,0,1,1,1,SOLVED,SOLVED
72B,heldout,1306,dog_push_box_for_two_panda_transport,1,0,0,0,infeasible_assignment,infeasible_assignment
72B,heldout,1307,clear_table_with_two_robots_and_put_in_cabinet,1,0,0,0,infeasible_assignment,infeasible_assignment
72B,heldout,1308,clear_table_with_two_robots_and_put_in_cabinet,1,0,0,0,infeasible_assignment,infeasible_assignment
72B,heldout,1311,toast_bread_and_set_plate,0,0,0,0,OVER_BUDGET,OVER_BUDGET
72B,heldout,1312,cut_fruit_on_board,0,1,1,1,SOLVED,SOLVED
72B,heldout,1313,set_plate_and_fork_on_table,0,1,1,1,SOLVED,SOLVED
72B,heldout,1314,set_plate_and_fork_on_table,0,1,1,1,SOLVED,SOLVED
72B,heldout,1315,clear_table_with_two_robots_and_put_in_cabinet,1,0,0,0,infeasible_assignment,infeasible_assignment
72B,heldout,1317,parallel_human_dual_asset_to_plate_or_bowl,0,1,1,1,SOLVED,SOLVED
72B,heldout,1320,ensure_all_fruits_on_table,0,1,1,1,SOLVED,SOLVED
72B,heldout,1321,cut_fruit_on_board,0,1,1,1,SOLVED,SOLVED
72B,heldout,1322,cut_fruit_on_board,0,1,1,1,SOLVED,SOLVED
72B,heldout,1325,cut_two_fruits_on_board,0,1,1,1,SOLVED,SOLVED
72B,heldout,1327,clear_table_with_two_robots_and_put_in_cabinet,1,0,0,0,infeasible_assignment,infeasible_assignment
72B,heldout,1328,cut_fruit_on_board,0,1,1,1,SOLVED,SOLVED
72B,heldout,1330,ensure_all_fruits_on_table,0,0,0,0,GOAL_UNMET,GOAL_UNMET
72B,heldout,1331,cut_fruit_on_board,0,0,0,0,GOAL_UNMET,GOAL_UNMET
72B,heldout,1333,dog_push_box_for_two_panda_transport,1,0,0,0,infeasible_assignment,infeasible_assignment
72B,heldout,1338,clear_table_with_two_robots_and_put_in_cabinet,1,0,0,0,infeasible_assignment,infeasible_assignment
72B,heldout,1342,clear_table_with_two_robots_and_put_in_cabinet,1,0,0,0,infeasible_assignment,infeasible_assignment
72B,heldout,1345,set_plate_and_fork_on_table,0,1,1,1,SOLVED,SOLVED
72B,heldout,1348,dog_push_box_for_two_panda_transport,1,0,0,0,infeasible_assignment,infeasible_assignment
72B,heldout,1350,cut_two_fruits_on_board,0,0,0,0,GOAL_UNMET,GOAL_UNMET
72B,heldout,1351,toast_bread_and_set_plate,0,0,0,0,OVER_BUDGET,OVER_BUDGET
72B,heldout,1352,ensure_all_fruits_on_table,0,1,1,1,SOLVED,SOLVED
72B,heldout,1353,ensure_all_fruits_on_table,0,1,1,1,SOLVED,SOLVED
72B,heldout,1355,clear_table_with_two_robots_and_put_in_cabinet,1,0,0,0,infeasible_assignment,infeasible_assignment
72B,heldout,1356,ensure_all_fruits_on_table,0,1,1,1,SOLVED,SOLVED
72B,heldout,1357,cut_two_fruits_on_board,0,1,1,1,SOLVED,SOLVED
72B,heldout,1358,dog_push_box_for_two_panda_transport,1,0,0,0,infeasible_assignment,infeasible_assignment
72B,heldout,1359,set_plate_and_fork_on_table,0,1,1,1,SOLVED,SOLVED
72B,heldout,1361,set_plate_and_fork_on_table,0,1,1,1,SOLVED,SOLVED
72B,heldout,1363,clear_table_with_two_robots_and_put_in_cabinet,1,0,0,0,infeasible_assignment,infeasible_assignment
72B,heldout,1365,cut_fruit_on_board,0,1,1,1,SOLVED,SOLVED
72B,heldout,1366,cut_fruit_on_board,0,1,1,1,SOLVED,SOLVED
72B,heldout,1373,clear_table_with_two_robots_and_put_in_cabinet,1,0,0,0,infeasible_assignment,infeasible_assignment
72B,heldout,1374,cut_two_fruits_on_board,0,0,0,0,GOAL_UNMET,GOAL_UNMET
72B,heldout,1378,clear_table_with_two_robots_and_put_in_cabinet,1,0,0,0,infeasible_assignment,infeasible_assignment
72B,heldout,1379,set_plate_and_fork_on_table,0,1,1,1,SOLVED,SOLVED
72B,heldout,1380,ensure_all_fruits_on_table,0,1,1,1,SOLVED,SOLVED
72B,heldout,1383,cut_fruit_on_board,0,1,1,1,SOLVED,SOLVED
72B,heldout,1384,set_plate_and_fork_on_table,0,1,1,1,SOLVED,SOLVED
72B,heldout,1385,clear_table_with_two_robots_and_put_in_cabinet,1,0,0,0,infeasible_assignment,infeasible_assignment
72B,heldout,1387,cut_fruit_on_board,0,1,1,1,SOLVED,SOLVED
72B,heldout,1388,toast_bread_and_set_plate,0,0,0,0,OVER_BUDGET,OVER_BUDGET
72B,heldout,1389,cut_two_fruits_on_board,0,1,1,1,SOLVED,SOLVED
72B,heldout,1392,cut_fruit_on_board,0,1,1,1,SOLVED,SOLVED
72B,heldout,1393,cut_two_fruits_on_board,0,1,1,1,SOLVED,SOLVED
72B,heldout,1395,dog_push_box_for_two_panda_transport,1,0,0,0,infeasible_assignment,infeasible_assignment
72B,heldout,1397,cut_two_fruits_on_board,0,0,0,0,GOAL_UNMET,GOAL_UNMET
72B,heldout,1398,cut_two_fruits_on_board,0,1,1,1,SOLVED,SOLVED
72B,heldout,1399,clear_table_with_two_robots_and_put_in_cabinet,1,0,0,0,infeasible_assignment,infeasible_assignment
72B,heldout,1400,parallel_human_dual_asset_to_plate_or_bowl,0,1,1,1,SOLVED,SOLVED
72B,heldout,1401,toast_bread_and_set_plate,0,0,0,0,OVER_BUDGET,OVER_BUDGET
72B,heldout,1402,set_plate_and_fork_on_table,0,1,1,1,SOLVED,SOLVED
72B,heldout,1403,cut_fruit_on_board,0,1,1,1,SOLVED,SOLVED
72B,heldout,1404,dog_push_box_for_two_panda_transport,1,0,0,0,infeasible_assignment,infeasible_assignment
72B,heldout,1405,cut_two_fruits_on_board,0,1,1,1,SOLVED,SOLVED
72B,heldout,1406,cut_fruit_on_board,0,1,1,1,SOLVED,SOLVED
72B,heldout,1410,cut_fruit_on_board,0,1,1,1,SOLVED,SOLVED
72B,heldout,1411,cut_fruit_on_board,0,1,1,1,SOLVED,SOLVED
72B,heldout,1413,clear_table_with_two_robots_and_put_in_cabinet,1,0,0,0,infeasible_assignment,infeasible_assignment
72B,heldout,1415,clear_table_with_two_robots_and_put_in_cabinet,1,0,0,0,infeasible_assignment,infeasible_assignment
72B,heldout,1416,toast_bread_and_set_plate,0,0,0,0,OVER_BUDGET,OVER_BUDGET
72B,heldout,1419,dog_push_box_for_two_panda_transport,1,0,0,0,infeasible_assignment,infeasible_assignment
72B,heldout,1420,cut_fruit_on_board,0,1,1,1,SOLVED,SOLVED
72B,heldout,1424,dog_push_box_for_two_panda_transport,1,0,0,0,infeasible_assignment,infeasible_assignment
72B,heldout,1425,dog_push_box_for_two_panda_transport,1,0,0,0,infeasible_assignment,infeasible_assignment
72B,heldout,1429,ensure_all_fruits_on_table,0,1,1,1,SOLVED,SOLVED
72B,heldout,1431,clear_table_with_two_robots_and_put_in_cabinet,1,0,0,0,infeasible_assignment,infeasible_assignment
72B,heldout,1432,cut_two_fruits_on_board,0,0,0,0,GOAL_UNMET,GOAL_UNMET
72B,heldout,1434,clear_table_with_two_robots_and_put_in_cabinet,1,0,0,0,infeasible_assignment,infeasible_assignment
72B,heldout,1439,parallel_human_dual_asset_to_plate_or_bowl,0,1,1,1,SOLVED,SOLVED
72B,heldout,1440,clear_table_with_two_robots_and_put_in_cabinet,1,0,0,0,infeasible_assignment,infeasible_assignment
72B,heldout,1442,cut_fruit_on_board,0,0,0,0,GOAL_UNMET,GOAL_UNMET
72B,heldout,1443,cut_fruit_on_board,0,1,1,1,SOLVED,SOLVED
72B,heldout,1444,clear_table_with_two_robots_and_put_in_cabinet,1,0,0,0,infeasible_assignment,infeasible_assignment
72B,heldout,1447,clear_table_with_two_robots_and_put_in_cabinet,1,0,0,0,infeasible_assignment,infeasible_assignment
72B,heldout,1450,cut_two_fruits_on_board,0,1,1,1,SOLVED,SOLVED
72B,heldout,1451,clear_table_with_two_robots_and_put_in_cabinet,1,0,0,0,infeasible_assignment,infeasible_assignment
72B,heldout,1455,cut_fruit_on_board,0,1,1,1,SOLVED,SOLVED
72B,heldout,1456,clear_table_with_two_robots_and_put_in_cabinet,1,0,0,0,infeasible_assignment,infeasible_assignment
72B,heldout,1459,toast_bread_and_set_plate,0,0,0,0,OVER_BUDGET,OVER_BUDGET
72B,heldout,1460,ensure_all_fruits_on_table,0,1,1,1,SOLVED,SOLVED
72B,heldout,1465,cut_fruit_on_board,0,1,1,1,SOLVED,SOLVED
72B,heldout,1467,dog_push_box_for_two_panda_transport,1,0,0,0,infeasible_assignment,infeasible_assignment
72B,heldout,1468,clear_table_with_two_robots_and_put_in_cabinet,1,0,0,0,infeasible_assignment,infeasible_assignment
72B,heldout,1470,cut_fruit_on_board,0,1,1,1,SOLVED,SOLVED
72B,heldout,1473,cut_fruit_on_board,0,1,1,1,SOLVED,SOLVED
72B,heldout,1475,cut_fruit_on_board,0,1,1,1,SOLVED,SOLVED
72B,heldout,1477,cut_fruit_on_board,0,1,1,1,SOLVED,SOLVED
72B,heldout,1483,toast_bread_and_set_plate,0,0,0,0,OVER_BUDGET,OVER_BUDGET
72B,heldout,1484,cut_two_fruits_on_board,0,0,0,0,GOAL_UNMET,GOAL_UNMET
72B,heldout,1485,parallel_human_dual_asset_to_plate_or_bowl,0,1,1,1,SOLVED,SOLVED
72B,heldout,1487,clear_table_with_two_robots_and_put_in_cabinet,1,0,0,0,infeasible_assignment,infeasible_assignment
72B,heldout,1490,cut_fruit_on_board,0,0,0,0,GOAL_UNMET,GOAL_UNMET
72B,heldout,1492,clear_table_with_two_robots_and_put_in_cabinet,1,0,0,0,infeasible_assignment,infeasible_assignment
72B,heldout,1493,clear_table_with_two_robots_and_put_in_cabinet,1,0,0,0,infeasible_assignment,infeasible_assignment
72B,heldout,1496,cut_fruit_on_board,0,1,1,1,SOLVED,SOLVED
72B,heldout,1497,toast_bread_and_set_plate,0,0,0,0,OVER_BUDGET,OVER_BUDGET
72B,heldout,1503,toast_bread_and_set_plate,0,0,0,0,OVER_BUDGET,OVER_BUDGET
72B,heldout,1505,cut_fruit_on_board,0,1,1,1,SOLVED,SOLVED
72B,heldout,1506,ensure_all_fruits_on_table,0,0,0,0,GOAL_UNMET,GOAL_UNMET
72B,heldout,1507,cut_fruit_on_board,0,1,1,1,SOLVED,SOLVED
72B,heldout,1509,set_plate_and_fork_on_table,0,1,1,1,SOLVED,SOLVED
72B,heldout,1510,clear_table_with_two_robots_and_put_in_cabinet,1,0,0,0,infeasible_assignment,infeasible_assignment
72B,heldout,1511,clear_table_with_two_robots_and_put_in_cabinet,1,0,0,0,infeasible_assignment,infeasible_assignment
72B,heldout,1512,toast_bread_and_set_plate,0,0,0,0,OVER_BUDGET,OVER_BUDGET
72B,heldout,1515,cut_two_fruits_on_board,0,0,0,0,GOAL_UNMET,GOAL_UNMET
72B,heldout,1516,clear_table_with_two_robots_and_put_in_cabinet,1,0,0,0,infeasible_assignment,infeasible_assignment
72B,heldout,1520,cut_two_fruits_on_board,0,0,0,0,GOAL_UNMET,GOAL_UNMET
72B,heldout,1521,parallel_human_dual_asset_to_plate_or_bowl,0,1,1,1,SOLVED,SOLVED
72B,heldout,1522,cut_two_fruits_on_board,0,1,1,1,SOLVED,SOLVED
72B,heldout,1523,cut_two_fruits_on_board,0,1,1,1,SOLVED,SOLVED
72B,heldout,1525,set_plate_and_fork_on_table,0,1,1,1,SOLVED,SOLVED
72B,heldout,1527,dog_push_box_for_two_panda_transport,1,0,0,0,infeasible_assignment,infeasible_assignment
72B,heldout,1528,dog_push_box_for_two_panda_transport,1,0,0,0,infeasible_assignment,infeasible_assignment
72B,heldout,1530,clear_table_with_two_robots_and_put_in_cabinet,1,0,0,0,infeasible_assignment,infeasible_assignment
72B,heldout,1532,dog_push_box_for_two_panda_transport,1,0,0,0,infeasible_assignment,infeasible_assignment
72B,heldout,1533,clear_table_with_two_robots_and_put_in_cabinet,1,0,0,0,infeasible_assignment,infeasible_assignment
72B,heldout,1534,set_plate_and_fork_on_table,0,1,1,1,SOLVED,SOLVED
72B,heldout,1537,clear_table_with_two_robots_and_put_in_cabinet,1,0,0,0,infeasible_assignment,infeasible_assignment
72B,heldout,1538,parallel_human_dual_asset_to_plate_or_bowl,0,1,1,1,SOLVED,SOLVED
72B,heldout,1539,parallel_human_dual_asset_to_plate_or_bowl,0,1,1,1,SOLVED,SOLVED
72B,heldout,1546,cut_two_fruits_on_board,0,0,0,0,GOAL_UNMET,GOAL_UNMET
72B,heldout,1547,parallel_human_dual_asset_to_plate_or_bowl,0,1,1,1,SOLVED,SOLVED
72B,heldout,1548,parallel_human_dual_asset_to_plate_or_bowl,0,1,1,1,SOLVED,SOLVED
72B,heldout,1549,toast_bread_and_set_plate,0,0,0,0,OVER_BUDGET,OVER_BUDGET
72B,heldout,1554,clear_table_with_two_robots_and_put_in_cabinet,1,0,0,0,infeasible_assignment,infeasible_assignment
72B,heldout,1555,parallel_human_dual_asset_to_plate_or_bowl,0,1,1,1,SOLVED,SOLVED
72B,heldout,1556,ensure_all_fruits_on_table,0,1,1,1,SOLVED,SOLVED
72B,heldout,1559,cut_fruit_on_board,0,1,1,1,SOLVED,SOLVED
72B,heldout,1560,parallel_human_dual_asset_to_plate_or_bowl,0,1,1,1,SOLVED,SOLVED
72B,heldout,1565,ensure_all_fruits_on_table,0,1,1,1,SOLVED,SOLVED
72B,heldout,1569,dog_push_box_for_two_panda_transport,1,0,0,0,infeasible_assignment,infeasible_assignment
72B,heldout,1570,clear_table_with_two_robots_and_put_in_cabinet,1,0,0,0,infeasible_assignment,infeasible_assignment
72B,heldout,1571,cut_fruit_on_board,0,1,1,1,SOLVED,SOLVED
72B,heldout,1574,cut_fruit_on_board,0,1,1,1,SOLVED,SOLVED
72B,heldout,1576,toast_bread_and_set_plate,0,0,0,0,OVER_BUDGET,OVER_BUDGET
72B,heldout,1578,clear_table_with_two_robots_and_put_in_cabinet,1,0,0,0,infeasible_assignment,infeasible_assignment
72B,heldout,1579,cut_two_fruits_on_board,0,1,1,1,SOLVED,SOLVED
72B,heldout,1583,cut_fruit_on_board,0,1,1,1,SOLVED,SOLVED
72B,heldout,1584,set_plate_and_fork_on_table,0,1,1,1,SOLVED,SOLVED
72B,heldout,1585,cut_fruit_on_board,0,1,1,1,SOLVED,SOLVED
72B,heldout,1586,clear_table_with_two_robots_and_put_in_cabinet,1,0,0,0,infeasible_assignment,infeasible_assignment
72B,heldout,1589,toast_bread_and_set_plate,0,0,0,0,OVER_BUDGET,OVER_BUDGET
72B,heldout,1590,cut_fruit_on_board,0,1,1,1,SOLVED,SOLVED
72B,heldout,1591,cut_fruit_on_board,0,1,1,1,SOLVED,SOLVED
72B,heldout,1593,dog_push_box_for_two_panda_transport,1,0,0,0,infeasible_assignment,infeasible_assignment
72B,heldout,1594,clear_table_with_two_robots_and_put_in_cabinet,1,0,0,0,infeasible_assignment,infeasible_assignment
72B,heldout,1598,cut_fruit_on_board,0,1,1,1,SOLVED,SOLVED
72B,heldout,1600,toast_bread_and_set_plate,0,0,0,0,OVER_BUDGET,OVER_BUDGET
72B,heldout,1604,toast_bread_and_set_plate,0,0,0,0,OVER_BUDGET,OVER_BUDGET
72B,heldout,1605,ensure_all_fruits_on_table,0,1,1,1,SOLVED,SOLVED
72B,heldout,1609,dog_push_box_for_two_panda_transport,1,0,0,0,infeasible_assignment,infeasible_assignment
72B,heldout,1610,cut_fruit_on_board,0,1,1,1,SOLVED,SOLVED
72B,heldout,1611,toast_bread_and_set_plate,0,0,0,0,OVER_BUDGET,OVER_BUDGET
72B,heldout,1612,clear_table_with_two_robots_and_put_in_cabinet,1,0,0,0,infeasible_assignment,infeasible_assignment
72B,heldout,1613,cut_fruit_on_board,0,1,1,1,SOLVED,SOLVED
72B,heldout,1614,clear_table_with_two_robots_and_put_in_cabinet,1,0,0,0,infeasible_assignment,infeasible_assignment
72B,heldout,1617,cut_two_fruits_on_board,0,1,1,1,SOLVED,SOLVED
72B,heldout,1618,cut_fruit_on_board,0,1,1,1,SOLVED,SOLVED
72B,heldout,1627,ensure_all_fruits_on_table,0,0,0,0,GOAL_UNMET,GOAL_UNMET
72B,heldout,1628,cut_two_fruits_on_board,0,1,1,1,SOLVED,SOLVED
72B,heldout,1629,cut_two_fruits_on_board,0,1,1,1,SOLVED,SOLVED
72B,heldout,1630,cut_fruit_on_board,0,1,1,1,SOLVED,SOLVED
72B,heldout,1631,ensure_all_fruits_on_table,0,0,0,0,GOAL_UNMET,GOAL_UNMET
72B,heldout,1633,clear_table_with_two_robots_and_put_in_cabinet,1,0,0,0,infeasible_assignment,infeasible_assignment
72B,heldout,1634,dog_push_box_for_two_panda_transport,1,0,0,0,infeasible_assignment,infeasible_assignment
72B,heldout,1635,cut_two_fruits_on_board,0,1,1,1,SOLVED,SOLVED
72B,heldout,1637,dog_push_box_for_two_panda_transport,1,0,0,0,infeasible_assignment,infeasible_assignment
72B,heldout,1638,clear_table_with_two_robots_and_put_in_cabinet,1,0,0,0,infeasible_assignment,infeasible_assignment
72B,heldout,1639,clear_table_with_two_robots_and_put_in_cabinet,1,0,0,0,infeasible_assignment,infeasible_assignment
72B,heldout,1641,parallel_human_dual_asset_to_plate_or_bowl,0,1,1,1,SOLVED,SOLVED
72B,heldout,1642,ensure_all_fruits_on_table,0,1,1,1,SOLVED,SOLVED
72B,heldout,1643,cut_two_fruits_on_board,0,1,1,1,SOLVED,SOLVED
72B,heldout,1644,cut_fruit_on_board,0,1,1,1,SOLVED,SOLVED
72B,heldout,1646,set_plate_and_fork_on_table,0,1,1,1,SOLVED,SOLVED
72B,heldout,1647,cut_two_fruits_on_board,0,0,0,0,GOAL_UNMET,GOAL_UNMET
72B,heldout,1648,ensure_all_fruits_on_table,0,1,1,1,SOLVED,SOLVED
72B,heldout,1650,cut_fruit_on_board,0,1,1,1,SOLVED,SOLVED
72B,heldout,1651,dog_push_box_for_two_panda_transport,1,0,0,0,infeasible_assignment,infeasible_assignment
72B,heldout,1654,cut_fruit_on_board,0,1,1,1,SOLVED,SOLVED
72B,heldout,1655,clear_table_with_two_robots_and_put_in_cabinet,1,0,0,0,infeasible_assignment,infeasible_assignment
72B,heldout,1656,toast_bread_and_set_plate,0,0,0,0,OVER_BUDGET,OVER_BUDGET
72B,heldout,1664,clear_table_with_two_robots_and_put_in_cabinet,1,0,0,0,infeasible_assignment,infeasible_assignment
72B,heldout,1665,cut_two_fruits_on_board,0,0,0,0,GOAL_UNMET,GOAL_UNMET
72B,heldout,1666,ensure_all_fruits_on_table,0,1,1,1,SOLVED,SOLVED
72B,heldout,1668,ensure_all_fruits_on_table,0,0,0,0,GOAL_UNMET,GOAL_UNMET
72B,heldout,1670,set_plate_and_fork_on_table,0,1,1,1,SOLVED,SOLVED
72B,heldout,1671,cut_two_fruits_on_board,0,1,1,1,SOLVED,SOLVED
72B,heldout,1672,parallel_human_dual_asset_to_plate_or_bowl,0,1,1,1,SOLVED,SOLVED
72B,heldout,1674,clear_table_with_two_robots_and_put_in_cabinet,1,0,0,0,infeasible_assignment,infeasible_assignment
72B,heldout,1675,ensure_all_fruits_on_table,0,0,0,0,GOAL_UNMET,GOAL_UNMET
72B,heldout,1677,clear_table_with_two_robots_and_put_in_cabinet,1,0,0,0,infeasible_assignment,infeasible_assignment
72B,heldout,1678,cut_fruit_on_board,0,1,1,1,SOLVED,SOLVED
72B,heldout,1679,parallel_human_dual_asset_to_plate_or_bowl,0,1,1,1,SOLVED,SOLVED
72B,heldout,1680,cut_two_fruits_on_board,0,1,1,1,SOLVED,SOLVED
72B,heldout,1682,ensure_all_fruits_on_table,0,1,1,1,SOLVED,SOLVED
72B,heldout,1684,parallel_human_dual_asset_to_plate_or_bowl,0,1,1,1,SOLVED,SOLVED
72B,heldout,1685,set_plate_and_fork_on_table,0,1,1,1,SOLVED,SOLVED
72B,heldout,1686,clear_table_with_two_robots_and_put_in_cabinet,1,0,0,0,infeasible_assignment,infeasible_assignment
72B,heldout,1689,parallel_human_dual_asset_to_plate_or_bowl,0,1,1,1,SOLVED,SOLVED
72B,heldout,1690,cut_two_fruits_on_board,0,1,1,1,SOLVED,SOLVED
72B,heldout,1693,clear_table_with_two_robots_and_put_in_cabinet,1,0,0,0,infeasible_assignment,infeasible_assignment
72B,heldout,1694,clear_table_with_two_robots_and_put_in_cabinet,1,0,0,0,infeasible_assignment,infeasible_assignment
72B,heldout,1696,toast_bread_and_set_plate,0,0,0,0,OVER_BUDGET,OVER_BUDGET
72B,heldout,1697,clear_table_with_two_robots_and_put_in_cabinet,1,0,0,0,infeasible_assignment,infeasible_assignment
72B,heldout,1703,toast_bread_and_set_plate,0,0,0,0,OVER_BUDGET,OVER_BUDGET
72B,heldout,1704,parallel_human_dual_asset_to_plate_or_bowl,0,1,1,1,SOLVED,SOLVED
72B,heldout,1706,clear_table_with_two_robots_and_put_in_cabinet,1,0,0,0,infeasible_assignment,infeasible_assignment
72B,heldout,1707,clear_table_with_two_robots_and_put_in_cabinet,1,0,0,0,infeasible_assignment,infeasible_assignment
72B,heldout,1709,toast_bread_and_set_plate,0,0,0,0,OVER_BUDGET,OVER_BUDGET
72B,heldout,1714,ensure_all_fruits_on_table,0,1,1,1,SOLVED,SOLVED
72B,heldout,1715,cut_two_fruits_on_board,0,1,1,1,SOLVED,SOLVED
72B,heldout,1716,cut_fruit_on_board,0,1,1,1,SOLVED,SOLVED
72B,heldout,1719,toast_bread_and_set_plate,0,0,0,0,OVER_BUDGET,OVER_BUDGET
72B,heldout,1720,cut_fruit_on_board,0,1,1,1,SOLVED,SOLVED
72B,heldout,1724,cut_two_fruits_on_board,0,1,1,1,SOLVED,SOLVED
72B,heldout,1725,clear_table_with_two_robots_and_put_in_cabinet,1,0,0,0,infeasible_assignment,infeasible_assignment
72B,heldout,1726,clear_table_with_two_robots_and_put_in_cabinet,1,0,0,0,infeasible_assignment,infeasible_assignment
72B,heldout,1728,cut_fruit_on_board,0,1,1,1,SOLVED,SOLVED
72B,heldout,1729,ensure_all_fruits_on_table,0,0,0,0,GOAL_UNMET,GOAL_UNMET
72B,heldout,1730,cut_fruit_on_board,0,1,1,1,SOLVED,SOLVED
72B,heldout,1731,cut_two_fruits_on_board,0,1,1,1,SOLVED,SOLVED
72B,heldout,1732,cut_fruit_on_board,0,1,1,1,SOLVED,SOLVED
72B,heldout,1734,cut_fruit_on_board,0,1,1,1,SOLVED,SOLVED
72B,heldout,1735,ensure_all_fruits_on_table,0,1,1,1,SOLVED,SOLVED
72B,heldout,1736,clear_table_with_two_robots_and_put_in_cabinet,1,0,0,0,infeasible_assignment,infeasible_assignment
72B,heldout,1738,toast_bread_and_set_plate,0,0,0,0,OVER_BUDGET,OVER_BUDGET
72B,heldout,1740,dog_push_box_for_two_panda_transport,1,0,0,0,infeasible_assignment,infeasible_assignment
72B,heldout,1741,cut_fruit_on_board,0,1,1,1,SOLVED,SOLVED
72B,heldout,1743,cut_fruit_on_board,0,1,1,1,SOLVED,SOLVED
72B,heldout,1744,clear_table_with_two_robots_and_put_in_cabinet,1,0,0,0,infeasible_assignment,infeasible_assignment
72B,heldout,1745,cut_fruit_on_board,0,1,1,1,SOLVED,SOLVED
72B,heldout,1750,cut_fruit_on_board,0,1,1,1,SOLVED,SOLVED
72B,heldout,1751,clear_table_with_two_robots_and_put_in_cabinet,1,0,0,0,infeasible_assignment,infeasible_assignment
72B,heldout,1753,clear_table_with_two_robots_and_put_in_cabinet,1,0,0,0,infeasible_assignment,infeasible_assignment
72B,heldout,1755,cut_fruit_on_board,0,1,1,1,SOLVED,SOLVED
72B,heldout,1759,cut_fruit_on_board,0,1,1,1,SOLVED,SOLVED
72B,heldout,1762,clear_table_with_two_robots_and_put_in_cabinet,1,0,0,0,infeasible_assignment,infeasible_assignment
72B,heldout,1763,parallel_human_dual_asset_to_plate_or_bowl,0,1,1,1,SOLVED,SOLVED
72B,heldout,1764,clear_table_with_two_robots_and_put_in_cabinet,1,0,0,0,infeasible_assignment,infeasible_assignment
72B,heldout,1766,cut_fruit_on_board,0,1,1,1,SOLVED,SOLVED
72B,heldout,1767,set_plate_and_fork_on_table,0,1,1,1,SOLVED,SOLVED
72B,heldout,1769,cut_fruit_on_board,0,1,1,1,SOLVED,SOLVED
72B,heldout,1770,clear_table_with_two_robots_and_put_in_cabinet,1,0,0,0,infeasible_assignment,infeasible_assignment
72B,heldout,1771,clear_table_with_two_robots_and_put_in_cabinet,1,0,0,0,infeasible_assignment,infeasible_assignment
72B,heldout,1772,cut_two_fruits_on_board,0,0,0,0,GOAL_UNMET,GOAL_UNMET
72B,heldout,1778,parallel_human_dual_asset_to_plate_or_bowl,0,1,1,1,SOLVED,SOLVED
72B,heldout,1780,dog_push_box_for_two_panda_transport,1,0,0,0,infeasible_assignment,infeasible_assignment
72B,heldout,1781,clear_table_with_two_robots_and_put_in_cabinet,1,0,0,0,infeasible_assignment,infeasible_assignment
72B,heldout,1782,toast_bread_and_set_plate,0,0,0,0,OVER_BUDGET,OVER_BUDGET
72B,heldout,1784,toast_bread_and_set_plate,0,0,0,0,OVER_BUDGET,OVER_BUDGET
72B,heldout,1785,clear_table_with_two_robots_and_put_in_cabinet,1,0,0,0,infeasible_assignment,infeasible_assignment
72B,heldout,1786,set_plate_and_fork_on_table,0,1,1,1,SOLVED,SOLVED
72B,heldout,1787,set_plate_and_fork_on_table,0,1,1,1,SOLVED,SOLVED
72B,heldout,1792,cut_fruit_on_board,0,1,1,1,SOLVED,SOLVED
72B,heldout,1795,clear_table_with_two_robots_and_put_in_cabinet,1,0,0,0,infeasible_assignment,infeasible_assignment
72B,heldout,1796,cut_two_fruits_on_board,0,1,1,1,SOLVED,SOLVED
72B,heldout,1797,set_plate_and_fork_on_table,0,1,1,1,SOLVED,SOLVED
72B,heldout,1798,clear_table_with_two_robots_and_put_in_cabinet,1,0,0,0,infeasible_assignment,infeasible_assignment
72B,heldout,1799,cut_fruit_on_board,0,1,1,1,SOLVED,SOLVED
72B,heldout_sibgrp,2,dog_push_box_for_two_panda_transport,1,0,0,0,infeasible_assignment,infeasible_assignment
72B,heldout_sibgrp,3,ensure_all_fruits_on_table,0,1,1,1,SOLVED,SOLVED
72B,heldout_sibgrp,5,toast_bread_and_set_plate,0,0,0,0,OVER_BUDGET,OVER_BUDGET
72B,heldout_sibgrp,10,cut_fruit_on_board,0,0,0,0,GOAL_UNMET,GOAL_UNMET
72B,heldout_sibgrp,13,set_plate_and_fork_on_table,0,1,1,1,SOLVED,SOLVED
72B,heldout_sibgrp,14,toast_bread_and_set_plate,0,0,0,0,OVER_BUDGET,OVER_BUDGET
72B,heldout_sibgrp,15,clear_table_with_two_robots_and_put_in_cabinet,1,0,0,0,infeasible_assignment,infeasible_assignment
72B,heldout_sibgrp,19,cut_fruit_on_board,0,0,0,0,GOAL_UNMET,GOAL_UNMET
72B,heldout_sibgrp,20,ensure_all_fruits_on_table,0,1,1,1,SOLVED,SOLVED
72B,heldout_sibgrp,21,toast_bread_and_set_plate,0,0,0,0,OVER_BUDGET,OVER_BUDGET
72B,heldout_sibgrp,24,cut_fruit_on_board,0,0,0,0,GOAL_UNMET,GOAL_UNMET
72B,heldout_sibgrp,26,cut_two_fruits_on_board,0,0,0,0,GOAL_UNMET,GOAL_UNMET
72B,heldout_sibgrp,27,cut_two_fruits_on_board,0,1,1,1,SOLVED,SOLVED
72B,heldout_sibgrp,28,cut_fruit_on_board,0,0,0,0,GOAL_UNMET,GOAL_UNMET
72B,heldout_sibgrp,34,toast_bread_and_set_plate,0,0,0,0,OVER_BUDGET,OVER_BUDGET
72B,heldout_sibgrp,37,clear_table_with_two_robots_and_put_in_cabinet,1,0,0,0,infeasible_assignment,infeasible_assignment
72B,heldout_sibgrp,39,cut_two_fruits_on_board,0,0,0,0,GOAL_UNMET,GOAL_UNMET
72B,heldout_sibgrp,40,cut_two_fruits_on_board,0,1,1,1,SOLVED,SOLVED
72B,heldout_sibgrp,42,dog_push_box_for_two_panda_transport,1,0,0,0,infeasible_assignment,infeasible_assignment
72B,heldout_sibgrp,43,dog_push_box_for_two_panda_transport,1,0,0,0,infeasible_assignment,infeasible_assignment
72B,heldout_sibgrp,47,cut_two_fruits_on_board,0,1,1,1,SOLVED,SOLVED
72B,heldout_sibgrp,48,cut_fruit_on_board,0,0,0,0,GOAL_UNMET,GOAL_UNMET
72B,heldout_sibgrp,50,clear_table_with_two_robots_and_put_in_cabinet,1,0,0,0,infeasible_assignment,infeasible_assignment
72B,heldout_sibgrp,52,clear_table_with_two_robots_and_put_in_cabinet,1,0,0,0,infeasible_assignment,infeasible_assignment
72B,heldout_sibgrp,53,set_plate_and_fork_on_table,0,1,1,1,SOLVED,SOLVED
72B,heldout_sibgrp,54,toast_bread_and_set_plate,0,0,0,0,OVER_BUDGET,OVER_BUDGET
72B,heldout_sibgrp,55,clear_table_with_two_robots_and_put_in_cabinet,1,0,0,0,infeasible_assignment,infeasible_assignment
72B,heldout_sibgrp,56,set_plate_and_fork_on_table,0,1,1,1,SOLVED,SOLVED
72B,heldout_sibgrp,61,clear_table_with_two_robots_and_put_in_cabinet,1,0,0,0,infeasible_assignment,infeasible_assignment
72B,heldout_sibgrp,63,clear_table_with_two_robots_and_put_in_cabinet,1,0,0,0,infeasible_assignment,infeasible_assignment
72B,heldout_sibgrp,67,toast_bread_and_set_plate,0,0,0,0,OVER_BUDGET,OVER_BUDGET
72B,heldout_sibgrp,68,cut_fruit_on_board,0,0,0,0,GOAL_UNMET,GOAL_UNMET
72B,heldout_sibgrp,71,clear_table_with_two_robots_and_put_in_cabinet,1,0,0,0,infeasible_assignment,infeasible_assignment
72B,heldout_sibgrp,75,cut_two_fruits_on_board,0,0,0,0,GOAL_UNMET,GOAL_UNMET
72B,heldout_sibgrp,78,cut_two_fruits_on_board,0,0,0,0,GOAL_UNMET,GOAL_UNMET
72B,heldout_sibgrp,81,clear_table_with_two_robots_and_put_in_cabinet,1,0,0,0,infeasible_assignment,infeasible_assignment
72B,heldout_sibgrp,87,parallel_human_dual_asset_to_plate_or_bowl,0,1,1,1,SOLVED,SOLVED
72B,heldout_sibgrp,94,set_plate_and_fork_on_table,0,1,1,1,SOLVED,SOLVED
72B,heldout_sibgrp,95,cut_two_fruits_on_board,0,0,0,0,GOAL_UNMET,GOAL_UNMET
72B,heldout_sibgrp,96,set_plate_and_fork_on_table,0,1,1,1,SOLVED,SOLVED
72B,heldout_sibgrp,97,clear_table_with_two_robots_and_put_in_cabinet,1,0,0,0,infeasible_assignment,infeasible_assignment
72B,heldout_sibgrp,98,cut_fruit_on_board,0,0,0,0,GOAL_UNMET,GOAL_UNMET
72B,heldout_sibgrp,99,clear_table_with_two_robots_and_put_in_cabinet,1,0,0,0,infeasible_assignment,infeasible_assignment
72B,heldout_sibgrp,100,set_plate_and_fork_on_table,0,1,1,1,SOLVED,SOLVED
72B,heldout_sibgrp,102,cut_fruit_on_board,0,0,0,0,GOAL_UNMET,GOAL_UNMET
72B,heldout_sibgrp,103,cut_two_fruits_on_board,0,1,1,1,SOLVED,SOLVED
72B,heldout_sibgrp,105,cut_fruit_on_board,0,0,0,0,GOAL_UNMET,GOAL_UNMET
72B,heldout_sibgrp,107,toast_bread_and_set_plate,0,0,0,0,OVER_BUDGET,OVER_BUDGET
72B,heldout_sibgrp,109,cut_fruit_on_board,0,0,0,0,GOAL_UNMET,GOAL_UNMET
72B,heldout_sibgrp,110,set_plate_and_fork_on_table,0,1,1,1,SOLVED,SOLVED
72B,heldout_sibgrp,111,clear_table_with_two_robots_and_put_in_cabinet,1,0,0,0,infeasible_assignment,infeasible_assignment
72B,heldout_sibgrp,115,set_plate_and_fork_on_table,0,1,1,1,SOLVED,SOLVED
72B,heldout_sibgrp,117,clear_table_with_two_robots_and_put_in_cabinet,1,0,0,0,infeasible_assignment,infeasible_assignment
72B,heldout_sibgrp,118,ensure_all_fruits_on_table,0,1,1,1,SOLVED,SOLVED
72B,heldout_sibgrp,119,cut_fruit_on_board,0,0,0,0,GOAL_UNMET,GOAL_UNMET
72B,heldout_sibgrp,120,toast_bread_and_set_plate,0,0,0,0,OVER_BUDGET,OVER_BUDGET
72B,heldout_sibgrp,121,ensure_all_fruits_on_table,0,1,1,1,SOLVED,SOLVED
72B,heldout_sibgrp,122,dog_push_box_for_two_panda_transport,1,0,0,0,infeasible_assignment,infeasible_assignment
72B,heldout_sibgrp,125,clear_table_with_two_robots_and_put_in_cabinet,1,0,0,0,infeasible_assignment,infeasible_assignment
72B,heldout_sibgrp,127,ensure_all_fruits_on_table,0,1,1,1,SOLVED,SOLVED
72B,heldout_sibgrp,128,cut_fruit_on_board,0,0,0,0,GOAL_UNMET,GOAL_UNMET
72B,heldout_sibgrp,129,toast_bread_and_set_plate,0,0,0,0,OVER_BUDGET,OVER_BUDGET
72B,heldout_sibgrp,131,set_plate_and_fork_on_table,0,1,1,1,SOLVED,SOLVED
72B,heldout_sibgrp,132,parallel_human_dual_asset_to_plate_or_bowl,0,1,1,1,SOLVED,SOLVED
72B,heldout_sibgrp,134,toast_bread_and_set_plate,0,0,0,0,OVER_BUDGET,OVER_BUDGET
72B,heldout_sibgrp,137,cut_fruit_on_board,0,0,0,0,GOAL_UNMET,GOAL_UNMET
72B,heldout_sibgrp,138,clear_table_with_two_robots_and_put_in_cabinet,1,0,0,0,infeasible_assignment,infeasible_assignment
72B,heldout_sibgrp,140,clear_table_with_two_robots_and_put_in_cabinet,1,0,0,0,infeasible_assignment,infeasible_assignment
72B,heldout_sibgrp,141,toast_bread_and_set_plate,0,0,0,0,OVER_BUDGET,OVER_BUDGET
72B,heldout_sibgrp,142,cut_two_fruits_on_board,0,0,0,0,GOAL_UNMET,GOAL_UNMET
72B,heldout_sibgrp,144,parallel_human_dual_asset_to_plate_or_bowl,0,1,1,1,SOLVED,SOLVED
72B,heldout_sibgrp,145,set_plate_and_fork_on_table,0,1,1,1,SOLVED,SOLVED
72B,heldout_sibgrp,146,ensure_all_fruits_on_table,0,1,1,1,SOLVED,SOLVED
72B,heldout_sibgrp,147,toast_bread_and_set_plate,0,0,0,0,OVER_BUDGET,OVER_BUDGET
72B,heldout_sibgrp,148,clear_table_with_two_robots_and_put_in_cabinet,1,0,0,0,infeasible_assignment,infeasible_assignment
72B,heldout_sibgrp,149,cut_two_fruits_on_board,0,1,1,1,SOLVED,SOLVED
72B,heldout_sibgrp,151,ensure_all_fruits_on_table,0,1,1,1,SOLVED,SOLVED
72B,heldout_sibgrp,152,ensure_all_fruits_on_table,0,1,1,1,SOLVED,SOLVED
72B,heldout_sibgrp,155,cut_fruit_on_board,0,0,0,0,GOAL_UNMET,GOAL_UNMET
72B,heldout_sibgrp,156,cut_two_fruits_on_board,0,1,1,1,SOLVED,SOLVED
72B,heldout_sibgrp,163,cut_two_fruits_on_board,0,1,1,1,SOLVED,SOLVED
72B,heldout_sibgrp,164,parallel_human_dual_asset_to_plate_or_bowl,0,1,1,1,SOLVED,SOLVED
72B,heldout_sibgrp,165,clear_table_with_two_robots_and_put_in_cabinet,1,0,0,0,infeasible_assignment,infeasible_assignment
72B,heldout_sibgrp,166,clear_table_with_two_robots_and_put_in_cabinet,1,0,0,0,infeasible_assignment,infeasible_assignment
72B,heldout_sibgrp,167,toast_bread_and_set_plate,0,0,0,0,OVER_BUDGET,OVER_BUDGET
72B,heldout_sibgrp,168,cut_fruit_on_board,0,0,0,0,GOAL_UNMET,GOAL_UNMET
72B,heldout_sibgrp,171,cut_fruit_on_board,0,0,0,0,GOAL_UNMET,GOAL_UNMET
72B,heldout_sibgrp,172,cut_two_fruits_on_board,0,1,1,1,SOLVED,SOLVED
72B,heldout_sibgrp,173,toast_bread_and_set_plate,0,0,0,0,OVER_BUDGET,OVER_BUDGET
72B,heldout_sibgrp,174,cut_fruit_on_board,0,0,0,0,GOAL_UNMET,GOAL_UNMET
72B,heldout_sibgrp,175,set_plate_and_fork_on_table,0,1,1,1,SOLVED,SOLVED
72B,heldout_sibgrp,176,cut_two_fruits_on_board,0,1,1,1,SOLVED,SOLVED
72B,heldout_sibgrp,177,toast_bread_and_set_plate,0,0,0,0,OVER_BUDGET,OVER_BUDGET
72B,heldout_sibgrp,178,clear_table_with_two_robots_and_put_in_cabinet,1,0,0,0,infeasible_assignment,infeasible_assignment
72B,heldout_sibgrp,179,toast_bread_and_set_plate,0,0,0,0,OVER_BUDGET,OVER_BUDGET
72B,heldout_sibgrp,180,parallel_human_dual_asset_to_plate_or_bowl,0,1,1,1,SOLVED,SOLVED
72B,heldout_sibgrp,181,clear_table_with_two_robots_and_put_in_cabinet,1,0,0,0,infeasible_assignment,infeasible_assignment
72B,heldout_sibgrp,182,clear_table_with_two_robots_and_put_in_cabinet,1,0,0,0,infeasible_assignment,infeasible_assignment
72B,heldout_sibgrp,184,clear_table_with_two_robots_and_put_in_cabinet,1,0,0,0,infeasible_assignment,infeasible_assignment
72B,heldout_sibgrp,186,toast_bread_and_set_plate,0,0,0,0,OVER_BUDGET,OVER_BUDGET
72B,heldout_sibgrp,188,cut_fruit_on_board,0,0,0,0,GOAL_UNMET,GOAL_UNMET
72B,heldout_sibgrp,190,cut_fruit_on_board,0,0,0,0,GOAL_UNMET,GOAL_UNMET
72B,heldout_sibgrp,196,set_plate_and_fork_on_table,0,1,1,1,SOLVED,SOLVED
72B,heldout_sibgrp,197,clear_table_with_two_robots_and_put_in_cabinet,1,0,0,0,infeasible_assignment,infeasible_assignment
72B,heldout_sibgrp,198,cut_two_fruits_on_board,0,1,1,1,SOLVED,SOLVED
72B,heldout_sibgrp,199,cut_two_fruits_on_board,0,1,1,1,SOLVED,SOLVED
72B,heldout_sibgrp,200,clear_table_with_two_robots_and_put_in_cabinet,1,0,0,0,infeasible_assignment,infeasible_assignment
72B,heldout_sibgrp,204,cut_fruit_on_board,0,0,0,0,GOAL_UNMET,GOAL_UNMET
72B,heldout_sibgrp,205,toast_bread_and_set_plate,0,0,0,0,OVER_BUDGET,OVER_BUDGET
72B,heldout_sibgrp,206,clear_table_with_two_robots_and_put_in_cabinet,1,0,0,0,infeasible_assignment,infeasible_assignment
72B,heldout_sibgrp,207,toast_bread_and_set_plate,0,0,0,0,OVER_BUDGET,OVER_BUDGET
72B,heldout_sibgrp,209,clear_table_with_two_robots_and_put_in_cabinet,1,0,0,0,infeasible_assignment,infeasible_assignment
72B,heldout_sibgrp,211,parallel_human_dual_asset_to_plate_or_bowl,0,1,1,1,SOLVED,SOLVED
72B,heldout_sibgrp,213,set_plate_and_fork_on_table,0,1,1,1,SOLVED,SOLVED
72B,heldout_sibgrp,214,ensure_all_fruits_on_table,0,1,1,1,SOLVED,SOLVED
72B,heldout_sibgrp,215,ensure_all_fruits_on_table,0,1,1,1,SOLVED,SOLVED
72B,heldout_sibgrp,216,ensure_all_fruits_on_table,0,1,1,1,SOLVED,SOLVED
72B,heldout_sibgrp,218,set_plate_and_fork_on_table,0,1,1,1,SOLVED,SOLVED
72B,heldout_sibgrp,221,clear_table_with_two_robots_and_put_in_cabinet,1,0,0,0,infeasible_assignment,infeasible_assignment
72B,heldout_sibgrp,222,cut_two_fruits_on_board,0,1,1,1,SOLVED,SOLVED
72B,heldout_sibgrp,223,clear_table_with_two_robots_and_put_in_cabinet,1,0,0,0,infeasible_assignment,infeasible_assignment
72B,heldout_sibgrp,224,clear_table_with_two_robots_and_put_in_cabinet,1,0,0,0,infeasible_assignment,infeasible_assignment
72B,heldout_sibgrp,227,toast_bread_and_set_plate,0,0,0,0,OVER_BUDGET,OVER_BUDGET
72B,heldout_sibgrp,228,dog_push_box_for_two_panda_transport,1,0,0,0,infeasible_assignment,infeasible_assignment
72B,heldout_sibgrp,229,cut_fruit_on_board,0,0,0,0,GOAL_UNMET,GOAL_UNMET
72B,heldout_sibgrp,230,parallel_human_dual_asset_to_plate_or_bowl,0,1,1,1,SOLVED,SOLVED
72B,heldout_sibgrp,233,cut_fruit_on_board,0,0,0,0,GOAL_UNMET,GOAL_UNMET
72B,heldout_sibgrp,235,ensure_all_fruits_on_table,0,1,1,1,SOLVED,SOLVED
72B,heldout_sibgrp,236,set_plate_and_fork_on_table,0,1,1,1,SOLVED,SOLVED
72B,heldout_sibgrp,237,parallel_human_dual_asset_to_plate_or_bowl,0,1,1,1,SOLVED,SOLVED
72B,heldout_sibgrp,240,cut_fruit_on_board,0,0,0,0,GOAL_UNMET,GOAL_UNMET
72B,heldout_sibgrp,241,set_plate_and_fork_on_table,0,1,1,1,SOLVED,SOLVED
72B,heldout_sibgrp,242,toast_bread_and_set_plate,0,0,0,0,OVER_BUDGET,OVER_BUDGET
72B,heldout_sibgrp,248,cut_fruit_on_board,0,0,0,0,GOAL_UNMET,GOAL_UNMET
72B,heldout_sibgrp,249,parallel_human_dual_asset_to_plate_or_bowl,0,1,1,1,SOLVED,SOLVED
72B,heldout_sibgrp,251,parallel_human_dual_asset_to_plate_or_bowl,0,1,1,1,SOLVED,SOLVED
72B,heldout_sibgrp,253,parallel_human_dual_asset_to_plate_or_bowl,0,1,1,1,SOLVED,SOLVED
72B,heldout_sibgrp,254,set_plate_and_fork_on_table,0,1,1,1,SOLVED,SOLVED
72B,heldout_sibgrp,255,clear_table_with_two_robots_and_put_in_cabinet,1,0,0,0,infeasible_assignment,infeasible_assignment
72B,heldout_sibgrp,258,dog_push_box_for_two_panda_transport,1,0,0,0,infeasible_assignment,infeasible_assignment
72B,heldout_sibgrp,261,parallel_human_dual_asset_to_plate_or_bowl,0,1,1,1,SOLVED,SOLVED
72B,heldout_sibgrp,267,parallel_human_dual_asset_to_plate_or_bowl,0,1,1,1,SOLVED,SOLVED
72B,heldout_sibgrp,269,toast_bread_and_set_plate,0,0,0,0,OVER_BUDGET,OVER_BUDGET
72B,heldout_sibgrp,270,toast_bread_and_set_plate,0,0,0,0,OVER_BUDGET,OVER_BUDGET
72B,heldout_sibgrp,271,clear_table_with_two_robots_and_put_in_cabinet,1,0,0,0,infeasible_assignment,infeasible_assignment
72B,heldout_sibgrp,272,set_plate_and_fork_on_table,0,1,1,1,SOLVED,SOLVED
72B,heldout_sibgrp,275,cut_fruit_on_board,0,0,0,0,GOAL_UNMET,GOAL_UNMET
72B,heldout_sibgrp,277,cut_two_fruits_on_board,0,0,0,0,GOAL_UNMET,GOAL_UNMET
72B,heldout_sibgrp,278,toast_bread_and_set_plate,0,0,0,0,OVER_BUDGET,OVER_BUDGET
72B,heldout_sibgrp,279,parallel_human_dual_asset_to_plate_or_bowl,0,1,1,1,SOLVED,SOLVED
72B,heldout_sibgrp,280,cut_fruit_on_board,0,0,0,0,GOAL_UNMET,GOAL_UNMET
72B,heldout_sibgrp,283,cut_two_fruits_on_board,0,1,1,1,SOLVED,SOLVED
72B,heldout_sibgrp,284,dog_push_box_for_two_panda_transport,1,0,0,0,infeasible_assignment,infeasible_assignment
72B,heldout_sibgrp,287,set_plate_and_fork_on_table,0,1,1,1,SOLVED,SOLVED
72B,heldout_sibgrp,293,ensure_all_fruits_on_table,0,1,1,1,SOLVED,SOLVED
72B,heldout_sibgrp,295,toast_bread_and_set_plate,0,0,0,0,OVER_BUDGET,OVER_BUDGET
72B,heldout_sibgrp,296,cut_fruit_on_board,0,0,0,0,GOAL_UNMET,GOAL_UNMET
72B,heldout_sibgrp,297,parallel_human_dual_asset_to_plate_or_bowl,0,1,1,1,SOLVED,SOLVED
72B,heldout_sibgrp,298,parallel_human_dual_asset_to_plate_or_bowl,0,1,1,1,SOLVED,SOLVED
72B,heldout_sibgrp,299,clear_table_with_two_robots_and_put_in_cabinet,1,0,0,0,infeasible_assignment,infeasible_assignment
72B,heldout_sibgrp,302,ensure_all_fruits_on_table,0,1,1,1,SOLVED,SOLVED
72B,heldout_sibgrp,303,parallel_human_dual_asset_to_plate_or_bowl,0,1,1,1,SOLVED,SOLVED
72B,heldout_sibgrp,311,clear_table_with_two_robots_and_put_in_cabinet,1,0,0,0,infeasible_assignment,infeasible_assignment
72B,heldout_sibgrp,313,parallel_human_dual_asset_to_plate_or_bowl,0,1,1,1,SOLVED,SOLVED
72B,heldout_sibgrp,315,toast_bread_and_set_plate,0,0,0,0,OVER_BUDGET,OVER_BUDGET
72B,heldout_sibgrp,316,set_plate_and_fork_on_table,0,1,1,1,SOLVED,SOLVED
72B,heldout_sibgrp,317,ensure_all_fruits_on_table,0,1,1,1,SOLVED,SOLVED
72B,heldout_sibgrp,318,clear_table_with_two_robots_and_put_in_cabinet,1,0,0,0,infeasible_assignment,infeasible_assignment
72B,heldout_sibgrp,323,cut_fruit_on_board,0,0,0,0,GOAL_UNMET,GOAL_UNMET
72B,heldout_sibgrp,324,toast_bread_and_set_plate,0,0,0,0,OVER_BUDGET,OVER_BUDGET
72B,heldout_sibgrp,325,clear_table_with_two_robots_and_put_in_cabinet,1,0,0,0,infeasible_assignment,infeasible_assignment
72B,heldout_sibgrp,329,clear_table_with_two_robots_and_put_in_cabinet,1,0,0,0,infeasible_assignment,infeasible_assignment
72B,heldout_sibgrp,330,ensure_all_fruits_on_table,0,0,0,0,GOAL_UNMET,GOAL_UNMET
72B,heldout_sibgrp,334,set_plate_and_fork_on_table,0,1,1,1,SOLVED,SOLVED
72B,heldout_sibgrp,339,toast_bread_and_set_plate,0,0,0,0,OVER_BUDGET,OVER_BUDGET
72B,heldout_sibgrp,340,set_plate_and_fork_on_table,0,1,1,1,SOLVED,SOLVED
72B,heldout_sibgrp,344,cut_fruit_on_board,0,0,0,0,GOAL_UNMET,GOAL_UNMET
72B,heldout_sibgrp,345,clear_table_with_two_robots_and_put_in_cabinet,1,0,0,0,infeasible_assignment,infeasible_assignment
72B,heldout_sibgrp,346,cut_fruit_on_board,0,0,0,0,GOAL_UNMET,GOAL_UNMET
72B,heldout_sibgrp,347,cut_fruit_on_board,0,0,0,0,GOAL_UNMET,GOAL_UNMET
72B,heldout_sibgrp,348,cut_fruit_on_board,0,0,0,0,GOAL_UNMET,GOAL_UNMET
72B,heldout_sibgrp,349,toast_bread_and_set_plate,0,0,0,0,OVER_BUDGET,OVER_BUDGET
72B,heldout_sibgrp,352,cut_two_fruits_on_board,0,0,0,0,GOAL_UNMET,GOAL_UNMET
72B,heldout_sibgrp,353,cut_two_fruits_on_board,0,0,0,0,GOAL_UNMET,GOAL_UNMET
72B,heldout_sibgrp,358,cut_two_fruits_on_board,0,1,1,1,SOLVED,SOLVED
72B,heldout_sibgrp,359,toast_bread_and_set_plate,0,0,0,0,OVER_BUDGET,OVER_BUDGET
72B,heldout_sibgrp,360,toast_bread_and_set_plate,0,0,0,0,OVER_BUDGET,OVER_BUDGET
72B,heldout_sibgrp,361,dog_push_box_for_two_panda_transport,1,0,0,0,infeasible_assignment,infeasible_assignment
72B,heldout_sibgrp,362,ensure_all_fruits_on_table,0,1,1,1,SOLVED,SOLVED
72B,heldout_sibgrp,364,parallel_human_dual_asset_to_plate_or_bowl,0,1,1,1,SOLVED,SOLVED
72B,heldout_sibgrp,365,cut_fruit_on_board,0,0,0,0,GOAL_UNMET,GOAL_UNMET
72B,heldout_sibgrp,366,dog_push_box_for_two_panda_transport,1,0,0,0,infeasible_assignment,infeasible_assignment
72B,heldout_sibgrp,367,cut_two_fruits_on_board,0,1,1,1,SOLVED,SOLVED
72B,heldout_sibgrp,368,set_plate_and_fork_on_table,0,1,1,1,SOLVED,SOLVED
72B,heldout_sibgrp,372,set_plate_and_fork_on_table,0,1,1,1,SOLVED,SOLVED
72B,heldout_sibgrp,375,cut_fruit_on_board,0,0,0,0,GOAL_UNMET,GOAL_UNMET
72B,heldout_sibgrp,376,cut_fruit_on_board,0,0,0,0,GOAL_UNMET,GOAL_UNMET
72B,heldout_sibgrp,378,clear_table_with_two_robots_and_put_in_cabinet,1,0,0,0,infeasible_assignment,infeasible_assignment
72B,heldout_sibgrp,381,clear_table_with_two_robots_and_put_in_cabinet,1,0,0,0,infeasible_assignment,infeasible_assignment
72B,heldout_sibgrp,382,toast_bread_and_set_plate,0,0,0,0,OVER_BUDGET,OVER_BUDGET
72B,heldout_sibgrp,383,clear_table_with_two_robots_and_put_in_cabinet,1,0,0,0,infeasible_assignment,infeasible_assignment
72B,heldout_sibgrp,391,parallel_human_dual_asset_to_plate_or_bowl,0,1,1,1,SOLVED,SOLVED
72B,heldout_sibgrp,392,set_plate_and_fork_on_table,0,1,1,1,SOLVED,SOLVED
72B,heldout_sibgrp,393,cut_fruit_on_board,0,0,0,0,GOAL_UNMET,GOAL_UNMET
72B,heldout_sibgrp,394,clear_table_with_two_robots_and_put_in_cabinet,1,0,0,0,infeasible_assignment,infeasible_assignment
72B,heldout_sibgrp,395,parallel_human_dual_asset_to_plate_or_bowl,0,1,1,1,SOLVED,SOLVED
72B,heldout_sibgrp,397,clear_table_with_two_robots_and_put_in_cabinet,1,0,0,0,infeasible_assignment,infeasible_assignment
72B,heldout_sibgrp,398,toast_bread_and_set_plate,0,0,0,0,OVER_BUDGET,OVER_BUDGET
72B,heldout_sibgrp,401,cut_two_fruits_on_board,0,0,0,0,GOAL_UNMET,GOAL_UNMET
72B,heldout_sibgrp,402,toast_bread_and_set_plate,0,0,0,0,OVER_BUDGET,OVER_BUDGET
72B,heldout_sibgrp,404,toast_bread_and_set_plate,0,0,0,0,OVER_BUDGET,OVER_BUDGET
72B,heldout_sibgrp,406,parallel_human_dual_asset_to_plate_or_bowl,0,1,1,1,SOLVED,SOLVED
72B,heldout_sibgrp,407,cut_two_fruits_on_board,0,1,1,1,SOLVED,SOLVED
72B,heldout_sibgrp,409,toast_bread_and_set_plate,0,0,0,0,OVER_BUDGET,OVER_BUDGET
72B,heldout_sibgrp,410,clear_table_with_two_robots_and_put_in_cabinet,1,0,0,0,infeasible_assignment,infeasible_assignment
72B,heldout_sibgrp,412,clear_table_with_two_robots_and_put_in_cabinet,1,0,0,0,infeasible_assignment,infeasible_assignment
72B,heldout_sibgrp,416,clear_table_with_two_robots_and_put_in_cabinet,1,0,0,0,infeasible_assignment,infeasible_assignment
72B,heldout_sibgrp,421,cut_fruit_on_board,0,0,0,0,GOAL_UNMET,GOAL_UNMET
72B,heldout_sibgrp,422,clear_table_with_two_robots_and_put_in_cabinet,1,0,0,0,infeasible_assignment,infeasible_assignment
72B,heldout_sibgrp,423,clear_table_with_two_robots_and_put_in_cabinet,1,0,0,0,infeasible_assignment,infeasible_assignment
72B,heldout_sibgrp,424,cut_two_fruits_on_board,0,0,0,0,GOAL_UNMET,GOAL_UNMET
72B,heldout_sibgrp,426,cut_two_fruits_on_board,0,1,1,1,SOLVED,SOLVED
72B,heldout_sibgrp,428,cut_two_fruits_on_board,0,0,0,0,GOAL_UNMET,GOAL_UNMET
72B,heldout_sibgrp,430,cut_fruit_on_board,0,0,0,0,GOAL_UNMET,GOAL_UNMET
72B,heldout_sibgrp,434,ensure_all_fruits_on_table,0,1,1,1,SOLVED,SOLVED
72B,heldout_sibgrp,436,cut_two_fruits_on_board,0,0,0,0,GOAL_UNMET,GOAL_UNMET
72B,heldout_sibgrp,437,toast_bread_and_set_plate,0,0,0,0,OVER_BUDGET,OVER_BUDGET
72B,heldout_sibgrp,439,cut_two_fruits_on_board,0,0,0,0,GOAL_UNMET,GOAL_UNMET
72B,heldout_sibgrp,440,clear_table_with_two_robots_and_put_in_cabinet,1,0,0,0,infeasible_assignment,infeasible_assignment
72B,heldout_sibgrp,443,toast_bread_and_set_plate,0,0,0,0,OVER_BUDGET,OVER_BUDGET
72B,heldout_sibgrp,447,dog_push_box_for_two_panda_transport,1,0,0,0,infeasible_assignment,infeasible_assignment
72B,heldout_sibgrp,451,cut_fruit_on_board,0,0,0,0,GOAL_UNMET,GOAL_UNMET
72B,heldout_sibgrp,452,cut_fruit_on_board,0,0,0,0,GOAL_UNMET,GOAL_UNMET
72B,heldout_sibgrp,454,set_plate_and_fork_on_table,0,1,1,1,SOLVED,SOLVED
72B,heldout_sibgrp,458,cut_fruit_on_board,0,0,0,0,GOAL_UNMET,GOAL_UNMET
72B,heldout_sibgrp,459,parallel_human_dual_asset_to_plate_or_bowl,0,1,1,1,SOLVED,SOLVED
72B,heldout_sibgrp,462,cut_two_fruits_on_board,0,1,1,1,SOLVED,SOLVED
72B,heldout_sibgrp,466,parallel_human_dual_asset_to_plate_or_bowl,0,1,1,1,SOLVED,SOLVED
72B,heldout_sibgrp,472,parallel_human_dual_asset_to_plate_or_bowl,0,1,1,1,SOLVED,SOLVED
72B,heldout_sibgrp,474,cut_fruit_on_board,0,0,0,0,GOAL_UNMET,GOAL_UNMET
72B,heldout_sibgrp,475,clear_table_with_two_robots_and_put_in_cabinet,1,0,0,0,infeasible_assignment,infeasible_assignment
72B,heldout_sibgrp,476,cut_two_fruits_on_board,0,0,0,0,GOAL_UNMET,GOAL_UNMET
72B,heldout_sibgrp,478,toast_bread_and_set_plate,0,0,0,0,OVER_BUDGET,OVER_BUDGET
72B,heldout_sibgrp,479,cut_fruit_on_board,0,0,0,0,GOAL_UNMET,GOAL_UNMET
72B,heldout_sibgrp,480,clear_table_with_two_robots_and_put_in_cabinet,1,0,0,0,infeasible_assignment,infeasible_assignment
72B,heldout_sibgrp,481,toast_bread_and_set_plate,0,0,0,0,OVER_BUDGET,OVER_BUDGET
72B,heldout_sibgrp,484,cut_fruit_on_board,0,0,0,0,GOAL_UNMET,GOAL_UNMET
72B,heldout_sibgrp,485,dog_push_box_for_two_panda_transport,1,0,0,0,infeasible_assignment,infeasible_assignment
72B,heldout_sibgrp,486,clear_table_with_two_robots_and_put_in_cabinet,1,0,0,0,infeasible_assignment,infeasible_assignment
72B,heldout_sibgrp,487,dog_push_box_for_two_panda_transport,1,0,0,0,infeasible_assignment,infeasible_assignment
72B,heldout_sibgrp,489,toast_bread_and_set_plate,0,0,0,0,OVER_BUDGET,OVER_BUDGET
72B,heldout_sibgrp,494,clear_table_with_two_robots_and_put_in_cabinet,1,0,0,0,infeasible_assignment,infeasible_assignment
72B,heldout_sibgrp,496,parallel_human_dual_asset_to_plate_or_bowl,0,1,1,1,SOLVED,SOLVED
72B,heldout_sibgrp,497,cut_fruit_on_board,0,0,0,0,GOAL_UNMET,GOAL_UNMET
72B,heldout_sibgrp,498,cut_fruit_on_board,0,0,0,0,GOAL_UNMET,GOAL_UNMET
72B,heldout_sibgrp,501,cut_fruit_on_board,0,0,0,0,GOAL_UNMET,GOAL_UNMET
72B,heldout_sibgrp,502,clear_table_with_two_robots_and_put_in_cabinet,1,0,0,0,infeasible_assignment,infeasible_assignment
72B,heldout_sibgrp,503,parallel_human_dual_asset_to_plate_or_bowl,0,1,1,1,SOLVED,SOLVED
72B,heldout_sibgrp,504,toast_bread_and_set_plate,0,0,0,0,OVER_BUDGET,OVER_BUDGET
72B,heldout_sibgrp,507,cut_two_fruits_on_board,0,0,0,0,GOAL_UNMET,GOAL_UNMET
72B,heldout_sibgrp,510,parallel_human_dual_asset_to_plate_or_bowl,0,1,1,1,SOLVED,SOLVED
72B,heldout_sibgrp,512,clear_table_with_two_robots_and_put_in_cabinet,1,0,0,0,infeasible_assignment,infeasible_assignment
72B,heldout_sibgrp,513,parallel_human_dual_asset_to_plate_or_bowl,0,1,1,1,SOLVED,SOLVED
72B,heldout_sibgrp,515,clear_table_with_two_robots_and_put_in_cabinet,1,0,0,0,infeasible_assignment,infeasible_assignment
72B,heldout_sibgrp,516,cut_fruit_on_board,0,0,0,0,GOAL_UNMET,GOAL_UNMET
72B,heldout_sibgrp,517,toast_bread_and_set_plate,0,0,0,0,OVER_BUDGET,OVER_BUDGET
72B,heldout_sibgrp,519,cut_fruit_on_board,0,0,0,0,GOAL_UNMET,GOAL_UNMET
72B,heldout_sibgrp,520,set_plate_and_fork_on_table,0,1,1,1,SOLVED,SOLVED
72B,heldout_sibgrp,525,clear_table_with_two_robots_and_put_in_cabinet,1,0,0,0,infeasible_assignment,infeasible_assignment
72B,heldout_sibgrp,531,cut_two_fruits_on_board,0,1,1,1,SOLVED,SOLVED
72B,heldout_sibgrp,532,ensure_all_fruits_on_table,0,1,1,1,SOLVED,SOLVED
72B,heldout_sibgrp,536,set_plate_and_fork_on_table,0,1,1,1,SOLVED,SOLVED
72B,heldout_sibgrp,537,ensure_all_fruits_on_table,0,1,1,1,SOLVED,SOLVED
72B,heldout_sibgrp,539,ensure_all_fruits_on_table,0,1,1,1,SOLVED,SOLVED
72B,heldout_sibgrp,541,cut_fruit_on_board,0,0,0,0,GOAL_UNMET,GOAL_UNMET
72B,heldout_sibgrp,544,clear_table_with_two_robots_and_put_in_cabinet,1,0,0,0,infeasible_assignment,infeasible_assignment
72B,heldout_sibgrp,545,clear_table_with_two_robots_and_put_in_cabinet,1,0,0,0,infeasible_assignment,infeasible_assignment
72B,heldout_sibgrp,546,ensure_all_fruits_on_table,0,1,1,1,SOLVED,SOLVED
72B,heldout_sibgrp,548,parallel_human_dual_asset_to_plate_or_bowl,0,1,1,1,SOLVED,SOLVED
72B,heldout_sibgrp,549,cut_two_fruits_on_board,0,1,1,1,SOLVED,SOLVED
72B,heldout_sibgrp,551,set_plate_and_fork_on_table,0,1,1,1,SOLVED,SOLVED
72B,heldout_sibgrp,552,cut_two_fruits_on_board,0,0,0,0,GOAL_UNMET,GOAL_UNMET
72B,heldout_sibgrp,555,parallel_human_dual_asset_to_plate_or_bowl,0,1,1,1,SOLVED,SOLVED
72B,heldout_sibgrp,559,ensure_all_fruits_on_table,0,1,1,1,SOLVED,SOLVED
72B,heldout_sibgrp,561,set_plate_and_fork_on_table,0,1,1,1,SOLVED,SOLVED
72B,heldout_sibgrp,562,ensure_all_fruits_on_table,0,0,0,0,GOAL_UNMET,GOAL_UNMET
72B,heldout_sibgrp,563,cut_fruit_on_board,0,0,0,0,GOAL_UNMET,GOAL_UNMET
72B,heldout_sibgrp,564,set_plate_and_fork_on_table,0,1,1,1,SOLVED,SOLVED
72B,heldout_sibgrp,566,set_plate_and_fork_on_table,0,1,1,1,SOLVED,SOLVED
72B,heldout_sibgrp,569,cut_two_fruits_on_board,0,0,0,0,GOAL_UNMET,GOAL_UNMET
72B,heldout_sibgrp,570,clear_table_with_two_robots_and_put_in_cabinet,1,0,0,0,infeasible_assignment,infeasible_assignment
72B,heldout_sibgrp,571,cut_fruit_on_board,0,0,0,0,GOAL_UNMET,GOAL_UNMET
72B,heldout_sibgrp,572,toast_bread_and_set_plate,0,0,0,0,OVER_BUDGET,OVER_BUDGET
72B,heldout_sibgrp,573,toast_bread_and_set_plate,0,0,0,0,OVER_BUDGET,OVER_BUDGET
72B,heldout_sibgrp,576,parallel_human_dual_asset_to_plate_or_bowl,0,1,1,1,SOLVED,SOLVED
72B,heldout_sibgrp,578,ensure_all_fruits_on_table,0,1,1,1,SOLVED,SOLVED
72B,heldout_sibgrp,579,toast_bread_and_set_plate,0,0,0,0,OVER_BUDGET,OVER_BUDGET
72B,heldout_sibgrp,581,clear_table_with_two_robots_and_put_in_cabinet,1,0,0,0,infeasible_assignment,infeasible_assignment
72B,heldout_sibgrp,582,ensure_all_fruits_on_table,0,0,0,0,GOAL_UNMET,GOAL_UNMET
72B,heldout_sibgrp,584,set_plate_and_fork_on_table,0,1,1,1,SOLVED,SOLVED
72B,heldout_sibgrp,586,ensure_all_fruits_on_table,0,1,1,1,SOLVED,SOLVED
72B,heldout_sibgrp,587,cut_fruit_on_board,0,0,0,0,GOAL_UNMET,GOAL_UNMET
72B,heldout_sibgrp,592,parallel_human_dual_asset_to_plate_or_bowl,0,1,1,1,SOLVED,SOLVED
72B,heldout_sibgrp,594,clear_table_with_two_robots_and_put_in_cabinet,1,0,0,0,infeasible_assignment,infeasible_assignment
72B,heldout_sibgrp,596,toast_bread_and_set_plate,0,0,0,0,OVER_BUDGET,OVER_BUDGET
72B,heldout_sibgrp,598,clear_table_with_two_robots_and_put_in_cabinet,1,0,0,0,infeasible_assignment,infeasible_assignment
72B,heldout_sibgrp,600,cut_two_fruits_on_board,0,1,1,1,SOLVED,SOLVED
72B,heldout_sibgrp,601,set_plate_and_fork_on_table,0,1,1,1,SOLVED,SOLVED
72B,heldout_sibgrp,602,clear_table_with_two_robots_and_put_in_cabinet,1,0,0,0,infeasible_assignment,infeasible_assignment
72B,heldout_sibgrp,605,toast_bread_and_set_plate,0,0,0,0,OVER_BUDGET,OVER_BUDGET
72B,heldout_sibgrp,607,toast_bread_and_set_plate,0,0,0,0,OVER_BUDGET,OVER_BUDGET
72B,heldout_sibgrp,608,clear_table_with_two_robots_and_put_in_cabinet,1,0,0,0,infeasible_assignment,infeasible_assignment
72B,heldout_sibgrp,612,clear_table_with_two_robots_and_put_in_cabinet,1,0,0,0,infeasible_assignment,infeasible_assignment
72B,heldout_sibgrp,613,toast_bread_and_set_plate,0,0,0,0,OVER_BUDGET,OVER_BUDGET
72B,heldout_sibgrp,617,cut_fruit_on_board,0,0,0,0,GOAL_UNMET,GOAL_UNMET
72B,heldout_sibgrp,620,toast_bread_and_set_plate,0,0,0,0,OVER_BUDGET,OVER_BUDGET
72B,heldout_sibgrp,621,cut_fruit_on_board,0,0,0,0,GOAL_UNMET,GOAL_UNMET
72B,heldout_sibgrp,622,parallel_human_dual_asset_to_plate_or_bowl,0,1,1,1,SOLVED,SOLVED
72B,heldout_sibgrp,623,cut_fruit_on_board,0,0,0,0,GOAL_UNMET,GOAL_UNMET
72B,heldout_sibgrp,628,toast_bread_and_set_plate,0,0,0,0,OVER_BUDGET,OVER_BUDGET
72B,heldout_sibgrp,630,cut_fruit_on_board,0,0,0,0,GOAL_UNMET,GOAL_UNMET
72B,heldout_sibgrp,631,ensure_all_fruits_on_table,0,1,1,1,SOLVED,SOLVED
72B,heldout_sibgrp,632,ensure_all_fruits_on_table,0,1,1,1,SOLVED,SOLVED
72B,heldout_sibgrp,634,set_plate_and_fork_on_table,0,1,1,1,SOLVED,SOLVED
72B,heldout_sibgrp,635,parallel_human_dual_asset_to_plate_or_bowl,0,1,1,1,SOLVED,SOLVED
72B,heldout_sibgrp,636,cut_fruit_on_board,0,0,0,0,GOAL_UNMET,GOAL_UNMET
72B,heldout_sibgrp,639,parallel_human_dual_asset_to_plate_or_bowl,0,1,1,1,SOLVED,SOLVED
72B,heldout_sibgrp,640,clear_table_with_two_robots_and_put_in_cabinet,1,0,0,0,infeasible_assignment,infeasible_assignment
72B,heldout_sibgrp,641,clear_table_with_two_robots_and_put_in_cabinet,1,0,0,0,infeasible_assignment,infeasible_assignment
72B,heldout_sibgrp,642,cut_fruit_on_board,0,0,0,0,GOAL_UNMET,GOAL_UNMET
72B,heldout_sibgrp,645,cut_two_fruits_on_board,0,0,0,0,GOAL_UNMET,GOAL_UNMET
72B,heldout_sibgrp,647,dog_push_box_for_two_panda_transport,1,0,0,0,infeasible_assignment,infeasible_assignment
72B,heldout_sibgrp,649,clear_table_with_two_robots_and_put_in_cabinet,1,0,0,0,infeasible_assignment,infeasible_assignment
72B,heldout_sibgrp,650,clear_table_with_two_robots_and_put_in_cabinet,1,0,0,0,infeasible_assignment,infeasible_assignment
72B,heldout_sibgrp,651,clear_table_with_two_robots_and_put_in_cabinet,1,0,0,0,infeasible_assignment,infeasible_assignment
72B,heldout_sibgrp,652,dog_push_box_for_two_panda_transport,1,0,0,0,infeasible_assignment,infeasible_assignment
72B,heldout_sibgrp,654,cut_two_fruits_on_board,0,0,0,0,GOAL_UNMET,GOAL_UNMET
72B,heldout_sibgrp,655,cut_two_fruits_on_board,0,0,0,0,GOAL_UNMET,GOAL_UNMET
72B,heldout_sibgrp,656,cut_two_fruits_on_board,0,0,0,0,GOAL_UNMET,GOAL_UNMET
72B,heldout_sibgrp,657,clear_table_with_two_robots_and_put_in_cabinet,1,0,0,0,infeasible_assignment,infeasible_assignment
72B,heldout_sibgrp,661,clear_table_with_two_robots_and_put_in_cabinet,1,0,0,0,infeasible_assignment,infeasible_assignment
72B,heldout_sibgrp,663,cut_fruit_on_board,0,0,0,0,GOAL_UNMET,GOAL_UNMET
72B,heldout_sibgrp,664,cut_fruit_on_board,0,0,0,0,GOAL_UNMET,GOAL_UNMET
72B,heldout_sibgrp,668,cut_fruit_on_board,0,0,0,0,GOAL_UNMET,GOAL_UNMET
72B,heldout_sibgrp,671,cut_two_fruits_on_board,0,1,1,1,SOLVED,SOLVED
72B,heldout_sibgrp,672,clear_table_with_two_robots_and_put_in_cabinet,1,0,0,0,infeasible_assignment,infeasible_assignment
72B,heldout_sibgrp,674,set_plate_and_fork_on_table,0,1,1,1,SOLVED,SOLVED
72B,heldout_sibgrp,675,cut_fruit_on_board,0,0,0,0,GOAL_UNMET,GOAL_UNMET
72B,heldout_sibgrp,676,cut_fruit_on_board,0,0,0,0,GOAL_UNMET,GOAL_UNMET
72B,heldout_sibgrp,677,cut_two_fruits_on_board,0,1,1,1,SOLVED,SOLVED
72B,heldout_sibgrp,678,toast_bread_and_set_plate,0,0,0,0,OVER_BUDGET,OVER_BUDGET
72B,heldout_sibgrp,683,toast_bread_and_set_plate,0,0,0,0,OVER_BUDGET,OVER_BUDGET
72B,heldout_sibgrp,687,clear_table_with_two_robots_and_put_in_cabinet,1,0,0,0,infeasible_assignment,infeasible_assignment
72B,heldout_sibgrp,688,toast_bread_and_set_plate,0,0,0,0,OVER_BUDGET,OVER_BUDGET
72B,heldout_sibgrp,689,parallel_human_dual_asset_to_plate_or_bowl,0,1,1,1,SOLVED,SOLVED
72B,heldout_sibgrp,690,cut_fruit_on_board,0,0,0,0,GOAL_UNMET,GOAL_UNMET
72B,heldout_sibgrp,691,clear_table_with_two_robots_and_put_in_cabinet,1,0,0,0,infeasible_assignment,infeasible_assignment
72B,heldout_sibgrp,692,dog_push_box_for_two_panda_transport,1,0,0,0,infeasible_assignment,infeasible_assignment
72B,heldout_sibgrp,694,clear_table_with_two_robots_and_put_in_cabinet,1,0,0,0,infeasible_assignment,infeasible_assignment
72B,heldout_sibgrp,697,cut_fruit_on_board,0,0,0,0,GOAL_UNMET,GOAL_UNMET
72B,heldout_sibgrp,698,cut_fruit_on_board,0,0,0,0,GOAL_UNMET,GOAL_UNMET
72B,heldout_sibgrp,699,ensure_all_fruits_on_table,0,1,1,1,SOLVED,SOLVED
72B,heldout_sibgrp,703,cut_fruit_on_board,0,0,0,0,GOAL_UNMET,GOAL_UNMET
72B,heldout_sibgrp,707,clear_table_with_two_robots_and_put_in_cabinet,1,0,0,0,infeasible_assignment,infeasible_assignment
72B,heldout_sibgrp,708,clear_table_with_two_robots_and_put_in_cabinet,1,0,0,0,infeasible_assignment,infeasible_assignment
72B,heldout_sibgrp,711,clear_table_with_two_robots_and_put_in_cabinet,1,0,0,0,infeasible_assignment,infeasible_assignment
72B,heldout_sibgrp,712,parallel_human_dual_asset_to_plate_or_bowl,0,1,1,1,SOLVED,SOLVED
72B,heldout_sibgrp,713,ensure_all_fruits_on_table,0,1,1,1,SOLVED,SOLVED
72B,heldout_sibgrp,714,ensure_all_fruits_on_table,0,1,1,1,SOLVED,SOLVED
72B,heldout_sibgrp,715,set_plate_and_fork_on_table,0,1,1,1,SOLVED,SOLVED
72B,heldout_sibgrp,716,cut_fruit_on_board,0,0,0,0,GOAL_UNMET,GOAL_UNMET
72B,heldout_sibgrp,718,cut_fruit_on_board,0,0,0,0,GOAL_UNMET,GOAL_UNMET
72B,heldout_sibgrp,725,cut_fruit_on_board,0,0,0,0,GOAL_UNMET,GOAL_UNMET
72B,heldout_sibgrp,726,clear_table_with_two_robots_and_put_in_cabinet,1,0,0,0,infeasible_assignment,infeasible_assignment
72B,heldout_sibgrp,731,ensure_all_fruits_on_table,0,1,1,1,SOLVED,SOLVED
72B,heldout_sibgrp,733,set_plate_and_fork_on_table,0,1,1,1,SOLVED,SOLVED
72B,heldout_sibgrp,735,clear_table_with_two_robots_and_put_in_cabinet,1,0,0,0,infeasible_assignment,infeasible_assignment
72B,heldout_sibgrp,736,cut_two_fruits_on_board,0,1,1,1,SOLVED,SOLVED
72B,heldout_sibgrp,737,clear_table_with_two_robots_and_put_in_cabinet,1,0,0,0,infeasible_assignment,infeasible_assignment
72B,heldout_sibgrp,739,clear_table_with_two_robots_and_put_in_cabinet,1,0,0,0,infeasible_assignment,infeasible_assignment
72B,heldout_sibgrp,740,dog_push_box_for_two_panda_transport,1,0,0,0,infeasible_assignment,infeasible_assignment
72B,heldout_sibgrp,742,ensure_all_fruits_on_table,0,1,1,1,SOLVED,SOLVED
72B,heldout_sibgrp,744,clear_table_with_two_robots_and_put_in_cabinet,1,0,0,0,infeasible_assignment,infeasible_assignment
72B,heldout_sibgrp,745,set_plate_and_fork_on_table,0,1,1,1,SOLVED,SOLVED
72B,heldout_sibgrp,746,toast_bread_and_set_plate,0,0,0,0,OVER_BUDGET,OVER_BUDGET
72B,heldout_sibgrp,747,toast_bread_and_set_plate,0,0,0,0,OVER_BUDGET,OVER_BUDGET
72B,heldout_sibgrp,749,cut_fruit_on_board,0,0,0,0,GOAL_UNMET,GOAL_UNMET
72B,heldout_sibgrp,750,cut_fruit_on_board,0,0,0,0,GOAL_UNMET,GOAL_UNMET
72B,heldout_sibgrp,751,parallel_human_dual_asset_to_plate_or_bowl,0,1,1,1,SOLVED,SOLVED
72B,heldout_sibgrp,753,clear_table_with_two_robots_and_put_in_cabinet,1,0,0,0,infeasible_assignment,infeasible_assignment
72B,heldout_sibgrp,757,ensure_all_fruits_on_table,0,1,1,1,SOLVED,SOLVED
72B,heldout_sibgrp,760,ensure_all_fruits_on_table,0,1,1,1,SOLVED,SOLVED
72B,heldout_sibgrp,761,clear_table_with_two_robots_and_put_in_cabinet,1,0,0,0,infeasible_assignment,infeasible_assignment
72B,heldout_sibgrp,763,cut_two_fruits_on_board,0,1,1,1,SOLVED,SOLVED
72B,heldout_sibgrp,769,parallel_human_dual_asset_to_plate_or_bowl,0,1,1,1,SOLVED,SOLVED
72B,heldout_sibgrp,770,parallel_human_dual_asset_to_plate_or_bowl,0,1,1,1,SOLVED,SOLVED
72B,heldout_sibgrp,772,cut_fruit_on_board,0,0,0,0,GOAL_UNMET,GOAL_UNMET
72B,heldout_sibgrp,775,parallel_human_dual_asset_to_plate_or_bowl,0,1,1,1,SOLVED,SOLVED
72B,heldout_sibgrp,776,ensure_all_fruits_on_table,0,0,0,0,GOAL_UNMET,GOAL_UNMET
72B,heldout_sibgrp,777,clear_table_with_two_robots_and_put_in_cabinet,1,0,0,0,infeasible_assignment,infeasible_assignment
72B,heldout_sibgrp,780,cut_fruit_on_board,0,0,0,0,GOAL_UNMET,GOAL_UNMET
72B,heldout_sibgrp,781,clear_table_with_two_robots_and_put_in_cabinet,1,0,0,0,infeasible_assignment,infeasible_assignment
72B,heldout_sibgrp,783,set_plate_and_fork_on_table,0,1,1,1,SOLVED,SOLVED
72B,heldout_sibgrp,786,parallel_human_dual_asset_to_plate_or_bowl,0,1,1,1,SOLVED,SOLVED
72B,heldout_sibgrp,787,cut_fruit_on_board,0,0,0,0,GOAL_UNMET,GOAL_UNMET
72B,heldout_sibgrp,789,cut_fruit_on_board,0,0,0,0,GOAL_UNMET,GOAL_UNMET
72B,heldout_sibgrp,790,ensure_all_fruits_on_table,0,1,1,1,SOLVED,SOLVED
72B,heldout_sibgrp,791,clear_table_with_two_robots_and_put_in_cabinet,1,0,0,0,infeasible_assignment,infeasible_assignment
72B,heldout_sibgrp,796,cut_fruit_on_board,0,0,0,0,GOAL_UNMET,GOAL_UNMET
72B,heldout_sibgrp,797,cut_fruit_on_board,0,0,0,0,GOAL_UNMET,GOAL_UNMET
72B,heldout_sibgrp,799,cut_fruit_on_board,0,0,0,0,GOAL_UNMET,GOAL_UNMET
72B,heldout_sibgrp,801,cut_two_fruits_on_board,0,1,1,1,SOLVED,SOLVED
72B,heldout_sibgrp,803,clear_table_with_two_robots_and_put_in_cabinet,1,0,0,0,infeasible_assignment,infeasible_assignment
72B,heldout_sibgrp,804,cut_fruit_on_board,0,0,0,0,GOAL_UNMET,GOAL_UNMET
72B,heldout_sibgrp,806,cut_two_fruits_on_board,0,1,1,1,SOLVED,SOLVED
72B,heldout_sibgrp,807,parallel_human_dual_asset_to_plate_or_bowl,0,1,1,1,SOLVED,SOLVED
72B,heldout_sibgrp,809,clear_table_with_two_robots_and_put_in_cabinet,1,0,0,0,infeasible_assignment,infeasible_assignment
72B,heldout_sibgrp,813,cut_fruit_on_board,0,0,0,0,GOAL_UNMET,GOAL_UNMET
72B,heldout_sibgrp,814,cut_fruit_on_board,0,0,0,0,GOAL_UNMET,GOAL_UNMET
72B,heldout_sibgrp,815,set_plate_and_fork_on_table,0,1,1,1,SOLVED,SOLVED
72B,heldout_sibgrp,816,clear_table_with_two_robots_and_put_in_cabinet,1,0,0,0,infeasible_assignment,infeasible_assignment
72B,heldout_sibgrp,819,set_plate_and_fork_on_table,0,1,1,1,SOLVED,SOLVED
72B,heldout_sibgrp,820,toast_bread_and_set_plate,0,0,0,0,OVER_BUDGET,OVER_BUDGET
72B,heldout_sibgrp,825,ensure_all_fruits_on_table,0,1,1,1,SOLVED,SOLVED
72B,heldout_sibgrp,826,cut_fruit_on_board,0,0,0,0,GOAL_UNMET,GOAL_UNMET
72B,heldout_sibgrp,827,toast_bread_and_set_plate,0,0,0,0,OVER_BUDGET,OVER_BUDGET
72B,heldout_sibgrp,828,ensure_all_fruits_on_table,0,1,1,1,SOLVED,SOLVED
72B,heldout_sibgrp,830,parallel_human_dual_asset_to_plate_or_bowl,0,1,1,1,SOLVED,SOLVED
72B,heldout_sibgrp,831,parallel_human_dual_asset_to_plate_or_bowl,0,1,1,1,SOLVED,SOLVED
72B,heldout_sibgrp,837,cut_fruit_on_board,0,0,0,0,GOAL_UNMET,GOAL_UNMET
72B,heldout_sibgrp,838,clear_table_with_two_robots_and_put_in_cabinet,1,0,0,0,infeasible_assignment,infeasible_assignment
72B,heldout_sibgrp,840,cut_fruit_on_board,0,0,0,0,GOAL_UNMET,GOAL_UNMET
72B,heldout_sibgrp,841,set_plate_and_fork_on_table,0,1,1,1,SOLVED,SOLVED
72B,heldout_sibgrp,842,toast_bread_and_set_plate,0,0,0,0,OVER_BUDGET,OVER_BUDGET
72B,heldout_sibgrp,844,cut_fruit_on_board,0,0,0,0,GOAL_UNMET,GOAL_UNMET
72B,heldout_sibgrp,848,parallel_human_dual_asset_to_plate_or_bowl,0,1,1,1,SOLVED,SOLVED
72B,heldout_sibgrp,849,clear_table_with_two_robots_and_put_in_cabinet,1,0,0,0,infeasible_assignment,infeasible_assignment
72B,heldout_sibgrp,850,cut_fruit_on_board,0,0,0,0,GOAL_UNMET,GOAL_UNMET
72B,heldout_sibgrp,853,toast_bread_and_set_plate,0,0,0,0,OVER_BUDGET,OVER_BUDGET
72B,heldout_sibgrp,856,toast_bread_and_set_plate,0,0,0,0,OVER_BUDGET,OVER_BUDGET
72B,heldout_sibgrp,857,clear_table_with_two_robots_and_put_in_cabinet,1,0,0,0,infeasible_assignment,infeasible_assignment
72B,heldout_sibgrp,862,parallel_human_dual_asset_to_plate_or_bowl,0,1,1,1,SOLVED,SOLVED
72B,heldout_sibgrp,863,cut_fruit_on_board,0,0,0,0,GOAL_UNMET,GOAL_UNMET
72B,heldout_sibgrp,864,ensure_all_fruits_on_table,0,1,1,1,SOLVED,SOLVED
72B,heldout_sibgrp,865,parallel_human_dual_asset_to_plate_or_bowl,0,1,1,1,SOLVED,SOLVED
72B,heldout_sibgrp,867,set_plate_and_fork_on_table,0,1,1,1,SOLVED,SOLVED
72B,heldout_sibgrp,869,clear_table_with_two_robots_and_put_in_cabinet,1,0,0,0,infeasible_assignment,infeasible_assignment
72B,heldout_sibgrp,870,cut_two_fruits_on_board,0,0,0,0,GOAL_UNMET,GOAL_UNMET
72B,heldout_sibgrp,874,cut_fruit_on_board,0,0,0,0,GOAL_UNMET,GOAL_UNMET
72B,heldout_sibgrp,875,parallel_human_dual_asset_to_plate_or_bowl,0,1,1,1,SOLVED,SOLVED
72B,heldout_sibgrp,876,cut_two_fruits_on_board,0,1,1,1,SOLVED,SOLVED
72B,heldout_sibgrp,879,cut_fruit_on_board,0,0,0,0,GOAL_UNMET,GOAL_UNMET
72B,heldout_sibgrp,881,cut_fruit_on_board,0,0,0,0,GOAL_UNMET,GOAL_UNMET
72B,heldout_sibgrp,883,cut_fruit_on_board,0,0,0,0,GOAL_UNMET,GOAL_UNMET
72B,heldout_sibgrp,884,ensure_all_fruits_on_table,0,1,1,1,SOLVED,SOLVED
72B,heldout_sibgrp,886,clear_table_with_two_robots_and_put_in_cabinet,1,0,0,0,infeasible_assignment,infeasible_assignment
72B,heldout_sibgrp,888,set_plate_and_fork_on_table,0,1,1,1,SOLVED,SOLVED
72B,heldout_sibgrp,890,cut_fruit_on_board,0,0,0,0,GOAL_UNMET,GOAL_UNMET
72B,heldout_sibgrp,891,clear_table_with_two_robots_and_put_in_cabinet,1,0,0,0,infeasible_assignment,infeasible_assignment
72B,heldout_sibgrp,895,set_plate_and_fork_on_table,0,1,1,1,SOLVED,SOLVED
72B,heldout_sibgrp,897,set_plate_and_fork_on_table,0,1,1,1,SOLVED,SOLVED
72B,heldout_sibgrp,901,cut_fruit_on_board,0,0,0,0,GOAL_UNMET,GOAL_UNMET
72B,heldout_sibgrp,903,clear_table_with_two_robots_and_put_in_cabinet,1,0,0,0,infeasible_assignment,infeasible_assignment
72B,heldout_sibgrp,904,clear_table_with_two_robots_and_put_in_cabinet,1,0,0,0,infeasible_assignment,infeasible_assignment
72B,heldout_sibgrp,905,clear_table_with_two_robots_and_put_in_cabinet,1,0,0,0,infeasible_assignment,infeasible_assignment
72B,heldout_sibgrp,908,toast_bread_and_set_plate,0,0,0,0,OVER_BUDGET,OVER_BUDGET
72B,heldout_sibgrp,910,clear_table_with_two_robots_and_put_in_cabinet,1,0,0,0,infeasible_assignment,infeasible_assignment
72B,heldout_sibgrp,912,clear_table_with_two_robots_and_put_in_cabinet,1,0,0,0,infeasible_assignment,infeasible_assignment
72B,heldout_sibgrp,913,parallel_human_dual_asset_to_plate_or_bowl,0,1,1,1,SOLVED,SOLVED
72B,heldout_sibgrp,915,parallel_human_dual_asset_to_plate_or_bowl,0,1,1,1,SOLVED,SOLVED
72B,heldout_sibgrp,918,cut_fruit_on_board,0,0,0,0,GOAL_UNMET,GOAL_UNMET
72B,heldout_sibgrp,923,set_plate_and_fork_on_table,0,1,1,1,SOLVED,SOLVED
72B,heldout_sibgrp,927,parallel_human_dual_asset_to_plate_or_bowl,0,1,1,1,SOLVED,SOLVED
72B,heldout_sibgrp,932,dog_push_box_for_two_panda_transport,1,0,0,0,infeasible_assignment,infeasible_assignment
72B,heldout_sibgrp,941,toast_bread_and_set_plate,0,0,0,0,OVER_BUDGET,OVER_BUDGET
72B,heldout_sibgrp,942,set_plate_and_fork_on_table,0,1,1,1,SOLVED,SOLVED
72B,heldout_sibgrp,943,clear_table_with_two_robots_and_put_in_cabinet,1,0,0,0,infeasible_assignment,infeasible_assignment
72B,heldout_sibgrp,947,cut_two_fruits_on_board,0,1,1,1,SOLVED,SOLVED
72B,heldout_sibgrp,949,cut_fruit_on_board,0,0,0,0,GOAL_UNMET,GOAL_UNMET
72B,heldout_sibgrp,950,parallel_human_dual_asset_to_plate_or_bowl,0,1,1,1,SOLVED,SOLVED
72B,heldout_sibgrp,952,cut_two_fruits_on_board,0,0,0,0,GOAL_UNMET,GOAL_UNMET
72B,heldout_sibgrp,956,clear_table_with_two_robots_and_put_in_cabinet,1,0,0,0,infeasible_assignment,infeasible_assignment
72B,heldout_sibgrp,957,cut_fruit_on_board,0,0,0,0,GOAL_UNMET,GOAL_UNMET
72B,heldout_sibgrp,959,parallel_human_dual_asset_to_plate_or_bowl,0,1,1,1,SOLVED,SOLVED
72B,heldout_sibgrp,960,cut_two_fruits_on_board,0,0,0,0,GOAL_UNMET,GOAL_UNMET
72B,heldout_sibgrp,962,toast_bread_and_set_plate,0,0,0,0,OVER_BUDGET,OVER_BUDGET
72B,heldout_sibgrp,963,clear_table_with_two_robots_and_put_in_cabinet,1,0,0,0,infeasible_assignment,infeasible_assignment
72B,heldout_sibgrp,964,cut_two_fruits_on_board,0,1,1,1,SOLVED,SOLVED
72B,heldout_sibgrp,965,ensure_all_fruits_on_table,0,1,1,1,SOLVED,SOLVED
72B,heldout_sibgrp,966,set_plate_and_fork_on_table,0,1,1,1,SOLVED,SOLVED
72B,heldout_sibgrp,967,cut_two_fruits_on_board,0,0,0,0,GOAL_UNMET,GOAL_UNMET
72B,heldout_sibgrp,968,cut_fruit_on_board,0,0,0,0,GOAL_UNMET,GOAL_UNMET
72B,heldout_sibgrp,970,clear_table_with_two_robots_and_put_in_cabinet,1,0,0,0,infeasible_assignment,infeasible_assignment
72B,heldout_sibgrp,971,cut_fruit_on_board,0,0,0,0,GOAL_UNMET,GOAL_UNMET
72B,heldout_sibgrp,972,set_plate_and_fork_on_table,0,1,1,1,SOLVED,SOLVED
72B,heldout_sibgrp,973,cut_fruit_on_board,0,0,0,0,GOAL_UNMET,GOAL_UNMET
72B,heldout_sibgrp,974,parallel_human_dual_asset_to_plate_or_bowl,0,1,1,1,SOLVED,SOLVED
72B,heldout_sibgrp,975,clear_table_with_two_robots_and_put_in_cabinet,1,0,0,0,infeasible_assignment,infeasible_assignment
72B,heldout_sibgrp,976,cut_two_fruits_on_board,0,0,0,0,GOAL_UNMET,GOAL_UNMET
72B,heldout_sibgrp,977,cut_fruit_on_board,0,0,0,0,GOAL_UNMET,GOAL_UNMET
72B,heldout_sibgrp,979,cut_fruit_on_board,0,0,0,0,GOAL_UNMET,GOAL_UNMET
72B,heldout_sibgrp,980,cut_fruit_on_board,0,0,0,0,GOAL_UNMET,GOAL_UNMET
72B,heldout_sibgrp,981,clear_table_with_two_robots_and_put_in_cabinet,1,0,0,0,infeasible_assignment,infeasible_assignment
72B,heldout_sibgrp,982,ensure_all_fruits_on_table,0,1,1,1,SOLVED,SOLVED
72B,heldout_sibgrp,984,clear_table_with_two_robots_and_put_in_cabinet,1,0,0,0,infeasible_assignment,infeasible_assignment
72B,heldout_sibgrp,985,ensure_all_fruits_on_table,0,1,1,1,SOLVED,SOLVED
72B,heldout_sibgrp,987,set_plate_and_fork_on_table,0,1,1,1,SOLVED,SOLVED
72B,heldout_sibgrp,991,dog_push_box_for_two_panda_transport,1,0,0,0,infeasible_assignment,infeasible_assignment
72B,heldout_sibgrp,993,dog_push_box_for_two_panda_transport,1,0,0,0,infeasible_assignment,infeasible_assignment
72B,heldout_sibgrp,995,parallel_human_dual_asset_to_plate_or_bowl,0,1,1,1,SOLVED,SOLVED
72B,heldout_sibgrp,996,ensure_all_fruits_on_table,0,1,1,1,SOLVED,SOLVED
72B,heldout_sibgrp,997,clear_table_with_two_robots_and_put_in_cabinet,1,0,0,0,infeasible_assignment,infeasible_assignment
72B,heldout_sibgrp,999,cut_two_fruits_on_board,0,0,0,0,GOAL_UNMET,GOAL_UNMET
72B,heldout_sibgrp,1000,clear_table_with_two_robots_and_put_in_cabinet,1,0,0,0,infeasible_assignment,infeasible_assignment
72B,heldout_sibgrp,1002,ensure_all_fruits_on_table,0,1,1,1,SOLVED,SOLVED
72B,heldout_sibgrp,1005,toast_bread_and_set_plate,0,0,0,0,OVER_BUDGET,OVER_BUDGET
72B,heldout_sibgrp,1010,ensure_all_fruits_on_table,0,1,1,1,SOLVED,SOLVED
72B,heldout_sibgrp,1013,toast_bread_and_set_plate,0,0,0,0,OVER_BUDGET,OVER_BUDGET
72B,heldout_sibgrp,1014,clear_table_with_two_robots_and_put_in_cabinet,1,0,0,0,infeasible_assignment,infeasible_assignment
72B,heldout_sibgrp,1019,toast_bread_and_set_plate,0,0,0,0,OVER_BUDGET,OVER_BUDGET
72B,heldout_sibgrp,1020,clear_table_with_two_robots_and_put_in_cabinet,1,0,0,0,infeasible_assignment,infeasible_assignment
72B,heldout_sibgrp,1021,set_plate_and_fork_on_table,0,1,1,1,SOLVED,SOLVED
72B,heldout_sibgrp,1026,clear_table_with_two_robots_and_put_in_cabinet,1,0,0,0,infeasible_assignment,infeasible_assignment
72B,heldout_sibgrp,1027,cut_two_fruits_on_board,0,0,0,0,GOAL_UNMET,GOAL_UNMET
72B,heldout_sibgrp,1029,cut_two_fruits_on_board,0,1,1,1,SOLVED,SOLVED
72B,heldout_sibgrp,1030,set_plate_and_fork_on_table,0,1,1,1,SOLVED,SOLVED
72B,heldout_sibgrp,1032,ensure_all_fruits_on_table,0,0,0,0,GOAL_UNMET,GOAL_UNMET
72B,heldout_sibgrp,1034,toast_bread_and_set_plate,0,0,0,0,OVER_BUDGET,OVER_BUDGET
72B,heldout_sibgrp,1037,set_plate_and_fork_on_table,0,1,1,1,SOLVED,SOLVED
72B,heldout_sibgrp,1039,cut_fruit_on_board,0,0,0,0,GOAL_UNMET,GOAL_UNMET
72B,heldout_sibgrp,1040,toast_bread_and_set_plate,0,0,0,0,OVER_BUDGET,OVER_BUDGET
72B,heldout_sibgrp,1042,cut_two_fruits_on_board,0,0,0,0,GOAL_UNMET,GOAL_UNMET
72B,heldout_sibgrp,1043,cut_fruit_on_board,0,0,0,0,GOAL_UNMET,GOAL_UNMET
72B,heldout_sibgrp,1044,set_plate_and_fork_on_table,0,1,1,1,SOLVED,SOLVED
72B,heldout_sibgrp,1045,cut_two_fruits_on_board,0,0,0,0,GOAL_UNMET,GOAL_UNMET
72B,heldout_sibgrp,1048,toast_bread_and_set_plate,0,0,0,0,OVER_BUDGET,OVER_BUDGET
72B,heldout_sibgrp,1050,clear_table_with_two_robots_and_put_in_cabinet,1,0,0,0,infeasible_assignment,infeasible_assignment
72B,heldout_sibgrp,1051,cut_fruit_on_board,0,0,0,0,GOAL_UNMET,GOAL_UNMET
72B,heldout_sibgrp,1053,clear_table_with_two_robots_and_put_in_cabinet,1,0,0,0,infeasible_assignment,infeasible_assignment
72B,heldout_sibgrp,1054,clear_table_with_two_robots_and_put_in_cabinet,1,0,0,0,infeasible_assignment,infeasible_assignment
72B,heldout_sibgrp,1058,cut_fruit_on_board,0,0,0,0,GOAL_UNMET,GOAL_UNMET
72B,heldout_sibgrp,1060,ensure_all_fruits_on_table,0,1,1,1,SOLVED,SOLVED
72B,heldout_sibgrp,1061,parallel_human_dual_asset_to_plate_or_bowl,0,1,1,1,SOLVED,SOLVED
72B,heldout_sibgrp,1063,cut_fruit_on_board,0,0,0,0,GOAL_UNMET,GOAL_UNMET
72B,heldout_sibgrp,1064,dog_push_box_for_two_panda_transport,1,0,0,0,infeasible_assignment,infeasible_assignment
72B,heldout_sibgrp,1066,toast_bread_and_set_plate,0,0,0,0,OVER_BUDGET,OVER_BUDGET
72B,heldout_sibgrp,1067,clear_table_with_two_robots_and_put_in_cabinet,1,0,0,0,infeasible_assignment,infeasible_assignment
72B,heldout_sibgrp,1068,parallel_human_dual_asset_to_plate_or_bowl,0,1,1,1,SOLVED,SOLVED
72B,heldout_sibgrp,1070,parallel_human_dual_asset_to_plate_or_bowl,0,1,1,1,SOLVED,SOLVED
72B,heldout_sibgrp,1072,dog_push_box_for_two_panda_transport,1,0,0,0,infeasible_assignment,infeasible_assignment
72B,heldout_sibgrp,1075,cut_fruit_on_board,0,0,0,0,GOAL_UNMET,GOAL_UNMET
72B,heldout_sibgrp,1076,ensure_all_fruits_on_table,0,1,1,1,SOLVED,SOLVED
72B,heldout_sibgrp,1079,cut_fruit_on_board,0,0,0,0,GOAL_UNMET,GOAL_UNMET
72B,heldout_sibgrp,1080,toast_bread_and_set_plate,0,0,0,0,OVER_BUDGET,OVER_BUDGET
72B,heldout_sibgrp,1081,ensure_all_fruits_on_table,0,1,1,1,SOLVED,SOLVED
72B,heldout_sibgrp,1082,clear_table_with_two_robots_and_put_in_cabinet,1,0,0,0,infeasible_assignment,infeasible_assignment
72B,heldout_sibgrp,1085,clear_table_with_two_robots_and_put_in_cabinet,1,0,0,0,infeasible_assignment,infeasible_assignment
72B,heldout_sibgrp,1096,clear_table_with_two_robots_and_put_in_cabinet,1,0,0,0,infeasible_assignment,infeasible_assignment
72B,heldout_sibgrp,1098,set_plate_and_fork_on_table,0,1,1,1,SOLVED,SOLVED
72B,heldout_sibgrp,1103,dog_push_box_for_two_panda_transport,1,0,0,0,infeasible_assignment,infeasible_assignment
72B,heldout_sibgrp,1104,cut_fruit_on_board,0,0,0,0,GOAL_UNMET,GOAL_UNMET
72B,heldout_sibgrp,1105,cut_two_fruits_on_board,0,1,1,1,SOLVED,SOLVED
72B,heldout_sibgrp,1106,cut_fruit_on_board,0,0,0,0,GOAL_UNMET,GOAL_UNMET
72B,heldout_sibgrp,1107,clear_table_with_two_robots_and_put_in_cabinet,1,0,0,0,infeasible_assignment,infeasible_assignment
72B,heldout_sibgrp,1108,clear_table_with_two_robots_and_put_in_cabinet,1,0,0,0,infeasible_assignment,infeasible_assignment
72B,heldout_sibgrp,1109,clear_table_with_two_robots_and_put_in_cabinet,1,0,0,0,infeasible_assignment,infeasible_assignment
72B,heldout_sibgrp,1110,clear_table_with_two_robots_and_put_in_cabinet,1,0,0,0,infeasible_assignment,infeasible_assignment
72B,heldout_sibgrp,1113,ensure_all_fruits_on_table,0,1,1,1,SOLVED,SOLVED
72B,heldout_sibgrp,1114,cut_two_fruits_on_board,0,0,0,0,GOAL_UNMET,GOAL_UNMET
72B,heldout_sibgrp,1117,dog_push_box_for_two_panda_transport,1,0,0,0,infeasible_assignment,infeasible_assignment
72B,heldout_sibgrp,1122,ensure_all_fruits_on_table,0,1,1,1,SOLVED,SOLVED
72B,heldout_sibgrp,1124,set_plate_and_fork_on_table,0,1,1,1,SOLVED,SOLVED
72B,heldout_sibgrp,1125,ensure_all_fruits_on_table,0,1,1,1,SOLVED,SOLVED
72B,heldout_sibgrp,1126,cut_two_fruits_on_board,0,0,0,0,GOAL_UNMET,GOAL_UNMET
72B,heldout_sibgrp,1127,cut_two_fruits_on_board,0,1,1,1,SOLVED,SOLVED
72B,heldout_sibgrp,1128,toast_bread_and_set_plate,0,0,0,0,OVER_BUDGET,OVER_BUDGET
72B,heldout_sibgrp,1130,toast_bread_and_set_plate,0,0,0,0,OVER_BUDGET,OVER_BUDGET
72B,heldout_sibgrp,1134,toast_bread_and_set_plate,0,0,0,0,OVER_BUDGET,OVER_BUDGET
72B,heldout_sibgrp,1135,cut_fruit_on_board,0,0,0,0,GOAL_UNMET,GOAL_UNMET
72B,heldout_sibgrp,1136,clear_table_with_two_robots_and_put_in_cabinet,1,0,0,0,infeasible_assignment,infeasible_assignment
72B,heldout_sibgrp,1138,clear_table_with_two_robots_and_put_in_cabinet,1,0,0,0,infeasible_assignment,infeasible_assignment
72B,heldout_sibgrp,1143,toast_bread_and_set_plate,0,0,0,0,OVER_BUDGET,OVER_BUDGET
72B,heldout_sibgrp,1146,parallel_human_dual_asset_to_plate_or_bowl,0,1,1,1,SOLVED,SOLVED
72B,heldout_sibgrp,1149,clear_table_with_two_robots_and_put_in_cabinet,1,0,0,0,infeasible_assignment,infeasible_assignment
72B,heldout_sibgrp,1152,cut_two_fruits_on_board,0,1,1,1,SOLVED,SOLVED
72B,heldout_sibgrp,1153,clear_table_with_two_robots_and_put_in_cabinet,1,0,0,0,infeasible_assignment,infeasible_assignment
72B,heldout_sibgrp,1155,cut_two_fruits_on_board,0,0,0,0,GOAL_UNMET,GOAL_UNMET
72B,heldout_sibgrp,1156,parallel_human_dual_asset_to_plate_or_bowl,0,1,1,1,SOLVED,SOLVED
72B,heldout_sibgrp,1157,dog_push_box_for_two_panda_transport,1,0,0,0,infeasible_assignment,infeasible_assignment
72B,heldout_sibgrp,1158,cut_fruit_on_board,0,0,0,0,GOAL_UNMET,GOAL_UNMET
72B,heldout_sibgrp,1159,clear_table_with_two_robots_and_put_in_cabinet,1,0,0,0,infeasible_assignment,infeasible_assignment
72B,heldout_sibgrp,1162,parallel_human_dual_asset_to_plate_or_bowl,0,1,1,1,SOLVED,SOLVED
72B,heldout_sibgrp,1163,cut_fruit_on_board,0,0,0,0,GOAL_UNMET,GOAL_UNMET
72B,heldout_sibgrp,1164,clear_table_with_two_robots_and_put_in_cabinet,1,0,0,0,infeasible_assignment,infeasible_assignment
72B,heldout_sibgrp,1165,ensure_all_fruits_on_table,0,1,1,1,SOLVED,SOLVED
72B,heldout_sibgrp,1167,clear_table_with_two_robots_and_put_in_cabinet,1,0,0,0,infeasible_assignment,infeasible_assignment
72B,heldout_sibgrp,1173,clear_table_with_two_robots_and_put_in_cabinet,1,0,0,0,infeasible_assignment,infeasible_assignment
72B,heldout_sibgrp,1174,clear_table_with_two_robots_and_put_in_cabinet,1,0,0,0,infeasible_assignment,infeasible_assignment
72B,heldout_sibgrp,1176,toast_bread_and_set_plate,0,0,0,0,OVER_BUDGET,OVER_BUDGET
72B,heldout_sibgrp,1180,clear_table_with_two_robots_and_put_in_cabinet,1,0,0,0,infeasible_assignment,infeasible_assignment
72B,heldout_sibgrp,1181,clear_table_with_two_robots_and_put_in_cabinet,1,0,0,0,infeasible_assignment,infeasible_assignment
72B,heldout_sibgrp,1185,cut_fruit_on_board,0,0,0,0,GOAL_UNMET,GOAL_UNMET
72B,heldout_sibgrp,1187,clear_table_with_two_robots_and_put_in_cabinet,1,0,0,0,infeasible_assignment,infeasible_assignment
72B,heldout_sibgrp,1189,clear_table_with_two_robots_and_put_in_cabinet,1,0,0,0,infeasible_assignment,infeasible_assignment
72B,heldout_sibgrp,1190,cut_fruit_on_board,0,0,0,0,GOAL_UNMET,GOAL_UNMET
72B,heldout_sibgrp,1192,cut_two_fruits_on_board,0,0,0,0,GOAL_UNMET,GOAL_UNMET
72B,heldout_sibgrp,1193,cut_two_fruits_on_board,0,1,1,1,SOLVED,SOLVED
72B,heldout_sibgrp,1195,set_plate_and_fork_on_table,0,1,1,1,SOLVED,SOLVED
72B,heldout_sibgrp,1197,dog_push_box_for_two_panda_transport,1,0,0,0,infeasible_assignment,infeasible_assignment
72B,heldout_sibgrp,1200,cut_two_fruits_on_board,0,0,0,0,GOAL_UNMET,GOAL_UNMET
72B,heldout_sibgrp,1201,cut_two_fruits_on_board,0,1,1,1,SOLVED,SOLVED
72B,heldout_sibgrp,1202,parallel_human_dual_asset_to_plate_or_bowl,0,1,1,1,SOLVED,SOLVED
72B,heldout_sibgrp,1204,clear_table_with_two_robots_and_put_in_cabinet,1,0,0,0,infeasible_assignment,infeasible_assignment
72B,heldout_sibgrp,1205,clear_table_with_two_robots_and_put_in_cabinet,1,0,0,0,infeasible_assignment,infeasible_assignment
72B,heldout_sibgrp,1207,cut_fruit_on_board,0,0,0,0,GOAL_UNMET,GOAL_UNMET
72B,heldout_sibgrp,1210,cut_fruit_on_board,0,0,0,0,GOAL_UNMET,GOAL_UNMET
72B,heldout_sibgrp,1218,parallel_human_dual_asset_to_plate_or_bowl,0,1,1,1,SOLVED,SOLVED
72B,heldout_sibgrp,1219,clear_table_with_two_robots_and_put_in_cabinet,1,0,0,0,infeasible_assignment,infeasible_assignment
72B,heldout_sibgrp,1224,cut_fruit_on_board,0,0,0,0,GOAL_UNMET,GOAL_UNMET
72B,heldout_sibgrp,1225,toast_bread_and_set_plate,0,0,0,0,OVER_BUDGET,OVER_BUDGET
72B,heldout_sibgrp,1226,parallel_human_dual_asset_to_plate_or_bowl,0,1,1,1,SOLVED,SOLVED
72B,heldout_sibgrp,1227,cut_fruit_on_board,0,0,0,0,GOAL_UNMET,GOAL_UNMET
72B,heldout_sibgrp,1228,cut_fruit_on_board,0,0,0,0,GOAL_UNMET,GOAL_UNMET
72B,heldout_sibgrp,1231,set_plate_and_fork_on_table,0,1,1,1,SOLVED,SOLVED
72B,heldout_sibgrp,1232,cut_two_fruits_on_board,0,1,1,1,SOLVED,SOLVED
72B,heldout_sibgrp,1233,cut_fruit_on_board,0,0,0,0,GOAL_UNMET,GOAL_UNMET
72B,heldout_sibgrp,1234,cut_fruit_on_board,0,0,0,0,GOAL_UNMET,GOAL_UNMET
72B,heldout_sibgrp,1235,toast_bread_and_set_plate,0,0,0,0,OVER_BUDGET,OVER_BUDGET
72B,heldout_sibgrp,1236,set_plate_and_fork_on_table,0,1,1,1,SOLVED,SOLVED
72B,heldout_sibgrp,1241,clear_table_with_two_robots_and_put_in_cabinet,1,0,0,0,infeasible_assignment,infeasible_assignment
72B,heldout_sibgrp,1244,clear_table_with_two_robots_and_put_in_cabinet,1,0,0,0,infeasible_assignment,infeasible_assignment
72B,heldout_sibgrp,1247,cut_fruit_on_board,0,0,0,0,GOAL_UNMET,GOAL_UNMET
72B,heldout_sibgrp,1248,cut_fruit_on_board,0,0,0,0,GOAL_UNMET,GOAL_UNMET
72B,heldout_sibgrp,1252,toast_bread_and_set_plate,0,0,0,0,OVER_BUDGET,OVER_BUDGET
72B,heldout_sibgrp,1253,clear_table_with_two_robots_and_put_in_cabinet,1,0,0,0,infeasible_assignment,infeasible_assignment
72B,heldout_sibgrp,1255,toast_bread_and_set_plate,0,0,0,0,OVER_BUDGET,OVER_BUDGET
72B,heldout_sibgrp,1257,set_plate_and_fork_on_table,0,1,1,1,SOLVED,SOLVED
72B,heldout_sibgrp,1260,clear_table_with_two_robots_and_put_in_cabinet,1,0,0,0,infeasible_assignment,infeasible_assignment
72B,heldout_sibgrp,1261,clear_table_with_two_robots_and_put_in_cabinet,1,0,0,0,infeasible_assignment,infeasible_assignment
72B,heldout_sibgrp,1263,ensure_all_fruits_on_table,0,1,1,1,SOLVED,SOLVED
72B,heldout_sibgrp,1264,clear_table_with_two_robots_and_put_in_cabinet,1,0,0,0,infeasible_assignment,infeasible_assignment
72B,heldout_sibgrp,1265,cut_fruit_on_board,0,0,0,0,GOAL_UNMET,GOAL_UNMET
72B,heldout_sibgrp,1267,clear_table_with_two_robots_and_put_in_cabinet,1,0,0,0,infeasible_assignment,infeasible_assignment
72B,heldout_sibgrp,1268,set_plate_and_fork_on_table,0,1,1,1,SOLVED,SOLVED
72B,heldout_sibgrp,1272,clear_table_with_two_robots_and_put_in_cabinet,1,0,0,0,infeasible_assignment,infeasible_assignment
72B,heldout_sibgrp,1274,cut_fruit_on_board,0,0,0,0,GOAL_UNMET,GOAL_UNMET
72B,heldout_sibgrp,1276,clear_table_with_two_robots_and_put_in_cabinet,1,0,0,0,infeasible_assignment,infeasible_assignment
72B,heldout_sibgrp,1277,clear_table_with_two_robots_and_put_in_cabinet,1,0,0,0,infeasible_assignment,infeasible_assignment
72B,heldout_sibgrp,1280,cut_two_fruits_on_board,0,1,1,1,SOLVED,SOLVED
72B,heldout_sibgrp,1281,clear_table_with_two_robots_and_put_in_cabinet,1,0,0,0,infeasible_assignment,infeasible_assignment
72B,heldout_sibgrp,1282,parallel_human_dual_asset_to_plate_or_bowl,0,1,1,1,SOLVED,SOLVED
72B,heldout_sibgrp,1285,ensure_all_fruits_on_table,0,1,1,1,SOLVED,SOLVED
72B,heldout_sibgrp,1286,clear_table_with_two_robots_and_put_in_cabinet,1,0,0,0,infeasible_assignment,infeasible_assignment
72B,heldout_sibgrp,1289,toast_bread_and_set_plate,0,0,0,0,OVER_BUDGET,OVER_BUDGET
72B,heldout_sibgrp,1291,cut_fruit_on_board,0,0,0,0,GOAL_UNMET,GOAL_UNMET
72B,heldout_sibgrp,1293,set_plate_and_fork_on_table,0,1,1,1,SOLVED,SOLVED
72B,heldout_sibgrp,1294,cut_two_fruits_on_board,0,0,0,0,GOAL_UNMET,GOAL_UNMET
72B,heldout_sibgrp,1295,set_plate_and_fork_on_table,0,1,1,1,SOLVED,SOLVED
72B,heldout_sibgrp,1300,toast_bread_and_set_plate,0,0,0,0,OVER_BUDGET,OVER_BUDGET
72B,heldout_sibgrp,1303,ensure_all_fruits_on_table,0,1,1,1,SOLVED,SOLVED
72B,heldout_sibgrp,1304,set_plate_and_fork_on_table,0,1,1,1,SOLVED,SOLVED
72B,heldout_sibgrp,1306,dog_push_box_for_two_panda_transport,1,0,0,0,infeasible_assignment,infeasible_assignment
72B,heldout_sibgrp,1307,clear_table_with_two_robots_and_put_in_cabinet,1,0,0,0,infeasible_assignment,infeasible_assignment
72B,heldout_sibgrp,1308,clear_table_with_two_robots_and_put_in_cabinet,1,0,0,0,infeasible_assignment,infeasible_assignment
72B,heldout_sibgrp,1311,toast_bread_and_set_plate,0,0,0,0,OVER_BUDGET,OVER_BUDGET
72B,heldout_sibgrp,1312,cut_fruit_on_board,0,0,0,0,GOAL_UNMET,GOAL_UNMET
72B,heldout_sibgrp,1313,set_plate_and_fork_on_table,0,1,1,1,SOLVED,SOLVED
72B,heldout_sibgrp,1314,set_plate_and_fork_on_table,0,1,1,1,SOLVED,SOLVED
72B,heldout_sibgrp,1315,clear_table_with_two_robots_and_put_in_cabinet,1,0,0,0,infeasible_assignment,infeasible_assignment
72B,heldout_sibgrp,1317,parallel_human_dual_asset_to_plate_or_bowl,0,1,1,1,SOLVED,SOLVED
72B,heldout_sibgrp,1320,ensure_all_fruits_on_table,0,1,1,1,SOLVED,SOLVED
72B,heldout_sibgrp,1321,cut_fruit_on_board,0,0,0,0,GOAL_UNMET,GOAL_UNMET
72B,heldout_sibgrp,1322,cut_fruit_on_board,0,0,0,0,GOAL_UNMET,GOAL_UNMET
72B,heldout_sibgrp,1325,cut_two_fruits_on_board,0,1,1,1,SOLVED,SOLVED
72B,heldout_sibgrp,1327,clear_table_with_two_robots_and_put_in_cabinet,1,0,0,0,infeasible_assignment,infeasible_assignment
72B,heldout_sibgrp,1328,cut_fruit_on_board,0,0,0,0,GOAL_UNMET,GOAL_UNMET
72B,heldout_sibgrp,1330,ensure_all_fruits_on_table,0,0,0,0,GOAL_UNMET,GOAL_UNMET
72B,heldout_sibgrp,1331,cut_fruit_on_board,0,0,0,0,GOAL_UNMET,GOAL_UNMET
72B,heldout_sibgrp,1333,dog_push_box_for_two_panda_transport,1,0,0,0,infeasible_assignment,infeasible_assignment
72B,heldout_sibgrp,1338,clear_table_with_two_robots_and_put_in_cabinet,1,0,0,0,infeasible_assignment,infeasible_assignment
72B,heldout_sibgrp,1342,clear_table_with_two_robots_and_put_in_cabinet,1,0,0,0,infeasible_assignment,infeasible_assignment
72B,heldout_sibgrp,1345,set_plate_and_fork_on_table,0,1,1,1,SOLVED,SOLVED
72B,heldout_sibgrp,1348,dog_push_box_for_two_panda_transport,1,0,0,0,infeasible_assignment,infeasible_assignment
72B,heldout_sibgrp,1350,cut_two_fruits_on_board,0,0,0,0,GOAL_UNMET,GOAL_UNMET
72B,heldout_sibgrp,1351,toast_bread_and_set_plate,0,0,0,0,OVER_BUDGET,OVER_BUDGET
72B,heldout_sibgrp,1352,ensure_all_fruits_on_table,0,1,1,1,SOLVED,SOLVED
72B,heldout_sibgrp,1353,ensure_all_fruits_on_table,0,1,1,1,SOLVED,SOLVED
72B,heldout_sibgrp,1355,clear_table_with_two_robots_and_put_in_cabinet,1,0,0,0,infeasible_assignment,infeasible_assignment
72B,heldout_sibgrp,1356,ensure_all_fruits_on_table,0,1,1,1,SOLVED,SOLVED
72B,heldout_sibgrp,1357,cut_two_fruits_on_board,0,1,1,1,SOLVED,SOLVED
72B,heldout_sibgrp,1358,dog_push_box_for_two_panda_transport,1,0,0,0,infeasible_assignment,infeasible_assignment
72B,heldout_sibgrp,1359,set_plate_and_fork_on_table,0,1,1,1,SOLVED,SOLVED
72B,heldout_sibgrp,1361,set_plate_and_fork_on_table,0,1,1,1,SOLVED,SOLVED
72B,heldout_sibgrp,1363,clear_table_with_two_robots_and_put_in_cabinet,1,0,0,0,infeasible_assignment,infeasible_assignment
72B,heldout_sibgrp,1365,cut_fruit_on_board,0,0,0,0,GOAL_UNMET,GOAL_UNMET
72B,heldout_sibgrp,1366,cut_fruit_on_board,0,0,0,0,GOAL_UNMET,GOAL_UNMET
72B,heldout_sibgrp,1373,clear_table_with_two_robots_and_put_in_cabinet,1,0,0,0,infeasible_assignment,infeasible_assignment
72B,heldout_sibgrp,1374,cut_two_fruits_on_board,0,0,0,0,GOAL_UNMET,GOAL_UNMET
72B,heldout_sibgrp,1378,clear_table_with_two_robots_and_put_in_cabinet,1,0,0,0,infeasible_assignment,infeasible_assignment
72B,heldout_sibgrp,1379,set_plate_and_fork_on_table,0,1,1,1,SOLVED,SOLVED
72B,heldout_sibgrp,1380,ensure_all_fruits_on_table,0,1,1,1,SOLVED,SOLVED
72B,heldout_sibgrp,1383,cut_fruit_on_board,0,0,0,0,GOAL_UNMET,GOAL_UNMET
72B,heldout_sibgrp,1384,set_plate_and_fork_on_table,0,1,1,1,SOLVED,SOLVED
72B,heldout_sibgrp,1385,clear_table_with_two_robots_and_put_in_cabinet,1,0,0,0,infeasible_assignment,infeasible_assignment
72B,heldout_sibgrp,1387,cut_fruit_on_board,0,0,0,0,GOAL_UNMET,GOAL_UNMET
72B,heldout_sibgrp,1388,toast_bread_and_set_plate,0,0,0,0,OVER_BUDGET,OVER_BUDGET
72B,heldout_sibgrp,1389,cut_two_fruits_on_board,0,0,0,0,GOAL_UNMET,GOAL_UNMET
72B,heldout_sibgrp,1392,cut_fruit_on_board,0,0,0,0,GOAL_UNMET,GOAL_UNMET
72B,heldout_sibgrp,1393,cut_two_fruits_on_board,0,1,1,1,SOLVED,SOLVED
72B,heldout_sibgrp,1395,dog_push_box_for_two_panda_transport,1,0,0,0,infeasible_assignment,infeasible_assignment
72B,heldout_sibgrp,1397,cut_two_fruits_on_board,0,0,0,0,GOAL_UNMET,GOAL_UNMET
72B,heldout_sibgrp,1398,cut_two_fruits_on_board,0,0,0,0,GOAL_UNMET,GOAL_UNMET
72B,heldout_sibgrp,1399,clear_table_with_two_robots_and_put_in_cabinet,1,0,0,0,infeasible_assignment,infeasible_assignment
72B,heldout_sibgrp,1400,parallel_human_dual_asset_to_plate_or_bowl,0,1,1,1,SOLVED,SOLVED
72B,heldout_sibgrp,1401,toast_bread_and_set_plate,0,0,0,0,OVER_BUDGET,OVER_BUDGET
72B,heldout_sibgrp,1402,set_plate_and_fork_on_table,0,1,1,1,SOLVED,SOLVED
72B,heldout_sibgrp,1403,cut_fruit_on_board,0,0,0,0,GOAL_UNMET,GOAL_UNMET
72B,heldout_sibgrp,1404,dog_push_box_for_two_panda_transport,1,0,0,0,infeasible_assignment,infeasible_assignment
72B,heldout_sibgrp,1405,cut_two_fruits_on_board,0,1,1,1,SOLVED,SOLVED
72B,heldout_sibgrp,1406,cut_fruit_on_board,0,0,0,0,GOAL_UNMET,GOAL_UNMET
72B,heldout_sibgrp,1410,cut_fruit_on_board,0,0,0,0,GOAL_UNMET,GOAL_UNMET
72B,heldout_sibgrp,1411,cut_fruit_on_board,0,0,0,0,GOAL_UNMET,GOAL_UNMET
72B,heldout_sibgrp,1413,clear_table_with_two_robots_and_put_in_cabinet,1,0,0,0,infeasible_assignment,infeasible_assignment
72B,heldout_sibgrp,1415,clear_table_with_two_robots_and_put_in_cabinet,1,0,0,0,infeasible_assignment,infeasible_assignment
72B,heldout_sibgrp,1416,toast_bread_and_set_plate,0,0,0,0,OVER_BUDGET,OVER_BUDGET
72B,heldout_sibgrp,1419,dog_push_box_for_two_panda_transport,1,0,0,0,infeasible_assignment,infeasible_assignment
72B,heldout_sibgrp,1420,cut_fruit_on_board,0,0,0,0,GOAL_UNMET,GOAL_UNMET
72B,heldout_sibgrp,1424,dog_push_box_for_two_panda_transport,1,0,0,0,infeasible_assignment,infeasible_assignment
72B,heldout_sibgrp,1425,dog_push_box_for_two_panda_transport,1,0,0,0,infeasible_assignment,infeasible_assignment
72B,heldout_sibgrp,1429,ensure_all_fruits_on_table,0,1,1,1,SOLVED,SOLVED
72B,heldout_sibgrp,1431,clear_table_with_two_robots_and_put_in_cabinet,1,0,0,0,infeasible_assignment,infeasible_assignment
72B,heldout_sibgrp,1432,cut_two_fruits_on_board,0,0,0,0,GOAL_UNMET,GOAL_UNMET
72B,heldout_sibgrp,1434,clear_table_with_two_robots_and_put_in_cabinet,1,0,0,0,infeasible_assignment,infeasible_assignment
72B,heldout_sibgrp,1439,parallel_human_dual_asset_to_plate_or_bowl,0,1,1,1,SOLVED,SOLVED
72B,heldout_sibgrp,1440,clear_table_with_two_robots_and_put_in_cabinet,1,0,0,0,infeasible_assignment,infeasible_assignment
72B,heldout_sibgrp,1442,cut_fruit_on_board,0,0,0,0,GOAL_UNMET,GOAL_UNMET
72B,heldout_sibgrp,1443,cut_fruit_on_board,0,0,0,0,GOAL_UNMET,GOAL_UNMET
72B,heldout_sibgrp,1444,clear_table_with_two_robots_and_put_in_cabinet,1,0,0,0,infeasible_assignment,infeasible_assignment
72B,heldout_sibgrp,1447,clear_table_with_two_robots_and_put_in_cabinet,1,0,0,0,infeasible_assignment,infeasible_assignment
72B,heldout_sibgrp,1450,cut_two_fruits_on_board,0,1,1,1,SOLVED,SOLVED
72B,heldout_sibgrp,1451,clear_table_with_two_robots_and_put_in_cabinet,1,0,0,0,infeasible_assignment,infeasible_assignment
72B,heldout_sibgrp,1455,cut_fruit_on_board,0,0,0,0,GOAL_UNMET,GOAL_UNMET
72B,heldout_sibgrp,1456,clear_table_with_two_robots_and_put_in_cabinet,1,0,0,0,infeasible_assignment,infeasible_assignment
72B,heldout_sibgrp,1459,toast_bread_and_set_plate,0,0,0,0,OVER_BUDGET,OVER_BUDGET
72B,heldout_sibgrp,1460,ensure_all_fruits_on_table,0,1,1,1,SOLVED,SOLVED
72B,heldout_sibgrp,1465,cut_fruit_on_board,0,0,0,0,GOAL_UNMET,GOAL_UNMET
72B,heldout_sibgrp,1467,dog_push_box_for_two_panda_transport,1,0,0,0,infeasible_assignment,infeasible_assignment
72B,heldout_sibgrp,1468,clear_table_with_two_robots_and_put_in_cabinet,1,0,0,0,infeasible_assignment,infeasible_assignment
72B,heldout_sibgrp,1470,cut_fruit_on_board,0,0,0,0,GOAL_UNMET,GOAL_UNMET
72B,heldout_sibgrp,1473,cut_fruit_on_board,0,0,0,0,GOAL_UNMET,GOAL_UNMET
72B,heldout_sibgrp,1475,cut_fruit_on_board,0,0,0,0,GOAL_UNMET,GOAL_UNMET
72B,heldout_sibgrp,1477,cut_fruit_on_board,0,0,0,0,GOAL_UNMET,GOAL_UNMET
72B,heldout_sibgrp,1483,toast_bread_and_set_plate,0,0,0,0,OVER_BUDGET,OVER_BUDGET
72B,heldout_sibgrp,1484,cut_two_fruits_on_board,0,0,0,0,GOAL_UNMET,GOAL_UNMET
72B,heldout_sibgrp,1485,parallel_human_dual_asset_to_plate_or_bowl,0,1,1,1,SOLVED,SOLVED
72B,heldout_sibgrp,1487,clear_table_with_two_robots_and_put_in_cabinet,1,0,0,0,infeasible_assignment,infeasible_assignment
72B,heldout_sibgrp,1490,cut_fruit_on_board,0,0,0,0,GOAL_UNMET,GOAL_UNMET
72B,heldout_sibgrp,1492,clear_table_with_two_robots_and_put_in_cabinet,1,0,0,0,infeasible_assignment,infeasible_assignment
72B,heldout_sibgrp,1493,clear_table_with_two_robots_and_put_in_cabinet,1,0,0,0,infeasible_assignment,infeasible_assignment
72B,heldout_sibgrp,1496,cut_fruit_on_board,0,0,0,0,GOAL_UNMET,GOAL_UNMET
72B,heldout_sibgrp,1497,toast_bread_and_set_plate,0,0,0,0,OVER_BUDGET,OVER_BUDGET
72B,heldout_sibgrp,1503,toast_bread_and_set_plate,0,0,0,0,OVER_BUDGET,OVER_BUDGET
72B,heldout_sibgrp,1505,cut_fruit_on_board,0,0,0,0,GOAL_UNMET,GOAL_UNMET
72B,heldout_sibgrp,1506,ensure_all_fruits_on_table,0,0,0,0,GOAL_UNMET,GOAL_UNMET
72B,heldout_sibgrp,1507,cut_fruit_on_board,0,0,0,0,GOAL_UNMET,GOAL_UNMET
72B,heldout_sibgrp,1509,set_plate_and_fork_on_table,0,1,1,1,SOLVED,SOLVED
72B,heldout_sibgrp,1510,clear_table_with_two_robots_and_put_in_cabinet,1,0,0,0,infeasible_assignment,infeasible_assignment
72B,heldout_sibgrp,1511,clear_table_with_two_robots_and_put_in_cabinet,1,0,0,0,infeasible_assignment,infeasible_assignment
72B,heldout_sibgrp,1512,toast_bread_and_set_plate,0,0,0,0,OVER_BUDGET,OVER_BUDGET
72B,heldout_sibgrp,1515,cut_two_fruits_on_board,0,0,0,0,GOAL_UNMET,GOAL_UNMET
72B,heldout_sibgrp,1516,clear_table_with_two_robots_and_put_in_cabinet,1,0,0,0,infeasible_assignment,infeasible_assignment
72B,heldout_sibgrp,1520,cut_two_fruits_on_board,0,0,0,0,GOAL_UNMET,GOAL_UNMET
72B,heldout_sibgrp,1521,parallel_human_dual_asset_to_plate_or_bowl,0,1,1,1,SOLVED,SOLVED
72B,heldout_sibgrp,1522,cut_two_fruits_on_board,0,1,1,1,SOLVED,SOLVED
72B,heldout_sibgrp,1523,cut_two_fruits_on_board,0,1,1,1,SOLVED,SOLVED
72B,heldout_sibgrp,1525,set_plate_and_fork_on_table,0,1,1,1,SOLVED,SOLVED
72B,heldout_sibgrp,1527,dog_push_box_for_two_panda_transport,1,0,0,0,infeasible_assignment,infeasible_assignment
72B,heldout_sibgrp,1528,dog_push_box_for_two_panda_transport,1,0,0,0,infeasible_assignment,infeasible_assignment
72B,heldout_sibgrp,1530,clear_table_with_two_robots_and_put_in_cabinet,1,0,0,0,infeasible_assignment,infeasible_assignment
72B,heldout_sibgrp,1532,dog_push_box_for_two_panda_transport,1,0,0,0,infeasible_assignment,infeasible_assignment
72B,heldout_sibgrp,1533,clear_table_with_two_robots_and_put_in_cabinet,1,0,0,0,infeasible_assignment,infeasible_assignment
72B,heldout_sibgrp,1534,set_plate_and_fork_on_table,0,1,1,1,SOLVED,SOLVED
72B,heldout_sibgrp,1537,clear_table_with_two_robots_and_put_in_cabinet,1,0,0,0,infeasible_assignment,infeasible_assignment
72B,heldout_sibgrp,1538,parallel_human_dual_asset_to_plate_or_bowl,0,1,1,1,SOLVED,SOLVED
72B,heldout_sibgrp,1539,parallel_human_dual_asset_to_plate_or_bowl,0,1,1,1,SOLVED,SOLVED
72B,heldout_sibgrp,1546,cut_two_fruits_on_board,0,0,0,0,GOAL_UNMET,GOAL_UNMET
72B,heldout_sibgrp,1547,parallel_human_dual_asset_to_plate_or_bowl,0,1,1,1,SOLVED,SOLVED
72B,heldout_sibgrp,1548,parallel_human_dual_asset_to_plate_or_bowl,0,1,1,1,SOLVED,SOLVED
72B,heldout_sibgrp,1549,toast_bread_and_set_plate,0,0,0,0,OVER_BUDGET,OVER_BUDGET
72B,heldout_sibgrp,1554,clear_table_with_two_robots_and_put_in_cabinet,1,0,0,0,infeasible_assignment,infeasible_assignment
72B,heldout_sibgrp,1555,parallel_human_dual_asset_to_plate_or_bowl,0,1,1,1,SOLVED,SOLVED
72B,heldout_sibgrp,1556,ensure_all_fruits_on_table,0,1,1,1,SOLVED,SOLVED
72B,heldout_sibgrp,1559,cut_fruit_on_board,0,0,0,0,GOAL_UNMET,GOAL_UNMET
72B,heldout_sibgrp,1560,parallel_human_dual_asset_to_plate_or_bowl,0,1,1,1,SOLVED,SOLVED
72B,heldout_sibgrp,1565,ensure_all_fruits_on_table,0,1,1,1,SOLVED,SOLVED
72B,heldout_sibgrp,1569,dog_push_box_for_two_panda_transport,1,0,0,0,infeasible_assignment,infeasible_assignment
72B,heldout_sibgrp,1570,clear_table_with_two_robots_and_put_in_cabinet,1,0,0,0,infeasible_assignment,infeasible_assignment
72B,heldout_sibgrp,1571,cut_fruit_on_board,0,0,0,0,GOAL_UNMET,GOAL_UNMET
72B,heldout_sibgrp,1574,cut_fruit_on_board,0,0,0,0,GOAL_UNMET,GOAL_UNMET
72B,heldout_sibgrp,1576,toast_bread_and_set_plate,0,0,0,0,OVER_BUDGET,OVER_BUDGET
72B,heldout_sibgrp,1578,clear_table_with_two_robots_and_put_in_cabinet,1,0,0,0,infeasible_assignment,infeasible_assignment
72B,heldout_sibgrp,1579,cut_two_fruits_on_board,0,1,1,1,SOLVED,SOLVED
72B,heldout_sibgrp,1583,cut_fruit_on_board,0,0,0,0,GOAL_UNMET,GOAL_UNMET
72B,heldout_sibgrp,1584,set_plate_and_fork_on_table,0,1,1,1,SOLVED,SOLVED
72B,heldout_sibgrp,1585,cut_fruit_on_board,0,0,0,0,GOAL_UNMET,GOAL_UNMET
72B,heldout_sibgrp,1586,clear_table_with_two_robots_and_put_in_cabinet,1,0,0,0,infeasible_assignment,infeasible_assignment
72B,heldout_sibgrp,1589,toast_bread_and_set_plate,0,0,0,0,OVER_BUDGET,OVER_BUDGET
72B,heldout_sibgrp,1590,cut_fruit_on_board,0,0,0,0,GOAL_UNMET,GOAL_UNMET
72B,heldout_sibgrp,1591,cut_fruit_on_board,0,0,0,0,GOAL_UNMET,GOAL_UNMET
72B,heldout_sibgrp,1593,dog_push_box_for_two_panda_transport,1,0,0,0,infeasible_assignment,infeasible_assignment
72B,heldout_sibgrp,1594,clear_table_with_two_robots_and_put_in_cabinet,1,0,0,0,infeasible_assignment,infeasible_assignment
72B,heldout_sibgrp,1598,cut_fruit_on_board,0,0,0,0,GOAL_UNMET,GOAL_UNMET
72B,heldout_sibgrp,1600,toast_bread_and_set_plate,0,0,0,0,OVER_BUDGET,OVER_BUDGET
72B,heldout_sibgrp,1604,toast_bread_and_set_plate,0,0,0,0,OVER_BUDGET,OVER_BUDGET
72B,heldout_sibgrp,1605,ensure_all_fruits_on_table,0,1,1,1,SOLVED,SOLVED
72B,heldout_sibgrp,1609,dog_push_box_for_two_panda_transport,1,0,0,0,infeasible_assignment,infeasible_assignment
72B,heldout_sibgrp,1610,cut_fruit_on_board,0,0,0,0,GOAL_UNMET,GOAL_UNMET
72B,heldout_sibgrp,1611,toast_bread_and_set_plate,0,0,0,0,OVER_BUDGET,OVER_BUDGET
72B,heldout_sibgrp,1612,clear_table_with_two_robots_and_put_in_cabinet,1,0,0,0,infeasible_assignment,infeasible_assignment
72B,heldout_sibgrp,1613,cut_fruit_on_board,0,0,0,0,GOAL_UNMET,GOAL_UNMET
72B,heldout_sibgrp,1614,clear_table_with_two_robots_and_put_in_cabinet,1,0,0,0,infeasible_assignment,infeasible_assignment
72B,heldout_sibgrp,1617,cut_two_fruits_on_board,0,0,0,0,GOAL_UNMET,GOAL_UNMET
72B,heldout_sibgrp,1618,cut_fruit_on_board,0,0,0,0,GOAL_UNMET,GOAL_UNMET
72B,heldout_sibgrp,1627,ensure_all_fruits_on_table,0,0,0,0,GOAL_UNMET,GOAL_UNMET
72B,heldout_sibgrp,1628,cut_two_fruits_on_board,0,1,1,1,SOLVED,SOLVED
72B,heldout_sibgrp,1629,cut_two_fruits_on_board,0,1,1,1,SOLVED,SOLVED
72B,heldout_sibgrp,1630,cut_fruit_on_board,0,0,0,0,GOAL_UNMET,GOAL_UNMET
72B,heldout_sibgrp,1631,ensure_all_fruits_on_table,0,0,0,0,GOAL_UNMET,GOAL_UNMET
72B,heldout_sibgrp,1633,clear_table_with_two_robots_and_put_in_cabinet,1,0,0,0,infeasible_assignment,infeasible_assignment
72B,heldout_sibgrp,1634,dog_push_box_for_two_panda_transport,1,0,0,0,infeasible_assignment,infeasible_assignment
72B,heldout_sibgrp,1635,cut_two_fruits_on_board,0,1,1,1,SOLVED,SOLVED
72B,heldout_sibgrp,1637,dog_push_box_for_two_panda_transport,1,0,0,0,infeasible_assignment,infeasible_assignment
72B,heldout_sibgrp,1638,clear_table_with_two_robots_and_put_in_cabinet,1,0,0,0,infeasible_assignment,infeasible_assignment
72B,heldout_sibgrp,1639,clear_table_with_two_robots_and_put_in_cabinet,1,0,0,0,infeasible_assignment,infeasible_assignment
72B,heldout_sibgrp,1641,parallel_human_dual_asset_to_plate_or_bowl,0,1,1,1,SOLVED,SOLVED
72B,heldout_sibgrp,1642,ensure_all_fruits_on_table,0,1,1,1,SOLVED,SOLVED
72B,heldout_sibgrp,1643,cut_two_fruits_on_board,0,1,1,1,SOLVED,SOLVED
72B,heldout_sibgrp,1644,cut_fruit_on_board,0,0,0,0,GOAL_UNMET,GOAL_UNMET
72B,heldout_sibgrp,1646,set_plate_and_fork_on_table,0,1,1,1,SOLVED,SOLVED
72B,heldout_sibgrp,1647,cut_two_fruits_on_board,0,0,0,0,GOAL_UNMET,GOAL_UNMET
72B,heldout_sibgrp,1648,ensure_all_fruits_on_table,0,1,1,1,SOLVED,SOLVED
72B,heldout_sibgrp,1650,cut_fruit_on_board,0,0,0,0,GOAL_UNMET,GOAL_UNMET
72B,heldout_sibgrp,1651,dog_push_box_for_two_panda_transport,1,0,0,0,infeasible_assignment,infeasible_assignment
72B,heldout_sibgrp,1654,cut_fruit_on_board,0,0,0,0,GOAL_UNMET,GOAL_UNMET
72B,heldout_sibgrp,1655,clear_table_with_two_robots_and_put_in_cabinet,1,0,0,0,infeasible_assignment,infeasible_assignment
72B,heldout_sibgrp,1656,toast_bread_and_set_plate,0,0,0,0,OVER_BUDGET,OVER_BUDGET
72B,heldout_sibgrp,1664,clear_table_with_two_robots_and_put_in_cabinet,1,0,0,0,infeasible_assignment,infeasible_assignment
72B,heldout_sibgrp,1665,cut_two_fruits_on_board,0,0,0,0,GOAL_UNMET,GOAL_UNMET
72B,heldout_sibgrp,1666,ensure_all_fruits_on_table,0,1,1,1,SOLVED,SOLVED
72B,heldout_sibgrp,1668,ensure_all_fruits_on_table,0,0,0,0,GOAL_UNMET,GOAL_UNMET
72B,heldout_sibgrp,1670,set_plate_and_fork_on_table,0,1,1,1,SOLVED,SOLVED
72B,heldout_sibgrp,1671,cut_two_fruits_on_board,0,1,1,1,SOLVED,SOLVED
72B,heldout_sibgrp,1672,parallel_human_dual_asset_to_plate_or_bowl,0,1,1,1,SOLVED,SOLVED
72B,heldout_sibgrp,1674,clear_table_with_two_robots_and_put_in_cabinet,1,0,0,0,infeasible_assignment,infeasible_assignment
72B,heldout_sibgrp,1675,ensure_all_fruits_on_table,0,0,0,0,GOAL_UNMET,GOAL_UNMET
72B,heldout_sibgrp,1677,clear_table_with_two_robots_and_put_in_cabinet,1,0,0,0,infeasible_assignment,infeasible_assignment
72B,heldout_sibgrp,1678,cut_fruit_on_board,0,0,0,0,GOAL_UNMET,GOAL_UNMET
72B,heldout_sibgrp,1679,parallel_human_dual_asset_to_plate_or_bowl,0,1,1,1,SOLVED,SOLVED
72B,heldout_sibgrp,1680,cut_two_fruits_on_board,0,1,1,1,SOLVED,SOLVED
72B,heldout_sibgrp,1682,ensure_all_fruits_on_table,0,1,1,1,SOLVED,SOLVED
72B,heldout_sibgrp,1684,parallel_human_dual_asset_to_plate_or_bowl,0,1,1,1,SOLVED,SOLVED
72B,heldout_sibgrp,1685,set_plate_and_fork_on_table,0,1,1,1,SOLVED,SOLVED
72B,heldout_sibgrp,1686,clear_table_with_two_robots_and_put_in_cabinet,1,0,0,0,infeasible_assignment,infeasible_assignment
72B,heldout_sibgrp,1689,parallel_human_dual_asset_to_plate_or_bowl,0,1,1,1,SOLVED,SOLVED
72B,heldout_sibgrp,1690,cut_two_fruits_on_board,0,1,1,1,SOLVED,SOLVED
72B,heldout_sibgrp,1693,clear_table_with_two_robots_and_put_in_cabinet,1,0,0,0,infeasible_assignment,infeasible_assignment
72B,heldout_sibgrp,1694,clear_table_with_two_robots_and_put_in_cabinet,1,0,0,0,infeasible_assignment,infeasible_assignment
72B,heldout_sibgrp,1696,toast_bread_and_set_plate,0,0,0,0,OVER_BUDGET,OVER_BUDGET
72B,heldout_sibgrp,1697,clear_table_with_two_robots_and_put_in_cabinet,1,0,0,0,infeasible_assignment,infeasible_assignment
72B,heldout_sibgrp,1703,toast_bread_and_set_plate,0,0,0,0,OVER_BUDGET,OVER_BUDGET
72B,heldout_sibgrp,1704,parallel_human_dual_asset_to_plate_or_bowl,0,1,1,1,SOLVED,SOLVED
72B,heldout_sibgrp,1706,clear_table_with_two_robots_and_put_in_cabinet,1,0,0,0,infeasible_assignment,infeasible_assignment
72B,heldout_sibgrp,1707,clear_table_with_two_robots_and_put_in_cabinet,1,0,0,0,infeasible_assignment,infeasible_assignment
72B,heldout_sibgrp,1709,toast_bread_and_set_plate,0,0,0,0,OVER_BUDGET,OVER_BUDGET
72B,heldout_sibgrp,1714,ensure_all_fruits_on_table,0,1,1,1,SOLVED,SOLVED
72B,heldout_sibgrp,1715,cut_two_fruits_on_board,0,0,0,0,GOAL_UNMET,GOAL_UNMET
72B,heldout_sibgrp,1716,cut_fruit_on_board,0,0,0,0,GOAL_UNMET,GOAL_UNMET
72B,heldout_sibgrp,1719,toast_bread_and_set_plate,0,0,0,0,OVER_BUDGET,OVER_BUDGET
72B,heldout_sibgrp,1720,cut_fruit_on_board,0,0,0,0,GOAL_UNMET,GOAL_UNMET
72B,heldout_sibgrp,1724,cut_two_fruits_on_board,0,0,0,0,GOAL_UNMET,GOAL_UNMET
72B,heldout_sibgrp,1725,clear_table_with_two_robots_and_put_in_cabinet,1,0,0,0,infeasible_assignment,infeasible_assignment
72B,heldout_sibgrp,1726,clear_table_with_two_robots_and_put_in_cabinet,1,0,0,0,infeasible_assignment,infeasible_assignment
72B,heldout_sibgrp,1728,cut_fruit_on_board,0,0,0,0,GOAL_UNMET,GOAL_UNMET
72B,heldout_sibgrp,1729,ensure_all_fruits_on_table,0,0,0,0,GOAL_UNMET,GOAL_UNMET
72B,heldout_sibgrp,1730,cut_fruit_on_board,0,0,0,0,GOAL_UNMET,GOAL_UNMET
72B,heldout_sibgrp,1731,cut_two_fruits_on_board,0,1,1,1,SOLVED,SOLVED
72B,heldout_sibgrp,1732,cut_fruit_on_board,0,0,0,0,GOAL_UNMET,GOAL_UNMET
72B,heldout_sibgrp,1734,cut_fruit_on_board,0,0,0,0,GOAL_UNMET,GOAL_UNMET
72B,heldout_sibgrp,1735,ensure_all_fruits_on_table,0,1,1,1,SOLVED,SOLVED
72B,heldout_sibgrp,1736,clear_table_with_two_robots_and_put_in_cabinet,1,0,0,0,infeasible_assignment,infeasible_assignment
72B,heldout_sibgrp,1738,toast_bread_and_set_plate,0,0,0,0,OVER_BUDGET,OVER_BUDGET
72B,heldout_sibgrp,1740,dog_push_box_for_two_panda_transport,1,0,0,0,infeasible_assignment,infeasible_assignment
72B,heldout_sibgrp,1741,cut_fruit_on_board,0,0,0,0,GOAL_UNMET,GOAL_UNMET
72B,heldout_sibgrp,1743,cut_fruit_on_board,0,0,0,0,GOAL_UNMET,GOAL_UNMET
72B,heldout_sibgrp,1744,clear_table_with_two_robots_and_put_in_cabinet,1,0,0,0,infeasible_assignment,infeasible_assignment
72B,heldout_sibgrp,1745,cut_fruit_on_board,0,0,0,0,GOAL_UNMET,GOAL_UNMET
72B,heldout_sibgrp,1750,cut_fruit_on_board,0,0,0,0,GOAL_UNMET,GOAL_UNMET
72B,heldout_sibgrp,1751,clear_table_with_two_robots_and_put_in_cabinet,1,0,0,0,infeasible_assignment,infeasible_assignment
72B,heldout_sibgrp,1753,clear_table_with_two_robots_and_put_in_cabinet,1,0,0,0,infeasible_assignment,infeasible_assignment
72B,heldout_sibgrp,1755,cut_fruit_on_board,0,0,0,0,GOAL_UNMET,GOAL_UNMET
72B,heldout_sibgrp,1759,cut_fruit_on_board,0,0,0,0,GOAL_UNMET,GOAL_UNMET
72B,heldout_sibgrp,1762,clear_table_with_two_robots_and_put_in_cabinet,1,0,0,0,infeasible_assignment,infeasible_assignment
72B,heldout_sibgrp,1763,parallel_human_dual_asset_to_plate_or_bowl,0,1,1,1,SOLVED,SOLVED
72B,heldout_sibgrp,1764,clear_table_with_two_robots_and_put_in_cabinet,1,0,0,0,infeasible_assignment,infeasible_assignment
72B,heldout_sibgrp,1766,cut_fruit_on_board,0,0,0,0,GOAL_UNMET,GOAL_UNMET
72B,heldout_sibgrp,1767,set_plate_and_fork_on_table,0,1,1,1,SOLVED,SOLVED
72B,heldout_sibgrp,1769,cut_fruit_on_board,0,0,0,0,GOAL_UNMET,GOAL_UNMET
72B,heldout_sibgrp,1770,clear_table_with_two_robots_and_put_in_cabinet,1,0,0,0,infeasible_assignment,infeasible_assignment
72B,heldout_sibgrp,1771,clear_table_with_two_robots_and_put_in_cabinet,1,0,0,0,infeasible_assignment,infeasible_assignment
72B,heldout_sibgrp,1772,cut_two_fruits_on_board,0,0,0,0,GOAL_UNMET,GOAL_UNMET
72B,heldout_sibgrp,1778,parallel_human_dual_asset_to_plate_or_bowl,0,1,1,1,SOLVED,SOLVED
72B,heldout_sibgrp,1780,dog_push_box_for_two_panda_transport,1,0,0,0,infeasible_assignment,infeasible_assignment
72B,heldout_sibgrp,1781,clear_table_with_two_robots_and_put_in_cabinet,1,0,0,0,infeasible_assignment,infeasible_assignment
72B,heldout_sibgrp,1782,toast_bread_and_set_plate,0,0,0,0,OVER_BUDGET,OVER_BUDGET
72B,heldout_sibgrp,1784,toast_bread_and_set_plate,0,0,0,0,OVER_BUDGET,OVER_BUDGET
72B,heldout_sibgrp,1785,clear_table_with_two_robots_and_put_in_cabinet,1,0,0,0,infeasible_assignment,infeasible_assignment
72B,heldout_sibgrp,1786,set_plate_and_fork_on_table,0,1,1,1,SOLVED,SOLVED
72B,heldout_sibgrp,1787,set_plate_and_fork_on_table,0,1,1,1,SOLVED,SOLVED
72B,heldout_sibgrp,1792,cut_fruit_on_board,0,0,0,0,GOAL_UNMET,GOAL_UNMET
72B,heldout_sibgrp,1795,clear_table_with_two_robots_and_put_in_cabinet,1,0,0,0,infeasible_assignment,infeasible_assignment
72B,heldout_sibgrp,1796,cut_two_fruits_on_board,0,0,0,0,GOAL_UNMET,GOAL_UNMET
72B,heldout_sibgrp,1797,set_plate_and_fork_on_table,0,1,1,1,SOLVED,SOLVED
72B,heldout_sibgrp,1798,clear_table_with_two_robots_and_put_in_cabinet,1,0,0,0,infeasible_assignment,infeasible_assignment
72B,heldout_sibgrp,1799,cut_fruit_on_board,0,0,0,0,GOAL_UNMET,GOAL_UNMET
72B,imaged,0,recombine_cut_and_deliver,0,1,1,1,SOLVED,SOLVED
72B,imaged,1,recombine_cut_and_deliver,0,1,1,1,SOLVED,SOLVED
72B,imaged,2,recombine_cut_and_deliver,0,1,1,1,SOLVED,SOLVED
72B,imaged,3,recombine_cut_and_deliver,0,1,1,1,SOLVED,SOLVED
72B,imaged,4,recombine_cut_and_deliver,0,1,1,1,SOLVED,SOLVED
72B,imaged,5,recombine_cut_and_deliver,0,0,0,0,GOAL_UNMET,GOAL_UNMET
72B,imaged,6,recombine_cut_and_deliver,0,1,1,1,SOLVED,SOLVED
72B,imaged,7,recombine_cut_and_deliver,0,1,1,1,SOLVED,SOLVED
72B,imaged,8,recombine_cut_and_deliver,0,1,1,1,SOLVED,SOLVED
72B,imaged,9,recombine_cut_and_deliver,0,1,1,1,SOLVED,SOLVED
72B,imaged,10,recombine_cut_and_deliver,0,1,1,1,SOLVED,SOLVED
72B,imaged,11,recombine_cut_and_deliver,0,1,1,1,SOLVED,SOLVED
72B,imaged,12,recombine_cut_and_deliver,0,1,1,1,SOLVED,SOLVED
72B,imaged,13,recombine_cut_and_deliver,0,1,1,1,SOLVED,SOLVED
72B,imaged,14,recombine_cut_and_deliver,0,1,1,1,SOLVED,SOLVED
72B,imaged,15,recombine_cut_and_deliver,0,1,1,1,SOLVED,SOLVED
72B,imaged,16,recombine_cut_and_deliver,0,1,1,1,SOLVED,SOLVED
72B,imaged,17,recombine_cut_and_deliver,0,1,1,1,SOLVED,SOLVED
72B,imaged,18,recombine_cut_and_deliver,0,1,1,1,SOLVED,SOLVED
72B,imaged,19,recombine_cut_and_deliver,0,1,1,1,SOLVED,SOLVED
72B,imaged,20,recombine_cut_and_deliver,0,1,1,1,SOLVED,SOLVED
72B,imaged,21,recombine_cut_and_deliver,0,1,1,1,SOLVED,SOLVED
72B,imaged,22,recombine_cut_and_deliver,0,1,1,1,SOLVED,SOLVED
72B,imaged,23,recombine_cut_and_deliver,0,1,1,1,SOLVED,SOLVED
72B,imaged,24,recombine_cut_and_deliver,0,1,1,1,SOLVED,SOLVED
72B,imaged,25,recombine_cut_and_deliver,0,1,1,1,SOLVED,SOLVED
72B,imaged,26,recombine_cut_and_deliver,0,1,1,1,SOLVED,SOLVED
72B,imaged,27,recombine_cut_and_deliver,0,0,0,0,GOAL_UNMET,GOAL_UNMET
72B,imaged,28,recombine_cut_and_deliver,0,0,0,0,GOAL_UNMET,GOAL_UNMET
72B,imaged,29,recombine_cut_and_deliver,0,1,1,1,SOLVED,SOLVED
72B,imaged,30,recombine_cut_and_deliver,0,1,1,1,SOLVED,SOLVED
72B,imaged,31,recombine_cut_and_deliver,0,1,1,1,SOLVED,SOLVED
72B,imaged,32,recombine_cut_and_deliver,0,0,0,0,GOAL_UNMET,GOAL_UNMET
72B,imaged,33,recombine_cut_and_deliver,0,1,1,1,SOLVED,SOLVED
72B,imaged,34,recombine_cut_and_deliver,0,1,1,1,SOLVED,SOLVED
72B,imaged,35,recombine_cut_and_deliver,0,1,1,1,SOLVED,SOLVED
72B,imaged,36,recombine_cut_and_deliver,0,1,1,1,SOLVED,SOLVED
72B,imaged,37,recombine_cut_and_deliver,0,1,1,1,SOLVED,SOLVED
72B,imaged,38,recombine_cut_and_deliver,0,1,1,1,SOLVED,SOLVED
72B,imaged,39,recombine_cut_and_deliver,0,1,1,1,SOLVED,SOLVED
72B,imaged,40,recombine_cut_and_deliver,0,1,1,1,SOLVED,SOLVED
72B,imaged,41,recombine_cut_and_deliver,0,0,0,0,GOAL_UNMET,GOAL_UNMET
72B,imaged,42,recombine_cut_and_deliver,0,1,1,1,SOLVED,SOLVED
72B,imaged,43,recombine_cut_and_deliver,0,1,1,1,SOLVED,SOLVED
72B,imaged,44,recombine_cut_and_deliver,0,1,1,1,SOLVED,SOLVED
72B,imaged,45,recombine_cut_and_deliver,0,1,1,1,SOLVED,SOLVED
72B,imaged,46,recombine_cut_and_deliver,0,1,1,1,SOLVED,SOLVED
72B,imaged,47,recombine_cut_and_deliver,0,1,1,1,SOLVED,SOLVED
72B,imaged,48,recombine_cut_and_deliver,0,1,1,1,SOLVED,SOLVED
72B,imaged,49,recombine_cut_and_deliver,0,1,1,1,SOLVED,SOLVED
72B,imaged,50,recombine_cut_and_deliver,0,1,1,1,SOLVED,SOLVED
72B,imaged,51,recombine_cut_and_deliver,0,1,1,1,SOLVED,SOLVED
72B,imaged,52,recombine_cut_and_deliver,0,1,1,1,SOLVED,SOLVED
72B,imaged,53,recombine_cut_and_deliver,0,0,0,0,GOAL_UNMET,GOAL_UNMET
72B,imaged,54,recombine_cut_and_deliver,0,0,0,0,GOAL_UNMET,GOAL_UNMET
72B,imaged,55,recombine_cut_and_deliver,0,1,1,1,SOLVED,SOLVED
72B,imaged,56,recombine_cut_and_deliver,0,1,1,1,SOLVED,SOLVED
72B,imaged,57,recombine_cut_and_deliver,0,1,1,1,SOLVED,SOLVED
72B,imaged,58,recombine_cut_and_deliver,0,1,1,1,SOLVED,SOLVED
72B,imaged,59,recombine_cut_and_deliver,0,0,0,0,GOAL_UNMET,GOAL_UNMET
72B,imaged,60,recombine_cut_and_deliver,0,0,0,0,GOAL_UNMET,GOAL_UNMET
72B,imaged,61,recombine_cut_and_deliver,0,1,1,1,SOLVED,SOLVED
72B,imaged,62,recombine_cut_and_deliver,0,0,0,0,GOAL_UNMET,GOAL_UNMET
72B,imaged,63,recombine_cut_and_deliver,0,1,1,1,SOLVED,SOLVED
72B,imaged,64,recombine_cut_and_deliver,0,1,1,1,SOLVED,SOLVED
72B,imaged,65,recombine_cut_and_deliver,0,1,1,1,SOLVED,SOLVED
72B,imaged,66,recombine_cut_and_deliver,0,0,0,0,GOAL_UNMET,GOAL_UNMET
72B,imaged,67,recombine_cut_and_deliver,0,1,1,1,SOLVED,SOLVED
72B,imaged,68,recombine_cut_and_deliver,0,0,0,0,GOAL_UNMET,GOAL_UNMET
72B,imaged,69,recombine_cut_and_deliver,0,0,0,0,GOAL_UNMET,GOAL_UNMET
72B,imaged,70,recombine_cut_and_deliver,0,1,1,1,SOLVED,SOLVED
72B,imaged,71,recombine_cut_and_deliver,0,1,1,1,SOLVED,SOLVED
72B,imaged,72,recombine_cut_and_deliver,0,1,1,1,SOLVED,SOLVED
72B,imaged,73,recombine_cut_and_deliver,0,1,1,1,SOLVED,SOLVED
72B,imaged,74,recombine_cut_and_deliver,0,0,0,0,GOAL_UNMET,GOAL_UNMET
72B,imaged,75,recombine_cut_and_deliver,0,0,0,0,GOAL_UNMET,GOAL_UNMET
72B,imaged,76,recombine_cut_and_deliver,0,1,1,1,SOLVED,SOLVED
72B,imaged,77,recombine_cut_and_deliver,0,0,0,0,GOAL_UNMET,GOAL_UNMET
72B,imaged,78,recombine_cut_and_deliver,0,1,1,1,SOLVED,SOLVED
72B,imaged,79,recombine_cut_and_deliver,0,1,1,1,SOLVED,SOLVED
72B,imaged,80,recombine_cut_and_deliver,0,0,0,0,GOAL_UNMET,GOAL_UNMET
72B,imaged,81,recombine_cut_and_deliver,0,1,1,1,SOLVED,SOLVED
72B,imaged,82,recombine_cut_and_deliver,0,1,1,1,SOLVED,SOLVED
72B,imaged,83,recombine_cut_and_deliver,0,1,1,1,SOLVED,SOLVED
72B,imaged,84,recombine_cut_and_deliver,0,1,1,1,SOLVED,SOLVED
72B,imaged,85,recombine_cut_and_deliver,0,1,1,1,SOLVED,SOLVED
72B,imaged,86,recombine_cut_and_deliver,0,1,1,1,SOLVED,SOLVED
72B,imaged,87,recombine_cut_and_deliver,0,1,1,1,SOLVED,SOLVED
72B,imaged,88,recombine_cut_and_deliver,0,1,1,1,SOLVED,SOLVED
72B,imaged,89,recombine_cut_and_deliver,0,1,1,1,SOLVED,SOLVED
72B,imaged,90,recombine_cut_and_deliver,0,1,1,1,SOLVED,SOLVED
72B,imaged,91,recombine_cut_and_deliver,0,1,1,1,SOLVED,SOLVED
72B,imaged,92,recombine_cut_and_deliver,0,0,0,0,GOAL_UNMET,GOAL_UNMET
72B,imaged,93,recombine_cut_and_deliver,0,1,1,1,SOLVED,SOLVED
72B,imaged,94,recombine_cut_and_deliver,0,1,1,1,SOLVED,SOLVED
72B,imaged,95,recombine_cut_and_deliver,0,1,1,1,SOLVED,SOLVED
72B,imaged,96,recombine_cut_and_deliver,0,1,1,1,SOLVED,SOLVED
72B,imaged,97,recombine_cut_and_deliver,0,1,1,1,SOLVED,SOLVED
72B,imaged,98,recombine_cut_and_deliver,0,0,0,0,GOAL_UNMET,GOAL_UNMET
72B,imaged,99,recombine_cut_and_deliver,0,1,1,1,SOLVED,SOLVED
72B,imaged,100,recombine_cut_and_deliver,0,1,1,1,SOLVED,SOLVED
72B,imaged,101,recombine_cut_and_deliver,0,0,0,0,GOAL_UNMET,GOAL_UNMET
72B,imaged,102,recombine_cut_and_deliver,0,1,1,1,SOLVED,SOLVED
72B,imaged,103,recombine_cut_and_deliver,0,1,1,1,SOLVED,SOLVED
72B,imaged,104,recombine_cut_and_deliver,0,1,1,1,SOLVED,SOLVED
72B,imaged,105,recombine_cut_and_deliver,0,1,1,1,SOLVED,SOLVED
72B,imaged,106,recombine_cut_and_deliver,0,1,1,1,SOLVED,SOLVED
72B,imaged,107,recombine_cut_and_deliver,0,1,1,1,SOLVED,SOLVED
72B,imaged,108,recombine_cut_and_deliver,0,1,1,1,SOLVED,SOLVED
72B,imaged,109,recombine_cut_and_deliver,0,1,1,1,SOLVED,SOLVED
72B,imaged,110,recombine_cut_and_deliver,0,1,1,1,SOLVED,SOLVED
72B,imaged,111,recombine_cut_and_deliver,0,1,1,1,SOLVED,SOLVED
72B,imaged,112,recombine_cut_and_deliver,0,1,1,1,SOLVED,SOLVED
72B,imaged,113,recombine_cut_and_deliver,0,1,1,1,SOLVED,SOLVED
72B,imaged,114,recombine_cut_and_deliver,0,1,1,1,SOLVED,SOLVED
72B,imaged,115,recombine_cut_and_deliver,0,1,1,1,SOLVED,SOLVED
72B,imaged,116,recombine_cut_and_deliver,0,1,1,1,SOLVED,SOLVED
72B,imaged,117,recombine_cut_and_deliver,0,1,1,1,SOLVED,SOLVED
72B,imaged,118,recombine_cut_and_deliver,0,1,1,1,SOLVED,SOLVED
72B,imaged,119,recombine_cut_and_deliver,0,1,1,1,SOLVED,SOLVED
72B,imaged,120,recombine_cut_and_deliver,0,1,1,1,SOLVED,SOLVED
72B,imaged,121,recombine_cut_and_deliver,0,0,0,0,GOAL_UNMET,GOAL_UNMET
72B,imaged,122,recombine_cut_and_deliver,0,1,1,1,SOLVED,SOLVED
72B,imaged,123,recombine_cut_and_deliver,0,1,1,1,SOLVED,SOLVED
72B,imaged,124,recombine_cut_and_deliver,0,1,1,1,SOLVED,SOLVED
72B,imaged,125,recombine_cut_and_deliver,0,1,1,1,SOLVED,SOLVED
72B,imaged,126,recombine_cut_and_deliver,0,1,1,1,SOLVED,SOLVED
72B,imaged,127,recombine_cut_and_deliver,0,1,1,1,SOLVED,SOLVED
72B,imaged,128,recombine_cut_and_deliver,0,0,0,0,GOAL_UNMET,GOAL_UNMET
72B,imaged,129,recombine_cut_and_deliver,0,1,1,1,SOLVED,SOLVED
72B,imaged,130,recombine_cut_and_deliver,0,1,1,1,SOLVED,SOLVED
72B,imaged,131,recombine_cut_and_deliver,0,1,1,1,SOLVED,SOLVED
72B,imaged,132,recombine_cut_and_deliver,0,1,1,1,SOLVED,SOLVED
72B,imaged,133,recombine_cut_and_deliver,0,1,1,1,SOLVED,SOLVED
72B,imaged,134,recombine_cut_and_deliver,0,1,1,1,SOLVED,SOLVED
72B,imaged,135,recombine_cut_and_deliver,0,1,1,1,SOLVED,SOLVED
72B,imaged,136,recombine_cut_and_deliver,0,1,1,1,SOLVED,SOLVED
72B,imaged,137,recombine_cut_and_deliver,0,0,0,0,GOAL_UNMET,GOAL_UNMET
72B,imaged,138,recombine_cut_and_deliver,0,1,1,1,SOLVED,SOLVED
72B,imaged,139,recombine_cut_and_deliver,0,1,1,1,SOLVED,SOLVED
72B,imaged,140,recombine_cut_and_deliver,0,1,1,1,SOLVED,SOLVED
72B,imaged,141,recombine_cut_and_deliver,0,0,0,0,GOAL_UNMET,GOAL_UNMET
72B,imaged,142,recombine_cut_and_deliver,0,1,1,1,SOLVED,SOLVED
72B,imaged,143,recombine_cut_and_deliver,0,1,1,1,SOLVED,SOLVED
72B,imaged,144,recombine_cut_and_deliver,0,1,1,1,SOLVED,SOLVED
72B,imaged,145,recombine_cut_and_deliver,0,0,0,0,GOAL_UNMET,GOAL_UNMET
72B,imaged,146,recombine_cut_and_deliver,0,1,1,1,SOLVED,SOLVED
72B,imaged,147,recombine_cut_and_deliver,0,1,1,1,SOLVED,SOLVED
72B,imaged,148,recombine_cut_and_deliver,0,1,1,1,SOLVED,SOLVED
72B,imaged,149,recombine_cut_and_deliver,0,0,0,0,GOAL_UNMET,GOAL_UNMET
72B,imaged,150,recombine_cut_and_deliver,0,1,1,1,SOLVED,SOLVED
72B,imaged,151,recombine_cut_and_deliver,0,0,0,0,GOAL_UNMET,GOAL_UNMET
72B,imaged,152,recombine_cut_and_deliver,0,1,1,1,SOLVED,SOLVED
72B,imaged,153,recombine_cut_and_deliver,0,1,1,1,SOLVED,SOLVED
72B,imaged,154,recombine_cut_and_deliver,0,0,0,0,GOAL_UNMET,GOAL_UNMET
72B,imaged,155,recombine_cut_and_deliver,0,1,1,1,SOLVED,SOLVED
72B,imaged,156,recombine_cut_and_deliver,0,0,0,0,GOAL_UNMET,GOAL_UNMET
72B,imaged,157,recombine_cut_and_deliver,0,0,0,0,GOAL_UNMET,GOAL_UNMET
72B,imaged,158,recombine_cut_and_deliver,0,1,1,1,SOLVED,SOLVED
72B,imaged,159,recombine_cut_and_deliver,0,1,1,1,SOLVED,SOLVED
72B,imaged,160,recombine_cut_and_deliver,0,1,1,1,SOLVED,SOLVED
72B,imaged,161,recombine_cut_and_deliver,0,1,1,1,SOLVED,SOLVED
72B,imaged,162,recombine_cut_and_deliver,0,1,1,1,SOLVED,SOLVED
72B,imaged,163,recombine_cut_and_deliver,0,1,1,1,SOLVED,SOLVED
72B,imaged,164,recombine_cut_and_deliver,0,1,1,1,SOLVED,SOLVED
72B,imaged,165,recombine_cut_and_deliver,0,1,1,1,SOLVED,SOLVED
72B,imaged,166,recombine_cut_and_deliver,0,1,1,1,SOLVED,SOLVED
72B,imaged,167,recombine_cut_and_deliver,0,1,1,1,SOLVED,SOLVED
72B,imaged,168,recombine_cut_and_deliver,0,1,1,1,SOLVED,SOLVED
72B,imaged,169,recombine_cut_and_deliver,0,1,1,1,SOLVED,SOLVED
72B,imaged,170,recombine_cut_and_deliver,0,1,1,1,SOLVED,SOLVED
72B,imaged,171,recombine_cut_and_deliver,0,1,1,1,SOLVED,SOLVED
72B,imaged,172,recombine_cut_and_deliver,0,1,1,1,SOLVED,SOLVED
72B,imaged,173,recombine_cut_and_deliver,0,1,1,1,SOLVED,SOLVED
72B,imaged,174,recombine_cut_and_deliver,0,0,0,0,GOAL_UNMET,GOAL_UNMET
72B,imaged,175,recombine_cut_and_deliver,0,1,1,1,SOLVED,SOLVED
72B,imaged,176,recombine_cut_and_deliver,0,0,0,0,GOAL_UNMET,GOAL_UNMET
72B,imaged,177,recombine_cut_and_deliver,0,0,0,0,GOAL_UNMET,GOAL_UNMET
72B,imaged,178,recombine_cut_and_deliver,0,0,0,0,GOAL_UNMET,GOAL_UNMET
72B,imaged,179,recombine_cut_and_deliver,0,1,1,1,SOLVED,SOLVED
72B,imaged,180,recombine_cut_and_deliver,0,1,1,1,SOLVED,SOLVED
72B,imaged,181,recombine_cut_and_deliver,0,0,0,0,GOAL_UNMET,GOAL_UNMET
72B,imaged,182,recombine_cut_and_deliver,0,1,1,1,SOLVED,SOLVED
72B,imaged,183,recombine_cut_and_deliver,0,0,0,0,GOAL_UNMET,GOAL_UNMET
72B,imaged,184,recombine_cut_and_deliver,0,1,1,1,SOLVED,SOLVED
72B,imaged,185,recombine_cut_and_deliver,0,1,1,1,SOLVED,SOLVED
72B,imaged,186,recombine_cut_and_deliver,0,1,1,1,SOLVED,SOLVED
72B,imaged,187,recombine_cut_and_deliver,0,1,1,1,SOLVED,SOLVED
72B,imaged,188,recombine_cut_and_deliver,0,0,0,0,GOAL_UNMET,GOAL_UNMET
72B,imaged,189,recombine_cut_and_deliver,0,1,1,1,SOLVED,SOLVED
72B,imaged,190,recombine_cut_and_deliver,0,1,1,1,SOLVED,SOLVED
72B,imaged,191,recombine_cut_and_deliver,0,1,1,1,SOLVED,SOLVED
72B,imaged,192,recombine_cut_and_deliver,0,1,1,1,SOLVED,SOLVED
72B,imaged,193,recombine_cut_and_deliver,0,1,1,1,SOLVED,SOLVED
72B,imaged,194,recombine_cut_and_deliver,0,1,1,1,SOLVED,SOLVED
72B,imaged,195,recombine_cut_and_deliver,0,1,1,1,SOLVED,SOLVED
72B,imaged,196,recombine_cut_and_deliver,0,1,1,1,SOLVED,SOLVED
72B,imaged,197,recombine_cut_and_deliver,0,1,1,1,SOLVED,SOLVED
72B,imaged,198,recombine_cut_and_deliver,0,1,1,1,SOLVED,SOLVED
72B,imaged,199,recombine_cut_and_deliver,0,1,1,1,SOLVED,SOLVED
72B,imaged,200,recombine_cut_and_deliver,0,1,1,1,SOLVED,SOLVED
72B,imaged,201,recombine_cut_and_deliver,0,1,1,1,SOLVED,SOLVED
72B,imaged,202,recombine_cut_and_deliver,0,1,1,1,SOLVED,SOLVED
72B,imaged,203,recombine_cut_and_deliver,0,1,1,1,SOLVED,SOLVED
72B,imaged,204,recombine_cut_and_deliver,0,0,0,0,GOAL_UNMET,GOAL_UNMET
72B,imaged,205,recombine_cut_and_deliver,0,1,1,1,SOLVED,SOLVED
72B,imaged,206,recombine_cut_and_deliver,0,1,1,1,SOLVED,SOLVED
72B,imaged,207,recombine_cut_and_deliver,0,1,1,1,SOLVED,SOLVED
72B,imaged,208,recombine_cut_and_deliver,0,1,1,1,SOLVED,SOLVED
72B,imaged,209,recombine_cut_and_deliver,0,1,1,1,SOLVED,SOLVED
72B,imaged,210,recombine_cut_and_deliver,0,0,0,0,GOAL_UNMET,GOAL_UNMET
72B,imaged,211,recombine_cut_and_deliver,0,0,0,0,GOAL_UNMET,GOAL_UNMET
72B,imaged,212,recombine_cut_and_deliver,0,0,0,0,GOAL_UNMET,GOAL_UNMET
72B,imaged,213,recombine_cut_and_deliver,0,1,1,1,SOLVED,SOLVED
72B,imaged,214,recombine_cut_and_deliver,0,1,1,1,SOLVED,SOLVED
72B,imaged,215,recombine_cut_and_deliver,0,0,0,0,GOAL_UNMET,GOAL_UNMET
72B,imaged,216,recombine_cut_and_deliver,0,1,1,1,SOLVED,SOLVED
72B,imaged,217,recombine_cut_and_deliver,0,1,1,1,SOLVED,SOLVED
72B,imaged,218,recombine_cut_and_deliver,0,1,1,1,SOLVED,SOLVED
72B,imaged,219,recombine_cut_and_deliver,0,1,1,1,SOLVED,SOLVED
72B,imaged,220,recombine_cut_and_deliver,0,1,1,1,SOLVED,SOLVED
72B,imaged,221,recombine_cut_and_deliver,0,0,0,0,GOAL_UNMET,GOAL_UNMET
72B,imaged,222,recombine_cut_and_deliver,0,1,1,1,SOLVED,SOLVED
72B,imaged,223,recombine_cut_and_deliver,0,0,0,0,GOAL_UNMET,GOAL_UNMET
72B,imaged,224,recombine_cut_and_deliver,0,1,1,1,SOLVED,SOLVED
72B,imaged,225,recombine_cut_and_deliver,0,1,1,1,SOLVED,SOLVED
72B,imaged,226,recombine_cut_and_deliver,0,1,1,1,SOLVED,SOLVED
72B,imaged,227,recombine_cut_and_deliver,0,1,1,1,SOLVED,SOLVED
72B,imaged,228,recombine_cut_and_deliver,0,1,1,1,SOLVED,SOLVED
72B,imaged,229,recombine_cut_and_deliver,0,0,0,0,GOAL_UNMET,GOAL_UNMET
72B,imaged,230,recombine_cut_and_deliver,0,0,0,0,GOAL_UNMET,GOAL_UNMET
72B,imaged,231,recombine_cut_and_deliver,0,1,1,1,SOLVED,SOLVED
72B,imaged,232,recombine_cut_and_deliver,0,1,1,1,SOLVED,SOLVED
72B,imaged,233,recombine_cut_and_deliver,0,1,1,1,SOLVED,SOLVED
72B,imaged,234,recombine_cut_and_deliver,0,1,1,1,SOLVED,SOLVED
72B,imaged,235,recombine_cut_and_deliver,0,1,1,1,SOLVED,SOLVED
72B,imaged,236,recombine_cut_and_deliver,0,0,0,0,GOAL_UNMET,GOAL_UNMET
72B,imaged,237,recombine_cut_and_deliver,0,1,1,1,SOLVED,SOLVED
72B,imaged,238,recombine_cut_and_deliver,0,1,1,1,SOLVED,SOLVED
72B,imaged,239,recombine_cut_and_deliver,0,0,0,0,GOAL_UNMET,GOAL_UNMET
72B,imaged,240,recombine_cut_and_deliver,0,0,0,0,GOAL_UNMET,GOAL_UNMET
72B,imaged,241,recombine_cut_and_deliver,0,1,1,1,SOLVED,SOLVED
72B,imaged,242,recombine_cut_and_deliver,0,1,1,1,SOLVED,SOLVED
72B,imaged,243,recombine_cut_and_deliver,0,1,1,1,SOLVED,SOLVED
72B,imaged,244,recombine_cut_and_deliver,0,0,0,0,GOAL_UNMET,GOAL_UNMET
72B,imaged,245,recombine_cut_and_deliver,0,0,0,0,GOAL_UNMET,GOAL_UNMET
72B,imaged,246,recombine_cut_and_deliver,0,1,1,1,SOLVED,SOLVED
72B,imaged,247,recombine_cut_and_deliver,0,1,1,1,SOLVED,SOLVED
72B,imaged,248,recombine_cut_and_deliver,0,0,0,0,GOAL_UNMET,GOAL_UNMET
72B,imaged,249,recombine_cut_and_deliver,0,1,1,1,SOLVED,SOLVED
72B,imaged,250,recombine_cut_and_deliver,0,1,1,1,SOLVED,SOLVED
72B,imaged,251,recombine_cut_and_deliver,0,1,1,1,SOLVED,SOLVED
72B,imaged,252,recombine_cut_and_deliver,0,1,1,1,SOLVED,SOLVED
72B,imaged,253,recombine_cut_and_deliver,0,1,1,1,SOLVED,SOLVED
72B,imaged,254,recombine_cut_and_deliver,0,1,1,1,SOLVED,SOLVED
72B,imaged,255,recombine_cut_and_deliver,0,1,1,1,SOLVED,SOLVED
72B,imaged,256,recombine_cut_and_deliver,0,1,1,1,SOLVED,SOLVED
72B,imaged,257,recombine_cut_and_deliver,0,1,1,1,SOLVED,SOLVED
72B,imaged,258,recombine_cut_and_deliver,0,1,1,1,SOLVED,SOLVED
72B,imaged,259,recombine_cut_and_deliver,0,1,1,1,SOLVED,SOLVED
72B,imaged,260,recombine_cut_and_deliver,0,1,1,1,SOLVED,SOLVED
72B,imaged,261,recombine_cut_and_deliver,0,0,0,0,GOAL_UNMET,GOAL_UNMET
72B,imaged,262,recombine_cut_and_deliver,0,1,1,1,SOLVED,SOLVED
72B,imaged,263,recombine_cut_and_deliver,0,1,1,1,SOLVED,SOLVED
72B,imaged,264,recombine_cut_and_deliver,0,1,1,1,SOLVED,SOLVED
72B,imaged,265,recombine_cut_and_deliver,0,1,1,1,SOLVED,SOLVED
72B,imaged,266,recombine_cut_and_deliver,0,1,1,1,SOLVED,SOLVED
72B,imaged,267,recombine_cut_and_deliver,0,1,1,1,SOLVED,SOLVED
72B,imaged,268,recombine_cut_and_deliver,0,0,0,0,GOAL_UNMET,GOAL_UNMET
72B,imaged,269,recombine_cut_and_deliver,0,1,1,1,SOLVED,SOLVED
72B,imaged,270,recombine_cut_and_deliver,0,1,1,1,SOLVED,SOLVED
72B,imaged,271,recombine_cut_and_deliver,0,0,0,0,GOAL_UNMET,GOAL_UNMET
72B,imaged,272,recombine_cut_and_deliver,0,1,1,1,SOLVED,SOLVED
72B,imaged,273,recombine_cut_and_deliver,0,1,1,1,SOLVED,SOLVED
72B,imaged,274,recombine_cut_and_deliver,0,1,1,1,SOLVED,SOLVED
72B,imaged,275,recombine_cut_and_deliver,0,1,1,1,SOLVED,SOLVED
72B,imaged,276,recombine_cut_and_deliver,0,0,0,0,GOAL_UNMET,GOAL_UNMET
72B,imaged,277,recombine_cut_and_deliver,0,0,0,0,GOAL_UNMET,GOAL_UNMET
72B,imaged,278,recombine_cut_and_deliver,0,1,1,1,SOLVED,SOLVED
72B,imaged,279,recombine_cut_and_deliver,0,1,1,1,SOLVED,SOLVED
72B,imaged,280,recombine_cut_and_deliver,0,0,0,0,GOAL_UNMET,GOAL_UNMET
72B,imaged,281,recombine_cut_and_deliver,0,1,1,1,SOLVED,SOLVED
72B,imaged,282,recombine_cut_and_deliver,0,1,1,1,SOLVED,SOLVED
72B,imaged,283,recombine_cut_and_deliver,0,1,1,1,SOLVED,SOLVED
72B,imaged,284,recombine_cut_and_deliver,0,1,1,1,SOLVED,SOLVED
72B,imaged,285,recombine_cut_and_deliver,0,1,1,1,SOLVED,SOLVED
72B,imaged,286,recombine_cut_and_deliver,0,1,1,1,SOLVED,SOLVED
72B,imaged,287,recombine_cut_and_deliver,0,1,1,1,SOLVED,SOLVED
72B,imaged,288,recombine_cut_and_deliver,0,1,1,1,SOLVED,SOLVED
72B,imaged,289,recombine_cut_and_deliver,0,1,1,1,SOLVED,SOLVED
72B,imaged,290,recombine_cut_and_deliver,0,1,1,1,SOLVED,SOLVED
72B,imaged,291,recombine_cut_and_deliver,0,1,1,1,SOLVED,SOLVED
72B,imaged,292,recombine_cut_and_deliver,0,1,1,1,SOLVED,SOLVED
72B,imaged,293,recombine_cut_and_deliver,0,0,0,0,GOAL_UNMET,GOAL_UNMET
72B,imaged,294,recombine_cut_and_deliver,0,1,1,1,SOLVED,SOLVED
72B,imaged,295,recombine_cut_and_deliver,0,0,0,0,GOAL_UNMET,GOAL_UNMET
72B,imaged,296,recombine_cut_and_deliver,0,1,1,1,SOLVED,SOLVED
72B,text,0,recombine_cut_and_deliver,0,1,1,1,SOLVED,SOLVED
72B,text,1,recombine_cut_and_deliver,0,1,1,1,SOLVED,SOLVED
72B,text,2,recombine_cut_and_deliver,0,1,1,1,SOLVED,SOLVED
72B,text,3,recombine_cut_and_deliver,0,0,0,0,GOAL_UNMET,GOAL_UNMET
72B,text,4,recombine_cut_and_deliver,0,1,1,1,SOLVED,SOLVED
72B,text,5,recombine_cut_and_deliver,0,1,1,1,SOLVED,SOLVED
72B,text,6,recombine_cut_and_deliver,0,1,1,1,SOLVED,SOLVED
72B,text,7,recombine_cut_and_deliver,0,1,1,1,SOLVED,SOLVED
72B,text,8,recombine_cut_and_deliver,0,1,1,1,SOLVED,SOLVED
72B,text,9,recombine_cut_and_deliver,0,1,1,1,SOLVED,SOLVED
72B,text,10,recombine_cut_and_deliver,0,1,1,1,SOLVED,SOLVED
72B,text,11,recombine_cut_and_deliver,0,1,1,1,SOLVED,SOLVED
72B,text,12,recombine_cut_and_deliver,0,1,1,1,SOLVED,SOLVED
72B,text,13,recombine_cut_and_deliver,0,1,1,1,SOLVED,SOLVED
72B,text,14,recombine_cut_and_deliver,0,1,1,1,SOLVED,SOLVED
72B,text,15,recombine_cut_and_deliver,0,1,1,1,SOLVED,SOLVED
72B,text,16,recombine_cut_and_deliver,0,0,0,0,GOAL_UNMET,GOAL_UNMET
72B,text,17,recombine_cut_and_deliver,0,1,1,1,SOLVED,SOLVED
72B,text,18,recombine_cut_and_deliver,0,1,1,1,SOLVED,SOLVED
72B,text,19,recombine_cut_and_deliver,0,1,1,1,SOLVED,SOLVED
72B,text,20,recombine_cut_and_deliver,0,1,1,1,SOLVED,SOLVED
72B,text,21,recombine_cut_and_deliver,0,1,1,1,SOLVED,SOLVED
72B,text,22,recombine_cut_and_deliver,0,1,1,1,SOLVED,SOLVED
72B,text,23,recombine_cut_and_deliver,0,1,1,1,SOLVED,SOLVED
72B,text,24,recombine_cut_and_deliver,0,1,1,1,SOLVED,SOLVED
72B,text,25,recombine_cut_and_deliver,0,1,1,1,SOLVED,SOLVED
72B,text,26,recombine_cut_and_deliver,0,1,1,1,SOLVED,SOLVED
72B,text,27,recombine_cut_and_deliver,0,0,0,0,GOAL_UNMET,GOAL_UNMET
72B,text,28,recombine_cut_and_deliver,0,0,0,0,GOAL_UNMET,GOAL_UNMET
72B,text,29,recombine_cut_and_deliver,0,1,1,1,SOLVED,SOLVED
72B,text,30,recombine_cut_and_deliver,0,1,1,1,SOLVED,SOLVED
72B,text,31,recombine_cut_and_deliver,0,1,1,1,SOLVED,SOLVED
72B,text,32,recombine_cut_and_deliver,0,1,1,1,SOLVED,SOLVED
72B,text,33,recombine_cut_and_deliver,0,1,1,1,SOLVED,SOLVED
72B,text,34,recombine_cut_and_deliver,0,1,1,1,SOLVED,SOLVED
72B,text,35,recombine_cut_and_deliver,0,1,1,1,SOLVED,SOLVED
72B,text,36,recombine_cut_and_deliver,0,1,1,1,SOLVED,SOLVED
72B,text,37,recombine_cut_and_deliver,0,1,1,1,SOLVED,SOLVED
72B,text,38,recombine_cut_and_deliver,0,1,1,1,SOLVED,SOLVED
72B,text,39,recombine_cut_and_deliver,0,1,1,1,SOLVED,SOLVED
72B,text,40,recombine_cut_and_deliver,0,1,1,1,SOLVED,SOLVED
72B,text,41,recombine_cut_and_deliver,0,1,1,1,SOLVED,SOLVED
72B,text,42,recombine_cut_and_deliver,0,1,1,1,SOLVED,SOLVED
72B,text,43,recombine_cut_and_deliver,0,1,1,1,SOLVED,SOLVED
72B,text,44,recombine_cut_and_deliver,0,1,1,1,SOLVED,SOLVED
72B,text,45,recombine_cut_and_deliver,0,1,1,1,SOLVED,SOLVED
72B,text,46,recombine_cut_and_deliver,0,1,1,1,SOLVED,SOLVED
72B,text,47,recombine_cut_and_deliver,0,1,1,1,SOLVED,SOLVED
72B,text,48,recombine_cut_and_deliver,0,1,1,1,SOLVED,SOLVED
72B,text,49,recombine_cut_and_deliver,0,1,1,1,SOLVED,SOLVED
72B,text,50,recombine_cut_and_deliver,0,1,1,1,SOLVED,SOLVED
72B,text,51,recombine_cut_and_deliver,0,1,1,1,SOLVED,SOLVED
72B,text,52,recombine_cut_and_deliver,0,1,1,1,SOLVED,SOLVED
72B,text,53,recombine_cut_and_deliver,0,1,1,1,SOLVED,SOLVED
72B,text,54,recombine_cut_and_deliver,0,1,1,1,SOLVED,SOLVED
72B,text,55,recombine_cut_and_deliver,0,1,1,1,SOLVED,SOLVED
72B,text,56,recombine_cut_and_deliver,0,1,1,1,SOLVED,SOLVED
72B,text,57,recombine_cut_and_deliver,0,1,1,1,SOLVED,SOLVED
72B,text,58,recombine_cut_and_deliver,0,1,1,1,SOLVED,SOLVED
72B,text,59,recombine_cut_and_deliver,0,0,0,0,GOAL_UNMET,GOAL_UNMET
72B,text,60,recombine_cut_and_deliver,0,0,0,0,GOAL_UNMET,GOAL_UNMET
72B,text,61,recombine_cut_and_deliver,0,1,1,1,SOLVED,SOLVED
72B,text,62,recombine_cut_and_deliver,0,1,1,1,SOLVED,SOLVED
72B,text,63,recombine_cut_and_deliver,0,1,1,1,SOLVED,SOLVED
72B,text,64,recombine_cut_and_deliver,0,1,1,1,SOLVED,SOLVED
72B,text,65,recombine_cut_and_deliver,0,0,0,0,GOAL_UNMET,GOAL_UNMET
72B,text,66,recombine_cut_and_deliver,0,1,1,1,SOLVED,SOLVED
72B,text,67,recombine_cut_and_deliver,0,1,1,1,SOLVED,SOLVED
72B,text,68,recombine_cut_and_deliver,0,0,0,0,GOAL_UNMET,GOAL_UNMET
72B,text,69,recombine_cut_and_deliver,0,1,1,1,SOLVED,SOLVED
72B,text,70,recombine_cut_and_deliver,0,1,1,1,SOLVED,SOLVED
72B,text,71,recombine_cut_and_deliver,0,1,1,1,SOLVED,SOLVED
72B,text,72,recombine_cut_and_deliver,0,0,0,0,GOAL_UNMET,GOAL_UNMET
72B,text,73,recombine_cut_and_deliver,0,1,1,1,SOLVED,SOLVED
72B,text,74,recombine_cut_and_deliver,0,1,1,1,SOLVED,SOLVED
72B,text,75,recombine_cut_and_deliver,0,0,0,0,GOAL_UNMET,GOAL_UNMET
72B,text,76,recombine_cut_and_deliver,0,1,1,1,SOLVED,SOLVED
72B,text,77,recombine_cut_and_deliver,0,0,0,0,GOAL_UNMET,GOAL_UNMET
72B,text,78,recombine_cut_and_deliver,0,1,1,1,SOLVED,SOLVED
72B,text,79,recombine_cut_and_deliver,0,1,1,1,SOLVED,SOLVED
72B,text,80,recombine_cut_and_deliver,0,1,1,1,SOLVED,SOLVED
72B,text,81,recombine_cut_and_deliver,0,1,1,1,SOLVED,SOLVED
72B,text,82,recombine_cut_and_deliver,0,1,1,1,SOLVED,SOLVED
72B,text,83,recombine_cut_and_deliver,0,1,1,1,SOLVED,SOLVED
72B,text,84,recombine_cut_and_deliver,0,1,1,1,SOLVED,SOLVED
72B,text,85,recombine_cut_and_deliver,0,1,1,1,SOLVED,SOLVED
72B,text,86,recombine_cut_and_deliver,0,1,1,1,SOLVED,SOLVED
72B,text,87,recombine_cut_and_deliver,0,1,1,1,SOLVED,SOLVED
72B,text,88,recombine_cut_and_deliver,0,1,1,1,SOLVED,SOLVED
72B,text,89,recombine_cut_and_deliver,0,1,1,1,SOLVED,SOLVED
72B,text,90,recombine_cut_and_deliver,0,1,1,1,SOLVED,SOLVED
72B,text,91,recombine_cut_and_deliver,0,1,1,1,SOLVED,SOLVED
72B,text,92,recombine_cut_and_deliver,0,1,1,1,SOLVED,SOLVED
72B,text,93,recombine_cut_and_deliver,0,1,1,1,SOLVED,SOLVED
72B,text,94,recombine_cut_and_deliver,0,1,1,1,SOLVED,SOLVED
72B,text,95,recombine_cut_and_deliver,0,1,1,1,SOLVED,SOLVED
72B,text,96,recombine_cut_and_deliver,0,1,1,1,SOLVED,SOLVED
72B,text,97,recombine_cut_and_deliver,0,1,1,1,SOLVED,SOLVED
72B,text,98,recombine_cut_and_deliver,0,0,0,0,GOAL_UNMET,GOAL_UNMET
72B,text,99,recombine_cut_and_deliver,0,0,0,0,GOAL_UNMET,GOAL_UNMET
72B,text,100,recombine_cut_and_deliver,0,1,1,1,SOLVED,SOLVED
72B,text,101,recombine_cut_and_deliver,0,1,1,1,SOLVED,SOLVED
72B,text,102,recombine_cut_and_deliver,0,1,1,1,SOLVED,SOLVED
72B,text,103,recombine_cut_and_deliver,0,1,1,1,SOLVED,SOLVED
72B,text,104,recombine_cut_and_deliver,0,1,1,1,SOLVED,SOLVED
72B,text,105,recombine_cut_and_deliver,0,1,1,1,SOLVED,SOLVED
72B,text,106,recombine_cut_and_deliver,0,1,1,1,SOLVED,SOLVED
72B,text,107,recombine_cut_and_deliver,0,1,1,1,SOLVED,SOLVED
72B,text,108,recombine_cut_and_deliver,0,1,1,1,SOLVED,SOLVED
72B,text,109,recombine_cut_and_deliver,0,1,1,1,SOLVED,SOLVED
72B,text,110,recombine_cut_and_deliver,0,1,1,1,SOLVED,SOLVED
72B,text,111,recombine_cut_and_deliver,0,1,1,1,SOLVED,SOLVED
72B,text,112,recombine_cut_and_deliver,0,1,1,1,SOLVED,SOLVED
72B,text,113,recombine_cut_and_deliver,0,1,1,1,SOLVED,SOLVED
72B,text,114,recombine_cut_and_deliver,0,1,1,1,SOLVED,SOLVED
72B,text,115,recombine_cut_and_deliver,0,1,1,1,SOLVED,SOLVED
72B,text,116,recombine_cut_and_deliver,0,1,1,1,SOLVED,SOLVED
72B,text,117,recombine_cut_and_deliver,0,1,1,1,SOLVED,SOLVED
72B,text,118,recombine_cut_and_deliver,0,1,1,1,SOLVED,SOLVED
72B,text,119,recombine_cut_and_deliver,0,1,1,1,SOLVED,SOLVED
72B,text,120,recombine_cut_and_deliver,0,1,1,1,SOLVED,SOLVED
72B,text,121,recombine_cut_and_deliver,0,0,0,0,GOAL_UNMET,GOAL_UNMET
72B,text,122,recombine_cut_and_deliver,0,1,1,1,SOLVED,SOLVED
72B,text,123,recombine_cut_and_deliver,0,1,1,1,SOLVED,SOLVED
72B,text,124,recombine_cut_and_deliver,0,1,1,1,SOLVED,SOLVED
72B,text,125,recombine_cut_and_deliver,0,1,1,1,SOLVED,SOLVED
72B,text,126,recombine_cut_and_deliver,0,1,1,1,SOLVED,SOLVED
72B,text,127,recombine_cut_and_deliver,0,1,1,1,SOLVED,SOLVED
72B,text,128,recombine_cut_and_deliver,0,0,0,0,GOAL_UNMET,GOAL_UNMET
72B,text,129,recombine_cut_and_deliver,0,1,1,1,SOLVED,SOLVED
72B,text,130,recombine_cut_and_deliver,0,1,1,1,SOLVED,SOLVED
72B,text,131,recombine_cut_and_deliver,0,1,1,1,SOLVED,SOLVED
72B,text,132,recombine_cut_and_deliver,0,1,1,1,SOLVED,SOLVED
72B,text,133,recombine_cut_and_deliver,0,1,1,1,SOLVED,SOLVED
72B,text,134,recombine_cut_and_deliver,0,1,1,1,SOLVED,SOLVED
72B,text,135,recombine_cut_and_deliver,0,1,1,1,SOLVED,SOLVED
72B,text,136,recombine_cut_and_deliver,0,1,1,1,SOLVED,SOLVED
72B,text,137,recombine_cut_and_deliver,0,0,0,0,GOAL_UNMET,GOAL_UNMET
72B,text,138,recombine_cut_and_deliver,0,1,1,1,SOLVED,SOLVED
72B,text,139,recombine_cut_and_deliver,0,1,1,1,SOLVED,SOLVED
72B,text,140,recombine_cut_and_deliver,0,1,1,1,SOLVED,SOLVED
72B,text,141,recombine_cut_and_deliver,0,0,0,0,GOAL_UNMET,GOAL_UNMET
72B,text,142,recombine_cut_and_deliver,0,1,1,1,SOLVED,SOLVED
72B,text,143,recombine_cut_and_deliver,0,1,1,1,SOLVED,SOLVED
72B,text,144,recombine_cut_and_deliver,0,1,1,1,SOLVED,SOLVED
72B,text,145,recombine_cut_and_deliver,0,1,1,1,SOLVED,SOLVED
72B,text,146,recombine_cut_and_deliver,0,1,1,1,SOLVED,SOLVED
72B,text,147,recombine_cut_and_deliver,0,1,1,1,SOLVED,SOLVED
72B,text,148,recombine_cut_and_deliver,0,1,1,1,SOLVED,SOLVED
72B,text,149,recombine_cut_and_deliver,0,0,0,0,GOAL_UNMET,GOAL_UNMET
72B,text,150,recombine_cut_and_deliver,0,1,1,1,SOLVED,SOLVED
72B,text,151,recombine_cut_and_deliver,0,0,0,0,GOAL_UNMET,GOAL_UNMET
72B,text,152,recombine_cut_and_deliver,0,1,1,1,SOLVED,SOLVED
72B,text,153,recombine_cut_and_deliver,0,1,1,1,SOLVED,SOLVED
72B,text,154,recombine_cut_and_deliver,0,0,0,0,GOAL_UNMET,GOAL_UNMET
72B,text,155,recombine_cut_and_deliver,0,1,1,1,SOLVED,SOLVED
72B,text,156,recombine_cut_and_deliver,0,0,0,0,GOAL_UNMET,GOAL_UNMET
72B,text,157,recombine_cut_and_deliver,0,0,0,0,GOAL_UNMET,GOAL_UNMET
72B,text,158,recombine_cut_and_deliver,0,1,1,1,SOLVED,SOLVED
72B,text,159,recombine_cut_and_deliver,0,1,1,1,SOLVED,SOLVED
72B,text,160,recombine_cut_and_deliver,0,1,1,1,SOLVED,SOLVED
72B,text,161,recombine_cut_and_deliver,0,1,1,1,SOLVED,SOLVED
72B,text,162,recombine_cut_and_deliver,0,1,1,1,SOLVED,SOLVED
72B,text,163,recombine_cut_and_deliver,0,1,1,1,SOLVED,SOLVED
72B,text,164,recombine_cut_and_deliver,0,1,1,1,SOLVED,SOLVED
72B,text,165,recombine_cut_and_deliver,0,0,0,0,GOAL_UNMET,GOAL_UNMET
72B,text,166,recombine_cut_and_deliver,0,1,1,1,SOLVED,SOLVED
72B,text,167,recombine_cut_and_deliver,0,1,1,1,SOLVED,SOLVED
72B,text,168,recombine_cut_and_deliver,0,1,1,1,SOLVED,SOLVED
72B,text,169,recombine_cut_and_deliver,0,1,1,1,SOLVED,SOLVED
72B,text,170,recombine_cut_and_deliver,0,1,1,1,SOLVED,SOLVED
72B,text,171,recombine_cut_and_deliver,0,1,1,1,SOLVED,SOLVED
72B,text,172,recombine_cut_and_deliver,0,1,1,1,SOLVED,SOLVED
72B,text,173,recombine_cut_and_deliver,0,1,1,1,SOLVED,SOLVED
72B,text,174,recombine_cut_and_deliver,0,1,1,1,SOLVED,SOLVED
72B,text,175,recombine_cut_and_deliver,0,1,1,1,SOLVED,SOLVED
72B,text,176,recombine_cut_and_deliver,0,1,1,1,SOLVED,SOLVED
72B,text,177,recombine_cut_and_deliver,0,0,0,0,GOAL_UNMET,GOAL_UNMET
72B,text,178,recombine_cut_and_deliver,0,1,1,1,SOLVED,SOLVED
72B,text,179,recombine_cut_and_deliver,0,1,1,1,SOLVED,SOLVED
72B,text,180,recombine_cut_and_deliver,0,1,1,1,SOLVED,SOLVED
72B,text,181,recombine_cut_and_deliver,0,0,0,0,GOAL_UNMET,GOAL_UNMET
72B,text,182,recombine_cut_and_deliver,0,1,1,1,SOLVED,SOLVED
72B,text,183,recombine_cut_and_deliver,0,0,0,0,GOAL_UNMET,GOAL_UNMET
72B,text,184,recombine_cut_and_deliver,0,1,1,1,SOLVED,SOLVED
72B,text,185,recombine_cut_and_deliver,0,1,1,1,SOLVED,SOLVED
72B,text,186,recombine_cut_and_deliver,0,1,1,1,SOLVED,SOLVED
72B,text,187,recombine_cut_and_deliver,0,1,1,1,SOLVED,SOLVED
72B,text,188,recombine_cut_and_deliver,0,1,1,1,SOLVED,SOLVED
72B,text,189,recombine_cut_and_deliver,0,1,1,1,SOLVED,SOLVED
72B,text,190,recombine_cut_and_deliver,0,1,1,1,SOLVED,SOLVED
72B,text,191,recombine_cut_and_deliver,0,1,1,1,SOLVED,SOLVED
72B,text,192,recombine_cut_and_deliver,0,1,1,1,SOLVED,SOLVED
72B,text,193,recombine_cut_and_deliver,0,1,1,1,SOLVED,SOLVED
72B,text,194,recombine_cut_and_deliver,0,1,1,1,SOLVED,SOLVED
72B,text,195,recombine_cut_and_deliver,0,1,1,1,SOLVED,SOLVED
72B,text,196,recombine_cut_and_deliver,0,1,1,1,SOLVED,SOLVED
72B,text,197,recombine_cut_and_deliver,0,1,1,1,SOLVED,SOLVED
72B,text,198,recombine_cut_and_deliver,0,1,1,1,SOLVED,SOLVED
72B,text,199,recombine_cut_and_deliver,0,1,1,1,SOLVED,SOLVED
72B,text,200,recombine_cut_and_deliver,0,1,1,1,SOLVED,SOLVED
72B,text,201,recombine_cut_and_deliver,0,1,1,1,SOLVED,SOLVED
72B,text,202,recombine_cut_and_deliver,0,1,1,1,SOLVED,SOLVED
72B,text,203,recombine_cut_and_deliver,0,1,1,1,SOLVED,SOLVED
72B,text,204,recombine_cut_and_deliver,0,1,1,1,SOLVED,SOLVED
72B,text,205,recombine_cut_and_deliver,0,1,1,1,SOLVED,SOLVED
72B,text,206,recombine_cut_and_deliver,0,1,1,1,SOLVED,SOLVED
72B,text,207,recombine_cut_and_deliver,0,1,1,1,SOLVED,SOLVED
72B,text,208,recombine_cut_and_deliver,0,1,1,1,SOLVED,SOLVED
72B,text,209,recombine_cut_and_deliver,0,1,1,1,SOLVED,SOLVED
72B,text,210,recombine_cut_and_deliver,0,0,0,0,GOAL_UNMET,GOAL_UNMET
72B,text,211,recombine_cut_and_deliver,0,1,1,1,SOLVED,SOLVED
72B,text,212,recombine_cut_and_deliver,0,1,1,1,SOLVED,SOLVED
72B,text,213,recombine_cut_and_deliver,0,1,1,1,SOLVED,SOLVED
72B,text,214,recombine_cut_and_deliver,0,1,1,1,SOLVED,SOLVED
72B,text,215,recombine_cut_and_deliver,0,0,0,0,GOAL_UNMET,GOAL_UNMET
72B,text,216,recombine_cut_and_deliver,0,1,1,1,SOLVED,SOLVED
72B,text,217,recombine_cut_and_deliver,0,1,1,1,SOLVED,SOLVED
72B,text,218,recombine_cut_and_deliver,0,1,1,1,SOLVED,SOLVED
72B,text,219,recombine_cut_and_deliver,0,1,1,1,SOLVED,SOLVED
72B,text,220,recombine_cut_and_deliver,0,1,1,1,SOLVED,SOLVED
72B,text,221,recombine_cut_and_deliver,0,1,1,1,SOLVED,SOLVED
72B,text,222,recombine_cut_and_deliver,0,1,1,1,SOLVED,SOLVED
72B,text,223,recombine_cut_and_deliver,0,0,0,0,GOAL_UNMET,GOAL_UNMET
72B,text,224,recombine_cut_and_deliver,0,1,1,1,SOLVED,SOLVED
72B,text,225,recombine_cut_and_deliver,0,1,1,1,SOLVED,SOLVED
72B,text,226,recombine_cut_and_deliver,0,1,1,1,SOLVED,SOLVED
72B,text,227,recombine_cut_and_deliver,0,1,1,1,SOLVED,SOLVED
72B,text,228,recombine_cut_and_deliver,0,1,1,1,SOLVED,SOLVED
72B,text,229,recombine_cut_and_deliver,0,0,0,0,GOAL_UNMET,GOAL_UNMET
72B,text,230,recombine_cut_and_deliver,0,1,1,1,SOLVED,SOLVED
72B,text,231,recombine_cut_and_deliver,0,1,1,1,SOLVED,SOLVED
72B,text,232,recombine_cut_and_deliver,0,1,1,1,SOLVED,SOLVED
72B,text,233,recombine_cut_and_deliver,0,1,1,1,SOLVED,SOLVED
72B,text,234,recombine_cut_and_deliver,0,1,1,1,SOLVED,SOLVED
72B,text,235,recombine_cut_and_deliver,0,1,1,1,SOLVED,SOLVED
72B,text,236,recombine_cut_and_deliver,0,0,0,0,GOAL_UNMET,GOAL_UNMET
72B,text,237,recombine_cut_and_deliver,0,1,1,1,SOLVED,SOLVED
72B,text,238,recombine_cut_and_deliver,0,1,1,1,SOLVED,SOLVED
72B,text,239,recombine_cut_and_deliver,0,0,0,0,GOAL_UNMET,GOAL_UNMET
72B,text,240,recombine_cut_and_deliver,0,0,0,0,GOAL_UNMET,GOAL_UNMET
72B,text,241,recombine_cut_and_deliver,0,1,1,1,SOLVED,SOLVED
72B,text,242,recombine_cut_and_deliver,0,1,1,1,SOLVED,SOLVED
72B,text,243,recombine_cut_and_deliver,0,1,1,1,SOLVED,SOLVED
72B,text,244,recombine_cut_and_deliver,0,0,0,0,GOAL_UNMET,GOAL_UNMET
72B,text,245,recombine_cut_and_deliver,0,0,0,0,GOAL_UNMET,GOAL_UNMET
72B,text,246,recombine_cut_and_deliver,0,1,1,1,SOLVED,SOLVED
72B,text,247,recombine_cut_and_deliver,0,1,1,1,SOLVED,SOLVED
72B,text,248,recombine_cut_and_deliver,0,0,0,0,GOAL_UNMET,GOAL_UNMET
72B,text,249,recombine_cut_and_deliver,0,1,1,1,SOLVED,SOLVED
72B,text,250,recombine_cut_and_deliver,0,1,1,1,SOLVED,SOLVED
72B,text,251,recombine_cut_and_deliver,0,1,1,1,SOLVED,SOLVED
72B,text,252,recombine_cut_and_deliver,0,1,1,1,SOLVED,SOLVED
72B,text,253,recombine_cut_and_deliver,0,1,1,1,SOLVED,SOLVED
72B,text,254,recombine_cut_and_deliver,0,1,1,1,SOLVED,SOLVED
72B,text,255,recombine_cut_and_deliver,0,1,1,1,SOLVED,SOLVED
72B,text,256,recombine_cut_and_deliver,0,1,1,1,SOLVED,SOLVED
72B,text,257,recombine_cut_and_deliver,0,1,1,1,SOLVED,SOLVED
72B,text,258,recombine_cut_and_deliver,0,1,1,1,SOLVED,SOLVED
72B,text,259,recombine_cut_and_deliver,0,1,1,1,SOLVED,SOLVED
72B,text,260,recombine_cut_and_deliver,0,1,1,1,SOLVED,SOLVED
72B,text,261,recombine_cut_and_deliver,0,1,1,1,SOLVED,SOLVED
72B,text,262,recombine_cut_and_deliver,0,1,1,1,SOLVED,SOLVED
72B,text,263,recombine_cut_and_deliver,0,1,1,1,SOLVED,SOLVED
72B,text,264,recombine_cut_and_deliver,0,1,1,1,SOLVED,SOLVED
72B,text,265,recombine_cut_and_deliver,0,1,1,1,SOLVED,SOLVED
72B,text,266,recombine_cut_and_deliver,0,1,1,1,SOLVED,SOLVED
72B,text,267,recombine_cut_and_deliver,0,1,1,1,SOLVED,SOLVED
72B,text,268,recombine_cut_and_deliver,0,1,1,1,SOLVED,SOLVED
72B,text,269,recombine_cut_and_deliver,0,1,1,1,SOLVED,SOLVED
72B,text,270,recombine_cut_and_deliver,0,1,1,1,SOLVED,SOLVED
72B,text,271,recombine_cut_and_deliver,0,0,0,0,GOAL_UNMET,GOAL_UNMET
72B,text,272,recombine_cut_and_deliver,0,1,1,1,SOLVED,SOLVED
72B,text,273,recombine_cut_and_deliver,0,1,1,1,SOLVED,SOLVED
72B,text,274,recombine_cut_and_deliver,0,0,0,0,GOAL_UNMET,GOAL_UNMET
72B,text,275,recombine_cut_and_deliver,0,1,1,1,SOLVED,SOLVED
72B,text,276,recombine_cut_and_deliver,0,0,0,0,GOAL_UNMET,GOAL_UNMET
72B,text,277,recombine_cut_and_deliver,0,0,0,0,GOAL_UNMET,GOAL_UNMET
72B,text,278,recombine_cut_and_deliver,0,1,1,1,SOLVED,SOLVED
72B,text,279,recombine_cut_and_deliver,0,1,1,1,SOLVED,SOLVED
72B,text,280,recombine_cut_and_deliver,0,1,1,1,SOLVED,SOLVED
72B,text,281,recombine_cut_and_deliver,0,1,1,1,SOLVED,SOLVED
72B,text,282,recombine_cut_and_deliver,0,1,1,1,SOLVED,SOLVED
72B,text,283,recombine_cut_and_deliver,0,1,1,1,SOLVED,SOLVED
72B,text,284,recombine_cut_and_deliver,0,1,1,1,SOLVED,SOLVED
72B,text,285,recombine_cut_and_deliver,0,1,1,1,SOLVED,SOLVED
72B,text,286,recombine_cut_and_deliver,0,1,1,1,SOLVED,SOLVED
72B,text,287,recombine_cut_and_deliver,0,1,1,1,SOLVED,SOLVED
72B,text,288,recombine_cut_and_deliver,0,1,1,1,SOLVED,SOLVED
72B,text,289,recombine_cut_and_deliver,0,1,1,1,SOLVED,SOLVED
72B,text,290,recombine_cut_and_deliver,0,1,1,1,SOLVED,SOLVED
72B,text,291,recombine_cut_and_deliver,0,1,1,1,SOLVED,SOLVED
72B,text,292,recombine_cut_and_deliver,0,1,1,1,SOLVED,SOLVED
72B,text,293,recombine_cut_and_deliver,0,1,1,1,SOLVED,SOLVED
72B,text,294,recombine_cut_and_deliver,0,1,1,1,SOLVED,SOLVED
72B,text,295,recombine_cut_and_deliver,0,0,0,0,GOAL_UNMET,GOAL_UNMET
72B,text,296,recombine_cut_and_deliver,0,1,1,1,SOLVED,SOLVED
30B,id,2,dog_push_box_for_two_panda_transport,1,0,0,0,infeasible_assignment,infeasible_assignment
30B,id,3,ensure_all_fruits_on_table,0,1,1,1,SOLVED,SOLVED
30B,id,5,toast_bread_and_set_plate,0,0,0,0,OVER_BUDGET,OVER_BUDGET
30B,id,10,cut_fruit_on_board,0,1,1,1,SOLVED,SOLVED
30B,id,13,set_plate_and_fork_on_table,0,0,0,0,GOAL_UNMET,GOAL_UNMET
30B,id,14,toast_bread_and_set_plate,0,0,0,0,OVER_BUDGET,OVER_BUDGET
30B,id,15,clear_table_with_two_robots_and_put_in_cabinet,0,1,1,1,SOLVED,SOLVED
30B,id,19,cut_fruit_on_board,0,1,1,1,SOLVED,SOLVED
30B,id,20,ensure_all_fruits_on_table,0,1,1,1,SOLVED,SOLVED
30B,id,21,toast_bread_and_set_plate,0,0,0,0,OVER_BUDGET,OVER_BUDGET
30B,id,24,cut_fruit_on_board,0,1,1,1,SOLVED,SOLVED
30B,id,26,cut_two_fruits_on_board,0,0,0,0,GOAL_UNMET,GOAL_UNMET
30B,id,27,cut_two_fruits_on_board,0,0,0,0,GOAL_UNMET,GOAL_UNMET
30B,id,28,cut_fruit_on_board,0,0,0,0,OVER_BUDGET,OVER_BUDGET
30B,id,34,toast_bread_and_set_plate,0,0,0,0,OVER_BUDGET,OVER_BUDGET
30B,id,37,clear_table_with_two_robots_and_put_in_cabinet,0,0,0,0,OVER_BUDGET,OVER_BUDGET
30B,id,39,cut_two_fruits_on_board,0,1,1,1,SOLVED,SOLVED
30B,id,40,cut_two_fruits_on_board,0,1,1,1,SOLVED,SOLVED
30B,id,42,dog_push_box_for_two_panda_transport,1,0,0,0,infeasible_assignment,infeasible_assignment
30B,id,43,dog_push_box_for_two_panda_transport,1,0,0,0,infeasible_assignment,infeasible_assignment
30B,id,47,cut_two_fruits_on_board,0,1,1,1,SOLVED,SOLVED
30B,id,48,cut_fruit_on_board,0,0,0,0,OVER_BUDGET,OVER_BUDGET
30B,id,50,clear_table_with_two_robots_and_put_in_cabinet,0,1,1,1,SOLVED,SOLVED
30B,id,52,clear_table_with_two_robots_and_put_in_cabinet,0,1,1,1,SOLVED,SOLVED
30B,id,53,set_plate_and_fork_on_table,0,0,0,0,GOAL_UNMET,GOAL_UNMET
30B,id,54,toast_bread_and_set_plate,0,0,0,0,OVER_BUDGET,OVER_BUDGET
30B,id,55,clear_table_with_two_robots_and_put_in_cabinet,0,1,1,1,SOLVED,SOLVED
30B,id,56,set_plate_and_fork_on_table,0,0,0,0,GOAL_UNMET,GOAL_UNMET
30B,id,61,clear_table_with_two_robots_and_put_in_cabinet,0,1,1,1,SOLVED,SOLVED
30B,id,63,clear_table_with_two_robots_and_put_in_cabinet,0,1,1,1,SOLVED,SOLVED
30B,id,67,toast_bread_and_set_plate,0,0,0,0,OVER_BUDGET,OVER_BUDGET
30B,id,68,cut_fruit_on_board,0,1,1,1,SOLVED,SOLVED
30B,id,71,clear_table_with_two_robots_and_put_in_cabinet,0,1,1,1,SOLVED,SOLVED
30B,id,75,cut_two_fruits_on_board,0,0,0,0,GOAL_UNMET,GOAL_UNMET
30B,id,78,cut_two_fruits_on_board,0,0,0,0,OVER_BUDGET,OVER_BUDGET
30B,id,81,clear_table_with_two_robots_and_put_in_cabinet,0,1,1,1,SOLVED,SOLVED
30B,id,87,parallel_human_dual_asset_to_plate_or_bowl,0,1,1,1,SOLVED,SOLVED
30B,id,94,set_plate_and_fork_on_table,0,0,0,0,OVER_BUDGET,OVER_BUDGET
30B,id,95,cut_two_fruits_on_board,0,1,1,1,SOLVED,SOLVED
30B,id,96,set_plate_and_fork_on_table,0,0,0,0,GOAL_UNMET,GOAL_UNMET
30B,id,97,clear_table_with_two_robots_and_put_in_cabinet,1,0,0,0,infeasible_assignment,infeasible_assignment
30B,id,98,cut_fruit_on_board,0,1,1,1,SOLVED,SOLVED
30B,id,99,clear_table_with_two_robots_and_put_in_cabinet,0,1,1,1,SOLVED,SOLVED
30B,id,100,set_plate_and_fork_on_table,0,0,0,0,GOAL_UNMET,GOAL_UNMET
30B,id,102,cut_fruit_on_board,0,1,1,1,SOLVED,SOLVED
30B,id,103,cut_two_fruits_on_board,0,1,1,1,SOLVED,SOLVED
30B,id,105,cut_fruit_on_board,0,1,1,1,SOLVED,SOLVED
30B,id,107,toast_bread_and_set_plate,0,0,0,0,OVER_BUDGET,OVER_BUDGET
30B,id,109,cut_fruit_on_board,0,1,1,1,SOLVED,SOLVED
30B,id,110,set_plate_and_fork_on_table,0,0,0,0,GOAL_UNMET,GOAL_UNMET
30B,id,111,clear_table_with_two_robots_and_put_in_cabinet,0,1,1,1,SOLVED,SOLVED
30B,id,115,set_plate_and_fork_on_table,0,0,0,0,GOAL_UNMET,GOAL_UNMET
30B,id,117,clear_table_with_two_robots_and_put_in_cabinet,1,0,0,0,infeasible_assignment,infeasible_assignment
30B,id,118,ensure_all_fruits_on_table,0,1,1,1,SOLVED,SOLVED
30B,id,119,cut_fruit_on_board,0,0,0,0,OVER_BUDGET,OVER_BUDGET
30B,id,120,toast_bread_and_set_plate,0,0,0,0,OVER_BUDGET,OVER_BUDGET
30B,id,121,ensure_all_fruits_on_table,0,1,1,1,SOLVED,SOLVED
30B,id,122,dog_push_box_for_two_panda_transport,1,0,0,0,infeasible_assignment,infeasible_assignment
30B,id,125,clear_table_with_two_robots_and_put_in_cabinet,0,1,1,1,SOLVED,SOLVED
30B,id,127,ensure_all_fruits_on_table,0,1,1,1,SOLVED,SOLVED
30B,id,128,cut_fruit_on_board,0,1,1,1,SOLVED,SOLVED
30B,id,129,toast_bread_and_set_plate,0,0,0,0,OVER_BUDGET,OVER_BUDGET
30B,id,131,set_plate_and_fork_on_table,0,0,0,0,GOAL_UNMET,GOAL_UNMET
30B,id,132,parallel_human_dual_asset_to_plate_or_bowl,0,1,1,1,SOLVED,SOLVED
30B,id,134,toast_bread_and_set_plate,0,0,0,0,OVER_BUDGET,OVER_BUDGET
30B,id,137,cut_fruit_on_board,0,1,1,1,SOLVED,SOLVED
30B,id,138,clear_table_with_two_robots_and_put_in_cabinet,0,0,0,0,OVER_BUDGET,OVER_BUDGET
30B,id,140,clear_table_with_two_robots_and_put_in_cabinet,0,1,1,1,SOLVED,SOLVED
30B,id,141,toast_bread_and_set_plate,0,0,0,0,OVER_BUDGET,OVER_BUDGET
30B,id,142,cut_two_fruits_on_board,0,1,1,1,SOLVED,SOLVED
30B,id,144,parallel_human_dual_asset_to_plate_or_bowl,0,1,1,1,SOLVED,SOLVED
30B,id,145,set_plate_and_fork_on_table,0,0,0,0,GOAL_UNMET,GOAL_UNMET
30B,id,146,ensure_all_fruits_on_table,0,1,1,1,SOLVED,SOLVED
30B,id,147,toast_bread_and_set_plate,0,0,0,0,OVER_BUDGET,OVER_BUDGET
30B,id,148,clear_table_with_two_robots_and_put_in_cabinet,0,1,1,1,SOLVED,SOLVED
30B,id,149,cut_two_fruits_on_board,0,1,1,1,SOLVED,SOLVED
30B,id,151,ensure_all_fruits_on_table,0,1,1,1,SOLVED,SOLVED
30B,id,152,ensure_all_fruits_on_table,0,1,1,1,SOLVED,SOLVED
30B,id,155,cut_fruit_on_board,0,1,1,1,SOLVED,SOLVED
30B,id,156,cut_two_fruits_on_board,0,1,1,1,SOLVED,SOLVED
30B,id,163,cut_two_fruits_on_board,0,1,1,1,SOLVED,SOLVED
30B,id,164,parallel_human_dual_asset_to_plate_or_bowl,0,1,1,1,SOLVED,SOLVED
30B,id,165,clear_table_with_two_robots_and_put_in_cabinet,0,1,1,1,SOLVED,SOLVED
30B,id,166,clear_table_with_two_robots_and_put_in_cabinet,0,1,1,1,SOLVED,SOLVED
30B,id,167,toast_bread_and_set_plate,0,0,0,0,OVER_BUDGET,OVER_BUDGET
30B,id,168,cut_fruit_on_board,0,0,0,0,GOAL_UNMET,GOAL_UNMET
30B,id,171,cut_fruit_on_board,0,0,0,0,GOAL_UNMET,GOAL_UNMET
30B,id,172,cut_two_fruits_on_board,0,1,1,1,SOLVED,SOLVED
30B,id,173,toast_bread_and_set_plate,0,0,0,0,OVER_BUDGET,OVER_BUDGET
30B,id,174,cut_fruit_on_board,0,1,1,1,SOLVED,SOLVED
30B,id,175,set_plate_and_fork_on_table,0,0,0,0,GOAL_UNMET,GOAL_UNMET
30B,id,176,cut_two_fruits_on_board,0,1,1,1,SOLVED,SOLVED
30B,id,177,toast_bread_and_set_plate,0,0,0,0,OVER_BUDGET,OVER_BUDGET
30B,id,178,clear_table_with_two_robots_and_put_in_cabinet,1,1,1,0,SOLVED,infeasible_assignment
30B,id,179,toast_bread_and_set_plate,0,0,0,0,OVER_BUDGET,OVER_BUDGET
30B,id,180,parallel_human_dual_asset_to_plate_or_bowl,0,1,1,1,SOLVED,SOLVED
30B,id,181,clear_table_with_two_robots_and_put_in_cabinet,0,1,1,1,SOLVED,SOLVED
30B,id,182,clear_table_with_two_robots_and_put_in_cabinet,0,1,1,1,SOLVED,SOLVED
30B,id,184,clear_table_with_two_robots_and_put_in_cabinet,0,0,0,0,OVER_BUDGET,OVER_BUDGET
30B,id,186,toast_bread_and_set_plate,0,0,0,0,OVER_BUDGET,OVER_BUDGET
30B,id,188,cut_fruit_on_board,0,1,1,1,SOLVED,SOLVED
30B,id,190,cut_fruit_on_board,0,0,0,0,OVER_BUDGET,OVER_BUDGET
30B,id,196,set_plate_and_fork_on_table,0,0,0,0,GOAL_UNMET,GOAL_UNMET
30B,id,197,clear_table_with_two_robots_and_put_in_cabinet,0,1,1,1,SOLVED,SOLVED
30B,id,198,cut_two_fruits_on_board,0,0,0,0,OVER_BUDGET,OVER_BUDGET
30B,id,199,cut_two_fruits_on_board,0,0,0,0,OVER_BUDGET,OVER_BUDGET
30B,id,200,clear_table_with_two_robots_and_put_in_cabinet,0,1,1,1,SOLVED,SOLVED
30B,id,204,cut_fruit_on_board,0,1,1,1,SOLVED,SOLVED
30B,id,205,toast_bread_and_set_plate,0,0,0,0,OVER_BUDGET,OVER_BUDGET
30B,id,206,clear_table_with_two_robots_and_put_in_cabinet,0,1,1,1,SOLVED,SOLVED
30B,id,207,toast_bread_and_set_plate,0,0,0,0,OVER_BUDGET,OVER_BUDGET
30B,id,209,clear_table_with_two_robots_and_put_in_cabinet,1,1,1,0,SOLVED,infeasible_assignment
30B,id,211,parallel_human_dual_asset_to_plate_or_bowl,0,1,1,1,SOLVED,SOLVED
30B,id,213,set_plate_and_fork_on_table,0,0,0,0,OVER_BUDGET,OVER_BUDGET
30B,id,214,ensure_all_fruits_on_table,0,1,1,1,SOLVED,SOLVED
30B,id,215,ensure_all_fruits_on_table,0,1,1,1,SOLVED,SOLVED
30B,id,216,ensure_all_fruits_on_table,0,1,1,1,SOLVED,SOLVED
30B,id,218,set_plate_and_fork_on_table,0,0,0,0,GOAL_UNMET,GOAL_UNMET
30B,id,221,clear_table_with_two_robots_and_put_in_cabinet,0,1,1,1,SOLVED,SOLVED
30B,id,222,cut_two_fruits_on_board,0,1,1,1,SOLVED,SOLVED
30B,id,223,clear_table_with_two_robots_and_put_in_cabinet,0,1,1,1,SOLVED,SOLVED
30B,id,224,clear_table_with_two_robots_and_put_in_cabinet,0,1,1,1,SOLVED,SOLVED
30B,id,227,toast_bread_and_set_plate,0,0,0,0,OVER_BUDGET,OVER_BUDGET
30B,id,228,dog_push_box_for_two_panda_transport,1,0,0,0,infeasible_assignment,infeasible_assignment
30B,id,229,cut_fruit_on_board,0,0,0,0,OVER_BUDGET,OVER_BUDGET
30B,id,230,parallel_human_dual_asset_to_plate_or_bowl,0,1,1,1,SOLVED,SOLVED
30B,id,233,cut_fruit_on_board,0,1,1,1,SOLVED,SOLVED
30B,id,235,ensure_all_fruits_on_table,0,1,1,1,SOLVED,SOLVED
30B,id,236,set_plate_and_fork_on_table,0,0,0,0,GOAL_UNMET,GOAL_UNMET
30B,id,237,parallel_human_dual_asset_to_plate_or_bowl,0,1,1,1,SOLVED,SOLVED
30B,id,240,cut_fruit_on_board,0,1,1,1,SOLVED,SOLVED
30B,id,241,set_plate_and_fork_on_table,0,0,0,0,GOAL_UNMET,GOAL_UNMET
30B,id,242,toast_bread_and_set_plate,0,0,0,0,OVER_BUDGET,OVER_BUDGET
30B,id,248,cut_fruit_on_board,0,0,0,0,OVER_BUDGET,OVER_BUDGET
30B,id,249,parallel_human_dual_asset_to_plate_or_bowl,0,1,1,1,SOLVED,SOLVED
30B,id,251,parallel_human_dual_asset_to_plate_or_bowl,0,1,1,1,SOLVED,SOLVED
30B,id,253,parallel_human_dual_asset_to_plate_or_bowl,0,1,1,1,SOLVED,SOLVED
30B,id,254,set_plate_and_fork_on_table,0,0,0,0,GOAL_UNMET,GOAL_UNMET
30B,id,255,clear_table_with_two_robots_and_put_in_cabinet,1,1,1,0,SOLVED,infeasible_assignment
30B,id,258,dog_push_box_for_two_panda_transport,1,0,0,0,infeasible_assignment,infeasible_assignment
30B,id,261,parallel_human_dual_asset_to_plate_or_bowl,0,1,1,1,SOLVED,SOLVED
30B,id,267,parallel_human_dual_asset_to_plate_or_bowl,0,1,1,1,SOLVED,SOLVED
30B,id,269,toast_bread_and_set_plate,0,0,0,0,OVER_BUDGET,OVER_BUDGET
30B,id,270,toast_bread_and_set_plate,0,0,0,0,OVER_BUDGET,OVER_BUDGET
30B,id,271,clear_table_with_two_robots_and_put_in_cabinet,0,1,1,1,SOLVED,SOLVED
30B,id,272,set_plate_and_fork_on_table,0,0,0,0,OVER_BUDGET,OVER_BUDGET
30B,id,275,cut_fruit_on_board,0,1,1,1,SOLVED,SOLVED
30B,id,277,cut_two_fruits_on_board,0,0,0,0,GOAL_UNMET,GOAL_UNMET
30B,id,278,toast_bread_and_set_plate,0,0,0,0,OVER_BUDGET,OVER_BUDGET
30B,id,279,parallel_human_dual_asset_to_plate_or_bowl,0,1,1,1,SOLVED,SOLVED
30B,id,280,cut_fruit_on_board,0,1,1,1,SOLVED,SOLVED
30B,id,283,cut_two_fruits_on_board,0,1,1,1,SOLVED,SOLVED
30B,id,284,dog_push_box_for_two_panda_transport,1,0,0,0,infeasible_assignment,infeasible_assignment
30B,id,287,set_plate_and_fork_on_table,0,0,0,0,GOAL_UNMET,GOAL_UNMET
30B,id,293,ensure_all_fruits_on_table,0,0,0,0,GOAL_UNMET,GOAL_UNMET
30B,id,295,toast_bread_and_set_plate,0,1,1,1,SOLVED,SOLVED
30B,id,296,cut_fruit_on_board,0,0,0,0,OVER_BUDGET,OVER_BUDGET
30B,id,297,parallel_human_dual_asset_to_plate_or_bowl,0,0,0,0,OVER_BUDGET,OVER_BUDGET
30B,id,298,parallel_human_dual_asset_to_plate_or_bowl,0,0,0,0,OVER_BUDGET,OVER_BUDGET
30B,id,299,clear_table_with_two_robots_and_put_in_cabinet,0,1,1,1,SOLVED,SOLVED
30B,id,302,ensure_all_fruits_on_table,0,0,0,0,GOAL_UNMET,GOAL_UNMET
30B,id,303,parallel_human_dual_asset_to_plate_or_bowl,0,1,1,1,SOLVED,SOLVED
30B,id,311,clear_table_with_two_robots_and_put_in_cabinet,0,1,1,1,SOLVED,SOLVED
30B,id,313,parallel_human_dual_asset_to_plate_or_bowl,0,1,1,1,SOLVED,SOLVED
30B,id,315,toast_bread_and_set_plate,0,0,0,0,OVER_BUDGET,OVER_BUDGET
30B,id,316,set_plate_and_fork_on_table,0,0,0,0,GOAL_UNMET,GOAL_UNMET
30B,id,317,ensure_all_fruits_on_table,0,1,1,1,SOLVED,SOLVED
30B,id,318,clear_table_with_two_robots_and_put_in_cabinet,0,1,1,1,SOLVED,SOLVED
30B,id,323,cut_fruit_on_board,0,0,0,0,OVER_BUDGET,OVER_BUDGET
30B,id,324,toast_bread_and_set_plate,0,0,0,0,OVER_BUDGET,OVER_BUDGET
30B,id,325,clear_table_with_two_robots_and_put_in_cabinet,0,1,1,1,SOLVED,SOLVED
30B,id,329,clear_table_with_two_robots_and_put_in_cabinet,0,1,1,1,SOLVED,SOLVED
30B,id,330,ensure_all_fruits_on_table,0,0,0,0,GOAL_UNMET,GOAL_UNMET
30B,id,334,set_plate_and_fork_on_table,0,0,0,0,GOAL_UNMET,GOAL_UNMET
30B,id,339,toast_bread_and_set_plate,0,0,0,0,OVER_BUDGET,OVER_BUDGET
30B,id,340,set_plate_and_fork_on_table,0,0,0,0,OVER_BUDGET,OVER_BUDGET
30B,id,344,cut_fruit_on_board,0,1,1,1,SOLVED,SOLVED
30B,id,345,clear_table_with_two_robots_and_put_in_cabinet,0,1,1,1,SOLVED,SOLVED
30B,id,346,cut_fruit_on_board,0,0,0,0,OVER_BUDGET,OVER_BUDGET
30B,id,347,cut_fruit_on_board,0,1,1,1,SOLVED,SOLVED
30B,id,348,cut_fruit_on_board,0,1,1,1,SOLVED,SOLVED
30B,id,349,toast_bread_and_set_plate,0,0,0,0,OVER_BUDGET,OVER_BUDGET
30B,id,352,cut_two_fruits_on_board,0,0,0,0,OVER_BUDGET,OVER_BUDGET
30B,id,353,cut_two_fruits_on_board,0,0,0,0,GOAL_UNMET,GOAL_UNMET
30B,id,358,cut_two_fruits_on_board,0,0,0,0,GOAL_UNMET,GOAL_UNMET
30B,id,359,toast_bread_and_set_plate,0,0,0,0,OVER_BUDGET,OVER_BUDGET
30B,id,360,toast_bread_and_set_plate,0,0,0,0,OVER_BUDGET,OVER_BUDGET
30B,id,361,dog_push_box_for_two_panda_transport,1,0,0,0,infeasible_assignment,infeasible_assignment
30B,id,362,ensure_all_fruits_on_table,0,0,0,0,GOAL_UNMET,GOAL_UNMET
30B,id,364,parallel_human_dual_asset_to_plate_or_bowl,0,1,1,1,SOLVED,SOLVED
30B,id,365,cut_fruit_on_board,0,1,1,1,SOLVED,SOLVED
30B,id,366,dog_push_box_for_two_panda_transport,1,0,0,0,infeasible_assignment,infeasible_assignment
30B,id,367,cut_two_fruits_on_board,0,1,1,1,SOLVED,SOLVED
30B,id,368,set_plate_and_fork_on_table,0,0,0,0,GOAL_UNMET,GOAL_UNMET
30B,id,372,set_plate_and_fork_on_table,0,0,0,0,GOAL_UNMET,GOAL_UNMET
30B,id,375,cut_fruit_on_board,0,1,1,1,SOLVED,SOLVED
30B,id,376,cut_fruit_on_board,0,1,1,1,SOLVED,SOLVED
30B,id,378,clear_table_with_two_robots_and_put_in_cabinet,1,0,0,0,OVER_BUDGET,infeasible_assignment
30B,id,381,clear_table_with_two_robots_and_put_in_cabinet,0,1,1,1,SOLVED,SOLVED
30B,id,382,toast_bread_and_set_plate,0,0,0,0,OVER_BUDGET,OVER_BUDGET
30B,id,383,clear_table_with_two_robots_and_put_in_cabinet,0,1,1,1,SOLVED,SOLVED
30B,id,391,parallel_human_dual_asset_to_plate_or_bowl,0,1,1,1,SOLVED,SOLVED
30B,id,392,set_plate_and_fork_on_table,0,0,0,0,GOAL_UNMET,GOAL_UNMET
30B,id,393,cut_fruit_on_board,0,0,0,0,GOAL_UNMET,GOAL_UNMET
30B,id,394,clear_table_with_two_robots_and_put_in_cabinet,0,1,1,1,SOLVED,SOLVED
30B,id,395,parallel_human_dual_asset_to_plate_or_bowl,0,1,1,1,SOLVED,SOLVED
30B,id,397,clear_table_with_two_robots_and_put_in_cabinet,0,1,1,1,SOLVED,SOLVED
30B,id,398,toast_bread_and_set_plate,0,0,0,0,OVER_BUDGET,OVER_BUDGET
30B,id,401,cut_two_fruits_on_board,0,0,0,0,GOAL_UNMET,GOAL_UNMET
30B,id,402,toast_bread_and_set_plate,0,1,1,1,SOLVED,SOLVED
30B,id,404,toast_bread_and_set_plate,0,0,0,0,OVER_BUDGET,OVER_BUDGET
30B,id,406,parallel_human_dual_asset_to_plate_or_bowl,0,1,1,1,SOLVED,SOLVED
30B,id,407,cut_two_fruits_on_board,0,1,1,1,SOLVED,SOLVED
30B,id,409,toast_bread_and_set_plate,0,0,0,0,OVER_BUDGET,OVER_BUDGET
30B,id,410,clear_table_with_two_robots_and_put_in_cabinet,0,1,1,1,SOLVED,SOLVED
30B,id,412,clear_table_with_two_robots_and_put_in_cabinet,0,1,1,1,SOLVED,SOLVED
30B,id,416,clear_table_with_two_robots_and_put_in_cabinet,0,1,1,1,SOLVED,SOLVED
30B,id,421,cut_fruit_on_board,0,0,0,0,GOAL_UNMET,GOAL_UNMET
30B,id,422,clear_table_with_two_robots_and_put_in_cabinet,0,1,1,1,SOLVED,SOLVED
30B,id,423,clear_table_with_two_robots_and_put_in_cabinet,0,1,1,1,SOLVED,SOLVED
30B,id,424,cut_two_fruits_on_board,0,1,1,1,SOLVED,SOLVED
30B,id,426,cut_two_fruits_on_board,0,1,1,1,SOLVED,SOLVED
30B,id,428,cut_two_fruits_on_board,0,0,0,0,GOAL_UNMET,GOAL_UNMET
30B,id,430,cut_fruit_on_board,0,0,0,0,GOAL_UNMET,GOAL_UNMET
30B,id,434,ensure_all_fruits_on_table,0,1,1,1,SOLVED,SOLVED
30B,id,436,cut_two_fruits_on_board,0,0,0,0,OVER_BUDGET,OVER_BUDGET
30B,id,437,toast_bread_and_set_plate,0,0,0,0,OVER_BUDGET,OVER_BUDGET
30B,id,439,cut_two_fruits_on_board,0,0,0,0,GOAL_UNMET,GOAL_UNMET
30B,id,440,clear_table_with_two_robots_and_put_in_cabinet,1,0,0,0,OVER_BUDGET,infeasible_assignment
30B,id,443,toast_bread_and_set_plate,0,0,0,0,OVER_BUDGET,OVER_BUDGET
30B,id,447,dog_push_box_for_two_panda_transport,1,0,0,0,infeasible_assignment,infeasible_assignment
30B,id,451,cut_fruit_on_board,0,1,1,1,SOLVED,SOLVED
30B,id,452,cut_fruit_on_board,0,1,1,1,SOLVED,SOLVED
30B,id,454,set_plate_and_fork_on_table,1,0,0,0,OVER_BUDGET,infeasible_assignment
30B,id,458,cut_fruit_on_board,0,1,1,1,SOLVED,SOLVED
30B,id,459,parallel_human_dual_asset_to_plate_or_bowl,0,1,1,1,SOLVED,SOLVED
30B,id,462,cut_two_fruits_on_board,0,1,1,1,SOLVED,SOLVED
30B,id,466,parallel_human_dual_asset_to_plate_or_bowl,0,1,1,1,SOLVED,SOLVED
30B,id,472,parallel_human_dual_asset_to_plate_or_bowl,0,1,1,1,SOLVED,SOLVED
30B,id,474,cut_fruit_on_board,0,1,1,1,SOLVED,SOLVED
30B,id,475,clear_table_with_two_robots_and_put_in_cabinet,0,1,1,1,SOLVED,SOLVED
30B,id,476,cut_two_fruits_on_board,0,0,0,0,GOAL_UNMET,GOAL_UNMET
30B,id,478,toast_bread_and_set_plate,0,0,0,0,OVER_BUDGET,OVER_BUDGET
30B,id,479,cut_fruit_on_board,0,0,0,0,GOAL_UNMET,GOAL_UNMET
30B,id,480,clear_table_with_two_robots_and_put_in_cabinet,0,1,1,1,SOLVED,SOLVED
30B,id,481,toast_bread_and_set_plate,0,0,0,0,OVER_BUDGET,OVER_BUDGET
30B,id,484,cut_fruit_on_board,0,1,1,1,SOLVED,SOLVED
30B,id,485,dog_push_box_for_two_panda_transport,1,0,0,0,infeasible_assignment,infeasible_assignment
30B,id,486,clear_table_with_two_robots_and_put_in_cabinet,0,1,1,1,SOLVED,SOLVED
30B,id,487,dog_push_box_for_two_panda_transport,1,0,0,0,infeasible_assignment,infeasible_assignment
30B,id,489,toast_bread_and_set_plate,0,0,0,0,OVER_BUDGET,OVER_BUDGET
30B,id,494,clear_table_with_two_robots_and_put_in_cabinet,0,1,1,1,SOLVED,SOLVED
30B,id,496,parallel_human_dual_asset_to_plate_or_bowl,0,1,1,1,SOLVED,SOLVED
30B,id,497,cut_fruit_on_board,0,0,0,0,GOAL_UNMET,GOAL_UNMET
30B,id,498,cut_fruit_on_board,0,0,0,0,OVER_BUDGET,OVER_BUDGET
30B,id,501,cut_fruit_on_board,0,1,1,1,SOLVED,SOLVED
30B,id,502,clear_table_with_two_robots_and_put_in_cabinet,0,1,1,1,SOLVED,SOLVED
30B,id,503,parallel_human_dual_asset_to_plate_or_bowl,0,1,1,1,SOLVED,SOLVED
30B,id,504,toast_bread_and_set_plate,0,0,0,0,OVER_BUDGET,OVER_BUDGET
30B,id,507,cut_two_fruits_on_board,0,0,0,0,GOAL_UNMET,GOAL_UNMET
30B,id,510,parallel_human_dual_asset_to_plate_or_bowl,0,1,1,1,SOLVED,SOLVED
30B,id,512,clear_table_with_two_robots_and_put_in_cabinet,0,1,1,1,SOLVED,SOLVED
30B,id,513,parallel_human_dual_asset_to_plate_or_bowl,0,1,1,1,SOLVED,SOLVED
30B,id,515,clear_table_with_two_robots_and_put_in_cabinet,0,1,1,1,SOLVED,SOLVED
30B,id,516,cut_fruit_on_board,0,1,1,1,SOLVED,SOLVED
30B,id,517,toast_bread_and_set_plate,0,0,0,0,OVER_BUDGET,OVER_BUDGET
30B,id,519,cut_fruit_on_board,0,1,1,1,SOLVED,SOLVED
30B,id,520,set_plate_and_fork_on_table,0,0,0,0,GOAL_UNMET,GOAL_UNMET
30B,id,525,clear_table_with_two_robots_and_put_in_cabinet,0,1,1,1,SOLVED,SOLVED
30B,id,531,cut_two_fruits_on_board,0,1,1,1,SOLVED,SOLVED
30B,id,532,ensure_all_fruits_on_table,0,1,1,1,SOLVED,SOLVED
30B,id,536,set_plate_and_fork_on_table,0,0,0,0,GOAL_UNMET,GOAL_UNMET
30B,id,537,ensure_all_fruits_on_table,0,1,1,1,SOLVED,SOLVED
30B,id,539,ensure_all_fruits_on_table,0,1,1,1,SOLVED,SOLVED
30B,id,541,cut_fruit_on_board,0,1,1,1,SOLVED,SOLVED
30B,id,544,clear_table_with_two_robots_and_put_in_cabinet,0,1,1,1,SOLVED,SOLVED
30B,id,545,clear_table_with_two_robots_and_put_in_cabinet,0,1,1,1,SOLVED,SOLVED
30B,id,546,ensure_all_fruits_on_table,0,0,0,0,UNPARSEABLE,NO_USABLE_WORK
30B,id,548,parallel_human_dual_asset_to_plate_or_bowl,0,1,1,1,SOLVED,SOLVED
30B,id,549,cut_two_fruits_on_board,0,0,0,0,GOAL_UNMET,GOAL_UNMET
30B,id,551,set_plate_and_fork_on_table,0,0,0,0,GOAL_UNMET,GOAL_UNMET
30B,id,552,cut_two_fruits_on_board,0,1,1,1,SOLVED,SOLVED
30B,id,555,parallel_human_dual_asset_to_plate_or_bowl,0,1,1,1,SOLVED,SOLVED
30B,id,559,ensure_all_fruits_on_table,0,1,1,1,SOLVED,SOLVED
30B,id,561,set_plate_and_fork_on_table,0,1,1,1,SOLVED,SOLVED
30B,id,562,ensure_all_fruits_on_table,0,0,0,0,GOAL_UNMET,GOAL_UNMET
30B,id,563,cut_fruit_on_board,0,1,1,1,SOLVED,SOLVED
30B,id,564,set_plate_and_fork_on_table,0,0,0,0,GOAL_UNMET,GOAL_UNMET
30B,id,566,set_plate_and_fork_on_table,0,1,1,1,SOLVED,SOLVED
30B,id,569,cut_two_fruits_on_board,0,0,0,0,OVER_BUDGET,OVER_BUDGET
30B,id,570,clear_table_with_two_robots_and_put_in_cabinet,0,1,1,1,SOLVED,SOLVED
30B,id,571,cut_fruit_on_board,0,1,1,1,SOLVED,SOLVED
30B,id,572,toast_bread_and_set_plate,0,0,0,0,OVER_BUDGET,OVER_BUDGET
30B,id,573,toast_bread_and_set_plate,0,0,0,0,OVER_BUDGET,OVER_BUDGET
30B,id,576,parallel_human_dual_asset_to_plate_or_bowl,0,1,1,1,SOLVED,SOLVED
30B,id,578,ensure_all_fruits_on_table,0,0,0,0,GOAL_UNMET,GOAL_UNMET
30B,id,579,toast_bread_and_set_plate,0,0,0,0,OVER_BUDGET,OVER_BUDGET
30B,id,581,clear_table_with_two_robots_and_put_in_cabinet,0,1,1,1,SOLVED,SOLVED
30B,id,582,ensure_all_fruits_on_table,0,0,0,0,GOAL_UNMET,GOAL_UNMET
30B,id,584,set_plate_and_fork_on_table,0,0,0,0,GOAL_UNMET,GOAL_UNMET
30B,id,586,ensure_all_fruits_on_table,0,1,1,1,SOLVED,SOLVED
30B,id,587,cut_fruit_on_board,0,1,1,1,SOLVED,SOLVED
30B,id,592,parallel_human_dual_asset_to_plate_or_bowl,0,1,1,1,SOLVED,SOLVED
30B,id,594,clear_table_with_two_robots_and_put_in_cabinet,0,1,1,1,SOLVED,SOLVED
30B,id,596,toast_bread_and_set_plate,0,0,0,0,OVER_BUDGET,OVER_BUDGET
30B,id,598,clear_table_with_two_robots_and_put_in_cabinet,0,1,1,1,SOLVED,SOLVED
30B,id,600,cut_two_fruits_on_board,0,1,1,1,SOLVED,SOLVED
30B,id,601,set_plate_and_fork_on_table,0,0,0,0,GOAL_UNMET,GOAL_UNMET
30B,id,602,clear_table_with_two_robots_and_put_in_cabinet,0,1,1,1,SOLVED,SOLVED
30B,id,605,toast_bread_and_set_plate,0,0,0,0,OVER_BUDGET,OVER_BUDGET
30B,id,607,toast_bread_and_set_plate,0,0,0,0,OVER_BUDGET,OVER_BUDGET
30B,id,608,clear_table_with_two_robots_and_put_in_cabinet,0,1,1,1,SOLVED,SOLVED
30B,id,612,clear_table_with_two_robots_and_put_in_cabinet,0,1,1,1,SOLVED,SOLVED
30B,id,613,toast_bread_and_set_plate,0,0,0,0,OVER_BUDGET,OVER_BUDGET
30B,id,617,cut_fruit_on_board,0,0,0,0,GOAL_UNMET,GOAL_UNMET
30B,id,620,toast_bread_and_set_plate,0,0,0,0,OVER_BUDGET,OVER_BUDGET
30B,id,621,cut_fruit_on_board,0,1,1,1,SOLVED,SOLVED
30B,id,622,parallel_human_dual_asset_to_plate_or_bowl,0,1,1,1,SOLVED,SOLVED
30B,id,623,cut_fruit_on_board,0,1,1,1,SOLVED,SOLVED
30B,id,628,toast_bread_and_set_plate,0,0,0,0,OVER_BUDGET,OVER_BUDGET
30B,id,630,cut_fruit_on_board,0,1,1,1,SOLVED,SOLVED
30B,id,631,ensure_all_fruits_on_table,0,1,1,1,SOLVED,SOLVED
30B,id,632,ensure_all_fruits_on_table,0,1,1,1,SOLVED,SOLVED
30B,id,634,set_plate_and_fork_on_table,0,0,0,0,GOAL_UNMET,GOAL_UNMET
30B,id,635,parallel_human_dual_asset_to_plate_or_bowl,0,1,1,1,SOLVED,SOLVED
30B,id,636,cut_fruit_on_board,0,1,1,1,SOLVED,SOLVED
30B,id,639,parallel_human_dual_asset_to_plate_or_bowl,0,1,1,1,SOLVED,SOLVED
30B,id,640,clear_table_with_two_robots_and_put_in_cabinet,0,1,1,1,SOLVED,SOLVED
30B,id,641,clear_table_with_two_robots_and_put_in_cabinet,0,1,1,1,SOLVED,SOLVED
30B,id,642,cut_fruit_on_board,0,1,1,1,SOLVED,SOLVED
30B,id,645,cut_two_fruits_on_board,0,0,0,0,GOAL_UNMET,GOAL_UNMET
30B,id,647,dog_push_box_for_two_panda_transport,1,0,0,0,infeasible_assignment,infeasible_assignment
30B,id,649,clear_table_with_two_robots_and_put_in_cabinet,0,1,1,1,SOLVED,SOLVED
30B,id,650,clear_table_with_two_robots_and_put_in_cabinet,0,1,1,1,SOLVED,SOLVED
30B,id,651,clear_table_with_two_robots_and_put_in_cabinet,0,1,1,1,SOLVED,SOLVED
30B,id,652,dog_push_box_for_two_panda_transport,1,0,0,0,infeasible_assignment,infeasible_assignment
30B,id,654,cut_two_fruits_on_board,0,0,0,0,GOAL_UNMET,GOAL_UNMET
30B,id,655,cut_two_fruits_on_board,0,0,0,0,GOAL_UNMET,GOAL_UNMET
30B,id,656,cut_two_fruits_on_board,0,0,0,0,GOAL_UNMET,GOAL_UNMET
30B,id,657,clear_table_with_two_robots_and_put_in_cabinet,0,1,1,1,SOLVED,SOLVED
30B,id,661,clear_table_with_two_robots_and_put_in_cabinet,0,0,0,0,OVER_BUDGET,OVER_BUDGET
30B,id,663,cut_fruit_on_board,0,0,0,0,OVER_BUDGET,OVER_BUDGET
30B,id,664,cut_fruit_on_board,0,1,1,1,SOLVED,SOLVED
30B,id,668,cut_fruit_on_board,0,1,1,1,SOLVED,SOLVED
30B,id,671,cut_two_fruits_on_board,0,0,0,0,GOAL_UNMET,GOAL_UNMET
30B,id,672,clear_table_with_two_robots_and_put_in_cabinet,0,1,1,1,SOLVED,SOLVED
30B,id,674,set_plate_and_fork_on_table,0,0,0,0,GOAL_UNMET,GOAL_UNMET
30B,id,675,cut_fruit_on_board,0,1,1,1,SOLVED,SOLVED
30B,id,676,cut_fruit_on_board,0,1,1,1,SOLVED,SOLVED
30B,id,677,cut_two_fruits_on_board,0,1,1,1,SOLVED,SOLVED
30B,id,678,toast_bread_and_set_plate,0,0,0,0,OVER_BUDGET,OVER_BUDGET
30B,id,683,toast_bread_and_set_plate,0,0,0,0,OVER_BUDGET,OVER_BUDGET
30B,id,687,clear_table_with_two_robots_and_put_in_cabinet,0,1,1,1,SOLVED,SOLVED
30B,id,688,toast_bread_and_set_plate,0,0,0,0,OVER_BUDGET,OVER_BUDGET
30B,id,689,parallel_human_dual_asset_to_plate_or_bowl,0,1,1,1,SOLVED,SOLVED
30B,id,690,cut_fruit_on_board,0,1,1,1,SOLVED,SOLVED
30B,id,691,clear_table_with_two_robots_and_put_in_cabinet,0,1,1,1,SOLVED,SOLVED
30B,id,692,dog_push_box_for_two_panda_transport,1,0,0,0,infeasible_assignment,infeasible_assignment
30B,id,694,clear_table_with_two_robots_and_put_in_cabinet,0,1,1,1,SOLVED,SOLVED
30B,id,697,cut_fruit_on_board,0,1,1,1,SOLVED,SOLVED
30B,id,698,cut_fruit_on_board,0,0,0,0,OVER_BUDGET,OVER_BUDGET
30B,id,699,ensure_all_fruits_on_table,0,0,0,0,GOAL_UNMET,GOAL_UNMET
30B,id,703,cut_fruit_on_board,0,0,0,0,OVER_BUDGET,OVER_BUDGET
30B,id,707,clear_table_with_two_robots_and_put_in_cabinet,0,1,1,1,SOLVED,SOLVED
30B,id,708,clear_table_with_two_robots_and_put_in_cabinet,0,1,1,1,SOLVED,SOLVED
30B,id,711,clear_table_with_two_robots_and_put_in_cabinet,0,1,1,1,SOLVED,SOLVED
30B,id,712,parallel_human_dual_asset_to_plate_or_bowl,0,1,1,1,SOLVED,SOLVED
30B,id,713,ensure_all_fruits_on_table,0,1,1,1,SOLVED,SOLVED
30B,id,714,ensure_all_fruits_on_table,0,1,1,1,SOLVED,SOLVED
30B,id,715,set_plate_and_fork_on_table,0,0,0,0,GOAL_UNMET,GOAL_UNMET
30B,id,716,cut_fruit_on_board,0,1,1,1,SOLVED,SOLVED
30B,id,718,cut_fruit_on_board,0,1,1,1,SOLVED,SOLVED
30B,id,725,cut_fruit_on_board,0,1,1,1,SOLVED,SOLVED
30B,id,726,clear_table_with_two_robots_and_put_in_cabinet,0,1,1,1,SOLVED,SOLVED
30B,id,731,ensure_all_fruits_on_table,0,1,1,1,SOLVED,SOLVED
30B,id,733,set_plate_and_fork_on_table,0,0,0,0,GOAL_UNMET,GOAL_UNMET
30B,id,735,clear_table_with_two_robots_and_put_in_cabinet,0,1,1,1,SOLVED,SOLVED
30B,id,736,cut_two_fruits_on_board,0,1,1,1,SOLVED,SOLVED
30B,id,737,clear_table_with_two_robots_and_put_in_cabinet,1,1,1,0,SOLVED,infeasible_assignment
30B,id,739,clear_table_with_two_robots_and_put_in_cabinet,0,1,1,1,SOLVED,SOLVED
30B,id,740,dog_push_box_for_two_panda_transport,1,0,0,0,infeasible_assignment,infeasible_assignment
30B,id,742,ensure_all_fruits_on_table,0,1,1,1,SOLVED,SOLVED
30B,id,744,clear_table_with_two_robots_and_put_in_cabinet,0,1,1,1,SOLVED,SOLVED
30B,id,745,set_plate_and_fork_on_table,0,0,0,0,GOAL_UNMET,GOAL_UNMET
30B,id,746,toast_bread_and_set_plate,0,0,0,0,OVER_BUDGET,OVER_BUDGET
30B,id,747,toast_bread_and_set_plate,0,1,1,1,SOLVED,SOLVED
30B,id,749,cut_fruit_on_board,0,1,1,1,SOLVED,SOLVED
30B,id,750,cut_fruit_on_board,0,1,1,1,SOLVED,SOLVED
30B,id,751,parallel_human_dual_asset_to_plate_or_bowl,0,1,1,1,SOLVED,SOLVED
30B,id,753,clear_table_with_two_robots_and_put_in_cabinet,0,1,1,1,SOLVED,SOLVED
30B,id,757,ensure_all_fruits_on_table,0,1,1,1,SOLVED,SOLVED
30B,id,760,ensure_all_fruits_on_table,0,0,0,0,GOAL_UNMET,GOAL_UNMET
30B,id,761,clear_table_with_two_robots_and_put_in_cabinet,1,0,0,0,OVER_BUDGET,infeasible_assignment
30B,id,763,cut_two_fruits_on_board,0,1,1,1,SOLVED,SOLVED
30B,id,769,parallel_human_dual_asset_to_plate_or_bowl,0,1,1,1,SOLVED,SOLVED
30B,id,770,parallel_human_dual_asset_to_plate_or_bowl,0,1,1,1,SOLVED,SOLVED
30B,id,772,cut_fruit_on_board,0,1,1,1,SOLVED,SOLVED
30B,id,775,parallel_human_dual_asset_to_plate_or_bowl,0,1,1,1,SOLVED,SOLVED
30B,id,776,ensure_all_fruits_on_table,0,0,0,0,GOAL_UNMET,GOAL_UNMET
30B,id,777,clear_table_with_two_robots_and_put_in_cabinet,0,1,1,1,SOLVED,SOLVED
30B,id,780,cut_fruit_on_board,0,0,0,0,GOAL_UNMET,GOAL_UNMET
30B,id,781,clear_table_with_two_robots_and_put_in_cabinet,0,1,1,1,SOLVED,SOLVED
30B,id,783,set_plate_and_fork_on_table,0,0,0,0,GOAL_UNMET,GOAL_UNMET
30B,id,786,parallel_human_dual_asset_to_plate_or_bowl,0,1,1,1,SOLVED,SOLVED
30B,id,787,cut_fruit_on_board,0,0,0,0,OVER_BUDGET,OVER_BUDGET
30B,id,789,cut_fruit_on_board,0,1,1,1,SOLVED,SOLVED
30B,id,790,ensure_all_fruits_on_table,0,1,1,1,SOLVED,SOLVED
30B,id,791,clear_table_with_two_robots_and_put_in_cabinet,1,1,1,0,SOLVED,infeasible_assignment
30B,id,796,cut_fruit_on_board,0,1,1,1,SOLVED,SOLVED
30B,id,797,cut_fruit_on_board,0,1,1,1,SOLVED,SOLVED
30B,id,799,cut_fruit_on_board,0,1,1,1,SOLVED,SOLVED
30B,id,801,cut_two_fruits_on_board,0,1,1,1,SOLVED,SOLVED
30B,id,803,clear_table_with_two_robots_and_put_in_cabinet,0,1,1,1,SOLVED,SOLVED
30B,id,804,cut_fruit_on_board,0,0,0,0,GOAL_UNMET,GOAL_UNMET
30B,id,806,cut_two_fruits_on_board,0,1,1,1,SOLVED,SOLVED
30B,id,807,parallel_human_dual_asset_to_plate_or_bowl,0,1,1,1,SOLVED,SOLVED
30B,id,809,clear_table_with_two_robots_and_put_in_cabinet,0,1,1,1,SOLVED,SOLVED
30B,id,813,cut_fruit_on_board,0,1,1,1,SOLVED,SOLVED
30B,id,814,cut_fruit_on_board,0,1,1,1,SOLVED,SOLVED
30B,id,815,set_plate_and_fork_on_table,0,0,0,0,GOAL_UNMET,GOAL_UNMET
30B,id,816,clear_table_with_two_robots_and_put_in_cabinet,0,1,1,1,SOLVED,SOLVED
30B,id,819,set_plate_and_fork_on_table,0,0,0,0,GOAL_UNMET,GOAL_UNMET
30B,id,820,toast_bread_and_set_plate,0,0,0,0,OVER_BUDGET,OVER_BUDGET
30B,id,825,ensure_all_fruits_on_table,0,1,1,1,SOLVED,SOLVED
30B,id,826,cut_fruit_on_board,0,1,1,1,SOLVED,SOLVED
30B,id,827,toast_bread_and_set_plate,0,0,0,0,OVER_BUDGET,OVER_BUDGET
30B,id,828,ensure_all_fruits_on_table,0,0,0,0,UNPARSEABLE,NO_USABLE_WORK
30B,id,830,parallel_human_dual_asset_to_plate_or_bowl,0,1,1,1,SOLVED,SOLVED
30B,id,831,parallel_human_dual_asset_to_plate_or_bowl,0,1,1,1,SOLVED,SOLVED
30B,id,837,cut_fruit_on_board,0,1,1,1,SOLVED,SOLVED
30B,id,838,clear_table_with_two_robots_and_put_in_cabinet,0,1,1,1,SOLVED,SOLVED
30B,id,840,cut_fruit_on_board,0,1,1,1,SOLVED,SOLVED
30B,id,841,set_plate_and_fork_on_table,0,0,0,0,GOAL_UNMET,GOAL_UNMET
30B,id,842,toast_bread_and_set_plate,0,0,0,0,OVER_BUDGET,OVER_BUDGET
30B,id,844,cut_fruit_on_board,0,1,1,1,SOLVED,SOLVED
30B,id,848,parallel_human_dual_asset_to_plate_or_bowl,0,1,1,1,SOLVED,SOLVED
30B,id,849,clear_table_with_two_robots_and_put_in_cabinet,0,1,1,1,SOLVED,SOLVED
30B,id,850,cut_fruit_on_board,0,1,1,1,SOLVED,SOLVED
30B,id,853,toast_bread_and_set_plate,0,0,0,0,OVER_BUDGET,OVER_BUDGET
30B,id,856,toast_bread_and_set_plate,0,0,0,0,OVER_BUDGET,OVER_BUDGET
30B,id,857,clear_table_with_two_robots_and_put_in_cabinet,0,1,1,1,SOLVED,SOLVED
30B,id,862,parallel_human_dual_asset_to_plate_or_bowl,0,1,1,1,SOLVED,SOLVED
30B,id,863,cut_fruit_on_board,0,0,0,0,GOAL_UNMET,GOAL_UNMET
30B,id,864,ensure_all_fruits_on_table,0,0,0,0,GOAL_UNMET,GOAL_UNMET
30B,id,865,parallel_human_dual_asset_to_plate_or_bowl,0,1,1,1,SOLVED,SOLVED
30B,id,867,set_plate_and_fork_on_table,0,0,0,0,GOAL_UNMET,GOAL_UNMET
30B,id,869,clear_table_with_two_robots_and_put_in_cabinet,0,1,1,1,SOLVED,SOLVED
30B,id,870,cut_two_fruits_on_board,0,0,0,0,GOAL_UNMET,GOAL_UNMET
30B,id,874,cut_fruit_on_board,0,1,1,1,SOLVED,SOLVED
30B,id,875,parallel_human_dual_asset_to_plate_or_bowl,0,1,1,1,SOLVED,SOLVED
30B,id,876,cut_two_fruits_on_board,0,1,1,1,SOLVED,SOLVED
30B,id,879,cut_fruit_on_board,0,0,0,0,GOAL_UNMET,GOAL_UNMET
30B,id,881,cut_fruit_on_board,0,1,1,1,SOLVED,SOLVED
30B,id,883,cut_fruit_on_board,0,1,1,1,SOLVED,SOLVED
30B,id,884,ensure_all_fruits_on_table,0,1,1,1,SOLVED,SOLVED
30B,id,886,clear_table_with_two_robots_and_put_in_cabinet,0,1,1,1,SOLVED,SOLVED
30B,id,888,set_plate_and_fork_on_table,0,0,0,0,GOAL_UNMET,GOAL_UNMET
30B,id,890,cut_fruit_on_board,0,1,1,1,SOLVED,SOLVED
30B,id,891,clear_table_with_two_robots_and_put_in_cabinet,0,1,1,1,SOLVED,SOLVED
30B,id,895,set_plate_and_fork_on_table,0,0,0,0,GOAL_UNMET,GOAL_UNMET
30B,id,897,set_plate_and_fork_on_table,0,0,0,0,GOAL_UNMET,GOAL_UNMET
30B,id,901,cut_fruit_on_board,0,1,1,1,SOLVED,SOLVED
30B,id,903,clear_table_with_two_robots_and_put_in_cabinet,0,1,1,1,SOLVED,SOLVED
30B,id,904,clear_table_with_two_robots_and_put_in_cabinet,1,1,1,0,SOLVED,infeasible_assignment
30B,id,905,clear_table_with_two_robots_and_put_in_cabinet,0,1,1,1,SOLVED,SOLVED
30B,id,908,toast_bread_and_set_plate,0,0,0,0,OVER_BUDGET,OVER_BUDGET
30B,id,910,clear_table_with_two_robots_and_put_in_cabinet,0,1,1,1,SOLVED,SOLVED
30B,id,912,clear_table_with_two_robots_and_put_in_cabinet,0,1,1,1,SOLVED,SOLVED
30B,id,913,parallel_human_dual_asset_to_plate_or_bowl,0,1,1,1,SOLVED,SOLVED
30B,id,915,parallel_human_dual_asset_to_plate_or_bowl,0,1,1,1,SOLVED,SOLVED
30B,id,918,cut_fruit_on_board,0,0,0,0,OVER_BUDGET,OVER_BUDGET
30B,id,923,set_plate_and_fork_on_table,0,0,0,0,GOAL_UNMET,GOAL_UNMET
30B,id,927,parallel_human_dual_asset_to_plate_or_bowl,0,1,1,1,SOLVED,SOLVED
30B,id,932,dog_push_box_for_two_panda_transport,1,0,0,0,infeasible_assignment,infeasible_assignment
30B,id,941,toast_bread_and_set_plate,0,0,0,0,OVER_BUDGET,OVER_BUDGET
30B,id,942,set_plate_and_fork_on_table,0,0,0,0,GOAL_UNMET,GOAL_UNMET
30B,id,943,clear_table_with_two_robots_and_put_in_cabinet,0,1,1,1,SOLVED,SOLVED
30B,id,947,cut_two_fruits_on_board,0,1,1,1,SOLVED,SOLVED
30B,id,949,cut_fruit_on_board,0,0,0,0,OVER_BUDGET,OVER_BUDGET
30B,id,950,parallel_human_dual_asset_to_plate_or_bowl,0,1,1,1,SOLVED,SOLVED
30B,id,952,cut_two_fruits_on_board,0,1,1,1,SOLVED,SOLVED
30B,id,956,clear_table_with_two_robots_and_put_in_cabinet,0,1,1,1,SOLVED,SOLVED
30B,id,957,cut_fruit_on_board,0,0,0,0,OVER_BUDGET,OVER_BUDGET
30B,id,959,parallel_human_dual_asset_to_plate_or_bowl,0,1,1,1,SOLVED,SOLVED
30B,id,960,cut_two_fruits_on_board,0,0,0,0,GOAL_UNMET,GOAL_UNMET
30B,id,962,toast_bread_and_set_plate,0,0,0,0,OVER_BUDGET,OVER_BUDGET
30B,id,963,clear_table_with_two_robots_and_put_in_cabinet,0,1,1,1,SOLVED,SOLVED
30B,id,964,cut_two_fruits_on_board,0,1,1,1,SOLVED,SOLVED
30B,id,965,ensure_all_fruits_on_table,0,1,1,1,SOLVED,SOLVED
30B,id,966,set_plate_and_fork_on_table,0,0,0,0,GOAL_UNMET,GOAL_UNMET
30B,id,967,cut_two_fruits_on_board,0,1,1,1,SOLVED,SOLVED
30B,id,968,cut_fruit_on_board,0,0,0,0,GOAL_UNMET,GOAL_UNMET
30B,id,970,clear_table_with_two_robots_and_put_in_cabinet,0,1,1,1,SOLVED,SOLVED
30B,id,971,cut_fruit_on_board,0,1,1,1,SOLVED,SOLVED
30B,id,972,set_plate_and_fork_on_table,0,0,0,0,GOAL_UNMET,GOAL_UNMET
30B,id,973,cut_fruit_on_board,0,0,0,0,GOAL_UNMET,GOAL_UNMET
30B,id,974,parallel_human_dual_asset_to_plate_or_bowl,0,1,1,1,SOLVED,SOLVED
30B,id,975,clear_table_with_two_robots_and_put_in_cabinet,0,1,1,1,SOLVED,SOLVED
30B,id,976,cut_two_fruits_on_board,0,0,0,0,GOAL_UNMET,GOAL_UNMET
30B,id,977,cut_fruit_on_board,0,1,1,1,SOLVED,SOLVED
30B,id,979,cut_fruit_on_board,0,1,1,1,SOLVED,SOLVED
30B,id,980,cut_fruit_on_board,0,1,1,1,SOLVED,SOLVED
30B,id,981,clear_table_with_two_robots_and_put_in_cabinet,0,1,1,1,SOLVED,SOLVED
30B,id,982,ensure_all_fruits_on_table,0,1,1,1,SOLVED,SOLVED
30B,id,984,clear_table_with_two_robots_and_put_in_cabinet,0,1,1,1,SOLVED,SOLVED
30B,id,985,ensure_all_fruits_on_table,0,0,0,0,GOAL_UNMET,GOAL_UNMET
30B,id,987,set_plate_and_fork_on_table,0,0,0,0,GOAL_UNMET,GOAL_UNMET
30B,id,991,dog_push_box_for_two_panda_transport,1,0,0,0,infeasible_assignment,infeasible_assignment
30B,id,993,dog_push_box_for_two_panda_transport,1,0,0,0,infeasible_assignment,infeasible_assignment
30B,id,995,parallel_human_dual_asset_to_plate_or_bowl,0,1,1,1,SOLVED,SOLVED
30B,id,996,ensure_all_fruits_on_table,0,1,1,1,SOLVED,SOLVED
30B,id,997,clear_table_with_two_robots_and_put_in_cabinet,1,0,0,0,infeasible_assignment,infeasible_assignment
30B,id,999,cut_two_fruits_on_board,0,1,1,1,SOLVED,SOLVED
30B,id,1000,clear_table_with_two_robots_and_put_in_cabinet,0,1,1,1,SOLVED,SOLVED
30B,id,1002,ensure_all_fruits_on_table,0,0,0,0,GOAL_UNMET,GOAL_UNMET
30B,id,1005,toast_bread_and_set_plate,0,0,0,0,OVER_BUDGET,OVER_BUDGET
30B,id,1010,ensure_all_fruits_on_table,0,1,1,1,SOLVED,SOLVED
30B,id,1013,toast_bread_and_set_plate,0,0,0,0,OVER_BUDGET,OVER_BUDGET
30B,id,1014,clear_table_with_two_robots_and_put_in_cabinet,0,1,1,1,SOLVED,SOLVED
30B,id,1019,toast_bread_and_set_plate,0,0,0,0,OVER_BUDGET,OVER_BUDGET
30B,id,1020,clear_table_with_two_robots_and_put_in_cabinet,0,1,1,1,SOLVED,SOLVED
30B,id,1021,set_plate_and_fork_on_table,0,0,0,0,GOAL_UNMET,GOAL_UNMET
30B,id,1026,clear_table_with_two_robots_and_put_in_cabinet,0,1,1,1,SOLVED,SOLVED
30B,id,1027,cut_two_fruits_on_board,0,0,0,0,OVER_BUDGET,OVER_BUDGET
30B,id,1029,cut_two_fruits_on_board,0,1,1,1,SOLVED,SOLVED
30B,id,1030,set_plate_and_fork_on_table,0,0,0,0,GOAL_UNMET,GOAL_UNMET
30B,id,1032,ensure_all_fruits_on_table,0,1,1,1,SOLVED,SOLVED
30B,id,1034,toast_bread_and_set_plate,0,0,0,0,OVER_BUDGET,OVER_BUDGET
30B,id,1037,set_plate_and_fork_on_table,0,0,0,0,GOAL_UNMET,GOAL_UNMET
30B,id,1039,cut_fruit_on_board,0,1,1,1,SOLVED,SOLVED
30B,id,1040,toast_bread_and_set_plate,0,0,0,0,OVER_BUDGET,OVER_BUDGET
30B,id,1042,cut_two_fruits_on_board,0,0,0,0,GOAL_UNMET,GOAL_UNMET
30B,id,1043,cut_fruit_on_board,0,1,1,1,SOLVED,SOLVED
30B,id,1044,set_plate_and_fork_on_table,0,0,0,0,GOAL_UNMET,GOAL_UNMET
30B,id,1045,cut_two_fruits_on_board,0,1,1,1,SOLVED,SOLVED
30B,id,1048,toast_bread_and_set_plate,0,0,0,0,OVER_BUDGET,OVER_BUDGET
30B,id,1050,clear_table_with_two_robots_and_put_in_cabinet,0,1,1,1,SOLVED,SOLVED
30B,id,1051,cut_fruit_on_board,0,1,1,1,SOLVED,SOLVED
30B,id,1053,clear_table_with_two_robots_and_put_in_cabinet,0,1,1,1,SOLVED,SOLVED
30B,id,1054,clear_table_with_two_robots_and_put_in_cabinet,0,1,1,1,SOLVED,SOLVED
30B,id,1058,cut_fruit_on_board,0,1,1,1,SOLVED,SOLVED
30B,id,1060,ensure_all_fruits_on_table,0,1,1,1,SOLVED,SOLVED
30B,id,1061,parallel_human_dual_asset_to_plate_or_bowl,0,1,1,1,SOLVED,SOLVED
30B,id,1063,cut_fruit_on_board,0,1,1,1,SOLVED,SOLVED
30B,id,1064,dog_push_box_for_two_panda_transport,1,0,0,0,infeasible_assignment,infeasible_assignment
30B,id,1066,toast_bread_and_set_plate,0,0,0,0,OVER_BUDGET,OVER_BUDGET
30B,id,1067,clear_table_with_two_robots_and_put_in_cabinet,0,1,1,1,SOLVED,SOLVED
30B,id,1068,parallel_human_dual_asset_to_plate_or_bowl,0,1,1,1,SOLVED,SOLVED
30B,id,1070,parallel_human_dual_asset_to_plate_or_bowl,0,1,1,1,SOLVED,SOLVED
30B,id,1072,dog_push_box_for_two_panda_transport,1,0,0,0,infeasible_assignment,infeasible_assignment
30B,id,1075,cut_fruit_on_board,0,1,1,1,SOLVED,SOLVED
30B,id,1076,ensure_all_fruits_on_table,0,1,1,1,SOLVED,SOLVED
30B,id,1079,cut_fruit_on_board,0,0,0,0,OVER_BUDGET,OVER_BUDGET
30B,id,1080,toast_bread_and_set_plate,0,0,0,0,OVER_BUDGET,OVER_BUDGET
30B,id,1081,ensure_all_fruits_on_table,0,1,1,1,SOLVED,SOLVED
30B,id,1082,clear_table_with_two_robots_and_put_in_cabinet,0,1,1,1,SOLVED,SOLVED
30B,id,1085,clear_table_with_two_robots_and_put_in_cabinet,0,1,1,1,SOLVED,SOLVED
30B,id,1096,clear_table_with_two_robots_and_put_in_cabinet,0,1,1,1,SOLVED,SOLVED
30B,id,1098,set_plate_and_fork_on_table,0,0,0,0,GOAL_UNMET,GOAL_UNMET
30B,id,1103,dog_push_box_for_two_panda_transport,1,0,0,0,infeasible_assignment,infeasible_assignment
30B,id,1104,cut_fruit_on_board,0,1,1,1,SOLVED,SOLVED
30B,id,1105,cut_two_fruits_on_board,1,0,0,0,infeasible_assignment,infeasible_assignment
30B,id,1106,cut_fruit_on_board,0,1,1,1,SOLVED,SOLVED
30B,id,1107,clear_table_with_two_robots_and_put_in_cabinet,0,1,1,1,SOLVED,SOLVED
30B,id,1108,clear_table_with_two_robots_and_put_in_cabinet,1,1,1,0,SOLVED,infeasible_assignment
30B,id,1109,clear_table_with_two_robots_and_put_in_cabinet,0,1,1,1,SOLVED,SOLVED
30B,id,1110,clear_table_with_two_robots_and_put_in_cabinet,0,1,1,1,SOLVED,SOLVED
30B,id,1113,ensure_all_fruits_on_table,0,1,1,1,SOLVED,SOLVED
30B,id,1114,cut_two_fruits_on_board,0,0,0,0,GOAL_UNMET,GOAL_UNMET
30B,id,1117,dog_push_box_for_two_panda_transport,1,0,0,0,infeasible_assignment,infeasible_assignment
30B,id,1122,ensure_all_fruits_on_table,0,1,1,1,SOLVED,SOLVED
30B,id,1124,set_plate_and_fork_on_table,0,0,0,0,GOAL_UNMET,GOAL_UNMET
30B,id,1125,ensure_all_fruits_on_table,0,1,1,1,SOLVED,SOLVED
30B,id,1126,cut_two_fruits_on_board,0,0,0,0,GOAL_UNMET,GOAL_UNMET
30B,id,1127,cut_two_fruits_on_board,0,1,1,1,SOLVED,SOLVED
30B,id,1128,toast_bread_and_set_plate,0,0,0,0,OVER_BUDGET,OVER_BUDGET
30B,id,1130,toast_bread_and_set_plate,0,0,0,0,OVER_BUDGET,OVER_BUDGET
30B,id,1134,toast_bread_and_set_plate,0,0,0,0,OVER_BUDGET,OVER_BUDGET
30B,id,1135,cut_fruit_on_board,0,1,1,1,SOLVED,SOLVED
30B,id,1136,clear_table_with_two_robots_and_put_in_cabinet,0,1,1,1,SOLVED,SOLVED
30B,id,1138,clear_table_with_two_robots_and_put_in_cabinet,0,1,1,1,SOLVED,SOLVED
30B,id,1143,toast_bread_and_set_plate,0,0,0,0,OVER_BUDGET,OVER_BUDGET
30B,id,1146,parallel_human_dual_asset_to_plate_or_bowl,0,1,1,1,SOLVED,SOLVED
30B,id,1149,clear_table_with_two_robots_and_put_in_cabinet,0,1,1,1,SOLVED,SOLVED
30B,id,1152,cut_two_fruits_on_board,0,0,0,0,GOAL_UNMET,GOAL_UNMET
30B,id,1153,clear_table_with_two_robots_and_put_in_cabinet,0,1,1,1,SOLVED,SOLVED
30B,id,1155,cut_two_fruits_on_board,0,0,0,0,OVER_BUDGET,OVER_BUDGET
30B,id,1156,parallel_human_dual_asset_to_plate_or_bowl,0,1,1,1,SOLVED,SOLVED
30B,id,1157,dog_push_box_for_two_panda_transport,1,0,0,0,infeasible_assignment,infeasible_assignment
30B,id,1158,cut_fruit_on_board,0,1,1,1,SOLVED,SOLVED
30B,id,1159,clear_table_with_two_robots_and_put_in_cabinet,0,1,1,1,SOLVED,SOLVED
30B,id,1162,parallel_human_dual_asset_to_plate_or_bowl,0,1,1,1,SOLVED,SOLVED
30B,id,1163,cut_fruit_on_board,0,0,0,0,GOAL_UNMET,GOAL_UNMET
30B,id,1164,clear_table_with_two_robots_and_put_in_cabinet,0,1,1,1,SOLVED,SOLVED
30B,id,1165,ensure_all_fruits_on_table,0,1,1,1,SOLVED,SOLVED
30B,id,1167,clear_table_with_two_robots_and_put_in_cabinet,0,1,1,1,SOLVED,SOLVED
30B,id,1173,clear_table_with_two_robots_and_put_in_cabinet,0,1,1,1,SOLVED,SOLVED
30B,id,1174,clear_table_with_two_robots_and_put_in_cabinet,0,1,1,1,SOLVED,SOLVED
30B,id,1176,toast_bread_and_set_plate,0,0,0,0,OVER_BUDGET,OVER_BUDGET
30B,id,1180,clear_table_with_two_robots_and_put_in_cabinet,0,1,1,1,SOLVED,SOLVED
30B,id,1181,clear_table_with_two_robots_and_put_in_cabinet,0,1,1,1,SOLVED,SOLVED
30B,id,1185,cut_fruit_on_board,0,1,1,1,SOLVED,SOLVED
30B,id,1187,clear_table_with_two_robots_and_put_in_cabinet,0,1,1,1,SOLVED,SOLVED
30B,id,1189,clear_table_with_two_robots_and_put_in_cabinet,0,1,1,1,SOLVED,SOLVED
30B,id,1190,cut_fruit_on_board,0,1,1,1,SOLVED,SOLVED
30B,id,1192,cut_two_fruits_on_board,0,1,1,1,SOLVED,SOLVED
30B,id,1193,cut_two_fruits_on_board,0,0,0,0,OVER_BUDGET,OVER_BUDGET
30B,id,1195,set_plate_and_fork_on_table,0,0,0,0,GOAL_UNMET,GOAL_UNMET
30B,id,1197,dog_push_box_for_two_panda_transport,1,0,0,0,infeasible_assignment,infeasible_assignment
30B,id,1200,cut_two_fruits_on_board,0,0,0,0,GOAL_UNMET,GOAL_UNMET
30B,id,1201,cut_two_fruits_on_board,0,0,0,0,OVER_BUDGET,OVER_BUDGET
30B,id,1202,parallel_human_dual_asset_to_plate_or_bowl,0,1,1,1,SOLVED,SOLVED
30B,id,1204,clear_table_with_two_robots_and_put_in_cabinet,0,1,1,1,SOLVED,SOLVED
30B,id,1205,clear_table_with_two_robots_and_put_in_cabinet,0,0,0,0,OVER_BUDGET,OVER_BUDGET
30B,id,1207,cut_fruit_on_board,0,1,1,1,SOLVED,SOLVED
30B,id,1210,cut_fruit_on_board,0,1,1,1,SOLVED,SOLVED
30B,id,1218,parallel_human_dual_asset_to_plate_or_bowl,0,1,1,1,SOLVED,SOLVED
30B,id,1219,clear_table_with_two_robots_and_put_in_cabinet,0,1,1,1,SOLVED,SOLVED
30B,id,1224,cut_fruit_on_board,0,1,1,1,SOLVED,SOLVED
30B,id,1225,toast_bread_and_set_plate,0,0,0,0,OVER_BUDGET,OVER_BUDGET
30B,id,1226,parallel_human_dual_asset_to_plate_or_bowl,0,1,1,1,SOLVED,SOLVED
30B,id,1227,cut_fruit_on_board,0,1,1,1,SOLVED,SOLVED
30B,id,1228,cut_fruit_on_board,0,1,1,1,SOLVED,SOLVED
30B,id,1231,set_plate_and_fork_on_table,0,1,1,1,SOLVED,SOLVED
30B,id,1232,cut_two_fruits_on_board,0,0,0,0,OVER_BUDGET,OVER_BUDGET
30B,id,1233,cut_fruit_on_board,0,1,1,1,SOLVED,SOLVED
30B,id,1234,cut_fruit_on_board,0,1,1,1,SOLVED,SOLVED
30B,id,1235,toast_bread_and_set_plate,0,0,0,0,OVER_BUDGET,OVER_BUDGET
30B,id,1236,set_plate_and_fork_on_table,0,0,0,0,GOAL_UNMET,GOAL_UNMET
30B,id,1241,clear_table_with_two_robots_and_put_in_cabinet,0,0,0,0,OVER_BUDGET,OVER_BUDGET
30B,id,1244,clear_table_with_two_robots_and_put_in_cabinet,1,1,1,0,SOLVED,infeasible_assignment
30B,id,1247,cut_fruit_on_board,0,0,0,0,OVER_BUDGET,OVER_BUDGET
30B,id,1248,cut_fruit_on_board,0,1,1,1,SOLVED,SOLVED
30B,id,1252,toast_bread_and_set_plate,0,0,0,0,OVER_BUDGET,OVER_BUDGET
30B,id,1253,clear_table_with_two_robots_and_put_in_cabinet,0,1,1,1,SOLVED,SOLVED
30B,id,1255,toast_bread_and_set_plate,0,0,0,0,OVER_BUDGET,OVER_BUDGET
30B,id,1257,set_plate_and_fork_on_table,0,0,0,0,GOAL_UNMET,GOAL_UNMET
30B,id,1260,clear_table_with_two_robots_and_put_in_cabinet,1,0,0,0,infeasible_assignment,infeasible_assignment
30B,id,1261,clear_table_with_two_robots_and_put_in_cabinet,0,1,1,1,SOLVED,SOLVED
30B,id,1263,ensure_all_fruits_on_table,0,1,1,1,SOLVED,SOLVED
30B,id,1264,clear_table_with_two_robots_and_put_in_cabinet,0,1,1,1,SOLVED,SOLVED
30B,id,1265,cut_fruit_on_board,0,0,0,0,OVER_BUDGET,OVER_BUDGET
30B,id,1267,clear_table_with_two_robots_and_put_in_cabinet,1,1,1,0,SOLVED,infeasible_assignment
30B,id,1268,set_plate_and_fork_on_table,0,0,0,0,GOAL_UNMET,GOAL_UNMET
30B,id,1272,clear_table_with_two_robots_and_put_in_cabinet,0,1,1,1,SOLVED,SOLVED
30B,id,1274,cut_fruit_on_board,0,1,1,1,SOLVED,SOLVED
30B,id,1276,clear_table_with_two_robots_and_put_in_cabinet,0,1,1,1,SOLVED,SOLVED
30B,id,1277,clear_table_with_two_robots_and_put_in_cabinet,1,1,1,0,SOLVED,infeasible_assignment
30B,id,1280,cut_two_fruits_on_board,0,0,0,0,OVER_BUDGET,OVER_BUDGET
30B,id,1281,clear_table_with_two_robots_and_put_in_cabinet,0,1,1,1,SOLVED,SOLVED
30B,id,1282,parallel_human_dual_asset_to_plate_or_bowl,0,1,1,1,SOLVED,SOLVED
30B,id,1285,ensure_all_fruits_on_table,0,1,1,1,SOLVED,SOLVED
30B,id,1286,clear_table_with_two_robots_and_put_in_cabinet,0,1,1,1,SOLVED,SOLVED
30B,id,1289,toast_bread_and_set_plate,0,0,0,0,OVER_BUDGET,OVER_BUDGET
30B,id,1291,cut_fruit_on_board,0,1,1,1,SOLVED,SOLVED
30B,id,1293,set_plate_and_fork_on_table,0,0,0,0,GOAL_UNMET,GOAL_UNMET
30B,id,1294,cut_two_fruits_on_board,0,0,0,0,GOAL_UNMET,GOAL_UNMET
30B,id,1295,set_plate_and_fork_on_table,0,0,0,0,GOAL_UNMET,GOAL_UNMET
30B,id,1300,toast_bread_and_set_plate,0,0,0,0,OVER_BUDGET,OVER_BUDGET
30B,id,1303,ensure_all_fruits_on_table,0,1,1,1,SOLVED,SOLVED
30B,id,1304,set_plate_and_fork_on_table,0,0,0,0,GOAL_UNMET,GOAL_UNMET
30B,id,1306,dog_push_box_for_two_panda_transport,1,0,0,0,infeasible_assignment,infeasible_assignment
30B,id,1307,clear_table_with_two_robots_and_put_in_cabinet,0,1,1,1,SOLVED,SOLVED
30B,id,1308,clear_table_with_two_robots_and_put_in_cabinet,0,1,1,1,SOLVED,SOLVED
30B,id,1311,toast_bread_and_set_plate,0,0,0,0,OVER_BUDGET,OVER_BUDGET
30B,id,1312,cut_fruit_on_board,0,1,1,1,SOLVED,SOLVED
30B,id,1313,set_plate_and_fork_on_table,0,0,0,0,OVER_BUDGET,OVER_BUDGET
30B,id,1314,set_plate_and_fork_on_table,0,0,0,0,OVER_BUDGET,OVER_BUDGET
30B,id,1315,clear_table_with_two_robots_and_put_in_cabinet,0,1,1,1,SOLVED,SOLVED
30B,id,1317,parallel_human_dual_asset_to_plate_or_bowl,0,1,1,1,SOLVED,SOLVED
30B,id,1320,ensure_all_fruits_on_table,0,1,1,1,SOLVED,SOLVED
30B,id,1321,cut_fruit_on_board,0,1,1,1,SOLVED,SOLVED
30B,id,1322,cut_fruit_on_board,0,1,1,1,SOLVED,SOLVED
30B,id,1325,cut_two_fruits_on_board,0,0,0,0,OVER_BUDGET,OVER_BUDGET
30B,id,1327,clear_table_with_two_robots_and_put_in_cabinet,0,1,1,1,SOLVED,SOLVED
30B,id,1328,cut_fruit_on_board,0,1,1,1,SOLVED,SOLVED
30B,id,1330,ensure_all_fruits_on_table,0,0,0,0,GOAL_UNMET,GOAL_UNMET
30B,id,1331,cut_fruit_on_board,0,0,0,0,GOAL_UNMET,GOAL_UNMET
30B,id,1333,dog_push_box_for_two_panda_transport,1,0,0,0,infeasible_assignment,infeasible_assignment
30B,id,1338,clear_table_with_two_robots_and_put_in_cabinet,0,1,1,1,SOLVED,SOLVED
30B,id,1342,clear_table_with_two_robots_and_put_in_cabinet,0,0,0,0,OVER_BUDGET,OVER_BUDGET
30B,id,1345,set_plate_and_fork_on_table,0,0,0,0,GOAL_UNMET,GOAL_UNMET
30B,id,1348,dog_push_box_for_two_panda_transport,1,0,0,0,infeasible_assignment,infeasible_assignment
30B,id,1350,cut_two_fruits_on_board,0,0,0,0,GOAL_UNMET,GOAL_UNMET
30B,id,1351,toast_bread_and_set_plate,0,0,0,0,OVER_BUDGET,OVER_BUDGET
30B,id,1352,ensure_all_fruits_on_table,0,1,1,1,SOLVED,SOLVED
30B,id,1353,ensure_all_fruits_on_table,0,1,1,1,SOLVED,SOLVED
30B,id,1355,clear_table_with_two_robots_and_put_in_cabinet,0,1,1,1,SOLVED,SOLVED
30B,id,1356,ensure_all_fruits_on_table,0,0,0,0,GOAL_UNMET,GOAL_UNMET
30B,id,1357,cut_two_fruits_on_board,0,1,1,1,SOLVED,SOLVED
30B,id,1358,dog_push_box_for_two_panda_transport,1,0,0,0,infeasible_assignment,infeasible_assignment
30B,id,1359,set_plate_and_fork_on_table,0,0,0,0,GOAL_UNMET,GOAL_UNMET
30B,id,1361,set_plate_and_fork_on_table,0,0,0,0,GOAL_UNMET,GOAL_UNMET
30B,id,1363,clear_table_with_two_robots_and_put_in_cabinet,0,1,1,1,SOLVED,SOLVED
30B,id,1365,cut_fruit_on_board,0,1,1,1,SOLVED,SOLVED
30B,id,1366,cut_fruit_on_board,0,1,1,1,SOLVED,SOLVED
30B,id,1373,clear_table_with_two_robots_and_put_in_cabinet,0,1,1,1,SOLVED,SOLVED
30B,id,1374,cut_two_fruits_on_board,0,0,0,0,GOAL_UNMET,GOAL_UNMET
30B,id,1378,clear_table_with_two_robots_and_put_in_cabinet,0,1,1,1,SOLVED,SOLVED
30B,id,1379,set_plate_and_fork_on_table,0,0,0,0,GOAL_UNMET,GOAL_UNMET
30B,id,1380,ensure_all_fruits_on_table,0,1,1,1,SOLVED,SOLVED
30B,id,1383,cut_fruit_on_board,0,1,1,1,SOLVED,SOLVED
30B,id,1384,set_plate_and_fork_on_table,0,0,0,0,GOAL_UNMET,GOAL_UNMET
30B,id,1385,clear_table_with_two_robots_and_put_in_cabinet,0,1,1,1,SOLVED,SOLVED
30B,id,1387,cut_fruit_on_board,0,1,1,1,SOLVED,SOLVED
30B,id,1388,toast_bread_and_set_plate,0,0,0,0,OVER_BUDGET,OVER_BUDGET
30B,id,1389,cut_two_fruits_on_board,0,0,0,0,OVER_BUDGET,OVER_BUDGET
30B,id,1392,cut_fruit_on_board,0,0,0,0,OVER_BUDGET,OVER_BUDGET
30B,id,1393,cut_two_fruits_on_board,0,1,1,1,SOLVED,SOLVED
30B,id,1395,dog_push_box_for_two_panda_transport,1,0,0,0,infeasible_assignment,infeasible_assignment
30B,id,1397,cut_two_fruits_on_board,0,0,0,0,GOAL_UNMET,GOAL_UNMET
30B,id,1398,cut_two_fruits_on_board,0,1,1,1,SOLVED,SOLVED
30B,id,1399,clear_table_with_two_robots_and_put_in_cabinet,1,1,1,0,SOLVED,infeasible_assignment
30B,id,1400,parallel_human_dual_asset_to_plate_or_bowl,0,1,1,1,SOLVED,SOLVED
30B,id,1401,toast_bread_and_set_plate,0,0,0,0,OVER_BUDGET,OVER_BUDGET
30B,id,1402,set_plate_and_fork_on_table,0,0,0,0,OVER_BUDGET,OVER_BUDGET
30B,id,1403,cut_fruit_on_board,0,0,0,0,GOAL_UNMET,GOAL_UNMET
30B,id,1404,dog_push_box_for_two_panda_transport,1,0,0,0,infeasible_assignment,infeasible_assignment
30B,id,1405,cut_two_fruits_on_board,0,0,0,0,OVER_BUDGET,OVER_BUDGET
30B,id,1406,cut_fruit_on_board,0,1,1,1,SOLVED,SOLVED
30B,id,1410,cut_fruit_on_board,0,1,1,1,SOLVED,SOLVED
30B,id,1411,cut_fruit_on_board,0,0,0,0,OVER_BUDGET,OVER_BUDGET
30B,id,1413,clear_table_with_two_robots_and_put_in_cabinet,0,1,1,1,SOLVED,SOLVED
30B,id,1415,clear_table_with_two_robots_and_put_in_cabinet,0,1,1,1,SOLVED,SOLVED
30B,id,1416,toast_bread_and_set_plate,0,0,0,0,OVER_BUDGET,OVER_BUDGET
30B,id,1419,dog_push_box_for_two_panda_transport,1,0,0,0,infeasible_assignment,infeasible_assignment
30B,id,1420,cut_fruit_on_board,0,1,1,1,SOLVED,SOLVED
30B,id,1424,dog_push_box_for_two_panda_transport,1,0,0,0,infeasible_assignment,infeasible_assignment
30B,id,1425,dog_push_box_for_two_panda_transport,1,0,0,0,infeasible_assignment,infeasible_assignment
30B,id,1429,ensure_all_fruits_on_table,0,0,0,0,GOAL_UNMET,GOAL_UNMET
30B,id,1431,clear_table_with_two_robots_and_put_in_cabinet,0,1,1,1,SOLVED,SOLVED
30B,id,1432,cut_two_fruits_on_board,0,0,0,0,GOAL_UNMET,GOAL_UNMET
30B,id,1434,clear_table_with_two_robots_and_put_in_cabinet,1,0,0,0,infeasible_assignment,infeasible_assignment
30B,id,1439,parallel_human_dual_asset_to_plate_or_bowl,0,1,1,1,SOLVED,SOLVED
30B,id,1440,clear_table_with_two_robots_and_put_in_cabinet,0,1,1,1,SOLVED,SOLVED
30B,id,1442,cut_fruit_on_board,0,0,0,0,GOAL_UNMET,GOAL_UNMET
30B,id,1443,cut_fruit_on_board,0,1,1,1,SOLVED,SOLVED
30B,id,1444,clear_table_with_two_robots_and_put_in_cabinet,0,1,1,1,SOLVED,SOLVED
30B,id,1447,clear_table_with_two_robots_and_put_in_cabinet,1,1,1,0,SOLVED,infeasible_assignment
30B,id,1450,cut_two_fruits_on_board,0,1,1,1,SOLVED,SOLVED
30B,id,1451,clear_table_with_two_robots_and_put_in_cabinet,0,1,1,1,SOLVED,SOLVED
30B,id,1455,cut_fruit_on_board,0,1,1,1,SOLVED,SOLVED
30B,id,1456,clear_table_with_two_robots_and_put_in_cabinet,0,1,1,1,SOLVED,SOLVED
30B,id,1459,toast_bread_and_set_plate,0,0,0,0,OVER_BUDGET,OVER_BUDGET
30B,id,1460,ensure_all_fruits_on_table,0,1,1,1,SOLVED,SOLVED
30B,id,1465,cut_fruit_on_board,0,1,1,1,SOLVED,SOLVED
30B,id,1467,dog_push_box_for_two_panda_transport,1,0,0,0,infeasible_assignment,infeasible_assignment
30B,id,1468,clear_table_with_two_robots_and_put_in_cabinet,0,1,1,1,SOLVED,SOLVED
30B,id,1470,cut_fruit_on_board,0,0,0,0,GOAL_UNMET,GOAL_UNMET
30B,id,1473,cut_fruit_on_board,0,0,0,0,GOAL_UNMET,GOAL_UNMET
30B,id,1475,cut_fruit_on_board,0,1,1,1,SOLVED,SOLVED
30B,id,1477,cut_fruit_on_board,0,0,0,0,OVER_BUDGET,OVER_BUDGET
30B,id,1483,toast_bread_and_set_plate,0,0,0,0,OVER_BUDGET,OVER_BUDGET
30B,id,1484,cut_two_fruits_on_board,0,0,0,0,GOAL_UNMET,GOAL_UNMET
30B,id,1485,parallel_human_dual_asset_to_plate_or_bowl,0,1,1,1,SOLVED,SOLVED
30B,id,1487,clear_table_with_two_robots_and_put_in_cabinet,0,1,1,1,SOLVED,SOLVED
30B,id,1490,cut_fruit_on_board,0,0,0,0,GOAL_UNMET,GOAL_UNMET
30B,id,1492,clear_table_with_two_robots_and_put_in_cabinet,1,1,1,0,SOLVED,infeasible_assignment
30B,id,1493,clear_table_with_two_robots_and_put_in_cabinet,0,1,1,1,SOLVED,SOLVED
30B,id,1496,cut_fruit_on_board,0,0,0,0,OVER_BUDGET,OVER_BUDGET
30B,id,1497,toast_bread_and_set_plate,0,0,0,0,OVER_BUDGET,OVER_BUDGET
30B,id,1503,toast_bread_and_set_plate,0,0,0,0,OVER_BUDGET,OVER_BUDGET
30B,id,1505,cut_fruit_on_board,0,1,1,1,SOLVED,SOLVED
30B,id,1506,ensure_all_fruits_on_table,0,0,0,0,GOAL_UNMET,GOAL_UNMET
30B,id,1507,cut_fruit_on_board,0,1,1,1,SOLVED,SOLVED
30B,id,1509,set_plate_and_fork_on_table,0,0,0,0,GOAL_UNMET,GOAL_UNMET
30B,id,1510,clear_table_with_two_robots_and_put_in_cabinet,0,1,1,1,SOLVED,SOLVED
30B,id,1511,clear_table_with_two_robots_and_put_in_cabinet,0,1,1,1,SOLVED,SOLVED
30B,id,1512,toast_bread_and_set_plate,0,0,0,0,OVER_BUDGET,OVER_BUDGET
30B,id,1515,cut_two_fruits_on_board,0,0,0,0,GOAL_UNMET,GOAL_UNMET
30B,id,1516,clear_table_with_two_robots_and_put_in_cabinet,0,1,1,1,SOLVED,SOLVED
30B,id,1520,cut_two_fruits_on_board,0,0,0,0,GOAL_UNMET,GOAL_UNMET
30B,id,1521,parallel_human_dual_asset_to_plate_or_bowl,0,1,1,1,SOLVED,SOLVED
30B,id,1522,cut_two_fruits_on_board,0,0,0,0,OVER_BUDGET,OVER_BUDGET
30B,id,1523,cut_two_fruits_on_board,0,1,1,1,SOLVED,SOLVED
30B,id,1525,set_plate_and_fork_on_table,0,0,0,0,GOAL_UNMET,GOAL_UNMET
30B,id,1527,dog_push_box_for_two_panda_transport,1,0,0,0,infeasible_assignment,infeasible_assignment
30B,id,1528,dog_push_box_for_two_panda_transport,1,0,0,0,infeasible_assignment,infeasible_assignment
30B,id,1530,clear_table_with_two_robots_and_put_in_cabinet,0,1,1,1,SOLVED,SOLVED
30B,id,1532,dog_push_box_for_two_panda_transport,1,0,0,0,infeasible_assignment,infeasible_assignment
30B,id,1533,clear_table_with_two_robots_and_put_in_cabinet,0,1,1,1,SOLVED,SOLVED
30B,id,1534,set_plate_and_fork_on_table,0,0,0,0,GOAL_UNMET,GOAL_UNMET
30B,id,1537,clear_table_with_two_robots_and_put_in_cabinet,0,1,1,1,SOLVED,SOLVED
30B,id,1538,parallel_human_dual_asset_to_plate_or_bowl,0,1,1,1,SOLVED,SOLVED
30B,id,1539,parallel_human_dual_asset_to_plate_or_bowl,0,1,1,1,SOLVED,SOLVED
30B,id,1546,cut_two_fruits_on_board,0,0,0,0,GOAL_UNMET,GOAL_UNMET
30B,id,1547,parallel_human_dual_asset_to_plate_or_bowl,0,1,1,1,SOLVED,SOLVED
30B,id,1548,parallel_human_dual_asset_to_plate_or_bowl,0,1,1,1,SOLVED,SOLVED
30B,id,1549,toast_bread_and_set_plate,0,0,0,0,OVER_BUDGET,OVER_BUDGET
30B,id,1554,clear_table_with_two_robots_and_put_in_cabinet,0,1,1,1,SOLVED,SOLVED
30B,id,1555,parallel_human_dual_asset_to_plate_or_bowl,0,1,1,1,SOLVED,SOLVED
30B,id,1556,ensure_all_fruits_on_table,0,1,1,1,SOLVED,SOLVED
30B,id,1559,cut_fruit_on_board,0,1,1,1,SOLVED,SOLVED
30B,id,1560,parallel_human_dual_asset_to_plate_or_bowl,0,1,1,1,SOLVED,SOLVED
30B,id,1565,ensure_all_fruits_on_table,0,1,1,1,SOLVED,SOLVED
30B,id,1569,dog_push_box_for_two_panda_transport,1,0,0,0,infeasible_assignment,infeasible_assignment
30B,id,1570,clear_table_with_two_robots_and_put_in_cabinet,0,1,1,1,SOLVED,SOLVED
30B,id,1571,cut_fruit_on_board,0,1,1,1,SOLVED,SOLVED
30B,id,1574,cut_fruit_on_board,0,1,1,1,SOLVED,SOLVED
30B,id,1576,toast_bread_and_set_plate,0,0,0,0,OVER_BUDGET,OVER_BUDGET
30B,id,1578,clear_table_with_two_robots_and_put_in_cabinet,0,1,1,1,SOLVED,SOLVED
30B,id,1579,cut_two_fruits_on_board,0,1,1,1,SOLVED,SOLVED
30B,id,1583,cut_fruit_on_board,0,0,0,0,OVER_BUDGET,OVER_BUDGET
30B,id,1584,set_plate_and_fork_on_table,0,0,0,0,GOAL_UNMET,GOAL_UNMET
30B,id,1585,cut_fruit_on_board,0,1,1,1,SOLVED,SOLVED
30B,id,1586,clear_table_with_two_robots_and_put_in_cabinet,0,1,1,1,SOLVED,SOLVED
30B,id,1589,toast_bread_and_set_plate,0,0,0,0,OVER_BUDGET,OVER_BUDGET
30B,id,1590,cut_fruit_on_board,0,0,0,0,OVER_BUDGET,OVER_BUDGET
30B,id,1591,cut_fruit_on_board,0,0,0,0,OVER_BUDGET,OVER_BUDGET
30B,id,1593,dog_push_box_for_two_panda_transport,1,0,0,0,infeasible_assignment,infeasible_assignment
30B,id,1594,clear_table_with_two_robots_and_put_in_cabinet,0,1,1,1,SOLVED,SOLVED
30B,id,1598,cut_fruit_on_board,0,0,0,0,OVER_BUDGET,OVER_BUDGET
30B,id,1600,toast_bread_and_set_plate,0,0,0,0,OVER_BUDGET,OVER_BUDGET
30B,id,1604,toast_bread_and_set_plate,0,0,0,0,OVER_BUDGET,OVER_BUDGET
30B,id,1605,ensure_all_fruits_on_table,0,1,1,1,SOLVED,SOLVED
30B,id,1609,dog_push_box_for_two_panda_transport,1,0,0,0,infeasible_assignment,infeasible_assignment
30B,id,1610,cut_fruit_on_board,0,1,1,1,SOLVED,SOLVED
30B,id,1611,toast_bread_and_set_plate,0,0,0,0,OVER_BUDGET,OVER_BUDGET
30B,id,1612,clear_table_with_two_robots_and_put_in_cabinet,0,1,1,1,SOLVED,SOLVED
30B,id,1613,cut_fruit_on_board,0,1,1,1,SOLVED,SOLVED
30B,id,1614,clear_table_with_two_robots_and_put_in_cabinet,0,1,1,1,SOLVED,SOLVED
30B,id,1617,cut_two_fruits_on_board,0,0,0,0,GOAL_UNMET,GOAL_UNMET
30B,id,1618,cut_fruit_on_board,0,0,0,0,GOAL_UNMET,GOAL_UNMET
30B,id,1627,ensure_all_fruits_on_table,0,0,0,0,GOAL_UNMET,GOAL_UNMET
30B,id,1628,cut_two_fruits_on_board,0,1,1,1,SOLVED,SOLVED
30B,id,1629,cut_two_fruits_on_board,0,0,0,0,OVER_BUDGET,OVER_BUDGET
30B,id,1630,cut_fruit_on_board,0,1,1,1,SOLVED,SOLVED
30B,id,1631,ensure_all_fruits_on_table,0,0,0,0,GOAL_UNMET,GOAL_UNMET
30B,id,1633,clear_table_with_two_robots_and_put_in_cabinet,0,1,1,1,SOLVED,SOLVED
30B,id,1634,dog_push_box_for_two_panda_transport,1,0,0,0,infeasible_assignment,infeasible_assignment
30B,id,1635,cut_two_fruits_on_board,0,1,1,1,SOLVED,SOLVED
30B,id,1637,dog_push_box_for_two_panda_transport,1,0,0,0,infeasible_assignment,infeasible_assignment
30B,id,1638,clear_table_with_two_robots_and_put_in_cabinet,0,1,1,1,SOLVED,SOLVED
30B,id,1639,clear_table_with_two_robots_and_put_in_cabinet,0,1,1,1,SOLVED,SOLVED
30B,id,1641,parallel_human_dual_asset_to_plate_or_bowl,0,1,1,1,SOLVED,SOLVED
30B,id,1642,ensure_all_fruits_on_table,0,0,0,0,GOAL_UNMET,GOAL_UNMET
30B,id,1643,cut_two_fruits_on_board,0,0,0,0,OVER_BUDGET,OVER_BUDGET
30B,id,1644,cut_fruit_on_board,0,1,1,1,SOLVED,SOLVED
30B,id,1646,set_plate_and_fork_on_table,0,0,0,0,GOAL_UNMET,GOAL_UNMET
30B,id,1647,cut_two_fruits_on_board,0,0,0,0,GOAL_UNMET,GOAL_UNMET
30B,id,1648,ensure_all_fruits_on_table,0,1,1,1,SOLVED,SOLVED
30B,id,1650,cut_fruit_on_board,0,1,1,1,SOLVED,SOLVED
30B,id,1651,dog_push_box_for_two_panda_transport,1,0,0,0,infeasible_assignment,infeasible_assignment
30B,id,1654,cut_fruit_on_board,0,0,0,0,OVER_BUDGET,OVER_BUDGET
30B,id,1655,clear_table_with_two_robots_and_put_in_cabinet,0,1,1,1,SOLVED,SOLVED
30B,id,1656,toast_bread_and_set_plate,0,0,0,0,OVER_BUDGET,OVER_BUDGET
30B,id,1664,clear_table_with_two_robots_and_put_in_cabinet,1,0,0,0,infeasible_assignment,infeasible_assignment
30B,id,1665,cut_two_fruits_on_board,0,0,0,0,GOAL_UNMET,GOAL_UNMET
30B,id,1666,ensure_all_fruits_on_table,0,1,1,1,SOLVED,SOLVED
30B,id,1668,ensure_all_fruits_on_table,0,0,0,0,GOAL_UNMET,GOAL_UNMET
30B,id,1670,set_plate_and_fork_on_table,0,0,0,0,GOAL_UNMET,GOAL_UNMET
30B,id,1671,cut_two_fruits_on_board,0,1,1,1,SOLVED,SOLVED
30B,id,1672,parallel_human_dual_asset_to_plate_or_bowl,0,1,1,1,SOLVED,SOLVED
30B,id,1674,clear_table_with_two_robots_and_put_in_cabinet,0,1,1,1,SOLVED,SOLVED
30B,id,1675,ensure_all_fruits_on_table,0,0,0,0,GOAL_UNMET,GOAL_UNMET
30B,id,1677,clear_table_with_two_robots_and_put_in_cabinet,0,1,1,1,SOLVED,SOLVED
30B,id,1678,cut_fruit_on_board,0,1,1,1,SOLVED,SOLVED
30B,id,1679,parallel_human_dual_asset_to_plate_or_bowl,0,1,1,1,SOLVED,SOLVED
30B,id,1680,cut_two_fruits_on_board,0,0,0,0,GOAL_UNMET,GOAL_UNMET
30B,id,1682,ensure_all_fruits_on_table,0,0,0,0,GOAL_UNMET,GOAL_UNMET
30B,id,1684,parallel_human_dual_asset_to_plate_or_bowl,0,1,1,1,SOLVED,SOLVED
30B,id,1685,set_plate_and_fork_on_table,0,0,0,0,GOAL_UNMET,GOAL_UNMET
30B,id,1686,clear_table_with_two_robots_and_put_in_cabinet,0,1,1,1,SOLVED,SOLVED
30B,id,1689,parallel_human_dual_asset_to_plate_or_bowl,0,1,1,1,SOLVED,SOLVED
30B,id,1690,cut_two_fruits_on_board,0,1,1,1,SOLVED,SOLVED
30B,id,1693,clear_table_with_two_robots_and_put_in_cabinet,0,0,0,0,OVER_BUDGET,OVER_BUDGET
30B,id,1694,clear_table_with_two_robots_and_put_in_cabinet,0,1,1,1,SOLVED,SOLVED
30B,id,1696,toast_bread_and_set_plate,0,0,0,0,OVER_BUDGET,OVER_BUDGET
30B,id,1697,clear_table_with_two_robots_and_put_in_cabinet,0,1,1,1,SOLVED,SOLVED
30B,id,1703,toast_bread_and_set_plate,0,0,0,0,GOAL_UNMET,GOAL_UNMET
30B,id,1704,parallel_human_dual_asset_to_plate_or_bowl,0,1,1,1,SOLVED,SOLVED
30B,id,1706,clear_table_with_two_robots_and_put_in_cabinet,0,1,1,1,SOLVED,SOLVED
30B,id,1707,clear_table_with_two_robots_and_put_in_cabinet,0,1,1,1,SOLVED,SOLVED
30B,id,1709,toast_bread_and_set_plate,0,0,0,0,OVER_BUDGET,OVER_BUDGET
30B,id,1714,ensure_all_fruits_on_table,0,1,1,1,SOLVED,SOLVED
30B,id,1715,cut_two_fruits_on_board,0,0,0,0,GOAL_UNMET,GOAL_UNMET
30B,id,1716,cut_fruit_on_board,0,0,0,0,GOAL_UNMET,GOAL_UNMET
30B,id,1719,toast_bread_and_set_plate,0,0,0,0,OVER_BUDGET,OVER_BUDGET
30B,id,1720,cut_fruit_on_board,0,1,1,1,SOLVED,SOLVED
30B,id,1724,cut_two_fruits_on_board,0,1,1,1,SOLVED,SOLVED
30B,id,1725,clear_table_with_two_robots_and_put_in_cabinet,0,1,1,1,SOLVED,SOLVED
30B,id,1726,clear_table_with_two_robots_and_put_in_cabinet,0,1,1,1,SOLVED,SOLVED
30B,id,1728,cut_fruit_on_board,0,0,0,0,OVER_BUDGET,OVER_BUDGET
30B,id,1729,ensure_all_fruits_on_table,0,0,0,0,GOAL_UNMET,GOAL_UNMET
30B,id,1730,cut_fruit_on_board,0,1,1,1,SOLVED,SOLVED
30B,id,1731,cut_two_fruits_on_board,0,1,1,1,SOLVED,SOLVED
30B,id,1732,cut_fruit_on_board,0,1,1,1,SOLVED,SOLVED
30B,id,1734,cut_fruit_on_board,0,0,0,0,OVER_BUDGET,OVER_BUDGET
30B,id,1735,ensure_all_fruits_on_table,0,1,1,1,SOLVED,SOLVED
30B,id,1736,clear_table_with_two_robots_and_put_in_cabinet,0,1,1,1,SOLVED,SOLVED
30B,id,1738,toast_bread_and_set_plate,0,0,0,0,OVER_BUDGET,OVER_BUDGET
30B,id,1740,dog_push_box_for_two_panda_transport,1,0,0,0,infeasible_assignment,infeasible_assignment
30B,id,1741,cut_fruit_on_board,0,1,1,1,SOLVED,SOLVED
30B,id,1743,cut_fruit_on_board,0,1,1,1,SOLVED,SOLVED
30B,id,1744,clear_table_with_two_robots_and_put_in_cabinet,0,1,1,1,SOLVED,SOLVED
30B,id,1745,cut_fruit_on_board,0,1,1,1,SOLVED,SOLVED
30B,id,1750,cut_fruit_on_board,0,1,1,1,SOLVED,SOLVED
30B,id,1751,clear_table_with_two_robots_and_put_in_cabinet,0,1,1,1,SOLVED,SOLVED
30B,id,1753,clear_table_with_two_robots_and_put_in_cabinet,0,1,1,1,SOLVED,SOLVED
30B,id,1755,cut_fruit_on_board,0,1,1,1,SOLVED,SOLVED
30B,id,1759,cut_fruit_on_board,0,1,1,1,SOLVED,SOLVED
30B,id,1762,clear_table_with_two_robots_and_put_in_cabinet,0,1,1,1,SOLVED,SOLVED
30B,id,1763,parallel_human_dual_asset_to_plate_or_bowl,0,1,1,1,SOLVED,SOLVED
30B,id,1764,clear_table_with_two_robots_and_put_in_cabinet,0,1,1,1,SOLVED,SOLVED
30B,id,1766,cut_fruit_on_board,0,1,1,1,SOLVED,SOLVED
30B,id,1767,set_plate_and_fork_on_table,0,0,0,0,GOAL_UNMET,GOAL_UNMET
30B,id,1769,cut_fruit_on_board,0,0,0,0,OVER_BUDGET,OVER_BUDGET
30B,id,1770,clear_table_with_two_robots_and_put_in_cabinet,0,1,1,1,SOLVED,SOLVED
30B,id,1771,clear_table_with_two_robots_and_put_in_cabinet,0,1,1,1,SOLVED,SOLVED
30B,id,1772,cut_two_fruits_on_board,0,0,0,0,GOAL_UNMET,GOAL_UNMET
30B,id,1778,parallel_human_dual_asset_to_plate_or_bowl,0,1,1,1,SOLVED,SOLVED
30B,id,1780,dog_push_box_for_two_panda_transport,1,0,0,0,infeasible_assignment,infeasible_assignment
30B,id,1781,clear_table_with_two_robots_and_put_in_cabinet,0,1,1,1,SOLVED,SOLVED
30B,id,1782,toast_bread_and_set_plate,0,0,0,0,OVER_BUDGET,OVER_BUDGET
30B,id,1784,toast_bread_and_set_plate,0,0,0,0,OVER_BUDGET,OVER_BUDGET
30B,id,1785,clear_table_with_two_robots_and_put_in_cabinet,0,1,1,1,SOLVED,SOLVED
30B,id,1786,set_plate_and_fork_on_table,0,0,0,0,GOAL_UNMET,GOAL_UNMET
30B,id,1787,set_plate_and_fork_on_table,0,0,0,0,GOAL_UNMET,GOAL_UNMET
30B,id,1792,cut_fruit_on_board,0,1,1,1,SOLVED,SOLVED
30B,id,1795,clear_table_with_two_robots_and_put_in_cabinet,0,1,1,1,SOLVED,SOLVED
30B,id,1796,cut_two_fruits_on_board,0,0,0,0,GOAL_UNMET,GOAL_UNMET
30B,id,1797,set_plate_and_fork_on_table,0,0,0,0,GOAL_UNMET,GOAL_UNMET
30B,id,1798,clear_table_with_two_robots_and_put_in_cabinet,1,1,1,0,SOLVED,infeasible_assignment
30B,id,1799,cut_fruit_on_board,0,0,0,0,OVER_BUDGET,OVER_BUDGET
30B,heldout,2,dog_push_box_for_two_panda_transport,1,0,0,0,infeasible_assignment,infeasible_assignment
30B,heldout,3,ensure_all_fruits_on_table,0,1,1,1,SOLVED,SOLVED
30B,heldout,5,toast_bread_and_set_plate,0,0,0,0,OVER_BUDGET,OVER_BUDGET
30B,heldout,10,cut_fruit_on_board,0,1,1,1,SOLVED,SOLVED
30B,heldout,13,set_plate_and_fork_on_table,0,0,0,0,GOAL_UNMET,GOAL_UNMET
30B,heldout,14,toast_bread_and_set_plate,0,0,0,0,OVER_BUDGET,OVER_BUDGET
30B,heldout,15,clear_table_with_two_robots_and_put_in_cabinet,1,0,0,0,infeasible_assignment,infeasible_assignment
30B,heldout,19,cut_fruit_on_board,0,1,1,1,SOLVED,SOLVED
30B,heldout,20,ensure_all_fruits_on_table,0,1,1,1,SOLVED,SOLVED
30B,heldout,21,toast_bread_and_set_plate,0,0,0,0,OVER_BUDGET,OVER_BUDGET
30B,heldout,24,cut_fruit_on_board,0,1,1,1,SOLVED,SOLVED
30B,heldout,26,cut_two_fruits_on_board,0,0,0,0,GOAL_UNMET,GOAL_UNMET
30B,heldout,27,cut_two_fruits_on_board,0,0,0,0,GOAL_UNMET,GOAL_UNMET
30B,heldout,28,cut_fruit_on_board,0,0,0,0,OVER_BUDGET,OVER_BUDGET
30B,heldout,34,toast_bread_and_set_plate,0,0,0,0,OVER_BUDGET,OVER_BUDGET
30B,heldout,37,clear_table_with_two_robots_and_put_in_cabinet,1,0,0,0,infeasible_assignment,infeasible_assignment
30B,heldout,39,cut_two_fruits_on_board,0,1,1,1,SOLVED,SOLVED
30B,heldout,40,cut_two_fruits_on_board,0,1,1,1,SOLVED,SOLVED
30B,heldout,42,dog_push_box_for_two_panda_transport,1,0,0,0,infeasible_assignment,infeasible_assignment
30B,heldout,43,dog_push_box_for_two_panda_transport,1,0,0,0,infeasible_assignment,infeasible_assignment
30B,heldout,47,cut_two_fruits_on_board,0,1,1,1,SOLVED,SOLVED
30B,heldout,48,cut_fruit_on_board,0,0,0,0,OVER_BUDGET,OVER_BUDGET
30B,heldout,50,clear_table_with_two_robots_and_put_in_cabinet,1,0,0,0,infeasible_assignment,infeasible_assignment
30B,heldout,52,clear_table_with_two_robots_and_put_in_cabinet,1,0,0,0,infeasible_assignment,infeasible_assignment
30B,heldout,53,set_plate_and_fork_on_table,0,0,0,0,GOAL_UNMET,GOAL_UNMET
30B,heldout,54,toast_bread_and_set_plate,0,0,0,0,OVER_BUDGET,OVER_BUDGET
30B,heldout,55,clear_table_with_two_robots_and_put_in_cabinet,1,0,0,0,infeasible_assignment,infeasible_assignment
30B,heldout,56,set_plate_and_fork_on_table,0,0,0,0,GOAL_UNMET,GOAL_UNMET
30B,heldout,61,clear_table_with_two_robots_and_put_in_cabinet,1,0,0,0,infeasible_assignment,infeasible_assignment
30B,heldout,63,clear_table_with_two_robots_and_put_in_cabinet,1,0,0,0,infeasible_assignment,infeasible_assignment
30B,heldout,67,toast_bread_and_set_plate,0,0,0,0,OVER_BUDGET,OVER_BUDGET
30B,heldout,68,cut_fruit_on_board,0,1,1,1,SOLVED,SOLVED
30B,heldout,71,clear_table_with_two_robots_and_put_in_cabinet,1,0,0,0,infeasible_assignment,infeasible_assignment
30B,heldout,75,cut_two_fruits_on_board,0,0,0,0,GOAL_UNMET,GOAL_UNMET
30B,heldout,78,cut_two_fruits_on_board,0,0,0,0,OVER_BUDGET,OVER_BUDGET
30B,heldout,81,clear_table_with_two_robots_and_put_in_cabinet,1,0,0,0,infeasible_assignment,infeasible_assignment
30B,heldout,87,parallel_human_dual_asset_to_plate_or_bowl,0,1,1,1,SOLVED,SOLVED
30B,heldout,94,set_plate_and_fork_on_table,0,0,0,0,OVER_BUDGET,OVER_BUDGET
30B,heldout,95,cut_two_fruits_on_board,0,1,1,1,SOLVED,SOLVED
30B,heldout,96,set_plate_and_fork_on_table,0,0,0,0,GOAL_UNMET,GOAL_UNMET
30B,heldout,97,clear_table_with_two_robots_and_put_in_cabinet,1,0,0,0,infeasible_assignment,infeasible_assignment
30B,heldout,98,cut_fruit_on_board,0,1,1,1,SOLVED,SOLVED
30B,heldout,99,clear_table_with_two_robots_and_put_in_cabinet,1,0,0,0,infeasible_assignment,infeasible_assignment
30B,heldout,100,set_plate_and_fork_on_table,0,0,0,0,GOAL_UNMET,GOAL_UNMET
30B,heldout,102,cut_fruit_on_board,0,1,1,1,SOLVED,SOLVED
30B,heldout,103,cut_two_fruits_on_board,0,1,1,1,SOLVED,SOLVED
30B,heldout,105,cut_fruit_on_board,0,1,1,1,SOLVED,SOLVED
30B,heldout,107,toast_bread_and_set_plate,0,0,0,0,OVER_BUDGET,OVER_BUDGET
30B,heldout,109,cut_fruit_on_board,0,1,1,1,SOLVED,SOLVED
30B,heldout,110,set_plate_and_fork_on_table,0,0,0,0,GOAL_UNMET,GOAL_UNMET
30B,heldout,111,clear_table_with_two_robots_and_put_in_cabinet,1,0,0,0,infeasible_assignment,infeasible_assignment
30B,heldout,115,set_plate_and_fork_on_table,0,0,0,0,GOAL_UNMET,GOAL_UNMET
30B,heldout,117,clear_table_with_two_robots_and_put_in_cabinet,1,0,0,0,infeasible_assignment,infeasible_assignment
30B,heldout,118,ensure_all_fruits_on_table,0,1,1,1,SOLVED,SOLVED
30B,heldout,119,cut_fruit_on_board,0,0,0,0,OVER_BUDGET,OVER_BUDGET
30B,heldout,120,toast_bread_and_set_plate,0,0,0,0,OVER_BUDGET,OVER_BUDGET
30B,heldout,121,ensure_all_fruits_on_table,0,1,1,1,SOLVED,SOLVED
30B,heldout,122,dog_push_box_for_two_panda_transport,1,0,0,0,infeasible_assignment,infeasible_assignment
30B,heldout,125,clear_table_with_two_robots_and_put_in_cabinet,1,0,0,0,infeasible_assignment,infeasible_assignment
30B,heldout,127,ensure_all_fruits_on_table,0,1,1,1,SOLVED,SOLVED
30B,heldout,128,cut_fruit_on_board,0,1,1,1,SOLVED,SOLVED
30B,heldout,129,toast_bread_and_set_plate,0,0,0,0,OVER_BUDGET,OVER_BUDGET
30B,heldout,131,set_plate_and_fork_on_table,0,0,0,0,GOAL_UNMET,GOAL_UNMET
30B,heldout,132,parallel_human_dual_asset_to_plate_or_bowl,0,1,1,1,SOLVED,SOLVED
30B,heldout,134,toast_bread_and_set_plate,0,0,0,0,OVER_BUDGET,OVER_BUDGET
30B,heldout,137,cut_fruit_on_board,0,1,1,1,SOLVED,SOLVED
30B,heldout,138,clear_table_with_two_robots_and_put_in_cabinet,1,0,0,0,infeasible_assignment,infeasible_assignment
30B,heldout,140,clear_table_with_two_robots_and_put_in_cabinet,1,0,0,0,infeasible_assignment,infeasible_assignment
30B,heldout,141,toast_bread_and_set_plate,0,0,0,0,OVER_BUDGET,OVER_BUDGET
30B,heldout,142,cut_two_fruits_on_board,0,1,1,1,SOLVED,SOLVED
30B,heldout,144,parallel_human_dual_asset_to_plate_or_bowl,0,1,1,1,SOLVED,SOLVED
30B,heldout,145,set_plate_and_fork_on_table,0,0,0,0,GOAL_UNMET,GOAL_UNMET
30B,heldout,146,ensure_all_fruits_on_table,0,1,1,1,SOLVED,SOLVED
30B,heldout,147,toast_bread_and_set_plate,0,0,0,0,OVER_BUDGET,OVER_BUDGET
30B,heldout,148,clear_table_with_two_robots_and_put_in_cabinet,1,0,0,0,infeasible_assignment,infeasible_assignment
30B,heldout,149,cut_two_fruits_on_board,0,1,1,1,SOLVED,SOLVED
30B,heldout,151,ensure_all_fruits_on_table,0,1,1,1,SOLVED,SOLVED
30B,heldout,152,ensure_all_fruits_on_table,0,1,1,1,SOLVED,SOLVED
30B,heldout,155,cut_fruit_on_board,0,1,1,1,SOLVED,SOLVED
30B,heldout,156,cut_two_fruits_on_board,0,1,1,1,SOLVED,SOLVED
30B,heldout,163,cut_two_fruits_on_board,0,1,1,1,SOLVED,SOLVED
30B,heldout,164,parallel_human_dual_asset_to_plate_or_bowl,0,1,1,1,SOLVED,SOLVED
30B,heldout,165,clear_table_with_two_robots_and_put_in_cabinet,1,0,0,0,infeasible_assignment,infeasible_assignment
30B,heldout,166,clear_table_with_two_robots_and_put_in_cabinet,1,0,0,0,infeasible_assignment,infeasible_assignment
30B,heldout,167,toast_bread_and_set_plate,0,0,0,0,OVER_BUDGET,OVER_BUDGET
30B,heldout,168,cut_fruit_on_board,0,0,0,0,GOAL_UNMET,GOAL_UNMET
30B,heldout,171,cut_fruit_on_board,0,0,0,0,GOAL_UNMET,GOAL_UNMET
30B,heldout,172,cut_two_fruits_on_board,0,1,1,1,SOLVED,SOLVED
30B,heldout,173,toast_bread_and_set_plate,0,0,0,0,OVER_BUDGET,OVER_BUDGET
30B,heldout,174,cut_fruit_on_board,0,1,1,1,SOLVED,SOLVED
30B,heldout,175,set_plate_and_fork_on_table,0,0,0,0,GOAL_UNMET,GOAL_UNMET
30B,heldout,176,cut_two_fruits_on_board,0,1,1,1,SOLVED,SOLVED
30B,heldout,177,toast_bread_and_set_plate,0,0,0,0,OVER_BUDGET,OVER_BUDGET
30B,heldout,178,clear_table_with_two_robots_and_put_in_cabinet,1,0,0,0,infeasible_assignment,infeasible_assignment
30B,heldout,179,toast_bread_and_set_plate,0,0,0,0,OVER_BUDGET,OVER_BUDGET
30B,heldout,180,parallel_human_dual_asset_to_plate_or_bowl,0,1,1,1,SOLVED,SOLVED
30B,heldout,181,clear_table_with_two_robots_and_put_in_cabinet,1,0,0,0,infeasible_assignment,infeasible_assignment
30B,heldout,182,clear_table_with_two_robots_and_put_in_cabinet,1,0,0,0,infeasible_assignment,infeasible_assignment
30B,heldout,184,clear_table_with_two_robots_and_put_in_cabinet,1,0,0,0,infeasible_assignment,infeasible_assignment
30B,heldout,186,toast_bread_and_set_plate,0,0,0,0,OVER_BUDGET,OVER_BUDGET
30B,heldout,188,cut_fruit_on_board,0,1,1,1,SOLVED,SOLVED
30B,heldout,190,cut_fruit_on_board,0,0,0,0,OVER_BUDGET,OVER_BUDGET
30B,heldout,196,set_plate_and_fork_on_table,0,0,0,0,GOAL_UNMET,GOAL_UNMET
30B,heldout,197,clear_table_with_two_robots_and_put_in_cabinet,1,0,0,0,infeasible_assignment,infeasible_assignment
30B,heldout,198,cut_two_fruits_on_board,0,0,0,0,OVER_BUDGET,OVER_BUDGET
30B,heldout,199,cut_two_fruits_on_board,0,0,0,0,OVER_BUDGET,OVER_BUDGET
30B,heldout,200,clear_table_with_two_robots_and_put_in_cabinet,1,0,0,0,infeasible_assignment,infeasible_assignment
30B,heldout,204,cut_fruit_on_board,0,1,1,1,SOLVED,SOLVED
30B,heldout,205,toast_bread_and_set_plate,0,0,0,0,OVER_BUDGET,OVER_BUDGET
30B,heldout,206,clear_table_with_two_robots_and_put_in_cabinet,1,0,0,0,infeasible_assignment,infeasible_assignment
30B,heldout,207,toast_bread_and_set_plate,0,0,0,0,OVER_BUDGET,OVER_BUDGET
30B,heldout,209,clear_table_with_two_robots_and_put_in_cabinet,1,0,0,0,infeasible_assignment,infeasible_assignment
30B,heldout,211,parallel_human_dual_asset_to_plate_or_bowl,0,1,1,1,SOLVED,SOLVED
30B,heldout,213,set_plate_and_fork_on_table,0,0,0,0,OVER_BUDGET,OVER_BUDGET
30B,heldout,214,ensure_all_fruits_on_table,0,1,1,1,SOLVED,SOLVED
30B,heldout,215,ensure_all_fruits_on_table,0,1,1,1,SOLVED,SOLVED
30B,heldout,216,ensure_all_fruits_on_table,0,1,1,1,SOLVED,SOLVED
30B,heldout,218,set_plate_and_fork_on_table,0,0,0,0,GOAL_UNMET,GOAL_UNMET
30B,heldout,221,clear_table_with_two_robots_and_put_in_cabinet,1,0,0,0,infeasible_assignment,infeasible_assignment
30B,heldout,222,cut_two_fruits_on_board,0,1,1,1,SOLVED,SOLVED
30B,heldout,223,clear_table_with_two_robots_and_put_in_cabinet,1,0,0,0,infeasible_assignment,infeasible_assignment
30B,heldout,224,clear_table_with_two_robots_and_put_in_cabinet,1,0,0,0,infeasible_assignment,infeasible_assignment
30B,heldout,227,toast_bread_and_set_plate,0,0,0,0,OVER_BUDGET,OVER_BUDGET
30B,heldout,228,dog_push_box_for_two_panda_transport,1,0,0,0,infeasible_assignment,infeasible_assignment
30B,heldout,229,cut_fruit_on_board,0,0,0,0,OVER_BUDGET,OVER_BUDGET
30B,heldout,230,parallel_human_dual_asset_to_plate_or_bowl,0,1,1,1,SOLVED,SOLVED
30B,heldout,233,cut_fruit_on_board,0,1,1,1,SOLVED,SOLVED
30B,heldout,235,ensure_all_fruits_on_table,0,1,1,1,SOLVED,SOLVED
30B,heldout,236,set_plate_and_fork_on_table,0,0,0,0,GOAL_UNMET,GOAL_UNMET
30B,heldout,237,parallel_human_dual_asset_to_plate_or_bowl,0,1,1,1,SOLVED,SOLVED
30B,heldout,240,cut_fruit_on_board,0,1,1,1,SOLVED,SOLVED
30B,heldout,241,set_plate_and_fork_on_table,0,0,0,0,GOAL_UNMET,GOAL_UNMET
30B,heldout,242,toast_bread_and_set_plate,0,0,0,0,OVER_BUDGET,OVER_BUDGET
30B,heldout,248,cut_fruit_on_board,0,0,0,0,OVER_BUDGET,OVER_BUDGET
30B,heldout,249,parallel_human_dual_asset_to_plate_or_bowl,0,1,1,1,SOLVED,SOLVED
30B,heldout,251,parallel_human_dual_asset_to_plate_or_bowl,0,1,1,1,SOLVED,SOLVED
30B,heldout,253,parallel_human_dual_asset_to_plate_or_bowl,0,1,1,1,SOLVED,SOLVED
30B,heldout,254,set_plate_and_fork_on_table,0,0,0,0,GOAL_UNMET,GOAL_UNMET
30B,heldout,255,clear_table_with_two_robots_and_put_in_cabinet,1,0,0,0,infeasible_assignment,infeasible_assignment
30B,heldout,258,dog_push_box_for_two_panda_transport,1,0,0,0,infeasible_assignment,infeasible_assignment
30B,heldout,261,parallel_human_dual_asset_to_plate_or_bowl,0,1,1,1,SOLVED,SOLVED
30B,heldout,267,parallel_human_dual_asset_to_plate_or_bowl,0,1,1,1,SOLVED,SOLVED
30B,heldout,269,toast_bread_and_set_plate,0,0,0,0,OVER_BUDGET,OVER_BUDGET
30B,heldout,270,toast_bread_and_set_plate,0,0,0,0,OVER_BUDGET,OVER_BUDGET
30B,heldout,271,clear_table_with_two_robots_and_put_in_cabinet,1,0,0,0,infeasible_assignment,infeasible_assignment
30B,heldout,272,set_plate_and_fork_on_table,0,0,0,0,OVER_BUDGET,OVER_BUDGET
30B,heldout,275,cut_fruit_on_board,0,1,1,1,SOLVED,SOLVED
30B,heldout,277,cut_two_fruits_on_board,0,0,0,0,GOAL_UNMET,GOAL_UNMET
30B,heldout,278,toast_bread_and_set_plate,0,0,0,0,OVER_BUDGET,OVER_BUDGET
30B,heldout,279,parallel_human_dual_asset_to_plate_or_bowl,0,1,1,1,SOLVED,SOLVED
30B,heldout,280,cut_fruit_on_board,0,1,1,1,SOLVED,SOLVED
30B,heldout,283,cut_two_fruits_on_board,0,1,1,1,SOLVED,SOLVED
30B,heldout,284,dog_push_box_for_two_panda_transport,1,0,0,0,infeasible_assignment,infeasible_assignment
30B,heldout,287,set_plate_and_fork_on_table,0,0,0,0,GOAL_UNMET,GOAL_UNMET
30B,heldout,293,ensure_all_fruits_on_table,0,0,0,0,GOAL_UNMET,GOAL_UNMET
30B,heldout,295,toast_bread_and_set_plate,0,1,1,1,SOLVED,SOLVED
30B,heldout,296,cut_fruit_on_board,0,0,0,0,OVER_BUDGET,OVER_BUDGET
30B,heldout,297,parallel_human_dual_asset_to_plate_or_bowl,0,0,0,0,OVER_BUDGET,OVER_BUDGET
30B,heldout,298,parallel_human_dual_asset_to_plate_or_bowl,0,0,0,0,OVER_BUDGET,OVER_BUDGET
30B,heldout,299,clear_table_with_two_robots_and_put_in_cabinet,1,0,0,0,infeasible_assignment,infeasible_assignment
30B,heldout,302,ensure_all_fruits_on_table,0,0,0,0,GOAL_UNMET,GOAL_UNMET
30B,heldout,303,parallel_human_dual_asset_to_plate_or_bowl,0,1,1,1,SOLVED,SOLVED
30B,heldout,311,clear_table_with_two_robots_and_put_in_cabinet,1,0,0,0,infeasible_assignment,infeasible_assignment
30B,heldout,313,parallel_human_dual_asset_to_plate_or_bowl,0,1,1,1,SOLVED,SOLVED
30B,heldout,315,toast_bread_and_set_plate,0,0,0,0,OVER_BUDGET,OVER_BUDGET
30B,heldout,316,set_plate_and_fork_on_table,0,0,0,0,GOAL_UNMET,GOAL_UNMET
30B,heldout,317,ensure_all_fruits_on_table,0,1,1,1,SOLVED,SOLVED
30B,heldout,318,clear_table_with_two_robots_and_put_in_cabinet,1,0,0,0,infeasible_assignment,infeasible_assignment
30B,heldout,323,cut_fruit_on_board,0,0,0,0,OVER_BUDGET,OVER_BUDGET
30B,heldout,324,toast_bread_and_set_plate,0,0,0,0,OVER_BUDGET,OVER_BUDGET
30B,heldout,325,clear_table_with_two_robots_and_put_in_cabinet,1,0,0,0,infeasible_assignment,infeasible_assignment
30B,heldout,329,clear_table_with_two_robots_and_put_in_cabinet,1,0,0,0,infeasible_assignment,infeasible_assignment
30B,heldout,330,ensure_all_fruits_on_table,0,0,0,0,GOAL_UNMET,GOAL_UNMET
30B,heldout,334,set_plate_and_fork_on_table,0,0,0,0,GOAL_UNMET,GOAL_UNMET
30B,heldout,339,toast_bread_and_set_plate,0,0,0,0,OVER_BUDGET,OVER_BUDGET
30B,heldout,340,set_plate_and_fork_on_table,0,0,0,0,OVER_BUDGET,OVER_BUDGET
30B,heldout,344,cut_fruit_on_board,0,1,1,1,SOLVED,SOLVED
30B,heldout,345,clear_table_with_two_robots_and_put_in_cabinet,1,0,0,0,infeasible_assignment,infeasible_assignment
30B,heldout,346,cut_fruit_on_board,0,0,0,0,OVER_BUDGET,OVER_BUDGET
30B,heldout,347,cut_fruit_on_board,0,1,1,1,SOLVED,SOLVED
30B,heldout,348,cut_fruit_on_board,0,1,1,1,SOLVED,SOLVED
30B,heldout,349,toast_bread_and_set_plate,0,0,0,0,OVER_BUDGET,OVER_BUDGET
30B,heldout,352,cut_two_fruits_on_board,0,0,0,0,OVER_BUDGET,OVER_BUDGET
30B,heldout,353,cut_two_fruits_on_board,0,0,0,0,GOAL_UNMET,GOAL_UNMET
30B,heldout,358,cut_two_fruits_on_board,0,0,0,0,GOAL_UNMET,GOAL_UNMET
30B,heldout,359,toast_bread_and_set_plate,0,0,0,0,OVER_BUDGET,OVER_BUDGET
30B,heldout,360,toast_bread_and_set_plate,0,0,0,0,OVER_BUDGET,OVER_BUDGET
30B,heldout,361,dog_push_box_for_two_panda_transport,1,0,0,0,infeasible_assignment,infeasible_assignment
30B,heldout,362,ensure_all_fruits_on_table,0,0,0,0,GOAL_UNMET,GOAL_UNMET
30B,heldout,364,parallel_human_dual_asset_to_plate_or_bowl,0,1,1,1,SOLVED,SOLVED
30B,heldout,365,cut_fruit_on_board,0,1,1,1,SOLVED,SOLVED
30B,heldout,366,dog_push_box_for_two_panda_transport,1,0,0,0,infeasible_assignment,infeasible_assignment
30B,heldout,367,cut_two_fruits_on_board,0,1,1,1,SOLVED,SOLVED
30B,heldout,368,set_plate_and_fork_on_table,0,0,0,0,GOAL_UNMET,GOAL_UNMET
30B,heldout,372,set_plate_and_fork_on_table,0,0,0,0,GOAL_UNMET,GOAL_UNMET
30B,heldout,375,cut_fruit_on_board,0,1,1,1,SOLVED,SOLVED
30B,heldout,376,cut_fruit_on_board,0,1,1,1,SOLVED,SOLVED
30B,heldout,378,clear_table_with_two_robots_and_put_in_cabinet,1,0,0,0,infeasible_assignment,infeasible_assignment
30B,heldout,381,clear_table_with_two_robots_and_put_in_cabinet,1,0,0,0,infeasible_assignment,infeasible_assignment
30B,heldout,382,toast_bread_and_set_plate,0,0,0,0,OVER_BUDGET,OVER_BUDGET
30B,heldout,383,clear_table_with_two_robots_and_put_in_cabinet,1,0,0,0,infeasible_assignment,infeasible_assignment
30B,heldout,391,parallel_human_dual_asset_to_plate_or_bowl,0,1,1,1,SOLVED,SOLVED
30B,heldout,392,set_plate_and_fork_on_table,0,0,0,0,GOAL_UNMET,GOAL_UNMET
30B,heldout,393,cut_fruit_on_board,0,0,0,0,GOAL_UNMET,GOAL_UNMET
30B,heldout,394,clear_table_with_two_robots_and_put_in_cabinet,1,0,0,0,infeasible_assignment,infeasible_assignment
30B,heldout,395,parallel_human_dual_asset_to_plate_or_bowl,0,1,1,1,SOLVED,SOLVED
30B,heldout,397,clear_table_with_two_robots_and_put_in_cabinet,1,0,0,0,infeasible_assignment,infeasible_assignment
30B,heldout,398,toast_bread_and_set_plate,0,0,0,0,OVER_BUDGET,OVER_BUDGET
30B,heldout,401,cut_two_fruits_on_board,0,0,0,0,GOAL_UNMET,GOAL_UNMET
30B,heldout,402,toast_bread_and_set_plate,0,1,1,1,SOLVED,SOLVED
30B,heldout,404,toast_bread_and_set_plate,0,0,0,0,OVER_BUDGET,OVER_BUDGET
30B,heldout,406,parallel_human_dual_asset_to_plate_or_bowl,0,1,1,1,SOLVED,SOLVED
30B,heldout,407,cut_two_fruits_on_board,0,1,1,1,SOLVED,SOLVED
30B,heldout,409,toast_bread_and_set_plate,0,0,0,0,OVER_BUDGET,OVER_BUDGET
30B,heldout,410,clear_table_with_two_robots_and_put_in_cabinet,1,0,0,0,infeasible_assignment,infeasible_assignment
30B,heldout,412,clear_table_with_two_robots_and_put_in_cabinet,1,0,0,0,infeasible_assignment,infeasible_assignment
30B,heldout,416,clear_table_with_two_robots_and_put_in_cabinet,1,0,0,0,infeasible_assignment,infeasible_assignment
30B,heldout,421,cut_fruit_on_board,0,0,0,0,GOAL_UNMET,GOAL_UNMET
30B,heldout,422,clear_table_with_two_robots_and_put_in_cabinet,1,0,0,0,infeasible_assignment,infeasible_assignment
30B,heldout,423,clear_table_with_two_robots_and_put_in_cabinet,1,0,0,0,infeasible_assignment,infeasible_assignment
30B,heldout,424,cut_two_fruits_on_board,0,1,1,1,SOLVED,SOLVED
30B,heldout,426,cut_two_fruits_on_board,0,1,1,1,SOLVED,SOLVED
30B,heldout,428,cut_two_fruits_on_board,0,0,0,0,GOAL_UNMET,GOAL_UNMET
30B,heldout,430,cut_fruit_on_board,0,0,0,0,GOAL_UNMET,GOAL_UNMET
30B,heldout,434,ensure_all_fruits_on_table,0,1,1,1,SOLVED,SOLVED
30B,heldout,436,cut_two_fruits_on_board,0,0,0,0,OVER_BUDGET,OVER_BUDGET
30B,heldout,437,toast_bread_and_set_plate,0,0,0,0,OVER_BUDGET,OVER_BUDGET
30B,heldout,439,cut_two_fruits_on_board,0,0,0,0,GOAL_UNMET,GOAL_UNMET
30B,heldout,440,clear_table_with_two_robots_and_put_in_cabinet,1,0,0,0,infeasible_assignment,infeasible_assignment
30B,heldout,443,toast_bread_and_set_plate,0,0,0,0,OVER_BUDGET,OVER_BUDGET
30B,heldout,447,dog_push_box_for_two_panda_transport,1,0,0,0,infeasible_assignment,infeasible_assignment
30B,heldout,451,cut_fruit_on_board,0,1,1,1,SOLVED,SOLVED
30B,heldout,452,cut_fruit_on_board,0,1,1,1,SOLVED,SOLVED
30B,heldout,454,set_plate_and_fork_on_table,1,0,0,0,OVER_BUDGET,infeasible_assignment
30B,heldout,458,cut_fruit_on_board,0,1,1,1,SOLVED,SOLVED
30B,heldout,459,parallel_human_dual_asset_to_plate_or_bowl,0,1,1,1,SOLVED,SOLVED
30B,heldout,462,cut_two_fruits_on_board,0,1,1,1,SOLVED,SOLVED
30B,heldout,466,parallel_human_dual_asset_to_plate_or_bowl,0,1,1,1,SOLVED,SOLVED
30B,heldout,472,parallel_human_dual_asset_to_plate_or_bowl,0,1,1,1,SOLVED,SOLVED
30B,heldout,474,cut_fruit_on_board,0,1,1,1,SOLVED,SOLVED
30B,heldout,475,clear_table_with_two_robots_and_put_in_cabinet,1,0,0,0,infeasible_assignment,infeasible_assignment
30B,heldout,476,cut_two_fruits_on_board,0,0,0,0,GOAL_UNMET,GOAL_UNMET
30B,heldout,478,toast_bread_and_set_plate,0,0,0,0,OVER_BUDGET,OVER_BUDGET
30B,heldout,479,cut_fruit_on_board,0,0,0,0,GOAL_UNMET,GOAL_UNMET
30B,heldout,480,clear_table_with_two_robots_and_put_in_cabinet,1,0,0,0,infeasible_assignment,infeasible_assignment
30B,heldout,481,toast_bread_and_set_plate,0,0,0,0,OVER_BUDGET,OVER_BUDGET
30B,heldout,484,cut_fruit_on_board,0,1,1,1,SOLVED,SOLVED
30B,heldout,485,dog_push_box_for_two_panda_transport,1,0,0,0,infeasible_assignment,infeasible_assignment
30B,heldout,486,clear_table_with_two_robots_and_put_in_cabinet,1,0,0,0,infeasible_assignment,infeasible_assignment
30B,heldout,487,dog_push_box_for_two_panda_transport,1,0,0,0,infeasible_assignment,infeasible_assignment
30B,heldout,489,toast_bread_and_set_plate,0,0,0,0,OVER_BUDGET,OVER_BUDGET
30B,heldout,494,clear_table_with_two_robots_and_put_in_cabinet,1,0,0,0,infeasible_assignment,infeasible_assignment
30B,heldout,496,parallel_human_dual_asset_to_plate_or_bowl,0,1,1,1,SOLVED,SOLVED
30B,heldout,497,cut_fruit_on_board,0,0,0,0,GOAL_UNMET,GOAL_UNMET
30B,heldout,498,cut_fruit_on_board,0,0,0,0,OVER_BUDGET,OVER_BUDGET
30B,heldout,501,cut_fruit_on_board,0,1,1,1,SOLVED,SOLVED
30B,heldout,502,clear_table_with_two_robots_and_put_in_cabinet,1,0,0,0,infeasible_assignment,infeasible_assignment
30B,heldout,503,parallel_human_dual_asset_to_plate_or_bowl,0,1,1,1,SOLVED,SOLVED
30B,heldout,504,toast_bread_and_set_plate,0,0,0,0,OVER_BUDGET,OVER_BUDGET
30B,heldout,507,cut_two_fruits_on_board,0,0,0,0,GOAL_UNMET,GOAL_UNMET
30B,heldout,510,parallel_human_dual_asset_to_plate_or_bowl,0,1,1,1,SOLVED,SOLVED
30B,heldout,512,clear_table_with_two_robots_and_put_in_cabinet,1,0,0,0,infeasible_assignment,infeasible_assignment
30B,heldout,513,parallel_human_dual_asset_to_plate_or_bowl,0,1,1,1,SOLVED,SOLVED
30B,heldout,515,clear_table_with_two_robots_and_put_in_cabinet,1,0,0,0,infeasible_assignment,infeasible_assignment
30B,heldout,516,cut_fruit_on_board,0,1,1,1,SOLVED,SOLVED
30B,heldout,517,toast_bread_and_set_plate,0,0,0,0,OVER_BUDGET,OVER_BUDGET
30B,heldout,519,cut_fruit_on_board,0,1,1,1,SOLVED,SOLVED
30B,heldout,520,set_plate_and_fork_on_table,0,0,0,0,GOAL_UNMET,GOAL_UNMET
30B,heldout,525,clear_table_with_two_robots_and_put_in_cabinet,1,0,0,0,infeasible_assignment,infeasible_assignment
30B,heldout,531,cut_two_fruits_on_board,0,1,1,1,SOLVED,SOLVED
30B,heldout,532,ensure_all_fruits_on_table,0,1,1,1,SOLVED,SOLVED
30B,heldout,536,set_plate_and_fork_on_table,0,0,0,0,GOAL_UNMET,GOAL_UNMET
30B,heldout,537,ensure_all_fruits_on_table,0,1,1,1,SOLVED,SOLVED
30B,heldout,539,ensure_all_fruits_on_table,0,1,1,1,SOLVED,SOLVED
30B,heldout,541,cut_fruit_on_board,0,1,1,1,SOLVED,SOLVED
30B,heldout,544,clear_table_with_two_robots_and_put_in_cabinet,1,0,0,0,infeasible_assignment,infeasible_assignment
30B,heldout,545,clear_table_with_two_robots_and_put_in_cabinet,1,0,0,0,infeasible_assignment,infeasible_assignment
30B,heldout,546,ensure_all_fruits_on_table,0,0,0,0,UNPARSEABLE,NO_USABLE_WORK
30B,heldout,548,parallel_human_dual_asset_to_plate_or_bowl,0,1,1,1,SOLVED,SOLVED
30B,heldout,549,cut_two_fruits_on_board,0,0,0,0,GOAL_UNMET,GOAL_UNMET
30B,heldout,551,set_plate_and_fork_on_table,0,0,0,0,GOAL_UNMET,GOAL_UNMET
30B,heldout,552,cut_two_fruits_on_board,0,1,1,1,SOLVED,SOLVED
30B,heldout,555,parallel_human_dual_asset_to_plate_or_bowl,0,1,1,1,SOLVED,SOLVED
30B,heldout,559,ensure_all_fruits_on_table,0,1,1,1,SOLVED,SOLVED
30B,heldout,561,set_plate_and_fork_on_table,0,1,1,1,SOLVED,SOLVED
30B,heldout,562,ensure_all_fruits_on_table,0,0,0,0,GOAL_UNMET,GOAL_UNMET
30B,heldout,563,cut_fruit_on_board,0,1,1,1,SOLVED,SOLVED
30B,heldout,564,set_plate_and_fork_on_table,0,0,0,0,GOAL_UNMET,GOAL_UNMET
30B,heldout,566,set_plate_and_fork_on_table,0,1,1,1,SOLVED,SOLVED
30B,heldout,569,cut_two_fruits_on_board,0,0,0,0,OVER_BUDGET,OVER_BUDGET
30B,heldout,570,clear_table_with_two_robots_and_put_in_cabinet,1,0,0,0,infeasible_assignment,infeasible_assignment
30B,heldout,571,cut_fruit_on_board,0,1,1,1,SOLVED,SOLVED
30B,heldout,572,toast_bread_and_set_plate,0,0,0,0,OVER_BUDGET,OVER_BUDGET
30B,heldout,573,toast_bread_and_set_plate,0,0,0,0,OVER_BUDGET,OVER_BUDGET
30B,heldout,576,parallel_human_dual_asset_to_plate_or_bowl,0,1,1,1,SOLVED,SOLVED
30B,heldout,578,ensure_all_fruits_on_table,0,0,0,0,GOAL_UNMET,GOAL_UNMET
30B,heldout,579,toast_bread_and_set_plate,0,0,0,0,OVER_BUDGET,OVER_BUDGET
30B,heldout,581,clear_table_with_two_robots_and_put_in_cabinet,1,0,0,0,infeasible_assignment,infeasible_assignment
30B,heldout,582,ensure_all_fruits_on_table,0,0,0,0,GOAL_UNMET,GOAL_UNMET
30B,heldout,584,set_plate_and_fork_on_table,0,0,0,0,GOAL_UNMET,GOAL_UNMET
30B,heldout,586,ensure_all_fruits_on_table,0,1,1,1,SOLVED,SOLVED
30B,heldout,587,cut_fruit_on_board,0,1,1,1,SOLVED,SOLVED
30B,heldout,592,parallel_human_dual_asset_to_plate_or_bowl,0,1,1,1,SOLVED,SOLVED
30B,heldout,594,clear_table_with_two_robots_and_put_in_cabinet,1,0,0,0,infeasible_assignment,infeasible_assignment
30B,heldout,596,toast_bread_and_set_plate,0,0,0,0,OVER_BUDGET,OVER_BUDGET
30B,heldout,598,clear_table_with_two_robots_and_put_in_cabinet,1,0,0,0,infeasible_assignment,infeasible_assignment
30B,heldout,600,cut_two_fruits_on_board,0,1,1,1,SOLVED,SOLVED
30B,heldout,601,set_plate_and_fork_on_table,0,0,0,0,GOAL_UNMET,GOAL_UNMET
30B,heldout,602,clear_table_with_two_robots_and_put_in_cabinet,1,0,0,0,infeasible_assignment,infeasible_assignment
30B,heldout,605,toast_bread_and_set_plate,0,0,0,0,OVER_BUDGET,OVER_BUDGET
30B,heldout,607,toast_bread_and_set_plate,0,0,0,0,OVER_BUDGET,OVER_BUDGET
30B,heldout,608,clear_table_with_two_robots_and_put_in_cabinet,1,0,0,0,infeasible_assignment,infeasible_assignment
30B,heldout,612,clear_table_with_two_robots_and_put_in_cabinet,1,0,0,0,infeasible_assignment,infeasible_assignment
30B,heldout,613,toast_bread_and_set_plate,0,0,0,0,OVER_BUDGET,OVER_BUDGET
30B,heldout,617,cut_fruit_on_board,0,0,0,0,GOAL_UNMET,GOAL_UNMET
30B,heldout,620,toast_bread_and_set_plate,0,0,0,0,OVER_BUDGET,OVER_BUDGET
30B,heldout,621,cut_fruit_on_board,0,1,1,1,SOLVED,SOLVED
30B,heldout,622,parallel_human_dual_asset_to_plate_or_bowl,0,1,1,1,SOLVED,SOLVED
30B,heldout,623,cut_fruit_on_board,0,1,1,1,SOLVED,SOLVED
30B,heldout,628,toast_bread_and_set_plate,0,0,0,0,OVER_BUDGET,OVER_BUDGET
30B,heldout,630,cut_fruit_on_board,0,1,1,1,SOLVED,SOLVED
30B,heldout,631,ensure_all_fruits_on_table,0,1,1,1,SOLVED,SOLVED
30B,heldout,632,ensure_all_fruits_on_table,0,1,1,1,SOLVED,SOLVED
30B,heldout,634,set_plate_and_fork_on_table,0,0,0,0,GOAL_UNMET,GOAL_UNMET
30B,heldout,635,parallel_human_dual_asset_to_plate_or_bowl,0,1,1,1,SOLVED,SOLVED
30B,heldout,636,cut_fruit_on_board,0,1,1,1,SOLVED,SOLVED
30B,heldout,639,parallel_human_dual_asset_to_plate_or_bowl,0,1,1,1,SOLVED,SOLVED
30B,heldout,640,clear_table_with_two_robots_and_put_in_cabinet,1,0,0,0,infeasible_assignment,infeasible_assignment
30B,heldout,641,clear_table_with_two_robots_and_put_in_cabinet,1,0,0,0,infeasible_assignment,infeasible_assignment
30B,heldout,642,cut_fruit_on_board,0,1,1,1,SOLVED,SOLVED
30B,heldout,645,cut_two_fruits_on_board,0,0,0,0,GOAL_UNMET,GOAL_UNMET
30B,heldout,647,dog_push_box_for_two_panda_transport,1,0,0,0,infeasible_assignment,infeasible_assignment
30B,heldout,649,clear_table_with_two_robots_and_put_in_cabinet,1,0,0,0,infeasible_assignment,infeasible_assignment
30B,heldout,650,clear_table_with_two_robots_and_put_in_cabinet,1,0,0,0,infeasible_assignment,infeasible_assignment
30B,heldout,651,clear_table_with_two_robots_and_put_in_cabinet,1,0,0,0,infeasible_assignment,infeasible_assignment
30B,heldout,652,dog_push_box_for_two_panda_transport,1,0,0,0,infeasible_assignment,infeasible_assignment
30B,heldout,654,cut_two_fruits_on_board,0,0,0,0,GOAL_UNMET,GOAL_UNMET
30B,heldout,655,cut_two_fruits_on_board,0,0,0,0,GOAL_UNMET,GOAL_UNMET
30B,heldout,656,cut_two_fruits_on_board,0,0,0,0,GOAL_UNMET,GOAL_UNMET
30B,heldout,657,clear_table_with_two_robots_and_put_in_cabinet,1,0,0,0,infeasible_assignment,infeasible_assignment
30B,heldout,661,clear_table_with_two_robots_and_put_in_cabinet,1,0,0,0,infeasible_assignment,infeasible_assignment
30B,heldout,663,cut_fruit_on_board,0,0,0,0,OVER_BUDGET,OVER_BUDGET
30B,heldout,664,cut_fruit_on_board,0,1,1,1,SOLVED,SOLVED
30B,heldout,668,cut_fruit_on_board,0,1,1,1,SOLVED,SOLVED
30B,heldout,671,cut_two_fruits_on_board,0,0,0,0,GOAL_UNMET,GOAL_UNMET
30B,heldout,672,clear_table_with_two_robots_and_put_in_cabinet,1,0,0,0,infeasible_assignment,infeasible_assignment
30B,heldout,674,set_plate_and_fork_on_table,0,0,0,0,GOAL_UNMET,GOAL_UNMET
30B,heldout,675,cut_fruit_on_board,0,1,1,1,SOLVED,SOLVED
30B,heldout,676,cut_fruit_on_board,0,1,1,1,SOLVED,SOLVED
30B,heldout,677,cut_two_fruits_on_board,0,1,1,1,SOLVED,SOLVED
30B,heldout,678,toast_bread_and_set_plate,0,0,0,0,OVER_BUDGET,OVER_BUDGET
30B,heldout,683,toast_bread_and_set_plate,0,0,0,0,OVER_BUDGET,OVER_BUDGET
30B,heldout,687,clear_table_with_two_robots_and_put_in_cabinet,1,0,0,0,infeasible_assignment,infeasible_assignment
30B,heldout,688,toast_bread_and_set_plate,0,0,0,0,OVER_BUDGET,OVER_BUDGET
30B,heldout,689,parallel_human_dual_asset_to_plate_or_bowl,0,1,1,1,SOLVED,SOLVED
30B,heldout,690,cut_fruit_on_board,0,1,1,1,SOLVED,SOLVED
30B,heldout,691,clear_table_with_two_robots_and_put_in_cabinet,1,0,0,0,infeasible_assignment,infeasible_assignment
30B,heldout,692,dog_push_box_for_two_panda_transport,1,0,0,0,infeasible_assignment,infeasible_assignment
30B,heldout,694,clear_table_with_two_robots_and_put_in_cabinet,1,0,0,0,infeasible_assignment,infeasible_assignment
30B,heldout,697,cut_fruit_on_board,0,1,1,1,SOLVED,SOLVED
30B,heldout,698,cut_fruit_on_board,0,0,0,0,OVER_BUDGET,OVER_BUDGET
30B,heldout,699,ensure_all_fruits_on_table,0,0,0,0,GOAL_UNMET,GOAL_UNMET
30B,heldout,703,cut_fruit_on_board,0,0,0,0,OVER_BUDGET,OVER_BUDGET
30B,heldout,707,clear_table_with_two_robots_and_put_in_cabinet,1,0,0,0,infeasible_assignment,infeasible_assignment
30B,heldout,708,clear_table_with_two_robots_and_put_in_cabinet,1,0,0,0,infeasible_assignment,infeasible_assignment
30B,heldout,711,clear_table_with_two_robots_and_put_in_cabinet,1,0,0,0,infeasible_assignment,infeasible_assignment
30B,heldout,712,parallel_human_dual_asset_to_plate_or_bowl,0,1,1,1,SOLVED,SOLVED
30B,heldout,713,ensure_all_fruits_on_table,0,1,1,1,SOLVED,SOLVED
30B,heldout,714,ensure_all_fruits_on_table,0,1,1,1,SOLVED,SOLVED
30B,heldout,715,set_plate_and_fork_on_table,0,0,0,0,GOAL_UNMET,GOAL_UNMET
30B,heldout,716,cut_fruit_on_board,0,1,1,1,SOLVED,SOLVED
30B,heldout,718,cut_fruit_on_board,0,1,1,1,SOLVED,SOLVED
30B,heldout,725,cut_fruit_on_board,0,1,1,1,SOLVED,SOLVED
30B,heldout,726,clear_table_with_two_robots_and_put_in_cabinet,1,0,0,0,infeasible_assignment,infeasible_assignment
30B,heldout,731,ensure_all_fruits_on_table,0,1,1,1,SOLVED,SOLVED
30B,heldout,733,set_plate_and_fork_on_table,0,0,0,0,GOAL_UNMET,GOAL_UNMET
30B,heldout,735,clear_table_with_two_robots_and_put_in_cabinet,1,0,0,0,infeasible_assignment,infeasible_assignment
30B,heldout,736,cut_two_fruits_on_board,0,1,1,1,SOLVED,SOLVED
30B,heldout,737,clear_table_with_two_robots_and_put_in_cabinet,1,0,0,0,infeasible_assignment,infeasible_assignment
30B,heldout,739,clear_table_with_two_robots_and_put_in_cabinet,1,0,0,0,infeasible_assignment,infeasible_assignment
30B,heldout,740,dog_push_box_for_two_panda_transport,1,0,0,0,infeasible_assignment,infeasible_assignment
30B,heldout,742,ensure_all_fruits_on_table,0,1,1,1,SOLVED,SOLVED
30B,heldout,744,clear_table_with_two_robots_and_put_in_cabinet,1,0,0,0,infeasible_assignment,infeasible_assignment
30B,heldout,745,set_plate_and_fork_on_table,0,0,0,0,GOAL_UNMET,GOAL_UNMET
30B,heldout,746,toast_bread_and_set_plate,0,0,0,0,OVER_BUDGET,OVER_BUDGET
30B,heldout,747,toast_bread_and_set_plate,0,1,1,1,SOLVED,SOLVED
30B,heldout,749,cut_fruit_on_board,0,1,1,1,SOLVED,SOLVED
30B,heldout,750,cut_fruit_on_board,0,1,1,1,SOLVED,SOLVED
30B,heldout,751,parallel_human_dual_asset_to_plate_or_bowl,0,1,1,1,SOLVED,SOLVED
30B,heldout,753,clear_table_with_two_robots_and_put_in_cabinet,1,0,0,0,infeasible_assignment,infeasible_assignment
30B,heldout,757,ensure_all_fruits_on_table,0,1,1,1,SOLVED,SOLVED
30B,heldout,760,ensure_all_fruits_on_table,0,0,0,0,GOAL_UNMET,GOAL_UNMET
30B,heldout,761,clear_table_with_two_robots_and_put_in_cabinet,1,0,0,0,infeasible_assignment,infeasible_assignment
30B,heldout,763,cut_two_fruits_on_board,0,1,1,1,SOLVED,SOLVED
30B,heldout,769,parallel_human_dual_asset_to_plate_or_bowl,0,1,1,1,SOLVED,SOLVED
30B,heldout,770,parallel_human_dual_asset_to_plate_or_bowl,0,1,1,1,SOLVED,SOLVED
30B,heldout,772,cut_fruit_on_board,0,1,1,1,SOLVED,SOLVED
30B,heldout,775,parallel_human_dual_asset_to_plate_or_bowl,0,1,1,1,SOLVED,SOLVED
30B,heldout,776,ensure_all_fruits_on_table,0,0,0,0,GOAL_UNMET,GOAL_UNMET
30B,heldout,777,clear_table_with_two_robots_and_put_in_cabinet,1,0,0,0,infeasible_assignment,infeasible_assignment
30B,heldout,780,cut_fruit_on_board,0,0,0,0,GOAL_UNMET,GOAL_UNMET
30B,heldout,781,clear_table_with_two_robots_and_put_in_cabinet,1,0,0,0,infeasible_assignment,infeasible_assignment
30B,heldout,783,set_plate_and_fork_on_table,0,0,0,0,GOAL_UNMET,GOAL_UNMET
30B,heldout,786,parallel_human_dual_asset_to_plate_or_bowl,0,1,1,1,SOLVED,SOLVED
30B,heldout,787,cut_fruit_on_board,0,0,0,0,OVER_BUDGET,OVER_BUDGET
30B,heldout,789,cut_fruit_on_board,0,1,1,1,SOLVED,SOLVED
30B,heldout,790,ensure_all_fruits_on_table,0,1,1,1,SOLVED,SOLVED
30B,heldout,791,clear_table_with_two_robots_and_put_in_cabinet,1,0,0,0,infeasible_assignment,infeasible_assignment
30B,heldout,796,cut_fruit_on_board,0,1,1,1,SOLVED,SOLVED
30B,heldout,797,cut_fruit_on_board,0,1,1,1,SOLVED,SOLVED
30B,heldout,799,cut_fruit_on_board,0,1,1,1,SOLVED,SOLVED
30B,heldout,801,cut_two_fruits_on_board,0,1,1,1,SOLVED,SOLVED
30B,heldout,803,clear_table_with_two_robots_and_put_in_cabinet,1,0,0,0,infeasible_assignment,infeasible_assignment
30B,heldout,804,cut_fruit_on_board,0,0,0,0,GOAL_UNMET,GOAL_UNMET
30B,heldout,806,cut_two_fruits_on_board,0,1,1,1,SOLVED,SOLVED
30B,heldout,807,parallel_human_dual_asset_to_plate_or_bowl,0,1,1,1,SOLVED,SOLVED
30B,heldout,809,clear_table_with_two_robots_and_put_in_cabinet,1,0,0,0,infeasible_assignment,infeasible_assignment
30B,heldout,813,cut_fruit_on_board,0,1,1,1,SOLVED,SOLVED
30B,heldout,814,cut_fruit_on_board,0,1,1,1,SOLVED,SOLVED
30B,heldout,815,set_plate_and_fork_on_table,0,0,0,0,GOAL_UNMET,GOAL_UNMET
30B,heldout,816,clear_table_with_two_robots_and_put_in_cabinet,1,0,0,0,infeasible_assignment,infeasible_assignment
30B,heldout,819,set_plate_and_fork_on_table,0,0,0,0,GOAL_UNMET,GOAL_UNMET
30B,heldout,820,toast_bread_and_set_plate,0,0,0,0,OVER_BUDGET,OVER_BUDGET
30B,heldout,825,ensure_all_fruits_on_table,0,1,1,1,SOLVED,SOLVED
30B,heldout,826,cut_fruit_on_board,0,1,1,1,SOLVED,SOLVED
30B,heldout,827,toast_bread_and_set_plate,0,0,0,0,OVER_BUDGET,OVER_BUDGET
30B,heldout,828,ensure_all_fruits_on_table,0,0,0,0,UNPARSEABLE,NO_USABLE_WORK
30B,heldout,830,parallel_human_dual_asset_to_plate_or_bowl,0,1,1,1,SOLVED,SOLVED
30B,heldout,831,parallel_human_dual_asset_to_plate_or_bowl,0,1,1,1,SOLVED,SOLVED
30B,heldout,837,cut_fruit_on_board,0,1,1,1,SOLVED,SOLVED
30B,heldout,838,clear_table_with_two_robots_and_put_in_cabinet,1,0,0,0,infeasible_assignment,infeasible_assignment
30B,heldout,840,cut_fruit_on_board,0,1,1,1,SOLVED,SOLVED
30B,heldout,841,set_plate_and_fork_on_table,0,0,0,0,GOAL_UNMET,GOAL_UNMET
30B,heldout,842,toast_bread_and_set_plate,0,0,0,0,OVER_BUDGET,OVER_BUDGET
30B,heldout,844,cut_fruit_on_board,0,1,1,1,SOLVED,SOLVED
30B,heldout,848,parallel_human_dual_asset_to_plate_or_bowl,0,1,1,1,SOLVED,SOLVED
30B,heldout,849,clear_table_with_two_robots_and_put_in_cabinet,1,0,0,0,infeasible_assignment,infeasible_assignment
30B,heldout,850,cut_fruit_on_board,0,1,1,1,SOLVED,SOLVED
30B,heldout,853,toast_bread_and_set_plate,0,0,0,0,OVER_BUDGET,OVER_BUDGET
30B,heldout,856,toast_bread_and_set_plate,0,0,0,0,OVER_BUDGET,OVER_BUDGET
30B,heldout,857,clear_table_with_two_robots_and_put_in_cabinet,1,0,0,0,infeasible_assignment,infeasible_assignment
30B,heldout,862,parallel_human_dual_asset_to_plate_or_bowl,0,1,1,1,SOLVED,SOLVED
30B,heldout,863,cut_fruit_on_board,0,0,0,0,GOAL_UNMET,GOAL_UNMET
30B,heldout,864,ensure_all_fruits_on_table,0,0,0,0,GOAL_UNMET,GOAL_UNMET
30B,heldout,865,parallel_human_dual_asset_to_plate_or_bowl,0,1,1,1,SOLVED,SOLVED
30B,heldout,867,set_plate_and_fork_on_table,0,0,0,0,GOAL_UNMET,GOAL_UNMET
30B,heldout,869,clear_table_with_two_robots_and_put_in_cabinet,1,0,0,0,infeasible_assignment,infeasible_assignment
30B,heldout,870,cut_two_fruits_on_board,0,0,0,0,GOAL_UNMET,GOAL_UNMET
30B,heldout,874,cut_fruit_on_board,0,1,1,1,SOLVED,SOLVED
30B,heldout,875,parallel_human_dual_asset_to_plate_or_bowl,0,1,1,1,SOLVED,SOLVED
30B,heldout,876,cut_two_fruits_on_board,0,1,1,1,SOLVED,SOLVED
30B,heldout,879,cut_fruit_on_board,0,0,0,0,GOAL_UNMET,GOAL_UNMET
30B,heldout,881,cut_fruit_on_board,0,1,1,1,SOLVED,SOLVED
30B,heldout,883,cut_fruit_on_board,0,1,1,1,SOLVED,SOLVED
30B,heldout,884,ensure_all_fruits_on_table,0,1,1,1,SOLVED,SOLVED
30B,heldout,886,clear_table_with_two_robots_and_put_in_cabinet,1,0,0,0,infeasible_assignment,infeasible_assignment
30B,heldout,888,set_plate_and_fork_on_table,0,0,0,0,GOAL_UNMET,GOAL_UNMET
30B,heldout,890,cut_fruit_on_board,0,1,1,1,SOLVED,SOLVED
30B,heldout,891,clear_table_with_two_robots_and_put_in_cabinet,1,0,0,0,infeasible_assignment,infeasible_assignment
30B,heldout,895,set_plate_and_fork_on_table,0,0,0,0,GOAL_UNMET,GOAL_UNMET
30B,heldout,897,set_plate_and_fork_on_table,0,0,0,0,GOAL_UNMET,GOAL_UNMET
30B,heldout,901,cut_fruit_on_board,0,1,1,1,SOLVED,SOLVED
30B,heldout,903,clear_table_with_two_robots_and_put_in_cabinet,1,0,0,0,infeasible_assignment,infeasible_assignment
30B,heldout,904,clear_table_with_two_robots_and_put_in_cabinet,1,0,0,0,infeasible_assignment,infeasible_assignment
30B,heldout,905,clear_table_with_two_robots_and_put_in_cabinet,1,0,0,0,infeasible_assignment,infeasible_assignment
30B,heldout,908,toast_bread_and_set_plate,0,0,0,0,OVER_BUDGET,OVER_BUDGET
30B,heldout,910,clear_table_with_two_robots_and_put_in_cabinet,1,0,0,0,infeasible_assignment,infeasible_assignment
30B,heldout,912,clear_table_with_two_robots_and_put_in_cabinet,1,0,0,0,infeasible_assignment,infeasible_assignment
30B,heldout,913,parallel_human_dual_asset_to_plate_or_bowl,0,1,1,1,SOLVED,SOLVED
30B,heldout,915,parallel_human_dual_asset_to_plate_or_bowl,0,1,1,1,SOLVED,SOLVED
30B,heldout,918,cut_fruit_on_board,0,0,0,0,OVER_BUDGET,OVER_BUDGET
30B,heldout,923,set_plate_and_fork_on_table,0,0,0,0,GOAL_UNMET,GOAL_UNMET
30B,heldout,927,parallel_human_dual_asset_to_plate_or_bowl,0,1,1,1,SOLVED,SOLVED
30B,heldout,932,dog_push_box_for_two_panda_transport,1,0,0,0,infeasible_assignment,infeasible_assignment
30B,heldout,941,toast_bread_and_set_plate,0,0,0,0,OVER_BUDGET,OVER_BUDGET
30B,heldout,942,set_plate_and_fork_on_table,0,0,0,0,GOAL_UNMET,GOAL_UNMET
30B,heldout,943,clear_table_with_two_robots_and_put_in_cabinet,1,0,0,0,infeasible_assignment,infeasible_assignment
30B,heldout,947,cut_two_fruits_on_board,0,1,1,1,SOLVED,SOLVED
30B,heldout,949,cut_fruit_on_board,0,0,0,0,OVER_BUDGET,OVER_BUDGET
30B,heldout,950,parallel_human_dual_asset_to_plate_or_bowl,0,1,1,1,SOLVED,SOLVED
30B,heldout,952,cut_two_fruits_on_board,0,1,1,1,SOLVED,SOLVED
30B,heldout,956,clear_table_with_two_robots_and_put_in_cabinet,1,0,0,0,infeasible_assignment,infeasible_assignment
30B,heldout,957,cut_fruit_on_board,0,0,0,0,OVER_BUDGET,OVER_BUDGET
30B,heldout,959,parallel_human_dual_asset_to_plate_or_bowl,0,1,1,1,SOLVED,SOLVED
30B,heldout,960,cut_two_fruits_on_board,0,0,0,0,GOAL_UNMET,GOAL_UNMET
30B,heldout,962,toast_bread_and_set_plate,0,0,0,0,OVER_BUDGET,OVER_BUDGET
30B,heldout,963,clear_table_with_two_robots_and_put_in_cabinet,1,0,0,0,infeasible_assignment,infeasible_assignment
30B,heldout,964,cut_two_fruits_on_board,0,1,1,1,SOLVED,SOLVED
30B,heldout,965,ensure_all_fruits_on_table,0,1,1,1,SOLVED,SOLVED
30B,heldout,966,set_plate_and_fork_on_table,0,0,0,0,GOAL_UNMET,GOAL_UNMET
30B,heldout,967,cut_two_fruits_on_board,0,1,1,1,SOLVED,SOLVED
30B,heldout,968,cut_fruit_on_board,0,0,0,0,GOAL_UNMET,GOAL_UNMET
30B,heldout,970,clear_table_with_two_robots_and_put_in_cabinet,1,0,0,0,infeasible_assignment,infeasible_assignment
30B,heldout,971,cut_fruit_on_board,0,1,1,1,SOLVED,SOLVED
30B,heldout,972,set_plate_and_fork_on_table,0,0,0,0,GOAL_UNMET,GOAL_UNMET
30B,heldout,973,cut_fruit_on_board,0,0,0,0,GOAL_UNMET,GOAL_UNMET
30B,heldout,974,parallel_human_dual_asset_to_plate_or_bowl,0,1,1,1,SOLVED,SOLVED
30B,heldout,975,clear_table_with_two_robots_and_put_in_cabinet,1,0,0,0,infeasible_assignment,infeasible_assignment
30B,heldout,976,cut_two_fruits_on_board,0,0,0,0,GOAL_UNMET,GOAL_UNMET
30B,heldout,977,cut_fruit_on_board,0,1,1,1,SOLVED,SOLVED
30B,heldout,979,cut_fruit_on_board,0,1,1,1,SOLVED,SOLVED
30B,heldout,980,cut_fruit_on_board,0,1,1,1,SOLVED,SOLVED
30B,heldout,981,clear_table_with_two_robots_and_put_in_cabinet,1,0,0,0,infeasible_assignment,infeasible_assignment
30B,heldout,982,ensure_all_fruits_on_table,0,1,1,1,SOLVED,SOLVED
30B,heldout,984,clear_table_with_two_robots_and_put_in_cabinet,1,0,0,0,infeasible_assignment,infeasible_assignment
30B,heldout,985,ensure_all_fruits_on_table,0,0,0,0,GOAL_UNMET,GOAL_UNMET
30B,heldout,987,set_plate_and_fork_on_table,0,0,0,0,GOAL_UNMET,GOAL_UNMET
30B,heldout,991,dog_push_box_for_two_panda_transport,1,0,0,0,infeasible_assignment,infeasible_assignment
30B,heldout,993,dog_push_box_for_two_panda_transport,1,0,0,0,infeasible_assignment,infeasible_assignment
30B,heldout,995,parallel_human_dual_asset_to_plate_or_bowl,0,1,1,1,SOLVED,SOLVED
30B,heldout,996,ensure_all_fruits_on_table,0,1,1,1,SOLVED,SOLVED
30B,heldout,997,clear_table_with_two_robots_and_put_in_cabinet,1,0,0,0,infeasible_assignment,infeasible_assignment
30B,heldout,999,cut_two_fruits_on_board,0,1,1,1,SOLVED,SOLVED
30B,heldout,1000,clear_table_with_two_robots_and_put_in_cabinet,1,0,0,0,infeasible_assignment,infeasible_assignment
30B,heldout,1002,ensure_all_fruits_on_table,0,0,0,0,GOAL_UNMET,GOAL_UNMET
30B,heldout,1005,toast_bread_and_set_plate,0,0,0,0,OVER_BUDGET,OVER_BUDGET
30B,heldout,1010,ensure_all_fruits_on_table,0,1,1,1,SOLVED,SOLVED
30B,heldout,1013,toast_bread_and_set_plate,0,0,0,0,OVER_BUDGET,OVER_BUDGET
30B,heldout,1014,clear_table_with_two_robots_and_put_in_cabinet,1,0,0,0,infeasible_assignment,infeasible_assignment
30B,heldout,1019,toast_bread_and_set_plate,0,0,0,0,OVER_BUDGET,OVER_BUDGET
30B,heldout,1020,clear_table_with_two_robots_and_put_in_cabinet,1,0,0,0,infeasible_assignment,infeasible_assignment
30B,heldout,1021,set_plate_and_fork_on_table,0,0,0,0,GOAL_UNMET,GOAL_UNMET
30B,heldout,1026,clear_table_with_two_robots_and_put_in_cabinet,1,0,0,0,infeasible_assignment,infeasible_assignment
30B,heldout,1027,cut_two_fruits_on_board,0,0,0,0,OVER_BUDGET,OVER_BUDGET
30B,heldout,1029,cut_two_fruits_on_board,0,1,1,1,SOLVED,SOLVED
30B,heldout,1030,set_plate_and_fork_on_table,0,0,0,0,GOAL_UNMET,GOAL_UNMET
30B,heldout,1032,ensure_all_fruits_on_table,0,1,1,1,SOLVED,SOLVED
30B,heldout,1034,toast_bread_and_set_plate,0,0,0,0,OVER_BUDGET,OVER_BUDGET
30B,heldout,1037,set_plate_and_fork_on_table,0,0,0,0,GOAL_UNMET,GOAL_UNMET
30B,heldout,1039,cut_fruit_on_board,0,1,1,1,SOLVED,SOLVED
30B,heldout,1040,toast_bread_and_set_plate,0,0,0,0,OVER_BUDGET,OVER_BUDGET
30B,heldout,1042,cut_two_fruits_on_board,0,0,0,0,GOAL_UNMET,GOAL_UNMET
30B,heldout,1043,cut_fruit_on_board,0,1,1,1,SOLVED,SOLVED
30B,heldout,1044,set_plate_and_fork_on_table,0,0,0,0,GOAL_UNMET,GOAL_UNMET
30B,heldout,1045,cut_two_fruits_on_board,0,1,1,1,SOLVED,SOLVED
30B,heldout,1048,toast_bread_and_set_plate,0,0,0,0,OVER_BUDGET,OVER_BUDGET
30B,heldout,1050,clear_table_with_two_robots_and_put_in_cabinet,1,0,0,0,infeasible_assignment,infeasible_assignment
30B,heldout,1051,cut_fruit_on_board,0,1,1,1,SOLVED,SOLVED
30B,heldout,1053,clear_table_with_two_robots_and_put_in_cabinet,1,0,0,0,infeasible_assignment,infeasible_assignment
30B,heldout,1054,clear_table_with_two_robots_and_put_in_cabinet,1,0,0,0,infeasible_assignment,infeasible_assignment
30B,heldout,1058,cut_fruit_on_board,0,1,1,1,SOLVED,SOLVED
30B,heldout,1060,ensure_all_fruits_on_table,0,1,1,1,SOLVED,SOLVED
30B,heldout,1061,parallel_human_dual_asset_to_plate_or_bowl,0,1,1,1,SOLVED,SOLVED
30B,heldout,1063,cut_fruit_on_board,0,1,1,1,SOLVED,SOLVED
30B,heldout,1064,dog_push_box_for_two_panda_transport,1,0,0,0,infeasible_assignment,infeasible_assignment
30B,heldout,1066,toast_bread_and_set_plate,0,0,0,0,OVER_BUDGET,OVER_BUDGET
30B,heldout,1067,clear_table_with_two_robots_and_put_in_cabinet,1,0,0,0,infeasible_assignment,infeasible_assignment
30B,heldout,1068,parallel_human_dual_asset_to_plate_or_bowl,0,1,1,1,SOLVED,SOLVED
30B,heldout,1070,parallel_human_dual_asset_to_plate_or_bowl,0,1,1,1,SOLVED,SOLVED
30B,heldout,1072,dog_push_box_for_two_panda_transport,1,0,0,0,infeasible_assignment,infeasible_assignment
30B,heldout,1075,cut_fruit_on_board,0,1,1,1,SOLVED,SOLVED
30B,heldout,1076,ensure_all_fruits_on_table,0,1,1,1,SOLVED,SOLVED
30B,heldout,1079,cut_fruit_on_board,0,0,0,0,OVER_BUDGET,OVER_BUDGET
30B,heldout,1080,toast_bread_and_set_plate,0,0,0,0,OVER_BUDGET,OVER_BUDGET
30B,heldout,1081,ensure_all_fruits_on_table,0,1,1,1,SOLVED,SOLVED
30B,heldout,1082,clear_table_with_two_robots_and_put_in_cabinet,1,0,0,0,infeasible_assignment,infeasible_assignment
30B,heldout,1085,clear_table_with_two_robots_and_put_in_cabinet,1,0,0,0,infeasible_assignment,infeasible_assignment
30B,heldout,1096,clear_table_with_two_robots_and_put_in_cabinet,1,0,0,0,infeasible_assignment,infeasible_assignment
30B,heldout,1098,set_plate_and_fork_on_table,0,0,0,0,GOAL_UNMET,GOAL_UNMET
30B,heldout,1103,dog_push_box_for_two_panda_transport,1,0,0,0,infeasible_assignment,infeasible_assignment
30B,heldout,1104,cut_fruit_on_board,0,1,1,1,SOLVED,SOLVED
30B,heldout,1105,cut_two_fruits_on_board,1,0,0,0,infeasible_assignment,infeasible_assignment
30B,heldout,1106,cut_fruit_on_board,0,1,1,1,SOLVED,SOLVED
30B,heldout,1107,clear_table_with_two_robots_and_put_in_cabinet,1,0,0,0,infeasible_assignment,infeasible_assignment
30B,heldout,1108,clear_table_with_two_robots_and_put_in_cabinet,1,0,0,0,infeasible_assignment,infeasible_assignment
30B,heldout,1109,clear_table_with_two_robots_and_put_in_cabinet,1,0,0,0,infeasible_assignment,infeasible_assignment
30B,heldout,1110,clear_table_with_two_robots_and_put_in_cabinet,1,0,0,0,infeasible_assignment,infeasible_assignment
30B,heldout,1113,ensure_all_fruits_on_table,0,1,1,1,SOLVED,SOLVED
30B,heldout,1114,cut_two_fruits_on_board,0,0,0,0,GOAL_UNMET,GOAL_UNMET
30B,heldout,1117,dog_push_box_for_two_panda_transport,1,0,0,0,infeasible_assignment,infeasible_assignment
30B,heldout,1122,ensure_all_fruits_on_table,0,1,1,1,SOLVED,SOLVED
30B,heldout,1124,set_plate_and_fork_on_table,0,0,0,0,GOAL_UNMET,GOAL_UNMET
30B,heldout,1125,ensure_all_fruits_on_table,0,1,1,1,SOLVED,SOLVED
30B,heldout,1126,cut_two_fruits_on_board,0,0,0,0,GOAL_UNMET,GOAL_UNMET
30B,heldout,1127,cut_two_fruits_on_board,0,1,1,1,SOLVED,SOLVED
30B,heldout,1128,toast_bread_and_set_plate,0,0,0,0,OVER_BUDGET,OVER_BUDGET
30B,heldout,1130,toast_bread_and_set_plate,0,0,0,0,OVER_BUDGET,OVER_BUDGET
30B,heldout,1134,toast_bread_and_set_plate,0,0,0,0,OVER_BUDGET,OVER_BUDGET
30B,heldout,1135,cut_fruit_on_board,0,1,1,1,SOLVED,SOLVED
30B,heldout,1136,clear_table_with_two_robots_and_put_in_cabinet,1,0,0,0,infeasible_assignment,infeasible_assignment
30B,heldout,1138,clear_table_with_two_robots_and_put_in_cabinet,1,0,0,0,infeasible_assignment,infeasible_assignment
30B,heldout,1143,toast_bread_and_set_plate,0,0,0,0,OVER_BUDGET,OVER_BUDGET
30B,heldout,1146,parallel_human_dual_asset_to_plate_or_bowl,0,1,1,1,SOLVED,SOLVED
30B,heldout,1149,clear_table_with_two_robots_and_put_in_cabinet,1,0,0,0,infeasible_assignment,infeasible_assignment
30B,heldout,1152,cut_two_fruits_on_board,0,0,0,0,GOAL_UNMET,GOAL_UNMET
30B,heldout,1153,clear_table_with_two_robots_and_put_in_cabinet,1,0,0,0,infeasible_assignment,infeasible_assignment
30B,heldout,1155,cut_two_fruits_on_board,0,0,0,0,OVER_BUDGET,OVER_BUDGET
30B,heldout,1156,parallel_human_dual_asset_to_plate_or_bowl,0,1,1,1,SOLVED,SOLVED
30B,heldout,1157,dog_push_box_for_two_panda_transport,1,0,0,0,infeasible_assignment,infeasible_assignment
30B,heldout,1158,cut_fruit_on_board,0,1,1,1,SOLVED,SOLVED
30B,heldout,1159,clear_table_with_two_robots_and_put_in_cabinet,1,0,0,0,infeasible_assignment,infeasible_assignment
30B,heldout,1162,parallel_human_dual_asset_to_plate_or_bowl,0,1,1,1,SOLVED,SOLVED
30B,heldout,1163,cut_fruit_on_board,0,0,0,0,GOAL_UNMET,GOAL_UNMET
30B,heldout,1164,clear_table_with_two_robots_and_put_in_cabinet,1,0,0,0,infeasible_assignment,infeasible_assignment
30B,heldout,1165,ensure_all_fruits_on_table,0,1,1,1,SOLVED,SOLVED
30B,heldout,1167,clear_table_with_two_robots_and_put_in_cabinet,1,0,0,0,infeasible_assignment,infeasible_assignment
30B,heldout,1173,clear_table_with_two_robots_and_put_in_cabinet,1,0,0,0,infeasible_assignment,infeasible_assignment
30B,heldout,1174,clear_table_with_two_robots_and_put_in_cabinet,1,0,0,0,infeasible_assignment,infeasible_assignment
30B,heldout,1176,toast_bread_and_set_plate,0,0,0,0,OVER_BUDGET,OVER_BUDGET
30B,heldout,1180,clear_table_with_two_robots_and_put_in_cabinet,1,0,0,0,infeasible_assignment,infeasible_assignment
30B,heldout,1181,clear_table_with_two_robots_and_put_in_cabinet,1,0,0,0,infeasible_assignment,infeasible_assignment
30B,heldout,1185,cut_fruit_on_board,0,1,1,1,SOLVED,SOLVED
30B,heldout,1187,clear_table_with_two_robots_and_put_in_cabinet,1,0,0,0,infeasible_assignment,infeasible_assignment
30B,heldout,1189,clear_table_with_two_robots_and_put_in_cabinet,1,0,0,0,infeasible_assignment,infeasible_assignment
30B,heldout,1190,cut_fruit_on_board,0,1,1,1,SOLVED,SOLVED
30B,heldout,1192,cut_two_fruits_on_board,0,1,1,1,SOLVED,SOLVED
30B,heldout,1193,cut_two_fruits_on_board,0,0,0,0,OVER_BUDGET,OVER_BUDGET
30B,heldout,1195,set_plate_and_fork_on_table,0,0,0,0,GOAL_UNMET,GOAL_UNMET
30B,heldout,1197,dog_push_box_for_two_panda_transport,1,0,0,0,infeasible_assignment,infeasible_assignment
30B,heldout,1200,cut_two_fruits_on_board,0,0,0,0,GOAL_UNMET,GOAL_UNMET
30B,heldout,1201,cut_two_fruits_on_board,0,0,0,0,OVER_BUDGET,OVER_BUDGET
30B,heldout,1202,parallel_human_dual_asset_to_plate_or_bowl,0,1,1,1,SOLVED,SOLVED
30B,heldout,1204,clear_table_with_two_robots_and_put_in_cabinet,1,0,0,0,infeasible_assignment,infeasible_assignment
30B,heldout,1205,clear_table_with_two_robots_and_put_in_cabinet,1,0,0,0,infeasible_assignment,infeasible_assignment
30B,heldout,1207,cut_fruit_on_board,0,1,1,1,SOLVED,SOLVED
30B,heldout,1210,cut_fruit_on_board,0,1,1,1,SOLVED,SOLVED
30B,heldout,1218,parallel_human_dual_asset_to_plate_or_bowl,0,1,1,1,SOLVED,SOLVED
30B,heldout,1219,clear_table_with_two_robots_and_put_in_cabinet,1,0,0,0,infeasible_assignment,infeasible_assignment
30B,heldout,1224,cut_fruit_on_board,0,1,1,1,SOLVED,SOLVED
30B,heldout,1225,toast_bread_and_set_plate,0,0,0,0,OVER_BUDGET,OVER_BUDGET
30B,heldout,1226,parallel_human_dual_asset_to_plate_or_bowl,0,1,1,1,SOLVED,SOLVED
30B,heldout,1227,cut_fruit_on_board,0,1,1,1,SOLVED,SOLVED
30B,heldout,1228,cut_fruit_on_board,0,1,1,1,SOLVED,SOLVED
30B,heldout,1231,set_plate_and_fork_on_table,0,1,1,1,SOLVED,SOLVED
30B,heldout,1232,cut_two_fruits_on_board,0,0,0,0,OVER_BUDGET,OVER_BUDGET
30B,heldout,1233,cut_fruit_on_board,0,1,1,1,SOLVED,SOLVED
30B,heldout,1234,cut_fruit_on_board,0,1,1,1,SOLVED,SOLVED
30B,heldout,1235,toast_bread_and_set_plate,0,0,0,0,OVER_BUDGET,OVER_BUDGET
30B,heldout,1236,set_plate_and_fork_on_table,0,0,0,0,GOAL_UNMET,GOAL_UNMET
30B,heldout,1241,clear_table_with_two_robots_and_put_in_cabinet,1,0,0,0,infeasible_assignment,infeasible_assignment
30B,heldout,1244,clear_table_with_two_robots_and_put_in_cabinet,1,0,0,0,infeasible_assignment,infeasible_assignment
30B,heldout,1247,cut_fruit_on_board,0,0,0,0,OVER_BUDGET,OVER_BUDGET
30B,heldout,1248,cut_fruit_on_board,0,1,1,1,SOLVED,SOLVED
30B,heldout,1252,toast_bread_and_set_plate,0,0,0,0,OVER_BUDGET,OVER_BUDGET
30B,heldout,1253,clear_table_with_two_robots_and_put_in_cabinet,1,0,0,0,infeasible_assignment,infeasible_assignment
30B,heldout,1255,toast_bread_and_set_plate,0,0,0,0,OVER_BUDGET,OVER_BUDGET
30B,heldout,1257,set_plate_and_fork_on_table,0,0,0,0,GOAL_UNMET,GOAL_UNMET
30B,heldout,1260,clear_table_with_two_robots_and_put_in_cabinet,1,0,0,0,infeasible_assignment,infeasible_assignment
30B,heldout,1261,clear_table_with_two_robots_and_put_in_cabinet,1,0,0,0,infeasible_assignment,infeasible_assignment
30B,heldout,1263,ensure_all_fruits_on_table,0,1,1,1,SOLVED,SOLVED
30B,heldout,1264,clear_table_with_two_robots_and_put_in_cabinet,1,0,0,0,infeasible_assignment,infeasible_assignment
30B,heldout,1265,cut_fruit_on_board,0,0,0,0,OVER_BUDGET,OVER_BUDGET
30B,heldout,1267,clear_table_with_two_robots_and_put_in_cabinet,1,0,0,0,infeasible_assignment,infeasible_assignment
30B,heldout,1268,set_plate_and_fork_on_table,0,0,0,0,GOAL_UNMET,GOAL_UNMET
30B,heldout,1272,clear_table_with_two_robots_and_put_in_cabinet,1,0,0,0,infeasible_assignment,infeasible_assignment
30B,heldout,1274,cut_fruit_on_board,0,1,1,1,SOLVED,SOLVED
30B,heldout,1276,clear_table_with_two_robots_and_put_in_cabinet,1,0,0,0,infeasible_assignment,infeasible_assignment
30B,heldout,1277,clear_table_with_two_robots_and_put_in_cabinet,1,0,0,0,infeasible_assignment,infeasible_assignment
30B,heldout,1280,cut_two_fruits_on_board,0,0,0,0,OVER_BUDGET,OVER_BUDGET
30B,heldout,1281,clear_table_with_two_robots_and_put_in_cabinet,1,0,0,0,infeasible_assignment,infeasible_assignment
30B,heldout,1282,parallel_human_dual_asset_to_plate_or_bowl,0,1,1,1,SOLVED,SOLVED
30B,heldout,1285,ensure_all_fruits_on_table,0,1,1,1,SOLVED,SOLVED
30B,heldout,1286,clear_table_with_two_robots_and_put_in_cabinet,1,0,0,0,infeasible_assignment,infeasible_assignment
30B,heldout,1289,toast_bread_and_set_plate,0,0,0,0,OVER_BUDGET,OVER_BUDGET
30B,heldout,1291,cut_fruit_on_board,0,1,1,1,SOLVED,SOLVED
30B,heldout,1293,set_plate_and_fork_on_table,0,0,0,0,GOAL_UNMET,GOAL_UNMET
30B,heldout,1294,cut_two_fruits_on_board,0,0,0,0,GOAL_UNMET,GOAL_UNMET
30B,heldout,1295,set_plate_and_fork_on_table,0,0,0,0,GOAL_UNMET,GOAL_UNMET
30B,heldout,1300,toast_bread_and_set_plate,0,0,0,0,OVER_BUDGET,OVER_BUDGET
30B,heldout,1303,ensure_all_fruits_on_table,0,1,1,1,SOLVED,SOLVED
30B,heldout,1304,set_plate_and_fork_on_table,0,0,0,0,GOAL_UNMET,GOAL_UNMET
30B,heldout,1306,dog_push_box_for_two_panda_transport,1,0,0,0,infeasible_assignment,infeasible_assignment
30B,heldout,1307,clear_table_with_two_robots_and_put_in_cabinet,1,0,0,0,infeasible_assignment,infeasible_assignment
30B,heldout,1308,clear_table_with_two_robots_and_put_in_cabinet,1,0,0,0,infeasible_assignment,infeasible_assignment
30B,heldout,1311,toast_bread_and_set_plate,0,0,0,0,OVER_BUDGET,OVER_BUDGET
30B,heldout,1312,cut_fruit_on_board,0,1,1,1,SOLVED,SOLVED
30B,heldout,1313,set_plate_and_fork_on_table,0,0,0,0,OVER_BUDGET,OVER_BUDGET
30B,heldout,1314,set_plate_and_fork_on_table,0,0,0,0,OVER_BUDGET,OVER_BUDGET
30B,heldout,1315,clear_table_with_two_robots_and_put_in_cabinet,1,0,0,0,infeasible_assignment,infeasible_assignment
30B,heldout,1317,parallel_human_dual_asset_to_plate_or_bowl,0,1,1,1,SOLVED,SOLVED
30B,heldout,1320,ensure_all_fruits_on_table,0,1,1,1,SOLVED,SOLVED
30B,heldout,1321,cut_fruit_on_board,0,1,1,1,SOLVED,SOLVED
30B,heldout,1322,cut_fruit_on_board,0,1,1,1,SOLVED,SOLVED
30B,heldout,1325,cut_two_fruits_on_board,0,0,0,0,OVER_BUDGET,OVER_BUDGET
30B,heldout,1327,clear_table_with_two_robots_and_put_in_cabinet,1,0,0,0,infeasible_assignment,infeasible_assignment
30B,heldout,1328,cut_fruit_on_board,0,1,1,1,SOLVED,SOLVED
30B,heldout,1330,ensure_all_fruits_on_table,0,0,0,0,GOAL_UNMET,GOAL_UNMET
30B,heldout,1331,cut_fruit_on_board,0,0,0,0,GOAL_UNMET,GOAL_UNMET
30B,heldout,1333,dog_push_box_for_two_panda_transport,1,0,0,0,infeasible_assignment,infeasible_assignment
30B,heldout,1338,clear_table_with_two_robots_and_put_in_cabinet,1,0,0,0,infeasible_assignment,infeasible_assignment
30B,heldout,1342,clear_table_with_two_robots_and_put_in_cabinet,1,0,0,0,infeasible_assignment,infeasible_assignment
30B,heldout,1345,set_plate_and_fork_on_table,0,0,0,0,GOAL_UNMET,GOAL_UNMET
30B,heldout,1348,dog_push_box_for_two_panda_transport,1,0,0,0,infeasible_assignment,infeasible_assignment
30B,heldout,1350,cut_two_fruits_on_board,0,0,0,0,GOAL_UNMET,GOAL_UNMET
30B,heldout,1351,toast_bread_and_set_plate,0,0,0,0,OVER_BUDGET,OVER_BUDGET
30B,heldout,1352,ensure_all_fruits_on_table,0,1,1,1,SOLVED,SOLVED
30B,heldout,1353,ensure_all_fruits_on_table,0,1,1,1,SOLVED,SOLVED
30B,heldout,1355,clear_table_with_two_robots_and_put_in_cabinet,1,0,0,0,infeasible_assignment,infeasible_assignment
30B,heldout,1356,ensure_all_fruits_on_table,0,0,0,0,GOAL_UNMET,GOAL_UNMET
30B,heldout,1357,cut_two_fruits_on_board,0,1,1,1,SOLVED,SOLVED
30B,heldout,1358,dog_push_box_for_two_panda_transport,1,0,0,0,infeasible_assignment,infeasible_assignment
30B,heldout,1359,set_plate_and_fork_on_table,0,0,0,0,GOAL_UNMET,GOAL_UNMET
30B,heldout,1361,set_plate_and_fork_on_table,0,0,0,0,GOAL_UNMET,GOAL_UNMET
30B,heldout,1363,clear_table_with_two_robots_and_put_in_cabinet,1,0,0,0,infeasible_assignment,infeasible_assignment
30B,heldout,1365,cut_fruit_on_board,0,1,1,1,SOLVED,SOLVED
30B,heldout,1366,cut_fruit_on_board,0,1,1,1,SOLVED,SOLVED
30B,heldout,1373,clear_table_with_two_robots_and_put_in_cabinet,1,0,0,0,infeasible_assignment,infeasible_assignment
30B,heldout,1374,cut_two_fruits_on_board,0,0,0,0,GOAL_UNMET,GOAL_UNMET
30B,heldout,1378,clear_table_with_two_robots_and_put_in_cabinet,1,0,0,0,infeasible_assignment,infeasible_assignment
30B,heldout,1379,set_plate_and_fork_on_table,0,0,0,0,GOAL_UNMET,GOAL_UNMET
30B,heldout,1380,ensure_all_fruits_on_table,0,1,1,1,SOLVED,SOLVED
30B,heldout,1383,cut_fruit_on_board,0,1,1,1,SOLVED,SOLVED
30B,heldout,1384,set_plate_and_fork_on_table,0,0,0,0,GOAL_UNMET,GOAL_UNMET
30B,heldout,1385,clear_table_with_two_robots_and_put_in_cabinet,1,0,0,0,infeasible_assignment,infeasible_assignment
30B,heldout,1387,cut_fruit_on_board,0,1,1,1,SOLVED,SOLVED
30B,heldout,1388,toast_bread_and_set_plate,0,0,0,0,OVER_BUDGET,OVER_BUDGET
30B,heldout,1389,cut_two_fruits_on_board,0,0,0,0,OVER_BUDGET,OVER_BUDGET
30B,heldout,1392,cut_fruit_on_board,0,0,0,0,OVER_BUDGET,OVER_BUDGET
30B,heldout,1393,cut_two_fruits_on_board,0,1,1,1,SOLVED,SOLVED
30B,heldout,1395,dog_push_box_for_two_panda_transport,1,0,0,0,infeasible_assignment,infeasible_assignment
30B,heldout,1397,cut_two_fruits_on_board,0,0,0,0,GOAL_UNMET,GOAL_UNMET
30B,heldout,1398,cut_two_fruits_on_board,0,1,1,1,SOLVED,SOLVED
30B,heldout,1399,clear_table_with_two_robots_and_put_in_cabinet,1,0,0,0,infeasible_assignment,infeasible_assignment
30B,heldout,1400,parallel_human_dual_asset_to_plate_or_bowl,0,1,1,1,SOLVED,SOLVED
30B,heldout,1401,toast_bread_and_set_plate,0,0,0,0,OVER_BUDGET,OVER_BUDGET
30B,heldout,1402,set_plate_and_fork_on_table,0,0,0,0,OVER_BUDGET,OVER_BUDGET
30B,heldout,1403,cut_fruit_on_board,0,0,0,0,GOAL_UNMET,GOAL_UNMET
30B,heldout,1404,dog_push_box_for_two_panda_transport,1,0,0,0,infeasible_assignment,infeasible_assignment
30B,heldout,1405,cut_two_fruits_on_board,0,0,0,0,OVER_BUDGET,OVER_BUDGET
30B,heldout,1406,cut_fruit_on_board,0,1,1,1,SOLVED,SOLVED
30B,heldout,1410,cut_fruit_on_board,0,1,1,1,SOLVED,SOLVED
30B,heldout,1411,cut_fruit_on_board,0,0,0,0,OVER_BUDGET,OVER_BUDGET
30B,heldout,1413,clear_table_with_two_robots_and_put_in_cabinet,1,0,0,0,infeasible_assignment,infeasible_assignment
30B,heldout,1415,clear_table_with_two_robots_and_put_in_cabinet,1,0,0,0,infeasible_assignment,infeasible_assignment
30B,heldout,1416,toast_bread_and_set_plate,0,0,0,0,OVER_BUDGET,OVER_BUDGET
30B,heldout,1419,dog_push_box_for_two_panda_transport,1,0,0,0,infeasible_assignment,infeasible_assignment
30B,heldout,1420,cut_fruit_on_board,0,1,1,1,SOLVED,SOLVED
30B,heldout,1424,dog_push_box_for_two_panda_transport,1,0,0,0,infeasible_assignment,infeasible_assignment
30B,heldout,1425,dog_push_box_for_two_panda_transport,1,0,0,0,infeasible_assignment,infeasible_assignment
30B,heldout,1429,ensure_all_fruits_on_table,0,0,0,0,GOAL_UNMET,GOAL_UNMET
30B,heldout,1431,clear_table_with_two_robots_and_put_in_cabinet,1,0,0,0,infeasible_assignment,infeasible_assignment
30B,heldout,1432,cut_two_fruits_on_board,0,0,0,0,GOAL_UNMET,GOAL_UNMET
30B,heldout,1434,clear_table_with_two_robots_and_put_in_cabinet,1,0,0,0,infeasible_assignment,infeasible_assignment
30B,heldout,1439,parallel_human_dual_asset_to_plate_or_bowl,0,1,1,1,SOLVED,SOLVED
30B,heldout,1440,clear_table_with_two_robots_and_put_in_cabinet,1,0,0,0,infeasible_assignment,infeasible_assignment
30B,heldout,1442,cut_fruit_on_board,0,0,0,0,GOAL_UNMET,GOAL_UNMET
30B,heldout,1443,cut_fruit_on_board,0,1,1,1,SOLVED,SOLVED
30B,heldout,1444,clear_table_with_two_robots_and_put_in_cabinet,1,0,0,0,infeasible_assignment,infeasible_assignment
30B,heldout,1447,clear_table_with_two_robots_and_put_in_cabinet,1,0,0,0,infeasible_assignment,infeasible_assignment
30B,heldout,1450,cut_two_fruits_on_board,0,1,1,1,SOLVED,SOLVED
30B,heldout,1451,clear_table_with_two_robots_and_put_in_cabinet,1,0,0,0,infeasible_assignment,infeasible_assignment
30B,heldout,1455,cut_fruit_on_board,0,1,1,1,SOLVED,SOLVED
30B,heldout,1456,clear_table_with_two_robots_and_put_in_cabinet,1,0,0,0,infeasible_assignment,infeasible_assignment
30B,heldout,1459,toast_bread_and_set_plate,0,0,0,0,OVER_BUDGET,OVER_BUDGET
30B,heldout,1460,ensure_all_fruits_on_table,0,1,1,1,SOLVED,SOLVED
30B,heldout,1465,cut_fruit_on_board,0,1,1,1,SOLVED,SOLVED
30B,heldout,1467,dog_push_box_for_two_panda_transport,1,0,0,0,infeasible_assignment,infeasible_assignment
30B,heldout,1468,clear_table_with_two_robots_and_put_in_cabinet,1,0,0,0,infeasible_assignment,infeasible_assignment
30B,heldout,1470,cut_fruit_on_board,0,0,0,0,GOAL_UNMET,GOAL_UNMET
30B,heldout,1473,cut_fruit_on_board,0,0,0,0,GOAL_UNMET,GOAL_UNMET
30B,heldout,1475,cut_fruit_on_board,0,1,1,1,SOLVED,SOLVED
30B,heldout,1477,cut_fruit_on_board,0,0,0,0,OVER_BUDGET,OVER_BUDGET
30B,heldout,1483,toast_bread_and_set_plate,0,0,0,0,OVER_BUDGET,OVER_BUDGET
30B,heldout,1484,cut_two_fruits_on_board,0,0,0,0,GOAL_UNMET,GOAL_UNMET
30B,heldout,1485,parallel_human_dual_asset_to_plate_or_bowl,0,1,1,1,SOLVED,SOLVED
30B,heldout,1487,clear_table_with_two_robots_and_put_in_cabinet,1,0,0,0,infeasible_assignment,infeasible_assignment
30B,heldout,1490,cut_fruit_on_board,0,0,0,0,GOAL_UNMET,GOAL_UNMET
30B,heldout,1492,clear_table_with_two_robots_and_put_in_cabinet,1,0,0,0,infeasible_assignment,infeasible_assignment
30B,heldout,1493,clear_table_with_two_robots_and_put_in_cabinet,1,0,0,0,infeasible_assignment,infeasible_assignment
30B,heldout,1496,cut_fruit_on_board,0,0,0,0,OVER_BUDGET,OVER_BUDGET
30B,heldout,1497,toast_bread_and_set_plate,0,0,0,0,OVER_BUDGET,OVER_BUDGET
30B,heldout,1503,toast_bread_and_set_plate,0,0,0,0,OVER_BUDGET,OVER_BUDGET
30B,heldout,1505,cut_fruit_on_board,0,1,1,1,SOLVED,SOLVED
30B,heldout,1506,ensure_all_fruits_on_table,0,0,0,0,GOAL_UNMET,GOAL_UNMET
30B,heldout,1507,cut_fruit_on_board,0,1,1,1,SOLVED,SOLVED
30B,heldout,1509,set_plate_and_fork_on_table,0,0,0,0,GOAL_UNMET,GOAL_UNMET
30B,heldout,1510,clear_table_with_two_robots_and_put_in_cabinet,1,0,0,0,infeasible_assignment,infeasible_assignment
30B,heldout,1511,clear_table_with_two_robots_and_put_in_cabinet,1,0,0,0,infeasible_assignment,infeasible_assignment
30B,heldout,1512,toast_bread_and_set_plate,0,0,0,0,OVER_BUDGET,OVER_BUDGET
30B,heldout,1515,cut_two_fruits_on_board,0,0,0,0,GOAL_UNMET,GOAL_UNMET
30B,heldout,1516,clear_table_with_two_robots_and_put_in_cabinet,1,0,0,0,infeasible_assignment,infeasible_assignment
30B,heldout,1520,cut_two_fruits_on_board,0,0,0,0,GOAL_UNMET,GOAL_UNMET
30B,heldout,1521,parallel_human_dual_asset_to_plate_or_bowl,0,1,1,1,SOLVED,SOLVED
30B,heldout,1522,cut_two_fruits_on_board,0,0,0,0,OVER_BUDGET,OVER_BUDGET
30B,heldout,1523,cut_two_fruits_on_board,0,1,1,1,SOLVED,SOLVED
30B,heldout,1525,set_plate_and_fork_on_table,0,0,0,0,GOAL_UNMET,GOAL_UNMET
30B,heldout,1527,dog_push_box_for_two_panda_transport,1,0,0,0,infeasible_assignment,infeasible_assignment
30B,heldout,1528,dog_push_box_for_two_panda_transport,1,0,0,0,infeasible_assignment,infeasible_assignment
30B,heldout,1530,clear_table_with_two_robots_and_put_in_cabinet,1,0,0,0,infeasible_assignment,infeasible_assignment
30B,heldout,1532,dog_push_box_for_two_panda_transport,1,0,0,0,infeasible_assignment,infeasible_assignment
30B,heldout,1533,clear_table_with_two_robots_and_put_in_cabinet,1,0,0,0,infeasible_assignment,infeasible_assignment
30B,heldout,1534,set_plate_and_fork_on_table,0,0,0,0,GOAL_UNMET,GOAL_UNMET
30B,heldout,1537,clear_table_with_two_robots_and_put_in_cabinet,1,0,0,0,infeasible_assignment,infeasible_assignment
30B,heldout,1538,parallel_human_dual_asset_to_plate_or_bowl,0,1,1,1,SOLVED,SOLVED
30B,heldout,1539,parallel_human_dual_asset_to_plate_or_bowl,0,1,1,1,SOLVED,SOLVED
30B,heldout,1546,cut_two_fruits_on_board,0,0,0,0,GOAL_UNMET,GOAL_UNMET
30B,heldout,1547,parallel_human_dual_asset_to_plate_or_bowl,0,1,1,1,SOLVED,SOLVED
30B,heldout,1548,parallel_human_dual_asset_to_plate_or_bowl,0,1,1,1,SOLVED,SOLVED
30B,heldout,1549,toast_bread_and_set_plate,0,0,0,0,OVER_BUDGET,OVER_BUDGET
30B,heldout,1554,clear_table_with_two_robots_and_put_in_cabinet,1,0,0,0,infeasible_assignment,infeasible_assignment
30B,heldout,1555,parallel_human_dual_asset_to_plate_or_bowl,0,1,1,1,SOLVED,SOLVED
30B,heldout,1556,ensure_all_fruits_on_table,0,1,1,1,SOLVED,SOLVED
30B,heldout,1559,cut_fruit_on_board,0,1,1,1,SOLVED,SOLVED
30B,heldout,1560,parallel_human_dual_asset_to_plate_or_bowl,0,1,1,1,SOLVED,SOLVED
30B,heldout,1565,ensure_all_fruits_on_table,0,1,1,1,SOLVED,SOLVED
30B,heldout,1569,dog_push_box_for_two_panda_transport,1,0,0,0,infeasible_assignment,infeasible_assignment
30B,heldout,1570,clear_table_with_two_robots_and_put_in_cabinet,1,0,0,0,infeasible_assignment,infeasible_assignment
30B,heldout,1571,cut_fruit_on_board,0,1,1,1,SOLVED,SOLVED
30B,heldout,1574,cut_fruit_on_board,0,1,1,1,SOLVED,SOLVED
30B,heldout,1576,toast_bread_and_set_plate,0,0,0,0,OVER_BUDGET,OVER_BUDGET
30B,heldout,1578,clear_table_with_two_robots_and_put_in_cabinet,1,0,0,0,infeasible_assignment,infeasible_assignment
30B,heldout,1579,cut_two_fruits_on_board,0,1,1,1,SOLVED,SOLVED
30B,heldout,1583,cut_fruit_on_board,0,0,0,0,OVER_BUDGET,OVER_BUDGET
30B,heldout,1584,set_plate_and_fork_on_table,0,0,0,0,GOAL_UNMET,GOAL_UNMET
30B,heldout,1585,cut_fruit_on_board,0,1,1,1,SOLVED,SOLVED
30B,heldout,1586,clear_table_with_two_robots_and_put_in_cabinet,1,0,0,0,infeasible_assignment,infeasible_assignment
30B,heldout,1589,toast_bread_and_set_plate,0,0,0,0,OVER_BUDGET,OVER_BUDGET
30B,heldout,1590,cut_fruit_on_board,0,0,0,0,OVER_BUDGET,OVER_BUDGET
30B,heldout,1591,cut_fruit_on_board,0,0,0,0,OVER_BUDGET,OVER_BUDGET
30B,heldout,1593,dog_push_box_for_two_panda_transport,1,0,0,0,infeasible_assignment,infeasible_assignment
30B,heldout,1594,clear_table_with_two_robots_and_put_in_cabinet,1,0,0,0,infeasible_assignment,infeasible_assignment
30B,heldout,1598,cut_fruit_on_board,0,0,0,0,OVER_BUDGET,OVER_BUDGET
30B,heldout,1600,toast_bread_and_set_plate,0,0,0,0,OVER_BUDGET,OVER_BUDGET
30B,heldout,1604,toast_bread_and_set_plate,0,0,0,0,OVER_BUDGET,OVER_BUDGET
30B,heldout,1605,ensure_all_fruits_on_table,0,1,1,1,SOLVED,SOLVED
30B,heldout,1609,dog_push_box_for_two_panda_transport,1,0,0,0,infeasible_assignment,infeasible_assignment
30B,heldout,1610,cut_fruit_on_board,0,1,1,1,SOLVED,SOLVED
30B,heldout,1611,toast_bread_and_set_plate,0,0,0,0,OVER_BUDGET,OVER_BUDGET
30B,heldout,1612,clear_table_with_two_robots_and_put_in_cabinet,1,0,0,0,infeasible_assignment,infeasible_assignment
30B,heldout,1613,cut_fruit_on_board,0,1,1,1,SOLVED,SOLVED
30B,heldout,1614,clear_table_with_two_robots_and_put_in_cabinet,1,0,0,0,infeasible_assignment,infeasible_assignment
30B,heldout,1617,cut_two_fruits_on_board,0,0,0,0,GOAL_UNMET,GOAL_UNMET
30B,heldout,1618,cut_fruit_on_board,0,0,0,0,GOAL_UNMET,GOAL_UNMET
30B,heldout,1627,ensure_all_fruits_on_table,0,0,0,0,GOAL_UNMET,GOAL_UNMET
30B,heldout,1628,cut_two_fruits_on_board,0,1,1,1,SOLVED,SOLVED
30B,heldout,1629,cut_two_fruits_on_board,0,0,0,0,OVER_BUDGET,OVER_BUDGET
30B,heldout,1630,cut_fruit_on_board,0,1,1,1,SOLVED,SOLVED
30B,heldout,1631,ensure_all_fruits_on_table,0,0,0,0,GOAL_UNMET,GOAL_UNMET
30B,heldout,1633,clear_table_with_two_robots_and_put_in_cabinet,1,0,0,0,infeasible_assignment,infeasible_assignment
30B,heldout,1634,dog_push_box_for_two_panda_transport,1,0,0,0,infeasible_assignment,infeasible_assignment
30B,heldout,1635,cut_two_fruits_on_board,0,1,1,1,SOLVED,SOLVED
30B,heldout,1637,dog_push_box_for_two_panda_transport,1,0,0,0,infeasible_assignment,infeasible_assignment
30B,heldout,1638,clear_table_with_two_robots_and_put_in_cabinet,1,0,0,0,infeasible_assignment,infeasible_assignment
30B,heldout,1639,clear_table_with_two_robots_and_put_in_cabinet,1,0,0,0,infeasible_assignment,infeasible_assignment
30B,heldout,1641,parallel_human_dual_asset_to_plate_or_bowl,0,1,1,1,SOLVED,SOLVED
30B,heldout,1642,ensure_all_fruits_on_table,0,0,0,0,GOAL_UNMET,GOAL_UNMET
30B,heldout,1643,cut_two_fruits_on_board,0,0,0,0,OVER_BUDGET,OVER_BUDGET
30B,heldout,1644,cut_fruit_on_board,0,1,1,1,SOLVED,SOLVED
30B,heldout,1646,set_plate_and_fork_on_table,0,0,0,0,GOAL_UNMET,GOAL_UNMET
30B,heldout,1647,cut_two_fruits_on_board,0,0,0,0,GOAL_UNMET,GOAL_UNMET
30B,heldout,1648,ensure_all_fruits_on_table,0,1,1,1,SOLVED,SOLVED
30B,heldout,1650,cut_fruit_on_board,0,1,1,1,SOLVED,SOLVED
30B,heldout,1651,dog_push_box_for_two_panda_transport,1,0,0,0,infeasible_assignment,infeasible_assignment
30B,heldout,1654,cut_fruit_on_board,0,0,0,0,OVER_BUDGET,OVER_BUDGET
30B,heldout,1655,clear_table_with_two_robots_and_put_in_cabinet,1,0,0,0,infeasible_assignment,infeasible_assignment
30B,heldout,1656,toast_bread_and_set_plate,0,0,0,0,OVER_BUDGET,OVER_BUDGET
30B,heldout,1664,clear_table_with_two_robots_and_put_in_cabinet,1,0,0,0,infeasible_assignment,infeasible_assignment
30B,heldout,1665,cut_two_fruits_on_board,0,0,0,0,GOAL_UNMET,GOAL_UNMET
30B,heldout,1666,ensure_all_fruits_on_table,0,1,1,1,SOLVED,SOLVED
30B,heldout,1668,ensure_all_fruits_on_table,0,0,0,0,GOAL_UNMET,GOAL_UNMET
30B,heldout,1670,set_plate_and_fork_on_table,0,0,0,0,GOAL_UNMET,GOAL_UNMET
30B,heldout,1671,cut_two_fruits_on_board,0,1,1,1,SOLVED,SOLVED
30B,heldout,1672,parallel_human_dual_asset_to_plate_or_bowl,0,1,1,1,SOLVED,SOLVED
30B,heldout,1674,clear_table_with_two_robots_and_put_in_cabinet,1,0,0,0,infeasible_assignment,infeasible_assignment
30B,heldout,1675,ensure_all_fruits_on_table,0,0,0,0,GOAL_UNMET,GOAL_UNMET
30B,heldout,1677,clear_table_with_two_robots_and_put_in_cabinet,1,0,0,0,infeasible_assignment,infeasible_assignment
30B,heldout,1678,cut_fruit_on_board,0,1,1,1,SOLVED,SOLVED
30B,heldout,1679,parallel_human_dual_asset_to_plate_or_bowl,0,1,1,1,SOLVED,SOLVED
30B,heldout,1680,cut_two_fruits_on_board,0,0,0,0,GOAL_UNMET,GOAL_UNMET
30B,heldout,1682,ensure_all_fruits_on_table,0,0,0,0,GOAL_UNMET,GOAL_UNMET
30B,heldout,1684,parallel_human_dual_asset_to_plate_or_bowl,0,1,1,1,SOLVED,SOLVED
30B,heldout,1685,set_plate_and_fork_on_table,0,0,0,0,GOAL_UNMET,GOAL_UNMET
30B,heldout,1686,clear_table_with_two_robots_and_put_in_cabinet,1,0,0,0,infeasible_assignment,infeasible_assignment
30B,heldout,1689,parallel_human_dual_asset_to_plate_or_bowl,0,1,1,1,SOLVED,SOLVED
30B,heldout,1690,cut_two_fruits_on_board,0,1,1,1,SOLVED,SOLVED
30B,heldout,1693,clear_table_with_two_robots_and_put_in_cabinet,1,0,0,0,infeasible_assignment,infeasible_assignment
30B,heldout,1694,clear_table_with_two_robots_and_put_in_cabinet,1,0,0,0,infeasible_assignment,infeasible_assignment
30B,heldout,1696,toast_bread_and_set_plate,0,0,0,0,OVER_BUDGET,OVER_BUDGET
30B,heldout,1697,clear_table_with_two_robots_and_put_in_cabinet,1,0,0,0,infeasible_assignment,infeasible_assignment
30B,heldout,1703,toast_bread_and_set_plate,0,0,0,0,GOAL_UNMET,GOAL_UNMET
30B,heldout,1704,parallel_human_dual_asset_to_plate_or_bowl,0,1,1,1,SOLVED,SOLVED
30B,heldout,1706,clear_table_with_two_robots_and_put_in_cabinet,1,0,0,0,infeasible_assignment,infeasible_assignment
30B,heldout,1707,clear_table_with_two_robots_and_put_in_cabinet,1,0,0,0,infeasible_assignment,infeasible_assignment
30B,heldout,1709,toast_bread_and_set_plate,0,0,0,0,OVER_BUDGET,OVER_BUDGET
30B,heldout,1714,ensure_all_fruits_on_table,0,1,1,1,SOLVED,SOLVED
30B,heldout,1715,cut_two_fruits_on_board,0,0,0,0,GOAL_UNMET,GOAL_UNMET
30B,heldout,1716,cut_fruit_on_board,0,0,0,0,GOAL_UNMET,GOAL_UNMET
30B,heldout,1719,toast_bread_and_set_plate,0,0,0,0,OVER_BUDGET,OVER_BUDGET
30B,heldout,1720,cut_fruit_on_board,0,1,1,1,SOLVED,SOLVED
30B,heldout,1724,cut_two_fruits_on_board,0,1,1,1,SOLVED,SOLVED
30B,heldout,1725,clear_table_with_two_robots_and_put_in_cabinet,1,0,0,0,infeasible_assignment,infeasible_assignment
30B,heldout,1726,clear_table_with_two_robots_and_put_in_cabinet,1,0,0,0,infeasible_assignment,infeasible_assignment
30B,heldout,1728,cut_fruit_on_board,0,0,0,0,OVER_BUDGET,OVER_BUDGET
30B,heldout,1729,ensure_all_fruits_on_table,0,0,0,0,GOAL_UNMET,GOAL_UNMET
30B,heldout,1730,cut_fruit_on_board,0,1,1,1,SOLVED,SOLVED
30B,heldout,1731,cut_two_fruits_on_board,0,1,1,1,SOLVED,SOLVED
30B,heldout,1732,cut_fruit_on_board,0,1,1,1,SOLVED,SOLVED
30B,heldout,1734,cut_fruit_on_board,0,0,0,0,OVER_BUDGET,OVER_BUDGET
30B,heldout,1735,ensure_all_fruits_on_table,0,1,1,1,SOLVED,SOLVED
30B,heldout,1736,clear_table_with_two_robots_and_put_in_cabinet,1,0,0,0,infeasible_assignment,infeasible_assignment
30B,heldout,1738,toast_bread_and_set_plate,0,0,0,0,OVER_BUDGET,OVER_BUDGET
30B,heldout,1740,dog_push_box_for_two_panda_transport,1,0,0,0,infeasible_assignment,infeasible_assignment
30B,heldout,1741,cut_fruit_on_board,0,1,1,1,SOLVED,SOLVED
30B,heldout,1743,cut_fruit_on_board,0,1,1,1,SOLVED,SOLVED
30B,heldout,1744,clear_table_with_two_robots_and_put_in_cabinet,1,0,0,0,infeasible_assignment,infeasible_assignment
30B,heldout,1745,cut_fruit_on_board,0,1,1,1,SOLVED,SOLVED
30B,heldout,1750,cut_fruit_on_board,0,1,1,1,SOLVED,SOLVED
30B,heldout,1751,clear_table_with_two_robots_and_put_in_cabinet,1,0,0,0,infeasible_assignment,infeasible_assignment
30B,heldout,1753,clear_table_with_two_robots_and_put_in_cabinet,1,0,0,0,infeasible_assignment,infeasible_assignment
30B,heldout,1755,cut_fruit_on_board,0,1,1,1,SOLVED,SOLVED
30B,heldout,1759,cut_fruit_on_board,0,1,1,1,SOLVED,SOLVED
30B,heldout,1762,clear_table_with_two_robots_and_put_in_cabinet,1,0,0,0,infeasible_assignment,infeasible_assignment
30B,heldout,1763,parallel_human_dual_asset_to_plate_or_bowl,0,1,1,1,SOLVED,SOLVED
30B,heldout,1764,clear_table_with_two_robots_and_put_in_cabinet,1,0,0,0,infeasible_assignment,infeasible_assignment
30B,heldout,1766,cut_fruit_on_board,0,1,1,1,SOLVED,SOLVED
30B,heldout,1767,set_plate_and_fork_on_table,0,0,0,0,GOAL_UNMET,GOAL_UNMET
30B,heldout,1769,cut_fruit_on_board,0,0,0,0,OVER_BUDGET,OVER_BUDGET
30B,heldout,1770,clear_table_with_two_robots_and_put_in_cabinet,1,0,0,0,infeasible_assignment,infeasible_assignment
30B,heldout,1771,clear_table_with_two_robots_and_put_in_cabinet,1,0,0,0,infeasible_assignment,infeasible_assignment
30B,heldout,1772,cut_two_fruits_on_board,0,0,0,0,GOAL_UNMET,GOAL_UNMET
30B,heldout,1778,parallel_human_dual_asset_to_plate_or_bowl,0,1,1,1,SOLVED,SOLVED
30B,heldout,1780,dog_push_box_for_two_panda_transport,1,0,0,0,infeasible_assignment,infeasible_assignment
30B,heldout,1781,clear_table_with_two_robots_and_put_in_cabinet,1,0,0,0,infeasible_assignment,infeasible_assignment
30B,heldout,1782,toast_bread_and_set_plate,0,0,0,0,OVER_BUDGET,OVER_BUDGET
30B,heldout,1784,toast_bread_and_set_plate,0,0,0,0,OVER_BUDGET,OVER_BUDGET
30B,heldout,1785,clear_table_with_two_robots_and_put_in_cabinet,1,0,0,0,infeasible_assignment,infeasible_assignment
30B,heldout,1786,set_plate_and_fork_on_table,0,0,0,0,GOAL_UNMET,GOAL_UNMET
30B,heldout,1787,set_plate_and_fork_on_table,0,0,0,0,GOAL_UNMET,GOAL_UNMET
30B,heldout,1792,cut_fruit_on_board,0,1,1,1,SOLVED,SOLVED
30B,heldout,1795,clear_table_with_two_robots_and_put_in_cabinet,1,0,0,0,infeasible_assignment,infeasible_assignment
30B,heldout,1796,cut_two_fruits_on_board,0,0,0,0,GOAL_UNMET,GOAL_UNMET
30B,heldout,1797,set_plate_and_fork_on_table,0,0,0,0,GOAL_UNMET,GOAL_UNMET
30B,heldout,1798,clear_table_with_two_robots_and_put_in_cabinet,1,0,0,0,infeasible_assignment,infeasible_assignment
30B,heldout,1799,cut_fruit_on_board,0,0,0,0,OVER_BUDGET,OVER_BUDGET
30B,heldout_sibgrp,2,dog_push_box_for_two_panda_transport,1,0,0,0,infeasible_assignment,infeasible_assignment
30B,heldout_sibgrp,3,ensure_all_fruits_on_table,0,1,1,1,SOLVED,SOLVED
30B,heldout_sibgrp,5,toast_bread_and_set_plate,0,0,0,0,OVER_BUDGET,OVER_BUDGET
30B,heldout_sibgrp,10,cut_fruit_on_board,0,0,0,0,GOAL_UNMET,GOAL_UNMET
30B,heldout_sibgrp,13,set_plate_and_fork_on_table,0,0,0,0,GOAL_UNMET,GOAL_UNMET
30B,heldout_sibgrp,14,toast_bread_and_set_plate,0,0,0,0,OVER_BUDGET,OVER_BUDGET
30B,heldout_sibgrp,15,clear_table_with_two_robots_and_put_in_cabinet,1,0,0,0,infeasible_assignment,infeasible_assignment
30B,heldout_sibgrp,19,cut_fruit_on_board,0,0,0,0,GOAL_UNMET,GOAL_UNMET
30B,heldout_sibgrp,20,ensure_all_fruits_on_table,0,1,1,1,SOLVED,SOLVED
30B,heldout_sibgrp,21,toast_bread_and_set_plate,0,0,0,0,OVER_BUDGET,OVER_BUDGET
30B,heldout_sibgrp,24,cut_fruit_on_board,0,0,0,0,GOAL_UNMET,GOAL_UNMET
30B,heldout_sibgrp,26,cut_two_fruits_on_board,0,0,0,0,GOAL_UNMET,GOAL_UNMET
30B,heldout_sibgrp,27,cut_two_fruits_on_board,0,0,0,0,GOAL_UNMET,GOAL_UNMET
30B,heldout_sibgrp,28,cut_fruit_on_board,0,0,0,0,OVER_BUDGET,OVER_BUDGET
30B,heldout_sibgrp,34,toast_bread_and_set_plate,0,0,0,0,OVER_BUDGET,OVER_BUDGET
30B,heldout_sibgrp,37,clear_table_with_two_robots_and_put_in_cabinet,1,0,0,0,infeasible_assignment,infeasible_assignment
30B,heldout_sibgrp,39,cut_two_fruits_on_board,0,0,0,0,GOAL_UNMET,GOAL_UNMET
30B,heldout_sibgrp,40,cut_two_fruits_on_board,0,0,0,0,GOAL_UNMET,GOAL_UNMET
30B,heldout_sibgrp,42,dog_push_box_for_two_panda_transport,1,0,0,0,infeasible_assignment,infeasible_assignment
30B,heldout_sibgrp,43,dog_push_box_for_two_panda_transport,1,0,0,0,infeasible_assignment,infeasible_assignment
30B,heldout_sibgrp,47,cut_two_fruits_on_board,0,0,0,0,GOAL_UNMET,GOAL_UNMET
30B,heldout_sibgrp,48,cut_fruit_on_board,0,0,0,0,OVER_BUDGET,OVER_BUDGET
30B,heldout_sibgrp,50,clear_table_with_two_robots_and_put_in_cabinet,1,0,0,0,infeasible_assignment,infeasible_assignment
30B,heldout_sibgrp,52,clear_table_with_two_robots_and_put_in_cabinet,1,0,0,0,infeasible_assignment,infeasible_assignment
30B,heldout_sibgrp,53,set_plate_and_fork_on_table,0,0,0,0,GOAL_UNMET,GOAL_UNMET
30B,heldout_sibgrp,54,toast_bread_and_set_plate,0,0,0,0,OVER_BUDGET,OVER_BUDGET
30B,heldout_sibgrp,55,clear_table_with_two_robots_and_put_in_cabinet,1,0,0,0,infeasible_assignment,infeasible_assignment
30B,heldout_sibgrp,56,set_plate_and_fork_on_table,0,0,0,0,GOAL_UNMET,GOAL_UNMET
30B,heldout_sibgrp,61,clear_table_with_two_robots_and_put_in_cabinet,1,0,0,0,infeasible_assignment,infeasible_assignment
30B,heldout_sibgrp,63,clear_table_with_two_robots_and_put_in_cabinet,1,0,0,0,infeasible_assignment,infeasible_assignment
30B,heldout_sibgrp,67,toast_bread_and_set_plate,0,0,0,0,OVER_BUDGET,OVER_BUDGET
30B,heldout_sibgrp,68,cut_fruit_on_board,0,0,0,0,GOAL_UNMET,GOAL_UNMET
30B,heldout_sibgrp,71,clear_table_with_two_robots_and_put_in_cabinet,1,0,0,0,infeasible_assignment,infeasible_assignment
30B,heldout_sibgrp,75,cut_two_fruits_on_board,0,0,0,0,GOAL_UNMET,GOAL_UNMET
30B,heldout_sibgrp,78,cut_two_fruits_on_board,0,0,0,0,OVER_BUDGET,OVER_BUDGET
30B,heldout_sibgrp,81,clear_table_with_two_robots_and_put_in_cabinet,1,0,0,0,infeasible_assignment,infeasible_assignment
30B,heldout_sibgrp,87,parallel_human_dual_asset_to_plate_or_bowl,0,1,1,1,SOLVED,SOLVED
30B,heldout_sibgrp,94,set_plate_and_fork_on_table,0,0,0,0,OVER_BUDGET,OVER_BUDGET
30B,heldout_sibgrp,95,cut_two_fruits_on_board,0,0,0,0,GOAL_UNMET,GOAL_UNMET
30B,heldout_sibgrp,96,set_plate_and_fork_on_table,0,0,0,0,GOAL_UNMET,GOAL_UNMET
30B,heldout_sibgrp,97,clear_table_with_two_robots_and_put_in_cabinet,1,0,0,0,infeasible_assignment,infeasible_assignment
30B,heldout_sibgrp,98,cut_fruit_on_board,0,0,0,0,GOAL_UNMET,GOAL_UNMET
30B,heldout_sibgrp,99,clear_table_with_two_robots_and_put_in_cabinet,1,0,0,0,infeasible_assignment,infeasible_assignment
30B,heldout_sibgrp,100,set_plate_and_fork_on_table,0,0,0,0,GOAL_UNMET,GOAL_UNMET
30B,heldout_sibgrp,102,cut_fruit_on_board,0,0,0,0,GOAL_UNMET,GOAL_UNMET
30B,heldout_sibgrp,103,cut_two_fruits_on_board,0,0,0,0,GOAL_UNMET,GOAL_UNMET
30B,heldout_sibgrp,105,cut_fruit_on_board,0,0,0,0,GOAL_UNMET,GOAL_UNMET
30B,heldout_sibgrp,107,toast_bread_and_set_plate,0,0,0,0,OVER_BUDGET,OVER_BUDGET
30B,heldout_sibgrp,109,cut_fruit_on_board,0,0,0,0,GOAL_UNMET,GOAL_UNMET
30B,heldout_sibgrp,110,set_plate_and_fork_on_table,0,0,0,0,GOAL_UNMET,GOAL_UNMET
30B,heldout_sibgrp,111,clear_table_with_two_robots_and_put_in_cabinet,1,0,0,0,infeasible_assignment,infeasible_assignment
30B,heldout_sibgrp,115,set_plate_and_fork_on_table,0,0,0,0,GOAL_UNMET,GOAL_UNMET
30B,heldout_sibgrp,117,clear_table_with_two_robots_and_put_in_cabinet,1,0,0,0,infeasible_assignment,infeasible_assignment
30B,heldout_sibgrp,118,ensure_all_fruits_on_table,0,1,1,1,SOLVED,SOLVED
30B,heldout_sibgrp,119,cut_fruit_on_board,0,0,0,0,OVER_BUDGET,OVER_BUDGET
30B,heldout_sibgrp,120,toast_bread_and_set_plate,0,0,0,0,OVER_BUDGET,OVER_BUDGET
30B,heldout_sibgrp,121,ensure_all_fruits_on_table,0,1,1,1,SOLVED,SOLVED
30B,heldout_sibgrp,122,dog_push_box_for_two_panda_transport,1,0,0,0,infeasible_assignment,infeasible_assignment
30B,heldout_sibgrp,125,clear_table_with_two_robots_and_put_in_cabinet,1,0,0,0,infeasible_assignment,infeasible_assignment
30B,heldout_sibgrp,127,ensure_all_fruits_on_table,0,1,1,1,SOLVED,SOLVED
30B,heldout_sibgrp,128,cut_fruit_on_board,0,0,0,0,GOAL_UNMET,GOAL_UNMET
30B,heldout_sibgrp,129,toast_bread_and_set_plate,0,0,0,0,OVER_BUDGET,OVER_BUDGET
30B,heldout_sibgrp,131,set_plate_and_fork_on_table,0,0,0,0,GOAL_UNMET,GOAL_UNMET
30B,heldout_sibgrp,132,parallel_human_dual_asset_to_plate_or_bowl,0,1,1,1,SOLVED,SOLVED
30B,heldout_sibgrp,134,toast_bread_and_set_plate,0,0,0,0,OVER_BUDGET,OVER_BUDGET
30B,heldout_sibgrp,137,cut_fruit_on_board,0,0,0,0,GOAL_UNMET,GOAL_UNMET
30B,heldout_sibgrp,138,clear_table_with_two_robots_and_put_in_cabinet,1,0,0,0,infeasible_assignment,infeasible_assignment
30B,heldout_sibgrp,140,clear_table_with_two_robots_and_put_in_cabinet,1,0,0,0,infeasible_assignment,infeasible_assignment
30B,heldout_sibgrp,141,toast_bread_and_set_plate,0,0,0,0,OVER_BUDGET,OVER_BUDGET
30B,heldout_sibgrp,142,cut_two_fruits_on_board,0,0,0,0,GOAL_UNMET,GOAL_UNMET
30B,heldout_sibgrp,144,parallel_human_dual_asset_to_plate_or_bowl,0,1,1,1,SOLVED,SOLVED
30B,heldout_sibgrp,145,set_plate_and_fork_on_table,0,0,0,0,GOAL_UNMET,GOAL_UNMET
30B,heldout_sibgrp,146,ensure_all_fruits_on_table,0,1,1,1,SOLVED,SOLVED
30B,heldout_sibgrp,147,toast_bread_and_set_plate,0,0,0,0,OVER_BUDGET,OVER_BUDGET
30B,heldout_sibgrp,148,clear_table_with_two_robots_and_put_in_cabinet,1,0,0,0,infeasible_assignment,infeasible_assignment
30B,heldout_sibgrp,149,cut_two_fruits_on_board,0,0,0,0,GOAL_UNMET,GOAL_UNMET
30B,heldout_sibgrp,151,ensure_all_fruits_on_table,0,1,1,1,SOLVED,SOLVED
30B,heldout_sibgrp,152,ensure_all_fruits_on_table,0,1,1,1,SOLVED,SOLVED
30B,heldout_sibgrp,155,cut_fruit_on_board,0,0,0,0,GOAL_UNMET,GOAL_UNMET
30B,heldout_sibgrp,156,cut_two_fruits_on_board,0,0,0,0,GOAL_UNMET,GOAL_UNMET
30B,heldout_sibgrp,163,cut_two_fruits_on_board,0,0,0,0,GOAL_UNMET,GOAL_UNMET
30B,heldout_sibgrp,164,parallel_human_dual_asset_to_plate_or_bowl,0,1,1,1,SOLVED,SOLVED
30B,heldout_sibgrp,165,clear_table_with_two_robots_and_put_in_cabinet,1,0,0,0,infeasible_assignment,infeasible_assignment
30B,heldout_sibgrp,166,clear_table_with_two_robots_and_put_in_cabinet,1,0,0,0,infeasible_assignment,infeasible_assignment
30B,heldout_sibgrp,167,toast_bread_and_set_plate,0,0,0,0,OVER_BUDGET,OVER_BUDGET
30B,heldout_sibgrp,168,cut_fruit_on_board,0,0,0,0,GOAL_UNMET,GOAL_UNMET
30B,heldout_sibgrp,171,cut_fruit_on_board,0,0,0,0,GOAL_UNMET,GOAL_UNMET
30B,heldout_sibgrp,172,cut_two_fruits_on_board,0,0,0,0,GOAL_UNMET,GOAL_UNMET
30B,heldout_sibgrp,173,toast_bread_and_set_plate,0,0,0,0,OVER_BUDGET,OVER_BUDGET
30B,heldout_sibgrp,174,cut_fruit_on_board,0,0,0,0,GOAL_UNMET,GOAL_UNMET
30B,heldout_sibgrp,175,set_plate_and_fork_on_table,0,0,0,0,GOAL_UNMET,GOAL_UNMET
30B,heldout_sibgrp,176,cut_two_fruits_on_board,0,0,0,0,GOAL_UNMET,GOAL_UNMET
30B,heldout_sibgrp,177,toast_bread_and_set_plate,0,0,0,0,OVER_BUDGET,OVER_BUDGET
30B,heldout_sibgrp,178,clear_table_with_two_robots_and_put_in_cabinet,1,0,0,0,infeasible_assignment,infeasible_assignment
30B,heldout_sibgrp,179,toast_bread_and_set_plate,0,0,0,0,OVER_BUDGET,OVER_BUDGET
30B,heldout_sibgrp,180,parallel_human_dual_asset_to_plate_or_bowl,0,1,1,1,SOLVED,SOLVED
30B,heldout_sibgrp,181,clear_table_with_two_robots_and_put_in_cabinet,1,0,0,0,infeasible_assignment,infeasible_assignment
30B,heldout_sibgrp,182,clear_table_with_two_robots_and_put_in_cabinet,1,0,0,0,infeasible_assignment,infeasible_assignment
30B,heldout_sibgrp,184,clear_table_with_two_robots_and_put_in_cabinet,1,0,0,0,infeasible_assignment,infeasible_assignment
30B,heldout_sibgrp,186,toast_bread_and_set_plate,0,0,0,0,OVER_BUDGET,OVER_BUDGET
30B,heldout_sibgrp,188,cut_fruit_on_board,0,0,0,0,GOAL_UNMET,GOAL_UNMET
30B,heldout_sibgrp,190,cut_fruit_on_board,0,0,0,0,OVER_BUDGET,OVER_BUDGET
30B,heldout_sibgrp,196,set_plate_and_fork_on_table,0,0,0,0,GOAL_UNMET,GOAL_UNMET
30B,heldout_sibgrp,197,clear_table_with_two_robots_and_put_in_cabinet,1,0,0,0,infeasible_assignment,infeasible_assignment
30B,heldout_sibgrp,198,cut_two_fruits_on_board,0,0,0,0,OVER_BUDGET,OVER_BUDGET
30B,heldout_sibgrp,199,cut_two_fruits_on_board,0,0,0,0,OVER_BUDGET,OVER_BUDGET
30B,heldout_sibgrp,200,clear_table_with_two_robots_and_put_in_cabinet,1,0,0,0,infeasible_assignment,infeasible_assignment
30B,heldout_sibgrp,204,cut_fruit_on_board,0,0,0,0,GOAL_UNMET,GOAL_UNMET
30B,heldout_sibgrp,205,toast_bread_and_set_plate,0,0,0,0,OVER_BUDGET,OVER_BUDGET
30B,heldout_sibgrp,206,clear_table_with_two_robots_and_put_in_cabinet,1,0,0,0,infeasible_assignment,infeasible_assignment
30B,heldout_sibgrp,207,toast_bread_and_set_plate,0,0,0,0,OVER_BUDGET,OVER_BUDGET
30B,heldout_sibgrp,209,clear_table_with_two_robots_and_put_in_cabinet,1,0,0,0,infeasible_assignment,infeasible_assignment
30B,heldout_sibgrp,211,parallel_human_dual_asset_to_plate_or_bowl,0,1,1,1,SOLVED,SOLVED
30B,heldout_sibgrp,213,set_plate_and_fork_on_table,0,0,0,0,OVER_BUDGET,OVER_BUDGET
30B,heldout_sibgrp,214,ensure_all_fruits_on_table,0,1,1,1,SOLVED,SOLVED
30B,heldout_sibgrp,215,ensure_all_fruits_on_table,0,1,1,1,SOLVED,SOLVED
30B,heldout_sibgrp,216,ensure_all_fruits_on_table,0,1,1,1,SOLVED,SOLVED
30B,heldout_sibgrp,218,set_plate_and_fork_on_table,0,0,0,0,GOAL_UNMET,GOAL_UNMET
30B,heldout_sibgrp,221,clear_table_with_two_robots_and_put_in_cabinet,1,0,0,0,infeasible_assignment,infeasible_assignment
30B,heldout_sibgrp,222,cut_two_fruits_on_board,0,0,0,0,GOAL_UNMET,GOAL_UNMET
30B,heldout_sibgrp,223,clear_table_with_two_robots_and_put_in_cabinet,1,0,0,0,infeasible_assignment,infeasible_assignment
30B,heldout_sibgrp,224,clear_table_with_two_robots_and_put_in_cabinet,1,0,0,0,infeasible_assignment,infeasible_assignment
30B,heldout_sibgrp,227,toast_bread_and_set_plate,0,0,0,0,OVER_BUDGET,OVER_BUDGET
30B,heldout_sibgrp,228,dog_push_box_for_two_panda_transport,1,0,0,0,infeasible_assignment,infeasible_assignment
30B,heldout_sibgrp,229,cut_fruit_on_board,0,0,0,0,OVER_BUDGET,OVER_BUDGET
30B,heldout_sibgrp,230,parallel_human_dual_asset_to_plate_or_bowl,0,1,1,1,SOLVED,SOLVED
30B,heldout_sibgrp,233,cut_fruit_on_board,0,0,0,0,GOAL_UNMET,GOAL_UNMET
30B,heldout_sibgrp,235,ensure_all_fruits_on_table,0,1,1,1,SOLVED,SOLVED
30B,heldout_sibgrp,236,set_plate_and_fork_on_table,0,0,0,0,GOAL_UNMET,GOAL_UNMET
30B,heldout_sibgrp,237,parallel_human_dual_asset_to_plate_or_bowl,0,1,1,1,SOLVED,SOLVED
30B,heldout_sibgrp,240,cut_fruit_on_board,0,0,0,0,GOAL_UNMET,GOAL_UNMET
30B,heldout_sibgrp,241,set_plate_and_fork_on_table,0,0,0,0,GOAL_UNMET,GOAL_UNMET
30B,heldout_sibgrp,242,toast_bread_and_set_plate,0,0,0,0,OVER_BUDGET,OVER_BUDGET
30B,heldout_sibgrp,248,cut_fruit_on_board,0,0,0,0,OVER_BUDGET,OVER_BUDGET
30B,heldout_sibgrp,249,parallel_human_dual_asset_to_plate_or_bowl,0,1,1,1,SOLVED,SOLVED
30B,heldout_sibgrp,251,parallel_human_dual_asset_to_plate_or_bowl,0,1,1,1,SOLVED,SOLVED
30B,heldout_sibgrp,253,parallel_human_dual_asset_to_plate_or_bowl,0,1,1,1,SOLVED,SOLVED
30B,heldout_sibgrp,254,set_plate_and_fork_on_table,0,0,0,0,GOAL_UNMET,GOAL_UNMET
30B,heldout_sibgrp,255,clear_table_with_two_robots_and_put_in_cabinet,1,0,0,0,infeasible_assignment,infeasible_assignment
30B,heldout_sibgrp,258,dog_push_box_for_two_panda_transport,1,0,0,0,infeasible_assignment,infeasible_assignment
30B,heldout_sibgrp,261,parallel_human_dual_asset_to_plate_or_bowl,0,1,1,1,SOLVED,SOLVED
30B,heldout_sibgrp,267,parallel_human_dual_asset_to_plate_or_bowl,0,1,1,1,SOLVED,SOLVED
30B,heldout_sibgrp,269,toast_bread_and_set_plate,0,0,0,0,OVER_BUDGET,OVER_BUDGET
30B,heldout_sibgrp,270,toast_bread_and_set_plate,0,0,0,0,OVER_BUDGET,OVER_BUDGET
30B,heldout_sibgrp,271,clear_table_with_two_robots_and_put_in_cabinet,1,0,0,0,infeasible_assignment,infeasible_assignment
30B,heldout_sibgrp,272,set_plate_and_fork_on_table,0,0,0,0,OVER_BUDGET,OVER_BUDGET
30B,heldout_sibgrp,275,cut_fruit_on_board,0,0,0,0,GOAL_UNMET,GOAL_UNMET
30B,heldout_sibgrp,277,cut_two_fruits_on_board,0,0,0,0,GOAL_UNMET,GOAL_UNMET
30B,heldout_sibgrp,278,toast_bread_and_set_plate,0,0,0,0,OVER_BUDGET,OVER_BUDGET
30B,heldout_sibgrp,279,parallel_human_dual_asset_to_plate_or_bowl,0,1,1,1,SOLVED,SOLVED
30B,heldout_sibgrp,280,cut_fruit_on_board,0,0,0,0,GOAL_UNMET,GOAL_UNMET
30B,heldout_sibgrp,283,cut_two_fruits_on_board,0,0,0,0,GOAL_UNMET,GOAL_UNMET
30B,heldout_sibgrp,284,dog_push_box_for_two_panda_transport,1,0,0,0,infeasible_assignment,infeasible_assignment
30B,heldout_sibgrp,287,set_plate_and_fork_on_table,0,0,0,0,GOAL_UNMET,GOAL_UNMET
30B,heldout_sibgrp,293,ensure_all_fruits_on_table,0,0,0,0,GOAL_UNMET,GOAL_UNMET
30B,heldout_sibgrp,295,toast_bread_and_set_plate,0,1,1,1,SOLVED,SOLVED
30B,heldout_sibgrp,296,cut_fruit_on_board,0,0,0,0,OVER_BUDGET,OVER_BUDGET
30B,heldout_sibgrp,297,parallel_human_dual_asset_to_plate_or_bowl,0,0,0,0,OVER_BUDGET,OVER_BUDGET
30B,heldout_sibgrp,298,parallel_human_dual_asset_to_plate_or_bowl,0,0,0,0,OVER_BUDGET,OVER_BUDGET
30B,heldout_sibgrp,299,clear_table_with_two_robots_and_put_in_cabinet,1,0,0,0,infeasible_assignment,infeasible_assignment
30B,heldout_sibgrp,302,ensure_all_fruits_on_table,0,0,0,0,GOAL_UNMET,GOAL_UNMET
30B,heldout_sibgrp,303,parallel_human_dual_asset_to_plate_or_bowl,0,1,1,1,SOLVED,SOLVED
30B,heldout_sibgrp,311,clear_table_with_two_robots_and_put_in_cabinet,1,0,0,0,infeasible_assignment,infeasible_assignment
30B,heldout_sibgrp,313,parallel_human_dual_asset_to_plate_or_bowl,0,1,1,1,SOLVED,SOLVED
30B,heldout_sibgrp,315,toast_bread_and_set_plate,0,0,0,0,OVER_BUDGET,OVER_BUDGET
30B,heldout_sibgrp,316,set_plate_and_fork_on_table,0,0,0,0,GOAL_UNMET,GOAL_UNMET
30B,heldout_sibgrp,317,ensure_all_fruits_on_table,0,1,1,1,SOLVED,SOLVED
30B,heldout_sibgrp,318,clear_table_with_two_robots_and_put_in_cabinet,1,0,0,0,infeasible_assignment,infeasible_assignment
30B,heldout_sibgrp,323,cut_fruit_on_board,0,0,0,0,OVER_BUDGET,OVER_BUDGET
30B,heldout_sibgrp,324,toast_bread_and_set_plate,0,0,0,0,OVER_BUDGET,OVER_BUDGET
30B,heldout_sibgrp,325,clear_table_with_two_robots_and_put_in_cabinet,1,0,0,0,infeasible_assignment,infeasible_assignment
30B,heldout_sibgrp,329,clear_table_with_two_robots_and_put_in_cabinet,1,0,0,0,infeasible_assignment,infeasible_assignment
30B,heldout_sibgrp,330,ensure_all_fruits_on_table,0,0,0,0,GOAL_UNMET,GOAL_UNMET
30B,heldout_sibgrp,334,set_plate_and_fork_on_table,0,0,0,0,GOAL_UNMET,GOAL_UNMET
30B,heldout_sibgrp,339,toast_bread_and_set_plate,0,0,0,0,OVER_BUDGET,OVER_BUDGET
30B,heldout_sibgrp,340,set_plate_and_fork_on_table,0,0,0,0,OVER_BUDGET,OVER_BUDGET
30B,heldout_sibgrp,344,cut_fruit_on_board,0,0,0,0,GOAL_UNMET,GOAL_UNMET
30B,heldout_sibgrp,345,clear_table_with_two_robots_and_put_in_cabinet,1,0,0,0,infeasible_assignment,infeasible_assignment
30B,heldout_sibgrp,346,cut_fruit_on_board,0,0,0,0,OVER_BUDGET,OVER_BUDGET
30B,heldout_sibgrp,347,cut_fruit_on_board,0,0,0,0,GOAL_UNMET,GOAL_UNMET
30B,heldout_sibgrp,348,cut_fruit_on_board,0,0,0,0,GOAL_UNMET,GOAL_UNMET
30B,heldout_sibgrp,349,toast_bread_and_set_plate,0,0,0,0,OVER_BUDGET,OVER_BUDGET
30B,heldout_sibgrp,352,cut_two_fruits_on_board,0,0,0,0,OVER_BUDGET,OVER_BUDGET
30B,heldout_sibgrp,353,cut_two_fruits_on_board,0,0,0,0,GOAL_UNMET,GOAL_UNMET
30B,heldout_sibgrp,358,cut_two_fruits_on_board,0,0,0,0,GOAL_UNMET,GOAL_UNMET
30B,heldout_sibgrp,359,toast_bread_and_set_plate,0,0,0,0,OVER_BUDGET,OVER_BUDGET
30B,heldout_sibgrp,360,toast_bread_and_set_plate,0,0,0,0,OVER_BUDGET,OVER_BUDGET
30B,heldout_sibgrp,361,dog_push_box_for_two_panda_transport,1,0,0,0,infeasible_assignment,infeasible_assignment
30B,heldout_sibgrp,362,ensure_all_fruits_on_table,0,0,0,0,GOAL_UNMET,GOAL_UNMET
30B,heldout_sibgrp,364,parallel_human_dual_asset_to_plate_or_bowl,0,1,1,1,SOLVED,SOLVED
30B,heldout_sibgrp,365,cut_fruit_on_board,0,0,0,0,GOAL_UNMET,GOAL_UNMET
30B,heldout_sibgrp,366,dog_push_box_for_two_panda_transport,1,0,0,0,infeasible_assignment,infeasible_assignment
30B,heldout_sibgrp,367,cut_two_fruits_on_board,0,0,0,0,GOAL_UNMET,GOAL_UNMET
30B,heldout_sibgrp,368,set_plate_and_fork_on_table,0,0,0,0,GOAL_UNMET,GOAL_UNMET
30B,heldout_sibgrp,372,set_plate_and_fork_on_table,0,0,0,0,GOAL_UNMET,GOAL_UNMET
30B,heldout_sibgrp,375,cut_fruit_on_board,0,0,0,0,GOAL_UNMET,GOAL_UNMET
30B,heldout_sibgrp,376,cut_fruit_on_board,0,0,0,0,GOAL_UNMET,GOAL_UNMET
30B,heldout_sibgrp,378,clear_table_with_two_robots_and_put_in_cabinet,1,0,0,0,infeasible_assignment,infeasible_assignment
30B,heldout_sibgrp,381,clear_table_with_two_robots_and_put_in_cabinet,1,0,0,0,infeasible_assignment,infeasible_assignment
30B,heldout_sibgrp,382,toast_bread_and_set_plate,0,0,0,0,OVER_BUDGET,OVER_BUDGET
30B,heldout_sibgrp,383,clear_table_with_two_robots_and_put_in_cabinet,1,0,0,0,infeasible_assignment,infeasible_assignment
30B,heldout_sibgrp,391,parallel_human_dual_asset_to_plate_or_bowl,0,1,1,1,SOLVED,SOLVED
30B,heldout_sibgrp,392,set_plate_and_fork_on_table,0,0,0,0,GOAL_UNMET,GOAL_UNMET
30B,heldout_sibgrp,393,cut_fruit_on_board,0,0,0,0,GOAL_UNMET,GOAL_UNMET
30B,heldout_sibgrp,394,clear_table_with_two_robots_and_put_in_cabinet,1,0,0,0,infeasible_assignment,infeasible_assignment
30B,heldout_sibgrp,395,parallel_human_dual_asset_to_plate_or_bowl,0,1,1,1,SOLVED,SOLVED
30B,heldout_sibgrp,397,clear_table_with_two_robots_and_put_in_cabinet,1,0,0,0,infeasible_assignment,infeasible_assignment
30B,heldout_sibgrp,398,toast_bread_and_set_plate,0,0,0,0,OVER_BUDGET,OVER_BUDGET
30B,heldout_sibgrp,401,cut_two_fruits_on_board,0,0,0,0,GOAL_UNMET,GOAL_UNMET
30B,heldout_sibgrp,402,toast_bread_and_set_plate,0,1,1,1,SOLVED,SOLVED
30B,heldout_sibgrp,404,toast_bread_and_set_plate,0,0,0,0,OVER_BUDGET,OVER_BUDGET
30B,heldout_sibgrp,406,parallel_human_dual_asset_to_plate_or_bowl,0,1,1,1,SOLVED,SOLVED
30B,heldout_sibgrp,407,cut_two_fruits_on_board,0,0,0,0,GOAL_UNMET,GOAL_UNMET
30B,heldout_sibgrp,409,toast_bread_and_set_plate,0,0,0,0,OVER_BUDGET,OVER_BUDGET
30B,heldout_sibgrp,410,clear_table_with_two_robots_and_put_in_cabinet,1,0,0,0,infeasible_assignment,infeasible_assignment
30B,heldout_sibgrp,412,clear_table_with_two_robots_and_put_in_cabinet,1,0,0,0,infeasible_assignment,infeasible_assignment
30B,heldout_sibgrp,416,clear_table_with_two_robots_and_put_in_cabinet,1,0,0,0,infeasible_assignment,infeasible_assignment
30B,heldout_sibgrp,421,cut_fruit_on_board,0,0,0,0,GOAL_UNMET,GOAL_UNMET
30B,heldout_sibgrp,422,clear_table_with_two_robots_and_put_in_cabinet,1,0,0,0,infeasible_assignment,infeasible_assignment
30B,heldout_sibgrp,423,clear_table_with_two_robots_and_put_in_cabinet,1,0,0,0,infeasible_assignment,infeasible_assignment
30B,heldout_sibgrp,424,cut_two_fruits_on_board,0,0,0,0,GOAL_UNMET,GOAL_UNMET
30B,heldout_sibgrp,426,cut_two_fruits_on_board,0,0,0,0,GOAL_UNMET,GOAL_UNMET
30B,heldout_sibgrp,428,cut_two_fruits_on_board,0,0,0,0,GOAL_UNMET,GOAL_UNMET
30B,heldout_sibgrp,430,cut_fruit_on_board,0,0,0,0,GOAL_UNMET,GOAL_UNMET
30B,heldout_sibgrp,434,ensure_all_fruits_on_table,0,1,1,1,SOLVED,SOLVED
30B,heldout_sibgrp,436,cut_two_fruits_on_board,0,0,0,0,OVER_BUDGET,OVER_BUDGET
30B,heldout_sibgrp,437,toast_bread_and_set_plate,0,0,0,0,OVER_BUDGET,OVER_BUDGET
30B,heldout_sibgrp,439,cut_two_fruits_on_board,0,0,0,0,GOAL_UNMET,GOAL_UNMET
30B,heldout_sibgrp,440,clear_table_with_two_robots_and_put_in_cabinet,1,0,0,0,infeasible_assignment,infeasible_assignment
30B,heldout_sibgrp,443,toast_bread_and_set_plate,0,0,0,0,OVER_BUDGET,OVER_BUDGET
30B,heldout_sibgrp,447,dog_push_box_for_two_panda_transport,1,0,0,0,infeasible_assignment,infeasible_assignment
30B,heldout_sibgrp,451,cut_fruit_on_board,0,0,0,0,GOAL_UNMET,GOAL_UNMET
30B,heldout_sibgrp,452,cut_fruit_on_board,0,0,0,0,GOAL_UNMET,GOAL_UNMET
30B,heldout_sibgrp,454,set_plate_and_fork_on_table,1,0,0,0,OVER_BUDGET,infeasible_assignment
30B,heldout_sibgrp,458,cut_fruit_on_board,0,0,0,0,GOAL_UNMET,GOAL_UNMET
30B,heldout_sibgrp,459,parallel_human_dual_asset_to_plate_or_bowl,0,1,1,1,SOLVED,SOLVED
30B,heldout_sibgrp,462,cut_two_fruits_on_board,0,0,0,0,GOAL_UNMET,GOAL_UNMET
30B,heldout_sibgrp,466,parallel_human_dual_asset_to_plate_or_bowl,0,1,1,1,SOLVED,SOLVED
30B,heldout_sibgrp,472,parallel_human_dual_asset_to_plate_or_bowl,0,1,1,1,SOLVED,SOLVED
30B,heldout_sibgrp,474,cut_fruit_on_board,0,0,0,0,GOAL_UNMET,GOAL_UNMET
30B,heldout_sibgrp,475,clear_table_with_two_robots_and_put_in_cabinet,1,0,0,0,infeasible_assignment,infeasible_assignment
30B,heldout_sibgrp,476,cut_two_fruits_on_board,0,0,0,0,GOAL_UNMET,GOAL_UNMET
30B,heldout_sibgrp,478,toast_bread_and_set_plate,0,0,0,0,OVER_BUDGET,OVER_BUDGET
30B,heldout_sibgrp,479,cut_fruit_on_board,0,0,0,0,GOAL_UNMET,GOAL_UNMET
30B,heldout_sibgrp,480,clear_table_with_two_robots_and_put_in_cabinet,1,0,0,0,infeasible_assignment,infeasible_assignment
30B,heldout_sibgrp,481,toast_bread_and_set_plate,0,0,0,0,OVER_BUDGET,OVER_BUDGET
30B,heldout_sibgrp,484,cut_fruit_on_board,0,0,0,0,GOAL_UNMET,GOAL_UNMET
30B,heldout_sibgrp,485,dog_push_box_for_two_panda_transport,1,0,0,0,infeasible_assignment,infeasible_assignment
30B,heldout_sibgrp,486,clear_table_with_two_robots_and_put_in_cabinet,1,0,0,0,infeasible_assignment,infeasible_assignment
30B,heldout_sibgrp,487,dog_push_box_for_two_panda_transport,1,0,0,0,infeasible_assignment,infeasible_assignment
30B,heldout_sibgrp,489,toast_bread_and_set_plate,0,0,0,0,OVER_BUDGET,OVER_BUDGET
30B,heldout_sibgrp,494,clear_table_with_two_robots_and_put_in_cabinet,1,0,0,0,infeasible_assignment,infeasible_assignment
30B,heldout_sibgrp,496,parallel_human_dual_asset_to_plate_or_bowl,0,1,1,1,SOLVED,SOLVED
30B,heldout_sibgrp,497,cut_fruit_on_board,0,0,0,0,GOAL_UNMET,GOAL_UNMET
30B,heldout_sibgrp,498,cut_fruit_on_board,0,0,0,0,OVER_BUDGET,OVER_BUDGET
30B,heldout_sibgrp,501,cut_fruit_on_board,0,0,0,0,GOAL_UNMET,GOAL_UNMET
30B,heldout_sibgrp,502,clear_table_with_two_robots_and_put_in_cabinet,1,0,0,0,infeasible_assignment,infeasible_assignment
30B,heldout_sibgrp,503,parallel_human_dual_asset_to_plate_or_bowl,0,1,1,1,SOLVED,SOLVED
30B,heldout_sibgrp,504,toast_bread_and_set_plate,0,0,0,0,OVER_BUDGET,OVER_BUDGET
30B,heldout_sibgrp,507,cut_two_fruits_on_board,0,0,0,0,GOAL_UNMET,GOAL_UNMET
30B,heldout_sibgrp,510,parallel_human_dual_asset_to_plate_or_bowl,0,1,1,1,SOLVED,SOLVED
30B,heldout_sibgrp,512,clear_table_with_two_robots_and_put_in_cabinet,1,0,0,0,infeasible_assignment,infeasible_assignment
30B,heldout_sibgrp,513,parallel_human_dual_asset_to_plate_or_bowl,0,1,1,1,SOLVED,SOLVED
30B,heldout_sibgrp,515,clear_table_with_two_robots_and_put_in_cabinet,1,0,0,0,infeasible_assignment,infeasible_assignment
30B,heldout_sibgrp,516,cut_fruit_on_board,0,0,0,0,GOAL_UNMET,GOAL_UNMET
30B,heldout_sibgrp,517,toast_bread_and_set_plate,0,0,0,0,OVER_BUDGET,OVER_BUDGET
30B,heldout_sibgrp,519,cut_fruit_on_board,0,0,0,0,GOAL_UNMET,GOAL_UNMET
30B,heldout_sibgrp,520,set_plate_and_fork_on_table,0,0,0,0,GOAL_UNMET,GOAL_UNMET
30B,heldout_sibgrp,525,clear_table_with_two_robots_and_put_in_cabinet,1,0,0,0,infeasible_assignment,infeasible_assignment
30B,heldout_sibgrp,531,cut_two_fruits_on_board,0,0,0,0,GOAL_UNMET,GOAL_UNMET
30B,heldout_sibgrp,532,ensure_all_fruits_on_table,0,1,1,1,SOLVED,SOLVED
30B,heldout_sibgrp,536,set_plate_and_fork_on_table,0,0,0,0,GOAL_UNMET,GOAL_UNMET
30B,heldout_sibgrp,537,ensure_all_fruits_on_table,0,1,1,1,SOLVED,SOLVED
30B,heldout_sibgrp,539,ensure_all_fruits_on_table,0,1,1,1,SOLVED,SOLVED
30B,heldout_sibgrp,541,cut_fruit_on_board,0,0,0,0,GOAL_UNMET,GOAL_UNMET
30B,heldout_sibgrp,544,clear_table_with_two_robots_and_put_in_cabinet,1,0,0,0,infeasible_assignment,infeasible_assignment
30B,heldout_sibgrp,545,clear_table_with_two_robots_and_put_in_cabinet,1,0,0,0,infeasible_assignment,infeasible_assignment
30B,heldout_sibgrp,546,ensure_all_fruits_on_table,0,0,0,0,UNPARSEABLE,NO_USABLE_WORK
30B,heldout_sibgrp,548,parallel_human_dual_asset_to_plate_or_bowl,0,1,1,1,SOLVED,SOLVED
30B,heldout_sibgrp,549,cut_two_fruits_on_board,0,0,0,0,GOAL_UNMET,GOAL_UNMET
30B,heldout_sibgrp,551,set_plate_and_fork_on_table,0,0,0,0,GOAL_UNMET,GOAL_UNMET
30B,heldout_sibgrp,552,cut_two_fruits_on_board,0,0,0,0,GOAL_UNMET,GOAL_UNMET
30B,heldout_sibgrp,555,parallel_human_dual_asset_to_plate_or_bowl,0,1,1,1,SOLVED,SOLVED
30B,heldout_sibgrp,559,ensure_all_fruits_on_table,0,1,1,1,SOLVED,SOLVED
30B,heldout_sibgrp,561,set_plate_and_fork_on_table,0,1,1,1,SOLVED,SOLVED
30B,heldout_sibgrp,562,ensure_all_fruits_on_table,0,0,0,0,GOAL_UNMET,GOAL_UNMET
30B,heldout_sibgrp,563,cut_fruit_on_board,0,0,0,0,GOAL_UNMET,GOAL_UNMET
30B,heldout_sibgrp,564,set_plate_and_fork_on_table,0,0,0,0,GOAL_UNMET,GOAL_UNMET
30B,heldout_sibgrp,566,set_plate_and_fork_on_table,0,1,1,1,SOLVED,SOLVED
30B,heldout_sibgrp,569,cut_two_fruits_on_board,0,0,0,0,OVER_BUDGET,OVER_BUDGET
30B,heldout_sibgrp,570,clear_table_with_two_robots_and_put_in_cabinet,1,0,0,0,infeasible_assignment,infeasible_assignment
30B,heldout_sibgrp,571,cut_fruit_on_board,0,0,0,0,GOAL_UNMET,GOAL_UNMET
30B,heldout_sibgrp,572,toast_bread_and_set_plate,0,0,0,0,OVER_BUDGET,OVER_BUDGET
30B,heldout_sibgrp,573,toast_bread_and_set_plate,0,0,0,0,OVER_BUDGET,OVER_BUDGET
30B,heldout_sibgrp,576,parallel_human_dual_asset_to_plate_or_bowl,0,1,1,1,SOLVED,SOLVED
30B,heldout_sibgrp,578,ensure_all_fruits_on_table,0,0,0,0,GOAL_UNMET,GOAL_UNMET
30B,heldout_sibgrp,579,toast_bread_and_set_plate,0,0,0,0,OVER_BUDGET,OVER_BUDGET
30B,heldout_sibgrp,581,clear_table_with_two_robots_and_put_in_cabinet,1,0,0,0,infeasible_assignment,infeasible_assignment
30B,heldout_sibgrp,582,ensure_all_fruits_on_table,0,0,0,0,GOAL_UNMET,GOAL_UNMET
30B,heldout_sibgrp,584,set_plate_and_fork_on_table,0,0,0,0,GOAL_UNMET,GOAL_UNMET
30B,heldout_sibgrp,586,ensure_all_fruits_on_table,0,1,1,1,SOLVED,SOLVED
30B,heldout_sibgrp,587,cut_fruit_on_board,0,0,0,0,GOAL_UNMET,GOAL_UNMET
30B,heldout_sibgrp,592,parallel_human_dual_asset_to_plate_or_bowl,0,1,1,1,SOLVED,SOLVED
30B,heldout_sibgrp,594,clear_table_with_two_robots_and_put_in_cabinet,1,0,0,0,infeasible_assignment,infeasible_assignment
30B,heldout_sibgrp,596,toast_bread_and_set_plate,0,0,0,0,OVER_BUDGET,OVER_BUDGET
30B,heldout_sibgrp,598,clear_table_with_two_robots_and_put_in_cabinet,1,0,0,0,infeasible_assignment,infeasible_assignment
30B,heldout_sibgrp,600,cut_two_fruits_on_board,0,0,0,0,GOAL_UNMET,GOAL_UNMET
30B,heldout_sibgrp,601,set_plate_and_fork_on_table,0,0,0,0,GOAL_UNMET,GOAL_UNMET
30B,heldout_sibgrp,602,clear_table_with_two_robots_and_put_in_cabinet,1,0,0,0,infeasible_assignment,infeasible_assignment
30B,heldout_sibgrp,605,toast_bread_and_set_plate,0,0,0,0,OVER_BUDGET,OVER_BUDGET
30B,heldout_sibgrp,607,toast_bread_and_set_plate,0,0,0,0,OVER_BUDGET,OVER_BUDGET
30B,heldout_sibgrp,608,clear_table_with_two_robots_and_put_in_cabinet,1,0,0,0,infeasible_assignment,infeasible_assignment
30B,heldout_sibgrp,612,clear_table_with_two_robots_and_put_in_cabinet,1,0,0,0,infeasible_assignment,infeasible_assignment
30B,heldout_sibgrp,613,toast_bread_and_set_plate,0,0,0,0,OVER_BUDGET,OVER_BUDGET
30B,heldout_sibgrp,617,cut_fruit_on_board,0,0,0,0,GOAL_UNMET,GOAL_UNMET
30B,heldout_sibgrp,620,toast_bread_and_set_plate,0,0,0,0,OVER_BUDGET,OVER_BUDGET
30B,heldout_sibgrp,621,cut_fruit_on_board,0,0,0,0,GOAL_UNMET,GOAL_UNMET
30B,heldout_sibgrp,622,parallel_human_dual_asset_to_plate_or_bowl,0,1,1,1,SOLVED,SOLVED
30B,heldout_sibgrp,623,cut_fruit_on_board,0,0,0,0,GOAL_UNMET,GOAL_UNMET
30B,heldout_sibgrp,628,toast_bread_and_set_plate,0,0,0,0,OVER_BUDGET,OVER_BUDGET
30B,heldout_sibgrp,630,cut_fruit_on_board,0,0,0,0,GOAL_UNMET,GOAL_UNMET
30B,heldout_sibgrp,631,ensure_all_fruits_on_table,0,1,1,1,SOLVED,SOLVED
30B,heldout_sibgrp,632,ensure_all_fruits_on_table,0,1,1,1,SOLVED,SOLVED
30B,heldout_sibgrp,634,set_plate_and_fork_on_table,0,0,0,0,GOAL_UNMET,GOAL_UNMET
30B,heldout_sibgrp,635,parallel_human_dual_asset_to_plate_or_bowl,0,1,1,1,SOLVED,SOLVED
30B,heldout_sibgrp,636,cut_fruit_on_board,0,0,0,0,GOAL_UNMET,GOAL_UNMET
30B,heldout_sibgrp,639,parallel_human_dual_asset_to_plate_or_bowl,0,1,1,1,SOLVED,SOLVED
30B,heldout_sibgrp,640,clear_table_with_two_robots_and_put_in_cabinet,1,0,0,0,infeasible_assignment,infeasible_assignment
30B,heldout_sibgrp,641,clear_table_with_two_robots_and_put_in_cabinet,1,0,0,0,infeasible_assignment,infeasible_assignment
30B,heldout_sibgrp,642,cut_fruit_on_board,0,0,0,0,GOAL_UNMET,GOAL_UNMET
30B,heldout_sibgrp,645,cut_two_fruits_on_board,0,0,0,0,GOAL_UNMET,GOAL_UNMET
30B,heldout_sibgrp,647,dog_push_box_for_two_panda_transport,1,0,0,0,infeasible_assignment,infeasible_assignment
30B,heldout_sibgrp,649,clear_table_with_two_robots_and_put_in_cabinet,1,0,0,0,infeasible_assignment,infeasible_assignment
30B,heldout_sibgrp,650,clear_table_with_two_robots_and_put_in_cabinet,1,0,0,0,infeasible_assignment,infeasible_assignment
30B,heldout_sibgrp,651,clear_table_with_two_robots_and_put_in_cabinet,1,0,0,0,infeasible_assignment,infeasible_assignment
30B,heldout_sibgrp,652,dog_push_box_for_two_panda_transport,1,0,0,0,infeasible_assignment,infeasible_assignment
30B,heldout_sibgrp,654,cut_two_fruits_on_board,0,0,0,0,GOAL_UNMET,GOAL_UNMET
30B,heldout_sibgrp,655,cut_two_fruits_on_board,0,0,0,0,GOAL_UNMET,GOAL_UNMET
30B,heldout_sibgrp,656,cut_two_fruits_on_board,0,0,0,0,GOAL_UNMET,GOAL_UNMET
30B,heldout_sibgrp,657,clear_table_with_two_robots_and_put_in_cabinet,1,0,0,0,infeasible_assignment,infeasible_assignment
30B,heldout_sibgrp,661,clear_table_with_two_robots_and_put_in_cabinet,1,0,0,0,infeasible_assignment,infeasible_assignment
30B,heldout_sibgrp,663,cut_fruit_on_board,0,0,0,0,OVER_BUDGET,OVER_BUDGET
30B,heldout_sibgrp,664,cut_fruit_on_board,0,0,0,0,GOAL_UNMET,GOAL_UNMET
30B,heldout_sibgrp,668,cut_fruit_on_board,0,0,0,0,GOAL_UNMET,GOAL_UNMET
30B,heldout_sibgrp,671,cut_two_fruits_on_board,0,0,0,0,GOAL_UNMET,GOAL_UNMET
30B,heldout_sibgrp,672,clear_table_with_two_robots_and_put_in_cabinet,1,0,0,0,infeasible_assignment,infeasible_assignment
30B,heldout_sibgrp,674,set_plate_and_fork_on_table,0,0,0,0,GOAL_UNMET,GOAL_UNMET
30B,heldout_sibgrp,675,cut_fruit_on_board,0,0,0,0,GOAL_UNMET,GOAL_UNMET
30B,heldout_sibgrp,676,cut_fruit_on_board,0,0,0,0,GOAL_UNMET,GOAL_UNMET
30B,heldout_sibgrp,677,cut_two_fruits_on_board,0,0,0,0,GOAL_UNMET,GOAL_UNMET
30B,heldout_sibgrp,678,toast_bread_and_set_plate,0,0,0,0,OVER_BUDGET,OVER_BUDGET
30B,heldout_sibgrp,683,toast_bread_and_set_plate,0,0,0,0,OVER_BUDGET,OVER_BUDGET
30B,heldout_sibgrp,687,clear_table_with_two_robots_and_put_in_cabinet,1,0,0,0,infeasible_assignment,infeasible_assignment
30B,heldout_sibgrp,688,toast_bread_and_set_plate,0,0,0,0,OVER_BUDGET,OVER_BUDGET
30B,heldout_sibgrp,689,parallel_human_dual_asset_to_plate_or_bowl,0,1,1,1,SOLVED,SOLVED
30B,heldout_sibgrp,690,cut_fruit_on_board,0,0,0,0,GOAL_UNMET,GOAL_UNMET
30B,heldout_sibgrp,691,clear_table_with_two_robots_and_put_in_cabinet,1,0,0,0,infeasible_assignment,infeasible_assignment
30B,heldout_sibgrp,692,dog_push_box_for_two_panda_transport,1,0,0,0,infeasible_assignment,infeasible_assignment
30B,heldout_sibgrp,694,clear_table_with_two_robots_and_put_in_cabinet,1,0,0,0,infeasible_assignment,infeasible_assignment
30B,heldout_sibgrp,697,cut_fruit_on_board,0,0,0,0,GOAL_UNMET,GOAL_UNMET
30B,heldout_sibgrp,698,cut_fruit_on_board,0,0,0,0,OVER_BUDGET,OVER_BUDGET
30B,heldout_sibgrp,699,ensure_all_fruits_on_table,0,0,0,0,GOAL_UNMET,GOAL_UNMET
30B,heldout_sibgrp,703,cut_fruit_on_board,0,0,0,0,OVER_BUDGET,OVER_BUDGET
30B,heldout_sibgrp,707,clear_table_with_two_robots_and_put_in_cabinet,1,0,0,0,infeasible_assignment,infeasible_assignment
30B,heldout_sibgrp,708,clear_table_with_two_robots_and_put_in_cabinet,1,0,0,0,infeasible_assignment,infeasible_assignment
30B,heldout_sibgrp,711,clear_table_with_two_robots_and_put_in_cabinet,1,0,0,0,infeasible_assignment,infeasible_assignment
30B,heldout_sibgrp,712,parallel_human_dual_asset_to_plate_or_bowl,0,1,1,1,SOLVED,SOLVED
30B,heldout_sibgrp,713,ensure_all_fruits_on_table,0,1,1,1,SOLVED,SOLVED
30B,heldout_sibgrp,714,ensure_all_fruits_on_table,0,1,1,1,SOLVED,SOLVED
30B,heldout_sibgrp,715,set_plate_and_fork_on_table,0,0,0,0,GOAL_UNMET,GOAL_UNMET
30B,heldout_sibgrp,716,cut_fruit_on_board,0,0,0,0,GOAL_UNMET,GOAL_UNMET
30B,heldout_sibgrp,718,cut_fruit_on_board,0,0,0,0,GOAL_UNMET,GOAL_UNMET
30B,heldout_sibgrp,725,cut_fruit_on_board,0,0,0,0,GOAL_UNMET,GOAL_UNMET
30B,heldout_sibgrp,726,clear_table_with_two_robots_and_put_in_cabinet,1,0,0,0,infeasible_assignment,infeasible_assignment
30B,heldout_sibgrp,731,ensure_all_fruits_on_table,0,1,1,1,SOLVED,SOLVED
30B,heldout_sibgrp,733,set_plate_and_fork_on_table,0,0,0,0,GOAL_UNMET,GOAL_UNMET
30B,heldout_sibgrp,735,clear_table_with_two_robots_and_put_in_cabinet,1,0,0,0,infeasible_assignment,infeasible_assignment
30B,heldout_sibgrp,736,cut_two_fruits_on_board,0,0,0,0,GOAL_UNMET,GOAL_UNMET
30B,heldout_sibgrp,737,clear_table_with_two_robots_and_put_in_cabinet,1,0,0,0,infeasible_assignment,infeasible_assignment
30B,heldout_sibgrp,739,clear_table_with_two_robots_and_put_in_cabinet,1,0,0,0,infeasible_assignment,infeasible_assignment
30B,heldout_sibgrp,740,dog_push_box_for_two_panda_transport,1,0,0,0,infeasible_assignment,infeasible_assignment
30B,heldout_sibgrp,742,ensure_all_fruits_on_table,0,1,1,1,SOLVED,SOLVED
30B,heldout_sibgrp,744,clear_table_with_two_robots_and_put_in_cabinet,1,0,0,0,infeasible_assignment,infeasible_assignment
30B,heldout_sibgrp,745,set_plate_and_fork_on_table,0,0,0,0,GOAL_UNMET,GOAL_UNMET
30B,heldout_sibgrp,746,toast_bread_and_set_plate,0,0,0,0,OVER_BUDGET,OVER_BUDGET
30B,heldout_sibgrp,747,toast_bread_and_set_plate,0,1,1,1,SOLVED,SOLVED
30B,heldout_sibgrp,749,cut_fruit_on_board,0,0,0,0,GOAL_UNMET,GOAL_UNMET
30B,heldout_sibgrp,750,cut_fruit_on_board,0,0,0,0,GOAL_UNMET,GOAL_UNMET
30B,heldout_sibgrp,751,parallel_human_dual_asset_to_plate_or_bowl,0,1,1,1,SOLVED,SOLVED
30B,heldout_sibgrp,753,clear_table_with_two_robots_and_put_in_cabinet,1,0,0,0,infeasible_assignment,infeasible_assignment
30B,heldout_sibgrp,757,ensure_all_fruits_on_table,0,1,1,1,SOLVED,SOLVED
30B,heldout_sibgrp,760,ensure_all_fruits_on_table,0,0,0,0,GOAL_UNMET,GOAL_UNMET
30B,heldout_sibgrp,761,clear_table_with_two_robots_and_put_in_cabinet,1,0,0,0,infeasible_assignment,infeasible_assignment
30B,heldout_sibgrp,763,cut_two_fruits_on_board,0,0,0,0,GOAL_UNMET,GOAL_UNMET
30B,heldout_sibgrp,769,parallel_human_dual_asset_to_plate_or_bowl,0,1,1,1,SOLVED,SOLVED
30B,heldout_sibgrp,770,parallel_human_dual_asset_to_plate_or_bowl,0,1,1,1,SOLVED,SOLVED
30B,heldout_sibgrp,772,cut_fruit_on_board,0,0,0,0,GOAL_UNMET,GOAL_UNMET
30B,heldout_sibgrp,775,parallel_human_dual_asset_to_plate_or_bowl,0,1,1,1,SOLVED,SOLVED
30B,heldout_sibgrp,776,ensure_all_fruits_on_table,0,0,0,0,GOAL_UNMET,GOAL_UNMET
30B,heldout_sibgrp,777,clear_table_with_two_robots_and_put_in_cabinet,1,0,0,0,infeasible_assignment,infeasible_assignment
30B,heldout_sibgrp,780,cut_fruit_on_board,0,0,0,0,GOAL_UNMET,GOAL_UNMET
30B,heldout_sibgrp,781,clear_table_with_two_robots_and_put_in_cabinet,1,0,0,0,infeasible_assignment,infeasible_assignment
30B,heldout_sibgrp,783,set_plate_and_fork_on_table,0,0,0,0,GOAL_UNMET,GOAL_UNMET
30B,heldout_sibgrp,786,parallel_human_dual_asset_to_plate_or_bowl,0,1,1,1,SOLVED,SOLVED
30B,heldout_sibgrp,787,cut_fruit_on_board,0,0,0,0,OVER_BUDGET,OVER_BUDGET
30B,heldout_sibgrp,789,cut_fruit_on_board,0,0,0,0,GOAL_UNMET,GOAL_UNMET
30B,heldout_sibgrp,790,ensure_all_fruits_on_table,0,1,1,1,SOLVED,SOLVED
30B,heldout_sibgrp,791,clear_table_with_two_robots_and_put_in_cabinet,1,0,0,0,infeasible_assignment,infeasible_assignment
30B,heldout_sibgrp,796,cut_fruit_on_board,0,0,0,0,GOAL_UNMET,GOAL_UNMET
30B,heldout_sibgrp,797,cut_fruit_on_board,0,0,0,0,GOAL_UNMET,GOAL_UNMET
30B,heldout_sibgrp,799,cut_fruit_on_board,0,0,0,0,GOAL_UNMET,GOAL_UNMET
30B,heldout_sibgrp,801,cut_two_fruits_on_board,0,0,0,0,GOAL_UNMET,GOAL_UNMET
30B,heldout_sibgrp,803,clear_table_with_two_robots_and_put_in_cabinet,1,0,0,0,infeasible_assignment,infeasible_assignment
30B,heldout_sibgrp,804,cut_fruit_on_board,0,0,0,0,GOAL_UNMET,GOAL_UNMET
30B,heldout_sibgrp,806,cut_two_fruits_on_board,0,0,0,0,GOAL_UNMET,GOAL_UNMET
30B,heldout_sibgrp,807,parallel_human_dual_asset_to_plate_or_bowl,0,1,1,1,SOLVED,SOLVED
30B,heldout_sibgrp,809,clear_table_with_two_robots_and_put_in_cabinet,1,0,0,0,infeasible_assignment,infeasible_assignment
30B,heldout_sibgrp,813,cut_fruit_on_board,0,0,0,0,GOAL_UNMET,GOAL_UNMET
30B,heldout_sibgrp,814,cut_fruit_on_board,0,0,0,0,GOAL_UNMET,GOAL_UNMET
30B,heldout_sibgrp,815,set_plate_and_fork_on_table,0,0,0,0,GOAL_UNMET,GOAL_UNMET
30B,heldout_sibgrp,816,clear_table_with_two_robots_and_put_in_cabinet,1,0,0,0,infeasible_assignment,infeasible_assignment
30B,heldout_sibgrp,819,set_plate_and_fork_on_table,0,0,0,0,GOAL_UNMET,GOAL_UNMET
30B,heldout_sibgrp,820,toast_bread_and_set_plate,0,0,0,0,OVER_BUDGET,OVER_BUDGET
30B,heldout_sibgrp,825,ensure_all_fruits_on_table,0,1,1,1,SOLVED,SOLVED
30B,heldout_sibgrp,826,cut_fruit_on_board,0,0,0,0,GOAL_UNMET,GOAL_UNMET
30B,heldout_sibgrp,827,toast_bread_and_set_plate,0,0,0,0,OVER_BUDGET,OVER_BUDGET
30B,heldout_sibgrp,828,ensure_all_fruits_on_table,0,0,0,0,UNPARSEABLE,NO_USABLE_WORK
30B,heldout_sibgrp,830,parallel_human_dual_asset_to_plate_or_bowl,0,1,1,1,SOLVED,SOLVED
30B,heldout_sibgrp,831,parallel_human_dual_asset_to_plate_or_bowl,0,1,1,1,SOLVED,SOLVED
30B,heldout_sibgrp,837,cut_fruit_on_board,0,0,0,0,GOAL_UNMET,GOAL_UNMET
30B,heldout_sibgrp,838,clear_table_with_two_robots_and_put_in_cabinet,1,0,0,0,infeasible_assignment,infeasible_assignment
30B,heldout_sibgrp,840,cut_fruit_on_board,0,0,0,0,GOAL_UNMET,GOAL_UNMET
30B,heldout_sibgrp,841,set_plate_and_fork_on_table,0,0,0,0,GOAL_UNMET,GOAL_UNMET
30B,heldout_sibgrp,842,toast_bread_and_set_plate,0,0,0,0,OVER_BUDGET,OVER_BUDGET
30B,heldout_sibgrp,844,cut_fruit_on_board,0,0,0,0,GOAL_UNMET,GOAL_UNMET
30B,heldout_sibgrp,848,parallel_human_dual_asset_to_plate_or_bowl,0,1,1,1,SOLVED,SOLVED
30B,heldout_sibgrp,849,clear_table_with_two_robots_and_put_in_cabinet,1,0,0,0,infeasible_assignment,infeasible_assignment
30B,heldout_sibgrp,850,cut_fruit_on_board,0,0,0,0,GOAL_UNMET,GOAL_UNMET
30B,heldout_sibgrp,853,toast_bread_and_set_plate,0,0,0,0,OVER_BUDGET,OVER_BUDGET
30B,heldout_sibgrp,856,toast_bread_and_set_plate,0,0,0,0,OVER_BUDGET,OVER_BUDGET
30B,heldout_sibgrp,857,clear_table_with_two_robots_and_put_in_cabinet,1,0,0,0,infeasible_assignment,infeasible_assignment
30B,heldout_sibgrp,862,parallel_human_dual_asset_to_plate_or_bowl,0,1,1,1,SOLVED,SOLVED
30B,heldout_sibgrp,863,cut_fruit_on_board,0,0,0,0,GOAL_UNMET,GOAL_UNMET
30B,heldout_sibgrp,864,ensure_all_fruits_on_table,0,0,0,0,GOAL_UNMET,GOAL_UNMET
30B,heldout_sibgrp,865,parallel_human_dual_asset_to_plate_or_bowl,0,1,1,1,SOLVED,SOLVED
30B,heldout_sibgrp,867,set_plate_and_fork_on_table,0,0,0,0,GOAL_UNMET,GOAL_UNMET
30B,heldout_sibgrp,869,clear_table_with_two_robots_and_put_in_cabinet,1,0,0,0,infeasible_assignment,infeasible_assignment
30B,heldout_sibgrp,870,cut_two_fruits_on_board,0,0,0,0,GOAL_UNMET,GOAL_UNMET
30B,heldout_sibgrp,874,cut_fruit_on_board,0,0,0,0,GOAL_UNMET,GOAL_UNMET
30B,heldout_sibgrp,875,parallel_human_dual_asset_to_plate_or_bowl,0,1,1,1,SOLVED,SOLVED
30B,heldout_sibgrp,876,cut_two_fruits_on_board,0,0,0,0,GOAL_UNMET,GOAL_UNMET
30B,heldout_sibgrp,879,cut_fruit_on_board,0,0,0,0,GOAL_UNMET,GOAL_UNMET
30B,heldout_sibgrp,881,cut_fruit_on_board,0,0,0,0,GOAL_UNMET,GOAL_UNMET
30B,heldout_sibgrp,883,cut_fruit_on_board,0,0,0,0,GOAL_UNMET,GOAL_UNMET
30B,heldout_sibgrp,884,ensure_all_fruits_on_table,0,1,1,1,SOLVED,SOLVED
30B,heldout_sibgrp,886,clear_table_with_two_robots_and_put_in_cabinet,1,0,0,0,infeasible_assignment,infeasible_assignment
30B,heldout_sibgrp,888,set_plate_and_fork_on_table,0,0,0,0,GOAL_UNMET,GOAL_UNMET
30B,heldout_sibgrp,890,cut_fruit_on_board,0,0,0,0,GOAL_UNMET,GOAL_UNMET
30B,heldout_sibgrp,891,clear_table_with_two_robots_and_put_in_cabinet,1,0,0,0,infeasible_assignment,infeasible_assignment
30B,heldout_sibgrp,895,set_plate_and_fork_on_table,0,0,0,0,GOAL_UNMET,GOAL_UNMET
30B,heldout_sibgrp,897,set_plate_and_fork_on_table,0,0,0,0,GOAL_UNMET,GOAL_UNMET
30B,heldout_sibgrp,901,cut_fruit_on_board,0,0,0,0,GOAL_UNMET,GOAL_UNMET
30B,heldout_sibgrp,903,clear_table_with_two_robots_and_put_in_cabinet,1,0,0,0,infeasible_assignment,infeasible_assignment
30B,heldout_sibgrp,904,clear_table_with_two_robots_and_put_in_cabinet,1,0,0,0,infeasible_assignment,infeasible_assignment
30B,heldout_sibgrp,905,clear_table_with_two_robots_and_put_in_cabinet,1,0,0,0,infeasible_assignment,infeasible_assignment
30B,heldout_sibgrp,908,toast_bread_and_set_plate,0,0,0,0,OVER_BUDGET,OVER_BUDGET
30B,heldout_sibgrp,910,clear_table_with_two_robots_and_put_in_cabinet,1,0,0,0,infeasible_assignment,infeasible_assignment
30B,heldout_sibgrp,912,clear_table_with_two_robots_and_put_in_cabinet,1,0,0,0,infeasible_assignment,infeasible_assignment
30B,heldout_sibgrp,913,parallel_human_dual_asset_to_plate_or_bowl,0,1,1,1,SOLVED,SOLVED
30B,heldout_sibgrp,915,parallel_human_dual_asset_to_plate_or_bowl,0,1,1,1,SOLVED,SOLVED
30B,heldout_sibgrp,918,cut_fruit_on_board,0,0,0,0,OVER_BUDGET,OVER_BUDGET
30B,heldout_sibgrp,923,set_plate_and_fork_on_table,0,0,0,0,GOAL_UNMET,GOAL_UNMET
30B,heldout_sibgrp,927,parallel_human_dual_asset_to_plate_or_bowl,0,1,1,1,SOLVED,SOLVED
30B,heldout_sibgrp,932,dog_push_box_for_two_panda_transport,1,0,0,0,infeasible_assignment,infeasible_assignment
30B,heldout_sibgrp,941,toast_bread_and_set_plate,0,0,0,0,OVER_BUDGET,OVER_BUDGET
30B,heldout_sibgrp,942,set_plate_and_fork_on_table,0,0,0,0,GOAL_UNMET,GOAL_UNMET
30B,heldout_sibgrp,943,clear_table_with_two_robots_and_put_in_cabinet,1,0,0,0,infeasible_assignment,infeasible_assignment
30B,heldout_sibgrp,947,cut_two_fruits_on_board,0,0,0,0,GOAL_UNMET,GOAL_UNMET
30B,heldout_sibgrp,949,cut_fruit_on_board,0,0,0,0,OVER_BUDGET,OVER_BUDGET
30B,heldout_sibgrp,950,parallel_human_dual_asset_to_plate_or_bowl,0,1,1,1,SOLVED,SOLVED
30B,heldout_sibgrp,952,cut_two_fruits_on_board,0,0,0,0,GOAL_UNMET,GOAL_UNMET
30B,heldout_sibgrp,956,clear_table_with_two_robots_and_put_in_cabinet,1,0,0,0,infeasible_assignment,infeasible_assignment
30B,heldout_sibgrp,957,cut_fruit_on_board,0,0,0,0,OVER_BUDGET,OVER_BUDGET
30B,heldout_sibgrp,959,parallel_human_dual_asset_to_plate_or_bowl,0,1,1,1,SOLVED,SOLVED
30B,heldout_sibgrp,960,cut_two_fruits_on_board,0,0,0,0,GOAL_UNMET,GOAL_UNMET
30B,heldout_sibgrp,962,toast_bread_and_set_plate,0,0,0,0,OVER_BUDGET,OVER_BUDGET
30B,heldout_sibgrp,963,clear_table_with_two_robots_and_put_in_cabinet,1,0,0,0,infeasible_assignment,infeasible_assignment
30B,heldout_sibgrp,964,cut_two_fruits_on_board,0,1,1,1,SOLVED,SOLVED
30B,heldout_sibgrp,965,ensure_all_fruits_on_table,0,1,1,1,SOLVED,SOLVED
30B,heldout_sibgrp,966,set_plate_and_fork_on_table,0,0,0,0,GOAL_UNMET,GOAL_UNMET
30B,heldout_sibgrp,967,cut_two_fruits_on_board,0,0,0,0,GOAL_UNMET,GOAL_UNMET
30B,heldout_sibgrp,968,cut_fruit_on_board,0,0,0,0,GOAL_UNMET,GOAL_UNMET
30B,heldout_sibgrp,970,clear_table_with_two_robots_and_put_in_cabinet,1,0,0,0,infeasible_assignment,infeasible_assignment
30B,heldout_sibgrp,971,cut_fruit_on_board,0,0,0,0,GOAL_UNMET,GOAL_UNMET
30B,heldout_sibgrp,972,set_plate_and_fork_on_table,0,0,0,0,GOAL_UNMET,GOAL_UNMET
30B,heldout_sibgrp,973,cut_fruit_on_board,0,0,0,0,GOAL_UNMET,GOAL_UNMET
30B,heldout_sibgrp,974,parallel_human_dual_asset_to_plate_or_bowl,0,1,1,1,SOLVED,SOLVED
30B,heldout_sibgrp,975,clear_table_with_two_robots_and_put_in_cabinet,1,0,0,0,infeasible_assignment,infeasible_assignment
30B,heldout_sibgrp,976,cut_two_fruits_on_board,0,0,0,0,GOAL_UNMET,GOAL_UNMET
30B,heldout_sibgrp,977,cut_fruit_on_board,0,0,0,0,GOAL_UNMET,GOAL_UNMET
30B,heldout_sibgrp,979,cut_fruit_on_board,0,0,0,0,GOAL_UNMET,GOAL_UNMET
30B,heldout_sibgrp,980,cut_fruit_on_board,0,0,0,0,GOAL_UNMET,GOAL_UNMET
30B,heldout_sibgrp,981,clear_table_with_two_robots_and_put_in_cabinet,1,0,0,0,infeasible_assignment,infeasible_assignment
30B,heldout_sibgrp,982,ensure_all_fruits_on_table,0,1,1,1,SOLVED,SOLVED
30B,heldout_sibgrp,984,clear_table_with_two_robots_and_put_in_cabinet,1,0,0,0,infeasible_assignment,infeasible_assignment
30B,heldout_sibgrp,985,ensure_all_fruits_on_table,0,0,0,0,GOAL_UNMET,GOAL_UNMET
30B,heldout_sibgrp,987,set_plate_and_fork_on_table,0,0,0,0,GOAL_UNMET,GOAL_UNMET
30B,heldout_sibgrp,991,dog_push_box_for_two_panda_transport,1,0,0,0,infeasible_assignment,infeasible_assignment
30B,heldout_sibgrp,993,dog_push_box_for_two_panda_transport,1,0,0,0,infeasible_assignment,infeasible_assignment
30B,heldout_sibgrp,995,parallel_human_dual_asset_to_plate_or_bowl,0,1,1,1,SOLVED,SOLVED
30B,heldout_sibgrp,996,ensure_all_fruits_on_table,0,1,1,1,SOLVED,SOLVED
30B,heldout_sibgrp,997,clear_table_with_two_robots_and_put_in_cabinet,1,0,0,0,infeasible_assignment,infeasible_assignment
30B,heldout_sibgrp,999,cut_two_fruits_on_board,0,0,0,0,GOAL_UNMET,GOAL_UNMET
30B,heldout_sibgrp,1000,clear_table_with_two_robots_and_put_in_cabinet,1,0,0,0,infeasible_assignment,infeasible_assignment
30B,heldout_sibgrp,1002,ensure_all_fruits_on_table,0,0,0,0,GOAL_UNMET,GOAL_UNMET
30B,heldout_sibgrp,1005,toast_bread_and_set_plate,0,0,0,0,OVER_BUDGET,OVER_BUDGET
30B,heldout_sibgrp,1010,ensure_all_fruits_on_table,0,1,1,1,SOLVED,SOLVED
30B,heldout_sibgrp,1013,toast_bread_and_set_plate,0,0,0,0,OVER_BUDGET,OVER_BUDGET
30B,heldout_sibgrp,1014,clear_table_with_two_robots_and_put_in_cabinet,1,0,0,0,infeasible_assignment,infeasible_assignment
30B,heldout_sibgrp,1019,toast_bread_and_set_plate,0,0,0,0,OVER_BUDGET,OVER_BUDGET
30B,heldout_sibgrp,1020,clear_table_with_two_robots_and_put_in_cabinet,1,0,0,0,infeasible_assignment,infeasible_assignment
30B,heldout_sibgrp,1021,set_plate_and_fork_on_table,0,0,0,0,GOAL_UNMET,GOAL_UNMET
30B,heldout_sibgrp,1026,clear_table_with_two_robots_and_put_in_cabinet,1,0,0,0,infeasible_assignment,infeasible_assignment
30B,heldout_sibgrp,1027,cut_two_fruits_on_board,0,0,0,0,OVER_BUDGET,OVER_BUDGET
30B,heldout_sibgrp,1029,cut_two_fruits_on_board,0,0,0,0,GOAL_UNMET,GOAL_UNMET
30B,heldout_sibgrp,1030,set_plate_and_fork_on_table,0,0,0,0,GOAL_UNMET,GOAL_UNMET
30B,heldout_sibgrp,1032,ensure_all_fruits_on_table,0,1,1,1,SOLVED,SOLVED
30B,heldout_sibgrp,1034,toast_bread_and_set_plate,0,0,0,0,OVER_BUDGET,OVER_BUDGET
30B,heldout_sibgrp,1037,set_plate_and_fork_on_table,0,0,0,0,GOAL_UNMET,GOAL_UNMET
30B,heldout_sibgrp,1039,cut_fruit_on_board,0,0,0,0,GOAL_UNMET,GOAL_UNMET
30B,heldout_sibgrp,1040,toast_bread_and_set_plate,0,0,0,0,OVER_BUDGET,OVER_BUDGET
30B,heldout_sibgrp,1042,cut_two_fruits_on_board,0,0,0,0,GOAL_UNMET,GOAL_UNMET
30B,heldout_sibgrp,1043,cut_fruit_on_board,0,0,0,0,GOAL_UNMET,GOAL_UNMET
30B,heldout_sibgrp,1044,set_plate_and_fork_on_table,0,0,0,0,GOAL_UNMET,GOAL_UNMET
30B,heldout_sibgrp,1045,cut_two_fruits_on_board,0,0,0,0,GOAL_UNMET,GOAL_UNMET
30B,heldout_sibgrp,1048,toast_bread_and_set_plate,0,0,0,0,OVER_BUDGET,OVER_BUDGET
30B,heldout_sibgrp,1050,clear_table_with_two_robots_and_put_in_cabinet,1,0,0,0,infeasible_assignment,infeasible_assignment
30B,heldout_sibgrp,1051,cut_fruit_on_board,0,0,0,0,GOAL_UNMET,GOAL_UNMET
30B,heldout_sibgrp,1053,clear_table_with_two_robots_and_put_in_cabinet,1,0,0,0,infeasible_assignment,infeasible_assignment
30B,heldout_sibgrp,1054,clear_table_with_two_robots_and_put_in_cabinet,1,0,0,0,infeasible_assignment,infeasible_assignment
30B,heldout_sibgrp,1058,cut_fruit_on_board,0,0,0,0,GOAL_UNMET,GOAL_UNMET
30B,heldout_sibgrp,1060,ensure_all_fruits_on_table,0,1,1,1,SOLVED,SOLVED
30B,heldout_sibgrp,1061,parallel_human_dual_asset_to_plate_or_bowl,0,1,1,1,SOLVED,SOLVED
30B,heldout_sibgrp,1063,cut_fruit_on_board,0,0,0,0,GOAL_UNMET,GOAL_UNMET
30B,heldout_sibgrp,1064,dog_push_box_for_two_panda_transport,1,0,0,0,infeasible_assignment,infeasible_assignment
30B,heldout_sibgrp,1066,toast_bread_and_set_plate,0,0,0,0,OVER_BUDGET,OVER_BUDGET
30B,heldout_sibgrp,1067,clear_table_with_two_robots_and_put_in_cabinet,1,0,0,0,infeasible_assignment,infeasible_assignment
30B,heldout_sibgrp,1068,parallel_human_dual_asset_to_plate_or_bowl,0,1,1,1,SOLVED,SOLVED
30B,heldout_sibgrp,1070,parallel_human_dual_asset_to_plate_or_bowl,0,1,1,1,SOLVED,SOLVED
30B,heldout_sibgrp,1072,dog_push_box_for_two_panda_transport,1,0,0,0,infeasible_assignment,infeasible_assignment
30B,heldout_sibgrp,1075,cut_fruit_on_board,0,0,0,0,GOAL_UNMET,GOAL_UNMET
30B,heldout_sibgrp,1076,ensure_all_fruits_on_table,0,1,1,1,SOLVED,SOLVED
30B,heldout_sibgrp,1079,cut_fruit_on_board,0,0,0,0,OVER_BUDGET,OVER_BUDGET
30B,heldout_sibgrp,1080,toast_bread_and_set_plate,0,0,0,0,OVER_BUDGET,OVER_BUDGET
30B,heldout_sibgrp,1081,ensure_all_fruits_on_table,0,1,1,1,SOLVED,SOLVED
30B,heldout_sibgrp,1082,clear_table_with_two_robots_and_put_in_cabinet,1,0,0,0,infeasible_assignment,infeasible_assignment
30B,heldout_sibgrp,1085,clear_table_with_two_robots_and_put_in_cabinet,1,0,0,0,infeasible_assignment,infeasible_assignment
30B,heldout_sibgrp,1096,clear_table_with_two_robots_and_put_in_cabinet,1,0,0,0,infeasible_assignment,infeasible_assignment
30B,heldout_sibgrp,1098,set_plate_and_fork_on_table,0,0,0,0,GOAL_UNMET,GOAL_UNMET
30B,heldout_sibgrp,1103,dog_push_box_for_two_panda_transport,1,0,0,0,infeasible_assignment,infeasible_assignment
30B,heldout_sibgrp,1104,cut_fruit_on_board,0,0,0,0,GOAL_UNMET,GOAL_UNMET
30B,heldout_sibgrp,1105,cut_two_fruits_on_board,0,0,0,0,OVER_BUDGET,OVER_BUDGET
30B,heldout_sibgrp,1106,cut_fruit_on_board,0,0,0,0,GOAL_UNMET,GOAL_UNMET
30B,heldout_sibgrp,1107,clear_table_with_two_robots_and_put_in_cabinet,1,0,0,0,infeasible_assignment,infeasible_assignment
30B,heldout_sibgrp,1108,clear_table_with_two_robots_and_put_in_cabinet,1,0,0,0,infeasible_assignment,infeasible_assignment
30B,heldout_sibgrp,1109,clear_table_with_two_robots_and_put_in_cabinet,1,0,0,0,infeasible_assignment,infeasible_assignment
30B,heldout_sibgrp,1110,clear_table_with_two_robots_and_put_in_cabinet,1,0,0,0,infeasible_assignment,infeasible_assignment
30B,heldout_sibgrp,1113,ensure_all_fruits_on_table,0,1,1,1,SOLVED,SOLVED
30B,heldout_sibgrp,1114,cut_two_fruits_on_board,0,0,0,0,GOAL_UNMET,GOAL_UNMET
30B,heldout_sibgrp,1117,dog_push_box_for_two_panda_transport,1,0,0,0,infeasible_assignment,infeasible_assignment
30B,heldout_sibgrp,1122,ensure_all_fruits_on_table,0,1,1,1,SOLVED,SOLVED
30B,heldout_sibgrp,1124,set_plate_and_fork_on_table,0,0,0,0,GOAL_UNMET,GOAL_UNMET
30B,heldout_sibgrp,1125,ensure_all_fruits_on_table,0,1,1,1,SOLVED,SOLVED
30B,heldout_sibgrp,1126,cut_two_fruits_on_board,0,0,0,0,GOAL_UNMET,GOAL_UNMET
30B,heldout_sibgrp,1127,cut_two_fruits_on_board,0,0,0,0,GOAL_UNMET,GOAL_UNMET
30B,heldout_sibgrp,1128,toast_bread_and_set_plate,0,0,0,0,OVER_BUDGET,OVER_BUDGET
30B,heldout_sibgrp,1130,toast_bread_and_set_plate,0,0,0,0,OVER_BUDGET,OVER_BUDGET
30B,heldout_sibgrp,1134,toast_bread_and_set_plate,0,0,0,0,OVER_BUDGET,OVER_BUDGET
30B,heldout_sibgrp,1135,cut_fruit_on_board,0,0,0,0,GOAL_UNMET,GOAL_UNMET
30B,heldout_sibgrp,1136,clear_table_with_two_robots_and_put_in_cabinet,1,0,0,0,infeasible_assignment,infeasible_assignment
30B,heldout_sibgrp,1138,clear_table_with_two_robots_and_put_in_cabinet,1,0,0,0,infeasible_assignment,infeasible_assignment
30B,heldout_sibgrp,1143,toast_bread_and_set_plate,0,0,0,0,OVER_BUDGET,OVER_BUDGET
30B,heldout_sibgrp,1146,parallel_human_dual_asset_to_plate_or_bowl,0,1,1,1,SOLVED,SOLVED
30B,heldout_sibgrp,1149,clear_table_with_two_robots_and_put_in_cabinet,1,0,0,0,infeasible_assignment,infeasible_assignment
30B,heldout_sibgrp,1152,cut_two_fruits_on_board,0,0,0,0,GOAL_UNMET,GOAL_UNMET
30B,heldout_sibgrp,1153,clear_table_with_two_robots_and_put_in_cabinet,1,0,0,0,infeasible_assignment,infeasible_assignment
30B,heldout_sibgrp,1155,cut_two_fruits_on_board,0,0,0,0,OVER_BUDGET,OVER_BUDGET
30B,heldout_sibgrp,1156,parallel_human_dual_asset_to_plate_or_bowl,0,1,1,1,SOLVED,SOLVED
30B,heldout_sibgrp,1157,dog_push_box_for_two_panda_transport,1,0,0,0,infeasible_assignment,infeasible_assignment
30B,heldout_sibgrp,1158,cut_fruit_on_board,0,0,0,0,GOAL_UNMET,GOAL_UNMET
30B,heldout_sibgrp,1159,clear_table_with_two_robots_and_put_in_cabinet,1,0,0,0,infeasible_assignment,infeasible_assignment
30B,heldout_sibgrp,1162,parallel_human_dual_asset_to_plate_or_bowl,0,1,1,1,SOLVED,SOLVED
30B,heldout_sibgrp,1163,cut_fruit_on_board,0,0,0,0,GOAL_UNMET,GOAL_UNMET
30B,heldout_sibgrp,1164,clear_table_with_two_robots_and_put_in_cabinet,1,0,0,0,infeasible_assignment,infeasible_assignment
30B,heldout_sibgrp,1165,ensure_all_fruits_on_table,0,1,1,1,SOLVED,SOLVED
30B,heldout_sibgrp,1167,clear_table_with_two_robots_and_put_in_cabinet,1,0,0,0,infeasible_assignment,infeasible_assignment
30B,heldout_sibgrp,1173,clear_table_with_two_robots_and_put_in_cabinet,1,0,0,0,infeasible_assignment,infeasible_assignment
30B,heldout_sibgrp,1174,clear_table_with_two_robots_and_put_in_cabinet,1,0,0,0,infeasible_assignment,infeasible_assignment
30B,heldout_sibgrp,1176,toast_bread_and_set_plate,0,0,0,0,OVER_BUDGET,OVER_BUDGET
30B,heldout_sibgrp,1180,clear_table_with_two_robots_and_put_in_cabinet,1,0,0,0,infeasible_assignment,infeasible_assignment
30B,heldout_sibgrp,1181,clear_table_with_two_robots_and_put_in_cabinet,1,0,0,0,infeasible_assignment,infeasible_assignment
30B,heldout_sibgrp,1185,cut_fruit_on_board,0,0,0,0,GOAL_UNMET,GOAL_UNMET
30B,heldout_sibgrp,1187,clear_table_with_two_robots_and_put_in_cabinet,1,0,0,0,infeasible_assignment,infeasible_assignment
30B,heldout_sibgrp,1189,clear_table_with_two_robots_and_put_in_cabinet,1,0,0,0,infeasible_assignment,infeasible_assignment
30B,heldout_sibgrp,1190,cut_fruit_on_board,0,0,0,0,GOAL_UNMET,GOAL_UNMET
30B,heldout_sibgrp,1192,cut_two_fruits_on_board,0,0,0,0,GOAL_UNMET,GOAL_UNMET
30B,heldout_sibgrp,1193,cut_two_fruits_on_board,0,0,0,0,OVER_BUDGET,OVER_BUDGET
30B,heldout_sibgrp,1195,set_plate_and_fork_on_table,0,0,0,0,GOAL_UNMET,GOAL_UNMET
30B,heldout_sibgrp,1197,dog_push_box_for_two_panda_transport,1,0,0,0,infeasible_assignment,infeasible_assignment
30B,heldout_sibgrp,1200,cut_two_fruits_on_board,0,0,0,0,GOAL_UNMET,GOAL_UNMET
30B,heldout_sibgrp,1201,cut_two_fruits_on_board,0,0,0,0,OVER_BUDGET,OVER_BUDGET
30B,heldout_sibgrp,1202,parallel_human_dual_asset_to_plate_or_bowl,0,1,1,1,SOLVED,SOLVED
30B,heldout_sibgrp,1204,clear_table_with_two_robots_and_put_in_cabinet,1,0,0,0,infeasible_assignment,infeasible_assignment
30B,heldout_sibgrp,1205,clear_table_with_two_robots_and_put_in_cabinet,1,0,0,0,infeasible_assignment,infeasible_assignment
30B,heldout_sibgrp,1207,cut_fruit_on_board,0,0,0,0,GOAL_UNMET,GOAL_UNMET
30B,heldout_sibgrp,1210,cut_fruit_on_board,0,0,0,0,GOAL_UNMET,GOAL_UNMET
30B,heldout_sibgrp,1218,parallel_human_dual_asset_to_plate_or_bowl,0,1,1,1,SOLVED,SOLVED
30B,heldout_sibgrp,1219,clear_table_with_two_robots_and_put_in_cabinet,1,0,0,0,infeasible_assignment,infeasible_assignment
30B,heldout_sibgrp,1224,cut_fruit_on_board,0,0,0,0,GOAL_UNMET,GOAL_UNMET
30B,heldout_sibgrp,1225,toast_bread_and_set_plate,0,0,0,0,OVER_BUDGET,OVER_BUDGET
30B,heldout_sibgrp,1226,parallel_human_dual_asset_to_plate_or_bowl,0,1,1,1,SOLVED,SOLVED
30B,heldout_sibgrp,1227,cut_fruit_on_board,0,0,0,0,GOAL_UNMET,GOAL_UNMET
30B,heldout_sibgrp,1228,cut_fruit_on_board,0,0,0,0,GOAL_UNMET,GOAL_UNMET
30B,heldout_sibgrp,1231,set_plate_and_fork_on_table,0,1,1,1,SOLVED,SOLVED
30B,heldout_sibgrp,1232,cut_two_fruits_on_board,0,0,0,0,OVER_BUDGET,OVER_BUDGET
30B,heldout_sibgrp,1233,cut_fruit_on_board,0,0,0,0,GOAL_UNMET,GOAL_UNMET
30B,heldout_sibgrp,1234,cut_fruit_on_board,0,0,0,0,GOAL_UNMET,GOAL_UNMET
30B,heldout_sibgrp,1235,toast_bread_and_set_plate,0,0,0,0,OVER_BUDGET,OVER_BUDGET
30B,heldout_sibgrp,1236,set_plate_and_fork_on_table,0,0,0,0,GOAL_UNMET,GOAL_UNMET
30B,heldout_sibgrp,1241,clear_table_with_two_robots_and_put_in_cabinet,1,0,0,0,infeasible_assignment,infeasible_assignment
30B,heldout_sibgrp,1244,clear_table_with_two_robots_and_put_in_cabinet,1,0,0,0,infeasible_assignment,infeasible_assignment
30B,heldout_sibgrp,1247,cut_fruit_on_board,0,0,0,0,OVER_BUDGET,OVER_BUDGET
30B,heldout_sibgrp,1248,cut_fruit_on_board,0,0,0,0,GOAL_UNMET,GOAL_UNMET
30B,heldout_sibgrp,1252,toast_bread_and_set_plate,0,0,0,0,OVER_BUDGET,OVER_BUDGET
30B,heldout_sibgrp,1253,clear_table_with_two_robots_and_put_in_cabinet,1,0,0,0,infeasible_assignment,infeasible_assignment
30B,heldout_sibgrp,1255,toast_bread_and_set_plate,0,0,0,0,OVER_BUDGET,OVER_BUDGET
30B,heldout_sibgrp,1257,set_plate_and_fork_on_table,0,0,0,0,GOAL_UNMET,GOAL_UNMET
30B,heldout_sibgrp,1260,clear_table_with_two_robots_and_put_in_cabinet,1,0,0,0,infeasible_assignment,infeasible_assignment
30B,heldout_sibgrp,1261,clear_table_with_two_robots_and_put_in_cabinet,1,0,0,0,infeasible_assignment,infeasible_assignment
30B,heldout_sibgrp,1263,ensure_all_fruits_on_table,0,1,1,1,SOLVED,SOLVED
30B,heldout_sibgrp,1264,clear_table_with_two_robots_and_put_in_cabinet,1,0,0,0,infeasible_assignment,infeasible_assignment
30B,heldout_sibgrp,1265,cut_fruit_on_board,0,0,0,0,OVER_BUDGET,OVER_BUDGET
30B,heldout_sibgrp,1267,clear_table_with_two_robots_and_put_in_cabinet,1,0,0,0,infeasible_assignment,infeasible_assignment
30B,heldout_sibgrp,1268,set_plate_and_fork_on_table,0,0,0,0,GOAL_UNMET,GOAL_UNMET
30B,heldout_sibgrp,1272,clear_table_with_two_robots_and_put_in_cabinet,1,0,0,0,infeasible_assignment,infeasible_assignment
30B,heldout_sibgrp,1274,cut_fruit_on_board,0,0,0,0,GOAL_UNMET,GOAL_UNMET
30B,heldout_sibgrp,1276,clear_table_with_two_robots_and_put_in_cabinet,1,0,0,0,infeasible_assignment,infeasible_assignment
30B,heldout_sibgrp,1277,clear_table_with_two_robots_and_put_in_cabinet,1,0,0,0,infeasible_assignment,infeasible_assignment
30B,heldout_sibgrp,1280,cut_two_fruits_on_board,0,0,0,0,OVER_BUDGET,OVER_BUDGET
30B,heldout_sibgrp,1281,clear_table_with_two_robots_and_put_in_cabinet,1,0,0,0,infeasible_assignment,infeasible_assignment
30B,heldout_sibgrp,1282,parallel_human_dual_asset_to_plate_or_bowl,0,1,1,1,SOLVED,SOLVED
30B,heldout_sibgrp,1285,ensure_all_fruits_on_table,0,1,1,1,SOLVED,SOLVED
30B,heldout_sibgrp,1286,clear_table_with_two_robots_and_put_in_cabinet,1,0,0,0,infeasible_assignment,infeasible_assignment
30B,heldout_sibgrp,1289,toast_bread_and_set_plate,0,0,0,0,OVER_BUDGET,OVER_BUDGET
30B,heldout_sibgrp,1291,cut_fruit_on_board,0,0,0,0,GOAL_UNMET,GOAL_UNMET
30B,heldout_sibgrp,1293,set_plate_and_fork_on_table,0,0,0,0,GOAL_UNMET,GOAL_UNMET
30B,heldout_sibgrp,1294,cut_two_fruits_on_board,0,0,0,0,GOAL_UNMET,GOAL_UNMET
30B,heldout_sibgrp,1295,set_plate_and_fork_on_table,0,0,0,0,GOAL_UNMET,GOAL_UNMET
30B,heldout_sibgrp,1300,toast_bread_and_set_plate,0,0,0,0,OVER_BUDGET,OVER_BUDGET
30B,heldout_sibgrp,1303,ensure_all_fruits_on_table,0,1,1,1,SOLVED,SOLVED
30B,heldout_sibgrp,1304,set_plate_and_fork_on_table,0,0,0,0,GOAL_UNMET,GOAL_UNMET
30B,heldout_sibgrp,1306,dog_push_box_for_two_panda_transport,1,0,0,0,infeasible_assignment,infeasible_assignment
30B,heldout_sibgrp,1307,clear_table_with_two_robots_and_put_in_cabinet,1,0,0,0,infeasible_assignment,infeasible_assignment
30B,heldout_sibgrp,1308,clear_table_with_two_robots_and_put_in_cabinet,1,0,0,0,infeasible_assignment,infeasible_assignment
30B,heldout_sibgrp,1311,toast_bread_and_set_plate,0,0,0,0,OVER_BUDGET,OVER_BUDGET
30B,heldout_sibgrp,1312,cut_fruit_on_board,0,0,0,0,GOAL_UNMET,GOAL_UNMET
30B,heldout_sibgrp,1313,set_plate_and_fork_on_table,0,0,0,0,OVER_BUDGET,OVER_BUDGET
30B,heldout_sibgrp,1314,set_plate_and_fork_on_table,0,0,0,0,OVER_BUDGET,OVER_BUDGET
30B,heldout_sibgrp,1315,clear_table_with_two_robots_and_put_in_cabinet,1,0,0,0,infeasible_assignment,infeasible_assignment
30B,heldout_sibgrp,1317,parallel_human_dual_asset_to_plate_or_bowl,0,1,1,1,SOLVED,SOLVED
30B,heldout_sibgrp,1320,ensure_all_fruits_on_table,0,1,1,1,SOLVED,SOLVED
30B,heldout_sibgrp,1321,cut_fruit_on_board,0,0,0,0,GOAL_UNMET,GOAL_UNMET
30B,heldout_sibgrp,1322,cut_fruit_on_board,0,0,0,0,GOAL_UNMET,GOAL_UNMET
30B,heldout_sibgrp,1325,cut_two_fruits_on_board,0,0,0,0,OVER_BUDGET,OVER_BUDGET
30B,heldout_sibgrp,1327,clear_table_with_two_robots_and_put_in_cabinet,1,0,0,0,infeasible_assignment,infeasible_assignment
30B,heldout_sibgrp,1328,cut_fruit_on_board,0,0,0,0,GOAL_UNMET,GOAL_UNMET
30B,heldout_sibgrp,1330,ensure_all_fruits_on_table,0,0,0,0,GOAL_UNMET,GOAL_UNMET
30B,heldout_sibgrp,1331,cut_fruit_on_board,0,0,0,0,GOAL_UNMET,GOAL_UNMET
30B,heldout_sibgrp,1333,dog_push_box_for_two_panda_transport,1,0,0,0,infeasible_assignment,infeasible_assignment
30B,heldout_sibgrp,1338,clear_table_with_two_robots_and_put_in_cabinet,1,0,0,0,infeasible_assignment,infeasible_assignment
30B,heldout_sibgrp,1342,clear_table_with_two_robots_and_put_in_cabinet,1,0,0,0,infeasible_assignment,infeasible_assignment
30B,heldout_sibgrp,1345,set_plate_and_fork_on_table,0,0,0,0,GOAL_UNMET,GOAL_UNMET
30B,heldout_sibgrp,1348,dog_push_box_for_two_panda_transport,1,0,0,0,infeasible_assignment,infeasible_assignment
30B,heldout_sibgrp,1350,cut_two_fruits_on_board,0,0,0,0,GOAL_UNMET,GOAL_UNMET
30B,heldout_sibgrp,1351,toast_bread_and_set_plate,0,0,0,0,OVER_BUDGET,OVER_BUDGET
30B,heldout_sibgrp,1352,ensure_all_fruits_on_table,0,1,1,1,SOLVED,SOLVED
30B,heldout_sibgrp,1353,ensure_all_fruits_on_table,0,1,1,1,SOLVED,SOLVED
30B,heldout_sibgrp,1355,clear_table_with_two_robots_and_put_in_cabinet,1,0,0,0,infeasible_assignment,infeasible_assignment
30B,heldout_sibgrp,1356,ensure_all_fruits_on_table,0,0,0,0,GOAL_UNMET,GOAL_UNMET
30B,heldout_sibgrp,1357,cut_two_fruits_on_board,0,0,0,0,GOAL_UNMET,GOAL_UNMET
30B,heldout_sibgrp,1358,dog_push_box_for_two_panda_transport,1,0,0,0,infeasible_assignment,infeasible_assignment
30B,heldout_sibgrp,1359,set_plate_and_fork_on_table,0,0,0,0,GOAL_UNMET,GOAL_UNMET
30B,heldout_sibgrp,1361,set_plate_and_fork_on_table,0,0,0,0,GOAL_UNMET,GOAL_UNMET
30B,heldout_sibgrp,1363,clear_table_with_two_robots_and_put_in_cabinet,1,0,0,0,infeasible_assignment,infeasible_assignment
30B,heldout_sibgrp,1365,cut_fruit_on_board,0,0,0,0,GOAL_UNMET,GOAL_UNMET
30B,heldout_sibgrp,1366,cut_fruit_on_board,0,0,0,0,GOAL_UNMET,GOAL_UNMET
30B,heldout_sibgrp,1373,clear_table_with_two_robots_and_put_in_cabinet,1,0,0,0,infeasible_assignment,infeasible_assignment
30B,heldout_sibgrp,1374,cut_two_fruits_on_board,0,0,0,0,GOAL_UNMET,GOAL_UNMET
30B,heldout_sibgrp,1378,clear_table_with_two_robots_and_put_in_cabinet,1,0,0,0,infeasible_assignment,infeasible_assignment
30B,heldout_sibgrp,1379,set_plate_and_fork_on_table,0,0,0,0,GOAL_UNMET,GOAL_UNMET
30B,heldout_sibgrp,1380,ensure_all_fruits_on_table,0,1,1,1,SOLVED,SOLVED
30B,heldout_sibgrp,1383,cut_fruit_on_board,0,0,0,0,GOAL_UNMET,GOAL_UNMET
30B,heldout_sibgrp,1384,set_plate_and_fork_on_table,0,0,0,0,GOAL_UNMET,GOAL_UNMET
30B,heldout_sibgrp,1385,clear_table_with_two_robots_and_put_in_cabinet,1,0,0,0,infeasible_assignment,infeasible_assignment
30B,heldout_sibgrp,1387,cut_fruit_on_board,0,0,0,0,GOAL_UNMET,GOAL_UNMET
30B,heldout_sibgrp,1388,toast_bread_and_set_plate,0,0,0,0,OVER_BUDGET,OVER_BUDGET
30B,heldout_sibgrp,1389,cut_two_fruits_on_board,0,0,0,0,OVER_BUDGET,OVER_BUDGET
30B,heldout_sibgrp,1392,cut_fruit_on_board,0,0,0,0,OVER_BUDGET,OVER_BUDGET
30B,heldout_sibgrp,1393,cut_two_fruits_on_board,0,0,0,0,GOAL_UNMET,GOAL_UNMET
30B,heldout_sibgrp,1395,dog_push_box_for_two_panda_transport,1,0,0,0,infeasible_assignment,infeasible_assignment
30B,heldout_sibgrp,1397,cut_two_fruits_on_board,0,0,0,0,GOAL_UNMET,GOAL_UNMET
30B,heldout_sibgrp,1398,cut_two_fruits_on_board,0,0,0,0,GOAL_UNMET,GOAL_UNMET
30B,heldout_sibgrp,1399,clear_table_with_two_robots_and_put_in_cabinet,1,0,0,0,infeasible_assignment,infeasible_assignment
30B,heldout_sibgrp,1400,parallel_human_dual_asset_to_plate_or_bowl,0,1,1,1,SOLVED,SOLVED
30B,heldout_sibgrp,1401,toast_bread_and_set_plate,0,0,0,0,OVER_BUDGET,OVER_BUDGET
30B,heldout_sibgrp,1402,set_plate_and_fork_on_table,0,0,0,0,OVER_BUDGET,OVER_BUDGET
30B,heldout_sibgrp,1403,cut_fruit_on_board,0,0,0,0,GOAL_UNMET,GOAL_UNMET
30B,heldout_sibgrp,1404,dog_push_box_for_two_panda_transport,1,0,0,0,infeasible_assignment,infeasible_assignment
30B,heldout_sibgrp,1405,cut_two_fruits_on_board,0,0,0,0,OVER_BUDGET,OVER_BUDGET
30B,heldout_sibgrp,1406,cut_fruit_on_board,0,0,0,0,GOAL_UNMET,GOAL_UNMET
30B,heldout_sibgrp,1410,cut_fruit_on_board,0,0,0,0,GOAL_UNMET,GOAL_UNMET
30B,heldout_sibgrp,1411,cut_fruit_on_board,0,0,0,0,OVER_BUDGET,OVER_BUDGET
30B,heldout_sibgrp,1413,clear_table_with_two_robots_and_put_in_cabinet,1,0,0,0,infeasible_assignment,infeasible_assignment
30B,heldout_sibgrp,1415,clear_table_with_two_robots_and_put_in_cabinet,1,0,0,0,infeasible_assignment,infeasible_assignment
30B,heldout_sibgrp,1416,toast_bread_and_set_plate,0,0,0,0,OVER_BUDGET,OVER_BUDGET
30B,heldout_sibgrp,1419,dog_push_box_for_two_panda_transport,1,0,0,0,infeasible_assignment,infeasible_assignment
30B,heldout_sibgrp,1420,cut_fruit_on_board,0,0,0,0,GOAL_UNMET,GOAL_UNMET
30B,heldout_sibgrp,1424,dog_push_box_for_two_panda_transport,1,0,0,0,infeasible_assignment,infeasible_assignment
30B,heldout_sibgrp,1425,dog_push_box_for_two_panda_transport,1,0,0,0,infeasible_assignment,infeasible_assignment
30B,heldout_sibgrp,1429,ensure_all_fruits_on_table,0,0,0,0,GOAL_UNMET,GOAL_UNMET
30B,heldout_sibgrp,1431,clear_table_with_two_robots_and_put_in_cabinet,1,0,0,0,infeasible_assignment,infeasible_assignment
30B,heldout_sibgrp,1432,cut_two_fruits_on_board,0,0,0,0,GOAL_UNMET,GOAL_UNMET
30B,heldout_sibgrp,1434,clear_table_with_two_robots_and_put_in_cabinet,1,0,0,0,infeasible_assignment,infeasible_assignment
30B,heldout_sibgrp,1439,parallel_human_dual_asset_to_plate_or_bowl,0,1,1,1,SOLVED,SOLVED
30B,heldout_sibgrp,1440,clear_table_with_two_robots_and_put_in_cabinet,1,0,0,0,infeasible_assignment,infeasible_assignment
30B,heldout_sibgrp,1442,cut_fruit_on_board,0,0,0,0,GOAL_UNMET,GOAL_UNMET
30B,heldout_sibgrp,1443,cut_fruit_on_board,0,0,0,0,GOAL_UNMET,GOAL_UNMET
30B,heldout_sibgrp,1444,clear_table_with_two_robots_and_put_in_cabinet,1,0,0,0,infeasible_assignment,infeasible_assignment
30B,heldout_sibgrp,1447,clear_table_with_two_robots_and_put_in_cabinet,1,0,0,0,infeasible_assignment,infeasible_assignment
30B,heldout_sibgrp,1450,cut_two_fruits_on_board,0,0,0,0,GOAL_UNMET,GOAL_UNMET
30B,heldout_sibgrp,1451,clear_table_with_two_robots_and_put_in_cabinet,1,0,0,0,infeasible_assignment,infeasible_assignment
30B,heldout_sibgrp,1455,cut_fruit_on_board,0,0,0,0,GOAL_UNMET,GOAL_UNMET
30B,heldout_sibgrp,1456,clear_table_with_two_robots_and_put_in_cabinet,1,0,0,0,infeasible_assignment,infeasible_assignment
30B,heldout_sibgrp,1459,toast_bread_and_set_plate,0,0,0,0,OVER_BUDGET,OVER_BUDGET
30B,heldout_sibgrp,1460,ensure_all_fruits_on_table,0,1,1,1,SOLVED,SOLVED
30B,heldout_sibgrp,1465,cut_fruit_on_board,0,0,0,0,GOAL_UNMET,GOAL_UNMET
30B,heldout_sibgrp,1467,dog_push_box_for_two_panda_transport,1,0,0,0,infeasible_assignment,infeasible_assignment
30B,heldout_sibgrp,1468,clear_table_with_two_robots_and_put_in_cabinet,1,0,0,0,infeasible_assignment,infeasible_assignment
30B,heldout_sibgrp,1470,cut_fruit_on_board,0,0,0,0,GOAL_UNMET,GOAL_UNMET
30B,heldout_sibgrp,1473,cut_fruit_on_board,0,0,0,0,GOAL_UNMET,GOAL_UNMET
30B,heldout_sibgrp,1475,cut_fruit_on_board,0,0,0,0,GOAL_UNMET,GOAL_UNMET
30B,heldout_sibgrp,1477,cut_fruit_on_board,0,0,0,0,OVER_BUDGET,OVER_BUDGET
30B,heldout_sibgrp,1483,toast_bread_and_set_plate,0,0,0,0,OVER_BUDGET,OVER_BUDGET
30B,heldout_sibgrp,1484,cut_two_fruits_on_board,0,0,0,0,GOAL_UNMET,GOAL_UNMET
30B,heldout_sibgrp,1485,parallel_human_dual_asset_to_plate_or_bowl,0,1,1,1,SOLVED,SOLVED
30B,heldout_sibgrp,1487,clear_table_with_two_robots_and_put_in_cabinet,1,0,0,0,infeasible_assignment,infeasible_assignment
30B,heldout_sibgrp,1490,cut_fruit_on_board,0,0,0,0,GOAL_UNMET,GOAL_UNMET
30B,heldout_sibgrp,1492,clear_table_with_two_robots_and_put_in_cabinet,1,0,0,0,infeasible_assignment,infeasible_assignment
30B,heldout_sibgrp,1493,clear_table_with_two_robots_and_put_in_cabinet,1,0,0,0,infeasible_assignment,infeasible_assignment
30B,heldout_sibgrp,1496,cut_fruit_on_board,0,0,0,0,OVER_BUDGET,OVER_BUDGET
30B,heldout_sibgrp,1497,toast_bread_and_set_plate,0,0,0,0,OVER_BUDGET,OVER_BUDGET
30B,heldout_sibgrp,1503,toast_bread_and_set_plate,0,0,0,0,OVER_BUDGET,OVER_BUDGET
30B,heldout_sibgrp,1505,cut_fruit_on_board,0,0,0,0,GOAL_UNMET,GOAL_UNMET
30B,heldout_sibgrp,1506,ensure_all_fruits_on_table,0,0,0,0,GOAL_UNMET,GOAL_UNMET
30B,heldout_sibgrp,1507,cut_fruit_on_board,0,0,0,0,GOAL_UNMET,GOAL_UNMET
30B,heldout_sibgrp,1509,set_plate_and_fork_on_table,0,0,0,0,GOAL_UNMET,GOAL_UNMET
30B,heldout_sibgrp,1510,clear_table_with_two_robots_and_put_in_cabinet,1,0,0,0,infeasible_assignment,infeasible_assignment
30B,heldout_sibgrp,1511,clear_table_with_two_robots_and_put_in_cabinet,1,0,0,0,infeasible_assignment,infeasible_assignment
30B,heldout_sibgrp,1512,toast_bread_and_set_plate,0,0,0,0,OVER_BUDGET,OVER_BUDGET
30B,heldout_sibgrp,1515,cut_two_fruits_on_board,0,0,0,0,GOAL_UNMET,GOAL_UNMET
30B,heldout_sibgrp,1516,clear_table_with_two_robots_and_put_in_cabinet,1,0,0,0,infeasible_assignment,infeasible_assignment
30B,heldout_sibgrp,1520,cut_two_fruits_on_board,0,0,0,0,GOAL_UNMET,GOAL_UNMET
30B,heldout_sibgrp,1521,parallel_human_dual_asset_to_plate_or_bowl,0,1,1,1,SOLVED,SOLVED
30B,heldout_sibgrp,1522,cut_two_fruits_on_board,0,0,0,0,OVER_BUDGET,OVER_BUDGET
30B,heldout_sibgrp,1523,cut_two_fruits_on_board,0,0,0,0,GOAL_UNMET,GOAL_UNMET
30B,heldout_sibgrp,1525,set_plate_and_fork_on_table,0,0,0,0,GOAL_UNMET,GOAL_UNMET
30B,heldout_sibgrp,1527,dog_push_box_for_two_panda_transport,1,0,0,0,infeasible_assignment,infeasible_assignment
30B,heldout_sibgrp,1528,dog_push_box_for_two_panda_transport,1,0,0,0,infeasible_assignment,infeasible_assignment
30B,heldout_sibgrp,1530,clear_table_with_two_robots_and_put_in_cabinet,1,0,0,0,infeasible_assignment,infeasible_assignment
30B,heldout_sibgrp,1532,dog_push_box_for_two_panda_transport,1,0,0,0,infeasible_assignment,infeasible_assignment
30B,heldout_sibgrp,1533,clear_table_with_two_robots_and_put_in_cabinet,1,0,0,0,infeasible_assignment,infeasible_assignment
30B,heldout_sibgrp,1534,set_plate_and_fork_on_table,0,0,0,0,GOAL_UNMET,GOAL_UNMET
30B,heldout_sibgrp,1537,clear_table_with_two_robots_and_put_in_cabinet,1,0,0,0,infeasible_assignment,infeasible_assignment
30B,heldout_sibgrp,1538,parallel_human_dual_asset_to_plate_or_bowl,0,1,1,1,SOLVED,SOLVED
30B,heldout_sibgrp,1539,parallel_human_dual_asset_to_plate_or_bowl,0,1,1,1,SOLVED,SOLVED
30B,heldout_sibgrp,1546,cut_two_fruits_on_board,0,0,0,0,GOAL_UNMET,GOAL_UNMET
30B,heldout_sibgrp,1547,parallel_human_dual_asset_to_plate_or_bowl,0,1,1,1,SOLVED,SOLVED
30B,heldout_sibgrp,1548,parallel_human_dual_asset_to_plate_or_bowl,0,1,1,1,SOLVED,SOLVED
30B,heldout_sibgrp,1549,toast_bread_and_set_plate,0,0,0,0,OVER_BUDGET,OVER_BUDGET
30B,heldout_sibgrp,1554,clear_table_with_two_robots_and_put_in_cabinet,1,0,0,0,infeasible_assignment,infeasible_assignment
30B,heldout_sibgrp,1555,parallel_human_dual_asset_to_plate_or_bowl,0,1,1,1,SOLVED,SOLVED
30B,heldout_sibgrp,1556,ensure_all_fruits_on_table,0,1,1,1,SOLVED,SOLVED
30B,heldout_sibgrp,1559,cut_fruit_on_board,0,0,0,0,GOAL_UNMET,GOAL_UNMET
30B,heldout_sibgrp,1560,parallel_human_dual_asset_to_plate_or_bowl,0,1,1,1,SOLVED,SOLVED
30B,heldout_sibgrp,1565,ensure_all_fruits_on_table,0,1,1,1,SOLVED,SOLVED
30B,heldout_sibgrp,1569,dog_push_box_for_two_panda_transport,1,0,0,0,infeasible_assignment,infeasible_assignment
30B,heldout_sibgrp,1570,clear_table_with_two_robots_and_put_in_cabinet,1,0,0,0,infeasible_assignment,infeasible_assignment
30B,heldout_sibgrp,1571,cut_fruit_on_board,0,0,0,0,GOAL_UNMET,GOAL_UNMET
30B,heldout_sibgrp,1574,cut_fruit_on_board,0,0,0,0,GOAL_UNMET,GOAL_UNMET
30B,heldout_sibgrp,1576,toast_bread_and_set_plate,0,0,0,0,OVER_BUDGET,OVER_BUDGET
30B,heldout_sibgrp,1578,clear_table_with_two_robots_and_put_in_cabinet,1,0,0,0,infeasible_assignment,infeasible_assignment
30B,heldout_sibgrp,1579,cut_two_fruits_on_board,0,0,0,0,GOAL_UNMET,GOAL_UNMET
30B,heldout_sibgrp,1583,cut_fruit_on_board,0,0,0,0,OVER_BUDGET,OVER_BUDGET
30B,heldout_sibgrp,1584,set_plate_and_fork_on_table,0,0,0,0,GOAL_UNMET,GOAL_UNMET
30B,heldout_sibgrp,1585,cut_fruit_on_board,0,0,0,0,GOAL_UNMET,GOAL_UNMET
30B,heldout_sibgrp,1586,clear_table_with_two_robots_and_put_in_cabinet,1,0,0,0,infeasible_assignment,infeasible_assignment
30B,heldout_sibgrp,1589,toast_bread_and_set_plate,0,0,0,0,OVER_BUDGET,OVER_BUDGET
30B,heldout_sibgrp,1590,cut_fruit_on_board,0,0,0,0,OVER_BUDGET,OVER_BUDGET
30B,heldout_sibgrp,1591,cut_fruit_on_board,0,0,0,0,OVER_BUDGET,OVER_BUDGET
30B,heldout_sibgrp,1593,dog_push_box_for_two_panda_transport,1,0,0,0,infeasible_assignment,infeasible_assignment
30B,heldout_sibgrp,1594,clear_table_with_two_robots_and_put_in_cabinet,1,0,0,0,infeasible_assignment,infeasible_assignment
30B,heldout_sibgrp,1598,cut_fruit_on_board,0,0,0,0,OVER_BUDGET,OVER_BUDGET
30B,heldout_sibgrp,1600,toast_bread_and_set_plate,0,0,0,0,OVER_BUDGET,OVER_BUDGET
30B,heldout_sibgrp,1604,toast_bread_and_set_plate,0,0,0,0,OVER_BUDGET,OVER_BUDGET
30B,heldout_sibgrp,1605,ensure_all_fruits_on_table,0,1,1,1,SOLVED,SOLVED
30B,heldout_sibgrp,1609,dog_push_box_for_two_panda_transport,1,0,0,0,infeasible_assignment,infeasible_assignment
30B,heldout_sibgrp,1610,cut_fruit_on_board,0,0,0,0,GOAL_UNMET,GOAL_UNMET
30B,heldout_sibgrp,1611,toast_bread_and_set_plate,0,0,0,0,OVER_BUDGET,OVER_BUDGET
30B,heldout_sibgrp,1612,clear_table_with_two_robots_and_put_in_cabinet,1,0,0,0,infeasible_assignment,infeasible_assignment
30B,heldout_sibgrp,1613,cut_fruit_on_board,0,0,0,0,GOAL_UNMET,GOAL_UNMET
30B,heldout_sibgrp,1614,clear_table_with_two_robots_and_put_in_cabinet,1,0,0,0,infeasible_assignment,infeasible_assignment
30B,heldout_sibgrp,1617,cut_two_fruits_on_board,0,0,0,0,GOAL_UNMET,GOAL_UNMET
30B,heldout_sibgrp,1618,cut_fruit_on_board,0,0,0,0,GOAL_UNMET,GOAL_UNMET
30B,heldout_sibgrp,1627,ensure_all_fruits_on_table,0,0,0,0,GOAL_UNMET,GOAL_UNMET
30B,heldout_sibgrp,1628,cut_two_fruits_on_board,0,0,0,0,GOAL_UNMET,GOAL_UNMET
30B,heldout_sibgrp,1629,cut_two_fruits_on_board,0,0,0,0,OVER_BUDGET,OVER_BUDGET
30B,heldout_sibgrp,1630,cut_fruit_on_board,0,0,0,0,GOAL_UNMET,GOAL_UNMET
30B,heldout_sibgrp,1631,ensure_all_fruits_on_table,0,0,0,0,GOAL_UNMET,GOAL_UNMET
30B,heldout_sibgrp,1633,clear_table_with_two_robots_and_put_in_cabinet,1,0,0,0,infeasible_assignment,infeasible_assignment
30B,heldout_sibgrp,1634,dog_push_box_for_two_panda_transport,1,0,0,0,infeasible_assignment,infeasible_assignment
30B,heldout_sibgrp,1635,cut_two_fruits_on_board,0,0,0,0,GOAL_UNMET,GOAL_UNMET
30B,heldout_sibgrp,1637,dog_push_box_for_two_panda_transport,1,0,0,0,infeasible_assignment,infeasible_assignment
30B,heldout_sibgrp,1638,clear_table_with_two_robots_and_put_in_cabinet,1,0,0,0,infeasible_assignment,infeasible_assignment
30B,heldout_sibgrp,1639,clear_table_with_two_robots_and_put_in_cabinet,1,0,0,0,infeasible_assignment,infeasible_assignment
30B,heldout_sibgrp,1641,parallel_human_dual_asset_to_plate_or_bowl,0,1,1,1,SOLVED,SOLVED
30B,heldout_sibgrp,1642,ensure_all_fruits_on_table,0,0,0,0,GOAL_UNMET,GOAL_UNMET
30B,heldout_sibgrp,1643,cut_two_fruits_on_board,0,0,0,0,OVER_BUDGET,OVER_BUDGET
30B,heldout_sibgrp,1644,cut_fruit_on_board,0,0,0,0,GOAL_UNMET,GOAL_UNMET
30B,heldout_sibgrp,1646,set_plate_and_fork_on_table,0,0,0,0,GOAL_UNMET,GOAL_UNMET
30B,heldout_sibgrp,1647,cut_two_fruits_on_board,0,0,0,0,GOAL_UNMET,GOAL_UNMET
30B,heldout_sibgrp,1648,ensure_all_fruits_on_table,0,1,1,1,SOLVED,SOLVED
30B,heldout_sibgrp,1650,cut_fruit_on_board,0,0,0,0,GOAL_UNMET,GOAL_UNMET
30B,heldout_sibgrp,1651,dog_push_box_for_two_panda_transport,1,0,0,0,infeasible_assignment,infeasible_assignment
30B,heldout_sibgrp,1654,cut_fruit_on_board,0,0,0,0,OVER_BUDGET,OVER_BUDGET
30B,heldout_sibgrp,1655,clear_table_with_two_robots_and_put_in_cabinet,1,0,0,0,infeasible_assignment,infeasible_assignment
30B,heldout_sibgrp,1656,toast_bread_and_set_plate,0,0,0,0,OVER_BUDGET,OVER_BUDGET
30B,heldout_sibgrp,1664,clear_table_with_two_robots_and_put_in_cabinet,1,0,0,0,infeasible_assignment,infeasible_assignment
30B,heldout_sibgrp,1665,cut_two_fruits_on_board,0,0,0,0,GOAL_UNMET,GOAL_UNMET
30B,heldout_sibgrp,1666,ensure_all_fruits_on_table,0,1,1,1,SOLVED,SOLVED
30B,heldout_sibgrp,1668,ensure_all_fruits_on_table,0,0,0,0,GOAL_UNMET,GOAL_UNMET
30B,heldout_sibgrp,1670,set_plate_and_fork_on_table,0,0,0,0,GOAL_UNMET,GOAL_UNMET
30B,heldout_sibgrp,1671,cut_two_fruits_on_board,0,0,0,0,GOAL_UNMET,GOAL_UNMET
30B,heldout_sibgrp,1672,parallel_human_dual_asset_to_plate_or_bowl,0,1,1,1,SOLVED,SOLVED
30B,heldout_sibgrp,1674,clear_table_with_two_robots_and_put_in_cabinet,1,0,0,0,infeasible_assignment,infeasible_assignment
30B,heldout_sibgrp,1675,ensure_all_fruits_on_table,0,0,0,0,GOAL_UNMET,GOAL_UNMET
30B,heldout_sibgrp,1677,clear_table_with_two_robots_and_put_in_cabinet,1,0,0,0,infeasible_assignment,infeasible_assignment
30B,heldout_sibgrp,1678,cut_fruit_on_board,0,0,0,0,GOAL_UNMET,GOAL_UNMET
30B,heldout_sibgrp,1679,parallel_human_dual_asset_to_plate_or_bowl,0,1,1,1,SOLVED,SOLVED
30B,heldout_sibgrp,1680,cut_two_fruits_on_board,0,0,0,0,GOAL_UNMET,GOAL_UNMET
30B,heldout_sibgrp,1682,ensure_all_fruits_on_table,0,0,0,0,GOAL_UNMET,GOAL_UNMET
30B,heldout_sibgrp,1684,parallel_human_dual_asset_to_plate_or_bowl,0,1,1,1,SOLVED,SOLVED
30B,heldout_sibgrp,1685,set_plate_and_fork_on_table,0,0,0,0,GOAL_UNMET,GOAL_UNMET
30B,heldout_sibgrp,1686,clear_table_with_two_robots_and_put_in_cabinet,1,0,0,0,infeasible_assignment,infeasible_assignment
30B,heldout_sibgrp,1689,parallel_human_dual_asset_to_plate_or_bowl,0,1,1,1,SOLVED,SOLVED
30B,heldout_sibgrp,1690,cut_two_fruits_on_board,0,0,0,0,GOAL_UNMET,GOAL_UNMET
30B,heldout_sibgrp,1693,clear_table_with_two_robots_and_put_in_cabinet,1,0,0,0,infeasible_assignment,infeasible_assignment
30B,heldout_sibgrp,1694,clear_table_with_two_robots_and_put_in_cabinet,1,0,0,0,infeasible_assignment,infeasible_assignment
30B,heldout_sibgrp,1696,toast_bread_and_set_plate,0,0,0,0,OVER_BUDGET,OVER_BUDGET
30B,heldout_sibgrp,1697,clear_table_with_two_robots_and_put_in_cabinet,1,0,0,0,infeasible_assignment,infeasible_assignment
30B,heldout_sibgrp,1703,toast_bread_and_set_plate,0,0,0,0,GOAL_UNMET,GOAL_UNMET
30B,heldout_sibgrp,1704,parallel_human_dual_asset_to_plate_or_bowl,0,1,1,1,SOLVED,SOLVED
30B,heldout_sibgrp,1706,clear_table_with_two_robots_and_put_in_cabinet,1,0,0,0,infeasible_assignment,infeasible_assignment
30B,heldout_sibgrp,1707,clear_table_with_two_robots_and_put_in_cabinet,1,0,0,0,infeasible_assignment,infeasible_assignment
30B,heldout_sibgrp,1709,toast_bread_and_set_plate,0,0,0,0,OVER_BUDGET,OVER_BUDGET
30B,heldout_sibgrp,1714,ensure_all_fruits_on_table,0,1,1,1,SOLVED,SOLVED
30B,heldout_sibgrp,1715,cut_two_fruits_on_board,0,0,0,0,GOAL_UNMET,GOAL_UNMET
30B,heldout_sibgrp,1716,cut_fruit_on_board,0,0,0,0,GOAL_UNMET,GOAL_UNMET
30B,heldout_sibgrp,1719,toast_bread_and_set_plate,0,0,0,0,OVER_BUDGET,OVER_BUDGET
30B,heldout_sibgrp,1720,cut_fruit_on_board,0,0,0,0,GOAL_UNMET,GOAL_UNMET
30B,heldout_sibgrp,1724,cut_two_fruits_on_board,0,0,0,0,GOAL_UNMET,GOAL_UNMET
30B,heldout_sibgrp,1725,clear_table_with_two_robots_and_put_in_cabinet,1,0,0,0,infeasible_assignment,infeasible_assignment
30B,heldout_sibgrp,1726,clear_table_with_two_robots_and_put_in_cabinet,1,0,0,0,infeasible_assignment,infeasible_assignment
30B,heldout_sibgrp,1728,cut_fruit_on_board,0,0,0,0,OVER_BUDGET,OVER_BUDGET
30B,heldout_sibgrp,1729,ensure_all_fruits_on_table,0,0,0,0,GOAL_UNMET,GOAL_UNMET
30B,heldout_sibgrp,1730,cut_fruit_on_board,0,0,0,0,GOAL_UNMET,GOAL_UNMET
30B,heldout_sibgrp,1731,cut_two_fruits_on_board,0,0,0,0,GOAL_UNMET,GOAL_UNMET
30B,heldout_sibgrp,1732,cut_fruit_on_board,0,0,0,0,GOAL_UNMET,GOAL_UNMET
30B,heldout_sibgrp,1734,cut_fruit_on_board,0,0,0,0,OVER_BUDGET,OVER_BUDGET
30B,heldout_sibgrp,1735,ensure_all_fruits_on_table,0,1,1,1,SOLVED,SOLVED
30B,heldout_sibgrp,1736,clear_table_with_two_robots_and_put_in_cabinet,1,0,0,0,infeasible_assignment,infeasible_assignment
30B,heldout_sibgrp,1738,toast_bread_and_set_plate,0,0,0,0,OVER_BUDGET,OVER_BUDGET
30B,heldout_sibgrp,1740,dog_push_box_for_two_panda_transport,1,0,0,0,infeasible_assignment,infeasible_assignment
30B,heldout_sibgrp,1741,cut_fruit_on_board,0,0,0,0,GOAL_UNMET,GOAL_UNMET
30B,heldout_sibgrp,1743,cut_fruit_on_board,0,0,0,0,GOAL_UNMET,GOAL_UNMET
30B,heldout_sibgrp,1744,clear_table_with_two_robots_and_put_in_cabinet,1,0,0,0,infeasible_assignment,infeasible_assignment
30B,heldout_sibgrp,1745,cut_fruit_on_board,0,0,0,0,GOAL_UNMET,GOAL_UNMET
30B,heldout_sibgrp,1750,cut_fruit_on_board,0,0,0,0,GOAL_UNMET,GOAL_UNMET
30B,heldout_sibgrp,1751,clear_table_with_two_robots_and_put_in_cabinet,1,0,0,0,infeasible_assignment,infeasible_assignment
30B,heldout_sibgrp,1753,clear_table_with_two_robots_and_put_in_cabinet,1,0,0,0,infeasible_assignment,infeasible_assignment
30B,heldout_sibgrp,1755,cut_fruit_on_board,0,0,0,0,GOAL_UNMET,GOAL_UNMET
30B,heldout_sibgrp,1759,cut_fruit_on_board,0,0,0,0,GOAL_UNMET,GOAL_UNMET
30B,heldout_sibgrp,1762,clear_table_with_two_robots_and_put_in_cabinet,1,0,0,0,infeasible_assignment,infeasible_assignment
30B,heldout_sibgrp,1763,parallel_human_dual_asset_to_plate_or_bowl,0,1,1,1,SOLVED,SOLVED
30B,heldout_sibgrp,1764,clear_table_with_two_robots_and_put_in_cabinet,1,0,0,0,infeasible_assignment,infeasible_assignment
30B,heldout_sibgrp,1766,cut_fruit_on_board,0,0,0,0,GOAL_UNMET,GOAL_UNMET
30B,heldout_sibgrp,1767,set_plate_and_fork_on_table,0,0,0,0,GOAL_UNMET,GOAL_UNMET
30B,heldout_sibgrp,1769,cut_fruit_on_board,0,0,0,0,OVER_BUDGET,OVER_BUDGET
30B,heldout_sibgrp,1770,clear_table_with_two_robots_and_put_in_cabinet,1,0,0,0,infeasible_assignment,infeasible_assignment
30B,heldout_sibgrp,1771,clear_table_with_two_robots_and_put_in_cabinet,1,0,0,0,infeasible_assignment,infeasible_assignment
30B,heldout_sibgrp,1772,cut_two_fruits_on_board,0,0,0,0,GOAL_UNMET,GOAL_UNMET
30B,heldout_sibgrp,1778,parallel_human_dual_asset_to_plate_or_bowl,0,1,1,1,SOLVED,SOLVED
30B,heldout_sibgrp,1780,dog_push_box_for_two_panda_transport,1,0,0,0,infeasible_assignment,infeasible_assignment
30B,heldout_sibgrp,1781,clear_table_with_two_robots_and_put_in_cabinet,1,0,0,0,infeasible_assignment,infeasible_assignment
30B,heldout_sibgrp,1782,toast_bread_and_set_plate,0,0,0,0,OVER_BUDGET,OVER_BUDGET
30B,heldout_sibgrp,1784,toast_bread_and_set_plate,0,0,0,0,OVER_BUDGET,OVER_BUDGET
30B,heldout_sibgrp,1785,clear_table_with_two_robots_and_put_in_cabinet,1,0,0,0,infeasible_assignment,infeasible_assignment
30B,heldout_sibgrp,1786,set_plate_and_fork_on_table,0,0,0,0,GOAL_UNMET,GOAL_UNMET
30B,heldout_sibgrp,1787,set_plate_and_fork_on_table,0,0,0,0,GOAL_UNMET,GOAL_UNMET
30B,heldout_sibgrp,1792,cut_fruit_on_board,0,0,0,0,GOAL_UNMET,GOAL_UNMET
30B,heldout_sibgrp,1795,clear_table_with_two_robots_and_put_in_cabinet,1,0,0,0,infeasible_assignment,infeasible_assignment
30B,heldout_sibgrp,1796,cut_two_fruits_on_board,0,0,0,0,GOAL_UNMET,GOAL_UNMET
30B,heldout_sibgrp,1797,set_plate_and_fork_on_table,0,0,0,0,GOAL_UNMET,GOAL_UNMET
30B,heldout_sibgrp,1798,clear_table_with_two_robots_and_put_in_cabinet,1,0,0,0,infeasible_assignment,infeasible_assignment
30B,heldout_sibgrp,1799,cut_fruit_on_board,0,0,0,0,OVER_BUDGET,OVER_BUDGET
30B,imaged,0,recombine_cut_and_deliver,0,1,1,1,SOLVED,SOLVED
30B,imaged,1,recombine_cut_and_deliver,0,1,1,1,SOLVED,SOLVED
30B,imaged,2,recombine_cut_and_deliver,0,1,1,1,SOLVED,SOLVED
30B,imaged,3,recombine_cut_and_deliver,0,0,0,0,GOAL_UNMET,GOAL_UNMET
30B,imaged,4,recombine_cut_and_deliver,0,0,0,0,GOAL_UNMET,GOAL_UNMET
30B,imaged,5,recombine_cut_and_deliver,0,0,0,0,OVER_BUDGET,OVER_BUDGET
30B,imaged,6,recombine_cut_and_deliver,0,0,0,0,GOAL_UNMET,GOAL_UNMET
30B,imaged,7,recombine_cut_and_deliver,0,1,1,1,SOLVED,SOLVED
30B,imaged,8,recombine_cut_and_deliver,0,0,0,0,OVER_BUDGET,OVER_BUDGET
30B,imaged,9,recombine_cut_and_deliver,0,0,0,0,OVER_BUDGET,OVER_BUDGET
30B,imaged,10,recombine_cut_and_deliver,0,1,1,1,SOLVED,SOLVED
30B,imaged,11,recombine_cut_and_deliver,0,1,1,1,SOLVED,SOLVED
30B,imaged,12,recombine_cut_and_deliver,0,1,1,1,SOLVED,SOLVED
30B,imaged,13,recombine_cut_and_deliver,0,1,1,1,SOLVED,SOLVED
30B,imaged,14,recombine_cut_and_deliver,0,1,1,1,SOLVED,SOLVED
30B,imaged,15,recombine_cut_and_deliver,0,1,1,1,SOLVED,SOLVED
30B,imaged,16,recombine_cut_and_deliver,0,1,1,1,SOLVED,SOLVED
30B,imaged,17,recombine_cut_and_deliver,0,0,0,0,GOAL_UNMET,GOAL_UNMET
30B,imaged,18,recombine_cut_and_deliver,0,1,1,1,SOLVED,SOLVED
30B,imaged,19,recombine_cut_and_deliver,0,0,0,0,OVER_BUDGET,OVER_BUDGET
30B,imaged,20,recombine_cut_and_deliver,0,1,1,1,SOLVED,SOLVED
30B,imaged,21,recombine_cut_and_deliver,0,1,1,1,SOLVED,SOLVED
30B,imaged,22,recombine_cut_and_deliver,0,0,0,0,GOAL_UNMET,GOAL_UNMET
30B,imaged,23,recombine_cut_and_deliver,0,1,1,1,SOLVED,SOLVED
30B,imaged,24,recombine_cut_and_deliver,0,1,1,1,SOLVED,SOLVED
30B,imaged,25,recombine_cut_and_deliver,0,0,0,0,GOAL_UNMET,GOAL_UNMET
30B,imaged,26,recombine_cut_and_deliver,0,1,1,1,SOLVED,SOLVED
30B,imaged,27,recombine_cut_and_deliver,0,0,0,0,GOAL_UNMET,GOAL_UNMET
30B,imaged,28,recombine_cut_and_deliver,0,0,0,0,GOAL_UNMET,GOAL_UNMET
30B,imaged,29,recombine_cut_and_deliver,0,0,0,0,GOAL_UNMET,GOAL_UNMET
30B,imaged,30,recombine_cut_and_deliver,0,1,1,1,SOLVED,SOLVED
30B,imaged,31,recombine_cut_and_deliver,0,1,1,1,SOLVED,SOLVED
30B,imaged,32,recombine_cut_and_deliver,0,1,1,1,SOLVED,SOLVED
30B,imaged,33,recombine_cut_and_deliver,0,1,1,1,SOLVED,SOLVED
30B,imaged,34,recombine_cut_and_deliver,0,1,1,1,SOLVED,SOLVED
30B,imaged,35,recombine_cut_and_deliver,0,1,1,1,SOLVED,SOLVED
30B,imaged,36,recombine_cut_and_deliver,0,1,1,1,SOLVED,SOLVED
30B,imaged,37,recombine_cut_and_deliver,0,1,1,1,SOLVED,SOLVED
30B,imaged,38,recombine_cut_and_deliver,0,1,1,1,SOLVED,SOLVED
30B,imaged,39,recombine_cut_and_deliver,0,1,1,1,SOLVED,SOLVED
30B,imaged,40,recombine_cut_and_deliver,0,1,1,1,SOLVED,SOLVED
30B,imaged,41,recombine_cut_and_deliver,0,0,0,0,GOAL_UNMET,GOAL_UNMET
30B,imaged,42,recombine_cut_and_deliver,0,1,1,1,SOLVED,SOLVED
30B,imaged,43,recombine_cut_and_deliver,0,0,0,0,GOAL_UNMET,GOAL_UNMET
30B,imaged,44,recombine_cut_and_deliver,0,1,1,1,SOLVED,SOLVED
30B,imaged,45,recombine_cut_and_deliver,0,1,1,1,SOLVED,SOLVED
30B,imaged,46,recombine_cut_and_deliver,0,1,1,1,SOLVED,SOLVED
30B,imaged,47,recombine_cut_and_deliver,0,0,0,0,OVER_BUDGET,OVER_BUDGET
30B,imaged,48,recombine_cut_and_deliver,0,1,1,1,SOLVED,SOLVED
30B,imaged,49,recombine_cut_and_deliver,0,0,0,0,OVER_BUDGET,OVER_BUDGET
30B,imaged,50,recombine_cut_and_deliver,0,1,1,1,SOLVED,SOLVED
30B,imaged,51,recombine_cut_and_deliver,0,1,1,1,SOLVED,SOLVED
30B,imaged,52,recombine_cut_and_deliver,0,1,1,1,SOLVED,SOLVED
30B,imaged,53,recombine_cut_and_deliver,0,0,0,0,GOAL_UNMET,GOAL_UNMET
30B,imaged,54,recombine_cut_and_deliver,0,0,0,0,GOAL_UNMET,GOAL_UNMET
30B,imaged,55,recombine_cut_and_deliver,0,1,1,1,SOLVED,SOLVED
30B,imaged,56,recombine_cut_and_deliver,0,1,1,1,SOLVED,SOLVED
30B,imaged,57,recombine_cut_and_deliver,0,1,1,1,SOLVED,SOLVED
30B,imaged,58,recombine_cut_and_deliver,0,1,1,1,SOLVED,SOLVED
30B,imaged,59,recombine_cut_and_deliver,0,0,0,0,GOAL_UNMET,GOAL_UNMET
30B,imaged,60,recombine_cut_and_deliver,0,0,0,0,GOAL_UNMET,GOAL_UNMET
30B,imaged,61,recombine_cut_and_deliver,0,1,1,1,SOLVED,SOLVED
30B,imaged,62,recombine_cut_and_deliver,0,0,0,0,GOAL_UNMET,GOAL_UNMET
30B,imaged,63,recombine_cut_and_deliver,0,0,0,0,GOAL_UNMET,GOAL_UNMET
30B,imaged,64,recombine_cut_and_deliver,0,1,1,1,SOLVED,SOLVED
30B,imaged,65,recombine_cut_and_deliver,0,0,0,0,GOAL_UNMET,GOAL_UNMET
30B,imaged,66,recombine_cut_and_deliver,0,0,0,0,GOAL_UNMET,GOAL_UNMET
30B,imaged,67,recombine_cut_and_deliver,0,1,1,1,SOLVED,SOLVED
30B,imaged,68,recombine_cut_and_deliver,0,0,0,0,GOAL_UNMET,GOAL_UNMET
30B,imaged,69,recombine_cut_and_deliver,0,1,1,1,SOLVED,SOLVED
30B,imaged,70,recombine_cut_and_deliver,0,1,1,1,SOLVED,SOLVED
30B,imaged,71,recombine_cut_and_deliver,0,1,1,1,SOLVED,SOLVED
30B,imaged,72,recombine_cut_and_deliver,0,0,0,0,GOAL_UNMET,GOAL_UNMET
30B,imaged,73,recombine_cut_and_deliver,0,1,1,1,SOLVED,SOLVED
30B,imaged,74,recombine_cut_and_deliver,0,0,0,0,GOAL_UNMET,GOAL_UNMET
30B,imaged,75,recombine_cut_and_deliver,0,0,0,0,GOAL_UNMET,GOAL_UNMET
30B,imaged,76,recombine_cut_and_deliver,0,1,1,1,SOLVED,SOLVED
30B,imaged,77,recombine_cut_and_deliver,0,0,0,0,GOAL_UNMET,GOAL_UNMET
30B,imaged,78,recombine_cut_and_deliver,0,0,0,0,OVER_BUDGET,OVER_BUDGET
30B,imaged,79,recombine_cut_and_deliver,0,1,1,1,SOLVED,SOLVED
30B,imaged,80,recombine_cut_and_deliver,0,0,0,0,GOAL_UNMET,GOAL_UNMET
30B,imaged,81,recombine_cut_and_deliver,0,1,1,1,SOLVED,SOLVED
30B,imaged,82,recombine_cut_and_deliver,0,0,0,0,GOAL_UNMET,GOAL_UNMET
30B,imaged,83,recombine_cut_and_deliver,0,0,0,0,GOAL_UNMET,GOAL_UNMET
30B,imaged,84,recombine_cut_and_deliver,0,1,1,1,SOLVED,SOLVED
30B,imaged,85,recombine_cut_and_deliver,0,1,1,1,SOLVED,SOLVED
30B,imaged,86,recombine_cut_and_deliver,0,0,0,0,OVER_BUDGET,OVER_BUDGET
30B,imaged,87,recombine_cut_and_deliver,0,1,1,1,SOLVED,SOLVED
30B,imaged,88,recombine_cut_and_deliver,0,1,1,1,SOLVED,SOLVED
30B,imaged,89,recombine_cut_and_deliver,0,1,1,1,SOLVED,SOLVED
30B,imaged,90,recombine_cut_and_deliver,0,1,1,1,SOLVED,SOLVED
30B,imaged,91,recombine_cut_and_deliver,0,0,0,0,GOAL_UNMET,GOAL_UNMET
30B,imaged,92,recombine_cut_and_deliver,0,0,0,0,GOAL_UNMET,GOAL_UNMET
30B,imaged,93,recombine_cut_and_deliver,0,1,1,1,SOLVED,SOLVED
30B,imaged,94,recombine_cut_and_deliver,0,1,1,1,SOLVED,SOLVED
30B,imaged,95,recombine_cut_and_deliver,0,1,1,1,SOLVED,SOLVED
30B,imaged,96,recombine_cut_and_deliver,0,1,1,1,SOLVED,SOLVED
30B,imaged,97,recombine_cut_and_deliver,0,1,1,1,SOLVED,SOLVED
30B,imaged,98,recombine_cut_and_deliver,0,0,0,0,GOAL_UNMET,GOAL_UNMET
30B,imaged,99,recombine_cut_and_deliver,0,0,0,0,GOAL_UNMET,GOAL_UNMET
30B,imaged,100,recombine_cut_and_deliver,0,0,0,0,GOAL_UNMET,GOAL_UNMET
30B,imaged,101,recombine_cut_and_deliver,0,0,0,0,GOAL_UNMET,GOAL_UNMET
30B,imaged,102,recombine_cut_and_deliver,0,0,0,0,OVER_BUDGET,OVER_BUDGET
30B,imaged,103,recombine_cut_and_deliver,0,0,0,0,GOAL_UNMET,GOAL_UNMET
30B,imaged,104,recombine_cut_and_deliver,0,1,1,1,SOLVED,SOLVED
30B,imaged,105,recombine_cut_and_deliver,0,0,0,0,GOAL_UNMET,GOAL_UNMET
30B,imaged,106,recombine_cut_and_deliver,0,1,1,1,SOLVED,SOLVED
30B,imaged,107,recombine_cut_and_deliver,0,1,1,1,SOLVED,SOLVED
30B,imaged,108,recombine_cut_and_deliver,0,0,0,0,GOAL_UNMET,GOAL_UNMET
30B,imaged,109,recombine_cut_and_deliver,0,1,1,1,SOLVED,SOLVED
30B,imaged,110,recombine_cut_and_deliver,0,1,1,1,SOLVED,SOLVED
30B,imaged,111,recombine_cut_and_deliver,0,1,1,1,SOLVED,SOLVED
30B,imaged,112,recombine_cut_and_deliver,0,1,1,1,SOLVED,SOLVED
30B,imaged,113,recombine_cut_and_deliver,0,1,1,1,SOLVED,SOLVED
30B,imaged,114,recombine_cut_and_deliver,0,1,1,1,SOLVED,SOLVED
30B,imaged,115,recombine_cut_and_deliver,0,1,1,1,SOLVED,SOLVED
30B,imaged,116,recombine_cut_and_deliver,0,0,0,0,GOAL_UNMET,GOAL_UNMET
30B,imaged,117,recombine_cut_and_deliver,0,1,1,1,SOLVED,SOLVED
30B,imaged,118,recombine_cut_and_deliver,0,1,1,1,SOLVED,SOLVED
30B,imaged,119,recombine_cut_and_deliver,0,1,1,1,SOLVED,SOLVED
30B,imaged,120,recombine_cut_and_deliver,0,1,1,1,SOLVED,SOLVED
30B,imaged,121,recombine_cut_and_deliver,0,0,0,0,GOAL_UNMET,GOAL_UNMET
30B,imaged,122,recombine_cut_and_deliver,0,1,1,1,SOLVED,SOLVED
30B,imaged,123,recombine_cut_and_deliver,0,1,1,1,SOLVED,SOLVED
30B,imaged,124,recombine_cut_and_deliver,0,1,1,1,SOLVED,SOLVED
30B,imaged,125,recombine_cut_and_deliver,0,1,1,1,SOLVED,SOLVED
30B,imaged,126,recombine_cut_and_deliver,0,1,1,1,SOLVED,SOLVED
30B,imaged,127,recombine_cut_and_deliver,0,1,1,1,SOLVED,SOLVED
30B,imaged,128,recombine_cut_and_deliver,0,0,0,0,GOAL_UNMET,GOAL_UNMET
30B,imaged,129,recombine_cut_and_deliver,0,1,1,1,SOLVED,SOLVED
30B,imaged,130,recombine_cut_and_deliver,0,1,1,1,SOLVED,SOLVED
30B,imaged,131,recombine_cut_and_deliver,0,0,0,0,GOAL_UNMET,GOAL_UNMET
30B,imaged,132,recombine_cut_and_deliver,0,1,1,1,SOLVED,SOLVED
30B,imaged,133,recombine_cut_and_deliver,0,1,1,1,SOLVED,SOLVED
30B,imaged,134,recombine_cut_and_deliver,0,1,1,1,SOLVED,SOLVED
30B,imaged,135,recombine_cut_and_deliver,0,1,1,1,SOLVED,SOLVED
30B,imaged,136,recombine_cut_and_deliver,0,0,0,0,GOAL_UNMET,GOAL_UNMET
30B,imaged,137,recombine_cut_and_deliver,0,0,0,0,GOAL_UNMET,GOAL_UNMET
30B,imaged,138,recombine_cut_and_deliver,0,0,0,0,GOAL_UNMET,GOAL_UNMET
30B,imaged,139,recombine_cut_and_deliver,0,1,1,1,SOLVED,SOLVED
30B,imaged,140,recombine_cut_and_deliver,0,1,1,1,SOLVED,SOLVED
30B,imaged,141,recombine_cut_and_deliver,0,0,0,0,GOAL_UNMET,GOAL_UNMET
30B,imaged,142,recombine_cut_and_deliver,0,1,1,1,SOLVED,SOLVED
30B,imaged,143,recombine_cut_and_deliver,0,1,1,1,SOLVED,SOLVED
30B,imaged,144,recombine_cut_and_deliver,0,1,1,1,SOLVED,SOLVED
30B,imaged,145,recombine_cut_and_deliver,0,1,1,1,SOLVED,SOLVED
30B,imaged,146,recombine_cut_and_deliver,0,1,1,1,SOLVED,SOLVED
30B,imaged,147,recombine_cut_and_deliver,0,1,1,1,SOLVED,SOLVED
30B,imaged,148,recombine_cut_and_deliver,0,0,0,0,OVER_BUDGET,OVER_BUDGET
30B,imaged,149,recombine_cut_and_deliver,0,1,1,1,SOLVED,SOLVED
30B,imaged,150,recombine_cut_and_deliver,0,0,0,0,OVER_BUDGET,OVER_BUDGET
30B,imaged,151,recombine_cut_and_deliver,0,0,0,0,GOAL_UNMET,GOAL_UNMET
30B,imaged,152,recombine_cut_and_deliver,0,1,1,1,SOLVED,SOLVED
30B,imaged,153,recombine_cut_and_deliver,0,0,0,0,OVER_BUDGET,OVER_BUDGET
30B,imaged,154,recombine_cut_and_deliver,0,0,0,0,GOAL_UNMET,GOAL_UNMET
30B,imaged,155,recombine_cut_and_deliver,0,1,1,1,SOLVED,SOLVED
30B,imaged,156,recombine_cut_and_deliver,0,0,0,0,GOAL_UNMET,GOAL_UNMET
30B,imaged,157,recombine_cut_and_deliver,0,0,0,0,GOAL_UNMET,GOAL_UNMET
30B,imaged,158,recombine_cut_and_deliver,0,1,1,1,SOLVED,SOLVED
30B,imaged,159,recombine_cut_and_deliver,0,1,1,1,SOLVED,SOLVED
30B,imaged,160,recombine_cut_and_deliver,0,1,1,1,SOLVED,SOLVED
30B,imaged,161,recombine_cut_and_deliver,0,1,1,1,SOLVED,SOLVED
30B,imaged,162,recombine_cut_and_deliver,0,1,1,1,SOLVED,SOLVED
30B,imaged,163,recombine_cut_and_deliver,0,1,1,1,SOLVED,SOLVED
30B,imaged,164,recombine_cut_and_deliver,0,1,1,1,SOLVED,SOLVED
30B,imaged,165,recombine_cut_and_deliver,0,0,0,0,GOAL_UNMET,GOAL_UNMET
30B,imaged,166,recombine_cut_and_deliver,0,1,1,1,SOLVED,SOLVED
30B,imaged,167,recombine_cut_and_deliver,0,1,1,1,SOLVED,SOLVED
30B,imaged,168,recombine_cut_and_deliver,0,1,1,1,SOLVED,SOLVED
30B,imaged,169,recombine_cut_and_deliver,0,1,1,1,SOLVED,SOLVED
30B,imaged,170,recombine_cut_and_deliver,0,1,1,1,SOLVED,SOLVED
30B,imaged,171,recombine_cut_and_deliver,0,1,1,1,SOLVED,SOLVED
30B,imaged,172,recombine_cut_and_deliver,0,1,1,1,SOLVED,SOLVED
30B,imaged,173,recombine_cut_and_deliver,0,1,1,1,SOLVED,SOLVED
30B,imaged,174,recombine_cut_and_deliver,0,1,1,1,SOLVED,SOLVED
30B,imaged,175,recombine_cut_and_deliver,0,1,1,1,SOLVED,SOLVED
30B,imaged,176,recombine_cut_and_deliver,0,0,0,0,GOAL_UNMET,GOAL_UNMET
30B,imaged,177,recombine_cut_and_deliver,0,0,0,0,GOAL_UNMET,GOAL_UNMET
30B,imaged,178,recombine_cut_and_deliver,0,0,0,0,GOAL_UNMET,GOAL_UNMET
30B,imaged,179,recombine_cut_and_deliver,0,1,1,1,SOLVED,SOLVED
30B,imaged,180,recombine_cut_and_deliver,0,1,1,1,SOLVED,SOLVED
30B,imaged,181,recombine_cut_and_deliver,0,0,0,0,GOAL_UNMET,GOAL_UNMET
30B,imaged,182,recombine_cut_and_deliver,0,1,1,1,SOLVED,SOLVED
30B,imaged,183,recombine_cut_and_deliver,0,0,0,0,GOAL_UNMET,GOAL_UNMET
30B,imaged,184,recombine_cut_and_deliver,0,0,0,0,GOAL_UNMET,GOAL_UNMET
30B,imaged,185,recombine_cut_and_deliver,0,1,1,1,SOLVED,SOLVED
30B,imaged,186,recombine_cut_and_deliver,0,0,0,0,GOAL_UNMET,GOAL_UNMET
30B,imaged,187,recombine_cut_and_deliver,0,1,1,1,SOLVED,SOLVED
30B,imaged,188,recombine_cut_and_deliver,0,0,0,0,GOAL_UNMET,GOAL_UNMET
30B,imaged,189,recombine_cut_and_deliver,0,1,1,1,SOLVED,SOLVED
30B,imaged,190,recombine_cut_and_deliver,0,1,1,1,SOLVED,SOLVED
30B,imaged,191,recombine_cut_and_deliver,0,1,1,1,SOLVED,SOLVED
30B,imaged,192,recombine_cut_and_deliver,0,1,1,1,SOLVED,SOLVED
30B,imaged,193,recombine_cut_and_deliver,0,0,0,0,GOAL_UNMET,GOAL_UNMET
30B,imaged,194,recombine_cut_and_deliver,0,1,1,1,SOLVED,SOLVED
30B,imaged,195,recombine_cut_and_deliver,0,1,1,1,SOLVED,SOLVED
30B,imaged,196,recombine_cut_and_deliver,0,1,1,1,SOLVED,SOLVED
30B,imaged,197,recombine_cut_and_deliver,0,1,1,1,SOLVED,SOLVED
30B,imaged,198,recombine_cut_and_deliver,0,1,1,1,SOLVED,SOLVED
30B,imaged,199,recombine_cut_and_deliver,0,1,1,1,SOLVED,SOLVED
30B,imaged,200,recombine_cut_and_deliver,0,1,1,1,SOLVED,SOLVED
30B,imaged,201,recombine_cut_and_deliver,0,1,1,1,SOLVED,SOLVED
30B,imaged,202,recombine_cut_and_deliver,0,1,1,1,SOLVED,SOLVED
30B,imaged,203,recombine_cut_and_deliver,0,1,1,1,SOLVED,SOLVED
30B,imaged,204,recombine_cut_and_deliver,0,0,0,0,GOAL_UNMET,GOAL_UNMET
30B,imaged,205,recombine_cut_and_deliver,0,1,1,1,SOLVED,SOLVED
30B,imaged,206,recombine_cut_and_deliver,0,1,1,1,SOLVED,SOLVED
30B,imaged,207,recombine_cut_and_deliver,0,1,1,1,SOLVED,SOLVED
30B,imaged,208,recombine_cut_and_deliver,0,1,1,1,SOLVED,SOLVED
30B,imaged,209,recombine_cut_and_deliver,0,1,1,1,SOLVED,SOLVED
30B,imaged,210,recombine_cut_and_deliver,0,0,0,0,GOAL_UNMET,GOAL_UNMET
30B,imaged,211,recombine_cut_and_deliver,0,0,0,0,GOAL_UNMET,GOAL_UNMET
30B,imaged,212,recombine_cut_and_deliver,0,0,0,0,GOAL_UNMET,GOAL_UNMET
30B,imaged,213,recombine_cut_and_deliver,0,1,1,1,SOLVED,SOLVED
30B,imaged,214,recombine_cut_and_deliver,0,1,1,1,SOLVED,SOLVED
30B,imaged,215,recombine_cut_and_deliver,0,0,0,0,GOAL_UNMET,GOAL_UNMET
30B,imaged,216,recombine_cut_and_deliver,0,1,1,1,SOLVED,SOLVED
30B,imaged,217,recombine_cut_and_deliver,0,1,1,1,SOLVED,SOLVED
30B,imaged,218,recombine_cut_and_deliver,0,1,1,1,SOLVED,SOLVED
30B,imaged,219,recombine_cut_and_deliver,0,0,0,0,OVER_BUDGET,OVER_BUDGET
30B,imaged,220,recombine_cut_and_deliver,0,1,1,1,SOLVED,SOLVED
30B,imaged,221,recombine_cut_and_deliver,0,0,0,0,GOAL_UNMET,GOAL_UNMET
30B,imaged,222,recombine_cut_and_deliver,0,1,1,1,SOLVED,SOLVED
30B,imaged,223,recombine_cut_and_deliver,0,0,0,0,GOAL_UNMET,GOAL_UNMET
30B,imaged,224,recombine_cut_and_deliver,0,1,1,1,SOLVED,SOLVED
30B,imaged,225,recombine_cut_and_deliver,0,1,1,1,SOLVED,SOLVED
30B,imaged,226,recombine_cut_and_deliver,0,1,1,1,SOLVED,SOLVED
30B,imaged,227,recombine_cut_and_deliver,0,1,1,1,SOLVED,SOLVED
30B,imaged,228,recombine_cut_and_deliver,0,0,0,0,GOAL_UNMET,GOAL_UNMET
30B,imaged,229,recombine_cut_and_deliver,0,0,0,0,GOAL_UNMET,GOAL_UNMET
30B,imaged,230,recombine_cut_and_deliver,0,0,0,0,GOAL_UNMET,GOAL_UNMET
30B,imaged,231,recombine_cut_and_deliver,0,1,1,1,SOLVED,SOLVED
30B,imaged,232,recombine_cut_and_deliver,0,1,1,1,SOLVED,SOLVED
30B,imaged,233,recombine_cut_and_deliver,0,1,1,1,SOLVED,SOLVED
30B,imaged,234,recombine_cut_and_deliver,0,1,1,1,SOLVED,SOLVED
30B,imaged,235,recombine_cut_and_deliver,0,0,0,0,GOAL_UNMET,GOAL_UNMET
30B,imaged,236,recombine_cut_and_deliver,0,0,0,0,GOAL_UNMET,GOAL_UNMET
30B,imaged,237,recombine_cut_and_deliver,0,1,1,1,SOLVED,SOLVED
30B,imaged,238,recombine_cut_and_deliver,0,1,1,1,SOLVED,SOLVED
30B,imaged,239,recombine_cut_and_deliver,0,0,0,0,GOAL_UNMET,GOAL_UNMET
30B,imaged,240,recombine_cut_and_deliver,0,0,0,0,GOAL_UNMET,GOAL_UNMET
30B,imaged,241,recombine_cut_and_deliver,0,1,1,1,SOLVED,SOLVED
30B,imaged,242,recombine_cut_and_deliver,0,1,1,1,SOLVED,SOLVED
30B,imaged,243,recombine_cut_and_deliver,0,1,1,1,SOLVED,SOLVED
30B,imaged,244,recombine_cut_and_deliver,0,0,0,0,GOAL_UNMET,GOAL_UNMET
30B,imaged,245,recombine_cut_and_deliver,0,0,0,0,GOAL_UNMET,GOAL_UNMET
30B,imaged,246,recombine_cut_and_deliver,0,1,1,1,SOLVED,SOLVED
30B,imaged,247,recombine_cut_and_deliver,0,1,1,1,SOLVED,SOLVED
30B,imaged,248,recombine_cut_and_deliver,0,0,0,0,GOAL_UNMET,GOAL_UNMET
30B,imaged,249,recombine_cut_and_deliver,0,1,1,1,SOLVED,SOLVED
30B,imaged,250,recombine_cut_and_deliver,0,1,1,1,SOLVED,SOLVED
30B,imaged,251,recombine_cut_and_deliver,0,1,1,1,SOLVED,SOLVED
30B,imaged,252,recombine_cut_and_deliver,0,1,1,1,SOLVED,SOLVED
30B,imaged,253,recombine_cut_and_deliver,0,0,0,0,OVER_BUDGET,OVER_BUDGET
30B,imaged,254,recombine_cut_and_deliver,0,1,1,1,SOLVED,SOLVED
30B,imaged,255,recombine_cut_and_deliver,0,0,0,0,GOAL_UNMET,GOAL_UNMET
30B,imaged,256,recombine_cut_and_deliver,0,1,1,1,SOLVED,SOLVED
30B,imaged,257,recombine_cut_and_deliver,0,1,1,1,SOLVED,SOLVED
30B,imaged,258,recombine_cut_and_deliver,0,1,1,1,SOLVED,SOLVED
30B,imaged,259,recombine_cut_and_deliver,0,1,1,1,SOLVED,SOLVED
30B,imaged,260,recombine_cut_and_deliver,0,0,0,0,GOAL_UNMET,GOAL_UNMET
30B,imaged,261,recombine_cut_and_deliver,0,0,0,0,GOAL_UNMET,GOAL_UNMET
30B,imaged,262,recombine_cut_and_deliver,0,0,0,0,GOAL_UNMET,GOAL_UNMET
30B,imaged,263,recombine_cut_and_deliver,0,1,1,1,SOLVED,SOLVED
30B,imaged,264,recombine_cut_and_deliver,0,1,1,1,SOLVED,SOLVED
30B,imaged,265,recombine_cut_and_deliver,0,0,0,0,GOAL_UNMET,GOAL_UNMET
30B,imaged,266,recombine_cut_and_deliver,0,1,1,1,SOLVED,SOLVED
30B,imaged,267,recombine_cut_and_deliver,0,1,1,1,SOLVED,SOLVED
30B,imaged,268,recombine_cut_and_deliver,0,0,0,0,GOAL_UNMET,GOAL_UNMET
30B,imaged,269,recombine_cut_and_deliver,0,1,1,1,SOLVED,SOLVED
30B,imaged,270,recombine_cut_and_deliver,0,0,0,0,OVER_BUDGET,OVER_BUDGET
30B,imaged,271,recombine_cut_and_deliver,0,0,0,0,GOAL_UNMET,GOAL_UNMET
30B,imaged,272,recombine_cut_and_deliver,0,1,1,1,SOLVED,SOLVED
30B,imaged,273,recombine_cut_and_deliver,0,1,1,1,SOLVED,SOLVED
30B,imaged,274,recombine_cut_and_deliver,0,0,0,0,GOAL_UNMET,GOAL_UNMET
30B,imaged,275,recombine_cut_and_deliver,0,1,1,1,SOLVED,SOLVED
30B,imaged,276,recombine_cut_and_deliver,0,0,0,0,GOAL_UNMET,GOAL_UNMET
30B,imaged,277,recombine_cut_and_deliver,0,0,0,0,GOAL_UNMET,GOAL_UNMET
30B,imaged,278,recombine_cut_and_deliver,0,1,1,1,SOLVED,SOLVED
30B,imaged,279,recombine_cut_and_deliver,0,0,0,0,GOAL_UNMET,GOAL_UNMET
30B,imaged,280,recombine_cut_and_deliver,0,1,1,1,SOLVED,SOLVED
30B,imaged,281,recombine_cut_and_deliver,0,1,1,1,SOLVED,SOLVED
30B,imaged,282,recombine_cut_and_deliver,0,1,1,1,SOLVED,SOLVED
30B,imaged,283,recombine_cut_and_deliver,0,1,1,1,SOLVED,SOLVED
30B,imaged,284,recombine_cut_and_deliver,0,1,1,1,SOLVED,SOLVED
30B,imaged,285,recombine_cut_and_deliver,0,1,1,1,SOLVED,SOLVED
30B,imaged,286,recombine_cut_and_deliver,0,1,1,1,SOLVED,SOLVED
30B,imaged,287,recombine_cut_and_deliver,0,1,1,1,SOLVED,SOLVED
30B,imaged,288,recombine_cut_and_deliver,0,1,1,1,SOLVED,SOLVED
30B,imaged,289,recombine_cut_and_deliver,0,1,1,1,SOLVED,SOLVED
30B,imaged,290,recombine_cut_and_deliver,0,1,1,1,SOLVED,SOLVED
30B,imaged,291,recombine_cut_and_deliver,0,1,1,1,SOLVED,SOLVED
30B,imaged,292,recombine_cut_and_deliver,0,0,0,0,OVER_BUDGET,OVER_BUDGET
30B,imaged,293,recombine_cut_and_deliver,0,0,0,0,GOAL_UNMET,GOAL_UNMET
30B,imaged,294,recombine_cut_and_deliver,0,1,1,1,SOLVED,SOLVED
30B,imaged,295,recombine_cut_and_deliver,0,0,0,0,GOAL_UNMET,GOAL_UNMET
30B,imaged,296,recombine_cut_and_deliver,0,1,1,1,SOLVED,SOLVED
30B,text,0,recombine_cut_and_deliver,0,1,1,1,SOLVED,SOLVED
30B,text,1,recombine_cut_and_deliver,0,1,1,1,SOLVED,SOLVED
30B,text,2,recombine_cut_and_deliver,0,1,1,1,SOLVED,SOLVED
30B,text,3,recombine_cut_and_deliver,0,0,0,0,GOAL_UNMET,GOAL_UNMET
30B,text,4,recombine_cut_and_deliver,0,0,0,0,GOAL_UNMET,GOAL_UNMET
30B,text,5,recombine_cut_and_deliver,0,0,0,0,OVER_BUDGET,OVER_BUDGET
30B,text,6,recombine_cut_and_deliver,0,1,1,1,SOLVED,SOLVED
30B,text,7,recombine_cut_and_deliver,0,1,1,1,SOLVED,SOLVED
30B,text,8,recombine_cut_and_deliver,0,1,1,1,SOLVED,SOLVED
30B,text,9,recombine_cut_and_deliver,0,0,0,0,OVER_BUDGET,OVER_BUDGET
30B,text,10,recombine_cut_and_deliver,0,1,1,1,SOLVED,SOLVED
30B,text,11,recombine_cut_and_deliver,0,1,1,1,SOLVED,SOLVED
30B,text,12,recombine_cut_and_deliver,0,1,1,1,SOLVED,SOLVED
30B,text,13,recombine_cut_and_deliver,0,1,1,1,SOLVED,SOLVED
30B,text,14,recombine_cut_and_deliver,0,1,1,1,SOLVED,SOLVED
30B,text,15,recombine_cut_and_deliver,0,1,1,1,SOLVED,SOLVED
30B,text,16,recombine_cut_and_deliver,0,0,0,0,GOAL_UNMET,GOAL_UNMET
30B,text,17,recombine_cut_and_deliver,0,1,1,1,SOLVED,SOLVED
30B,text,18,recombine_cut_and_deliver,0,1,1,1,SOLVED,SOLVED
30B,text,19,recombine_cut_and_deliver,0,0,0,0,OVER_BUDGET,OVER_BUDGET
30B,text,20,recombine_cut_and_deliver,0,1,1,1,SOLVED,SOLVED
30B,text,21,recombine_cut_and_deliver,0,1,1,1,SOLVED,SOLVED
30B,text,22,recombine_cut_and_deliver,0,1,1,1,SOLVED,SOLVED
30B,text,23,recombine_cut_and_deliver,0,1,1,1,SOLVED,SOLVED
30B,text,24,recombine_cut_and_deliver,0,1,1,1,SOLVED,SOLVED
30B,text,25,recombine_cut_and_deliver,0,1,1,1,SOLVED,SOLVED
30B,text,26,recombine_cut_and_deliver,0,1,1,1,SOLVED,SOLVED
30B,text,27,recombine_cut_and_deliver,0,0,0,0,GOAL_UNMET,GOAL_UNMET
30B,text,28,recombine_cut_and_deliver,0,0,0,0,GOAL_UNMET,GOAL_UNMET
30B,text,29,recombine_cut_and_deliver,0,1,1,1,SOLVED,SOLVED
30B,text,30,recombine_cut_and_deliver,0,1,1,1,SOLVED,SOLVED
30B,text,31,recombine_cut_and_deliver,0,1,1,1,SOLVED,SOLVED
30B,text,32,recombine_cut_and_deliver,0,1,1,1,SOLVED,SOLVED
30B,text,33,recombine_cut_and_deliver,0,1,1,1,SOLVED,SOLVED
30B,text,34,recombine_cut_and_deliver,0,1,1,1,SOLVED,SOLVED
30B,text,35,recombine_cut_and_deliver,0,1,1,1,SOLVED,SOLVED
30B,text,36,recombine_cut_and_deliver,0,1,1,1,SOLVED,SOLVED
30B,text,37,recombine_cut_and_deliver,0,1,1,1,SOLVED,SOLVED
30B,text,38,recombine_cut_and_deliver,0,1,1,1,SOLVED,SOLVED
30B,text,39,recombine_cut_and_deliver,0,1,1,1,SOLVED,SOLVED
30B,text,40,recombine_cut_and_deliver,0,1,1,1,SOLVED,SOLVED
30B,text,41,recombine_cut_and_deliver,0,0,0,0,OVER_BUDGET,OVER_BUDGET
30B,text,42,recombine_cut_and_deliver,0,1,1,1,SOLVED,SOLVED
30B,text,43,recombine_cut_and_deliver,0,0,0,0,GOAL_UNMET,GOAL_UNMET
30B,text,44,recombine_cut_and_deliver,0,1,1,1,SOLVED,SOLVED
30B,text,45,recombine_cut_and_deliver,0,1,1,1,SOLVED,SOLVED
30B,text,46,recombine_cut_and_deliver,0,1,1,1,SOLVED,SOLVED
30B,text,47,recombine_cut_and_deliver,0,0,0,0,OVER_BUDGET,OVER_BUDGET
30B,text,48,recombine_cut_and_deliver,0,1,1,1,SOLVED,SOLVED
30B,text,49,recombine_cut_and_deliver,0,0,0,0,OVER_BUDGET,OVER_BUDGET
30B,text,50,recombine_cut_and_deliver,0,1,1,1,SOLVED,SOLVED
30B,text,51,recombine_cut_and_deliver,0,1,1,1,SOLVED,SOLVED
30B,text,52,recombine_cut_and_deliver,0,0,0,0,OVER_BUDGET,OVER_BUDGET
30B,text,53,recombine_cut_and_deliver,0,1,1,1,SOLVED,SOLVED
30B,text,54,recombine_cut_and_deliver,0,0,0,0,GOAL_UNMET,GOAL_UNMET
30B,text,55,recombine_cut_and_deliver,0,1,1,1,SOLVED,SOLVED
30B,text,56,recombine_cut_and_deliver,0,1,1,1,SOLVED,SOLVED
30B,text,57,recombine_cut_and_deliver,0,1,1,1,SOLVED,SOLVED
30B,text,58,recombine_cut_and_deliver,0,1,1,1,SOLVED,SOLVED
30B,text,59,recombine_cut_and_deliver,0,0,0,0,GOAL_UNMET,GOAL_UNMET
30B,text,60,recombine_cut_and_deliver,0,0,0,0,GOAL_UNMET,GOAL_UNMET
30B,text,61,recombine_cut_and_deliver,0,1,1,1,SOLVED,SOLVED
30B,text,62,recombine_cut_and_deliver,0,0,0,0,GOAL_UNMET,GOAL_UNMET
30B,text,63,recombine_cut_and_deliver,0,0,0,0,GOAL_UNMET,GOAL_UNMET
30B,text,64,recombine_cut_and_deliver,0,1,1,1,SOLVED,SOLVED
30B,text,65,recombine_cut_and_deliver,0,0,0,0,GOAL_UNMET,GOAL_UNMET
30B,text,66,recombine_cut_and_deliver,0,0,0,0,GOAL_UNMET,GOAL_UNMET
30B,text,67,recombine_cut_and_deliver,0,1,1,1,SOLVED,SOLVED
30B,text,68,recombine_cut_and_deliver,0,0,0,0,GOAL_UNMET,GOAL_UNMET
30B,text,69,recombine_cut_and_deliver,0,1,1,1,SOLVED,SOLVED
30B,text,70,recombine_cut_and_deliver,0,1,1,1,SOLVED,SOLVED
30B,text,71,recombine_cut_and_deliver,0,1,1,1,SOLVED,SOLVED
30B,text,72,recombine_cut_and_deliver,0,1,1,1,SOLVED,SOLVED
30B,text,73,recombine_cut_and_deliver,0,1,1,1,SOLVED,SOLVED
30B,text,74,recombine_cut_and_deliver,0,1,1,1,SOLVED,SOLVED
30B,text,75,recombine_cut_and_deliver,0,0,0,0,GOAL_UNMET,GOAL_UNMET
30B,text,76,recombine_cut_and_deliver,0,1,1,1,SOLVED,SOLVED
30B,text,77,recombine_cut_and_deliver,0,0,0,0,GOAL_UNMET,GOAL_UNMET
30B,text,78,recombine_cut_and_deliver,0,0,0,0,OVER_BUDGET,OVER_BUDGET
30B,text,79,recombine_cut_and_deliver,0,1,1,1,SOLVED,SOLVED
30B,text,80,recombine_cut_and_deliver,0,0,0,0,GOAL_UNMET,GOAL_UNMET
30B,text,81,recombine_cut_and_deliver,0,1,1,1,SOLVED,SOLVED
30B,text,82,recombine_cut_and_deliver,0,1,1,1,SOLVED,SOLVED
30B,text,83,recombine_cut_and_deliver,0,0,0,0,GOAL_UNMET,GOAL_UNMET
30B,text,84,recombine_cut_and_deliver,0,1,1,1,SOLVED,SOLVED
30B,text,85,recombine_cut_and_deliver,0,1,1,1,SOLVED,SOLVED
30B,text,86,recombine_cut_and_deliver,0,1,1,1,SOLVED,SOLVED
30B,text,87,recombine_cut_and_deliver,0,1,1,1,SOLVED,SOLVED
30B,text,88,recombine_cut_and_deliver,0,1,1,1,SOLVED,SOLVED
30B,text,89,recombine_cut_and_deliver,0,1,1,1,SOLVED,SOLVED
30B,text,90,recombine_cut_and_deliver,0,1,1,1,SOLVED,SOLVED
30B,text,91,recombine_cut_and_deliver,0,1,1,1,SOLVED,SOLVED
30B,text,92,recombine_cut_and_deliver,0,0,0,0,GOAL_UNMET,GOAL_UNMET
30B,text,93,recombine_cut_and_deliver,0,1,1,1,SOLVED,SOLVED
30B,text,94,recombine_cut_and_deliver,0,1,1,1,SOLVED,SOLVED
30B,text,95,recombine_cut_and_deliver,0,1,1,1,SOLVED,SOLVED
30B,text,96,recombine_cut_and_deliver,0,1,1,1,SOLVED,SOLVED
30B,text,97,recombine_cut_and_deliver,0,1,1,1,SOLVED,SOLVED
30B,text,98,recombine_cut_and_deliver,0,0,0,0,GOAL_UNMET,GOAL_UNMET
30B,text,99,recombine_cut_and_deliver,0,0,0,0,GOAL_UNMET,GOAL_UNMET
30B,text,100,recombine_cut_and_deliver,0,0,0,0,GOAL_UNMET,GOAL_UNMET
30B,text,101,recombine_cut_and_deliver,0,0,0,0,GOAL_UNMET,GOAL_UNMET
30B,text,102,recombine_cut_and_deliver,0,0,0,0,OVER_BUDGET,OVER_BUDGET
30B,text,103,recombine_cut_and_deliver,0,1,1,1,SOLVED,SOLVED
30B,text,104,recombine_cut_and_deliver,0,1,1,1,SOLVED,SOLVED
30B,text,105,recombine_cut_and_deliver,0,0,0,0,GOAL_UNMET,GOAL_UNMET
30B,text,106,recombine_cut_and_deliver,0,1,1,1,SOLVED,SOLVED
30B,text,107,recombine_cut_and_deliver,0,1,1,1,SOLVED,SOLVED
30B,text,108,recombine_cut_and_deliver,0,1,1,1,SOLVED,SOLVED
30B,text,109,recombine_cut_and_deliver,0,1,1,1,SOLVED,SOLVED
30B,text,110,recombine_cut_and_deliver,0,1,1,1,SOLVED,SOLVED
30B,text,111,recombine_cut_and_deliver,0,1,1,1,SOLVED,SOLVED
30B,text,112,recombine_cut_and_deliver,0,0,0,0,OVER_BUDGET,OVER_BUDGET
30B,text,113,recombine_cut_and_deliver,0,1,1,1,SOLVED,SOLVED
30B,text,114,recombine_cut_and_deliver,0,1,1,1,SOLVED,SOLVED
30B,text,115,recombine_cut_and_deliver,0,0,0,0,OVER_BUDGET,OVER_BUDGET
30B,text,116,recombine_cut_and_deliver,0,0,0,0,OVER_BUDGET,OVER_BUDGET
30B,text,117,recombine_cut_and_deliver,0,1,1,1,SOLVED,SOLVED
30B,text,118,recombine_cut_and_deliver,0,1,1,1,SOLVED,SOLVED
30B,text,119,recombine_cut_and_deliver,0,1,1,1,SOLVED,SOLVED
30B,text,120,recombine_cut_and_deliver,0,1,1,1,SOLVED,SOLVED
30B,text,121,recombine_cut_and_deliver,0,0,0,0,GOAL_UNMET,GOAL_UNMET
30B,text,122,recombine_cut_and_deliver,0,1,1,1,SOLVED,SOLVED
30B,text,123,recombine_cut_and_deliver,0,1,1,1,SOLVED,SOLVED
30B,text,124,recombine_cut_and_deliver,0,1,1,1,SOLVED,SOLVED
30B,text,125,recombine_cut_and_deliver,0,1,1,1,SOLVED,SOLVED
30B,text,126,recombine_cut_and_deliver,0,1,1,1,SOLVED,SOLVED
30B,text,127,recombine_cut_and_deliver,0,1,1,1,SOLVED,SOLVED
30B,text,128,recombine_cut_and_deliver,0,0,0,0,GOAL_UNMET,GOAL_UNMET
30B,text,129,recombine_cut_and_deliver,0,1,1,1,SOLVED,SOLVED
30B,text,130,recombine_cut_and_deliver,0,1,1,1,SOLVED,SOLVED
30B,text,131,recombine_cut_and_deliver,0,1,1,1,SOLVED,SOLVED
30B,text,132,recombine_cut_and_deliver,0,1,1,1,SOLVED,SOLVED
30B,text,133,recombine_cut_and_deliver,0,1,1,1,SOLVED,SOLVED
30B,text,134,recombine_cut_and_deliver,0,0,0,0,GOAL_UNMET,GOAL_UNMET
30B,text,135,recombine_cut_and_deliver,0,1,1,1,SOLVED,SOLVED
30B,text,136,recombine_cut_and_deliver,0,1,1,1,SOLVED,SOLVED
30B,text,137,recombine_cut_and_deliver,0,0,0,0,GOAL_UNMET,GOAL_UNMET
30B,text,138,recombine_cut_and_deliver,0,0,0,0,GOAL_UNMET,GOAL_UNMET
30B,text,139,recombine_cut_and_deliver,0,1,1,1,SOLVED,SOLVED
30B,text,140,recombine_cut_and_deliver,0,1,1,1,SOLVED,SOLVED
30B,text,141,recombine_cut_and_deliver,0,0,0,0,GOAL_UNMET,GOAL_UNMET
30B,text,142,recombine_cut_and_deliver,0,1,1,1,SOLVED,SOLVED
30B,text,143,recombine_cut_and_deliver,0,1,1,1,SOLVED,SOLVED
30B,text,144,recombine_cut_and_deliver,0,1,1,1,SOLVED,SOLVED
30B,text,145,recombine_cut_and_deliver,0,1,1,1,SOLVED,SOLVED
30B,text,146,recombine_cut_and_deliver,0,1,1,1,SOLVED,SOLVED
30B,text,147,recombine_cut_and_deliver,0,1,1,1,SOLVED,SOLVED
30B,text,148,recombine_cut_and_deliver,0,0,0,0,OVER_BUDGET,OVER_BUDGET
30B,text,149,recombine_cut_and_deliver,0,1,1,1,SOLVED,SOLVED
30B,text,150,recombine_cut_and_deliver,0,0,0,0,OVER_BUDGET,OVER_BUDGET
30B,text,151,recombine_cut_and_deliver,0,0,0,0,GOAL_UNMET,GOAL_UNMET
30B,text,152,recombine_cut_and_deliver,0,1,1,1,SOLVED,SOLVED
30B,text,153,recombine_cut_and_deliver,0,1,1,1,SOLVED,SOLVED
30B,text,154,recombine_cut_and_deliver,0,0,0,0,GOAL_UNMET,GOAL_UNMET
30B,text,155,recombine_cut_and_deliver,0,1,1,1,SOLVED,SOLVED
30B,text,156,recombine_cut_and_deliver,0,0,0,0,GOAL_UNMET,GOAL_UNMET
30B,text,157,recombine_cut_and_deliver,0,1,1,1,SOLVED,SOLVED
30B,text,158,recombine_cut_and_deliver,0,1,1,1,SOLVED,SOLVED
30B,text,159,recombine_cut_and_deliver,0,1,1,1,SOLVED,SOLVED
30B,text,160,recombine_cut_and_deliver,0,1,1,1,SOLVED,SOLVED
30B,text,161,recombine_cut_and_deliver,0,1,1,1,SOLVED,SOLVED
30B,text,162,recombine_cut_and_deliver,0,1,1,1,SOLVED,SOLVED
30B,text,163,recombine_cut_and_deliver,0,1,1,1,SOLVED,SOLVED
30B,text,164,recombine_cut_and_deliver,0,1,1,1,SOLVED,SOLVED
30B,text,165,recombine_cut_and_deliver,0,0,0,0,GOAL_UNMET,GOAL_UNMET
30B,text,166,recombine_cut_and_deliver,0,1,1,1,SOLVED,SOLVED
30B,text,167,recombine_cut_and_deliver,0,1,1,1,SOLVED,SOLVED
30B,text,168,recombine_cut_and_deliver,0,1,1,1,SOLVED,SOLVED
30B,text,169,recombine_cut_and_deliver,0,1,1,1,SOLVED,SOLVED
30B,text,170,recombine_cut_and_deliver,0,1,1,1,SOLVED,SOLVED
30B,text,171,recombine_cut_and_deliver,0,1,1,1,SOLVED,SOLVED
30B,text,172,recombine_cut_and_deliver,0,1,1,1,SOLVED,SOLVED
30B,text,173,recombine_cut_and_deliver,0,1,1,1,SOLVED,SOLVED
30B,text,174,recombine_cut_and_deliver,0,0,0,0,GOAL_UNMET,GOAL_UNMET
30B,text,175,recombine_cut_and_deliver,0,1,1,1,SOLVED,SOLVED
30B,text,176,recombine_cut_and_deliver,0,0,0,0,GOAL_UNMET,GOAL_UNMET
30B,text,177,recombine_cut_and_deliver,0,0,0,0,GOAL_UNMET,GOAL_UNMET
30B,text,178,recombine_cut_and_deliver,0,0,0,0,GOAL_UNMET,GOAL_UNMET
30B,text,179,recombine_cut_and_deliver,0,1,1,1,SOLVED,SOLVED
30B,text,180,recombine_cut_and_deliver,0,1,1,1,SOLVED,SOLVED
30B,text,181,recombine_cut_and_deliver,0,0,0,0,GOAL_UNMET,GOAL_UNMET
30B,text,182,recombine_cut_and_deliver,0,1,1,1,SOLVED,SOLVED
30B,text,183,recombine_cut_and_deliver,0,0,0,0,GOAL_UNMET,GOAL_UNMET
30B,text,184,recombine_cut_and_deliver,0,1,1,1,SOLVED,SOLVED
30B,text,185,recombine_cut_and_deliver,0,1,1,1,SOLVED,SOLVED
30B,text,186,recombine_cut_and_deliver,0,1,1,1,SOLVED,SOLVED
30B,text,187,recombine_cut_and_deliver,0,1,1,1,SOLVED,SOLVED
30B,text,188,recombine_cut_and_deliver,0,0,0,0,OVER_BUDGET,OVER_BUDGET
30B,text,189,recombine_cut_and_deliver,0,1,1,1,SOLVED,SOLVED
30B,text,190,recombine_cut_and_deliver,0,1,1,1,SOLVED,SOLVED
30B,text,191,recombine_cut_and_deliver,0,1,1,1,SOLVED,SOLVED
30B,text,192,recombine_cut_and_deliver,0,1,1,1,SOLVED,SOLVED
30B,text,193,recombine_cut_and_deliver,0,0,0,0,GOAL_UNMET,GOAL_UNMET
30B,text,194,recombine_cut_and_deliver,0,1,1,1,SOLVED,SOLVED
30B,text,195,recombine_cut_and_deliver,0,1,1,1,SOLVED,SOLVED
30B,text,196,recombine_cut_and_deliver,0,1,1,1,SOLVED,SOLVED
30B,text,197,recombine_cut_and_deliver,0,1,1,1,SOLVED,SOLVED
30B,text,198,recombine_cut_and_deliver,0,0,0,0,OVER_BUDGET,OVER_BUDGET
30B,text,199,recombine_cut_and_deliver,0,1,1,1,SOLVED,SOLVED
30B,text,200,recombine_cut_and_deliver,0,1,1,1,SOLVED,SOLVED
30B,text,201,recombine_cut_and_deliver,0,1,1,1,SOLVED,SOLVED
30B,text,202,recombine_cut_and_deliver,0,1,1,1,SOLVED,SOLVED
30B,text,203,recombine_cut_and_deliver,0,1,1,1,SOLVED,SOLVED
30B,text,204,recombine_cut_and_deliver,0,0,0,0,GOAL_UNMET,GOAL_UNMET
30B,text,205,recombine_cut_and_deliver,0,1,1,1,SOLVED,SOLVED
30B,text,206,recombine_cut_and_deliver,0,1,1,1,SOLVED,SOLVED
30B,text,207,recombine_cut_and_deliver,0,1,1,1,SOLVED,SOLVED
30B,text,208,recombine_cut_and_deliver,0,1,1,1,SOLVED,SOLVED
30B,text,209,recombine_cut_and_deliver,0,1,1,1,SOLVED,SOLVED
30B,text,210,recombine_cut_and_deliver,0,0,0,0,GOAL_UNMET,GOAL_UNMET
30B,text,211,recombine_cut_and_deliver,0,0,0,0,GOAL_UNMET,GOAL_UNMET
30B,text,212,recombine_cut_and_deliver,0,0,0,0,GOAL_UNMET,GOAL_UNMET
30B,text,213,recombine_cut_and_deliver,0,1,1,1,SOLVED,SOLVED
30B,text,214,recombine_cut_and_deliver,0,1,1,1,SOLVED,SOLVED
30B,text,215,recombine_cut_and_deliver,0,1,1,1,SOLVED,SOLVED
30B,text,216,recombine_cut_and_deliver,0,1,1,1,SOLVED,SOLVED
30B,text,217,recombine_cut_and_deliver,0,1,1,1,SOLVED,SOLVED
30B,text,218,recombine_cut_and_deliver,0,1,1,1,SOLVED,SOLVED
30B,text,219,recombine_cut_and_deliver,0,0,0,0,OVER_BUDGET,OVER_BUDGET
30B,text,220,recombine_cut_and_deliver,0,1,1,1,SOLVED,SOLVED
30B,text,221,recombine_cut_and_deliver,0,0,0,0,OVER_BUDGET,OVER_BUDGET
30B,text,222,recombine_cut_and_deliver,0,1,1,1,SOLVED,SOLVED
30B,text,223,recombine_cut_and_deliver,0,0,0,0,GOAL_UNMET,GOAL_UNMET
30B,text,224,recombine_cut_and_deliver,0,1,1,1,SOLVED,SOLVED
30B,text,225,recombine_cut_and_deliver,0,1,1,1,SOLVED,SOLVED
30B,text,226,recombine_cut_and_deliver,0,1,1,1,SOLVED,SOLVED
30B,text,227,recombine_cut_and_deliver,0,1,1,1,SOLVED,SOLVED
30B,text,228,recombine_cut_and_deliver,0,1,1,1,SOLVED,SOLVED
30B,text,229,recombine_cut_and_deliver,0,0,0,0,GOAL_UNMET,GOAL_UNMET
30B,text,230,recombine_cut_and_deliver,0,0,0,0,GOAL_UNMET,GOAL_UNMET
30B,text,231,recombine_cut_and_deliver,0,1,1,1,SOLVED,SOLVED
30B,text,232,recombine_cut_and_deliver,0,1,1,1,SOLVED,SOLVED
30B,text,233,recombine_cut_and_deliver,0,1,1,1,SOLVED,SOLVED
30B,text,234,recombine_cut_and_deliver,0,1,1,1,SOLVED,SOLVED
30B,text,235,recombine_cut_and_deliver,0,0,0,0,GOAL_UNMET,GOAL_UNMET
30B,text,236,recombine_cut_and_deliver,0,0,0,0,GOAL_UNMET,GOAL_UNMET
30B,text,237,recombine_cut_and_deliver,0,1,1,1,SOLVED,SOLVED
30B,text,238,recombine_cut_and_deliver,0,1,1,1,SOLVED,SOLVED
30B,text,239,recombine_cut_and_deliver,0,1,1,1,SOLVED,SOLVED
30B,text,240,recombine_cut_and_deliver,0,0,0,0,GOAL_UNMET,GOAL_UNMET
30B,text,241,recombine_cut_and_deliver,0,1,1,1,SOLVED,SOLVED
30B,text,242,recombine_cut_and_deliver,0,1,1,1,SOLVED,SOLVED
30B,text,243,recombine_cut_and_deliver,0,1,1,1,SOLVED,SOLVED
30B,text,244,recombine_cut_and_deliver,0,0,0,0,GOAL_UNMET,GOAL_UNMET
30B,text,245,recombine_cut_and_deliver,0,1,1,1,SOLVED,SOLVED
30B,text,246,recombine_cut_and_deliver,0,1,1,1,SOLVED,SOLVED
30B,text,247,recombine_cut_and_deliver,0,1,1,1,SOLVED,SOLVED
30B,text,248,recombine_cut_and_deliver,0,1,1,1,SOLVED,SOLVED
30B,text,249,recombine_cut_and_deliver,0,1,1,1,SOLVED,SOLVED
30B,text,250,recombine_cut_and_deliver,0,1,1,1,SOLVED,SOLVED
30B,text,251,recombine_cut_and_deliver,0,1,1,1,SOLVED,SOLVED
30B,text,252,recombine_cut_and_deliver,0,1,1,1,SOLVED,SOLVED
30B,text,253,recombine_cut_and_deliver,0,0,0,0,OVER_BUDGET,OVER_BUDGET
30B,text,254,recombine_cut_and_deliver,0,1,1,1,SOLVED,SOLVED
30B,text,255,recombine_cut_and_deliver,0,0,0,0,OVER_BUDGET,OVER_BUDGET
30B,text,256,recombine_cut_and_deliver,0,1,1,1,SOLVED,SOLVED
30B,text,257,recombine_cut_and_deliver,0,1,1,1,SOLVED,SOLVED
30B,text,258,recombine_cut_and_deliver,0,1,1,1,SOLVED,SOLVED
30B,text,259,recombine_cut_and_deliver,0,1,1,1,SOLVED,SOLVED
30B,text,260,recombine_cut_and_deliver,0,0,0,0,GOAL_UNMET,GOAL_UNMET
30B,text,261,recombine_cut_and_deliver,0,0,0,0,GOAL_UNMET,GOAL_UNMET
30B,text,262,recombine_cut_and_deliver,0,1,1,1,SOLVED,SOLVED
30B,text,263,recombine_cut_and_deliver,0,1,1,1,SOLVED,SOLVED
30B,text,264,recombine_cut_and_deliver,0,1,1,1,SOLVED,SOLVED
30B,text,265,recombine_cut_and_deliver,0,1,1,1,SOLVED,SOLVED
30B,text,266,recombine_cut_and_deliver,0,1,1,1,SOLVED,SOLVED
30B,text,267,recombine_cut_and_deliver,0,1,1,1,SOLVED,SOLVED
30B,text,268,recombine_cut_and_deliver,0,0,0,0,OVER_BUDGET,OVER_BUDGET
30B,text,269,recombine_cut_and_deliver,0,1,1,1,SOLVED,SOLVED
30B,text,270,recombine_cut_and_deliver,0,0,0,0,GOAL_UNMET,GOAL_UNMET
30B,text,271,recombine_cut_and_deliver,0,0,0,0,GOAL_UNMET,GOAL_UNMET
30B,text,272,recombine_cut_and_deliver,0,1,1,1,SOLVED,SOLVED
30B,text,273,recombine_cut_and_deliver,0,1,1,1,SOLVED,SOLVED
30B,text,274,recombine_cut_and_deliver,0,1,1,1,SOLVED,SOLVED
30B,text,275,recombine_cut_and_deliver,0,1,1,1,SOLVED,SOLVED
30B,text,276,recombine_cut_and_deliver,0,0,0,0,GOAL_UNMET,GOAL_UNMET
30B,text,277,recombine_cut_and_deliver,0,0,0,0,GOAL_UNMET,GOAL_UNMET
30B,text,278,recombine_cut_and_deliver,0,1,1,1,SOLVED,SOLVED
30B,text,279,recombine_cut_and_deliver,0,1,1,1,SOLVED,SOLVED
30B,text,280,recombine_cut_and_deliver,0,0,0,0,OVER_BUDGET,OVER_BUDGET
30B,text,281,recombine_cut_and_deliver,0,1,1,1,SOLVED,SOLVED
30B,text,282,recombine_cut_and_deliver,0,1,1,1,SOLVED,SOLVED
30B,text,283,recombine_cut_and_deliver,0,1,1,1,SOLVED,SOLVED
30B,text,284,recombine_cut_and_deliver,0,1,1,1,SOLVED,SOLVED
30B,text,285,recombine_cut_and_deliver,0,1,1,1,SOLVED,SOLVED
30B,text,286,recombine_cut_and_deliver,0,1,1,1,SOLVED,SOLVED
30B,text,287,recombine_cut_and_deliver,0,1,1,1,SOLVED,SOLVED
30B,text,288,recombine_cut_and_deliver,0,1,1,1,SOLVED,SOLVED
30B,text,289,recombine_cut_and_deliver,0,1,1,1,SOLVED,SOLVED
30B,text,290,recombine_cut_and_deliver,0,1,1,1,SOLVED,SOLVED
30B,text,291,recombine_cut_and_deliver,0,1,1,1,SOLVED,SOLVED
30B,text,292,recombine_cut_and_deliver,0,0,0,0,OVER_BUDGET,OVER_BUDGET
30B,text,293,recombine_cut_and_deliver,0,1,1,1,SOLVED,SOLVED
30B,text,294,recombine_cut_and_deliver,0,1,1,1,SOLVED,SOLVED
30B,text,295,recombine_cut_and_deliver,0,0,0,0,GOAL_UNMET,GOAL_UNMET
30B,text,296,recombine_cut_and_deliver,0,1,1,1,SOLVED,SOLVED
7B,id,2,dog_push_box_for_two_panda_transport,1,0,0,0,infeasible_assignment,infeasible_assignment
7B,id,3,ensure_all_fruits_on_table,0,0,0,0,GOAL_UNMET,GOAL_UNMET
7B,id,5,toast_bread_and_set_plate,0,0,0,0,GOAL_UNMET,GOAL_UNMET
7B,id,10,cut_fruit_on_board,0,1,1,1,SOLVED,SOLVED
7B,id,13,set_plate_and_fork_on_table,0,0,0,0,GOAL_UNMET,GOAL_UNMET
7B,id,14,toast_bread_and_set_plate,0,0,0,0,GOAL_UNMET,GOAL_UNMET
7B,id,15,clear_table_with_two_robots_and_put_in_cabinet,0,0,0,0,GOAL_UNMET,GOAL_UNMET
7B,id,19,cut_fruit_on_board,0,0,0,0,GOAL_UNMET,GOAL_UNMET
7B,id,20,ensure_all_fruits_on_table,0,0,0,0,GOAL_UNMET,GOAL_UNMET
7B,id,21,toast_bread_and_set_plate,0,0,0,0,GOAL_UNMET,GOAL_UNMET
7B,id,24,cut_fruit_on_board,0,0,0,0,GOAL_UNMET,GOAL_UNMET
7B,id,26,cut_two_fruits_on_board,0,0,0,0,GOAL_UNMET,GOAL_UNMET
7B,id,27,cut_two_fruits_on_board,0,0,0,0,GOAL_UNMET,GOAL_UNMET
7B,id,28,cut_fruit_on_board,0,0,0,0,GOAL_UNMET,GOAL_UNMET
7B,id,34,toast_bread_and_set_plate,0,0,0,0,GOAL_UNMET,GOAL_UNMET
7B,id,37,clear_table_with_two_robots_and_put_in_cabinet,0,0,0,0,OVER_BUDGET,OVER_BUDGET
7B,id,39,cut_two_fruits_on_board,0,0,0,0,GOAL_UNMET,GOAL_UNMET
7B,id,40,cut_two_fruits_on_board,0,0,0,0,GOAL_UNMET,GOAL_UNMET
7B,id,42,dog_push_box_for_two_panda_transport,1,0,0,0,infeasible_assignment,infeasible_assignment
7B,id,43,dog_push_box_for_two_panda_transport,1,0,0,0,infeasible_assignment,infeasible_assignment
7B,id,47,cut_two_fruits_on_board,0,0,0,0,OVER_BUDGET,OVER_BUDGET
7B,id,48,cut_fruit_on_board,0,1,1,1,SOLVED,SOLVED
7B,id,50,clear_table_with_two_robots_and_put_in_cabinet,0,1,1,1,SOLVED,SOLVED
7B,id,52,clear_table_with_two_robots_and_put_in_cabinet,0,1,1,1,SOLVED,SOLVED
7B,id,53,set_plate_and_fork_on_table,0,0,0,0,NO_USABLE_WORK,NO_USABLE_WORK
7B,id,54,toast_bread_and_set_plate,0,0,0,0,GOAL_UNMET,GOAL_UNMET
7B,id,55,clear_table_with_two_robots_and_put_in_cabinet,0,0,0,0,OVER_BUDGET,OVER_BUDGET
7B,id,56,set_plate_and_fork_on_table,0,0,0,0,GOAL_UNMET,GOAL_UNMET
7B,id,61,clear_table_with_two_robots_and_put_in_cabinet,0,0,0,0,OVER_BUDGET,OVER_BUDGET
7B,id,63,clear_table_with_two_robots_and_put_in_cabinet,0,0,0,0,OVER_BUDGET,OVER_BUDGET
7B,id,67,toast_bread_and_set_plate,0,0,0,0,GOAL_UNMET,GOAL_UNMET
7B,id,68,cut_fruit_on_board,0,1,1,1,SOLVED,SOLVED
7B,id,71,clear_table_with_two_robots_and_put_in_cabinet,0,0,0,0,OVER_BUDGET,OVER_BUDGET
7B,id,75,cut_two_fruits_on_board,0,0,0,0,GOAL_UNMET,GOAL_UNMET
7B,id,78,cut_two_fruits_on_board,0,0,0,0,OVER_BUDGET,OVER_BUDGET
7B,id,81,clear_table_with_two_robots_and_put_in_cabinet,1,0,0,0,OVER_BUDGET,infeasible_assignment
7B,id,87,parallel_human_dual_asset_to_plate_or_bowl,0,0,0,0,OVER_BUDGET,OVER_BUDGET
7B,id,94,set_plate_and_fork_on_table,0,0,0,0,NO_USABLE_WORK,NO_USABLE_WORK
7B,id,95,cut_two_fruits_on_board,0,0,0,0,GOAL_UNMET,GOAL_UNMET
7B,id,96,set_plate_and_fork_on_table,0,0,0,0,GOAL_UNMET,GOAL_UNMET
7B,id,97,clear_table_with_two_robots_and_put_in_cabinet,1,0,0,0,infeasible_assignment,infeasible_assignment
7B,id,98,cut_fruit_on_board,0,0,0,0,GOAL_UNMET,GOAL_UNMET
7B,id,99,clear_table_with_two_robots_and_put_in_cabinet,0,0,0,0,OVER_BUDGET,OVER_BUDGET
7B,id,100,set_plate_and_fork_on_table,0,0,0,0,GOAL_UNMET,GOAL_UNMET
7B,id,102,cut_fruit_on_board,0,0,0,0,GOAL_UNMET,GOAL_UNMET
7B,id,103,cut_two_fruits_on_board,0,0,0,0,OVER_BUDGET,OVER_BUDGET
7B,id,105,cut_fruit_on_board,0,0,0,0,GOAL_UNMET,GOAL_UNMET
7B,id,107,toast_bread_and_set_plate,0,0,0,0,GOAL_UNMET,GOAL_UNMET
7B,id,109,cut_fruit_on_board,0,0,0,0,GOAL_UNMET,GOAL_UNMET
7B,id,110,set_plate_and_fork_on_table,0,0,0,0,GOAL_UNMET,GOAL_UNMET
7B,id,111,clear_table_with_two_robots_and_put_in_cabinet,1,0,0,0,infeasible_assignment,infeasible_assignment
7B,id,115,set_plate_and_fork_on_table,0,0,0,0,GOAL_UNMET,GOAL_UNMET
7B,id,117,clear_table_with_two_robots_and_put_in_cabinet,1,0,0,0,OVER_BUDGET,infeasible_assignment
7B,id,118,ensure_all_fruits_on_table,0,0,0,0,GOAL_UNMET,GOAL_UNMET
7B,id,119,cut_fruit_on_board,0,0,0,0,GOAL_UNMET,GOAL_UNMET
7B,id,120,toast_bread_and_set_plate,0,0,0,0,GOAL_UNMET,GOAL_UNMET
7B,id,121,ensure_all_fruits_on_table,0,0,0,0,GOAL_UNMET,GOAL_UNMET
7B,id,122,dog_push_box_for_two_panda_transport,1,0,0,0,infeasible_assignment,infeasible_assignment
7B,id,125,clear_table_with_two_robots_and_put_in_cabinet,0,0,0,0,OVER_BUDGET,OVER_BUDGET
7B,id,127,ensure_all_fruits_on_table,0,0,0,0,GOAL_UNMET,GOAL_UNMET
7B,id,128,cut_fruit_on_board,0,1,1,1,SOLVED,SOLVED
7B,id,129,toast_bread_and_set_plate,0,0,0,0,GOAL_UNMET,GOAL_UNMET
7B,id,131,set_plate_and_fork_on_table,0,0,0,0,GOAL_UNMET,GOAL_UNMET
7B,id,132,parallel_human_dual_asset_to_plate_or_bowl,0,1,1,1,SOLVED,SOLVED
7B,id,134,toast_bread_and_set_plate,0,0,0,0,GOAL_UNMET,GOAL_UNMET
7B,id,137,cut_fruit_on_board,0,1,1,1,SOLVED,SOLVED
7B,id,138,clear_table_with_two_robots_and_put_in_cabinet,0,0,0,0,OVER_BUDGET,OVER_BUDGET
7B,id,140,clear_table_with_two_robots_and_put_in_cabinet,1,0,0,0,infeasible_assignment,infeasible_assignment
7B,id,141,toast_bread_and_set_plate,0,0,0,0,GOAL_UNMET,GOAL_UNMET
7B,id,142,cut_two_fruits_on_board,0,0,0,0,GOAL_UNMET,GOAL_UNMET
7B,id,144,parallel_human_dual_asset_to_plate_or_bowl,0,1,1,1,SOLVED,SOLVED
7B,id,145,set_plate_and_fork_on_table,0,0,0,0,GOAL_UNMET,GOAL_UNMET
7B,id,146,ensure_all_fruits_on_table,0,1,1,1,SOLVED,SOLVED
7B,id,147,toast_bread_and_set_plate,0,0,0,0,GOAL_UNMET,GOAL_UNMET
7B,id,148,clear_table_with_two_robots_and_put_in_cabinet,0,0,0,0,OVER_BUDGET,OVER_BUDGET
7B,id,149,cut_two_fruits_on_board,0,0,0,0,OVER_BUDGET,OVER_BUDGET
7B,id,151,ensure_all_fruits_on_table,0,0,0,0,GOAL_UNMET,GOAL_UNMET
7B,id,152,ensure_all_fruits_on_table,0,0,0,0,GOAL_UNMET,GOAL_UNMET
7B,id,155,cut_fruit_on_board,0,0,0,0,GOAL_UNMET,GOAL_UNMET
7B,id,156,cut_two_fruits_on_board,0,0,0,0,GOAL_UNMET,GOAL_UNMET
7B,id,163,cut_two_fruits_on_board,0,0,0,0,GOAL_UNMET,GOAL_UNMET
7B,id,164,parallel_human_dual_asset_to_plate_or_bowl,0,1,1,1,SOLVED,SOLVED
7B,id,165,clear_table_with_two_robots_and_put_in_cabinet,0,0,0,0,GOAL_UNMET,GOAL_UNMET
7B,id,166,clear_table_with_two_robots_and_put_in_cabinet,0,0,0,0,OVER_BUDGET,OVER_BUDGET
7B,id,167,toast_bread_and_set_plate,0,0,0,0,GOAL_UNMET,GOAL_UNMET
7B,id,168,cut_fruit_on_board,0,0,0,0,GOAL_UNMET,GOAL_UNMET
7B,id,171,cut_fruit_on_board,0,0,0,0,GOAL_UNMET,GOAL_UNMET
7B,id,172,cut_two_fruits_on_board,0,0,0,0,GOAL_UNMET,GOAL_UNMET
7B,id,173,toast_bread_and_set_plate,0,0,0,0,GOAL_UNMET,GOAL_UNMET
7B,id,174,cut_fruit_on_board,0,0,0,0,GOAL_UNMET,GOAL_UNMET
7B,id,175,set_plate_and_fork_on_table,0,0,0,0,GOAL_UNMET,GOAL_UNMET
7B,id,176,cut_two_fruits_on_board,0,0,0,0,OVER_BUDGET,OVER_BUDGET
7B,id,177,toast_bread_and_set_plate,0,0,0,0,GOAL_UNMET,GOAL_UNMET
7B,id,178,clear_table_with_two_robots_and_put_in_cabinet,1,0,0,0,infeasible_assignment,infeasible_assignment
7B,id,179,toast_bread_and_set_plate,0,0,0,0,GOAL_UNMET,GOAL_UNMET
7B,id,180,parallel_human_dual_asset_to_plate_or_bowl,0,0,0,0,OVER_BUDGET,OVER_BUDGET
7B,id,181,clear_table_with_two_robots_and_put_in_cabinet,0,1,1,1,SOLVED,SOLVED
7B,id,182,clear_table_with_two_robots_and_put_in_cabinet,0,0,0,0,OVER_BUDGET,OVER_BUDGET
7B,id,184,clear_table_with_two_robots_and_put_in_cabinet,0,0,0,0,OVER_BUDGET,OVER_BUDGET
7B,id,186,toast_bread_and_set_plate,0,0,0,0,GOAL_UNMET,GOAL_UNMET
7B,id,188,cut_fruit_on_board,0,0,0,0,GOAL_UNMET,GOAL_UNMET
7B,id,190,cut_fruit_on_board,0,0,0,0,GOAL_UNMET,GOAL_UNMET
7B,id,196,set_plate_and_fork_on_table,0,0,0,0,GOAL_UNMET,GOAL_UNMET
7B,id,197,clear_table_with_two_robots_and_put_in_cabinet,0,0,0,0,OVER_BUDGET,OVER_BUDGET
7B,id,198,cut_two_fruits_on_board,0,0,0,0,GOAL_UNMET,GOAL_UNMET
7B,id,199,cut_two_fruits_on_board,0,0,0,0,GOAL_UNMET,GOAL_UNMET
7B,id,200,clear_table_with_two_robots_and_put_in_cabinet,0,0,0,0,OVER_BUDGET,OVER_BUDGET
7B,id,204,cut_fruit_on_board,0,0,0,0,GOAL_UNMET,GOAL_UNMET
7B,id,205,toast_bread_and_set_plate,0,0,0,0,GOAL_UNMET,GOAL_UNMET
7B,id,206,clear_table_with_two_robots_and_put_in_cabinet,0,0,0,0,OVER_BUDGET,OVER_BUDGET
7B,id,207,toast_bread_and_set_plate,0,0,0,0,GOAL_UNMET,GOAL_UNMET
7B,id,209,clear_table_with_two_robots_and_put_in_cabinet,1,0,0,0,infeasible_assignment,infeasible_assignment
7B,id,211,parallel_human_dual_asset_to_plate_or_bowl,0,1,1,1,SOLVED,SOLVED
7B,id,213,set_plate_and_fork_on_table,0,0,0,0,GOAL_UNMET,GOAL_UNMET
7B,id,214,ensure_all_fruits_on_table,0,0,0,0,GOAL_UNMET,GOAL_UNMET
7B,id,215,ensure_all_fruits_on_table,0,1,1,1,SOLVED,SOLVED
7B,id,216,ensure_all_fruits_on_table,0,0,0,0,GOAL_UNMET,GOAL_UNMET
7B,id,218,set_plate_and_fork_on_table,0,0,0,0,GOAL_UNMET,GOAL_UNMET
7B,id,221,clear_table_with_two_robots_and_put_in_cabinet,0,0,0,0,OVER_BUDGET,OVER_BUDGET
7B,id,222,cut_two_fruits_on_board,0,0,0,0,GOAL_UNMET,GOAL_UNMET
7B,id,223,clear_table_with_two_robots_and_put_in_cabinet,1,0,0,0,infeasible_assignment,infeasible_assignment
7B,id,224,clear_table_with_two_robots_and_put_in_cabinet,0,0,0,0,OVER_BUDGET,OVER_BUDGET
7B,id,227,toast_bread_and_set_plate,0,0,0,0,GOAL_UNMET,GOAL_UNMET
7B,id,228,dog_push_box_for_two_panda_transport,1,0,0,0,infeasible_assignment,infeasible_assignment
7B,id,229,cut_fruit_on_board,0,0,0,0,GOAL_UNMET,GOAL_UNMET
7B,id,230,parallel_human_dual_asset_to_plate_or_bowl,0,0,0,0,OVER_BUDGET,OVER_BUDGET
7B,id,233,cut_fruit_on_board,0,0,0,0,GOAL_UNMET,GOAL_UNMET
7B,id,235,ensure_all_fruits_on_table,0,0,0,0,GOAL_UNMET,GOAL_UNMET
7B,id,236,set_plate_and_fork_on_table,0,0,0,0,GOAL_UNMET,GOAL_UNMET
7B,id,237,parallel_human_dual_asset_to_plate_or_bowl,0,0,0,0,OVER_BUDGET,OVER_BUDGET
7B,id,240,cut_fruit_on_board,0,0,0,0,GOAL_UNMET,GOAL_UNMET
7B,id,241,set_plate_and_fork_on_table,0,0,0,0,GOAL_UNMET,GOAL_UNMET
7B,id,242,toast_bread_and_set_plate,0,0,0,0,GOAL_UNMET,GOAL_UNMET
7B,id,248,cut_fruit_on_board,0,0,0,0,GOAL_UNMET,GOAL_UNMET
7B,id,249,parallel_human_dual_asset_to_plate_or_bowl,0,0,0,0,NO_USABLE_WORK,NO_USABLE_WORK
7B,id,251,parallel_human_dual_asset_to_plate_or_bowl,0,1,1,1,SOLVED,SOLVED
7B,id,253,parallel_human_dual_asset_to_plate_or_bowl,0,0,0,0,NO_USABLE_WORK,NO_USABLE_WORK
7B,id,254,set_plate_and_fork_on_table,0,0,0,0,GOAL_UNMET,GOAL_UNMET
7B,id,255,clear_table_with_two_robots_and_put_in_cabinet,1,0,0,0,infeasible_assignment,infeasible_assignment
7B,id,258,dog_push_box_for_two_panda_transport,1,0,0,0,infeasible_assignment,infeasible_assignment
7B,id,261,parallel_human_dual_asset_to_plate_or_bowl,0,0,0,0,NO_USABLE_WORK,NO_USABLE_WORK
7B,id,267,parallel_human_dual_asset_to_plate_or_bowl,0,0,0,0,NO_USABLE_WORK,NO_USABLE_WORK
7B,id,269,toast_bread_and_set_plate,0,0,0,0,GOAL_UNMET,GOAL_UNMET
7B,id,270,toast_bread_and_set_plate,0,0,0,0,GOAL_UNMET,GOAL_UNMET
7B,id,271,clear_table_with_two_robots_and_put_in_cabinet,0,0,0,0,OVER_BUDGET,OVER_BUDGET
7B,id,272,set_plate_and_fork_on_table,0,0,0,0,NO_USABLE_WORK,NO_USABLE_WORK
7B,id,275,cut_fruit_on_board,0,1,1,1,SOLVED,SOLVED
7B,id,277,cut_two_fruits_on_board,0,0,0,0,OVER_BUDGET,OVER_BUDGET
7B,id,278,toast_bread_and_set_plate,0,0,0,0,GOAL_UNMET,GOAL_UNMET
7B,id,279,parallel_human_dual_asset_to_plate_or_bowl,0,0,0,0,NO_USABLE_WORK,NO_USABLE_WORK
7B,id,280,cut_fruit_on_board,0,1,1,1,SOLVED,SOLVED
7B,id,283,cut_two_fruits_on_board,0,0,0,0,OVER_BUDGET,OVER_BUDGET
7B,id,284,dog_push_box_for_two_panda_transport,1,0,0,0,infeasible_assignment,infeasible_assignment
7B,id,287,set_plate_and_fork_on_table,0,0,0,0,GOAL_UNMET,GOAL_UNMET
7B,id,293,ensure_all_fruits_on_table,0,0,0,0,GOAL_UNMET,GOAL_UNMET
7B,id,295,toast_bread_and_set_plate,0,0,0,0,GOAL_UNMET,GOAL_UNMET
7B,id,296,cut_fruit_on_board,0,0,0,0,GOAL_UNMET,GOAL_UNMET
7B,id,297,parallel_human_dual_asset_to_plate_or_bowl,0,0,0,0,NO_USABLE_WORK,NO_USABLE_WORK
7B,id,298,parallel_human_dual_asset_to_plate_or_bowl,0,0,0,0,NO_USABLE_WORK,NO_USABLE_WORK
7B,id,299,clear_table_with_two_robots_and_put_in_cabinet,0,0,0,0,OVER_BUDGET,OVER_BUDGET
7B,id,302,ensure_all_fruits_on_table,0,0,0,0,GOAL_UNMET,GOAL_UNMET
7B,id,303,parallel_human_dual_asset_to_plate_or_bowl,0,0,0,0,OVER_BUDGET,OVER_BUDGET
7B,id,311,clear_table_with_two_robots_and_put_in_cabinet,1,0,0,0,infeasible_assignment,infeasible_assignment
7B,id,313,parallel_human_dual_asset_to_plate_or_bowl,0,0,0,0,OVER_BUDGET,OVER_BUDGET
7B,id,315,toast_bread_and_set_plate,0,0,0,0,GOAL_UNMET,GOAL_UNMET
7B,id,316,set_plate_and_fork_on_table,0,0,0,0,GOAL_UNMET,GOAL_UNMET
7B,id,317,ensure_all_fruits_on_table,0,1,1,1,SOLVED,SOLVED
7B,id,318,clear_table_with_two_robots_and_put_in_cabinet,0,0,0,0,OVER_BUDGET,OVER_BUDGET
7B,id,323,cut_fruit_on_board,0,1,1,1,SOLVED,SOLVED
7B,id,324,toast_bread_and_set_plate,0,0,0,0,GOAL_UNMET,GOAL_UNMET
7B,id,325,clear_table_with_two_robots_and_put_in_cabinet,1,0,0,0,infeasible_assignment,infeasible_assignment
7B,id,329,clear_table_with_two_robots_and_put_in_cabinet,1,0,0,0,infeasible_assignment,infeasible_assignment
7B,id,330,ensure_all_fruits_on_table,0,0,0,0,GOAL_UNMET,GOAL_UNMET
7B,id,334,set_plate_and_fork_on_table,0,0,0,0,GOAL_UNMET,GOAL_UNMET
7B,id,339,toast_bread_and_set_plate,0,0,0,0,GOAL_UNMET,GOAL_UNMET
7B,id,340,set_plate_and_fork_on_table,0,0,0,0,NO_USABLE_WORK,NO_USABLE_WORK
7B,id,344,cut_fruit_on_board,0,1,1,1,SOLVED,SOLVED
7B,id,345,clear_table_with_two_robots_and_put_in_cabinet,1,0,0,0,infeasible_assignment,infeasible_assignment
7B,id,346,cut_fruit_on_board,0,0,0,0,GOAL_UNMET,GOAL_UNMET
7B,id,347,cut_fruit_on_board,0,1,1,1,SOLVED,SOLVED
7B,id,348,cut_fruit_on_board,0,1,1,1,SOLVED,SOLVED
7B,id,349,toast_bread_and_set_plate,0,0,0,0,GOAL_UNMET,GOAL_UNMET
7B,id,352,cut_two_fruits_on_board,0,0,0,0,GOAL_UNMET,GOAL_UNMET
7B,id,353,cut_two_fruits_on_board,0,0,0,0,GOAL_UNMET,GOAL_UNMET
7B,id,358,cut_two_fruits_on_board,0,1,1,1,SOLVED,SOLVED
7B,id,359,toast_bread_and_set_plate,0,0,0,0,GOAL_UNMET,GOAL_UNMET
7B,id,360,toast_bread_and_set_plate,0,0,0,0,GOAL_UNMET,GOAL_UNMET
7B,id,361,dog_push_box_for_two_panda_transport,1,0,0,0,infeasible_assignment,infeasible_assignment
7B,id,362,ensure_all_fruits_on_table,1,0,0,0,GOAL_UNMET,infeasible_assignment
7B,id,364,parallel_human_dual_asset_to_plate_or_bowl,0,0,0,0,OVER_BUDGET,OVER_BUDGET
7B,id,365,cut_fruit_on_board,0,1,1,1,SOLVED,SOLVED
7B,id,366,dog_push_box_for_two_panda_transport,0,0,0,0,GOAL_UNMET,GOAL_UNMET
7B,id,367,cut_two_fruits_on_board,0,0,0,0,NO_USABLE_WORK,NO_USABLE_WORK
7B,id,368,set_plate_and_fork_on_table,0,0,0,0,GOAL_UNMET,GOAL_UNMET
7B,id,372,set_plate_and_fork_on_table,0,0,0,0,GOAL_UNMET,GOAL_UNMET
7B,id,375,cut_fruit_on_board,0,1,1,1,SOLVED,SOLVED
7B,id,376,cut_fruit_on_board,0,0,0,0,GOAL_UNMET,GOAL_UNMET
7B,id,378,clear_table_with_two_robots_and_put_in_cabinet,1,0,0,0,infeasible_assignment,infeasible_assignment
7B,id,381,clear_table_with_two_robots_and_put_in_cabinet,1,0,0,0,infeasible_assignment,infeasible_assignment
7B,id,382,toast_bread_and_set_plate,0,0,0,0,GOAL_UNMET,GOAL_UNMET
7B,id,383,clear_table_with_two_robots_and_put_in_cabinet,0,0,0,0,OVER_BUDGET,OVER_BUDGET
7B,id,391,parallel_human_dual_asset_to_plate_or_bowl,0,0,0,0,NO_USABLE_WORK,NO_USABLE_WORK
7B,id,392,set_plate_and_fork_on_table,0,0,0,0,NO_USABLE_WORK,NO_USABLE_WORK
7B,id,393,cut_fruit_on_board,0,0,0,0,GOAL_UNMET,GOAL_UNMET
7B,id,394,clear_table_with_two_robots_and_put_in_cabinet,0,0,0,0,OVER_BUDGET,OVER_BUDGET
7B,id,395,parallel_human_dual_asset_to_plate_or_bowl,0,0,0,0,NO_USABLE_WORK,NO_USABLE_WORK
7B,id,397,clear_table_with_two_robots_and_put_in_cabinet,0,0,0,0,OVER_BUDGET,OVER_BUDGET
7B,id,398,toast_bread_and_set_plate,0,0,0,0,GOAL_UNMET,GOAL_UNMET
7B,id,401,cut_two_fruits_on_board,0,0,0,0,GOAL_UNMET,GOAL_UNMET
7B,id,402,toast_bread_and_set_plate,0,0,0,0,GOAL_UNMET,GOAL_UNMET
7B,id,404,toast_bread_and_set_plate,0,0,0,0,GOAL_UNMET,GOAL_UNMET
7B,id,406,parallel_human_dual_asset_to_plate_or_bowl,0,1,1,1,SOLVED,SOLVED
7B,id,407,cut_two_fruits_on_board,0,0,0,0,OVER_BUDGET,OVER_BUDGET
7B,id,409,toast_bread_and_set_plate,0,0,0,0,GOAL_UNMET,GOAL_UNMET
7B,id,410,clear_table_with_two_robots_and_put_in_cabinet,1,0,0,0,infeasible_assignment,infeasible_assignment
7B,id,412,clear_table_with_two_robots_and_put_in_cabinet,1,0,0,0,infeasible_assignment,infeasible_assignment
7B,id,416,clear_table_with_two_robots_and_put_in_cabinet,1,0,0,0,infeasible_assignment,infeasible_assignment
7B,id,421,cut_fruit_on_board,0,0,0,0,GOAL_UNMET,GOAL_UNMET
7B,id,422,clear_table_with_two_robots_and_put_in_cabinet,0,1,1,1,SOLVED,SOLVED
7B,id,423,clear_table_with_two_robots_and_put_in_cabinet,0,0,0,0,OVER_BUDGET,OVER_BUDGET
7B,id,424,cut_two_fruits_on_board,0,0,0,0,OVER_BUDGET,OVER_BUDGET
7B,id,426,cut_two_fruits_on_board,0,0,0,0,OVER_BUDGET,OVER_BUDGET
7B,id,428,cut_two_fruits_on_board,0,0,0,0,GOAL_UNMET,GOAL_UNMET
7B,id,430,cut_fruit_on_board,0,0,0,0,GOAL_UNMET,GOAL_UNMET
7B,id,434,ensure_all_fruits_on_table,0,0,0,0,GOAL_UNMET,GOAL_UNMET
7B,id,436,cut_two_fruits_on_board,0,0,0,0,OVER_BUDGET,OVER_BUDGET
7B,id,437,toast_bread_and_set_plate,0,0,0,0,GOAL_UNMET,GOAL_UNMET
7B,id,439,cut_two_fruits_on_board,0,0,0,0,OVER_BUDGET,OVER_BUDGET
7B,id,440,clear_table_with_two_robots_and_put_in_cabinet,1,0,0,0,infeasible_assignment,infeasible_assignment
7B,id,443,toast_bread_and_set_plate,0,0,0,0,GOAL_UNMET,GOAL_UNMET
7B,id,447,dog_push_box_for_two_panda_transport,1,0,0,0,infeasible_assignment,infeasible_assignment
7B,id,451,cut_fruit_on_board,0,0,0,0,GOAL_UNMET,GOAL_UNMET
7B,id,452,cut_fruit_on_board,0,1,1,1,SOLVED,SOLVED
7B,id,454,set_plate_and_fork_on_table,0,0,0,0,NO_USABLE_WORK,NO_USABLE_WORK
7B,id,458,cut_fruit_on_board,0,1,1,1,SOLVED,SOLVED
7B,id,459,parallel_human_dual_asset_to_plate_or_bowl,0,1,1,1,SOLVED,SOLVED
7B,id,462,cut_two_fruits_on_board,0,0,0,0,OVER_BUDGET,OVER_BUDGET
7B,id,466,parallel_human_dual_asset_to_plate_or_bowl,0,0,0,0,OVER_BUDGET,OVER_BUDGET
7B,id,472,parallel_human_dual_asset_to_plate_or_bowl,0,0,0,0,NO_USABLE_WORK,NO_USABLE_WORK
7B,id,474,cut_fruit_on_board,0,0,0,0,GOAL_UNMET,GOAL_UNMET
7B,id,475,clear_table_with_two_robots_and_put_in_cabinet,0,0,0,0,GOAL_UNMET,GOAL_UNMET
7B,id,476,cut_two_fruits_on_board,0,0,0,0,GOAL_UNMET,GOAL_UNMET
7B,id,478,toast_bread_and_set_plate,0,0,0,0,GOAL_UNMET,GOAL_UNMET
7B,id,479,cut_fruit_on_board,0,0,0,0,GOAL_UNMET,GOAL_UNMET
7B,id,480,clear_table_with_two_robots_and_put_in_cabinet,0,0,0,0,OVER_BUDGET,OVER_BUDGET
7B,id,481,toast_bread_and_set_plate,0,0,0,0,GOAL_UNMET,GOAL_UNMET
7B,id,484,cut_fruit_on_board,0,1,1,1,SOLVED,SOLVED
7B,id,485,dog_push_box_for_two_panda_transport,1,0,0,0,infeasible_assignment,infeasible_assignment
7B,id,486,clear_table_with_two_robots_and_put_in_cabinet,1,0,0,0,infeasible_assignment,infeasible_assignment
7B,id,487,dog_push_box_for_two_panda_transport,0,0,0,0,NO_USABLE_WORK,NO_USABLE_WORK
7B,id,489,toast_bread_and_set_plate,0,0,0,0,GOAL_UNMET,GOAL_UNMET
7B,id,494,clear_table_with_two_robots_and_put_in_cabinet,0,0,0,0,NO_USABLE_WORK,NO_USABLE_WORK
7B,id,496,parallel_human_dual_asset_to_plate_or_bowl,0,0,0,0,OVER_BUDGET,OVER_BUDGET
7B,id,497,cut_fruit_on_board,0,0,0,0,GOAL_UNMET,GOAL_UNMET
7B,id,498,cut_fruit_on_board,0,0,0,0,GOAL_UNMET,GOAL_UNMET
7B,id,501,cut_fruit_on_board,0,1,1,1,SOLVED,SOLVED
7B,id,502,clear_table_with_two_robots_and_put_in_cabinet,0,0,0,0,OVER_BUDGET,OVER_BUDGET
7B,id,503,parallel_human_dual_asset_to_plate_or_bowl,0,0,0,0,NO_USABLE_WORK,NO_USABLE_WORK
7B,id,504,toast_bread_and_set_plate,0,0,0,0,GOAL_UNMET,GOAL_UNMET
7B,id,507,cut_two_fruits_on_board,0,0,0,0,GOAL_UNMET,GOAL_UNMET
7B,id,510,parallel_human_dual_asset_to_plate_or_bowl,0,0,0,0,NO_USABLE_WORK,NO_USABLE_WORK
7B,id,512,clear_table_with_two_robots_and_put_in_cabinet,0,0,0,0,OVER_BUDGET,OVER_BUDGET
7B,id,513,parallel_human_dual_asset_to_plate_or_bowl,0,0,0,0,OVER_BUDGET,OVER_BUDGET
7B,id,515,clear_table_with_two_robots_and_put_in_cabinet,0,0,0,0,OVER_BUDGET,OVER_BUDGET
7B,id,516,cut_fruit_on_board,0,1,1,1,SOLVED,SOLVED
7B,id,517,toast_bread_and_set_plate,0,0,0,0,GOAL_UNMET,GOAL_UNMET
7B,id,519,cut_fruit_on_board,0,0,0,0,GOAL_UNMET,GOAL_UNMET
7B,id,520,set_plate_and_fork_on_table,0,0,0,0,NO_USABLE_WORK,NO_USABLE_WORK
7B,id,525,clear_table_with_two_robots_and_put_in_cabinet,0,0,0,0,GOAL_UNMET,GOAL_UNMET
7B,id,531,cut_two_fruits_on_board,0,0,0,0,GOAL_UNMET,GOAL_UNMET
7B,id,532,ensure_all_fruits_on_table,0,0,0,0,GOAL_UNMET,GOAL_UNMET
7B,id,536,set_plate_and_fork_on_table,0,0,0,0,GOAL_UNMET,GOAL_UNMET
7B,id,537,ensure_all_fruits_on_table,0,0,0,0,GOAL_UNMET,GOAL_UNMET
7B,id,539,ensure_all_fruits_on_table,0,0,0,0,GOAL_UNMET,GOAL_UNMET
7B,id,541,cut_fruit_on_board,0,0,0,0,GOAL_UNMET,GOAL_UNMET
7B,id,544,clear_table_with_two_robots_and_put_in_cabinet,1,0,0,0,infeasible_assignment,infeasible_assignment
7B,id,545,clear_table_with_two_robots_and_put_in_cabinet,0,0,0,0,OVER_BUDGET,OVER_BUDGET
7B,id,546,ensure_all_fruits_on_table,0,0,0,0,GOAL_UNMET,GOAL_UNMET
7B,id,548,parallel_human_dual_asset_to_plate_or_bowl,0,0,0,0,NO_USABLE_WORK,NO_USABLE_WORK
7B,id,549,cut_two_fruits_on_board,0,0,0,0,GOAL_UNMET,GOAL_UNMET
7B,id,551,set_plate_and_fork_on_table,0,0,0,0,GOAL_UNMET,GOAL_UNMET
7B,id,552,cut_two_fruits_on_board,0,0,0,0,OVER_BUDGET,OVER_BUDGET
7B,id,555,parallel_human_dual_asset_to_plate_or_bowl,0,0,0,0,OVER_BUDGET,OVER_BUDGET
7B,id,559,ensure_all_fruits_on_table,0,1,1,1,SOLVED,SOLVED
7B,id,561,set_plate_and_fork_on_table,0,0,0,0,GOAL_UNMET,GOAL_UNMET
7B,id,562,ensure_all_fruits_on_table,0,0,0,0,GOAL_UNMET,GOAL_UNMET
7B,id,563,cut_fruit_on_board,0,0,0,0,GOAL_UNMET,GOAL_UNMET
7B,id,564,set_plate_and_fork_on_table,0,0,0,0,GOAL_UNMET,GOAL_UNMET
7B,id,566,set_plate_and_fork_on_table,0,0,0,0,GOAL_UNMET,GOAL_UNMET
7B,id,569,cut_two_fruits_on_board,0,0,0,0,GOAL_UNMET,GOAL_UNMET
7B,id,570,clear_table_with_two_robots_and_put_in_cabinet,0,0,0,0,OVER_BUDGET,OVER_BUDGET
7B,id,571,cut_fruit_on_board,0,0,0,0,GOAL_UNMET,GOAL_UNMET
7B,id,572,toast_bread_and_set_plate,0,0,0,0,GOAL_UNMET,GOAL_UNMET
7B,id,573,toast_bread_and_set_plate,0,0,0,0,GOAL_UNMET,GOAL_UNMET
7B,id,576,parallel_human_dual_asset_to_plate_or_bowl,0,1,1,1,SOLVED,SOLVED
7B,id,578,ensure_all_fruits_on_table,0,0,0,0,GOAL_UNMET,GOAL_UNMET
7B,id,579,toast_bread_and_set_plate,0,0,0,0,GOAL_UNMET,GOAL_UNMET
7B,id,581,clear_table_with_two_robots_and_put_in_cabinet,1,0,0,0,infeasible_assignment,infeasible_assignment
7B,id,582,ensure_all_fruits_on_table,0,0,0,0,NO_USABLE_WORK,NO_USABLE_WORK
7B,id,584,set_plate_and_fork_on_table,0,0,0,0,GOAL_UNMET,GOAL_UNMET
7B,id,586,ensure_all_fruits_on_table,0,0,0,0,GOAL_UNMET,GOAL_UNMET
7B,id,587,cut_fruit_on_board,0,0,0,0,GOAL_UNMET,GOAL_UNMET
7B,id,592,parallel_human_dual_asset_to_plate_or_bowl,0,1,1,1,SOLVED,SOLVED
7B,id,594,clear_table_with_two_robots_and_put_in_cabinet,1,0,0,0,infeasible_assignment,infeasible_assignment
7B,id,596,toast_bread_and_set_plate,0,0,0,0,GOAL_UNMET,GOAL_UNMET
7B,id,598,clear_table_with_two_robots_and_put_in_cabinet,1,0,0,0,OVER_BUDGET,infeasible_assignment
7B,id,600,cut_two_fruits_on_board,0,0,0,0,GOAL_UNMET,GOAL_UNMET
7B,id,601,set_plate_and_fork_on_table,0,0,0,0,NO_USABLE_WORK,NO_USABLE_WORK
7B,id,602,clear_table_with_two_robots_and_put_in_cabinet,1,0,0,0,infeasible_assignment,infeasible_assignment
7B,id,605,toast_bread_and_set_plate,0,0,0,0,GOAL_UNMET,GOAL_UNMET
7B,id,607,toast_bread_and_set_plate,0,0,0,0,GOAL_UNMET,GOAL_UNMET
7B,id,608,clear_table_with_two_robots_and_put_in_cabinet,0,0,0,0,OVER_BUDGET,OVER_BUDGET
7B,id,612,clear_table_with_two_robots_and_put_in_cabinet,1,0,0,0,infeasible_assignment,infeasible_assignment
7B,id,613,toast_bread_and_set_plate,0,0,0,0,GOAL_UNMET,GOAL_UNMET
7B,id,617,cut_fruit_on_board,0,0,0,0,GOAL_UNMET,GOAL_UNMET
7B,id,620,toast_bread_and_set_plate,0,0,0,0,GOAL_UNMET,GOAL_UNMET
7B,id,621,cut_fruit_on_board,0,0,0,0,GOAL_UNMET,GOAL_UNMET
7B,id,622,parallel_human_dual_asset_to_plate_or_bowl,0,0,0,0,NO_USABLE_WORK,NO_USABLE_WORK
7B,id,623,cut_fruit_on_board,0,1,1,1,SOLVED,SOLVED
7B,id,628,toast_bread_and_set_plate,0,0,0,0,GOAL_UNMET,GOAL_UNMET
7B,id,630,cut_fruit_on_board,0,0,0,0,GOAL_UNMET,GOAL_UNMET
7B,id,631,ensure_all_fruits_on_table,0,0,0,0,GOAL_UNMET,GOAL_UNMET
7B,id,632,ensure_all_fruits_on_table,0,0,0,0,GOAL_UNMET,GOAL_UNMET
7B,id,634,set_plate_and_fork_on_table,0,0,0,0,GOAL_UNMET,GOAL_UNMET
7B,id,635,parallel_human_dual_asset_to_plate_or_bowl,0,0,0,0,NO_USABLE_WORK,NO_USABLE_WORK
7B,id,636,cut_fruit_on_board,0,1,1,1,SOLVED,SOLVED
7B,id,639,parallel_human_dual_asset_to_plate_or_bowl,0,1,1,1,SOLVED,SOLVED
7B,id,640,clear_table_with_two_robots_and_put_in_cabinet,0,0,0,0,OVER_BUDGET,OVER_BUDGET
7B,id,641,clear_table_with_two_robots_and_put_in_cabinet,0,0,0,0,OVER_BUDGET,OVER_BUDGET
7B,id,642,cut_fruit_on_board,0,1,1,1,SOLVED,SOLVED
7B,id,645,cut_two_fruits_on_board,0,0,0,0,GOAL_UNMET,GOAL_UNMET
7B,id,647,dog_push_box_for_two_panda_transport,1,0,0,0,infeasible_assignment,infeasible_assignment
7B,id,649,clear_table_with_two_robots_and_put_in_cabinet,0,0,0,0,OVER_BUDGET,OVER_BUDGET
7B,id,650,clear_table_with_two_robots_and_put_in_cabinet,0,1,1,1,SOLVED,SOLVED
7B,id,651,clear_table_with_two_robots_and_put_in_cabinet,0,0,0,0,OVER_BUDGET,OVER_BUDGET
7B,id,652,dog_push_box_for_two_panda_transport,1,0,0,0,infeasible_assignment,infeasible_assignment
7B,id,654,cut_two_fruits_on_board,0,0,0,0,GOAL_UNMET,GOAL_UNMET
7B,id,655,cut_two_fruits_on_board,0,0,0,0,GOAL_UNMET,GOAL_UNMET
7B,id,656,cut_two_fruits_on_board,0,0,0,0,GOAL_UNMET,GOAL_UNMET
7B,id,657,clear_table_with_two_robots_and_put_in_cabinet,0,0,0,0,NO_USABLE_WORK,NO_USABLE_WORK
7B,id,661,clear_table_with_two_robots_and_put_in_cabinet,0,0,0,0,OVER_BUDGET,OVER_BUDGET
7B,id,663,cut_fruit_on_board,0,0,0,0,GOAL_UNMET,GOAL_UNMET
7B,id,664,cut_fruit_on_board,0,0,0,0,GOAL_UNMET,GOAL_UNMET
7B,id,668,cut_fruit_on_board,0,0,0,0,GOAL_UNMET,GOAL_UNMET
7B,id,671,cut_two_fruits_on_board,0,0,0,0,OVER_BUDGET,OVER_BUDGET
7B,id,672,clear_table_with_two_robots_and_put_in_cabinet,0,1,1,1,SOLVED,SOLVED
7B,id,674,set_plate_and_fork_on_table,0,0,0,0,GOAL_UNMET,GOAL_UNMET
7B,id,675,cut_fruit_on_board,0,1,1,1,SOLVED,SOLVED
7B,id,676,cut_fruit_on_board,0,0,0,0,GOAL_UNMET,GOAL_UNMET
7B,id,677,cut_two_fruits_on_board,0,0,0,0,OVER_BUDGET,OVER_BUDGET
7B,id,678,toast_bread_and_set_plate,0,0,0,0,GOAL_UNMET,GOAL_UNMET
7B,id,683,toast_bread_and_set_plate,0,0,0,0,GOAL_UNMET,GOAL_UNMET
7B,id,687,clear_table_with_two_robots_and_put_in_cabinet,1,0,0,0,infeasible_assignment,infeasible_assignment
7B,id,688,toast_bread_and_set_plate,0,0,0,0,GOAL_UNMET,GOAL_UNMET
7B,id,689,parallel_human_dual_asset_to_plate_or_bowl,0,0,0,0,NO_USABLE_WORK,NO_USABLE_WORK
7B,id,690,cut_fruit_on_board,0,1,1,1,SOLVED,SOLVED
7B,id,691,clear_table_with_two_robots_and_put_in_cabinet,0,0,0,0,OVER_BUDGET,OVER_BUDGET
7B,id,692,dog_push_box_for_two_panda_transport,1,0,0,0,infeasible_assignment,infeasible_assignment
7B,id,694,clear_table_with_two_robots_and_put_in_cabinet,1,0,0,0,infeasible_assignment,infeasible_assignment
7B,id,697,cut_fruit_on_board,0,0,0,0,GOAL_UNMET,GOAL_UNMET
7B,id,698,cut_fruit_on_board,0,0,0,0,GOAL_UNMET,GOAL_UNMET
7B,id,699,ensure_all_fruits_on_table,0,0,0,0,GOAL_UNMET,GOAL_UNMET
7B,id,703,cut_fruit_on_board,0,0,0,0,GOAL_UNMET,GOAL_UNMET
7B,id,707,clear_table_with_two_robots_and_put_in_cabinet,0,0,0,0,OVER_BUDGET,OVER_BUDGET
7B,id,708,clear_table_with_two_robots_and_put_in_cabinet,0,1,1,1,SOLVED,SOLVED
7B,id,711,clear_table_with_two_robots_and_put_in_cabinet,0,0,0,0,OVER_BUDGET,OVER_BUDGET
7B,id,712,parallel_human_dual_asset_to_plate_or_bowl,0,0,0,0,NO_USABLE_WORK,NO_USABLE_WORK
7B,id,713,ensure_all_fruits_on_table,0,0,0,0,GOAL_UNMET,GOAL_UNMET
7B,id,714,ensure_all_fruits_on_table,0,0,0,0,GOAL_UNMET,GOAL_UNMET
7B,id,715,set_plate_and_fork_on_table,0,0,0,0,GOAL_UNMET,GOAL_UNMET
7B,id,716,cut_fruit_on_board,0,0,0,0,GOAL_UNMET,GOAL_UNMET
7B,id,718,cut_fruit_on_board,0,1,1,1,SOLVED,SOLVED
7B,id,725,cut_fruit_on_board,0,0,0,0,GOAL_UNMET,GOAL_UNMET
7B,id,726,clear_table_with_two_robots_and_put_in_cabinet,1,0,0,0,infeasible_assignment,infeasible_assignment
7B,id,731,ensure_all_fruits_on_table,0,0,0,0,GOAL_UNMET,GOAL_UNMET
7B,id,733,set_plate_and_fork_on_table,0,0,0,0,GOAL_UNMET,GOAL_UNMET
7B,id,735,clear_table_with_two_robots_and_put_in_cabinet,1,0,0,0,OVER_BUDGET,infeasible_assignment
7B,id,736,cut_two_fruits_on_board,0,0,0,0,GOAL_UNMET,GOAL_UNMET
7B,id,737,clear_table_with_two_robots_and_put_in_cabinet,1,0,0,0,infeasible_assignment,infeasible_assignment
7B,id,739,clear_table_with_two_robots_and_put_in_cabinet,0,0,0,0,NO_USABLE_WORK,NO_USABLE_WORK
7B,id,740,dog_push_box_for_two_panda_transport,1,0,0,0,infeasible_assignment,infeasible_assignment
7B,id,742,ensure_all_fruits_on_table,0,0,0,0,GOAL_UNMET,GOAL_UNMET
7B,id,744,clear_table_with_two_robots_and_put_in_cabinet,1,0,0,0,infeasible_assignment,infeasible_assignment
7B,id,745,set_plate_and_fork_on_table,0,0,0,0,GOAL_UNMET,GOAL_UNMET
7B,id,746,toast_bread_and_set_plate,0,0,0,0,GOAL_UNMET,GOAL_UNMET
7B,id,747,toast_bread_and_set_plate,0,0,0,0,GOAL_UNMET,GOAL_UNMET
7B,id,749,cut_fruit_on_board,0,1,1,1,SOLVED,SOLVED
7B,id,750,cut_fruit_on_board,0,0,0,0,GOAL_UNMET,GOAL_UNMET
7B,id,751,parallel_human_dual_asset_to_plate_or_bowl,0,0,0,0,NO_USABLE_WORK,NO_USABLE_WORK
7B,id,753,clear_table_with_two_robots_and_put_in_cabinet,0,0,0,0,GOAL_UNMET,GOAL_UNMET
7B,id,757,ensure_all_fruits_on_table,0,0,0,0,NO_USABLE_WORK,NO_USABLE_WORK
7B,id,760,ensure_all_fruits_on_table,0,0,0,0,GOAL_UNMET,GOAL_UNMET
7B,id,761,clear_table_with_two_robots_and_put_in_cabinet,1,0,0,0,infeasible_assignment,infeasible_assignment
7B,id,763,cut_two_fruits_on_board,0,0,0,0,GOAL_UNMET,GOAL_UNMET
7B,id,769,parallel_human_dual_asset_to_plate_or_bowl,0,1,1,1,SOLVED,SOLVED
7B,id,770,parallel_human_dual_asset_to_plate_or_bowl,0,1,1,1,SOLVED,SOLVED
7B,id,772,cut_fruit_on_board,0,0,0,0,GOAL_UNMET,GOAL_UNMET
7B,id,775,parallel_human_dual_asset_to_plate_or_bowl,0,0,0,0,OVER_BUDGET,OVER_BUDGET
7B,id,776,ensure_all_fruits_on_table,0,0,0,0,GOAL_UNMET,GOAL_UNMET
7B,id,777,clear_table_with_two_robots_and_put_in_cabinet,1,0,0,0,infeasible_assignment,infeasible_assignment
7B,id,780,cut_fruit_on_board,0,0,0,0,GOAL_UNMET,GOAL_UNMET
7B,id,781,clear_table_with_two_robots_and_put_in_cabinet,1,0,0,0,infeasible_assignment,infeasible_assignment
7B,id,783,set_plate_and_fork_on_table,0,0,0,0,GOAL_UNMET,GOAL_UNMET
7B,id,786,parallel_human_dual_asset_to_plate_or_bowl,0,1,1,1,SOLVED,SOLVED
7B,id,787,cut_fruit_on_board,0,0,0,0,GOAL_UNMET,GOAL_UNMET
7B,id,789,cut_fruit_on_board,0,1,1,1,SOLVED,SOLVED
7B,id,790,ensure_all_fruits_on_table,0,0,0,0,GOAL_UNMET,GOAL_UNMET
7B,id,791,clear_table_with_two_robots_and_put_in_cabinet,0,0,0,0,NO_USABLE_WORK,NO_USABLE_WORK
7B,id,796,cut_fruit_on_board,0,1,1,1,SOLVED,SOLVED
7B,id,797,cut_fruit_on_board,0,1,1,1,SOLVED,SOLVED
7B,id,799,cut_fruit_on_board,0,1,1,1,SOLVED,SOLVED
7B,id,801,cut_two_fruits_on_board,0,0,0,0,GOAL_UNMET,GOAL_UNMET
7B,id,803,clear_table_with_two_robots_and_put_in_cabinet,0,0,0,0,GOAL_UNMET,GOAL_UNMET
7B,id,804,cut_fruit_on_board,0,0,0,0,GOAL_UNMET,GOAL_UNMET
7B,id,806,cut_two_fruits_on_board,0,0,0,0,GOAL_UNMET,GOAL_UNMET
7B,id,807,parallel_human_dual_asset_to_plate_or_bowl,0,0,0,0,NO_USABLE_WORK,NO_USABLE_WORK
7B,id,809,clear_table_with_two_robots_and_put_in_cabinet,1,0,0,0,infeasible_assignment,infeasible_assignment
7B,id,813,cut_fruit_on_board,0,0,0,0,GOAL_UNMET,GOAL_UNMET
7B,id,814,cut_fruit_on_board,0,0,0,0,GOAL_UNMET,GOAL_UNMET
7B,id,815,set_plate_and_fork_on_table,0,0,0,0,NO_USABLE_WORK,NO_USABLE_WORK
7B,id,816,clear_table_with_two_robots_and_put_in_cabinet,0,0,0,0,OVER_BUDGET,OVER_BUDGET
7B,id,819,set_plate_and_fork_on_table,0,0,0,0,GOAL_UNMET,GOAL_UNMET
7B,id,820,toast_bread_and_set_plate,0,0,0,0,GOAL_UNMET,GOAL_UNMET
7B,id,825,ensure_all_fruits_on_table,0,0,0,0,GOAL_UNMET,GOAL_UNMET
7B,id,826,cut_fruit_on_board,0,0,0,0,GOAL_UNMET,GOAL_UNMET
7B,id,827,toast_bread_and_set_plate,0,0,0,0,GOAL_UNMET,GOAL_UNMET
7B,id,828,ensure_all_fruits_on_table,1,0,0,0,infeasible_assignment,infeasible_assignment
7B,id,830,parallel_human_dual_asset_to_plate_or_bowl,0,0,0,0,NO_USABLE_WORK,NO_USABLE_WORK
7B,id,831,parallel_human_dual_asset_to_plate_or_bowl,0,0,0,0,NO_USABLE_WORK,NO_USABLE_WORK
7B,id,837,cut_fruit_on_board,0,1,1,1,SOLVED,SOLVED
7B,id,838,clear_table_with_two_robots_and_put_in_cabinet,0,0,0,0,OVER_BUDGET,OVER_BUDGET
7B,id,840,cut_fruit_on_board,0,0,0,0,GOAL_UNMET,GOAL_UNMET
7B,id,841,set_plate_and_fork_on_table,0,0,0,0,GOAL_UNMET,GOAL_UNMET
7B,id,842,toast_bread_and_set_plate,0,0,0,0,GOAL_UNMET,GOAL_UNMET
7B,id,844,cut_fruit_on_board,0,1,1,1,SOLVED,SOLVED
7B,id,848,parallel_human_dual_asset_to_plate_or_bowl,0,0,0,0,NO_USABLE_WORK,NO_USABLE_WORK
7B,id,849,clear_table_with_two_robots_and_put_in_cabinet,1,0,0,0,infeasible_assignment,infeasible_assignment
7B,id,850,cut_fruit_on_board,0,0,0,0,GOAL_UNMET,GOAL_UNMET
7B,id,853,toast_bread_and_set_plate,0,0,0,0,GOAL_UNMET,GOAL_UNMET
7B,id,856,toast_bread_and_set_plate,0,0,0,0,GOAL_UNMET,GOAL_UNMET
7B,id,857,clear_table_with_two_robots_and_put_in_cabinet,0,0,0,0,OVER_BUDGET,OVER_BUDGET
7B,id,862,parallel_human_dual_asset_to_plate_or_bowl,0,1,1,1,SOLVED,SOLVED
7B,id,863,cut_fruit_on_board,0,0,0,0,GOAL_UNMET,GOAL_UNMET
7B,id,864,ensure_all_fruits_on_table,1,0,0,0,infeasible_assignment,infeasible_assignment
7B,id,865,parallel_human_dual_asset_to_plate_or_bowl,0,0,0,0,OVER_BUDGET,OVER_BUDGET
7B,id,867,set_plate_and_fork_on_table,0,0,0,0,GOAL_UNMET,GOAL_UNMET
7B,id,869,clear_table_with_two_robots_and_put_in_cabinet,1,0,0,0,OVER_BUDGET,infeasible_assignment
7B,id,870,cut_two_fruits_on_board,0,0,0,0,GOAL_UNMET,GOAL_UNMET
7B,id,874,cut_fruit_on_board,0,1,1,1,SOLVED,SOLVED
7B,id,875,parallel_human_dual_asset_to_plate_or_bowl,0,1,1,1,SOLVED,SOLVED
7B,id,876,cut_two_fruits_on_board,0,0,0,0,GOAL_UNMET,GOAL_UNMET
7B,id,879,cut_fruit_on_board,0,0,0,0,GOAL_UNMET,GOAL_UNMET
7B,id,881,cut_fruit_on_board,0,0,0,0,GOAL_UNMET,GOAL_UNMET
7B,id,883,cut_fruit_on_board,0,1,1,1,SOLVED,SOLVED
7B,id,884,ensure_all_fruits_on_table,0,0,0,0,GOAL_UNMET,GOAL_UNMET
7B,id,886,clear_table_with_two_robots_and_put_in_cabinet,0,0,0,0,OVER_BUDGET,OVER_BUDGET
7B,id,888,set_plate_and_fork_on_table,0,0,0,0,GOAL_UNMET,GOAL_UNMET
7B,id,890,cut_fruit_on_board,0,0,0,0,GOAL_UNMET,GOAL_UNMET
7B,id,891,clear_table_with_two_robots_and_put_in_cabinet,0,0,0,0,OVER_BUDGET,OVER_BUDGET
7B,id,895,set_plate_and_fork_on_table,0,0,0,0,GOAL_UNMET,GOAL_UNMET
7B,id,897,set_plate_and_fork_on_table,0,0,0,0,GOAL_UNMET,GOAL_UNMET
7B,id,901,cut_fruit_on_board,0,0,0,0,GOAL_UNMET,GOAL_UNMET
7B,id,903,clear_table_with_two_robots_and_put_in_cabinet,0,0,0,0,OVER_BUDGET,OVER_BUDGET
7B,id,904,clear_table_with_two_robots_and_put_in_cabinet,1,0,0,0,infeasible_assignment,infeasible_assignment
7B,id,905,clear_table_with_two_robots_and_put_in_cabinet,1,0,0,0,infeasible_assignment,infeasible_assignment
7B,id,908,toast_bread_and_set_plate,0,0,0,0,GOAL_UNMET,GOAL_UNMET
7B,id,910,clear_table_with_two_robots_and_put_in_cabinet,1,0,0,0,infeasible_assignment,infeasible_assignment
7B,id,912,clear_table_with_two_robots_and_put_in_cabinet,0,0,0,0,OVER_BUDGET,OVER_BUDGET
7B,id,913,parallel_human_dual_asset_to_plate_or_bowl,0,0,0,0,OVER_BUDGET,OVER_BUDGET
7B,id,915,parallel_human_dual_asset_to_plate_or_bowl,0,0,0,0,GOAL_UNMET,GOAL_UNMET
7B,id,918,cut_fruit_on_board,0,0,0,0,GOAL_UNMET,GOAL_UNMET
7B,id,923,set_plate_and_fork_on_table,0,0,0,0,OVER_BUDGET,OVER_BUDGET
7B,id,927,parallel_human_dual_asset_to_plate_or_bowl,0,0,0,0,NO_USABLE_WORK,NO_USABLE_WORK
7B,id,932,dog_push_box_for_two_panda_transport,1,0,0,0,infeasible_assignment,infeasible_assignment
7B,id,941,toast_bread_and_set_plate,0,0,0,0,GOAL_UNMET,GOAL_UNMET
7B,id,942,set_plate_and_fork_on_table,0,0,0,0,GOAL_UNMET,GOAL_UNMET
7B,id,943,clear_table_with_two_robots_and_put_in_cabinet,1,0,0,0,infeasible_assignment,infeasible_assignment
7B,id,947,cut_two_fruits_on_board,0,0,0,0,GOAL_UNMET,GOAL_UNMET
7B,id,949,cut_fruit_on_board,0,0,0,0,GOAL_UNMET,GOAL_UNMET
7B,id,950,parallel_human_dual_asset_to_plate_or_bowl,0,0,0,0,OVER_BUDGET,OVER_BUDGET
7B,id,952,cut_two_fruits_on_board,0,0,0,0,GOAL_UNMET,GOAL_UNMET
7B,id,956,clear_table_with_two_robots_and_put_in_cabinet,1,0,0,0,infeasible_assignment,infeasible_assignment
7B,id,957,cut_fruit_on_board,0,0,0,0,GOAL_UNMET,GOAL_UNMET
7B,id,959,parallel_human_dual_asset_to_plate_or_bowl,0,0,0,0,OVER_BUDGET,OVER_BUDGET
7B,id,960,cut_two_fruits_on_board,0,0,0,0,GOAL_UNMET,GOAL_UNMET
7B,id,962,toast_bread_and_set_plate,0,0,0,0,GOAL_UNMET,GOAL_UNMET
7B,id,963,clear_table_with_two_robots_and_put_in_cabinet,0,0,0,0,NO_USABLE_WORK,NO_USABLE_WORK
7B,id,964,cut_two_fruits_on_board,0,0,0,0,OVER_BUDGET,OVER_BUDGET
7B,id,965,ensure_all_fruits_on_table,0,0,0,0,GOAL_UNMET,GOAL_UNMET
7B,id,966,set_plate_and_fork_on_table,0,0,0,0,GOAL_UNMET,GOAL_UNMET
7B,id,967,cut_two_fruits_on_board,0,0,0,0,OVER_BUDGET,OVER_BUDGET
7B,id,968,cut_fruit_on_board,0,0,0,0,GOAL_UNMET,GOAL_UNMET
7B,id,970,clear_table_with_two_robots_and_put_in_cabinet,1,0,0,0,infeasible_assignment,infeasible_assignment
7B,id,971,cut_fruit_on_board,0,0,0,0,GOAL_UNMET,GOAL_UNMET
7B,id,972,set_plate_and_fork_on_table,0,0,0,0,GOAL_UNMET,GOAL_UNMET
7B,id,973,cut_fruit_on_board,0,0,0,0,GOAL_UNMET,GOAL_UNMET
7B,id,974,parallel_human_dual_asset_to_plate_or_bowl,0,1,1,1,SOLVED,SOLVED
7B,id,975,clear_table_with_two_robots_and_put_in_cabinet,0,0,0,0,OVER_BUDGET,OVER_BUDGET
7B,id,976,cut_two_fruits_on_board,0,0,0,0,GOAL_UNMET,GOAL_UNMET
7B,id,977,cut_fruit_on_board,0,1,1,1,SOLVED,SOLVED
7B,id,979,cut_fruit_on_board,0,0,0,0,GOAL_UNMET,GOAL_UNMET
7B,id,980,cut_fruit_on_board,0,1,1,1,SOLVED,SOLVED
7B,id,981,clear_table_with_two_robots_and_put_in_cabinet,0,0,0,0,OVER_BUDGET,OVER_BUDGET
7B,id,982,ensure_all_fruits_on_table,0,0,0,0,GOAL_UNMET,GOAL_UNMET
7B,id,984,clear_table_with_two_robots_and_put_in_cabinet,0,0,0,0,OVER_BUDGET,OVER_BUDGET
7B,id,985,ensure_all_fruits_on_table,0,0,0,0,GOAL_UNMET,GOAL_UNMET
7B,id,987,set_plate_and_fork_on_table,0,0,0,0,GOAL_UNMET,GOAL_UNMET
7B,id,991,dog_push_box_for_two_panda_transport,1,0,0,0,infeasible_assignment,infeasible_assignment
7B,id,993,dog_push_box_for_two_panda_transport,1,0,0,0,infeasible_assignment,infeasible_assignment
7B,id,995,parallel_human_dual_asset_to_plate_or_bowl,0,1,1,1,SOLVED,SOLVED
7B,id,996,ensure_all_fruits_on_table,0,0,0,0,GOAL_UNMET,GOAL_UNMET
7B,id,997,clear_table_with_two_robots_and_put_in_cabinet,1,0,0,0,infeasible_assignment,infeasible_assignment
7B,id,999,cut_two_fruits_on_board,0,0,0,0,GOAL_UNMET,GOAL_UNMET
7B,id,1000,clear_table_with_two_robots_and_put_in_cabinet,0,0,0,0,GOAL_UNMET,GOAL_UNMET
7B,id,1002,ensure_all_fruits_on_table,0,0,0,0,GOAL_UNMET,GOAL_UNMET
7B,id,1005,toast_bread_and_set_plate,0,0,0,0,GOAL_UNMET,GOAL_UNMET
7B,id,1010,ensure_all_fruits_on_table,0,0,0,0,GOAL_UNMET,GOAL_UNMET
7B,id,1013,toast_bread_and_set_plate,0,0,0,0,GOAL_UNMET,GOAL_UNMET
7B,id,1014,clear_table_with_two_robots_and_put_in_cabinet,1,0,0,0,OVER_BUDGET,infeasible_assignment
7B,id,1019,toast_bread_and_set_plate,0,0,0,0,GOAL_UNMET,GOAL_UNMET
7B,id,1020,clear_table_with_two_robots_and_put_in_cabinet,0,0,0,0,OVER_BUDGET,OVER_BUDGET
7B,id,1021,set_plate_and_fork_on_table,0,0,0,0,GOAL_UNMET,GOAL_UNMET
7B,id,1026,clear_table_with_two_robots_and_put_in_cabinet,0,0,0,0,OVER_BUDGET,OVER_BUDGET
7B,id,1027,cut_two_fruits_on_board,0,0,0,0,GOAL_UNMET,GOAL_UNMET
7B,id,1029,cut_two_fruits_on_board,0,0,0,0,OVER_BUDGET,OVER_BUDGET
7B,id,1030,set_plate_and_fork_on_table,0,0,0,0,GOAL_UNMET,GOAL_UNMET
7B,id,1032,ensure_all_fruits_on_table,0,0,0,0,GOAL_UNMET,GOAL_UNMET
7B,id,1034,toast_bread_and_set_plate,0,0,0,0,GOAL_UNMET,GOAL_UNMET
7B,id,1037,set_plate_and_fork_on_table,0,0,0,0,GOAL_UNMET,GOAL_UNMET
7B,id,1039,cut_fruit_on_board,0,1,1,1,SOLVED,SOLVED
7B,id,1040,toast_bread_and_set_plate,0,0,0,0,GOAL_UNMET,GOAL_UNMET
7B,id,1042,cut_two_fruits_on_board,0,0,0,0,GOAL_UNMET,GOAL_UNMET
7B,id,1043,cut_fruit_on_board,0,1,1,1,SOLVED,SOLVED
7B,id,1044,set_plate_and_fork_on_table,0,0,0,0,GOAL_UNMET,GOAL_UNMET
7B,id,1045,cut_two_fruits_on_board,0,0,0,0,GOAL_UNMET,GOAL_UNMET
7B,id,1048,toast_bread_and_set_plate,0,0,0,0,GOAL_UNMET,GOAL_UNMET
7B,id,1050,clear_table_with_two_robots_and_put_in_cabinet,0,0,0,0,OVER_BUDGET,OVER_BUDGET
7B,id,1051,cut_fruit_on_board,0,0,0,0,GOAL_UNMET,GOAL_UNMET
7B,id,1053,clear_table_with_two_robots_and_put_in_cabinet,1,0,0,0,infeasible_assignment,infeasible_assignment
7B,id,1054,clear_table_with_two_robots_and_put_in_cabinet,0,0,0,0,OVER_BUDGET,OVER_BUDGET
7B,id,1058,cut_fruit_on_board,0,0,0,0,GOAL_UNMET,GOAL_UNMET
7B,id,1060,ensure_all_fruits_on_table,0,0,0,0,GOAL_UNMET,GOAL_UNMET
7B,id,1061,parallel_human_dual_asset_to_plate_or_bowl,0,0,0,0,OVER_BUDGET,OVER_BUDGET
7B,id,1063,cut_fruit_on_board,0,1,1,1,SOLVED,SOLVED
7B,id,1064,dog_push_box_for_two_panda_transport,0,0,0,0,NO_USABLE_WORK,NO_USABLE_WORK
7B,id,1066,toast_bread_and_set_plate,0,0,0,0,GOAL_UNMET,GOAL_UNMET
7B,id,1067,clear_table_with_two_robots_and_put_in_cabinet,0,1,1,1,SOLVED,SOLVED
7B,id,1068,parallel_human_dual_asset_to_plate_or_bowl,0,1,1,1,SOLVED,SOLVED
7B,id,1070,parallel_human_dual_asset_to_plate_or_bowl,0,0,0,0,OVER_BUDGET,OVER_BUDGET
7B,id,1072,dog_push_box_for_two_panda_transport,1,0,0,0,infeasible_assignment,infeasible_assignment
7B,id,1075,cut_fruit_on_board,0,0,0,0,GOAL_UNMET,GOAL_UNMET
7B,id,1076,ensure_all_fruits_on_table,0,0,0,0,GOAL_UNMET,GOAL_UNMET
7B,id,1079,cut_fruit_on_board,0,0,0,0,GOAL_UNMET,GOAL_UNMET
7B,id,1080,toast_bread_and_set_plate,0,0,0,0,GOAL_UNMET,GOAL_UNMET
7B,id,1081,ensure_all_fruits_on_table,0,0,0,0,GOAL_UNMET,GOAL_UNMET
7B,id,1082,clear_table_with_two_robots_and_put_in_cabinet,0,0,0,0,OVER_BUDGET,OVER_BUDGET
7B,id,1085,clear_table_with_two_robots_and_put_in_cabinet,0,0,0,0,OVER_BUDGET,OVER_BUDGET
7B,id,1096,clear_table_with_two_robots_and_put_in_cabinet,1,0,0,0,infeasible_assignment,infeasible_assignment
7B,id,1098,set_plate_and_fork_on_table,0,0,0,0,GOAL_UNMET,GOAL_UNMET
7B,id,1103,dog_push_box_for_two_panda_transport,1,0,0,0,infeasible_assignment,infeasible_assignment
7B,id,1104,cut_fruit_on_board,0,0,0,0,GOAL_UNMET,GOAL_UNMET
7B,id,1105,cut_two_fruits_on_board,0,0,0,0,GOAL_UNMET,GOAL_UNMET
7B,id,1106,cut_fruit_on_board,0,1,1,1,SOLVED,SOLVED
7B,id,1107,clear_table_with_two_robots_and_put_in_cabinet,1,0,0,0,infeasible_assignment,infeasible_assignment
7B,id,1108,clear_table_with_two_robots_and_put_in_cabinet,1,0,0,0,infeasible_assignment,infeasible_assignment
7B,id,1109,clear_table_with_two_robots_and_put_in_cabinet,1,0,0,0,OVER_BUDGET,infeasible_assignment
7B,id,1110,clear_table_with_two_robots_and_put_in_cabinet,0,0,0,0,NO_USABLE_WORK,NO_USABLE_WORK
7B,id,1113,ensure_all_fruits_on_table,0,0,0,0,GOAL_UNMET,GOAL_UNMET
7B,id,1114,cut_two_fruits_on_board,0,0,0,0,GOAL_UNMET,GOAL_UNMET
7B,id,1117,dog_push_box_for_two_panda_transport,1,0,0,0,infeasible_assignment,infeasible_assignment
7B,id,1122,ensure_all_fruits_on_table,0,0,0,0,GOAL_UNMET,GOAL_UNMET
7B,id,1124,set_plate_and_fork_on_table,0,0,0,0,GOAL_UNMET,GOAL_UNMET
7B,id,1125,ensure_all_fruits_on_table,0,0,0,0,GOAL_UNMET,GOAL_UNMET
7B,id,1126,cut_two_fruits_on_board,0,0,0,0,OVER_BUDGET,OVER_BUDGET
7B,id,1127,cut_two_fruits_on_board,0,0,0,0,GOAL_UNMET,GOAL_UNMET
7B,id,1128,toast_bread_and_set_plate,0,0,0,0,GOAL_UNMET,GOAL_UNMET
7B,id,1130,toast_bread_and_set_plate,0,0,0,0,GOAL_UNMET,GOAL_UNMET
7B,id,1134,toast_bread_and_set_plate,0,0,0,0,GOAL_UNMET,GOAL_UNMET
7B,id,1135,cut_fruit_on_board,0,0,0,0,GOAL_UNMET,GOAL_UNMET
7B,id,1136,clear_table_with_two_robots_and_put_in_cabinet,1,0,0,0,infeasible_assignment,infeasible_assignment
7B,id,1138,clear_table_with_two_robots_and_put_in_cabinet,0,0,0,0,OVER_BUDGET,OVER_BUDGET
7B,id,1143,toast_bread_and_set_plate,0,0,0,0,GOAL_UNMET,GOAL_UNMET
7B,id,1146,parallel_human_dual_asset_to_plate_or_bowl,0,0,0,0,OVER_BUDGET,OVER_BUDGET
7B,id,1149,clear_table_with_two_robots_and_put_in_cabinet,1,0,0,0,infeasible_assignment,infeasible_assignment
7B,id,1152,cut_two_fruits_on_board,0,0,0,0,GOAL_UNMET,GOAL_UNMET
7B,id,1153,clear_table_with_two_robots_and_put_in_cabinet,1,0,0,0,infeasible_assignment,infeasible_assignment
7B,id,1155,cut_two_fruits_on_board,0,0,0,0,GOAL_UNMET,GOAL_UNMET
7B,id,1156,parallel_human_dual_asset_to_plate_or_bowl,0,0,0,0,NO_USABLE_WORK,NO_USABLE_WORK
7B,id,1157,dog_push_box_for_two_panda_transport,1,0,0,0,infeasible_assignment,infeasible_assignment
7B,id,1158,cut_fruit_on_board,0,1,1,1,SOLVED,SOLVED
7B,id,1159,clear_table_with_two_robots_and_put_in_cabinet,0,0,0,0,OVER_BUDGET,OVER_BUDGET
7B,id,1162,parallel_human_dual_asset_to_plate_or_bowl,0,0,0,0,NO_USABLE_WORK,NO_USABLE_WORK
7B,id,1163,cut_fruit_on_board,0,0,0,0,GOAL_UNMET,GOAL_UNMET
7B,id,1164,clear_table_with_two_robots_and_put_in_cabinet,0,0,0,0,OVER_BUDGET,OVER_BUDGET
7B,id,1165,ensure_all_fruits_on_table,1,0,0,0,infeasible_assignment,infeasible_assignment
7B,id,1167,clear_table_with_two_robots_and_put_in_cabinet,0,1,1,1,SOLVED,SOLVED
7B,id,1173,clear_table_with_two_robots_and_put_in_cabinet,0,0,0,0,OVER_BUDGET,OVER_BUDGET
7B,id,1174,clear_table_with_two_robots_and_put_in_cabinet,0,0,0,0,OVER_BUDGET,OVER_BUDGET
7B,id,1176,toast_bread_and_set_plate,0,0,0,0,GOAL_UNMET,GOAL_UNMET
7B,id,1180,clear_table_with_two_robots_and_put_in_cabinet,0,0,0,0,OVER_BUDGET,OVER_BUDGET
7B,id,1181,clear_table_with_two_robots_and_put_in_cabinet,0,1,1,1,SOLVED,SOLVED
7B,id,1185,cut_fruit_on_board,0,1,1,1,SOLVED,SOLVED
7B,id,1187,clear_table_with_two_robots_and_put_in_cabinet,1,0,0,0,infeasible_assignment,infeasible_assignment
7B,id,1189,clear_table_with_two_robots_and_put_in_cabinet,0,0,0,0,OVER_BUDGET,OVER_BUDGET
7B,id,1190,cut_fruit_on_board,0,0,0,0,GOAL_UNMET,GOAL_UNMET
7B,id,1192,cut_two_fruits_on_board,0,0,0,0,GOAL_UNMET,GOAL_UNMET
7B,id,1193,cut_two_fruits_on_board,0,0,0,0,OVER_BUDGET,OVER_BUDGET
7B,id,1195,set_plate_and_fork_on_table,0,0,0,0,GOAL_UNMET,GOAL_UNMET
7B,id,1197,dog_push_box_for_two_panda_transport,1,0,0,0,infeasible_assignment,infeasible_assignment
7B,id,1200,cut_two_fruits_on_board,0,0,0,0,GOAL_UNMET,GOAL_UNMET
7B,id,1201,cut_two_fruits_on_board,0,0,0,0,OVER_BUDGET,OVER_BUDGET
7B,id,1202,parallel_human_dual_asset_to_plate_or_bowl,0,0,0,0,OVER_BUDGET,OVER_BUDGET
7B,id,1204,clear_table_with_two_robots_and_put_in_cabinet,1,0,0,0,infeasible_assignment,infeasible_assignment
7B,id,1205,clear_table_with_two_robots_and_put_in_cabinet,0,0,0,0,OVER_BUDGET,OVER_BUDGET
7B,id,1207,cut_fruit_on_board,0,1,1,1,SOLVED,SOLVED
7B,id,1210,cut_fruit_on_board,0,1,1,1,SOLVED,SOLVED
7B,id,1218,parallel_human_dual_asset_to_plate_or_bowl,0,0,0,0,OVER_BUDGET,OVER_BUDGET
7B,id,1219,clear_table_with_two_robots_and_put_in_cabinet,1,0,0,0,OVER_BUDGET,infeasible_assignment
7B,id,1224,cut_fruit_on_board,0,1,1,1,SOLVED,SOLVED
7B,id,1225,toast_bread_and_set_plate,0,0,0,0,GOAL_UNMET,GOAL_UNMET
7B,id,1226,parallel_human_dual_asset_to_plate_or_bowl,0,1,1,1,SOLVED,SOLVED
7B,id,1227,cut_fruit_on_board,0,0,0,0,GOAL_UNMET,GOAL_UNMET
7B,id,1228,cut_fruit_on_board,0,1,1,1,SOLVED,SOLVED
7B,id,1231,set_plate_and_fork_on_table,0,0,0,0,GOAL_UNMET,GOAL_UNMET
7B,id,1232,cut_two_fruits_on_board,0,0,0,0,GOAL_UNMET,GOAL_UNMET
7B,id,1233,cut_fruit_on_board,0,1,1,1,SOLVED,SOLVED
7B,id,1234,cut_fruit_on_board,0,1,1,1,SOLVED,SOLVED
7B,id,1235,toast_bread_and_set_plate,0,0,0,0,GOAL_UNMET,GOAL_UNMET
7B,id,1236,set_plate_and_fork_on_table,0,0,0,0,GOAL_UNMET,GOAL_UNMET
7B,id,1241,clear_table_with_two_robots_and_put_in_cabinet,0,0,0,0,OVER_BUDGET,OVER_BUDGET
7B,id,1244,clear_table_with_two_robots_and_put_in_cabinet,1,0,0,0,infeasible_assignment,infeasible_assignment
7B,id,1247,cut_fruit_on_board,0,0,0,0,GOAL_UNMET,GOAL_UNMET
7B,id,1248,cut_fruit_on_board,0,0,0,0,GOAL_UNMET,GOAL_UNMET
7B,id,1252,toast_bread_and_set_plate,0,0,0,0,GOAL_UNMET,GOAL_UNMET
7B,id,1253,clear_table_with_two_robots_and_put_in_cabinet,0,1,1,1,SOLVED,SOLVED
7B,id,1255,toast_bread_and_set_plate,0,0,0,0,GOAL_UNMET,GOAL_UNMET
7B,id,1257,set_plate_and_fork_on_table,0,0,0,0,GOAL_UNMET,GOAL_UNMET
7B,id,1260,clear_table_with_two_robots_and_put_in_cabinet,1,0,0,0,infeasible_assignment,infeasible_assignment
7B,id,1261,clear_table_with_two_robots_and_put_in_cabinet,1,0,0,0,infeasible_assignment,infeasible_assignment
7B,id,1263,ensure_all_fruits_on_table,0,0,0,0,GOAL_UNMET,GOAL_UNMET
7B,id,1264,clear_table_with_two_robots_and_put_in_cabinet,1,0,0,0,infeasible_assignment,infeasible_assignment
7B,id,1265,cut_fruit_on_board,0,0,0,0,GOAL_UNMET,GOAL_UNMET
7B,id,1267,clear_table_with_two_robots_and_put_in_cabinet,1,0,0,0,infeasible_assignment,infeasible_assignment
7B,id,1268,set_plate_and_fork_on_table,0,0,0,0,GOAL_UNMET,GOAL_UNMET
7B,id,1272,clear_table_with_two_robots_and_put_in_cabinet,1,0,0,0,infeasible_assignment,infeasible_assignment
7B,id,1274,cut_fruit_on_board,0,0,0,0,GOAL_UNMET,GOAL_UNMET
7B,id,1276,clear_table_with_two_robots_and_put_in_cabinet,0,0,0,0,NO_USABLE_WORK,NO_USABLE_WORK
7B,id,1277,clear_table_with_two_robots_and_put_in_cabinet,1,0,0,0,infeasible_assignment,infeasible_assignment
7B,id,1280,cut_two_fruits_on_board,0,0,0,0,OVER_BUDGET,OVER_BUDGET
7B,id,1281,clear_table_with_two_robots_and_put_in_cabinet,1,0,0,0,infeasible_assignment,infeasible_assignment
7B,id,1282,parallel_human_dual_asset_to_plate_or_bowl,0,0,0,0,NO_USABLE_WORK,NO_USABLE_WORK
7B,id,1285,ensure_all_fruits_on_table,0,0,0,0,GOAL_UNMET,GOAL_UNMET
7B,id,1286,clear_table_with_two_robots_and_put_in_cabinet,1,0,0,0,OVER_BUDGET,infeasible_assignment
7B,id,1289,toast_bread_and_set_plate,0,0,0,0,GOAL_UNMET,GOAL_UNMET
7B,id,1291,cut_fruit_on_board,0,1,1,1,SOLVED,SOLVED
7B,id,1293,set_plate_and_fork_on_table,0,0,0,0,NO_USABLE_WORK,NO_USABLE_WORK
7B,id,1294,cut_two_fruits_on_board,0,0,0,0,GOAL_UNMET,GOAL_UNMET
7B,id,1295,set_plate_and_fork_on_table,0,0,0,0,GOAL_UNMET,GOAL_UNMET
7B,id,1300,toast_bread_and_set_plate,0,0,0,0,GOAL_UNMET,GOAL_UNMET
7B,id,1303,ensure_all_fruits_on_table,0,0,0,0,GOAL_UNMET,GOAL_UNMET
7B,id,1304,set_plate_and_fork_on_table,0,0,0,0,GOAL_UNMET,GOAL_UNMET
7B,id,1306,dog_push_box_for_two_panda_transport,1,0,0,0,infeasible_assignment,infeasible_assignment
7B,id,1307,clear_table_with_two_robots_and_put_in_cabinet,0,1,1,1,SOLVED,SOLVED
7B,id,1308,clear_table_with_two_robots_and_put_in_cabinet,0,0,0,0,OVER_BUDGET,OVER_BUDGET
7B,id,1311,toast_bread_and_set_plate,0,0,0,0,GOAL_UNMET,GOAL_UNMET
7B,id,1312,cut_fruit_on_board,0,1,1,1,SOLVED,SOLVED
7B,id,1313,set_plate_and_fork_on_table,0,0,0,0,GOAL_UNMET,GOAL_UNMET
7B,id,1314,set_plate_and_fork_on_table,0,0,0,0,GOAL_UNMET,GOAL_UNMET
7B,id,1315,clear_table_with_two_robots_and_put_in_cabinet,1,0,0,0,infeasible_assignment,infeasible_assignment
7B,id,1317,parallel_human_dual_asset_to_plate_or_bowl,0,1,1,1,SOLVED,SOLVED
7B,id,1320,ensure_all_fruits_on_table,0,0,0,0,GOAL_UNMET,GOAL_UNMET
7B,id,1321,cut_fruit_on_board,0,1,1,1,SOLVED,SOLVED
7B,id,1322,cut_fruit_on_board,0,1,1,1,SOLVED,SOLVED
7B,id,1325,cut_two_fruits_on_board,0,0,0,0,OVER_BUDGET,OVER_BUDGET
7B,id,1327,clear_table_with_two_robots_and_put_in_cabinet,1,0,0,0,infeasible_assignment,infeasible_assignment
7B,id,1328,cut_fruit_on_board,0,1,1,1,SOLVED,SOLVED
7B,id,1330,ensure_all_fruits_on_table,0,0,0,0,GOAL_UNMET,GOAL_UNMET
7B,id,1331,cut_fruit_on_board,0,0,0,0,GOAL_UNMET,GOAL_UNMET
7B,id,1333,dog_push_box_for_two_panda_transport,1,0,0,0,infeasible_assignment,infeasible_assignment
7B,id,1338,clear_table_with_two_robots_and_put_in_cabinet,0,1,1,1,SOLVED,SOLVED
7B,id,1342,clear_table_with_two_robots_and_put_in_cabinet,0,0,0,0,OVER_BUDGET,OVER_BUDGET
7B,id,1345,set_plate_and_fork_on_table,0,0,0,0,GOAL_UNMET,GOAL_UNMET
7B,id,1348,dog_push_box_for_two_panda_transport,0,0,0,0,NO_USABLE_WORK,NO_USABLE_WORK
7B,id,1350,cut_two_fruits_on_board,0,0,0,0,GOAL_UNMET,GOAL_UNMET
7B,id,1351,toast_bread_and_set_plate,0,0,0,0,GOAL_UNMET,GOAL_UNMET
7B,id,1352,ensure_all_fruits_on_table,0,0,0,0,GOAL_UNMET,GOAL_UNMET
7B,id,1353,ensure_all_fruits_on_table,0,0,0,0,GOAL_UNMET,GOAL_UNMET
7B,id,1355,clear_table_with_two_robots_and_put_in_cabinet,0,1,1,1,SOLVED,SOLVED
7B,id,1356,ensure_all_fruits_on_table,1,0,0,0,infeasible_assignment,infeasible_assignment
7B,id,1357,cut_two_fruits_on_board,0,0,0,0,OVER_BUDGET,OVER_BUDGET
7B,id,1358,dog_push_box_for_two_panda_transport,0,0,0,0,GOAL_UNMET,GOAL_UNMET
7B,id,1359,set_plate_and_fork_on_table,0,0,0,0,GOAL_UNMET,GOAL_UNMET
7B,id,1361,set_plate_and_fork_on_table,0,0,0,0,GOAL_UNMET,GOAL_UNMET
7B,id,1363,clear_table_with_two_robots_and_put_in_cabinet,1,0,0,0,infeasible_assignment,infeasible_assignment
7B,id,1365,cut_fruit_on_board,0,1,1,1,SOLVED,SOLVED
7B,id,1366,cut_fruit_on_board,0,0,0,0,GOAL_UNMET,GOAL_UNMET
7B,id,1373,clear_table_with_two_robots_and_put_in_cabinet,0,0,0,0,OVER_BUDGET,OVER_BUDGET
7B,id,1374,cut_two_fruits_on_board,0,0,0,0,OVER_BUDGET,OVER_BUDGET
7B,id,1378,clear_table_with_two_robots_and_put_in_cabinet,0,0,0,0,OVER_BUDGET,OVER_BUDGET
7B,id,1379,set_plate_and_fork_on_table,0,0,0,0,GOAL_UNMET,GOAL_UNMET
7B,id,1380,ensure_all_fruits_on_table,0,0,0,0,GOAL_UNMET,GOAL_UNMET
7B,id,1383,cut_fruit_on_board,0,0,0,0,GOAL_UNMET,GOAL_UNMET
7B,id,1384,set_plate_and_fork_on_table,0,0,0,0,GOAL_UNMET,GOAL_UNMET
7B,id,1385,clear_table_with_two_robots_and_put_in_cabinet,0,0,0,0,OVER_BUDGET,OVER_BUDGET
7B,id,1387,cut_fruit_on_board,0,1,1,1,SOLVED,SOLVED
7B,id,1388,toast_bread_and_set_plate,0,0,0,0,GOAL_UNMET,GOAL_UNMET
7B,id,1389,cut_two_fruits_on_board,0,1,1,1,SOLVED,SOLVED
7B,id,1392,cut_fruit_on_board,0,0,0,0,GOAL_UNMET,GOAL_UNMET
7B,id,1393,cut_two_fruits_on_board,0,0,0,0,GOAL_UNMET,GOAL_UNMET
7B,id,1395,dog_push_box_for_two_panda_transport,1,0,0,0,infeasible_assignment,infeasible_assignment
7B,id,1397,cut_two_fruits_on_board,0,0,0,0,GOAL_UNMET,GOAL_UNMET
7B,id,1398,cut_two_fruits_on_board,0,0,0,0,GOAL_UNMET,GOAL_UNMET
7B,id,1399,clear_table_with_two_robots_and_put_in_cabinet,1,0,0,0,infeasible_assignment,infeasible_assignment
7B,id,1400,parallel_human_dual_asset_to_plate_or_bowl,0,1,1,1,SOLVED,SOLVED
7B,id,1401,toast_bread_and_set_plate,0,0,0,0,GOAL_UNMET,GOAL_UNMET
7B,id,1402,set_plate_and_fork_on_table,0,0,0,0,OVER_BUDGET,OVER_BUDGET
7B,id,1403,cut_fruit_on_board,0,0,0,0,GOAL_UNMET,GOAL_UNMET
7B,id,1404,dog_push_box_for_two_panda_transport,1,0,0,0,infeasible_assignment,infeasible_assignment
7B,id,1405,cut_two_fruits_on_board,0,0,0,0,OVER_BUDGET,OVER_BUDGET
7B,id,1406,cut_fruit_on_board,0,1,1,1,SOLVED,SOLVED
7B,id,1410,cut_fruit_on_board,0,0,0,0,GOAL_UNMET,GOAL_UNMET
7B,id,1411,cut_fruit_on_board,0,0,0,0,GOAL_UNMET,GOAL_UNMET
7B,id,1413,clear_table_with_two_robots_and_put_in_cabinet,0,0,0,0,NO_USABLE_WORK,NO_USABLE_WORK
7B,id,1415,clear_table_with_two_robots_and_put_in_cabinet,0,0,0,0,OVER_BUDGET,OVER_BUDGET
7B,id,1416,toast_bread_and_set_plate,0,0,0,0,GOAL_UNMET,GOAL_UNMET
7B,id,1419,dog_push_box_for_two_panda_transport,1,0,0,0,infeasible_assignment,infeasible_assignment
7B,id,1420,cut_fruit_on_board,0,0,0,0,GOAL_UNMET,GOAL_UNMET
7B,id,1424,dog_push_box_for_two_panda_transport,1,0,0,0,infeasible_assignment,infeasible_assignment
7B,id,1425,dog_push_box_for_two_panda_transport,0,0,0,0,GOAL_UNMET,GOAL_UNMET
7B,id,1429,ensure_all_fruits_on_table,0,0,0,0,GOAL_UNMET,GOAL_UNMET
7B,id,1431,clear_table_with_two_robots_and_put_in_cabinet,1,0,0,0,infeasible_assignment,infeasible_assignment
7B,id,1432,cut_two_fruits_on_board,0,0,0,0,OVER_BUDGET,OVER_BUDGET
7B,id,1434,clear_table_with_two_robots_and_put_in_cabinet,1,0,0,0,infeasible_assignment,infeasible_assignment
7B,id,1439,parallel_human_dual_asset_to_plate_or_bowl,0,0,0,0,NO_USABLE_WORK,NO_USABLE_WORK
7B,id,1440,clear_table_with_two_robots_and_put_in_cabinet,0,0,0,0,OVER_BUDGET,OVER_BUDGET
7B,id,1442,cut_fruit_on_board,0,0,0,0,GOAL_UNMET,GOAL_UNMET
7B,id,1443,cut_fruit_on_board,0,1,1,1,SOLVED,SOLVED
7B,id,1444,clear_table_with_two_robots_and_put_in_cabinet,1,0,0,0,infeasible_assignment,infeasible_assignment
7B,id,1447,clear_table_with_two_robots_and_put_in_cabinet,1,0,0,0,infeasible_assignment,infeasible_assignment
7B,id,1450,cut_two_fruits_on_board,0,0,0,0,GOAL_UNMET,GOAL_UNMET
7B,id,1451,clear_table_with_two_robots_and_put_in_cabinet,1,0,0,0,infeasible_assignment,infeasible_assignment
7B,id,1455,cut_fruit_on_board,0,1,1,1,SOLVED,SOLVED
7B,id,1456,clear_table_with_two_robots_and_put_in_cabinet,1,0,0,0,infeasible_assignment,infeasible_assignment
7B,id,1459,toast_bread_and_set_plate,0,0,0,0,GOAL_UNMET,GOAL_UNMET
7B,id,1460,ensure_all_fruits_on_table,0,1,1,1,SOLVED,SOLVED
7B,id,1465,cut_fruit_on_board,0,1,1,1,SOLVED,SOLVED
7B,id,1467,dog_push_box_for_two_panda_transport,1,0,0,0,infeasible_assignment,infeasible_assignment
7B,id,1468,clear_table_with_two_robots_and_put_in_cabinet,0,0,0,0,OVER_BUDGET,OVER_BUDGET
7B,id,1470,cut_fruit_on_board,0,0,0,0,GOAL_UNMET,GOAL_UNMET
7B,id,1473,cut_fruit_on_board,0,0,0,0,GOAL_UNMET,GOAL_UNMET
7B,id,1475,cut_fruit_on_board,0,1,1,1,SOLVED,SOLVED
7B,id,1477,cut_fruit_on_board,0,0,0,0,GOAL_UNMET,GOAL_UNMET
7B,id,1483,toast_bread_and_set_plate,0,0,0,0,GOAL_UNMET,GOAL_UNMET
7B,id,1484,cut_two_fruits_on_board,0,0,0,0,GOAL_UNMET,GOAL_UNMET
7B,id,1485,parallel_human_dual_asset_to_plate_or_bowl,0,0,0,0,NO_USABLE_WORK,NO_USABLE_WORK
7B,id,1487,clear_table_with_two_robots_and_put_in_cabinet,1,0,0,0,infeasible_assignment,infeasible_assignment
7B,id,1490,cut_fruit_on_board,0,0,0,0,GOAL_UNMET,GOAL_UNMET
7B,id,1492,clear_table_with_two_robots_and_put_in_cabinet,1,0,0,0,infeasible_assignment,infeasible_assignment
7B,id,1493,clear_table_with_two_robots_and_put_in_cabinet,0,0,0,0,OVER_BUDGET,OVER_BUDGET
7B,id,1496,cut_fruit_on_board,0,0,0,0,GOAL_UNMET,GOAL_UNMET
7B,id,1497,toast_bread_and_set_plate,0,0,0,0,GOAL_UNMET,GOAL_UNMET
7B,id,1503,toast_bread_and_set_plate,0,0,0,0,GOAL_UNMET,GOAL_UNMET
7B,id,1505,cut_fruit_on_board,0,0,0,0,GOAL_UNMET,GOAL_UNMET
7B,id,1506,ensure_all_fruits_on_table,0,0,0,0,GOAL_UNMET,GOAL_UNMET
7B,id,1507,cut_fruit_on_board,0,1,1,1,SOLVED,SOLVED
7B,id,1509,set_plate_and_fork_on_table,0,0,0,0,GOAL_UNMET,GOAL_UNMET
7B,id,1510,clear_table_with_two_robots_and_put_in_cabinet,1,0,0,0,infeasible_assignment,infeasible_assignment
7B,id,1511,clear_table_with_two_robots_and_put_in_cabinet,0,1,1,1,SOLVED,SOLVED
7B,id,1512,toast_bread_and_set_plate,0,0,0,0,GOAL_UNMET,GOAL_UNMET
7B,id,1515,cut_two_fruits_on_board,0,0,0,0,GOAL_UNMET,GOAL_UNMET
7B,id,1516,clear_table_with_two_robots_and_put_in_cabinet,0,0,0,0,NO_USABLE_WORK,NO_USABLE_WORK
7B,id,1520,cut_two_fruits_on_board,0,0,0,0,GOAL_UNMET,GOAL_UNMET
7B,id,1521,parallel_human_dual_asset_to_plate_or_bowl,0,1,1,1,SOLVED,SOLVED
7B,id,1522,cut_two_fruits_on_board,0,0,0,0,GOAL_UNMET,GOAL_UNMET
7B,id,1523,cut_two_fruits_on_board,0,0,0,0,GOAL_UNMET,GOAL_UNMET
7B,id,1525,set_plate_and_fork_on_table,0,0,0,0,GOAL_UNMET,GOAL_UNMET
7B,id,1527,dog_push_box_for_two_panda_transport,1,0,0,0,infeasible_assignment,infeasible_assignment
7B,id,1528,dog_push_box_for_two_panda_transport,1,0,0,0,infeasible_assignment,infeasible_assignment
7B,id,1530,clear_table_with_two_robots_and_put_in_cabinet,0,0,0,0,NO_USABLE_WORK,NO_USABLE_WORK
7B,id,1532,dog_push_box_for_two_panda_transport,1,0,0,0,infeasible_assignment,infeasible_assignment
7B,id,1533,clear_table_with_two_robots_and_put_in_cabinet,0,0,0,0,OVER_BUDGET,OVER_BUDGET
7B,id,1534,set_plate_and_fork_on_table,0,0,0,0,GOAL_UNMET,GOAL_UNMET
7B,id,1537,clear_table_with_two_robots_and_put_in_cabinet,1,0,0,0,infeasible_assignment,infeasible_assignment
7B,id,1538,parallel_human_dual_asset_to_plate_or_bowl,0,1,1,1,SOLVED,SOLVED
7B,id,1539,parallel_human_dual_asset_to_plate_or_bowl,0,0,0,0,OVER_BUDGET,OVER_BUDGET
7B,id,1546,cut_two_fruits_on_board,0,0,0,0,GOAL_UNMET,GOAL_UNMET
7B,id,1547,parallel_human_dual_asset_to_plate_or_bowl,0,1,1,1,SOLVED,SOLVED
7B,id,1548,parallel_human_dual_asset_to_plate_or_bowl,0,0,0,0,NO_USABLE_WORK,NO_USABLE_WORK
7B,id,1549,toast_bread_and_set_plate,0,0,0,0,GOAL_UNMET,GOAL_UNMET
7B,id,1554,clear_table_with_two_robots_and_put_in_cabinet,0,0,0,0,OVER_BUDGET,OVER_BUDGET
7B,id,1555,parallel_human_dual_asset_to_plate_or_bowl,0,0,0,0,NO_USABLE_WORK,NO_USABLE_WORK
7B,id,1556,ensure_all_fruits_on_table,0,0,0,0,GOAL_UNMET,GOAL_UNMET
7B,id,1559,cut_fruit_on_board,0,1,1,1,SOLVED,SOLVED
7B,id,1560,parallel_human_dual_asset_to_plate_or_bowl,0,1,1,1,SOLVED,SOLVED
7B,id,1565,ensure_all_fruits_on_table,0,0,0,0,GOAL_UNMET,GOAL_UNMET
7B,id,1569,dog_push_box_for_two_panda_transport,1,0,0,0,infeasible_assignment,infeasible_assignment
7B,id,1570,clear_table_with_two_robots_and_put_in_cabinet,0,0,0,0,OVER_BUDGET,OVER_BUDGET
7B,id,1571,cut_fruit_on_board,0,1,1,1,SOLVED,SOLVED
7B,id,1574,cut_fruit_on_board,0,1,1,1,SOLVED,SOLVED
7B,id,1576,toast_bread_and_set_plate,0,0,0,0,GOAL_UNMET,GOAL_UNMET
7B,id,1578,clear_table_with_two_robots_and_put_in_cabinet,1,0,0,0,infeasible_assignment,infeasible_assignment
7B,id,1579,cut_two_fruits_on_board,0,1,1,1,SOLVED,SOLVED
7B,id,1583,cut_fruit_on_board,0,0,0,0,GOAL_UNMET,GOAL_UNMET
7B,id,1584,set_plate_and_fork_on_table,0,0,0,0,GOAL_UNMET,GOAL_UNMET
7B,id,1585,cut_fruit_on_board,0,0,0,0,GOAL_UNMET,GOAL_UNMET
7B,id,1586,clear_table_with_two_robots_and_put_in_cabinet,0,0,0,0,OVER_BUDGET,OVER_BUDGET
7B,id,1589,toast_bread_and_set_plate,0,0,0,0,GOAL_UNMET,GOAL_UNMET
7B,id,1590,cut_fruit_on_board,0,0,0,0,GOAL_UNMET,GOAL_UNMET
7B,id,1591,cut_fruit_on_board,0,1,1,1,SOLVED,SOLVED
7B,id,1593,dog_push_box_for_two_panda_transport,1,0,0,0,infeasible_assignment,infeasible_assignment
7B,id,1594,clear_table_with_two_robots_and_put_in_cabinet,0,1,1,1,SOLVED,SOLVED
7B,id,1598,cut_fruit_on_board,0,1,1,1,SOLVED,SOLVED
7B,id,1600,toast_bread_and_set_plate,0,0,0,0,GOAL_UNMET,GOAL_UNMET
7B,id,1604,toast_bread_and_set_plate,0,0,0,0,GOAL_UNMET,GOAL_UNMET
7B,id,1605,ensure_all_fruits_on_table,0,1,1,1,SOLVED,SOLVED
7B,id,1609,dog_push_box_for_two_panda_transport,0,0,0,0,GOAL_UNMET,GOAL_UNMET
7B,id,1610,cut_fruit_on_board,0,0,0,0,GOAL_UNMET,GOAL_UNMET
7B,id,1611,toast_bread_and_set_plate,0,0,0,0,GOAL_UNMET,GOAL_UNMET
7B,id,1612,clear_table_with_two_robots_and_put_in_cabinet,1,0,0,0,infeasible_assignment,infeasible_assignment
7B,id,1613,cut_fruit_on_board,0,0,0,0,GOAL_UNMET,GOAL_UNMET
7B,id,1614,clear_table_with_two_robots_and_put_in_cabinet,0,0,0,0,OVER_BUDGET,OVER_BUDGET
7B,id,1617,cut_two_fruits_on_board,0,0,0,0,GOAL_UNMET,GOAL_UNMET
7B,id,1618,cut_fruit_on_board,0,0,0,0,GOAL_UNMET,GOAL_UNMET
7B,id,1627,ensure_all_fruits_on_table,0,0,0,0,GOAL_UNMET,GOAL_UNMET
7B,id,1628,cut_two_fruits_on_board,0,0,0,0,GOAL_UNMET,GOAL_UNMET
7B,id,1629,cut_two_fruits_on_board,0,0,0,0,OVER_BUDGET,OVER_BUDGET
7B,id,1630,cut_fruit_on_board,0,0,0,0,GOAL_UNMET,GOAL_UNMET
7B,id,1631,ensure_all_fruits_on_table,0,0,0,0,GOAL_UNMET,GOAL_UNMET
7B,id,1633,clear_table_with_two_robots_and_put_in_cabinet,1,0,0,0,infeasible_assignment,infeasible_assignment
7B,id,1634,dog_push_box_for_two_panda_transport,1,0,0,0,infeasible_assignment,infeasible_assignment
7B,id,1635,cut_two_fruits_on_board,0,0,0,0,OVER_BUDGET,OVER_BUDGET
7B,id,1637,dog_push_box_for_two_panda_transport,0,0,0,0,NO_USABLE_WORK,NO_USABLE_WORK
7B,id,1638,clear_table_with_two_robots_and_put_in_cabinet,1,0,0,0,infeasible_assignment,infeasible_assignment
7B,id,1639,clear_table_with_two_robots_and_put_in_cabinet,0,1,1,1,SOLVED,SOLVED
7B,id,1641,parallel_human_dual_asset_to_plate_or_bowl,0,0,0,0,NO_USABLE_WORK,NO_USABLE_WORK
7B,id,1642,ensure_all_fruits_on_table,0,0,0,0,GOAL_UNMET,GOAL_UNMET
7B,id,1643,cut_two_fruits_on_board,0,0,0,0,GOAL_UNMET,GOAL_UNMET
7B,id,1644,cut_fruit_on_board,0,1,1,1,SOLVED,SOLVED
7B,id,1646,set_plate_and_fork_on_table,0,0,0,0,GOAL_UNMET,GOAL_UNMET
7B,id,1647,cut_two_fruits_on_board,0,0,0,0,GOAL_UNMET,GOAL_UNMET
7B,id,1648,ensure_all_fruits_on_table,0,0,0,0,GOAL_UNMET,GOAL_UNMET
7B,id,1650,cut_fruit_on_board,0,0,0,0,GOAL_UNMET,GOAL_UNMET
7B,id,1651,dog_push_box_for_two_panda_transport,1,0,0,0,infeasible_assignment,infeasible_assignment
7B,id,1654,cut_fruit_on_board,0,0,0,0,GOAL_UNMET,GOAL_UNMET
7B,id,1655,clear_table_with_two_robots_and_put_in_cabinet,0,0,0,0,OVER_BUDGET,OVER_BUDGET
7B,id,1656,toast_bread_and_set_plate,0,0,0,0,GOAL_UNMET,GOAL_UNMET
7B,id,1664,clear_table_with_two_robots_and_put_in_cabinet,1,0,0,0,infeasible_assignment,infeasible_assignment
7B,id,1665,cut_two_fruits_on_board,0,0,0,0,GOAL_UNMET,GOAL_UNMET
7B,id,1666,ensure_all_fruits_on_table,0,0,0,0,GOAL_UNMET,GOAL_UNMET
7B,id,1668,ensure_all_fruits_on_table,0,0,0,0,GOAL_UNMET,GOAL_UNMET
7B,id,1670,set_plate_and_fork_on_table,0,0,0,0,GOAL_UNMET,GOAL_UNMET
7B,id,1671,cut_two_fruits_on_board,0,0,0,0,GOAL_UNMET,GOAL_UNMET
7B,id,1672,parallel_human_dual_asset_to_plate_or_bowl,0,0,0,0,OVER_BUDGET,OVER_BUDGET
7B,id,1674,clear_table_with_two_robots_and_put_in_cabinet,1,0,0,0,infeasible_assignment,infeasible_assignment
7B,id,1675,ensure_all_fruits_on_table,0,0,0,0,GOAL_UNMET,GOAL_UNMET
7B,id,1677,clear_table_with_two_robots_and_put_in_cabinet,0,0,0,0,OVER_BUDGET,OVER_BUDGET
7B,id,1678,cut_fruit_on_board,0,0,0,0,GOAL_UNMET,GOAL_UNMET
7B,id,1679,parallel_human_dual_asset_to_plate_or_bowl,0,1,1,1,SOLVED,SOLVED
7B,id,1680,cut_two_fruits_on_board,0,0,0,0,GOAL_UNMET,GOAL_UNMET
7B,id,1682,ensure_all_fruits_on_table,0,0,0,0,GOAL_UNMET,GOAL_UNMET
7B,id,1684,parallel_human_dual_asset_to_plate_or_bowl,0,0,0,0,NO_USABLE_WORK,NO_USABLE_WORK
7B,id,1685,set_plate_and_fork_on_table,0,0,0,0,GOAL_UNMET,GOAL_UNMET
7B,id,1686,clear_table_with_two_robots_and_put_in_cabinet,0,1,1,1,SOLVED,SOLVED
7B,id,1689,parallel_human_dual_asset_to_plate_or_bowl,0,1,1,1,SOLVED,SOLVED
7B,id,1690,cut_two_fruits_on_board,0,0,0,0,GOAL_UNMET,GOAL_UNMET
7B,id,1693,clear_table_with_two_robots_and_put_in_cabinet,0,0,0,0,OVER_BUDGET,OVER_BUDGET
7B,id,1694,clear_table_with_two_robots_and_put_in_cabinet,1,0,0,0,infeasible_assignment,infeasible_assignment
7B,id,1696,toast_bread_and_set_plate,0,0,0,0,GOAL_UNMET,GOAL_UNMET
7B,id,1697,clear_table_with_two_robots_and_put_in_cabinet,0,0,0,0,OVER_BUDGET,OVER_BUDGET
7B,id,1703,toast_bread_and_set_plate,0,0,0,0,GOAL_UNMET,GOAL_UNMET
7B,id,1704,parallel_human_dual_asset_to_plate_or_bowl,0,0,0,0,NO_USABLE_WORK,NO_USABLE_WORK
7B,id,1706,clear_table_with_two_robots_and_put_in_cabinet,0,0,0,0,OVER_BUDGET,OVER_BUDGET
7B,id,1707,clear_table_with_two_robots_and_put_in_cabinet,0,0,0,0,OVER_BUDGET,OVER_BUDGET
7B,id,1709,toast_bread_and_set_plate,0,0,0,0,GOAL_UNMET,GOAL_UNMET
7B,id,1714,ensure_all_fruits_on_table,0,0,0,0,GOAL_UNMET,GOAL_UNMET
7B,id,1715,cut_two_fruits_on_board,0,0,0,0,GOAL_UNMET,GOAL_UNMET
7B,id,1716,cut_fruit_on_board,0,0,0,0,GOAL_UNMET,GOAL_UNMET
7B,id,1719,toast_bread_and_set_plate,0,0,0,0,GOAL_UNMET,GOAL_UNMET
7B,id,1720,cut_fruit_on_board,0,0,0,0,GOAL_UNMET,GOAL_UNMET
7B,id,1724,cut_two_fruits_on_board,0,0,0,0,GOAL_UNMET,GOAL_UNMET
7B,id,1725,clear_table_with_two_robots_and_put_in_cabinet,1,0,0,0,infeasible_assignment,infeasible_assignment
7B,id,1726,clear_table_with_two_robots_and_put_in_cabinet,0,1,1,1,SOLVED,SOLVED
7B,id,1728,cut_fruit_on_board,0,0,0,0,GOAL_UNMET,GOAL_UNMET
7B,id,1729,ensure_all_fruits_on_table,0,0,0,0,GOAL_UNMET,GOAL_UNMET
7B,id,1730,cut_fruit_on_board,0,0,0,0,GOAL_UNMET,GOAL_UNMET
7B,id,1731,cut_two_fruits_on_board,0,0,0,0,GOAL_UNMET,GOAL_UNMET
7B,id,1732,cut_fruit_on_board,0,1,1,1,SOLVED,SOLVED
7B,id,1734,cut_fruit_on_board,0,1,1,1,SOLVED,SOLVED
7B,id,1735,ensure_all_fruits_on_table,0,0,0,0,GOAL_UNMET,GOAL_UNMET
7B,id,1736,clear_table_with_two_robots_and_put_in_cabinet,0,0,0,0,OVER_BUDGET,OVER_BUDGET
7B,id,1738,toast_bread_and_set_plate,0,0,0,0,GOAL_UNMET,GOAL_UNMET
7B,id,1740,dog_push_box_for_two_panda_transport,1,0,0,0,infeasible_assignment,infeasible_assignment
7B,id,1741,cut_fruit_on_board,0,0,0,0,GOAL_UNMET,GOAL_UNMET
7B,id,1743,cut_fruit_on_board,0,0,0,0,GOAL_UNMET,GOAL_UNMET
7B,id,1744,clear_table_with_two_robots_and_put_in_cabinet,0,0,0,0,OVER_BUDGET,OVER_BUDGET
7B,id,1745,cut_fruit_on_board,0,1,1,1,SOLVED,SOLVED
7B,id,1750,cut_fruit_on_board,0,1,1,1,SOLVED,SOLVED
7B,id,1751,clear_table_with_two_robots_and_put_in_cabinet,1,0,0,0,OVER_BUDGET,infeasible_assignment
7B,id,1753,clear_table_with_two_robots_and_put_in_cabinet,0,0,0,0,OVER_BUDGET,OVER_BUDGET
7B,id,1755,cut_fruit_on_board,0,0,0,0,GOAL_UNMET,GOAL_UNMET
7B,id,1759,cut_fruit_on_board,0,0,0,0,GOAL_UNMET,GOAL_UNMET
7B,id,1762,clear_table_with_two_robots_and_put_in_cabinet,0,0,0,0,NO_USABLE_WORK,NO_USABLE_WORK
7B,id,1763,parallel_human_dual_asset_to_plate_or_bowl,0,1,1,1,SOLVED,SOLVED
7B,id,1764,clear_table_with_two_robots_and_put_in_cabinet,1,0,0,0,infeasible_assignment,infeasible_assignment
7B,id,1766,cut_fruit_on_board,0,0,0,0,GOAL_UNMET,GOAL_UNMET
7B,id,1767,set_plate_and_fork_on_table,0,0,0,0,GOAL_UNMET,GOAL_UNMET
7B,id,1769,cut_fruit_on_board,0,0,0,0,GOAL_UNMET,GOAL_UNMET
7B,id,1770,clear_table_with_two_robots_and_put_in_cabinet,1,0,0,0,infeasible_assignment,infeasible_assignment
7B,id,1771,clear_table_with_two_robots_and_put_in_cabinet,0,0,0,0,OVER_BUDGET,OVER_BUDGET
7B,id,1772,cut_two_fruits_on_board,0,0,0,0,GOAL_UNMET,GOAL_UNMET
7B,id,1778,parallel_human_dual_asset_to_plate_or_bowl,0,0,0,0,OVER_BUDGET,OVER_BUDGET
7B,id,1780,dog_push_box_for_two_panda_transport,0,0,0,0,NO_USABLE_WORK,NO_USABLE_WORK
7B,id,1781,clear_table_with_two_robots_and_put_in_cabinet,0,0,0,0,OVER_BUDGET,OVER_BUDGET
7B,id,1782,toast_bread_and_set_plate,0,0,0,0,GOAL_UNMET,GOAL_UNMET
7B,id,1784,toast_bread_and_set_plate,0,0,0,0,GOAL_UNMET,GOAL_UNMET
7B,id,1785,clear_table_with_two_robots_and_put_in_cabinet,0,1,1,1,SOLVED,SOLVED
7B,id,1786,set_plate_and_fork_on_table,0,0,0,0,GOAL_UNMET,GOAL_UNMET
7B,id,1787,set_plate_and_fork_on_table,0,0,0,0,GOAL_UNMET,GOAL_UNMET
7B,id,1792,cut_fruit_on_board,0,1,1,1,SOLVED,SOLVED
7B,id,1795,clear_table_with_two_robots_and_put_in_cabinet,1,0,0,0,infeasible_assignment,infeasible_assignment
7B,id,1796,cut_two_fruits_on_board,0,0,0,0,OVER_BUDGET,OVER_BUDGET
7B,id,1797,set_plate_and_fork_on_table,0,0,0,0,GOAL_UNMET,GOAL_UNMET
7B,id,1798,clear_table_with_two_robots_and_put_in_cabinet,1,0,0,0,infeasible_assignment,infeasible_assignment
7B,id,1799,cut_fruit_on_board,0,0,0,0,GOAL_UNMET,GOAL_UNMET
7B,heldout,2,dog_push_box_for_two_panda_transport,1,0,0,0,infeasible_assignment,infeasible_assignment
7B,heldout,3,ensure_all_fruits_on_table,0,0,0,0,GOAL_UNMET,GOAL_UNMET
7B,heldout,5,toast_bread_and_set_plate,0,0,0,0,GOAL_UNMET,GOAL_UNMET
7B,heldout,10,cut_fruit_on_board,0,1,1,1,SOLVED,SOLVED
7B,heldout,13,set_plate_and_fork_on_table,0,0,0,0,GOAL_UNMET,GOAL_UNMET
7B,heldout,14,toast_bread_and_set_plate,0,0,0,0,GOAL_UNMET,GOAL_UNMET
7B,heldout,15,clear_table_with_two_robots_and_put_in_cabinet,0,0,0,0,GOAL_UNMET,GOAL_UNMET
7B,heldout,19,cut_fruit_on_board,0,0,0,0,GOAL_UNMET,GOAL_UNMET
7B,heldout,20,ensure_all_fruits_on_table,0,0,0,0,GOAL_UNMET,GOAL_UNMET
7B,heldout,21,toast_bread_and_set_plate,0,0,0,0,GOAL_UNMET,GOAL_UNMET
7B,heldout,24,cut_fruit_on_board,0,0,0,0,GOAL_UNMET,GOAL_UNMET
7B,heldout,26,cut_two_fruits_on_board,0,0,0,0,GOAL_UNMET,GOAL_UNMET
7B,heldout,27,cut_two_fruits_on_board,0,0,0,0,GOAL_UNMET,GOAL_UNMET
7B,heldout,28,cut_fruit_on_board,0,0,0,0,GOAL_UNMET,GOAL_UNMET
7B,heldout,34,toast_bread_and_set_plate,0,0,0,0,GOAL_UNMET,GOAL_UNMET
7B,heldout,37,clear_table_with_two_robots_and_put_in_cabinet,1,0,0,0,infeasible_assignment,infeasible_assignment
7B,heldout,39,cut_two_fruits_on_board,0,0,0,0,GOAL_UNMET,GOAL_UNMET
7B,heldout,40,cut_two_fruits_on_board,0,0,0,0,GOAL_UNMET,GOAL_UNMET
7B,heldout,42,dog_push_box_for_two_panda_transport,1,0,0,0,infeasible_assignment,infeasible_assignment
7B,heldout,43,dog_push_box_for_two_panda_transport,1,0,0,0,infeasible_assignment,infeasible_assignment
7B,heldout,47,cut_two_fruits_on_board,0,0,0,0,OVER_BUDGET,OVER_BUDGET
7B,heldout,48,cut_fruit_on_board,0,1,1,1,SOLVED,SOLVED
7B,heldout,50,clear_table_with_two_robots_and_put_in_cabinet,1,0,0,0,infeasible_assignment,infeasible_assignment
7B,heldout,52,clear_table_with_two_robots_and_put_in_cabinet,1,0,0,0,infeasible_assignment,infeasible_assignment
7B,heldout,53,set_plate_and_fork_on_table,0,0,0,0,NO_USABLE_WORK,NO_USABLE_WORK
7B,heldout,54,toast_bread_and_set_plate,0,0,0,0,GOAL_UNMET,GOAL_UNMET
7B,heldout,55,clear_table_with_two_robots_and_put_in_cabinet,1,0,0,0,infeasible_assignment,infeasible_assignment
7B,heldout,56,set_plate_and_fork_on_table,0,0,0,0,GOAL_UNMET,GOAL_UNMET
7B,heldout,61,clear_table_with_two_robots_and_put_in_cabinet,1,0,0,0,infeasible_assignment,infeasible_assignment
7B,heldout,63,clear_table_with_two_robots_and_put_in_cabinet,1,0,0,0,infeasible_assignment,infeasible_assignment
7B,heldout,67,toast_bread_and_set_plate,0,0,0,0,GOAL_UNMET,GOAL_UNMET
7B,heldout,68,cut_fruit_on_board,0,1,1,1,SOLVED,SOLVED
7B,heldout,71,clear_table_with_two_robots_and_put_in_cabinet,1,0,0,0,infeasible_assignment,infeasible_assignment
7B,heldout,75,cut_two_fruits_on_board,0,0,0,0,GOAL_UNMET,GOAL_UNMET
7B,heldout,78,cut_two_fruits_on_board,0,0,0,0,OVER_BUDGET,OVER_BUDGET
7B,heldout,81,clear_table_with_two_robots_and_put_in_cabinet,1,0,0,0,infeasible_assignment,infeasible_assignment
7B,heldout,87,parallel_human_dual_asset_to_plate_or_bowl,0,0,0,0,OVER_BUDGET,OVER_BUDGET
7B,heldout,94,set_plate_and_fork_on_table,0,0,0,0,NO_USABLE_WORK,NO_USABLE_WORK
7B,heldout,95,cut_two_fruits_on_board,0,0,0,0,GOAL_UNMET,GOAL_UNMET
7B,heldout,96,set_plate_and_fork_on_table,0,0,0,0,GOAL_UNMET,GOAL_UNMET
7B,heldout,97,clear_table_with_two_robots_and_put_in_cabinet,1,0,0,0,infeasible_assignment,infeasible_assignment
7B,heldout,98,cut_fruit_on_board,0,0,0,0,GOAL_UNMET,GOAL_UNMET
7B,heldout,99,clear_table_with_two_robots_and_put_in_cabinet,1,0,0,0,infeasible_assignment,infeasible_assignment
7B,heldout,100,set_plate_and_fork_on_table,0,0,0,0,GOAL_UNMET,GOAL_UNMET
7B,heldout,102,cut_fruit_on_board,0,0,0,0,GOAL_UNMET,GOAL_UNMET
7B,heldout,103,cut_two_fruits_on_board,0,0,0,0,OVER_BUDGET,OVER_BUDGET
7B,heldout,105,cut_fruit_on_board,0,0,0,0,GOAL_UNMET,GOAL_UNMET
7B,heldout,107,toast_bread_and_set_plate,0,0,0,0,GOAL_UNMET,GOAL_UNMET
7B,heldout,109,cut_fruit_on_board,0,0,0,0,GOAL_UNMET,GOAL_UNMET
7B,heldout,110,set_plate_and_fork_on_table,0,0,0,0,GOAL_UNMET,GOAL_UNMET
7B,heldout,111,clear_table_with_two_robots_and_put_in_cabinet,1,0,0,0,infeasible_assignment,infeasible_assignment
7B,heldout,115,set_plate_and_fork_on_table,0,0,0,0,GOAL_UNMET,GOAL_UNMET
7B,heldout,117,clear_table_with_two_robots_and_put_in_cabinet,1,0,0,0,infeasible_assignment,infeasible_assignment
7B,heldout,118,ensure_all_fruits_on_table,0,0,0,0,GOAL_UNMET,GOAL_UNMET
7B,heldout,119,cut_fruit_on_board,0,0,0,0,GOAL_UNMET,GOAL_UNMET
7B,heldout,120,toast_bread_and_set_plate,0,0,0,0,GOAL_UNMET,GOAL_UNMET
7B,heldout,121,ensure_all_fruits_on_table,0,0,0,0,GOAL_UNMET,GOAL_UNMET
7B,heldout,122,dog_push_box_for_two_panda_transport,1,0,0,0,infeasible_assignment,infeasible_assignment
7B,heldout,125,clear_table_with_two_robots_and_put_in_cabinet,1,0,0,0,infeasible_assignment,infeasible_assignment
7B,heldout,127,ensure_all_fruits_on_table,0,0,0,0,GOAL_UNMET,GOAL_UNMET
7B,heldout,128,cut_fruit_on_board,0,1,1,1,SOLVED,SOLVED
7B,heldout,129,toast_bread_and_set_plate,0,0,0,0,GOAL_UNMET,GOAL_UNMET
7B,heldout,131,set_plate_and_fork_on_table,0,0,0,0,GOAL_UNMET,GOAL_UNMET
7B,heldout,132,parallel_human_dual_asset_to_plate_or_bowl,0,1,1,1,SOLVED,SOLVED
7B,heldout,134,toast_bread_and_set_plate,0,0,0,0,GOAL_UNMET,GOAL_UNMET
7B,heldout,137,cut_fruit_on_board,0,1,1,1,SOLVED,SOLVED
7B,heldout,138,clear_table_with_two_robots_and_put_in_cabinet,1,0,0,0,infeasible_assignment,infeasible_assignment
7B,heldout,140,clear_table_with_two_robots_and_put_in_cabinet,1,0,0,0,infeasible_assignment,infeasible_assignment
7B,heldout,141,toast_bread_and_set_plate,0,0,0,0,GOAL_UNMET,GOAL_UNMET
7B,heldout,142,cut_two_fruits_on_board,0,0,0,0,GOAL_UNMET,GOAL_UNMET
7B,heldout,144,parallel_human_dual_asset_to_plate_or_bowl,0,1,1,1,SOLVED,SOLVED
7B,heldout,145,set_plate_and_fork_on_table,0,0,0,0,GOAL_UNMET,GOAL_UNMET
7B,heldout,146,ensure_all_fruits_on_table,0,1,1,1,SOLVED,SOLVED
7B,heldout,147,toast_bread_and_set_plate,0,0,0,0,GOAL_UNMET,GOAL_UNMET
7B,heldout,148,clear_table_with_two_robots_and_put_in_cabinet,1,0,0,0,infeasible_assignment,infeasible_assignment
7B,heldout,149,cut_two_fruits_on_board,0,0,0,0,OVER_BUDGET,OVER_BUDGET
7B,heldout,151,ensure_all_fruits_on_table,0,0,0,0,GOAL_UNMET,GOAL_UNMET
7B,heldout,152,ensure_all_fruits_on_table,0,0,0,0,GOAL_UNMET,GOAL_UNMET
7B,heldout,155,cut_fruit_on_board,0,0,0,0,GOAL_UNMET,GOAL_UNMET
7B,heldout,156,cut_two_fruits_on_board,0,0,0,0,GOAL_UNMET,GOAL_UNMET
7B,heldout,163,cut_two_fruits_on_board,0,0,0,0,GOAL_UNMET,GOAL_UNMET
7B,heldout,164,parallel_human_dual_asset_to_plate_or_bowl,0,1,1,1,SOLVED,SOLVED
7B,heldout,165,clear_table_with_two_robots_and_put_in_cabinet,0,0,0,0,GOAL_UNMET,GOAL_UNMET
7B,heldout,166,clear_table_with_two_robots_and_put_in_cabinet,1,0,0,0,infeasible_assignment,infeasible_assignment
7B,heldout,167,toast_bread_and_set_plate,0,0,0,0,GOAL_UNMET,GOAL_UNMET
7B,heldout,168,cut_fruit_on_board,0,0,0,0,GOAL_UNMET,GOAL_UNMET
7B,heldout,171,cut_fruit_on_board,0,0,0,0,GOAL_UNMET,GOAL_UNMET
7B,heldout,172,cut_two_fruits_on_board,0,0,0,0,GOAL_UNMET,GOAL_UNMET
7B,heldout,173,toast_bread_and_set_plate,0,0,0,0,GOAL_UNMET,GOAL_UNMET
7B,heldout,174,cut_fruit_on_board,0,0,0,0,GOAL_UNMET,GOAL_UNMET
7B,heldout,175,set_plate_and_fork_on_table,0,0,0,0,GOAL_UNMET,GOAL_UNMET
7B,heldout,176,cut_two_fruits_on_board,0,0,0,0,OVER_BUDGET,OVER_BUDGET
7B,heldout,177,toast_bread_and_set_plate,0,0,0,0,GOAL_UNMET,GOAL_UNMET
7B,heldout,178,clear_table_with_two_robots_and_put_in_cabinet,1,0,0,0,infeasible_assignment,infeasible_assignment
7B,heldout,179,toast_bread_and_set_plate,0,0,0,0,GOAL_UNMET,GOAL_UNMET
7B,heldout,180,parallel_human_dual_asset_to_plate_or_bowl,0,0,0,0,OVER_BUDGET,OVER_BUDGET
7B,heldout,181,clear_table_with_two_robots_and_put_in_cabinet,1,0,0,0,infeasible_assignment,infeasible_assignment
7B,heldout,182,clear_table_with_two_robots_and_put_in_cabinet,1,0,0,0,infeasible_assignment,infeasible_assignment
7B,heldout,184,clear_table_with_two_robots_and_put_in_cabinet,1,0,0,0,infeasible_assignment,infeasible_assignment
7B,heldout,186,toast_bread_and_set_plate,0,0,0,0,GOAL_UNMET,GOAL_UNMET
7B,heldout,188,cut_fruit_on_board,0,0,0,0,GOAL_UNMET,GOAL_UNMET
7B,heldout,190,cut_fruit_on_board,0,0,0,0,GOAL_UNMET,GOAL_UNMET
7B,heldout,196,set_plate_and_fork_on_table,0,0,0,0,GOAL_UNMET,GOAL_UNMET
7B,heldout,197,clear_table_with_two_robots_and_put_in_cabinet,1,0,0,0,infeasible_assignment,infeasible_assignment
7B,heldout,198,cut_two_fruits_on_board,0,0,0,0,GOAL_UNMET,GOAL_UNMET
7B,heldout,199,cut_two_fruits_on_board,0,0,0,0,GOAL_UNMET,GOAL_UNMET
7B,heldout,200,clear_table_with_two_robots_and_put_in_cabinet,1,0,0,0,infeasible_assignment,infeasible_assignment
7B,heldout,204,cut_fruit_on_board,0,0,0,0,GOAL_UNMET,GOAL_UNMET
7B,heldout,205,toast_bread_and_set_plate,0,0,0,0,GOAL_UNMET,GOAL_UNMET
7B,heldout,206,clear_table_with_two_robots_and_put_in_cabinet,1,0,0,0,infeasible_assignment,infeasible_assignment
7B,heldout,207,toast_bread_and_set_plate,0,0,0,0,GOAL_UNMET,GOAL_UNMET
7B,heldout,209,clear_table_with_two_robots_and_put_in_cabinet,1,0,0,0,infeasible_assignment,infeasible_assignment
7B,heldout,211,parallel_human_dual_asset_to_plate_or_bowl,0,1,1,1,SOLVED,SOLVED
7B,heldout,213,set_plate_and_fork_on_table,0,0,0,0,GOAL_UNMET,GOAL_UNMET
7B,heldout,214,ensure_all_fruits_on_table,0,0,0,0,GOAL_UNMET,GOAL_UNMET
7B,heldout,215,ensure_all_fruits_on_table,0,1,1,1,SOLVED,SOLVED
7B,heldout,216,ensure_all_fruits_on_table,0,0,0,0,GOAL_UNMET,GOAL_UNMET
7B,heldout,218,set_plate_and_fork_on_table,0,0,0,0,GOAL_UNMET,GOAL_UNMET
7B,heldout,221,clear_table_with_two_robots_and_put_in_cabinet,1,0,0,0,infeasible_assignment,infeasible_assignment
7B,heldout,222,cut_two_fruits_on_board,0,0,0,0,GOAL_UNMET,GOAL_UNMET
7B,heldout,223,clear_table_with_two_robots_and_put_in_cabinet,1,0,0,0,infeasible_assignment,infeasible_assignment
7B,heldout,224,clear_table_with_two_robots_and_put_in_cabinet,1,0,0,0,infeasible_assignment,infeasible_assignment
7B,heldout,227,toast_bread_and_set_plate,0,0,0,0,GOAL_UNMET,GOAL_UNMET
7B,heldout,228,dog_push_box_for_two_panda_transport,1,0,0,0,infeasible_assignment,infeasible_assignment
7B,heldout,229,cut_fruit_on_board,0,0,0,0,GOAL_UNMET,GOAL_UNMET
7B,heldout,230,parallel_human_dual_asset_to_plate_or_bowl,0,0,0,0,OVER_BUDGET,OVER_BUDGET
7B,heldout,233,cut_fruit_on_board,0,0,0,0,GOAL_UNMET,GOAL_UNMET
7B,heldout,235,ensure_all_fruits_on_table,0,0,0,0,GOAL_UNMET,GOAL_UNMET
7B,heldout,236,set_plate_and_fork_on_table,0,0,0,0,GOAL_UNMET,GOAL_UNMET
7B,heldout,237,parallel_human_dual_asset_to_plate_or_bowl,0,0,0,0,OVER_BUDGET,OVER_BUDGET
7B,heldout,240,cut_fruit_on_board,0,0,0,0,GOAL_UNMET,GOAL_UNMET
7B,heldout,241,set_plate_and_fork_on_table,0,0,0,0,GOAL_UNMET,GOAL_UNMET
7B,heldout,242,toast_bread_and_set_plate,0,0,0,0,GOAL_UNMET,GOAL_UNMET
7B,heldout,248,cut_fruit_on_board,0,0,0,0,GOAL_UNMET,GOAL_UNMET
7B,heldout,249,parallel_human_dual_asset_to_plate_or_bowl,0,0,0,0,NO_USABLE_WORK,NO_USABLE_WORK
7B,heldout,251,parallel_human_dual_asset_to_plate_or_bowl,0,1,1,1,SOLVED,SOLVED
7B,heldout,253,parallel_human_dual_asset_to_plate_or_bowl,0,0,0,0,NO_USABLE_WORK,NO_USABLE_WORK
7B,heldout,254,set_plate_and_fork_on_table,0,0,0,0,GOAL_UNMET,GOAL_UNMET
7B,heldout,255,clear_table_with_two_robots_and_put_in_cabinet,1,0,0,0,infeasible_assignment,infeasible_assignment
7B,heldout,258,dog_push_box_for_two_panda_transport,1,0,0,0,infeasible_assignment,infeasible_assignment
7B,heldout,261,parallel_human_dual_asset_to_plate_or_bowl,0,0,0,0,NO_USABLE_WORK,NO_USABLE_WORK
7B,heldout,267,parallel_human_dual_asset_to_plate_or_bowl,0,0,0,0,NO_USABLE_WORK,NO_USABLE_WORK
7B,heldout,269,toast_bread_and_set_plate,0,0,0,0,GOAL_UNMET,GOAL_UNMET
7B,heldout,270,toast_bread_and_set_plate,0,0,0,0,GOAL_UNMET,GOAL_UNMET
7B,heldout,271,clear_table_with_two_robots_and_put_in_cabinet,1,0,0,0,infeasible_assignment,infeasible_assignment
7B,heldout,272,set_plate_and_fork_on_table,0,0,0,0,NO_USABLE_WORK,NO_USABLE_WORK
7B,heldout,275,cut_fruit_on_board,0,1,1,1,SOLVED,SOLVED
7B,heldout,277,cut_two_fruits_on_board,0,0,0,0,OVER_BUDGET,OVER_BUDGET
7B,heldout,278,toast_bread_and_set_plate,0,0,0,0,GOAL_UNMET,GOAL_UNMET
7B,heldout,279,parallel_human_dual_asset_to_plate_or_bowl,0,0,0,0,NO_USABLE_WORK,NO_USABLE_WORK
7B,heldout,280,cut_fruit_on_board,0,1,1,1,SOLVED,SOLVED
7B,heldout,283,cut_two_fruits_on_board,0,0,0,0,OVER_BUDGET,OVER_BUDGET
7B,heldout,284,dog_push_box_for_two_panda_transport,1,0,0,0,infeasible_assignment,infeasible_assignment
7B,heldout,287,set_plate_and_fork_on_table,0,0,0,0,GOAL_UNMET,GOAL_UNMET
7B,heldout,293,ensure_all_fruits_on_table,0,0,0,0,GOAL_UNMET,GOAL_UNMET
7B,heldout,295,toast_bread_and_set_plate,0,0,0,0,GOAL_UNMET,GOAL_UNMET
7B,heldout,296,cut_fruit_on_board,0,0,0,0,GOAL_UNMET,GOAL_UNMET
7B,heldout,297,parallel_human_dual_asset_to_plate_or_bowl,0,0,0,0,NO_USABLE_WORK,NO_USABLE_WORK
7B,heldout,298,parallel_human_dual_asset_to_plate_or_bowl,0,0,0,0,NO_USABLE_WORK,NO_USABLE_WORK
7B,heldout,299,clear_table_with_two_robots_and_put_in_cabinet,1,0,0,0,infeasible_assignment,infeasible_assignment
7B,heldout,302,ensure_all_fruits_on_table,0,0,0,0,GOAL_UNMET,GOAL_UNMET
7B,heldout,303,parallel_human_dual_asset_to_plate_or_bowl,0,0,0,0,OVER_BUDGET,OVER_BUDGET
7B,heldout,311,clear_table_with_two_robots_and_put_in_cabinet,1,0,0,0,infeasible_assignment,infeasible_assignment
7B,heldout,313,parallel_human_dual_asset_to_plate_or_bowl,0,0,0,0,OVER_BUDGET,OVER_BUDGET
7B,heldout,315,toast_bread_and_set_plate,0,0,0,0,GOAL_UNMET,GOAL_UNMET
7B,heldout,316,set_plate_and_fork_on_table,0,0,0,0,GOAL_UNMET,GOAL_UNMET
7B,heldout,317,ensure_all_fruits_on_table,0,1,1,1,SOLVED,SOLVED
7B,heldout,318,clear_table_with_two_robots_and_put_in_cabinet,1,0,0,0,infeasible_assignment,infeasible_assignment
7B,heldout,323,cut_fruit_on_board,0,1,1,1,SOLVED,SOLVED
7B,heldout,324,toast_bread_and_set_plate,0,0,0,0,GOAL_UNMET,GOAL_UNMET
7B,heldout,325,clear_table_with_two_robots_and_put_in_cabinet,1,0,0,0,infeasible_assignment,infeasible_assignment
7B,heldout,329,clear_table_with_two_robots_and_put_in_cabinet,1,0,0,0,infeasible_assignment,infeasible_assignment
7B,heldout,330,ensure_all_fruits_on_table,0,0,0,0,GOAL_UNMET,GOAL_UNMET
7B,heldout,334,set_plate_and_fork_on_table,0,0,0,0,GOAL_UNMET,GOAL_UNMET
7B,heldout,339,toast_bread_and_set_plate,0,0,0,0,GOAL_UNMET,GOAL_UNMET
7B,heldout,340,set_plate_and_fork_on_table,0,0,0,0,NO_USABLE_WORK,NO_USABLE_WORK
7B,heldout,344,cut_fruit_on_board,0,1,1,1,SOLVED,SOLVED
7B,heldout,345,clear_table_with_two_robots_and_put_in_cabinet,1,0,0,0,infeasible_assignment,infeasible_assignment
7B,heldout,346,cut_fruit_on_board,0,0,0,0,GOAL_UNMET,GOAL_UNMET
7B,heldout,347,cut_fruit_on_board,0,1,1,1,SOLVED,SOLVED
7B,heldout,348,cut_fruit_on_board,0,1,1,1,SOLVED,SOLVED
7B,heldout,349,toast_bread_and_set_plate,0,0,0,0,GOAL_UNMET,GOAL_UNMET
7B,heldout,352,cut_two_fruits_on_board,0,0,0,0,GOAL_UNMET,GOAL_UNMET
7B,heldout,353,cut_two_fruits_on_board,0,0,0,0,GOAL_UNMET,GOAL_UNMET
7B,heldout,358,cut_two_fruits_on_board,0,1,1,1,SOLVED,SOLVED
7B,heldout,359,toast_bread_and_set_plate,0,0,0,0,GOAL_UNMET,GOAL_UNMET
7B,heldout,360,toast_bread_and_set_plate,0,0,0,0,GOAL_UNMET,GOAL_UNMET
7B,heldout,361,dog_push_box_for_two_panda_transport,1,0,0,0,infeasible_assignment,infeasible_assignment
7B,heldout,362,ensure_all_fruits_on_table,1,0,0,0,GOAL_UNMET,infeasible_assignment
7B,heldout,364,parallel_human_dual_asset_to_plate_or_bowl,0,0,0,0,OVER_BUDGET,OVER_BUDGET
7B,heldout,365,cut_fruit_on_board,0,1,1,1,SOLVED,SOLVED
7B,heldout,366,dog_push_box_for_two_panda_transport,0,0,0,0,GOAL_UNMET,GOAL_UNMET
7B,heldout,367,cut_two_fruits_on_board,0,0,0,0,NO_USABLE_WORK,NO_USABLE_WORK
7B,heldout,368,set_plate_and_fork_on_table,0,0,0,0,GOAL_UNMET,GOAL_UNMET
7B,heldout,372,set_plate_and_fork_on_table,0,0,0,0,GOAL_UNMET,GOAL_UNMET
7B,heldout,375,cut_fruit_on_board,0,1,1,1,SOLVED,SOLVED
7B,heldout,376,cut_fruit_on_board,0,0,0,0,GOAL_UNMET,GOAL_UNMET
7B,heldout,378,clear_table_with_two_robots_and_put_in_cabinet,1,0,0,0,infeasible_assignment,infeasible_assignment
7B,heldout,381,clear_table_with_two_robots_and_put_in_cabinet,1,0,0,0,infeasible_assignment,infeasible_assignment
7B,heldout,382,toast_bread_and_set_plate,0,0,0,0,GOAL_UNMET,GOAL_UNMET
7B,heldout,383,clear_table_with_two_robots_and_put_in_cabinet,1,0,0,0,infeasible_assignment,infeasible_assignment
7B,heldout,391,parallel_human_dual_asset_to_plate_or_bowl,0,0,0,0,NO_USABLE_WORK,NO_USABLE_WORK
7B,heldout,392,set_plate_and_fork_on_table,0,0,0,0,NO_USABLE_WORK,NO_USABLE_WORK
7B,heldout,393,cut_fruit_on_board,0,0,0,0,GOAL_UNMET,GOAL_UNMET
7B,heldout,394,clear_table_with_two_robots_and_put_in_cabinet,1,0,0,0,infeasible_assignment,infeasible_assignment
7B,heldout,395,parallel_human_dual_asset_to_plate_or_bowl,0,0,0,0,NO_USABLE_WORK,NO_USABLE_WORK
7B,heldout,397,clear_table_with_two_robots_and_put_in_cabinet,1,0,0,0,infeasible_assignment,infeasible_assignment
7B,heldout,398,toast_bread_and_set_plate,0,0,0,0,GOAL_UNMET,GOAL_UNMET
7B,heldout,401,cut_two_fruits_on_board,0,0,0,0,GOAL_UNMET,GOAL_UNMET
7B,heldout,402,toast_bread_and_set_plate,0,0,0,0,GOAL_UNMET,GOAL_UNMET
7B,heldout,404,toast_bread_and_set_plate,0,0,0,0,GOAL_UNMET,GOAL_UNMET
7B,heldout,406,parallel_human_dual_asset_to_plate_or_bowl,0,1,1,1,SOLVED,SOLVED
7B,heldout,407,cut_two_fruits_on_board,0,0,0,0,OVER_BUDGET,OVER_BUDGET
7B,heldout,409,toast_bread_and_set_plate,0,0,0,0,GOAL_UNMET,GOAL_UNMET
7B,heldout,410,clear_table_with_two_robots_and_put_in_cabinet,1,0,0,0,infeasible_assignment,infeasible_assignment
7B,heldout,412,clear_table_with_two_robots_and_put_in_cabinet,1,0,0,0,infeasible_assignment,infeasible_assignment
7B,heldout,416,clear_table_with_two_robots_and_put_in_cabinet,1,0,0,0,infeasible_assignment,infeasible_assignment
7B,heldout,421,cut_fruit_on_board,0,0,0,0,GOAL_UNMET,GOAL_UNMET
7B,heldout,422,clear_table_with_two_robots_and_put_in_cabinet,1,0,0,0,infeasible_assignment,infeasible_assignment
7B,heldout,423,clear_table_with_two_robots_and_put_in_cabinet,1,0,0,0,infeasible_assignment,infeasible_assignment
7B,heldout,424,cut_two_fruits_on_board,0,0,0,0,OVER_BUDGET,OVER_BUDGET
7B,heldout,426,cut_two_fruits_on_board,0,0,0,0,OVER_BUDGET,OVER_BUDGET
7B,heldout,428,cut_two_fruits_on_board,0,0,0,0,GOAL_UNMET,GOAL_UNMET
7B,heldout,430,cut_fruit_on_board,0,0,0,0,GOAL_UNMET,GOAL_UNMET
7B,heldout,434,ensure_all_fruits_on_table,0,0,0,0,GOAL_UNMET,GOAL_UNMET
7B,heldout,436,cut_two_fruits_on_board,0,0,0,0,OVER_BUDGET,OVER_BUDGET
7B,heldout,437,toast_bread_and_set_plate,0,0,0,0,GOAL_UNMET,GOAL_UNMET
7B,heldout,439,cut_two_fruits_on_board,0,0,0,0,OVER_BUDGET,OVER_BUDGET
7B,heldout,440,clear_table_with_two_robots_and_put_in_cabinet,1,0,0,0,infeasible_assignment,infeasible_assignment
7B,heldout,443,toast_bread_and_set_plate,0,0,0,0,GOAL_UNMET,GOAL_UNMET
7B,heldout,447,dog_push_box_for_two_panda_transport,1,0,0,0,infeasible_assignment,infeasible_assignment
7B,heldout,451,cut_fruit_on_board,0,0,0,0,GOAL_UNMET,GOAL_UNMET
7B,heldout,452,cut_fruit_on_board,0,1,1,1,SOLVED,SOLVED
7B,heldout,454,set_plate_and_fork_on_table,0,0,0,0,NO_USABLE_WORK,NO_USABLE_WORK
7B,heldout,458,cut_fruit_on_board,0,1,1,1,SOLVED,SOLVED
7B,heldout,459,parallel_human_dual_asset_to_plate_or_bowl,0,1,1,1,SOLVED,SOLVED
7B,heldout,462,cut_two_fruits_on_board,0,0,0,0,OVER_BUDGET,OVER_BUDGET
7B,heldout,466,parallel_human_dual_asset_to_plate_or_bowl,0,0,0,0,OVER_BUDGET,OVER_BUDGET
7B,heldout,472,parallel_human_dual_asset_to_plate_or_bowl,0,0,0,0,NO_USABLE_WORK,NO_USABLE_WORK
7B,heldout,474,cut_fruit_on_board,0,0,0,0,GOAL_UNMET,GOAL_UNMET
7B,heldout,475,clear_table_with_two_robots_and_put_in_cabinet,0,0,0,0,GOAL_UNMET,GOAL_UNMET
7B,heldout,476,cut_two_fruits_on_board,0,0,0,0,GOAL_UNMET,GOAL_UNMET
7B,heldout,478,toast_bread_and_set_plate,0,0,0,0,GOAL_UNMET,GOAL_UNMET
7B,heldout,479,cut_fruit_on_board,0,0,0,0,GOAL_UNMET,GOAL_UNMET
7B,heldout,480,clear_table_with_two_robots_and_put_in_cabinet,1,0,0,0,infeasible_assignment,infeasible_assignment
7B,heldout,481,toast_bread_and_set_plate,0,0,0,0,GOAL_UNMET,GOAL_UNMET
7B,heldout,484,cut_fruit_on_board,0,1,1,1,SOLVED,SOLVED
7B,heldout,485,dog_push_box_for_two_panda_transport,1,0,0,0,infeasible_assignment,infeasible_assignment
7B,heldout,486,clear_table_with_two_robots_and_put_in_cabinet,1,0,0,0,infeasible_assignment,infeasible_assignment
7B,heldout,487,dog_push_box_for_two_panda_transport,0,0,0,0,NO_USABLE_WORK,NO_USABLE_WORK
7B,heldout,489,toast_bread_and_set_plate,0,0,0,0,GOAL_UNMET,GOAL_UNMET
7B,heldout,494,clear_table_with_two_robots_and_put_in_cabinet,0,0,0,0,NO_USABLE_WORK,NO_USABLE_WORK
7B,heldout,496,parallel_human_dual_asset_to_plate_or_bowl,0,0,0,0,OVER_BUDGET,OVER_BUDGET
7B,heldout,497,cut_fruit_on_board,0,0,0,0,GOAL_UNMET,GOAL_UNMET
7B,heldout,498,cut_fruit_on_board,0,0,0,0,GOAL_UNMET,GOAL_UNMET
7B,heldout,501,cut_fruit_on_board,0,1,1,1,SOLVED,SOLVED
7B,heldout,502,clear_table_with_two_robots_and_put_in_cabinet,1,0,0,0,infeasible_assignment,infeasible_assignment
7B,heldout,503,parallel_human_dual_asset_to_plate_or_bowl,0,0,0,0,NO_USABLE_WORK,NO_USABLE_WORK
7B,heldout,504,toast_bread_and_set_plate,0,0,0,0,GOAL_UNMET,GOAL_UNMET
7B,heldout,507,cut_two_fruits_on_board,0,0,0,0,GOAL_UNMET,GOAL_UNMET
7B,heldout,510,parallel_human_dual_asset_to_plate_or_bowl,0,0,0,0,NO_USABLE_WORK,NO_USABLE_WORK
7B,heldout,512,clear_table_with_two_robots_and_put_in_cabinet,1,0,0,0,infeasible_assignment,infeasible_assignment
7B,heldout,513,parallel_human_dual_asset_to_plate_or_bowl,0,0,0,0,OVER_BUDGET,OVER_BUDGET
7B,heldout,515,clear_table_with_two_robots_and_put_in_cabinet,1,0,0,0,infeasible_assignment,infeasible_assignment
7B,heldout,516,cut_fruit_on_board,0,1,1,1,SOLVED,SOLVED
7B,heldout,517,toast_bread_and_set_plate,0,0,0,0,GOAL_UNMET,GOAL_UNMET
7B,heldout,519,cut_fruit_on_board,0,0,0,0,GOAL_UNMET,GOAL_UNMET
7B,heldout,520,set_plate_and_fork_on_table,0,0,0,0,NO_USABLE_WORK,NO_USABLE_WORK
7B,heldout,525,clear_table_with_two_robots_and_put_in_cabinet,0,0,0,0,GOAL_UNMET,GOAL_UNMET
7B,heldout,531,cut_two_fruits_on_board,0,0,0,0,GOAL_UNMET,GOAL_UNMET
7B,heldout,532,ensure_all_fruits_on_table,0,0,0,0,GOAL_UNMET,GOAL_UNMET
7B,heldout,536,set_plate_and_fork_on_table,0,0,0,0,GOAL_UNMET,GOAL_UNMET
7B,heldout,537,ensure_all_fruits_on_table,0,0,0,0,GOAL_UNMET,GOAL_UNMET
7B,heldout,539,ensure_all_fruits_on_table,0,0,0,0,GOAL_UNMET,GOAL_UNMET
7B,heldout,541,cut_fruit_on_board,0,0,0,0,GOAL_UNMET,GOAL_UNMET
7B,heldout,544,clear_table_with_two_robots_and_put_in_cabinet,1,0,0,0,infeasible_assignment,infeasible_assignment
7B,heldout,545,clear_table_with_two_robots_and_put_in_cabinet,1,0,0,0,infeasible_assignment,infeasible_assignment
7B,heldout,546,ensure_all_fruits_on_table,0,0,0,0,GOAL_UNMET,GOAL_UNMET
7B,heldout,548,parallel_human_dual_asset_to_plate_or_bowl,0,0,0,0,NO_USABLE_WORK,NO_USABLE_WORK
7B,heldout,549,cut_two_fruits_on_board,0,0,0,0,GOAL_UNMET,GOAL_UNMET
7B,heldout,551,set_plate_and_fork_on_table,0,0,0,0,GOAL_UNMET,GOAL_UNMET
7B,heldout,552,cut_two_fruits_on_board,0,0,0,0,OVER_BUDGET,OVER_BUDGET
7B,heldout,555,parallel_human_dual_asset_to_plate_or_bowl,0,0,0,0,OVER_BUDGET,OVER_BUDGET
7B,heldout,559,ensure_all_fruits_on_table,0,1,1,1,SOLVED,SOLVED
7B,heldout,561,set_plate_and_fork_on_table,0,0,0,0,GOAL_UNMET,GOAL_UNMET
7B,heldout,562,ensure_all_fruits_on_table,0,0,0,0,GOAL_UNMET,GOAL_UNMET
7B,heldout,563,cut_fruit_on_board,0,0,0,0,GOAL_UNMET,GOAL_UNMET
7B,heldout,564,set_plate_and_fork_on_table,0,0,0,0,GOAL_UNMET,GOAL_UNMET
7B,heldout,566,set_plate_and_fork_on_table,0,0,0,0,GOAL_UNMET,GOAL_UNMET
7B,heldout,569,cut_two_fruits_on_board,0,0,0,0,GOAL_UNMET,GOAL_UNMET
7B,heldout,570,clear_table_with_two_robots_and_put_in_cabinet,1,0,0,0,infeasible_assignment,infeasible_assignment
7B,heldout,571,cut_fruit_on_board,0,0,0,0,GOAL_UNMET,GOAL_UNMET
7B,heldout,572,toast_bread_and_set_plate,0,0,0,0,GOAL_UNMET,GOAL_UNMET
7B,heldout,573,toast_bread_and_set_plate,0,0,0,0,GOAL_UNMET,GOAL_UNMET
7B,heldout,576,parallel_human_dual_asset_to_plate_or_bowl,0,1,1,1,SOLVED,SOLVED
7B,heldout,578,ensure_all_fruits_on_table,0,0,0,0,GOAL_UNMET,GOAL_UNMET
7B,heldout,579,toast_bread_and_set_plate,0,0,0,0,GOAL_UNMET,GOAL_UNMET
7B,heldout,581,clear_table_with_two_robots_and_put_in_cabinet,1,0,0,0,infeasible_assignment,infeasible_assignment
7B,heldout,582,ensure_all_fruits_on_table,0,0,0,0,NO_USABLE_WORK,NO_USABLE_WORK
7B,heldout,584,set_plate_and_fork_on_table,0,0,0,0,GOAL_UNMET,GOAL_UNMET
7B,heldout,586,ensure_all_fruits_on_table,0,0,0,0,GOAL_UNMET,GOAL_UNMET
7B,heldout,587,cut_fruit_on_board,0,0,0,0,GOAL_UNMET,GOAL_UNMET
7B,heldout,592,parallel_human_dual_asset_to_plate_or_bowl,0,1,1,1,SOLVED,SOLVED
7B,heldout,594,clear_table_with_two_robots_and_put_in_cabinet,1,0,0,0,infeasible_assignment,infeasible_assignment
7B,heldout,596,toast_bread_and_set_plate,0,0,0,0,GOAL_UNMET,GOAL_UNMET
7B,heldout,598,clear_table_with_two_robots_and_put_in_cabinet,1,0,0,0,infeasible_assignment,infeasible_assignment
7B,heldout,600,cut_two_fruits_on_board,0,0,0,0,GOAL_UNMET,GOAL_UNMET
7B,heldout,601,set_plate_and_fork_on_table,0,0,0,0,NO_USABLE_WORK,NO_USABLE_WORK
7B,heldout,602,clear_table_with_two_robots_and_put_in_cabinet,1,0,0,0,infeasible_assignment,infeasible_assignment
7B,heldout,605,toast_bread_and_set_plate,0,0,0,0,GOAL_UNMET,GOAL_UNMET
7B,heldout,607,toast_bread_and_set_plate,0,0,0,0,GOAL_UNMET,GOAL_UNMET
7B,heldout,608,clear_table_with_two_robots_and_put_in_cabinet,1,0,0,0,infeasible_assignment,infeasible_assignment
7B,heldout,612,clear_table_with_two_robots_and_put_in_cabinet,1,0,0,0,infeasible_assignment,infeasible_assignment
7B,heldout,613,toast_bread_and_set_plate,0,0,0,0,GOAL_UNMET,GOAL_UNMET
7B,heldout,617,cut_fruit_on_board,0,0,0,0,GOAL_UNMET,GOAL_UNMET
7B,heldout,620,toast_bread_and_set_plate,0,0,0,0,GOAL_UNMET,GOAL_UNMET
7B,heldout,621,cut_fruit_on_board,0,0,0,0,GOAL_UNMET,GOAL_UNMET
7B,heldout,622,parallel_human_dual_asset_to_plate_or_bowl,0,0,0,0,NO_USABLE_WORK,NO_USABLE_WORK
7B,heldout,623,cut_fruit_on_board,0,1,1,1,SOLVED,SOLVED
7B,heldout,628,toast_bread_and_set_plate,0,0,0,0,GOAL_UNMET,GOAL_UNMET
7B,heldout,630,cut_fruit_on_board,0,0,0,0,GOAL_UNMET,GOAL_UNMET
7B,heldout,631,ensure_all_fruits_on_table,0,0,0,0,GOAL_UNMET,GOAL_UNMET
7B,heldout,632,ensure_all_fruits_on_table,0,0,0,0,GOAL_UNMET,GOAL_UNMET
7B,heldout,634,set_plate_and_fork_on_table,0,0,0,0,GOAL_UNMET,GOAL_UNMET
7B,heldout,635,parallel_human_dual_asset_to_plate_or_bowl,0,0,0,0,NO_USABLE_WORK,NO_USABLE_WORK
7B,heldout,636,cut_fruit_on_board,0,1,1,1,SOLVED,SOLVED
7B,heldout,639,parallel_human_dual_asset_to_plate_or_bowl,0,1,1,1,SOLVED,SOLVED
7B,heldout,640,clear_table_with_two_robots_and_put_in_cabinet,1,0,0,0,infeasible_assignment,infeasible_assignment
7B,heldout,641,clear_table_with_two_robots_and_put_in_cabinet,1,0,0,0,infeasible_assignment,infeasible_assignment
7B,heldout,642,cut_fruit_on_board,0,1,1,1,SOLVED,SOLVED
7B,heldout,645,cut_two_fruits_on_board,0,0,0,0,GOAL_UNMET,GOAL_UNMET
7B,heldout,647,dog_push_box_for_two_panda_transport,1,0,0,0,infeasible_assignment,infeasible_assignment
7B,heldout,649,clear_table_with_two_robots_and_put_in_cabinet,1,0,0,0,infeasible_assignment,infeasible_assignment
7B,heldout,650,clear_table_with_two_robots_and_put_in_cabinet,1,0,0,0,infeasible_assignment,infeasible_assignment
7B,heldout,651,clear_table_with_two_robots_and_put_in_cabinet,1,0,0,0,infeasible_assignment,infeasible_assignment
7B,heldout,652,dog_push_box_for_two_panda_transport,1,0,0,0,infeasible_assignment,infeasible_assignment
7B,heldout,654,cut_two_fruits_on_board,0,0,0,0,GOAL_UNMET,GOAL_UNMET
7B,heldout,655,cut_two_fruits_on_board,0,0,0,0,GOAL_UNMET,GOAL_UNMET
7B,heldout,656,cut_two_fruits_on_board,0,0,0,0,GOAL_UNMET,GOAL_UNMET
7B,heldout,657,clear_table_with_two_robots_and_put_in_cabinet,0,0,0,0,NO_USABLE_WORK,NO_USABLE_WORK
7B,heldout,661,clear_table_with_two_robots_and_put_in_cabinet,1,0,0,0,infeasible_assignment,infeasible_assignment
7B,heldout,663,cut_fruit_on_board,0,0,0,0,GOAL_UNMET,GOAL_UNMET
7B,heldout,664,cut_fruit_on_board,0,0,0,0,GOAL_UNMET,GOAL_UNMET
7B,heldout,668,cut_fruit_on_board,0,0,0,0,GOAL_UNMET,GOAL_UNMET
7B,heldout,671,cut_two_fruits_on_board,0,0,0,0,OVER_BUDGET,OVER_BUDGET
7B,heldout,672,clear_table_with_two_robots_and_put_in_cabinet,1,0,0,0,infeasible_assignment,infeasible_assignment
7B,heldout,674,set_plate_and_fork_on_table,0,0,0,0,GOAL_UNMET,GOAL_UNMET
7B,heldout,675,cut_fruit_on_board,0,1,1,1,SOLVED,SOLVED
7B,heldout,676,cut_fruit_on_board,0,0,0,0,GOAL_UNMET,GOAL_UNMET
7B,heldout,677,cut_two_fruits_on_board,0,0,0,0,OVER_BUDGET,OVER_BUDGET
7B,heldout,678,toast_bread_and_set_plate,0,0,0,0,GOAL_UNMET,GOAL_UNMET
7B,heldout,683,toast_bread_and_set_plate,0,0,0,0,GOAL_UNMET,GOAL_UNMET
7B,heldout,687,clear_table_with_two_robots_and_put_in_cabinet,1,0,0,0,infeasible_assignment,infeasible_assignment
7B,heldout,688,toast_bread_and_set_plate,0,0,0,0,GOAL_UNMET,GOAL_UNMET
7B,heldout,689,parallel_human_dual_asset_to_plate_or_bowl,0,0,0,0,NO_USABLE_WORK,NO_USABLE_WORK
7B,heldout,690,cut_fruit_on_board,0,1,1,1,SOLVED,SOLVED
7B,heldout,691,clear_table_with_two_robots_and_put_in_cabinet,1,0,0,0,infeasible_assignment,infeasible_assignment
7B,heldout,692,dog_push_box_for_two_panda_transport,1,0,0,0,infeasible_assignment,infeasible_assignment
7B,heldout,694,clear_table_with_two_robots_and_put_in_cabinet,1,0,0,0,infeasible_assignment,infeasible_assignment
7B,heldout,697,cut_fruit_on_board,0,0,0,0,GOAL_UNMET,GOAL_UNMET
7B,heldout,698,cut_fruit_on_board,0,0,0,0,GOAL_UNMET,GOAL_UNMET
7B,heldout,699,ensure_all_fruits_on_table,0,0,0,0,GOAL_UNMET,GOAL_UNMET
7B,heldout,703,cut_fruit_on_board,0,0,0,0,GOAL_UNMET,GOAL_UNMET
7B,heldout,707,clear_table_with_two_robots_and_put_in_cabinet,1,0,0,0,infeasible_assignment,infeasible_assignment
7B,heldout,708,clear_table_with_two_robots_and_put_in_cabinet,1,0,0,0,infeasible_assignment,infeasible_assignment
7B,heldout,711,clear_table_with_two_robots_and_put_in_cabinet,1,0,0,0,infeasible_assignment,infeasible_assignment
7B,heldout,712,parallel_human_dual_asset_to_plate_or_bowl,0,0,0,0,NO_USABLE_WORK,NO_USABLE_WORK
7B,heldout,713,ensure_all_fruits_on_table,0,0,0,0,GOAL_UNMET,GOAL_UNMET
7B,heldout,714,ensure_all_fruits_on_table,0,0,0,0,GOAL_UNMET,GOAL_UNMET
7B,heldout,715,set_plate_and_fork_on_table,0,0,0,0,GOAL_UNMET,GOAL_UNMET
7B,heldout,716,cut_fruit_on_board,0,0,0,0,GOAL_UNMET,GOAL_UNMET
7B,heldout,718,cut_fruit_on_board,0,1,1,1,SOLVED,SOLVED
7B,heldout,725,cut_fruit_on_board,0,0,0,0,GOAL_UNMET,GOAL_UNMET
7B,heldout,726,clear_table_with_two_robots_and_put_in_cabinet,1,0,0,0,infeasible_assignment,infeasible_assignment
7B,heldout,731,ensure_all_fruits_on_table,0,0,0,0,GOAL_UNMET,GOAL_UNMET
7B,heldout,733,set_plate_and_fork_on_table,0,0,0,0,GOAL_UNMET,GOAL_UNMET
7B,heldout,735,clear_table_with_two_robots_and_put_in_cabinet,1,0,0,0,infeasible_assignment,infeasible_assignment
7B,heldout,736,cut_two_fruits_on_board,0,0,0,0,GOAL_UNMET,GOAL_UNMET
7B,heldout,737,clear_table_with_two_robots_and_put_in_cabinet,1,0,0,0,infeasible_assignment,infeasible_assignment
7B,heldout,739,clear_table_with_two_robots_and_put_in_cabinet,0,0,0,0,NO_USABLE_WORK,NO_USABLE_WORK
7B,heldout,740,dog_push_box_for_two_panda_transport,1,0,0,0,infeasible_assignment,infeasible_assignment
7B,heldout,742,ensure_all_fruits_on_table,0,0,0,0,GOAL_UNMET,GOAL_UNMET
7B,heldout,744,clear_table_with_two_robots_and_put_in_cabinet,1,0,0,0,infeasible_assignment,infeasible_assignment
7B,heldout,745,set_plate_and_fork_on_table,0,0,0,0,GOAL_UNMET,GOAL_UNMET
7B,heldout,746,toast_bread_and_set_plate,0,0,0,0,GOAL_UNMET,GOAL_UNMET
7B,heldout,747,toast_bread_and_set_plate,0,0,0,0,GOAL_UNMET,GOAL_UNMET
7B,heldout,749,cut_fruit_on_board,0,1,1,1,SOLVED,SOLVED
7B,heldout,750,cut_fruit_on_board,0,0,0,0,GOAL_UNMET,GOAL_UNMET
7B,heldout,751,parallel_human_dual_asset_to_plate_or_bowl,0,0,0,0,NO_USABLE_WORK,NO_USABLE_WORK
7B,heldout,753,clear_table_with_two_robots_and_put_in_cabinet,0,0,0,0,GOAL_UNMET,GOAL_UNMET
7B,heldout,757,ensure_all_fruits_on_table,0,0,0,0,NO_USABLE_WORK,NO_USABLE_WORK
7B,heldout,760,ensure_all_fruits_on_table,0,0,0,0,GOAL_UNMET,GOAL_UNMET
7B,heldout,761,clear_table_with_two_robots_and_put_in_cabinet,1,0,0,0,infeasible_assignment,infeasible_assignment
7B,heldout,763,cut_two_fruits_on_board,0,0,0,0,GOAL_UNMET,GOAL_UNMET
7B,heldout,769,parallel_human_dual_asset_to_plate_or_bowl,0,1,1,1,SOLVED,SOLVED
7B,heldout,770,parallel_human_dual_asset_to_plate_or_bowl,0,1,1,1,SOLVED,SOLVED
7B,heldout,772,cut_fruit_on_board,0,0,0,0,GOAL_UNMET,GOAL_UNMET
7B,heldout,775,parallel_human_dual_asset_to_plate_or_bowl,0,0,0,0,OVER_BUDGET,OVER_BUDGET
7B,heldout,776,ensure_all_fruits_on_table,0,0,0,0,GOAL_UNMET,GOAL_UNMET
7B,heldout,777,clear_table_with_two_robots_and_put_in_cabinet,1,0,0,0,infeasible_assignment,infeasible_assignment
7B,heldout,780,cut_fruit_on_board,0,0,0,0,GOAL_UNMET,GOAL_UNMET
7B,heldout,781,clear_table_with_two_robots_and_put_in_cabinet,1,0,0,0,infeasible_assignment,infeasible_assignment
7B,heldout,783,set_plate_and_fork_on_table,0,0,0,0,GOAL_UNMET,GOAL_UNMET
7B,heldout,786,parallel_human_dual_asset_to_plate_or_bowl,0,1,1,1,SOLVED,SOLVED
7B,heldout,787,cut_fruit_on_board,0,0,0,0,GOAL_UNMET,GOAL_UNMET
7B,heldout,789,cut_fruit_on_board,0,1,1,1,SOLVED,SOLVED
7B,heldout,790,ensure_all_fruits_on_table,0,0,0,0,GOAL_UNMET,GOAL_UNMET
7B,heldout,791,clear_table_with_two_robots_and_put_in_cabinet,0,0,0,0,NO_USABLE_WORK,NO_USABLE_WORK
7B,heldout,796,cut_fruit_on_board,0,1,1,1,SOLVED,SOLVED
7B,heldout,797,cut_fruit_on_board,0,1,1,1,SOLVED,SOLVED
7B,heldout,799,cut_fruit_on_board,0,1,1,1,SOLVED,SOLVED
7B,heldout,801,cut_two_fruits_on_board,0,0,0,0,GOAL_UNMET,GOAL_UNMET
7B,heldout,803,clear_table_with_two_robots_and_put_in_cabinet,0,0,0,0,GOAL_UNMET,GOAL_UNMET
7B,heldout,804,cut_fruit_on_board,0,0,0,0,GOAL_UNMET,GOAL_UNMET
7B,heldout,806,cut_two_fruits_on_board,0,0,0,0,GOAL_UNMET,GOAL_UNMET
7B,heldout,807,parallel_human_dual_asset_to_plate_or_bowl,0,0,0,0,NO_USABLE_WORK,NO_USABLE_WORK
7B,heldout,809,clear_table_with_two_robots_and_put_in_cabinet,1,0,0,0,infeasible_assignment,infeasible_assignment
7B,heldout,813,cut_fruit_on_board,0,0,0,0,GOAL_UNMET,GOAL_UNMET
7B,heldout,814,cut_fruit_on_board,0,0,0,0,GOAL_UNMET,GOAL_UNMET
7B,heldout,815,set_plate_and_fork_on_table,0,0,0,0,NO_USABLE_WORK,NO_USABLE_WORK
7B,heldout,816,clear_table_with_two_robots_and_put_in_cabinet,1,0,0,0,infeasible_assignment,infeasible_assignment
7B,heldout,819,set_plate_and_fork_on_table,0,0,0,0,GOAL_UNMET,GOAL_UNMET
7B,heldout,820,toast_bread_and_set_plate,0,0,0,0,GOAL_UNMET,GOAL_UNMET
7B,heldout,825,ensure_all_fruits_on_table,0,0,0,0,GOAL_UNMET,GOAL_UNMET
7B,heldout,826,cut_fruit_on_board,0,0,0,0,GOAL_UNMET,GOAL_UNMET
7B,heldout,827,toast_bread_and_set_plate,0,0,0,0,GOAL_UNMET,GOAL_UNMET
7B,heldout,828,ensure_all_fruits_on_table,1,0,0,0,infeasible_assignment,infeasible_assignment
7B,heldout,830,parallel_human_dual_asset_to_plate_or_bowl,0,0,0,0,NO_USABLE_WORK,NO_USABLE_WORK
7B,heldout,831,parallel_human_dual_asset_to_plate_or_bowl,0,0,0,0,NO_USABLE_WORK,NO_USABLE_WORK
7B,heldout,837,cut_fruit_on_board,0,1,1,1,SOLVED,SOLVED
7B,heldout,838,clear_table_with_two_robots_and_put_in_cabinet,1,0,0,0,infeasible_assignment,infeasible_assignment
7B,heldout,840,cut_fruit_on_board,0,0,0,0,GOAL_UNMET,GOAL_UNMET
7B,heldout,841,set_plate_and_fork_on_table,0,0,0,0,GOAL_UNMET,GOAL_UNMET
7B,heldout,842,toast_bread_and_set_plate,0,0,0,0,GOAL_UNMET,GOAL_UNMET
7B,heldout,844,cut_fruit_on_board,0,1,1,1,SOLVED,SOLVED
7B,heldout,848,parallel_human_dual_asset_to_plate_or_bowl,0,0,0,0,NO_USABLE_WORK,NO_USABLE_WORK
7B,heldout,849,clear_table_with_two_robots_and_put_in_cabinet,1,0,0,0,infeasible_assignment,infeasible_assignment
7B,heldout,850,cut_fruit_on_board,0,0,0,0,GOAL_UNMET,GOAL_UNMET
7B,heldout,853,toast_bread_and_set_plate,0,0,0,0,GOAL_UNMET,GOAL_UNMET
7B,heldout,856,toast_bread_and_set_plate,0,0,0,0,GOAL_UNMET,GOAL_UNMET
7B,heldout,857,clear_table_with_two_robots_and_put_in_cabinet,1,0,0,0,infeasible_assignment,infeasible_assignment
7B,heldout,862,parallel_human_dual_asset_to_plate_or_bowl,0,1,1,1,SOLVED,SOLVED
7B,heldout,863,cut_fruit_on_board,0,0,0,0,GOAL_UNMET,GOAL_UNMET
7B,heldout,864,ensure_all_fruits_on_table,1,0,0,0,infeasible_assignment,infeasible_assignment
7B,heldout,865,parallel_human_dual_asset_to_plate_or_bowl,0,0,0,0,OVER_BUDGET,OVER_BUDGET
7B,heldout,867,set_plate_and_fork_on_table,0,0,0,0,GOAL_UNMET,GOAL_UNMET
7B,heldout,869,clear_table_with_two_robots_and_put_in_cabinet,1,0,0,0,infeasible_assignment,infeasible_assignment
7B,heldout,870,cut_two_fruits_on_board,0,0,0,0,GOAL_UNMET,GOAL_UNMET
7B,heldout,874,cut_fruit_on_board,0,1,1,1,SOLVED,SOLVED
7B,heldout,875,parallel_human_dual_asset_to_plate_or_bowl,0,1,1,1,SOLVED,SOLVED
7B,heldout,876,cut_two_fruits_on_board,0,0,0,0,GOAL_UNMET,GOAL_UNMET
7B,heldout,879,cut_fruit_on_board,0,0,0,0,GOAL_UNMET,GOAL_UNMET
7B,heldout,881,cut_fruit_on_board,0,0,0,0,GOAL_UNMET,GOAL_UNMET
7B,heldout,883,cut_fruit_on_board,0,1,1,1,SOLVED,SOLVED
7B,heldout,884,ensure_all_fruits_on_table,0,0,0,0,GOAL_UNMET,GOAL_UNMET
7B,heldout,886,clear_table_with_two_robots_and_put_in_cabinet,1,0,0,0,infeasible_assignment,infeasible_assignment
7B,heldout,888,set_plate_and_fork_on_table,0,0,0,0,GOAL_UNMET,GOAL_UNMET
7B,heldout,890,cut_fruit_on_board,0,0,0,0,GOAL_UNMET,GOAL_UNMET
7B,heldout,891,clear_table_with_two_robots_and_put_in_cabinet,1,0,0,0,infeasible_assignment,infeasible_assignment
7B,heldout,895,set_plate_and_fork_on_table,0,0,0,0,GOAL_UNMET,GOAL_UNMET
7B,heldout,897,set_plate_and_fork_on_table,0,0,0,0,GOAL_UNMET,GOAL_UNMET
7B,heldout,901,cut_fruit_on_board,0,0,0,0,GOAL_UNMET,GOAL_UNMET
7B,heldout,903,clear_table_with_two_robots_and_put_in_cabinet,1,0,0,0,infeasible_assignment,infeasible_assignment
7B,heldout,904,clear_table_with_two_robots_and_put_in_cabinet,1,0,0,0,infeasible_assignment,infeasible_assignment
7B,heldout,905,clear_table_with_two_robots_and_put_in_cabinet,1,0,0,0,infeasible_assignment,infeasible_assignment
7B,heldout,908,toast_bread_and_set_plate,0,0,0,0,GOAL_UNMET,GOAL_UNMET
7B,heldout,910,clear_table_with_two_robots_and_put_in_cabinet,1,0,0,0,infeasible_assignment,infeasible_assignment
7B,heldout,912,clear_table_with_two_robots_and_put_in_cabinet,1,0,0,0,infeasible_assignment,infeasible_assignment
7B,heldout,913,parallel_human_dual_asset_to_plate_or_bowl,0,0,0,0,OVER_BUDGET,OVER_BUDGET
7B,heldout,915,parallel_human_dual_asset_to_plate_or_bowl,0,0,0,0,GOAL_UNMET,GOAL_UNMET
7B,heldout,918,cut_fruit_on_board,0,0,0,0,GOAL_UNMET,GOAL_UNMET
7B,heldout,923,set_plate_and_fork_on_table,0,0,0,0,OVER_BUDGET,OVER_BUDGET
7B,heldout,927,parallel_human_dual_asset_to_plate_or_bowl,0,0,0,0,NO_USABLE_WORK,NO_USABLE_WORK
7B,heldout,932,dog_push_box_for_two_panda_transport,1,0,0,0,infeasible_assignment,infeasible_assignment
7B,heldout,941,toast_bread_and_set_plate,0,0,0,0,GOAL_UNMET,GOAL_UNMET
7B,heldout,942,set_plate_and_fork_on_table,0,0,0,0,GOAL_UNMET,GOAL_UNMET
7B,heldout,943,clear_table_with_two_robots_and_put_in_cabinet,1,0,0,0,infeasible_assignment,infeasible_assignment
7B,heldout,947,cut_two_fruits_on_board,0,0,0,0,GOAL_UNMET,GOAL_UNMET
7B,heldout,949,cut_fruit_on_board,0,0,0,0,GOAL_UNMET,GOAL_UNMET
7B,heldout,950,parallel_human_dual_asset_to_plate_or_bowl,0,0,0,0,OVER_BUDGET,OVER_BUDGET
7B,heldout,952,cut_two_fruits_on_board,0,0,0,0,GOAL_UNMET,GOAL_UNMET
7B,heldout,956,clear_table_with_two_robots_and_put_in_cabinet,1,0,0,0,infeasible_assignment,infeasible_assignment
7B,heldout,957,cut_fruit_on_board,0,0,0,0,GOAL_UNMET,GOAL_UNMET
7B,heldout,959,parallel_human_dual_asset_to_plate_or_bowl,0,0,0,0,OVER_BUDGET,OVER_BUDGET
7B,heldout,960,cut_two_fruits_on_board,0,0,0,0,GOAL_UNMET,GOAL_UNMET
7B,heldout,962,toast_bread_and_set_plate,0,0,0,0,GOAL_UNMET,GOAL_UNMET
7B,heldout,963,clear_table_with_two_robots_and_put_in_cabinet,0,0,0,0,NO_USABLE_WORK,NO_USABLE_WORK
7B,heldout,964,cut_two_fruits_on_board,0,0,0,0,OVER_BUDGET,OVER_BUDGET
7B,heldout,965,ensure_all_fruits_on_table,0,0,0,0,GOAL_UNMET,GOAL_UNMET
7B,heldout,966,set_plate_and_fork_on_table,0,0,0,0,GOAL_UNMET,GOAL_UNMET
7B,heldout,967,cut_two_fruits_on_board,0,0,0,0,OVER_BUDGET,OVER_BUDGET
7B,heldout,968,cut_fruit_on_board,0,0,0,0,GOAL_UNMET,GOAL_UNMET
7B,heldout,970,clear_table_with_two_robots_and_put_in_cabinet,1,0,0,0,infeasible_assignment,infeasible_assignment
7B,heldout,971,cut_fruit_on_board,0,0,0,0,GOAL_UNMET,GOAL_UNMET
7B,heldout,972,set_plate_and_fork_on_table,0,0,0,0,GOAL_UNMET,GOAL_UNMET
7B,heldout,973,cut_fruit_on_board,0,0,0,0,GOAL_UNMET,GOAL_UNMET
7B,heldout,974,parallel_human_dual_asset_to_plate_or_bowl,0,1,1,1,SOLVED,SOLVED
7B,heldout,975,clear_table_with_two_robots_and_put_in_cabinet,1,0,0,0,infeasible_assignment,infeasible_assignment
7B,heldout,976,cut_two_fruits_on_board,0,0,0,0,GOAL_UNMET,GOAL_UNMET
7B,heldout,977,cut_fruit_on_board,0,1,1,1,SOLVED,SOLVED
7B,heldout,979,cut_fruit_on_board,0,0,0,0,GOAL_UNMET,GOAL_UNMET
7B,heldout,980,cut_fruit_on_board,0,1,1,1,SOLVED,SOLVED
7B,heldout,981,clear_table_with_two_robots_and_put_in_cabinet,1,0,0,0,infeasible_assignment,infeasible_assignment
7B,heldout,982,ensure_all_fruits_on_table,0,0,0,0,GOAL_UNMET,GOAL_UNMET
7B,heldout,984,clear_table_with_two_robots_and_put_in_cabinet,1,0,0,0,infeasible_assignment,infeasible_assignment
7B,heldout,985,ensure_all_fruits_on_table,0,0,0,0,GOAL_UNMET,GOAL_UNMET
7B,heldout,987,set_plate_and_fork_on_table,0,0,0,0,GOAL_UNMET,GOAL_UNMET
7B,heldout,991,dog_push_box_for_two_panda_transport,1,0,0,0,infeasible_assignment,infeasible_assignment
7B,heldout,993,dog_push_box_for_two_panda_transport,1,0,0,0,infeasible_assignment,infeasible_assignment
7B,heldout,995,parallel_human_dual_asset_to_plate_or_bowl,0,1,1,1,SOLVED,SOLVED
7B,heldout,996,ensure_all_fruits_on_table,0,0,0,0,GOAL_UNMET,GOAL_UNMET
7B,heldout,997,clear_table_with_two_robots_and_put_in_cabinet,1,0,0,0,infeasible_assignment,infeasible_assignment
7B,heldout,999,cut_two_fruits_on_board,0,0,0,0,GOAL_UNMET,GOAL_UNMET
7B,heldout,1000,clear_table_with_two_robots_and_put_in_cabinet,0,0,0,0,GOAL_UNMET,GOAL_UNMET
7B,heldout,1002,ensure_all_fruits_on_table,0,0,0,0,GOAL_UNMET,GOAL_UNMET
7B,heldout,1005,toast_bread_and_set_plate,0,0,0,0,GOAL_UNMET,GOAL_UNMET
7B,heldout,1010,ensure_all_fruits_on_table,0,0,0,0,GOAL_UNMET,GOAL_UNMET
7B,heldout,1013,toast_bread_and_set_plate,0,0,0,0,GOAL_UNMET,GOAL_UNMET
7B,heldout,1014,clear_table_with_two_robots_and_put_in_cabinet,1,0,0,0,infeasible_assignment,infeasible_assignment
7B,heldout,1019,toast_bread_and_set_plate,0,0,0,0,GOAL_UNMET,GOAL_UNMET
7B,heldout,1020,clear_table_with_two_robots_and_put_in_cabinet,1,0,0,0,infeasible_assignment,infeasible_assignment
7B,heldout,1021,set_plate_and_fork_on_table,0,0,0,0,GOAL_UNMET,GOAL_UNMET
7B,heldout,1026,clear_table_with_two_robots_and_put_in_cabinet,1,0,0,0,infeasible_assignment,infeasible_assignment
7B,heldout,1027,cut_two_fruits_on_board,0,0,0,0,GOAL_UNMET,GOAL_UNMET
7B,heldout,1029,cut_two_fruits_on_board,0,0,0,0,OVER_BUDGET,OVER_BUDGET
7B,heldout,1030,set_plate_and_fork_on_table,0,0,0,0,GOAL_UNMET,GOAL_UNMET
7B,heldout,1032,ensure_all_fruits_on_table,0,0,0,0,GOAL_UNMET,GOAL_UNMET
7B,heldout,1034,toast_bread_and_set_plate,0,0,0,0,GOAL_UNMET,GOAL_UNMET
7B,heldout,1037,set_plate_and_fork_on_table,0,0,0,0,GOAL_UNMET,GOAL_UNMET
7B,heldout,1039,cut_fruit_on_board,0,1,1,1,SOLVED,SOLVED
7B,heldout,1040,toast_bread_and_set_plate,0,0,0,0,GOAL_UNMET,GOAL_UNMET
7B,heldout,1042,cut_two_fruits_on_board,0,0,0,0,GOAL_UNMET,GOAL_UNMET
7B,heldout,1043,cut_fruit_on_board,0,1,1,1,SOLVED,SOLVED
7B,heldout,1044,set_plate_and_fork_on_table,0,0,0,0,GOAL_UNMET,GOAL_UNMET
7B,heldout,1045,cut_two_fruits_on_board,0,0,0,0,GOAL_UNMET,GOAL_UNMET
7B,heldout,1048,toast_bread_and_set_plate,0,0,0,0,GOAL_UNMET,GOAL_UNMET
7B,heldout,1050,clear_table_with_two_robots_and_put_in_cabinet,1,0,0,0,infeasible_assignment,infeasible_assignment
7B,heldout,1051,cut_fruit_on_board,0,0,0,0,GOAL_UNMET,GOAL_UNMET
7B,heldout,1053,clear_table_with_two_robots_and_put_in_cabinet,1,0,0,0,infeasible_assignment,infeasible_assignment
7B,heldout,1054,clear_table_with_two_robots_and_put_in_cabinet,1,0,0,0,infeasible_assignment,infeasible_assignment
7B,heldout,1058,cut_fruit_on_board,0,0,0,0,GOAL_UNMET,GOAL_UNMET
7B,heldout,1060,ensure_all_fruits_on_table,0,0,0,0,GOAL_UNMET,GOAL_UNMET
7B,heldout,1061,parallel_human_dual_asset_to_plate_or_bowl,0,0,0,0,OVER_BUDGET,OVER_BUDGET
7B,heldout,1063,cut_fruit_on_board,0,1,1,1,SOLVED,SOLVED
7B,heldout,1064,dog_push_box_for_two_panda_transport,0,0,0,0,NO_USABLE_WORK,NO_USABLE_WORK
7B,heldout,1066,toast_bread_and_set_plate,0,0,0,0,GOAL_UNMET,GOAL_UNMET
7B,heldout,1067,clear_table_with_two_robots_and_put_in_cabinet,1,0,0,0,infeasible_assignment,infeasible_assignment
7B,heldout,1068,parallel_human_dual_asset_to_plate_or_bowl,0,1,1,1,SOLVED,SOLVED
7B,heldout,1070,parallel_human_dual_asset_to_plate_or_bowl,0,0,0,0,OVER_BUDGET,OVER_BUDGET
7B,heldout,1072,dog_push_box_for_two_panda_transport,1,0,0,0,infeasible_assignment,infeasible_assignment
7B,heldout,1075,cut_fruit_on_board,0,0,0,0,GOAL_UNMET,GOAL_UNMET
7B,heldout,1076,ensure_all_fruits_on_table,0,0,0,0,GOAL_UNMET,GOAL_UNMET
7B,heldout,1079,cut_fruit_on_board,0,0,0,0,GOAL_UNMET,GOAL_UNMET
7B,heldout,1080,toast_bread_and_set_plate,0,0,0,0,GOAL_UNMET,GOAL_UNMET
7B,heldout,1081,ensure_all_fruits_on_table,0,0,0,0,GOAL_UNMET,GOAL_UNMET
7B,heldout,1082,clear_table_with_two_robots_and_put_in_cabinet,1,0,0,0,infeasible_assignment,infeasible_assignment
7B,heldout,1085,clear_table_with_two_robots_and_put_in_cabinet,1,0,0,0,infeasible_assignment,infeasible_assignment
7B,heldout,1096,clear_table_with_two_robots_and_put_in_cabinet,1,0,0,0,infeasible_assignment,infeasible_assignment
7B,heldout,1098,set_plate_and_fork_on_table,0,0,0,0,GOAL_UNMET,GOAL_UNMET
7B,heldout,1103,dog_push_box_for_two_panda_transport,1,0,0,0,infeasible_assignment,infeasible_assignment
7B,heldout,1104,cut_fruit_on_board,0,0,0,0,GOAL_UNMET,GOAL_UNMET
7B,heldout,1105,cut_two_fruits_on_board,0,0,0,0,GOAL_UNMET,GOAL_UNMET
7B,heldout,1106,cut_fruit_on_board,0,1,1,1,SOLVED,SOLVED
7B,heldout,1107,clear_table_with_two_robots_and_put_in_cabinet,1,0,0,0,infeasible_assignment,infeasible_assignment
7B,heldout,1108,clear_table_with_two_robots_and_put_in_cabinet,1,0,0,0,infeasible_assignment,infeasible_assignment
7B,heldout,1109,clear_table_with_two_robots_and_put_in_cabinet,1,0,0,0,infeasible_assignment,infeasible_assignment
7B,heldout,1110,clear_table_with_two_robots_and_put_in_cabinet,0,0,0,0,NO_USABLE_WORK,NO_USABLE_WORK
7B,heldout,1113,ensure_all_fruits_on_table,0,0,0,0,GOAL_UNMET,GOAL_UNMET
7B,heldout,1114,cut_two_fruits_on_board,0,0,0,0,GOAL_UNMET,GOAL_UNMET
7B,heldout,1117,dog_push_box_for_two_panda_transport,1,0,0,0,infeasible_assignment,infeasible_assignment
7B,heldout,1122,ensure_all_fruits_on_table,0,0,0,0,GOAL_UNMET,GOAL_UNMET
7B,heldout,1124,set_plate_and_fork_on_table,0,0,0,0,GOAL_UNMET,GOAL_UNMET
7B,heldout,1125,ensure_all_fruits_on_table,0,0,0,0,GOAL_UNMET,GOAL_UNMET
7B,heldout,1126,cut_two_fruits_on_board,0,0,0,0,OVER_BUDGET,OVER_BUDGET
7B,heldout,1127,cut_two_fruits_on_board,0,0,0,0,GOAL_UNMET,GOAL_UNMET
7B,heldout,1128,toast_bread_and_set_plate,0,0,0,0,GOAL_UNMET,GOAL_UNMET
7B,heldout,1130,toast_bread_and_set_plate,0,0,0,0,GOAL_UNMET,GOAL_UNMET
7B,heldout,1134,toast_bread_and_set_plate,0,0,0,0,GOAL_UNMET,GOAL_UNMET
7B,heldout,1135,cut_fruit_on_board,0,0,0,0,GOAL_UNMET,GOAL_UNMET
7B,heldout,1136,clear_table_with_two_robots_and_put_in_cabinet,1,0,0,0,infeasible_assignment,infeasible_assignment
7B,heldout,1138,clear_table_with_two_robots_and_put_in_cabinet,1,0,0,0,infeasible_assignment,infeasible_assignment
7B,heldout,1143,toast_bread_and_set_plate,0,0,0,0,GOAL_UNMET,GOAL_UNMET
7B,heldout,1146,parallel_human_dual_asset_to_plate_or_bowl,0,0,0,0,OVER_BUDGET,OVER_BUDGET
7B,heldout,1149,clear_table_with_two_robots_and_put_in_cabinet,1,0,0,0,infeasible_assignment,infeasible_assignment
7B,heldout,1152,cut_two_fruits_on_board,0,0,0,0,GOAL_UNMET,GOAL_UNMET
7B,heldout,1153,clear_table_with_two_robots_and_put_in_cabinet,1,0,0,0,infeasible_assignment,infeasible_assignment
7B,heldout,1155,cut_two_fruits_on_board,0,0,0,0,GOAL_UNMET,GOAL_UNMET
7B,heldout,1156,parallel_human_dual_asset_to_plate_or_bowl,0,0,0,0,NO_USABLE_WORK,NO_USABLE_WORK
7B,heldout,1157,dog_push_box_for_two_panda_transport,1,0,0,0,infeasible_assignment,infeasible_assignment
7B,heldout,1158,cut_fruit_on_board,0,1,1,1,SOLVED,SOLVED
7B,heldout,1159,clear_table_with_two_robots_and_put_in_cabinet,1,0,0,0,infeasible_assignment,infeasible_assignment
7B,heldout,1162,parallel_human_dual_asset_to_plate_or_bowl,0,0,0,0,NO_USABLE_WORK,NO_USABLE_WORK
7B,heldout,1163,cut_fruit_on_board,0,0,0,0,GOAL_UNMET,GOAL_UNMET
7B,heldout,1164,clear_table_with_two_robots_and_put_in_cabinet,1,0,0,0,infeasible_assignment,infeasible_assignment
7B,heldout,1165,ensure_all_fruits_on_table,1,0,0,0,infeasible_assignment,infeasible_assignment
7B,heldout,1167,clear_table_with_two_robots_and_put_in_cabinet,1,0,0,0,infeasible_assignment,infeasible_assignment
7B,heldout,1173,clear_table_with_two_robots_and_put_in_cabinet,1,0,0,0,infeasible_assignment,infeasible_assignment
7B,heldout,1174,clear_table_with_two_robots_and_put_in_cabinet,1,0,0,0,infeasible_assignment,infeasible_assignment
7B,heldout,1176,toast_bread_and_set_plate,0,0,0,0,GOAL_UNMET,GOAL_UNMET
7B,heldout,1180,clear_table_with_two_robots_and_put_in_cabinet,1,0,0,0,infeasible_assignment,infeasible_assignment
7B,heldout,1181,clear_table_with_two_robots_and_put_in_cabinet,1,0,0,0,infeasible_assignment,infeasible_assignment
7B,heldout,1185,cut_fruit_on_board,0,1,1,1,SOLVED,SOLVED
7B,heldout,1187,clear_table_with_two_robots_and_put_in_cabinet,1,0,0,0,infeasible_assignment,infeasible_assignment
7B,heldout,1189,clear_table_with_two_robots_and_put_in_cabinet,1,0,0,0,infeasible_assignment,infeasible_assignment
7B,heldout,1190,cut_fruit_on_board,0,0,0,0,GOAL_UNMET,GOAL_UNMET
7B,heldout,1192,cut_two_fruits_on_board,0,0,0,0,GOAL_UNMET,GOAL_UNMET
7B,heldout,1193,cut_two_fruits_on_board,0,0,0,0,OVER_BUDGET,OVER_BUDGET
7B,heldout,1195,set_plate_and_fork_on_table,0,0,0,0,GOAL_UNMET,GOAL_UNMET
7B,heldout,1197,dog_push_box_for_two_panda_transport,1,0,0,0,infeasible_assignment,infeasible_assignment
7B,heldout,1200,cut_two_fruits_on_board,0,0,0,0,GOAL_UNMET,GOAL_UNMET
7B,heldout,1201,cut_two_fruits_on_board,0,0,0,0,OVER_BUDGET,OVER_BUDGET
7B,heldout,1202,parallel_human_dual_asset_to_plate_or_bowl,0,0,0,0,OVER_BUDGET,OVER_BUDGET
7B,heldout,1204,clear_table_with_two_robots_and_put_in_cabinet,1,0,0,0,infeasible_assignment,infeasible_assignment
7B,heldout,1205,clear_table_with_two_robots_and_put_in_cabinet,1,0,0,0,infeasible_assignment,infeasible_assignment
7B,heldout,1207,cut_fruit_on_board,0,1,1,1,SOLVED,SOLVED
7B,heldout,1210,cut_fruit_on_board,0,1,1,1,SOLVED,SOLVED
7B,heldout,1218,parallel_human_dual_asset_to_plate_or_bowl,0,0,0,0,OVER_BUDGET,OVER_BUDGET
7B,heldout,1219,clear_table_with_two_robots_and_put_in_cabinet,1,0,0,0,infeasible_assignment,infeasible_assignment
7B,heldout,1224,cut_fruit_on_board,0,1,1,1,SOLVED,SOLVED
7B,heldout,1225,toast_bread_and_set_plate,0,0,0,0,GOAL_UNMET,GOAL_UNMET
7B,heldout,1226,parallel_human_dual_asset_to_plate_or_bowl,0,1,1,1,SOLVED,SOLVED
7B,heldout,1227,cut_fruit_on_board,0,0,0,0,GOAL_UNMET,GOAL_UNMET
7B,heldout,1228,cut_fruit_on_board,0,1,1,1,SOLVED,SOLVED
7B,heldout,1231,set_plate_and_fork_on_table,0,0,0,0,GOAL_UNMET,GOAL_UNMET
7B,heldout,1232,cut_two_fruits_on_board,0,0,0,0,GOAL_UNMET,GOAL_UNMET
7B,heldout,1233,cut_fruit_on_board,0,1,1,1,SOLVED,SOLVED
7B,heldout,1234,cut_fruit_on_board,0,1,1,1,SOLVED,SOLVED
7B,heldout,1235,toast_bread_and_set_plate,0,0,0,0,GOAL_UNMET,GOAL_UNMET
7B,heldout,1236,set_plate_and_fork_on_table,0,0,0,0,GOAL_UNMET,GOAL_UNMET
7B,heldout,1241,clear_table_with_two_robots_and_put_in_cabinet,1,0,0,0,infeasible_assignment,infeasible_assignment
7B,heldout,1244,clear_table_with_two_robots_and_put_in_cabinet,1,0,0,0,infeasible_assignment,infeasible_assignment
7B,heldout,1247,cut_fruit_on_board,0,0,0,0,GOAL_UNMET,GOAL_UNMET
7B,heldout,1248,cut_fruit_on_board,0,0,0,0,GOAL_UNMET,GOAL_UNMET
7B,heldout,1252,toast_bread_and_set_plate,0,0,0,0,GOAL_UNMET,GOAL_UNMET
7B,heldout,1253,clear_table_with_two_robots_and_put_in_cabinet,1,0,0,0,infeasible_assignment,infeasible_assignment
7B,heldout,1255,toast_bread_and_set_plate,0,0,0,0,GOAL_UNMET,GOAL_UNMET
7B,heldout,1257,set_plate_and_fork_on_table,0,0,0,0,GOAL_UNMET,GOAL_UNMET
7B,heldout,1260,clear_table_with_two_robots_and_put_in_cabinet,1,0,0,0,infeasible_assignment,infeasible_assignment
7B,heldout,1261,clear_table_with_two_robots_and_put_in_cabinet,1,0,0,0,infeasible_assignment,infeasible_assignment
7B,heldout,1263,ensure_all_fruits_on_table,0,0,0,0,GOAL_UNMET,GOAL_UNMET
7B,heldout,1264,clear_table_with_two_robots_and_put_in_cabinet,1,0,0,0,infeasible_assignment,infeasible_assignment
7B,heldout,1265,cut_fruit_on_board,0,0,0,0,GOAL_UNMET,GOAL_UNMET
7B,heldout,1267,clear_table_with_two_robots_and_put_in_cabinet,1,0,0,0,infeasible_assignment,infeasible_assignment
7B,heldout,1268,set_plate_and_fork_on_table,0,0,0,0,GOAL_UNMET,GOAL_UNMET
7B,heldout,1272,clear_table_with_two_robots_and_put_in_cabinet,1,0,0,0,infeasible_assignment,infeasible_assignment
7B,heldout,1274,cut_fruit_on_board,0,0,0,0,GOAL_UNMET,GOAL_UNMET
7B,heldout,1276,clear_table_with_two_robots_and_put_in_cabinet,0,0,0,0,NO_USABLE_WORK,NO_USABLE_WORK
7B,heldout,1277,clear_table_with_two_robots_and_put_in_cabinet,1,0,0,0,infeasible_assignment,infeasible_assignment
7B,heldout,1280,cut_two_fruits_on_board,0,0,0,0,OVER_BUDGET,OVER_BUDGET
7B,heldout,1281,clear_table_with_two_robots_and_put_in_cabinet,1,0,0,0,infeasible_assignment,infeasible_assignment
7B,heldout,1282,parallel_human_dual_asset_to_plate_or_bowl,0,0,0,0,NO_USABLE_WORK,NO_USABLE_WORK
7B,heldout,1285,ensure_all_fruits_on_table,0,0,0,0,GOAL_UNMET,GOAL_UNMET
7B,heldout,1286,clear_table_with_two_robots_and_put_in_cabinet,1,0,0,0,infeasible_assignment,infeasible_assignment
7B,heldout,1289,toast_bread_and_set_plate,0,0,0,0,GOAL_UNMET,GOAL_UNMET
7B,heldout,1291,cut_fruit_on_board,0,1,1,1,SOLVED,SOLVED
7B,heldout,1293,set_plate_and_fork_on_table,0,0,0,0,NO_USABLE_WORK,NO_USABLE_WORK
7B,heldout,1294,cut_two_fruits_on_board,0,0,0,0,GOAL_UNMET,GOAL_UNMET
7B,heldout,1295,set_plate_and_fork_on_table,0,0,0,0,GOAL_UNMET,GOAL_UNMET
7B,heldout,1300,toast_bread_and_set_plate,0,0,0,0,GOAL_UNMET,GOAL_UNMET
7B,heldout,1303,ensure_all_fruits_on_table,0,0,0,0,GOAL_UNMET,GOAL_UNMET
7B,heldout,1304,set_plate_and_fork_on_table,0,0,0,0,GOAL_UNMET,GOAL_UNMET
7B,heldout,1306,dog_push_box_for_two_panda_transport,1,0,0,0,infeasible_assignment,infeasible_assignment
7B,heldout,1307,clear_table_with_two_robots_and_put_in_cabinet,1,0,0,0,infeasible_assignment,infeasible_assignment
7B,heldout,1308,clear_table_with_two_robots_and_put_in_cabinet,1,0,0,0,infeasible_assignment,infeasible_assignment
7B,heldout,1311,toast_bread_and_set_plate,0,0,0,0,GOAL_UNMET,GOAL_UNMET
7B,heldout,1312,cut_fruit_on_board,0,1,1,1,SOLVED,SOLVED
7B,heldout,1313,set_plate_and_fork_on_table,0,0,0,0,GOAL_UNMET,GOAL_UNMET
7B,heldout,1314,set_plate_and_fork_on_table,0,0,0,0,GOAL_UNMET,GOAL_UNMET
7B,heldout,1315,clear_table_with_two_robots_and_put_in_cabinet,1,0,0,0,infeasible_assignment,infeasible_assignment
7B,heldout,1317,parallel_human_dual_asset_to_plate_or_bowl,0,1,1,1,SOLVED,SOLVED
7B,heldout,1320,ensure_all_fruits_on_table,0,0,0,0,GOAL_UNMET,GOAL_UNMET
7B,heldout,1321,cut_fruit_on_board,0,1,1,1,SOLVED,SOLVED
7B,heldout,1322,cut_fruit_on_board,0,1,1,1,SOLVED,SOLVED
7B,heldout,1325,cut_two_fruits_on_board,0,0,0,0,OVER_BUDGET,OVER_BUDGET
7B,heldout,1327,clear_table_with_two_robots_and_put_in_cabinet,1,0,0,0,infeasible_assignment,infeasible_assignment
7B,heldout,1328,cut_fruit_on_board,0,1,1,1,SOLVED,SOLVED
7B,heldout,1330,ensure_all_fruits_on_table,0,0,0,0,GOAL_UNMET,GOAL_UNMET
7B,heldout,1331,cut_fruit_on_board,0,0,0,0,GOAL_UNMET,GOAL_UNMET
7B,heldout,1333,dog_push_box_for_two_panda_transport,1,0,0,0,infeasible_assignment,infeasible_assignment
7B,heldout,1338,clear_table_with_two_robots_and_put_in_cabinet,1,0,0,0,infeasible_assignment,infeasible_assignment
7B,heldout,1342,clear_table_with_two_robots_and_put_in_cabinet,1,0,0,0,infeasible_assignment,infeasible_assignment
7B,heldout,1345,set_plate_and_fork_on_table,0,0,0,0,GOAL_UNMET,GOAL_UNMET
7B,heldout,1348,dog_push_box_for_two_panda_transport,0,0,0,0,NO_USABLE_WORK,NO_USABLE_WORK
7B,heldout,1350,cut_two_fruits_on_board,0,0,0,0,GOAL_UNMET,GOAL_UNMET
7B,heldout,1351,toast_bread_and_set_plate,0,0,0,0,GOAL_UNMET,GOAL_UNMET
7B,heldout,1352,ensure_all_fruits_on_table,0,0,0,0,GOAL_UNMET,GOAL_UNMET
7B,heldout,1353,ensure_all_fruits_on_table,0,0,0,0,GOAL_UNMET,GOAL_UNMET
7B,heldout,1355,clear_table_with_two_robots_and_put_in_cabinet,1,0,0,0,infeasible_assignment,infeasible_assignment
7B,heldout,1356,ensure_all_fruits_on_table,1,0,0,0,infeasible_assignment,infeasible_assignment
7B,heldout,1357,cut_two_fruits_on_board,0,0,0,0,OVER_BUDGET,OVER_BUDGET
7B,heldout,1358,dog_push_box_for_two_panda_transport,0,0,0,0,GOAL_UNMET,GOAL_UNMET
7B,heldout,1359,set_plate_and_fork_on_table,0,0,0,0,GOAL_UNMET,GOAL_UNMET
7B,heldout,1361,set_plate_and_fork_on_table,0,0,0,0,GOAL_UNMET,GOAL_UNMET
7B,heldout,1363,clear_table_with_two_robots_and_put_in_cabinet,1,0,0,0,infeasible_assignment,infeasible_assignment
7B,heldout,1365,cut_fruit_on_board,0,1,1,1,SOLVED,SOLVED
7B,heldout,1366,cut_fruit_on_board,0,0,0,0,GOAL_UNMET,GOAL_UNMET
7B,heldout,1373,clear_table_with_two_robots_and_put_in_cabinet,1,0,0,0,infeasible_assignment,infeasible_assignment
7B,heldout,1374,cut_two_fruits_on_board,0,0,0,0,OVER_BUDGET,OVER_BUDGET
7B,heldout,1378,clear_table_with_two_robots_and_put_in_cabinet,1,0,0,0,infeasible_assignment,infeasible_assignment
7B,heldout,1379,set_plate_and_fork_on_table,0,0,0,0,GOAL_UNMET,GOAL_UNMET
7B,heldout,1380,ensure_all_fruits_on_table,0,0,0,0,GOAL_UNMET,GOAL_UNMET
7B,heldout,1383,cut_fruit_on_board,0,0,0,0,GOAL_UNMET,GOAL_UNMET
7B,heldout,1384,set_plate_and_fork_on_table,0,0,0,0,GOAL_UNMET,GOAL_UNMET
7B,heldout,1385,clear_table_with_two_robots_and_put_in_cabinet,1,0,0,0,infeasible_assignment,infeasible_assignment
7B,heldout,1387,cut_fruit_on_board,0,1,1,1,SOLVED,SOLVED
7B,heldout,1388,toast_bread_and_set_plate,0,0,0,0,GOAL_UNMET,GOAL_UNMET
7B,heldout,1389,cut_two_fruits_on_board,0,1,1,1,SOLVED,SOLVED
7B,heldout,1392,cut_fruit_on_board,0,0,0,0,GOAL_UNMET,GOAL_UNMET
7B,heldout,1393,cut_two_fruits_on_board,0,0,0,0,GOAL_UNMET,GOAL_UNMET
7B,heldout,1395,dog_push_box_for_two_panda_transport,1,0,0,0,infeasible_assignment,infeasible_assignment
7B,heldout,1397,cut_two_fruits_on_board,0,0,0,0,GOAL_UNMET,GOAL_UNMET
7B,heldout,1398,cut_two_fruits_on_board,0,0,0,0,GOAL_UNMET,GOAL_UNMET
7B,heldout,1399,clear_table_with_two_robots_and_put_in_cabinet,1,0,0,0,infeasible_assignment,infeasible_assignment
7B,heldout,1400,parallel_human_dual_asset_to_plate_or_bowl,0,1,1,1,SOLVED,SOLVED
7B,heldout,1401,toast_bread_and_set_plate,0,0,0,0,GOAL_UNMET,GOAL_UNMET
7B,heldout,1402,set_plate_and_fork_on_table,0,0,0,0,OVER_BUDGET,OVER_BUDGET
7B,heldout,1403,cut_fruit_on_board,0,0,0,0,GOAL_UNMET,GOAL_UNMET
7B,heldout,1404,dog_push_box_for_two_panda_transport,1,0,0,0,infeasible_assignment,infeasible_assignment
7B,heldout,1405,cut_two_fruits_on_board,0,0,0,0,OVER_BUDGET,OVER_BUDGET
7B,heldout,1406,cut_fruit_on_board,0,1,1,1,SOLVED,SOLVED
7B,heldout,1410,cut_fruit_on_board,0,0,0,0,GOAL_UNMET,GOAL_UNMET
7B,heldout,1411,cut_fruit_on_board,0,0,0,0,GOAL_UNMET,GOAL_UNMET
7B,heldout,1413,clear_table_with_two_robots_and_put_in_cabinet,0,0,0,0,NO_USABLE_WORK,NO_USABLE_WORK
7B,heldout,1415,clear_table_with_two_robots_and_put_in_cabinet,1,0,0,0,infeasible_assignment,infeasible_assignment
7B,heldout,1416,toast_bread_and_set_plate,0,0,0,0,GOAL_UNMET,GOAL_UNMET
7B,heldout,1419,dog_push_box_for_two_panda_transport,1,0,0,0,infeasible_assignment,infeasible_assignment
7B,heldout,1420,cut_fruit_on_board,0,0,0,0,GOAL_UNMET,GOAL_UNMET
7B,heldout,1424,dog_push_box_for_two_panda_transport,1,0,0,0,infeasible_assignment,infeasible_assignment
7B,heldout,1425,dog_push_box_for_two_panda_transport,0,0,0,0,GOAL_UNMET,GOAL_UNMET
7B,heldout,1429,ensure_all_fruits_on_table,0,0,0,0,GOAL_UNMET,GOAL_UNMET
7B,heldout,1431,clear_table_with_two_robots_and_put_in_cabinet,1,0,0,0,infeasible_assignment,infeasible_assignment
7B,heldout,1432,cut_two_fruits_on_board,0,0,0,0,OVER_BUDGET,OVER_BUDGET
7B,heldout,1434,clear_table_with_two_robots_and_put_in_cabinet,1,0,0,0,infeasible_assignment,infeasible_assignment
7B,heldout,1439,parallel_human_dual_asset_to_plate_or_bowl,0,0,0,0,NO_USABLE_WORK,NO_USABLE_WORK
7B,heldout,1440,clear_table_with_two_robots_and_put_in_cabinet,1,0,0,0,infeasible_assignment,infeasible_assignment
7B,heldout,1442,cut_fruit_on_board,0,0,0,0,GOAL_UNMET,GOAL_UNMET
7B,heldout,1443,cut_fruit_on_board,0,1,1,1,SOLVED,SOLVED
7B,heldout,1444,clear_table_with_two_robots_and_put_in_cabinet,1,0,0,0,infeasible_assignment,infeasible_assignment
7B,heldout,1447,clear_table_with_two_robots_and_put_in_cabinet,1,0,0,0,infeasible_assignment,infeasible_assignment
7B,heldout,1450,cut_two_fruits_on_board,0,0,0,0,GOAL_UNMET,GOAL_UNMET
7B,heldout,1451,clear_table_with_two_robots_and_put_in_cabinet,1,0,0,0,infeasible_assignment,infeasible_assignment
7B,heldout,1455,cut_fruit_on_board,0,1,1,1,SOLVED,SOLVED
7B,heldout,1456,clear_table_with_two_robots_and_put_in_cabinet,1,0,0,0,infeasible_assignment,infeasible_assignment
7B,heldout,1459,toast_bread_and_set_plate,0,0,0,0,GOAL_UNMET,GOAL_UNMET
7B,heldout,1460,ensure_all_fruits_on_table,0,1,1,1,SOLVED,SOLVED
7B,heldout,1465,cut_fruit_on_board,0,1,1,1,SOLVED,SOLVED
7B,heldout,1467,dog_push_box_for_two_panda_transport,1,0,0,0,infeasible_assignment,infeasible_assignment
7B,heldout,1468,clear_table_with_two_robots_and_put_in_cabinet,1,0,0,0,infeasible_assignment,infeasible_assignment
7B,heldout,1470,cut_fruit_on_board,0,0,0,0,GOAL_UNMET,GOAL_UNMET
7B,heldout,1473,cut_fruit_on_board,0,0,0,0,GOAL_UNMET,GOAL_UNMET
7B,heldout,1475,cut_fruit_on_board,0,1,1,1,SOLVED,SOLVED
7B,heldout,1477,cut_fruit_on_board,0,0,0,0,GOAL_UNMET,GOAL_UNMET
7B,heldout,1483,toast_bread_and_set_plate,0,0,0,0,GOAL_UNMET,GOAL_UNMET
7B,heldout,1484,cut_two_fruits_on_board,0,0,0,0,GOAL_UNMET,GOAL_UNMET
7B,heldout,1485,parallel_human_dual_asset_to_plate_or_bowl,0,0,0,0,NO_USABLE_WORK,NO_USABLE_WORK
7B,heldout,1487,clear_table_with_two_robots_and_put_in_cabinet,1,0,0,0,infeasible_assignment,infeasible_assignment
7B,heldout,1490,cut_fruit_on_board,0,0,0,0,GOAL_UNMET,GOAL_UNMET
7B,heldout,1492,clear_table_with_two_robots_and_put_in_cabinet,1,0,0,0,infeasible_assignment,infeasible_assignment
7B,heldout,1493,clear_table_with_two_robots_and_put_in_cabinet,1,0,0,0,infeasible_assignment,infeasible_assignment
7B,heldout,1496,cut_fruit_on_board,0,0,0,0,GOAL_UNMET,GOAL_UNMET
7B,heldout,1497,toast_bread_and_set_plate,0,0,0,0,GOAL_UNMET,GOAL_UNMET
7B,heldout,1503,toast_bread_and_set_plate,0,0,0,0,GOAL_UNMET,GOAL_UNMET
7B,heldout,1505,cut_fruit_on_board,0,0,0,0,GOAL_UNMET,GOAL_UNMET
7B,heldout,1506,ensure_all_fruits_on_table,0,0,0,0,GOAL_UNMET,GOAL_UNMET
7B,heldout,1507,cut_fruit_on_board,0,1,1,1,SOLVED,SOLVED
7B,heldout,1509,set_plate_and_fork_on_table,0,0,0,0,GOAL_UNMET,GOAL_UNMET
7B,heldout,1510,clear_table_with_two_robots_and_put_in_cabinet,1,0,0,0,infeasible_assignment,infeasible_assignment
7B,heldout,1511,clear_table_with_two_robots_and_put_in_cabinet,1,0,0,0,infeasible_assignment,infeasible_assignment
7B,heldout,1512,toast_bread_and_set_plate,0,0,0,0,GOAL_UNMET,GOAL_UNMET
7B,heldout,1515,cut_two_fruits_on_board,0,0,0,0,GOAL_UNMET,GOAL_UNMET
7B,heldout,1516,clear_table_with_two_robots_and_put_in_cabinet,0,0,0,0,NO_USABLE_WORK,NO_USABLE_WORK
7B,heldout,1520,cut_two_fruits_on_board,0,0,0,0,GOAL_UNMET,GOAL_UNMET
7B,heldout,1521,parallel_human_dual_asset_to_plate_or_bowl,0,1,1,1,SOLVED,SOLVED
7B,heldout,1522,cut_two_fruits_on_board,0,0,0,0,GOAL_UNMET,GOAL_UNMET
7B,heldout,1523,cut_two_fruits_on_board,0,0,0,0,GOAL_UNMET,GOAL_UNMET
7B,heldout,1525,set_plate_and_fork_on_table,0,0,0,0,GOAL_UNMET,GOAL_UNMET
7B,heldout,1527,dog_push_box_for_two_panda_transport,1,0,0,0,infeasible_assignment,infeasible_assignment
7B,heldout,1528,dog_push_box_for_two_panda_transport,1,0,0,0,infeasible_assignment,infeasible_assignment
7B,heldout,1530,clear_table_with_two_robots_and_put_in_cabinet,0,0,0,0,NO_USABLE_WORK,NO_USABLE_WORK
7B,heldout,1532,dog_push_box_for_two_panda_transport,1,0,0,0,infeasible_assignment,infeasible_assignment
7B,heldout,1533,clear_table_with_two_robots_and_put_in_cabinet,1,0,0,0,infeasible_assignment,infeasible_assignment
7B,heldout,1534,set_plate_and_fork_on_table,0,0,0,0,GOAL_UNMET,GOAL_UNMET
7B,heldout,1537,clear_table_with_two_robots_and_put_in_cabinet,1,0,0,0,infeasible_assignment,infeasible_assignment
7B,heldout,1538,parallel_human_dual_asset_to_plate_or_bowl,0,1,1,1,SOLVED,SOLVED
7B,heldout,1539,parallel_human_dual_asset_to_plate_or_bowl,0,0,0,0,OVER_BUDGET,OVER_BUDGET
7B,heldout,1546,cut_two_fruits_on_board,0,0,0,0,GOAL_UNMET,GOAL_UNMET
7B,heldout,1547,parallel_human_dual_asset_to_plate_or_bowl,0,1,1,1,SOLVED,SOLVED
7B,heldout,1548,parallel_human_dual_asset_to_plate_or_bowl,0,0,0,0,NO_USABLE_WORK,NO_USABLE_WORK
7B,heldout,1549,toast_bread_and_set_plate,0,0,0,0,GOAL_UNMET,GOAL_UNMET
7B,heldout,1554,clear_table_with_two_robots_and_put_in_cabinet,1,0,0,0,infeasible_assignment,infeasible_assignment
7B,heldout,1555,parallel_human_dual_asset_to_plate_or_bowl,0,0,0,0,NO_USABLE_WORK,NO_USABLE_WORK
7B,heldout,1556,ensure_all_fruits_on_table,0,0,0,0,GOAL_UNMET,GOAL_UNMET
7B,heldout,1559,cut_fruit_on_board,0,1,1,1,SOLVED,SOLVED
7B,heldout,1560,parallel_human_dual_asset_to_plate_or_bowl,0,1,1,1,SOLVED,SOLVED
7B,heldout,1565,ensure_all_fruits_on_table,0,0,0,0,GOAL_UNMET,GOAL_UNMET
7B,heldout,1569,dog_push_box_for_two_panda_transport,1,0,0,0,infeasible_assignment,infeasible_assignment
7B,heldout,1570,clear_table_with_two_robots_and_put_in_cabinet,1,0,0,0,infeasible_assignment,infeasible_assignment
7B,heldout,1571,cut_fruit_on_board,0,1,1,1,SOLVED,SOLVED
7B,heldout,1574,cut_fruit_on_board,0,1,1,1,SOLVED,SOLVED
7B,heldout,1576,toast_bread_and_set_plate,0,0,0,0,GOAL_UNMET,GOAL_UNMET
7B,heldout,1578,clear_table_with_two_robots_and_put_in_cabinet,1,0,0,0,infeasible_assignment,infeasible_assignment
7B,heldout,1579,cut_two_fruits_on_board,0,1,1,1,SOLVED,SOLVED
7B,heldout,1583,cut_fruit_on_board,0,0,0,0,GOAL_UNMET,GOAL_UNMET
7B,heldout,1584,set_plate_and_fork_on_table,0,0,0,0,GOAL_UNMET,GOAL_UNMET
7B,heldout,1585,cut_fruit_on_board,0,0,0,0,GOAL_UNMET,GOAL_UNMET
7B,heldout,1586,clear_table_with_two_robots_and_put_in_cabinet,1,0,0,0,infeasible_assignment,infeasible_assignment
7B,heldout,1589,toast_bread_and_set_plate,0,0,0,0,GOAL_UNMET,GOAL_UNMET
7B,heldout,1590,cut_fruit_on_board,0,0,0,0,GOAL_UNMET,GOAL_UNMET
7B,heldout,1591,cut_fruit_on_board,0,1,1,1,SOLVED,SOLVED
7B,heldout,1593,dog_push_box_for_two_panda_transport,1,0,0,0,infeasible_assignment,infeasible_assignment
7B,heldout,1594,clear_table_with_two_robots_and_put_in_cabinet,1,0,0,0,infeasible_assignment,infeasible_assignment
7B,heldout,1598,cut_fruit_on_board,0,1,1,1,SOLVED,SOLVED
7B,heldout,1600,toast_bread_and_set_plate,0,0,0,0,GOAL_UNMET,GOAL_UNMET
7B,heldout,1604,toast_bread_and_set_plate,0,0,0,0,GOAL_UNMET,GOAL_UNMET
7B,heldout,1605,ensure_all_fruits_on_table,0,1,1,1,SOLVED,SOLVED
7B,heldout,1609,dog_push_box_for_two_panda_transport,0,0,0,0,GOAL_UNMET,GOAL_UNMET
7B,heldout,1610,cut_fruit_on_board,0,0,0,0,GOAL_UNMET,GOAL_UNMET
7B,heldout,1611,toast_bread_and_set_plate,0,0,0,0,GOAL_UNMET,GOAL_UNMET
7B,heldout,1612,clear_table_with_two_robots_and_put_in_cabinet,1,0,0,0,infeasible_assignment,infeasible_assignment
7B,heldout,1613,cut_fruit_on_board,0,0,0,0,GOAL_UNMET,GOAL_UNMET
7B,heldout,1614,clear_table_with_two_robots_and_put_in_cabinet,1,0,0,0,infeasible_assignment,infeasible_assignment
7B,heldout,1617,cut_two_fruits_on_board,0,0,0,0,GOAL_UNMET,GOAL_UNMET
7B,heldout,1618,cut_fruit_on_board,0,0,0,0,GOAL_UNMET,GOAL_UNMET
7B,heldout,1627,ensure_all_fruits_on_table,0,0,0,0,GOAL_UNMET,GOAL_UNMET
7B,heldout,1628,cut_two_fruits_on_board,0,0,0,0,GOAL_UNMET,GOAL_UNMET
7B,heldout,1629,cut_two_fruits_on_board,0,0,0,0,OVER_BUDGET,OVER_BUDGET
7B,heldout,1630,cut_fruit_on_board,0,0,0,0,GOAL_UNMET,GOAL_UNMET
7B,heldout,1631,ensure_all_fruits_on_table,0,0,0,0,GOAL_UNMET,GOAL_UNMET
7B,heldout,1633,clear_table_with_two_robots_and_put_in_cabinet,1,0,0,0,infeasible_assignment,infeasible_assignment
7B,heldout,1634,dog_push_box_for_two_panda_transport,1,0,0,0,infeasible_assignment,infeasible_assignment
7B,heldout,1635,cut_two_fruits_on_board,0,0,0,0,OVER_BUDGET,OVER_BUDGET
7B,heldout,1637,dog_push_box_for_two_panda_transport,0,0,0,0,NO_USABLE_WORK,NO_USABLE_WORK
7B,heldout,1638,clear_table_with_two_robots_and_put_in_cabinet,1,0,0,0,infeasible_assignment,infeasible_assignment
7B,heldout,1639,clear_table_with_two_robots_and_put_in_cabinet,1,0,0,0,infeasible_assignment,infeasible_assignment
7B,heldout,1641,parallel_human_dual_asset_to_plate_or_bowl,0,0,0,0,NO_USABLE_WORK,NO_USABLE_WORK
7B,heldout,1642,ensure_all_fruits_on_table,0,0,0,0,GOAL_UNMET,GOAL_UNMET
7B,heldout,1643,cut_two_fruits_on_board,0,0,0,0,GOAL_UNMET,GOAL_UNMET
7B,heldout,1644,cut_fruit_on_board,0,1,1,1,SOLVED,SOLVED
7B,heldout,1646,set_plate_and_fork_on_table,0,0,0,0,GOAL_UNMET,GOAL_UNMET
7B,heldout,1647,cut_two_fruits_on_board,0,0,0,0,GOAL_UNMET,GOAL_UNMET
7B,heldout,1648,ensure_all_fruits_on_table,0,0,0,0,GOAL_UNMET,GOAL_UNMET
7B,heldout,1650,cut_fruit_on_board,0,0,0,0,GOAL_UNMET,GOAL_UNMET
7B,heldout,1651,dog_push_box_for_two_panda_transport,1,0,0,0,infeasible_assignment,infeasible_assignment
7B,heldout,1654,cut_fruit_on_board,0,0,0,0,GOAL_UNMET,GOAL_UNMET
7B,heldout,1655,clear_table_with_two_robots_and_put_in_cabinet,1,0,0,0,infeasible_assignment,infeasible_assignment
7B,heldout,1656,toast_bread_and_set_plate,0,0,0,0,GOAL_UNMET,GOAL_UNMET
7B,heldout,1664,clear_table_with_two_robots_and_put_in_cabinet,1,0,0,0,infeasible_assignment,infeasible_assignment
7B,heldout,1665,cut_two_fruits_on_board,0,0,0,0,GOAL_UNMET,GOAL_UNMET
7B,heldout,1666,ensure_all_fruits_on_table,0,0,0,0,GOAL_UNMET,GOAL_UNMET
7B,heldout,1668,ensure_all_fruits_on_table,0,0,0,0,GOAL_UNMET,GOAL_UNMET
7B,heldout,1670,set_plate_and_fork_on_table,0,0,0,0,GOAL_UNMET,GOAL_UNMET
7B,heldout,1671,cut_two_fruits_on_board,0,0,0,0,GOAL_UNMET,GOAL_UNMET
7B,heldout,1672,parallel_human_dual_asset_to_plate_or_bowl,0,0,0,0,OVER_BUDGET,OVER_BUDGET
7B,heldout,1674,clear_table_with_two_robots_and_put_in_cabinet,1,0,0,0,infeasible_assignment,infeasible_assignment
7B,heldout,1675,ensure_all_fruits_on_table,0,0,0,0,GOAL_UNMET,GOAL_UNMET
7B,heldout,1677,clear_table_with_two_robots_and_put_in_cabinet,1,0,0,0,infeasible_assignment,infeasible_assignment
7B,heldout,1678,cut_fruit_on_board,0,0,0,0,GOAL_UNMET,GOAL_UNMET
7B,heldout,1679,parallel_human_dual_asset_to_plate_or_bowl,0,1,1,1,SOLVED,SOLVED
7B,heldout,1680,cut_two_fruits_on_board,0,0,0,0,GOAL_UNMET,GOAL_UNMET
7B,heldout,1682,ensure_all_fruits_on_table,0,0,0,0,GOAL_UNMET,GOAL_UNMET
7B,heldout,1684,parallel_human_dual_asset_to_plate_or_bowl,0,0,0,0,NO_USABLE_WORK,NO_USABLE_WORK
7B,heldout,1685,set_plate_and_fork_on_table,0,0,0,0,GOAL_UNMET,GOAL_UNMET
7B,heldout,1686,clear_table_with_two_robots_and_put_in_cabinet,1,0,0,0,infeasible_assignment,infeasible_assignment
7B,heldout,1689,parallel_human_dual_asset_to_plate_or_bowl,0,1,1,1,SOLVED,SOLVED
7B,heldout,1690,cut_two_fruits_on_board,0,0,0,0,GOAL_UNMET,GOAL_UNMET
7B,heldout,1693,clear_table_with_two_robots_and_put_in_cabinet,1,0,0,0,infeasible_assignment,infeasible_assignment
7B,heldout,1694,clear_table_with_two_robots_and_put_in_cabinet,1,0,0,0,infeasible_assignment,infeasible_assignment
7B,heldout,1696,toast_bread_and_set_plate,0,0,0,0,GOAL_UNMET,GOAL_UNMET
7B,heldout,1697,clear_table_with_two_robots_and_put_in_cabinet,1,0,0,0,infeasible_assignment,infeasible_assignment
7B,heldout,1703,toast_bread_and_set_plate,0,0,0,0,GOAL_UNMET,GOAL_UNMET
7B,heldout,1704,parallel_human_dual_asset_to_plate_or_bowl,0,0,0,0,NO_USABLE_WORK,NO_USABLE_WORK
7B,heldout,1706,clear_table_with_two_robots_and_put_in_cabinet,1,0,0,0,infeasible_assignment,infeasible_assignment
7B,heldout,1707,clear_table_with_two_robots_and_put_in_cabinet,1,0,0,0,infeasible_assignment,infeasible_assignment
7B,heldout,1709,toast_bread_and_set_plate,0,0,0,0,GOAL_UNMET,GOAL_UNMET
7B,heldout,1714,ensure_all_fruits_on_table,0,0,0,0,GOAL_UNMET,GOAL_UNMET
7B,heldout,1715,cut_two_fruits_on_board,0,0,0,0,GOAL_UNMET,GOAL_UNMET
7B,heldout,1716,cut_fruit_on_board,0,0,0,0,GOAL_UNMET,GOAL_UNMET
7B,heldout,1719,toast_bread_and_set_plate,0,0,0,0,GOAL_UNMET,GOAL_UNMET
7B,heldout,1720,cut_fruit_on_board,0,0,0,0,GOAL_UNMET,GOAL_UNMET
7B,heldout,1724,cut_two_fruits_on_board,0,0,0,0,GOAL_UNMET,GOAL_UNMET
7B,heldout,1725,clear_table_with_two_robots_and_put_in_cabinet,1,0,0,0,infeasible_assignment,infeasible_assignment
7B,heldout,1726,clear_table_with_two_robots_and_put_in_cabinet,1,0,0,0,infeasible_assignment,infeasible_assignment
7B,heldout,1728,cut_fruit_on_board,0,0,0,0,GOAL_UNMET,GOAL_UNMET
7B,heldout,1729,ensure_all_fruits_on_table,0,0,0,0,GOAL_UNMET,GOAL_UNMET
7B,heldout,1730,cut_fruit_on_board,0,0,0,0,GOAL_UNMET,GOAL_UNMET
7B,heldout,1731,cut_two_fruits_on_board,0,0,0,0,GOAL_UNMET,GOAL_UNMET
7B,heldout,1732,cut_fruit_on_board,0,1,1,1,SOLVED,SOLVED
7B,heldout,1734,cut_fruit_on_board,0,1,1,1,SOLVED,SOLVED
7B,heldout,1735,ensure_all_fruits_on_table,0,0,0,0,GOAL_UNMET,GOAL_UNMET
7B,heldout,1736,clear_table_with_two_robots_and_put_in_cabinet,1,0,0,0,infeasible_assignment,infeasible_assignment
7B,heldout,1738,toast_bread_and_set_plate,0,0,0,0,GOAL_UNMET,GOAL_UNMET
7B,heldout,1740,dog_push_box_for_two_panda_transport,1,0,0,0,infeasible_assignment,infeasible_assignment
7B,heldout,1741,cut_fruit_on_board,0,0,0,0,GOAL_UNMET,GOAL_UNMET
7B,heldout,1743,cut_fruit_on_board,0,0,0,0,GOAL_UNMET,GOAL_UNMET
7B,heldout,1744,clear_table_with_two_robots_and_put_in_cabinet,1,0,0,0,infeasible_assignment,infeasible_assignment
7B,heldout,1745,cut_fruit_on_board,0,1,1,1,SOLVED,SOLVED
7B,heldout,1750,cut_fruit_on_board,0,1,1,1,SOLVED,SOLVED
7B,heldout,1751,clear_table_with_two_robots_and_put_in_cabinet,1,0,0,0,infeasible_assignment,infeasible_assignment
7B,heldout,1753,clear_table_with_two_robots_and_put_in_cabinet,1,0,0,0,infeasible_assignment,infeasible_assignment
7B,heldout,1755,cut_fruit_on_board,0,0,0,0,GOAL_UNMET,GOAL_UNMET
7B,heldout,1759,cut_fruit_on_board,0,0,0,0,GOAL_UNMET,GOAL_UNMET
7B,heldout,1762,clear_table_with_two_robots_and_put_in_cabinet,0,0,0,0,NO_USABLE_WORK,NO_USABLE_WORK
7B,heldout,1763,parallel_human_dual_asset_to_plate_or_bowl,0,1,1,1,SOLVED,SOLVED
7B,heldout,1764,clear_table_with_two_robots_and_put_in_cabinet,1,0,0,0,infeasible_assignment,infeasible_assignment
7B,heldout,1766,cut_fruit_on_board,0,0,0,0,GOAL_UNMET,GOAL_UNMET
7B,heldout,1767,set_plate_and_fork_on_table,0,0,0,0,GOAL_UNMET,GOAL_UNMET
7B,heldout,1769,cut_fruit_on_board,0,0,0,0,GOAL_UNMET,GOAL_UNMET
7B,heldout,1770,clear_table_with_two_robots_and_put_in_cabinet,1,0,0,0,infeasible_assignment,infeasible_assignment
7B,heldout,1771,clear_table_with_two_robots_and_put_in_cabinet,1,0,0,0,infeasible_assignment,infeasible_assignment
7B,heldout,1772,cut_two_fruits_on_board,0,0,0,0,GOAL_UNMET,GOAL_UNMET
7B,heldout,1778,parallel_human_dual_asset_to_plate_or_bowl,0,0,0,0,OVER_BUDGET,OVER_BUDGET
7B,heldout,1780,dog_push_box_for_two_panda_transport,0,0,0,0,NO_USABLE_WORK,NO_USABLE_WORK
7B,heldout,1781,clear_table_with_two_robots_and_put_in_cabinet,1,0,0,0,infeasible_assignment,infeasible_assignment
7B,heldout,1782,toast_bread_and_set_plate,0,0,0,0,GOAL_UNMET,GOAL_UNMET
7B,heldout,1784,toast_bread_and_set_plate,0,0,0,0,GOAL_UNMET,GOAL_UNMET
7B,heldout,1785,clear_table_with_two_robots_and_put_in_cabinet,1,0,0,0,infeasible_assignment,infeasible_assignment
7B,heldout,1786,set_plate_and_fork_on_table,0,0,0,0,GOAL_UNMET,GOAL_UNMET
7B,heldout,1787,set_plate_and_fork_on_table,0,0,0,0,GOAL_UNMET,GOAL_UNMET
7B,heldout,1792,cut_fruit_on_board,0,1,1,1,SOLVED,SOLVED
7B,heldout,1795,clear_table_with_two_robots_and_put_in_cabinet,1,0,0,0,infeasible_assignment,infeasible_assignment
7B,heldout,1796,cut_two_fruits_on_board,0,0,0,0,OVER_BUDGET,OVER_BUDGET
7B,heldout,1797,set_plate_and_fork_on_table,0,0,0,0,GOAL_UNMET,GOAL_UNMET
7B,heldout,1798,clear_table_with_two_robots_and_put_in_cabinet,1,0,0,0,infeasible_assignment,infeasible_assignment
7B,heldout,1799,cut_fruit_on_board,0,0,0,0,GOAL_UNMET,GOAL_UNMET
7B,heldout_sibgrp,2,dog_push_box_for_two_panda_transport,1,0,0,0,infeasible_assignment,infeasible_assignment
7B,heldout_sibgrp,3,ensure_all_fruits_on_table,0,0,0,0,GOAL_UNMET,GOAL_UNMET
7B,heldout_sibgrp,5,toast_bread_and_set_plate,0,0,0,0,GOAL_UNMET,GOAL_UNMET
7B,heldout_sibgrp,10,cut_fruit_on_board,0,0,0,0,GOAL_UNMET,GOAL_UNMET
7B,heldout_sibgrp,13,set_plate_and_fork_on_table,0,0,0,0,GOAL_UNMET,GOAL_UNMET
7B,heldout_sibgrp,14,toast_bread_and_set_plate,0,0,0,0,GOAL_UNMET,GOAL_UNMET
7B,heldout_sibgrp,15,clear_table_with_two_robots_and_put_in_cabinet,0,0,0,0,GOAL_UNMET,GOAL_UNMET
7B,heldout_sibgrp,19,cut_fruit_on_board,0,0,0,0,GOAL_UNMET,GOAL_UNMET
7B,heldout_sibgrp,20,ensure_all_fruits_on_table,0,0,0,0,GOAL_UNMET,GOAL_UNMET
7B,heldout_sibgrp,21,toast_bread_and_set_plate,0,0,0,0,GOAL_UNMET,GOAL_UNMET
7B,heldout_sibgrp,24,cut_fruit_on_board,0,0,0,0,GOAL_UNMET,GOAL_UNMET
7B,heldout_sibgrp,26,cut_two_fruits_on_board,0,0,0,0,GOAL_UNMET,GOAL_UNMET
7B,heldout_sibgrp,27,cut_two_fruits_on_board,0,0,0,0,GOAL_UNMET,GOAL_UNMET
7B,heldout_sibgrp,28,cut_fruit_on_board,0,0,0,0,GOAL_UNMET,GOAL_UNMET
7B,heldout_sibgrp,34,toast_bread_and_set_plate,0,0,0,0,GOAL_UNMET,GOAL_UNMET
7B,heldout_sibgrp,37,clear_table_with_two_robots_and_put_in_cabinet,1,0,0,0,infeasible_assignment,infeasible_assignment
7B,heldout_sibgrp,39,cut_two_fruits_on_board,0,0,0,0,GOAL_UNMET,GOAL_UNMET
7B,heldout_sibgrp,40,cut_two_fruits_on_board,0,0,0,0,GOAL_UNMET,GOAL_UNMET
7B,heldout_sibgrp,42,dog_push_box_for_two_panda_transport,1,0,0,0,infeasible_assignment,infeasible_assignment
7B,heldout_sibgrp,43,dog_push_box_for_two_panda_transport,1,0,0,0,infeasible_assignment,infeasible_assignment
7B,heldout_sibgrp,47,cut_two_fruits_on_board,0,0,0,0,OVER_BUDGET,OVER_BUDGET
7B,heldout_sibgrp,48,cut_fruit_on_board,0,0,0,0,GOAL_UNMET,GOAL_UNMET
7B,heldout_sibgrp,50,clear_table_with_two_robots_and_put_in_cabinet,1,0,0,0,infeasible_assignment,infeasible_assignment
7B,heldout_sibgrp,52,clear_table_with_two_robots_and_put_in_cabinet,1,0,0,0,infeasible_assignment,infeasible_assignment
7B,heldout_sibgrp,53,set_plate_and_fork_on_table,0,0,0,0,NO_USABLE_WORK,NO_USABLE_WORK
7B,heldout_sibgrp,54,toast_bread_and_set_plate,0,0,0,0,GOAL_UNMET,GOAL_UNMET
7B,heldout_sibgrp,55,clear_table_with_two_robots_and_put_in_cabinet,1,0,0,0,infeasible_assignment,infeasible_assignment
7B,heldout_sibgrp,56,set_plate_and_fork_on_table,0,0,0,0,GOAL_UNMET,GOAL_UNMET
7B,heldout_sibgrp,61,clear_table_with_two_robots_and_put_in_cabinet,1,0,0,0,infeasible_assignment,infeasible_assignment
7B,heldout_sibgrp,63,clear_table_with_two_robots_and_put_in_cabinet,1,0,0,0,infeasible_assignment,infeasible_assignment
7B,heldout_sibgrp,67,toast_bread_and_set_plate,0,0,0,0,GOAL_UNMET,GOAL_UNMET
7B,heldout_sibgrp,68,cut_fruit_on_board,0,0,0,0,GOAL_UNMET,GOAL_UNMET
7B,heldout_sibgrp,71,clear_table_with_two_robots_and_put_in_cabinet,1,0,0,0,infeasible_assignment,infeasible_assignment
7B,heldout_sibgrp,75,cut_two_fruits_on_board,0,0,0,0,GOAL_UNMET,GOAL_UNMET
7B,heldout_sibgrp,78,cut_two_fruits_on_board,0,0,0,0,OVER_BUDGET,OVER_BUDGET
7B,heldout_sibgrp,81,clear_table_with_two_robots_and_put_in_cabinet,1,0,0,0,infeasible_assignment,infeasible_assignment
7B,heldout_sibgrp,87,parallel_human_dual_asset_to_plate_or_bowl,0,0,0,0,OVER_BUDGET,OVER_BUDGET
7B,heldout_sibgrp,94,set_plate_and_fork_on_table,0,0,0,0,NO_USABLE_WORK,NO_USABLE_WORK
7B,heldout_sibgrp,95,cut_two_fruits_on_board,0,0,0,0,GOAL_UNMET,GOAL_UNMET
7B,heldout_sibgrp,96,set_plate_and_fork_on_table,0,0,0,0,GOAL_UNMET,GOAL_UNMET
7B,heldout_sibgrp,97,clear_table_with_two_robots_and_put_in_cabinet,1,0,0,0,infeasible_assignment,infeasible_assignment
7B,heldout_sibgrp,98,cut_fruit_on_board,0,0,0,0,GOAL_UNMET,GOAL_UNMET
7B,heldout_sibgrp,99,clear_table_with_two_robots_and_put_in_cabinet,1,0,0,0,infeasible_assignment,infeasible_assignment
7B,heldout_sibgrp,100,set_plate_and_fork_on_table,0,0,0,0,GOAL_UNMET,GOAL_UNMET
7B,heldout_sibgrp,102,cut_fruit_on_board,0,0,0,0,GOAL_UNMET,GOAL_UNMET
7B,heldout_sibgrp,103,cut_two_fruits_on_board,0,0,0,0,OVER_BUDGET,OVER_BUDGET
7B,heldout_sibgrp,105,cut_fruit_on_board,0,0,0,0,GOAL_UNMET,GOAL_UNMET
7B,heldout_sibgrp,107,toast_bread_and_set_plate,0,0,0,0,GOAL_UNMET,GOAL_UNMET
7B,heldout_sibgrp,109,cut_fruit_on_board,0,0,0,0,GOAL_UNMET,GOAL_UNMET
7B,heldout_sibgrp,110,set_plate_and_fork_on_table,0,0,0,0,GOAL_UNMET,GOAL_UNMET
7B,heldout_sibgrp,111,clear_table_with_two_robots_and_put_in_cabinet,1,0,0,0,infeasible_assignment,infeasible_assignment
7B,heldout_sibgrp,115,set_plate_and_fork_on_table,0,0,0,0,GOAL_UNMET,GOAL_UNMET
7B,heldout_sibgrp,117,clear_table_with_two_robots_and_put_in_cabinet,1,0,0,0,infeasible_assignment,infeasible_assignment
7B,heldout_sibgrp,118,ensure_all_fruits_on_table,0,0,0,0,GOAL_UNMET,GOAL_UNMET
7B,heldout_sibgrp,119,cut_fruit_on_board,0,0,0,0,GOAL_UNMET,GOAL_UNMET
7B,heldout_sibgrp,120,toast_bread_and_set_plate,0,0,0,0,GOAL_UNMET,GOAL_UNMET
7B,heldout_sibgrp,121,ensure_all_fruits_on_table,0,0,0,0,GOAL_UNMET,GOAL_UNMET
7B,heldout_sibgrp,122,dog_push_box_for_two_panda_transport,1,0,0,0,infeasible_assignment,infeasible_assignment
7B,heldout_sibgrp,125,clear_table_with_two_robots_and_put_in_cabinet,1,0,0,0,infeasible_assignment,infeasible_assignment
7B,heldout_sibgrp,127,ensure_all_fruits_on_table,0,0,0,0,GOAL_UNMET,GOAL_UNMET
7B,heldout_sibgrp,128,cut_fruit_on_board,0,0,0,0,GOAL_UNMET,GOAL_UNMET
7B,heldout_sibgrp,129,toast_bread_and_set_plate,0,0,0,0,GOAL_UNMET,GOAL_UNMET
7B,heldout_sibgrp,131,set_plate_and_fork_on_table,0,0,0,0,GOAL_UNMET,GOAL_UNMET
7B,heldout_sibgrp,132,parallel_human_dual_asset_to_plate_or_bowl,0,1,1,1,SOLVED,SOLVED
7B,heldout_sibgrp,134,toast_bread_and_set_plate,0,0,0,0,GOAL_UNMET,GOAL_UNMET
7B,heldout_sibgrp,137,cut_fruit_on_board,0,0,0,0,GOAL_UNMET,GOAL_UNMET
7B,heldout_sibgrp,138,clear_table_with_two_robots_and_put_in_cabinet,1,0,0,0,infeasible_assignment,infeasible_assignment
7B,heldout_sibgrp,140,clear_table_with_two_robots_and_put_in_cabinet,1,0,0,0,infeasible_assignment,infeasible_assignment
7B,heldout_sibgrp,141,toast_bread_and_set_plate,0,0,0,0,GOAL_UNMET,GOAL_UNMET
7B,heldout_sibgrp,142,cut_two_fruits_on_board,0,0,0,0,GOAL_UNMET,GOAL_UNMET
7B,heldout_sibgrp,144,parallel_human_dual_asset_to_plate_or_bowl,0,1,1,1,SOLVED,SOLVED
7B,heldout_sibgrp,145,set_plate_and_fork_on_table,0,0,0,0,GOAL_UNMET,GOAL_UNMET
7B,heldout_sibgrp,146,ensure_all_fruits_on_table,0,1,1,1,SOLVED,SOLVED
7B,heldout_sibgrp,147,toast_bread_and_set_plate,0,0,0,0,GOAL_UNMET,GOAL_UNMET
7B,heldout_sibgrp,148,clear_table_with_two_robots_and_put_in_cabinet,1,0,0,0,infeasible_assignment,infeasible_assignment
7B,heldout_sibgrp,149,cut_two_fruits_on_board,0,0,0,0,OVER_BUDGET,OVER_BUDGET
7B,heldout_sibgrp,151,ensure_all_fruits_on_table,0,0,0,0,GOAL_UNMET,GOAL_UNMET
7B,heldout_sibgrp,152,ensure_all_fruits_on_table,0,0,0,0,GOAL_UNMET,GOAL_UNMET
7B,heldout_sibgrp,155,cut_fruit_on_board,0,0,0,0,GOAL_UNMET,GOAL_UNMET
7B,heldout_sibgrp,156,cut_two_fruits_on_board,0,0,0,0,GOAL_UNMET,GOAL_UNMET
7B,heldout_sibgrp,163,cut_two_fruits_on_board,0,0,0,0,GOAL_UNMET,GOAL_UNMET
7B,heldout_sibgrp,164,parallel_human_dual_asset_to_plate_or_bowl,0,1,1,1,SOLVED,SOLVED
7B,heldout_sibgrp,165,clear_table_with_two_robots_and_put_in_cabinet,0,0,0,0,GOAL_UNMET,GOAL_UNMET
7B,heldout_sibgrp,166,clear_table_with_two_robots_and_put_in_cabinet,1,0,0,0,infeasible_assignment,infeasible_assignment
7B,heldout_sibgrp,167,toast_bread_and_set_plate,0,0,0,0,GOAL_UNMET,GOAL_UNMET
7B,heldout_sibgrp,168,cut_fruit_on_board,0,0,0,0,GOAL_UNMET,GOAL_UNMET
7B,heldout_sibgrp,171,cut_fruit_on_board,0,0,0,0,GOAL_UNMET,GOAL_UNMET
7B,heldout_sibgrp,172,cut_two_fruits_on_board,0,0,0,0,GOAL_UNMET,GOAL_UNMET
7B,heldout_sibgrp,173,toast_bread_and_set_plate,0,0,0,0,GOAL_UNMET,GOAL_UNMET
7B,heldout_sibgrp,174,cut_fruit_on_board,0,0,0,0,GOAL_UNMET,GOAL_UNMET
7B,heldout_sibgrp,175,set_plate_and_fork_on_table,0,0,0,0,GOAL_UNMET,GOAL_UNMET
7B,heldout_sibgrp,176,cut_two_fruits_on_board,0,0,0,0,OVER_BUDGET,OVER_BUDGET
7B,heldout_sibgrp,177,toast_bread_and_set_plate,0,0,0,0,GOAL_UNMET,GOAL_UNMET
7B,heldout_sibgrp,178,clear_table_with_two_robots_and_put_in_cabinet,1,0,0,0,infeasible_assignment,infeasible_assignment
7B,heldout_sibgrp,179,toast_bread_and_set_plate,0,0,0,0,GOAL_UNMET,GOAL_UNMET
7B,heldout_sibgrp,180,parallel_human_dual_asset_to_plate_or_bowl,0,0,0,0,OVER_BUDGET,OVER_BUDGET
7B,heldout_sibgrp,181,clear_table_with_two_robots_and_put_in_cabinet,1,0,0,0,infeasible_assignment,infeasible_assignment
7B,heldout_sibgrp,182,clear_table_with_two_robots_and_put_in_cabinet,1,0,0,0,infeasible_assignment,infeasible_assignment
7B,heldout_sibgrp,184,clear_table_with_two_robots_and_put_in_cabinet,1,0,0,0,infeasible_assignment,infeasible_assignment
7B,heldout_sibgrp,186,toast_bread_and_set_plate,0,0,0,0,GOAL_UNMET,GOAL_UNMET
7B,heldout_sibgrp,188,cut_fruit_on_board,0,0,0,0,GOAL_UNMET,GOAL_UNMET
7B,heldout_sibgrp,190,cut_fruit_on_board,0,0,0,0,GOAL_UNMET,GOAL_UNMET
7B,heldout_sibgrp,196,set_plate_and_fork_on_table,0,0,0,0,GOAL_UNMET,GOAL_UNMET
7B,heldout_sibgrp,197,clear_table_with_two_robots_and_put_in_cabinet,1,0,0,0,infeasible_assignment,infeasible_assignment
7B,heldout_sibgrp,198,cut_two_fruits_on_board,0,0,0,0,GOAL_UNMET,GOAL_UNMET
7B,heldout_sibgrp,199,cut_two_fruits_on_board,0,0,0,0,GOAL_UNMET,GOAL_UNMET
7B,heldout_sibgrp,200,clear_table_with_two_robots_and_put_in_cabinet,1,0,0,0,infeasible_assignment,infeasible_assignment
7B,heldout_sibgrp,204,cut_fruit_on_board,0,0,0,0,GOAL_UNMET,GOAL_UNMET
7B,heldout_sibgrp,205,toast_bread_and_set_plate,0,0,0,0,GOAL_UNMET,GOAL_UNMET
7B,heldout_sibgrp,206,clear_table_with_two_robots_and_put_in_cabinet,1,0,0,0,infeasible_assignment,infeasible_assignment
7B,heldout_sibgrp,207,toast_bread_and_set_plate,0,0,0,0,GOAL_UNMET,GOAL_UNMET
7B,heldout_sibgrp,209,clear_table_with_two_robots_and_put_in_cabinet,1,0,0,0,infeasible_assignment,infeasible_assignment
7B,heldout_sibgrp,211,parallel_human_dual_asset_to_plate_or_bowl,0,1,1,1,SOLVED,SOLVED
7B,heldout_sibgrp,213,set_plate_and_fork_on_table,0,0,0,0,GOAL_UNMET,GOAL_UNMET
7B,heldout_sibgrp,214,ensure_all_fruits_on_table,0,0,0,0,GOAL_UNMET,GOAL_UNMET
7B,heldout_sibgrp,215,ensure_all_fruits_on_table,0,1,1,1,SOLVED,SOLVED
7B,heldout_sibgrp,216,ensure_all_fruits_on_table,0,0,0,0,GOAL_UNMET,GOAL_UNMET
7B,heldout_sibgrp,218,set_plate_and_fork_on_table,0,0,0,0,GOAL_UNMET,GOAL_UNMET
7B,heldout_sibgrp,221,clear_table_with_two_robots_and_put_in_cabinet,1,0,0,0,infeasible_assignment,infeasible_assignment
7B,heldout_sibgrp,222,cut_two_fruits_on_board,0,0,0,0,GOAL_UNMET,GOAL_UNMET
7B,heldout_sibgrp,223,clear_table_with_two_robots_and_put_in_cabinet,1,0,0,0,infeasible_assignment,infeasible_assignment
7B,heldout_sibgrp,224,clear_table_with_two_robots_and_put_in_cabinet,1,0,0,0,infeasible_assignment,infeasible_assignment
7B,heldout_sibgrp,227,toast_bread_and_set_plate,0,0,0,0,GOAL_UNMET,GOAL_UNMET
7B,heldout_sibgrp,228,dog_push_box_for_two_panda_transport,1,0,0,0,infeasible_assignment,infeasible_assignment
7B,heldout_sibgrp,229,cut_fruit_on_board,0,0,0,0,GOAL_UNMET,GOAL_UNMET
7B,heldout_sibgrp,230,parallel_human_dual_asset_to_plate_or_bowl,0,0,0,0,OVER_BUDGET,OVER_BUDGET
7B,heldout_sibgrp,233,cut_fruit_on_board,0,0,0,0,GOAL_UNMET,GOAL_UNMET
7B,heldout_sibgrp,235,ensure_all_fruits_on_table,0,0,0,0,GOAL_UNMET,GOAL_UNMET
7B,heldout_sibgrp,236,set_plate_and_fork_on_table,0,0,0,0,GOAL_UNMET,GOAL_UNMET
7B,heldout_sibgrp,237,parallel_human_dual_asset_to_plate_or_bowl,0,0,0,0,OVER_BUDGET,OVER_BUDGET
7B,heldout_sibgrp,240,cut_fruit_on_board,0,0,0,0,GOAL_UNMET,GOAL_UNMET
7B,heldout_sibgrp,241,set_plate_and_fork_on_table,0,0,0,0,GOAL_UNMET,GOAL_UNMET
7B,heldout_sibgrp,242,toast_bread_and_set_plate,0,0,0,0,GOAL_UNMET,GOAL_UNMET
7B,heldout_sibgrp,248,cut_fruit_on_board,0,0,0,0,GOAL_UNMET,GOAL_UNMET
7B,heldout_sibgrp,249,parallel_human_dual_asset_to_plate_or_bowl,0,0,0,0,NO_USABLE_WORK,NO_USABLE_WORK
7B,heldout_sibgrp,251,parallel_human_dual_asset_to_plate_or_bowl,0,1,1,1,SOLVED,SOLVED
7B,heldout_sibgrp,253,parallel_human_dual_asset_to_plate_or_bowl,0,0,0,0,NO_USABLE_WORK,NO_USABLE_WORK
7B,heldout_sibgrp,254,set_plate_and_fork_on_table,0,0,0,0,GOAL_UNMET,GOAL_UNMET
7B,heldout_sibgrp,255,clear_table_with_two_robots_and_put_in_cabinet,1,0,0,0,infeasible_assignment,infeasible_assignment
7B,heldout_sibgrp,258,dog_push_box_for_two_panda_transport,1,0,0,0,infeasible_assignment,infeasible_assignment
7B,heldout_sibgrp,261,parallel_human_dual_asset_to_plate_or_bowl,0,0,0,0,NO_USABLE_WORK,NO_USABLE_WORK
7B,heldout_sibgrp,267,parallel_human_dual_asset_to_plate_or_bowl,0,0,0,0,NO_USABLE_WORK,NO_USABLE_WORK
7B,heldout_sibgrp,269,toast_bread_and_set_plate,0,0,0,0,GOAL_UNMET,GOAL_UNMET
7B,heldout_sibgrp,270,toast_bread_and_set_plate,0,0,0,0,GOAL_UNMET,GOAL_UNMET
7B,heldout_sibgrp,271,clear_table_with_two_robots_and_put_in_cabinet,1,0,0,0,infeasible_assignment,infeasible_assignment
7B,heldout_sibgrp,272,set_plate_and_fork_on_table,0,0,0,0,NO_USABLE_WORK,NO_USABLE_WORK
7B,heldout_sibgrp,275,cut_fruit_on_board,0,0,0,0,GOAL_UNMET,GOAL_UNMET
7B,heldout_sibgrp,277,cut_two_fruits_on_board,0,0,0,0,OVER_BUDGET,OVER_BUDGET
7B,heldout_sibgrp,278,toast_bread_and_set_plate,0,0,0,0,GOAL_UNMET,GOAL_UNMET
7B,heldout_sibgrp,279,parallel_human_dual_asset_to_plate_or_bowl,0,0,0,0,NO_USABLE_WORK,NO_USABLE_WORK
7B,heldout_sibgrp,280,cut_fruit_on_board,0,0,0,0,GOAL_UNMET,GOAL_UNMET
7B,heldout_sibgrp,283,cut_two_fruits_on_board,0,0,0,0,OVER_BUDGET,OVER_BUDGET
7B,heldout_sibgrp,284,dog_push_box_for_two_panda_transport,1,0,0,0,infeasible_assignment,infeasible_assignment
7B,heldout_sibgrp,287,set_plate_and_fork_on_table,0,0,0,0,GOAL_UNMET,GOAL_UNMET
7B,heldout_sibgrp,293,ensure_all_fruits_on_table,0,0,0,0,GOAL_UNMET,GOAL_UNMET
7B,heldout_sibgrp,295,toast_bread_and_set_plate,0,0,0,0,GOAL_UNMET,GOAL_UNMET
7B,heldout_sibgrp,296,cut_fruit_on_board,0,0,0,0,GOAL_UNMET,GOAL_UNMET
7B,heldout_sibgrp,297,parallel_human_dual_asset_to_plate_or_bowl,0,0,0,0,NO_USABLE_WORK,NO_USABLE_WORK
7B,heldout_sibgrp,298,parallel_human_dual_asset_to_plate_or_bowl,0,0,0,0,NO_USABLE_WORK,NO_USABLE_WORK
7B,heldout_sibgrp,299,clear_table_with_two_robots_and_put_in_cabinet,1,0,0,0,infeasible_assignment,infeasible_assignment
7B,heldout_sibgrp,302,ensure_all_fruits_on_table,0,0,0,0,GOAL_UNMET,GOAL_UNMET
7B,heldout_sibgrp,303,parallel_human_dual_asset_to_plate_or_bowl,0,0,0,0,OVER_BUDGET,OVER_BUDGET
7B,heldout_sibgrp,311,clear_table_with_two_robots_and_put_in_cabinet,1,0,0,0,infeasible_assignment,infeasible_assignment
7B,heldout_sibgrp,313,parallel_human_dual_asset_to_plate_or_bowl,0,0,0,0,OVER_BUDGET,OVER_BUDGET
7B,heldout_sibgrp,315,toast_bread_and_set_plate,0,0,0,0,GOAL_UNMET,GOAL_UNMET
7B,heldout_sibgrp,316,set_plate_and_fork_on_table,0,0,0,0,GOAL_UNMET,GOAL_UNMET
7B,heldout_sibgrp,317,ensure_all_fruits_on_table,0,1,1,1,SOLVED,SOLVED
7B,heldout_sibgrp,318,clear_table_with_two_robots_and_put_in_cabinet,1,0,0,0,infeasible_assignment,infeasible_assignment
7B,heldout_sibgrp,323,cut_fruit_on_board,0,0,0,0,GOAL_UNMET,GOAL_UNMET
7B,heldout_sibgrp,324,toast_bread_and_set_plate,0,0,0,0,GOAL_UNMET,GOAL_UNMET
7B,heldout_sibgrp,325,clear_table_with_two_robots_and_put_in_cabinet,1,0,0,0,infeasible_assignment,infeasible_assignment
7B,heldout_sibgrp,329,clear_table_with_two_robots_and_put_in_cabinet,1,0,0,0,infeasible_assignment,infeasible_assignment
7B,heldout_sibgrp,330,ensure_all_fruits_on_table,0,0,0,0,GOAL_UNMET,GOAL_UNMET
7B,heldout_sibgrp,334,set_plate_and_fork_on_table,0,0,0,0,GOAL_UNMET,GOAL_UNMET
7B,heldout_sibgrp,339,toast_bread_and_set_plate,0,0,0,0,GOAL_UNMET,GOAL_UNMET
7B,heldout_sibgrp,340,set_plate_and_fork_on_table,0,0,0,0,NO_USABLE_WORK,NO_USABLE_WORK
7B,heldout_sibgrp,344,cut_fruit_on_board,0,0,0,0,GOAL_UNMET,GOAL_UNMET
7B,heldout_sibgrp,345,clear_table_with_two_robots_and_put_in_cabinet,1,0,0,0,infeasible_assignment,infeasible_assignment
7B,heldout_sibgrp,346,cut_fruit_on_board,0,0,0,0,GOAL_UNMET,GOAL_UNMET
7B,heldout_sibgrp,347,cut_fruit_on_board,0,0,0,0,GOAL_UNMET,GOAL_UNMET
7B,heldout_sibgrp,348,cut_fruit_on_board,0,0,0,0,GOAL_UNMET,GOAL_UNMET
7B,heldout_sibgrp,349,toast_bread_and_set_plate,0,0,0,0,GOAL_UNMET,GOAL_UNMET
7B,heldout_sibgrp,352,cut_two_fruits_on_board,0,0,0,0,GOAL_UNMET,GOAL_UNMET
7B,heldout_sibgrp,353,cut_two_fruits_on_board,0,0,0,0,GOAL_UNMET,GOAL_UNMET
7B,heldout_sibgrp,358,cut_two_fruits_on_board,0,0,0,0,GOAL_UNMET,GOAL_UNMET
7B,heldout_sibgrp,359,toast_bread_and_set_plate,0,0,0,0,GOAL_UNMET,GOAL_UNMET
7B,heldout_sibgrp,360,toast_bread_and_set_plate,0,0,0,0,GOAL_UNMET,GOAL_UNMET
7B,heldout_sibgrp,361,dog_push_box_for_two_panda_transport,1,0,0,0,infeasible_assignment,infeasible_assignment
7B,heldout_sibgrp,362,ensure_all_fruits_on_table,1,0,0,0,GOAL_UNMET,infeasible_assignment
7B,heldout_sibgrp,364,parallel_human_dual_asset_to_plate_or_bowl,0,0,0,0,OVER_BUDGET,OVER_BUDGET
7B,heldout_sibgrp,365,cut_fruit_on_board,0,0,0,0,GOAL_UNMET,GOAL_UNMET
7B,heldout_sibgrp,366,dog_push_box_for_two_panda_transport,0,0,0,0,GOAL_UNMET,GOAL_UNMET
7B,heldout_sibgrp,367,cut_two_fruits_on_board,0,0,0,0,NO_USABLE_WORK,NO_USABLE_WORK
7B,heldout_sibgrp,368,set_plate_and_fork_on_table,0,0,0,0,GOAL_UNMET,GOAL_UNMET
7B,heldout_sibgrp,372,set_plate_and_fork_on_table,0,0,0,0,GOAL_UNMET,GOAL_UNMET
7B,heldout_sibgrp,375,cut_fruit_on_board,0,0,0,0,GOAL_UNMET,GOAL_UNMET
7B,heldout_sibgrp,376,cut_fruit_on_board,0,0,0,0,GOAL_UNMET,GOAL_UNMET
7B,heldout_sibgrp,378,clear_table_with_two_robots_and_put_in_cabinet,1,0,0,0,infeasible_assignment,infeasible_assignment
7B,heldout_sibgrp,381,clear_table_with_two_robots_and_put_in_cabinet,1,0,0,0,infeasible_assignment,infeasible_assignment
7B,heldout_sibgrp,382,toast_bread_and_set_plate,0,0,0,0,GOAL_UNMET,GOAL_UNMET
7B,heldout_sibgrp,383,clear_table_with_two_robots_and_put_in_cabinet,1,0,0,0,infeasible_assignment,infeasible_assignment
7B,heldout_sibgrp,391,parallel_human_dual_asset_to_plate_or_bowl,0,0,0,0,NO_USABLE_WORK,NO_USABLE_WORK
7B,heldout_sibgrp,392,set_plate_and_fork_on_table,0,0,0,0,NO_USABLE_WORK,NO_USABLE_WORK
7B,heldout_sibgrp,393,cut_fruit_on_board,0,0,0,0,GOAL_UNMET,GOAL_UNMET
7B,heldout_sibgrp,394,clear_table_with_two_robots_and_put_in_cabinet,1,0,0,0,infeasible_assignment,infeasible_assignment
7B,heldout_sibgrp,395,parallel_human_dual_asset_to_plate_or_bowl,0,0,0,0,NO_USABLE_WORK,NO_USABLE_WORK
7B,heldout_sibgrp,397,clear_table_with_two_robots_and_put_in_cabinet,1,0,0,0,infeasible_assignment,infeasible_assignment
7B,heldout_sibgrp,398,toast_bread_and_set_plate,0,0,0,0,GOAL_UNMET,GOAL_UNMET
7B,heldout_sibgrp,401,cut_two_fruits_on_board,0,0,0,0,GOAL_UNMET,GOAL_UNMET
7B,heldout_sibgrp,402,toast_bread_and_set_plate,0,0,0,0,GOAL_UNMET,GOAL_UNMET
7B,heldout_sibgrp,404,toast_bread_and_set_plate,0,0,0,0,GOAL_UNMET,GOAL_UNMET
7B,heldout_sibgrp,406,parallel_human_dual_asset_to_plate_or_bowl,0,1,1,1,SOLVED,SOLVED
7B,heldout_sibgrp,407,cut_two_fruits_on_board,0,0,0,0,OVER_BUDGET,OVER_BUDGET
7B,heldout_sibgrp,409,toast_bread_and_set_plate,0,0,0,0,GOAL_UNMET,GOAL_UNMET
7B,heldout_sibgrp,410,clear_table_with_two_robots_and_put_in_cabinet,1,0,0,0,infeasible_assignment,infeasible_assignment
7B,heldout_sibgrp,412,clear_table_with_two_robots_and_put_in_cabinet,1,0,0,0,infeasible_assignment,infeasible_assignment
7B,heldout_sibgrp,416,clear_table_with_two_robots_and_put_in_cabinet,1,0,0,0,infeasible_assignment,infeasible_assignment
7B,heldout_sibgrp,421,cut_fruit_on_board,0,0,0,0,GOAL_UNMET,GOAL_UNMET
7B,heldout_sibgrp,422,clear_table_with_two_robots_and_put_in_cabinet,1,0,0,0,infeasible_assignment,infeasible_assignment
7B,heldout_sibgrp,423,clear_table_with_two_robots_and_put_in_cabinet,1,0,0,0,infeasible_assignment,infeasible_assignment
7B,heldout_sibgrp,424,cut_two_fruits_on_board,0,0,0,0,OVER_BUDGET,OVER_BUDGET
7B,heldout_sibgrp,426,cut_two_fruits_on_board,0,0,0,0,OVER_BUDGET,OVER_BUDGET
7B,heldout_sibgrp,428,cut_two_fruits_on_board,0,0,0,0,GOAL_UNMET,GOAL_UNMET
7B,heldout_sibgrp,430,cut_fruit_on_board,0,0,0,0,GOAL_UNMET,GOAL_UNMET
7B,heldout_sibgrp,434,ensure_all_fruits_on_table,0,0,0,0,GOAL_UNMET,GOAL_UNMET
7B,heldout_sibgrp,436,cut_two_fruits_on_board,0,0,0,0,OVER_BUDGET,OVER_BUDGET
7B,heldout_sibgrp,437,toast_bread_and_set_plate,0,0,0,0,GOAL_UNMET,GOAL_UNMET
7B,heldout_sibgrp,439,cut_two_fruits_on_board,0,0,0,0,OVER_BUDGET,OVER_BUDGET
7B,heldout_sibgrp,440,clear_table_with_two_robots_and_put_in_cabinet,1,0,0,0,infeasible_assignment,infeasible_assignment
7B,heldout_sibgrp,443,toast_bread_and_set_plate,0,0,0,0,GOAL_UNMET,GOAL_UNMET
7B,heldout_sibgrp,447,dog_push_box_for_two_panda_transport,1,0,0,0,infeasible_assignment,infeasible_assignment
7B,heldout_sibgrp,451,cut_fruit_on_board,0,0,0,0,GOAL_UNMET,GOAL_UNMET
7B,heldout_sibgrp,452,cut_fruit_on_board,0,0,0,0,GOAL_UNMET,GOAL_UNMET
7B,heldout_sibgrp,454,set_plate_and_fork_on_table,0,0,0,0,NO_USABLE_WORK,NO_USABLE_WORK
7B,heldout_sibgrp,458,cut_fruit_on_board,0,0,0,0,GOAL_UNMET,GOAL_UNMET
7B,heldout_sibgrp,459,parallel_human_dual_asset_to_plate_or_bowl,0,1,1,1,SOLVED,SOLVED
7B,heldout_sibgrp,462,cut_two_fruits_on_board,0,0,0,0,OVER_BUDGET,OVER_BUDGET
7B,heldout_sibgrp,466,parallel_human_dual_asset_to_plate_or_bowl,0,0,0,0,OVER_BUDGET,OVER_BUDGET
7B,heldout_sibgrp,472,parallel_human_dual_asset_to_plate_or_bowl,0,0,0,0,NO_USABLE_WORK,NO_USABLE_WORK
7B,heldout_sibgrp,474,cut_fruit_on_board,0,0,0,0,GOAL_UNMET,GOAL_UNMET
7B,heldout_sibgrp,475,clear_table_with_two_robots_and_put_in_cabinet,0,0,0,0,GOAL_UNMET,GOAL_UNMET
7B,heldout_sibgrp,476,cut_two_fruits_on_board,0,0,0,0,GOAL_UNMET,GOAL_UNMET
7B,heldout_sibgrp,478,toast_bread_and_set_plate,0,0,0,0,GOAL_UNMET,GOAL_UNMET
7B,heldout_sibgrp,479,cut_fruit_on_board,0,0,0,0,GOAL_UNMET,GOAL_UNMET
7B,heldout_sibgrp,480,clear_table_with_two_robots_and_put_in_cabinet,1,0,0,0,infeasible_assignment,infeasible_assignment
7B,heldout_sibgrp,481,toast_bread_and_set_plate,0,0,0,0,GOAL_UNMET,GOAL_UNMET
7B,heldout_sibgrp,484,cut_fruit_on_board,0,0,0,0,GOAL_UNMET,GOAL_UNMET
7B,heldout_sibgrp,485,dog_push_box_for_two_panda_transport,1,0,0,0,infeasible_assignment,infeasible_assignment
7B,heldout_sibgrp,486,clear_table_with_two_robots_and_put_in_cabinet,1,0,0,0,infeasible_assignment,infeasible_assignment
7B,heldout_sibgrp,487,dog_push_box_for_two_panda_transport,0,0,0,0,NO_USABLE_WORK,NO_USABLE_WORK
7B,heldout_sibgrp,489,toast_bread_and_set_plate,0,0,0,0,GOAL_UNMET,GOAL_UNMET
7B,heldout_sibgrp,494,clear_table_with_two_robots_and_put_in_cabinet,0,0,0,0,NO_USABLE_WORK,NO_USABLE_WORK
7B,heldout_sibgrp,496,parallel_human_dual_asset_to_plate_or_bowl,0,0,0,0,OVER_BUDGET,OVER_BUDGET
7B,heldout_sibgrp,497,cut_fruit_on_board,0,0,0,0,GOAL_UNMET,GOAL_UNMET
7B,heldout_sibgrp,498,cut_fruit_on_board,0,0,0,0,GOAL_UNMET,GOAL_UNMET
7B,heldout_sibgrp,501,cut_fruit_on_board,0,0,0,0,GOAL_UNMET,GOAL_UNMET
7B,heldout_sibgrp,502,clear_table_with_two_robots_and_put_in_cabinet,1,0,0,0,infeasible_assignment,infeasible_assignment
7B,heldout_sibgrp,503,parallel_human_dual_asset_to_plate_or_bowl,0,0,0,0,NO_USABLE_WORK,NO_USABLE_WORK
7B,heldout_sibgrp,504,toast_bread_and_set_plate,0,0,0,0,GOAL_UNMET,GOAL_UNMET
7B,heldout_sibgrp,507,cut_two_fruits_on_board,0,0,0,0,GOAL_UNMET,GOAL_UNMET
7B,heldout_sibgrp,510,parallel_human_dual_asset_to_plate_or_bowl,0,0,0,0,NO_USABLE_WORK,NO_USABLE_WORK
7B,heldout_sibgrp,512,clear_table_with_two_robots_and_put_in_cabinet,1,0,0,0,infeasible_assignment,infeasible_assignment
7B,heldout_sibgrp,513,parallel_human_dual_asset_to_plate_or_bowl,0,0,0,0,OVER_BUDGET,OVER_BUDGET
7B,heldout_sibgrp,515,clear_table_with_two_robots_and_put_in_cabinet,1,0,0,0,infeasible_assignment,infeasible_assignment
7B,heldout_sibgrp,516,cut_fruit_on_board,0,0,0,0,GOAL_UNMET,GOAL_UNMET
7B,heldout_sibgrp,517,toast_bread_and_set_plate,0,0,0,0,GOAL_UNMET,GOAL_UNMET
7B,heldout_sibgrp,519,cut_fruit_on_board,0,0,0,0,GOAL_UNMET,GOAL_UNMET
7B,heldout_sibgrp,520,set_plate_and_fork_on_table,0,0,0,0,NO_USABLE_WORK,NO_USABLE_WORK
7B,heldout_sibgrp,525,clear_table_with_two_robots_and_put_in_cabinet,0,0,0,0,GOAL_UNMET,GOAL_UNMET
7B,heldout_sibgrp,531,cut_two_fruits_on_board,0,0,0,0,GOAL_UNMET,GOAL_UNMET
7B,heldout_sibgrp,532,ensure_all_fruits_on_table,0,0,0,0,GOAL_UNMET,GOAL_UNMET
7B,heldout_sibgrp,536,set_plate_and_fork_on_table,0,0,0,0,GOAL_UNMET,GOAL_UNMET
7B,heldout_sibgrp,537,ensure_all_fruits_on_table,0,0,0,0,GOAL_UNMET,GOAL_UNMET
7B,heldout_sibgrp,539,ensure_all_fruits_on_table,0,0,0,0,GOAL_UNMET,GOAL_UNMET
7B,heldout_sibgrp,541,cut_fruit_on_board,0,0,0,0,GOAL_UNMET,GOAL_UNMET
7B,heldout_sibgrp,544,clear_table_with_two_robots_and_put_in_cabinet,1,0,0,0,infeasible_assignment,infeasible_assignment
7B,heldout_sibgrp,545,clear_table_with_two_robots_and_put_in_cabinet,1,0,0,0,infeasible_assignment,infeasible_assignment
7B,heldout_sibgrp,546,ensure_all_fruits_on_table,0,0,0,0,GOAL_UNMET,GOAL_UNMET
7B,heldout_sibgrp,548,parallel_human_dual_asset_to_plate_or_bowl,0,0,0,0,NO_USABLE_WORK,NO_USABLE_WORK
7B,heldout_sibgrp,549,cut_two_fruits_on_board,0,0,0,0,GOAL_UNMET,GOAL_UNMET
7B,heldout_sibgrp,551,set_plate_and_fork_on_table,0,0,0,0,GOAL_UNMET,GOAL_UNMET
7B,heldout_sibgrp,552,cut_two_fruits_on_board,0,0,0,0,OVER_BUDGET,OVER_BUDGET
7B,heldout_sibgrp,555,parallel_human_dual_asset_to_plate_or_bowl,0,0,0,0,OVER_BUDGET,OVER_BUDGET
7B,heldout_sibgrp,559,ensure_all_fruits_on_table,0,1,1,1,SOLVED,SOLVED
7B,heldout_sibgrp,561,set_plate_and_fork_on_table,0,0,0,0,GOAL_UNMET,GOAL_UNMET
7B,heldout_sibgrp,562,ensure_all_fruits_on_table,0,0,0,0,GOAL_UNMET,GOAL_UNMET
7B,heldout_sibgrp,563,cut_fruit_on_board,0,0,0,0,GOAL_UNMET,GOAL_UNMET
7B,heldout_sibgrp,564,set_plate_and_fork_on_table,0,0,0,0,GOAL_UNMET,GOAL_UNMET
7B,heldout_sibgrp,566,set_plate_and_fork_on_table,0,0,0,0,GOAL_UNMET,GOAL_UNMET
7B,heldout_sibgrp,569,cut_two_fruits_on_board,0,0,0,0,GOAL_UNMET,GOAL_UNMET
7B,heldout_sibgrp,570,clear_table_with_two_robots_and_put_in_cabinet,1,0,0,0,infeasible_assignment,infeasible_assignment
7B,heldout_sibgrp,571,cut_fruit_on_board,0,0,0,0,GOAL_UNMET,GOAL_UNMET
7B,heldout_sibgrp,572,toast_bread_and_set_plate,0,0,0,0,GOAL_UNMET,GOAL_UNMET
7B,heldout_sibgrp,573,toast_bread_and_set_plate,0,0,0,0,GOAL_UNMET,GOAL_UNMET
7B,heldout_sibgrp,576,parallel_human_dual_asset_to_plate_or_bowl,0,1,1,1,SOLVED,SOLVED
7B,heldout_sibgrp,578,ensure_all_fruits_on_table,0,0,0,0,GOAL_UNMET,GOAL_UNMET
7B,heldout_sibgrp,579,toast_bread_and_set_plate,0,0,0,0,GOAL_UNMET,GOAL_UNMET
7B,heldout_sibgrp,581,clear_table_with_two_robots_and_put_in_cabinet,1,0,0,0,infeasible_assignment,infeasible_assignment
7B,heldout_sibgrp,582,ensure_all_fruits_on_table,0,0,0,0,NO_USABLE_WORK,NO_USABLE_WORK
7B,heldout_sibgrp,584,set_plate_and_fork_on_table,0,0,0,0,GOAL_UNMET,GOAL_UNMET
7B,heldout_sibgrp,586,ensure_all_fruits_on_table,0,0,0,0,GOAL_UNMET,GOAL_UNMET
7B,heldout_sibgrp,587,cut_fruit_on_board,0,0,0,0,GOAL_UNMET,GOAL_UNMET
7B,heldout_sibgrp,592,parallel_human_dual_asset_to_plate_or_bowl,0,1,1,1,SOLVED,SOLVED
7B,heldout_sibgrp,594,clear_table_with_two_robots_and_put_in_cabinet,1,0,0,0,infeasible_assignment,infeasible_assignment
7B,heldout_sibgrp,596,toast_bread_and_set_plate,0,0,0,0,GOAL_UNMET,GOAL_UNMET
7B,heldout_sibgrp,598,clear_table_with_two_robots_and_put_in_cabinet,1,0,0,0,infeasible_assignment,infeasible_assignment
7B,heldout_sibgrp,600,cut_two_fruits_on_board,0,0,0,0,GOAL_UNMET,GOAL_UNMET
7B,heldout_sibgrp,601,set_plate_and_fork_on_table,0,0,0,0,NO_USABLE_WORK,NO_USABLE_WORK
7B,heldout_sibgrp,602,clear_table_with_two_robots_and_put_in_cabinet,1,0,0,0,infeasible_assignment,infeasible_assignment
7B,heldout_sibgrp,605,toast_bread_and_set_plate,0,0,0,0,GOAL_UNMET,GOAL_UNMET
7B,heldout_sibgrp,607,toast_bread_and_set_plate,0,0,0,0,GOAL_UNMET,GOAL_UNMET
7B,heldout_sibgrp,608,clear_table_with_two_robots_and_put_in_cabinet,1,0,0,0,infeasible_assignment,infeasible_assignment
7B,heldout_sibgrp,612,clear_table_with_two_robots_and_put_in_cabinet,1,0,0,0,infeasible_assignment,infeasible_assignment
7B,heldout_sibgrp,613,toast_bread_and_set_plate,0,0,0,0,GOAL_UNMET,GOAL_UNMET
7B,heldout_sibgrp,617,cut_fruit_on_board,0,0,0,0,GOAL_UNMET,GOAL_UNMET
7B,heldout_sibgrp,620,toast_bread_and_set_plate,0,0,0,0,GOAL_UNMET,GOAL_UNMET
7B,heldout_sibgrp,621,cut_fruit_on_board,0,0,0,0,GOAL_UNMET,GOAL_UNMET
7B,heldout_sibgrp,622,parallel_human_dual_asset_to_plate_or_bowl,0,0,0,0,NO_USABLE_WORK,NO_USABLE_WORK
7B,heldout_sibgrp,623,cut_fruit_on_board,0,0,0,0,GOAL_UNMET,GOAL_UNMET
7B,heldout_sibgrp,628,toast_bread_and_set_plate,0,0,0,0,GOAL_UNMET,GOAL_UNMET
7B,heldout_sibgrp,630,cut_fruit_on_board,0,0,0,0,GOAL_UNMET,GOAL_UNMET
7B,heldout_sibgrp,631,ensure_all_fruits_on_table,0,0,0,0,GOAL_UNMET,GOAL_UNMET
7B,heldout_sibgrp,632,ensure_all_fruits_on_table,0,0,0,0,GOAL_UNMET,GOAL_UNMET
7B,heldout_sibgrp,634,set_plate_and_fork_on_table,0,0,0,0,GOAL_UNMET,GOAL_UNMET
7B,heldout_sibgrp,635,parallel_human_dual_asset_to_plate_or_bowl,0,0,0,0,NO_USABLE_WORK,NO_USABLE_WORK
7B,heldout_sibgrp,636,cut_fruit_on_board,0,0,0,0,GOAL_UNMET,GOAL_UNMET
7B,heldout_sibgrp,639,parallel_human_dual_asset_to_plate_or_bowl,0,1,1,1,SOLVED,SOLVED
7B,heldout_sibgrp,640,clear_table_with_two_robots_and_put_in_cabinet,1,0,0,0,infeasible_assignment,infeasible_assignment
7B,heldout_sibgrp,641,clear_table_with_two_robots_and_put_in_cabinet,1,0,0,0,infeasible_assignment,infeasible_assignment
7B,heldout_sibgrp,642,cut_fruit_on_board,0,0,0,0,GOAL_UNMET,GOAL_UNMET
7B,heldout_sibgrp,645,cut_two_fruits_on_board,0,0,0,0,GOAL_UNMET,GOAL_UNMET
7B,heldout_sibgrp,647,dog_push_box_for_two_panda_transport,1,0,0,0,infeasible_assignment,infeasible_assignment
7B,heldout_sibgrp,649,clear_table_with_two_robots_and_put_in_cabinet,1,0,0,0,infeasible_assignment,infeasible_assignment
7B,heldout_sibgrp,650,clear_table_with_two_robots_and_put_in_cabinet,1,0,0,0,infeasible_assignment,infeasible_assignment
7B,heldout_sibgrp,651,clear_table_with_two_robots_and_put_in_cabinet,1,0,0,0,infeasible_assignment,infeasible_assignment
7B,heldout_sibgrp,652,dog_push_box_for_two_panda_transport,1,0,0,0,infeasible_assignment,infeasible_assignment
7B,heldout_sibgrp,654,cut_two_fruits_on_board,0,0,0,0,GOAL_UNMET,GOAL_UNMET
7B,heldout_sibgrp,655,cut_two_fruits_on_board,0,0,0,0,GOAL_UNMET,GOAL_UNMET
7B,heldout_sibgrp,656,cut_two_fruits_on_board,0,0,0,0,GOAL_UNMET,GOAL_UNMET
7B,heldout_sibgrp,657,clear_table_with_two_robots_and_put_in_cabinet,0,0,0,0,NO_USABLE_WORK,NO_USABLE_WORK
7B,heldout_sibgrp,661,clear_table_with_two_robots_and_put_in_cabinet,1,0,0,0,infeasible_assignment,infeasible_assignment
7B,heldout_sibgrp,663,cut_fruit_on_board,0,0,0,0,GOAL_UNMET,GOAL_UNMET
7B,heldout_sibgrp,664,cut_fruit_on_board,0,0,0,0,GOAL_UNMET,GOAL_UNMET
7B,heldout_sibgrp,668,cut_fruit_on_board,0,0,0,0,GOAL_UNMET,GOAL_UNMET
7B,heldout_sibgrp,671,cut_two_fruits_on_board,0,0,0,0,OVER_BUDGET,OVER_BUDGET
7B,heldout_sibgrp,672,clear_table_with_two_robots_and_put_in_cabinet,1,0,0,0,infeasible_assignment,infeasible_assignment
7B,heldout_sibgrp,674,set_plate_and_fork_on_table,0,0,0,0,GOAL_UNMET,GOAL_UNMET
7B,heldout_sibgrp,675,cut_fruit_on_board,0,0,0,0,GOAL_UNMET,GOAL_UNMET
7B,heldout_sibgrp,676,cut_fruit_on_board,0,0,0,0,GOAL_UNMET,GOAL_UNMET
7B,heldout_sibgrp,677,cut_two_fruits_on_board,0,0,0,0,OVER_BUDGET,OVER_BUDGET
7B,heldout_sibgrp,678,toast_bread_and_set_plate,0,0,0,0,GOAL_UNMET,GOAL_UNMET
7B,heldout_sibgrp,683,toast_bread_and_set_plate,0,0,0,0,GOAL_UNMET,GOAL_UNMET
7B,heldout_sibgrp,687,clear_table_with_two_robots_and_put_in_cabinet,1,0,0,0,infeasible_assignment,infeasible_assignment
7B,heldout_sibgrp,688,toast_bread_and_set_plate,0,0,0,0,GOAL_UNMET,GOAL_UNMET
7B,heldout_sibgrp,689,parallel_human_dual_asset_to_plate_or_bowl,0,0,0,0,NO_USABLE_WORK,NO_USABLE_WORK
7B,heldout_sibgrp,690,cut_fruit_on_board,0,0,0,0,GOAL_UNMET,GOAL_UNMET
7B,heldout_sibgrp,691,clear_table_with_two_robots_and_put_in_cabinet,1,0,0,0,infeasible_assignment,infeasible_assignment
7B,heldout_sibgrp,692,dog_push_box_for_two_panda_transport,1,0,0,0,infeasible_assignment,infeasible_assignment
7B,heldout_sibgrp,694,clear_table_with_two_robots_and_put_in_cabinet,1,0,0,0,infeasible_assignment,infeasible_assignment
7B,heldout_sibgrp,697,cut_fruit_on_board,0,0,0,0,GOAL_UNMET,GOAL_UNMET
7B,heldout_sibgrp,698,cut_fruit_on_board,0,0,0,0,GOAL_UNMET,GOAL_UNMET
7B,heldout_sibgrp,699,ensure_all_fruits_on_table,0,0,0,0,GOAL_UNMET,GOAL_UNMET
7B,heldout_sibgrp,703,cut_fruit_on_board,0,0,0,0,GOAL_UNMET,GOAL_UNMET
7B,heldout_sibgrp,707,clear_table_with_two_robots_and_put_in_cabinet,1,0,0,0,infeasible_assignment,infeasible_assignment
7B,heldout_sibgrp,708,clear_table_with_two_robots_and_put_in_cabinet,1,0,0,0,infeasible_assignment,infeasible_assignment
7B,heldout_sibgrp,711,clear_table_with_two_robots_and_put_in_cabinet,1,0,0,0,infeasible_assignment,infeasible_assignment
7B,heldout_sibgrp,712,parallel_human_dual_asset_to_plate_or_bowl,0,0,0,0,NO_USABLE_WORK,NO_USABLE_WORK
7B,heldout_sibgrp,713,ensure_all_fruits_on_table,0,0,0,0,GOAL_UNMET,GOAL_UNMET
7B,heldout_sibgrp,714,ensure_all_fruits_on_table,0,0,0,0,GOAL_UNMET,GOAL_UNMET
7B,heldout_sibgrp,715,set_plate_and_fork_on_table,0,0,0,0,GOAL_UNMET,GOAL_UNMET
7B,heldout_sibgrp,716,cut_fruit_on_board,0,0,0,0,GOAL_UNMET,GOAL_UNMET
7B,heldout_sibgrp,718,cut_fruit_on_board,0,0,0,0,GOAL_UNMET,GOAL_UNMET
7B,heldout_sibgrp,725,cut_fruit_on_board,0,0,0,0,GOAL_UNMET,GOAL_UNMET
7B,heldout_sibgrp,726,clear_table_with_two_robots_and_put_in_cabinet,1,0,0,0,infeasible_assignment,infeasible_assignment
7B,heldout_sibgrp,731,ensure_all_fruits_on_table,0,0,0,0,GOAL_UNMET,GOAL_UNMET
7B,heldout_sibgrp,733,set_plate_and_fork_on_table,0,0,0,0,GOAL_UNMET,GOAL_UNMET
7B,heldout_sibgrp,735,clear_table_with_two_robots_and_put_in_cabinet,1,0,0,0,infeasible_assignment,infeasible_assignment
7B,heldout_sibgrp,736,cut_two_fruits_on_board,0,0,0,0,GOAL_UNMET,GOAL_UNMET
7B,heldout_sibgrp,737,clear_table_with_two_robots_and_put_in_cabinet,1,0,0,0,infeasible_assignment,infeasible_assignment
7B,heldout_sibgrp,739,clear_table_with_two_robots_and_put_in_cabinet,0,0,0,0,NO_USABLE_WORK,NO_USABLE_WORK
7B,heldout_sibgrp,740,dog_push_box_for_two_panda_transport,1,0,0,0,infeasible_assignment,infeasible_assignment
7B,heldout_sibgrp,742,ensure_all_fruits_on_table,0,0,0,0,GOAL_UNMET,GOAL_UNMET
7B,heldout_sibgrp,744,clear_table_with_two_robots_and_put_in_cabinet,1,0,0,0,infeasible_assignment,infeasible_assignment
7B,heldout_sibgrp,745,set_plate_and_fork_on_table,0,0,0,0,GOAL_UNMET,GOAL_UNMET
7B,heldout_sibgrp,746,toast_bread_and_set_plate,0,0,0,0,GOAL_UNMET,GOAL_UNMET
7B,heldout_sibgrp,747,toast_bread_and_set_plate,0,0,0,0,GOAL_UNMET,GOAL_UNMET
7B,heldout_sibgrp,749,cut_fruit_on_board,0,0,0,0,GOAL_UNMET,GOAL_UNMET
7B,heldout_sibgrp,750,cut_fruit_on_board,0,0,0,0,GOAL_UNMET,GOAL_UNMET
7B,heldout_sibgrp,751,parallel_human_dual_asset_to_plate_or_bowl,0,0,0,0,NO_USABLE_WORK,NO_USABLE_WORK
7B,heldout_sibgrp,753,clear_table_with_two_robots_and_put_in_cabinet,0,0,0,0,GOAL_UNMET,GOAL_UNMET
7B,heldout_sibgrp,757,ensure_all_fruits_on_table,0,0,0,0,NO_USABLE_WORK,NO_USABLE_WORK
7B,heldout_sibgrp,760,ensure_all_fruits_on_table,0,0,0,0,GOAL_UNMET,GOAL_UNMET
7B,heldout_sibgrp,761,clear_table_with_two_robots_and_put_in_cabinet,1,0,0,0,infeasible_assignment,infeasible_assignment
7B,heldout_sibgrp,763,cut_two_fruits_on_board,0,0,0,0,GOAL_UNMET,GOAL_UNMET
7B,heldout_sibgrp,769,parallel_human_dual_asset_to_plate_or_bowl,0,1,1,1,SOLVED,SOLVED
7B,heldout_sibgrp,770,parallel_human_dual_asset_to_plate_or_bowl,0,1,1,1,SOLVED,SOLVED
7B,heldout_sibgrp,772,cut_fruit_on_board,0,0,0,0,GOAL_UNMET,GOAL_UNMET
7B,heldout_sibgrp,775,parallel_human_dual_asset_to_plate_or_bowl,0,0,0,0,OVER_BUDGET,OVER_BUDGET
7B,heldout_sibgrp,776,ensure_all_fruits_on_table,0,0,0,0,GOAL_UNMET,GOAL_UNMET
7B,heldout_sibgrp,777,clear_table_with_two_robots_and_put_in_cabinet,1,0,0,0,infeasible_assignment,infeasible_assignment
7B,heldout_sibgrp,780,cut_fruit_on_board,0,0,0,0,GOAL_UNMET,GOAL_UNMET
7B,heldout_sibgrp,781,clear_table_with_two_robots_and_put_in_cabinet,1,0,0,0,infeasible_assignment,infeasible_assignment
7B,heldout_sibgrp,783,set_plate_and_fork_on_table,0,0,0,0,GOAL_UNMET,GOAL_UNMET
7B,heldout_sibgrp,786,parallel_human_dual_asset_to_plate_or_bowl,0,1,1,1,SOLVED,SOLVED
7B,heldout_sibgrp,787,cut_fruit_on_board,0,0,0,0,GOAL_UNMET,GOAL_UNMET
7B,heldout_sibgrp,789,cut_fruit_on_board,0,0,0,0,GOAL_UNMET,GOAL_UNMET
7B,heldout_sibgrp,790,ensure_all_fruits_on_table,0,0,0,0,GOAL_UNMET,GOAL_UNMET
7B,heldout_sibgrp,791,clear_table_with_two_robots_and_put_in_cabinet,0,0,0,0,NO_USABLE_WORK,NO_USABLE_WORK
7B,heldout_sibgrp,796,cut_fruit_on_board,0,0,0,0,GOAL_UNMET,GOAL_UNMET
7B,heldout_sibgrp,797,cut_fruit_on_board,0,0,0,0,GOAL_UNMET,GOAL_UNMET
7B,heldout_sibgrp,799,cut_fruit_on_board,0,0,0,0,GOAL_UNMET,GOAL_UNMET
7B,heldout_sibgrp,801,cut_two_fruits_on_board,0,0,0,0,GOAL_UNMET,GOAL_UNMET
7B,heldout_sibgrp,803,clear_table_with_two_robots_and_put_in_cabinet,0,0,0,0,GOAL_UNMET,GOAL_UNMET
7B,heldout_sibgrp,804,cut_fruit_on_board,0,0,0,0,GOAL_UNMET,GOAL_UNMET
7B,heldout_sibgrp,806,cut_two_fruits_on_board,0,0,0,0,GOAL_UNMET,GOAL_UNMET
7B,heldout_sibgrp,807,parallel_human_dual_asset_to_plate_or_bowl,0,0,0,0,NO_USABLE_WORK,NO_USABLE_WORK
7B,heldout_sibgrp,809,clear_table_with_two_robots_and_put_in_cabinet,1,0,0,0,infeasible_assignment,infeasible_assignment
7B,heldout_sibgrp,813,cut_fruit_on_board,0,0,0,0,GOAL_UNMET,GOAL_UNMET
7B,heldout_sibgrp,814,cut_fruit_on_board,0,0,0,0,GOAL_UNMET,GOAL_UNMET
7B,heldout_sibgrp,815,set_plate_and_fork_on_table,0,0,0,0,NO_USABLE_WORK,NO_USABLE_WORK
7B,heldout_sibgrp,816,clear_table_with_two_robots_and_put_in_cabinet,1,0,0,0,infeasible_assignment,infeasible_assignment
7B,heldout_sibgrp,819,set_plate_and_fork_on_table,0,0,0,0,GOAL_UNMET,GOAL_UNMET
7B,heldout_sibgrp,820,toast_bread_and_set_plate,0,0,0,0,GOAL_UNMET,GOAL_UNMET
7B,heldout_sibgrp,825,ensure_all_fruits_on_table,0,0,0,0,GOAL_UNMET,GOAL_UNMET
7B,heldout_sibgrp,826,cut_fruit_on_board,0,0,0,0,GOAL_UNMET,GOAL_UNMET
7B,heldout_sibgrp,827,toast_bread_and_set_plate,0,0,0,0,GOAL_UNMET,GOAL_UNMET
7B,heldout_sibgrp,828,ensure_all_fruits_on_table,1,0,0,0,infeasible_assignment,infeasible_assignment
7B,heldout_sibgrp,830,parallel_human_dual_asset_to_plate_or_bowl,0,0,0,0,NO_USABLE_WORK,NO_USABLE_WORK
7B,heldout_sibgrp,831,parallel_human_dual_asset_to_plate_or_bowl,0,0,0,0,NO_USABLE_WORK,NO_USABLE_WORK
7B,heldout_sibgrp,837,cut_fruit_on_board,0,0,0,0,GOAL_UNMET,GOAL_UNMET
7B,heldout_sibgrp,838,clear_table_with_two_robots_and_put_in_cabinet,1,0,0,0,infeasible_assignment,infeasible_assignment
7B,heldout_sibgrp,840,cut_fruit_on_board,0,0,0,0,GOAL_UNMET,GOAL_UNMET
7B,heldout_sibgrp,841,set_plate_and_fork_on_table,0,0,0,0,GOAL_UNMET,GOAL_UNMET
7B,heldout_sibgrp,842,toast_bread_and_set_plate,0,0,0,0,GOAL_UNMET,GOAL_UNMET
7B,heldout_sibgrp,844,cut_fruit_on_board,0,0,0,0,GOAL_UNMET,GOAL_UNMET
7B,heldout_sibgrp,848,parallel_human_dual_asset_to_plate_or_bowl,0,0,0,0,NO_USABLE_WORK,NO_USABLE_WORK
7B,heldout_sibgrp,849,clear_table_with_two_robots_and_put_in_cabinet,1,0,0,0,infeasible_assignment,infeasible_assignment
7B,heldout_sibgrp,850,cut_fruit_on_board,0,0,0,0,GOAL_UNMET,GOAL_UNMET
7B,heldout_sibgrp,853,toast_bread_and_set_plate,0,0,0,0,GOAL_UNMET,GOAL_UNMET
7B,heldout_sibgrp,856,toast_bread_and_set_plate,0,0,0,0,GOAL_UNMET,GOAL_UNMET
7B,heldout_sibgrp,857,clear_table_with_two_robots_and_put_in_cabinet,1,0,0,0,infeasible_assignment,infeasible_assignment
7B,heldout_sibgrp,862,parallel_human_dual_asset_to_plate_or_bowl,0,1,1,1,SOLVED,SOLVED
7B,heldout_sibgrp,863,cut_fruit_on_board,0,0,0,0,GOAL_UNMET,GOAL_UNMET
7B,heldout_sibgrp,864,ensure_all_fruits_on_table,1,0,0,0,infeasible_assignment,infeasible_assignment
7B,heldout_sibgrp,865,parallel_human_dual_asset_to_plate_or_bowl,0,0,0,0,OVER_BUDGET,OVER_BUDGET
7B,heldout_sibgrp,867,set_plate_and_fork_on_table,0,0,0,0,GOAL_UNMET,GOAL_UNMET
7B,heldout_sibgrp,869,clear_table_with_two_robots_and_put_in_cabinet,1,0,0,0,infeasible_assignment,infeasible_assignment
7B,heldout_sibgrp,870,cut_two_fruits_on_board,0,0,0,0,GOAL_UNMET,GOAL_UNMET
7B,heldout_sibgrp,874,cut_fruit_on_board,0,0,0,0,GOAL_UNMET,GOAL_UNMET
7B,heldout_sibgrp,875,parallel_human_dual_asset_to_plate_or_bowl,0,1,1,1,SOLVED,SOLVED
7B,heldout_sibgrp,876,cut_two_fruits_on_board,0,0,0,0,GOAL_UNMET,GOAL_UNMET
7B,heldout_sibgrp,879,cut_fruit_on_board,0,0,0,0,GOAL_UNMET,GOAL_UNMET
7B,heldout_sibgrp,881,cut_fruit_on_board,0,0,0,0,GOAL_UNMET,GOAL_UNMET
7B,heldout_sibgrp,883,cut_fruit_on_board,0,0,0,0,GOAL_UNMET,GOAL_UNMET
7B,heldout_sibgrp,884,ensure_all_fruits_on_table,0,0,0,0,GOAL_UNMET,GOAL_UNMET
7B,heldout_sibgrp,886,clear_table_with_two_robots_and_put_in_cabinet,1,0,0,0,infeasible_assignment,infeasible_assignment
7B,heldout_sibgrp,888,set_plate_and_fork_on_table,0,0,0,0,GOAL_UNMET,GOAL_UNMET
7B,heldout_sibgrp,890,cut_fruit_on_board,0,0,0,0,GOAL_UNMET,GOAL_UNMET
7B,heldout_sibgrp,891,clear_table_with_two_robots_and_put_in_cabinet,1,0,0,0,infeasible_assignment,infeasible_assignment
7B,heldout_sibgrp,895,set_plate_and_fork_on_table,0,0,0,0,GOAL_UNMET,GOAL_UNMET
7B,heldout_sibgrp,897,set_plate_and_fork_on_table,0,0,0,0,GOAL_UNMET,GOAL_UNMET
7B,heldout_sibgrp,901,cut_fruit_on_board,0,0,0,0,GOAL_UNMET,GOAL_UNMET
7B,heldout_sibgrp,903,clear_table_with_two_robots_and_put_in_cabinet,1,0,0,0,infeasible_assignment,infeasible_assignment
7B,heldout_sibgrp,904,clear_table_with_two_robots_and_put_in_cabinet,1,0,0,0,infeasible_assignment,infeasible_assignment
7B,heldout_sibgrp,905,clear_table_with_two_robots_and_put_in_cabinet,1,0,0,0,infeasible_assignment,infeasible_assignment
7B,heldout_sibgrp,908,toast_bread_and_set_plate,0,0,0,0,GOAL_UNMET,GOAL_UNMET
7B,heldout_sibgrp,910,clear_table_with_two_robots_and_put_in_cabinet,1,0,0,0,infeasible_assignment,infeasible_assignment
7B,heldout_sibgrp,912,clear_table_with_two_robots_and_put_in_cabinet,1,0,0,0,infeasible_assignment,infeasible_assignment
7B,heldout_sibgrp,913,parallel_human_dual_asset_to_plate_or_bowl,0,0,0,0,OVER_BUDGET,OVER_BUDGET
7B,heldout_sibgrp,915,parallel_human_dual_asset_to_plate_or_bowl,0,0,0,0,GOAL_UNMET,GOAL_UNMET
7B,heldout_sibgrp,918,cut_fruit_on_board,0,0,0,0,GOAL_UNMET,GOAL_UNMET
7B,heldout_sibgrp,923,set_plate_and_fork_on_table,0,0,0,0,OVER_BUDGET,OVER_BUDGET
7B,heldout_sibgrp,927,parallel_human_dual_asset_to_plate_or_bowl,0,0,0,0,NO_USABLE_WORK,NO_USABLE_WORK
7B,heldout_sibgrp,932,dog_push_box_for_two_panda_transport,1,0,0,0,infeasible_assignment,infeasible_assignment
7B,heldout_sibgrp,941,toast_bread_and_set_plate,0,0,0,0,GOAL_UNMET,GOAL_UNMET
7B,heldout_sibgrp,942,set_plate_and_fork_on_table,0,0,0,0,GOAL_UNMET,GOAL_UNMET
7B,heldout_sibgrp,943,clear_table_with_two_robots_and_put_in_cabinet,1,0,0,0,infeasible_assignment,infeasible_assignment
7B,heldout_sibgrp,947,cut_two_fruits_on_board,0,0,0,0,GOAL_UNMET,GOAL_UNMET
7B,heldout_sibgrp,949,cut_fruit_on_board,0,0,0,0,GOAL_UNMET,GOAL_UNMET
7B,heldout_sibgrp,950,parallel_human_dual_asset_to_plate_or_bowl,0,0,0,0,OVER_BUDGET,OVER_BUDGET
7B,heldout_sibgrp,952,cut_two_fruits_on_board,0,0,0,0,GOAL_UNMET,GOAL_UNMET
7B,heldout_sibgrp,956,clear_table_with_two_robots_and_put_in_cabinet,1,0,0,0,infeasible_assignment,infeasible_assignment
7B,heldout_sibgrp,957,cut_fruit_on_board,0,0,0,0,GOAL_UNMET,GOAL_UNMET
7B,heldout_sibgrp,959,parallel_human_dual_asset_to_plate_or_bowl,0,0,0,0,OVER_BUDGET,OVER_BUDGET
7B,heldout_sibgrp,960,cut_two_fruits_on_board,0,0,0,0,GOAL_UNMET,GOAL_UNMET
7B,heldout_sibgrp,962,toast_bread_and_set_plate,0,0,0,0,GOAL_UNMET,GOAL_UNMET
7B,heldout_sibgrp,963,clear_table_with_two_robots_and_put_in_cabinet,0,0,0,0,NO_USABLE_WORK,NO_USABLE_WORK
7B,heldout_sibgrp,964,cut_two_fruits_on_board,0,0,0,0,OVER_BUDGET,OVER_BUDGET
7B,heldout_sibgrp,965,ensure_all_fruits_on_table,0,0,0,0,GOAL_UNMET,GOAL_UNMET
7B,heldout_sibgrp,966,set_plate_and_fork_on_table,0,0,0,0,GOAL_UNMET,GOAL_UNMET
7B,heldout_sibgrp,967,cut_two_fruits_on_board,0,0,0,0,OVER_BUDGET,OVER_BUDGET
7B,heldout_sibgrp,968,cut_fruit_on_board,0,0,0,0,GOAL_UNMET,GOAL_UNMET
7B,heldout_sibgrp,970,clear_table_with_two_robots_and_put_in_cabinet,1,0,0,0,infeasible_assignment,infeasible_assignment
7B,heldout_sibgrp,971,cut_fruit_on_board,0,0,0,0,GOAL_UNMET,GOAL_UNMET
7B,heldout_sibgrp,972,set_plate_and_fork_on_table,0,0,0,0,GOAL_UNMET,GOAL_UNMET
7B,heldout_sibgrp,973,cut_fruit_on_board,0,0,0,0,GOAL_UNMET,GOAL_UNMET
7B,heldout_sibgrp,974,parallel_human_dual_asset_to_plate_or_bowl,0,1,1,1,SOLVED,SOLVED
7B,heldout_sibgrp,975,clear_table_with_two_robots_and_put_in_cabinet,1,0,0,0,infeasible_assignment,infeasible_assignment
7B,heldout_sibgrp,976,cut_two_fruits_on_board,0,0,0,0,GOAL_UNMET,GOAL_UNMET
7B,heldout_sibgrp,977,cut_fruit_on_board,0,0,0,0,GOAL_UNMET,GOAL_UNMET
7B,heldout_sibgrp,979,cut_fruit_on_board,0,0,0,0,GOAL_UNMET,GOAL_UNMET
7B,heldout_sibgrp,980,cut_fruit_on_board,0,0,0,0,GOAL_UNMET,GOAL_UNMET
7B,heldout_sibgrp,981,clear_table_with_two_robots_and_put_in_cabinet,1,0,0,0,infeasible_assignment,infeasible_assignment
7B,heldout_sibgrp,982,ensure_all_fruits_on_table,0,0,0,0,GOAL_UNMET,GOAL_UNMET
7B,heldout_sibgrp,984,clear_table_with_two_robots_and_put_in_cabinet,1,0,0,0,infeasible_assignment,infeasible_assignment
7B,heldout_sibgrp,985,ensure_all_fruits_on_table,0,0,0,0,GOAL_UNMET,GOAL_UNMET
7B,heldout_sibgrp,987,set_plate_and_fork_on_table,0,0,0,0,GOAL_UNMET,GOAL_UNMET
7B,heldout_sibgrp,991,dog_push_box_for_two_panda_transport,1,0,0,0,infeasible_assignment,infeasible_assignment
7B,heldout_sibgrp,993,dog_push_box_for_two_panda_transport,1,0,0,0,infeasible_assignment,infeasible_assignment
7B,heldout_sibgrp,995,parallel_human_dual_asset_to_plate_or_bowl,0,1,1,1,SOLVED,SOLVED
7B,heldout_sibgrp,996,ensure_all_fruits_on_table,0,0,0,0,GOAL_UNMET,GOAL_UNMET
7B,heldout_sibgrp,997,clear_table_with_two_robots_and_put_in_cabinet,1,0,0,0,infeasible_assignment,infeasible_assignment
7B,heldout_sibgrp,999,cut_two_fruits_on_board,0,0,0,0,GOAL_UNMET,GOAL_UNMET
7B,heldout_sibgrp,1000,clear_table_with_two_robots_and_put_in_cabinet,0,0,0,0,GOAL_UNMET,GOAL_UNMET
7B,heldout_sibgrp,1002,ensure_all_fruits_on_table,0,0,0,0,GOAL_UNMET,GOAL_UNMET
7B,heldout_sibgrp,1005,toast_bread_and_set_plate,0,0,0,0,GOAL_UNMET,GOAL_UNMET
7B,heldout_sibgrp,1010,ensure_all_fruits_on_table,0,0,0,0,GOAL_UNMET,GOAL_UNMET
7B,heldout_sibgrp,1013,toast_bread_and_set_plate,0,0,0,0,GOAL_UNMET,GOAL_UNMET
7B,heldout_sibgrp,1014,clear_table_with_two_robots_and_put_in_cabinet,1,0,0,0,infeasible_assignment,infeasible_assignment
7B,heldout_sibgrp,1019,toast_bread_and_set_plate,0,0,0,0,GOAL_UNMET,GOAL_UNMET
7B,heldout_sibgrp,1020,clear_table_with_two_robots_and_put_in_cabinet,1,0,0,0,infeasible_assignment,infeasible_assignment
7B,heldout_sibgrp,1021,set_plate_and_fork_on_table,0,0,0,0,GOAL_UNMET,GOAL_UNMET
7B,heldout_sibgrp,1026,clear_table_with_two_robots_and_put_in_cabinet,1,0,0,0,infeasible_assignment,infeasible_assignment
7B,heldout_sibgrp,1027,cut_two_fruits_on_board,0,0,0,0,GOAL_UNMET,GOAL_UNMET
7B,heldout_sibgrp,1029,cut_two_fruits_on_board,0,0,0,0,OVER_BUDGET,OVER_BUDGET
7B,heldout_sibgrp,1030,set_plate_and_fork_on_table,0,0,0,0,GOAL_UNMET,GOAL_UNMET
7B,heldout_sibgrp,1032,ensure_all_fruits_on_table,0,0,0,0,GOAL_UNMET,GOAL_UNMET
7B,heldout_sibgrp,1034,toast_bread_and_set_plate,0,0,0,0,GOAL_UNMET,GOAL_UNMET
7B,heldout_sibgrp,1037,set_plate_and_fork_on_table,0,0,0,0,GOAL_UNMET,GOAL_UNMET
7B,heldout_sibgrp,1039,cut_fruit_on_board,0,0,0,0,GOAL_UNMET,GOAL_UNMET
7B,heldout_sibgrp,1040,toast_bread_and_set_plate,0,0,0,0,GOAL_UNMET,GOAL_UNMET
7B,heldout_sibgrp,1042,cut_two_fruits_on_board,0,0,0,0,GOAL_UNMET,GOAL_UNMET
7B,heldout_sibgrp,1043,cut_fruit_on_board,0,0,0,0,GOAL_UNMET,GOAL_UNMET
7B,heldout_sibgrp,1044,set_plate_and_fork_on_table,0,0,0,0,GOAL_UNMET,GOAL_UNMET
7B,heldout_sibgrp,1045,cut_two_fruits_on_board,0,0,0,0,GOAL_UNMET,GOAL_UNMET
7B,heldout_sibgrp,1048,toast_bread_and_set_plate,0,0,0,0,GOAL_UNMET,GOAL_UNMET
7B,heldout_sibgrp,1050,clear_table_with_two_robots_and_put_in_cabinet,1,0,0,0,infeasible_assignment,infeasible_assignment
7B,heldout_sibgrp,1051,cut_fruit_on_board,0,0,0,0,GOAL_UNMET,GOAL_UNMET
7B,heldout_sibgrp,1053,clear_table_with_two_robots_and_put_in_cabinet,1,0,0,0,infeasible_assignment,infeasible_assignment
7B,heldout_sibgrp,1054,clear_table_with_two_robots_and_put_in_cabinet,1,0,0,0,infeasible_assignment,infeasible_assignment
7B,heldout_sibgrp,1058,cut_fruit_on_board,0,0,0,0,GOAL_UNMET,GOAL_UNMET
7B,heldout_sibgrp,1060,ensure_all_fruits_on_table,0,0,0,0,GOAL_UNMET,GOAL_UNMET
7B,heldout_sibgrp,1061,parallel_human_dual_asset_to_plate_or_bowl,0,0,0,0,OVER_BUDGET,OVER_BUDGET
7B,heldout_sibgrp,1063,cut_fruit_on_board,0,0,0,0,GOAL_UNMET,GOAL_UNMET
7B,heldout_sibgrp,1064,dog_push_box_for_two_panda_transport,0,0,0,0,NO_USABLE_WORK,NO_USABLE_WORK
7B,heldout_sibgrp,1066,toast_bread_and_set_plate,0,0,0,0,GOAL_UNMET,GOAL_UNMET
7B,heldout_sibgrp,1067,clear_table_with_two_robots_and_put_in_cabinet,1,0,0,0,infeasible_assignment,infeasible_assignment
7B,heldout_sibgrp,1068,parallel_human_dual_asset_to_plate_or_bowl,0,1,1,1,SOLVED,SOLVED
7B,heldout_sibgrp,1070,parallel_human_dual_asset_to_plate_or_bowl,0,0,0,0,OVER_BUDGET,OVER_BUDGET
7B,heldout_sibgrp,1072,dog_push_box_for_two_panda_transport,1,0,0,0,infeasible_assignment,infeasible_assignment
7B,heldout_sibgrp,1075,cut_fruit_on_board,0,0,0,0,GOAL_UNMET,GOAL_UNMET
7B,heldout_sibgrp,1076,ensure_all_fruits_on_table,0,0,0,0,GOAL_UNMET,GOAL_UNMET
7B,heldout_sibgrp,1079,cut_fruit_on_board,0,0,0,0,GOAL_UNMET,GOAL_UNMET
7B,heldout_sibgrp,1080,toast_bread_and_set_plate,0,0,0,0,GOAL_UNMET,GOAL_UNMET
7B,heldout_sibgrp,1081,ensure_all_fruits_on_table,0,0,0,0,GOAL_UNMET,GOAL_UNMET
7B,heldout_sibgrp,1082,clear_table_with_two_robots_and_put_in_cabinet,1,0,0,0,infeasible_assignment,infeasible_assignment
7B,heldout_sibgrp,1085,clear_table_with_two_robots_and_put_in_cabinet,1,0,0,0,infeasible_assignment,infeasible_assignment
7B,heldout_sibgrp,1096,clear_table_with_two_robots_and_put_in_cabinet,1,0,0,0,infeasible_assignment,infeasible_assignment
7B,heldout_sibgrp,1098,set_plate_and_fork_on_table,0,0,0,0,GOAL_UNMET,GOAL_UNMET
7B,heldout_sibgrp,1103,dog_push_box_for_two_panda_transport,1,0,0,0,infeasible_assignment,infeasible_assignment
7B,heldout_sibgrp,1104,cut_fruit_on_board,0,0,0,0,GOAL_UNMET,GOAL_UNMET
7B,heldout_sibgrp,1105,cut_two_fruits_on_board,0,0,0,0,GOAL_UNMET,GOAL_UNMET
7B,heldout_sibgrp,1106,cut_fruit_on_board,0,0,0,0,GOAL_UNMET,GOAL_UNMET
7B,heldout_sibgrp,1107,clear_table_with_two_robots_and_put_in_cabinet,1,0,0,0,infeasible_assignment,infeasible_assignment
7B,heldout_sibgrp,1108,clear_table_with_two_robots_and_put_in_cabinet,1,0,0,0,infeasible_assignment,infeasible_assignment
7B,heldout_sibgrp,1109,clear_table_with_two_robots_and_put_in_cabinet,1,0,0,0,infeasible_assignment,infeasible_assignment
7B,heldout_sibgrp,1110,clear_table_with_two_robots_and_put_in_cabinet,0,0,0,0,NO_USABLE_WORK,NO_USABLE_WORK
7B,heldout_sibgrp,1113,ensure_all_fruits_on_table,0,0,0,0,GOAL_UNMET,GOAL_UNMET
7B,heldout_sibgrp,1114,cut_two_fruits_on_board,0,0,0,0,GOAL_UNMET,GOAL_UNMET
7B,heldout_sibgrp,1117,dog_push_box_for_two_panda_transport,1,0,0,0,infeasible_assignment,infeasible_assignment
7B,heldout_sibgrp,1122,ensure_all_fruits_on_table,0,0,0,0,GOAL_UNMET,GOAL_UNMET
7B,heldout_sibgrp,1124,set_plate_and_fork_on_table,0,0,0,0,GOAL_UNMET,GOAL_UNMET
7B,heldout_sibgrp,1125,ensure_all_fruits_on_table,0,0,0,0,GOAL_UNMET,GOAL_UNMET
7B,heldout_sibgrp,1126,cut_two_fruits_on_board,0,0,0,0,OVER_BUDGET,OVER_BUDGET
7B,heldout_sibgrp,1127,cut_two_fruits_on_board,0,0,0,0,GOAL_UNMET,GOAL_UNMET
7B,heldout_sibgrp,1128,toast_bread_and_set_plate,0,0,0,0,GOAL_UNMET,GOAL_UNMET
7B,heldout_sibgrp,1130,toast_bread_and_set_plate,0,0,0,0,GOAL_UNMET,GOAL_UNMET
7B,heldout_sibgrp,1134,toast_bread_and_set_plate,0,0,0,0,GOAL_UNMET,GOAL_UNMET
7B,heldout_sibgrp,1135,cut_fruit_on_board,0,0,0,0,GOAL_UNMET,GOAL_UNMET
7B,heldout_sibgrp,1136,clear_table_with_two_robots_and_put_in_cabinet,1,0,0,0,infeasible_assignment,infeasible_assignment
7B,heldout_sibgrp,1138,clear_table_with_two_robots_and_put_in_cabinet,1,0,0,0,infeasible_assignment,infeasible_assignment
7B,heldout_sibgrp,1143,toast_bread_and_set_plate,0,0,0,0,GOAL_UNMET,GOAL_UNMET
7B,heldout_sibgrp,1146,parallel_human_dual_asset_to_plate_or_bowl,0,0,0,0,OVER_BUDGET,OVER_BUDGET
7B,heldout_sibgrp,1149,clear_table_with_two_robots_and_put_in_cabinet,1,0,0,0,infeasible_assignment,infeasible_assignment
7B,heldout_sibgrp,1152,cut_two_fruits_on_board,0,0,0,0,GOAL_UNMET,GOAL_UNMET
7B,heldout_sibgrp,1153,clear_table_with_two_robots_and_put_in_cabinet,1,0,0,0,infeasible_assignment,infeasible_assignment
7B,heldout_sibgrp,1155,cut_two_fruits_on_board,0,0,0,0,GOAL_UNMET,GOAL_UNMET
7B,heldout_sibgrp,1156,parallel_human_dual_asset_to_plate_or_bowl,0,0,0,0,NO_USABLE_WORK,NO_USABLE_WORK
7B,heldout_sibgrp,1157,dog_push_box_for_two_panda_transport,1,0,0,0,infeasible_assignment,infeasible_assignment
7B,heldout_sibgrp,1158,cut_fruit_on_board,0,0,0,0,GOAL_UNMET,GOAL_UNMET
7B,heldout_sibgrp,1159,clear_table_with_two_robots_and_put_in_cabinet,1,0,0,0,infeasible_assignment,infeasible_assignment
7B,heldout_sibgrp,1162,parallel_human_dual_asset_to_plate_or_bowl,0,0,0,0,NO_USABLE_WORK,NO_USABLE_WORK
7B,heldout_sibgrp,1163,cut_fruit_on_board,0,0,0,0,GOAL_UNMET,GOAL_UNMET
7B,heldout_sibgrp,1164,clear_table_with_two_robots_and_put_in_cabinet,1,0,0,0,infeasible_assignment,infeasible_assignment
7B,heldout_sibgrp,1165,ensure_all_fruits_on_table,1,0,0,0,infeasible_assignment,infeasible_assignment
7B,heldout_sibgrp,1167,clear_table_with_two_robots_and_put_in_cabinet,1,0,0,0,infeasible_assignment,infeasible_assignment
7B,heldout_sibgrp,1173,clear_table_with_two_robots_and_put_in_cabinet,1,0,0,0,infeasible_assignment,infeasible_assignment
7B,heldout_sibgrp,1174,clear_table_with_two_robots_and_put_in_cabinet,1,0,0,0,infeasible_assignment,infeasible_assignment
7B,heldout_sibgrp,1176,toast_bread_and_set_plate,0,0,0,0,GOAL_UNMET,GOAL_UNMET
7B,heldout_sibgrp,1180,clear_table_with_two_robots_and_put_in_cabinet,1,0,0,0,infeasible_assignment,infeasible_assignment
7B,heldout_sibgrp,1181,clear_table_with_two_robots_and_put_in_cabinet,1,0,0,0,infeasible_assignment,infeasible_assignment
7B,heldout_sibgrp,1185,cut_fruit_on_board,0,0,0,0,GOAL_UNMET,GOAL_UNMET
7B,heldout_sibgrp,1187,clear_table_with_two_robots_and_put_in_cabinet,1,0,0,0,infeasible_assignment,infeasible_assignment
7B,heldout_sibgrp,1189,clear_table_with_two_robots_and_put_in_cabinet,1,0,0,0,infeasible_assignment,infeasible_assignment
7B,heldout_sibgrp,1190,cut_fruit_on_board,0,0,0,0,GOAL_UNMET,GOAL_UNMET
7B,heldout_sibgrp,1192,cut_two_fruits_on_board,0,0,0,0,GOAL_UNMET,GOAL_UNMET
7B,heldout_sibgrp,1193,cut_two_fruits_on_board,0,0,0,0,OVER_BUDGET,OVER_BUDGET
7B,heldout_sibgrp,1195,set_plate_and_fork_on_table,0,0,0,0,GOAL_UNMET,GOAL_UNMET
7B,heldout_sibgrp,1197,dog_push_box_for_two_panda_transport,1,0,0,0,infeasible_assignment,infeasible_assignment
7B,heldout_sibgrp,1200,cut_two_fruits_on_board,0,0,0,0,GOAL_UNMET,GOAL_UNMET
7B,heldout_sibgrp,1201,cut_two_fruits_on_board,0,0,0,0,OVER_BUDGET,OVER_BUDGET
7B,heldout_sibgrp,1202,parallel_human_dual_asset_to_plate_or_bowl,0,0,0,0,OVER_BUDGET,OVER_BUDGET
7B,heldout_sibgrp,1204,clear_table_with_two_robots_and_put_in_cabinet,1,0,0,0,infeasible_assignment,infeasible_assignment
7B,heldout_sibgrp,1205,clear_table_with_two_robots_and_put_in_cabinet,1,0,0,0,infeasible_assignment,infeasible_assignment
7B,heldout_sibgrp,1207,cut_fruit_on_board,0,0,0,0,GOAL_UNMET,GOAL_UNMET
7B,heldout_sibgrp,1210,cut_fruit_on_board,0,0,0,0,GOAL_UNMET,GOAL_UNMET
7B,heldout_sibgrp,1218,parallel_human_dual_asset_to_plate_or_bowl,0,0,0,0,OVER_BUDGET,OVER_BUDGET
7B,heldout_sibgrp,1219,clear_table_with_two_robots_and_put_in_cabinet,1,0,0,0,infeasible_assignment,infeasible_assignment
7B,heldout_sibgrp,1224,cut_fruit_on_board,0,0,0,0,GOAL_UNMET,GOAL_UNMET
7B,heldout_sibgrp,1225,toast_bread_and_set_plate,0,0,0,0,GOAL_UNMET,GOAL_UNMET
7B,heldout_sibgrp,1226,parallel_human_dual_asset_to_plate_or_bowl,0,1,1,1,SOLVED,SOLVED
7B,heldout_sibgrp,1227,cut_fruit_on_board,0,0,0,0,GOAL_UNMET,GOAL_UNMET
7B,heldout_sibgrp,1228,cut_fruit_on_board,0,0,0,0,GOAL_UNMET,GOAL_UNMET
7B,heldout_sibgrp,1231,set_plate_and_fork_on_table,0,0,0,0,GOAL_UNMET,GOAL_UNMET
7B,heldout_sibgrp,1232,cut_two_fruits_on_board,0,0,0,0,GOAL_UNMET,GOAL_UNMET
7B,heldout_sibgrp,1233,cut_fruit_on_board,0,0,0,0,GOAL_UNMET,GOAL_UNMET
7B,heldout_sibgrp,1234,cut_fruit_on_board,0,0,0,0,GOAL_UNMET,GOAL_UNMET
7B,heldout_sibgrp,1235,toast_bread_and_set_plate,0,0,0,0,GOAL_UNMET,GOAL_UNMET
7B,heldout_sibgrp,1236,set_plate_and_fork_on_table,0,0,0,0,GOAL_UNMET,GOAL_UNMET
7B,heldout_sibgrp,1241,clear_table_with_two_robots_and_put_in_cabinet,1,0,0,0,infeasible_assignment,infeasible_assignment
7B,heldout_sibgrp,1244,clear_table_with_two_robots_and_put_in_cabinet,1,0,0,0,infeasible_assignment,infeasible_assignment
7B,heldout_sibgrp,1247,cut_fruit_on_board,0,0,0,0,GOAL_UNMET,GOAL_UNMET
7B,heldout_sibgrp,1248,cut_fruit_on_board,0,0,0,0,GOAL_UNMET,GOAL_UNMET
7B,heldout_sibgrp,1252,toast_bread_and_set_plate,0,0,0,0,GOAL_UNMET,GOAL_UNMET
7B,heldout_sibgrp,1253,clear_table_with_two_robots_and_put_in_cabinet,1,0,0,0,infeasible_assignment,infeasible_assignment
7B,heldout_sibgrp,1255,toast_bread_and_set_plate,0,0,0,0,GOAL_UNMET,GOAL_UNMET
7B,heldout_sibgrp,1257,set_plate_and_fork_on_table,0,0,0,0,GOAL_UNMET,GOAL_UNMET
7B,heldout_sibgrp,1260,clear_table_with_two_robots_and_put_in_cabinet,1,0,0,0,infeasible_assignment,infeasible_assignment
7B,heldout_sibgrp,1261,clear_table_with_two_robots_and_put_in_cabinet,1,0,0,0,infeasible_assignment,infeasible_assignment
7B,heldout_sibgrp,1263,ensure_all_fruits_on_table,0,0,0,0,GOAL_UNMET,GOAL_UNMET
7B,heldout_sibgrp,1264,clear_table_with_two_robots_and_put_in_cabinet,1,0,0,0,infeasible_assignment,infeasible_assignment
7B,heldout_sibgrp,1265,cut_fruit_on_board,0,0,0,0,GOAL_UNMET,GOAL_UNMET
7B,heldout_sibgrp,1267,clear_table_with_two_robots_and_put_in_cabinet,1,0,0,0,infeasible_assignment,infeasible_assignment
7B,heldout_sibgrp,1268,set_plate_and_fork_on_table,0,0,0,0,GOAL_UNMET,GOAL_UNMET
7B,heldout_sibgrp,1272,clear_table_with_two_robots_and_put_in_cabinet,1,0,0,0,infeasible_assignment,infeasible_assignment
7B,heldout_sibgrp,1274,cut_fruit_on_board,0,0,0,0,GOAL_UNMET,GOAL_UNMET
7B,heldout_sibgrp,1276,clear_table_with_two_robots_and_put_in_cabinet,0,0,0,0,NO_USABLE_WORK,NO_USABLE_WORK
7B,heldout_sibgrp,1277,clear_table_with_two_robots_and_put_in_cabinet,1,0,0,0,infeasible_assignment,infeasible_assignment
7B,heldout_sibgrp,1280,cut_two_fruits_on_board,0,0,0,0,OVER_BUDGET,OVER_BUDGET
7B,heldout_sibgrp,1281,clear_table_with_two_robots_and_put_in_cabinet,1,0,0,0,infeasible_assignment,infeasible_assignment
7B,heldout_sibgrp,1282,parallel_human_dual_asset_to_plate_or_bowl,0,0,0,0,NO_USABLE_WORK,NO_USABLE_WORK
7B,heldout_sibgrp,1285,ensure_all_fruits_on_table,0,0,0,0,GOAL_UNMET,GOAL_UNMET
7B,heldout_sibgrp,1286,clear_table_with_two_robots_and_put_in_cabinet,1,0,0,0,infeasible_assignment,infeasible_assignment
7B,heldout_sibgrp,1289,toast_bread_and_set_plate,0,0,0,0,GOAL_UNMET,GOAL_UNMET
7B,heldout_sibgrp,1291,cut_fruit_on_board,0,0,0,0,GOAL_UNMET,GOAL_UNMET
7B,heldout_sibgrp,1293,set_plate_and_fork_on_table,0,0,0,0,NO_USABLE_WORK,NO_USABLE_WORK
7B,heldout_sibgrp,1294,cut_two_fruits_on_board,0,0,0,0,GOAL_UNMET,GOAL_UNMET
7B,heldout_sibgrp,1295,set_plate_and_fork_on_table,0,0,0,0,GOAL_UNMET,GOAL_UNMET
7B,heldout_sibgrp,1300,toast_bread_and_set_plate,0,0,0,0,GOAL_UNMET,GOAL_UNMET
7B,heldout_sibgrp,1303,ensure_all_fruits_on_table,0,0,0,0,GOAL_UNMET,GOAL_UNMET
7B,heldout_sibgrp,1304,set_plate_and_fork_on_table,0,0,0,0,GOAL_UNMET,GOAL_UNMET
7B,heldout_sibgrp,1306,dog_push_box_for_two_panda_transport,1,0,0,0,infeasible_assignment,infeasible_assignment
7B,heldout_sibgrp,1307,clear_table_with_two_robots_and_put_in_cabinet,1,0,0,0,infeasible_assignment,infeasible_assignment
7B,heldout_sibgrp,1308,clear_table_with_two_robots_and_put_in_cabinet,1,0,0,0,infeasible_assignment,infeasible_assignment
7B,heldout_sibgrp,1311,toast_bread_and_set_plate,0,0,0,0,GOAL_UNMET,GOAL_UNMET
7B,heldout_sibgrp,1312,cut_fruit_on_board,0,0,0,0,GOAL_UNMET,GOAL_UNMET
7B,heldout_sibgrp,1313,set_plate_and_fork_on_table,0,0,0,0,GOAL_UNMET,GOAL_UNMET
7B,heldout_sibgrp,1314,set_plate_and_fork_on_table,0,0,0,0,GOAL_UNMET,GOAL_UNMET
7B,heldout_sibgrp,1315,clear_table_with_two_robots_and_put_in_cabinet,1,0,0,0,infeasible_assignment,infeasible_assignment
7B,heldout_sibgrp,1317,parallel_human_dual_asset_to_plate_or_bowl,0,1,1,1,SOLVED,SOLVED
7B,heldout_sibgrp,1320,ensure_all_fruits_on_table,0,0,0,0,GOAL_UNMET,GOAL_UNMET
7B,heldout_sibgrp,1321,cut_fruit_on_board,0,0,0,0,GOAL_UNMET,GOAL_UNMET
7B,heldout_sibgrp,1322,cut_fruit_on_board,0,0,0,0,GOAL_UNMET,GOAL_UNMET
7B,heldout_sibgrp,1325,cut_two_fruits_on_board,0,0,0,0,OVER_BUDGET,OVER_BUDGET
7B,heldout_sibgrp,1327,clear_table_with_two_robots_and_put_in_cabinet,1,0,0,0,infeasible_assignment,infeasible_assignment
7B,heldout_sibgrp,1328,cut_fruit_on_board,0,0,0,0,GOAL_UNMET,GOAL_UNMET
7B,heldout_sibgrp,1330,ensure_all_fruits_on_table,0,0,0,0,GOAL_UNMET,GOAL_UNMET
7B,heldout_sibgrp,1331,cut_fruit_on_board,0,0,0,0,GOAL_UNMET,GOAL_UNMET
7B,heldout_sibgrp,1333,dog_push_box_for_two_panda_transport,1,0,0,0,infeasible_assignment,infeasible_assignment
7B,heldout_sibgrp,1338,clear_table_with_two_robots_and_put_in_cabinet,1,0,0,0,infeasible_assignment,infeasible_assignment
7B,heldout_sibgrp,1342,clear_table_with_two_robots_and_put_in_cabinet,1,0,0,0,infeasible_assignment,infeasible_assignment
7B,heldout_sibgrp,1345,set_plate_and_fork_on_table,0,0,0,0,GOAL_UNMET,GOAL_UNMET
7B,heldout_sibgrp,1348,dog_push_box_for_two_panda_transport,0,0,0,0,NO_USABLE_WORK,NO_USABLE_WORK
7B,heldout_sibgrp,1350,cut_two_fruits_on_board,0,0,0,0,GOAL_UNMET,GOAL_UNMET
7B,heldout_sibgrp,1351,toast_bread_and_set_plate,0,0,0,0,GOAL_UNMET,GOAL_UNMET
7B,heldout_sibgrp,1352,ensure_all_fruits_on_table,0,0,0,0,GOAL_UNMET,GOAL_UNMET
7B,heldout_sibgrp,1353,ensure_all_fruits_on_table,0,0,0,0,GOAL_UNMET,GOAL_UNMET
7B,heldout_sibgrp,1355,clear_table_with_two_robots_and_put_in_cabinet,1,0,0,0,infeasible_assignment,infeasible_assignment
7B,heldout_sibgrp,1356,ensure_all_fruits_on_table,1,0,0,0,infeasible_assignment,infeasible_assignment
7B,heldout_sibgrp,1357,cut_two_fruits_on_board,0,0,0,0,OVER_BUDGET,OVER_BUDGET
7B,heldout_sibgrp,1358,dog_push_box_for_two_panda_transport,0,0,0,0,GOAL_UNMET,GOAL_UNMET
7B,heldout_sibgrp,1359,set_plate_and_fork_on_table,0,0,0,0,GOAL_UNMET,GOAL_UNMET
7B,heldout_sibgrp,1361,set_plate_and_fork_on_table,0,0,0,0,GOAL_UNMET,GOAL_UNMET
7B,heldout_sibgrp,1363,clear_table_with_two_robots_and_put_in_cabinet,1,0,0,0,infeasible_assignment,infeasible_assignment
7B,heldout_sibgrp,1365,cut_fruit_on_board,0,0,0,0,GOAL_UNMET,GOAL_UNMET
7B,heldout_sibgrp,1366,cut_fruit_on_board,0,0,0,0,GOAL_UNMET,GOAL_UNMET
7B,heldout_sibgrp,1373,clear_table_with_two_robots_and_put_in_cabinet,1,0,0,0,infeasible_assignment,infeasible_assignment
7B,heldout_sibgrp,1374,cut_two_fruits_on_board,0,0,0,0,OVER_BUDGET,OVER_BUDGET
7B,heldout_sibgrp,1378,clear_table_with_two_robots_and_put_in_cabinet,1,0,0,0,infeasible_assignment,infeasible_assignment
7B,heldout_sibgrp,1379,set_plate_and_fork_on_table,0,0,0,0,GOAL_UNMET,GOAL_UNMET
7B,heldout_sibgrp,1380,ensure_all_fruits_on_table,0,0,0,0,GOAL_UNMET,GOAL_UNMET
7B,heldout_sibgrp,1383,cut_fruit_on_board,0,0,0,0,GOAL_UNMET,GOAL_UNMET
7B,heldout_sibgrp,1384,set_plate_and_fork_on_table,0,0,0,0,GOAL_UNMET,GOAL_UNMET
7B,heldout_sibgrp,1385,clear_table_with_two_robots_and_put_in_cabinet,1,0,0,0,infeasible_assignment,infeasible_assignment
7B,heldout_sibgrp,1387,cut_fruit_on_board,0,0,0,0,GOAL_UNMET,GOAL_UNMET
7B,heldout_sibgrp,1388,toast_bread_and_set_plate,0,0,0,0,GOAL_UNMET,GOAL_UNMET
7B,heldout_sibgrp,1389,cut_two_fruits_on_board,0,0,0,0,GOAL_UNMET,GOAL_UNMET
7B,heldout_sibgrp,1392,cut_fruit_on_board,0,0,0,0,GOAL_UNMET,GOAL_UNMET
7B,heldout_sibgrp,1393,cut_two_fruits_on_board,0,0,0,0,GOAL_UNMET,GOAL_UNMET
7B,heldout_sibgrp,1395,dog_push_box_for_two_panda_transport,1,0,0,0,infeasible_assignment,infeasible_assignment
7B,heldout_sibgrp,1397,cut_two_fruits_on_board,0,0,0,0,GOAL_UNMET,GOAL_UNMET
7B,heldout_sibgrp,1398,cut_two_fruits_on_board,0,0,0,0,GOAL_UNMET,GOAL_UNMET
7B,heldout_sibgrp,1399,clear_table_with_two_robots_and_put_in_cabinet,1,0,0,0,infeasible_assignment,infeasible_assignment
7B,heldout_sibgrp,1400,parallel_human_dual_asset_to_plate_or_bowl,0,1,1,1,SOLVED,SOLVED
7B,heldout_sibgrp,1401,toast_bread_and_set_plate,0,0,0,0,GOAL_UNMET,GOAL_UNMET
7B,heldout_sibgrp,1402,set_plate_and_fork_on_table,0,0,0,0,OVER_BUDGET,OVER_BUDGET
7B,heldout_sibgrp,1403,cut_fruit_on_board,0,0,0,0,GOAL_UNMET,GOAL_UNMET
7B,heldout_sibgrp,1404,dog_push_box_for_two_panda_transport,1,0,0,0,infeasible_assignment,infeasible_assignment
7B,heldout_sibgrp,1405,cut_two_fruits_on_board,0,0,0,0,OVER_BUDGET,OVER_BUDGET
7B,heldout_sibgrp,1406,cut_fruit_on_board,0,0,0,0,GOAL_UNMET,GOAL_UNMET
7B,heldout_sibgrp,1410,cut_fruit_on_board,0,0,0,0,GOAL_UNMET,GOAL_UNMET
7B,heldout_sibgrp,1411,cut_fruit_on_board,0,0,0,0,GOAL_UNMET,GOAL_UNMET
7B,heldout_sibgrp,1413,clear_table_with_two_robots_and_put_in_cabinet,0,0,0,0,NO_USABLE_WORK,NO_USABLE_WORK
7B,heldout_sibgrp,1415,clear_table_with_two_robots_and_put_in_cabinet,1,0,0,0,infeasible_assignment,infeasible_assignment
7B,heldout_sibgrp,1416,toast_bread_and_set_plate,0,0,0,0,GOAL_UNMET,GOAL_UNMET
7B,heldout_sibgrp,1419,dog_push_box_for_two_panda_transport,1,0,0,0,infeasible_assignment,infeasible_assignment
7B,heldout_sibgrp,1420,cut_fruit_on_board,0,0,0,0,GOAL_UNMET,GOAL_UNMET
7B,heldout_sibgrp,1424,dog_push_box_for_two_panda_transport,1,0,0,0,infeasible_assignment,infeasible_assignment
7B,heldout_sibgrp,1425,dog_push_box_for_two_panda_transport,0,0,0,0,GOAL_UNMET,GOAL_UNMET
7B,heldout_sibgrp,1429,ensure_all_fruits_on_table,0,0,0,0,GOAL_UNMET,GOAL_UNMET
7B,heldout_sibgrp,1431,clear_table_with_two_robots_and_put_in_cabinet,1,0,0,0,infeasible_assignment,infeasible_assignment
7B,heldout_sibgrp,1432,cut_two_fruits_on_board,0,0,0,0,OVER_BUDGET,OVER_BUDGET
7B,heldout_sibgrp,1434,clear_table_with_two_robots_and_put_in_cabinet,1,0,0,0,infeasible_assignment,infeasible_assignment
7B,heldout_sibgrp,1439,parallel_human_dual_asset_to_plate_or_bowl,0,0,0,0,NO_USABLE_WORK,NO_USABLE_WORK
7B,heldout_sibgrp,1440,clear_table_with_two_robots_and_put_in_cabinet,1,0,0,0,infeasible_assignment,infeasible_assignment
7B,heldout_sibgrp,1442,cut_fruit_on_board,0,0,0,0,GOAL_UNMET,GOAL_UNMET
7B,heldout_sibgrp,1443,cut_fruit_on_board,0,0,0,0,GOAL_UNMET,GOAL_UNMET
7B,heldout_sibgrp,1444,clear_table_with_two_robots_and_put_in_cabinet,1,0,0,0,infeasible_assignment,infeasible_assignment
7B,heldout_sibgrp,1447,clear_table_with_two_robots_and_put_in_cabinet,1,0,0,0,infeasible_assignment,infeasible_assignment
7B,heldout_sibgrp,1450,cut_two_fruits_on_board,0,0,0,0,GOAL_UNMET,GOAL_UNMET
7B,heldout_sibgrp,1451,clear_table_with_two_robots_and_put_in_cabinet,1,0,0,0,infeasible_assignment,infeasible_assignment
7B,heldout_sibgrp,1455,cut_fruit_on_board,0,0,0,0,GOAL_UNMET,GOAL_UNMET
7B,heldout_sibgrp,1456,clear_table_with_two_robots_and_put_in_cabinet,1,0,0,0,infeasible_assignment,infeasible_assignment
7B,heldout_sibgrp,1459,toast_bread_and_set_plate,0,0,0,0,GOAL_UNMET,GOAL_UNMET
7B,heldout_sibgrp,1460,ensure_all_fruits_on_table,0,1,1,1,SOLVED,SOLVED
7B,heldout_sibgrp,1465,cut_fruit_on_board,0,0,0,0,GOAL_UNMET,GOAL_UNMET
7B,heldout_sibgrp,1467,dog_push_box_for_two_panda_transport,1,0,0,0,infeasible_assignment,infeasible_assignment
7B,heldout_sibgrp,1468,clear_table_with_two_robots_and_put_in_cabinet,1,0,0,0,infeasible_assignment,infeasible_assignment
7B,heldout_sibgrp,1470,cut_fruit_on_board,0,0,0,0,GOAL_UNMET,GOAL_UNMET
7B,heldout_sibgrp,1473,cut_fruit_on_board,0,0,0,0,GOAL_UNMET,GOAL_UNMET
7B,heldout_sibgrp,1475,cut_fruit_on_board,0,0,0,0,GOAL_UNMET,GOAL_UNMET
7B,heldout_sibgrp,1477,cut_fruit_on_board,0,0,0,0,GOAL_UNMET,GOAL_UNMET
7B,heldout_sibgrp,1483,toast_bread_and_set_plate,0,0,0,0,GOAL_UNMET,GOAL_UNMET
7B,heldout_sibgrp,1484,cut_two_fruits_on_board,0,0,0,0,GOAL_UNMET,GOAL_UNMET
7B,heldout_sibgrp,1485,parallel_human_dual_asset_to_plate_or_bowl,0,0,0,0,NO_USABLE_WORK,NO_USABLE_WORK
7B,heldout_sibgrp,1487,clear_table_with_two_robots_and_put_in_cabinet,1,0,0,0,infeasible_assignment,infeasible_assignment
7B,heldout_sibgrp,1490,cut_fruit_on_board,0,0,0,0,GOAL_UNMET,GOAL_UNMET
7B,heldout_sibgrp,1492,clear_table_with_two_robots_and_put_in_cabinet,1,0,0,0,infeasible_assignment,infeasible_assignment
7B,heldout_sibgrp,1493,clear_table_with_two_robots_and_put_in_cabinet,1,0,0,0,infeasible_assignment,infeasible_assignment
7B,heldout_sibgrp,1496,cut_fruit_on_board,0,0,0,0,GOAL_UNMET,GOAL_UNMET
7B,heldout_sibgrp,1497,toast_bread_and_set_plate,0,0,0,0,GOAL_UNMET,GOAL_UNMET
7B,heldout_sibgrp,1503,toast_bread_and_set_plate,0,0,0,0,GOAL_UNMET,GOAL_UNMET
7B,heldout_sibgrp,1505,cut_fruit_on_board,0,0,0,0,GOAL_UNMET,GOAL_UNMET
7B,heldout_sibgrp,1506,ensure_all_fruits_on_table,0,0,0,0,GOAL_UNMET,GOAL_UNMET
7B,heldout_sibgrp,1507,cut_fruit_on_board,0,0,0,0,GOAL_UNMET,GOAL_UNMET
7B,heldout_sibgrp,1509,set_plate_and_fork_on_table,0,0,0,0,GOAL_UNMET,GOAL_UNMET
7B,heldout_sibgrp,1510,clear_table_with_two_robots_and_put_in_cabinet,1,0,0,0,infeasible_assignment,infeasible_assignment
7B,heldout_sibgrp,1511,clear_table_with_two_robots_and_put_in_cabinet,1,0,0,0,infeasible_assignment,infeasible_assignment
7B,heldout_sibgrp,1512,toast_bread_and_set_plate,0,0,0,0,GOAL_UNMET,GOAL_UNMET
7B,heldout_sibgrp,1515,cut_two_fruits_on_board,0,0,0,0,GOAL_UNMET,GOAL_UNMET
7B,heldout_sibgrp,1516,clear_table_with_two_robots_and_put_in_cabinet,0,0,0,0,NO_USABLE_WORK,NO_USABLE_WORK
7B,heldout_sibgrp,1520,cut_two_fruits_on_board,0,0,0,0,GOAL_UNMET,GOAL_UNMET
7B,heldout_sibgrp,1521,parallel_human_dual_asset_to_plate_or_bowl,0,1,1,1,SOLVED,SOLVED
7B,heldout_sibgrp,1522,cut_two_fruits_on_board,0,0,0,0,GOAL_UNMET,GOAL_UNMET
7B,heldout_sibgrp,1523,cut_two_fruits_on_board,0,0,0,0,GOAL_UNMET,GOAL_UNMET
7B,heldout_sibgrp,1525,set_plate_and_fork_on_table,0,0,0,0,GOAL_UNMET,GOAL_UNMET
7B,heldout_sibgrp,1527,dog_push_box_for_two_panda_transport,1,0,0,0,infeasible_assignment,infeasible_assignment
7B,heldout_sibgrp,1528,dog_push_box_for_two_panda_transport,1,0,0,0,infeasible_assignment,infeasible_assignment
7B,heldout_sibgrp,1530,clear_table_with_two_robots_and_put_in_cabinet,0,0,0,0,NO_USABLE_WORK,NO_USABLE_WORK
7B,heldout_sibgrp,1532,dog_push_box_for_two_panda_transport,1,0,0,0,infeasible_assignment,infeasible_assignment
7B,heldout_sibgrp,1533,clear_table_with_two_robots_and_put_in_cabinet,1,0,0,0,infeasible_assignment,infeasible_assignment
7B,heldout_sibgrp,1534,set_plate_and_fork_on_table,0,0,0,0,GOAL_UNMET,GOAL_UNMET
7B,heldout_sibgrp,1537,clear_table_with_two_robots_and_put_in_cabinet,1,0,0,0,infeasible_assignment,infeasible_assignment
7B,heldout_sibgrp,1538,parallel_human_dual_asset_to_plate_or_bowl,0,1,1,1,SOLVED,SOLVED
7B,heldout_sibgrp,1539,parallel_human_dual_asset_to_plate_or_bowl,0,0,0,0,OVER_BUDGET,OVER_BUDGET
7B,heldout_sibgrp,1546,cut_two_fruits_on_board,0,0,0,0,GOAL_UNMET,GOAL_UNMET
7B,heldout_sibgrp,1547,parallel_human_dual_asset_to_plate_or_bowl,0,1,1,1,SOLVED,SOLVED
7B,heldout_sibgrp,1548,parallel_human_dual_asset_to_plate_or_bowl,0,0,0,0,NO_USABLE_WORK,NO_USABLE_WORK
7B,heldout_sibgrp,1549,toast_bread_and_set_plate,0,0,0,0,GOAL_UNMET,GOAL_UNMET
7B,heldout_sibgrp,1554,clear_table_with_two_robots_and_put_in_cabinet,1,0,0,0,infeasible_assignment,infeasible_assignment
7B,heldout_sibgrp,1555,parallel_human_dual_asset_to_plate_or_bowl,0,0,0,0,NO_USABLE_WORK,NO_USABLE_WORK
7B,heldout_sibgrp,1556,ensure_all_fruits_on_table,0,0,0,0,GOAL_UNMET,GOAL_UNMET
7B,heldout_sibgrp,1559,cut_fruit_on_board,0,0,0,0,GOAL_UNMET,GOAL_UNMET
7B,heldout_sibgrp,1560,parallel_human_dual_asset_to_plate_or_bowl,0,1,1,1,SOLVED,SOLVED
7B,heldout_sibgrp,1565,ensure_all_fruits_on_table,0,0,0,0,GOAL_UNMET,GOAL_UNMET
7B,heldout_sibgrp,1569,dog_push_box_for_two_panda_transport,1,0,0,0,infeasible_assignment,infeasible_assignment
7B,heldout_sibgrp,1570,clear_table_with_two_robots_and_put_in_cabinet,1,0,0,0,infeasible_assignment,infeasible_assignment
7B,heldout_sibgrp,1571,cut_fruit_on_board,0,0,0,0,GOAL_UNMET,GOAL_UNMET
7B,heldout_sibgrp,1574,cut_fruit_on_board,0,0,0,0,GOAL_UNMET,GOAL_UNMET
7B,heldout_sibgrp,1576,toast_bread_and_set_plate,0,0,0,0,GOAL_UNMET,GOAL_UNMET
7B,heldout_sibgrp,1578,clear_table_with_two_robots_and_put_in_cabinet,1,0,0,0,infeasible_assignment,infeasible_assignment
7B,heldout_sibgrp,1579,cut_two_fruits_on_board,0,0,0,0,GOAL_UNMET,GOAL_UNMET
7B,heldout_sibgrp,1583,cut_fruit_on_board,0,0,0,0,GOAL_UNMET,GOAL_UNMET
7B,heldout_sibgrp,1584,set_plate_and_fork_on_table,0,0,0,0,GOAL_UNMET,GOAL_UNMET
7B,heldout_sibgrp,1585,cut_fruit_on_board,0,0,0,0,GOAL_UNMET,GOAL_UNMET
7B,heldout_sibgrp,1586,clear_table_with_two_robots_and_put_in_cabinet,1,0,0,0,infeasible_assignment,infeasible_assignment
7B,heldout_sibgrp,1589,toast_bread_and_set_plate,0,0,0,0,GOAL_UNMET,GOAL_UNMET
7B,heldout_sibgrp,1590,cut_fruit_on_board,0,0,0,0,GOAL_UNMET,GOAL_UNMET
7B,heldout_sibgrp,1591,cut_fruit_on_board,0,0,0,0,GOAL_UNMET,GOAL_UNMET
7B,heldout_sibgrp,1593,dog_push_box_for_two_panda_transport,1,0,0,0,infeasible_assignment,infeasible_assignment
7B,heldout_sibgrp,1594,clear_table_with_two_robots_and_put_in_cabinet,1,0,0,0,infeasible_assignment,infeasible_assignment
7B,heldout_sibgrp,1598,cut_fruit_on_board,0,0,0,0,GOAL_UNMET,GOAL_UNMET
7B,heldout_sibgrp,1600,toast_bread_and_set_plate,0,0,0,0,GOAL_UNMET,GOAL_UNMET
7B,heldout_sibgrp,1604,toast_bread_and_set_plate,0,0,0,0,GOAL_UNMET,GOAL_UNMET
7B,heldout_sibgrp,1605,ensure_all_fruits_on_table,0,1,1,1,SOLVED,SOLVED
7B,heldout_sibgrp,1609,dog_push_box_for_two_panda_transport,0,0,0,0,GOAL_UNMET,GOAL_UNMET
7B,heldout_sibgrp,1610,cut_fruit_on_board,0,0,0,0,GOAL_UNMET,GOAL_UNMET
7B,heldout_sibgrp,1611,toast_bread_and_set_plate,0,0,0,0,GOAL_UNMET,GOAL_UNMET
7B,heldout_sibgrp,1612,clear_table_with_two_robots_and_put_in_cabinet,1,0,0,0,infeasible_assignment,infeasible_assignment
7B,heldout_sibgrp,1613,cut_fruit_on_board,0,0,0,0,GOAL_UNMET,GOAL_UNMET
7B,heldout_sibgrp,1614,clear_table_with_two_robots_and_put_in_cabinet,1,0,0,0,infeasible_assignment,infeasible_assignment
7B,heldout_sibgrp,1617,cut_two_fruits_on_board,0,0,0,0,GOAL_UNMET,GOAL_UNMET
7B,heldout_sibgrp,1618,cut_fruit_on_board,0,0,0,0,GOAL_UNMET,GOAL_UNMET
7B,heldout_sibgrp,1627,ensure_all_fruits_on_table,0,0,0,0,GOAL_UNMET,GOAL_UNMET
7B,heldout_sibgrp,1628,cut_two_fruits_on_board,0,0,0,0,GOAL_UNMET,GOAL_UNMET
7B,heldout_sibgrp,1629,cut_two_fruits_on_board,0,0,0,0,OVER_BUDGET,OVER_BUDGET
7B,heldout_sibgrp,1630,cut_fruit_on_board,0,0,0,0,GOAL_UNMET,GOAL_UNMET
7B,heldout_sibgrp,1631,ensure_all_fruits_on_table,0,0,0,0,GOAL_UNMET,GOAL_UNMET
7B,heldout_sibgrp,1633,clear_table_with_two_robots_and_put_in_cabinet,1,0,0,0,infeasible_assignment,infeasible_assignment
7B,heldout_sibgrp,1634,dog_push_box_for_two_panda_transport,1,0,0,0,infeasible_assignment,infeasible_assignment
7B,heldout_sibgrp,1635,cut_two_fruits_on_board,0,0,0,0,OVER_BUDGET,OVER_BUDGET
7B,heldout_sibgrp,1637,dog_push_box_for_two_panda_transport,0,0,0,0,NO_USABLE_WORK,NO_USABLE_WORK
7B,heldout_sibgrp,1638,clear_table_with_two_robots_and_put_in_cabinet,1,0,0,0,infeasible_assignment,infeasible_assignment
7B,heldout_sibgrp,1639,clear_table_with_two_robots_and_put_in_cabinet,1,0,0,0,infeasible_assignment,infeasible_assignment
7B,heldout_sibgrp,1641,parallel_human_dual_asset_to_plate_or_bowl,0,0,0,0,NO_USABLE_WORK,NO_USABLE_WORK
7B,heldout_sibgrp,1642,ensure_all_fruits_on_table,0,0,0,0,GOAL_UNMET,GOAL_UNMET
7B,heldout_sibgrp,1643,cut_two_fruits_on_board,0,0,0,0,GOAL_UNMET,GOAL_UNMET
7B,heldout_sibgrp,1644,cut_fruit_on_board,0,0,0,0,GOAL_UNMET,GOAL_UNMET
7B,heldout_sibgrp,1646,set_plate_and_fork_on_table,0,0,0,0,GOAL_UNMET,GOAL_UNMET
7B,heldout_sibgrp,1647,cut_two_fruits_on_board,0,0,0,0,GOAL_UNMET,GOAL_UNMET
7B,heldout_sibgrp,1648,ensure_all_fruits_on_table,0,0,0,0,GOAL_UNMET,GOAL_UNMET
7B,heldout_sibgrp,1650,cut_fruit_on_board,0,0,0,0,GOAL_UNMET,GOAL_UNMET
7B,heldout_sibgrp,1651,dog_push_box_for_two_panda_transport,1,0,0,0,infeasible_assignment,infeasible_assignment
7B,heldout_sibgrp,1654,cut_fruit_on_board,0,0,0,0,GOAL_UNMET,GOAL_UNMET
7B,heldout_sibgrp,1655,clear_table_with_two_robots_and_put_in_cabinet,1,0,0,0,infeasible_assignment,infeasible_assignment
7B,heldout_sibgrp,1656,toast_bread_and_set_plate,0,0,0,0,GOAL_UNMET,GOAL_UNMET
7B,heldout_sibgrp,1664,clear_table_with_two_robots_and_put_in_cabinet,1,0,0,0,infeasible_assignment,infeasible_assignment
7B,heldout_sibgrp,1665,cut_two_fruits_on_board,0,0,0,0,GOAL_UNMET,GOAL_UNMET
7B,heldout_sibgrp,1666,ensure_all_fruits_on_table,0,0,0,0,GOAL_UNMET,GOAL_UNMET
7B,heldout_sibgrp,1668,ensure_all_fruits_on_table,0,0,0,0,GOAL_UNMET,GOAL_UNMET
7B,heldout_sibgrp,1670,set_plate_and_fork_on_table,0,0,0,0,GOAL_UNMET,GOAL_UNMET
7B,heldout_sibgrp,1671,cut_two_fruits_on_board,0,0,0,0,GOAL_UNMET,GOAL_UNMET
7B,heldout_sibgrp,1672,parallel_human_dual_asset_to_plate_or_bowl,0,0,0,0,OVER_BUDGET,OVER_BUDGET
7B,heldout_sibgrp,1674,clear_table_with_two_robots_and_put_in_cabinet,1,0,0,0,infeasible_assignment,infeasible_assignment
7B,heldout_sibgrp,1675,ensure_all_fruits_on_table,0,0,0,0,GOAL_UNMET,GOAL_UNMET
7B,heldout_sibgrp,1677,clear_table_with_two_robots_and_put_in_cabinet,1,0,0,0,infeasible_assignment,infeasible_assignment
7B,heldout_sibgrp,1678,cut_fruit_on_board,0,0,0,0,GOAL_UNMET,GOAL_UNMET
7B,heldout_sibgrp,1679,parallel_human_dual_asset_to_plate_or_bowl,0,1,1,1,SOLVED,SOLVED
7B,heldout_sibgrp,1680,cut_two_fruits_on_board,0,0,0,0,GOAL_UNMET,GOAL_UNMET
7B,heldout_sibgrp,1682,ensure_all_fruits_on_table,0,0,0,0,GOAL_UNMET,GOAL_UNMET
7B,heldout_sibgrp,1684,parallel_human_dual_asset_to_plate_or_bowl,0,0,0,0,NO_USABLE_WORK,NO_USABLE_WORK
7B,heldout_sibgrp,1685,set_plate_and_fork_on_table,0,0,0,0,GOAL_UNMET,GOAL_UNMET
7B,heldout_sibgrp,1686,clear_table_with_two_robots_and_put_in_cabinet,1,0,0,0,infeasible_assignment,infeasible_assignment
7B,heldout_sibgrp,1689,parallel_human_dual_asset_to_plate_or_bowl,0,1,1,1,SOLVED,SOLVED
7B,heldout_sibgrp,1690,cut_two_fruits_on_board,0,0,0,0,GOAL_UNMET,GOAL_UNMET
7B,heldout_sibgrp,1693,clear_table_with_two_robots_and_put_in_cabinet,1,0,0,0,infeasible_assignment,infeasible_assignment
7B,heldout_sibgrp,1694,clear_table_with_two_robots_and_put_in_cabinet,1,0,0,0,infeasible_assignment,infeasible_assignment
7B,heldout_sibgrp,1696,toast_bread_and_set_plate,0,0,0,0,GOAL_UNMET,GOAL_UNMET
7B,heldout_sibgrp,1697,clear_table_with_two_robots_and_put_in_cabinet,1,0,0,0,infeasible_assignment,infeasible_assignment
7B,heldout_sibgrp,1703,toast_bread_and_set_plate,0,0,0,0,GOAL_UNMET,GOAL_UNMET
7B,heldout_sibgrp,1704,parallel_human_dual_asset_to_plate_or_bowl,0,0,0,0,NO_USABLE_WORK,NO_USABLE_WORK
7B,heldout_sibgrp,1706,clear_table_with_two_robots_and_put_in_cabinet,1,0,0,0,infeasible_assignment,infeasible_assignment
7B,heldout_sibgrp,1707,clear_table_with_two_robots_and_put_in_cabinet,1,0,0,0,infeasible_assignment,infeasible_assignment
7B,heldout_sibgrp,1709,toast_bread_and_set_plate,0,0,0,0,GOAL_UNMET,GOAL_UNMET
7B,heldout_sibgrp,1714,ensure_all_fruits_on_table,0,0,0,0,GOAL_UNMET,GOAL_UNMET
7B,heldout_sibgrp,1715,cut_two_fruits_on_board,0,0,0,0,GOAL_UNMET,GOAL_UNMET
7B,heldout_sibgrp,1716,cut_fruit_on_board,0,0,0,0,GOAL_UNMET,GOAL_UNMET
7B,heldout_sibgrp,1719,toast_bread_and_set_plate,0,0,0,0,GOAL_UNMET,GOAL_UNMET
7B,heldout_sibgrp,1720,cut_fruit_on_board,0,0,0,0,GOAL_UNMET,GOAL_UNMET
7B,heldout_sibgrp,1724,cut_two_fruits_on_board,0,0,0,0,GOAL_UNMET,GOAL_UNMET
7B,heldout_sibgrp,1725,clear_table_with_two_robots_and_put_in_cabinet,1,0,0,0,infeasible_assignment,infeasible_assignment
7B,heldout_sibgrp,1726,clear_table_with_two_robots_and_put_in_cabinet,1,0,0,0,infeasible_assignment,infeasible_assignment
7B,heldout_sibgrp,1728,cut_fruit_on_board,0,0,0,0,GOAL_UNMET,GOAL_UNMET
7B,heldout_sibgrp,1729,ensure_all_fruits_on_table,0,0,0,0,GOAL_UNMET,GOAL_UNMET
7B,heldout_sibgrp,1730,cut_fruit_on_board,0,0,0,0,GOAL_UNMET,GOAL_UNMET
7B,heldout_sibgrp,1731,cut_two_fruits_on_board,0,0,0,0,GOAL_UNMET,GOAL_UNMET
7B,heldout_sibgrp,1732,cut_fruit_on_board,0,0,0,0,GOAL_UNMET,GOAL_UNMET
7B,heldout_sibgrp,1734,cut_fruit_on_board,0,0,0,0,GOAL_UNMET,GOAL_UNMET
7B,heldout_sibgrp,1735,ensure_all_fruits_on_table,0,0,0,0,GOAL_UNMET,GOAL_UNMET
7B,heldout_sibgrp,1736,clear_table_with_two_robots_and_put_in_cabinet,1,0,0,0,infeasible_assignment,infeasible_assignment
7B,heldout_sibgrp,1738,toast_bread_and_set_plate,0,0,0,0,GOAL_UNMET,GOAL_UNMET
7B,heldout_sibgrp,1740,dog_push_box_for_two_panda_transport,1,0,0,0,infeasible_assignment,infeasible_assignment
7B,heldout_sibgrp,1741,cut_fruit_on_board,0,0,0,0,GOAL_UNMET,GOAL_UNMET
7B,heldout_sibgrp,1743,cut_fruit_on_board,0,0,0,0,GOAL_UNMET,GOAL_UNMET
7B,heldout_sibgrp,1744,clear_table_with_two_robots_and_put_in_cabinet,1,0,0,0,infeasible_assignment,infeasible_assignment
7B,heldout_sibgrp,1745,cut_fruit_on_board,0,0,0,0,GOAL_UNMET,GOAL_UNMET
7B,heldout_sibgrp,1750,cut_fruit_on_board,0,0,0,0,GOAL_UNMET,GOAL_UNMET
7B,heldout_sibgrp,1751,clear_table_with_two_robots_and_put_in_cabinet,1,0,0,0,infeasible_assignment,infeasible_assignment
7B,heldout_sibgrp,1753,clear_table_with_two_robots_and_put_in_cabinet,1,0,0,0,infeasible_assignment,infeasible_assignment
7B,heldout_sibgrp,1755,cut_fruit_on_board,0,0,0,0,GOAL_UNMET,GOAL_UNMET
7B,heldout_sibgrp,1759,cut_fruit_on_board,0,0,0,0,GOAL_UNMET,GOAL_UNMET
7B,heldout_sibgrp,1762,clear_table_with_two_robots_and_put_in_cabinet,0,0,0,0,NO_USABLE_WORK,NO_USABLE_WORK
7B,heldout_sibgrp,1763,parallel_human_dual_asset_to_plate_or_bowl,0,1,1,1,SOLVED,SOLVED
7B,heldout_sibgrp,1764,clear_table_with_two_robots_and_put_in_cabinet,1,0,0,0,infeasible_assignment,infeasible_assignment
7B,heldout_sibgrp,1766,cut_fruit_on_board,0,0,0,0,GOAL_UNMET,GOAL_UNMET
7B,heldout_sibgrp,1767,set_plate_and_fork_on_table,0,0,0,0,GOAL_UNMET,GOAL_UNMET
7B,heldout_sibgrp,1769,cut_fruit_on_board,0,0,0,0,GOAL_UNMET,GOAL_UNMET
7B,heldout_sibgrp,1770,clear_table_with_two_robots_and_put_in_cabinet,1,0,0,0,infeasible_assignment,infeasible_assignment
7B,heldout_sibgrp,1771,clear_table_with_two_robots_and_put_in_cabinet,1,0,0,0,infeasible_assignment,infeasible_assignment
7B,heldout_sibgrp,1772,cut_two_fruits_on_board,0,0,0,0,GOAL_UNMET,GOAL_UNMET
7B,heldout_sibgrp,1778,parallel_human_dual_asset_to_plate_or_bowl,0,0,0,0,OVER_BUDGET,OVER_BUDGET
7B,heldout_sibgrp,1780,dog_push_box_for_two_panda_transport,0,0,0,0,NO_USABLE_WORK,NO_USABLE_WORK
7B,heldout_sibgrp,1781,clear_table_with_two_robots_and_put_in_cabinet,1,0,0,0,infeasible_assignment,infeasible_assignment
7B,heldout_sibgrp,1782,toast_bread_and_set_plate,0,0,0,0,GOAL_UNMET,GOAL_UNMET
7B,heldout_sibgrp,1784,toast_bread_and_set_plate,0,0,0,0,GOAL_UNMET,GOAL_UNMET
7B,heldout_sibgrp,1785,clear_table_with_two_robots_and_put_in_cabinet,1,0,0,0,infeasible_assignment,infeasible_assignment
7B,heldout_sibgrp,1786,set_plate_and_fork_on_table,0,0,0,0,GOAL_UNMET,GOAL_UNMET
7B,heldout_sibgrp,1787,set_plate_and_fork_on_table,0,0,0,0,GOAL_UNMET,GOAL_UNMET
7B,heldout_sibgrp,1792,cut_fruit_on_board,0,0,0,0,GOAL_UNMET,GOAL_UNMET
7B,heldout_sibgrp,1795,clear_table_with_two_robots_and_put_in_cabinet,1,0,0,0,infeasible_assignment,infeasible_assignment
7B,heldout_sibgrp,1796,cut_two_fruits_on_board,0,0,0,0,OVER_BUDGET,OVER_BUDGET
7B,heldout_sibgrp,1797,set_plate_and_fork_on_table,0,0,0,0,GOAL_UNMET,GOAL_UNMET
7B,heldout_sibgrp,1798,clear_table_with_two_robots_and_put_in_cabinet,1,0,0,0,infeasible_assignment,infeasible_assignment
7B,heldout_sibgrp,1799,cut_fruit_on_board,0,0,0,0,GOAL_UNMET,GOAL_UNMET
7B,imaged,0,recombine_cut_and_deliver,0,0,0,0,GOAL_UNMET,GOAL_UNMET
7B,imaged,1,recombine_cut_and_deliver,0,0,0,0,GOAL_UNMET,GOAL_UNMET
7B,imaged,2,recombine_cut_and_deliver,0,0,0,0,GOAL_UNMET,GOAL_UNMET
7B,imaged,3,recombine_cut_and_deliver,0,1,1,1,SOLVED,SOLVED
7B,imaged,4,recombine_cut_and_deliver,0,0,0,0,GOAL_UNMET,GOAL_UNMET
7B,imaged,5,recombine_cut_and_deliver,0,0,0,0,NO_USABLE_WORK,NO_USABLE_WORK
7B,imaged,6,recombine_cut_and_deliver,0,1,1,1,SOLVED,SOLVED
7B,imaged,7,recombine_cut_and_deliver,0,0,0,0,GOAL_UNMET,GOAL_UNMET
7B,imaged,8,recombine_cut_and_deliver,0,0,0,0,GOAL_UNMET,GOAL_UNMET
7B,imaged,9,recombine_cut_and_deliver,0,0,0,0,GOAL_UNMET,GOAL_UNMET
7B,imaged,10,recombine_cut_and_deliver,0,1,1,1,SOLVED,SOLVED
7B,imaged,11,recombine_cut_and_deliver,0,0,0,0,GOAL_UNMET,GOAL_UNMET
7B,imaged,12,recombine_cut_and_deliver,0,0,0,0,GOAL_UNMET,GOAL_UNMET
7B,imaged,13,recombine_cut_and_deliver,0,0,0,0,OVER_BUDGET,OVER_BUDGET
7B,imaged,14,recombine_cut_and_deliver,0,0,0,0,GOAL_UNMET,GOAL_UNMET
7B,imaged,15,recombine_cut_and_deliver,0,0,0,0,GOAL_UNMET,GOAL_UNMET
7B,imaged,16,recombine_cut_and_deliver,0,0,0,0,GOAL_UNMET,GOAL_UNMET
7B,imaged,17,recombine_cut_and_deliver,0,0,0,0,GOAL_UNMET,GOAL_UNMET
7B,imaged,18,recombine_cut_and_deliver,0,0,0,0,GOAL_UNMET,GOAL_UNMET
7B,imaged,19,recombine_cut_and_deliver,0,0,0,0,GOAL_UNMET,GOAL_UNMET
7B,imaged,20,recombine_cut_and_deliver,0,0,0,0,GOAL_UNMET,GOAL_UNMET
7B,imaged,21,recombine_cut_and_deliver,0,0,0,0,GOAL_UNMET,GOAL_UNMET
7B,imaged,22,recombine_cut_and_deliver,0,0,0,0,GOAL_UNMET,GOAL_UNMET
7B,imaged,23,recombine_cut_and_deliver,0,1,1,1,SOLVED,SOLVED
7B,imaged,24,recombine_cut_and_deliver,0,0,0,0,GOAL_UNMET,GOAL_UNMET
7B,imaged,25,recombine_cut_and_deliver,0,0,0,0,GOAL_UNMET,GOAL_UNMET
7B,imaged,26,recombine_cut_and_deliver,0,0,0,0,GOAL_UNMET,GOAL_UNMET
7B,imaged,27,recombine_cut_and_deliver,0,0,0,0,GOAL_UNMET,GOAL_UNMET
7B,imaged,28,recombine_cut_and_deliver,0,0,0,0,GOAL_UNMET,GOAL_UNMET
7B,imaged,29,recombine_cut_and_deliver,0,0,0,0,GOAL_UNMET,GOAL_UNMET
7B,imaged,30,recombine_cut_and_deliver,0,0,0,0,NO_USABLE_WORK,NO_USABLE_WORK
7B,imaged,31,recombine_cut_and_deliver,0,0,0,0,OVER_BUDGET,OVER_BUDGET
7B,imaged,32,recombine_cut_and_deliver,0,0,0,0,NO_USABLE_WORK,NO_USABLE_WORK
7B,imaged,33,recombine_cut_and_deliver,0,0,0,0,GOAL_UNMET,GOAL_UNMET
7B,imaged,34,recombine_cut_and_deliver,0,0,0,0,GOAL_UNMET,GOAL_UNMET
7B,imaged,35,recombine_cut_and_deliver,0,0,0,0,GOAL_UNMET,GOAL_UNMET
7B,imaged,36,recombine_cut_and_deliver,0,0,0,0,GOAL_UNMET,GOAL_UNMET
7B,imaged,37,recombine_cut_and_deliver,0,0,0,0,GOAL_UNMET,GOAL_UNMET
7B,imaged,38,recombine_cut_and_deliver,0,0,0,0,GOAL_UNMET,GOAL_UNMET
7B,imaged,39,recombine_cut_and_deliver,0,0,0,0,GOAL_UNMET,GOAL_UNMET
7B,imaged,40,recombine_cut_and_deliver,0,0,0,0,GOAL_UNMET,GOAL_UNMET
7B,imaged,41,recombine_cut_and_deliver,0,0,0,0,NO_USABLE_WORK,NO_USABLE_WORK
7B,imaged,42,recombine_cut_and_deliver,0,1,1,1,SOLVED,SOLVED
7B,imaged,43,recombine_cut_and_deliver,0,0,0,0,GOAL_UNMET,GOAL_UNMET
7B,imaged,44,recombine_cut_and_deliver,0,0,0,0,GOAL_UNMET,GOAL_UNMET
7B,imaged,45,recombine_cut_and_deliver,0,1,1,1,SOLVED,SOLVED
7B,imaged,46,recombine_cut_and_deliver,0,0,0,0,GOAL_UNMET,GOAL_UNMET
7B,imaged,47,recombine_cut_and_deliver,0,0,0,0,NO_USABLE_WORK,NO_USABLE_WORK
7B,imaged,48,recombine_cut_and_deliver,0,0,0,0,GOAL_UNMET,GOAL_UNMET
7B,imaged,49,recombine_cut_and_deliver,0,0,0,0,GOAL_UNMET,GOAL_UNMET
7B,imaged,50,recombine_cut_and_deliver,0,1,1,1,SOLVED,SOLVED
7B,imaged,51,recombine_cut_and_deliver,0,0,0,0,GOAL_UNMET,GOAL_UNMET
7B,imaged,52,recombine_cut_and_deliver,0,0,0,0,GOAL_UNMET,GOAL_UNMET
7B,imaged,53,recombine_cut_and_deliver,0,0,0,0,GOAL_UNMET,GOAL_UNMET
7B,imaged,54,recombine_cut_and_deliver,0,0,0,0,GOAL_UNMET,GOAL_UNMET
7B,imaged,55,recombine_cut_and_deliver,0,1,1,1,SOLVED,SOLVED
7B,imaged,56,recombine_cut_and_deliver,0,0,0,0,GOAL_UNMET,GOAL_UNMET
7B,imaged,57,recombine_cut_and_deliver,0,1,1,1,SOLVED,SOLVED
7B,imaged,58,recombine_cut_and_deliver,0,0,0,0,GOAL_UNMET,GOAL_UNMET
7B,imaged,59,recombine_cut_and_deliver,0,0,0,0,NO_USABLE_WORK,NO_USABLE_WORK
7B,imaged,60,recombine_cut_and_deliver,0,0,0,0,NO_USABLE_WORK,NO_USABLE_WORK
7B,imaged,61,recombine_cut_and_deliver,0,0,0,0,GOAL_UNMET,GOAL_UNMET
7B,imaged,62,recombine_cut_and_deliver,0,0,0,0,GOAL_UNMET,GOAL_UNMET
7B,imaged,63,recombine_cut_and_deliver,0,0,0,0,GOAL_UNMET,GOAL_UNMET
7B,imaged,64,recombine_cut_and_deliver,0,0,0,0,GOAL_UNMET,GOAL_UNMET
7B,imaged,65,recombine_cut_and_deliver,0,1,1,1,SOLVED,SOLVED
7B,imaged,66,recombine_cut_and_deliver,0,0,0,0,GOAL_UNMET,GOAL_UNMET
7B,imaged,67,recombine_cut_and_deliver,0,1,1,1,SOLVED,SOLVED
7B,imaged,68,recombine_cut_and_deliver,0,0,0,0,GOAL_UNMET,GOAL_UNMET
7B,imaged,69,recombine_cut_and_deliver,0,0,0,0,NO_USABLE_WORK,NO_USABLE_WORK
7B,imaged,70,recombine_cut_and_deliver,0,0,0,0,GOAL_UNMET,GOAL_UNMET
7B,imaged,71,recombine_cut_and_deliver,0,0,0,0,GOAL_UNMET,GOAL_UNMET
7B,imaged,72,recombine_cut_and_deliver,0,0,0,0,GOAL_UNMET,GOAL_UNMET
7B,imaged,73,recombine_cut_and_deliver,0,0,0,0,GOAL_UNMET,GOAL_UNMET
7B,imaged,74,recombine_cut_and_deliver,0,0,0,0,NO_USABLE_WORK,NO_USABLE_WORK
7B,imaged,75,recombine_cut_and_deliver,0,0,0,0,GOAL_UNMET,GOAL_UNMET
7B,imaged,76,recombine_cut_and_deliver,0,1,1,1,SOLVED,SOLVED
7B,imaged,77,recombine_cut_and_deliver,0,0,0,0,GOAL_UNMET,GOAL_UNMET
7B,imaged,78,recombine_cut_and_deliver,0,0,0,0,GOAL_UNMET,GOAL_UNMET
7B,imaged,79,recombine_cut_and_deliver,0,0,0,0,GOAL_UNMET,GOAL_UNMET
7B,imaged,80,recombine_cut_and_deliver,0,0,0,0,GOAL_UNMET,GOAL_UNMET
7B,imaged,81,recombine_cut_and_deliver,0,0,0,0,GOAL_UNMET,GOAL_UNMET
7B,imaged,82,recombine_cut_and_deliver,0,0,0,0,GOAL_UNMET,GOAL_UNMET
7B,imaged,83,recombine_cut_and_deliver,0,0,0,0,GOAL_UNMET,GOAL_UNMET
7B,imaged,84,recombine_cut_and_deliver,0,0,0,0,GOAL_UNMET,GOAL_UNMET
7B,imaged,85,recombine_cut_and_deliver,0,1,1,1,SOLVED,SOLVED
7B,imaged,86,recombine_cut_and_deliver,0,0,0,0,GOAL_UNMET,GOAL_UNMET
7B,imaged,87,recombine_cut_and_deliver,0,0,0,0,GOAL_UNMET,GOAL_UNMET
7B,imaged,88,recombine_cut_and_deliver,0,0,0,0,GOAL_UNMET,GOAL_UNMET
7B,imaged,89,recombine_cut_and_deliver,0,0,0,0,NO_USABLE_WORK,NO_USABLE_WORK
7B,imaged,90,recombine_cut_and_deliver,0,0,0,0,GOAL_UNMET,GOAL_UNMET
7B,imaged,91,recombine_cut_and_deliver,0,0,0,0,GOAL_UNMET,GOAL_UNMET
7B,imaged,92,recombine_cut_and_deliver,0,0,0,0,GOAL_UNMET,GOAL_UNMET
7B,imaged,93,recombine_cut_and_deliver,0,0,0,0,GOAL_UNMET,GOAL_UNMET
7B,imaged,94,recombine_cut_and_deliver,0,0,0,0,GOAL_UNMET,GOAL_UNMET
7B,imaged,95,recombine_cut_and_deliver,0,0,0,0,GOAL_UNMET,GOAL_UNMET
7B,imaged,96,recombine_cut_and_deliver,0,1,1,1,SOLVED,SOLVED
7B,imaged,97,recombine_cut_and_deliver,0,0,0,0,GOAL_UNMET,GOAL_UNMET
7B,imaged,98,recombine_cut_and_deliver,0,0,0,0,GOAL_UNMET,GOAL_UNMET
7B,imaged,99,recombine_cut_and_deliver,0,1,1,1,SOLVED,SOLVED
7B,imaged,100,recombine_cut_and_deliver,0,0,0,0,GOAL_UNMET,GOAL_UNMET
7B,imaged,101,recombine_cut_and_deliver,0,0,0,0,GOAL_UNMET,GOAL_UNMET
7B,imaged,102,recombine_cut_and_deliver,0,0,0,0,GOAL_UNMET,GOAL_UNMET
7B,imaged,103,recombine_cut_and_deliver,0,0,0,0,GOAL_UNMET,GOAL_UNMET
7B,imaged,104,recombine_cut_and_deliver,0,0,0,0,GOAL_UNMET,GOAL_UNMET
7B,imaged,105,recombine_cut_and_deliver,0,1,1,1,SOLVED,SOLVED
7B,imaged,106,recombine_cut_and_deliver,0,0,0,0,GOAL_UNMET,GOAL_UNMET
7B,imaged,107,recombine_cut_and_deliver,0,0,0,0,GOAL_UNMET,GOAL_UNMET
7B,imaged,108,recombine_cut_and_deliver,0,0,0,0,GOAL_UNMET,GOAL_UNMET
7B,imaged,109,recombine_cut_and_deliver,0,0,0,0,GOAL_UNMET,GOAL_UNMET
7B,imaged,110,recombine_cut_and_deliver,0,0,0,0,GOAL_UNMET,GOAL_UNMET
7B,imaged,111,recombine_cut_and_deliver,0,0,0,0,GOAL_UNMET,GOAL_UNMET
7B,imaged,112,recombine_cut_and_deliver,0,0,0,0,GOAL_UNMET,GOAL_UNMET
7B,imaged,113,recombine_cut_and_deliver,0,1,1,1,SOLVED,SOLVED
7B,imaged,114,recombine_cut_and_deliver,0,0,0,0,GOAL_UNMET,GOAL_UNMET
7B,imaged,115,recombine_cut_and_deliver,0,0,0,0,GOAL_UNMET,GOAL_UNMET
7B,imaged,116,recombine_cut_and_deliver,0,0,0,0,GOAL_UNMET,GOAL_UNMET
7B,imaged,117,recombine_cut_and_deliver,0,0,0,0,GOAL_UNMET,GOAL_UNMET
7B,imaged,118,recombine_cut_and_deliver,0,0,0,0,GOAL_UNMET,GOAL_UNMET
7B,imaged,119,recombine_cut_and_deliver,0,0,0,0,GOAL_UNMET,GOAL_UNMET
7B,imaged,120,recombine_cut_and_deliver,0,0,0,0,GOAL_UNMET,GOAL_UNMET
7B,imaged,121,recombine_cut_and_deliver,0,0,0,0,GOAL_UNMET,GOAL_UNMET
7B,imaged,122,recombine_cut_and_deliver,0,0,0,0,GOAL_UNMET,GOAL_UNMET
7B,imaged,123,recombine_cut_and_deliver,0,0,0,0,GOAL_UNMET,GOAL_UNMET
7B,imaged,124,recombine_cut_and_deliver,0,0,0,0,GOAL_UNMET,GOAL_UNMET
7B,imaged,125,recombine_cut_and_deliver,0,0,0,0,GOAL_UNMET,GOAL_UNMET
7B,imaged,126,recombine_cut_and_deliver,0,1,1,1,SOLVED,SOLVED
7B,imaged,127,recombine_cut_and_deliver,0,0,0,0,GOAL_UNMET,GOAL_UNMET
7B,imaged,128,recombine_cut_and_deliver,0,0,0,0,GOAL_UNMET,GOAL_UNMET
7B,imaged,129,recombine_cut_and_deliver,0,0,0,0,GOAL_UNMET,GOAL_UNMET
7B,imaged,130,recombine_cut_and_deliver,0,0,0,0,GOAL_UNMET,GOAL_UNMET
7B,imaged,131,recombine_cut_and_deliver,0,0,0,0,GOAL_UNMET,GOAL_UNMET
7B,imaged,132,recombine_cut_and_deliver,0,0,0,0,GOAL_UNMET,GOAL_UNMET
7B,imaged,133,recombine_cut_and_deliver,0,0,0,0,GOAL_UNMET,GOAL_UNMET
7B,imaged,134,recombine_cut_and_deliver,0,0,0,0,GOAL_UNMET,GOAL_UNMET
7B,imaged,135,recombine_cut_and_deliver,0,1,1,1,SOLVED,SOLVED
7B,imaged,136,recombine_cut_and_deliver,0,0,0,0,GOAL_UNMET,GOAL_UNMET
7B,imaged,137,recombine_cut_and_deliver,0,0,0,0,GOAL_UNMET,GOAL_UNMET
7B,imaged,138,recombine_cut_and_deliver,0,0,0,0,GOAL_UNMET,GOAL_UNMET
7B,imaged,139,recombine_cut_and_deliver,0,0,0,0,GOAL_UNMET,GOAL_UNMET
7B,imaged,140,recombine_cut_and_deliver,0,0,0,0,GOAL_UNMET,GOAL_UNMET
7B,imaged,141,recombine_cut_and_deliver,0,0,0,0,GOAL_UNMET,GOAL_UNMET
7B,imaged,142,recombine_cut_and_deliver,0,0,0,0,GOAL_UNMET,GOAL_UNMET
7B,imaged,143,recombine_cut_and_deliver,0,1,1,1,SOLVED,SOLVED
7B,imaged,144,recombine_cut_and_deliver,0,0,0,0,NO_USABLE_WORK,NO_USABLE_WORK
7B,imaged,145,recombine_cut_and_deliver,0,0,0,0,GOAL_UNMET,GOAL_UNMET
7B,imaged,146,recombine_cut_and_deliver,0,0,0,0,GOAL_UNMET,GOAL_UNMET
7B,imaged,147,recombine_cut_and_deliver,0,0,0,0,GOAL_UNMET,GOAL_UNMET
7B,imaged,148,recombine_cut_and_deliver,0,0,0,0,NO_USABLE_WORK,NO_USABLE_WORK
7B,imaged,149,recombine_cut_and_deliver,0,0,0,0,GOAL_UNMET,GOAL_UNMET
7B,imaged,150,recombine_cut_and_deliver,0,0,0,0,GOAL_UNMET,GOAL_UNMET
7B,imaged,151,recombine_cut_and_deliver,0,0,0,0,GOAL_UNMET,GOAL_UNMET
7B,imaged,152,recombine_cut_and_deliver,0,1,1,1,SOLVED,SOLVED
7B,imaged,153,recombine_cut_and_deliver,0,0,0,0,GOAL_UNMET,GOAL_UNMET
7B,imaged,154,recombine_cut_and_deliver,0,0,0,0,GOAL_UNMET,GOAL_UNMET
7B,imaged,155,recombine_cut_and_deliver,0,1,1,1,SOLVED,SOLVED
7B,imaged,156,recombine_cut_and_deliver,0,0,0,0,GOAL_UNMET,GOAL_UNMET
7B,imaged,157,recombine_cut_and_deliver,0,0,0,0,GOAL_UNMET,GOAL_UNMET
7B,imaged,158,recombine_cut_and_deliver,0,0,0,0,GOAL_UNMET,GOAL_UNMET
7B,imaged,159,recombine_cut_and_deliver,0,0,0,0,GOAL_UNMET,GOAL_UNMET
7B,imaged,160,recombine_cut_and_deliver,0,1,1,1,SOLVED,SOLVED
7B,imaged,161,recombine_cut_and_deliver,0,0,0,0,GOAL_UNMET,GOAL_UNMET
7B,imaged,162,recombine_cut_and_deliver,0,0,0,0,GOAL_UNMET,GOAL_UNMET
7B,imaged,163,recombine_cut_and_deliver,0,1,1,1,SOLVED,SOLVED
7B,imaged,164,recombine_cut_and_deliver,0,1,1,1,SOLVED,SOLVED
7B,imaged,165,recombine_cut_and_deliver,0,0,0,0,GOAL_UNMET,GOAL_UNMET
7B,imaged,166,recombine_cut_and_deliver,0,0,0,0,GOAL_UNMET,GOAL_UNMET
7B,imaged,167,recombine_cut_and_deliver,0,0,0,0,GOAL_UNMET,GOAL_UNMET
7B,imaged,168,recombine_cut_and_deliver,0,0,0,0,GOAL_UNMET,GOAL_UNMET
7B,imaged,169,recombine_cut_and_deliver,0,0,0,0,GOAL_UNMET,GOAL_UNMET
7B,imaged,170,recombine_cut_and_deliver,0,1,1,1,SOLVED,SOLVED
7B,imaged,171,recombine_cut_and_deliver,0,1,1,1,SOLVED,SOLVED
7B,imaged,172,recombine_cut_and_deliver,0,0,0,0,GOAL_UNMET,GOAL_UNMET
7B,imaged,173,recombine_cut_and_deliver,0,0,0,0,GOAL_UNMET,GOAL_UNMET
7B,imaged,174,recombine_cut_and_deliver,0,0,0,0,GOAL_UNMET,GOAL_UNMET
7B,imaged,175,recombine_cut_and_deliver,0,1,1,1,SOLVED,SOLVED
7B,imaged,176,recombine_cut_and_deliver,0,0,0,0,GOAL_UNMET,GOAL_UNMET
7B,imaged,177,recombine_cut_and_deliver,0,0,0,0,GOAL_UNMET,GOAL_UNMET
7B,imaged,178,recombine_cut_and_deliver,0,0,0,0,GOAL_UNMET,GOAL_UNMET
7B,imaged,179,recombine_cut_and_deliver,0,0,0,0,GOAL_UNMET,GOAL_UNMET
7B,imaged,180,recombine_cut_and_deliver,0,0,0,0,GOAL_UNMET,GOAL_UNMET
7B,imaged,181,recombine_cut_and_deliver,0,0,0,0,GOAL_UNMET,GOAL_UNMET
7B,imaged,182,recombine_cut_and_deliver,0,0,0,0,GOAL_UNMET,GOAL_UNMET
7B,imaged,183,recombine_cut_and_deliver,0,0,0,0,GOAL_UNMET,GOAL_UNMET
7B,imaged,184,recombine_cut_and_deliver,0,0,0,0,GOAL_UNMET,GOAL_UNMET
7B,imaged,185,recombine_cut_and_deliver,0,0,0,0,GOAL_UNMET,GOAL_UNMET
7B,imaged,186,recombine_cut_and_deliver,0,0,0,0,GOAL_UNMET,GOAL_UNMET
7B,imaged,187,recombine_cut_and_deliver,0,1,1,1,SOLVED,SOLVED
7B,imaged,188,recombine_cut_and_deliver,0,0,0,0,NO_USABLE_WORK,NO_USABLE_WORK
7B,imaged,189,recombine_cut_and_deliver,0,0,0,0,GOAL_UNMET,GOAL_UNMET
7B,imaged,190,recombine_cut_and_deliver,0,0,0,0,GOAL_UNMET,GOAL_UNMET
7B,imaged,191,recombine_cut_and_deliver,0,0,0,0,GOAL_UNMET,GOAL_UNMET
7B,imaged,192,recombine_cut_and_deliver,0,0,0,0,GOAL_UNMET,GOAL_UNMET
7B,imaged,193,recombine_cut_and_deliver,0,0,0,0,GOAL_UNMET,GOAL_UNMET
7B,imaged,194,recombine_cut_and_deliver,0,1,1,1,SOLVED,SOLVED
7B,imaged,195,recombine_cut_and_deliver,0,0,0,0,GOAL_UNMET,GOAL_UNMET
7B,imaged,196,recombine_cut_and_deliver,0,0,0,0,GOAL_UNMET,GOAL_UNMET
7B,imaged,197,recombine_cut_and_deliver,0,0,0,0,GOAL_UNMET,GOAL_UNMET
7B,imaged,198,recombine_cut_and_deliver,0,0,0,0,GOAL_UNMET,GOAL_UNMET
7B,imaged,199,recombine_cut_and_deliver,0,0,0,0,GOAL_UNMET,GOAL_UNMET
7B,imaged,200,recombine_cut_and_deliver,0,0,0,0,GOAL_UNMET,GOAL_UNMET
7B,imaged,201,recombine_cut_and_deliver,0,0,0,0,GOAL_UNMET,GOAL_UNMET
7B,imaged,202,recombine_cut_and_deliver,0,1,1,1,SOLVED,SOLVED
7B,imaged,203,recombine_cut_and_deliver,0,1,1,1,SOLVED,SOLVED
7B,imaged,204,recombine_cut_and_deliver,0,0,0,0,GOAL_UNMET,GOAL_UNMET
7B,imaged,205,recombine_cut_and_deliver,0,0,0,0,GOAL_UNMET,GOAL_UNMET
7B,imaged,206,recombine_cut_and_deliver,0,0,0,0,GOAL_UNMET,GOAL_UNMET
7B,imaged,207,recombine_cut_and_deliver,0,0,0,0,GOAL_UNMET,GOAL_UNMET
7B,imaged,208,recombine_cut_and_deliver,0,1,1,1,SOLVED,SOLVED
7B,imaged,209,recombine_cut_and_deliver,0,0,0,0,GOAL_UNMET,GOAL_UNMET
7B,imaged,210,recombine_cut_and_deliver,0,0,0,0,GOAL_UNMET,GOAL_UNMET
7B,imaged,211,recombine_cut_and_deliver,0,0,0,0,GOAL_UNMET,GOAL_UNMET
7B,imaged,212,recombine_cut_and_deliver,0,0,0,0,GOAL_UNMET,GOAL_UNMET
7B,imaged,213,recombine_cut_and_deliver,0,0,0,0,GOAL_UNMET,GOAL_UNMET
7B,imaged,214,recombine_cut_and_deliver,0,0,0,0,GOAL_UNMET,GOAL_UNMET
7B,imaged,215,recombine_cut_and_deliver,0,1,1,1,SOLVED,SOLVED
7B,imaged,216,recombine_cut_and_deliver,0,0,0,0,GOAL_UNMET,GOAL_UNMET
7B,imaged,217,recombine_cut_and_deliver,0,0,0,0,GOAL_UNMET,GOAL_UNMET
7B,imaged,218,recombine_cut_and_deliver,0,1,1,1,SOLVED,SOLVED
7B,imaged,219,recombine_cut_and_deliver,0,0,0,0,GOAL_UNMET,GOAL_UNMET
7B,imaged,220,recombine_cut_and_deliver,0,0,0,0,GOAL_UNMET,GOAL_UNMET
7B,imaged,221,recombine_cut_and_deliver,0,0,0,0,NO_USABLE_WORK,NO_USABLE_WORK
7B,imaged,222,recombine_cut_and_deliver,0,0,0,0,GOAL_UNMET,GOAL_UNMET
7B,imaged,223,recombine_cut_and_deliver,0,0,0,0,GOAL_UNMET,GOAL_UNMET
7B,imaged,224,recombine_cut_and_deliver,0,0,0,0,GOAL_UNMET,GOAL_UNMET
7B,imaged,225,recombine_cut_and_deliver,0,0,0,0,GOAL_UNMET,GOAL_UNMET
7B,imaged,226,recombine_cut_and_deliver,0,0,0,0,GOAL_UNMET,GOAL_UNMET
7B,imaged,227,recombine_cut_and_deliver,0,1,1,1,SOLVED,SOLVED
7B,imaged,228,recombine_cut_and_deliver,0,0,0,0,NO_USABLE_WORK,NO_USABLE_WORK
7B,imaged,229,recombine_cut_and_deliver,0,0,0,0,GOAL_UNMET,GOAL_UNMET
7B,imaged,230,recombine_cut_and_deliver,0,0,0,0,GOAL_UNMET,GOAL_UNMET
7B,imaged,231,recombine_cut_and_deliver,0,1,1,1,SOLVED,SOLVED
7B,imaged,232,recombine_cut_and_deliver,0,1,1,1,SOLVED,SOLVED
7B,imaged,233,recombine_cut_and_deliver,0,0,0,0,GOAL_UNMET,GOAL_UNMET
7B,imaged,234,recombine_cut_and_deliver,0,0,0,0,GOAL_UNMET,GOAL_UNMET
7B,imaged,235,recombine_cut_and_deliver,0,0,0,0,GOAL_UNMET,GOAL_UNMET
7B,imaged,236,recombine_cut_and_deliver,0,0,0,0,GOAL_UNMET,GOAL_UNMET
7B,imaged,237,recombine_cut_and_deliver,0,1,1,1,SOLVED,SOLVED
7B,imaged,238,recombine_cut_and_deliver,0,0,0,0,GOAL_UNMET,GOAL_UNMET
7B,imaged,239,recombine_cut_and_deliver,0,0,0,0,GOAL_UNMET,GOAL_UNMET
7B,imaged,240,recombine_cut_and_deliver,0,0,0,0,GOAL_UNMET,GOAL_UNMET
7B,imaged,241,recombine_cut_and_deliver,0,0,0,0,NO_USABLE_WORK,NO_USABLE_WORK
7B,imaged,242,recombine_cut_and_deliver,0,1,1,1,SOLVED,SOLVED
7B,imaged,243,recombine_cut_and_deliver,0,0,0,0,GOAL_UNMET,GOAL_UNMET
7B,imaged,244,recombine_cut_and_deliver,0,0,0,0,GOAL_UNMET,GOAL_UNMET
7B,imaged,245,recombine_cut_and_deliver,0,0,0,0,GOAL_UNMET,GOAL_UNMET
7B,imaged,246,recombine_cut_and_deliver,0,0,0,0,GOAL_UNMET,GOAL_UNMET
7B,imaged,247,recombine_cut_and_deliver,0,0,0,0,OVER_BUDGET,OVER_BUDGET
7B,imaged,248,recombine_cut_and_deliver,0,0,0,0,GOAL_UNMET,GOAL_UNMET
7B,imaged,249,recombine_cut_and_deliver,0,0,0,0,GOAL_UNMET,GOAL_UNMET
7B,imaged,250,recombine_cut_and_deliver,0,0,0,0,GOAL_UNMET,GOAL_UNMET
7B,imaged,251,recombine_cut_and_deliver,0,1,1,1,SOLVED,SOLVED
7B,imaged,252,recombine_cut_and_deliver,0,1,1,1,SOLVED,SOLVED
7B,imaged,253,recombine_cut_and_deliver,0,0,0,0,NO_USABLE_WORK,NO_USABLE_WORK
7B,imaged,254,recombine_cut_and_deliver,0,0,0,0,NO_USABLE_WORK,NO_USABLE_WORK
7B,imaged,255,recombine_cut_and_deliver,0,0,0,0,GOAL_UNMET,GOAL_UNMET
7B,imaged,256,recombine_cut_and_deliver,0,0,0,0,GOAL_UNMET,GOAL_UNMET
7B,imaged,257,recombine_cut_and_deliver,0,1,1,1,SOLVED,SOLVED
7B,imaged,258,recombine_cut_and_deliver,0,1,1,1,SOLVED,SOLVED
7B,imaged,259,recombine_cut_and_deliver,0,0,0,0,GOAL_UNMET,GOAL_UNMET
7B,imaged,260,recombine_cut_and_deliver,0,0,0,0,GOAL_UNMET,GOAL_UNMET
7B,imaged,261,recombine_cut_and_deliver,0,0,0,0,GOAL_UNMET,GOAL_UNMET
7B,imaged,262,recombine_cut_and_deliver,0,0,0,0,GOAL_UNMET,GOAL_UNMET
7B,imaged,263,recombine_cut_and_deliver,0,0,0,0,GOAL_UNMET,GOAL_UNMET
7B,imaged,264,recombine_cut_and_deliver,0,0,0,0,NO_USABLE_WORK,NO_USABLE_WORK
7B,imaged,265,recombine_cut_and_deliver,0,0,0,0,GOAL_UNMET,GOAL_UNMET
7B,imaged,266,recombine_cut_and_deliver,0,0,0,0,GOAL_UNMET,GOAL_UNMET
7B,imaged,267,recombine_cut_and_deliver,0,0,0,0,GOAL_UNMET,GOAL_UNMET
7B,imaged,268,recombine_cut_and_deliver,0,0,0,0,GOAL_UNMET,GOAL_UNMET
7B,imaged,269,recombine_cut_and_deliver,0,0,0,0,GOAL_UNMET,GOAL_UNMET
7B,imaged,270,recombine_cut_and_deliver,0,0,0,0,NO_USABLE_WORK,NO_USABLE_WORK
7B,imaged,271,recombine_cut_and_deliver,0,0,0,0,GOAL_UNMET,GOAL_UNMET
7B,imaged,272,recombine_cut_and_deliver,0,0,0,0,GOAL_UNMET,GOAL_UNMET
7B,imaged,273,recombine_cut_and_deliver,0,0,0,0,GOAL_UNMET,GOAL_UNMET
7B,imaged,274,recombine_cut_and_deliver,0,0,0,0,GOAL_UNMET,GOAL_UNMET
7B,imaged,275,recombine_cut_and_deliver,0,0,0,0,GOAL_UNMET,GOAL_UNMET
7B,imaged,276,recombine_cut_and_deliver,0,0,0,0,GOAL_UNMET,GOAL_UNMET
7B,imaged,277,recombine_cut_and_deliver,0,0,0,0,GOAL_UNMET,GOAL_UNMET
7B,imaged,278,recombine_cut_and_deliver,0,0,0,0,GOAL_UNMET,GOAL_UNMET
7B,imaged,279,recombine_cut_and_deliver,0,0,0,0,GOAL_UNMET,GOAL_UNMET
7B,imaged,280,recombine_cut_and_deliver,0,0,0,0,GOAL_UNMET,GOAL_UNMET
7B,imaged,281,recombine_cut_and_deliver,0,0,0,0,GOAL_UNMET,GOAL_UNMET
7B,imaged,282,recombine_cut_and_deliver,0,0,0,0,NO_USABLE_WORK,NO_USABLE_WORK
7B,imaged,283,recombine_cut_and_deliver,0,1,1,1,SOLVED,SOLVED
7B,imaged,284,recombine_cut_and_deliver,0,0,0,0,GOAL_UNMET,GOAL_UNMET
7B,imaged,285,recombine_cut_and_deliver,0,0,0,0,GOAL_UNMET,GOAL_UNMET
7B,imaged,286,recombine_cut_and_deliver,0,0,0,0,GOAL_UNMET,GOAL_UNMET
7B,imaged,287,recombine_cut_and_deliver,0,0,0,0,GOAL_UNMET,GOAL_UNMET
7B,imaged,288,recombine_cut_and_deliver,0,0,0,0,GOAL_UNMET,GOAL_UNMET
7B,imaged,289,recombine_cut_and_deliver,0,0,0,0,NO_USABLE_WORK,NO_USABLE_WORK
7B,imaged,290,recombine_cut_and_deliver,0,0,0,0,GOAL_UNMET,GOAL_UNMET
7B,imaged,291,recombine_cut_and_deliver,0,0,0,0,GOAL_UNMET,GOAL_UNMET
7B,imaged,292,recombine_cut_and_deliver,0,0,0,0,GOAL_UNMET,GOAL_UNMET
7B,imaged,293,recombine_cut_and_deliver,0,0,0,0,GOAL_UNMET,GOAL_UNMET
7B,imaged,294,recombine_cut_and_deliver,0,0,0,0,GOAL_UNMET,GOAL_UNMET
7B,imaged,295,recombine_cut_and_deliver,0,0,0,0,GOAL_UNMET,GOAL_UNMET
7B,imaged,296,recombine_cut_and_deliver,0,0,0,0,GOAL_UNMET,GOAL_UNMET
7B,text,0,recombine_cut_and_deliver,0,0,0,0,GOAL_UNMET,GOAL_UNMET
7B,text,1,recombine_cut_and_deliver,0,0,0,0,GOAL_UNMET,GOAL_UNMET
7B,text,2,recombine_cut_and_deliver,0,0,0,0,GOAL_UNMET,GOAL_UNMET
7B,text,3,recombine_cut_and_deliver,0,0,0,0,GOAL_UNMET,GOAL_UNMET
7B,text,4,recombine_cut_and_deliver,0,1,1,1,SOLVED,SOLVED
7B,text,5,recombine_cut_and_deliver,0,0,0,0,OVER_BUDGET,OVER_BUDGET
7B,text,6,recombine_cut_and_deliver,0,1,1,1,SOLVED,SOLVED
7B,text,7,recombine_cut_and_deliver,0,0,0,0,GOAL_UNMET,GOAL_UNMET
7B,text,8,recombine_cut_and_deliver,0,0,0,0,OVER_BUDGET,OVER_BUDGET
7B,text,9,recombine_cut_and_deliver,0,0,0,0,GOAL_UNMET,GOAL_UNMET
7B,text,10,recombine_cut_and_deliver,0,1,1,1,SOLVED,SOLVED
7B,text,11,recombine_cut_and_deliver,0,0,0,0,GOAL_UNMET,GOAL_UNMET
7B,text,12,recombine_cut_and_deliver,0,0,0,0,GOAL_UNMET,GOAL_UNMET
7B,text,13,recombine_cut_and_deliver,1,0,0,0,infeasible_assignment,infeasible_assignment
7B,text,14,recombine_cut_and_deliver,0,0,0,0,GOAL_UNMET,GOAL_UNMET
7B,text,15,recombine_cut_and_deliver,0,0,0,0,GOAL_UNMET,GOAL_UNMET
7B,text,16,recombine_cut_and_deliver,0,0,0,0,GOAL_UNMET,GOAL_UNMET
7B,text,17,recombine_cut_and_deliver,0,0,0,0,GOAL_UNMET,GOAL_UNMET
7B,text,18,recombine_cut_and_deliver,0,0,0,0,GOAL_UNMET,GOAL_UNMET
7B,text,19,recombine_cut_and_deliver,0,0,0,0,GOAL_UNMET,GOAL_UNMET
7B,text,20,recombine_cut_and_deliver,0,0,0,0,GOAL_UNMET,GOAL_UNMET
7B,text,21,recombine_cut_and_deliver,0,0,0,0,GOAL_UNMET,GOAL_UNMET
7B,text,22,recombine_cut_and_deliver,0,0,0,0,GOAL_UNMET,GOAL_UNMET
7B,text,23,recombine_cut_and_deliver,0,1,1,1,SOLVED,SOLVED
7B,text,24,recombine_cut_and_deliver,0,0,0,0,GOAL_UNMET,GOAL_UNMET
7B,text,25,recombine_cut_and_deliver,0,1,1,1,SOLVED,SOLVED
7B,text,26,recombine_cut_and_deliver,0,0,0,0,GOAL_UNMET,GOAL_UNMET
7B,text,27,recombine_cut_and_deliver,0,0,0,0,GOAL_UNMET,GOAL_UNMET
7B,text,28,recombine_cut_and_deliver,0,0,0,0,GOAL_UNMET,GOAL_UNMET
7B,text,29,recombine_cut_and_deliver,0,0,0,0,GOAL_UNMET,GOAL_UNMET
7B,text,30,recombine_cut_and_deliver,0,0,0,0,GOAL_UNMET,GOAL_UNMET
7B,text,31,recombine_cut_and_deliver,0,0,0,0,GOAL_UNMET,GOAL_UNMET
7B,text,32,recombine_cut_and_deliver,0,1,1,1,SOLVED,SOLVED
7B,text,33,recombine_cut_and_deliver,0,0,0,0,GOAL_UNMET,GOAL_UNMET
7B,text,34,recombine_cut_and_deliver,0,0,0,0,GOAL_UNMET,GOAL_UNMET
7B,text,35,recombine_cut_and_deliver,0,0,0,0,GOAL_UNMET,GOAL_UNMET
7B,text,36,recombine_cut_and_deliver,0,1,1,1,SOLVED,SOLVED
7B,text,37,recombine_cut_and_deliver,0,0,0,0,OVER_BUDGET,OVER_BUDGET
7B,text,38,recombine_cut_and_deliver,0,0,0,0,GOAL_UNMET,GOAL_UNMET
7B,text,39,recombine_cut_and_deliver,0,0,0,0,GOAL_UNMET,GOAL_UNMET
7B,text,40,recombine_cut_and_deliver,0,0,0,0,GOAL_UNMET,GOAL_UNMET
7B,text,41,recombine_cut_and_deliver,0,0,0,0,GOAL_UNMET,GOAL_UNMET
7B,text,42,recombine_cut_and_deliver,0,1,1,1,SOLVED,SOLVED
7B,text,43,recombine_cut_and_deliver,0,0,0,0,GOAL_UNMET,GOAL_UNMET
7B,text,44,recombine_cut_and_deliver,0,0,0,0,GOAL_UNMET,GOAL_UNMET
7B,text,45,recombine_cut_and_deliver,0,1,1,1,SOLVED,SOLVED
7B,text,46,recombine_cut_and_deliver,0,1,1,1,SOLVED,SOLVED
7B,text,47,recombine_cut_and_deliver,0,1,1,1,SOLVED,SOLVED
7B,text,48,recombine_cut_and_deliver,0,0,0,0,GOAL_UNMET,GOAL_UNMET
7B,text,49,recombine_cut_and_deliver,0,0,0,0,GOAL_UNMET,GOAL_UNMET
7B,text,50,recombine_cut_and_deliver,0,1,1,1,SOLVED,SOLVED
7B,text,51,recombine_cut_and_deliver,0,0,0,0,GOAL_UNMET,GOAL_UNMET
7B,text,52,recombine_cut_and_deliver,0,0,0,0,GOAL_UNMET,GOAL_UNMET
7B,text,53,recombine_cut_and_deliver,0,0,0,0,GOAL_UNMET,GOAL_UNMET
7B,text,54,recombine_cut_and_deliver,0,0,0,0,GOAL_UNMET,GOAL_UNMET
7B,text,55,recombine_cut_and_deliver,0,1,1,1,SOLVED,SOLVED
7B,text,56,recombine_cut_and_deliver,0,0,0,0,GOAL_UNMET,GOAL_UNMET
7B,text,57,recombine_cut_and_deliver,0,1,1,1,SOLVED,SOLVED
7B,text,58,recombine_cut_and_deliver,0,1,1,1,SOLVED,SOLVED
7B,text,59,recombine_cut_and_deliver,0,0,0,0,GOAL_UNMET,GOAL_UNMET
7B,text,60,recombine_cut_and_deliver,0,0,0,0,GOAL_UNMET,GOAL_UNMET
7B,text,61,recombine_cut_and_deliver,0,0,0,0,GOAL_UNMET,GOAL_UNMET
7B,text,62,recombine_cut_and_deliver,0,0,0,0,GOAL_UNMET,GOAL_UNMET
7B,text,63,recombine_cut_and_deliver,0,0,0,0,GOAL_UNMET,GOAL_UNMET
7B,text,64,recombine_cut_and_deliver,0,0,0,0,GOAL_UNMET,GOAL_UNMET
7B,text,65,recombine_cut_and_deliver,0,1,1,1,SOLVED,SOLVED
7B,text,66,recombine_cut_and_deliver,0,0,0,0,GOAL_UNMET,GOAL_UNMET
7B,text,67,recombine_cut_and_deliver,0,1,1,1,SOLVED,SOLVED
7B,text,68,recombine_cut_and_deliver,0,0,0,0,GOAL_UNMET,GOAL_UNMET
7B,text,69,recombine_cut_and_deliver,0,0,0,0,GOAL_UNMET,GOAL_UNMET
7B,text,70,recombine_cut_and_deliver,0,0,0,0,GOAL_UNMET,GOAL_UNMET
7B,text,71,recombine_cut_and_deliver,0,0,0,0,GOAL_UNMET,GOAL_UNMET
7B,text,72,recombine_cut_and_deliver,0,0,0,0,GOAL_UNMET,GOAL_UNMET
7B,text,73,recombine_cut_and_deliver,0,0,0,0,GOAL_UNMET,GOAL_UNMET
7B,text,74,recombine_cut_and_deliver,0,0,0,0,GOAL_UNMET,GOAL_UNMET
7B,text,75,recombine_cut_and_deliver,0,0,0,0,GOAL_UNMET,GOAL_UNMET
7B,text,76,recombine_cut_and_deliver,0,1,1,1,SOLVED,SOLVED
7B,text,77,recombine_cut_and_deliver,0,0,0,0,GOAL_UNMET,GOAL_UNMET
7B,text,78,recombine_cut_and_deliver,0,0,0,0,GOAL_UNMET,GOAL_UNMET
7B,text,79,recombine_cut_and_deliver,0,0,0,0,GOAL_UNMET,GOAL_UNMET
7B,text,80,recombine_cut_and_deliver,0,0,0,0,GOAL_UNMET,GOAL_UNMET
7B,text,81,recombine_cut_and_deliver,0,1,1,1,SOLVED,SOLVED
7B,text,82,recombine_cut_and_deliver,0,1,1,1,SOLVED,SOLVED
7B,text,83,recombine_cut_and_deliver,0,0,0,0,GOAL_UNMET,GOAL_UNMET
7B,text,84,recombine_cut_and_deliver,0,0,0,0,GOAL_UNMET,GOAL_UNMET
7B,text,85,recombine_cut_and_deliver,0,0,0,0,GOAL_UNMET,GOAL_UNMET
7B,text,86,recombine_cut_and_deliver,0,0,0,0,GOAL_UNMET,GOAL_UNMET
7B,text,87,recombine_cut_and_deliver,0,1,1,1,SOLVED,SOLVED
7B,text,88,recombine_cut_and_deliver,0,0,0,0,GOAL_UNMET,GOAL_UNMET
7B,text,89,recombine_cut_and_deliver,0,0,0,0,GOAL_UNMET,GOAL_UNMET
7B,text,90,recombine_cut_and_deliver,0,0,0,0,GOAL_UNMET,GOAL_UNMET
7B,text,91,recombine_cut_and_deliver,0,0,0,0,GOAL_UNMET,GOAL_UNMET
7B,text,92,recombine_cut_and_deliver,0,0,0,0,GOAL_UNMET,GOAL_UNMET
7B,text,93,recombine_cut_and_deliver,0,0,0,0,GOAL_UNMET,GOAL_UNMET
7B,text,94,recombine_cut_and_deliver,0,0,0,0,GOAL_UNMET,GOAL_UNMET
7B,text,95,recombine_cut_and_deliver,0,0,0,0,GOAL_UNMET,GOAL_UNMET
7B,text,96,recombine_cut_and_deliver,0,1,1,1,SOLVED,SOLVED
7B,text,97,recombine_cut_and_deliver,0,0,0,0,GOAL_UNMET,GOAL_UNMET
7B,text,98,recombine_cut_and_deliver,0,0,0,0,GOAL_UNMET,GOAL_UNMET
7B,text,99,recombine_cut_and_deliver,0,1,1,1,SOLVED,SOLVED
7B,text,100,recombine_cut_and_deliver,0,0,0,0,GOAL_UNMET,GOAL_UNMET
7B,text,101,recombine_cut_and_deliver,0,0,0,0,GOAL_UNMET,GOAL_UNMET
7B,text,102,recombine_cut_and_deliver,0,0,0,0,GOAL_UNMET,GOAL_UNMET
7B,text,103,recombine_cut_and_deliver,0,0,0,0,GOAL_UNMET,GOAL_UNMET
7B,text,104,recombine_cut_and_deliver,0,0,0,0,GOAL_UNMET,GOAL_UNMET
7B,text,105,recombine_cut_and_deliver,0,0,0,0,GOAL_UNMET,GOAL_UNMET
7B,text,106,recombine_cut_and_deliver,0,0,0,0,GOAL_UNMET,GOAL_UNMET
7B,text,107,recombine_cut_and_deliver,0,0,0,0,GOAL_UNMET,GOAL_UNMET
7B,text,108,recombine_cut_and_deliver,0,0,0,0,GOAL_UNMET,GOAL_UNMET
7B,text,109,recombine_cut_and_deliver,0,0,0,0,GOAL_UNMET,GOAL_UNMET
7B,text,110,recombine_cut_and_deliver,0,1,1,1,SOLVED,SOLVED
7B,text,111,recombine_cut_and_deliver,0,1,1,1,SOLVED,SOLVED
7B,text,112,recombine_cut_and_deliver,0,0,0,0,OVER_BUDGET,OVER_BUDGET
7B,text,113,recombine_cut_and_deliver,0,1,1,1,SOLVED,SOLVED
7B,text,114,recombine_cut_and_deliver,0,0,0,0,GOAL_UNMET,GOAL_UNMET
7B,text,115,recombine_cut_and_deliver,0,0,0,0,GOAL_UNMET,GOAL_UNMET
7B,text,116,recombine_cut_and_deliver,0,0,0,0,GOAL_UNMET,GOAL_UNMET
7B,text,117,recombine_cut_and_deliver,0,0,0,0,GOAL_UNMET,GOAL_UNMET
7B,text,118,recombine_cut_and_deliver,0,1,1,1,SOLVED,SOLVED
7B,text,119,recombine_cut_and_deliver,0,1,1,1,SOLVED,SOLVED
7B,text,120,recombine_cut_and_deliver,0,0,0,0,GOAL_UNMET,GOAL_UNMET
7B,text,121,recombine_cut_and_deliver,0,0,0,0,GOAL_UNMET,GOAL_UNMET
7B,text,122,recombine_cut_and_deliver,0,1,1,1,SOLVED,SOLVED
7B,text,123,recombine_cut_and_deliver,0,0,0,0,GOAL_UNMET,GOAL_UNMET
7B,text,124,recombine_cut_and_deliver,0,1,1,1,SOLVED,SOLVED
7B,text,125,recombine_cut_and_deliver,0,0,0,0,GOAL_UNMET,GOAL_UNMET
7B,text,126,recombine_cut_and_deliver,0,1,1,1,SOLVED,SOLVED
7B,text,127,recombine_cut_and_deliver,0,0,0,0,GOAL_UNMET,GOAL_UNMET
7B,text,128,recombine_cut_and_deliver,0,0,0,0,GOAL_UNMET,GOAL_UNMET
7B,text,129,recombine_cut_and_deliver,0,0,0,0,GOAL_UNMET,GOAL_UNMET
7B,text,130,recombine_cut_and_deliver,0,0,0,0,GOAL_UNMET,GOAL_UNMET
7B,text,131,recombine_cut_and_deliver,0,0,0,0,GOAL_UNMET,GOAL_UNMET
7B,text,132,recombine_cut_and_deliver,0,0,0,0,GOAL_UNMET,GOAL_UNMET
7B,text,133,recombine_cut_and_deliver,0,0,0,0,GOAL_UNMET,GOAL_UNMET
7B,text,134,recombine_cut_and_deliver,0,0,0,0,GOAL_UNMET,GOAL_UNMET
7B,text,135,recombine_cut_and_deliver,0,1,1,1,SOLVED,SOLVED
7B,text,136,recombine_cut_and_deliver,0,0,0,0,GOAL_UNMET,GOAL_UNMET
7B,text,137,recombine_cut_and_deliver,0,0,0,0,GOAL_UNMET,GOAL_UNMET
7B,text,138,recombine_cut_and_deliver,0,0,0,0,GOAL_UNMET,GOAL_UNMET
7B,text,139,recombine_cut_and_deliver,0,0,0,0,GOAL_UNMET,GOAL_UNMET
7B,text,140,recombine_cut_and_deliver,0,0,0,0,GOAL_UNMET,GOAL_UNMET
7B,text,141,recombine_cut_and_deliver,0,0,0,0,GOAL_UNMET,GOAL_UNMET
7B,text,142,recombine_cut_and_deliver,0,1,1,1,SOLVED,SOLVED
7B,text,143,recombine_cut_and_deliver,0,1,1,1,SOLVED,SOLVED
7B,text,144,recombine_cut_and_deliver,0,0,0,0,GOAL_UNMET,GOAL_UNMET
7B,text,145,recombine_cut_and_deliver,0,0,0,0,GOAL_UNMET,GOAL_UNMET
7B,text,146,recombine_cut_and_deliver,0,1,1,1,SOLVED,SOLVED
7B,text,147,recombine_cut_and_deliver,0,1,1,1,SOLVED,SOLVED
7B,text,148,recombine_cut_and_deliver,0,1,1,1,SOLVED,SOLVED
7B,text,149,recombine_cut_and_deliver,0,0,0,0,GOAL_UNMET,GOAL_UNMET
7B,text,150,recombine_cut_and_deliver,0,0,0,0,GOAL_UNMET,GOAL_UNMET
7B,text,151,recombine_cut_and_deliver,0,0,0,0,NO_USABLE_WORK,NO_USABLE_WORK
7B,text,152,recombine_cut_and_deliver,0,1,1,1,SOLVED,SOLVED
7B,text,153,recombine_cut_and_deliver,0,0,0,0,GOAL_UNMET,GOAL_UNMET
7B,text,154,recombine_cut_and_deliver,0,0,0,0,GOAL_UNMET,GOAL_UNMET
7B,text,155,recombine_cut_and_deliver,0,1,1,1,SOLVED,SOLVED
7B,text,156,recombine_cut_and_deliver,0,0,0,0,GOAL_UNMET,GOAL_UNMET
7B,text,157,recombine_cut_and_deliver,0,0,0,0,GOAL_UNMET,GOAL_UNMET
7B,text,158,recombine_cut_and_deliver,0,0,0,0,GOAL_UNMET,GOAL_UNMET
7B,text,159,recombine_cut_and_deliver,0,0,0,0,GOAL_UNMET,GOAL_UNMET
7B,text,160,recombine_cut_and_deliver,0,1,1,1,SOLVED,SOLVED
7B,text,161,recombine_cut_and_deliver,0,0,0,0,GOAL_UNMET,GOAL_UNMET
7B,text,162,recombine_cut_and_deliver,0,1,1,1,SOLVED,SOLVED
7B,text,163,recombine_cut_and_deliver,0,1,1,1,SOLVED,SOLVED
7B,text,164,recombine_cut_and_deliver,0,1,1,1,SOLVED,SOLVED
7B,text,165,recombine_cut_and_deliver,0,1,1,1,SOLVED,SOLVED
7B,text,166,recombine_cut_and_deliver,0,1,1,1,SOLVED,SOLVED
7B,text,167,recombine_cut_and_deliver,0,1,1,1,SOLVED,SOLVED
7B,text,168,recombine_cut_and_deliver,0,0,0,0,GOAL_UNMET,GOAL_UNMET
7B,text,169,recombine_cut_and_deliver,0,0,0,0,GOAL_UNMET,GOAL_UNMET
7B,text,170,recombine_cut_and_deliver,0,1,1,1,SOLVED,SOLVED
7B,text,171,recombine_cut_and_deliver,0,1,1,1,SOLVED,SOLVED
7B,text,172,recombine_cut_and_deliver,0,1,1,1,SOLVED,SOLVED
7B,text,173,recombine_cut_and_deliver,0,0,0,0,GOAL_UNMET,GOAL_UNMET
7B,text,174,recombine_cut_and_deliver,0,0,0,0,GOAL_UNMET,GOAL_UNMET
7B,text,175,recombine_cut_and_deliver,0,1,1,1,SOLVED,SOLVED
7B,text,176,recombine_cut_and_deliver,0,0,0,0,GOAL_UNMET,GOAL_UNMET
7B,text,177,recombine_cut_and_deliver,0,0,0,0,GOAL_UNMET,GOAL_UNMET
7B,text,178,recombine_cut_and_deliver,0,0,0,0,GOAL_UNMET,GOAL_UNMET
7B,text,179,recombine_cut_and_deliver,0,0,0,0,GOAL_UNMET,GOAL_UNMET
7B,text,180,recombine_cut_and_deliver,0,0,0,0,GOAL_UNMET,GOAL_UNMET
7B,text,181,recombine_cut_and_deliver,0,0,0,0,GOAL_UNMET,GOAL_UNMET
7B,text,182,recombine_cut_and_deliver,0,0,0,0,GOAL_UNMET,GOAL_UNMET
7B,text,183,recombine_cut_and_deliver,0,0,0,0,GOAL_UNMET,GOAL_UNMET
7B,text,184,recombine_cut_and_deliver,0,0,0,0,GOAL_UNMET,GOAL_UNMET
7B,text,185,recombine_cut_and_deliver,0,0,0,0,GOAL_UNMET,GOAL_UNMET
7B,text,186,recombine_cut_and_deliver,0,0,0,0,GOAL_UNMET,GOAL_UNMET
7B,text,187,recombine_cut_and_deliver,0,1,1,1,SOLVED,SOLVED
7B,text,188,recombine_cut_and_deliver,0,0,0,0,GOAL_UNMET,GOAL_UNMET
7B,text,189,recombine_cut_and_deliver,0,0,0,0,GOAL_UNMET,GOAL_UNMET
7B,text,190,recombine_cut_and_deliver,0,0,0,0,GOAL_UNMET,GOAL_UNMET
7B,text,191,recombine_cut_and_deliver,0,0,0,0,GOAL_UNMET,GOAL_UNMET
7B,text,192,recombine_cut_and_deliver,0,0,0,0,GOAL_UNMET,GOAL_UNMET
7B,text,193,recombine_cut_and_deliver,0,0,0,0,GOAL_UNMET,GOAL_UNMET
7B,text,194,recombine_cut_and_deliver,0,1,1,1,SOLVED,SOLVED
7B,text,195,recombine_cut_and_deliver,0,0,0,0,GOAL_UNMET,GOAL_UNMET
7B,text,196,recombine_cut_and_deliver,0,0,0,0,GOAL_UNMET,GOAL_UNMET
7B,text,197,recombine_cut_and_deliver,0,0,0,0,GOAL_UNMET,GOAL_UNMET
7B,text,198,recombine_cut_and_deliver,0,1,1,1,SOLVED,SOLVED
7B,text,199,recombine_cut_and_deliver,0,0,0,0,GOAL_UNMET,GOAL_UNMET
7B,text,200,recombine_cut_and_deliver,0,1,1,1,SOLVED,SOLVED
7B,text,201,recombine_cut_and_deliver,0,0,0,0,GOAL_UNMET,GOAL_UNMET
7B,text,202,recombine_cut_and_deliver,0,1,1,1,SOLVED,SOLVED
7B,text,203,recombine_cut_and_deliver,0,1,1,1,SOLVED,SOLVED
7B,text,204,recombine_cut_and_deliver,0,0,0,0,GOAL_UNMET,GOAL_UNMET
7B,text,205,recombine_cut_and_deliver,0,0,0,0,GOAL_UNMET,GOAL_UNMET
7B,text,206,recombine_cut_and_deliver,0,0,0,0,GOAL_UNMET,GOAL_UNMET
7B,text,207,recombine_cut_and_deliver,0,0,0,0,GOAL_UNMET,GOAL_UNMET
7B,text,208,recombine_cut_and_deliver,0,1,1,1,SOLVED,SOLVED
7B,text,209,recombine_cut_and_deliver,0,0,0,0,GOAL_UNMET,GOAL_UNMET
7B,text,210,recombine_cut_and_deliver,0,0,0,0,GOAL_UNMET,GOAL_UNMET
7B,text,211,recombine_cut_and_deliver,0,0,0,0,GOAL_UNMET,GOAL_UNMET
7B,text,212,recombine_cut_and_deliver,0,0,0,0,GOAL_UNMET,GOAL_UNMET
7B,text,213,recombine_cut_and_deliver,0,0,0,0,GOAL_UNMET,GOAL_UNMET
7B,text,214,recombine_cut_and_deliver,0,0,0,0,GOAL_UNMET,GOAL_UNMET
7B,text,215,recombine_cut_and_deliver,0,0,0,0,GOAL_UNMET,GOAL_UNMET
7B,text,216,recombine_cut_and_deliver,0,0,0,0,GOAL_UNMET,GOAL_UNMET
7B,text,217,recombine_cut_and_deliver,0,0,0,0,GOAL_UNMET,GOAL_UNMET
7B,text,218,recombine_cut_and_deliver,0,1,1,1,SOLVED,SOLVED
7B,text,219,recombine_cut_and_deliver,0,0,0,0,GOAL_UNMET,GOAL_UNMET
7B,text,220,recombine_cut_and_deliver,0,0,0,0,GOAL_UNMET,GOAL_UNMET
7B,text,221,recombine_cut_and_deliver,0,0,0,0,GOAL_UNMET,GOAL_UNMET
7B,text,222,recombine_cut_and_deliver,0,0,0,0,GOAL_UNMET,GOAL_UNMET
7B,text,223,recombine_cut_and_deliver,0,0,0,0,GOAL_UNMET,GOAL_UNMET
7B,text,224,recombine_cut_and_deliver,0,0,0,0,GOAL_UNMET,GOAL_UNMET
7B,text,225,recombine_cut_and_deliver,0,0,0,0,GOAL_UNMET,GOAL_UNMET
7B,text,226,recombine_cut_and_deliver,0,0,0,0,GOAL_UNMET,GOAL_UNMET
7B,text,227,recombine_cut_and_deliver,0,1,1,1,SOLVED,SOLVED
7B,text,228,recombine_cut_and_deliver,0,1,1,1,SOLVED,SOLVED
7B,text,229,recombine_cut_and_deliver,0,0,0,0,GOAL_UNMET,GOAL_UNMET
7B,text,230,recombine_cut_and_deliver,0,0,0,0,GOAL_UNMET,GOAL_UNMET
7B,text,231,recombine_cut_and_deliver,0,1,1,1,SOLVED,SOLVED
7B,text,232,recombine_cut_and_deliver,0,1,1,1,SOLVED,SOLVED
7B,text,233,recombine_cut_and_deliver,0,0,0,0,GOAL_UNMET,GOAL_UNMET
7B,text,234,recombine_cut_and_deliver,0,0,0,0,GOAL_UNMET,GOAL_UNMET
7B,text,235,recombine_cut_and_deliver,0,0,0,0,GOAL_UNMET,GOAL_UNMET
7B,text,236,recombine_cut_and_deliver,0,0,0,0,GOAL_UNMET,GOAL_UNMET
7B,text,237,recombine_cut_and_deliver,0,1,1,1,SOLVED,SOLVED
7B,text,238,recombine_cut_and_deliver,0,0,0,0,GOAL_UNMET,GOAL_UNMET
7B,text,239,recombine_cut_and_deliver,0,0,0,0,GOAL_UNMET,GOAL_UNMET
7B,text,240,recombine_cut_and_deliver,0,0,0,0,GOAL_UNMET,GOAL_UNMET
7B,text,241,recombine_cut_and_deliver,0,1,1,1,SOLVED,SOLVED
7B,text,242,recombine_cut_and_deliver,0,1,1,1,SOLVED,SOLVED
7B,text,243,recombine_cut_and_deliver,0,0,0,0,GOAL_UNMET,GOAL_UNMET
7B,text,244,recombine_cut_and_deliver,0,0,0,0,GOAL_UNMET,GOAL_UNMET
7B,text,245,recombine_cut_and_deliver,0,0,0,0,GOAL_UNMET,GOAL_UNMET
7B,text,246,recombine_cut_and_deliver,0,0,0,0,GOAL_UNMET,GOAL_UNMET
7B,text,247,recombine_cut_and_deliver,0,1,1,1,SOLVED,SOLVED
7B,text,248,recombine_cut_and_deliver,0,0,0,0,GOAL_UNMET,GOAL_UNMET
7B,text,249,recombine_cut_and_deliver,0,0,0,0,GOAL_UNMET,GOAL_UNMET
7B,text,250,recombine_cut_and_deliver,0,0,0,0,GOAL_UNMET,GOAL_UNMET
7B,text,251,recombine_cut_and_deliver,0,1,1,1,SOLVED,SOLVED
7B,text,252,recombine_cut_and_deliver,0,1,1,1,SOLVED,SOLVED
7B,text,253,recombine_cut_and_deliver,0,0,0,0,GOAL_UNMET,GOAL_UNMET
7B,text,254,recombine_cut_and_deliver,0,0,0,0,GOAL_UNMET,GOAL_UNMET
7B,text,255,recombine_cut_and_deliver,0,0,0,0,GOAL_UNMET,GOAL_UNMET
7B,text,256,recombine_cut_and_deliver,0,1,1,1,SOLVED,SOLVED
7B,text,257,recombine_cut_and_deliver,0,1,1,1,SOLVED,SOLVED
7B,text,258,recombine_cut_and_deliver,0,1,1,1,SOLVED,SOLVED
7B,text,259,recombine_cut_and_deliver,0,0,0,0,GOAL_UNMET,GOAL_UNMET
7B,text,260,recombine_cut_and_deliver,0,0,0,0,GOAL_UNMET,GOAL_UNMET
7B,text,261,recombine_cut_and_deliver,0,0,0,0,GOAL_UNMET,GOAL_UNMET
7B,text,262,recombine_cut_and_deliver,0,0,0,0,GOAL_UNMET,GOAL_UNMET
7B,text,263,recombine_cut_and_deliver,0,0,0,0,OVER_BUDGET,OVER_BUDGET
7B,text,264,recombine_cut_and_deliver,0,0,0,0,GOAL_UNMET,GOAL_UNMET
7B,text,265,recombine_cut_and_deliver,0,0,0,0,GOAL_UNMET,GOAL_UNMET
7B,text,266,recombine_cut_and_deliver,0,0,0,0,GOAL_UNMET,GOAL_UNMET
7B,text,267,recombine_cut_and_deliver,0,0,0,0,GOAL_UNMET,GOAL_UNMET
7B,text,268,recombine_cut_and_deliver,0,0,0,0,GOAL_UNMET,GOAL_UNMET
7B,text,269,recombine_cut_and_deliver,0,0,0,0,GOAL_UNMET,GOAL_UNMET
7B,text,270,recombine_cut_and_deliver,0,0,0,0,GOAL_UNMET,GOAL_UNMET
7B,text,271,recombine_cut_and_deliver,0,0,0,0,GOAL_UNMET,GOAL_UNMET
7B,text,272,recombine_cut_and_deliver,0,0,0,0,GOAL_UNMET,GOAL_UNMET
7B,text,273,recombine_cut_and_deliver,0,0,0,0,GOAL_UNMET,GOAL_UNMET
7B,text,274,recombine_cut_and_deliver,0,0,0,0,GOAL_UNMET,GOAL_UNMET
7B,text,275,recombine_cut_and_deliver,0,0,0,0,GOAL_UNMET,GOAL_UNMET
7B,text,276,recombine_cut_and_deliver,0,0,0,0,GOAL_UNMET,GOAL_UNMET
7B,text,277,recombine_cut_and_deliver,0,0,0,0,GOAL_UNMET,GOAL_UNMET
7B,text,278,recombine_cut_and_deliver,0,0,0,0,GOAL_UNMET,GOAL_UNMET
7B,text,279,recombine_cut_and_deliver,0,1,1,1,SOLVED,SOLVED
7B,text,280,recombine_cut_and_deliver,0,0,0,0,GOAL_UNMET,GOAL_UNMET
7B,text,281,recombine_cut_and_deliver,0,0,0,0,GOAL_UNMET,GOAL_UNMET
7B,text,282,recombine_cut_and_deliver,0,1,1,1,SOLVED,SOLVED
7B,text,283,recombine_cut_and_deliver,0,1,1,1,SOLVED,SOLVED
7B,text,284,recombine_cut_and_deliver,0,0,0,0,GOAL_UNMET,GOAL_UNMET
7B,text,285,recombine_cut_and_deliver,0,0,0,0,GOAL_UNMET,GOAL_UNMET
7B,text,286,recombine_cut_and_deliver,0,0,0,0,GOAL_UNMET,GOAL_UNMET
7B,text,287,recombine_cut_and_deliver,0,0,0,0,GOAL_UNMET,GOAL_UNMET
7B,text,288,recombine_cut_and_deliver,0,0,0,0,GOAL_UNMET,GOAL_UNMET
7B,text,289,recombine_cut_and_deliver,0,0,0,0,GOAL_UNMET,GOAL_UNMET
7B,text,290,recombine_cut_and_deliver,0,1,1,1,SOLVED,SOLVED
7B,text,291,recombine_cut_and_deliver,0,0,0,0,GOAL_UNMET,GOAL_UNMET
7B,text,292,recombine_cut_and_deliver,0,0,0,0,GOAL_UNMET,GOAL_UNMET
7B,text,293,recombine_cut_and_deliver,0,0,0,0,GOAL_UNMET,GOAL_UNMET
7B,text,294,recombine_cut_and_deliver,0,0,0,0,GOAL_UNMET,GOAL_UNMET
7B,text,295,recombine_cut_and_deliver,0,0,0,0,GOAL_UNMET,GOAL_UNMET
7B,text,296,recombine_cut_and_deliver,0,1,1,1,SOLVED,SOLVED
