model,split,curve,index,task_name,solved
72B,text,comp(cut),0,recombine_cut_and_deliver,1
72B,text,comp(cut),1,recombine_cut_and_deliver,1
72B,text,comp(cut),2,recombine_cut_and_deliver,1
72B,text,comp(cut),3,recombine_cut_and_deliver,0
72B,text,comp(cut),4,recombine_cut_and_deliver,1
72B,text,comp(cut),5,recombine_cut_and_deliver,0
72B,text,comp(cut),6,recombine_cut_and_deliver,1
72B,text,comp(cut),7,recombine_cut_and_deliver,1
72B,text,comp(cut),8,recombine_cut_and_deliver,1
72B,text,comp(cut),9,recombine_cut_and_deliver,0
72B,text,comp(cut),10,recombine_cut_and_deliver,1
72B,text,comp(cut),11,recombine_cut_and_deliver,1
72B,text,comp(cut),12,recombine_cut_and_deliver,1
72B,text,comp(cut),13,recombine_cut_and_deliver,1
72B,text,comp(cut),14,recombine_cut_and_deliver,1
72B,text,comp(cut),15,recombine_cut_and_deliver,1
72B,text,comp(cut),16,recombine_cut_and_deliver,0
72B,text,comp(cut),17,recombine_cut_and_deliver,1
72B,text,comp(cut),18,recombine_cut_and_deliver,1
72B,text,comp(cut),19,recombine_cut_and_deliver,0
72B,text,comp(cut),20,recombine_cut_and_deliver,1
72B,text,comp(cut),21,recombine_cut_and_deliver,1
72B,text,comp(cut),22,recombine_cut_and_deliver,1
72B,text,comp(cut),23,recombine_cut_and_deliver,1
72B,text,comp(cut),24,recombine_cut_and_deliver,1
72B,text,comp(cut),25,recombine_cut_and_deliver,1
72B,text,comp(cut),26,recombine_cut_and_deliver,1
72B,text,comp(cut),27,recombine_cut_and_deliver,0
72B,text,comp(cut),28,recombine_cut_and_deliver,0
72B,text,comp(cut),29,recombine_cut_and_deliver,1
72B,text,comp(cut),30,recombine_cut_and_deliver,1
72B,text,comp(cut),31,recombine_cut_and_deliver,1
72B,text,comp(cut),32,recombine_cut_and_deliver,0
72B,text,comp(cut),33,recombine_cut_and_deliver,1
72B,text,comp(cut),34,recombine_cut_and_deliver,1
72B,text,comp(cut),35,recombine_cut_and_deliver,1
72B,text,comp(cut),36,recombine_cut_and_deliver,1
72B,text,comp(cut),37,recombine_cut_and_deliver,1
72B,text,comp(cut),38,recombine_cut_and_deliver,1
72B,text,comp(cut),39,recombine_cut_and_deliver,1
72B,text,comp(cut),40,recombine_cut_and_deliver,1
72B,text,comp(cut),41,recombine_cut_and_deliver,0
72B,text,comp(cut),42,recombine_cut_and_deliver,1
72B,text,comp(cut),43,recombine_cut_and_deliver,1
72B,text,comp(cut),44,recombine_cut_and_deliver,1
72B,text,comp(cut),45,recombine_cut_and_deliver,1
72B,text,comp(cut),46,recombine_cut_and_deliver,1
72B,text,comp(cut),47,recombine_cut_and_deliver,0
72B,text,comp(cut),48,recombine_cut_and_deliver,1
72B,text,comp(cut),49,recombine_cut_and_deliver,0
72B,text,comp(cut),50,recombine_cut_and_deliver,1
72B,text,comp(cut),51,recombine_cut_and_deliver,1
72B,text,comp(cut),52,recombine_cut_and_deliver,1
72B,text,comp(cut),53,recombine_cut_and_deliver,1
72B,text,comp(cut),54,recombine_cut_and_deliver,1
72B,text,comp(cut),55,recombine_cut_and_deliver,1
72B,text,comp(cut),56,recombine_cut_and_deliver,1
72B,text,comp(cut),57,recombine_cut_and_deliver,1
72B,text,comp(cut),58,recombine_cut_and_deliver,1
72B,text,comp(cut),59,recombine_cut_and_deliver,0
72B,text,comp(cut),60,recombine_cut_and_deliver,0
72B,text,comp(cut),61,recombine_cut_and_deliver,1
72B,text,comp(cut),62,recombine_cut_and_deliver,1
72B,text,comp(cut),63,recombine_cut_and_deliver,1
72B,text,comp(cut),64,recombine_cut_and_deliver,1
72B,text,comp(cut),65,recombine_cut_and_deliver,0
72B,text,comp(cut),66,recombine_cut_and_deliver,1
72B,text,comp(cut),67,recombine_cut_and_deliver,1
72B,text,comp(cut),68,recombine_cut_and_deliver,0
72B,text,comp(cut),69,recombine_cut_and_deliver,0
72B,text,comp(cut),70,recombine_cut_and_deliver,1
72B,text,comp(cut),71,recombine_cut_and_deliver,1
72B,text,comp(cut),72,recombine_cut_and_deliver,0
72B,text,comp(cut),73,recombine_cut_and_deliver,1
72B,text,comp(cut),74,recombine_cut_and_deliver,1
72B,text,comp(cut),75,recombine_cut_and_deliver,0
72B,text,comp(cut),76,recombine_cut_and_deliver,1
72B,text,comp(cut),77,recombine_cut_and_deliver,0
72B,text,comp(cut),78,recombine_cut_and_deliver,0
72B,text,comp(cut),79,recombine_cut_and_deliver,1
72B,text,comp(cut),80,recombine_cut_and_deliver,1
72B,text,comp(cut),81,recombine_cut_and_deliver,1
72B,text,comp(cut),82,recombine_cut_and_deliver,1
72B,text,comp(cut),83,recombine_cut_and_deliver,1
72B,text,comp(cut),84,recombine_cut_and_deliver,1
72B,text,comp(cut),85,recombine_cut_and_deliver,1
72B,text,comp(cut),86,recombine_cut_and_deliver,1
72B,text,comp(cut),87,recombine_cut_and_deliver,1
72B,text,comp(cut),88,recombine_cut_and_deliver,1
72B,text,comp(cut),89,recombine_cut_and_deliver,1
72B,text,comp(cut),90,recombine_cut_and_deliver,1
72B,text,comp(cut),91,recombine_cut_and_deliver,1
72B,text,comp(cut),92,recombine_cut_and_deliver,1
72B,text,comp(cut),93,recombine_cut_and_deliver,1
72B,text,comp(cut),94,recombine_cut_and_deliver,1
72B,text,comp(cut),95,recombine_cut_and_deliver,1
72B,text,comp(cut),96,recombine_cut_and_deliver,1
72B,text,comp(cut),97,recombine_cut_and_deliver,1
72B,text,comp(cut),98,recombine_cut_and_deliver,0
72B,text,comp(cut),99,recombine_cut_and_deliver,0
72B,text,comp(cut),100,recombine_cut_and_deliver,1
72B,text,comp(cut),101,recombine_cut_and_deliver,0
72B,text,comp(cut),102,recombine_cut_and_deliver,0
72B,text,comp(cut),103,recombine_cut_and_deliver,1
72B,text,comp(cut),104,recombine_cut_and_deliver,1
72B,text,comp(cut),105,recombine_cut_and_deliver,1
72B,text,comp(cut),106,recombine_cut_and_deliver,1
72B,text,comp(cut),107,recombine_cut_and_deliver,1
72B,text,comp(cut),108,recombine_cut_and_deliver,1
72B,text,comp(cut),109,recombine_cut_and_deliver,1
72B,text,comp(cut),110,recombine_cut_and_deliver,1
72B,text,comp(cut),111,recombine_cut_and_deliver,1
72B,text,comp(cut),112,recombine_cut_and_deliver,0
72B,text,comp(cut),113,recombine_cut_and_deliver,1
72B,text,comp(cut),114,recombine_cut_and_deliver,1
72B,text,comp(cut),115,recombine_cut_and_deliver,0
72B,text,comp(cut),116,recombine_cut_and_deliver,1
72B,text,comp(cut),117,recombine_cut_and_deliver,1
72B,text,comp(cut),118,recombine_cut_and_deliver,1
72B,text,comp(cut),119,recombine_cut_and_deliver,1
72B,text,comp(cut),120,recombine_cut_and_deliver,1
72B,text,comp(cut),121,recombine_cut_and_deliver,0
72B,text,comp(cut),122,recombine_cut_and_deliver,0
72B,text,comp(cut),123,recombine_cut_and_deliver,1
72B,text,comp(cut),124,recombine_cut_and_deliver,1
72B,text,comp(cut),125,recombine_cut_and_deliver,1
72B,text,comp(cut),126,recombine_cut_and_deliver,1
72B,text,comp(cut),127,recombine_cut_and_deliver,1
72B,text,comp(cut),128,recombine_cut_and_deliver,0
72B,text,comp(cut),129,recombine_cut_and_deliver,1
72B,text,comp(cut),130,recombine_cut_and_deliver,1
72B,text,comp(cut),131,recombine_cut_and_deliver,1
72B,text,comp(cut),132,recombine_cut_and_deliver,1
72B,text,comp(cut),133,recombine_cut_and_deliver,1
72B,text,comp(cut),134,recombine_cut_and_deliver,1
72B,text,comp(cut),135,recombine_cut_and_deliver,1
72B,text,comp(cut),136,recombine_cut_and_deliver,1
72B,text,comp(cut),137,recombine_cut_and_deliver,0
72B,text,comp(cut),138,recombine_cut_and_deliver,1
72B,text,comp(cut),139,recombine_cut_and_deliver,1
72B,text,comp(cut),140,recombine_cut_and_deliver,1
72B,text,comp(cut),141,recombine_cut_and_deliver,0
72B,text,comp(cut),142,recombine_cut_and_deliver,1
72B,text,comp(cut),143,recombine_cut_and_deliver,1
72B,text,comp(cut),144,recombine_cut_and_deliver,1
72B,text,comp(cut),145,recombine_cut_and_deliver,0
72B,text,comp(cut),146,recombine_cut_and_deliver,1
72B,text,comp(cut),147,recombine_cut_and_deliver,1
72B,text,comp(cut),148,recombine_cut_and_deliver,0
72B,text,comp(cut),149,recombine_cut_and_deliver,0
72B,text,comp(cut),150,recombine_cut_and_deliver,0
72B,text,comp(cut),151,recombine_cut_and_deliver,0
72B,text,comp(cut),152,recombine_cut_and_deliver,1
72B,text,comp(cut),153,recombine_cut_and_deliver,1
72B,text,comp(cut),154,recombine_cut_and_deliver,0
72B,text,comp(cut),155,recombine_cut_and_deliver,1
72B,text,comp(cut),156,recombine_cut_and_deliver,0
72B,text,comp(cut),157,recombine_cut_and_deliver,0
72B,text,comp(cut),158,recombine_cut_and_deliver,1
72B,text,comp(cut),159,recombine_cut_and_deliver,1
72B,text,comp(cut),160,recombine_cut_and_deliver,1
72B,text,comp(cut),161,recombine_cut_and_deliver,1
72B,text,comp(cut),162,recombine_cut_and_deliver,1
72B,text,comp(cut),163,recombine_cut_and_deliver,1
72B,text,comp(cut),164,recombine_cut_and_deliver,1
72B,text,comp(cut),165,recombine_cut_and_deliver,0
72B,text,comp(cut),166,recombine_cut_and_deliver,1
72B,text,comp(cut),167,recombine_cut_and_deliver,1
72B,text,comp(cut),168,recombine_cut_and_deliver,1
72B,text,comp(cut),169,recombine_cut_and_deliver,1
72B,text,comp(cut),170,recombine_cut_and_deliver,1
72B,text,comp(cut),171,recombine_cut_and_deliver,1
72B,text,comp(cut),172,recombine_cut_and_deliver,1
72B,text,comp(cut),173,recombine_cut_and_deliver,1
72B,text,comp(cut),174,recombine_cut_and_deliver,1
72B,text,comp(cut),175,recombine_cut_and_deliver,1
72B,text,comp(cut),176,recombine_cut_and_deliver,1
72B,text,comp(cut),177,recombine_cut_and_deliver,0
72B,text,comp(cut),178,recombine_cut_and_deliver,1
72B,text,comp(cut),179,recombine_cut_and_deliver,1
72B,text,comp(cut),180,recombine_cut_and_deliver,1
72B,text,comp(cut),181,recombine_cut_and_deliver,0
72B,text,comp(cut),182,recombine_cut_and_deliver,1
72B,text,comp(cut),183,recombine_cut_and_deliver,0
72B,text,comp(cut),184,recombine_cut_and_deliver,1
72B,text,comp(cut),185,recombine_cut_and_deliver,1
72B,text,comp(cut),186,recombine_cut_and_deliver,1
72B,text,comp(cut),187,recombine_cut_and_deliver,1
72B,text,comp(cut),188,recombine_cut_and_deliver,1
72B,text,comp(cut),189,recombine_cut_and_deliver,1
72B,text,comp(cut),190,recombine_cut_and_deliver,1
72B,text,comp(cut),191,recombine_cut_and_deliver,1
72B,text,comp(cut),192,recombine_cut_and_deliver,1
72B,text,comp(cut),193,recombine_cut_and_deliver,1
72B,text,comp(cut),194,recombine_cut_and_deliver,1
72B,text,comp(cut),195,recombine_cut_and_deliver,1
72B,text,comp(cut),196,recombine_cut_and_deliver,1
72B,text,comp(cut),197,recombine_cut_and_deliver,1
72B,text,comp(cut),198,recombine_cut_and_deliver,0
72B,text,comp(cut),199,recombine_cut_and_deliver,1
72B,text,comp(cut),200,recombine_cut_and_deliver,1
72B,text,comp(cut),201,recombine_cut_and_deliver,1
72B,text,comp(cut),202,recombine_cut_and_deliver,1
72B,text,comp(cut),203,recombine_cut_and_deliver,1
72B,text,comp(cut),204,recombine_cut_and_deliver,1
72B,text,comp(cut),205,recombine_cut_and_deliver,1
72B,text,comp(cut),206,recombine_cut_and_deliver,1
72B,text,comp(cut),207,recombine_cut_and_deliver,1
72B,text,comp(cut),208,recombine_cut_and_deliver,1
72B,text,comp(cut),209,recombine_cut_and_deliver,1
72B,text,comp(cut),210,recombine_cut_and_deliver,0
72B,text,comp(cut),211,recombine_cut_and_deliver,1
72B,text,comp(cut),212,recombine_cut_and_deliver,1
72B,text,comp(cut),213,recombine_cut_and_deliver,1
72B,text,comp(cut),214,recombine_cut_and_deliver,1
72B,text,comp(cut),215,recombine_cut_and_deliver,0
72B,text,comp(cut),216,recombine_cut_and_deliver,1
72B,text,comp(cut),217,recombine_cut_and_deliver,1
72B,text,comp(cut),218,recombine_cut_and_deliver,1
72B,text,comp(cut),219,recombine_cut_and_deliver,0
72B,text,comp(cut),220,recombine_cut_and_deliver,1
72B,text,comp(cut),221,recombine_cut_and_deliver,1
72B,text,comp(cut),222,recombine_cut_and_deliver,1
72B,text,comp(cut),223,recombine_cut_and_deliver,0
72B,text,comp(cut),224,recombine_cut_and_deliver,1
72B,text,comp(cut),225,recombine_cut_and_deliver,1
72B,text,comp(cut),226,recombine_cut_and_deliver,1
72B,text,comp(cut),227,recombine_cut_and_deliver,1
72B,text,comp(cut),228,recombine_cut_and_deliver,1
72B,text,comp(cut),229,recombine_cut_and_deliver,0
72B,text,comp(cut),230,recombine_cut_and_deliver,1
72B,text,comp(cut),231,recombine_cut_and_deliver,1
72B,text,comp(cut),232,recombine_cut_and_deliver,1
72B,text,comp(cut),233,recombine_cut_and_deliver,1
72B,text,comp(cut),234,recombine_cut_and_deliver,1
72B,text,comp(cut),235,recombine_cut_and_deliver,1
72B,text,comp(cut),236,recombine_cut_and_deliver,0
72B,text,comp(cut),237,recombine_cut_and_deliver,1
72B,text,comp(cut),238,recombine_cut_and_deliver,1
72B,text,comp(cut),239,recombine_cut_and_deliver,0
72B,text,comp(cut),240,recombine_cut_and_deliver,0
72B,text,comp(cut),241,recombine_cut_and_deliver,1
72B,text,comp(cut),242,recombine_cut_and_deliver,1
72B,text,comp(cut),243,recombine_cut_and_deliver,1
72B,text,comp(cut),244,recombine_cut_and_deliver,0
72B,text,comp(cut),245,recombine_cut_and_deliver,0
72B,text,comp(cut),246,recombine_cut_and_deliver,1
72B,text,comp(cut),247,recombine_cut_and_deliver,1
72B,text,comp(cut),248,recombine_cut_and_deliver,0
72B,text,comp(cut),249,recombine_cut_and_deliver,1
72B,text,comp(cut),250,recombine_cut_and_deliver,1
72B,text,comp(cut),251,recombine_cut_and_deliver,1
72B,text,comp(cut),252,recombine_cut_and_deliver,1
72B,text,comp(cut),253,recombine_cut_and_deliver,0
72B,text,comp(cut),254,recombine_cut_and_deliver,1
72B,text,comp(cut),255,recombine_cut_and_deliver,0
72B,text,comp(cut),256,recombine_cut_and_deliver,1
72B,text,comp(cut),257,recombine_cut_and_deliver,1
72B,text,comp(cut),258,recombine_cut_and_deliver,1
72B,text,comp(cut),259,recombine_cut_and_deliver,1
72B,text,comp(cut),260,recombine_cut_and_deliver,1
72B,text,comp(cut),261,recombine_cut_and_deliver,1
72B,text,comp(cut),262,recombine_cut_and_deliver,1
72B,text,comp(cut),263,recombine_cut_and_deliver,1
72B,text,comp(cut),264,recombine_cut_and_deliver,1
72B,text,comp(cut),265,recombine_cut_and_deliver,1
72B,text,comp(cut),266,recombine_cut_and_deliver,1
72B,text,comp(cut),267,recombine_cut_and_deliver,1
72B,text,comp(cut),268,recombine_cut_and_deliver,1
72B,text,comp(cut),269,recombine_cut_and_deliver,1
72B,text,comp(cut),270,recombine_cut_and_deliver,0
72B,text,comp(cut),271,recombine_cut_and_deliver,0
72B,text,comp(cut),272,recombine_cut_and_deliver,1
72B,text,comp(cut),273,recombine_cut_and_deliver,1
72B,text,comp(cut),274,recombine_cut_and_deliver,0
72B,text,comp(cut),275,recombine_cut_and_deliver,1
72B,text,comp(cut),276,recombine_cut_and_deliver,0
72B,text,comp(cut),277,recombine_cut_and_deliver,0
72B,text,comp(cut),278,recombine_cut_and_deliver,1
72B,text,comp(cut),279,recombine_cut_and_deliver,1
72B,text,comp(cut),280,recombine_cut_and_deliver,0
72B,text,comp(cut),281,recombine_cut_and_deliver,1
72B,text,comp(cut),282,recombine_cut_and_deliver,1
72B,text,comp(cut),283,recombine_cut_and_deliver,1
72B,text,comp(cut),284,recombine_cut_and_deliver,1
72B,text,comp(cut),285,recombine_cut_and_deliver,1
72B,text,comp(cut),286,recombine_cut_and_deliver,1
72B,text,comp(cut),287,recombine_cut_and_deliver,1
72B,text,comp(cut),288,recombine_cut_and_deliver,1
72B,text,comp(cut),289,recombine_cut_and_deliver,1
72B,text,comp(cut),290,recombine_cut_and_deliver,1
72B,text,comp(cut),291,recombine_cut_and_deliver,1
72B,text,comp(cut),292,recombine_cut_and_deliver,0
72B,text,comp(cut),293,recombine_cut_and_deliver,1
72B,text,comp(cut),294,recombine_cut_and_deliver,1
72B,text,comp(cut),295,recombine_cut_and_deliver,0
72B,text,comp(cut),296,recombine_cut_and_deliver,1
72B,text,comp(cut+delivery),0,recombine_cut_and_deliver,1
72B,text,comp(cut+delivery),1,recombine_cut_and_deliver,1
72B,text,comp(cut+delivery),2,recombine_cut_and_deliver,1
72B,text,comp(cut+delivery),3,recombine_cut_and_deliver,0
72B,text,comp(cut+delivery),4,recombine_cut_and_deliver,1
72B,text,comp(cut+delivery),5,recombine_cut_and_deliver,0
72B,text,comp(cut+delivery),6,recombine_cut_and_deliver,1
72B,text,comp(cut+delivery),7,recombine_cut_and_deliver,1
72B,text,comp(cut+delivery),8,recombine_cut_and_deliver,1
72B,text,comp(cut+delivery),9,recombine_cut_and_deliver,0
72B,text,comp(cut+delivery),10,recombine_cut_and_deliver,1
72B,text,comp(cut+delivery),11,recombine_cut_and_deliver,1
72B,text,comp(cut+delivery),12,recombine_cut_and_deliver,1
72B,text,comp(cut+delivery),13,recombine_cut_and_deliver,1
72B,text,comp(cut+delivery),14,recombine_cut_and_deliver,1
72B,text,comp(cut+delivery),15,recombine_cut_and_deliver,1
72B,text,comp(cut+delivery),16,recombine_cut_and_deliver,0
72B,text,comp(cut+delivery),17,recombine_cut_and_deliver,1
72B,text,comp(cut+delivery),18,recombine_cut_and_deliver,1
72B,text,comp(cut+delivery),19,recombine_cut_and_deliver,0
72B,text,comp(cut+delivery),20,recombine_cut_and_deliver,1
72B,text,comp(cut+delivery),21,recombine_cut_and_deliver,1
72B,text,comp(cut+delivery),22,recombine_cut_and_deliver,1
72B,text,comp(cut+delivery),23,recombine_cut_and_deliver,1
72B,text,comp(cut+delivery),24,recombine_cut_and_deliver,1
72B,text,comp(cut+delivery),25,recombine_cut_and_deliver,1
72B,text,comp(cut+delivery),26,recombine_cut_and_deliver,1
72B,text,comp(cut+delivery),27,recombine_cut_and_deliver,0
72B,text,comp(cut+delivery),28,recombine_cut_and_deliver,0
72B,text,comp(cut+delivery),29,recombine_cut_and_deliver,1
72B,text,comp(cut+delivery),30,recombine_cut_and_deliver,1
72B,text,comp(cut+delivery),31,recombine_cut_and_deliver,1
72B,text,comp(cut+delivery),32,recombine_cut_and_deliver,0
72B,text,comp(cut+delivery),33,recombine_cut_and_deliver,1
72B,text,comp(cut+delivery),34,recombine_cut_and_deliver,1
72B,text,comp(cut+delivery),35,recombine_cut_and_deliver,1
72B,text,comp(cut+delivery),36,recombine_cut_and_deliver,1
72B,text,comp(cut+delivery),37,recombine_cut_and_deliver,1
72B,text,comp(cut+delivery),38,recombine_cut_and_deliver,1
72B,text,comp(cut+delivery),39,recombine_cut_and_deliver,1
72B,text,comp(cut+delivery),40,recombine_cut_and_deliver,1
72B,text,comp(cut+delivery),41,recombine_cut_and_deliver,0
72B,text,comp(cut+delivery),42,recombine_cut_and_deliver,1
72B,text,comp(cut+delivery),43,recombine_cut_and_deliver,1
72B,text,comp(cut+delivery),44,recombine_cut_and_deliver,1
72B,text,comp(cut+delivery),45,recombine_cut_and_deliver,1
72B,text,comp(cut+delivery),46,recombine_cut_and_deliver,1
72B,text,comp(cut+delivery),47,recombine_cut_and_deliver,0
72B,text,comp(cut+delivery),48,recombine_cut_and_deliver,1
72B,text,comp(cut+delivery),49,recombine_cut_and_deliver,0
72B,text,comp(cut+delivery),50,recombine_cut_and_deliver,1
72B,text,comp(cut+delivery),51,recombine_cut_and_deliver,1
72B,text,comp(cut+delivery),52,recombine_cut_and_deliver,1
72B,text,comp(cut+delivery),53,recombine_cut_and_deliver,1
72B,text,comp(cut+delivery),54,recombine_cut_and_deliver,1
72B,text,comp(cut+delivery),55,recombine_cut_and_deliver,1
72B,text,comp(cut+delivery),56,recombine_cut_and_deliver,1
72B,text,comp(cut+delivery),57,recombine_cut_and_deliver,1
72B,text,comp(cut+delivery),58,recombine_cut_and_deliver,1
72B,text,comp(cut+delivery),59,recombine_cut_and_deliver,0
72B,text,comp(cut+delivery),60,recombine_cut_and_deliver,0
72B,text,comp(cut+delivery),61,recombine_cut_and_deliver,1
72B,text,comp(cut+delivery),62,recombine_cut_and_deliver,1
72B,text,comp(cut+delivery),63,recombine_cut_and_deliver,1
72B,text,comp(cut+delivery),64,recombine_cut_and_deliver,1
72B,text,comp(cut+delivery),65,recombine_cut_and_deliver,0
72B,text,comp(cut+delivery),66,recombine_cut_and_deliver,1
72B,text,comp(cut+delivery),67,recombine_cut_and_deliver,1
72B,text,comp(cut+delivery),68,recombine_cut_and_deliver,0
72B,text,comp(cut+delivery),69,recombine_cut_and_deliver,0
72B,text,comp(cut+delivery),70,recombine_cut_and_deliver,1
72B,text,comp(cut+delivery),71,recombine_cut_and_deliver,1
72B,text,comp(cut+delivery),72,recombine_cut_and_deliver,0
72B,text,comp(cut+delivery),73,recombine_cut_and_deliver,1
72B,text,comp(cut+delivery),74,recombine_cut_and_deliver,1
72B,text,comp(cut+delivery),75,recombine_cut_and_deliver,0
72B,text,comp(cut+delivery),76,recombine_cut_and_deliver,1
72B,text,comp(cut+delivery),77,recombine_cut_and_deliver,0
72B,text,comp(cut+delivery),78,recombine_cut_and_deliver,0
72B,text,comp(cut+delivery),79,recombine_cut_and_deliver,1
72B,text,comp(cut+delivery),80,recombine_cut_and_deliver,1
72B,text,comp(cut+delivery),81,recombine_cut_and_deliver,1
72B,text,comp(cut+delivery),82,recombine_cut_and_deliver,1
72B,text,comp(cut+delivery),83,recombine_cut_and_deliver,1
72B,text,comp(cut+delivery),84,recombine_cut_and_deliver,1
72B,text,comp(cut+delivery),85,recombine_cut_and_deliver,1
72B,text,comp(cut+delivery),86,recombine_cut_and_deliver,1
72B,text,comp(cut+delivery),87,recombine_cut_and_deliver,1
72B,text,comp(cut+delivery),88,recombine_cut_and_deliver,1
72B,text,comp(cut+delivery),89,recombine_cut_and_deliver,1
72B,text,comp(cut+delivery),90,recombine_cut_and_deliver,1
72B,text,comp(cut+delivery),91,recombine_cut_and_deliver,1
72B,text,comp(cut+delivery),92,recombine_cut_and_deliver,1
72B,text,comp(cut+delivery),93,recombine_cut_and_deliver,1
72B,text,comp(cut+delivery),94,recombine_cut_and_deliver,1
72B,text,comp(cut+delivery),95,recombine_cut_and_deliver,1
72B,text,comp(cut+delivery),96,recombine_cut_and_deliver,1
72B,text,comp(cut+delivery),97,recombine_cut_and_deliver,1
72B,text,comp(cut+delivery),98,recombine_cut_and_deliver,0
72B,text,comp(cut+delivery),99,recombine_cut_and_deliver,0
72B,text,comp(cut+delivery),100,recombine_cut_and_deliver,1
72B,text,comp(cut+delivery),101,recombine_cut_and_deliver,0
72B,text,comp(cut+delivery),102,recombine_cut_and_deliver,0
72B,text,comp(cut+delivery),103,recombine_cut_and_deliver,1
72B,text,comp(cut+delivery),104,recombine_cut_and_deliver,1
72B,text,comp(cut+delivery),105,recombine_cut_and_deliver,1
72B,text,comp(cut+delivery),106,recombine_cut_and_deliver,1
72B,text,comp(cut+delivery),107,recombine_cut_and_deliver,1
72B,text,comp(cut+delivery),108,recombine_cut_and_deliver,1
72B,text,comp(cut+delivery),109,recombine_cut_and_deliver,1
72B,text,comp(cut+delivery),110,recombine_cut_and_deliver,1
72B,text,comp(cut+delivery),111,recombine_cut_and_deliver,1
72B,text,comp(cut+delivery),112,recombine_cut_and_deliver,0
72B,text,comp(cut+delivery),113,recombine_cut_and_deliver,1
72B,text,comp(cut+delivery),114,recombine_cut_and_deliver,1
72B,text,comp(cut+delivery),115,recombine_cut_and_deliver,0
72B,text,comp(cut+delivery),116,recombine_cut_and_deliver,1
72B,text,comp(cut+delivery),117,recombine_cut_and_deliver,1
72B,text,comp(cut+delivery),118,recombine_cut_and_deliver,1
72B,text,comp(cut+delivery),119,recombine_cut_and_deliver,1
72B,text,comp(cut+delivery),120,recombine_cut_and_deliver,1
72B,text,comp(cut+delivery),121,recombine_cut_and_deliver,0
72B,text,comp(cut+delivery),122,recombine_cut_and_deliver,0
72B,text,comp(cut+delivery),123,recombine_cut_and_deliver,1
72B,text,comp(cut+delivery),124,recombine_cut_and_deliver,1
72B,text,comp(cut+delivery),125,recombine_cut_and_deliver,1
72B,text,comp(cut+delivery),126,recombine_cut_and_deliver,1
72B,text,comp(cut+delivery),127,recombine_cut_and_deliver,1
72B,text,comp(cut+delivery),128,recombine_cut_and_deliver,0
72B,text,comp(cut+delivery),129,recombine_cut_and_deliver,1
72B,text,comp(cut+delivery),130,recombine_cut_and_deliver,1
72B,text,comp(cut+delivery),131,recombine_cut_and_deliver,1
72B,text,comp(cut+delivery),132,recombine_cut_and_deliver,1
72B,text,comp(cut+delivery),133,recombine_cut_and_deliver,1
72B,text,comp(cut+delivery),134,recombine_cut_and_deliver,1
72B,text,comp(cut+delivery),135,recombine_cut_and_deliver,1
72B,text,comp(cut+delivery),136,recombine_cut_and_deliver,1
72B,text,comp(cut+delivery),137,recombine_cut_and_deliver,0
72B,text,comp(cut+delivery),138,recombine_cut_and_deliver,1
72B,text,comp(cut+delivery),139,recombine_cut_and_deliver,1
72B,text,comp(cut+delivery),140,recombine_cut_and_deliver,1
72B,text,comp(cut+delivery),141,recombine_cut_and_deliver,0
72B,text,comp(cut+delivery),142,recombine_cut_and_deliver,1
72B,text,comp(cut+delivery),143,recombine_cut_and_deliver,1
72B,text,comp(cut+delivery),144,recombine_cut_and_deliver,1
72B,text,comp(cut+delivery),145,recombine_cut_and_deliver,0
72B,text,comp(cut+delivery),146,recombine_cut_and_deliver,1
72B,text,comp(cut+delivery),147,recombine_cut_and_deliver,1
72B,text,comp(cut+delivery),148,recombine_cut_and_deliver,0
72B,text,comp(cut+delivery),149,recombine_cut_and_deliver,0
72B,text,comp(cut+delivery),150,recombine_cut_and_deliver,0
72B,text,comp(cut+delivery),151,recombine_cut_and_deliver,0
72B,text,comp(cut+delivery),152,recombine_cut_and_deliver,1
72B,text,comp(cut+delivery),153,recombine_cut_and_deliver,1
72B,text,comp(cut+delivery),154,recombine_cut_and_deliver,0
72B,text,comp(cut+delivery),155,recombine_cut_and_deliver,1
72B,text,comp(cut+delivery),156,recombine_cut_and_deliver,0
72B,text,comp(cut+delivery),157,recombine_cut_and_deliver,0
72B,text,comp(cut+delivery),158,recombine_cut_and_deliver,1
72B,text,comp(cut+delivery),159,recombine_cut_and_deliver,1
72B,text,comp(cut+delivery),160,recombine_cut_and_deliver,1
72B,text,comp(cut+delivery),161,recombine_cut_and_deliver,1
72B,text,comp(cut+delivery),162,recombine_cut_and_deliver,1
72B,text,comp(cut+delivery),163,recombine_cut_and_deliver,1
72B,text,comp(cut+delivery),164,recombine_cut_and_deliver,1
72B,text,comp(cut+delivery),165,recombine_cut_and_deliver,0
72B,text,comp(cut+delivery),166,recombine_cut_and_deliver,1
72B,text,comp(cut+delivery),167,recombine_cut_and_deliver,1
72B,text,comp(cut+delivery),168,recombine_cut_and_deliver,1
72B,text,comp(cut+delivery),169,recombine_cut_and_deliver,1
72B,text,comp(cut+delivery),170,recombine_cut_and_deliver,1
72B,text,comp(cut+delivery),171,recombine_cut_and_deliver,1
72B,text,comp(cut+delivery),172,recombine_cut_and_deliver,1
72B,text,comp(cut+delivery),173,recombine_cut_and_deliver,1
72B,text,comp(cut+delivery),174,recombine_cut_and_deliver,1
72B,text,comp(cut+delivery),175,recombine_cut_and_deliver,1
72B,text,comp(cut+delivery),176,recombine_cut_and_deliver,1
72B,text,comp(cut+delivery),177,recombine_cut_and_deliver,0
72B,text,comp(cut+delivery),178,recombine_cut_and_deliver,1
72B,text,comp(cut+delivery),179,recombine_cut_and_deliver,1
72B,text,comp(cut+delivery),180,recombine_cut_and_deliver,1
72B,text,comp(cut+delivery),181,recombine_cut_and_deliver,0
72B,text,comp(cut+delivery),182,recombine_cut_and_deliver,1
72B,text,comp(cut+delivery),183,recombine_cut_and_deliver,0
72B,text,comp(cut+delivery),184,recombine_cut_and_deliver,1
72B,text,comp(cut+delivery),185,recombine_cut_and_deliver,1
72B,text,comp(cut+delivery),186,recombine_cut_and_deliver,1
72B,text,comp(cut+delivery),187,recombine_cut_and_deliver,1
72B,text,comp(cut+delivery),188,recombine_cut_and_deliver,1
72B,text,comp(cut+delivery),189,recombine_cut_and_deliver,1
72B,text,comp(cut+delivery),190,recombine_cut_and_deliver,1
72B,text,comp(cut+delivery),191,recombine_cut_and_deliver,1
72B,text,comp(cut+delivery),192,recombine_cut_and_deliver,1
72B,text,comp(cut+delivery),193,recombine_cut_and_deliver,1
72B,text,comp(cut+delivery),194,recombine_cut_and_deliver,1
72B,text,comp(cut+delivery),195,recombine_cut_and_deliver,1
72B,text,comp(cut+delivery),196,recombine_cut_and_deliver,1
72B,text,comp(cut+delivery),197,recombine_cut_and_deliver,1
72B,text,comp(cut+delivery),198,recombine_cut_and_deliver,0
72B,text,comp(cut+delivery),199,recombine_cut_and_deliver,1
72B,text,comp(cut+delivery),200,recombine_cut_and_deliver,1
72B,text,comp(cut+delivery),201,recombine_cut_and_deliver,1
72B,text,comp(cut+delivery),202,recombine_cut_and_deliver,1
72B,text,comp(cut+delivery),203,recombine_cut_and_deliver,1
72B,text,comp(cut+delivery),204,recombine_cut_and_deliver,1
72B,text,comp(cut+delivery),205,recombine_cut_and_deliver,1
72B,text,comp(cut+delivery),206,recombine_cut_and_deliver,1
72B,text,comp(cut+delivery),207,recombine_cut_and_deliver,1
72B,text,comp(cut+delivery),208,recombine_cut_and_deliver,1
72B,text,comp(cut+delivery),209,recombine_cut_and_deliver,1
72B,text,comp(cut+delivery),210,recombine_cut_and_deliver,0
72B,text,comp(cut+delivery),211,recombine_cut_and_deliver,1
72B,text,comp(cut+delivery),212,recombine_cut_and_deliver,1
72B,text,comp(cut+delivery),213,recombine_cut_and_deliver,1
72B,text,comp(cut+delivery),214,recombine_cut_and_deliver,1
72B,text,comp(cut+delivery),215,recombine_cut_and_deliver,0
72B,text,comp(cut+delivery),216,recombine_cut_and_deliver,1
72B,text,comp(cut+delivery),217,recombine_cut_and_deliver,1
72B,text,comp(cut+delivery),218,recombine_cut_and_deliver,1
72B,text,comp(cut+delivery),219,recombine_cut_and_deliver,0
72B,text,comp(cut+delivery),220,recombine_cut_and_deliver,1
72B,text,comp(cut+delivery),221,recombine_cut_and_deliver,1
72B,text,comp(cut+delivery),222,recombine_cut_and_deliver,1
72B,text,comp(cut+delivery),223,recombine_cut_and_deliver,0
72B,text,comp(cut+delivery),224,recombine_cut_and_deliver,1
72B,text,comp(cut+delivery),225,recombine_cut_and_deliver,1
72B,text,comp(cut+delivery),226,recombine_cut_and_deliver,1
72B,text,comp(cut+delivery),227,recombine_cut_and_deliver,1
72B,text,comp(cut+delivery),228,recombine_cut_and_deliver,1
72B,text,comp(cut+delivery),229,recombine_cut_and_deliver,0
72B,text,comp(cut+delivery),230,recombine_cut_and_deliver,1
72B,text,comp(cut+delivery),231,recombine_cut_and_deliver,1
72B,text,comp(cut+delivery),232,recombine_cut_and_deliver,1
72B,text,comp(cut+delivery),233,recombine_cut_and_deliver,1
72B,text,comp(cut+delivery),234,recombine_cut_and_deliver,1
72B,text,comp(cut+delivery),235,recombine_cut_and_deliver,1
72B,text,comp(cut+delivery),236,recombine_cut_and_deliver,0
72B,text,comp(cut+delivery),237,recombine_cut_and_deliver,1
72B,text,comp(cut+delivery),238,recombine_cut_and_deliver,1
72B,text,comp(cut+delivery),239,recombine_cut_and_deliver,0
72B,text,comp(cut+delivery),240,recombine_cut_and_deliver,0
72B,text,comp(cut+delivery),241,recombine_cut_and_deliver,1
72B,text,comp(cut+delivery),242,recombine_cut_and_deliver,1
72B,text,comp(cut+delivery),243,recombine_cut_and_deliver,1
72B,text,comp(cut+delivery),244,recombine_cut_and_deliver,0
72B,text,comp(cut+delivery),245,recombine_cut_and_deliver,0
72B,text,comp(cut+delivery),246,recombine_cut_and_deliver,1
72B,text,comp(cut+delivery),247,recombine_cut_and_deliver,1
72B,text,comp(cut+delivery),248,recombine_cut_and_deliver,0
72B,text,comp(cut+delivery),249,recombine_cut_and_deliver,1
72B,text,comp(cut+delivery),250,recombine_cut_and_deliver,1
72B,text,comp(cut+delivery),251,recombine_cut_and_deliver,1
72B,text,comp(cut+delivery),252,recombine_cut_and_deliver,1
72B,text,comp(cut+delivery),253,recombine_cut_and_deliver,0
72B,text,comp(cut+delivery),254,recombine_cut_and_deliver,1
72B,text,comp(cut+delivery),255,recombine_cut_and_deliver,0
72B,text,comp(cut+delivery),256,recombine_cut_and_deliver,1
72B,text,comp(cut+delivery),257,recombine_cut_and_deliver,1
72B,text,comp(cut+delivery),258,recombine_cut_and_deliver,1
72B,text,comp(cut+delivery),259,recombine_cut_and_deliver,1
72B,text,comp(cut+delivery),260,recombine_cut_and_deliver,1
72B,text,comp(cut+delivery),261,recombine_cut_and_deliver,1
72B,text,comp(cut+delivery),262,recombine_cut_and_deliver,1
72B,text,comp(cut+delivery),263,recombine_cut_and_deliver,1
72B,text,comp(cut+delivery),264,recombine_cut_and_deliver,1
72B,text,comp(cut+delivery),265,recombine_cut_and_deliver,1
72B,text,comp(cut+delivery),266,recombine_cut_and_deliver,1
72B,text,comp(cut+delivery),267,recombine_cut_and_deliver,1
72B,text,comp(cut+delivery),268,recombine_cut_and_deliver,1
72B,text,comp(cut+delivery),269,recombine_cut_and_deliver,1
72B,text,comp(cut+delivery),270,recombine_cut_and_deliver,0
72B,text,comp(cut+delivery),271,recombine_cut_and_deliver,0
72B,text,comp(cut+delivery),272,recombine_cut_and_deliver,1
72B,text,comp(cut+delivery),273,recombine_cut_and_deliver,1
72B,text,comp(cut+delivery),274,recombine_cut_and_deliver,0
72B,text,comp(cut+delivery),275,recombine_cut_and_deliver,1
72B,text,comp(cut+delivery),276,recombine_cut_and_deliver,0
72B,text,comp(cut+delivery),277,recombine_cut_and_deliver,0
72B,text,comp(cut+delivery),278,recombine_cut_and_deliver,1
72B,text,comp(cut+delivery),279,recombine_cut_and_deliver,1
72B,text,comp(cut+delivery),280,recombine_cut_and_deliver,0
72B,text,comp(cut+delivery),281,recombine_cut_and_deliver,1
72B,text,comp(cut+delivery),282,recombine_cut_and_deliver,1
72B,text,comp(cut+delivery),283,recombine_cut_and_deliver,1
72B,text,comp(cut+delivery),284,recombine_cut_and_deliver,1
72B,text,comp(cut+delivery),285,recombine_cut_and_deliver,1
72B,text,comp(cut+delivery),286,recombine_cut_and_deliver,1
72B,text,comp(cut+delivery),287,recombine_cut_and_deliver,1
72B,text,comp(cut+delivery),288,recombine_cut_and_deliver,1
72B,text,comp(cut+delivery),289,recombine_cut_and_deliver,1
72B,text,comp(cut+delivery),290,recombine_cut_and_deliver,1
72B,text,comp(cut+delivery),291,recombine_cut_and_deliver,1
72B,text,comp(cut+delivery),292,recombine_cut_and_deliver,0
72B,text,comp(cut+delivery),293,recombine_cut_and_deliver,1
72B,text,comp(cut+delivery),294,recombine_cut_and_deliver,1
72B,text,comp(cut+delivery),295,recombine_cut_and_deliver,0
72B,text,comp(cut+delivery),296,recombine_cut_and_deliver,1
72B,text,comp(all),0,recombine_cut_and_deliver,1
72B,text,comp(all),1,recombine_cut_and_deliver,1
72B,text,comp(all),2,recombine_cut_and_deliver,1
72B,text,comp(all),3,recombine_cut_and_deliver,0
72B,text,comp(all),4,recombine_cut_and_deliver,1
72B,text,comp(all),5,recombine_cut_and_deliver,1
72B,text,comp(all),6,recombine_cut_and_deliver,1
72B,text,comp(all),7,recombine_cut_and_deliver,1
72B,text,comp(all),8,recombine_cut_and_deliver,1
72B,text,comp(all),9,recombine_cut_and_deliver,1
72B,text,comp(all),10,recombine_cut_and_deliver,1
72B,text,comp(all),11,recombine_cut_and_deliver,1
72B,text,comp(all),12,recombine_cut_and_deliver,1
72B,text,comp(all),13,recombine_cut_and_deliver,1
72B,text,comp(all),14,recombine_cut_and_deliver,1
72B,text,comp(all),15,recombine_cut_and_deliver,1
72B,text,comp(all),16,recombine_cut_and_deliver,0
72B,text,comp(all),17,recombine_cut_and_deliver,1
72B,text,comp(all),18,recombine_cut_and_deliver,1
72B,text,comp(all),19,recombine_cut_and_deliver,1
72B,text,comp(all),20,recombine_cut_and_deliver,1
72B,text,comp(all),21,recombine_cut_and_deliver,1
72B,text,comp(all),22,recombine_cut_and_deliver,1
72B,text,comp(all),23,recombine_cut_and_deliver,1
72B,text,comp(all),24,recombine_cut_and_deliver,1
72B,text,comp(all),25,recombine_cut_and_deliver,1
72B,text,comp(all),26,recombine_cut_and_deliver,1
72B,text,comp(all),27,recombine_cut_and_deliver,0
72B,text,comp(all),28,recombine_cut_and_deliver,0
72B,text,comp(all),29,recombine_cut_and_deliver,1
72B,text,comp(all),30,recombine_cut_and_deliver,1
72B,text,comp(all),31,recombine_cut_and_deliver,1
72B,text,comp(all),32,recombine_cut_and_deliver,1
72B,text,comp(all),33,recombine_cut_and_deliver,1
72B,text,comp(all),34,recombine_cut_and_deliver,1
72B,text,comp(all),35,recombine_cut_and_deliver,1
72B,text,comp(all),36,recombine_cut_and_deliver,1
72B,text,comp(all),37,recombine_cut_and_deliver,1
72B,text,comp(all),38,recombine_cut_and_deliver,1
72B,text,comp(all),39,recombine_cut_and_deliver,1
72B,text,comp(all),40,recombine_cut_and_deliver,1
72B,text,comp(all),41,recombine_cut_and_deliver,1
72B,text,comp(all),42,recombine_cut_and_deliver,1
72B,text,comp(all),43,recombine_cut_and_deliver,1
72B,text,comp(all),44,recombine_cut_and_deliver,1
72B,text,comp(all),45,recombine_cut_and_deliver,1
72B,text,comp(all),46,recombine_cut_and_deliver,1
72B,text,comp(all),47,recombine_cut_and_deliver,1
72B,text,comp(all),48,recombine_cut_and_deliver,1
72B,text,comp(all),49,recombine_cut_and_deliver,1
72B,text,comp(all),50,recombine_cut_and_deliver,1
72B,text,comp(all),51,recombine_cut_and_deliver,1
72B,text,comp(all),52,recombine_cut_and_deliver,1
72B,text,comp(all),53,recombine_cut_and_deliver,1
72B,text,comp(all),54,recombine_cut_and_deliver,1
72B,text,comp(all),55,recombine_cut_and_deliver,1
72B,text,comp(all),56,recombine_cut_and_deliver,1
72B,text,comp(all),57,recombine_cut_and_deliver,1
72B,text,comp(all),58,recombine_cut_and_deliver,1
72B,text,comp(all),59,recombine_cut_and_deliver,0
72B,text,comp(all),60,recombine_cut_and_deliver,0
72B,text,comp(all),61,recombine_cut_and_deliver,1
72B,text,comp(all),62,recombine_cut_and_deliver,1
72B,text,comp(all),63,recombine_cut_and_deliver,1
72B,text,comp(all),64,recombine_cut_and_deliver,1
72B,text,comp(all),65,recombine_cut_and_deliver,0
72B,text,comp(all),66,recombine_cut_and_deliver,1
72B,text,comp(all),67,recombine_cut_and_deliver,1
72B,text,comp(all),68,recombine_cut_and_deliver,0
72B,text,comp(all),69,recombine_cut_and_deliver,1
72B,text,comp(all),70,recombine_cut_and_deliver,1
72B,text,comp(all),71,recombine_cut_and_deliver,1
72B,text,comp(all),72,recombine_cut_and_deliver,0
72B,text,comp(all),73,recombine_cut_and_deliver,1
72B,text,comp(all),74,recombine_cut_and_deliver,1
72B,text,comp(all),75,recombine_cut_and_deliver,0
72B,text,comp(all),76,recombine_cut_and_deliver,1
72B,text,comp(all),77,recombine_cut_and_deliver,0
72B,text,comp(all),78,recombine_cut_and_deliver,1
72B,text,comp(all),79,recombine_cut_and_deliver,1
72B,text,comp(all),80,recombine_cut_and_deliver,1
72B,text,comp(all),81,recombine_cut_and_deliver,1
72B,text,comp(all),82,recombine_cut_and_deliver,1
72B,text,comp(all),83,recombine_cut_and_deliver,1
72B,text,comp(all),84,recombine_cut_and_deliver,1
72B,text,comp(all),85,recombine_cut_and_deliver,1
72B,text,comp(all),86,recombine_cut_and_deliver,1
72B,text,comp(all),87,recombine_cut_and_deliver,1
72B,text,comp(all),88,recombine_cut_and_deliver,1
72B,text,comp(all),89,recombine_cut_and_deliver,1
72B,text,comp(all),90,recombine_cut_and_deliver,1
72B,text,comp(all),91,recombine_cut_and_deliver,1
72B,text,comp(all),92,recombine_cut_and_deliver,1
72B,text,comp(all),93,recombine_cut_and_deliver,1
72B,text,comp(all),94,recombine_cut_and_deliver,1
72B,text,comp(all),95,recombine_cut_and_deliver,1
72B,text,comp(all),96,recombine_cut_and_deliver,1
72B,text,comp(all),97,recombine_cut_and_deliver,1
72B,text,comp(all),98,recombine_cut_and_deliver,0
72B,text,comp(all),99,recombine_cut_and_deliver,0
72B,text,comp(all),100,recombine_cut_and_deliver,1
72B,text,comp(all),101,recombine_cut_and_deliver,1
72B,text,comp(all),102,recombine_cut_and_deliver,1
72B,text,comp(all),103,recombine_cut_and_deliver,1
72B,text,comp(all),104,recombine_cut_and_deliver,1
72B,text,comp(all),105,recombine_cut_and_deliver,1
72B,text,comp(all),106,recombine_cut_and_deliver,1
72B,text,comp(all),107,recombine_cut_and_deliver,1
72B,text,comp(all),108,recombine_cut_and_deliver,1
72B,text,comp(all),109,recombine_cut_and_deliver,1
72B,text,comp(all),110,recombine_cut_and_deliver,1
72B,text,comp(all),111,recombine_cut_and_deliver,1
72B,text,comp(all),112,recombine_cut_and_deliver,1
72B,text,comp(all),113,recombine_cut_and_deliver,1
72B,text,comp(all),114,recombine_cut_and_deliver,1
72B,text,comp(all),115,recombine_cut_and_deliver,1
72B,text,comp(all),116,recombine_cut_and_deliver,1
72B,text,comp(all),117,recombine_cut_and_deliver,1
72B,text,comp(all),118,recombine_cut_and_deliver,1
72B,text,comp(all),119,recombine_cut_and_deliver,1
72B,text,comp(all),120,recombine_cut_and_deliver,1
72B,text,comp(all),121,recombine_cut_and_deliver,0
72B,text,comp(all),122,recombine_cut_and_deliver,1
72B,text,comp(all),123,recombine_cut_and_deliver,1
72B,text,comp(all),124,recombine_cut_and_deliver,1
72B,text,comp(all),125,recombine_cut_and_deliver,1
72B,text,comp(all),126,recombine_cut_and_deliver,1
72B,text,comp(all),127,recombine_cut_and_deliver,1
72B,text,comp(all),128,recombine_cut_and_deliver,0
72B,text,comp(all),129,recombine_cut_and_deliver,1
72B,text,comp(all),130,recombine_cut_and_deliver,1
72B,text,comp(all),131,recombine_cut_and_deliver,1
72B,text,comp(all),132,recombine_cut_and_deliver,1
72B,text,comp(all),133,recombine_cut_and_deliver,1
72B,text,comp(all),134,recombine_cut_and_deliver,1
72B,text,comp(all),135,recombine_cut_and_deliver,1
72B,text,comp(all),136,recombine_cut_and_deliver,1
72B,text,comp(all),137,recombine_cut_and_deliver,0
72B,text,comp(all),138,recombine_cut_and_deliver,1
72B,text,comp(all),139,recombine_cut_and_deliver,1
72B,text,comp(all),140,recombine_cut_and_deliver,1
72B,text,comp(all),141,recombine_cut_and_deliver,0
72B,text,comp(all),142,recombine_cut_and_deliver,1
72B,text,comp(all),143,recombine_cut_and_deliver,1
72B,text,comp(all),144,recombine_cut_and_deliver,1
72B,text,comp(all),145,recombine_cut_and_deliver,1
72B,text,comp(all),146,recombine_cut_and_deliver,1
72B,text,comp(all),147,recombine_cut_and_deliver,1
72B,text,comp(all),148,recombine_cut_and_deliver,1
72B,text,comp(all),149,recombine_cut_and_deliver,0
72B,text,comp(all),150,recombine_cut_and_deliver,1
72B,text,comp(all),151,recombine_cut_and_deliver,0
72B,text,comp(all),152,recombine_cut_and_deliver,1
72B,text,comp(all),153,recombine_cut_and_deliver,1
72B,text,comp(all),154,recombine_cut_and_deliver,0
72B,text,comp(all),155,recombine_cut_and_deliver,1
72B,text,comp(all),156,recombine_cut_and_deliver,0
72B,text,comp(all),157,recombine_cut_and_deliver,0
72B,text,comp(all),158,recombine_cut_and_deliver,1
72B,text,comp(all),159,recombine_cut_and_deliver,1
72B,text,comp(all),160,recombine_cut_and_deliver,1
72B,text,comp(all),161,recombine_cut_and_deliver,1
72B,text,comp(all),162,recombine_cut_and_deliver,1
72B,text,comp(all),163,recombine_cut_and_deliver,1
72B,text,comp(all),164,recombine_cut_and_deliver,1
72B,text,comp(all),165,recombine_cut_and_deliver,0
72B,text,comp(all),166,recombine_cut_and_deliver,1
72B,text,comp(all),167,recombine_cut_and_deliver,1
72B,text,comp(all),168,recombine_cut_and_deliver,1
72B,text,comp(all),169,recombine_cut_and_deliver,1
72B,text,comp(all),170,recombine_cut_and_deliver,1
72B,text,comp(all),171,recombine_cut_and_deliver,1
72B,text,comp(all),172,recombine_cut_and_deliver,1
72B,text,comp(all),173,recombine_cut_and_deliver,1
72B,text,comp(all),174,recombine_cut_and_deliver,1
72B,text,comp(all),175,recombine_cut_and_deliver,1
72B,text,comp(all),176,recombine_cut_and_deliver,1
72B,text,comp(all),177,recombine_cut_and_deliver,0
72B,text,comp(all),178,recombine_cut_and_deliver,1
72B,text,comp(all),179,recombine_cut_and_deliver,1
72B,text,comp(all),180,recombine_cut_and_deliver,1
72B,text,comp(all),181,recombine_cut_and_deliver,0
72B,text,comp(all),182,recombine_cut_and_deliver,1
72B,text,comp(all),183,recombine_cut_and_deliver,0
72B,text,comp(all),184,recombine_cut_and_deliver,1
72B,text,comp(all),185,recombine_cut_and_deliver,1
72B,text,comp(all),186,recombine_cut_and_deliver,1
72B,text,comp(all),187,recombine_cut_and_deliver,1
72B,text,comp(all),188,recombine_cut_and_deliver,1
72B,text,comp(all),189,recombine_cut_and_deliver,1
72B,text,comp(all),190,recombine_cut_and_deliver,1
72B,text,comp(all),191,recombine_cut_and_deliver,1
72B,text,comp(all),192,recombine_cut_and_deliver,1
72B,text,comp(all),193,recombine_cut_and_deliver,1
72B,text,comp(all),194,recombine_cut_and_deliver,1
72B,text,comp(all),195,recombine_cut_and_deliver,1
72B,text,comp(all),196,recombine_cut_and_deliver,1
72B,text,comp(all),197,recombine_cut_and_deliver,1
72B,text,comp(all),198,recombine_cut_and_deliver,1
72B,text,comp(all),199,recombine_cut_and_deliver,1
72B,text,comp(all),200,recombine_cut_and_deliver,1
72B,text,comp(all),201,recombine_cut_and_deliver,1
72B,text,comp(all),202,recombine_cut_and_deliver,1
72B,text,comp(all),203,recombine_cut_and_deliver,1
72B,text,comp(all),204,recombine_cut_and_deliver,1
72B,text,comp(all),205,recombine_cut_and_deliver,1
72B,text,comp(all),206,recombine_cut_and_deliver,1
72B,text,comp(all),207,recombine_cut_and_deliver,1
72B,text,comp(all),208,recombine_cut_and_deliver,1
72B,text,comp(all),209,recombine_cut_and_deliver,1
72B,text,comp(all),210,recombine_cut_and_deliver,0
72B,text,comp(all),211,recombine_cut_and_deliver,1
72B,text,comp(all),212,recombine_cut_and_deliver,1
72B,text,comp(all),213,recombine_cut_and_deliver,1
72B,text,comp(all),214,recombine_cut_and_deliver,1
72B,text,comp(all),215,recombine_cut_and_deliver,0
72B,text,comp(all),216,recombine_cut_and_deliver,1
72B,text,comp(all),217,recombine_cut_and_deliver,1
72B,text,comp(all),218,recombine_cut_and_deliver,1
72B,text,comp(all),219,recombine_cut_and_deliver,1
72B,text,comp(all),220,recombine_cut_and_deliver,1
72B,text,comp(all),221,recombine_cut_and_deliver,1
72B,text,comp(all),222,recombine_cut_and_deliver,1
72B,text,comp(all),223,recombine_cut_and_deliver,0
72B,text,comp(all),224,recombine_cut_and_deliver,1
72B,text,comp(all),225,recombine_cut_and_deliver,1
72B,text,comp(all),226,recombine_cut_and_deliver,1
72B,text,comp(all),227,recombine_cut_and_deliver,1
72B,text,comp(all),228,recombine_cut_and_deliver,1
72B,text,comp(all),229,recombine_cut_and_deliver,0
72B,text,comp(all),230,recombine_cut_and_deliver,1
72B,text,comp(all),231,recombine_cut_and_deliver,1
72B,text,comp(all),232,recombine_cut_and_deliver,1
72B,text,comp(all),233,recombine_cut_and_deliver,1
72B,text,comp(all),234,recombine_cut_and_deliver,1
72B,text,comp(all),235,recombine_cut_and_deliver,1
72B,text,comp(all),236,recombine_cut_and_deliver,0
72B,text,comp(all),237,recombine_cut_and_deliver,1
72B,text,comp(all),238,recombine_cut_and_deliver,1
72B,text,comp(all),239,recombine_cut_and_deliver,0
72B,text,comp(all),240,recombine_cut_and_deliver,0
72B,text,comp(all),241,recombine_cut_and_deliver,1
72B,text,comp(all),242,recombine_cut_and_deliver,1
72B,text,comp(all),243,recombine_cut_and_deliver,1
72B,text,comp(all),244,recombine_cut_and_deliver,0
72B,text,comp(all),245,recombine_cut_and_deliver,0
72B,text,comp(all),246,recombine_cut_and_deliver,1
72B,text,comp(all),247,recombine_cut_and_deliver,1
72B,text,comp(all),248,recombine_cut_and_deliver,0
72B,text,comp(all),249,recombine_cut_and_deliver,1
72B,text,comp(all),250,recombine_cut_and_deliver,1
72B,text,comp(all),251,recombine_cut_and_deliver,1
72B,text,comp(all),252,recombine_cut_and_deliver,1
72B,text,comp(all),253,recombine_cut_and_deliver,1
72B,text,comp(all),254,recombine_cut_and_deliver,1
72B,text,comp(all),255,recombine_cut_and_deliver,1
72B,text,comp(all),256,recombine_cut_and_deliver,1
72B,text,comp(all),257,recombine_cut_and_deliver,1
72B,text,comp(all),258,recombine_cut_and_deliver,1
72B,text,comp(all),259,recombine_cut_and_deliver,1
72B,text,comp(all),260,recombine_cut_and_deliver,1
72B,text,comp(all),261,recombine_cut_and_deliver,1
72B,text,comp(all),262,recombine_cut_and_deliver,1
72B,text,comp(all),263,recombine_cut_and_deliver,1
72B,text,comp(all),264,recombine_cut_and_deliver,1
72B,text,comp(all),265,recombine_cut_and_deliver,1
72B,text,comp(all),266,recombine_cut_and_deliver,1
72B,text,comp(all),267,recombine_cut_and_deliver,1
72B,text,comp(all),268,recombine_cut_and_deliver,1
72B,text,comp(all),269,recombine_cut_and_deliver,1
72B,text,comp(all),270,recombine_cut_and_deliver,1
72B,text,comp(all),271,recombine_cut_and_deliver,0
72B,text,comp(all),272,recombine_cut_and_deliver,1
72B,text,comp(all),273,recombine_cut_and_deliver,1
72B,text,comp(all),274,recombine_cut_and_deliver,0
72B,text,comp(all),275,recombine_cut_and_deliver,1
72B,text,comp(all),276,recombine_cut_and_deliver,0
72B,text,comp(all),277,recombine_cut_and_deliver,0
72B,text,comp(all),278,recombine_cut_and_deliver,1
72B,text,comp(all),279,recombine_cut_and_deliver,1
72B,text,comp(all),280,recombine_cut_and_deliver,1
72B,text,comp(all),281,recombine_cut_and_deliver,1
72B,text,comp(all),282,recombine_cut_and_deliver,1
72B,text,comp(all),283,recombine_cut_and_deliver,1
72B,text,comp(all),284,recombine_cut_and_deliver,1
72B,text,comp(all),285,recombine_cut_and_deliver,1
72B,text,comp(all),286,recombine_cut_and_deliver,1
72B,text,comp(all),287,recombine_cut_and_deliver,1
72B,text,comp(all),288,recombine_cut_and_deliver,1
72B,text,comp(all),289,recombine_cut_and_deliver,1
72B,text,comp(all),290,recombine_cut_and_deliver,1
72B,text,comp(all),291,recombine_cut_and_deliver,1
72B,text,comp(all),292,recombine_cut_and_deliver,1
72B,text,comp(all),293,recombine_cut_and_deliver,1
72B,text,comp(all),294,recombine_cut_and_deliver,1
72B,text,comp(all),295,recombine_cut_and_deliver,0
72B,text,comp(all),296,recombine_cut_and_deliver,1
72B,imaged,comp(cut),0,recombine_cut_and_deliver,1
72B,imaged,comp(cut),1,recombine_cut_and_deliver,1
72B,imaged,comp(cut),2,recombine_cut_and_deliver,1
72B,imaged,comp(cut),3,recombine_cut_and_deliver,1
72B,imaged,comp(cut),4,recombine_cut_and_deliver,1
72B,imaged,comp(cut),5,recombine_cut_and_deliver,0
72B,imaged,comp(cut),6,recombine_cut_and_deliver,1
72B,imaged,comp(cut),7,recombine_cut_and_deliver,1
72B,imaged,comp(cut),8,recombine_cut_and_deliver,1
72B,imaged,comp(cut),9,recombine_cut_and_deliver,1
72B,imaged,comp(cut),10,recombine_cut_and_deliver,1
72B,imaged,comp(cut),11,recombine_cut_and_deliver,1
72B,imaged,comp(cut),12,recombine_cut_and_deliver,1
72B,imaged,comp(cut),13,recombine_cut_and_deliver,1
72B,imaged,comp(cut),14,recombine_cut_and_deliver,1
72B,imaged,comp(cut),15,recombine_cut_and_deliver,1
72B,imaged,comp(cut),16,recombine_cut_and_deliver,1
72B,imaged,comp(cut),17,recombine_cut_and_deliver,1
72B,imaged,comp(cut),18,recombine_cut_and_deliver,1
72B,imaged,comp(cut),19,recombine_cut_and_deliver,1
72B,imaged,comp(cut),20,recombine_cut_and_deliver,1
72B,imaged,comp(cut),21,recombine_cut_and_deliver,1
72B,imaged,comp(cut),22,recombine_cut_and_deliver,1
72B,imaged,comp(cut),23,recombine_cut_and_deliver,1
72B,imaged,comp(cut),24,recombine_cut_and_deliver,1
72B,imaged,comp(cut),25,recombine_cut_and_deliver,1
72B,imaged,comp(cut),26,recombine_cut_and_deliver,1
72B,imaged,comp(cut),27,recombine_cut_and_deliver,0
72B,imaged,comp(cut),28,recombine_cut_and_deliver,0
72B,imaged,comp(cut),29,recombine_cut_and_deliver,1
72B,imaged,comp(cut),30,recombine_cut_and_deliver,1
72B,imaged,comp(cut),31,recombine_cut_and_deliver,1
72B,imaged,comp(cut),32,recombine_cut_and_deliver,0
72B,imaged,comp(cut),33,recombine_cut_and_deliver,1
72B,imaged,comp(cut),34,recombine_cut_and_deliver,1
72B,imaged,comp(cut),35,recombine_cut_and_deliver,1
72B,imaged,comp(cut),36,recombine_cut_and_deliver,1
72B,imaged,comp(cut),37,recombine_cut_and_deliver,1
72B,imaged,comp(cut),38,recombine_cut_and_deliver,1
72B,imaged,comp(cut),39,recombine_cut_and_deliver,1
72B,imaged,comp(cut),40,recombine_cut_and_deliver,1
72B,imaged,comp(cut),41,recombine_cut_and_deliver,0
72B,imaged,comp(cut),42,recombine_cut_and_deliver,1
72B,imaged,comp(cut),43,recombine_cut_and_deliver,1
72B,imaged,comp(cut),44,recombine_cut_and_deliver,1
72B,imaged,comp(cut),45,recombine_cut_and_deliver,1
72B,imaged,comp(cut),46,recombine_cut_and_deliver,1
72B,imaged,comp(cut),47,recombine_cut_and_deliver,1
72B,imaged,comp(cut),48,recombine_cut_and_deliver,1
72B,imaged,comp(cut),49,recombine_cut_and_deliver,1
72B,imaged,comp(cut),50,recombine_cut_and_deliver,1
72B,imaged,comp(cut),51,recombine_cut_and_deliver,1
72B,imaged,comp(cut),52,recombine_cut_and_deliver,1
72B,imaged,comp(cut),53,recombine_cut_and_deliver,0
72B,imaged,comp(cut),54,recombine_cut_and_deliver,0
72B,imaged,comp(cut),55,recombine_cut_and_deliver,1
72B,imaged,comp(cut),56,recombine_cut_and_deliver,1
72B,imaged,comp(cut),57,recombine_cut_and_deliver,1
72B,imaged,comp(cut),58,recombine_cut_and_deliver,1
72B,imaged,comp(cut),59,recombine_cut_and_deliver,0
72B,imaged,comp(cut),60,recombine_cut_and_deliver,0
72B,imaged,comp(cut),61,recombine_cut_and_deliver,1
72B,imaged,comp(cut),62,recombine_cut_and_deliver,0
72B,imaged,comp(cut),63,recombine_cut_and_deliver,1
72B,imaged,comp(cut),64,recombine_cut_and_deliver,1
72B,imaged,comp(cut),65,recombine_cut_and_deliver,1
72B,imaged,comp(cut),66,recombine_cut_and_deliver,0
72B,imaged,comp(cut),67,recombine_cut_and_deliver,1
72B,imaged,comp(cut),68,recombine_cut_and_deliver,0
72B,imaged,comp(cut),69,recombine_cut_and_deliver,0
72B,imaged,comp(cut),70,recombine_cut_and_deliver,1
72B,imaged,comp(cut),71,recombine_cut_and_deliver,1
72B,imaged,comp(cut),72,recombine_cut_and_deliver,1
72B,imaged,comp(cut),73,recombine_cut_and_deliver,1
72B,imaged,comp(cut),74,recombine_cut_and_deliver,0
72B,imaged,comp(cut),75,recombine_cut_and_deliver,0
72B,imaged,comp(cut),76,recombine_cut_and_deliver,1
72B,imaged,comp(cut),77,recombine_cut_and_deliver,0
72B,imaged,comp(cut),78,recombine_cut_and_deliver,1
72B,imaged,comp(cut),79,recombine_cut_and_deliver,1
72B,imaged,comp(cut),80,recombine_cut_and_deliver,0
72B,imaged,comp(cut),81,recombine_cut_and_deliver,1
72B,imaged,comp(cut),82,recombine_cut_and_deliver,1
72B,imaged,comp(cut),83,recombine_cut_and_deliver,1
72B,imaged,comp(cut),84,recombine_cut_and_deliver,1
72B,imaged,comp(cut),85,recombine_cut_and_deliver,1
72B,imaged,comp(cut),86,recombine_cut_and_deliver,1
72B,imaged,comp(cut),87,recombine_cut_and_deliver,1
72B,imaged,comp(cut),88,recombine_cut_and_deliver,1
72B,imaged,comp(cut),89,recombine_cut_and_deliver,1
72B,imaged,comp(cut),90,recombine_cut_and_deliver,1
72B,imaged,comp(cut),91,recombine_cut_and_deliver,1
72B,imaged,comp(cut),92,recombine_cut_and_deliver,0
72B,imaged,comp(cut),93,recombine_cut_and_deliver,1
72B,imaged,comp(cut),94,recombine_cut_and_deliver,1
72B,imaged,comp(cut),95,recombine_cut_and_deliver,1
72B,imaged,comp(cut),96,recombine_cut_and_deliver,1
72B,imaged,comp(cut),97,recombine_cut_and_deliver,1
72B,imaged,comp(cut),98,recombine_cut_and_deliver,0
72B,imaged,comp(cut),99,recombine_cut_and_deliver,1
72B,imaged,comp(cut),100,recombine_cut_and_deliver,1
72B,imaged,comp(cut),101,recombine_cut_and_deliver,0
72B,imaged,comp(cut),102,recombine_cut_and_deliver,1
72B,imaged,comp(cut),103,recombine_cut_and_deliver,1
72B,imaged,comp(cut),104,recombine_cut_and_deliver,1
72B,imaged,comp(cut),105,recombine_cut_and_deliver,1
72B,imaged,comp(cut),106,recombine_cut_and_deliver,1
72B,imaged,comp(cut),107,recombine_cut_and_deliver,1
72B,imaged,comp(cut),108,recombine_cut_and_deliver,1
72B,imaged,comp(cut),109,recombine_cut_and_deliver,1
72B,imaged,comp(cut),110,recombine_cut_and_deliver,1
72B,imaged,comp(cut),111,recombine_cut_and_deliver,0
72B,imaged,comp(cut),112,recombine_cut_and_deliver,1
72B,imaged,comp(cut),113,recombine_cut_and_deliver,1
72B,imaged,comp(cut),114,recombine_cut_and_deliver,1
72B,imaged,comp(cut),115,recombine_cut_and_deliver,1
72B,imaged,comp(cut),116,recombine_cut_and_deliver,1
72B,imaged,comp(cut),117,recombine_cut_and_deliver,1
72B,imaged,comp(cut),118,recombine_cut_and_deliver,1
72B,imaged,comp(cut),119,recombine_cut_and_deliver,1
72B,imaged,comp(cut),120,recombine_cut_and_deliver,1
72B,imaged,comp(cut),121,recombine_cut_and_deliver,0
72B,imaged,comp(cut),122,recombine_cut_and_deliver,1
72B,imaged,comp(cut),123,recombine_cut_and_deliver,1
72B,imaged,comp(cut),124,recombine_cut_and_deliver,1
72B,imaged,comp(cut),125,recombine_cut_and_deliver,1
72B,imaged,comp(cut),126,recombine_cut_and_deliver,1
72B,imaged,comp(cut),127,recombine_cut_and_deliver,1
72B,imaged,comp(cut),128,recombine_cut_and_deliver,0
72B,imaged,comp(cut),129,recombine_cut_and_deliver,1
72B,imaged,comp(cut),130,recombine_cut_and_deliver,1
72B,imaged,comp(cut),131,recombine_cut_and_deliver,1
72B,imaged,comp(cut),132,recombine_cut_and_deliver,1
72B,imaged,comp(cut),133,recombine_cut_and_deliver,1
72B,imaged,comp(cut),134,recombine_cut_and_deliver,1
72B,imaged,comp(cut),135,recombine_cut_and_deliver,1
72B,imaged,comp(cut),136,recombine_cut_and_deliver,1
72B,imaged,comp(cut),137,recombine_cut_and_deliver,0
72B,imaged,comp(cut),138,recombine_cut_and_deliver,1
72B,imaged,comp(cut),139,recombine_cut_and_deliver,1
72B,imaged,comp(cut),140,recombine_cut_and_deliver,1
72B,imaged,comp(cut),141,recombine_cut_and_deliver,0
72B,imaged,comp(cut),142,recombine_cut_and_deliver,1
72B,imaged,comp(cut),143,recombine_cut_and_deliver,1
72B,imaged,comp(cut),144,recombine_cut_and_deliver,1
72B,imaged,comp(cut),145,recombine_cut_and_deliver,0
72B,imaged,comp(cut),146,recombine_cut_and_deliver,1
72B,imaged,comp(cut),147,recombine_cut_and_deliver,1
72B,imaged,comp(cut),148,recombine_cut_and_deliver,1
72B,imaged,comp(cut),149,recombine_cut_and_deliver,0
72B,imaged,comp(cut),150,recombine_cut_and_deliver,1
72B,imaged,comp(cut),151,recombine_cut_and_deliver,0
72B,imaged,comp(cut),152,recombine_cut_and_deliver,1
72B,imaged,comp(cut),153,recombine_cut_and_deliver,1
72B,imaged,comp(cut),154,recombine_cut_and_deliver,0
72B,imaged,comp(cut),155,recombine_cut_and_deliver,1
72B,imaged,comp(cut),156,recombine_cut_and_deliver,0
72B,imaged,comp(cut),157,recombine_cut_and_deliver,0
72B,imaged,comp(cut),158,recombine_cut_and_deliver,1
72B,imaged,comp(cut),159,recombine_cut_and_deliver,1
72B,imaged,comp(cut),160,recombine_cut_and_deliver,1
72B,imaged,comp(cut),161,recombine_cut_and_deliver,1
72B,imaged,comp(cut),162,recombine_cut_and_deliver,1
72B,imaged,comp(cut),163,recombine_cut_and_deliver,1
72B,imaged,comp(cut),164,recombine_cut_and_deliver,1
72B,imaged,comp(cut),165,recombine_cut_and_deliver,1
72B,imaged,comp(cut),166,recombine_cut_and_deliver,1
72B,imaged,comp(cut),167,recombine_cut_and_deliver,1
72B,imaged,comp(cut),168,recombine_cut_and_deliver,1
72B,imaged,comp(cut),169,recombine_cut_and_deliver,1
72B,imaged,comp(cut),170,recombine_cut_and_deliver,1
72B,imaged,comp(cut),171,recombine_cut_and_deliver,1
72B,imaged,comp(cut),172,recombine_cut_and_deliver,1
72B,imaged,comp(cut),173,recombine_cut_and_deliver,1
72B,imaged,comp(cut),174,recombine_cut_and_deliver,0
72B,imaged,comp(cut),175,recombine_cut_and_deliver,1
72B,imaged,comp(cut),176,recombine_cut_and_deliver,0
72B,imaged,comp(cut),177,recombine_cut_and_deliver,0
72B,imaged,comp(cut),178,recombine_cut_and_deliver,0
72B,imaged,comp(cut),179,recombine_cut_and_deliver,1
72B,imaged,comp(cut),180,recombine_cut_and_deliver,1
72B,imaged,comp(cut),181,recombine_cut_and_deliver,0
72B,imaged,comp(cut),182,recombine_cut_and_deliver,1
72B,imaged,comp(cut),183,recombine_cut_and_deliver,0
72B,imaged,comp(cut),184,recombine_cut_and_deliver,1
72B,imaged,comp(cut),185,recombine_cut_and_deliver,1
72B,imaged,comp(cut),186,recombine_cut_and_deliver,1
72B,imaged,comp(cut),187,recombine_cut_and_deliver,1
72B,imaged,comp(cut),188,recombine_cut_and_deliver,0
72B,imaged,comp(cut),189,recombine_cut_and_deliver,1
72B,imaged,comp(cut),190,recombine_cut_and_deliver,1
72B,imaged,comp(cut),191,recombine_cut_and_deliver,1
72B,imaged,comp(cut),192,recombine_cut_and_deliver,1
72B,imaged,comp(cut),193,recombine_cut_and_deliver,1
72B,imaged,comp(cut),194,recombine_cut_and_deliver,1
72B,imaged,comp(cut),195,recombine_cut_and_deliver,1
72B,imaged,comp(cut),196,recombine_cut_and_deliver,1
72B,imaged,comp(cut),197,recombine_cut_and_deliver,1
72B,imaged,comp(cut),198,recombine_cut_and_deliver,1
72B,imaged,comp(cut),199,recombine_cut_and_deliver,1
72B,imaged,comp(cut),200,recombine_cut_and_deliver,1
72B,imaged,comp(cut),201,recombine_cut_and_deliver,1
72B,imaged,comp(cut),202,recombine_cut_and_deliver,1
72B,imaged,comp(cut),203,recombine_cut_and_deliver,1
72B,imaged,comp(cut),204,recombine_cut_and_deliver,0
72B,imaged,comp(cut),205,recombine_cut_and_deliver,1
72B,imaged,comp(cut),206,recombine_cut_and_deliver,1
72B,imaged,comp(cut),207,recombine_cut_and_deliver,1
72B,imaged,comp(cut),208,recombine_cut_and_deliver,1
72B,imaged,comp(cut),209,recombine_cut_and_deliver,1
72B,imaged,comp(cut),210,recombine_cut_and_deliver,0
72B,imaged,comp(cut),211,recombine_cut_and_deliver,0
72B,imaged,comp(cut),212,recombine_cut_and_deliver,0
72B,imaged,comp(cut),213,recombine_cut_and_deliver,1
72B,imaged,comp(cut),214,recombine_cut_and_deliver,1
72B,imaged,comp(cut),215,recombine_cut_and_deliver,0
72B,imaged,comp(cut),216,recombine_cut_and_deliver,1
72B,imaged,comp(cut),217,recombine_cut_and_deliver,1
72B,imaged,comp(cut),218,recombine_cut_and_deliver,1
72B,imaged,comp(cut),219,recombine_cut_and_deliver,1
72B,imaged,comp(cut),220,recombine_cut_and_deliver,1
72B,imaged,comp(cut),221,recombine_cut_and_deliver,0
72B,imaged,comp(cut),222,recombine_cut_and_deliver,1
72B,imaged,comp(cut),223,recombine_cut_and_deliver,0
72B,imaged,comp(cut),224,recombine_cut_and_deliver,1
72B,imaged,comp(cut),225,recombine_cut_and_deliver,1
72B,imaged,comp(cut),226,recombine_cut_and_deliver,1
72B,imaged,comp(cut),227,recombine_cut_and_deliver,1
72B,imaged,comp(cut),228,recombine_cut_and_deliver,1
72B,imaged,comp(cut),229,recombine_cut_and_deliver,0
72B,imaged,comp(cut),230,recombine_cut_and_deliver,0
72B,imaged,comp(cut),231,recombine_cut_and_deliver,1
72B,imaged,comp(cut),232,recombine_cut_and_deliver,1
72B,imaged,comp(cut),233,recombine_cut_and_deliver,1
72B,imaged,comp(cut),234,recombine_cut_and_deliver,1
72B,imaged,comp(cut),235,recombine_cut_and_deliver,1
72B,imaged,comp(cut),236,recombine_cut_and_deliver,0
72B,imaged,comp(cut),237,recombine_cut_and_deliver,1
72B,imaged,comp(cut),238,recombine_cut_and_deliver,1
72B,imaged,comp(cut),239,recombine_cut_and_deliver,0
72B,imaged,comp(cut),240,recombine_cut_and_deliver,0
72B,imaged,comp(cut),241,recombine_cut_and_deliver,1
72B,imaged,comp(cut),242,recombine_cut_and_deliver,1
72B,imaged,comp(cut),243,recombine_cut_and_deliver,1
72B,imaged,comp(cut),244,recombine_cut_and_deliver,0
72B,imaged,comp(cut),245,recombine_cut_and_deliver,0
72B,imaged,comp(cut),246,recombine_cut_and_deliver,1
72B,imaged,comp(cut),247,recombine_cut_and_deliver,1
72B,imaged,comp(cut),248,recombine_cut_and_deliver,0
72B,imaged,comp(cut),249,recombine_cut_and_deliver,1
72B,imaged,comp(cut),250,recombine_cut_and_deliver,1
72B,imaged,comp(cut),251,recombine_cut_and_deliver,1
72B,imaged,comp(cut),252,recombine_cut_and_deliver,1
72B,imaged,comp(cut),253,recombine_cut_and_deliver,1
72B,imaged,comp(cut),254,recombine_cut_and_deliver,1
72B,imaged,comp(cut),255,recombine_cut_and_deliver,1
72B,imaged,comp(cut),256,recombine_cut_and_deliver,1
72B,imaged,comp(cut),257,recombine_cut_and_deliver,1
72B,imaged,comp(cut),258,recombine_cut_and_deliver,1
72B,imaged,comp(cut),259,recombine_cut_and_deliver,1
72B,imaged,comp(cut),260,recombine_cut_and_deliver,1
72B,imaged,comp(cut),261,recombine_cut_and_deliver,0
72B,imaged,comp(cut),262,recombine_cut_and_deliver,1
72B,imaged,comp(cut),263,recombine_cut_and_deliver,1
72B,imaged,comp(cut),264,recombine_cut_and_deliver,1
72B,imaged,comp(cut),265,recombine_cut_and_deliver,1
72B,imaged,comp(cut),266,recombine_cut_and_deliver,1
72B,imaged,comp(cut),267,recombine_cut_and_deliver,1
72B,imaged,comp(cut),268,recombine_cut_and_deliver,0
72B,imaged,comp(cut),269,recombine_cut_and_deliver,1
72B,imaged,comp(cut),270,recombine_cut_and_deliver,1
72B,imaged,comp(cut),271,recombine_cut_and_deliver,0
72B,imaged,comp(cut),272,recombine_cut_and_deliver,1
72B,imaged,comp(cut),273,recombine_cut_and_deliver,1
72B,imaged,comp(cut),274,recombine_cut_and_deliver,1
72B,imaged,comp(cut),275,recombine_cut_and_deliver,1
72B,imaged,comp(cut),276,recombine_cut_and_deliver,0
72B,imaged,comp(cut),277,recombine_cut_and_deliver,0
72B,imaged,comp(cut),278,recombine_cut_and_deliver,1
72B,imaged,comp(cut),279,recombine_cut_and_deliver,1
72B,imaged,comp(cut),280,recombine_cut_and_deliver,0
72B,imaged,comp(cut),281,recombine_cut_and_deliver,1
72B,imaged,comp(cut),282,recombine_cut_and_deliver,1
72B,imaged,comp(cut),283,recombine_cut_and_deliver,1
72B,imaged,comp(cut),284,recombine_cut_and_deliver,1
72B,imaged,comp(cut),285,recombine_cut_and_deliver,1
72B,imaged,comp(cut),286,recombine_cut_and_deliver,1
72B,imaged,comp(cut),287,recombine_cut_and_deliver,1
72B,imaged,comp(cut),288,recombine_cut_and_deliver,1
72B,imaged,comp(cut),289,recombine_cut_and_deliver,1
72B,imaged,comp(cut),290,recombine_cut_and_deliver,1
72B,imaged,comp(cut),291,recombine_cut_and_deliver,1
72B,imaged,comp(cut),292,recombine_cut_and_deliver,1
72B,imaged,comp(cut),293,recombine_cut_and_deliver,0
72B,imaged,comp(cut),294,recombine_cut_and_deliver,1
72B,imaged,comp(cut),295,recombine_cut_and_deliver,0
72B,imaged,comp(cut),296,recombine_cut_and_deliver,1
72B,imaged,comp(cut+delivery),0,recombine_cut_and_deliver,1
72B,imaged,comp(cut+delivery),1,recombine_cut_and_deliver,1
72B,imaged,comp(cut+delivery),2,recombine_cut_and_deliver,1
72B,imaged,comp(cut+delivery),3,recombine_cut_and_deliver,1
72B,imaged,comp(cut+delivery),4,recombine_cut_and_deliver,1
72B,imaged,comp(cut+delivery),5,recombine_cut_and_deliver,0
72B,imaged,comp(cut+delivery),6,recombine_cut_and_deliver,1
72B,imaged,comp(cut+delivery),7,recombine_cut_and_deliver,1
72B,imaged,comp(cut+delivery),8,recombine_cut_and_deliver,1
72B,imaged,comp(cut+delivery),9,recombine_cut_and_deliver,1
72B,imaged,comp(cut+delivery),10,recombine_cut_and_deliver,1
72B,imaged,comp(cut+delivery),11,recombine_cut_and_deliver,1
72B,imaged,comp(cut+delivery),12,recombine_cut_and_deliver,1
72B,imaged,comp(cut+delivery),13,recombine_cut_and_deliver,1
72B,imaged,comp(cut+delivery),14,recombine_cut_and_deliver,1
72B,imaged,comp(cut+delivery),15,recombine_cut_and_deliver,1
72B,imaged,comp(cut+delivery),16,recombine_cut_and_deliver,1
72B,imaged,comp(cut+delivery),17,recombine_cut_and_deliver,1
72B,imaged,comp(cut+delivery),18,recombine_cut_and_deliver,1
72B,imaged,comp(cut+delivery),19,recombine_cut_and_deliver,1
72B,imaged,comp(cut+delivery),20,recombine_cut_and_deliver,1
72B,imaged,comp(cut+delivery),21,recombine_cut_and_deliver,1
72B,imaged,comp(cut+delivery),22,recombine_cut_and_deliver,1
72B,imaged,comp(cut+delivery),23,recombine_cut_and_deliver,1
72B,imaged,comp(cut+delivery),24,recombine_cut_and_deliver,1
72B,imaged,comp(cut+delivery),25,recombine_cut_and_deliver,1
72B,imaged,comp(cut+delivery),26,recombine_cut_and_deliver,1
72B,imaged,comp(cut+delivery),27,recombine_cut_and_deliver,0
72B,imaged,comp(cut+delivery),28,recombine_cut_and_deliver,0
72B,imaged,comp(cut+delivery),29,recombine_cut_and_deliver,1
72B,imaged,comp(cut+delivery),30,recombine_cut_and_deliver,1
72B,imaged,comp(cut+delivery),31,recombine_cut_and_deliver,1
72B,imaged,comp(cut+delivery),32,recombine_cut_and_deliver,0
72B,imaged,comp(cut+delivery),33,recombine_cut_and_deliver,1
72B,imaged,comp(cut+delivery),34,recombine_cut_and_deliver,1
72B,imaged,comp(cut+delivery),35,recombine_cut_and_deliver,1
72B,imaged,comp(cut+delivery),36,recombine_cut_and_deliver,1
72B,imaged,comp(cut+delivery),37,recombine_cut_and_deliver,1
72B,imaged,comp(cut+delivery),38,recombine_cut_and_deliver,1
72B,imaged,comp(cut+delivery),39,recombine_cut_and_deliver,1
72B,imaged,comp(cut+delivery),40,recombine_cut_and_deliver,1
72B,imaged,comp(cut+delivery),41,recombine_cut_and_deliver,0
72B,imaged,comp(cut+delivery),42,recombine_cut_and_deliver,1
72B,imaged,comp(cut+delivery),43,recombine_cut_and_deliver,1
72B,imaged,comp(cut+delivery),44,recombine_cut_and_deliver,1
72B,imaged,comp(cut+delivery),45,recombine_cut_and_deliver,1
72B,imaged,comp(cut+delivery),46,recombine_cut_and_deliver,1
72B,imaged,comp(cut+delivery),47,recombine_cut_and_deliver,1
72B,imaged,comp(cut+delivery),48,recombine_cut_and_deliver,1
72B,imaged,comp(cut+delivery),49,recombine_cut_and_deliver,1
72B,imaged,comp(cut+delivery),50,recombine_cut_and_deliver,1
72B,imaged,comp(cut+delivery),51,recombine_cut_and_deliver,1
72B,imaged,comp(cut+delivery),52,recombine_cut_and_deliver,1
72B,imaged,comp(cut+delivery),53,recombine_cut_and_deliver,0
72B,imaged,comp(cut+delivery),54,recombine_cut_and_deliver,0
72B,imaged,comp(cut+delivery),55,recombine_cut_and_deliver,1
72B,imaged,comp(cut+delivery),56,recombine_cut_and_deliver,1
72B,imaged,comp(cut+delivery),57,recombine_cut_and_deliver,1
72B,imaged,comp(cut+delivery),58,recombine_cut_and_deliver,1
72B,imaged,comp(cut+delivery),59,recombine_cut_and_deliver,0
72B,imaged,comp(cut+delivery),60,recombine_cut_and_deliver,0
72B,imaged,comp(cut+delivery),61,recombine_cut_and_deliver,1
72B,imaged,comp(cut+delivery),62,recombine_cut_and_deliver,0
72B,imaged,comp(cut+delivery),63,recombine_cut_and_deliver,1
72B,imaged,comp(cut+delivery),64,recombine_cut_and_deliver,1
72B,imaged,comp(cut+delivery),65,recombine_cut_and_deliver,1
72B,imaged,comp(cut+delivery),66,recombine_cut_and_deliver,0
72B,imaged,comp(cut+delivery),67,recombine_cut_and_deliver,1
72B,imaged,comp(cut+delivery),68,recombine_cut_and_deliver,0
72B,imaged,comp(cut+delivery),69,recombine_cut_and_deliver,0
72B,imaged,comp(cut+delivery),70,recombine_cut_and_deliver,1
72B,imaged,comp(cut+delivery),71,recombine_cut_and_deliver,1
72B,imaged,comp(cut+delivery),72,recombine_cut_and_deliver,1
72B,imaged,comp(cut+delivery),73,recombine_cut_and_deliver,1
72B,imaged,comp(cut+delivery),74,recombine_cut_and_deliver,0
72B,imaged,comp(cut+delivery),75,recombine_cut_and_deliver,0
72B,imaged,comp(cut+delivery),76,recombine_cut_and_deliver,1
72B,imaged,comp(cut+delivery),77,recombine_cut_and_deliver,0
72B,imaged,comp(cut+delivery),78,recombine_cut_and_deliver,1
72B,imaged,comp(cut+delivery),79,recombine_cut_and_deliver,1
72B,imaged,comp(cut+delivery),80,recombine_cut_and_deliver,0
72B,imaged,comp(cut+delivery),81,recombine_cut_and_deliver,1
72B,imaged,comp(cut+delivery),82,recombine_cut_and_deliver,1
72B,imaged,comp(cut+delivery),83,recombine_cut_and_deliver,1
72B,imaged,comp(cut+delivery),84,recombine_cut_and_deliver,1
72B,imaged,comp(cut+delivery),85,recombine_cut_and_deliver,1
72B,imaged,comp(cut+delivery),86,recombine_cut_and_deliver,1
72B,imaged,comp(cut+delivery),87,recombine_cut_and_deliver,1
72B,imaged,comp(cut+delivery),88,recombine_cut_and_deliver,1
72B,imaged,comp(cut+delivery),89,recombine_cut_and_deliver,1
72B,imaged,comp(cut+delivery),90,recombine_cut_and_deliver,1
72B,imaged,comp(cut+delivery),91,recombine_cut_and_deliver,1
72B,imaged,comp(cut+delivery),92,recombine_cut_and_deliver,0
72B,imaged,comp(cut+delivery),93,recombine_cut_and_deliver,1
72B,imaged,comp(cut+delivery),94,recombine_cut_and_deliver,1
72B,imaged,comp(cut+delivery),95,recombine_cut_and_deliver,1
72B,imaged,comp(cut+delivery),96,recombine_cut_and_deliver,1
72B,imaged,comp(cut+delivery),97,recombine_cut_and_deliver,1
72B,imaged,comp(cut+delivery),98,recombine_cut_and_deliver,0
72B,imaged,comp(cut+delivery),99,recombine_cut_and_deliver,1
72B,imaged,comp(cut+delivery),100,recombine_cut_and_deliver,1
72B,imaged,comp(cut+delivery),101,recombine_cut_and_deliver,0
72B,imaged,comp(cut+delivery),102,recombine_cut_and_deliver,1
72B,imaged,comp(cut+delivery),103,recombine_cut_and_deliver,1
72B,imaged,comp(cut+delivery),104,recombine_cut_and_deliver,1
72B,imaged,comp(cut+delivery),105,recombine_cut_and_deliver,1
72B,imaged,comp(cut+delivery),106,recombine_cut_and_deliver,1
72B,imaged,comp(cut+delivery),107,recombine_cut_and_deliver,1
72B,imaged,comp(cut+delivery),108,recombine_cut_and_deliver,1
72B,imaged,comp(cut+delivery),109,recombine_cut_and_deliver,1
72B,imaged,comp(cut+delivery),110,recombine_cut_and_deliver,1
72B,imaged,comp(cut+delivery),111,recombine_cut_and_deliver,1
72B,imaged,comp(cut+delivery),112,recombine_cut_and_deliver,1
72B,imaged,comp(cut+delivery),113,recombine_cut_and_deliver,1
72B,imaged,comp(cut+delivery),114,recombine_cut_and_deliver,1
72B,imaged,comp(cut+delivery),115,recombine_cut_and_deliver,1
72B,imaged,comp(cut+delivery),116,recombine_cut_and_deliver,1
72B,imaged,comp(cut+delivery),117,recombine_cut_and_deliver,1
72B,imaged,comp(cut+delivery),118,recombine_cut_and_deliver,1
72B,imaged,comp(cut+delivery),119,recombine_cut_and_deliver,1
72B,imaged,comp(cut+delivery),120,recombine_cut_and_deliver,1
72B,imaged,comp(cut+delivery),121,recombine_cut_and_deliver,0
72B,imaged,comp(cut+delivery),122,recombine_cut_and_deliver,1
72B,imaged,comp(cut+delivery),123,recombine_cut_and_deliver,1
72B,imaged,comp(cut+delivery),124,recombine_cut_and_deliver,1
72B,imaged,comp(cut+delivery),125,recombine_cut_and_deliver,1
72B,imaged,comp(cut+delivery),126,recombine_cut_and_deliver,1
72B,imaged,comp(cut+delivery),127,recombine_cut_and_deliver,1
72B,imaged,comp(cut+delivery),128,recombine_cut_and_deliver,0
72B,imaged,comp(cut+delivery),129,recombine_cut_and_deliver,1
72B,imaged,comp(cut+delivery),130,recombine_cut_and_deliver,1
72B,imaged,comp(cut+delivery),131,recombine_cut_and_deliver,1
72B,imaged,comp(cut+delivery),132,recombine_cut_and_deliver,1
72B,imaged,comp(cut+delivery),133,recombine_cut_and_deliver,1
72B,imaged,comp(cut+delivery),134,recombine_cut_and_deliver,1
72B,imaged,comp(cut+delivery),135,recombine_cut_and_deliver,1
72B,imaged,comp(cut+delivery),136,recombine_cut_and_deliver,1
72B,imaged,comp(cut+delivery),137,recombine_cut_and_deliver,0
72B,imaged,comp(cut+delivery),138,recombine_cut_and_deliver,1
72B,imaged,comp(cut+delivery),139,recombine_cut_and_deliver,1
72B,imaged,comp(cut+delivery),140,recombine_cut_and_deliver,1
72B,imaged,comp(cut+delivery),141,recombine_cut_and_deliver,0
72B,imaged,comp(cut+delivery),142,recombine_cut_and_deliver,1
72B,imaged,comp(cut+delivery),143,recombine_cut_and_deliver,1
72B,imaged,comp(cut+delivery),144,recombine_cut_and_deliver,1
72B,imaged,comp(cut+delivery),145,recombine_cut_and_deliver,0
72B,imaged,comp(cut+delivery),146,recombine_cut_and_deliver,1
72B,imaged,comp(cut+delivery),147,recombine_cut_and_deliver,1
72B,imaged,comp(cut+delivery),148,recombine_cut_and_deliver,1
72B,imaged,comp(cut+delivery),149,recombine_cut_and_deliver,0
72B,imaged,comp(cut+delivery),150,recombine_cut_and_deliver,1
72B,imaged,comp(cut+delivery),151,recombine_cut_and_deliver,0
72B,imaged,comp(cut+delivery),152,recombine_cut_and_deliver,1
72B,imaged,comp(cut+delivery),153,recombine_cut_and_deliver,1
72B,imaged,comp(cut+delivery),154,recombine_cut_and_deliver,0
72B,imaged,comp(cut+delivery),155,recombine_cut_and_deliver,1
72B,imaged,comp(cut+delivery),156,recombine_cut_and_deliver,0
72B,imaged,comp(cut+delivery),157,recombine_cut_and_deliver,0
72B,imaged,comp(cut+delivery),158,recombine_cut_and_deliver,1
72B,imaged,comp(cut+delivery),159,recombine_cut_and_deliver,1
72B,imaged,comp(cut+delivery),160,recombine_cut_and_deliver,1
72B,imaged,comp(cut+delivery),161,recombine_cut_and_deliver,1
72B,imaged,comp(cut+delivery),162,recombine_cut_and_deliver,1
72B,imaged,comp(cut+delivery),163,recombine_cut_and_deliver,1
72B,imaged,comp(cut+delivery),164,recombine_cut_and_deliver,1
72B,imaged,comp(cut+delivery),165,recombine_cut_and_deliver,1
72B,imaged,comp(cut+delivery),166,recombine_cut_and_deliver,1
72B,imaged,comp(cut+delivery),167,recombine_cut_and_deliver,1
72B,imaged,comp(cut+delivery),168,recombine_cut_and_deliver,1
72B,imaged,comp(cut+delivery),169,recombine_cut_and_deliver,1
72B,imaged,comp(cut+delivery),170,recombine_cut_and_deliver,1
72B,imaged,comp(cut+delivery),171,recombine_cut_and_deliver,1
72B,imaged,comp(cut+delivery),172,recombine_cut_and_deliver,1
72B,imaged,comp(cut+delivery),173,recombine_cut_and_deliver,1
72B,imaged,comp(cut+delivery),174,recombine_cut_and_deliver,0
72B,imaged,comp(cut+delivery),175,recombine_cut_and_deliver,1
72B,imaged,comp(cut+delivery),176,recombine_cut_and_deliver,0
72B,imaged,comp(cut+delivery),177,recombine_cut_and_deliver,0
72B,imaged,comp(cut+delivery),178,recombine_cut_and_deliver,0
72B,imaged,comp(cut+delivery),179,recombine_cut_and_deliver,1
72B,imaged,comp(cut+delivery),180,recombine_cut_and_deliver,1
72B,imaged,comp(cut+delivery),181,recombine_cut_and_deliver,0
72B,imaged,comp(cut+delivery),182,recombine_cut_and_deliver,1
72B,imaged,comp(cut+delivery),183,recombine_cut_and_deliver,0
72B,imaged,comp(cut+delivery),184,recombine_cut_and_deliver,1
72B,imaged,comp(cut+delivery),185,recombine_cut_and_deliver,1
72B,imaged,comp(cut+delivery),186,recombine_cut_and_deliver,1
72B,imaged,comp(cut+delivery),187,recombine_cut_and_deliver,1
72B,imaged,comp(cut+delivery),188,recombine_cut_and_deliver,0
72B,imaged,comp(cut+delivery),189,recombine_cut_and_deliver,1
72B,imaged,comp(cut+delivery),190,recombine_cut_and_deliver,1
72B,imaged,comp(cut+delivery),191,recombine_cut_and_deliver,1
72B,imaged,comp(cut+delivery),192,recombine_cut_and_deliver,1
72B,imaged,comp(cut+delivery),193,recombine_cut_and_deliver,1
72B,imaged,comp(cut+delivery),194,recombine_cut_and_deliver,1
72B,imaged,comp(cut+delivery),195,recombine_cut_and_deliver,1
72B,imaged,comp(cut+delivery),196,recombine_cut_and_deliver,1
72B,imaged,comp(cut+delivery),197,recombine_cut_and_deliver,1
72B,imaged,comp(cut+delivery),198,recombine_cut_and_deliver,1
72B,imaged,comp(cut+delivery),199,recombine_cut_and_deliver,1
72B,imaged,comp(cut+delivery),200,recombine_cut_and_deliver,1
72B,imaged,comp(cut+delivery),201,recombine_cut_and_deliver,1
72B,imaged,comp(cut+delivery),202,recombine_cut_and_deliver,1
72B,imaged,comp(cut+delivery),203,recombine_cut_and_deliver,1
72B,imaged,comp(cut+delivery),204,recombine_cut_and_deliver,0
72B,imaged,comp(cut+delivery),205,recombine_cut_and_deliver,1
72B,imaged,comp(cut+delivery),206,recombine_cut_and_deliver,1
72B,imaged,comp(cut+delivery),207,recombine_cut_and_deliver,1
72B,imaged,comp(cut+delivery),208,recombine_cut_and_deliver,1
72B,imaged,comp(cut+delivery),209,recombine_cut_and_deliver,1
72B,imaged,comp(cut+delivery),210,recombine_cut_and_deliver,0
72B,imaged,comp(cut+delivery),211,recombine_cut_and_deliver,0
72B,imaged,comp(cut+delivery),212,recombine_cut_and_deliver,0
72B,imaged,comp(cut+delivery),213,recombine_cut_and_deliver,1
72B,imaged,comp(cut+delivery),214,recombine_cut_and_deliver,1
72B,imaged,comp(cut+delivery),215,recombine_cut_and_deliver,0
72B,imaged,comp(cut+delivery),216,recombine_cut_and_deliver,1
72B,imaged,comp(cut+delivery),217,recombine_cut_and_deliver,1
72B,imaged,comp(cut+delivery),218,recombine_cut_and_deliver,1
72B,imaged,comp(cut+delivery),219,recombine_cut_and_deliver,1
72B,imaged,comp(cut+delivery),220,recombine_cut_and_deliver,1
72B,imaged,comp(cut+delivery),221,recombine_cut_and_deliver,0
72B,imaged,comp(cut+delivery),222,recombine_cut_and_deliver,1
72B,imaged,comp(cut+delivery),223,recombine_cut_and_deliver,0
72B,imaged,comp(cut+delivery),224,recombine_cut_and_deliver,1
72B,imaged,comp(cut+delivery),225,recombine_cut_and_deliver,1
72B,imaged,comp(cut+delivery),226,recombine_cut_and_deliver,1
72B,imaged,comp(cut+delivery),227,recombine_cut_and_deliver,1
72B,imaged,comp(cut+delivery),228,recombine_cut_and_deliver,1
72B,imaged,comp(cut+delivery),229,recombine_cut_and_deliver,0
72B,imaged,comp(cut+delivery),230,recombine_cut_and_deliver,0
72B,imaged,comp(cut+delivery),231,recombine_cut_and_deliver,1
72B,imaged,comp(cut+delivery),232,recombine_cut_and_deliver,1
72B,imaged,comp(cut+delivery),233,recombine_cut_and_deliver,1
72B,imaged,comp(cut+delivery),234,recombine_cut_and_deliver,1
72B,imaged,comp(cut+delivery),235,recombine_cut_and_deliver,1
72B,imaged,comp(cut+delivery),236,recombine_cut_and_deliver,0
72B,imaged,comp(cut+delivery),237,recombine_cut_and_deliver,1
72B,imaged,comp(cut+delivery),238,recombine_cut_and_deliver,1
72B,imaged,comp(cut+delivery),239,recombine_cut_and_deliver,0
72B,imaged,comp(cut+delivery),240,recombine_cut_and_deliver,0
72B,imaged,comp(cut+delivery),241,recombine_cut_and_deliver,1
72B,imaged,comp(cut+delivery),242,recombine_cut_and_deliver,1
72B,imaged,comp(cut+delivery),243,recombine_cut_and_deliver,1
72B,imaged,comp(cut+delivery),244,recombine_cut_and_deliver,0
72B,imaged,comp(cut+delivery),245,recombine_cut_and_deliver,0
72B,imaged,comp(cut+delivery),246,recombine_cut_and_deliver,1
72B,imaged,comp(cut+delivery),247,recombine_cut_and_deliver,1
72B,imaged,comp(cut+delivery),248,recombine_cut_and_deliver,0
72B,imaged,comp(cut+delivery),249,recombine_cut_and_deliver,1
72B,imaged,comp(cut+delivery),250,recombine_cut_and_deliver,1
72B,imaged,comp(cut+delivery),251,recombine_cut_and_deliver,1
72B,imaged,comp(cut+delivery),252,recombine_cut_and_deliver,1
72B,imaged,comp(cut+delivery),253,recombine_cut_and_deliver,1
72B,imaged,comp(cut+delivery),254,recombine_cut_and_deliver,1
72B,imaged,comp(cut+delivery),255,recombine_cut_and_deliver,1
72B,imaged,comp(cut+delivery),256,recombine_cut_and_deliver,1
72B,imaged,comp(cut+delivery),257,recombine_cut_and_deliver,1
72B,imaged,comp(cut+delivery),258,recombine_cut_and_deliver,1
72B,imaged,comp(cut+delivery),259,recombine_cut_and_deliver,1
72B,imaged,comp(cut+delivery),260,recombine_cut_and_deliver,1
72B,imaged,comp(cut+delivery),261,recombine_cut_and_deliver,0
72B,imaged,comp(cut+delivery),262,recombine_cut_and_deliver,1
72B,imaged,comp(cut+delivery),263,recombine_cut_and_deliver,1
72B,imaged,comp(cut+delivery),264,recombine_cut_and_deliver,1
72B,imaged,comp(cut+delivery),265,recombine_cut_and_deliver,1
72B,imaged,comp(cut+delivery),266,recombine_cut_and_deliver,1
72B,imaged,comp(cut+delivery),267,recombine_cut_and_deliver,1
72B,imaged,comp(cut+delivery),268,recombine_cut_and_deliver,0
72B,imaged,comp(cut+delivery),269,recombine_cut_and_deliver,1
72B,imaged,comp(cut+delivery),270,recombine_cut_and_deliver,1
72B,imaged,comp(cut+delivery),271,recombine_cut_and_deliver,0
72B,imaged,comp(cut+delivery),272,recombine_cut_and_deliver,1
72B,imaged,comp(cut+delivery),273,recombine_cut_and_deliver,1
72B,imaged,comp(cut+delivery),274,recombine_cut_and_deliver,1
72B,imaged,comp(cut+delivery),275,recombine_cut_and_deliver,1
72B,imaged,comp(cut+delivery),276,recombine_cut_and_deliver,0
72B,imaged,comp(cut+delivery),277,recombine_cut_and_deliver,0
72B,imaged,comp(cut+delivery),278,recombine_cut_and_deliver,1
72B,imaged,comp(cut+delivery),279,recombine_cut_and_deliver,1
72B,imaged,comp(cut+delivery),280,recombine_cut_and_deliver,0
72B,imaged,comp(cut+delivery),281,recombine_cut_and_deliver,1
72B,imaged,comp(cut+delivery),282,recombine_cut_and_deliver,1
72B,imaged,comp(cut+delivery),283,recombine_cut_and_deliver,1
72B,imaged,comp(cut+delivery),284,recombine_cut_and_deliver,1
72B,imaged,comp(cut+delivery),285,recombine_cut_and_deliver,1
72B,imaged,comp(cut+delivery),286,recombine_cut_and_deliver,1
72B,imaged,comp(cut+delivery),287,recombine_cut_and_deliver,1
72B,imaged,comp(cut+delivery),288,recombine_cut_and_deliver,1
72B,imaged,comp(cut+delivery),289,recombine_cut_and_deliver,1
72B,imaged,comp(cut+delivery),290,recombine_cut_and_deliver,1
72B,imaged,comp(cut+delivery),291,recombine_cut_and_deliver,1
72B,imaged,comp(cut+delivery),292,recombine_cut_and_deliver,1
72B,imaged,comp(cut+delivery),293,recombine_cut_and_deliver,0
72B,imaged,comp(cut+delivery),294,recombine_cut_and_deliver,1
72B,imaged,comp(cut+delivery),295,recombine_cut_and_deliver,0
72B,imaged,comp(cut+delivery),296,recombine_cut_and_deliver,1
72B,imaged,comp(all),0,recombine_cut_and_deliver,1
72B,imaged,comp(all),1,recombine_cut_and_deliver,1
72B,imaged,comp(all),2,recombine_cut_and_deliver,1
72B,imaged,comp(all),3,recombine_cut_and_deliver,1
72B,imaged,comp(all),4,recombine_cut_and_deliver,1
72B,imaged,comp(all),5,recombine_cut_and_deliver,0
72B,imaged,comp(all),6,recombine_cut_and_deliver,1
72B,imaged,comp(all),7,recombine_cut_and_deliver,1
72B,imaged,comp(all),8,recombine_cut_and_deliver,1
72B,imaged,comp(all),9,recombine_cut_and_deliver,1
72B,imaged,comp(all),10,recombine_cut_and_deliver,1
72B,imaged,comp(all),11,recombine_cut_and_deliver,1
72B,imaged,comp(all),12,recombine_cut_and_deliver,1
72B,imaged,comp(all),13,recombine_cut_and_deliver,1
72B,imaged,comp(all),14,recombine_cut_and_deliver,1
72B,imaged,comp(all),15,recombine_cut_and_deliver,1
72B,imaged,comp(all),16,recombine_cut_and_deliver,1
72B,imaged,comp(all),17,recombine_cut_and_deliver,1
72B,imaged,comp(all),18,recombine_cut_and_deliver,1
72B,imaged,comp(all),19,recombine_cut_and_deliver,1
72B,imaged,comp(all),20,recombine_cut_and_deliver,1
72B,imaged,comp(all),21,recombine_cut_and_deliver,1
72B,imaged,comp(all),22,recombine_cut_and_deliver,1
72B,imaged,comp(all),23,recombine_cut_and_deliver,1
72B,imaged,comp(all),24,recombine_cut_and_deliver,1
72B,imaged,comp(all),25,recombine_cut_and_deliver,1
72B,imaged,comp(all),26,recombine_cut_and_deliver,1
72B,imaged,comp(all),27,recombine_cut_and_deliver,0
72B,imaged,comp(all),28,recombine_cut_and_deliver,0
72B,imaged,comp(all),29,recombine_cut_and_deliver,1
72B,imaged,comp(all),30,recombine_cut_and_deliver,1
72B,imaged,comp(all),31,recombine_cut_and_deliver,1
72B,imaged,comp(all),32,recombine_cut_and_deliver,0
72B,imaged,comp(all),33,recombine_cut_and_deliver,1
72B,imaged,comp(all),34,recombine_cut_and_deliver,1
72B,imaged,comp(all),35,recombine_cut_and_deliver,1
72B,imaged,comp(all),36,recombine_cut_and_deliver,1
72B,imaged,comp(all),37,recombine_cut_and_deliver,1
72B,imaged,comp(all),38,recombine_cut_and_deliver,1
72B,imaged,comp(all),39,recombine_cut_and_deliver,1
72B,imaged,comp(all),40,recombine_cut_and_deliver,1
72B,imaged,comp(all),41,recombine_cut_and_deliver,0
72B,imaged,comp(all),42,recombine_cut_and_deliver,1
72B,imaged,comp(all),43,recombine_cut_and_deliver,1
72B,imaged,comp(all),44,recombine_cut_and_deliver,1
72B,imaged,comp(all),45,recombine_cut_and_deliver,1
72B,imaged,comp(all),46,recombine_cut_and_deliver,1
72B,imaged,comp(all),47,recombine_cut_and_deliver,1
72B,imaged,comp(all),48,recombine_cut_and_deliver,1
72B,imaged,comp(all),49,recombine_cut_and_deliver,1
72B,imaged,comp(all),50,recombine_cut_and_deliver,1
72B,imaged,comp(all),51,recombine_cut_and_deliver,1
72B,imaged,comp(all),52,recombine_cut_and_deliver,1
72B,imaged,comp(all),53,recombine_cut_and_deliver,0
72B,imaged,comp(all),54,recombine_cut_and_deliver,0
72B,imaged,comp(all),55,recombine_cut_and_deliver,1
72B,imaged,comp(all),56,recombine_cut_and_deliver,1
72B,imaged,comp(all),57,recombine_cut_and_deliver,1
72B,imaged,comp(all),58,recombine_cut_and_deliver,1
72B,imaged,comp(all),59,recombine_cut_and_deliver,0
72B,imaged,comp(all),60,recombine_cut_and_deliver,0
72B,imaged,comp(all),61,recombine_cut_and_deliver,1
72B,imaged,comp(all),62,recombine_cut_and_deliver,0
72B,imaged,comp(all),63,recombine_cut_and_deliver,1
72B,imaged,comp(all),64,recombine_cut_and_deliver,1
72B,imaged,comp(all),65,recombine_cut_and_deliver,1
72B,imaged,comp(all),66,recombine_cut_and_deliver,0
72B,imaged,comp(all),67,recombine_cut_and_deliver,1
72B,imaged,comp(all),68,recombine_cut_and_deliver,0
72B,imaged,comp(all),69,recombine_cut_and_deliver,0
72B,imaged,comp(all),70,recombine_cut_and_deliver,1
72B,imaged,comp(all),71,recombine_cut_and_deliver,1
72B,imaged,comp(all),72,recombine_cut_and_deliver,1
72B,imaged,comp(all),73,recombine_cut_and_deliver,1
72B,imaged,comp(all),74,recombine_cut_and_deliver,0
72B,imaged,comp(all),75,recombine_cut_and_deliver,0
72B,imaged,comp(all),76,recombine_cut_and_deliver,1
72B,imaged,comp(all),77,recombine_cut_and_deliver,0
72B,imaged,comp(all),78,recombine_cut_and_deliver,1
72B,imaged,comp(all),79,recombine_cut_and_deliver,1
72B,imaged,comp(all),80,recombine_cut_and_deliver,0
72B,imaged,comp(all),81,recombine_cut_and_deliver,1
72B,imaged,comp(all),82,recombine_cut_and_deliver,1
72B,imaged,comp(all),83,recombine_cut_and_deliver,1
72B,imaged,comp(all),84,recombine_cut_and_deliver,1
72B,imaged,comp(all),85,recombine_cut_and_deliver,1
72B,imaged,comp(all),86,recombine_cut_and_deliver,1
72B,imaged,comp(all),87,recombine_cut_and_deliver,1
72B,imaged,comp(all),88,recombine_cut_and_deliver,1
72B,imaged,comp(all),89,recombine_cut_and_deliver,1
72B,imaged,comp(all),90,recombine_cut_and_deliver,1
72B,imaged,comp(all),91,recombine_cut_and_deliver,1
72B,imaged,comp(all),92,recombine_cut_and_deliver,0
72B,imaged,comp(all),93,recombine_cut_and_deliver,1
72B,imaged,comp(all),94,recombine_cut_and_deliver,1
72B,imaged,comp(all),95,recombine_cut_and_deliver,1
72B,imaged,comp(all),96,recombine_cut_and_deliver,1
72B,imaged,comp(all),97,recombine_cut_and_deliver,1
72B,imaged,comp(all),98,recombine_cut_and_deliver,0
72B,imaged,comp(all),99,recombine_cut_and_deliver,1
72B,imaged,comp(all),100,recombine_cut_and_deliver,1
72B,imaged,comp(all),101,recombine_cut_and_deliver,0
72B,imaged,comp(all),102,recombine_cut_and_deliver,1
72B,imaged,comp(all),103,recombine_cut_and_deliver,1
72B,imaged,comp(all),104,recombine_cut_and_deliver,1
72B,imaged,comp(all),105,recombine_cut_and_deliver,1
72B,imaged,comp(all),106,recombine_cut_and_deliver,1
72B,imaged,comp(all),107,recombine_cut_and_deliver,1
72B,imaged,comp(all),108,recombine_cut_and_deliver,1
72B,imaged,comp(all),109,recombine_cut_and_deliver,1
72B,imaged,comp(all),110,recombine_cut_and_deliver,1
72B,imaged,comp(all),111,recombine_cut_and_deliver,1
72B,imaged,comp(all),112,recombine_cut_and_deliver,1
72B,imaged,comp(all),113,recombine_cut_and_deliver,1
72B,imaged,comp(all),114,recombine_cut_and_deliver,1
72B,imaged,comp(all),115,recombine_cut_and_deliver,1
72B,imaged,comp(all),116,recombine_cut_and_deliver,1
72B,imaged,comp(all),117,recombine_cut_and_deliver,1
72B,imaged,comp(all),118,recombine_cut_and_deliver,1
72B,imaged,comp(all),119,recombine_cut_and_deliver,1
72B,imaged,comp(all),120,recombine_cut_and_deliver,1
72B,imaged,comp(all),121,recombine_cut_and_deliver,0
72B,imaged,comp(all),122,recombine_cut_and_deliver,1
72B,imaged,comp(all),123,recombine_cut_and_deliver,1
72B,imaged,comp(all),124,recombine_cut_and_deliver,1
72B,imaged,comp(all),125,recombine_cut_and_deliver,1
72B,imaged,comp(all),126,recombine_cut_and_deliver,1
72B,imaged,comp(all),127,recombine_cut_and_deliver,1
72B,imaged,comp(all),128,recombine_cut_and_deliver,0
72B,imaged,comp(all),129,recombine_cut_and_deliver,1
72B,imaged,comp(all),130,recombine_cut_and_deliver,1
72B,imaged,comp(all),131,recombine_cut_and_deliver,1
72B,imaged,comp(all),132,recombine_cut_and_deliver,1
72B,imaged,comp(all),133,recombine_cut_and_deliver,1
72B,imaged,comp(all),134,recombine_cut_and_deliver,1
72B,imaged,comp(all),135,recombine_cut_and_deliver,1
72B,imaged,comp(all),136,recombine_cut_and_deliver,1
72B,imaged,comp(all),137,recombine_cut_and_deliver,0
72B,imaged,comp(all),138,recombine_cut_and_deliver,1
72B,imaged,comp(all),139,recombine_cut_and_deliver,1
72B,imaged,comp(all),140,recombine_cut_and_deliver,1
72B,imaged,comp(all),141,recombine_cut_and_deliver,0
72B,imaged,comp(all),142,recombine_cut_and_deliver,1
72B,imaged,comp(all),143,recombine_cut_and_deliver,1
72B,imaged,comp(all),144,recombine_cut_and_deliver,1
72B,imaged,comp(all),145,recombine_cut_and_deliver,0
72B,imaged,comp(all),146,recombine_cut_and_deliver,1
72B,imaged,comp(all),147,recombine_cut_and_deliver,1
72B,imaged,comp(all),148,recombine_cut_and_deliver,1
72B,imaged,comp(all),149,recombine_cut_and_deliver,0
72B,imaged,comp(all),150,recombine_cut_and_deliver,1
72B,imaged,comp(all),151,recombine_cut_and_deliver,0
72B,imaged,comp(all),152,recombine_cut_and_deliver,1
72B,imaged,comp(all),153,recombine_cut_and_deliver,1
72B,imaged,comp(all),154,recombine_cut_and_deliver,0
72B,imaged,comp(all),155,recombine_cut_and_deliver,1
72B,imaged,comp(all),156,recombine_cut_and_deliver,0
72B,imaged,comp(all),157,recombine_cut_and_deliver,0
72B,imaged,comp(all),158,recombine_cut_and_deliver,1
72B,imaged,comp(all),159,recombine_cut_and_deliver,1
72B,imaged,comp(all),160,recombine_cut_and_deliver,1
72B,imaged,comp(all),161,recombine_cut_and_deliver,1
72B,imaged,comp(all),162,recombine_cut_and_deliver,1
72B,imaged,comp(all),163,recombine_cut_and_deliver,1
72B,imaged,comp(all),164,recombine_cut_and_deliver,1
72B,imaged,comp(all),165,recombine_cut_and_deliver,1
72B,imaged,comp(all),166,recombine_cut_and_deliver,1
72B,imaged,comp(all),167,recombine_cut_and_deliver,1
72B,imaged,comp(all),168,recombine_cut_and_deliver,1
72B,imaged,comp(all),169,recombine_cut_and_deliver,1
72B,imaged,comp(all),170,recombine_cut_and_deliver,1
72B,imaged,comp(all),171,recombine_cut_and_deliver,1
72B,imaged,comp(all),172,recombine_cut_and_deliver,1
72B,imaged,comp(all),173,recombine_cut_and_deliver,1
72B,imaged,comp(all),174,recombine_cut_and_deliver,0
72B,imaged,comp(all),175,recombine_cut_and_deliver,1
72B,imaged,comp(all),176,recombine_cut_and_deliver,0
72B,imaged,comp(all),177,recombine_cut_and_deliver,0
72B,imaged,comp(all),178,recombine_cut_and_deliver,0
72B,imaged,comp(all),179,recombine_cut_and_deliver,1
72B,imaged,comp(all),180,recombine_cut_and_deliver,1
72B,imaged,comp(all),181,recombine_cut_and_deliver,0
72B,imaged,comp(all),182,recombine_cut_and_deliver,1
72B,imaged,comp(all),183,recombine_cut_and_deliver,0
72B,imaged,comp(all),184,recombine_cut_and_deliver,1
72B,imaged,comp(all),185,recombine_cut_and_deliver,1
72B,imaged,comp(all),186,recombine_cut_and_deliver,1
72B,imaged,comp(all),187,recombine_cut_and_deliver,1
72B,imaged,comp(all),188,recombine_cut_and_deliver,0
72B,imaged,comp(all),189,recombine_cut_and_deliver,1
72B,imaged,comp(all),190,recombine_cut_and_deliver,1
72B,imaged,comp(all),191,recombine_cut_and_deliver,1
72B,imaged,comp(all),192,recombine_cut_and_deliver,1
72B,imaged,comp(all),193,recombine_cut_and_deliver,1
72B,imaged,comp(all),194,recombine_cut_and_deliver,1
72B,imaged,comp(all),195,recombine_cut_and_deliver,1
72B,imaged,comp(all),196,recombine_cut_and_deliver,1
72B,imaged,comp(all),197,recombine_cut_and_deliver,1
72B,imaged,comp(all),198,recombine_cut_and_deliver,1
72B,imaged,comp(all),199,recombine_cut_and_deliver,1
72B,imaged,comp(all),200,recombine_cut_and_deliver,1
72B,imaged,comp(all),201,recombine_cut_and_deliver,1
72B,imaged,comp(all),202,recombine_cut_and_deliver,1
72B,imaged,comp(all),203,recombine_cut_and_deliver,1
72B,imaged,comp(all),204,recombine_cut_and_deliver,0
72B,imaged,comp(all),205,recombine_cut_and_deliver,1
72B,imaged,comp(all),206,recombine_cut_and_deliver,1
72B,imaged,comp(all),207,recombine_cut_and_deliver,1
72B,imaged,comp(all),208,recombine_cut_and_deliver,1
72B,imaged,comp(all),209,recombine_cut_and_deliver,1
72B,imaged,comp(all),210,recombine_cut_and_deliver,0
72B,imaged,comp(all),211,recombine_cut_and_deliver,0
72B,imaged,comp(all),212,recombine_cut_and_deliver,0
72B,imaged,comp(all),213,recombine_cut_and_deliver,1
72B,imaged,comp(all),214,recombine_cut_and_deliver,1
72B,imaged,comp(all),215,recombine_cut_and_deliver,0
72B,imaged,comp(all),216,recombine_cut_and_deliver,1
72B,imaged,comp(all),217,recombine_cut_and_deliver,1
72B,imaged,comp(all),218,recombine_cut_and_deliver,1
72B,imaged,comp(all),219,recombine_cut_and_deliver,1
72B,imaged,comp(all),220,recombine_cut_and_deliver,1
72B,imaged,comp(all),221,recombine_cut_and_deliver,0
72B,imaged,comp(all),222,recombine_cut_and_deliver,1
72B,imaged,comp(all),223,recombine_cut_and_deliver,0
72B,imaged,comp(all),224,recombine_cut_and_deliver,1
72B,imaged,comp(all),225,recombine_cut_and_deliver,1
72B,imaged,comp(all),226,recombine_cut_and_deliver,1
72B,imaged,comp(all),227,recombine_cut_and_deliver,1
72B,imaged,comp(all),228,recombine_cut_and_deliver,1
72B,imaged,comp(all),229,recombine_cut_and_deliver,0
72B,imaged,comp(all),230,recombine_cut_and_deliver,0
72B,imaged,comp(all),231,recombine_cut_and_deliver,1
72B,imaged,comp(all),232,recombine_cut_and_deliver,1
72B,imaged,comp(all),233,recombine_cut_and_deliver,1
72B,imaged,comp(all),234,recombine_cut_and_deliver,1
72B,imaged,comp(all),235,recombine_cut_and_deliver,1
72B,imaged,comp(all),236,recombine_cut_and_deliver,0
72B,imaged,comp(all),237,recombine_cut_and_deliver,1
72B,imaged,comp(all),238,recombine_cut_and_deliver,1
72B,imaged,comp(all),239,recombine_cut_and_deliver,0
72B,imaged,comp(all),240,recombine_cut_and_deliver,0
72B,imaged,comp(all),241,recombine_cut_and_deliver,1
72B,imaged,comp(all),242,recombine_cut_and_deliver,1
72B,imaged,comp(all),243,recombine_cut_and_deliver,1
72B,imaged,comp(all),244,recombine_cut_and_deliver,0
72B,imaged,comp(all),245,recombine_cut_and_deliver,0
72B,imaged,comp(all),246,recombine_cut_and_deliver,1
72B,imaged,comp(all),247,recombine_cut_and_deliver,1
72B,imaged,comp(all),248,recombine_cut_and_deliver,0
72B,imaged,comp(all),249,recombine_cut_and_deliver,1
72B,imaged,comp(all),250,recombine_cut_and_deliver,1
72B,imaged,comp(all),251,recombine_cut_and_deliver,1
72B,imaged,comp(all),252,recombine_cut_and_deliver,1
72B,imaged,comp(all),253,recombine_cut_and_deliver,1
72B,imaged,comp(all),254,recombine_cut_and_deliver,1
72B,imaged,comp(all),255,recombine_cut_and_deliver,1
72B,imaged,comp(all),256,recombine_cut_and_deliver,1
72B,imaged,comp(all),257,recombine_cut_and_deliver,1
72B,imaged,comp(all),258,recombine_cut_and_deliver,1
72B,imaged,comp(all),259,recombine_cut_and_deliver,1
72B,imaged,comp(all),260,recombine_cut_and_deliver,1
72B,imaged,comp(all),261,recombine_cut_and_deliver,0
72B,imaged,comp(all),262,recombine_cut_and_deliver,1
72B,imaged,comp(all),263,recombine_cut_and_deliver,1
72B,imaged,comp(all),264,recombine_cut_and_deliver,1
72B,imaged,comp(all),265,recombine_cut_and_deliver,1
72B,imaged,comp(all),266,recombine_cut_and_deliver,1
72B,imaged,comp(all),267,recombine_cut_and_deliver,1
72B,imaged,comp(all),268,recombine_cut_and_deliver,0
72B,imaged,comp(all),269,recombine_cut_and_deliver,1
72B,imaged,comp(all),270,recombine_cut_and_deliver,1
72B,imaged,comp(all),271,recombine_cut_and_deliver,0
72B,imaged,comp(all),272,recombine_cut_and_deliver,1
72B,imaged,comp(all),273,recombine_cut_and_deliver,1
72B,imaged,comp(all),274,recombine_cut_and_deliver,1
72B,imaged,comp(all),275,recombine_cut_and_deliver,1
72B,imaged,comp(all),276,recombine_cut_and_deliver,0
72B,imaged,comp(all),277,recombine_cut_and_deliver,0
72B,imaged,comp(all),278,recombine_cut_and_deliver,1
72B,imaged,comp(all),279,recombine_cut_and_deliver,1
72B,imaged,comp(all),280,recombine_cut_and_deliver,0
72B,imaged,comp(all),281,recombine_cut_and_deliver,1
72B,imaged,comp(all),282,recombine_cut_and_deliver,1
72B,imaged,comp(all),283,recombine_cut_and_deliver,1
72B,imaged,comp(all),284,recombine_cut_and_deliver,1
72B,imaged,comp(all),285,recombine_cut_and_deliver,1
72B,imaged,comp(all),286,recombine_cut_and_deliver,1
72B,imaged,comp(all),287,recombine_cut_and_deliver,1
72B,imaged,comp(all),288,recombine_cut_and_deliver,1
72B,imaged,comp(all),289,recombine_cut_and_deliver,1
72B,imaged,comp(all),290,recombine_cut_and_deliver,1
72B,imaged,comp(all),291,recombine_cut_and_deliver,1
72B,imaged,comp(all),292,recombine_cut_and_deliver,1
72B,imaged,comp(all),293,recombine_cut_and_deliver,0
72B,imaged,comp(all),294,recombine_cut_and_deliver,1
72B,imaged,comp(all),295,recombine_cut_and_deliver,0
72B,imaged,comp(all),296,recombine_cut_and_deliver,1
30B,text,comp(cut),0,recombine_cut_and_deliver,1
30B,text,comp(cut),1,recombine_cut_and_deliver,1
30B,text,comp(cut),2,recombine_cut_and_deliver,1
30B,text,comp(cut),3,recombine_cut_and_deliver,0
30B,text,comp(cut),4,recombine_cut_and_deliver,0
30B,text,comp(cut),5,recombine_cut_and_deliver,0
30B,text,comp(cut),6,recombine_cut_and_deliver,1
30B,text,comp(cut),7,recombine_cut_and_deliver,1
30B,text,comp(cut),8,recombine_cut_and_deliver,0
30B,text,comp(cut),9,recombine_cut_and_deliver,0
30B,text,comp(cut),10,recombine_cut_and_deliver,1
30B,text,comp(cut),11,recombine_cut_and_deliver,1
30B,text,comp(cut),12,recombine_cut_and_deliver,1
30B,text,comp(cut),13,recombine_cut_and_deliver,1
30B,text,comp(cut),14,recombine_cut_and_deliver,1
30B,text,comp(cut),15,recombine_cut_and_deliver,1
30B,text,comp(cut),16,recombine_cut_and_deliver,0
30B,text,comp(cut),17,recombine_cut_and_deliver,1
30B,text,comp(cut),18,recombine_cut_and_deliver,1
30B,text,comp(cut),19,recombine_cut_and_deliver,0
30B,text,comp(cut),20,recombine_cut_and_deliver,1
30B,text,comp(cut),21,recombine_cut_and_deliver,1
30B,text,comp(cut),22,recombine_cut_and_deliver,1
30B,text,comp(cut),23,recombine_cut_and_deliver,0
30B,text,comp(cut),24,recombine_cut_and_deliver,1
30B,text,comp(cut),25,recombine_cut_and_deliver,1
30B,text,comp(cut),26,recombine_cut_and_deliver,1
30B,text,comp(cut),27,recombine_cut_and_deliver,0
30B,text,comp(cut),28,recombine_cut_and_deliver,0
30B,text,comp(cut),29,recombine_cut_and_deliver,0
30B,text,comp(cut),30,recombine_cut_and_deliver,1
30B,text,comp(cut),31,recombine_cut_and_deliver,1
30B,text,comp(cut),32,recombine_cut_and_deliver,0
30B,text,comp(cut),33,recombine_cut_and_deliver,1
30B,text,comp(cut),34,recombine_cut_and_deliver,1
30B,text,comp(cut),35,recombine_cut_and_deliver,1
30B,text,comp(cut),36,recombine_cut_and_deliver,1
30B,text,comp(cut),37,recombine_cut_and_deliver,1
30B,text,comp(cut),38,recombine_cut_and_deliver,1
30B,text,comp(cut),39,recombine_cut_and_deliver,1
30B,text,comp(cut),40,recombine_cut_and_deliver,1
30B,text,comp(cut),41,recombine_cut_and_deliver,0
30B,text,comp(cut),42,recombine_cut_and_deliver,1
30B,text,comp(cut),43,recombine_cut_and_deliver,0
30B,text,comp(cut),44,recombine_cut_and_deliver,1
30B,text,comp(cut),45,recombine_cut_and_deliver,1
30B,text,comp(cut),46,recombine_cut_and_deliver,1
30B,text,comp(cut),47,recombine_cut_and_deliver,0
30B,text,comp(cut),48,recombine_cut_and_deliver,1
30B,text,comp(cut),49,recombine_cut_and_deliver,0
30B,text,comp(cut),50,recombine_cut_and_deliver,1
30B,text,comp(cut),51,recombine_cut_and_deliver,1
30B,text,comp(cut),52,recombine_cut_and_deliver,0
30B,text,comp(cut),53,recombine_cut_and_deliver,0
30B,text,comp(cut),54,recombine_cut_and_deliver,0
30B,text,comp(cut),55,recombine_cut_and_deliver,1
30B,text,comp(cut),56,recombine_cut_and_deliver,1
30B,text,comp(cut),57,recombine_cut_and_deliver,1
30B,text,comp(cut),58,recombine_cut_and_deliver,1
30B,text,comp(cut),59,recombine_cut_and_deliver,0
30B,text,comp(cut),60,recombine_cut_and_deliver,0
30B,text,comp(cut),61,recombine_cut_and_deliver,1
30B,text,comp(cut),62,recombine_cut_and_deliver,0
30B,text,comp(cut),63,recombine_cut_and_deliver,0
30B,text,comp(cut),64,recombine_cut_and_deliver,0
30B,text,comp(cut),65,recombine_cut_and_deliver,0
30B,text,comp(cut),66,recombine_cut_and_deliver,0
30B,text,comp(cut),67,recombine_cut_and_deliver,1
30B,text,comp(cut),68,recombine_cut_and_deliver,0
30B,text,comp(cut),69,recombine_cut_and_deliver,0
30B,text,comp(cut),70,recombine_cut_and_deliver,1
30B,text,comp(cut),71,recombine_cut_and_deliver,1
30B,text,comp(cut),72,recombine_cut_and_deliver,0
30B,text,comp(cut),73,recombine_cut_and_deliver,1
30B,text,comp(cut),74,recombine_cut_and_deliver,0
30B,text,comp(cut),75,recombine_cut_and_deliver,0
30B,text,comp(cut),76,recombine_cut_and_deliver,1
30B,text,comp(cut),77,recombine_cut_and_deliver,0
30B,text,comp(cut),78,recombine_cut_and_deliver,0
30B,text,comp(cut),79,recombine_cut_and_deliver,1
30B,text,comp(cut),80,recombine_cut_and_deliver,0
30B,text,comp(cut),81,recombine_cut_and_deliver,1
30B,text,comp(cut),82,recombine_cut_and_deliver,1
30B,text,comp(cut),83,recombine_cut_and_deliver,0
30B,text,comp(cut),84,recombine_cut_and_deliver,1
30B,text,comp(cut),85,recombine_cut_and_deliver,0
30B,text,comp(cut),86,recombine_cut_and_deliver,1
30B,text,comp(cut),87,recombine_cut_and_deliver,1
30B,text,comp(cut),88,recombine_cut_and_deliver,0
30B,text,comp(cut),89,recombine_cut_and_deliver,1
30B,text,comp(cut),90,recombine_cut_and_deliver,1
30B,text,comp(cut),91,recombine_cut_and_deliver,1
30B,text,comp(cut),92,recombine_cut_and_deliver,0
30B,text,comp(cut),93,recombine_cut_and_deliver,1
30B,text,comp(cut),94,recombine_cut_and_deliver,1
30B,text,comp(cut),95,recombine_cut_and_deliver,1
30B,text,comp(cut),96,recombine_cut_and_deliver,1
30B,text,comp(cut),97,recombine_cut_and_deliver,1
30B,text,comp(cut),98,recombine_cut_and_deliver,0
30B,text,comp(cut),99,recombine_cut_and_deliver,0
30B,text,comp(cut),100,recombine_cut_and_deliver,0
30B,text,comp(cut),101,recombine_cut_and_deliver,0
30B,text,comp(cut),102,recombine_cut_and_deliver,0
30B,text,comp(cut),103,recombine_cut_and_deliver,1
30B,text,comp(cut),104,recombine_cut_and_deliver,1
30B,text,comp(cut),105,recombine_cut_and_deliver,0
30B,text,comp(cut),106,recombine_cut_and_deliver,1
30B,text,comp(cut),107,recombine_cut_and_deliver,1
30B,text,comp(cut),108,recombine_cut_and_deliver,0
30B,text,comp(cut),109,recombine_cut_and_deliver,1
30B,text,comp(cut),110,recombine_cut_and_deliver,1
30B,text,comp(cut),111,recombine_cut_and_deliver,1
30B,text,comp(cut),112,recombine_cut_and_deliver,0
30B,text,comp(cut),113,recombine_cut_and_deliver,1
30B,text,comp(cut),114,recombine_cut_and_deliver,1
30B,text,comp(cut),115,recombine_cut_and_deliver,0
30B,text,comp(cut),116,recombine_cut_and_deliver,0
30B,text,comp(cut),117,recombine_cut_and_deliver,1
30B,text,comp(cut),118,recombine_cut_and_deliver,1
30B,text,comp(cut),119,recombine_cut_and_deliver,1
30B,text,comp(cut),120,recombine_cut_and_deliver,1
30B,text,comp(cut),121,recombine_cut_and_deliver,0
30B,text,comp(cut),122,recombine_cut_and_deliver,0
30B,text,comp(cut),123,recombine_cut_and_deliver,1
30B,text,comp(cut),124,recombine_cut_and_deliver,1
30B,text,comp(cut),125,recombine_cut_and_deliver,1
30B,text,comp(cut),126,recombine_cut_and_deliver,1
30B,text,comp(cut),127,recombine_cut_and_deliver,1
30B,text,comp(cut),128,recombine_cut_and_deliver,0
30B,text,comp(cut),129,recombine_cut_and_deliver,0
30B,text,comp(cut),130,recombine_cut_and_deliver,1
30B,text,comp(cut),131,recombine_cut_and_deliver,1
30B,text,comp(cut),132,recombine_cut_and_deliver,1
30B,text,comp(cut),133,recombine_cut_and_deliver,1
30B,text,comp(cut),134,recombine_cut_and_deliver,0
30B,text,comp(cut),135,recombine_cut_and_deliver,1
30B,text,comp(cut),136,recombine_cut_and_deliver,1
30B,text,comp(cut),137,recombine_cut_and_deliver,0
30B,text,comp(cut),138,recombine_cut_and_deliver,0
30B,text,comp(cut),139,recombine_cut_and_deliver,1
30B,text,comp(cut),140,recombine_cut_and_deliver,0
30B,text,comp(cut),141,recombine_cut_and_deliver,0
30B,text,comp(cut),142,recombine_cut_and_deliver,1
30B,text,comp(cut),143,recombine_cut_and_deliver,1
30B,text,comp(cut),144,recombine_cut_and_deliver,1
30B,text,comp(cut),145,recombine_cut_and_deliver,0
30B,text,comp(cut),146,recombine_cut_and_deliver,1
30B,text,comp(cut),147,recombine_cut_and_deliver,1
30B,text,comp(cut),148,recombine_cut_and_deliver,0
30B,text,comp(cut),149,recombine_cut_and_deliver,1
30B,text,comp(cut),150,recombine_cut_and_deliver,0
30B,text,comp(cut),151,recombine_cut_and_deliver,0
30B,text,comp(cut),152,recombine_cut_and_deliver,1
30B,text,comp(cut),153,recombine_cut_and_deliver,1
30B,text,comp(cut),154,recombine_cut_and_deliver,0
30B,text,comp(cut),155,recombine_cut_and_deliver,1
30B,text,comp(cut),156,recombine_cut_and_deliver,0
30B,text,comp(cut),157,recombine_cut_and_deliver,1
30B,text,comp(cut),158,recombine_cut_and_deliver,1
30B,text,comp(cut),159,recombine_cut_and_deliver,1
30B,text,comp(cut),160,recombine_cut_and_deliver,1
30B,text,comp(cut),161,recombine_cut_and_deliver,1
30B,text,comp(cut),162,recombine_cut_and_deliver,0
30B,text,comp(cut),163,recombine_cut_and_deliver,1
30B,text,comp(cut),164,recombine_cut_and_deliver,1
30B,text,comp(cut),165,recombine_cut_and_deliver,0
30B,text,comp(cut),166,recombine_cut_and_deliver,1
30B,text,comp(cut),167,recombine_cut_and_deliver,1
30B,text,comp(cut),168,recombine_cut_and_deliver,1
30B,text,comp(cut),169,recombine_cut_and_deliver,1
30B,text,comp(cut),170,recombine_cut_and_deliver,1
30B,text,comp(cut),171,recombine_cut_and_deliver,1
30B,text,comp(cut),172,recombine_cut_and_deliver,1
30B,text,comp(cut),173,recombine_cut_and_deliver,1
30B,text,comp(cut),174,recombine_cut_and_deliver,0
30B,text,comp(cut),175,recombine_cut_and_deliver,1
30B,text,comp(cut),176,recombine_cut_and_deliver,0
30B,text,comp(cut),177,recombine_cut_and_deliver,0
30B,text,comp(cut),178,recombine_cut_and_deliver,0
30B,text,comp(cut),179,recombine_cut_and_deliver,1
30B,text,comp(cut),180,recombine_cut_and_deliver,0
30B,text,comp(cut),181,recombine_cut_and_deliver,0
30B,text,comp(cut),182,recombine_cut_and_deliver,1
30B,text,comp(cut),183,recombine_cut_and_deliver,0
30B,text,comp(cut),184,recombine_cut_and_deliver,1
30B,text,comp(cut),185,recombine_cut_and_deliver,1
30B,text,comp(cut),186,recombine_cut_and_deliver,0
30B,text,comp(cut),187,recombine_cut_and_deliver,1
30B,text,comp(cut),188,recombine_cut_and_deliver,0
30B,text,comp(cut),189,recombine_cut_and_deliver,1
30B,text,comp(cut),190,recombine_cut_and_deliver,1
30B,text,comp(cut),191,recombine_cut_and_deliver,1
30B,text,comp(cut),192,recombine_cut_and_deliver,1
30B,text,comp(cut),193,recombine_cut_and_deliver,0
30B,text,comp(cut),194,recombine_cut_and_deliver,1
30B,text,comp(cut),195,recombine_cut_and_deliver,0
30B,text,comp(cut),196,recombine_cut_and_deliver,1
30B,text,comp(cut),197,recombine_cut_and_deliver,1
30B,text,comp(cut),198,recombine_cut_and_deliver,0
30B,text,comp(cut),199,recombine_cut_and_deliver,1
30B,text,comp(cut),200,recombine_cut_and_deliver,1
30B,text,comp(cut),201,recombine_cut_and_deliver,1
30B,text,comp(cut),202,recombine_cut_and_deliver,0
30B,text,comp(cut),203,recombine_cut_and_deliver,1
30B,text,comp(cut),204,recombine_cut_and_deliver,0
30B,text,comp(cut),205,recombine_cut_and_deliver,1
30B,text,comp(cut),206,recombine_cut_and_deliver,1
30B,text,comp(cut),207,recombine_cut_and_deliver,1
30B,text,comp(cut),208,recombine_cut_and_deliver,1
30B,text,comp(cut),209,recombine_cut_and_deliver,1
30B,text,comp(cut),210,recombine_cut_and_deliver,0
30B,text,comp(cut),211,recombine_cut_and_deliver,0
30B,text,comp(cut),212,recombine_cut_and_deliver,0
30B,text,comp(cut),213,recombine_cut_and_deliver,1
30B,text,comp(cut),214,recombine_cut_and_deliver,1
30B,text,comp(cut),215,recombine_cut_and_deliver,1
30B,text,comp(cut),216,recombine_cut_and_deliver,1
30B,text,comp(cut),217,recombine_cut_and_deliver,1
30B,text,comp(cut),218,recombine_cut_and_deliver,1
30B,text,comp(cut),219,recombine_cut_and_deliver,0
30B,text,comp(cut),220,recombine_cut_and_deliver,0
30B,text,comp(cut),221,recombine_cut_and_deliver,0
30B,text,comp(cut),222,recombine_cut_and_deliver,1
30B,text,comp(cut),223,recombine_cut_and_deliver,0
30B,text,comp(cut),224,recombine_cut_and_deliver,0
30B,text,comp(cut),225,recombine_cut_and_deliver,1
30B,text,comp(cut),226,recombine_cut_and_deliver,1
30B,text,comp(cut),227,recombine_cut_and_deliver,1
30B,text,comp(cut),228,recombine_cut_and_deliver,1
30B,text,comp(cut),229,recombine_cut_and_deliver,0
30B,text,comp(cut),230,recombine_cut_and_deliver,0
30B,text,comp(cut),231,recombine_cut_and_deliver,1
30B,text,comp(cut),232,recombine_cut_and_deliver,1
30B,text,comp(cut),233,recombine_cut_and_deliver,1
30B,text,comp(cut),234,recombine_cut_and_deliver,1
30B,text,comp(cut),235,recombine_cut_and_deliver,0
30B,text,comp(cut),236,recombine_cut_and_deliver,0
30B,text,comp(cut),237,recombine_cut_and_deliver,1
30B,text,comp(cut),238,recombine_cut_and_deliver,1
30B,text,comp(cut),239,recombine_cut_and_deliver,1
30B,text,comp(cut),240,recombine_cut_and_deliver,0
30B,text,comp(cut),241,recombine_cut_and_deliver,1
30B,text,comp(cut),242,recombine_cut_and_deliver,1
30B,text,comp(cut),243,recombine_cut_and_deliver,1
30B,text,comp(cut),244,recombine_cut_and_deliver,0
30B,text,comp(cut),245,recombine_cut_and_deliver,0
30B,text,comp(cut),246,recombine_cut_and_deliver,1
30B,text,comp(cut),247,recombine_cut_and_deliver,1
30B,text,comp(cut),248,recombine_cut_and_deliver,0
30B,text,comp(cut),249,recombine_cut_and_deliver,1
30B,text,comp(cut),250,recombine_cut_and_deliver,1
30B,text,comp(cut),251,recombine_cut_and_deliver,1
30B,text,comp(cut),252,recombine_cut_and_deliver,1
30B,text,comp(cut),253,recombine_cut_and_deliver,0
30B,text,comp(cut),254,recombine_cut_and_deliver,1
30B,text,comp(cut),255,recombine_cut_and_deliver,0
30B,text,comp(cut),256,recombine_cut_and_deliver,1
30B,text,comp(cut),257,recombine_cut_and_deliver,1
30B,text,comp(cut),258,recombine_cut_and_deliver,1
30B,text,comp(cut),259,recombine_cut_and_deliver,1
30B,text,comp(cut),260,recombine_cut_and_deliver,0
30B,text,comp(cut),261,recombine_cut_and_deliver,0
30B,text,comp(cut),262,recombine_cut_and_deliver,1
30B,text,comp(cut),263,recombine_cut_and_deliver,1
30B,text,comp(cut),264,recombine_cut_and_deliver,1
30B,text,comp(cut),265,recombine_cut_and_deliver,0
30B,text,comp(cut),266,recombine_cut_and_deliver,1
30B,text,comp(cut),267,recombine_cut_and_deliver,1
30B,text,comp(cut),268,recombine_cut_and_deliver,0
30B,text,comp(cut),269,recombine_cut_and_deliver,1
30B,text,comp(cut),270,recombine_cut_and_deliver,0
30B,text,comp(cut),271,recombine_cut_and_deliver,0
30B,text,comp(cut),272,recombine_cut_and_deliver,0
30B,text,comp(cut),273,recombine_cut_and_deliver,1
30B,text,comp(cut),274,recombine_cut_and_deliver,1
30B,text,comp(cut),275,recombine_cut_and_deliver,1
30B,text,comp(cut),276,recombine_cut_and_deliver,0
30B,text,comp(cut),277,recombine_cut_and_deliver,0
30B,text,comp(cut),278,recombine_cut_and_deliver,1
30B,text,comp(cut),279,recombine_cut_and_deliver,1
30B,text,comp(cut),280,recombine_cut_and_deliver,0
30B,text,comp(cut),281,recombine_cut_and_deliver,1
30B,text,comp(cut),282,recombine_cut_and_deliver,1
30B,text,comp(cut),283,recombine_cut_and_deliver,1
30B,text,comp(cut),284,recombine_cut_and_deliver,1
30B,text,comp(cut),285,recombine_cut_and_deliver,1
30B,text,comp(cut),286,recombine_cut_and_deliver,1
30B,text,comp(cut),287,recombine_cut_and_deliver,1
30B,text,comp(cut),288,recombine_cut_and_deliver,1
30B,text,comp(cut),289,recombine_cut_and_deliver,1
30B,text,comp(cut),290,recombine_cut_and_deliver,1
30B,text,comp(cut),291,recombine_cut_and_deliver,1
30B,text,comp(cut),292,recombine_cut_and_deliver,0
30B,text,comp(cut),293,recombine_cut_and_deliver,0
30B,text,comp(cut),294,recombine_cut_and_deliver,1
30B,text,comp(cut),295,recombine_cut_and_deliver,0
30B,text,comp(cut),296,recombine_cut_and_deliver,1
30B,text,comp(cut+delivery),0,recombine_cut_and_deliver,1
30B,text,comp(cut+delivery),1,recombine_cut_and_deliver,1
30B,text,comp(cut+delivery),2,recombine_cut_and_deliver,1
30B,text,comp(cut+delivery),3,recombine_cut_and_deliver,0
30B,text,comp(cut+delivery),4,recombine_cut_and_deliver,0
30B,text,comp(cut+delivery),5,recombine_cut_and_deliver,0
30B,text,comp(cut+delivery),6,recombine_cut_and_deliver,1
30B,text,comp(cut+delivery),7,recombine_cut_and_deliver,1
30B,text,comp(cut+delivery),8,recombine_cut_and_deliver,0
30B,text,comp(cut+delivery),9,recombine_cut_and_deliver,0
30B,text,comp(cut+delivery),10,recombine_cut_and_deliver,1
30B,text,comp(cut+delivery),11,recombine_cut_and_deliver,1
30B,text,comp(cut+delivery),12,recombine_cut_and_deliver,1
30B,text,comp(cut+delivery),13,recombine_cut_and_deliver,1
30B,text,comp(cut+delivery),14,recombine_cut_and_deliver,1
30B,text,comp(cut+delivery),15,recombine_cut_and_deliver,1
30B,text,comp(cut+delivery),16,recombine_cut_and_deliver,0
30B,text,comp(cut+delivery),17,recombine_cut_and_deliver,1
30B,text,comp(cut+delivery),18,recombine_cut_and_deliver,1
30B,text,comp(cut+delivery),19,recombine_cut_and_deliver,0
30B,text,comp(cut+delivery),20,recombine_cut_and_deliver,1
30B,text,comp(cut+delivery),21,recombine_cut_and_deliver,1
30B,text,comp(cut+delivery),22,recombine_cut_and_deliver,1
30B,text,comp(cut+delivery),23,recombine_cut_and_deliver,0
30B,text,comp(cut+delivery),24,recombine_cut_and_deliver,1
30B,text,comp(cut+delivery),25,recombine_cut_and_deliver,1
30B,text,comp(cut+delivery),26,recombine_cut_and_deliver,1
30B,text,comp(cut+delivery),27,recombine_cut_and_deliver,0
30B,text,comp(cut+delivery),28,recombine_cut_and_deliver,0
30B,text,comp(cut+delivery),29,recombine_cut_and_deliver,0
30B,text,comp(cut+delivery),30,recombine_cut_and_deliver,1
30B,text,comp(cut+delivery),31,recombine_cut_and_deliver,1
30B,text,comp(cut+delivery),32,recombine_cut_and_deliver,0
30B,text,comp(cut+delivery),33,recombine_cut_and_deliver,1
30B,text,comp(cut+delivery),34,recombine_cut_and_deliver,1
30B,text,comp(cut+delivery),35,recombine_cut_and_deliver,1
30B,text,comp(cut+delivery),36,recombine_cut_and_deliver,1
30B,text,comp(cut+delivery),37,recombine_cut_and_deliver,1
30B,text,comp(cut+delivery),38,recombine_cut_and_deliver,1
30B,text,comp(cut+delivery),39,recombine_cut_and_deliver,1
30B,text,comp(cut+delivery),40,recombine_cut_and_deliver,1
30B,text,comp(cut+delivery),41,recombine_cut_and_deliver,0
30B,text,comp(cut+delivery),42,recombine_cut_and_deliver,1
30B,text,comp(cut+delivery),43,recombine_cut_and_deliver,0
30B,text,comp(cut+delivery),44,recombine_cut_and_deliver,1
30B,text,comp(cut+delivery),45,recombine_cut_and_deliver,1
30B,text,comp(cut+delivery),46,recombine_cut_and_deliver,1
30B,text,comp(cut+delivery),47,recombine_cut_and_deliver,0
30B,text,comp(cut+delivery),48,recombine_cut_and_deliver,1
30B,text,comp(cut+delivery),49,recombine_cut_and_deliver,0
30B,text,comp(cut+delivery),50,recombine_cut_and_deliver,1
30B,text,comp(cut+delivery),51,recombine_cut_and_deliver,1
30B,text,comp(cut+delivery),52,recombine_cut_and_deliver,0
30B,text,comp(cut+delivery),53,recombine_cut_and_deliver,0
30B,text,comp(cut+delivery),54,recombine_cut_and_deliver,0
30B,text,comp(cut+delivery),55,recombine_cut_and_deliver,1
30B,text,comp(cut+delivery),56,recombine_cut_and_deliver,1
30B,text,comp(cut+delivery),57,recombine_cut_and_deliver,1
30B,text,comp(cut+delivery),58,recombine_cut_and_deliver,1
30B,text,comp(cut+delivery),59,recombine_cut_and_deliver,0
30B,text,comp(cut+delivery),60,recombine_cut_and_deliver,0
30B,text,comp(cut+delivery),61,recombine_cut_and_deliver,1
30B,text,comp(cut+delivery),62,recombine_cut_and_deliver,0
30B,text,comp(cut+delivery),63,recombine_cut_and_deliver,0
30B,text,comp(cut+delivery),64,recombine_cut_and_deliver,0
30B,text,comp(cut+delivery),65,recombine_cut_and_deliver,0
30B,text,comp(cut+delivery),66,recombine_cut_and_deliver,0
30B,text,comp(cut+delivery),67,recombine_cut_and_deliver,1
30B,text,comp(cut+delivery),68,recombine_cut_and_deliver,0
30B,text,comp(cut+delivery),69,recombine_cut_and_deliver,0
30B,text,comp(cut+delivery),70,recombine_cut_and_deliver,1
30B,text,comp(cut+delivery),71,recombine_cut_and_deliver,1
30B,text,comp(cut+delivery),72,recombine_cut_and_deliver,0
30B,text,comp(cut+delivery),73,recombine_cut_and_deliver,1
30B,text,comp(cut+delivery),74,recombine_cut_and_deliver,0
30B,text,comp(cut+delivery),75,recombine_cut_and_deliver,0
30B,text,comp(cut+delivery),76,recombine_cut_and_deliver,1
30B,text,comp(cut+delivery),77,recombine_cut_and_deliver,0
30B,text,comp(cut+delivery),78,recombine_cut_and_deliver,0
30B,text,comp(cut+delivery),79,recombine_cut_and_deliver,1
30B,text,comp(cut+delivery),80,recombine_cut_and_deliver,0
30B,text,comp(cut+delivery),81,recombine_cut_and_deliver,1
30B,text,comp(cut+delivery),82,recombine_cut_and_deliver,1
30B,text,comp(cut+delivery),83,recombine_cut_and_deliver,0
30B,text,comp(cut+delivery),84,recombine_cut_and_deliver,1
30B,text,comp(cut+delivery),85,recombine_cut_and_deliver,0
30B,text,comp(cut+delivery),86,recombine_cut_and_deliver,1
30B,text,comp(cut+delivery),87,recombine_cut_and_deliver,1
30B,text,comp(cut+delivery),88,recombine_cut_and_deliver,0
30B,text,comp(cut+delivery),89,recombine_cut_and_deliver,1
30B,text,comp(cut+delivery),90,recombine_cut_and_deliver,1
30B,text,comp(cut+delivery),91,recombine_cut_and_deliver,1
30B,text,comp(cut+delivery),92,recombine_cut_and_deliver,0
30B,text,comp(cut+delivery),93,recombine_cut_and_deliver,1
30B,text,comp(cut+delivery),94,recombine_cut_and_deliver,1
30B,text,comp(cut+delivery),95,recombine_cut_and_deliver,1
30B,text,comp(cut+delivery),96,recombine_cut_and_deliver,1
30B,text,comp(cut+delivery),97,recombine_cut_and_deliver,1
30B,text,comp(cut+delivery),98,recombine_cut_and_deliver,0
30B,text,comp(cut+delivery),99,recombine_cut_and_deliver,0
30B,text,comp(cut+delivery),100,recombine_cut_and_deliver,0
30B,text,comp(cut+delivery),101,recombine_cut_and_deliver,0
30B,text,comp(cut+delivery),102,recombine_cut_and_deliver,0
30B,text,comp(cut+delivery),103,recombine_cut_and_deliver,1
30B,text,comp(cut+delivery),104,recombine_cut_and_deliver,1
30B,text,comp(cut+delivery),105,recombine_cut_and_deliver,0
30B,text,comp(cut+delivery),106,recombine_cut_and_deliver,1
30B,text,comp(cut+delivery),107,recombine_cut_and_deliver,1
30B,text,comp(cut+delivery),108,recombine_cut_and_deliver,0
30B,text,comp(cut+delivery),109,recombine_cut_and_deliver,1
30B,text,comp(cut+delivery),110,recombine_cut_and_deliver,1
30B,text,comp(cut+delivery),111,recombine_cut_and_deliver,1
30B,text,comp(cut+delivery),112,recombine_cut_and_deliver,0
30B,text,comp(cut+delivery),113,recombine_cut_and_deliver,1
30B,text,comp(cut+delivery),114,recombine_cut_and_deliver,1
30B,text,comp(cut+delivery),115,recombine_cut_and_deliver,0
30B,text,comp(cut+delivery),116,recombine_cut_and_deliver,0
30B,text,comp(cut+delivery),117,recombine_cut_and_deliver,1
30B,text,comp(cut+delivery),118,recombine_cut_and_deliver,1
30B,text,comp(cut+delivery),119,recombine_cut_and_deliver,1
30B,text,comp(cut+delivery),120,recombine_cut_and_deliver,1
30B,text,comp(cut+delivery),121,recombine_cut_and_deliver,0
30B,text,comp(cut+delivery),122,recombine_cut_and_deliver,0
30B,text,comp(cut+delivery),123,recombine_cut_and_deliver,1
30B,text,comp(cut+delivery),124,recombine_cut_and_deliver,1
30B,text,comp(cut+delivery),125,recombine_cut_and_deliver,1
30B,text,comp(cut+delivery),126,recombine_cut_and_deliver,1
30B,text,comp(cut+delivery),127,recombine_cut_and_deliver,1
30B,text,comp(cut+delivery),128,recombine_cut_and_deliver,0
30B,text,comp(cut+delivery),129,recombine_cut_and_deliver,0
30B,text,comp(cut+delivery),130,recombine_cut_and_deliver,1
30B,text,comp(cut+delivery),131,recombine_cut_and_deliver,1
30B,text,comp(cut+delivery),132,recombine_cut_and_deliver,1
30B,text,comp(cut+delivery),133,recombine_cut_and_deliver,1
30B,text,comp(cut+delivery),134,recombine_cut_and_deliver,0
30B,text,comp(cut+delivery),135,recombine_cut_and_deliver,1
30B,text,comp(cut+delivery),136,recombine_cut_and_deliver,1
30B,text,comp(cut+delivery),137,recombine_cut_and_deliver,0
30B,text,comp(cut+delivery),138,recombine_cut_and_deliver,0
30B,text,comp(cut+delivery),139,recombine_cut_and_deliver,1
30B,text,comp(cut+delivery),140,recombine_cut_and_deliver,0
30B,text,comp(cut+delivery),141,recombine_cut_and_deliver,0
30B,text,comp(cut+delivery),142,recombine_cut_and_deliver,1
30B,text,comp(cut+delivery),143,recombine_cut_and_deliver,1
30B,text,comp(cut+delivery),144,recombine_cut_and_deliver,1
30B,text,comp(cut+delivery),145,recombine_cut_and_deliver,0
30B,text,comp(cut+delivery),146,recombine_cut_and_deliver,1
30B,text,comp(cut+delivery),147,recombine_cut_and_deliver,1
30B,text,comp(cut+delivery),148,recombine_cut_and_deliver,0
30B,text,comp(cut+delivery),149,recombine_cut_and_deliver,1
30B,text,comp(cut+delivery),150,recombine_cut_and_deliver,0
30B,text,comp(cut+delivery),151,recombine_cut_and_deliver,0
30B,text,comp(cut+delivery),152,recombine_cut_and_deliver,1
30B,text,comp(cut+delivery),153,recombine_cut_and_deliver,1
30B,text,comp(cut+delivery),154,recombine_cut_and_deliver,0
30B,text,comp(cut+delivery),155,recombine_cut_and_deliver,1
30B,text,comp(cut+delivery),156,recombine_cut_and_deliver,0
30B,text,comp(cut+delivery),157,recombine_cut_and_deliver,1
30B,text,comp(cut+delivery),158,recombine_cut_and_deliver,1
30B,text,comp(cut+delivery),159,recombine_cut_and_deliver,1
30B,text,comp(cut+delivery),160,recombine_cut_and_deliver,1
30B,text,comp(cut+delivery),161,recombine_cut_and_deliver,1
30B,text,comp(cut+delivery),162,recombine_cut_and_deliver,0
30B,text,comp(cut+delivery),163,recombine_cut_and_deliver,1
30B,text,comp(cut+delivery),164,recombine_cut_and_deliver,1
30B,text,comp(cut+delivery),165,recombine_cut_and_deliver,0
30B,text,comp(cut+delivery),166,recombine_cut_and_deliver,1
30B,text,comp(cut+delivery),167,recombine_cut_and_deliver,1
30B,text,comp(cut+delivery),168,recombine_cut_and_deliver,1
30B,text,comp(cut+delivery),169,recombine_cut_and_deliver,1
30B,text,comp(cut+delivery),170,recombine_cut_and_deliver,1
30B,text,comp(cut+delivery),171,recombine_cut_and_deliver,1
30B,text,comp(cut+delivery),172,recombine_cut_and_deliver,1
30B,text,comp(cut+delivery),173,recombine_cut_and_deliver,1
30B,text,comp(cut+delivery),174,recombine_cut_and_deliver,0
30B,text,comp(cut+delivery),175,recombine_cut_and_deliver,1
30B,text,comp(cut+delivery),176,recombine_cut_and_deliver,0
30B,text,comp(cut+delivery),177,recombine_cut_and_deliver,0
30B,text,comp(cut+delivery),178,recombine_cut_and_deliver,0
30B,text,comp(cut+delivery),179,recombine_cut_and_deliver,1
30B,text,comp(cut+delivery),180,recombine_cut_and_deliver,0
30B,text,comp(cut+delivery),181,recombine_cut_and_deliver,0
30B,text,comp(cut+delivery),182,recombine_cut_and_deliver,1
30B,text,comp(cut+delivery),183,recombine_cut_and_deliver,0
30B,text,comp(cut+delivery),184,recombine_cut_and_deliver,1
30B,text,comp(cut+delivery),185,recombine_cut_and_deliver,1
30B,text,comp(cut+delivery),186,recombine_cut_and_deliver,0
30B,text,comp(cut+delivery),187,recombine_cut_and_deliver,1
30B,text,comp(cut+delivery),188,recombine_cut_and_deliver,0
30B,text,comp(cut+delivery),189,recombine_cut_and_deliver,1
30B,text,comp(cut+delivery),190,recombine_cut_and_deliver,1
30B,text,comp(cut+delivery),191,recombine_cut_and_deliver,1
30B,text,comp(cut+delivery),192,recombine_cut_and_deliver,1
30B,text,comp(cut+delivery),193,recombine_cut_and_deliver,0
30B,text,comp(cut+delivery),194,recombine_cut_and_deliver,1
30B,text,comp(cut+delivery),195,recombine_cut_and_deliver,0
30B,text,comp(cut+delivery),196,recombine_cut_and_deliver,1
30B,text,comp(cut+delivery),197,recombine_cut_and_deliver,1
30B,text,comp(cut+delivery),198,recombine_cut_and_deliver,0
30B,text,comp(cut+delivery),199,recombine_cut_and_deliver,1
30B,text,comp(cut+delivery),200,recombine_cut_and_deliver,1
30B,text,comp(cut+delivery),201,recombine_cut_and_deliver,1
30B,text,comp(cut+delivery),202,recombine_cut_and_deliver,0
30B,text,comp(cut+delivery),203,recombine_cut_and_deliver,1
30B,text,comp(cut+delivery),204,recombine_cut_and_deliver,0
30B,text,comp(cut+delivery),205,recombine_cut_and_deliver,1
30B,text,comp(cut+delivery),206,recombine_cut_and_deliver,1
30B,text,comp(cut+delivery),207,recombine_cut_and_deliver,1
30B,text,comp(cut+delivery),208,recombine_cut_and_deliver,1
30B,text,comp(cut+delivery),209,recombine_cut_and_deliver,1
30B,text,comp(cut+delivery),210,recombine_cut_and_deliver,0
30B,text,comp(cut+delivery),211,recombine_cut_and_deliver,0
30B,text,comp(cut+delivery),212,recombine_cut_and_deliver,0
30B,text,comp(cut+delivery),213,recombine_cut_and_deliver,1
30B,text,comp(cut+delivery),214,recombine_cut_and_deliver,1
30B,text,comp(cut+delivery),215,recombine_cut_and_deliver,1
30B,text,comp(cut+delivery),216,recombine_cut_and_deliver,1
30B,text,comp(cut+delivery),217,recombine_cut_and_deliver,1
30B,text,comp(cut+delivery),218,recombine_cut_and_deliver,1
30B,text,comp(cut+delivery),219,recombine_cut_and_deliver,0
30B,text,comp(cut+delivery),220,recombine_cut_and_deliver,0
30B,text,comp(cut+delivery),221,recombine_cut_and_deliver,0
30B,text,comp(cut+delivery),222,recombine_cut_and_deliver,1
30B,text,comp(cut+delivery),223,recombine_cut_and_deliver,0
30B,text,comp(cut+delivery),224,recombine_cut_and_deliver,0
30B,text,comp(cut+delivery),225,recombine_cut_and_deliver,1
30B,text,comp(cut+delivery),226,recombine_cut_and_deliver,1
30B,text,comp(cut+delivery),227,recombine_cut_and_deliver,1
30B,text,comp(cut+delivery),228,recombine_cut_and_deliver,1
30B,text,comp(cut+delivery),229,recombine_cut_and_deliver,0
30B,text,comp(cut+delivery),230,recombine_cut_and_deliver,0
30B,text,comp(cut+delivery),231,recombine_cut_and_deliver,1
30B,text,comp(cut+delivery),232,recombine_cut_and_deliver,1
30B,text,comp(cut+delivery),233,recombine_cut_and_deliver,1
30B,text,comp(cut+delivery),234,recombine_cut_and_deliver,1
30B,text,comp(cut+delivery),235,recombine_cut_and_deliver,0
30B,text,comp(cut+delivery),236,recombine_cut_and_deliver,0
30B,text,comp(cut+delivery),237,recombine_cut_and_deliver,1
30B,text,comp(cut+delivery),238,recombine_cut_and_deliver,1
30B,text,comp(cut+delivery),239,recombine_cut_and_deliver,1
30B,text,comp(cut+delivery),240,recombine_cut_and_deliver,0
30B,text,comp(cut+delivery),241,recombine_cut_and_deliver,1
30B,text,comp(cut+delivery),242,recombine_cut_and_deliver,1
30B,text,comp(cut+delivery),243,recombine_cut_and_deliver,1
30B,text,comp(cut+delivery),244,recombine_cut_and_deliver,0
30B,text,comp(cut+delivery),245,recombine_cut_and_deliver,0
30B,text,comp(cut+delivery),246,recombine_cut_and_deliver,1
30B,text,comp(cut+delivery),247,recombine_cut_and_deliver,1
30B,text,comp(cut+delivery),248,recombine_cut_and_deliver,0
30B,text,comp(cut+delivery),249,recombine_cut_and_deliver,1
30B,text,comp(cut+delivery),250,recombine_cut_and_deliver,1
30B,text,comp(cut+delivery),251,recombine_cut_and_deliver,1
30B,text,comp(cut+delivery),252,recombine_cut_and_deliver,1
30B,text,comp(cut+delivery),253,recombine_cut_and_deliver,0
30B,text,comp(cut+delivery),254,recombine_cut_and_deliver,1
30B,text,comp(cut+delivery),255,recombine_cut_and_deliver,0
30B,text,comp(cut+delivery),256,recombine_cut_and_deliver,1
30B,text,comp(cut+delivery),257,recombine_cut_and_deliver,1
30B,text,comp(cut+delivery),258,recombine_cut_and_deliver,1
30B,text,comp(cut+delivery),259,recombine_cut_and_deliver,1
30B,text,comp(cut+delivery),260,recombine_cut_and_deliver,0
30B,text,comp(cut+delivery),261,recombine_cut_and_deliver,0
30B,text,comp(cut+delivery),262,recombine_cut_and_deliver,1
30B,text,comp(cut+delivery),263,recombine_cut_and_deliver,1
30B,text,comp(cut+delivery),264,recombine_cut_and_deliver,1
30B,text,comp(cut+delivery),265,recombine_cut_and_deliver,0
30B,text,comp(cut+delivery),266,recombine_cut_and_deliver,1
30B,text,comp(cut+delivery),267,recombine_cut_and_deliver,1
30B,text,comp(cut+delivery),268,recombine_cut_and_deliver,0
30B,text,comp(cut+delivery),269,recombine_cut_and_deliver,1
30B,text,comp(cut+delivery),270,recombine_cut_and_deliver,0
30B,text,comp(cut+delivery),271,recombine_cut_and_deliver,0
30B,text,comp(cut+delivery),272,recombine_cut_and_deliver,0
30B,text,comp(cut+delivery),273,recombine_cut_and_deliver,1
30B,text,comp(cut+delivery),274,recombine_cut_and_deliver,1
30B,text,comp(cut+delivery),275,recombine_cut_and_deliver,1
30B,text,comp(cut+delivery),276,recombine_cut_and_deliver,0
30B,text,comp(cut+delivery),277,recombine_cut_and_deliver,0
30B,text,comp(cut+delivery),278,recombine_cut_and_deliver,1
30B,text,comp(cut+delivery),279,recombine_cut_and_deliver,1
30B,text,comp(cut+delivery),280,recombine_cut_and_deliver,0
30B,text,comp(cut+delivery),281,recombine_cut_and_deliver,1
30B,text,comp(cut+delivery),282,recombine_cut_and_deliver,1
30B,text,comp(cut+delivery),283,recombine_cut_and_deliver,1
30B,text,comp(cut+delivery),284,recombine_cut_and_deliver,1
30B,text,comp(cut+delivery),285,recombine_cut_and_deliver,1
30B,text,comp(cut+delivery),286,recombine_cut_and_deliver,1
30B,text,comp(cut+delivery),287,recombine_cut_and_deliver,1
30B,text,comp(cut+delivery),288,recombine_cut_and_deliver,1
30B,text,comp(cut+delivery),289,recombine_cut_and_deliver,1
30B,text,comp(cut+delivery),290,recombine_cut_and_deliver,1
30B,text,comp(cut+delivery),291,recombine_cut_and_deliver,1
30B,text,comp(cut+delivery),292,recombine_cut_and_deliver,0
30B,text,comp(cut+delivery),293,recombine_cut_and_deliver,0
30B,text,comp(cut+delivery),294,recombine_cut_and_deliver,1
30B,text,comp(cut+delivery),295,recombine_cut_and_deliver,0
30B,text,comp(cut+delivery),296,recombine_cut_and_deliver,1
30B,text,comp(all),0,recombine_cut_and_deliver,1
30B,text,comp(all),1,recombine_cut_and_deliver,1
30B,text,comp(all),2,recombine_cut_and_deliver,1
30B,text,comp(all),3,recombine_cut_and_deliver,0
30B,text,comp(all),4,recombine_cut_and_deliver,0
30B,text,comp(all),5,recombine_cut_and_deliver,0
30B,text,comp(all),6,recombine_cut_and_deliver,1
30B,text,comp(all),7,recombine_cut_and_deliver,1
30B,text,comp(all),8,recombine_cut_and_deliver,1
30B,text,comp(all),9,recombine_cut_and_deliver,0
30B,text,comp(all),10,recombine_cut_and_deliver,1
30B,text,comp(all),11,recombine_cut_and_deliver,1
30B,text,comp(all),12,recombine_cut_and_deliver,1
30B,text,comp(all),13,recombine_cut_and_deliver,1
30B,text,comp(all),14,recombine_cut_and_deliver,1
30B,text,comp(all),15,recombine_cut_and_deliver,1
30B,text,comp(all),16,recombine_cut_and_deliver,0
30B,text,comp(all),17,recombine_cut_and_deliver,1
30B,text,comp(all),18,recombine_cut_and_deliver,1
30B,text,comp(all),19,recombine_cut_and_deliver,0
30B,text,comp(all),20,recombine_cut_and_deliver,1
30B,text,comp(all),21,recombine_cut_and_deliver,1
30B,text,comp(all),22,recombine_cut_and_deliver,1
30B,text,comp(all),23,recombine_cut_and_deliver,1
30B,text,comp(all),24,recombine_cut_and_deliver,1
30B,text,comp(all),25,recombine_cut_and_deliver,1
30B,text,comp(all),26,recombine_cut_and_deliver,1
30B,text,comp(all),27,recombine_cut_and_deliver,0
30B,text,comp(all),28,recombine_cut_and_deliver,0
30B,text,comp(all),29,recombine_cut_and_deliver,1
30B,text,comp(all),30,recombine_cut_and_deliver,1
30B,text,comp(all),31,recombine_cut_and_deliver,1
30B,text,comp(all),32,recombine_cut_and_deliver,1
30B,text,comp(all),33,recombine_cut_and_deliver,1
30B,text,comp(all),34,recombine_cut_and_deliver,1
30B,text,comp(all),35,recombine_cut_and_deliver,1
30B,text,comp(all),36,recombine_cut_and_deliver,1
30B,text,comp(all),37,recombine_cut_and_deliver,1
30B,text,comp(all),38,recombine_cut_and_deliver,1
30B,text,comp(all),39,recombine_cut_and_deliver,1
30B,text,comp(all),40,recombine_cut_and_deliver,1
30B,text,comp(all),41,recombine_cut_and_deliver,0
30B,text,comp(all),42,recombine_cut_and_deliver,1
30B,text,comp(all),43,recombine_cut_and_deliver,0
30B,text,comp(all),44,recombine_cut_and_deliver,1
30B,text,comp(all),45,recombine_cut_and_deliver,1
30B,text,comp(all),46,recombine_cut_and_deliver,1
30B,text,comp(all),47,recombine_cut_and_deliver,0
30B,text,comp(all),48,recombine_cut_and_deliver,1
30B,text,comp(all),49,recombine_cut_and_deliver,0
30B,text,comp(all),50,recombine_cut_and_deliver,1
30B,text,comp(all),51,recombine_cut_and_deliver,1
30B,text,comp(all),52,recombine_cut_and_deliver,0
30B,text,comp(all),53,recombine_cut_and_deliver,1
30B,text,comp(all),54,recombine_cut_and_deliver,0
30B,text,comp(all),55,recombine_cut_and_deliver,1
30B,text,comp(all),56,recombine_cut_and_deliver,1
30B,text,comp(all),57,recombine_cut_and_deliver,1
30B,text,comp(all),58,recombine_cut_and_deliver,1
30B,text,comp(all),59,recombine_cut_and_deliver,0
30B,text,comp(all),60,recombine_cut_and_deliver,0
30B,text,comp(all),61,recombine_cut_and_deliver,1
30B,text,comp(all),62,recombine_cut_and_deliver,0
30B,text,comp(all),63,recombine_cut_and_deliver,0
30B,text,comp(all),64,recombine_cut_and_deliver,1
30B,text,comp(all),65,recombine_cut_and_deliver,0
30B,text,comp(all),66,recombine_cut_and_deliver,0
30B,text,comp(all),67,recombine_cut_and_deliver,1
30B,text,comp(all),68,recombine_cut_and_deliver,0
30B,text,comp(all),69,recombine_cut_and_deliver,1
30B,text,comp(all),70,recombine_cut_and_deliver,1
30B,text,comp(all),71,recombine_cut_and_deliver,1
30B,text,comp(all),72,recombine_cut_and_deliver,1
30B,text,comp(all),73,recombine_cut_and_deliver,1
30B,text,comp(all),74,recombine_cut_and_deliver,1
30B,text,comp(all),75,recombine_cut_and_deliver,0
30B,text,comp(all),76,recombine_cut_and_deliver,1
30B,text,comp(all),77,recombine_cut_and_deliver,0
30B,text,comp(all),78,recombine_cut_and_deliver,0
30B,text,comp(all),79,recombine_cut_and_deliver,1
30B,text,comp(all),80,recombine_cut_and_deliver,0
30B,text,comp(all),81,recombine_cut_and_deliver,1
30B,text,comp(all),82,recombine_cut_and_deliver,1
30B,text,comp(all),83,recombine_cut_and_deliver,0
30B,text,comp(all),84,recombine_cut_and_deliver,1
30B,text,comp(all),85,recombine_cut_and_deliver,1
30B,text,comp(all),86,recombine_cut_and_deliver,1
30B,text,comp(all),87,recombine_cut_and_deliver,1
30B,text,comp(all),88,recombine_cut_and_deliver,1
30B,text,comp(all),89,recombine_cut_and_deliver,1
30B,text,comp(all),90,recombine_cut_and_deliver,1
30B,text,comp(all),91,recombine_cut_and_deliver,1
30B,text,comp(all),92,recombine_cut_and_deliver,0
30B,text,comp(all),93,recombine_cut_and_deliver,1
30B,text,comp(all),94,recombine_cut_and_deliver,1
30B,text,comp(all),95,recombine_cut_and_deliver,1
30B,text,comp(all),96,recombine_cut_and_deliver,1
30B,text,comp(all),97,recombine_cut_and_deliver,1
30B,text,comp(all),98,recombine_cut_and_deliver,0
30B,text,comp(all),99,recombine_cut_and_deliver,0
30B,text,comp(all),100,recombine_cut_and_deliver,0
30B,text,comp(all),101,recombine_cut_and_deliver,0
30B,text,comp(all),102,recombine_cut_and_deliver,0
30B,text,comp(all),103,recombine_cut_and_deliver,1
30B,text,comp(all),104,recombine_cut_and_deliver,1
30B,text,comp(all),105,recombine_cut_and_deliver,0
30B,text,comp(all),106,recombine_cut_and_deliver,1
30B,text,comp(all),107,recombine_cut_and_deliver,1
30B,text,comp(all),108,recombine_cut_and_deliver,1
30B,text,comp(all),109,recombine_cut_and_deliver,1
30B,text,comp(all),110,recombine_cut_and_deliver,1
30B,text,comp(all),111,recombine_cut_and_deliver,1
30B,text,comp(all),112,recombine_cut_and_deliver,0
30B,text,comp(all),113,recombine_cut_and_deliver,1
30B,text,comp(all),114,recombine_cut_and_deliver,1
30B,text,comp(all),115,recombine_cut_and_deliver,0
30B,text,comp(all),116,recombine_cut_and_deliver,0
30B,text,comp(all),117,recombine_cut_and_deliver,1
30B,text,comp(all),118,recombine_cut_and_deliver,1
30B,text,comp(all),119,recombine_cut_and_deliver,1
30B,text,comp(all),120,recombine_cut_and_deliver,1
30B,text,comp(all),121,recombine_cut_and_deliver,0
30B,text,comp(all),122,recombine_cut_and_deliver,1
30B,text,comp(all),123,recombine_cut_and_deliver,1
30B,text,comp(all),124,recombine_cut_and_deliver,1
30B,text,comp(all),125,recombine_cut_and_deliver,1
30B,text,comp(all),126,recombine_cut_and_deliver,1
30B,text,comp(all),127,recombine_cut_and_deliver,1
30B,text,comp(all),128,recombine_cut_and_deliver,0
30B,text,comp(all),129,recombine_cut_and_deliver,1
30B,text,comp(all),130,recombine_cut_and_deliver,1
30B,text,comp(all),131,recombine_cut_and_deliver,1
30B,text,comp(all),132,recombine_cut_and_deliver,1
30B,text,comp(all),133,recombine_cut_and_deliver,1
30B,text,comp(all),134,recombine_cut_and_deliver,0
30B,text,comp(all),135,recombine_cut_and_deliver,1
30B,text,comp(all),136,recombine_cut_and_deliver,1
30B,text,comp(all),137,recombine_cut_and_deliver,0
30B,text,comp(all),138,recombine_cut_and_deliver,0
30B,text,comp(all),139,recombine_cut_and_deliver,1
30B,text,comp(all),140,recombine_cut_and_deliver,1
30B,text,comp(all),141,recombine_cut_and_deliver,0
30B,text,comp(all),142,recombine_cut_and_deliver,1
30B,text,comp(all),143,recombine_cut_and_deliver,1
30B,text,comp(all),144,recombine_cut_and_deliver,1
30B,text,comp(all),145,recombine_cut_and_deliver,1
30B,text,comp(all),146,recombine_cut_and_deliver,1
30B,text,comp(all),147,recombine_cut_and_deliver,1
30B,text,comp(all),148,recombine_cut_and_deliver,0
30B,text,comp(all),149,recombine_cut_and_deliver,1
30B,text,comp(all),150,recombine_cut_and_deliver,0
30B,text,comp(all),151,recombine_cut_and_deliver,0
30B,text,comp(all),152,recombine_cut_and_deliver,1
30B,text,comp(all),153,recombine_cut_and_deliver,1
30B,text,comp(all),154,recombine_cut_and_deliver,0
30B,text,comp(all),155,recombine_cut_and_deliver,1
30B,text,comp(all),156,recombine_cut_and_deliver,0
30B,text,comp(all),157,recombine_cut_and_deliver,1
30B,text,comp(all),158,recombine_cut_and_deliver,1
30B,text,comp(all),159,recombine_cut_and_deliver,1
30B,text,comp(all),160,recombine_cut_and_deliver,1
30B,text,comp(all),161,recombine_cut_and_deliver,1
30B,text,comp(all),162,recombine_cut_and_deliver,1
30B,text,comp(all),163,recombine_cut_and_deliver,1
30B,text,comp(all),164,recombine_cut_and_deliver,1
30B,text,comp(all),165,recombine_cut_and_deliver,0
30B,text,comp(all),166,recombine_cut_and_deliver,1
30B,text,comp(all),167,recombine_cut_and_deliver,1
30B,text,comp(all),168,recombine_cut_and_deliver,1
30B,text,comp(all),169,recombine_cut_and_deliver,1
30B,text,comp(all),170,recombine_cut_and_deliver,1
30B,text,comp(all),171,recombine_cut_and_deliver,1
30B,text,comp(all),172,recombine_cut_and_deliver,1
30B,text,comp(all),173,recombine_cut_and_deliver,1
30B,text,comp(all),174,recombine_cut_and_deliver,0
30B,text,comp(all),175,recombine_cut_and_deliver,1
30B,text,comp(all),176,recombine_cut_and_deliver,0
30B,text,comp(all),177,recombine_cut_and_deliver,0
30B,text,comp(all),178,recombine_cut_and_deliver,0
30B,text,comp(all),179,recombine_cut_and_deliver,1
30B,text,comp(all),180,recombine_cut_and_deliver,1
30B,text,comp(all),181,recombine_cut_and_deliver,0
30B,text,comp(all),182,recombine_cut_and_deliver,1
30B,text,comp(all),183,recombine_cut_and_deliver,0
30B,text,comp(all),184,recombine_cut_and_deliver,1
30B,text,comp(all),185,recombine_cut_and_deliver,1
30B,text,comp(all),186,recombine_cut_and_deliver,1
30B,text,comp(all),187,recombine_cut_and_deliver,1
30B,text,comp(all),188,recombine_cut_and_deliver,0
30B,text,comp(all),189,recombine_cut_and_deliver,1
30B,text,comp(all),190,recombine_cut_and_deliver,1
30B,text,comp(all),191,recombine_cut_and_deliver,1
30B,text,comp(all),192,recombine_cut_and_deliver,1
30B,text,comp(all),193,recombine_cut_and_deliver,0
30B,text,comp(all),194,recombine_cut_and_deliver,1
30B,text,comp(all),195,recombine_cut_and_deliver,1
30B,text,comp(all),196,recombine_cut_and_deliver,1
30B,text,comp(all),197,recombine_cut_and_deliver,1
30B,text,comp(all),198,recombine_cut_and_deliver,0
30B,text,comp(all),199,recombine_cut_and_deliver,1
30B,text,comp(all),200,recombine_cut_and_deliver,1
30B,text,comp(all),201,recombine_cut_and_deliver,1
30B,text,comp(all),202,recombine_cut_and_deliver,1
30B,text,comp(all),203,recombine_cut_and_deliver,1
30B,text,comp(all),204,recombine_cut_and_deliver,0
30B,text,comp(all),205,recombine_cut_and_deliver,1
30B,text,comp(all),206,recombine_cut_and_deliver,1
30B,text,comp(all),207,recombine_cut_and_deliver,1
30B,text,comp(all),208,recombine_cut_and_deliver,1
30B,text,comp(all),209,recombine_cut_and_deliver,1
30B,text,comp(all),210,recombine_cut_and_deliver,0
30B,text,comp(all),211,recombine_cut_and_deliver,0
30B,text,comp(all),212,recombine_cut_and_deliver,0
30B,text,comp(all),213,recombine_cut_and_deliver,1
30B,text,comp(all),214,recombine_cut_and_deliver,1
30B,text,comp(all),215,recombine_cut_and_deliver,1
30B,text,comp(all),216,recombine_cut_and_deliver,1
30B,text,comp(all),217,recombine_cut_and_deliver,1
30B,text,comp(all),218,recombine_cut_and_deliver,1
30B,text,comp(all),219,recombine_cut_and_deliver,0
30B,text,comp(all),220,recombine_cut_and_deliver,1
30B,text,comp(all),221,recombine_cut_and_deliver,0
30B,text,comp(all),222,recombine_cut_and_deliver,1
30B,text,comp(all),223,recombine_cut_and_deliver,0
30B,text,comp(all),224,recombine_cut_and_deliver,1
30B,text,comp(all),225,recombine_cut_and_deliver,1
30B,text,comp(all),226,recombine_cut_and_deliver,1
30B,text,comp(all),227,recombine_cut_and_deliver,1
30B,text,comp(all),228,recombine_cut_and_deliver,1
30B,text,comp(all),229,recombine_cut_and_deliver,0
30B,text,comp(all),230,recombine_cut_and_deliver,0
30B,text,comp(all),231,recombine_cut_and_deliver,1
30B,text,comp(all),232,recombine_cut_and_deliver,1
30B,text,comp(all),233,recombine_cut_and_deliver,1
30B,text,comp(all),234,recombine_cut_and_deliver,1
30B,text,comp(all),235,recombine_cut_and_deliver,0
30B,text,comp(all),236,recombine_cut_and_deliver,0
30B,text,comp(all),237,recombine_cut_and_deliver,1
30B,text,comp(all),238,recombine_cut_and_deliver,1
30B,text,comp(all),239,recombine_cut_and_deliver,1
30B,text,comp(all),240,recombine_cut_and_deliver,0
30B,text,comp(all),241,recombine_cut_and_deliver,1
30B,text,comp(all),242,recombine_cut_and_deliver,1
30B,text,comp(all),243,recombine_cut_and_deliver,1
30B,text,comp(all),244,recombine_cut_and_deliver,0
30B,text,comp(all),245,recombine_cut_and_deliver,1
30B,text,comp(all),246,recombine_cut_and_deliver,1
30B,text,comp(all),247,recombine_cut_and_deliver,1
30B,text,comp(all),248,recombine_cut_and_deliver,1
30B,text,comp(all),249,recombine_cut_and_deliver,1
30B,text,comp(all),250,recombine_cut_and_deliver,1
30B,text,comp(all),251,recombine_cut_and_deliver,1
30B,text,comp(all),252,recombine_cut_and_deliver,1
30B,text,comp(all),253,recombine_cut_and_deliver,0
30B,text,comp(all),254,recombine_cut_and_deliver,1
30B,text,comp(all),255,recombine_cut_and_deliver,0
30B,text,comp(all),256,recombine_cut_and_deliver,1
30B,text,comp(all),257,recombine_cut_and_deliver,1
30B,text,comp(all),258,recombine_cut_and_deliver,1
30B,text,comp(all),259,recombine_cut_and_deliver,1
30B,text,comp(all),260,recombine_cut_and_deliver,0
30B,text,comp(all),261,recombine_cut_and_deliver,0
30B,text,comp(all),262,recombine_cut_and_deliver,1
30B,text,comp(all),263,recombine_cut_and_deliver,1
30B,text,comp(all),264,recombine_cut_and_deliver,1
30B,text,comp(all),265,recombine_cut_and_deliver,1
30B,text,comp(all),266,recombine_cut_and_deliver,1
30B,text,comp(all),267,recombine_cut_and_deliver,1
30B,text,comp(all),268,recombine_cut_and_deliver,0
30B,text,comp(all),269,recombine_cut_and_deliver,1
30B,text,comp(all),270,recombine_cut_and_deliver,0
30B,text,comp(all),271,recombine_cut_and_deliver,0
30B,text,comp(all),272,recombine_cut_and_deliver,1
30B,text,comp(all),273,recombine_cut_and_deliver,1
30B,text,comp(all),274,recombine_cut_and_deliver,1
30B,text,comp(all),275,recombine_cut_and_deliver,1
30B,text,comp(all),276,recombine_cut_and_deliver,0
30B,text,comp(all),277,recombine_cut_and_deliver,0
30B,text,comp(all),278,recombine_cut_and_deliver,1
30B,text,comp(all),279,recombine_cut_and_deliver,1
30B,text,comp(all),280,recombine_cut_and_deliver,0
30B,text,comp(all),281,recombine_cut_and_deliver,1
30B,text,comp(all),282,recombine_cut_and_deliver,1
30B,text,comp(all),283,recombine_cut_and_deliver,1
30B,text,comp(all),284,recombine_cut_and_deliver,1
30B,text,comp(all),285,recombine_cut_and_deliver,1
30B,text,comp(all),286,recombine_cut_and_deliver,1
30B,text,comp(all),287,recombine_cut_and_deliver,1
30B,text,comp(all),288,recombine_cut_and_deliver,1
30B,text,comp(all),289,recombine_cut_and_deliver,1
30B,text,comp(all),290,recombine_cut_and_deliver,1
30B,text,comp(all),291,recombine_cut_and_deliver,1
30B,text,comp(all),292,recombine_cut_and_deliver,0
30B,text,comp(all),293,recombine_cut_and_deliver,1
30B,text,comp(all),294,recombine_cut_and_deliver,1
30B,text,comp(all),295,recombine_cut_and_deliver,0
30B,text,comp(all),296,recombine_cut_and_deliver,1
30B,imaged,comp(cut),0,recombine_cut_and_deliver,1
30B,imaged,comp(cut),1,recombine_cut_and_deliver,1
30B,imaged,comp(cut),2,recombine_cut_and_deliver,1
30B,imaged,comp(cut),3,recombine_cut_and_deliver,0
30B,imaged,comp(cut),4,recombine_cut_and_deliver,0
30B,imaged,comp(cut),5,recombine_cut_and_deliver,0
30B,imaged,comp(cut),6,recombine_cut_and_deliver,0
30B,imaged,comp(cut),7,recombine_cut_and_deliver,1
30B,imaged,comp(cut),8,recombine_cut_and_deliver,0
30B,imaged,comp(cut),9,recombine_cut_and_deliver,0
30B,imaged,comp(cut),10,recombine_cut_and_deliver,1
30B,imaged,comp(cut),11,recombine_cut_and_deliver,0
30B,imaged,comp(cut),12,recombine_cut_and_deliver,0
30B,imaged,comp(cut),13,recombine_cut_and_deliver,1
30B,imaged,comp(cut),14,recombine_cut_and_deliver,1
30B,imaged,comp(cut),15,recombine_cut_and_deliver,1
30B,imaged,comp(cut),16,recombine_cut_and_deliver,0
30B,imaged,comp(cut),17,recombine_cut_and_deliver,0
30B,imaged,comp(cut),18,recombine_cut_and_deliver,1
30B,imaged,comp(cut),19,recombine_cut_and_deliver,0
30B,imaged,comp(cut),20,recombine_cut_and_deliver,1
30B,imaged,comp(cut),21,recombine_cut_and_deliver,1
30B,imaged,comp(cut),22,recombine_cut_and_deliver,0
30B,imaged,comp(cut),23,recombine_cut_and_deliver,1
30B,imaged,comp(cut),24,recombine_cut_and_deliver,1
30B,imaged,comp(cut),25,recombine_cut_and_deliver,0
30B,imaged,comp(cut),26,recombine_cut_and_deliver,1
30B,imaged,comp(cut),27,recombine_cut_and_deliver,0
30B,imaged,comp(cut),28,recombine_cut_and_deliver,0
30B,imaged,comp(cut),29,recombine_cut_and_deliver,0
30B,imaged,comp(cut),30,recombine_cut_and_deliver,1
30B,imaged,comp(cut),31,recombine_cut_and_deliver,0
30B,imaged,comp(cut),32,recombine_cut_and_deliver,1
30B,imaged,comp(cut),33,recombine_cut_and_deliver,1
30B,imaged,comp(cut),34,recombine_cut_and_deliver,0
30B,imaged,comp(cut),35,recombine_cut_and_deliver,0
30B,imaged,comp(cut),36,recombine_cut_and_deliver,1
30B,imaged,comp(cut),37,recombine_cut_and_deliver,1
30B,imaged,comp(cut),38,recombine_cut_and_deliver,1
30B,imaged,comp(cut),39,recombine_cut_and_deliver,1
30B,imaged,comp(cut),40,recombine_cut_and_deliver,1
30B,imaged,comp(cut),41,recombine_cut_and_deliver,0
30B,imaged,comp(cut),42,recombine_cut_and_deliver,1
30B,imaged,comp(cut),43,recombine_cut_and_deliver,0
30B,imaged,comp(cut),44,recombine_cut_and_deliver,1
30B,imaged,comp(cut),45,recombine_cut_and_deliver,1
30B,imaged,comp(cut),46,recombine_cut_and_deliver,1
30B,imaged,comp(cut),47,recombine_cut_and_deliver,0
30B,imaged,comp(cut),48,recombine_cut_and_deliver,1
30B,imaged,comp(cut),49,recombine_cut_and_deliver,0
30B,imaged,comp(cut),50,recombine_cut_and_deliver,1
30B,imaged,comp(cut),51,recombine_cut_and_deliver,1
30B,imaged,comp(cut),52,recombine_cut_and_deliver,0
30B,imaged,comp(cut),53,recombine_cut_and_deliver,0
30B,imaged,comp(cut),54,recombine_cut_and_deliver,0
30B,imaged,comp(cut),55,recombine_cut_and_deliver,1
30B,imaged,comp(cut),56,recombine_cut_and_deliver,0
30B,imaged,comp(cut),57,recombine_cut_and_deliver,1
30B,imaged,comp(cut),58,recombine_cut_and_deliver,1
30B,imaged,comp(cut),59,recombine_cut_and_deliver,0
30B,imaged,comp(cut),60,recombine_cut_and_deliver,0
30B,imaged,comp(cut),61,recombine_cut_and_deliver,1
30B,imaged,comp(cut),62,recombine_cut_and_deliver,0
30B,imaged,comp(cut),63,recombine_cut_and_deliver,0
30B,imaged,comp(cut),64,recombine_cut_and_deliver,1
30B,imaged,comp(cut),65,recombine_cut_and_deliver,0
30B,imaged,comp(cut),66,recombine_cut_and_deliver,0
30B,imaged,comp(cut),67,recombine_cut_and_deliver,0
30B,imaged,comp(cut),68,recombine_cut_and_deliver,0
30B,imaged,comp(cut),69,recombine_cut_and_deliver,1
30B,imaged,comp(cut),70,recombine_cut_and_deliver,1
30B,imaged,comp(cut),71,recombine_cut_and_deliver,1
30B,imaged,comp(cut),72,recombine_cut_and_deliver,0
30B,imaged,comp(cut),73,recombine_cut_and_deliver,1
30B,imaged,comp(cut),74,recombine_cut_and_deliver,0
30B,imaged,comp(cut),75,recombine_cut_and_deliver,0
30B,imaged,comp(cut),76,recombine_cut_and_deliver,1
30B,imaged,comp(cut),77,recombine_cut_and_deliver,0
30B,imaged,comp(cut),78,recombine_cut_and_deliver,0
30B,imaged,comp(cut),79,recombine_cut_and_deliver,1
30B,imaged,comp(cut),80,recombine_cut_and_deliver,0
30B,imaged,comp(cut),81,recombine_cut_and_deliver,1
30B,imaged,comp(cut),82,recombine_cut_and_deliver,0
30B,imaged,comp(cut),83,recombine_cut_and_deliver,0
30B,imaged,comp(cut),84,recombine_cut_and_deliver,1
30B,imaged,comp(cut),85,recombine_cut_and_deliver,0
30B,imaged,comp(cut),86,recombine_cut_and_deliver,0
30B,imaged,comp(cut),87,recombine_cut_and_deliver,1
30B,imaged,comp(cut),88,recombine_cut_and_deliver,0
30B,imaged,comp(cut),89,recombine_cut_and_deliver,1
30B,imaged,comp(cut),90,recombine_cut_and_deliver,1
30B,imaged,comp(cut),91,recombine_cut_and_deliver,0
30B,imaged,comp(cut),92,recombine_cut_and_deliver,0
30B,imaged,comp(cut),93,recombine_cut_and_deliver,1
30B,imaged,comp(cut),94,recombine_cut_and_deliver,1
30B,imaged,comp(cut),95,recombine_cut_and_deliver,1
30B,imaged,comp(cut),96,recombine_cut_and_deliver,1
30B,imaged,comp(cut),97,recombine_cut_and_deliver,1
30B,imaged,comp(cut),98,recombine_cut_and_deliver,0
30B,imaged,comp(cut),99,recombine_cut_and_deliver,0
30B,imaged,comp(cut),100,recombine_cut_and_deliver,0
30B,imaged,comp(cut),101,recombine_cut_and_deliver,0
30B,imaged,comp(cut),102,recombine_cut_and_deliver,0
30B,imaged,comp(cut),103,recombine_cut_and_deliver,0
30B,imaged,comp(cut),104,recombine_cut_and_deliver,1
30B,imaged,comp(cut),105,recombine_cut_and_deliver,0
30B,imaged,comp(cut),106,recombine_cut_and_deliver,1
30B,imaged,comp(cut),107,recombine_cut_and_deliver,1
30B,imaged,comp(cut),108,recombine_cut_and_deliver,0
30B,imaged,comp(cut),109,recombine_cut_and_deliver,1
30B,imaged,comp(cut),110,recombine_cut_and_deliver,1
30B,imaged,comp(cut),111,recombine_cut_and_deliver,1
30B,imaged,comp(cut),112,recombine_cut_and_deliver,1
30B,imaged,comp(cut),113,recombine_cut_and_deliver,1
30B,imaged,comp(cut),114,recombine_cut_and_deliver,1
30B,imaged,comp(cut),115,recombine_cut_and_deliver,0
30B,imaged,comp(cut),116,recombine_cut_and_deliver,0
30B,imaged,comp(cut),117,recombine_cut_and_deliver,1
30B,imaged,comp(cut),118,recombine_cut_and_deliver,1
30B,imaged,comp(cut),119,recombine_cut_and_deliver,1
30B,imaged,comp(cut),120,recombine_cut_and_deliver,1
30B,imaged,comp(cut),121,recombine_cut_and_deliver,0
30B,imaged,comp(cut),122,recombine_cut_and_deliver,0
30B,imaged,comp(cut),123,recombine_cut_and_deliver,1
30B,imaged,comp(cut),124,recombine_cut_and_deliver,1
30B,imaged,comp(cut),125,recombine_cut_and_deliver,1
30B,imaged,comp(cut),126,recombine_cut_and_deliver,1
30B,imaged,comp(cut),127,recombine_cut_and_deliver,1
30B,imaged,comp(cut),128,recombine_cut_and_deliver,0
30B,imaged,comp(cut),129,recombine_cut_and_deliver,0
30B,imaged,comp(cut),130,recombine_cut_and_deliver,1
30B,imaged,comp(cut),131,recombine_cut_and_deliver,0
30B,imaged,comp(cut),132,recombine_cut_and_deliver,1
30B,imaged,comp(cut),133,recombine_cut_and_deliver,1
30B,imaged,comp(cut),134,recombine_cut_and_deliver,1
30B,imaged,comp(cut),135,recombine_cut_and_deliver,1
30B,imaged,comp(cut),136,recombine_cut_and_deliver,0
30B,imaged,comp(cut),137,recombine_cut_and_deliver,0
30B,imaged,comp(cut),138,recombine_cut_and_deliver,0
30B,imaged,comp(cut),139,recombine_cut_and_deliver,1
30B,imaged,comp(cut),140,recombine_cut_and_deliver,0
30B,imaged,comp(cut),141,recombine_cut_and_deliver,0
30B,imaged,comp(cut),142,recombine_cut_and_deliver,1
30B,imaged,comp(cut),143,recombine_cut_and_deliver,1
30B,imaged,comp(cut),144,recombine_cut_and_deliver,1
30B,imaged,comp(cut),145,recombine_cut_and_deliver,1
30B,imaged,comp(cut),146,recombine_cut_and_deliver,1
30B,imaged,comp(cut),147,recombine_cut_and_deliver,0
30B,imaged,comp(cut),148,recombine_cut_and_deliver,0
30B,imaged,comp(cut),149,recombine_cut_and_deliver,0
30B,imaged,comp(cut),150,recombine_cut_and_deliver,0
30B,imaged,comp(cut),151,recombine_cut_and_deliver,0
30B,imaged,comp(cut),152,recombine_cut_and_deliver,1
30B,imaged,comp(cut),153,recombine_cut_and_deliver,0
30B,imaged,comp(cut),154,recombine_cut_and_deliver,0
30B,imaged,comp(cut),155,recombine_cut_and_deliver,1
30B,imaged,comp(cut),156,recombine_cut_and_deliver,0
30B,imaged,comp(cut),157,recombine_cut_and_deliver,0
30B,imaged,comp(cut),158,recombine_cut_and_deliver,1
30B,imaged,comp(cut),159,recombine_cut_and_deliver,1
30B,imaged,comp(cut),160,recombine_cut_and_deliver,1
30B,imaged,comp(cut),161,recombine_cut_and_deliver,0
30B,imaged,comp(cut),162,recombine_cut_and_deliver,0
30B,imaged,comp(cut),163,recombine_cut_and_deliver,1
30B,imaged,comp(cut),164,recombine_cut_and_deliver,1
30B,imaged,comp(cut),165,recombine_cut_and_deliver,0
30B,imaged,comp(cut),166,recombine_cut_and_deliver,1
30B,imaged,comp(cut),167,recombine_cut_and_deliver,0
30B,imaged,comp(cut),168,recombine_cut_and_deliver,1
30B,imaged,comp(cut),169,recombine_cut_and_deliver,1
30B,imaged,comp(cut),170,recombine_cut_and_deliver,1
30B,imaged,comp(cut),171,recombine_cut_and_deliver,1
30B,imaged,comp(cut),172,recombine_cut_and_deliver,1
30B,imaged,comp(cut),173,recombine_cut_and_deliver,1
30B,imaged,comp(cut),174,recombine_cut_and_deliver,0
30B,imaged,comp(cut),175,recombine_cut_and_deliver,1
30B,imaged,comp(cut),176,recombine_cut_and_deliver,0
30B,imaged,comp(cut),177,recombine_cut_and_deliver,0
30B,imaged,comp(cut),178,recombine_cut_and_deliver,0
30B,imaged,comp(cut),179,recombine_cut_and_deliver,1
30B,imaged,comp(cut),180,recombine_cut_and_deliver,0
30B,imaged,comp(cut),181,recombine_cut_and_deliver,0
30B,imaged,comp(cut),182,recombine_cut_and_deliver,1
30B,imaged,comp(cut),183,recombine_cut_and_deliver,0
30B,imaged,comp(cut),184,recombine_cut_and_deliver,0
30B,imaged,comp(cut),185,recombine_cut_and_deliver,1
30B,imaged,comp(cut),186,recombine_cut_and_deliver,0
30B,imaged,comp(cut),187,recombine_cut_and_deliver,0
30B,imaged,comp(cut),188,recombine_cut_and_deliver,0
30B,imaged,comp(cut),189,recombine_cut_and_deliver,1
30B,imaged,comp(cut),190,recombine_cut_and_deliver,1
30B,imaged,comp(cut),191,recombine_cut_and_deliver,1
30B,imaged,comp(cut),192,recombine_cut_and_deliver,1
30B,imaged,comp(cut),193,recombine_cut_and_deliver,0
30B,imaged,comp(cut),194,recombine_cut_and_deliver,1
30B,imaged,comp(cut),195,recombine_cut_and_deliver,0
30B,imaged,comp(cut),196,recombine_cut_and_deliver,1
30B,imaged,comp(cut),197,recombine_cut_and_deliver,1
30B,imaged,comp(cut),198,recombine_cut_and_deliver,1
30B,imaged,comp(cut),199,recombine_cut_and_deliver,1
30B,imaged,comp(cut),200,recombine_cut_and_deliver,1
30B,imaged,comp(cut),201,recombine_cut_and_deliver,1
30B,imaged,comp(cut),202,recombine_cut_and_deliver,0
30B,imaged,comp(cut),203,recombine_cut_and_deliver,1
30B,imaged,comp(cut),204,recombine_cut_and_deliver,0
30B,imaged,comp(cut),205,recombine_cut_and_deliver,1
30B,imaged,comp(cut),206,recombine_cut_and_deliver,1
30B,imaged,comp(cut),207,recombine_cut_and_deliver,1
30B,imaged,comp(cut),208,recombine_cut_and_deliver,0
30B,imaged,comp(cut),209,recombine_cut_and_deliver,1
30B,imaged,comp(cut),210,recombine_cut_and_deliver,0
30B,imaged,comp(cut),211,recombine_cut_and_deliver,0
30B,imaged,comp(cut),212,recombine_cut_and_deliver,0
30B,imaged,comp(cut),213,recombine_cut_and_deliver,1
30B,imaged,comp(cut),214,recombine_cut_and_deliver,1
30B,imaged,comp(cut),215,recombine_cut_and_deliver,0
30B,imaged,comp(cut),216,recombine_cut_and_deliver,1
30B,imaged,comp(cut),217,recombine_cut_and_deliver,1
30B,imaged,comp(cut),218,recombine_cut_and_deliver,1
30B,imaged,comp(cut),219,recombine_cut_and_deliver,0
30B,imaged,comp(cut),220,recombine_cut_and_deliver,0
30B,imaged,comp(cut),221,recombine_cut_and_deliver,0
30B,imaged,comp(cut),222,recombine_cut_and_deliver,1
30B,imaged,comp(cut),223,recombine_cut_and_deliver,0
30B,imaged,comp(cut),224,recombine_cut_and_deliver,0
30B,imaged,comp(cut),225,recombine_cut_and_deliver,1
30B,imaged,comp(cut),226,recombine_cut_and_deliver,1
30B,imaged,comp(cut),227,recombine_cut_and_deliver,1
30B,imaged,comp(cut),228,recombine_cut_and_deliver,0
30B,imaged,comp(cut),229,recombine_cut_and_deliver,0
30B,imaged,comp(cut),230,recombine_cut_and_deliver,0
30B,imaged,comp(cut),231,recombine_cut_and_deliver,1
30B,imaged,comp(cut),232,recombine_cut_and_deliver,1
30B,imaged,comp(cut),233,recombine_cut_and_deliver,1
30B,imaged,comp(cut),234,recombine_cut_and_deliver,1
30B,imaged,comp(cut),235,recombine_cut_and_deliver,0
30B,imaged,comp(cut),236,recombine_cut_and_deliver,0
30B,imaged,comp(cut),237,recombine_cut_and_deliver,1
30B,imaged,comp(cut),238,recombine_cut_and_deliver,1
30B,imaged,comp(cut),239,recombine_cut_and_deliver,0
30B,imaged,comp(cut),240,recombine_cut_and_deliver,0
30B,imaged,comp(cut),241,recombine_cut_and_deliver,1
30B,imaged,comp(cut),242,recombine_cut_and_deliver,1
30B,imaged,comp(cut),243,recombine_cut_and_deliver,1
30B,imaged,comp(cut),244,recombine_cut_and_deliver,0
30B,imaged,comp(cut),245,recombine_cut_and_deliver,0
30B,imaged,comp(cut),246,recombine_cut_and_deliver,0
30B,imaged,comp(cut),247,recombine_cut_and_deliver,0
30B,imaged,comp(cut),248,recombine_cut_and_deliver,0
30B,imaged,comp(cut),249,recombine_cut_and_deliver,1
30B,imaged,comp(cut),250,recombine_cut_and_deliver,1
30B,imaged,comp(cut),251,recombine_cut_and_deliver,1
30B,imaged,comp(cut),252,recombine_cut_and_deliver,1
30B,imaged,comp(cut),253,recombine_cut_and_deliver,0
30B,imaged,comp(cut),254,recombine_cut_and_deliver,1
30B,imaged,comp(cut),255,recombine_cut_and_deliver,0
30B,imaged,comp(cut),256,recombine_cut_and_deliver,1
30B,imaged,comp(cut),257,recombine_cut_and_deliver,1
30B,imaged,comp(cut),258,recombine_cut_and_deliver,1
30B,imaged,comp(cut),259,recombine_cut_and_deliver,1
30B,imaged,comp(cut),260,recombine_cut_and_deliver,0
30B,imaged,comp(cut),261,recombine_cut_and_deliver,0
30B,imaged,comp(cut),262,recombine_cut_and_deliver,0
30B,imaged,comp(cut),263,recombine_cut_and_deliver,0
30B,imaged,comp(cut),264,recombine_cut_and_deliver,1
30B,imaged,comp(cut),265,recombine_cut_and_deliver,0
30B,imaged,comp(cut),266,recombine_cut_and_deliver,0
30B,imaged,comp(cut),267,recombine_cut_and_deliver,1
30B,imaged,comp(cut),268,recombine_cut_and_deliver,0
30B,imaged,comp(cut),269,recombine_cut_and_deliver,1
30B,imaged,comp(cut),270,recombine_cut_and_deliver,0
30B,imaged,comp(cut),271,recombine_cut_and_deliver,0
30B,imaged,comp(cut),272,recombine_cut_and_deliver,0
30B,imaged,comp(cut),273,recombine_cut_and_deliver,1
30B,imaged,comp(cut),274,recombine_cut_and_deliver,0
30B,imaged,comp(cut),275,recombine_cut_and_deliver,1
30B,imaged,comp(cut),276,recombine_cut_and_deliver,0
30B,imaged,comp(cut),277,recombine_cut_and_deliver,0
30B,imaged,comp(cut),278,recombine_cut_and_deliver,1
30B,imaged,comp(cut),279,recombine_cut_and_deliver,0
30B,imaged,comp(cut),280,recombine_cut_and_deliver,1
30B,imaged,comp(cut),281,recombine_cut_and_deliver,1
30B,imaged,comp(cut),282,recombine_cut_and_deliver,0
30B,imaged,comp(cut),283,recombine_cut_and_deliver,1
30B,imaged,comp(cut),284,recombine_cut_and_deliver,1
30B,imaged,comp(cut),285,recombine_cut_and_deliver,1
30B,imaged,comp(cut),286,recombine_cut_and_deliver,1
30B,imaged,comp(cut),287,recombine_cut_and_deliver,1
30B,imaged,comp(cut),288,recombine_cut_and_deliver,1
30B,imaged,comp(cut),289,recombine_cut_and_deliver,1
30B,imaged,comp(cut),290,recombine_cut_and_deliver,1
30B,imaged,comp(cut),291,recombine_cut_and_deliver,1
30B,imaged,comp(cut),292,recombine_cut_and_deliver,0
30B,imaged,comp(cut),293,recombine_cut_and_deliver,0
30B,imaged,comp(cut),294,recombine_cut_and_deliver,1
30B,imaged,comp(cut),295,recombine_cut_and_deliver,0
30B,imaged,comp(cut),296,recombine_cut_and_deliver,1
30B,imaged,comp(cut+delivery),0,recombine_cut_and_deliver,1
30B,imaged,comp(cut+delivery),1,recombine_cut_and_deliver,1
30B,imaged,comp(cut+delivery),2,recombine_cut_and_deliver,1
30B,imaged,comp(cut+delivery),3,recombine_cut_and_deliver,0
30B,imaged,comp(cut+delivery),4,recombine_cut_and_deliver,0
30B,imaged,comp(cut+delivery),5,recombine_cut_and_deliver,0
30B,imaged,comp(cut+delivery),6,recombine_cut_and_deliver,0
30B,imaged,comp(cut+delivery),7,recombine_cut_and_deliver,1
30B,imaged,comp(cut+delivery),8,recombine_cut_and_deliver,0
30B,imaged,comp(cut+delivery),9,recombine_cut_and_deliver,0
30B,imaged,comp(cut+delivery),10,recombine_cut_and_deliver,1
30B,imaged,comp(cut+delivery),11,recombine_cut_and_deliver,0
30B,imaged,comp(cut+delivery),12,recombine_cut_and_deliver,0
30B,imaged,comp(cut+delivery),13,recombine_cut_and_deliver,1
30B,imaged,comp(cut+delivery),14,recombine_cut_and_deliver,1
30B,imaged,comp(cut+delivery),15,recombine_cut_and_deliver,1
30B,imaged,comp(cut+delivery),16,recombine_cut_and_deliver,0
30B,imaged,comp(cut+delivery),17,recombine_cut_and_deliver,0
30B,imaged,comp(cut+delivery),18,recombine_cut_and_deliver,1
30B,imaged,comp(cut+delivery),19,recombine_cut_and_deliver,0
30B,imaged,comp(cut+delivery),20,recombine_cut_and_deliver,1
30B,imaged,comp(cut+delivery),21,recombine_cut_and_deliver,1
30B,imaged,comp(cut+delivery),22,recombine_cut_and_deliver,0
30B,imaged,comp(cut+delivery),23,recombine_cut_and_deliver,1
30B,imaged,comp(cut+delivery),24,recombine_cut_and_deliver,1
30B,imaged,comp(cut+delivery),25,recombine_cut_and_deliver,0
30B,imaged,comp(cut+delivery),26,recombine_cut_and_deliver,1
30B,imaged,comp(cut+delivery),27,recombine_cut_and_deliver,0
30B,imaged,comp(cut+delivery),28,recombine_cut_and_deliver,0
30B,imaged,comp(cut+delivery),29,recombine_cut_and_deliver,0
30B,imaged,comp(cut+delivery),30,recombine_cut_and_deliver,1
30B,imaged,comp(cut+delivery),31,recombine_cut_and_deliver,0
30B,imaged,comp(cut+delivery),32,recombine_cut_and_deliver,1
30B,imaged,comp(cut+delivery),33,recombine_cut_and_deliver,1
30B,imaged,comp(cut+delivery),34,recombine_cut_and_deliver,0
30B,imaged,comp(cut+delivery),35,recombine_cut_and_deliver,0
30B,imaged,comp(cut+delivery),36,recombine_cut_and_deliver,1
30B,imaged,comp(cut+delivery),37,recombine_cut_and_deliver,1
30B,imaged,comp(cut+delivery),38,recombine_cut_and_deliver,1
30B,imaged,comp(cut+delivery),39,recombine_cut_and_deliver,1
30B,imaged,comp(cut+delivery),40,recombine_cut_and_deliver,1
30B,imaged,comp(cut+delivery),41,recombine_cut_and_deliver,0
30B,imaged,comp(cut+delivery),42,recombine_cut_and_deliver,1
30B,imaged,comp(cut+delivery),43,recombine_cut_and_deliver,0
30B,imaged,comp(cut+delivery),44,recombine_cut_and_deliver,1
30B,imaged,comp(cut+delivery),45,recombine_cut_and_deliver,1
30B,imaged,comp(cut+delivery),46,recombine_cut_and_deliver,1
30B,imaged,comp(cut+delivery),47,recombine_cut_and_deliver,0
30B,imaged,comp(cut+delivery),48,recombine_cut_and_deliver,1
30B,imaged,comp(cut+delivery),49,recombine_cut_and_deliver,0
30B,imaged,comp(cut+delivery),50,recombine_cut_and_deliver,1
30B,imaged,comp(cut+delivery),51,recombine_cut_and_deliver,1
30B,imaged,comp(cut+delivery),52,recombine_cut_and_deliver,0
30B,imaged,comp(cut+delivery),53,recombine_cut_and_deliver,0
30B,imaged,comp(cut+delivery),54,recombine_cut_and_deliver,0
30B,imaged,comp(cut+delivery),55,recombine_cut_and_deliver,1
30B,imaged,comp(cut+delivery),56,recombine_cut_and_deliver,0
30B,imaged,comp(cut+delivery),57,recombine_cut_and_deliver,1
30B,imaged,comp(cut+delivery),58,recombine_cut_and_deliver,1
30B,imaged,comp(cut+delivery),59,recombine_cut_and_deliver,0
30B,imaged,comp(cut+delivery),60,recombine_cut_and_deliver,0
30B,imaged,comp(cut+delivery),61,recombine_cut_and_deliver,1
30B,imaged,comp(cut+delivery),62,recombine_cut_and_deliver,0
30B,imaged,comp(cut+delivery),63,recombine_cut_and_deliver,0
30B,imaged,comp(cut+delivery),64,recombine_cut_and_deliver,1
30B,imaged,comp(cut+delivery),65,recombine_cut_and_deliver,0
30B,imaged,comp(cut+delivery),66,recombine_cut_and_deliver,0
30B,imaged,comp(cut+delivery),67,recombine_cut_and_deliver,0
30B,imaged,comp(cut+delivery),68,recombine_cut_and_deliver,0
30B,imaged,comp(cut+delivery),69,recombine_cut_and_deliver,1
30B,imaged,comp(cut+delivery),70,recombine_cut_and_deliver,1
30B,imaged,comp(cut+delivery),71,recombine_cut_and_deliver,1
30B,imaged,comp(cut+delivery),72,recombine_cut_and_deliver,0
30B,imaged,comp(cut+delivery),73,recombine_cut_and_deliver,1
30B,imaged,comp(cut+delivery),74,recombine_cut_and_deliver,0
30B,imaged,comp(cut+delivery),75,recombine_cut_and_deliver,0
30B,imaged,comp(cut+delivery),76,recombine_cut_and_deliver,1
30B,imaged,comp(cut+delivery),77,recombine_cut_and_deliver,0
30B,imaged,comp(cut+delivery),78,recombine_cut_and_deliver,0
30B,imaged,comp(cut+delivery),79,recombine_cut_and_deliver,1
30B,imaged,comp(cut+delivery),80,recombine_cut_and_deliver,0
30B,imaged,comp(cut+delivery),81,recombine_cut_and_deliver,1
30B,imaged,comp(cut+delivery),82,recombine_cut_and_deliver,0
30B,imaged,comp(cut+delivery),83,recombine_cut_and_deliver,0
30B,imaged,comp(cut+delivery),84,recombine_cut_and_deliver,1
30B,imaged,comp(cut+delivery),85,recombine_cut_and_deliver,0
30B,imaged,comp(cut+delivery),86,recombine_cut_and_deliver,0
30B,imaged,comp(cut+delivery),87,recombine_cut_and_deliver,1
30B,imaged,comp(cut+delivery),88,recombine_cut_and_deliver,0
30B,imaged,comp(cut+delivery),89,recombine_cut_and_deliver,1
30B,imaged,comp(cut+delivery),90,recombine_cut_and_deliver,1
30B,imaged,comp(cut+delivery),91,recombine_cut_and_deliver,0
30B,imaged,comp(cut+delivery),92,recombine_cut_and_deliver,0
30B,imaged,comp(cut+delivery),93,recombine_cut_and_deliver,1
30B,imaged,comp(cut+delivery),94,recombine_cut_and_deliver,1
30B,imaged,comp(cut+delivery),95,recombine_cut_and_deliver,1
30B,imaged,comp(cut+delivery),96,recombine_cut_and_deliver,1
30B,imaged,comp(cut+delivery),97,recombine_cut_and_deliver,1
30B,imaged,comp(cut+delivery),98,recombine_cut_and_deliver,0
30B,imaged,comp(cut+delivery),99,recombine_cut_and_deliver,0
30B,imaged,comp(cut+delivery),100,recombine_cut_and_deliver,0
30B,imaged,comp(cut+delivery),101,recombine_cut_and_deliver,0
30B,imaged,comp(cut+delivery),102,recombine_cut_and_deliver,0
30B,imaged,comp(cut+delivery),103,recombine_cut_and_deliver,0
30B,imaged,comp(cut+delivery),104,recombine_cut_and_deliver,1
30B,imaged,comp(cut+delivery),105,recombine_cut_and_deliver,0
30B,imaged,comp(cut+delivery),106,recombine_cut_and_deliver,1
30B,imaged,comp(cut+delivery),107,recombine_cut_and_deliver,1
30B,imaged,comp(cut+delivery),108,recombine_cut_and_deliver,0
30B,imaged,comp(cut+delivery),109,recombine_cut_and_deliver,1
30B,imaged,comp(cut+delivery),110,recombine_cut_and_deliver,1
30B,imaged,comp(cut+delivery),111,recombine_cut_and_deliver,1
30B,imaged,comp(cut+delivery),112,recombine_cut_and_deliver,1
30B,imaged,comp(cut+delivery),113,recombine_cut_and_deliver,1
30B,imaged,comp(cut+delivery),114,recombine_cut_and_deliver,1
30B,imaged,comp(cut+delivery),115,recombine_cut_and_deliver,0
30B,imaged,comp(cut+delivery),116,recombine_cut_and_deliver,0
30B,imaged,comp(cut+delivery),117,recombine_cut_and_deliver,1
30B,imaged,comp(cut+delivery),118,recombine_cut_and_deliver,1
30B,imaged,comp(cut+delivery),119,recombine_cut_and_deliver,1
30B,imaged,comp(cut+delivery),120,recombine_cut_and_deliver,1
30B,imaged,comp(cut+delivery),121,recombine_cut_and_deliver,0
30B,imaged,comp(cut+delivery),122,recombine_cut_and_deliver,0
30B,imaged,comp(cut+delivery),123,recombine_cut_and_deliver,1
30B,imaged,comp(cut+delivery),124,recombine_cut_and_deliver,1
30B,imaged,comp(cut+delivery),125,recombine_cut_and_deliver,1
30B,imaged,comp(cut+delivery),126,recombine_cut_and_deliver,1
30B,imaged,comp(cut+delivery),127,recombine_cut_and_deliver,1
30B,imaged,comp(cut+delivery),128,recombine_cut_and_deliver,0
30B,imaged,comp(cut+delivery),129,recombine_cut_and_deliver,0
30B,imaged,comp(cut+delivery),130,recombine_cut_and_deliver,1
30B,imaged,comp(cut+delivery),131,recombine_cut_and_deliver,0
30B,imaged,comp(cut+delivery),132,recombine_cut_and_deliver,1
30B,imaged,comp(cut+delivery),133,recombine_cut_and_deliver,1
30B,imaged,comp(cut+delivery),134,recombine_cut_and_deliver,1
30B,imaged,comp(cut+delivery),135,recombine_cut_and_deliver,1
30B,imaged,comp(cut+delivery),136,recombine_cut_and_deliver,0
30B,imaged,comp(cut+delivery),137,recombine_cut_and_deliver,0
30B,imaged,comp(cut+delivery),138,recombine_cut_and_deliver,0
30B,imaged,comp(cut+delivery),139,recombine_cut_and_deliver,1
30B,imaged,comp(cut+delivery),140,recombine_cut_and_deliver,0
30B,imaged,comp(cut+delivery),141,recombine_cut_and_deliver,0
30B,imaged,comp(cut+delivery),142,recombine_cut_and_deliver,1
30B,imaged,comp(cut+delivery),143,recombine_cut_and_deliver,1
30B,imaged,comp(cut+delivery),144,recombine_cut_and_deliver,1
30B,imaged,comp(cut+delivery),145,recombine_cut_and_deliver,1
30B,imaged,comp(cut+delivery),146,recombine_cut_and_deliver,1
30B,imaged,comp(cut+delivery),147,recombine_cut_and_deliver,0
30B,imaged,comp(cut+delivery),148,recombine_cut_and_deliver,0
30B,imaged,comp(cut+delivery),149,recombine_cut_and_deliver,0
30B,imaged,comp(cut+delivery),150,recombine_cut_and_deliver,0
30B,imaged,comp(cut+delivery),151,recombine_cut_and_deliver,0
30B,imaged,comp(cut+delivery),152,recombine_cut_and_deliver,1
30B,imaged,comp(cut+delivery),153,recombine_cut_and_deliver,0
30B,imaged,comp(cut+delivery),154,recombine_cut_and_deliver,0
30B,imaged,comp(cut+delivery),155,recombine_cut_and_deliver,1
30B,imaged,comp(cut+delivery),156,recombine_cut_and_deliver,0
30B,imaged,comp(cut+delivery),157,recombine_cut_and_deliver,0
30B,imaged,comp(cut+delivery),158,recombine_cut_and_deliver,1
30B,imaged,comp(cut+delivery),159,recombine_cut_and_deliver,1
30B,imaged,comp(cut+delivery),160,recombine_cut_and_deliver,1
30B,imaged,comp(cut+delivery),161,recombine_cut_and_deliver,0
30B,imaged,comp(cut+delivery),162,recombine_cut_and_deliver,0
30B,imaged,comp(cut+delivery),163,recombine_cut_and_deliver,1
30B,imaged,comp(cut+delivery),164,recombine_cut_and_deliver,1
30B,imaged,comp(cut+delivery),165,recombine_cut_and_deliver,0
30B,imaged,comp(cut+delivery),166,recombine_cut_and_deliver,1
30B,imaged,comp(cut+delivery),167,recombine_cut_and_deliver,0
30B,imaged,comp(cut+delivery),168,recombine_cut_and_deliver,1
30B,imaged,comp(cut+delivery),169,recombine_cut_and_deliver,1
30B,imaged,comp(cut+delivery),170,recombine_cut_and_deliver,1
30B,imaged,comp(cut+delivery),171,recombine_cut_and_deliver,1
30B,imaged,comp(cut+delivery),172,recombine_cut_and_deliver,1
30B,imaged,comp(cut+delivery),173,recombine_cut_and_deliver,1
30B,imaged,comp(cut+delivery),174,recombine_cut_and_deliver,0
30B,imaged,comp(cut+delivery),175,recombine_cut_and_deliver,1
30B,imaged,comp(cut+delivery),176,recombine_cut_and_deliver,0
30B,imaged,comp(cut+delivery),177,recombine_cut_and_deliver,0
30B,imaged,comp(cut+delivery),178,recombine_cut_and_deliver,0
30B,imaged,comp(cut+delivery),179,recombine_cut_and_deliver,1
30B,imaged,comp(cut+delivery),180,recombine_cut_and_deliver,0
30B,imaged,comp(cut+delivery),181,recombine_cut_and_deliver,0
30B,imaged,comp(cut+delivery),182,recombine_cut_and_deliver,1
30B,imaged,comp(cut+delivery),183,recombine_cut_and_deliver,0
30B,imaged,comp(cut+delivery),184,recombine_cut_and_deliver,0
30B,imaged,comp(cut+delivery),185,recombine_cut_and_deliver,1
30B,imaged,comp(cut+delivery),186,recombine_cut_and_deliver,0
30B,imaged,comp(cut+delivery),187,recombine_cut_and_deliver,0
30B,imaged,comp(cut+delivery),188,recombine_cut_and_deliver,0
30B,imaged,comp(cut+delivery),189,recombine_cut_and_deliver,1
30B,imaged,comp(cut+delivery),190,recombine_cut_and_deliver,1
30B,imaged,comp(cut+delivery),191,recombine_cut_and_deliver,1
30B,imaged,comp(cut+delivery),192,recombine_cut_and_deliver,1
30B,imaged,comp(cut+delivery),193,recombine_cut_and_deliver,0
30B,imaged,comp(cut+delivery),194,recombine_cut_and_deliver,1
30B,imaged,comp(cut+delivery),195,recombine_cut_and_deliver,0
30B,imaged,comp(cut+delivery),196,recombine_cut_and_deliver,1
30B,imaged,comp(cut+delivery),197,recombine_cut_and_deliver,1
30B,imaged,comp(cut+delivery),198,recombine_cut_and_deliver,1
30B,imaged,comp(cut+delivery),199,recombine_cut_and_deliver,1
30B,imaged,comp(cut+delivery),200,recombine_cut_and_deliver,1
30B,imaged,comp(cut+delivery),201,recombine_cut_and_deliver,1
30B,imaged,comp(cut+delivery),202,recombine_cut_and_deliver,0
30B,imaged,comp(cut+delivery),203,recombine_cut_and_deliver,1
30B,imaged,comp(cut+delivery),204,recombine_cut_and_deliver,0
30B,imaged,comp(cut+delivery),205,recombine_cut_and_deliver,1
30B,imaged,comp(cut+delivery),206,recombine_cut_and_deliver,1
30B,imaged,comp(cut+delivery),207,recombine_cut_and_deliver,1
30B,imaged,comp(cut+delivery),208,recombine_cut_and_deliver,0
30B,imaged,comp(cut+delivery),209,recombine_cut_and_deliver,1
30B,imaged,comp(cut+delivery),210,recombine_cut_and_deliver,0
30B,imaged,comp(cut+delivery),211,recombine_cut_and_deliver,0
30B,imaged,comp(cut+delivery),212,recombine_cut_and_deliver,0
30B,imaged,comp(cut+delivery),213,recombine_cut_and_deliver,1
30B,imaged,comp(cut+delivery),214,recombine_cut_and_deliver,1
30B,imaged,comp(cut+delivery),215,recombine_cut_and_deliver,0
30B,imaged,comp(cut+delivery),216,recombine_cut_and_deliver,1
30B,imaged,comp(cut+delivery),217,recombine_cut_and_deliver,1
30B,imaged,comp(cut+delivery),218,recombine_cut_and_deliver,1
30B,imaged,comp(cut+delivery),219,recombine_cut_and_deliver,0
30B,imaged,comp(cut+delivery),220,recombine_cut_and_deliver,0
30B,imaged,comp(cut+delivery),221,recombine_cut_and_deliver,0
30B,imaged,comp(cut+delivery),222,recombine_cut_and_deliver,1
30B,imaged,comp(cut+delivery),223,recombine_cut_and_deliver,0
30B,imaged,comp(cut+delivery),224,recombine_cut_and_deliver,0
30B,imaged,comp(cut+delivery),225,recombine_cut_and_deliver,1
30B,imaged,comp(cut+delivery),226,recombine_cut_and_deliver,1
30B,imaged,comp(cut+delivery),227,recombine_cut_and_deliver,1
30B,imaged,comp(cut+delivery),228,recombine_cut_and_deliver,0
30B,imaged,comp(cut+delivery),229,recombine_cut_and_deliver,0
30B,imaged,comp(cut+delivery),230,recombine_cut_and_deliver,0
30B,imaged,comp(cut+delivery),231,recombine_cut_and_deliver,1
30B,imaged,comp(cut+delivery),232,recombine_cut_and_deliver,1
30B,imaged,comp(cut+delivery),233,recombine_cut_and_deliver,1
30B,imaged,comp(cut+delivery),234,recombine_cut_and_deliver,1
30B,imaged,comp(cut+delivery),235,recombine_cut_and_deliver,0
30B,imaged,comp(cut+delivery),236,recombine_cut_and_deliver,0
30B,imaged,comp(cut+delivery),237,recombine_cut_and_deliver,1
30B,imaged,comp(cut+delivery),238,recombine_cut_and_deliver,1
30B,imaged,comp(cut+delivery),239,recombine_cut_and_deliver,0
30B,imaged,comp(cut+delivery),240,recombine_cut_and_deliver,0
30B,imaged,comp(cut+delivery),241,recombine_cut_and_deliver,1
30B,imaged,comp(cut+delivery),242,recombine_cut_and_deliver,1
30B,imaged,comp(cut+delivery),243,recombine_cut_and_deliver,1
30B,imaged,comp(cut+delivery),244,recombine_cut_and_deliver,0
30B,imaged,comp(cut+delivery),245,recombine_cut_and_deliver,0
30B,imaged,comp(cut+delivery),246,recombine_cut_and_deliver,0
30B,imaged,comp(cut+delivery),247,recombine_cut_and_deliver,0
30B,imaged,comp(cut+delivery),248,recombine_cut_and_deliver,0
30B,imaged,comp(cut+delivery),249,recombine_cut_and_deliver,1
30B,imaged,comp(cut+delivery),250,recombine_cut_and_deliver,1
30B,imaged,comp(cut+delivery),251,recombine_cut_and_deliver,1
30B,imaged,comp(cut+delivery),252,recombine_cut_and_deliver,1
30B,imaged,comp(cut+delivery),253,recombine_cut_and_deliver,0
30B,imaged,comp(cut+delivery),254,recombine_cut_and_deliver,1
30B,imaged,comp(cut+delivery),255,recombine_cut_and_deliver,0
30B,imaged,comp(cut+delivery),256,recombine_cut_and_deliver,1
30B,imaged,comp(cut+delivery),257,recombine_cut_and_deliver,1
30B,imaged,comp(cut+delivery),258,recombine_cut_and_deliver,1
30B,imaged,comp(cut+delivery),259,recombine_cut_and_deliver,1
30B,imaged,comp(cut+delivery),260,recombine_cut_and_deliver,0
30B,imaged,comp(cut+delivery),261,recombine_cut_and_deliver,0
30B,imaged,comp(cut+delivery),262,recombine_cut_and_deliver,0
30B,imaged,comp(cut+delivery),263,recombine_cut_and_deliver,0
30B,imaged,comp(cut+delivery),264,recombine_cut_and_deliver,1
30B,imaged,comp(cut+delivery),265,recombine_cut_and_deliver,0
30B,imaged,comp(cut+delivery),266,recombine_cut_and_deliver,0
30B,imaged,comp(cut+delivery),267,recombine_cut_and_deliver,1
30B,imaged,comp(cut+delivery),268,recombine_cut_and_deliver,0
30B,imaged,comp(cut+delivery),269,recombine_cut_and_deliver,1
30B,imaged,comp(cut+delivery),270,recombine_cut_and_deliver,0
30B,imaged,comp(cut+delivery),271,recombine_cut_and_deliver,0
30B,imaged,comp(cut+delivery),272,recombine_cut_and_deliver,0
30B,imaged,comp(cut+delivery),273,recombine_cut_and_deliver,1
30B,imaged,comp(cut+delivery),274,recombine_cut_and_deliver,0
30B,imaged,comp(cut+delivery),275,recombine_cut_and_deliver,1
30B,imaged,comp(cut+delivery),276,recombine_cut_and_deliver,0
30B,imaged,comp(cut+delivery),277,recombine_cut_and_deliver,0
30B,imaged,comp(cut+delivery),278,recombine_cut_and_deliver,1
30B,imaged,comp(cut+delivery),279,recombine_cut_and_deliver,0
30B,imaged,comp(cut+delivery),280,recombine_cut_and_deliver,1
30B,imaged,comp(cut+delivery),281,recombine_cut_and_deliver,1
30B,imaged,comp(cut+delivery),282,recombine_cut_and_deliver,0
30B,imaged,comp(cut+delivery),283,recombine_cut_and_deliver,1
30B,imaged,comp(cut+delivery),284,recombine_cut_and_deliver,1
30B,imaged,comp(cut+delivery),285,recombine_cut_and_deliver,1
30B,imaged,comp(cut+delivery),286,recombine_cut_and_deliver,1
30B,imaged,comp(cut+delivery),287,recombine_cut_and_deliver,1
30B,imaged,comp(cut+delivery),288,recombine_cut_and_deliver,1
30B,imaged,comp(cut+delivery),289,recombine_cut_and_deliver,1
30B,imaged,comp(cut+delivery),290,recombine_cut_and_deliver,1
30B,imaged,comp(cut+delivery),291,recombine_cut_and_deliver,1
30B,imaged,comp(cut+delivery),292,recombine_cut_and_deliver,0
30B,imaged,comp(cut+delivery),293,recombine_cut_and_deliver,0
30B,imaged,comp(cut+delivery),294,recombine_cut_and_deliver,1
30B,imaged,comp(cut+delivery),295,recombine_cut_and_deliver,0
30B,imaged,comp(cut+delivery),296,recombine_cut_and_deliver,1
30B,imaged,comp(all),0,recombine_cut_and_deliver,1
30B,imaged,comp(all),1,recombine_cut_and_deliver,1
30B,imaged,comp(all),2,recombine_cut_and_deliver,1
30B,imaged,comp(all),3,recombine_cut_and_deliver,0
30B,imaged,comp(all),4,recombine_cut_and_deliver,0
30B,imaged,comp(all),5,recombine_cut_and_deliver,0
30B,imaged,comp(all),6,recombine_cut_and_deliver,0
30B,imaged,comp(all),7,recombine_cut_and_deliver,1
30B,imaged,comp(all),8,recombine_cut_and_deliver,0
30B,imaged,comp(all),9,recombine_cut_and_deliver,0
30B,imaged,comp(all),10,recombine_cut_and_deliver,1
30B,imaged,comp(all),11,recombine_cut_and_deliver,1
30B,imaged,comp(all),12,recombine_cut_and_deliver,1
30B,imaged,comp(all),13,recombine_cut_and_deliver,1
30B,imaged,comp(all),14,recombine_cut_and_deliver,1
30B,imaged,comp(all),15,recombine_cut_and_deliver,1
30B,imaged,comp(all),16,recombine_cut_and_deliver,1
30B,imaged,comp(all),17,recombine_cut_and_deliver,0
30B,imaged,comp(all),18,recombine_cut_and_deliver,1
30B,imaged,comp(all),19,recombine_cut_and_deliver,0
30B,imaged,comp(all),20,recombine_cut_and_deliver,1
30B,imaged,comp(all),21,recombine_cut_and_deliver,1
30B,imaged,comp(all),22,recombine_cut_and_deliver,0
30B,imaged,comp(all),23,recombine_cut_and_deliver,1
30B,imaged,comp(all),24,recombine_cut_and_deliver,1
30B,imaged,comp(all),25,recombine_cut_and_deliver,0
30B,imaged,comp(all),26,recombine_cut_and_deliver,1
30B,imaged,comp(all),27,recombine_cut_and_deliver,0
30B,imaged,comp(all),28,recombine_cut_and_deliver,0
30B,imaged,comp(all),29,recombine_cut_and_deliver,0
30B,imaged,comp(all),30,recombine_cut_and_deliver,1
30B,imaged,comp(all),31,recombine_cut_and_deliver,1
30B,imaged,comp(all),32,recombine_cut_and_deliver,1
30B,imaged,comp(all),33,recombine_cut_and_deliver,1
30B,imaged,comp(all),34,recombine_cut_and_deliver,1
30B,imaged,comp(all),35,recombine_cut_and_deliver,1
30B,imaged,comp(all),36,recombine_cut_and_deliver,1
30B,imaged,comp(all),37,recombine_cut_and_deliver,1
30B,imaged,comp(all),38,recombine_cut_and_deliver,1
30B,imaged,comp(all),39,recombine_cut_and_deliver,1
30B,imaged,comp(all),40,recombine_cut_and_deliver,1
30B,imaged,comp(all),41,recombine_cut_and_deliver,0
30B,imaged,comp(all),42,recombine_cut_and_deliver,1
30B,imaged,comp(all),43,recombine_cut_and_deliver,0
30B,imaged,comp(all),44,recombine_cut_and_deliver,1
30B,imaged,comp(all),45,recombine_cut_and_deliver,1
30B,imaged,comp(all),46,recombine_cut_and_deliver,1
30B,imaged,comp(all),47,recombine_cut_and_deliver,0
30B,imaged,comp(all),48,recombine_cut_and_deliver,1
30B,imaged,comp(all),49,recombine_cut_and_deliver,0
30B,imaged,comp(all),50,recombine_cut_and_deliver,1
30B,imaged,comp(all),51,recombine_cut_and_deliver,1
30B,imaged,comp(all),52,recombine_cut_and_deliver,1
30B,imaged,comp(all),53,recombine_cut_and_deliver,0
30B,imaged,comp(all),54,recombine_cut_and_deliver,0
30B,imaged,comp(all),55,recombine_cut_and_deliver,1
30B,imaged,comp(all),56,recombine_cut_and_deliver,1
30B,imaged,comp(all),57,recombine_cut_and_deliver,1
30B,imaged,comp(all),58,recombine_cut_and_deliver,1
30B,imaged,comp(all),59,recombine_cut_and_deliver,0
30B,imaged,comp(all),60,recombine_cut_and_deliver,0
30B,imaged,comp(all),61,recombine_cut_and_deliver,1
30B,imaged,comp(all),62,recombine_cut_and_deliver,0
30B,imaged,comp(all),63,recombine_cut_and_deliver,0
30B,imaged,comp(all),64,recombine_cut_and_deliver,1
30B,imaged,comp(all),65,recombine_cut_and_deliver,0
30B,imaged,comp(all),66,recombine_cut_and_deliver,0
30B,imaged,comp(all),67,recombine_cut_and_deliver,1
30B,imaged,comp(all),68,recombine_cut_and_deliver,0
30B,imaged,comp(all),69,recombine_cut_and_deliver,1
30B,imaged,comp(all),70,recombine_cut_and_deliver,1
30B,imaged,comp(all),71,recombine_cut_and_deliver,1
30B,imaged,comp(all),72,recombine_cut_and_deliver,0
30B,imaged,comp(all),73,recombine_cut_and_deliver,1
30B,imaged,comp(all),74,recombine_cut_and_deliver,0
30B,imaged,comp(all),75,recombine_cut_and_deliver,0
30B,imaged,comp(all),76,recombine_cut_and_deliver,1
30B,imaged,comp(all),77,recombine_cut_and_deliver,0
30B,imaged,comp(all),78,recombine_cut_and_deliver,0
30B,imaged,comp(all),79,recombine_cut_and_deliver,1
30B,imaged,comp(all),80,recombine_cut_and_deliver,0
30B,imaged,comp(all),81,recombine_cut_and_deliver,1
30B,imaged,comp(all),82,recombine_cut_and_deliver,0
30B,imaged,comp(all),83,recombine_cut_and_deliver,0
30B,imaged,comp(all),84,recombine_cut_and_deliver,1
30B,imaged,comp(all),85,recombine_cut_and_deliver,1
30B,imaged,comp(all),86,recombine_cut_and_deliver,0
30B,imaged,comp(all),87,recombine_cut_and_deliver,1
30B,imaged,comp(all),88,recombine_cut_and_deliver,1
30B,imaged,comp(all),89,recombine_cut_and_deliver,1
30B,imaged,comp(all),90,recombine_cut_and_deliver,1
30B,imaged,comp(all),91,recombine_cut_and_deliver,0
30B,imaged,comp(all),92,recombine_cut_and_deliver,0
30B,imaged,comp(all),93,recombine_cut_and_deliver,1
30B,imaged,comp(all),94,recombine_cut_and_deliver,1
30B,imaged,comp(all),95,recombine_cut_and_deliver,1
30B,imaged,comp(all),96,recombine_cut_and_deliver,1
30B,imaged,comp(all),97,recombine_cut_and_deliver,1
30B,imaged,comp(all),98,recombine_cut_and_deliver,0
30B,imaged,comp(all),99,recombine_cut_and_deliver,0
30B,imaged,comp(all),100,recombine_cut_and_deliver,0
30B,imaged,comp(all),101,recombine_cut_and_deliver,0
30B,imaged,comp(all),102,recombine_cut_and_deliver,0
30B,imaged,comp(all),103,recombine_cut_and_deliver,0
30B,imaged,comp(all),104,recombine_cut_and_deliver,1
30B,imaged,comp(all),105,recombine_cut_and_deliver,0
30B,imaged,comp(all),106,recombine_cut_and_deliver,1
30B,imaged,comp(all),107,recombine_cut_and_deliver,1
30B,imaged,comp(all),108,recombine_cut_and_deliver,0
30B,imaged,comp(all),109,recombine_cut_and_deliver,1
30B,imaged,comp(all),110,recombine_cut_and_deliver,1
30B,imaged,comp(all),111,recombine_cut_and_deliver,1
30B,imaged,comp(all),112,recombine_cut_and_deliver,1
30B,imaged,comp(all),113,recombine_cut_and_deliver,1
30B,imaged,comp(all),114,recombine_cut_and_deliver,1
30B,imaged,comp(all),115,recombine_cut_and_deliver,1
30B,imaged,comp(all),116,recombine_cut_and_deliver,0
30B,imaged,comp(all),117,recombine_cut_and_deliver,1
30B,imaged,comp(all),118,recombine_cut_and_deliver,1
30B,imaged,comp(all),119,recombine_cut_and_deliver,1
30B,imaged,comp(all),120,recombine_cut_and_deliver,1
30B,imaged,comp(all),121,recombine_cut_and_deliver,0
30B,imaged,comp(all),122,recombine_cut_and_deliver,1
30B,imaged,comp(all),123,recombine_cut_and_deliver,1
30B,imaged,comp(all),124,recombine_cut_and_deliver,1
30B,imaged,comp(all),125,recombine_cut_and_deliver,1
30B,imaged,comp(all),126,recombine_cut_and_deliver,1
30B,imaged,comp(all),127,recombine_cut_and_deliver,1
30B,imaged,comp(all),128,recombine_cut_and_deliver,0
30B,imaged,comp(all),129,recombine_cut_and_deliver,1
30B,imaged,comp(all),130,recombine_cut_and_deliver,1
30B,imaged,comp(all),131,recombine_cut_and_deliver,0
30B,imaged,comp(all),132,recombine_cut_and_deliver,1
30B,imaged,comp(all),133,recombine_cut_and_deliver,1
30B,imaged,comp(all),134,recombine_cut_and_deliver,1
30B,imaged,comp(all),135,recombine_cut_and_deliver,1
30B,imaged,comp(all),136,recombine_cut_and_deliver,0
30B,imaged,comp(all),137,recombine_cut_and_deliver,0
30B,imaged,comp(all),138,recombine_cut_and_deliver,0
30B,imaged,comp(all),139,recombine_cut_and_deliver,1
30B,imaged,comp(all),140,recombine_cut_and_deliver,1
30B,imaged,comp(all),141,recombine_cut_and_deliver,0
30B,imaged,comp(all),142,recombine_cut_and_deliver,1
30B,imaged,comp(all),143,recombine_cut_and_deliver,1
30B,imaged,comp(all),144,recombine_cut_and_deliver,1
30B,imaged,comp(all),145,recombine_cut_and_deliver,1
30B,imaged,comp(all),146,recombine_cut_and_deliver,1
30B,imaged,comp(all),147,recombine_cut_and_deliver,1
30B,imaged,comp(all),148,recombine_cut_and_deliver,0
30B,imaged,comp(all),149,recombine_cut_and_deliver,1
30B,imaged,comp(all),150,recombine_cut_and_deliver,0
30B,imaged,comp(all),151,recombine_cut_and_deliver,0
30B,imaged,comp(all),152,recombine_cut_and_deliver,1
30B,imaged,comp(all),153,recombine_cut_and_deliver,0
30B,imaged,comp(all),154,recombine_cut_and_deliver,0
30B,imaged,comp(all),155,recombine_cut_and_deliver,1
30B,imaged,comp(all),156,recombine_cut_and_deliver,0
30B,imaged,comp(all),157,recombine_cut_and_deliver,0
30B,imaged,comp(all),158,recombine_cut_and_deliver,1
30B,imaged,comp(all),159,recombine_cut_and_deliver,1
30B,imaged,comp(all),160,recombine_cut_and_deliver,1
30B,imaged,comp(all),161,recombine_cut_and_deliver,1
30B,imaged,comp(all),162,recombine_cut_and_deliver,1
30B,imaged,comp(all),163,recombine_cut_and_deliver,1
30B,imaged,comp(all),164,recombine_cut_and_deliver,1
30B,imaged,comp(all),165,recombine_cut_and_deliver,0
30B,imaged,comp(all),166,recombine_cut_and_deliver,1
30B,imaged,comp(all),167,recombine_cut_and_deliver,1
30B,imaged,comp(all),168,recombine_cut_and_deliver,1
30B,imaged,comp(all),169,recombine_cut_and_deliver,1
30B,imaged,comp(all),170,recombine_cut_and_deliver,1
30B,imaged,comp(all),171,recombine_cut_and_deliver,1
30B,imaged,comp(all),172,recombine_cut_and_deliver,1
30B,imaged,comp(all),173,recombine_cut_and_deliver,1
30B,imaged,comp(all),174,recombine_cut_and_deliver,1
30B,imaged,comp(all),175,recombine_cut_and_deliver,1
30B,imaged,comp(all),176,recombine_cut_and_deliver,0
30B,imaged,comp(all),177,recombine_cut_and_deliver,0
30B,imaged,comp(all),178,recombine_cut_and_deliver,0
30B,imaged,comp(all),179,recombine_cut_and_deliver,1
30B,imaged,comp(all),180,recombine_cut_and_deliver,1
30B,imaged,comp(all),181,recombine_cut_and_deliver,0
30B,imaged,comp(all),182,recombine_cut_and_deliver,1
30B,imaged,comp(all),183,recombine_cut_and_deliver,0
30B,imaged,comp(all),184,recombine_cut_and_deliver,0
30B,imaged,comp(all),185,recombine_cut_and_deliver,1
30B,imaged,comp(all),186,recombine_cut_and_deliver,0
30B,imaged,comp(all),187,recombine_cut_and_deliver,1
30B,imaged,comp(all),188,recombine_cut_and_deliver,0
30B,imaged,comp(all),189,recombine_cut_and_deliver,1
30B,imaged,comp(all),190,recombine_cut_and_deliver,1
30B,imaged,comp(all),191,recombine_cut_and_deliver,1
30B,imaged,comp(all),192,recombine_cut_and_deliver,1
30B,imaged,comp(all),193,recombine_cut_and_deliver,0
30B,imaged,comp(all),194,recombine_cut_and_deliver,1
30B,imaged,comp(all),195,recombine_cut_and_deliver,1
30B,imaged,comp(all),196,recombine_cut_and_deliver,1
30B,imaged,comp(all),197,recombine_cut_and_deliver,1
30B,imaged,comp(all),198,recombine_cut_and_deliver,1
30B,imaged,comp(all),199,recombine_cut_and_deliver,1
30B,imaged,comp(all),200,recombine_cut_and_deliver,1
30B,imaged,comp(all),201,recombine_cut_and_deliver,1
30B,imaged,comp(all),202,recombine_cut_and_deliver,1
30B,imaged,comp(all),203,recombine_cut_and_deliver,1
30B,imaged,comp(all),204,recombine_cut_and_deliver,0
30B,imaged,comp(all),205,recombine_cut_and_deliver,1
30B,imaged,comp(all),206,recombine_cut_and_deliver,1
30B,imaged,comp(all),207,recombine_cut_and_deliver,1
30B,imaged,comp(all),208,recombine_cut_and_deliver,1
30B,imaged,comp(all),209,recombine_cut_and_deliver,1
30B,imaged,comp(all),210,recombine_cut_and_deliver,0
30B,imaged,comp(all),211,recombine_cut_and_deliver,0
30B,imaged,comp(all),212,recombine_cut_and_deliver,0
30B,imaged,comp(all),213,recombine_cut_and_deliver,1
30B,imaged,comp(all),214,recombine_cut_and_deliver,1
30B,imaged,comp(all),215,recombine_cut_and_deliver,0
30B,imaged,comp(all),216,recombine_cut_and_deliver,1
30B,imaged,comp(all),217,recombine_cut_and_deliver,1
30B,imaged,comp(all),218,recombine_cut_and_deliver,1
30B,imaged,comp(all),219,recombine_cut_and_deliver,0
30B,imaged,comp(all),220,recombine_cut_and_deliver,1
30B,imaged,comp(all),221,recombine_cut_and_deliver,0
30B,imaged,comp(all),222,recombine_cut_and_deliver,1
30B,imaged,comp(all),223,recombine_cut_and_deliver,0
30B,imaged,comp(all),224,recombine_cut_and_deliver,1
30B,imaged,comp(all),225,recombine_cut_and_deliver,1
30B,imaged,comp(all),226,recombine_cut_and_deliver,1
30B,imaged,comp(all),227,recombine_cut_and_deliver,1
30B,imaged,comp(all),228,recombine_cut_and_deliver,0
30B,imaged,comp(all),229,recombine_cut_and_deliver,0
30B,imaged,comp(all),230,recombine_cut_and_deliver,0
30B,imaged,comp(all),231,recombine_cut_and_deliver,1
30B,imaged,comp(all),232,recombine_cut_and_deliver,1
30B,imaged,comp(all),233,recombine_cut_and_deliver,1
30B,imaged,comp(all),234,recombine_cut_and_deliver,1
30B,imaged,comp(all),235,recombine_cut_and_deliver,0
30B,imaged,comp(all),236,recombine_cut_and_deliver,0
30B,imaged,comp(all),237,recombine_cut_and_deliver,1
30B,imaged,comp(all),238,recombine_cut_and_deliver,1
30B,imaged,comp(all),239,recombine_cut_and_deliver,0
30B,imaged,comp(all),240,recombine_cut_and_deliver,0
30B,imaged,comp(all),241,recombine_cut_and_deliver,1
30B,imaged,comp(all),242,recombine_cut_and_deliver,1
30B,imaged,comp(all),243,recombine_cut_and_deliver,1
30B,imaged,comp(all),244,recombine_cut_and_deliver,0
30B,imaged,comp(all),245,recombine_cut_and_deliver,0
30B,imaged,comp(all),246,recombine_cut_and_deliver,1
30B,imaged,comp(all),247,recombine_cut_and_deliver,1
30B,imaged,comp(all),248,recombine_cut_and_deliver,0
30B,imaged,comp(all),249,recombine_cut_and_deliver,1
30B,imaged,comp(all),250,recombine_cut_and_deliver,1
30B,imaged,comp(all),251,recombine_cut_and_deliver,1
30B,imaged,comp(all),252,recombine_cut_and_deliver,1
30B,imaged,comp(all),253,recombine_cut_and_deliver,0
30B,imaged,comp(all),254,recombine_cut_and_deliver,1
30B,imaged,comp(all),255,recombine_cut_and_deliver,0
30B,imaged,comp(all),256,recombine_cut_and_deliver,1
30B,imaged,comp(all),257,recombine_cut_and_deliver,1
30B,imaged,comp(all),258,recombine_cut_and_deliver,1
30B,imaged,comp(all),259,recombine_cut_and_deliver,1
30B,imaged,comp(all),260,recombine_cut_and_deliver,0
30B,imaged,comp(all),261,recombine_cut_and_deliver,0
30B,imaged,comp(all),262,recombine_cut_and_deliver,0
30B,imaged,comp(all),263,recombine_cut_and_deliver,1
30B,imaged,comp(all),264,recombine_cut_and_deliver,1
30B,imaged,comp(all),265,recombine_cut_and_deliver,0
30B,imaged,comp(all),266,recombine_cut_and_deliver,1
30B,imaged,comp(all),267,recombine_cut_and_deliver,1
30B,imaged,comp(all),268,recombine_cut_and_deliver,0
30B,imaged,comp(all),269,recombine_cut_and_deliver,1
30B,imaged,comp(all),270,recombine_cut_and_deliver,0
30B,imaged,comp(all),271,recombine_cut_and_deliver,0
30B,imaged,comp(all),272,recombine_cut_and_deliver,1
30B,imaged,comp(all),273,recombine_cut_and_deliver,1
30B,imaged,comp(all),274,recombine_cut_and_deliver,0
30B,imaged,comp(all),275,recombine_cut_and_deliver,1
30B,imaged,comp(all),276,recombine_cut_and_deliver,0
30B,imaged,comp(all),277,recombine_cut_and_deliver,0
30B,imaged,comp(all),278,recombine_cut_and_deliver,1
30B,imaged,comp(all),279,recombine_cut_and_deliver,0
30B,imaged,comp(all),280,recombine_cut_and_deliver,1
30B,imaged,comp(all),281,recombine_cut_and_deliver,1
30B,imaged,comp(all),282,recombine_cut_and_deliver,1
30B,imaged,comp(all),283,recombine_cut_and_deliver,1
30B,imaged,comp(all),284,recombine_cut_and_deliver,1
30B,imaged,comp(all),285,recombine_cut_and_deliver,1
30B,imaged,comp(all),286,recombine_cut_and_deliver,1
30B,imaged,comp(all),287,recombine_cut_and_deliver,1
30B,imaged,comp(all),288,recombine_cut_and_deliver,1
30B,imaged,comp(all),289,recombine_cut_and_deliver,1
30B,imaged,comp(all),290,recombine_cut_and_deliver,1
30B,imaged,comp(all),291,recombine_cut_and_deliver,1
30B,imaged,comp(all),292,recombine_cut_and_deliver,0
30B,imaged,comp(all),293,recombine_cut_and_deliver,0
30B,imaged,comp(all),294,recombine_cut_and_deliver,1
30B,imaged,comp(all),295,recombine_cut_and_deliver,0
30B,imaged,comp(all),296,recombine_cut_and_deliver,1
7B,text,comp(cut),0,recombine_cut_and_deliver,0
7B,text,comp(cut),1,recombine_cut_and_deliver,0
7B,text,comp(cut),2,recombine_cut_and_deliver,0
7B,text,comp(cut),3,recombine_cut_and_deliver,0
7B,text,comp(cut),4,recombine_cut_and_deliver,1
7B,text,comp(cut),5,recombine_cut_and_deliver,1
7B,text,comp(cut),6,recombine_cut_and_deliver,1
7B,text,comp(cut),7,recombine_cut_and_deliver,0
7B,text,comp(cut),8,recombine_cut_and_deliver,0
7B,text,comp(cut),9,recombine_cut_and_deliver,0
7B,text,comp(cut),10,recombine_cut_and_deliver,1
7B,text,comp(cut),11,recombine_cut_and_deliver,0
7B,text,comp(cut),12,recombine_cut_and_deliver,0
7B,text,comp(cut),13,recombine_cut_and_deliver,0
7B,text,comp(cut),14,recombine_cut_and_deliver,0
7B,text,comp(cut),15,recombine_cut_and_deliver,1
7B,text,comp(cut),16,recombine_cut_and_deliver,0
7B,text,comp(cut),17,recombine_cut_and_deliver,0
7B,text,comp(cut),18,recombine_cut_and_deliver,0
7B,text,comp(cut),19,recombine_cut_and_deliver,0
7B,text,comp(cut),20,recombine_cut_and_deliver,0
7B,text,comp(cut),21,recombine_cut_and_deliver,0
7B,text,comp(cut),22,recombine_cut_and_deliver,0
7B,text,comp(cut),23,recombine_cut_and_deliver,1
7B,text,comp(cut),24,recombine_cut_and_deliver,0
7B,text,comp(cut),25,recombine_cut_and_deliver,1
7B,text,comp(cut),26,recombine_cut_and_deliver,0
7B,text,comp(cut),27,recombine_cut_and_deliver,0
7B,text,comp(cut),28,recombine_cut_and_deliver,0
7B,text,comp(cut),29,recombine_cut_and_deliver,0
7B,text,comp(cut),30,recombine_cut_and_deliver,0
7B,text,comp(cut),31,recombine_cut_and_deliver,0
7B,text,comp(cut),32,recombine_cut_and_deliver,1
7B,text,comp(cut),33,recombine_cut_and_deliver,0
7B,text,comp(cut),34,recombine_cut_and_deliver,0
7B,text,comp(cut),35,recombine_cut_and_deliver,0
7B,text,comp(cut),36,recombine_cut_and_deliver,1
7B,text,comp(cut),37,recombine_cut_and_deliver,0
7B,text,comp(cut),38,recombine_cut_and_deliver,0
7B,text,comp(cut),39,recombine_cut_and_deliver,0
7B,text,comp(cut),40,recombine_cut_and_deliver,0
7B,text,comp(cut),41,recombine_cut_and_deliver,0
7B,text,comp(cut),42,recombine_cut_and_deliver,1
7B,text,comp(cut),43,recombine_cut_and_deliver,0
7B,text,comp(cut),44,recombine_cut_and_deliver,0
7B,text,comp(cut),45,recombine_cut_and_deliver,1
7B,text,comp(cut),46,recombine_cut_and_deliver,1
7B,text,comp(cut),47,recombine_cut_and_deliver,1
7B,text,comp(cut),48,recombine_cut_and_deliver,0
7B,text,comp(cut),49,recombine_cut_and_deliver,0
7B,text,comp(cut),50,recombine_cut_and_deliver,1
7B,text,comp(cut),51,recombine_cut_and_deliver,0
7B,text,comp(cut),52,recombine_cut_and_deliver,0
7B,text,comp(cut),53,recombine_cut_and_deliver,0
7B,text,comp(cut),54,recombine_cut_and_deliver,0
7B,text,comp(cut),55,recombine_cut_and_deliver,1
7B,text,comp(cut),56,recombine_cut_and_deliver,0
7B,text,comp(cut),57,recombine_cut_and_deliver,1
7B,text,comp(cut),58,recombine_cut_and_deliver,1
7B,text,comp(cut),59,recombine_cut_and_deliver,0
7B,text,comp(cut),60,recombine_cut_and_deliver,0
7B,text,comp(cut),61,recombine_cut_and_deliver,0
7B,text,comp(cut),62,recombine_cut_and_deliver,0
7B,text,comp(cut),63,recombine_cut_and_deliver,0
7B,text,comp(cut),64,recombine_cut_and_deliver,0
7B,text,comp(cut),65,recombine_cut_and_deliver,1
7B,text,comp(cut),66,recombine_cut_and_deliver,0
7B,text,comp(cut),67,recombine_cut_and_deliver,1
7B,text,comp(cut),68,recombine_cut_and_deliver,0
7B,text,comp(cut),69,recombine_cut_and_deliver,0
7B,text,comp(cut),70,recombine_cut_and_deliver,0
7B,text,comp(cut),71,recombine_cut_and_deliver,0
7B,text,comp(cut),72,recombine_cut_and_deliver,0
7B,text,comp(cut),73,recombine_cut_and_deliver,0
7B,text,comp(cut),74,recombine_cut_and_deliver,0
7B,text,comp(cut),75,recombine_cut_and_deliver,0
7B,text,comp(cut),76,recombine_cut_and_deliver,1
7B,text,comp(cut),77,recombine_cut_and_deliver,0
7B,text,comp(cut),78,recombine_cut_and_deliver,0
7B,text,comp(cut),79,recombine_cut_and_deliver,0
7B,text,comp(cut),80,recombine_cut_and_deliver,0
7B,text,comp(cut),81,recombine_cut_and_deliver,1
7B,text,comp(cut),82,recombine_cut_and_deliver,1
7B,text,comp(cut),83,recombine_cut_and_deliver,0
7B,text,comp(cut),84,recombine_cut_and_deliver,0
7B,text,comp(cut),85,recombine_cut_and_deliver,0
7B,text,comp(cut),86,recombine_cut_and_deliver,0
7B,text,comp(cut),87,recombine_cut_and_deliver,1
7B,text,comp(cut),88,recombine_cut_and_deliver,0
7B,text,comp(cut),89,recombine_cut_and_deliver,0
7B,text,comp(cut),90,recombine_cut_and_deliver,0
7B,text,comp(cut),91,recombine_cut_and_deliver,0
7B,text,comp(cut),92,recombine_cut_and_deliver,0
7B,text,comp(cut),93,recombine_cut_and_deliver,0
7B,text,comp(cut),94,recombine_cut_and_deliver,0
7B,text,comp(cut),95,recombine_cut_and_deliver,0
7B,text,comp(cut),96,recombine_cut_and_deliver,1
7B,text,comp(cut),97,recombine_cut_and_deliver,0
7B,text,comp(cut),98,recombine_cut_and_deliver,0
7B,text,comp(cut),99,recombine_cut_and_deliver,1
7B,text,comp(cut),100,recombine_cut_and_deliver,0
7B,text,comp(cut),101,recombine_cut_and_deliver,0
7B,text,comp(cut),102,recombine_cut_and_deliver,0
7B,text,comp(cut),103,recombine_cut_and_deliver,0
7B,text,comp(cut),104,recombine_cut_and_deliver,0
7B,text,comp(cut),105,recombine_cut_and_deliver,0
7B,text,comp(cut),106,recombine_cut_and_deliver,0
7B,text,comp(cut),107,recombine_cut_and_deliver,0
7B,text,comp(cut),108,recombine_cut_and_deliver,0
7B,text,comp(cut),109,recombine_cut_and_deliver,0
7B,text,comp(cut),110,recombine_cut_and_deliver,1
7B,text,comp(cut),111,recombine_cut_and_deliver,1
7B,text,comp(cut),112,recombine_cut_and_deliver,1
7B,text,comp(cut),113,recombine_cut_and_deliver,1
7B,text,comp(cut),114,recombine_cut_and_deliver,0
7B,text,comp(cut),115,recombine_cut_and_deliver,0
7B,text,comp(cut),116,recombine_cut_and_deliver,0
7B,text,comp(cut),117,recombine_cut_and_deliver,0
7B,text,comp(cut),118,recombine_cut_and_deliver,1
7B,text,comp(cut),119,recombine_cut_and_deliver,1
7B,text,comp(cut),120,recombine_cut_and_deliver,0
7B,text,comp(cut),121,recombine_cut_and_deliver,0
7B,text,comp(cut),122,recombine_cut_and_deliver,1
7B,text,comp(cut),123,recombine_cut_and_deliver,0
7B,text,comp(cut),124,recombine_cut_and_deliver,1
7B,text,comp(cut),125,recombine_cut_and_deliver,0
7B,text,comp(cut),126,recombine_cut_and_deliver,1
7B,text,comp(cut),127,recombine_cut_and_deliver,0
7B,text,comp(cut),128,recombine_cut_and_deliver,0
7B,text,comp(cut),129,recombine_cut_and_deliver,0
7B,text,comp(cut),130,recombine_cut_and_deliver,0
7B,text,comp(cut),131,recombine_cut_and_deliver,0
7B,text,comp(cut),132,recombine_cut_and_deliver,0
7B,text,comp(cut),133,recombine_cut_and_deliver,0
7B,text,comp(cut),134,recombine_cut_and_deliver,0
7B,text,comp(cut),135,recombine_cut_and_deliver,1
7B,text,comp(cut),136,recombine_cut_and_deliver,0
7B,text,comp(cut),137,recombine_cut_and_deliver,0
7B,text,comp(cut),138,recombine_cut_and_deliver,0
7B,text,comp(cut),139,recombine_cut_and_deliver,0
7B,text,comp(cut),140,recombine_cut_and_deliver,0
7B,text,comp(cut),141,recombine_cut_and_deliver,0
7B,text,comp(cut),142,recombine_cut_and_deliver,1
7B,text,comp(cut),143,recombine_cut_and_deliver,1
7B,text,comp(cut),144,recombine_cut_and_deliver,0
7B,text,comp(cut),145,recombine_cut_and_deliver,0
7B,text,comp(cut),146,recombine_cut_and_deliver,1
7B,text,comp(cut),147,recombine_cut_and_deliver,1
7B,text,comp(cut),148,recombine_cut_and_deliver,1
7B,text,comp(cut),149,recombine_cut_and_deliver,0
7B,text,comp(cut),150,recombine_cut_and_deliver,0
7B,text,comp(cut),151,recombine_cut_and_deliver,0
7B,text,comp(cut),152,recombine_cut_and_deliver,1
7B,text,comp(cut),153,recombine_cut_and_deliver,0
7B,text,comp(cut),154,recombine_cut_and_deliver,0
7B,text,comp(cut),155,recombine_cut_and_deliver,1
7B,text,comp(cut),156,recombine_cut_and_deliver,0
7B,text,comp(cut),157,recombine_cut_and_deliver,0
7B,text,comp(cut),158,recombine_cut_and_deliver,0
7B,text,comp(cut),159,recombine_cut_and_deliver,0
7B,text,comp(cut),160,recombine_cut_and_deliver,1
7B,text,comp(cut),161,recombine_cut_and_deliver,0
7B,text,comp(cut),162,recombine_cut_and_deliver,1
7B,text,comp(cut),163,recombine_cut_and_deliver,1
7B,text,comp(cut),164,recombine_cut_and_deliver,1
7B,text,comp(cut),165,recombine_cut_and_deliver,1
7B,text,comp(cut),166,recombine_cut_and_deliver,1
7B,text,comp(cut),167,recombine_cut_and_deliver,1
7B,text,comp(cut),168,recombine_cut_and_deliver,0
7B,text,comp(cut),169,recombine_cut_and_deliver,0
7B,text,comp(cut),170,recombine_cut_and_deliver,1
7B,text,comp(cut),171,recombine_cut_and_deliver,1
7B,text,comp(cut),172,recombine_cut_and_deliver,1
7B,text,comp(cut),173,recombine_cut_and_deliver,0
7B,text,comp(cut),174,recombine_cut_and_deliver,0
7B,text,comp(cut),175,recombine_cut_and_deliver,1
7B,text,comp(cut),176,recombine_cut_and_deliver,0
7B,text,comp(cut),177,recombine_cut_and_deliver,0
7B,text,comp(cut),178,recombine_cut_and_deliver,0
7B,text,comp(cut),179,recombine_cut_and_deliver,0
7B,text,comp(cut),180,recombine_cut_and_deliver,0
7B,text,comp(cut),181,recombine_cut_and_deliver,0
7B,text,comp(cut),182,recombine_cut_and_deliver,0
7B,text,comp(cut),183,recombine_cut_and_deliver,0
7B,text,comp(cut),184,recombine_cut_and_deliver,0
7B,text,comp(cut),185,recombine_cut_and_deliver,0
7B,text,comp(cut),186,recombine_cut_and_deliver,0
7B,text,comp(cut),187,recombine_cut_and_deliver,1
7B,text,comp(cut),188,recombine_cut_and_deliver,0
7B,text,comp(cut),189,recombine_cut_and_deliver,0
7B,text,comp(cut),190,recombine_cut_and_deliver,0
7B,text,comp(cut),191,recombine_cut_and_deliver,0
7B,text,comp(cut),192,recombine_cut_and_deliver,0
7B,text,comp(cut),193,recombine_cut_and_deliver,0
7B,text,comp(cut),194,recombine_cut_and_deliver,1
7B,text,comp(cut),195,recombine_cut_and_deliver,0
7B,text,comp(cut),196,recombine_cut_and_deliver,0
7B,text,comp(cut),197,recombine_cut_and_deliver,0
7B,text,comp(cut),198,recombine_cut_and_deliver,1
7B,text,comp(cut),199,recombine_cut_and_deliver,0
7B,text,comp(cut),200,recombine_cut_and_deliver,1
7B,text,comp(cut),201,recombine_cut_and_deliver,0
7B,text,comp(cut),202,recombine_cut_and_deliver,1
7B,text,comp(cut),203,recombine_cut_and_deliver,1
7B,text,comp(cut),204,recombine_cut_and_deliver,0
7B,text,comp(cut),205,recombine_cut_and_deliver,0
7B,text,comp(cut),206,recombine_cut_and_deliver,0
7B,text,comp(cut),207,recombine_cut_and_deliver,0
7B,text,comp(cut),208,recombine_cut_and_deliver,1
7B,text,comp(cut),209,recombine_cut_and_deliver,0
7B,text,comp(cut),210,recombine_cut_and_deliver,0
7B,text,comp(cut),211,recombine_cut_and_deliver,0
7B,text,comp(cut),212,recombine_cut_and_deliver,0
7B,text,comp(cut),213,recombine_cut_and_deliver,0
7B,text,comp(cut),214,recombine_cut_and_deliver,0
7B,text,comp(cut),215,recombine_cut_and_deliver,0
7B,text,comp(cut),216,recombine_cut_and_deliver,0
7B,text,comp(cut),217,recombine_cut_and_deliver,0
7B,text,comp(cut),218,recombine_cut_and_deliver,1
7B,text,comp(cut),219,recombine_cut_and_deliver,0
7B,text,comp(cut),220,recombine_cut_and_deliver,0
7B,text,comp(cut),221,recombine_cut_and_deliver,0
7B,text,comp(cut),222,recombine_cut_and_deliver,0
7B,text,comp(cut),223,recombine_cut_and_deliver,0
7B,text,comp(cut),224,recombine_cut_and_deliver,0
7B,text,comp(cut),225,recombine_cut_and_deliver,0
7B,text,comp(cut),226,recombine_cut_and_deliver,0
7B,text,comp(cut),227,recombine_cut_and_deliver,1
7B,text,comp(cut),228,recombine_cut_and_deliver,1
7B,text,comp(cut),229,recombine_cut_and_deliver,0
7B,text,comp(cut),230,recombine_cut_and_deliver,0
7B,text,comp(cut),231,recombine_cut_and_deliver,1
7B,text,comp(cut),232,recombine_cut_and_deliver,1
7B,text,comp(cut),233,recombine_cut_and_deliver,0
7B,text,comp(cut),234,recombine_cut_and_deliver,0
7B,text,comp(cut),235,recombine_cut_and_deliver,0
7B,text,comp(cut),236,recombine_cut_and_deliver,0
7B,text,comp(cut),237,recombine_cut_and_deliver,1
7B,text,comp(cut),238,recombine_cut_and_deliver,0
7B,text,comp(cut),239,recombine_cut_and_deliver,0
7B,text,comp(cut),240,recombine_cut_and_deliver,0
7B,text,comp(cut),241,recombine_cut_and_deliver,1
7B,text,comp(cut),242,recombine_cut_and_deliver,1
7B,text,comp(cut),243,recombine_cut_and_deliver,0
7B,text,comp(cut),244,recombine_cut_and_deliver,0
7B,text,comp(cut),245,recombine_cut_and_deliver,0
7B,text,comp(cut),246,recombine_cut_and_deliver,0
7B,text,comp(cut),247,recombine_cut_and_deliver,1
7B,text,comp(cut),248,recombine_cut_and_deliver,0
7B,text,comp(cut),249,recombine_cut_and_deliver,0
7B,text,comp(cut),250,recombine_cut_and_deliver,0
7B,text,comp(cut),251,recombine_cut_and_deliver,1
7B,text,comp(cut),252,recombine_cut_and_deliver,1
7B,text,comp(cut),253,recombine_cut_and_deliver,0
7B,text,comp(cut),254,recombine_cut_and_deliver,0
7B,text,comp(cut),255,recombine_cut_and_deliver,0
7B,text,comp(cut),256,recombine_cut_and_deliver,1
7B,text,comp(cut),257,recombine_cut_and_deliver,1
7B,text,comp(cut),258,recombine_cut_and_deliver,1
7B,text,comp(cut),259,recombine_cut_and_deliver,0
7B,text,comp(cut),260,recombine_cut_and_deliver,0
7B,text,comp(cut),261,recombine_cut_and_deliver,0
7B,text,comp(cut),262,recombine_cut_and_deliver,0
7B,text,comp(cut),263,recombine_cut_and_deliver,0
7B,text,comp(cut),264,recombine_cut_and_deliver,0
7B,text,comp(cut),265,recombine_cut_and_deliver,0
7B,text,comp(cut),266,recombine_cut_and_deliver,0
7B,text,comp(cut),267,recombine_cut_and_deliver,0
7B,text,comp(cut),268,recombine_cut_and_deliver,0
7B,text,comp(cut),269,recombine_cut_and_deliver,0
7B,text,comp(cut),270,recombine_cut_and_deliver,0
7B,text,comp(cut),271,recombine_cut_and_deliver,0
7B,text,comp(cut),272,recombine_cut_and_deliver,0
7B,text,comp(cut),273,recombine_cut_and_deliver,0
7B,text,comp(cut),274,recombine_cut_and_deliver,0
7B,text,comp(cut),275,recombine_cut_and_deliver,0
7B,text,comp(cut),276,recombine_cut_and_deliver,0
7B,text,comp(cut),277,recombine_cut_and_deliver,0
7B,text,comp(cut),278,recombine_cut_and_deliver,0
7B,text,comp(cut),279,recombine_cut_and_deliver,1
7B,text,comp(cut),280,recombine_cut_and_deliver,0
7B,text,comp(cut),281,recombine_cut_and_deliver,0
7B,text,comp(cut),282,recombine_cut_and_deliver,1
7B,text,comp(cut),283,recombine_cut_and_deliver,1
7B,text,comp(cut),284,recombine_cut_and_deliver,0
7B,text,comp(cut),285,recombine_cut_and_deliver,0
7B,text,comp(cut),286,recombine_cut_and_deliver,0
7B,text,comp(cut),287,recombine_cut_and_deliver,0
7B,text,comp(cut),288,recombine_cut_and_deliver,0
7B,text,comp(cut),289,recombine_cut_and_deliver,0
7B,text,comp(cut),290,recombine_cut_and_deliver,1
7B,text,comp(cut),291,recombine_cut_and_deliver,0
7B,text,comp(cut),292,recombine_cut_and_deliver,0
7B,text,comp(cut),293,recombine_cut_and_deliver,0
7B,text,comp(cut),294,recombine_cut_and_deliver,0
7B,text,comp(cut),295,recombine_cut_and_deliver,0
7B,text,comp(cut),296,recombine_cut_and_deliver,1
7B,text,comp(cut+delivery),0,recombine_cut_and_deliver,0
7B,text,comp(cut+delivery),1,recombine_cut_and_deliver,0
7B,text,comp(cut+delivery),2,recombine_cut_and_deliver,0
7B,text,comp(cut+delivery),3,recombine_cut_and_deliver,0
7B,text,comp(cut+delivery),4,recombine_cut_and_deliver,1
7B,text,comp(cut+delivery),5,recombine_cut_and_deliver,1
7B,text,comp(cut+delivery),6,recombine_cut_and_deliver,1
7B,text,comp(cut+delivery),7,recombine_cut_and_deliver,0
7B,text,comp(cut+delivery),8,recombine_cut_and_deliver,0
7B,text,comp(cut+delivery),9,recombine_cut_and_deliver,0
7B,text,comp(cut+delivery),10,recombine_cut_and_deliver,1
7B,text,comp(cut+delivery),11,recombine_cut_and_deliver,0
7B,text,comp(cut+delivery),12,recombine_cut_and_deliver,0
7B,text,comp(cut+delivery),13,recombine_cut_and_deliver,0
7B,text,comp(cut+delivery),14,recombine_cut_and_deliver,0
7B,text,comp(cut+delivery),15,recombine_cut_and_deliver,0
7B,text,comp(cut+delivery),16,recombine_cut_and_deliver,0
7B,text,comp(cut+delivery),17,recombine_cut_and_deliver,0
7B,text,comp(cut+delivery),18,recombine_cut_and_deliver,0
7B,text,comp(cut+delivery),19,recombine_cut_and_deliver,0
7B,text,comp(cut+delivery),20,recombine_cut_and_deliver,0
7B,text,comp(cut+delivery),21,recombine_cut_and_deliver,0
7B,text,comp(cut+delivery),22,recombine_cut_and_deliver,0
7B,text,comp(cut+delivery),23,recombine_cut_and_deliver,1
7B,text,comp(cut+delivery),24,recombine_cut_and_deliver,0
7B,text,comp(cut+delivery),25,recombine_cut_and_deliver,1
7B,text,comp(cut+delivery),26,recombine_cut_and_deliver,0
7B,text,comp(cut+delivery),27,recombine_cut_and_deliver,0
7B,text,comp(cut+delivery),28,recombine_cut_and_deliver,0
7B,text,comp(cut+delivery),29,recombine_cut_and_deliver,0
7B,text,comp(cut+delivery),30,recombine_cut_and_deliver,0
7B,text,comp(cut+delivery),31,recombine_cut_and_deliver,0
7B,text,comp(cut+delivery),32,recombine_cut_and_deliver,1
7B,text,comp(cut+delivery),33,recombine_cut_and_deliver,0
7B,text,comp(cut+delivery),34,recombine_cut_and_deliver,0
7B,text,comp(cut+delivery),35,recombine_cut_and_deliver,0
7B,text,comp(cut+delivery),36,recombine_cut_and_deliver,1
7B,text,comp(cut+delivery),37,recombine_cut_and_deliver,0
7B,text,comp(cut+delivery),38,recombine_cut_and_deliver,0
7B,text,comp(cut+delivery),39,recombine_cut_and_deliver,0
7B,text,comp(cut+delivery),40,recombine_cut_and_deliver,0
7B,text,comp(cut+delivery),41,recombine_cut_and_deliver,0
7B,text,comp(cut+delivery),42,recombine_cut_and_deliver,1
7B,text,comp(cut+delivery),43,recombine_cut_and_deliver,0
7B,text,comp(cut+delivery),44,recombine_cut_and_deliver,0
7B,text,comp(cut+delivery),45,recombine_cut_and_deliver,1
7B,text,comp(cut+delivery),46,recombine_cut_and_deliver,1
7B,text,comp(cut+delivery),47,recombine_cut_and_deliver,1
7B,text,comp(cut+delivery),48,recombine_cut_and_deliver,0
7B,text,comp(cut+delivery),49,recombine_cut_and_deliver,0
7B,text,comp(cut+delivery),50,recombine_cut_and_deliver,1
7B,text,comp(cut+delivery),51,recombine_cut_and_deliver,0
7B,text,comp(cut+delivery),52,recombine_cut_and_deliver,0
7B,text,comp(cut+delivery),53,recombine_cut_and_deliver,0
7B,text,comp(cut+delivery),54,recombine_cut_and_deliver,0
7B,text,comp(cut+delivery),55,recombine_cut_and_deliver,1
7B,text,comp(cut+delivery),56,recombine_cut_and_deliver,0
7B,text,comp(cut+delivery),57,recombine_cut_and_deliver,1
7B,text,comp(cut+delivery),58,recombine_cut_and_deliver,1
7B,text,comp(cut+delivery),59,recombine_cut_and_deliver,0
7B,text,comp(cut+delivery),60,recombine_cut_and_deliver,0
7B,text,comp(cut+delivery),61,recombine_cut_and_deliver,0
7B,text,comp(cut+delivery),62,recombine_cut_and_deliver,0
7B,text,comp(cut+delivery),63,recombine_cut_and_deliver,0
7B,text,comp(cut+delivery),64,recombine_cut_and_deliver,0
7B,text,comp(cut+delivery),65,recombine_cut_and_deliver,1
7B,text,comp(cut+delivery),66,recombine_cut_and_deliver,0
7B,text,comp(cut+delivery),67,recombine_cut_and_deliver,1
7B,text,comp(cut+delivery),68,recombine_cut_and_deliver,0
7B,text,comp(cut+delivery),69,recombine_cut_and_deliver,0
7B,text,comp(cut+delivery),70,recombine_cut_and_deliver,0
7B,text,comp(cut+delivery),71,recombine_cut_and_deliver,0
7B,text,comp(cut+delivery),72,recombine_cut_and_deliver,0
7B,text,comp(cut+delivery),73,recombine_cut_and_deliver,0
7B,text,comp(cut+delivery),74,recombine_cut_and_deliver,0
7B,text,comp(cut+delivery),75,recombine_cut_and_deliver,0
7B,text,comp(cut+delivery),76,recombine_cut_and_deliver,1
7B,text,comp(cut+delivery),77,recombine_cut_and_deliver,0
7B,text,comp(cut+delivery),78,recombine_cut_and_deliver,0
7B,text,comp(cut+delivery),79,recombine_cut_and_deliver,0
7B,text,comp(cut+delivery),80,recombine_cut_and_deliver,0
7B,text,comp(cut+delivery),81,recombine_cut_and_deliver,1
7B,text,comp(cut+delivery),82,recombine_cut_and_deliver,1
7B,text,comp(cut+delivery),83,recombine_cut_and_deliver,0
7B,text,comp(cut+delivery),84,recombine_cut_and_deliver,0
7B,text,comp(cut+delivery),85,recombine_cut_and_deliver,0
7B,text,comp(cut+delivery),86,recombine_cut_and_deliver,0
7B,text,comp(cut+delivery),87,recombine_cut_and_deliver,1
7B,text,comp(cut+delivery),88,recombine_cut_and_deliver,0
7B,text,comp(cut+delivery),89,recombine_cut_and_deliver,0
7B,text,comp(cut+delivery),90,recombine_cut_and_deliver,0
7B,text,comp(cut+delivery),91,recombine_cut_and_deliver,0
7B,text,comp(cut+delivery),92,recombine_cut_and_deliver,0
7B,text,comp(cut+delivery),93,recombine_cut_and_deliver,0
7B,text,comp(cut+delivery),94,recombine_cut_and_deliver,0
7B,text,comp(cut+delivery),95,recombine_cut_and_deliver,0
7B,text,comp(cut+delivery),96,recombine_cut_and_deliver,1
7B,text,comp(cut+delivery),97,recombine_cut_and_deliver,0
7B,text,comp(cut+delivery),98,recombine_cut_and_deliver,0
7B,text,comp(cut+delivery),99,recombine_cut_and_deliver,1
7B,text,comp(cut+delivery),100,recombine_cut_and_deliver,0
7B,text,comp(cut+delivery),101,recombine_cut_and_deliver,0
7B,text,comp(cut+delivery),102,recombine_cut_and_deliver,0
7B,text,comp(cut+delivery),103,recombine_cut_and_deliver,0
7B,text,comp(cut+delivery),104,recombine_cut_and_deliver,0
7B,text,comp(cut+delivery),105,recombine_cut_and_deliver,0
7B,text,comp(cut+delivery),106,recombine_cut_and_deliver,0
7B,text,comp(cut+delivery),107,recombine_cut_and_deliver,0
7B,text,comp(cut+delivery),108,recombine_cut_and_deliver,0
7B,text,comp(cut+delivery),109,recombine_cut_and_deliver,0
7B,text,comp(cut+delivery),110,recombine_cut_and_deliver,1
7B,text,comp(cut+delivery),111,recombine_cut_and_deliver,1
7B,text,comp(cut+delivery),112,recombine_cut_and_deliver,1
7B,text,comp(cut+delivery),113,recombine_cut_and_deliver,1
7B,text,comp(cut+delivery),114,recombine_cut_and_deliver,0
7B,text,comp(cut+delivery),115,recombine_cut_and_deliver,0
7B,text,comp(cut+delivery),116,recombine_cut_and_deliver,0
7B,text,comp(cut+delivery),117,recombine_cut_and_deliver,0
7B,text,comp(cut+delivery),118,recombine_cut_and_deliver,1
7B,text,comp(cut+delivery),119,recombine_cut_and_deliver,1
7B,text,comp(cut+delivery),120,recombine_cut_and_deliver,0
7B,text,comp(cut+delivery),121,recombine_cut_and_deliver,0
7B,text,comp(cut+delivery),122,recombine_cut_and_deliver,1
7B,text,comp(cut+delivery),123,recombine_cut_and_deliver,0
7B,text,comp(cut+delivery),124,recombine_cut_and_deliver,1
7B,text,comp(cut+delivery),125,recombine_cut_and_deliver,0
7B,text,comp(cut+delivery),126,recombine_cut_and_deliver,1
7B,text,comp(cut+delivery),127,recombine_cut_and_deliver,0
7B,text,comp(cut+delivery),128,recombine_cut_and_deliver,0
7B,text,comp(cut+delivery),129,recombine_cut_and_deliver,0
7B,text,comp(cut+delivery),130,recombine_cut_and_deliver,0
7B,text,comp(cut+delivery),131,recombine_cut_and_deliver,0
7B,text,comp(cut+delivery),132,recombine_cut_and_deliver,0
7B,text,comp(cut+delivery),133,recombine_cut_and_deliver,0
7B,text,comp(cut+delivery),134,recombine_cut_and_deliver,0
7B,text,comp(cut+delivery),135,recombine_cut_and_deliver,1
7B,text,comp(cut+delivery),136,recombine_cut_and_deliver,0
7B,text,comp(cut+delivery),137,recombine_cut_and_deliver,0
7B,text,comp(cut+delivery),138,recombine_cut_and_deliver,0
7B,text,comp(cut+delivery),139,recombine_cut_and_deliver,0
7B,text,comp(cut+delivery),140,recombine_cut_and_deliver,0
7B,text,comp(cut+delivery),141,recombine_cut_and_deliver,0
7B,text,comp(cut+delivery),142,recombine_cut_and_deliver,1
7B,text,comp(cut+delivery),143,recombine_cut_and_deliver,1
7B,text,comp(cut+delivery),144,recombine_cut_and_deliver,0
7B,text,comp(cut+delivery),145,recombine_cut_and_deliver,0
7B,text,comp(cut+delivery),146,recombine_cut_and_deliver,1
7B,text,comp(cut+delivery),147,recombine_cut_and_deliver,1
7B,text,comp(cut+delivery),148,recombine_cut_and_deliver,1
7B,text,comp(cut+delivery),149,recombine_cut_and_deliver,0
7B,text,comp(cut+delivery),150,recombine_cut_and_deliver,0
7B,text,comp(cut+delivery),151,recombine_cut_and_deliver,0
7B,text,comp(cut+delivery),152,recombine_cut_and_deliver,1
7B,text,comp(cut+delivery),153,recombine_cut_and_deliver,0
7B,text,comp(cut+delivery),154,recombine_cut_and_deliver,0
7B,text,comp(cut+delivery),155,recombine_cut_and_deliver,1
7B,text,comp(cut+delivery),156,recombine_cut_and_deliver,0
7B,text,comp(cut+delivery),157,recombine_cut_and_deliver,0
7B,text,comp(cut+delivery),158,recombine_cut_and_deliver,0
7B,text,comp(cut+delivery),159,recombine_cut_and_deliver,0
7B,text,comp(cut+delivery),160,recombine_cut_and_deliver,1
7B,text,comp(cut+delivery),161,recombine_cut_and_deliver,0
7B,text,comp(cut+delivery),162,recombine_cut_and_deliver,1
7B,text,comp(cut+delivery),163,recombine_cut_and_deliver,1
7B,text,comp(cut+delivery),164,recombine_cut_and_deliver,1
7B,text,comp(cut+delivery),165,recombine_cut_and_deliver,1
7B,text,comp(cut+delivery),166,recombine_cut_and_deliver,1
7B,text,comp(cut+delivery),167,recombine_cut_and_deliver,1
7B,text,comp(cut+delivery),168,recombine_cut_and_deliver,0
7B,text,comp(cut+delivery),169,recombine_cut_and_deliver,0
7B,text,comp(cut+delivery),170,recombine_cut_and_deliver,1
7B,text,comp(cut+delivery),171,recombine_cut_and_deliver,1
7B,text,comp(cut+delivery),172,recombine_cut_and_deliver,1
7B,text,comp(cut+delivery),173,recombine_cut_and_deliver,0
7B,text,comp(cut+delivery),174,recombine_cut_and_deliver,0
7B,text,comp(cut+delivery),175,recombine_cut_and_deliver,1
7B,text,comp(cut+delivery),176,recombine_cut_and_deliver,0
7B,text,comp(cut+delivery),177,recombine_cut_and_deliver,0
7B,text,comp(cut+delivery),178,recombine_cut_and_deliver,0
7B,text,comp(cut+delivery),179,recombine_cut_and_deliver,0
7B,text,comp(cut+delivery),180,recombine_cut_and_deliver,0
7B,text,comp(cut+delivery),181,recombine_cut_and_deliver,0
7B,text,comp(cut+delivery),182,recombine_cut_and_deliver,0
7B,text,comp(cut+delivery),183,recombine_cut_and_deliver,0
7B,text,comp(cut+delivery),184,recombine_cut_and_deliver,0
7B,text,comp(cut+delivery),185,recombine_cut_and_deliver,0
7B,text,comp(cut+delivery),186,recombine_cut_and_deliver,0
7B,text,comp(cut+delivery),187,recombine_cut_and_deliver,1
7B,text,comp(cut+delivery),188,recombine_cut_and_deliver,0
7B,text,comp(cut+delivery),189,recombine_cut_and_deliver,0
7B,text,comp(cut+delivery),190,recombine_cut_and_deliver,0
7B,text,comp(cut+delivery),191,recombine_cut_and_deliver,0
7B,text,comp(cut+delivery),192,recombine_cut_and_deliver,0
7B,text,comp(cut+delivery),193,recombine_cut_and_deliver,0
7B,text,comp(cut+delivery),194,recombine_cut_and_deliver,1
7B,text,comp(cut+delivery),195,recombine_cut_and_deliver,0
7B,text,comp(cut+delivery),196,recombine_cut_and_deliver,0
7B,text,comp(cut+delivery),197,recombine_cut_and_deliver,0
7B,text,comp(cut+delivery),198,recombine_cut_and_deliver,1
7B,text,comp(cut+delivery),199,recombine_cut_and_deliver,0
7B,text,comp(cut+delivery),200,recombine_cut_and_deliver,1
7B,text,comp(cut+delivery),201,recombine_cut_and_deliver,0
7B,text,comp(cut+delivery),202,recombine_cut_and_deliver,1
7B,text,comp(cut+delivery),203,recombine_cut_and_deliver,1
7B,text,comp(cut+delivery),204,recombine_cut_and_deliver,0
7B,text,comp(cut+delivery),205,recombine_cut_and_deliver,0
7B,text,comp(cut+delivery),206,recombine_cut_and_deliver,0
7B,text,comp(cut+delivery),207,recombine_cut_and_deliver,0
7B,text,comp(cut+delivery),208,recombine_cut_and_deliver,1
7B,text,comp(cut+delivery),209,recombine_cut_and_deliver,0
7B,text,comp(cut+delivery),210,recombine_cut_and_deliver,0
7B,text,comp(cut+delivery),211,recombine_cut_and_deliver,0
7B,text,comp(cut+delivery),212,recombine_cut_and_deliver,0
7B,text,comp(cut+delivery),213,recombine_cut_and_deliver,0
7B,text,comp(cut+delivery),214,recombine_cut_and_deliver,0
7B,text,comp(cut+delivery),215,recombine_cut_and_deliver,0
7B,text,comp(cut+delivery),216,recombine_cut_and_deliver,0
7B,text,comp(cut+delivery),217,recombine_cut_and_deliver,0
7B,text,comp(cut+delivery),218,recombine_cut_and_deliver,1
7B,text,comp(cut+delivery),219,recombine_cut_and_deliver,0
7B,text,comp(cut+delivery),220,recombine_cut_and_deliver,0
7B,text,comp(cut+delivery),221,recombine_cut_and_deliver,0
7B,text,comp(cut+delivery),222,recombine_cut_and_deliver,0
7B,text,comp(cut+delivery),223,recombine_cut_and_deliver,0
7B,text,comp(cut+delivery),224,recombine_cut_and_deliver,0
7B,text,comp(cut+delivery),225,recombine_cut_and_deliver,0
7B,text,comp(cut+delivery),226,recombine_cut_and_deliver,0
7B,text,comp(cut+delivery),227,recombine_cut_and_deliver,1
7B,text,comp(cut+delivery),228,recombine_cut_and_deliver,1
7B,text,comp(cut+delivery),229,recombine_cut_and_deliver,0
7B,text,comp(cut+delivery),230,recombine_cut_and_deliver,0
7B,text,comp(cut+delivery),231,recombine_cut_and_deliver,1
7B,text,comp(cut+delivery),232,recombine_cut_and_deliver,1
7B,text,comp(cut+delivery),233,recombine_cut_and_deliver,0
7B,text,comp(cut+delivery),234,recombine_cut_and_deliver,0
7B,text,comp(cut+delivery),235,recombine_cut_and_deliver,0
7B,text,comp(cut+delivery),236,recombine_cut_and_deliver,0
7B,text,comp(cut+delivery),237,recombine_cut_and_deliver,1
7B,text,comp(cut+delivery),238,recombine_cut_and_deliver,0
7B,text,comp(cut+delivery),239,recombine_cut_and_deliver,0
7B,text,comp(cut+delivery),240,recombine_cut_and_deliver,0
7B,text,comp(cut+delivery),241,recombine_cut_and_deliver,1
7B,text,comp(cut+delivery),242,recombine_cut_and_deliver,1
7B,text,comp(cut+delivery),243,recombine_cut_and_deliver,0
7B,text,comp(cut+delivery),244,recombine_cut_and_deliver,0
7B,text,comp(cut+delivery),245,recombine_cut_and_deliver,0
7B,text,comp(cut+delivery),246,recombine_cut_and_deliver,0
7B,text,comp(cut+delivery),247,recombine_cut_and_deliver,1
7B,text,comp(cut+delivery),248,recombine_cut_and_deliver,0
7B,text,comp(cut+delivery),249,recombine_cut_and_deliver,0
7B,text,comp(cut+delivery),250,recombine_cut_and_deliver,0
7B,text,comp(cut+delivery),251,recombine_cut_and_deliver,1
7B,text,comp(cut+delivery),252,recombine_cut_and_deliver,1
7B,text,comp(cut+delivery),253,recombine_cut_and_deliver,0
7B,text,comp(cut+delivery),254,recombine_cut_and_deliver,0
7B,text,comp(cut+delivery),255,recombine_cut_and_deliver,0
7B,text,comp(cut+delivery),256,recombine_cut_and_deliver,1
7B,text,comp(cut+delivery),257,recombine_cut_and_deliver,1
7B,text,comp(cut+delivery),258,recombine_cut_and_deliver,1
7B,text,comp(cut+delivery),259,recombine_cut_and_deliver,0
7B,text,comp(cut+delivery),260,recombine_cut_and_deliver,0
7B,text,comp(cut+delivery),261,recombine_cut_and_deliver,0
7B,text,comp(cut+delivery),262,recombine_cut_and_deliver,0
7B,text,comp(cut+delivery),263,recombine_cut_and_deliver,0
7B,text,comp(cut+delivery),264,recombine_cut_and_deliver,0
7B,text,comp(cut+delivery),265,recombine_cut_and_deliver,0
7B,text,comp(cut+delivery),266,recombine_cut_and_deliver,0
7B,text,comp(cut+delivery),267,recombine_cut_and_deliver,0
7B,text,comp(cut+delivery),268,recombine_cut_and_deliver,0
7B,text,comp(cut+delivery),269,recombine_cut_and_deliver,0
7B,text,comp(cut+delivery),270,recombine_cut_and_deliver,0
7B,text,comp(cut+delivery),271,recombine_cut_and_deliver,0
7B,text,comp(cut+delivery),272,recombine_cut_and_deliver,0
7B,text,comp(cut+delivery),273,recombine_cut_and_deliver,0
7B,text,comp(cut+delivery),274,recombine_cut_and_deliver,0
7B,text,comp(cut+delivery),275,recombine_cut_and_deliver,0
7B,text,comp(cut+delivery),276,recombine_cut_and_deliver,0
7B,text,comp(cut+delivery),277,recombine_cut_and_deliver,0
7B,text,comp(cut+delivery),278,recombine_cut_and_deliver,0
7B,text,comp(cut+delivery),279,recombine_cut_and_deliver,1
7B,text,comp(cut+delivery),280,recombine_cut_and_deliver,0
7B,text,comp(cut+delivery),281,recombine_cut_and_deliver,0
7B,text,comp(cut+delivery),282,recombine_cut_and_deliver,1
7B,text,comp(cut+delivery),283,recombine_cut_and_deliver,1
7B,text,comp(cut+delivery),284,recombine_cut_and_deliver,0
7B,text,comp(cut+delivery),285,recombine_cut_and_deliver,0
7B,text,comp(cut+delivery),286,recombine_cut_and_deliver,0
7B,text,comp(cut+delivery),287,recombine_cut_and_deliver,0
7B,text,comp(cut+delivery),288,recombine_cut_and_deliver,0
7B,text,comp(cut+delivery),289,recombine_cut_and_deliver,0
7B,text,comp(cut+delivery),290,recombine_cut_and_deliver,1
7B,text,comp(cut+delivery),291,recombine_cut_and_deliver,0
7B,text,comp(cut+delivery),292,recombine_cut_and_deliver,0
7B,text,comp(cut+delivery),293,recombine_cut_and_deliver,0
7B,text,comp(cut+delivery),294,recombine_cut_and_deliver,0
7B,text,comp(cut+delivery),295,recombine_cut_and_deliver,0
7B,text,comp(cut+delivery),296,recombine_cut_and_deliver,1
7B,text,comp(all),0,recombine_cut_and_deliver,0
7B,text,comp(all),1,recombine_cut_and_deliver,0
7B,text,comp(all),2,recombine_cut_and_deliver,0
7B,text,comp(all),3,recombine_cut_and_deliver,0
7B,text,comp(all),4,recombine_cut_and_deliver,1
7B,text,comp(all),5,recombine_cut_and_deliver,0
7B,text,comp(all),6,recombine_cut_and_deliver,1
7B,text,comp(all),7,recombine_cut_and_deliver,0
7B,text,comp(all),8,recombine_cut_and_deliver,0
7B,text,comp(all),9,recombine_cut_and_deliver,0
7B,text,comp(all),10,recombine_cut_and_deliver,1
7B,text,comp(all),11,recombine_cut_and_deliver,0
7B,text,comp(all),12,recombine_cut_and_deliver,0
7B,text,comp(all),13,recombine_cut_and_deliver,0
7B,text,comp(all),14,recombine_cut_and_deliver,0
7B,text,comp(all),15,recombine_cut_and_deliver,0
7B,text,comp(all),16,recombine_cut_and_deliver,0
7B,text,comp(all),17,recombine_cut_and_deliver,0
7B,text,comp(all),18,recombine_cut_and_deliver,0
7B,text,comp(all),19,recombine_cut_and_deliver,0
7B,text,comp(all),20,recombine_cut_and_deliver,0
7B,text,comp(all),21,recombine_cut_and_deliver,0
7B,text,comp(all),22,recombine_cut_and_deliver,0
7B,text,comp(all),23,recombine_cut_and_deliver,1
7B,text,comp(all),24,recombine_cut_and_deliver,0
7B,text,comp(all),25,recombine_cut_and_deliver,1
7B,text,comp(all),26,recombine_cut_and_deliver,0
7B,text,comp(all),27,recombine_cut_and_deliver,0
7B,text,comp(all),28,recombine_cut_and_deliver,0
7B,text,comp(all),29,recombine_cut_and_deliver,0
7B,text,comp(all),30,recombine_cut_and_deliver,0
7B,text,comp(all),31,recombine_cut_and_deliver,0
7B,text,comp(all),32,recombine_cut_and_deliver,1
7B,text,comp(all),33,recombine_cut_and_deliver,0
7B,text,comp(all),34,recombine_cut_and_deliver,0
7B,text,comp(all),35,recombine_cut_and_deliver,0
7B,text,comp(all),36,recombine_cut_and_deliver,1
7B,text,comp(all),37,recombine_cut_and_deliver,0
7B,text,comp(all),38,recombine_cut_and_deliver,0
7B,text,comp(all),39,recombine_cut_and_deliver,0
7B,text,comp(all),40,recombine_cut_and_deliver,0
7B,text,comp(all),41,recombine_cut_and_deliver,0
7B,text,comp(all),42,recombine_cut_and_deliver,1
7B,text,comp(all),43,recombine_cut_and_deliver,0
7B,text,comp(all),44,recombine_cut_and_deliver,0
7B,text,comp(all),45,recombine_cut_and_deliver,1
7B,text,comp(all),46,recombine_cut_and_deliver,1
7B,text,comp(all),47,recombine_cut_and_deliver,1
7B,text,comp(all),48,recombine_cut_and_deliver,0
7B,text,comp(all),49,recombine_cut_and_deliver,0
7B,text,comp(all),50,recombine_cut_and_deliver,1
7B,text,comp(all),51,recombine_cut_and_deliver,0
7B,text,comp(all),52,recombine_cut_and_deliver,0
7B,text,comp(all),53,recombine_cut_and_deliver,0
7B,text,comp(all),54,recombine_cut_and_deliver,0
7B,text,comp(all),55,recombine_cut_and_deliver,1
7B,text,comp(all),56,recombine_cut_and_deliver,0
7B,text,comp(all),57,recombine_cut_and_deliver,1
7B,text,comp(all),58,recombine_cut_and_deliver,1
7B,text,comp(all),59,recombine_cut_and_deliver,0
7B,text,comp(all),60,recombine_cut_and_deliver,0
7B,text,comp(all),61,recombine_cut_and_deliver,0
7B,text,comp(all),62,recombine_cut_and_deliver,0
7B,text,comp(all),63,recombine_cut_and_deliver,0
7B,text,comp(all),64,recombine_cut_and_deliver,0
7B,text,comp(all),65,recombine_cut_and_deliver,1
7B,text,comp(all),66,recombine_cut_and_deliver,0
7B,text,comp(all),67,recombine_cut_and_deliver,1
7B,text,comp(all),68,recombine_cut_and_deliver,0
7B,text,comp(all),69,recombine_cut_and_deliver,0
7B,text,comp(all),70,recombine_cut_and_deliver,0
7B,text,comp(all),71,recombine_cut_and_deliver,0
7B,text,comp(all),72,recombine_cut_and_deliver,0
7B,text,comp(all),73,recombine_cut_and_deliver,0
7B,text,comp(all),74,recombine_cut_and_deliver,0
7B,text,comp(all),75,recombine_cut_and_deliver,0
7B,text,comp(all),76,recombine_cut_and_deliver,1
7B,text,comp(all),77,recombine_cut_and_deliver,0
7B,text,comp(all),78,recombine_cut_and_deliver,0
7B,text,comp(all),79,recombine_cut_and_deliver,0
7B,text,comp(all),80,recombine_cut_and_deliver,0
7B,text,comp(all),81,recombine_cut_and_deliver,1
7B,text,comp(all),82,recombine_cut_and_deliver,1
7B,text,comp(all),83,recombine_cut_and_deliver,0
7B,text,comp(all),84,recombine_cut_and_deliver,0
7B,text,comp(all),85,recombine_cut_and_deliver,0
7B,text,comp(all),86,recombine_cut_and_deliver,0
7B,text,comp(all),87,recombine_cut_and_deliver,1
7B,text,comp(all),88,recombine_cut_and_deliver,0
7B,text,comp(all),89,recombine_cut_and_deliver,0
7B,text,comp(all),90,recombine_cut_and_deliver,0
7B,text,comp(all),91,recombine_cut_and_deliver,0
7B,text,comp(all),92,recombine_cut_and_deliver,0
7B,text,comp(all),93,recombine_cut_and_deliver,0
7B,text,comp(all),94,recombine_cut_and_deliver,0
7B,text,comp(all),95,recombine_cut_and_deliver,0
7B,text,comp(all),96,recombine_cut_and_deliver,1
7B,text,comp(all),97,recombine_cut_and_deliver,0
7B,text,comp(all),98,recombine_cut_and_deliver,0
7B,text,comp(all),99,recombine_cut_and_deliver,1
7B,text,comp(all),100,recombine_cut_and_deliver,0
7B,text,comp(all),101,recombine_cut_and_deliver,0
7B,text,comp(all),102,recombine_cut_and_deliver,0
7B,text,comp(all),103,recombine_cut_and_deliver,0
7B,text,comp(all),104,recombine_cut_and_deliver,0
7B,text,comp(all),105,recombine_cut_and_deliver,0
7B,text,comp(all),106,recombine_cut_and_deliver,0
7B,text,comp(all),107,recombine_cut_and_deliver,0
7B,text,comp(all),108,recombine_cut_and_deliver,0
7B,text,comp(all),109,recombine_cut_and_deliver,0
7B,text,comp(all),110,recombine_cut_and_deliver,1
7B,text,comp(all),111,recombine_cut_and_deliver,1
7B,text,comp(all),112,recombine_cut_and_deliver,0
7B,text,comp(all),113,recombine_cut_and_deliver,1
7B,text,comp(all),114,recombine_cut_and_deliver,0
7B,text,comp(all),115,recombine_cut_and_deliver,0
7B,text,comp(all),116,recombine_cut_and_deliver,0
7B,text,comp(all),117,recombine_cut_and_deliver,0
7B,text,comp(all),118,recombine_cut_and_deliver,1
7B,text,comp(all),119,recombine_cut_and_deliver,1
7B,text,comp(all),120,recombine_cut_and_deliver,0
7B,text,comp(all),121,recombine_cut_and_deliver,0
7B,text,comp(all),122,recombine_cut_and_deliver,1
7B,text,comp(all),123,recombine_cut_and_deliver,0
7B,text,comp(all),124,recombine_cut_and_deliver,1
7B,text,comp(all),125,recombine_cut_and_deliver,0
7B,text,comp(all),126,recombine_cut_and_deliver,1
7B,text,comp(all),127,recombine_cut_and_deliver,0
7B,text,comp(all),128,recombine_cut_and_deliver,0
7B,text,comp(all),129,recombine_cut_and_deliver,0
7B,text,comp(all),130,recombine_cut_and_deliver,0
7B,text,comp(all),131,recombine_cut_and_deliver,0
7B,text,comp(all),132,recombine_cut_and_deliver,0
7B,text,comp(all),133,recombine_cut_and_deliver,0
7B,text,comp(all),134,recombine_cut_and_deliver,0
7B,text,comp(all),135,recombine_cut_and_deliver,1
7B,text,comp(all),136,recombine_cut_and_deliver,0
7B,text,comp(all),137,recombine_cut_and_deliver,0
7B,text,comp(all),138,recombine_cut_and_deliver,0
7B,text,comp(all),139,recombine_cut_and_deliver,0
7B,text,comp(all),140,recombine_cut_and_deliver,0
7B,text,comp(all),141,recombine_cut_and_deliver,0
7B,text,comp(all),142,recombine_cut_and_deliver,1
7B,text,comp(all),143,recombine_cut_and_deliver,1
7B,text,comp(all),144,recombine_cut_and_deliver,0
7B,text,comp(all),145,recombine_cut_and_deliver,0
7B,text,comp(all),146,recombine_cut_and_deliver,1
7B,text,comp(all),147,recombine_cut_and_deliver,1
7B,text,comp(all),148,recombine_cut_and_deliver,1
7B,text,comp(all),149,recombine_cut_and_deliver,0
7B,text,comp(all),150,recombine_cut_and_deliver,0
7B,text,comp(all),151,recombine_cut_and_deliver,0
7B,text,comp(all),152,recombine_cut_and_deliver,1
7B,text,comp(all),153,recombine_cut_and_deliver,0
7B,text,comp(all),154,recombine_cut_and_deliver,0
7B,text,comp(all),155,recombine_cut_and_deliver,1
7B,text,comp(all),156,recombine_cut_and_deliver,0
7B,text,comp(all),157,recombine_cut_and_deliver,0
7B,text,comp(all),158,recombine_cut_and_deliver,0
7B,text,comp(all),159,recombine_cut_and_deliver,0
7B,text,comp(all),160,recombine_cut_and_deliver,1
7B,text,comp(all),161,recombine_cut_and_deliver,0
7B,text,comp(all),162,recombine_cut_and_deliver,1
7B,text,comp(all),163,recombine_cut_and_deliver,1
7B,text,comp(all),164,recombine_cut_and_deliver,1
7B,text,comp(all),165,recombine_cut_and_deliver,1
7B,text,comp(all),166,recombine_cut_and_deliver,1
7B,text,comp(all),167,recombine_cut_and_deliver,1
7B,text,comp(all),168,recombine_cut_and_deliver,0
7B,text,comp(all),169,recombine_cut_and_deliver,0
7B,text,comp(all),170,recombine_cut_and_deliver,1
7B,text,comp(all),171,recombine_cut_and_deliver,1
7B,text,comp(all),172,recombine_cut_and_deliver,1
7B,text,comp(all),173,recombine_cut_and_deliver,0
7B,text,comp(all),174,recombine_cut_and_deliver,0
7B,text,comp(all),175,recombine_cut_and_deliver,1
7B,text,comp(all),176,recombine_cut_and_deliver,0
7B,text,comp(all),177,recombine_cut_and_deliver,0
7B,text,comp(all),178,recombine_cut_and_deliver,0
7B,text,comp(all),179,recombine_cut_and_deliver,0
7B,text,comp(all),180,recombine_cut_and_deliver,0
7B,text,comp(all),181,recombine_cut_and_deliver,0
7B,text,comp(all),182,recombine_cut_and_deliver,0
7B,text,comp(all),183,recombine_cut_and_deliver,0
7B,text,comp(all),184,recombine_cut_and_deliver,0
7B,text,comp(all),185,recombine_cut_and_deliver,0
7B,text,comp(all),186,recombine_cut_and_deliver,0
7B,text,comp(all),187,recombine_cut_and_deliver,1
7B,text,comp(all),188,recombine_cut_and_deliver,0
7B,text,comp(all),189,recombine_cut_and_deliver,0
7B,text,comp(all),190,recombine_cut_and_deliver,0
7B,text,comp(all),191,recombine_cut_and_deliver,0
7B,text,comp(all),192,recombine_cut_and_deliver,0
7B,text,comp(all),193,recombine_cut_and_deliver,0
7B,text,comp(all),194,recombine_cut_and_deliver,1
7B,text,comp(all),195,recombine_cut_and_deliver,0
7B,text,comp(all),196,recombine_cut_and_deliver,0
7B,text,comp(all),197,recombine_cut_and_deliver,0
7B,text,comp(all),198,recombine_cut_and_deliver,1
7B,text,comp(all),199,recombine_cut_and_deliver,0
7B,text,comp(all),200,recombine_cut_and_deliver,1
7B,text,comp(all),201,recombine_cut_and_deliver,0
7B,text,comp(all),202,recombine_cut_and_deliver,1
7B,text,comp(all),203,recombine_cut_and_deliver,1
7B,text,comp(all),204,recombine_cut_and_deliver,0
7B,text,comp(all),205,recombine_cut_and_deliver,0
7B,text,comp(all),206,recombine_cut_and_deliver,0
7B,text,comp(all),207,recombine_cut_and_deliver,0
7B,text,comp(all),208,recombine_cut_and_deliver,1
7B,text,comp(all),209,recombine_cut_and_deliver,0
7B,text,comp(all),210,recombine_cut_and_deliver,0
7B,text,comp(all),211,recombine_cut_and_deliver,0
7B,text,comp(all),212,recombine_cut_and_deliver,0
7B,text,comp(all),213,recombine_cut_and_deliver,0
7B,text,comp(all),214,recombine_cut_and_deliver,0
7B,text,comp(all),215,recombine_cut_and_deliver,0
7B,text,comp(all),216,recombine_cut_and_deliver,0
7B,text,comp(all),217,recombine_cut_and_deliver,0
7B,text,comp(all),218,recombine_cut_and_deliver,1
7B,text,comp(all),219,recombine_cut_and_deliver,0
7B,text,comp(all),220,recombine_cut_and_deliver,0
7B,text,comp(all),221,recombine_cut_and_deliver,0
7B,text,comp(all),222,recombine_cut_and_deliver,0
7B,text,comp(all),223,recombine_cut_and_deliver,0
7B,text,comp(all),224,recombine_cut_and_deliver,0
7B,text,comp(all),225,recombine_cut_and_deliver,0
7B,text,comp(all),226,recombine_cut_and_deliver,0
7B,text,comp(all),227,recombine_cut_and_deliver,1
7B,text,comp(all),228,recombine_cut_and_deliver,1
7B,text,comp(all),229,recombine_cut_and_deliver,0
7B,text,comp(all),230,recombine_cut_and_deliver,0
7B,text,comp(all),231,recombine_cut_and_deliver,1
7B,text,comp(all),232,recombine_cut_and_deliver,1
7B,text,comp(all),233,recombine_cut_and_deliver,0
7B,text,comp(all),234,recombine_cut_and_deliver,0
7B,text,comp(all),235,recombine_cut_and_deliver,0
7B,text,comp(all),236,recombine_cut_and_deliver,0
7B,text,comp(all),237,recombine_cut_and_deliver,1
7B,text,comp(all),238,recombine_cut_and_deliver,0
7B,text,comp(all),239,recombine_cut_and_deliver,0
7B,text,comp(all),240,recombine_cut_and_deliver,0
7B,text,comp(all),241,recombine_cut_and_deliver,1
7B,text,comp(all),242,recombine_cut_and_deliver,1
7B,text,comp(all),243,recombine_cut_and_deliver,0
7B,text,comp(all),244,recombine_cut_and_deliver,0
7B,text,comp(all),245,recombine_cut_and_deliver,0
7B,text,comp(all),246,recombine_cut_and_deliver,0
7B,text,comp(all),247,recombine_cut_and_deliver,1
7B,text,comp(all),248,recombine_cut_and_deliver,0
7B,text,comp(all),249,recombine_cut_and_deliver,0
7B,text,comp(all),250,recombine_cut_and_deliver,0
7B,text,comp(all),251,recombine_cut_and_deliver,1
7B,text,comp(all),252,recombine_cut_and_deliver,1
7B,text,comp(all),253,recombine_cut_and_deliver,0
7B,text,comp(all),254,recombine_cut_and_deliver,0
7B,text,comp(all),255,recombine_cut_and_deliver,0
7B,text,comp(all),256,recombine_cut_and_deliver,1
7B,text,comp(all),257,recombine_cut_and_deliver,1
7B,text,comp(all),258,recombine_cut_and_deliver,1
7B,text,comp(all),259,recombine_cut_and_deliver,0
7B,text,comp(all),260,recombine_cut_and_deliver,0
7B,text,comp(all),261,recombine_cut_and_deliver,0
7B,text,comp(all),262,recombine_cut_and_deliver,0
7B,text,comp(all),263,recombine_cut_and_deliver,0
7B,text,comp(all),264,recombine_cut_and_deliver,0
7B,text,comp(all),265,recombine_cut_and_deliver,0
7B,text,comp(all),266,recombine_cut_and_deliver,0
7B,text,comp(all),267,recombine_cut_and_deliver,0
7B,text,comp(all),268,recombine_cut_and_deliver,0
7B,text,comp(all),269,recombine_cut_and_deliver,0
7B,text,comp(all),270,recombine_cut_and_deliver,0
7B,text,comp(all),271,recombine_cut_and_deliver,0
7B,text,comp(all),272,recombine_cut_and_deliver,0
7B,text,comp(all),273,recombine_cut_and_deliver,0
7B,text,comp(all),274,recombine_cut_and_deliver,0
7B,text,comp(all),275,recombine_cut_and_deliver,0
7B,text,comp(all),276,recombine_cut_and_deliver,0
7B,text,comp(all),277,recombine_cut_and_deliver,0
7B,text,comp(all),278,recombine_cut_and_deliver,0
7B,text,comp(all),279,recombine_cut_and_deliver,1
7B,text,comp(all),280,recombine_cut_and_deliver,0
7B,text,comp(all),281,recombine_cut_and_deliver,0
7B,text,comp(all),282,recombine_cut_and_deliver,1
7B,text,comp(all),283,recombine_cut_and_deliver,1
7B,text,comp(all),284,recombine_cut_and_deliver,0
7B,text,comp(all),285,recombine_cut_and_deliver,0
7B,text,comp(all),286,recombine_cut_and_deliver,0
7B,text,comp(all),287,recombine_cut_and_deliver,0
7B,text,comp(all),288,recombine_cut_and_deliver,0
7B,text,comp(all),289,recombine_cut_and_deliver,0
7B,text,comp(all),290,recombine_cut_and_deliver,1
7B,text,comp(all),291,recombine_cut_and_deliver,0
7B,text,comp(all),292,recombine_cut_and_deliver,0
7B,text,comp(all),293,recombine_cut_and_deliver,0
7B,text,comp(all),294,recombine_cut_and_deliver,0
7B,text,comp(all),295,recombine_cut_and_deliver,0
7B,text,comp(all),296,recombine_cut_and_deliver,1
7B,imaged,comp(cut),0,recombine_cut_and_deliver,0
7B,imaged,comp(cut),1,recombine_cut_and_deliver,0
7B,imaged,comp(cut),2,recombine_cut_and_deliver,0
7B,imaged,comp(cut),3,recombine_cut_and_deliver,1
7B,imaged,comp(cut),4,recombine_cut_and_deliver,0
7B,imaged,comp(cut),5,recombine_cut_and_deliver,0
7B,imaged,comp(cut),6,recombine_cut_and_deliver,1
7B,imaged,comp(cut),7,recombine_cut_and_deliver,0
7B,imaged,comp(cut),8,recombine_cut_and_deliver,0
7B,imaged,comp(cut),9,recombine_cut_and_deliver,0
7B,imaged,comp(cut),10,recombine_cut_and_deliver,1
7B,imaged,comp(cut),11,recombine_cut_and_deliver,0
7B,imaged,comp(cut),12,recombine_cut_and_deliver,0
7B,imaged,comp(cut),13,recombine_cut_and_deliver,0
7B,imaged,comp(cut),14,recombine_cut_and_deliver,0
7B,imaged,comp(cut),15,recombine_cut_and_deliver,0
7B,imaged,comp(cut),16,recombine_cut_and_deliver,0
7B,imaged,comp(cut),17,recombine_cut_and_deliver,0
7B,imaged,comp(cut),18,recombine_cut_and_deliver,0
7B,imaged,comp(cut),19,recombine_cut_and_deliver,0
7B,imaged,comp(cut),20,recombine_cut_and_deliver,0
7B,imaged,comp(cut),21,recombine_cut_and_deliver,0
7B,imaged,comp(cut),22,recombine_cut_and_deliver,0
7B,imaged,comp(cut),23,recombine_cut_and_deliver,1
7B,imaged,comp(cut),24,recombine_cut_and_deliver,0
7B,imaged,comp(cut),25,recombine_cut_and_deliver,0
7B,imaged,comp(cut),26,recombine_cut_and_deliver,0
7B,imaged,comp(cut),27,recombine_cut_and_deliver,0
7B,imaged,comp(cut),28,recombine_cut_and_deliver,0
7B,imaged,comp(cut),29,recombine_cut_and_deliver,0
7B,imaged,comp(cut),30,recombine_cut_and_deliver,0
7B,imaged,comp(cut),31,recombine_cut_and_deliver,0
7B,imaged,comp(cut),32,recombine_cut_and_deliver,0
7B,imaged,comp(cut),33,recombine_cut_and_deliver,0
7B,imaged,comp(cut),34,recombine_cut_and_deliver,0
7B,imaged,comp(cut),35,recombine_cut_and_deliver,0
7B,imaged,comp(cut),36,recombine_cut_and_deliver,0
7B,imaged,comp(cut),37,recombine_cut_and_deliver,0
7B,imaged,comp(cut),38,recombine_cut_and_deliver,0
7B,imaged,comp(cut),39,recombine_cut_and_deliver,0
7B,imaged,comp(cut),40,recombine_cut_and_deliver,0
7B,imaged,comp(cut),41,recombine_cut_and_deliver,0
7B,imaged,comp(cut),42,recombine_cut_and_deliver,1
7B,imaged,comp(cut),43,recombine_cut_and_deliver,0
7B,imaged,comp(cut),44,recombine_cut_and_deliver,0
7B,imaged,comp(cut),45,recombine_cut_and_deliver,1
7B,imaged,comp(cut),46,recombine_cut_and_deliver,0
7B,imaged,comp(cut),47,recombine_cut_and_deliver,0
7B,imaged,comp(cut),48,recombine_cut_and_deliver,0
7B,imaged,comp(cut),49,recombine_cut_and_deliver,0
7B,imaged,comp(cut),50,recombine_cut_and_deliver,1
7B,imaged,comp(cut),51,recombine_cut_and_deliver,0
7B,imaged,comp(cut),52,recombine_cut_and_deliver,0
7B,imaged,comp(cut),53,recombine_cut_and_deliver,0
7B,imaged,comp(cut),54,recombine_cut_and_deliver,0
7B,imaged,comp(cut),55,recombine_cut_and_deliver,1
7B,imaged,comp(cut),56,recombine_cut_and_deliver,0
7B,imaged,comp(cut),57,recombine_cut_and_deliver,1
7B,imaged,comp(cut),58,recombine_cut_and_deliver,0
7B,imaged,comp(cut),59,recombine_cut_and_deliver,0
7B,imaged,comp(cut),60,recombine_cut_and_deliver,0
7B,imaged,comp(cut),61,recombine_cut_and_deliver,0
7B,imaged,comp(cut),62,recombine_cut_and_deliver,0
7B,imaged,comp(cut),63,recombine_cut_and_deliver,0
7B,imaged,comp(cut),64,recombine_cut_and_deliver,0
7B,imaged,comp(cut),65,recombine_cut_and_deliver,1
7B,imaged,comp(cut),66,recombine_cut_and_deliver,0
7B,imaged,comp(cut),67,recombine_cut_and_deliver,1
7B,imaged,comp(cut),68,recombine_cut_and_deliver,0
7B,imaged,comp(cut),69,recombine_cut_and_deliver,0
7B,imaged,comp(cut),70,recombine_cut_and_deliver,0
7B,imaged,comp(cut),71,recombine_cut_and_deliver,0
7B,imaged,comp(cut),72,recombine_cut_and_deliver,0
7B,imaged,comp(cut),73,recombine_cut_and_deliver,0
7B,imaged,comp(cut),74,recombine_cut_and_deliver,0
7B,imaged,comp(cut),75,recombine_cut_and_deliver,0
7B,imaged,comp(cut),76,recombine_cut_and_deliver,1
7B,imaged,comp(cut),77,recombine_cut_and_deliver,0
7B,imaged,comp(cut),78,recombine_cut_and_deliver,0
7B,imaged,comp(cut),79,recombine_cut_and_deliver,0
7B,imaged,comp(cut),80,recombine_cut_and_deliver,0
7B,imaged,comp(cut),81,recombine_cut_and_deliver,0
7B,imaged,comp(cut),82,recombine_cut_and_deliver,0
7B,imaged,comp(cut),83,recombine_cut_and_deliver,0
7B,imaged,comp(cut),84,recombine_cut_and_deliver,0
7B,imaged,comp(cut),85,recombine_cut_and_deliver,1
7B,imaged,comp(cut),86,recombine_cut_and_deliver,0
7B,imaged,comp(cut),87,recombine_cut_and_deliver,0
7B,imaged,comp(cut),88,recombine_cut_and_deliver,0
7B,imaged,comp(cut),89,recombine_cut_and_deliver,0
7B,imaged,comp(cut),90,recombine_cut_and_deliver,0
7B,imaged,comp(cut),91,recombine_cut_and_deliver,0
7B,imaged,comp(cut),92,recombine_cut_and_deliver,0
7B,imaged,comp(cut),93,recombine_cut_and_deliver,0
7B,imaged,comp(cut),94,recombine_cut_and_deliver,0
7B,imaged,comp(cut),95,recombine_cut_and_deliver,0
7B,imaged,comp(cut),96,recombine_cut_and_deliver,1
7B,imaged,comp(cut),97,recombine_cut_and_deliver,0
7B,imaged,comp(cut),98,recombine_cut_and_deliver,0
7B,imaged,comp(cut),99,recombine_cut_and_deliver,1
7B,imaged,comp(cut),100,recombine_cut_and_deliver,0
7B,imaged,comp(cut),101,recombine_cut_and_deliver,0
7B,imaged,comp(cut),102,recombine_cut_and_deliver,0
7B,imaged,comp(cut),103,recombine_cut_and_deliver,0
7B,imaged,comp(cut),104,recombine_cut_and_deliver,0
7B,imaged,comp(cut),105,recombine_cut_and_deliver,1
7B,imaged,comp(cut),106,recombine_cut_and_deliver,0
7B,imaged,comp(cut),107,recombine_cut_and_deliver,0
7B,imaged,comp(cut),108,recombine_cut_and_deliver,0
7B,imaged,comp(cut),109,recombine_cut_and_deliver,0
7B,imaged,comp(cut),110,recombine_cut_and_deliver,0
7B,imaged,comp(cut),111,recombine_cut_and_deliver,0
7B,imaged,comp(cut),112,recombine_cut_and_deliver,0
7B,imaged,comp(cut),113,recombine_cut_and_deliver,1
7B,imaged,comp(cut),114,recombine_cut_and_deliver,0
7B,imaged,comp(cut),115,recombine_cut_and_deliver,0
7B,imaged,comp(cut),116,recombine_cut_and_deliver,0
7B,imaged,comp(cut),117,recombine_cut_and_deliver,0
7B,imaged,comp(cut),118,recombine_cut_and_deliver,0
7B,imaged,comp(cut),119,recombine_cut_and_deliver,0
7B,imaged,comp(cut),120,recombine_cut_and_deliver,0
7B,imaged,comp(cut),121,recombine_cut_and_deliver,0
7B,imaged,comp(cut),122,recombine_cut_and_deliver,0
7B,imaged,comp(cut),123,recombine_cut_and_deliver,0
7B,imaged,comp(cut),124,recombine_cut_and_deliver,0
7B,imaged,comp(cut),125,recombine_cut_and_deliver,0
7B,imaged,comp(cut),126,recombine_cut_and_deliver,1
7B,imaged,comp(cut),127,recombine_cut_and_deliver,0
7B,imaged,comp(cut),128,recombine_cut_and_deliver,0
7B,imaged,comp(cut),129,recombine_cut_and_deliver,0
7B,imaged,comp(cut),130,recombine_cut_and_deliver,0
7B,imaged,comp(cut),131,recombine_cut_and_deliver,0
7B,imaged,comp(cut),132,recombine_cut_and_deliver,0
7B,imaged,comp(cut),133,recombine_cut_and_deliver,0
7B,imaged,comp(cut),134,recombine_cut_and_deliver,0
7B,imaged,comp(cut),135,recombine_cut_and_deliver,1
7B,imaged,comp(cut),136,recombine_cut_and_deliver,0
7B,imaged,comp(cut),137,recombine_cut_and_deliver,0
7B,imaged,comp(cut),138,recombine_cut_and_deliver,0
7B,imaged,comp(cut),139,recombine_cut_and_deliver,0
7B,imaged,comp(cut),140,recombine_cut_and_deliver,0
7B,imaged,comp(cut),141,recombine_cut_and_deliver,0
7B,imaged,comp(cut),142,recombine_cut_and_deliver,0
7B,imaged,comp(cut),143,recombine_cut_and_deliver,1
7B,imaged,comp(cut),144,recombine_cut_and_deliver,0
7B,imaged,comp(cut),145,recombine_cut_and_deliver,0
7B,imaged,comp(cut),146,recombine_cut_and_deliver,0
7B,imaged,comp(cut),147,recombine_cut_and_deliver,0
7B,imaged,comp(cut),148,recombine_cut_and_deliver,0
7B,imaged,comp(cut),149,recombine_cut_and_deliver,0
7B,imaged,comp(cut),150,recombine_cut_and_deliver,0
7B,imaged,comp(cut),151,recombine_cut_and_deliver,0
7B,imaged,comp(cut),152,recombine_cut_and_deliver,1
7B,imaged,comp(cut),153,recombine_cut_and_deliver,0
7B,imaged,comp(cut),154,recombine_cut_and_deliver,0
7B,imaged,comp(cut),155,recombine_cut_and_deliver,1
7B,imaged,comp(cut),156,recombine_cut_and_deliver,0
7B,imaged,comp(cut),157,recombine_cut_and_deliver,0
7B,imaged,comp(cut),158,recombine_cut_and_deliver,0
7B,imaged,comp(cut),159,recombine_cut_and_deliver,0
7B,imaged,comp(cut),160,recombine_cut_and_deliver,1
7B,imaged,comp(cut),161,recombine_cut_and_deliver,0
7B,imaged,comp(cut),162,recombine_cut_and_deliver,0
7B,imaged,comp(cut),163,recombine_cut_and_deliver,1
7B,imaged,comp(cut),164,recombine_cut_and_deliver,1
7B,imaged,comp(cut),165,recombine_cut_and_deliver,0
7B,imaged,comp(cut),166,recombine_cut_and_deliver,0
7B,imaged,comp(cut),167,recombine_cut_and_deliver,0
7B,imaged,comp(cut),168,recombine_cut_and_deliver,0
7B,imaged,comp(cut),169,recombine_cut_and_deliver,0
7B,imaged,comp(cut),170,recombine_cut_and_deliver,1
7B,imaged,comp(cut),171,recombine_cut_and_deliver,1
7B,imaged,comp(cut),172,recombine_cut_and_deliver,0
7B,imaged,comp(cut),173,recombine_cut_and_deliver,0
7B,imaged,comp(cut),174,recombine_cut_and_deliver,0
7B,imaged,comp(cut),175,recombine_cut_and_deliver,1
7B,imaged,comp(cut),176,recombine_cut_and_deliver,0
7B,imaged,comp(cut),177,recombine_cut_and_deliver,0
7B,imaged,comp(cut),178,recombine_cut_and_deliver,0
7B,imaged,comp(cut),179,recombine_cut_and_deliver,0
7B,imaged,comp(cut),180,recombine_cut_and_deliver,0
7B,imaged,comp(cut),181,recombine_cut_and_deliver,0
7B,imaged,comp(cut),182,recombine_cut_and_deliver,0
7B,imaged,comp(cut),183,recombine_cut_and_deliver,0
7B,imaged,comp(cut),184,recombine_cut_and_deliver,0
7B,imaged,comp(cut),185,recombine_cut_and_deliver,0
7B,imaged,comp(cut),186,recombine_cut_and_deliver,0
7B,imaged,comp(cut),187,recombine_cut_and_deliver,1
7B,imaged,comp(cut),188,recombine_cut_and_deliver,0
7B,imaged,comp(cut),189,recombine_cut_and_deliver,0
7B,imaged,comp(cut),190,recombine_cut_and_deliver,0
7B,imaged,comp(cut),191,recombine_cut_and_deliver,0
7B,imaged,comp(cut),192,recombine_cut_and_deliver,0
7B,imaged,comp(cut),193,recombine_cut_and_deliver,0
7B,imaged,comp(cut),194,recombine_cut_and_deliver,1
7B,imaged,comp(cut),195,recombine_cut_and_deliver,0
7B,imaged,comp(cut),196,recombine_cut_and_deliver,0
7B,imaged,comp(cut),197,recombine_cut_and_deliver,0
7B,imaged,comp(cut),198,recombine_cut_and_deliver,0
7B,imaged,comp(cut),199,recombine_cut_and_deliver,0
7B,imaged,comp(cut),200,recombine_cut_and_deliver,0
7B,imaged,comp(cut),201,recombine_cut_and_deliver,0
7B,imaged,comp(cut),202,recombine_cut_and_deliver,1
7B,imaged,comp(cut),203,recombine_cut_and_deliver,1
7B,imaged,comp(cut),204,recombine_cut_and_deliver,0
7B,imaged,comp(cut),205,recombine_cut_and_deliver,0
7B,imaged,comp(cut),206,recombine_cut_and_deliver,0
7B,imaged,comp(cut),207,recombine_cut_and_deliver,0
7B,imaged,comp(cut),208,recombine_cut_and_deliver,1
7B,imaged,comp(cut),209,recombine_cut_and_deliver,0
7B,imaged,comp(cut),210,recombine_cut_and_deliver,0
7B,imaged,comp(cut),211,recombine_cut_and_deliver,0
7B,imaged,comp(cut),212,recombine_cut_and_deliver,0
7B,imaged,comp(cut),213,recombine_cut_and_deliver,0
7B,imaged,comp(cut),214,recombine_cut_and_deliver,0
7B,imaged,comp(cut),215,recombine_cut_and_deliver,1
7B,imaged,comp(cut),216,recombine_cut_and_deliver,0
7B,imaged,comp(cut),217,recombine_cut_and_deliver,0
7B,imaged,comp(cut),218,recombine_cut_and_deliver,1
7B,imaged,comp(cut),219,recombine_cut_and_deliver,0
7B,imaged,comp(cut),220,recombine_cut_and_deliver,0
7B,imaged,comp(cut),221,recombine_cut_and_deliver,0
7B,imaged,comp(cut),222,recombine_cut_and_deliver,0
7B,imaged,comp(cut),223,recombine_cut_and_deliver,0
7B,imaged,comp(cut),224,recombine_cut_and_deliver,0
7B,imaged,comp(cut),225,recombine_cut_and_deliver,0
7B,imaged,comp(cut),226,recombine_cut_and_deliver,0
7B,imaged,comp(cut),227,recombine_cut_and_deliver,1
7B,imaged,comp(cut),228,recombine_cut_and_deliver,0
7B,imaged,comp(cut),229,recombine_cut_and_deliver,0
7B,imaged,comp(cut),230,recombine_cut_and_deliver,0
7B,imaged,comp(cut),231,recombine_cut_and_deliver,1
7B,imaged,comp(cut),232,recombine_cut_and_deliver,1
7B,imaged,comp(cut),233,recombine_cut_and_deliver,0
7B,imaged,comp(cut),234,recombine_cut_and_deliver,0
7B,imaged,comp(cut),235,recombine_cut_and_deliver,0
7B,imaged,comp(cut),236,recombine_cut_and_deliver,0
7B,imaged,comp(cut),237,recombine_cut_and_deliver,1
7B,imaged,comp(cut),238,recombine_cut_and_deliver,0
7B,imaged,comp(cut),239,recombine_cut_and_deliver,0
7B,imaged,comp(cut),240,recombine_cut_and_deliver,0
7B,imaged,comp(cut),241,recombine_cut_and_deliver,0
7B,imaged,comp(cut),242,recombine_cut_and_deliver,1
7B,imaged,comp(cut),243,recombine_cut_and_deliver,0
7B,imaged,comp(cut),244,recombine_cut_and_deliver,0
7B,imaged,comp(cut),245,recombine_cut_and_deliver,0
7B,imaged,comp(cut),246,recombine_cut_and_deliver,0
7B,imaged,comp(cut),247,recombine_cut_and_deliver,0
7B,imaged,comp(cut),248,recombine_cut_and_deliver,0
7B,imaged,comp(cut),249,recombine_cut_and_deliver,0
7B,imaged,comp(cut),250,recombine_cut_and_deliver,0
7B,imaged,comp(cut),251,recombine_cut_and_deliver,1
7B,imaged,comp(cut),252,recombine_cut_and_deliver,1
7B,imaged,comp(cut),253,recombine_cut_and_deliver,0
7B,imaged,comp(cut),254,recombine_cut_and_deliver,0
7B,imaged,comp(cut),255,recombine_cut_and_deliver,0
7B,imaged,comp(cut),256,recombine_cut_and_deliver,0
7B,imaged,comp(cut),257,recombine_cut_and_deliver,1
7B,imaged,comp(cut),258,recombine_cut_and_deliver,1
7B,imaged,comp(cut),259,recombine_cut_and_deliver,0
7B,imaged,comp(cut),260,recombine_cut_and_deliver,0
7B,imaged,comp(cut),261,recombine_cut_and_deliver,0
7B,imaged,comp(cut),262,recombine_cut_and_deliver,0
7B,imaged,comp(cut),263,recombine_cut_and_deliver,0
7B,imaged,comp(cut),264,recombine_cut_and_deliver,0
7B,imaged,comp(cut),265,recombine_cut_and_deliver,0
7B,imaged,comp(cut),266,recombine_cut_and_deliver,0
7B,imaged,comp(cut),267,recombine_cut_and_deliver,0
7B,imaged,comp(cut),268,recombine_cut_and_deliver,0
7B,imaged,comp(cut),269,recombine_cut_and_deliver,0
7B,imaged,comp(cut),270,recombine_cut_and_deliver,0
7B,imaged,comp(cut),271,recombine_cut_and_deliver,0
7B,imaged,comp(cut),272,recombine_cut_and_deliver,0
7B,imaged,comp(cut),273,recombine_cut_and_deliver,0
7B,imaged,comp(cut),274,recombine_cut_and_deliver,0
7B,imaged,comp(cut),275,recombine_cut_and_deliver,0
7B,imaged,comp(cut),276,recombine_cut_and_deliver,0
7B,imaged,comp(cut),277,recombine_cut_and_deliver,0
7B,imaged,comp(cut),278,recombine_cut_and_deliver,0
7B,imaged,comp(cut),279,recombine_cut_and_deliver,0
7B,imaged,comp(cut),280,recombine_cut_and_deliver,0
7B,imaged,comp(cut),281,recombine_cut_and_deliver,0
7B,imaged,comp(cut),282,recombine_cut_and_deliver,0
7B,imaged,comp(cut),283,recombine_cut_and_deliver,1
7B,imaged,comp(cut),284,recombine_cut_and_deliver,0
7B,imaged,comp(cut),285,recombine_cut_and_deliver,0
7B,imaged,comp(cut),286,recombine_cut_and_deliver,0
7B,imaged,comp(cut),287,recombine_cut_and_deliver,0
7B,imaged,comp(cut),288,recombine_cut_and_deliver,0
7B,imaged,comp(cut),289,recombine_cut_and_deliver,0
7B,imaged,comp(cut),290,recombine_cut_and_deliver,0
7B,imaged,comp(cut),291,recombine_cut_and_deliver,0
7B,imaged,comp(cut),292,recombine_cut_and_deliver,0
7B,imaged,comp(cut),293,recombine_cut_and_deliver,0
7B,imaged,comp(cut),294,recombine_cut_and_deliver,0
7B,imaged,comp(cut),295,recombine_cut_and_deliver,0
7B,imaged,comp(cut),296,recombine_cut_and_deliver,0
7B,imaged,comp(cut+delivery),0,recombine_cut_and_deliver,0
7B,imaged,comp(cut+delivery),1,recombine_cut_and_deliver,0
7B,imaged,comp(cut+delivery),2,recombine_cut_and_deliver,0
7B,imaged,comp(cut+delivery),3,recombine_cut_and_deliver,1
7B,imaged,comp(cut+delivery),4,recombine_cut_and_deliver,0
7B,imaged,comp(cut+delivery),5,recombine_cut_and_deliver,0
7B,imaged,comp(cut+delivery),6,recombine_cut_and_deliver,1
7B,imaged,comp(cut+delivery),7,recombine_cut_and_deliver,0
7B,imaged,comp(cut+delivery),8,recombine_cut_and_deliver,0
7B,imaged,comp(cut+delivery),9,recombine_cut_and_deliver,0
7B,imaged,comp(cut+delivery),10,recombine_cut_and_deliver,1
7B,imaged,comp(cut+delivery),11,recombine_cut_and_deliver,0
7B,imaged,comp(cut+delivery),12,recombine_cut_and_deliver,0
7B,imaged,comp(cut+delivery),13,recombine_cut_and_deliver,0
7B,imaged,comp(cut+delivery),14,recombine_cut_and_deliver,0
7B,imaged,comp(cut+delivery),15,recombine_cut_and_deliver,0
7B,imaged,comp(cut+delivery),16,recombine_cut_and_deliver,0
7B,imaged,comp(cut+delivery),17,recombine_cut_and_deliver,0
7B,imaged,comp(cut+delivery),18,recombine_cut_and_deliver,0
7B,imaged,comp(cut+delivery),19,recombine_cut_and_deliver,0
7B,imaged,comp(cut+delivery),20,recombine_cut_and_deliver,0
7B,imaged,comp(cut+delivery),21,recombine_cut_and_deliver,0
7B,imaged,comp(cut+delivery),22,recombine_cut_and_deliver,0
7B,imaged,comp(cut+delivery),23,recombine_cut_and_deliver,1
7B,imaged,comp(cut+delivery),24,recombine_cut_and_deliver,0
7B,imaged,comp(cut+delivery),25,recombine_cut_and_deliver,0
7B,imaged,comp(cut+delivery),26,recombine_cut_and_deliver,0
7B,imaged,comp(cut+delivery),27,recombine_cut_and_deliver,0
7B,imaged,comp(cut+delivery),28,recombine_cut_and_deliver,0
7B,imaged,comp(cut+delivery),29,recombine_cut_and_deliver,0
7B,imaged,comp(cut+delivery),30,recombine_cut_and_deliver,0
7B,imaged,comp(cut+delivery),31,recombine_cut_and_deliver,0
7B,imaged,comp(cut+delivery),32,recombine_cut_and_deliver,0
7B,imaged,comp(cut+delivery),33,recombine_cut_and_deliver,0
7B,imaged,comp(cut+delivery),34,recombine_cut_and_deliver,0
7B,imaged,comp(cut+delivery),35,recombine_cut_and_deliver,0
7B,imaged,comp(cut+delivery),36,recombine_cut_and_deliver,0
7B,imaged,comp(cut+delivery),37,recombine_cut_and_deliver,0
7B,imaged,comp(cut+delivery),38,recombine_cut_and_deliver,0
7B,imaged,comp(cut+delivery),39,recombine_cut_and_deliver,0
7B,imaged,comp(cut+delivery),40,recombine_cut_and_deliver,0
7B,imaged,comp(cut+delivery),41,recombine_cut_and_deliver,0
7B,imaged,comp(cut+delivery),42,recombine_cut_and_deliver,1
7B,imaged,comp(cut+delivery),43,recombine_cut_and_deliver,0
7B,imaged,comp(cut+delivery),44,recombine_cut_and_deliver,0
7B,imaged,comp(cut+delivery),45,recombine_cut_and_deliver,1
7B,imaged,comp(cut+delivery),46,recombine_cut_and_deliver,0
7B,imaged,comp(cut+delivery),47,recombine_cut_and_deliver,0
7B,imaged,comp(cut+delivery),48,recombine_cut_and_deliver,0
7B,imaged,comp(cut+delivery),49,recombine_cut_and_deliver,0
7B,imaged,comp(cut+delivery),50,recombine_cut_and_deliver,1
7B,imaged,comp(cut+delivery),51,recombine_cut_and_deliver,0
7B,imaged,comp(cut+delivery),52,recombine_cut_and_deliver,0
7B,imaged,comp(cut+delivery),53,recombine_cut_and_deliver,0
7B,imaged,comp(cut+delivery),54,recombine_cut_and_deliver,0
7B,imaged,comp(cut+delivery),55,recombine_cut_and_deliver,1
7B,imaged,comp(cut+delivery),56,recombine_cut_and_deliver,0
7B,imaged,comp(cut+delivery),57,recombine_cut_and_deliver,1
7B,imaged,comp(cut+delivery),58,recombine_cut_and_deliver,0
7B,imaged,comp(cut+delivery),59,recombine_cut_and_deliver,0
7B,imaged,comp(cut+delivery),60,recombine_cut_and_deliver,0
7B,imaged,comp(cut+delivery),61,recombine_cut_and_deliver,0
7B,imaged,comp(cut+delivery),62,recombine_cut_and_deliver,0
7B,imaged,comp(cut+delivery),63,recombine_cut_and_deliver,0
7B,imaged,comp(cut+delivery),64,recombine_cut_and_deliver,0
7B,imaged,comp(cut+delivery),65,recombine_cut_and_deliver,1
7B,imaged,comp(cut+delivery),66,recombine_cut_and_deliver,0
7B,imaged,comp(cut+delivery),67,recombine_cut_and_deliver,1
7B,imaged,comp(cut+delivery),68,recombine_cut_and_deliver,0
7B,imaged,comp(cut+delivery),69,recombine_cut_and_deliver,0
7B,imaged,comp(cut+delivery),70,recombine_cut_and_deliver,0
7B,imaged,comp(cut+delivery),71,recombine_cut_and_deliver,0
7B,imaged,comp(cut+delivery),72,recombine_cut_and_deliver,0
7B,imaged,comp(cut+delivery),73,recombine_cut_and_deliver,0
7B,imaged,comp(cut+delivery),74,recombine_cut_and_deliver,0
7B,imaged,comp(cut+delivery),75,recombine_cut_and_deliver,0
7B,imaged,comp(cut+delivery),76,recombine_cut_and_deliver,1
7B,imaged,comp(cut+delivery),77,recombine_cut_and_deliver,0
7B,imaged,comp(cut+delivery),78,recombine_cut_and_deliver,0
7B,imaged,comp(cut+delivery),79,recombine_cut_and_deliver,0
7B,imaged,comp(cut+delivery),80,recombine_cut_and_deliver,0
7B,imaged,comp(cut+delivery),81,recombine_cut_and_deliver,0
7B,imaged,comp(cut+delivery),82,recombine_cut_and_deliver,0
7B,imaged,comp(cut+delivery),83,recombine_cut_and_deliver,0
7B,imaged,comp(cut+delivery),84,recombine_cut_and_deliver,0
7B,imaged,comp(cut+delivery),85,recombine_cut_and_deliver,1
7B,imaged,comp(cut+delivery),86,recombine_cut_and_deliver,0
7B,imaged,comp(cut+delivery),87,recombine_cut_and_deliver,0
7B,imaged,comp(cut+delivery),88,recombine_cut_and_deliver,0
7B,imaged,comp(cut+delivery),89,recombine_cut_and_deliver,0
7B,imaged,comp(cut+delivery),90,recombine_cut_and_deliver,0
7B,imaged,comp(cut+delivery),91,recombine_cut_and_deliver,0
7B,imaged,comp(cut+delivery),92,recombine_cut_and_deliver,0
7B,imaged,comp(cut+delivery),93,recombine_cut_and_deliver,0
7B,imaged,comp(cut+delivery),94,recombine_cut_and_deliver,0
7B,imaged,comp(cut+delivery),95,recombine_cut_and_deliver,0
7B,imaged,comp(cut+delivery),96,recombine_cut_and_deliver,1
7B,imaged,comp(cut+delivery),97,recombine_cut_and_deliver,0
7B,imaged,comp(cut+delivery),98,recombine_cut_and_deliver,0
7B,imaged,comp(cut+delivery),99,recombine_cut_and_deliver,1
7B,imaged,comp(cut+delivery),100,recombine_cut_and_deliver,0
7B,imaged,comp(cut+delivery),101,recombine_cut_and_deliver,0
7B,imaged,comp(cut+delivery),102,recombine_cut_and_deliver,0
7B,imaged,comp(cut+delivery),103,recombine_cut_and_deliver,0
7B,imaged,comp(cut+delivery),104,recombine_cut_and_deliver,0
7B,imaged,comp(cut+delivery),105,recombine_cut_and_deliver,1
7B,imaged,comp(cut+delivery),106,recombine_cut_and_deliver,0
7B,imaged,comp(cut+delivery),107,recombine_cut_and_deliver,0
7B,imaged,comp(cut+delivery),108,recombine_cut_and_deliver,0
7B,imaged,comp(cut+delivery),109,recombine_cut_and_deliver,0
7B,imaged,comp(cut+delivery),110,recombine_cut_and_deliver,0
7B,imaged,comp(cut+delivery),111,recombine_cut_and_deliver,0
7B,imaged,comp(cut+delivery),112,recombine_cut_and_deliver,0
7B,imaged,comp(cut+delivery),113,recombine_cut_and_deliver,1
7B,imaged,comp(cut+delivery),114,recombine_cut_and_deliver,0
7B,imaged,comp(cut+delivery),115,recombine_cut_and_deliver,0
7B,imaged,comp(cut+delivery),116,recombine_cut_and_deliver,0
7B,imaged,comp(cut+delivery),117,recombine_cut_and_deliver,0
7B,imaged,comp(cut+delivery),118,recombine_cut_and_deliver,0
7B,imaged,comp(cut+delivery),119,recombine_cut_and_deliver,0
7B,imaged,comp(cut+delivery),120,recombine_cut_and_deliver,0
7B,imaged,comp(cut+delivery),121,recombine_cut_and_deliver,0
7B,imaged,comp(cut+delivery),122,recombine_cut_and_deliver,0
7B,imaged,comp(cut+delivery),123,recombine_cut_and_deliver,0
7B,imaged,comp(cut+delivery),124,recombine_cut_and_deliver,0
7B,imaged,comp(cut+delivery),125,recombine_cut_and_deliver,0
7B,imaged,comp(cut+delivery),126,recombine_cut_and_deliver,1
7B,imaged,comp(cut+delivery),127,recombine_cut_and_deliver,0
7B,imaged,comp(cut+delivery),128,recombine_cut_and_deliver,0
7B,imaged,comp(cut+delivery),129,recombine_cut_and_deliver,0
7B,imaged,comp(cut+delivery),130,recombine_cut_and_deliver,0
7B,imaged,comp(cut+delivery),131,recombine_cut_and_deliver,0
7B,imaged,comp(cut+delivery),132,recombine_cut_and_deliver,0
7B,imaged,comp(cut+delivery),133,recombine_cut_and_deliver,0
7B,imaged,comp(cut+delivery),134,recombine_cut_and_deliver,0
7B,imaged,comp(cut+delivery),135,recombine_cut_and_deliver,1
7B,imaged,comp(cut+delivery),136,recombine_cut_and_deliver,0
7B,imaged,comp(cut+delivery),137,recombine_cut_and_deliver,0
7B,imaged,comp(cut+delivery),138,recombine_cut_and_deliver,0
7B,imaged,comp(cut+delivery),139,recombine_cut_and_deliver,0
7B,imaged,comp(cut+delivery),140,recombine_cut_and_deliver,0
7B,imaged,comp(cut+delivery),141,recombine_cut_and_deliver,0
7B,imaged,comp(cut+delivery),142,recombine_cut_and_deliver,0
7B,imaged,comp(cut+delivery),143,recombine_cut_and_deliver,1
7B,imaged,comp(cut+delivery),144,recombine_cut_and_deliver,0
7B,imaged,comp(cut+delivery),145,recombine_cut_and_deliver,0
7B,imaged,comp(cut+delivery),146,recombine_cut_and_deliver,0
7B,imaged,comp(cut+delivery),147,recombine_cut_and_deliver,0
7B,imaged,comp(cut+delivery),148,recombine_cut_and_deliver,0
7B,imaged,comp(cut+delivery),149,recombine_cut_and_deliver,0
7B,imaged,comp(cut+delivery),150,recombine_cut_and_deliver,0
7B,imaged,comp(cut+delivery),151,recombine_cut_and_deliver,0
7B,imaged,comp(cut+delivery),152,recombine_cut_and_deliver,1
7B,imaged,comp(cut+delivery),153,recombine_cut_and_deliver,0
7B,imaged,comp(cut+delivery),154,recombine_cut_and_deliver,0
7B,imaged,comp(cut+delivery),155,recombine_cut_and_deliver,1
7B,imaged,comp(cut+delivery),156,recombine_cut_and_deliver,0
7B,imaged,comp(cut+delivery),157,recombine_cut_and_deliver,0
7B,imaged,comp(cut+delivery),158,recombine_cut_and_deliver,0
7B,imaged,comp(cut+delivery),159,recombine_cut_and_deliver,0
7B,imaged,comp(cut+delivery),160,recombine_cut_and_deliver,1
7B,imaged,comp(cut+delivery),161,recombine_cut_and_deliver,0
7B,imaged,comp(cut+delivery),162,recombine_cut_and_deliver,0
7B,imaged,comp(cut+delivery),163,recombine_cut_and_deliver,1
7B,imaged,comp(cut+delivery),164,recombine_cut_and_deliver,1
7B,imaged,comp(cut+delivery),165,recombine_cut_and_deliver,0
7B,imaged,comp(cut+delivery),166,recombine_cut_and_deliver,0
7B,imaged,comp(cut+delivery),167,recombine_cut_and_deliver,0
7B,imaged,comp(cut+delivery),168,recombine_cut_and_deliver,0
7B,imaged,comp(cut+delivery),169,recombine_cut_and_deliver,0
7B,imaged,comp(cut+delivery),170,recombine_cut_and_deliver,1
7B,imaged,comp(cut+delivery),171,recombine_cut_and_deliver,1
7B,imaged,comp(cut+delivery),172,recombine_cut_and_deliver,0
7B,imaged,comp(cut+delivery),173,recombine_cut_and_deliver,0
7B,imaged,comp(cut+delivery),174,recombine_cut_and_deliver,0
7B,imaged,comp(cut+delivery),175,recombine_cut_and_deliver,1
7B,imaged,comp(cut+delivery),176,recombine_cut_and_deliver,0
7B,imaged,comp(cut+delivery),177,recombine_cut_and_deliver,0
7B,imaged,comp(cut+delivery),178,recombine_cut_and_deliver,0
7B,imaged,comp(cut+delivery),179,recombine_cut_and_deliver,0
7B,imaged,comp(cut+delivery),180,recombine_cut_and_deliver,0
7B,imaged,comp(cut+delivery),181,recombine_cut_and_deliver,0
7B,imaged,comp(cut+delivery),182,recombine_cut_and_deliver,0
7B,imaged,comp(cut+delivery),183,recombine_cut_and_deliver,0
7B,imaged,comp(cut+delivery),184,recombine_cut_and_deliver,0
7B,imaged,comp(cut+delivery),185,recombine_cut_and_deliver,0
7B,imaged,comp(cut+delivery),186,recombine_cut_and_deliver,0
7B,imaged,comp(cut+delivery),187,recombine_cut_and_deliver,1
7B,imaged,comp(cut+delivery),188,recombine_cut_and_deliver,0
7B,imaged,comp(cut+delivery),189,recombine_cut_and_deliver,0
7B,imaged,comp(cut+delivery),190,recombine_cut_and_deliver,0
7B,imaged,comp(cut+delivery),191,recombine_cut_and_deliver,0
7B,imaged,comp(cut+delivery),192,recombine_cut_and_deliver,0
7B,imaged,comp(cut+delivery),193,recombine_cut_and_deliver,0
7B,imaged,comp(cut+delivery),194,recombine_cut_and_deliver,1
7B,imaged,comp(cut+delivery),195,recombine_cut_and_deliver,0
7B,imaged,comp(cut+delivery),196,recombine_cut_and_deliver,0
7B,imaged,comp(cut+delivery),197,recombine_cut_and_deliver,0
7B,imaged,comp(cut+delivery),198,recombine_cut_and_deliver,0
7B,imaged,comp(cut+delivery),199,recombine_cut_and_deliver,0
7B,imaged,comp(cut+delivery),200,recombine_cut_and_deliver,0
7B,imaged,comp(cut+delivery),201,recombine_cut_and_deliver,0
7B,imaged,comp(cut+delivery),202,recombine_cut_and_deliver,1
7B,imaged,comp(cut+delivery),203,recombine_cut_and_deliver,1
7B,imaged,comp(cut+delivery),204,recombine_cut_and_deliver,0
7B,imaged,comp(cut+delivery),205,recombine_cut_and_deliver,0
7B,imaged,comp(cut+delivery),206,recombine_cut_and_deliver,0
7B,imaged,comp(cut+delivery),207,recombine_cut_and_deliver,0
7B,imaged,comp(cut+delivery),208,recombine_cut_and_deliver,1
7B,imaged,comp(cut+delivery),209,recombine_cut_and_deliver,0
7B,imaged,comp(cut+delivery),210,recombine_cut_and_deliver,0
7B,imaged,comp(cut+delivery),211,recombine_cut_and_deliver,0
7B,imaged,comp(cut+delivery),212,recombine_cut_and_deliver,0
7B,imaged,comp(cut+delivery),213,recombine_cut_and_deliver,0
7B,imaged,comp(cut+delivery),214,recombine_cut_and_deliver,0
7B,imaged,comp(cut+delivery),215,recombine_cut_and_deliver,1
7B,imaged,comp(cut+delivery),216,recombine_cut_and_deliver,0
7B,imaged,comp(cut+delivery),217,recombine_cut_and_deliver,0
7B,imaged,comp(cut+delivery),218,recombine_cut_and_deliver,1
7B,imaged,comp(cut+delivery),219,recombine_cut_and_deliver,0
7B,imaged,comp(cut+delivery),220,recombine_cut_and_deliver,0
7B,imaged,comp(cut+delivery),221,recombine_cut_and_deliver,0
7B,imaged,comp(cut+delivery),222,recombine_cut_and_deliver,0
7B,imaged,comp(cut+delivery),223,recombine_cut_and_deliver,0
7B,imaged,comp(cut+delivery),224,recombine_cut_and_deliver,0
7B,imaged,comp(cut+delivery),225,recombine_cut_and_deliver,0
7B,imaged,comp(cut+delivery),226,recombine_cut_and_deliver,0
7B,imaged,comp(cut+delivery),227,recombine_cut_and_deliver,1
7B,imaged,comp(cut+delivery),228,recombine_cut_and_deliver,0
7B,imaged,comp(cut+delivery),229,recombine_cut_and_deliver,0
7B,imaged,comp(cut+delivery),230,recombine_cut_and_deliver,0
7B,imaged,comp(cut+delivery),231,recombine_cut_and_deliver,1
7B,imaged,comp(cut+delivery),232,recombine_cut_and_deliver,1
7B,imaged,comp(cut+delivery),233,recombine_cut_and_deliver,0
7B,imaged,comp(cut+delivery),234,recombine_cut_and_deliver,0
7B,imaged,comp(cut+delivery),235,recombine_cut_and_deliver,0
7B,imaged,comp(cut+delivery),236,recombine_cut_and_deliver,0
7B,imaged,comp(cut+delivery),237,recombine_cut_and_deliver,1
7B,imaged,comp(cut+delivery),238,recombine_cut_and_deliver,0
7B,imaged,comp(cut+delivery),239,recombine_cut_and_deliver,0
7B,imaged,comp(cut+delivery),240,recombine_cut_and_deliver,0
7B,imaged,comp(cut+delivery),241,recombine_cut_and_deliver,0
7B,imaged,comp(cut+delivery),242,recombine_cut_and_deliver,1
7B,imaged,comp(cut+delivery),243,recombine_cut_and_deliver,0
7B,imaged,comp(cut+delivery),244,recombine_cut_and_deliver,0
7B,imaged,comp(cut+delivery),245,recombine_cut_and_deliver,0
7B,imaged,comp(cut+delivery),246,recombine_cut_and_deliver,0
7B,imaged,comp(cut+delivery),247,recombine_cut_and_deliver,0
7B,imaged,comp(cut+delivery),248,recombine_cut_and_deliver,0
7B,imaged,comp(cut+delivery),249,recombine_cut_and_deliver,0
7B,imaged,comp(cut+delivery),250,recombine_cut_and_deliver,0
7B,imaged,comp(cut+delivery),251,recombine_cut_and_deliver,1
7B,imaged,comp(cut+delivery),252,recombine_cut_and_deliver,1
7B,imaged,comp(cut+delivery),253,recombine_cut_and_deliver,0
7B,imaged,comp(cut+delivery),254,recombine_cut_and_deliver,0
7B,imaged,comp(cut+delivery),255,recombine_cut_and_deliver,0
7B,imaged,comp(cut+delivery),256,recombine_cut_and_deliver,0
7B,imaged,comp(cut+delivery),257,recombine_cut_and_deliver,1
7B,imaged,comp(cut+delivery),258,recombine_cut_and_deliver,1
7B,imaged,comp(cut+delivery),259,recombine_cut_and_deliver,0
7B,imaged,comp(cut+delivery),260,recombine_cut_and_deliver,0
7B,imaged,comp(cut+delivery),261,recombine_cut_and_deliver,0
7B,imaged,comp(cut+delivery),262,recombine_cut_and_deliver,0
7B,imaged,comp(cut+delivery),263,recombine_cut_and_deliver,0
7B,imaged,comp(cut+delivery),264,recombine_cut_and_deliver,0
7B,imaged,comp(cut+delivery),265,recombine_cut_and_deliver,0
7B,imaged,comp(cut+delivery),266,recombine_cut_and_deliver,0
7B,imaged,comp(cut+delivery),267,recombine_cut_and_deliver,0
7B,imaged,comp(cut+delivery),268,recombine_cut_and_deliver,0
7B,imaged,comp(cut+delivery),269,recombine_cut_and_deliver,0
7B,imaged,comp(cut+delivery),270,recombine_cut_and_deliver,0
7B,imaged,comp(cut+delivery),271,recombine_cut_and_deliver,0
7B,imaged,comp(cut+delivery),272,recombine_cut_and_deliver,0
7B,imaged,comp(cut+delivery),273,recombine_cut_and_deliver,0
7B,imaged,comp(cut+delivery),274,recombine_cut_and_deliver,0
7B,imaged,comp(cut+delivery),275,recombine_cut_and_deliver,0
7B,imaged,comp(cut+delivery),276,recombine_cut_and_deliver,0
7B,imaged,comp(cut+delivery),277,recombine_cut_and_deliver,0
7B,imaged,comp(cut+delivery),278,recombine_cut_and_deliver,0
7B,imaged,comp(cut+delivery),279,recombine_cut_and_deliver,0
7B,imaged,comp(cut+delivery),280,recombine_cut_and_deliver,0
7B,imaged,comp(cut+delivery),281,recombine_cut_and_deliver,0
7B,imaged,comp(cut+delivery),282,recombine_cut_and_deliver,0
7B,imaged,comp(cut+delivery),283,recombine_cut_and_deliver,1
7B,imaged,comp(cut+delivery),284,recombine_cut_and_deliver,0
7B,imaged,comp(cut+delivery),285,recombine_cut_and_deliver,0
7B,imaged,comp(cut+delivery),286,recombine_cut_and_deliver,0
7B,imaged,comp(cut+delivery),287,recombine_cut_and_deliver,0
7B,imaged,comp(cut+delivery),288,recombine_cut_and_deliver,0
7B,imaged,comp(cut+delivery),289,recombine_cut_and_deliver,0
7B,imaged,comp(cut+delivery),290,recombine_cut_and_deliver,0
7B,imaged,comp(cut+delivery),291,recombine_cut_and_deliver,0
7B,imaged,comp(cut+delivery),292,recombine_cut_and_deliver,0
7B,imaged,comp(cut+delivery),293,recombine_cut_and_deliver,0
7B,imaged,comp(cut+delivery),294,recombine_cut_and_deliver,0
7B,imaged,comp(cut+delivery),295,recombine_cut_and_deliver,0
7B,imaged,comp(cut+delivery),296,recombine_cut_and_deliver,0
7B,imaged,comp(all),0,recombine_cut_and_deliver,0
7B,imaged,comp(all),1,recombine_cut_and_deliver,0
7B,imaged,comp(all),2,recombine_cut_and_deliver,0
7B,imaged,comp(all),3,recombine_cut_and_deliver,1
7B,imaged,comp(all),4,recombine_cut_and_deliver,0
7B,imaged,comp(all),5,recombine_cut_and_deliver,0
7B,imaged,comp(all),6,recombine_cut_and_deliver,1
7B,imaged,comp(all),7,recombine_cut_and_deliver,0
7B,imaged,comp(all),8,recombine_cut_and_deliver,0
7B,imaged,comp(all),9,recombine_cut_and_deliver,0
7B,imaged,comp(all),10,recombine_cut_and_deliver,1
7B,imaged,comp(all),11,recombine_cut_and_deliver,0
7B,imaged,comp(all),12,recombine_cut_and_deliver,0
7B,imaged,comp(all),13,recombine_cut_and_deliver,0
7B,imaged,comp(all),14,recombine_cut_and_deliver,0
7B,imaged,comp(all),15,recombine_cut_and_deliver,0
7B,imaged,comp(all),16,recombine_cut_and_deliver,0
7B,imaged,comp(all),17,recombine_cut_and_deliver,0
7B,imaged,comp(all),18,recombine_cut_and_deliver,0
7B,imaged,comp(all),19,recombine_cut_and_deliver,0
7B,imaged,comp(all),20,recombine_cut_and_deliver,0
7B,imaged,comp(all),21,recombine_cut_and_deliver,0
7B,imaged,comp(all),22,recombine_cut_and_deliver,0
7B,imaged,comp(all),23,recombine_cut_and_deliver,1
7B,imaged,comp(all),24,recombine_cut_and_deliver,0
7B,imaged,comp(all),25,recombine_cut_and_deliver,0
7B,imaged,comp(all),26,recombine_cut_and_deliver,0
7B,imaged,comp(all),27,recombine_cut_and_deliver,0
7B,imaged,comp(all),28,recombine_cut_and_deliver,0
7B,imaged,comp(all),29,recombine_cut_and_deliver,0
7B,imaged,comp(all),30,recombine_cut_and_deliver,0
7B,imaged,comp(all),31,recombine_cut_and_deliver,0
7B,imaged,comp(all),32,recombine_cut_and_deliver,0
7B,imaged,comp(all),33,recombine_cut_and_deliver,0
7B,imaged,comp(all),34,recombine_cut_and_deliver,0
7B,imaged,comp(all),35,recombine_cut_and_deliver,0
7B,imaged,comp(all),36,recombine_cut_and_deliver,0
7B,imaged,comp(all),37,recombine_cut_and_deliver,0
7B,imaged,comp(all),38,recombine_cut_and_deliver,0
7B,imaged,comp(all),39,recombine_cut_and_deliver,0
7B,imaged,comp(all),40,recombine_cut_and_deliver,0
7B,imaged,comp(all),41,recombine_cut_and_deliver,0
7B,imaged,comp(all),42,recombine_cut_and_deliver,1
7B,imaged,comp(all),43,recombine_cut_and_deliver,0
7B,imaged,comp(all),44,recombine_cut_and_deliver,0
7B,imaged,comp(all),45,recombine_cut_and_deliver,1
7B,imaged,comp(all),46,recombine_cut_and_deliver,0
7B,imaged,comp(all),47,recombine_cut_and_deliver,0
7B,imaged,comp(all),48,recombine_cut_and_deliver,0
7B,imaged,comp(all),49,recombine_cut_and_deliver,0
7B,imaged,comp(all),50,recombine_cut_and_deliver,1
7B,imaged,comp(all),51,recombine_cut_and_deliver,0
7B,imaged,comp(all),52,recombine_cut_and_deliver,0
7B,imaged,comp(all),53,recombine_cut_and_deliver,0
7B,imaged,comp(all),54,recombine_cut_and_deliver,0
7B,imaged,comp(all),55,recombine_cut_and_deliver,1
7B,imaged,comp(all),56,recombine_cut_and_deliver,0
7B,imaged,comp(all),57,recombine_cut_and_deliver,1
7B,imaged,comp(all),58,recombine_cut_and_deliver,0
7B,imaged,comp(all),59,recombine_cut_and_deliver,0
7B,imaged,comp(all),60,recombine_cut_and_deliver,0
7B,imaged,comp(all),61,recombine_cut_and_deliver,0
7B,imaged,comp(all),62,recombine_cut_and_deliver,0
7B,imaged,comp(all),63,recombine_cut_and_deliver,0
7B,imaged,comp(all),64,recombine_cut_and_deliver,0
7B,imaged,comp(all),65,recombine_cut_and_deliver,1
7B,imaged,comp(all),66,recombine_cut_and_deliver,0
7B,imaged,comp(all),67,recombine_cut_and_deliver,1
7B,imaged,comp(all),68,recombine_cut_and_deliver,0
7B,imaged,comp(all),69,recombine_cut_and_deliver,0
7B,imaged,comp(all),70,recombine_cut_and_deliver,0
7B,imaged,comp(all),71,recombine_cut_and_deliver,0
7B,imaged,comp(all),72,recombine_cut_and_deliver,0
7B,imaged,comp(all),73,recombine_cut_and_deliver,0
7B,imaged,comp(all),74,recombine_cut_and_deliver,0
7B,imaged,comp(all),75,recombine_cut_and_deliver,0
7B,imaged,comp(all),76,recombine_cut_and_deliver,1
7B,imaged,comp(all),77,recombine_cut_and_deliver,0
7B,imaged,comp(all),78,recombine_cut_and_deliver,0
7B,imaged,comp(all),79,recombine_cut_and_deliver,0
7B,imaged,comp(all),80,recombine_cut_and_deliver,0
7B,imaged,comp(all),81,recombine_cut_and_deliver,0
7B,imaged,comp(all),82,recombine_cut_and_deliver,0
7B,imaged,comp(all),83,recombine_cut_and_deliver,0
7B,imaged,comp(all),84,recombine_cut_and_deliver,0
7B,imaged,comp(all),85,recombine_cut_and_deliver,1
7B,imaged,comp(all),86,recombine_cut_and_deliver,0
7B,imaged,comp(all),87,recombine_cut_and_deliver,0
7B,imaged,comp(all),88,recombine_cut_and_deliver,0
7B,imaged,comp(all),89,recombine_cut_and_deliver,0
7B,imaged,comp(all),90,recombine_cut_and_deliver,0
7B,imaged,comp(all),91,recombine_cut_and_deliver,0
7B,imaged,comp(all),92,recombine_cut_and_deliver,0
7B,imaged,comp(all),93,recombine_cut_and_deliver,0
7B,imaged,comp(all),94,recombine_cut_and_deliver,0
7B,imaged,comp(all),95,recombine_cut_and_deliver,0
7B,imaged,comp(all),96,recombine_cut_and_deliver,1
7B,imaged,comp(all),97,recombine_cut_and_deliver,0
7B,imaged,comp(all),98,recombine_cut_and_deliver,0
7B,imaged,comp(all),99,recombine_cut_and_deliver,1
7B,imaged,comp(all),100,recombine_cut_and_deliver,0
7B,imaged,comp(all),101,recombine_cut_and_deliver,0
7B,imaged,comp(all),102,recombine_cut_and_deliver,0
7B,imaged,comp(all),103,recombine_cut_and_deliver,0
7B,imaged,comp(all),104,recombine_cut_and_deliver,0
7B,imaged,comp(all),105,recombine_cut_and_deliver,1
7B,imaged,comp(all),106,recombine_cut_and_deliver,0
7B,imaged,comp(all),107,recombine_cut_and_deliver,0
7B,imaged,comp(all),108,recombine_cut_and_deliver,0
7B,imaged,comp(all),109,recombine_cut_and_deliver,0
7B,imaged,comp(all),110,recombine_cut_and_deliver,0
7B,imaged,comp(all),111,recombine_cut_and_deliver,0
7B,imaged,comp(all),112,recombine_cut_and_deliver,0
7B,imaged,comp(all),113,recombine_cut_and_deliver,1
7B,imaged,comp(all),114,recombine_cut_and_deliver,0
7B,imaged,comp(all),115,recombine_cut_and_deliver,0
7B,imaged,comp(all),116,recombine_cut_and_deliver,0
7B,imaged,comp(all),117,recombine_cut_and_deliver,0
7B,imaged,comp(all),118,recombine_cut_and_deliver,0
7B,imaged,comp(all),119,recombine_cut_and_deliver,0
7B,imaged,comp(all),120,recombine_cut_and_deliver,0
7B,imaged,comp(all),121,recombine_cut_and_deliver,0
7B,imaged,comp(all),122,recombine_cut_and_deliver,0
7B,imaged,comp(all),123,recombine_cut_and_deliver,0
7B,imaged,comp(all),124,recombine_cut_and_deliver,0
7B,imaged,comp(all),125,recombine_cut_and_deliver,0
7B,imaged,comp(all),126,recombine_cut_and_deliver,1
7B,imaged,comp(all),127,recombine_cut_and_deliver,0
7B,imaged,comp(all),128,recombine_cut_and_deliver,0
7B,imaged,comp(all),129,recombine_cut_and_deliver,0
7B,imaged,comp(all),130,recombine_cut_and_deliver,0
7B,imaged,comp(all),131,recombine_cut_and_deliver,0
7B,imaged,comp(all),132,recombine_cut_and_deliver,0
7B,imaged,comp(all),133,recombine_cut_and_deliver,0
7B,imaged,comp(all),134,recombine_cut_and_deliver,0
7B,imaged,comp(all),135,recombine_cut_and_deliver,1
7B,imaged,comp(all),136,recombine_cut_and_deliver,0
7B,imaged,comp(all),137,recombine_cut_and_deliver,0
7B,imaged,comp(all),138,recombine_cut_and_deliver,0
7B,imaged,comp(all),139,recombine_cut_and_deliver,0
7B,imaged,comp(all),140,recombine_cut_and_deliver,0
7B,imaged,comp(all),141,recombine_cut_and_deliver,0
7B,imaged,comp(all),142,recombine_cut_and_deliver,0
7B,imaged,comp(all),143,recombine_cut_and_deliver,1
7B,imaged,comp(all),144,recombine_cut_and_deliver,0
7B,imaged,comp(all),145,recombine_cut_and_deliver,0
7B,imaged,comp(all),146,recombine_cut_and_deliver,0
7B,imaged,comp(all),147,recombine_cut_and_deliver,0
7B,imaged,comp(all),148,recombine_cut_and_deliver,0
7B,imaged,comp(all),149,recombine_cut_and_deliver,0
7B,imaged,comp(all),150,recombine_cut_and_deliver,0
7B,imaged,comp(all),151,recombine_cut_and_deliver,0
7B,imaged,comp(all),152,recombine_cut_and_deliver,1
7B,imaged,comp(all),153,recombine_cut_and_deliver,0
7B,imaged,comp(all),154,recombine_cut_and_deliver,0
7B,imaged,comp(all),155,recombine_cut_and_deliver,1
7B,imaged,comp(all),156,recombine_cut_and_deliver,0
7B,imaged,comp(all),157,recombine_cut_and_deliver,0
7B,imaged,comp(all),158,recombine_cut_and_deliver,0
7B,imaged,comp(all),159,recombine_cut_and_deliver,0
7B,imaged,comp(all),160,recombine_cut_and_deliver,1
7B,imaged,comp(all),161,recombine_cut_and_deliver,0
7B,imaged,comp(all),162,recombine_cut_and_deliver,0
7B,imaged,comp(all),163,recombine_cut_and_deliver,1
7B,imaged,comp(all),164,recombine_cut_and_deliver,1
7B,imaged,comp(all),165,recombine_cut_and_deliver,0
7B,imaged,comp(all),166,recombine_cut_and_deliver,0
7B,imaged,comp(all),167,recombine_cut_and_deliver,0
7B,imaged,comp(all),168,recombine_cut_and_deliver,0
7B,imaged,comp(all),169,recombine_cut_and_deliver,0
7B,imaged,comp(all),170,recombine_cut_and_deliver,1
7B,imaged,comp(all),171,recombine_cut_and_deliver,1
7B,imaged,comp(all),172,recombine_cut_and_deliver,0
7B,imaged,comp(all),173,recombine_cut_and_deliver,0
7B,imaged,comp(all),174,recombine_cut_and_deliver,0
7B,imaged,comp(all),175,recombine_cut_and_deliver,1
7B,imaged,comp(all),176,recombine_cut_and_deliver,0
7B,imaged,comp(all),177,recombine_cut_and_deliver,0
7B,imaged,comp(all),178,recombine_cut_and_deliver,0
7B,imaged,comp(all),179,recombine_cut_and_deliver,0
7B,imaged,comp(all),180,recombine_cut_and_deliver,0
7B,imaged,comp(all),181,recombine_cut_and_deliver,0
7B,imaged,comp(all),182,recombine_cut_and_deliver,0
7B,imaged,comp(all),183,recombine_cut_and_deliver,0
7B,imaged,comp(all),184,recombine_cut_and_deliver,0
7B,imaged,comp(all),185,recombine_cut_and_deliver,0
7B,imaged,comp(all),186,recombine_cut_and_deliver,0
7B,imaged,comp(all),187,recombine_cut_and_deliver,1
7B,imaged,comp(all),188,recombine_cut_and_deliver,0
7B,imaged,comp(all),189,recombine_cut_and_deliver,0
7B,imaged,comp(all),190,recombine_cut_and_deliver,0
7B,imaged,comp(all),191,recombine_cut_and_deliver,0
7B,imaged,comp(all),192,recombine_cut_and_deliver,0
7B,imaged,comp(all),193,recombine_cut_and_deliver,0
7B,imaged,comp(all),194,recombine_cut_and_deliver,1
7B,imaged,comp(all),195,recombine_cut_and_deliver,0
7B,imaged,comp(all),196,recombine_cut_and_deliver,0
7B,imaged,comp(all),197,recombine_cut_and_deliver,0
7B,imaged,comp(all),198,recombine_cut_and_deliver,0
7B,imaged,comp(all),199,recombine_cut_and_deliver,0
7B,imaged,comp(all),200,recombine_cut_and_deliver,0
7B,imaged,comp(all),201,recombine_cut_and_deliver,0
7B,imaged,comp(all),202,recombine_cut_and_deliver,1
7B,imaged,comp(all),203,recombine_cut_and_deliver,1
7B,imaged,comp(all),204,recombine_cut_and_deliver,0
7B,imaged,comp(all),205,recombine_cut_and_deliver,0
7B,imaged,comp(all),206,recombine_cut_and_deliver,0
7B,imaged,comp(all),207,recombine_cut_and_deliver,0
7B,imaged,comp(all),208,recombine_cut_and_deliver,1
7B,imaged,comp(all),209,recombine_cut_and_deliver,0
7B,imaged,comp(all),210,recombine_cut_and_deliver,0
7B,imaged,comp(all),211,recombine_cut_and_deliver,0
7B,imaged,comp(all),212,recombine_cut_and_deliver,0
7B,imaged,comp(all),213,recombine_cut_and_deliver,0
7B,imaged,comp(all),214,recombine_cut_and_deliver,0
7B,imaged,comp(all),215,recombine_cut_and_deliver,1
7B,imaged,comp(all),216,recombine_cut_and_deliver,0
7B,imaged,comp(all),217,recombine_cut_and_deliver,0
7B,imaged,comp(all),218,recombine_cut_and_deliver,1
7B,imaged,comp(all),219,recombine_cut_and_deliver,0
7B,imaged,comp(all),220,recombine_cut_and_deliver,0
7B,imaged,comp(all),221,recombine_cut_and_deliver,0
7B,imaged,comp(all),222,recombine_cut_and_deliver,0
7B,imaged,comp(all),223,recombine_cut_and_deliver,0
7B,imaged,comp(all),224,recombine_cut_and_deliver,0
7B,imaged,comp(all),225,recombine_cut_and_deliver,0
7B,imaged,comp(all),226,recombine_cut_and_deliver,0
7B,imaged,comp(all),227,recombine_cut_and_deliver,1
7B,imaged,comp(all),228,recombine_cut_and_deliver,0
7B,imaged,comp(all),229,recombine_cut_and_deliver,0
7B,imaged,comp(all),230,recombine_cut_and_deliver,0
7B,imaged,comp(all),231,recombine_cut_and_deliver,1
7B,imaged,comp(all),232,recombine_cut_and_deliver,1
7B,imaged,comp(all),233,recombine_cut_and_deliver,0
7B,imaged,comp(all),234,recombine_cut_and_deliver,0
7B,imaged,comp(all),235,recombine_cut_and_deliver,0
7B,imaged,comp(all),236,recombine_cut_and_deliver,0
7B,imaged,comp(all),237,recombine_cut_and_deliver,1
7B,imaged,comp(all),238,recombine_cut_and_deliver,0
7B,imaged,comp(all),239,recombine_cut_and_deliver,0
7B,imaged,comp(all),240,recombine_cut_and_deliver,0
7B,imaged,comp(all),241,recombine_cut_and_deliver,0
7B,imaged,comp(all),242,recombine_cut_and_deliver,1
7B,imaged,comp(all),243,recombine_cut_and_deliver,0
7B,imaged,comp(all),244,recombine_cut_and_deliver,0
7B,imaged,comp(all),245,recombine_cut_and_deliver,0
7B,imaged,comp(all),246,recombine_cut_and_deliver,0
7B,imaged,comp(all),247,recombine_cut_and_deliver,0
7B,imaged,comp(all),248,recombine_cut_and_deliver,0
7B,imaged,comp(all),249,recombine_cut_and_deliver,0
7B,imaged,comp(all),250,recombine_cut_and_deliver,0
7B,imaged,comp(all),251,recombine_cut_and_deliver,1
7B,imaged,comp(all),252,recombine_cut_and_deliver,1
7B,imaged,comp(all),253,recombine_cut_and_deliver,0
7B,imaged,comp(all),254,recombine_cut_and_deliver,0
7B,imaged,comp(all),255,recombine_cut_and_deliver,0
7B,imaged,comp(all),256,recombine_cut_and_deliver,0
7B,imaged,comp(all),257,recombine_cut_and_deliver,1
7B,imaged,comp(all),258,recombine_cut_and_deliver,1
7B,imaged,comp(all),259,recombine_cut_and_deliver,0
7B,imaged,comp(all),260,recombine_cut_and_deliver,0
7B,imaged,comp(all),261,recombine_cut_and_deliver,0
7B,imaged,comp(all),262,recombine_cut_and_deliver,0
7B,imaged,comp(all),263,recombine_cut_and_deliver,0
7B,imaged,comp(all),264,recombine_cut_and_deliver,0
7B,imaged,comp(all),265,recombine_cut_and_deliver,0
7B,imaged,comp(all),266,recombine_cut_and_deliver,0
7B,imaged,comp(all),267,recombine_cut_and_deliver,0
7B,imaged,comp(all),268,recombine_cut_and_deliver,0
7B,imaged,comp(all),269,recombine_cut_and_deliver,0
7B,imaged,comp(all),270,recombine_cut_and_deliver,0
7B,imaged,comp(all),271,recombine_cut_and_deliver,0
7B,imaged,comp(all),272,recombine_cut_and_deliver,0
7B,imaged,comp(all),273,recombine_cut_and_deliver,0
7B,imaged,comp(all),274,recombine_cut_and_deliver,0
7B,imaged,comp(all),275,recombine_cut_and_deliver,0
7B,imaged,comp(all),276,recombine_cut_and_deliver,0
7B,imaged,comp(all),277,recombine_cut_and_deliver,0
7B,imaged,comp(all),278,recombine_cut_and_deliver,0
7B,imaged,comp(all),279,recombine_cut_and_deliver,0
7B,imaged,comp(all),280,recombine_cut_and_deliver,0
7B,imaged,comp(all),281,recombine_cut_and_deliver,0
7B,imaged,comp(all),282,recombine_cut_and_deliver,0
7B,imaged,comp(all),283,recombine_cut_and_deliver,1
7B,imaged,comp(all),284,recombine_cut_and_deliver,0
7B,imaged,comp(all),285,recombine_cut_and_deliver,0
7B,imaged,comp(all),286,recombine_cut_and_deliver,0
7B,imaged,comp(all),287,recombine_cut_and_deliver,0
7B,imaged,comp(all),288,recombine_cut_and_deliver,0
7B,imaged,comp(all),289,recombine_cut_and_deliver,0
7B,imaged,comp(all),290,recombine_cut_and_deliver,0
7B,imaged,comp(all),291,recombine_cut_and_deliver,0
7B,imaged,comp(all),292,recombine_cut_and_deliver,0
7B,imaged,comp(all),293,recombine_cut_and_deliver,0
7B,imaged,comp(all),294,recombine_cut_and_deliver,0
7B,imaged,comp(all),295,recombine_cut_and_deliver,0
7B,imaged,comp(all),296,recombine_cut_and_deliver,0
